keyword,Title,Review_Count,Rating,Address,Country,City,State,Website,Phone,Open_Time,Page_URL,Google_id,Place_id,Additional_info,Latitude,Longitude,Category,Main_image,Image_1,Image_2,Image_3,Description,Price_Range,Current_Status,Plus_code_URL,Plus_code,Delivery,Open_Time_Monday,Open_Time_Tuesday,Open_Time_Wednesday,Open_Time_Thursday,Open_Time_Friday,Open_Time_Saturday,Open_Time_Sunday,Popular_times_Monday,Popular_times_Tuesday,Popular_times_Wednesday,Popular_times_Thursday,Popular_times_Friday,Popular_times_Saturday,Popular_times_Sunday
Coffee shop,Sip speciality coffee,36,4.8,"حي, ECJA7206, 3892 King Fahd Road, Al Sheraa, 7206, Al Khobar 34741, Saudi Arabia",SA,Al Khobar,None,null,null,"Monday Open 24 hours  2025-03-31
Tuesday Open 24 hours  2025-04-01
Wednesday Open 24 hours  2025-04-02
Thursday Open 24 hours  2025-04-03
Friday Open 24 hours  2025-04-04
Saturday Open 24 hours  2025-04-05
Sunday Open 24 hours  2025-04-06
 ",https://www.google.com/maps/place/Sip+speciality+coffee/data=!4m5!3m4!1s0x3e49db006dd9d429:0x892e0ccf8d902569!8m2!3d26.1573358!4d50.1615245?authuser=0&hl=en&rclk=1,0x3e49db006dd9d429:0x892e0ccf8d902569,ChIJKdTZbQDbST4RaSWQjc8MLok,,26.1573358,50.1615245,coffee shops,https://lh5.googleusercontent.com/p/AF1QipPmpbcW6N1EANwvkck0KhHfFmS91TllJrmFYJBn=w408-h725-k-no,https://lh5.googleusercontent.com/p/AF1QipM3K2RhbRnFLy0Qo_G7MdOel2-OcF3CzlnVlvse=w1024-h960-p-k-no,https://lh5.googleusercontent.com/p/AF1QipNSzFtWlq8TqGwBj6U27iTHWoHhjQPjdDenkqkL=w1024-h960-p-k-no,https://lh5.googleusercontent.com/p/AF1QipNSzFtWlq8TqGwBj6U27iTHWoHhjQPjdDenkqkL=w1024-h960-p-k-no,null,SAR 1–20,,https://plus.codes/5546+WJ Al Khobar Saudi Arabia,5546+WJ Al Khobar Saudi Arabia,Delivery,Monday Open 24 hours  2025-03-31,Tuesday Open 24 hours  2025-04-01,Wednesday Open 24 hours  2025-04-02,Thursday Open 24 hours  2025-04-03,Friday Open 24 hours  2025-04-04,Saturday Open 24 hours  2025-04-05,Sunday Open 24 hours  2025-04-06,50% busy at 4 AM;33% busy at 5 AM;11% busy at 6 AM;0% busy at 7 AM;11% busy at 8 AM;16% busy at 9 AM;38% busy at 10 AM;33% busy at 11 AM;50% busy at 12 PM;44% busy at 1 PM;66% busy at 2 PM;61% busy at 3 PM;72% busy at 4 PM;72% busy at 5 PM;77% busy at 6 PM;66% busy at 7 PM;55% busy at 8 PM;50% busy at 9 PM;38% busy at 10 PM;33% busy at 11 PM;22% busy at 12 AM;27% busy at 1 AM;33% busy at 2 AM;44% busy at 3 AM;,33% busy at 4 AM;22% busy at 5 AM;44% busy at 6 AM;38% busy at 7 AM;50% busy at 8 AM;33% busy at 9 AM;22% busy at 10 AM;11% busy at 11 AM;11% busy at 12 PM;22% busy at 1 PM;16% busy at 2 PM;22% busy at 3 PM;22% busy at 4 PM;22% busy at 5 PM;22% busy at 6 PM;5% busy at 7 PM;5% busy at 8 PM;27% busy at 9 PM;33% busy at 10 PM;33% busy at 11 PM;22% busy at 12 AM;38% busy at 1 AM;33% busy at 2 AM;33% busy at 3 AM;,94% busy at 4 AM;83% busy at 5 AM;55% busy at 6 AM;50% busy at 7 AM;50% busy at 8 AM;77% busy at 9 AM;66% busy at 10 AM;66% busy at 11 AM;38% busy at 12 PM;38% busy at 1 PM;22% busy at 2 PM;16% busy at 3 PM;22% busy at 4 PM;38% busy at 5 PM;27% busy at 6 PM;33% busy at 7 PM;22% busy at 8 PM;22% busy at 9 PM;38% busy at 10 PM;50% busy at 11 PM;55% busy at 12 AM;55% busy at 1 AM;50% busy at 2 AM;83% busy at 3 AM;,27% busy at 4 AM;50% busy at 5 AM;33% busy at 6 AM;11% busy at 7 AM;5% busy at 8 AM;11% busy at 9 AM;5% busy at 10 AM;11% busy at 11 AM;27% busy at 12 PM;38% busy at 1 PM;33% busy at 2 PM;50% busy at 3 PM;55% busy at 4 PM;44% busy at 5 PM;50% busy at 6 PM;38% busy at 7 PM;55% busy at 8 PM;55% busy at 9 PM;38% busy at 10 PM;27% busy at 11 PM;22% busy at 12 AM;38% busy at 1 AM;27% busy at 2 AM;22% busy at 3 AM;,72% busy at 4 AM;61% busy at 5 AM;61% busy at 6 AM;27% busy at 7 AM;33% busy at 8 AM;27% busy at 9 AM;38% busy at 10 AM;44% busy at 11 AM;55% busy at 12 PM;22% busy at 1 PM;16% busy at 2 PM;16% busy at 3 PM;16% busy at 4 PM;11% busy at 5 PM;27% busy at 6 PM;16% busy at 7 PM;16% busy at 8 PM;22% busy at 9 PM;38% busy at 10 PM;22% busy at 11 PM;27% busy at 12 AM;16% busy at 1 AM;27% busy at 2 AM;44% busy at 3 AM;,22% busy at 4 AM;11% busy at 5 AM;16% busy at 6 AM;44% busy at 7 AM;55% busy at 8 AM;72% busy at 9 AM;100% busy at 10 AM;88% busy at 11 AM;77% busy at 12 PM;55% busy at 1 PM;38% busy at 2 PM;22% busy at 3 PM;33% busy at 4 PM;27% busy at 5 PM;22% busy at 6 PM;22% busy at 7 PM;33% busy at 8 PM;44% busy at 9 PM;44% busy at 10 PM;33% busy at 11 PM;16% busy at 12 AM;11% busy at 1 AM;11% busy at 2 AM;22% busy at 3 AM;,27% busy at 4 AM;16% busy at 5 AM;16% busy at 6 AM;11% busy at 7 AM;22% busy at 8 AM;27% busy at 9 AM;33% busy at 10 AM;55% busy at 11 AM;38% busy at 12 PM;50% busy at 1 PM;27% busy at 2 PM;27% busy at 3 PM;16% busy at 4 PM;16% busy at 5 PM;16% busy at 6 PM;16% busy at 7 PM;27% busy at 8 PM;16% busy at 9 PM;22% busy at 10 PM;27% busy at 11 PM;16% busy at 12 AM;27% busy at 1 AM;27% busy at 2 AM;27% busy at 3 AM;
Coffee shop,Coffee Sip,11,5,"2494 Ghirnatah, Al Rakah Al Janubiyah, 6417, Al Khobar 34227, Saudi Arabia",SA,Al Khobar,None,null,null,"Monday 6:30 AM–6 PM  2025-03-31
Tuesday 6:30 AM–6 PM  2025-04-01
Wednesday 6:30 AM–6 PM  2025-04-02
Thursday 6:30 AM–6 PM  2025-04-03
Friday Closed  2025-04-04
Saturday 6:30 AM–6 PM  2025-04-05
Sunday 6:30 AM–6 PM  2025-04-06
 ",https://www.google.com/maps/place/Coffee+Sip/data=!4m5!3m4!1s0x3e49e900122594db:0x20b7d5ea151d2440!8m2!3d26.3402695!4d50.1989412?authuser=0&hl=en&rclk=1,0x3e49e900122594db:0x20b7d5ea151d2440,ChIJ25QlEgDpST4RQCQdFerVtyA,,26.3402695,50.1989412,coffee shops,https://lh5.googleusercontent.com/p/AF1QipMohg2izaapzKGA1n53Yf1I8Y1u4uiN92ZE6PjP=w408-h544-k-no,https://lh5.googleusercontent.com/p/AF1QipMohg2izaapzKGA1n53Yf1I8Y1u4uiN92ZE6PjP=w1024-h960-p-k-no,https://lh5.googleusercontent.com/p/AF1QipMTYJJg0UGIxbAt-TNOOoY1USIkyRv16WCTwjrA=w1024-h960-p-k-no,null,null,SAR 1–20,,https://plus.codes/85RX+4H Al Khobar Saudi Arabia,85RX+4H Al Khobar Saudi Arabia,Delivery,Monday 6:30 AM–6 PM  2025-03-31,Tuesday 6:30 AM–6 PM  2025-04-01,Wednesday 6:30 AM–6 PM  2025-04-02,Thursday 6:30 AM–6 PM  2025-04-03,Friday Closed  2025-04-04,Saturday 6:30 AM–6 PM  2025-04-05,Sunday 6:30 AM–6 PM  2025-04-06,,,,,,,
Coffee shop,marfa speciality coffee,141,4.9,"Prince Abdulmajeed St, Al Khobar Al Shamalia, Al Khobar 34429, Saudi Arabia",SA,Al Khobar,None,null,null,"Monday 7 AM–12 AM  2025-03-31
Tuesday 7 AM–12 AM  2025-04-01
Wednesday 7 AM–12 AM  2025-04-02
Thursday 7 AM–12 AM  2025-04-03
Friday 7 AM–12 AM  2025-04-04
Saturday 7 AM–12 AM  2025-04-05
Sunday 6 AM–12 PM 4 PM–12 AM 2025-04-06
 ",https://www.google.com/maps/place/marfa+speciality+coffee/data=!4m5!3m4!1s0x3e49e97e6876ea0d:0xcb0e757960d9e631!8m2!3d26.2802157!4d50.2163968?authuser=0&hl=en&rclk=1,0x3e49e97e6876ea0d:0xcb0e757960d9e631,ChIJDep2aH7pST4RMebZYHl1Dss,,26.2802157,50.2163968,coffee shops,https://lh5.googleusercontent.com/p/AF1QipNvaGnCtdevDugERlD-tWK_kYQLxdfuTJv1GNlS=w408-h725-k-no,https://lh5.googleusercontent.com/p/AF1QipNJ3HVRap5xh-46r8iWaH0p3Yd_04G3jSaznuf1=w1024-h960-p-k-no,https://lh5.googleusercontent.com/p/AF1QipPP23ZS-fnauaThNZfHHi-p-vr_6NBWMz75fLg9=w1024-h960-p-k-no,https://lh5.googleusercontent.com/p/AF1QipPp70feC42XhiNsSSbJybIq_DrQ791pZnMkjw10=w1024-h960-p-k-no,null,SAR 1–20,,https://plus.codes/76J8+3H Al Khobar Saudi Arabia,76J8+3H Al Khobar Saudi Arabia,Delivery,Monday 7 AM–12 AM  2025-03-31,Tuesday 7 AM–12 AM  2025-04-01,Wednesday 7 AM–12 AM  2025-04-02,Thursday 7 AM–12 AM  2025-04-03,Friday 7 AM–12 AM  2025-04-04,Saturday 7 AM–12 AM  2025-04-05,Sunday 6 AM–12 PM 4 PM–12 AM 2025-04-06,,,,,,,
Coffee shop,Hassad Coffee Roasters | محمصة حصاد,630,4.8,"8323 King Khalid Rd, Al Khobar Al Shamalia, Al Khobar 34425, Saudi Arabia",SA,Al Khobar,None,https://hasadcoffee.com/,+966 50 441 5467,"Monday 6 AM–11 PM  2025-03-31
Tuesday 6 AM–11 PM  2025-04-01
Wednesday 6 AM–11 PM  2025-04-02
Thursday 6 AM–12 AM  2025-04-03
Friday 12:30 PM–12 AM  2025-04-04
Saturday 6 AM–11 PM  2025-04-05
Sunday 6 AM–11 PM  2025-04-06
 ",https://www.google.com/maps/place/Hassad+Coffee+Roasters+|+محمصة+حصاد/data=!4m5!3m4!1s0x3e49e9e83116efb3:0x8721cf9fdd577a6c!8m2!3d26.299905!4d50.2171526?authuser=0&hl=en&rclk=1,0x3e49e9e83116efb3:0x8721cf9fdd577a6c,ChIJs-8WMejpST4RbHpX3Z_PIYc,,26.299905,50.2171526,coffee shops,https://lh5.googleusercontent.com/p/AF1QipPOA5asJY5lMKv7vyspT1WzAOGfTOHaxbVURFdr=w408-h306-k-no,https://lh5.googleusercontent.com/p/AF1QipPOA5asJY5lMKv7vyspT1WzAOGfTOHaxbVURFdr=w1024-h960-p-k-no,https://lh5.googleusercontent.com/p/AF1QipMU21Im3gZe9rhFmKx3aBJwXohFW7w42nv56le9=w1024-h960-p-k-no,https://lh5.googleusercontent.com/p/AF1QipM2dnxQCn2cisGSGhw7tLo_-EnhUctixOV2YYqz=w1024-h960-p-k-no,null,SAR 1–20,,https://plus.codes/76X8+XV Al Khobar Saudi Arabia,76X8+XV Al Khobar Saudi Arabia,Dine-in,Monday 6 AM–11 PM  2025-03-31,Tuesday 6 AM–11 PM  2025-04-01,Wednesday 6 AM–11 PM  2025-04-02,Thursday 6 AM–12 AM  2025-04-03,Friday 12:30 PM–12 AM  2025-04-04,Saturday 6 AM–11 PM  2025-04-05,Sunday 6 AM–11 PM  2025-04-06,0% busy at 5 AM;36% busy at 6 AM;57% busy at 7 AM;68% busy at 8 AM;60% busy at 9 AM;42% busy at 10 AM;36% busy at 11 AM;28% busy at 12 PM;31% busy at 1 PM;34% busy at 2 PM;55% busy at 3 PM;60% busy at 4 PM;81% busy at 5 PM;68% busy at 6 PM;65% busy at 7 PM;55% busy at 8 PM;52% busy at 9 PM;60% busy at 10 PM;,0% busy at 5 AM;31% busy at 6 AM;44% busy at 7 AM;55% busy at 8 AM;44% busy at 9 AM;36% busy at 10 AM;28% busy at 11 AM;34% busy at 12 PM;36% busy at 1 PM;42% busy at 2 PM;31% busy at 3 PM;34% busy at 4 PM;47% busy at 5 PM;57% busy at 6 PM;65% busy at 7 PM;65% busy at 8 PM;68% busy at 9 PM;55% busy at 10 PM;,0% busy at 5 AM;39% busy at 6 AM;42% busy at 7 AM;42% busy at 8 AM;34% busy at 9 AM;36% busy at 10 AM;44% busy at 11 AM;60% busy at 12 PM;60% busy at 1 PM;60% busy at 2 PM;57% busy at 3 PM;63% busy at 4 PM;84% busy at 5 PM;81% busy at 6 PM;81% busy at 7 PM;68% busy at 8 PM;71% busy at 9 PM;55% busy at 10 PM;,0% busy at 5 AM;18% busy at 6 AM;18% busy at 7 AM;28% busy at 8 AM;34% busy at 9 AM;52% busy at 10 AM;60% busy at 11 AM;78% busy at 12 PM;81% busy at 1 PM;60% busy at 2 PM;50% busy at 3 PM;55% busy at 4 PM;68% busy at 5 PM;73% busy at 6 PM;78% busy at 7 PM;89% busy at 8 PM;89% busy at 9 PM;78% busy at 10 PM;65% busy at 11 PM;,0% busy at 6 AM;0% busy at 7 AM;0% busy at 8 AM;0% busy at 9 AM;0% busy at 10 AM;0% busy at 11 AM;36% busy at 12 PM;57% busy at 1 PM;89% busy at 2 PM;100% busy at 3 PM;100% busy at 4 PM;94% busy at 5 PM;89% busy at 6 PM;89% busy at 7 PM;97% busy at 8 PM;89% busy at 9 PM;100% busy at 10 PM;84% busy at 11 PM;,0% busy at 5 AM;15% busy at 6 AM;26% busy at 7 AM;47% busy at 8 AM;57% busy at 9 AM;68% busy at 10 AM;63% busy at 11 AM;65% busy at 12 PM;52% busy at 1 PM;65% busy at 2 PM;81% busy at 3 PM;92% busy at 4 PM;92% busy at 5 PM;78% busy at 6 PM;60% busy at 7 PM;44% busy at 8 PM;36% busy at 9 PM;39% busy at 10 PM;,0% busy at 5 AM;15% busy at 6 AM;23% busy at 7 AM;23% busy at 8 AM;26% busy at 9 AM;31% busy at 10 AM;39% busy at 11 AM;39% busy at 12 PM;52% busy at 1 PM;47% busy at 2 PM;42% busy at 3 PM;36% busy at 4 PM;34% busy at 5 PM;44% busy at 6 PM;47% busy at 7 PM;50% busy at 8 PM;50% busy at 9 PM;50% busy at 10 PM;
Coffee shop,Bunah specialty coffee محمصة بنة,1009,4.5,"شارع الملك فهد, Al Hamra, Al Khobar 34628, Saudi Arabia",SA,Al Khobar,None,https://bunah.co/,+966 56 856 7287,"Monday 6:30 AM–1 AM  2025-03-31
Tuesday 6:30 AM–1 AM  2025-04-01
Wednesday 6:30 AM–1 AM  2025-04-02
Thursday 6:30 AM–1 AM  2025-04-03
Friday 6:30 AM–1 AM  2025-04-04
Saturday 4 PM–2 AM  2025-04-05
Sunday 8 AM–1 AM  2025-04-06
 ",https://www.google.com/maps/place/Bunah+specialty+coffee+محمصة+بنة/data=!4m5!3m4!1s0x3e49c32ca27bc4c7:0xc8bc5e2f3445c33f!8m2!3d26.2204861!4d50.2125983?authuser=0&hl=en&rclk=1,0x3e49c32ca27bc4c7:0xc8bc5e2f3445c33f,ChIJx8R7oizDST4RP8NFNC9evMg,,26.2204861,50.2125983,coffee shops,https://lh5.googleusercontent.com/p/AF1QipPKdSoxbKlIb3cVL7waVTywAgsuttmzEujp3_pz=w408-h544-k-no,https://lh5.googleusercontent.com/p/CIHM0ogKEICAgID5iqbPtQE=w1024-h960-p-k-no,https://lh5.googleusercontent.com/p/CIHM0ogKEICAgMCIhJnRbg=w1024-h960-p-k-no,https://lh5.googleusercontent.com/p/CIHM0ogKEICAgIDqrseqdQ=w1024-h960-p-k-no,null,SAR 20–40,,https://plus.codes/66C7+52 Al Khobar Saudi Arabia,66C7+52 Al Khobar Saudi Arabia,No-contact delivery,Monday 6:30 AM–1 AM  2025-03-31,Tuesday 6:30 AM–1 AM  2025-04-01,Wednesday 6:30 AM–1 AM  2025-04-02,Thursday 6:30 AM–1 AM  2025-04-03,Friday 6:30 AM–1 AM  2025-04-04,Saturday 4 PM–2 AM  2025-04-05,Sunday 8 AM–1 AM  2025-04-06,,,,,,,
Coffee shop,مقهى بساطة coffee Basata,169,4.8,"شارع خادم الحرمين - الظهران, Al Khobar 31952, Saudi Arabia",SA,Al Khobar,None,https://linktr.ee/basatacafe.sa,+966 51 060 1227,"Identifies as women-ownedMonday Open 24 hours  2025-03-31
Tuesday Open 24 hours  2025-04-01
Wednesday Open 24 hours  2025-04-02
Thursday Open 24 hours  2025-04-03
Friday Open 24 hours  2025-04-04
Saturday Open 24 hours  2025-04-05
Sunday Open 24 hours  2025-04-06
 ",https://www.google.com/maps/place/مقهى+بساطة+coffee+Basata/data=!4m5!3m4!1s0x3e49e99c0ed45945:0xb5c1f6f04d1b52e5!8m2!3d26.2847233!4d50.1960392?authuser=0&hl=en&rclk=1,0x3e49e99c0ed45945:0xb5c1f6f04d1b52e5,ChIJRVnUDpzpST4R5VIbTfD2wbU,Identifies as women-owned,26.2847233,50.1960392,coffee shops,https://lh5.googleusercontent.com/p/AF1QipMTMpdPqiKiAfegSseaN4pyDTUaeyucZ_S3ev6J=w408-h306-k-no,https://lh5.googleusercontent.com/p/AF1QipPW_NrpAG1Ucqg1XN9anFnnPSRKI4-HreTnf9VT=w1024-h960-p-k-no,https://lh5.googleusercontent.com/p/AF1QipMcKlfc-q4O9U5l0cpaaX8KQijk9obO-HzrpBl1=w1024-h960-p-k-no,https://lh5.googleusercontent.com/p/AF1QipOozzvuCmZeFabBV4DKepigoYr338itQ1TKHpFx=w1024-h960-p-k-no,null,None,,https://plus.codes/75MW+VC Al Khobar Saudi Arabia,75MW+VC Al Khobar Saudi Arabia,null,Monday Open 24 hours  2025-03-31,Tuesday Open 24 hours  2025-04-01,Wednesday Open 24 hours  2025-04-02,Thursday Open 24 hours  2025-04-03,Friday Open 24 hours  2025-04-04,Saturday Open 24 hours  2025-04-05,Sunday Open 24 hours  2025-04-06,36% busy at 4 AM;55% busy at 5 AM;68% busy at 6 AM;84% busy at 7 AM;63% busy at 8 AM;55% busy at 9 AM;47% busy at 10 AM;42% busy at 11 AM;42% busy at 12 PM;28% busy at 1 PM;18% busy at 2 PM;18% busy at 3 PM;34% busy at 4 PM;57% busy at 5 PM;71% busy at 6 PM;55% busy at 7 PM;50% busy at 8 PM;42% busy at 9 PM;42% busy at 10 PM;42% busy at 11 PM;50% busy at 12 AM;63% busy at 1 AM;55% busy at 2 AM;47% busy at 3 AM;,50% busy at 4 AM;47% busy at 5 AM;42% busy at 6 AM;52% busy at 7 AM;50% busy at 8 AM;44% busy at 9 AM;31% busy at 10 AM;23% busy at 11 AM;31% busy at 12 PM;42% busy at 1 PM;55% busy at 2 PM;60% busy at 3 PM;60% busy at 4 PM;78% busy at 5 PM;78% busy at 6 PM;68% busy at 7 PM;71% busy at 8 PM;68% busy at 9 PM;68% busy at 10 PM;52% busy at 11 PM;50% busy at 12 AM;50% busy at 1 AM;44% busy at 2 AM;55% busy at 3 AM;,34% busy at 4 AM;34% busy at 5 AM;34% busy at 6 AM;55% busy at 7 AM;47% busy at 8 AM;60% busy at 9 AM;60% busy at 10 AM;71% busy at 11 AM;71% busy at 12 PM;65% busy at 1 PM;60% busy at 2 PM;52% busy at 3 PM;50% busy at 4 PM;52% busy at 5 PM;44% busy at 6 PM;44% busy at 7 PM;47% busy at 8 PM;52% busy at 9 PM;68% busy at 10 PM;73% busy at 11 PM;92% busy at 12 AM;100% busy at 1 AM;84% busy at 2 AM;57% busy at 3 AM;,55% busy at 4 AM;28% busy at 5 AM;26% busy at 6 AM;47% busy at 7 AM;65% busy at 8 AM;65% busy at 9 AM;60% busy at 10 AM;55% busy at 11 AM;50% busy at 12 PM;50% busy at 1 PM;52% busy at 2 PM;57% busy at 3 PM;52% busy at 4 PM;47% busy at 5 PM;71% busy at 6 PM;81% busy at 7 PM;78% busy at 8 PM;65% busy at 9 PM;57% busy at 10 PM;52% busy at 11 PM;52% busy at 12 AM;55% busy at 1 AM;76% busy at 2 AM;84% busy at 3 AM;,36% busy at 4 AM;26% busy at 5 AM;31% busy at 6 AM;50% busy at 7 AM;60% busy at 8 AM;78% busy at 9 AM;78% busy at 10 AM;73% busy at 11 AM;52% busy at 12 PM;47% busy at 1 PM;44% busy at 2 PM;55% busy at 3 PM;60% busy at 4 PM;63% busy at 5 PM;63% busy at 6 PM;63% busy at 7 PM;57% busy at 8 PM;65% busy at 9 PM;50% busy at 10 PM;50% busy at 11 PM;57% busy at 12 AM;47% busy at 1 AM;50% busy at 2 AM;47% busy at 3 AM;,36% busy at 4 AM;39% busy at 5 AM;36% busy at 6 AM;50% busy at 7 AM;47% busy at 8 AM;36% busy at 9 AM;42% busy at 10 AM;50% busy at 11 AM;44% busy at 12 PM;34% busy at 1 PM;34% busy at 2 PM;42% busy at 3 PM;47% busy at 4 PM;47% busy at 5 PM;50% busy at 6 PM;47% busy at 7 PM;52% busy at 8 PM;60% busy at 9 PM;63% busy at 10 PM;76% busy at 11 PM;76% busy at 12 AM;81% busy at 1 AM;73% busy at 2 AM;68% busy at 3 AM;,57% busy at 4 AM;55% busy at 5 AM;63% busy at 6 AM;78% busy at 7 AM;76% busy at 8 AM;60% busy at 9 AM;39% busy at 10 AM;31% busy at 11 AM;50% busy at 12 PM;55% busy at 1 PM;60% busy at 2 PM;44% busy at 3 PM;52% busy at 4 PM;36% busy at 5 PM;42% busy at 6 PM;52% busy at 7 PM;63% busy at 8 PM;71% busy at 9 PM;71% busy at 10 PM;65% busy at 11 PM;76% busy at 12 AM;71% busy at 1 AM;78% busy at 2 AM;60% busy at 3 AM;
Coffee shop,SWAJ Coffee Roasters محمصة ومقهى سواج,700,4.4,"Musa Bin Nussier, Al Rakah Al Janubiyah, Al Khobar 34227, Saudi Arabia",SA,Al Khobar,None,https://instagram.com/swaj.sa?igshid=YmMyMTA2M2Y=,null,"Monday 6 AM–1 AM  2025-03-31
Tuesday 6 AM–1 AM  2025-04-01
Wednesday 6 AM–1 AM  2025-04-02
Thursday 6 AM–1 AM  2025-04-03
Friday 8 AM–1 AM  2025-04-04
Saturday 8 AM–1 AM  2025-04-05
Sunday 6 AM–1 AM  2025-04-06
 ",https://www.google.com/maps/place/SWAJ+Coffee+Roasters+محمصة+ومقهى+سواج/data=!4m5!3m4!1s0x3e49e978a7f9d689:0x9394015578b51101!8m2!3d26.3436776!4d50.2031617?authuser=0&hl=en&rclk=1,0x3e49e978a7f9d689:0x9394015578b51101,ChIJidb5p3jpST4RARG1eFUBlJM,,26.3436776,50.2031617,coffee shops,https://lh5.googleusercontent.com/p/AF1QipNvlcZ5Y--UDtl5JYpOZe2B-bmX1RmHkKiS50iG=w408-h544-k-no,https://lh5.googleusercontent.com/p/CIHM0ogKEICAgIC_soGzTA=w1024-h960-p-k-no,https://lh5.googleusercontent.com/p/CIHM0ogKEICAgMCwm5Ltfg=w1024-h960-p-k-no,https://lh5.googleusercontent.com/p/CIHM0ogKEICAgICLuLP5JA=w1024-h960-p-k-no,null,SAR 20–40,,https://plus.codes/86V3+F7 Al Khobar Saudi Arabia,86V3+F7 Al Khobar Saudi Arabia,No-contact delivery,Monday 6 AM–1 AM  2025-03-31,Tuesday 6 AM–1 AM  2025-04-01,Wednesday 6 AM–1 AM  2025-04-02,Thursday 6 AM–1 AM  2025-04-03,Friday 8 AM–1 AM  2025-04-04,Saturday 8 AM–1 AM  2025-04-05,Sunday 6 AM–1 AM  2025-04-06,0% busy at 5 AM;33% busy at 6 AM;35% busy at 7 AM;32% busy at 8 AM;45% busy at 9 AM;54% busy at 10 AM;57% busy at 11 AM;59% busy at 12 PM;55% busy at 1 PM;64% busy at 2 PM;66% busy at 3 PM;64% busy at 4 PM;61% busy at 5 PM;61% busy at 6 PM;59% busy at 7 PM;57% busy at 8 PM;59% busy at 9 PM;50% busy at 10 PM;42% busy at 11 PM;37% busy at 12 AM;,0% busy at 5 AM;25% busy at 6 AM;30% busy at 7 AM;40% busy at 8 AM;44% busy at 9 AM;47% busy at 10 AM;49% busy at 11 AM;54% busy at 12 PM;57% busy at 1 PM;64% busy at 2 PM;72% busy at 3 PM;69% busy at 4 PM;67% busy at 5 PM;61% busy at 6 PM;54% busy at 7 PM;55% busy at 8 PM;66% busy at 9 PM;61% busy at 10 PM;49% busy at 11 PM;38% busy at 12 AM;,0% busy at 5 AM;42% busy at 6 AM;50% busy at 7 AM;66% busy at 8 AM;74% busy at 9 AM;79% busy at 10 AM;67% busy at 11 AM;54% busy at 12 PM;45% busy at 1 PM;37% busy at 2 PM;35% busy at 3 PM;44% busy at 4 PM;45% busy at 5 PM;61% busy at 6 PM;62% busy at 7 PM;59% busy at 8 PM;47% busy at 9 PM;42% busy at 10 PM;35% busy at 11 PM;35% busy at 12 AM;,0% busy at 5 AM;23% busy at 6 AM;27% busy at 7 AM;40% busy at 8 AM;59% busy at 9 AM;62% busy at 10 AM;54% busy at 11 AM;50% busy at 12 PM;47% busy at 1 PM;54% busy at 2 PM;49% busy at 3 PM;44% busy at 4 PM;47% busy at 5 PM;52% busy at 6 PM;72% busy at 7 PM;74% busy at 8 PM;86% busy at 9 PM;93% busy at 10 PM;100% busy at 11 PM;86% busy at 12 AM;,0% busy at 6 AM;0% busy at 7 AM;28% busy at 8 AM;30% busy at 9 AM;38% busy at 10 AM;47% busy at 11 AM;52% busy at 12 PM;55% busy at 1 PM;55% busy at 2 PM;50% busy at 3 PM;47% busy at 4 PM;59% busy at 5 PM;57% busy at 6 PM;54% busy at 7 PM;52% busy at 8 PM;61% busy at 9 PM;54% busy at 10 PM;61% busy at 11 PM;54% busy at 12 AM;,0% busy at 6 AM;0% busy at 7 AM;27% busy at 8 AM;37% busy at 9 AM;57% busy at 10 AM;66% busy at 11 AM;62% busy at 12 PM;72% busy at 1 PM;59% busy at 2 PM;55% busy at 3 PM;49% busy at 4 PM;57% busy at 5 PM;67% busy at 6 PM;69% busy at 7 PM;67% busy at 8 PM;55% busy at 9 PM;57% busy at 10 PM;54% busy at 11 PM;54% busy at 12 AM;,0% busy at 5 AM;30% busy at 6 AM;32% busy at 7 AM;38% busy at 8 AM;49% busy at 9 AM;47% busy at 10 AM;42% busy at 11 AM;44% busy at 12 PM;42% busy at 1 PM;49% busy at 2 PM;47% busy at 3 PM;45% busy at 4 PM;44% busy at 5 PM;33% busy at 6 PM;40% busy at 7 PM;45% busy at 8 PM;52% busy at 9 PM;59% busy at 10 PM;49% busy at 11 PM;40% busy at 12 AM;
Coffee shop,Density Coffee Roasters | مقهى ومحمصة دينستي,967,4.5,"Prince Turkey Street, Alkurnaish, Al Khobar 34412, Saudi Arabia",SA,Al Khobar,None,http://densitycoffee.com/,+966 53 077 5666,"Monday 6 AM–3 AM  2025-03-31
Tuesday 6 AM–3 AM  2025-04-01
Wednesday 6 AM–3 AM  2025-04-02
Thursday 6 AM–5 AM  2025-04-03
Friday 12 PM–5 AM  2025-04-04
Saturday 7 AM–3 AM  2025-04-05
Sunday 6 AM–3 AM  2025-04-06
 ",https://www.google.com/maps/place/Density+Coffee+Roasters+|+مقهى+ومحمصة+دينستي/data=!4m5!3m4!1s0x3e49e9ca43ded575:0x72a33c8ac230ac3b!8m2!3d26.3197176!4d50.2227601?authuser=0&hl=en&rclk=1,0x3e49e9ca43ded575:0x72a33c8ac230ac3b,ChIJddXeQ8rpST4RO6wwwoo8o3I,,26.3197176,50.2227601,coffee shops,https://lh5.googleusercontent.com/p/AF1QipMCY0pqa2X143SZ_HtZ0odSQHp8Ap0wGLl4bl3c=w408-h306-k-no,https://lh5.googleusercontent.com/p/AF1QipN5gPyuA9Vc1jjRxYmnXWNXv-73CTUk3A_yNkbD=w1024-h960-p-k-no,https://lh5.googleusercontent.com/p/AF1QipM-Y86-li28LTQdUOTAG3e90XB4NFucZ7Nmy5ae=w1024-h960-p-k-no,https://lh5.googleusercontent.com/p/AF1QipNtudC5pIJwUfEiyR4QMnUuqkhjwj84_qL0A3jW=w1024-h960-p-k-no,null,SAR 20–40,,https://plus.codes/869F+V4 Al Khobar Saudi Arabia,869F+V4 Al Khobar Saudi Arabia,Curbside pickup,Monday 6 AM–3 AM  2025-03-31,Tuesday 6 AM–3 AM  2025-04-01,Wednesday 6 AM–3 AM  2025-04-02,Thursday 6 AM–5 AM  2025-04-03,Friday 12 PM–5 AM  2025-04-04,Saturday 7 AM–3 AM  2025-04-05,Sunday 6 AM–3 AM  2025-04-06,0% busy at 5 AM;38% busy at 6 AM;34% busy at 7 AM;43% busy at 8 AM;36% busy at 9 AM;43% busy at 10 AM;38% busy at 11 AM;40% busy at 12 PM;43% busy at 1 PM;40% busy at 2 PM;43% busy at 3 PM;45% busy at 4 PM;45% busy at 5 PM;59% busy at 6 PM;56% busy at 7 PM;63% busy at 8 PM;47% busy at 9 PM;50% busy at 10 PM;52% busy at 11 PM;56% busy at 12 AM;59% busy at 1 AM;50% busy at 2 AM;,0% busy at 5 AM;22% busy at 6 AM;29% busy at 7 AM;38% busy at 8 AM;52% busy at 9 AM;47% busy at 10 AM;52% busy at 11 AM;40% busy at 12 PM;40% busy at 1 PM;56% busy at 2 PM;59% busy at 3 PM;72% busy at 4 PM;65% busy at 5 PM;59% busy at 6 PM;56% busy at 7 PM;54% busy at 8 PM;59% busy at 9 PM;43% busy at 10 PM;47% busy at 11 PM;52% busy at 12 AM;52% busy at 1 AM;43% busy at 2 AM;,0% busy at 5 AM;31% busy at 6 AM;50% busy at 7 AM;56% busy at 8 AM;70% busy at 9 AM;72% busy at 10 AM;61% busy at 11 AM;61% busy at 12 PM;54% busy at 1 PM;52% busy at 2 PM;56% busy at 3 PM;50% busy at 4 PM;45% busy at 5 PM;38% busy at 6 PM;43% busy at 7 PM;43% busy at 8 PM;47% busy at 9 PM;47% busy at 10 PM;54% busy at 11 PM;40% busy at 12 AM;38% busy at 1 AM;50% busy at 2 AM;,0% busy at 5 AM;22% busy at 6 AM;36% busy at 7 AM;38% busy at 8 AM;47% busy at 9 AM;47% busy at 10 AM;47% busy at 11 AM;45% busy at 12 PM;36% busy at 1 PM;36% busy at 2 PM;43% busy at 3 PM;54% busy at 4 PM;63% busy at 5 PM;59% busy at 6 PM;68% busy at 7 PM;75% busy at 8 PM;84% busy at 9 PM;72% busy at 10 PM;72% busy at 11 PM;63% busy at 12 AM;54% busy at 1 AM;43% busy at 2 AM;34% busy at 3 AM;38% busy at 4 AM;,0% busy at 6 AM;0% busy at 7 AM;0% busy at 8 AM;0% busy at 9 AM;0% busy at 10 AM;0% busy at 11 AM;75% busy at 12 PM;90% busy at 1 PM;100% busy at 2 PM;95% busy at 3 PM;75% busy at 4 PM;70% busy at 5 PM;70% busy at 6 PM;70% busy at 7 PM;56% busy at 8 PM;52% busy at 9 PM;47% busy at 10 PM;61% busy at 11 PM;77% busy at 12 AM;81% busy at 1 AM;70% busy at 2 AM;52% busy at 3 AM;52% busy at 4 AM;,0% busy at 6 AM;43% busy at 7 AM;43% busy at 8 AM;50% busy at 9 AM;50% busy at 10 AM;50% busy at 11 AM;45% busy at 12 PM;54% busy at 1 PM;75% busy at 2 PM;77% busy at 3 PM;84% busy at 4 PM;50% busy at 5 PM;52% busy at 6 PM;34% busy at 7 PM;52% busy at 8 PM;43% busy at 9 PM;54% busy at 10 PM;54% busy at 11 PM;45% busy at 12 AM;45% busy at 1 AM;52% busy at 2 AM;,0% busy at 5 AM;45% busy at 6 AM;43% busy at 7 AM;54% busy at 8 AM;54% busy at 9 AM;56% busy at 10 AM;63% busy at 11 AM;61% busy at 12 PM;50% busy at 1 PM;52% busy at 2 PM;56% busy at 3 PM;45% busy at 4 PM;52% busy at 5 PM;34% busy at 6 PM;45% busy at 7 PM;56% busy at 8 PM;84% busy at 9 PM;70% busy at 10 PM;63% busy at 11 PM;47% busy at 12 AM;47% busy at 1 AM;63% busy at 2 AM;
Coffee shop,Student Tainment Coffee Shop,464,4.2,"Prince Mohammed Bin Fahd Branch Rd، street، Al Qusoor District, Dhahran Saudi Arabia",SA,Dhahran,None,https://studenttainment.tryorder.online/app,+966 55 386 6680,"Monday 6 AM–11 PM  2025-03-31
Tuesday 6 AM–11 PM  2025-04-01
Wednesday 6 AM–11 PM  2025-04-02
Thursday 6 AM–11 PM  2025-04-03
Friday 8 AM–11 PM  2025-04-04
Saturday 8 AM–11 PM  2025-04-05
Sunday 6 AM–11 PM  2025-04-06
 ",https://www.google.com/maps/place/Student+Tainment+Coffee+Shop/data=!4m5!3m4!1s0x3e49e577272d7e75:0x8dd755f004c94a1b!8m2!3d26.3431323!4d50.1481736?authuser=0&hl=en&rclk=1,0x3e49e577272d7e75:0x8dd755f004c94a1b,ChIJdX4tJ3flST4RG0rJBPBV140,,26.3431323,50.1481736,coffee shops,https://lh5.googleusercontent.com/p/AF1QipPpkntUXoIUrqDISLeWKqp9LaMhE6793v270Twc=w408-h544-k-no,https://lh5.googleusercontent.com/p/CIHM0ogKEICAgICe_rn2Aw=w1024-h960-p-k-no,https://lh5.googleusercontent.com/p/CIHM0ogKEICAgMCw-tHB7gE=w1024-h960-p-k-no,https://lh5.googleusercontent.com/p/CIHM0ogKEICAgIDqrsDOvwE=w1024-h960-p-k-no,null,SAR 20–40,,https://plus.codes/84VX+77 Dhahran Saudi Arabia,84VX+77 Dhahran Saudi Arabia,Curbside pickup,Monday 6 AM–11 PM  2025-03-31,Tuesday 6 AM–11 PM  2025-04-01,Wednesday 6 AM–11 PM  2025-04-02,Thursday 6 AM–11 PM  2025-04-03,Friday 8 AM–11 PM  2025-04-04,Saturday 8 AM–11 PM  2025-04-05,Sunday 6 AM–11 PM  2025-04-06,,,,,,,
Coffee shop,مقهى ومحمصة شرق (العليا) Shrq Coffee Roasters (Olaya),847,4.6,"Zaid ibn AlKatab, Olaya, Al Khobar 30987, Saudi Arabia",SA,Al Khobar,None,https://shrqcoffee.com/,+966 55 903 8404,"Monday Open 24 hours  2025-03-31
Tuesday Open 24 hours  2025-04-01
Wednesday Open 24 hours  2025-04-02
Thursday Open 24 hours  2025-04-03
Friday Open 24 hours  2025-04-04
Saturday Open 24 hours  2025-04-05
Sunday Open 24 hours  2025-04-06
 ",https://www.google.com/maps/place/مقهى+ومحمصة+شرق+(العليا)+Shrq+Coffee+Roasters+(Olaya)/data=!4m5!3m4!1s0x3e49e7c662d1d373:0xfa2c9479bec18f22!8m2!3d26.2988582!4d50.1791484?authuser=0&hl=en&rclk=1,0x3e49e7c662d1d373:0xfa2c9479bec18f22,ChIJc9PRYsbnST4RIo_BvnmULPo,,26.2988582,50.1791484,coffee shops,https://lh5.googleusercontent.com/p/AF1QipNAp2tC9SOWBIR54y0ZcE9GkWcN_SkwL6B3vNbF=w426-h240-k-no,https://lh5.googleusercontent.com/p/AF1QipNAp2tC9SOWBIR54y0ZcE9GkWcN_SkwL6B3vNbF=w1024-h960-p-k-no,https://lh5.googleusercontent.com/p/AF1QipMqT_J7yzFxSTHTJzqDKbNqzoKvUtBG7vCVBKNF=w1024-h960-p-k-no,https://lh5.googleusercontent.com/p/AF1QipMBgncVl7xgtzyMsNg0_MOPhV_gBqR1mwHPEWS5=w1024-h960-p-k-no,null,SAR 20–40,,https://plus.codes/75XH+GM Al Khobar Saudi Arabia,75XH+GM Al Khobar Saudi Arabia,No-contact delivery,Monday Open 24 hours  2025-03-31,Tuesday Open 24 hours  2025-04-01,Wednesday Open 24 hours  2025-04-02,Thursday Open 24 hours  2025-04-03,Friday Open 24 hours  2025-04-04,Saturday Open 24 hours  2025-04-05,Sunday Open 24 hours  2025-04-06,8% busy at 4 AM;11% busy at 5 AM;16% busy at 6 AM;24% busy at 7 AM;30% busy at 8 AM;34% busy at 9 AM;37% busy at 10 AM;37% busy at 11 AM;39% busy at 12 PM;39% busy at 1 PM;39% busy at 2 PM;39% busy at 3 PM;36% busy at 4 PM;36% busy at 5 PM;41% busy at 6 PM;46% busy at 7 PM;54% busy at 8 PM;60% busy at 9 PM;59% busy at 10 PM;54% busy at 11 PM;38% busy at 12 AM;27% busy at 1 AM;13% busy at 2 AM;9% busy at 3 AM;,15% busy at 4 AM;16% busy at 5 AM;19% busy at 6 AM;25% busy at 7 AM;30% busy at 8 AM;36% busy at 9 AM;40% busy at 10 AM;40% busy at 11 AM;33% busy at 12 PM;29% busy at 1 PM;27% busy at 2 PM;30% busy at 3 PM;31% busy at 4 PM;41% busy at 5 PM;49% busy at 6 PM;51% busy at 7 PM;57% busy at 8 PM;57% busy at 9 PM;55% busy at 10 PM;47% busy at 11 PM;35% busy at 12 AM;23% busy at 1 AM;16% busy at 2 AM;13% busy at 3 AM;,7% busy at 4 AM;9% busy at 5 AM;12% busy at 6 AM;20% busy at 7 AM;29% busy at 8 AM;37% busy at 9 AM;41% busy at 10 AM;41% busy at 11 AM;44% busy at 12 PM;42% busy at 1 PM;44% busy at 2 PM;45% busy at 3 PM;43% busy at 4 PM;44% busy at 5 PM;47% busy at 6 PM;58% busy at 7 PM;66% busy at 8 PM;74% busy at 9 PM;63% busy at 10 PM;51% busy at 11 PM;31% busy at 12 AM;22% busy at 1 AM;15% busy at 2 AM;11% busy at 3 AM;,19% busy at 4 AM;18% busy at 5 AM;17% busy at 6 AM;23% busy at 7 AM;27% busy at 8 AM;30% busy at 9 AM;34% busy at 10 AM;37% busy at 11 AM;34% busy at 12 PM;33% busy at 1 PM;34% busy at 2 PM;41% busy at 3 PM;42% busy at 4 PM;47% busy at 5 PM;49% busy at 6 PM;62% busy at 7 PM;73% busy at 8 PM;83% busy at 9 PM;83% busy at 10 PM;78% busy at 11 PM;54% busy at 12 AM;44% busy at 1 AM;31% busy at 2 AM;27% busy at 3 AM;,12% busy at 4 AM;8% busy at 5 AM;8% busy at 6 AM;11% busy at 7 AM;17% busy at 8 AM;27% busy at 9 AM;39% busy at 10 AM;54% busy at 11 AM;76% busy at 12 PM;79% busy at 1 PM;75% busy at 2 PM;64% busy at 3 PM;62% busy at 4 PM;63% busy at 5 PM;73% busy at 6 PM;88% busy at 7 PM;96% busy at 8 PM;100% busy at 9 PM;95% busy at 10 PM;81% busy at 11 PM;58% busy at 12 AM;41% busy at 1 AM;27% busy at 2 AM;21% busy at 3 AM;,9% busy at 4 AM;7% busy at 5 AM;11% busy at 6 AM;15% busy at 7 AM;23% busy at 8 AM;34% busy at 9 AM;39% busy at 10 AM;41% busy at 11 AM;42% busy at 12 PM;46% busy at 1 PM;49% busy at 2 PM;50% busy at 3 PM;53% busy at 4 PM;58% busy at 5 PM;64% busy at 6 PM;68% busy at 7 PM;65% busy at 8 PM;60% busy at 9 PM;51% busy at 10 PM;39% busy at 11 PM;25% busy at 12 AM;20% busy at 1 AM;14% busy at 2 AM;11% busy at 3 AM;,10% busy at 4 AM;13% busy at 5 AM;16% busy at 6 AM;20% busy at 7 AM;25% busy at 8 AM;34% busy at 9 AM;38% busy at 10 AM;39% busy at 11 AM;41% busy at 12 PM;41% busy at 1 PM;41% busy at 2 PM;35% busy at 3 PM;32% busy at 4 PM;33% busy at 5 PM;38% busy at 6 PM;47% busy at 7 PM;51% busy at 8 PM;54% busy at 9 PM;51% busy at 10 PM;46% busy at 11 PM;35% busy at 12 AM;25% busy at 1 AM;18% busy at 2 AM;13% busy at 3 AM;
Coffee shop,Sip Day speciality coffeee,450,4.7,"King Khalid Rd, Al-Thuqbah, Al Khobar 34623, Saudi Arabia",SA,Al Khobar,None,https://instagram.com/sipday10?igshid=dnBlcGd1M3ZjbnJv&utm_source=qr,null,"Monday Open 24 hours  2025-03-31
Tuesday Open 24 hours  2025-04-01
Wednesday Open 24 hours  2025-04-02
Thursday Open 24 hours  2025-04-03
Friday Open 24 hours  2025-04-04
Saturday Open 24 hours  2025-04-05
Sunday Open 24 hours  2025-04-06
 ",https://www.google.com/maps/place/Sip+Day+speciality+coffeee/data=!4m5!3m4!1s0x3e49e7c98e0adec3:0xae66d81270f92aae!8m2!3d26.2785936!4d50.1830973?authuser=0&hl=en&rclk=1,0x3e49e7c98e0adec3:0xae66d81270f92aae,ChIJw94KjsnnST4Rrir5cBLYZq4,,26.2785936,50.1830973,coffee shops,https://lh5.googleusercontent.com/p/AF1QipOZ-60GgoZOTub3zxGdt-RyyyCu4DsoK-GOkKB1=w408-h544-k-no,https://lh5.googleusercontent.com/p/AF1QipNcoIJga2wLB-Tic5Nx80q8cF0EdTvqzidJ4Qck=w1024-h960-p-k-no,https://lh5.googleusercontent.com/p/AF1QipOICtELb0vbHJ9gLrPfY_b82rhH9dJOgXit9Lpw=w1024-h960-p-k-no,https://lh5.googleusercontent.com/p/AF1QipOOWKUUAZdhHlj1bM-uHk9mD7kdaNp_3Ctc3ej0=w1024-h960-p-k-no,null,SAR 1–20,,https://plus.codes/75HM+C6 Al Khobar Saudi Arabia,75HM+C6 Al Khobar Saudi Arabia,No-contact delivery,Monday Open 24 hours  2025-03-31,Tuesday Open 24 hours  2025-04-01,Wednesday Open 24 hours  2025-04-02,Thursday Open 24 hours  2025-04-03,Friday Open 24 hours  2025-04-04,Saturday Open 24 hours  2025-04-05,Sunday Open 24 hours  2025-04-06,21% busy at 4 AM;32% busy at 5 AM;48% busy at 6 AM;57% busy at 7 AM;48% busy at 8 AM;37% busy at 9 AM;34% busy at 10 AM;36% busy at 11 AM;45% busy at 12 PM;58% busy at 1 PM;61% busy at 2 PM;69% busy at 3 PM;71% busy at 4 PM;74% busy at 5 PM;68% busy at 6 PM;70% busy at 7 PM;78% busy at 8 PM;78% busy at 9 PM;72% busy at 10 PM;71% busy at 11 PM;50% busy at 12 AM;32% busy at 1 AM;21% busy at 2 AM;16% busy at 3 AM;,10% busy at 4 AM;14% busy at 5 AM;23% busy at 6 AM;27% busy at 7 AM;25% busy at 8 AM;17% busy at 9 AM;20% busy at 10 AM;25% busy at 11 AM;32% busy at 12 PM;47% busy at 1 PM;48% busy at 2 PM;54% busy at 3 PM;52% busy at 4 PM;58% busy at 5 PM;68% busy at 6 PM;78% busy at 7 PM;85% busy at 8 PM;85% busy at 9 PM;78% busy at 10 PM;65% busy at 11 PM;41% busy at 12 AM;23% busy at 1 AM;14% busy at 2 AM;11% busy at 3 AM;,23% busy at 4 AM;30% busy at 5 AM;47% busy at 6 AM;44% busy at 7 AM;34% busy at 8 AM;25% busy at 9 AM;25% busy at 10 AM;29% busy at 11 AM;38% busy at 12 PM;47% busy at 1 PM;58% busy at 2 PM;62% busy at 3 PM;61% busy at 4 PM;61% busy at 5 PM;67% busy at 6 PM;69% busy at 7 PM;72% busy at 8 PM;72% busy at 9 PM;72% busy at 10 PM;60% busy at 11 PM;42% busy at 12 AM;28% busy at 1 AM;21% busy at 2 AM;16% busy at 3 AM;,17% busy at 4 AM;18% busy at 5 AM;24% busy at 6 AM;32% busy at 7 AM;32% busy at 8 AM;31% busy at 9 AM;34% busy at 10 AM;35% busy at 11 AM;41% busy at 12 PM;44% busy at 1 PM;50% busy at 2 PM;57% busy at 3 PM;58% busy at 4 PM;64% busy at 5 PM;63% busy at 6 PM;71% busy at 7 PM;83% busy at 8 PM;87% busy at 9 PM;91% busy at 10 PM;85% busy at 11 PM;54% busy at 12 AM;32% busy at 1 AM;18% busy at 2 AM;18% busy at 3 AM;,10% busy at 4 AM;9% busy at 5 AM;9% busy at 6 AM;9% busy at 7 AM;17% busy at 8 AM;23% busy at 9 AM;34% busy at 10 AM;38% busy at 11 AM;60% busy at 12 PM;71% busy at 1 PM;88% busy at 2 PM;87% busy at 3 PM;91% busy at 4 PM;84% busy at 5 PM;91% busy at 6 PM;90% busy at 7 PM;96% busy at 8 PM;98% busy at 9 PM;100% busy at 10 PM;89% busy at 11 PM;55% busy at 12 AM;35% busy at 1 AM;17% busy at 2 AM;15% busy at 3 AM;,20% busy at 4 AM;18% busy at 5 AM;16% busy at 6 AM;15% busy at 7 AM;18% busy at 8 AM;28% busy at 9 AM;36% busy at 10 AM;50% busy at 11 AM;62% busy at 12 PM;69% busy at 1 PM;71% busy at 2 PM;72% busy at 3 PM;69% busy at 4 PM;69% busy at 5 PM;71% busy at 6 PM;75% busy at 7 PM;75% busy at 8 PM;77% busy at 9 PM;67% busy at 10 PM;62% busy at 11 PM;47% busy at 12 AM;37% busy at 1 AM;30% busy at 2 AM;28% busy at 3 AM;,8% busy at 4 AM;18% busy at 5 AM;31% busy at 6 AM;42% busy at 7 AM;43% busy at 8 AM;38% busy at 9 AM;40% busy at 10 AM;37% busy at 11 AM;42% busy at 12 PM;49% busy at 1 PM;57% busy at 2 PM;71% busy at 3 PM;87% busy at 4 PM;92% busy at 5 PM;76% busy at 6 PM;58% busy at 7 PM;57% busy at 8 PM;54% busy at 9 PM;60% busy at 10 PM;52% busy at 11 PM;37% busy at 12 AM;22% busy at 1 AM;11% busy at 2 AM;7% busy at 3 AM;
Coffee shop,Onda Coffee,200,4.5,"34234, Prince Sultan Bin Fahd St, Qurtoba, Al Khobar 34234, Saudi Arabia",SA,Al Khobar,None,https://www.instagram.com/onda.coffee/,+966 56 992 7462,"Monday 6 AM–12 AM  2025-03-31
Tuesday 6 AM–12 AM  2025-04-01
Wednesday 6 AM–12 AM  2025-04-02
Thursday 6 AM–12 AM  2025-04-03
Friday 12 PM–12 AM  2025-04-04
Saturday 6 AM–12 AM  2025-04-05
Sunday 6 AM–12 AM  2025-04-06
 ",https://www.google.com/maps/place/Onda+Coffee/data=!4m5!3m4!1s0x3e49ef6b67fc1b61:0x4ebe81f9f455e4fe!8m2!3d26.3441469!4d50.1854352?authuser=0&hl=en&rclk=1,0x3e49ef6b67fc1b61:0x4ebe81f9f455e4fe,ChIJYRv8Z2vvST4R_uRV9PmBvk4,,26.3441469,50.1854352,coffee shops,https://lh5.googleusercontent.com/p/AF1QipOacTr-NJFNAMm4TfYXMOqbh-y-4yUVu_B0AVL7=w408-h544-k-no,https://lh5.googleusercontent.com/p/AF1QipNqB2rzqtD3Yj0uqv13mgPJ33oyALCUUtDIVIz3=w1024-h960-p-k-no,https://lh5.googleusercontent.com/p/AF1QipPWsWgHJqRzaEChdnsHRi8n5tDlvRy00mxXnU4w=w1024-h960-p-k-no,https://lh5.googleusercontent.com/p/AF1QipNdlNO2TSCGIINUzu5iu9YvExQMMAeiB-qx_ARa=w1024-h960-p-k-no,null,SAR 1–20,,https://plus.codes/85VP+M5 Al Khobar Saudi Arabia,85VP+M5 Al Khobar Saudi Arabia,Curbside pickup,Monday 6 AM–12 AM  2025-03-31,Tuesday 6 AM–12 AM  2025-04-01,Wednesday 6 AM–12 AM  2025-04-02,Thursday 6 AM–12 AM  2025-04-03,Friday 12 PM–12 AM  2025-04-04,Saturday 6 AM–12 AM  2025-04-05,Sunday 6 AM–12 AM  2025-04-06,0% busy at 5 AM;64% busy at 6 AM;88% busy at 7 AM;80% busy at 8 AM;72% busy at 9 AM;60% busy at 10 AM;48% busy at 11 AM;32% busy at 12 PM;24% busy at 1 PM;36% busy at 2 PM;64% busy at 3 PM;76% busy at 4 PM;68% busy at 5 PM;52% busy at 6 PM;48% busy at 7 PM;48% busy at 8 PM;56% busy at 9 PM;60% busy at 10 PM;64% busy at 11 PM;,0% busy at 5 AM;20% busy at 6 AM;28% busy at 7 AM;40% busy at 8 AM;56% busy at 9 AM;56% busy at 10 AM;48% busy at 11 AM;32% busy at 12 PM;36% busy at 1 PM;24% busy at 2 PM;28% busy at 3 PM;32% busy at 4 PM;40% busy at 5 PM;40% busy at 6 PM;32% busy at 7 PM;48% busy at 8 PM;68% busy at 9 PM;88% busy at 10 PM;88% busy at 11 PM;,0% busy at 5 AM;60% busy at 6 AM;52% busy at 7 AM;72% busy at 8 AM;76% busy at 9 AM;68% busy at 10 AM;52% busy at 11 AM;52% busy at 12 PM;44% busy at 1 PM;48% busy at 2 PM;56% busy at 3 PM;68% busy at 4 PM;68% busy at 5 PM;52% busy at 6 PM;32% busy at 7 PM;44% busy at 8 PM;56% busy at 9 PM;72% busy at 10 PM;48% busy at 11 PM;,0% busy at 5 AM;24% busy at 6 AM;40% busy at 7 AM;48% busy at 8 AM;60% busy at 9 AM;60% busy at 10 AM;64% busy at 11 AM;80% busy at 12 PM;72% busy at 1 PM;80% busy at 2 PM;80% busy at 3 PM;92% busy at 4 PM;72% busy at 5 PM;68% busy at 6 PM;76% busy at 7 PM;88% busy at 8 PM;100% busy at 9 PM;100% busy at 10 PM;88% busy at 11 PM;,0% busy at 6 AM;0% busy at 7 AM;0% busy at 8 AM;0% busy at 9 AM;0% busy at 10 AM;0% busy at 11 AM;44% busy at 12 PM;48% busy at 1 PM;68% busy at 2 PM;84% busy at 3 PM;80% busy at 4 PM;80% busy at 5 PM;68% busy at 6 PM;60% busy at 7 PM;60% busy at 8 PM;96% busy at 9 PM;96% busy at 10 PM;84% busy at 11 PM;,0% busy at 5 AM;52% busy at 6 AM;60% busy at 7 AM;68% busy at 8 AM;56% busy at 9 AM;48% busy at 10 AM;60% busy at 11 AM;68% busy at 12 PM;60% busy at 1 PM;44% busy at 2 PM;40% busy at 3 PM;48% busy at 4 PM;48% busy at 5 PM;44% busy at 6 PM;48% busy at 7 PM;64% busy at 8 PM;56% busy at 9 PM;56% busy at 10 PM;64% busy at 11 PM;,0% busy at 5 AM;48% busy at 6 AM;68% busy at 7 AM;72% busy at 8 AM;76% busy at 9 AM;48% busy at 10 AM;32% busy at 11 AM;20% busy at 12 PM;32% busy at 1 PM;40% busy at 2 PM;32% busy at 3 PM;32% busy at 4 PM;36% busy at 5 PM;40% busy at 6 PM;72% busy at 7 PM;80% busy at 8 PM;88% busy at 9 PM;96% busy at 10 PM;84% busy at 11 PM;
Coffee shop,Black and White cafe,114,4.5,"Prince Talal St, Al Khobar Al Shamalia, Al Khobar 31952, Saudi Arabia",SA,Al Khobar,None,https://instagram.com/so.specialty?igshid=NTc4MTIwNjQ2YQ==,+966 50 900 9364,"Monday 7 AM–12 AM  2025-03-31
Tuesday 7 AM–12 AM  2025-04-01
Wednesday 7 AM–12 AM  2025-04-02
Thursday 7 AM–12 AM  2025-04-03
Friday 12 PM–12 AM  2025-04-04
Saturday 7 AM–12 AM  2025-04-05
Sunday 7 AM–12 AM  2025-04-06
 ",https://www.google.com/maps/place/Black+and+White+cafe/data=!4m5!3m4!1s0x3e49e910c56dde29:0x3c660a9dd4c03b2b!8m2!3d26.2979924!4d50.2187902?authuser=0&hl=en&rclk=1,0x3e49e910c56dde29:0x3c660a9dd4c03b2b,ChIJKd5txRDpST4RKzvA1J0KZjw,,26.2979924,50.2187902,coffee shops,https://lh5.googleusercontent.com/p/AF1QipOh_duo99_BWJfd-YSjkNRUOPcJfz3TKqoqtQrV=w408-h725-k-no,https://lh5.googleusercontent.com/p/CIHM0ogKEICAgIC10Ze8oAE=w1024-h960-p-k-no,https://lh5.googleusercontent.com/p/CIHM0ogKEICAgIDW1vvt-wE=w1024-h960-p-k-no,https://lh5.googleusercontent.com/p/CIHM0ogKEICAgIDbqP24Mw=w1024-h960-p-k-no,null,SAR 1–20,,https://plus.codes/76X9+5G Al Khobar Saudi Arabia,76X9+5G Al Khobar Saudi Arabia,No-contact delivery,Monday 7 AM–12 AM  2025-03-31,Tuesday 7 AM–12 AM  2025-04-01,Wednesday 7 AM–12 AM  2025-04-02,Thursday 7 AM–12 AM  2025-04-03,Friday 12 PM–12 AM  2025-04-04,Saturday 7 AM–12 AM  2025-04-05,Sunday 7 AM–12 AM  2025-04-06,0% busy at 6 AM;55% busy at 7 AM;33% busy at 8 AM;22% busy at 9 AM;22% busy at 10 AM;27% busy at 11 AM;50% busy at 12 PM;61% busy at 1 PM;50% busy at 2 PM;55% busy at 3 PM;77% busy at 4 PM;66% busy at 5 PM;66% busy at 6 PM;61% busy at 7 PM;83% busy at 8 PM;88% busy at 9 PM;72% busy at 10 PM;61% busy at 11 PM;,0% busy at 6 AM;22% busy at 7 AM;38% busy at 8 AM;27% busy at 9 AM;16% busy at 10 AM;5% busy at 11 AM;16% busy at 12 PM;27% busy at 1 PM;33% busy at 2 PM;44% busy at 3 PM;50% busy at 4 PM;55% busy at 5 PM;50% busy at 6 PM;44% busy at 7 PM;61% busy at 8 PM;66% busy at 9 PM;66% busy at 10 PM;66% busy at 11 PM;,0% busy at 6 AM;66% busy at 7 AM;33% busy at 8 AM;22% busy at 9 AM;22% busy at 10 AM;16% busy at 11 AM;33% busy at 12 PM;27% busy at 1 PM;33% busy at 2 PM;44% busy at 3 PM;66% busy at 4 PM;88% busy at 5 PM;83% busy at 6 PM;66% busy at 7 PM;44% busy at 8 PM;72% busy at 9 PM;55% busy at 10 PM;66% busy at 11 PM;,0% busy at 6 AM;11% busy at 7 AM;22% busy at 8 AM;44% busy at 9 AM;83% busy at 10 AM;66% busy at 11 AM;50% busy at 12 PM;44% busy at 1 PM;61% busy at 2 PM;72% busy at 3 PM;100% busy at 4 PM;61% busy at 5 PM;55% busy at 6 PM;55% busy at 7 PM;77% busy at 8 PM;83% busy at 9 PM;72% busy at 10 PM;61% busy at 11 PM;,0% busy at 6 AM;0% busy at 7 AM;0% busy at 8 AM;0% busy at 9 AM;0% busy at 10 AM;0% busy at 11 AM;38% busy at 12 PM;38% busy at 1 PM;27% busy at 2 PM;38% busy at 3 PM;50% busy at 4 PM;55% busy at 5 PM;77% busy at 6 PM;83% busy at 7 PM;88% busy at 8 PM;61% busy at 9 PM;66% busy at 10 PM;38% busy at 11 PM;,0% busy at 6 AM;94% busy at 7 AM;66% busy at 8 AM;66% busy at 9 AM;38% busy at 10 AM;38% busy at 11 AM;77% busy at 12 PM;61% busy at 1 PM;77% busy at 2 PM;44% busy at 3 PM;44% busy at 4 PM;27% busy at 5 PM;27% busy at 6 PM;16% busy at 7 PM;27% busy at 8 PM;16% busy at 9 PM;27% busy at 10 PM;33% busy at 11 PM;,0% busy at 6 AM;38% busy at 7 AM;38% busy at 8 AM;50% busy at 9 AM;50% busy at 10 AM;72% busy at 11 AM;66% busy at 12 PM;50% busy at 1 PM;38% busy at 2 PM;38% busy at 3 PM;38% busy at 4 PM;33% busy at 5 PM;44% busy at 6 PM;66% busy at 7 PM;83% busy at 8 PM;88% busy at 9 PM;83% busy at 10 PM;83% busy at 11 PM;
Coffee shop,Swing coffee & Bakery,187,4.7,"7958 King Faisal Ibn Abd Al Aziz, Alkurnaish, EKDA3415، 3415, Al Khobar 34422, Saudi Arabia",SA,Al Khobar,None,https://www.instagram.com/swing.ksa,null,"Monday 7 AM–1 AM  2025-03-31
Tuesday 7 AM–1 AM  2025-04-01
Wednesday 7 AM–1 AM  2025-04-02
Thursday 7 AM–1 AM  2025-04-03
Friday 7 AM–1 AM  2025-04-04
Saturday 7 AM–1 AM  2025-04-05
Sunday 7 AM–1 AM  2025-04-06
 ",https://www.google.com/maps/place/Swing+coffee+&+Bakery/data=!4m5!3m4!1s0x3e49e90031a04a9f:0x278af5517ac7873f!8m2!3d26.3258042!4d50.2143853?authuser=0&hl=en&rclk=1,0x3e49e90031a04a9f:0x278af5517ac7873f,ChIJn0qgMQDpST4RP4fHelH1iic,,26.3258042,50.2143853,coffee shops,https://lh5.googleusercontent.com/p/AF1QipOZwL1WihUu4Ed9wtk_HWT6LqMV9GpaZkZTMDbM=w408-h544-k-no,https://lh5.googleusercontent.com/p/CIHM0ogKEICAgMCAxc6C6wE=w1024-h960-p-k-no,https://lh5.googleusercontent.com/p/CIHM0ogKEICAgMCIrI-JtwE=w1024-h960-p-k-no,https://lh5.googleusercontent.com/p/CIHM0ogKEICAgMCwspCrtQE=w1024-h960-p-k-no,null,None,,https://plus.codes/86G7+8Q Al Khobar Saudi Arabia,86G7+8Q Al Khobar Saudi Arabia,null,Monday 7 AM–1 AM  2025-03-31,Tuesday 7 AM–1 AM  2025-04-01,Wednesday 7 AM–1 AM  2025-04-02,Thursday 7 AM–1 AM  2025-04-03,Friday 7 AM–1 AM  2025-04-04,Saturday 7 AM–1 AM  2025-04-05,Sunday 7 AM–1 AM  2025-04-06,,,,,,,
Coffee shop,ATYPICAL,740,4.2,"6391 Prince Faisal Bin Fahd Road, Hizam Al Akhdar، Al Khobar 34436, Saudi Arabia",SA,Al Khobar,None,null,null,"Monday 6:30 AM–12 AM  2025-03-31
Tuesday 6:30 AM–12 AM  2025-04-01
Wednesday 6:30 AM–12 AM  2025-04-02
Thursday 6:30 AM–1 AM  2025-04-03
Friday 6:30 AM–1 AM  2025-04-04
Saturday 6:30 AM–12 AM  2025-04-05
Sunday 6:30 AM–12 AM  2025-04-06
 ",https://www.google.com/maps/place/ATYPICAL/data=!4m5!3m4!1s0x3e49e9629a1236cd:0xe3756f22f360dd26!8m2!3d26.3059554!4d50.1902352?authuser=0&hl=en&rclk=1,0x3e49e9629a1236cd:0xe3756f22f360dd26,ChIJzTYSmmLpST4RJt1g8yJvdeM,,26.3059554,50.1902352,coffee shops,https://lh5.googleusercontent.com/p/AF1QipPKL6h1ZSZdxuVd5E7a2QXdPV1bX77vqBBJFioW=w408-h725-k-no,https://lh5.googleusercontent.com/p/AF1QipPWJZFxCmAa4E7tlHG_AF4FXhIGU-KQdurE9f23=w1024-h960-p-k-no,https://lh5.googleusercontent.com/p/AF1QipPKL6h1ZSZdxuVd5E7a2QXdPV1bX77vqBBJFioW=w1024-h960-p-k-no,https://lh5.googleusercontent.com/p/AF1QipOLFNx3edOZt9z57wAvtVdZyYudBv-J68nqwiRL=w1024-h960-p-k-no,null,SAR 20–40,,https://plus.codes/854R+93 Al Khobar Saudi Arabia,854R+93 Al Khobar Saudi Arabia,Curbside pickup,Monday 6:30 AM–12 AM  2025-03-31,Tuesday 6:30 AM–12 AM  2025-04-01,Wednesday 6:30 AM–12 AM  2025-04-02,Thursday 6:30 AM–1 AM  2025-04-03,Friday 6:30 AM–1 AM  2025-04-04,Saturday 6:30 AM–12 AM  2025-04-05,Sunday 6:30 AM–12 AM  2025-04-06,0% busy at 5 AM;36% busy at 6 AM;33% busy at 7 AM;33% busy at 8 AM;33% busy at 9 AM;42% busy at 10 AM;45% busy at 11 AM;62% busy at 12 PM;61% busy at 1 PM;66% busy at 2 PM;62% busy at 3 PM;62% busy at 4 PM;71% busy at 5 PM;73% busy at 6 PM;75% busy at 7 PM;71% busy at 8 PM;59% busy at 9 PM;45% busy at 10 PM;31% busy at 11 PM;,0% busy at 5 AM;19% busy at 6 AM;24% busy at 7 AM;27% busy at 8 AM;36% busy at 9 AM;48% busy at 10 AM;65% busy at 11 AM;78% busy at 12 PM;83% busy at 1 PM;77% busy at 2 PM;80% busy at 3 PM;74% busy at 4 PM;72% busy at 5 PM;78% busy at 6 PM;75% busy at 7 PM;77% busy at 8 PM;65% busy at 9 PM;60% busy at 10 PM;45% busy at 11 PM;,0% busy at 5 AM;36% busy at 6 AM;33% busy at 7 AM;32% busy at 8 AM;33% busy at 9 AM;39% busy at 10 AM;51% busy at 11 AM;61% busy at 12 PM;61% busy at 1 PM;63% busy at 2 PM;71% busy at 3 PM;80% busy at 4 PM;92% busy at 5 PM;87% busy at 6 PM;75% busy at 7 PM;74% busy at 8 PM;67% busy at 9 PM;60% busy at 10 PM;49% busy at 11 PM;,0% busy at 5 AM;28% busy at 6 AM;38% busy at 7 AM;43% busy at 8 AM;49% busy at 9 AM;63% busy at 10 AM;66% busy at 11 AM;60% busy at 12 PM;57% busy at 1 PM;57% busy at 2 PM;56% busy at 3 PM;60% busy at 4 PM;60% busy at 5 PM;59% busy at 6 PM;67% busy at 7 PM;66% busy at 8 PM;74% busy at 9 PM;72% busy at 10 PM;71% busy at 11 PM;63% busy at 12 AM;,0% busy at 5 AM;10% busy at 6 AM;6% busy at 7 AM;6% busy at 8 AM;13% busy at 9 AM;30% busy at 10 AM;59% busy at 11 AM;61% busy at 12 PM;44% busy at 1 PM;34% busy at 2 PM;36% busy at 3 PM;51% busy at 4 PM;66% busy at 5 PM;85% busy at 6 PM;100% busy at 7 PM;85% busy at 8 PM;77% busy at 9 PM;69% busy at 10 PM;69% busy at 11 PM;62% busy at 12 AM;,0% busy at 5 AM;25% busy at 6 AM;25% busy at 7 AM;33% busy at 8 AM;43% busy at 9 AM;54% busy at 10 AM;50% busy at 11 AM;53% busy at 12 PM;49% busy at 1 PM;54% busy at 2 PM;49% busy at 3 PM;60% busy at 4 PM;63% busy at 5 PM;73% busy at 6 PM;59% busy at 7 PM;55% busy at 8 PM;56% busy at 9 PM;56% busy at 10 PM;54% busy at 11 PM;,0% busy at 5 AM;16% busy at 6 AM;31% busy at 7 AM;40% busy at 8 AM;45% busy at 9 AM;44% busy at 10 AM;45% busy at 11 AM;50% busy at 12 PM;45% busy at 1 PM;53% busy at 2 PM;55% busy at 3 PM;59% busy at 4 PM;55% busy at 5 PM;55% busy at 6 PM;51% busy at 7 PM;48% busy at 8 PM;43% busy at 9 PM;43% busy at 10 PM;46% busy at 11 PM;
Coffee shop,dr.CAFE COFFEE | Drive Thru,59,4.5,"3411 Ibn Abdul Aziz Rd, Al Tahliyah, 6410 King Fahd, Al Khobar 34716, Saudi Arabia",SA,Al Khobar,None,https://drcafe.com/en-sa,+966 58 026 0303,"Monday 6 AM–6 PM  2025-03-31
Tuesday 6 AM–6 PM  2025-04-01
Wednesday 6 AM–6 PM  2025-04-02
Thursday 6 AM–6 PM  2025-04-03
Friday 6 AM–6 PM  2025-04-04
Saturday 6 AM–6 PM  2025-04-05
Sunday 6 AM–6 PM  2025-04-06
 ",https://www.google.com/maps/place/dr.CAFE+COFFEE+|+Drive+Thru/data=!4m5!3m4!1s0x3e49c5bf8f18fd47:0xeb4d104242847adc!8m2!3d26.1791178!4d50.1968316?authuser=0&hl=en&rclk=1,0x3e49c5bf8f18fd47:0xeb4d104242847adc,ChIJR_0Yj7_FST4R3HqEQkIQTes,,26.1791178,50.1968316,coffee shops,https://lh5.googleusercontent.com/p/AF1QipMtKXnNCg7BV9qwgUGvoTAwwclAQW8whrg9vOf6=w408-h544-k-no,https://lh5.googleusercontent.com/p/AF1QipMGakEp0yEAKADOZJ-9u47RQ9lXPm2pXE2FIlS8=w1024-h960-p-k-no,https://lh5.googleusercontent.com/p/AF1QipOfhb1FOKOO_-0_f0ZsOPyhrvsokyFbSveCkupV=w1024-h960-p-k-no,https://lh5.googleusercontent.com/p/AF1QipM21_ZH23NgfWusu82Alo7ft7tQo3-AB2P78L5R=w1024-h960-p-k-no,null,SAR 20–40,,https://plus.codes/55HW+JP Al Khobar Saudi Arabia,55HW+JP Al Khobar Saudi Arabia,Delivery,Monday 6 AM–6 PM  2025-03-31,Tuesday 6 AM–6 PM  2025-04-01,Wednesday 6 AM–6 PM  2025-04-02,Thursday 6 AM–6 PM  2025-04-03,Friday 6 AM–6 PM  2025-04-04,Saturday 6 AM–6 PM  2025-04-05,Sunday 6 AM–6 PM  2025-04-06,0% busy at 5 AM;74% busy at 6 AM;72% busy at 7 AM;85% busy at 8 AM;53% busy at 9 AM;44% busy at 10 AM;42% busy at 11 AM;65% busy at 12 PM;74% busy at 1 PM;72% busy at 2 PM;59% busy at 3 PM;46% busy at 4 PM;42% busy at 5 PM;0% busy at 6 PM;0% busy at 7 PM;0% busy at 8 PM;0% busy at 9 PM;0% busy at 10 PM;,0% busy at 5 AM;48% busy at 6 AM;44% busy at 7 AM;61% busy at 8 AM;61% busy at 9 AM;55% busy at 10 AM;44% busy at 11 AM;46% busy at 12 PM;48% busy at 1 PM;40% busy at 2 PM;48% busy at 3 PM;42% busy at 4 PM;42% busy at 5 PM;0% busy at 6 PM;0% busy at 7 PM;0% busy at 8 PM;0% busy at 9 PM;0% busy at 10 PM;,0% busy at 5 AM;59% busy at 6 AM;65% busy at 7 AM;65% busy at 8 AM;65% busy at 9 AM;78% busy at 10 AM;82% busy at 11 AM;100% busy at 12 PM;85% busy at 1 PM;72% busy at 2 PM;55% busy at 3 PM;53% busy at 4 PM;68% busy at 5 PM;0% busy at 6 PM;0% busy at 7 PM;0% busy at 8 PM;0% busy at 9 PM;0% busy at 10 PM;,0% busy at 5 AM;55% busy at 6 AM;57% busy at 7 AM;65% busy at 8 AM;61% busy at 9 AM;72% busy at 10 AM;70% busy at 11 AM;95% busy at 12 PM;89% busy at 1 PM;74% busy at 2 PM;55% busy at 3 PM;44% busy at 4 PM;48% busy at 5 PM;0% busy at 6 PM;0% busy at 7 PM;0% busy at 8 PM;0% busy at 9 PM;0% busy at 10 PM;,0% busy at 5 AM;0% busy at 6 AM;0% busy at 7 AM;0% busy at 8 AM;0% busy at 9 AM;0% busy at 10 AM;0% busy at 11 AM;34% busy at 12 PM;42% busy at 1 PM;46% busy at 2 PM;61% busy at 3 PM;59% busy at 4 PM;65% busy at 5 PM;0% busy at 6 PM;0% busy at 7 PM;0% busy at 8 PM;0% busy at 9 PM;0% busy at 10 PM;,0% busy at 5 AM;0% busy at 6 AM;0% busy at 7 AM;0% busy at 8 AM;0% busy at 9 AM;0% busy at 10 AM;0% busy at 11 AM;57% busy at 12 PM;65% busy at 1 PM;44% busy at 2 PM;44% busy at 3 PM;42% busy at 4 PM;46% busy at 5 PM;0% busy at 6 PM;0% busy at 7 PM;0% busy at 8 PM;0% busy at 9 PM;0% busy at 10 PM;,0% busy at 5 AM;55% busy at 6 AM;74% busy at 7 AM;63% busy at 8 AM;68% busy at 9 AM;74% busy at 10 AM;91% busy at 11 AM;87% busy at 12 PM;63% busy at 1 PM;42% busy at 2 PM;36% busy at 3 PM;46% busy at 4 PM;59% busy at 5 PM;0% busy at 6 PM;0% busy at 7 PM;0% busy at 8 PM;0% busy at 9 PM;0% busy at 10 PM;
Coffee shop,مقهى سُلاف | Soulaf Coffee,1136,4.4,"Prince Sultan Road, Al Rakah Al Janubiyah, Al Khobar 34611, Saudi Arabia",SA,Al Khobar,None,https://instagram.com/soulaf_coffee?igshid=YmMyMTA2M2Y=,null,"Monday 5 AM–1 AM  2025-03-31
Tuesday 5 AM–1 AM  2025-04-01
Wednesday 5 AM–1 AM  2025-04-02
Thursday 5 AM–2 AM  2025-04-03
Friday 5 AM–2 AM  2025-04-04
Saturday 5 AM–1 AM  2025-04-05
Sunday 5 AM–1 AM  2025-04-06
 ",https://www.google.com/maps/place/مقهى+سُلاف+|+Soulaf+Coffee/data=!4m5!3m4!1s0x3e49e9bb90cf8c21:0x712101f8eaf8a5ed!8m2!3d26.337239!4d50.2015767?authuser=0&hl=en&rclk=1,0x3e49e9bb90cf8c21:0x712101f8eaf8a5ed,ChIJIYzPkLvpST4R7aX46vgBIXE,,26.337239,50.2015767,coffee shops,https://lh5.googleusercontent.com/p/AF1QipPJZTtfwyvNfK_a2A5jCsO3-ORgFVBqr_jPAwm1=w408-h746-k-no,https://lh5.googleusercontent.com/p/AF1QipOBm6LiJ-r47_BL87CaB_-QFKP-FggUFlf2H552=w1024-h960-p-k-no,https://lh5.googleusercontent.com/p/AF1QipNetlrbAT0WMt9Meu4oQaNYSLAW9PW_vHR4eQaF=w1024-h960-p-k-no,https://lh5.googleusercontent.com/p/AF1QipM2IEIFiYKmPJwpx_aqk42gv3H4notakkegTAGU=w1024-h960-p-k-no,null,SAR 20–40,,https://plus.codes/86P2+VJ Al Khobar Saudi Arabia,86P2+VJ Al Khobar Saudi Arabia,No-contact delivery,Monday 5 AM–1 AM  2025-03-31,Tuesday 5 AM–1 AM  2025-04-01,Wednesday 5 AM–1 AM  2025-04-02,Thursday 5 AM–2 AM  2025-04-03,Friday 5 AM–2 AM  2025-04-04,Saturday 5 AM–1 AM  2025-04-05,Sunday 5 AM–1 AM  2025-04-06,0% busy at 4 AM;9% busy at 5 AM;13% busy at 6 AM;22% busy at 7 AM;31% busy at 8 AM;34% busy at 9 AM;38% busy at 10 AM;36% busy at 11 AM;37% busy at 12 PM;32% busy at 1 PM;28% busy at 2 PM;28% busy at 3 PM;42% busy at 4 PM;51% busy at 5 PM;48% busy at 6 PM;47% busy at 7 PM;50% busy at 8 PM;52% busy at 9 PM;50% busy at 10 PM;41% busy at 11 PM;30% busy at 12 AM;,0% busy at 4 AM;9% busy at 5 AM;15% busy at 6 AM;25% busy at 7 AM;31% busy at 8 AM;30% busy at 9 AM;29% busy at 10 AM;34% busy at 11 AM;40% busy at 12 PM;43% busy at 1 PM;44% busy at 2 PM;50% busy at 3 PM;54% busy at 4 PM;50% busy at 5 PM;42% busy at 6 PM;42% busy at 7 PM;43% busy at 8 PM;42% busy at 9 PM;40% busy at 10 PM;34% busy at 11 PM;22% busy at 12 AM;,0% busy at 4 AM;2% busy at 5 AM;8% busy at 6 AM;21% busy at 7 AM;28% busy at 8 AM;35% busy at 9 AM;36% busy at 10 AM;35% busy at 11 AM;35% busy at 12 PM;44% busy at 1 PM;42% busy at 2 PM;49% busy at 3 PM;57% busy at 4 PM;65% busy at 5 PM;62% busy at 6 PM;50% busy at 7 PM;47% busy at 8 PM;49% busy at 9 PM;54% busy at 10 PM;49% busy at 11 PM;33% busy at 12 AM;,0% busy at 4 AM;12% busy at 5 AM;17% busy at 6 AM;28% busy at 7 AM;32% busy at 8 AM;40% busy at 9 AM;36% busy at 10 AM;40% busy at 11 AM;34% busy at 12 PM;35% busy at 1 PM;36% busy at 2 PM;38% busy at 3 PM;49% busy at 4 PM;51% busy at 5 PM;48% busy at 6 PM;51% busy at 7 PM;56% busy at 8 PM;73% busy at 9 PM;87% busy at 10 PM;100% busy at 11 PM;78% busy at 12 AM;54% busy at 1 AM;,0% busy at 4 AM;8% busy at 5 AM;11% busy at 6 AM;13% busy at 7 AM;15% busy at 8 AM;17% busy at 9 AM;17% busy at 10 AM;23% busy at 11 AM;25% busy at 12 PM;30% busy at 1 PM;32% busy at 2 PM;33% busy at 3 PM;36% busy at 4 PM;40% busy at 5 PM;46% busy at 6 PM;49% busy at 7 PM;52% busy at 8 PM;63% busy at 9 PM;63% busy at 10 PM;69% busy at 11 PM;54% busy at 12 AM;41% busy at 1 AM;,0% busy at 4 AM;8% busy at 5 AM;10% busy at 6 AM;16% busy at 7 AM;17% busy at 8 AM;20% busy at 9 AM;25% busy at 10 AM;32% busy at 11 AM;38% busy at 12 PM;38% busy at 1 PM;41% busy at 2 PM;42% busy at 3 PM;42% busy at 4 PM;44% busy at 5 PM;36% busy at 6 PM;30% busy at 7 PM;27% busy at 8 PM;25% busy at 9 PM;26% busy at 10 PM;23% busy at 11 PM;17% busy at 12 AM;,0% busy at 4 AM;7% busy at 5 AM;17% busy at 6 AM;23% busy at 7 AM;27% busy at 8 AM;30% busy at 9 AM;35% busy at 10 AM;40% busy at 11 AM;49% busy at 12 PM;53% busy at 1 PM;47% busy at 2 PM;40% busy at 3 PM;38% busy at 4 PM;38% busy at 5 PM;41% busy at 6 PM;43% busy at 7 PM;46% busy at 8 PM;49% busy at 9 PM;43% busy at 10 PM;38% busy at 11 PM;26% busy at 12 AM;
Coffee shop,N Eight Coffee ان ايت كوفي,22,4.7,"22nd St, Al Aqrabiyah, Al Khobar 31952, Saudi Arabia",SA,Al Khobar,None,https://www.instagram.com/n8coffeeaqrabiya/profilecard/?igsh=OWQ5ajQ4a3FuY2F5,+966 55 280 6016,"Monday 6 AM–12 AM  2025-03-31
Tuesday 6 AM–12 AM  2025-04-01
Wednesday 6 AM–12 AM  2025-04-02
Thursday 6 AM–12 AM  2025-04-03
Friday 3 PM–12 AM  2025-04-04
Saturday 6 AM–12 AM  2025-04-05
Sunday 6 AM–12 AM  2025-04-06
 ",https://www.google.com/maps/place/N+Eight+Coffee+ان+ايت+كوفي/data=!4m5!3m4!1s0x3e49e9945faee3f9:0x8b9db50a203cc911!8m2!3d26.2977364!4d50.1952952?authuser=0&hl=en&rclk=1,0x3e49e9945faee3f9:0x8b9db50a203cc911,ChIJ-eOuX5TpST4REck8IAq1nYs,,26.2977364,50.1952952,coffee shops,https://lh5.googleusercontent.com/p/AF1QipOayvCi6PUrk126QAqKgO-DhdW2j2EqY3mMOIer=w408-h544-k-no,https://lh5.googleusercontent.com/p/AF1QipOg8Z6XdRWSj7cLstVRCUPPVI1XYtA9oVJcOP1e=w1024-h960-p-k-no,https://lh5.googleusercontent.com/p/AF1QipP5anUhApfcdu3Rao4aNC1ltLHSoI4WC-9zY55r=w1024-h960-p-k-no,https://lh5.googleusercontent.com/p/AF1QipNRrp1eWY-2TC8kmY9k98Ma99gh3ZyqNzNCY7fc=w1024-h960-p-k-no,null,SAR 1–20,,https://plus.codes/75XW+34 Al Khobar Saudi Arabia,75XW+34 Al Khobar Saudi Arabia,Takeout,Monday 6 AM–12 AM  2025-03-31,Tuesday 6 AM–12 AM  2025-04-01,Wednesday 6 AM–12 AM  2025-04-02,Thursday 6 AM–12 AM  2025-04-03,Friday 3 PM–12 AM  2025-04-04,Saturday 6 AM–12 AM  2025-04-05,Sunday 6 AM–12 AM  2025-04-06,0% busy at 5 AM;35% busy at 6 AM;50% busy at 7 AM;35% busy at 8 AM;28% busy at 9 AM;21% busy at 10 AM;50% busy at 11 AM;42% busy at 12 PM;28% busy at 1 PM;42% busy at 2 PM;50% busy at 3 PM;78% busy at 4 PM;71% busy at 5 PM;64% busy at 6 PM;28% busy at 7 PM;21% busy at 8 PM;35% busy at 9 PM;28% busy at 10 PM;14% busy at 11 PM;,0% busy at 5 AM;50% busy at 6 AM;64% busy at 7 AM;42% busy at 8 AM;21% busy at 9 AM;21% busy at 10 AM;28% busy at 11 AM;57% busy at 12 PM;57% busy at 1 PM;64% busy at 2 PM;64% busy at 3 PM;85% busy at 4 PM;71% busy at 5 PM;92% busy at 6 PM;64% busy at 7 PM;50% busy at 8 PM;35% busy at 9 PM;21% busy at 10 PM;28% busy at 11 PM;,0% busy at 5 AM;28% busy at 6 AM;28% busy at 7 AM;57% busy at 8 AM;50% busy at 9 AM;35% busy at 10 AM;28% busy at 11 AM;35% busy at 12 PM;35% busy at 1 PM;35% busy at 2 PM;57% busy at 3 PM;71% busy at 4 PM;64% busy at 5 PM;50% busy at 6 PM;42% busy at 7 PM;42% busy at 8 PM;64% busy at 9 PM;71% busy at 10 PM;92% busy at 11 PM;,0% busy at 5 AM;57% busy at 6 AM;85% busy at 7 AM;64% busy at 8 AM;100% busy at 9 AM;71% busy at 10 AM;64% busy at 11 AM;57% busy at 12 PM;35% busy at 1 PM;28% busy at 2 PM;14% busy at 3 PM;28% busy at 4 PM;28% busy at 5 PM;42% busy at 6 PM;50% busy at 7 PM;50% busy at 8 PM;64% busy at 9 PM;28% busy at 10 PM;35% busy at 11 PM;,0% busy at 6 AM;0% busy at 7 AM;0% busy at 8 AM;0% busy at 9 AM;0% busy at 10 AM;0% busy at 11 AM;0% busy at 12 PM;0% busy at 1 PM;0% busy at 2 PM;35% busy at 3 PM;57% busy at 4 PM;35% busy at 5 PM;28% busy at 6 PM;14% busy at 7 PM;21% busy at 8 PM;35% busy at 9 PM;57% busy at 10 PM;57% busy at 11 PM;,0% busy at 5 AM;50% busy at 6 AM;42% busy at 7 AM;35% busy at 8 AM;35% busy at 9 AM;42% busy at 10 AM;42% busy at 11 AM;42% busy at 12 PM;42% busy at 1 PM;28% busy at 2 PM;35% busy at 3 PM;35% busy at 4 PM;42% busy at 5 PM;35% busy at 6 PM;64% busy at 7 PM;92% busy at 8 PM;71% busy at 9 PM;78% busy at 10 PM;64% busy at 11 PM;,0% busy at 5 AM;57% busy at 6 AM;64% busy at 7 AM;28% busy at 8 AM;7% busy at 9 AM;21% busy at 10 AM;42% busy at 11 AM;50% busy at 12 PM;50% busy at 1 PM;50% busy at 2 PM;42% busy at 3 PM;57% busy at 4 PM;57% busy at 5 PM;78% busy at 6 PM;50% busy at 7 PM;50% busy at 8 PM;35% busy at 9 PM;35% busy at 10 PM;57% busy at 11 PM;
Coffee shop,10 ° Coffee House,785,4.2,"Al Rawabi, Al Khobar 34421, Saudi Arabia",SA,Al Khobar,None,https://instagram.com/ten.degrees?igshid=jxrvv0e1om81,+966 50 347 0004,"Monday 6:30 AM–12 AM  2025-03-31
Tuesday 6:30 AM–12 AM  2025-04-01
Wednesday 6:30 AM–12 AM  2025-04-02
Thursday 6:30 AM–12 AM  2025-04-03
Friday 6:30 AM–12 AM  2025-04-04
Saturday 6:30 AM–12 AM  2025-04-05
Sunday 6:30 AM–12 AM  2025-04-06
 ",https://www.google.com/maps/place/10+°+Coffee+House/data=!4m5!3m4!1s0x3e49e941eb16d3e1:0xb01f7cb168813bf4!8m2!3d26.3303042!4d50.2127118?authuser=0&hl=en&rclk=1,0x3e49e941eb16d3e1:0xb01f7cb168813bf4,ChIJ4dMW60HpST4R9DuBaLF8H7A,,26.3303042,50.2127118,coffee shops,https://lh5.googleusercontent.com/p/AF1QipOfOxrz_HT1qT9LiikeA_PDiLw1bA_9HnCWEz_y=w408-h544-k-no,https://lh5.googleusercontent.com/p/AF1QipNqNtaN901FXsn6xvi6YGFPYuNwOM2rhT3-e5SY=w1024-h960-p-k-no,https://lh5.googleusercontent.com/p/AF1QipOaOMLDjYPt1agmbSqA2bY_0JGgLvw1k-YRUvSK=w1024-h960-p-k-no,https://lh5.googleusercontent.com/p/AF1QipNr0ClRi3cmfZPxt8wsdLBWIwEH5YyESjYGglwj=w1024-h960-p-k-no,null,SAR 20–40,,https://plus.codes/86J7+43 Al Khobar Saudi Arabia,86J7+43 Al Khobar Saudi Arabia,Delivery,Monday 6:30 AM–12 AM  2025-03-31,Tuesday 6:30 AM–12 AM  2025-04-01,Wednesday 6:30 AM–12 AM  2025-04-02,Thursday 6:30 AM–12 AM  2025-04-03,Friday 6:30 AM–12 AM  2025-04-04,Saturday 6:30 AM–12 AM  2025-04-05,Sunday 6:30 AM–12 AM  2025-04-06,0% busy at 5 AM;46% busy at 6 AM;42% busy at 7 AM;44% busy at 8 AM;57% busy at 9 AM;59% busy at 10 AM;66% busy at 11 AM;66% busy at 12 PM;55% busy at 1 PM;55% busy at 2 PM;51% busy at 3 PM;59% busy at 4 PM;64% busy at 5 PM;68% busy at 6 PM;68% busy at 7 PM;66% busy at 8 PM;59% busy at 9 PM;44% busy at 10 PM;42% busy at 11 PM;,0% busy at 5 AM;53% busy at 6 AM;51% busy at 7 AM;53% busy at 8 AM;48% busy at 9 AM;50% busy at 10 AM;59% busy at 11 AM;66% busy at 12 PM;75% busy at 1 PM;79% busy at 2 PM;83% busy at 3 PM;96% busy at 4 PM;83% busy at 5 PM;96% busy at 6 PM;98% busy at 7 PM;83% busy at 8 PM;50% busy at 9 PM;37% busy at 10 PM;31% busy at 11 PM;,0% busy at 5 AM;31% busy at 6 AM;37% busy at 7 AM;38% busy at 8 AM;46% busy at 9 AM;53% busy at 10 AM;51% busy at 11 AM;44% busy at 12 PM;40% busy at 1 PM;40% busy at 2 PM;50% busy at 3 PM;70% busy at 4 PM;83% busy at 5 PM;81% busy at 6 PM;74% busy at 7 PM;70% busy at 8 PM;79% busy at 9 PM;81% busy at 10 PM;72% busy at 11 PM;,0% busy at 5 AM;46% busy at 6 AM;40% busy at 7 AM;40% busy at 8 AM;48% busy at 9 AM;55% busy at 10 AM;44% busy at 11 AM;57% busy at 12 PM;62% busy at 1 PM;77% busy at 2 PM;88% busy at 3 PM;74% busy at 4 PM;72% busy at 5 PM;66% busy at 6 PM;61% busy at 7 PM;70% busy at 8 PM;81% busy at 9 PM;77% busy at 10 PM;75% busy at 11 PM;,0% busy at 5 AM;33% busy at 6 AM;31% busy at 7 AM;29% busy at 8 AM;46% busy at 9 AM;61% busy at 10 AM;74% busy at 11 AM;72% busy at 12 PM;64% busy at 1 PM;66% busy at 2 PM;83% busy at 3 PM;87% busy at 4 PM;88% busy at 5 PM;87% busy at 6 PM;90% busy at 7 PM;81% busy at 8 PM;79% busy at 9 PM;62% busy at 10 PM;53% busy at 11 PM;,0% busy at 5 AM;44% busy at 6 AM;42% busy at 7 AM;38% busy at 8 AM;44% busy at 9 AM;51% busy at 10 AM;61% busy at 11 AM;61% busy at 12 PM;62% busy at 1 PM;66% busy at 2 PM;77% busy at 3 PM;83% busy at 4 PM;100% busy at 5 PM;85% busy at 6 PM;81% busy at 7 PM;77% busy at 8 PM;74% busy at 9 PM;57% busy at 10 PM;35% busy at 11 PM;,0% busy at 5 AM;57% busy at 6 AM;42% busy at 7 AM;44% busy at 8 AM;48% busy at 9 AM;48% busy at 10 AM;38% busy at 11 AM;29% busy at 12 PM;35% busy at 1 PM;57% busy at 2 PM;61% busy at 3 PM;77% busy at 4 PM;81% busy at 5 PM;79% busy at 6 PM;70% busy at 7 PM;64% busy at 8 PM;77% busy at 9 PM;66% busy at 10 PM;68% busy at 11 PM;
Coffee shop,مقهى و محمصة وودز | WOODS Specialty Café & Roastery‎,3184,4.4,"Prince Turkey Street, Alkurnaish, Al Khobar 34413, Saudi Arabia",SA,Al Khobar,None,https://woodsksa.com/,+966 55 098 3699,"Monday Open 24 hours  2025-03-31
Tuesday Open 24 hours  2025-04-01
Wednesday Open 24 hours  2025-04-02
Thursday Open 24 hours  2025-04-03
Friday Open 24 hours  2025-04-04
Saturday Open 24 hours  2025-04-05
Sunday Open 24 hours  2025-04-06
 ",https://www.google.com/maps/place/مقهى+و+محمصة+وودز+|+WOODS+Specialty+Café+&+Roastery‎/data=!4m5!3m4!1s0x3e49e9219d424ec3:0x69fc224e10c93f68!8m2!3d26.3130416!4d50.2237048?authuser=0&hl=en&rclk=1,0x3e49e9219d424ec3:0x69fc224e10c93f68,ChIJw05CnSHpST4RaD_JEE4i_Gk,,26.3130416,50.2237048,coffee shops,https://lh5.googleusercontent.com/p/AF1QipO2setH5Aue6TXyyyTtHN22VStEJ1mMXGliMpr4=w408-h272-k-no,https://lh5.googleusercontent.com/p/AF1QipO2setH5Aue6TXyyyTtHN22VStEJ1mMXGliMpr4=w1024-h960-p-k-no,https://lh5.googleusercontent.com/p/AF1QipO1gXqb8I9FIXG6eHq812pIgeofTMrBrojiGP1B=w1024-h960-p-k-no,https://lh5.googleusercontent.com/p/AF1QipPze4tjGqnP07IUnHjcGfhapp3iDABmSkQZEFDt=w1024-h960-p-k-no,null,SAR 20–40,,https://plus.codes/867F+6F Al Khobar Saudi Arabia,867F+6F Al Khobar Saudi Arabia,No-contact delivery,Monday Open 24 hours  2025-03-31,Tuesday Open 24 hours  2025-04-01,Wednesday Open 24 hours  2025-04-02,Thursday Open 24 hours  2025-04-03,Friday Open 24 hours  2025-04-04,Saturday Open 24 hours  2025-04-05,Sunday Open 24 hours  2025-04-06,13% busy at 4 AM;9% busy at 5 AM;4% busy at 6 AM;6% busy at 7 AM;9% busy at 8 AM;16% busy at 9 AM;34% busy at 10 AM;48% busy at 11 AM;60% busy at 12 PM;54% busy at 1 PM;51% busy at 2 PM;40% busy at 3 PM;36% busy at 4 PM;31% busy at 5 PM;31% busy at 6 PM;37% busy at 7 PM;42% busy at 8 PM;43% busy at 9 PM;47% busy at 10 PM;44% busy at 11 PM;34% busy at 12 AM;22% busy at 1 AM;16% busy at 2 AM;16% busy at 3 AM;,8% busy at 4 AM;10% busy at 5 AM;14% busy at 6 AM;18% busy at 7 AM;17% busy at 8 AM;31% busy at 9 AM;34% busy at 10 AM;45% busy at 11 AM;43% busy at 12 PM;43% busy at 1 PM;42% busy at 2 PM;47% busy at 3 PM;48% busy at 4 PM;50% busy at 5 PM;47% busy at 6 PM;50% busy at 7 PM;54% busy at 8 PM;62% busy at 9 PM;64% busy at 10 PM;63% busy at 11 PM;42% busy at 12 AM;20% busy at 1 AM;11% busy at 2 AM;9% busy at 3 AM;,16% busy at 4 AM;14% busy at 5 AM;17% busy at 6 AM;19% busy at 7 AM;20% busy at 8 AM;22% busy at 9 AM;33% busy at 10 AM;45% busy at 11 AM;49% busy at 12 PM;49% busy at 1 PM;50% busy at 2 PM;49% busy at 3 PM;56% busy at 4 PM;62% busy at 5 PM;64% busy at 6 PM;64% busy at 7 PM;60% busy at 8 PM;58% busy at 9 PM;54% busy at 10 PM;50% busy at 11 PM;35% busy at 12 AM;29% busy at 1 AM;22% busy at 2 AM;19% busy at 3 AM;,18% busy at 4 AM;17% busy at 5 AM;20% busy at 6 AM;21% busy at 7 AM;21% busy at 8 AM;35% busy at 9 AM;57% busy at 10 AM;78% busy at 11 AM;86% busy at 12 PM;83% busy at 1 PM;78% busy at 2 PM;72% busy at 3 PM;68% busy at 4 PM;60% busy at 5 PM;66% busy at 6 PM;74% busy at 7 PM;86% busy at 8 PM;96% busy at 9 PM;100% busy at 10 PM;97% busy at 11 PM;77% busy at 12 AM;66% busy at 1 AM;52% busy at 2 AM;32% busy at 3 AM;,20% busy at 4 AM;17% busy at 5 AM;17% busy at 6 AM;22% busy at 7 AM;20% busy at 8 AM;22% busy at 9 AM;25% busy at 10 AM;33% busy at 11 AM;47% busy at 12 PM;56% busy at 1 PM;56% busy at 2 PM;58% busy at 3 PM;66% busy at 4 PM;74% busy at 5 PM;79% busy at 6 PM;79% busy at 7 PM;81% busy at 8 PM;82% busy at 9 PM;89% busy at 10 PM;90% busy at 11 PM;75% busy at 12 AM;51% busy at 1 AM;35% busy at 2 AM;27% busy at 3 AM;,13% busy at 4 AM;10% busy at 5 AM;9% busy at 6 AM;12% busy at 7 AM;22% busy at 8 AM;36% busy at 9 AM;45% busy at 10 AM;59% busy at 11 AM;65% busy at 12 PM;67% busy at 1 PM;66% busy at 2 PM;64% busy at 3 PM;70% busy at 4 PM;71% busy at 5 PM;75% busy at 6 PM;71% busy at 7 PM;65% busy at 8 PM;60% busy at 9 PM;54% busy at 10 PM;48% busy at 11 PM;34% busy at 12 AM;26% busy at 1 AM;19% busy at 2 AM;17% busy at 3 AM;,16% busy at 4 AM;14% busy at 5 AM;18% busy at 6 AM;22% busy at 7 AM;26% busy at 8 AM;37% busy at 9 AM;54% busy at 10 AM;63% busy at 11 AM;66% busy at 12 PM;58% busy at 1 PM;67% busy at 2 PM;65% busy at 3 PM;64% busy at 4 PM;64% busy at 5 PM;66% busy at 6 PM;66% busy at 7 PM;68% busy at 8 PM;54% busy at 9 PM;45% busy at 10 PM;39% busy at 11 PM;28% busy at 12 AM;18% busy at 1 AM;11% busy at 2 AM;12% busy at 3 AM;
Coffee shop,Knock Café | نوك,894,4.2,"6079 Prince Sultan Road, Al Rakah Al Janubiyah, Al Khobar 34227, Saudi Arabia",SA,Al Khobar,None,https://instagram.com/knock.saudi?igshid=NTc4MTIwNjQ2YQ==,null,"Monday 6 AM–12 AM  2025-03-31
Tuesday 6 AM–12 AM  2025-04-01
Wednesday 6 AM–12 AM  2025-04-02
Thursday 6 AM–1 AM  2025-04-03
Friday 12:30 PM–1 AM  2025-04-04
Saturday 6 AM–12 AM  2025-04-05
Sunday 6 AM–12 AM  2025-04-06
 ",https://www.google.com/maps/place/Knock+Café+|+نوك/data=!4m5!3m4!1s0x3e49e90eb2638435:0x5a7b8f17bf9a3ad4!8m2!3d26.3373419!4d50.2014588?authuser=0&hl=en&rclk=1,0x3e49e90eb2638435:0x5a7b8f17bf9a3ad4,ChIJNYRjsg7pST4R1DqavxePe1o,,26.3373419,50.2014588,coffee shops,https://lh5.googleusercontent.com/p/AF1QipNsk7xMxlNBd60Hq_a95CjhLs0lwAurFw_EmONQ=w408-h544-k-no,https://lh5.googleusercontent.com/p/AF1QipNv4wCV1XDCWOeQfVZ-n-SC3GtIC48MPRXnX8sw=w1024-h960-p-k-no,https://lh5.googleusercontent.com/p/CIHM0ogKEICAgMCIoMe_2AE=w1024-h960-p-k-no,https://lh5.googleusercontent.com/p/CIHM0ogKEICAgIDBl_L1_wE=w1024-h960-p-k-no,null,SAR 20–40,,https://plus.codes/86P2+WH Al Khobar Saudi Arabia,86P2+WH Al Khobar Saudi Arabia,No-contact delivery,Monday 6 AM–12 AM  2025-03-31,Tuesday 6 AM–12 AM  2025-04-01,Wednesday 6 AM–12 AM  2025-04-02,Thursday 6 AM–1 AM  2025-04-03,Friday 12:30 PM–1 AM  2025-04-04,Saturday 6 AM–12 AM  2025-04-05,Sunday 6 AM–12 AM  2025-04-06,0% busy at 5 AM;8% busy at 6 AM;9% busy at 7 AM;7% busy at 8 AM;9% busy at 9 AM;18% busy at 10 AM;31% busy at 11 AM;41% busy at 12 PM;46% busy at 1 PM;53% busy at 2 PM;58% busy at 3 PM;72% busy at 4 PM;76% busy at 5 PM;79% busy at 6 PM;76% busy at 7 PM;72% busy at 8 PM;72% busy at 9 PM;59% busy at 10 PM;45% busy at 11 PM;,0% busy at 5 AM;3% busy at 6 AM;3% busy at 7 AM;4% busy at 8 AM;11% busy at 9 AM;21% busy at 10 AM;33% busy at 11 AM;38% busy at 12 PM;43% busy at 1 PM;43% busy at 2 PM;48% busy at 3 PM;51% busy at 4 PM;61% busy at 5 PM;59% busy at 6 PM;65% busy at 7 PM;66% busy at 8 PM;66% busy at 9 PM;58% busy at 10 PM;41% busy at 11 PM;,0% busy at 5 AM;6% busy at 6 AM;10% busy at 7 AM;15% busy at 8 AM;24% busy at 9 AM;35% busy at 10 AM;39% busy at 11 AM;46% busy at 12 PM;49% busy at 1 PM;52% busy at 2 PM;61% busy at 3 PM;74% busy at 4 PM;89% busy at 5 PM;93% busy at 6 PM;86% busy at 7 PM;75% busy at 8 PM;68% busy at 9 PM;59% busy at 10 PM;39% busy at 11 PM;,0% busy at 5 AM;1% busy at 6 AM;2% busy at 7 AM;6% busy at 8 AM;12% busy at 9 AM;25% busy at 10 AM;39% busy at 11 AM;54% busy at 12 PM;65% busy at 1 PM;72% busy at 2 PM;66% busy at 3 PM;67% busy at 4 PM;70% busy at 5 PM;74% busy at 6 PM;73% busy at 7 PM;69% busy at 8 PM;65% busy at 9 PM;58% busy at 10 PM;44% busy at 11 PM;26% busy at 12 AM;,0% busy at 6 AM;0% busy at 7 AM;0% busy at 8 AM;0% busy at 9 AM;0% busy at 10 AM;0% busy at 11 AM;12% busy at 12 PM;27% busy at 1 PM;41% busy at 2 PM;60% busy at 3 PM;78% busy at 4 PM;88% busy at 5 PM;96% busy at 6 PM;95% busy at 7 PM;97% busy at 8 PM;100% busy at 9 PM;92% busy at 10 PM;72% busy at 11 PM;39% busy at 12 AM;,0% busy at 5 AM;8% busy at 6 AM;7% busy at 7 AM;7% busy at 8 AM;9% busy at 9 AM;13% busy at 10 AM;22% busy at 11 AM;29% busy at 12 PM;38% busy at 1 PM;51% busy at 2 PM;72% busy at 3 PM;77% busy at 4 PM;79% busy at 5 PM;83% busy at 6 PM;83% busy at 7 PM;69% busy at 8 PM;55% busy at 9 PM;35% busy at 10 PM;20% busy at 11 PM;,0% busy at 5 AM;10% busy at 6 AM;7% busy at 7 AM;11% busy at 8 AM;11% busy at 9 AM;17% busy at 10 AM;16% busy at 11 AM;22% busy at 12 PM;35% busy at 1 PM;45% busy at 2 PM;51% busy at 3 PM;64% busy at 4 PM;70% busy at 5 PM;75% busy at 6 PM;74% busy at 7 PM;74% busy at 8 PM;65% busy at 9 PM;47% busy at 10 PM;26% busy at 11 PM;
Coffee shop,Starbucks,508,4.5,"Drive Thru, King Saud St, Al Khobar Al Shamalia, 10th St, Al Khobar Saudi Arabia",SA,Al Khobar,None,https://locations.starbucks.sa/directory/al-khobar/10th-st-drive-thru?utm_source=GMB&utm_medium=Yext&y_source=1_MzAxNjgzNjUtNzE1LWxvY2F0aW9uLndlYnNpdGU%3D,+966 13 667 8600,"Monday 5 AM–2 AM  2025-03-31
Tuesday 5 AM–2 AM  2025-04-01
Wednesday 5 AM–2 AM  2025-04-02
Thursday 5 AM–2 AM  2025-04-03
Friday 5 AM–2 AM  2025-04-04
Saturday 5 AM–2 AM  2025-04-05
Sunday 5 AM–2 AM  2025-04-06
 ",https://www.google.com/maps/place/Starbucks/data=!4m5!3m4!1s0x3e49e963afb8693f:0x816e311db2070dc!8m2!3d26.2882713!4d50.2161335?authuser=0&hl=en&rclk=1,0x3e49e963afb8693f:0x816e311db2070dc,ChIJP2m4r2PpST4R3HAg2xHjFgg,,26.2882713,50.2161335,coffee shops,https://lh5.googleusercontent.com/p/AF1QipPHVo7NOD7AqvNAteTuRTULoh5hK9rgAOXOe8LM=w408-h544-k-no,https://lh5.googleusercontent.com/p/CIHM0ogKEICAgIDuvPWi3AE=w1024-h960-p-k-no,https://lh5.googleusercontent.com/p/CIHM0ogKEICAgMDw5-7dRw=w1024-h960-p-k-no,https://lh5.googleusercontent.com/p/CIHM0ogKEICAgIDZuOnFFw=w1024-h960-p-k-no,"Seattle-based coffeehouse chain known for its signature roasts, light bites and WiFi availability.",SAR 20–40,,https://plus.codes/76Q8+8F Al Khobar Saudi Arabia,76Q8+8F Al Khobar Saudi Arabia,Curbside pickup,Monday 5 AM–2 AM  2025-03-31,Tuesday 5 AM–2 AM  2025-04-01,Wednesday 5 AM–2 AM  2025-04-02,Thursday 5 AM–2 AM  2025-04-03,Friday 5 AM–2 AM  2025-04-04,Saturday 5 AM–2 AM  2025-04-05,Sunday 5 AM–2 AM  2025-04-06,0% busy at 4 AM;0% busy at 5 AM;0% busy at 6 AM;0% busy at 7 AM;0% busy at 8 AM;0% busy at 9 AM;0% busy at 10 AM;0% busy at 11 AM;0% busy at 12 PM;0% busy at 1 PM;0% busy at 2 PM;0% busy at 3 PM;0% busy at 4 PM;28% busy at 5 PM;35% busy at 6 PM;48% busy at 7 PM;56% busy at 8 PM;57% busy at 9 PM;47% busy at 10 PM;31% busy at 11 PM;18% busy at 12 AM;10% busy at 1 AM;,0% busy at 4 AM;0% busy at 5 AM;0% busy at 6 AM;0% busy at 7 AM;0% busy at 8 AM;0% busy at 9 AM;0% busy at 10 AM;0% busy at 11 AM;0% busy at 12 PM;0% busy at 1 PM;0% busy at 2 PM;0% busy at 3 PM;0% busy at 4 PM;26% busy at 5 PM;33% busy at 6 PM;43% busy at 7 PM;53% busy at 8 PM;56% busy at 9 PM;48% busy at 10 PM;34% busy at 11 PM;17% busy at 12 AM;7% busy at 1 AM;,0% busy at 4 AM;0% busy at 5 AM;0% busy at 6 AM;0% busy at 7 AM;0% busy at 8 AM;0% busy at 9 AM;0% busy at 10 AM;0% busy at 11 AM;0% busy at 12 PM;0% busy at 1 PM;0% busy at 2 PM;0% busy at 3 PM;0% busy at 4 PM;27% busy at 5 PM;35% busy at 6 PM;48% busy at 7 PM;59% busy at 8 PM;63% busy at 9 PM;57% busy at 10 PM;44% busy at 11 PM;23% busy at 12 AM;11% busy at 1 AM;,0% busy at 4 AM;0% busy at 5 AM;0% busy at 6 AM;0% busy at 7 AM;0% busy at 8 AM;0% busy at 9 AM;0% busy at 10 AM;0% busy at 11 AM;0% busy at 12 PM;0% busy at 1 PM;0% busy at 2 PM;0% busy at 3 PM;0% busy at 4 PM;25% busy at 5 PM;38% busy at 6 PM;55% busy at 7 PM;74% busy at 8 PM;94% busy at 9 PM;100% busy at 10 PM;85% busy at 11 PM;50% busy at 12 AM;23% busy at 1 AM;,0% busy at 4 AM;0% busy at 5 AM;0% busy at 6 AM;0% busy at 7 AM;0% busy at 8 AM;0% busy at 9 AM;0% busy at 10 AM;0% busy at 11 AM;0% busy at 12 PM;0% busy at 1 PM;0% busy at 2 PM;0% busy at 3 PM;0% busy at 4 PM;38% busy at 5 PM;45% busy at 6 PM;59% busy at 7 PM;78% busy at 8 PM;95% busy at 9 PM;96% busy at 10 PM;73% busy at 11 PM;43% busy at 12 AM;22% busy at 1 AM;,0% busy at 4 AM;0% busy at 5 AM;0% busy at 6 AM;0% busy at 7 AM;0% busy at 8 AM;0% busy at 9 AM;0% busy at 10 AM;0% busy at 11 AM;0% busy at 12 PM;0% busy at 1 PM;0% busy at 2 PM;0% busy at 3 PM;0% busy at 4 PM;43% busy at 5 PM;51% busy at 6 PM;59% busy at 7 PM;63% busy at 8 PM;64% busy at 9 PM;57% busy at 10 PM;45% busy at 11 PM;26% busy at 12 AM;15% busy at 1 AM;,0% busy at 4 AM;0% busy at 5 AM;0% busy at 6 AM;0% busy at 7 AM;0% busy at 8 AM;0% busy at 9 AM;0% busy at 10 AM;0% busy at 11 AM;0% busy at 12 PM;0% busy at 1 PM;0% busy at 2 PM;0% busy at 3 PM;0% busy at 4 PM;26% busy at 5 PM;37% busy at 6 PM;45% busy at 7 PM;56% busy at 8 PM;57% busy at 9 PM;50% busy at 10 PM;36% busy at 11 PM;20% busy at 12 AM;10% busy at 1 AM;
Coffee shop,كاريبو كوفي - Caribou Coffee,297,4.3,"8633+J5, Al Hizam Al Akhdar, Al Khobar 34433, Saudi Arabia",SA,Al Khobar,None,https://cariboucoffee.safr.com.sa/,+966 59 489 1292,"Monday 6 AM–12 AM  2025-03-31
Tuesday 6 AM–12 AM  2025-04-01
Wednesday 6 AM–12 AM  2025-04-02
Thursday 6 AM–12 AM  2025-04-03
Friday 6 AM–12 AM  2025-04-04
Saturday 6 AM–12 AM  2025-04-05
Sunday 6 AM–12 AM  2025-04-06
 ",https://www.google.com/maps/place/كاريبو+كوفي+-+Caribou+Coffee/data=!4m5!3m4!1s0x3e49e9101f843e4d:0x879f34e5a01243a!8m2!3d26.304025!4d50.202977?authuser=0&hl=en&rclk=1,0x3e49e9101f843e4d:0x879f34e5a01243a,ChIJTT6EHxDpST4ROiQBWk7zeQg,,26.304025,50.202977,coffee shops,https://lh5.googleusercontent.com/p/AF1QipNN8a7M36Ilm6g8eTKMX0Jl9zFrHU6O54XbYNtu=w426-h240-k-no,https://lh5.googleusercontent.com/p/CIHM0ogKEICAgIDOsKvCHQ=w1024-h960-p-k-no,https://lh5.googleusercontent.com/p/CIHM0ogKEICAgMCQmavb3AE=w1024-h960-p-k-no,https://lh5.googleusercontent.com/p/CIHM0ogKEICAgICCucCm0QE=w1024-h960-p-k-no,"Coffeehouse chain serving signature drinks, mochas & lattes, plus coffee & breakfast.",SAR 20–40,,null,null,Curbside pickup,Monday 6 AM–12 AM  2025-03-31,Tuesday 6 AM–12 AM  2025-04-01,Wednesday 6 AM–12 AM  2025-04-02,Thursday 6 AM–12 AM  2025-04-03,Friday 6 AM–12 AM  2025-04-04,Saturday 6 AM–12 AM  2025-04-05,Sunday 6 AM–12 AM  2025-04-06,,,,,,,
Coffee shop,Deira Coffee | قهوة الديرة,31,4.9,"حى, شارع الدارقطني، Al Amwaj, Al Khobar 34742, Saudi Arabia",SA,Al Khobar,None,https://www.instagram.com/deira.coffee/profilecard/?igsh=NXczd2Frc2twa3k=,+966 50 838 2202,"Monday Open 24 hours  2025-03-31
Tuesday Open 24 hours  2025-04-01
Wednesday Open 24 hours  2025-04-02
Thursday Open 24 hours  2025-04-03
Friday Open 24 hours  2025-04-04
Saturday Open 24 hours  2025-04-05
Sunday Open 24 hours  2025-04-06
 ",https://www.google.com/maps/place/Deira+Coffee+|+قهوة+الديرة/data=!4m5!3m4!1s0x3e49dbc0b0397d9f:0xd7d51fae403b1ec5!8m2!3d26.1544086!4d50.140912?authuser=0&hl=en&rclk=1,0x3e49dbc0b0397d9f:0xd7d51fae403b1ec5,ChIJn305sMDbST4RxR47QK4f1dc,,26.1544086,50.140912,coffee shops,https://lh5.googleusercontent.com/p/AF1QipNleyd4mjAeGD1PIxUCkGYsN5CBlYaZ154Cgrfg=w408-h643-k-no,https://lh5.googleusercontent.com/p/AF1QipPegiaPiM-WjyIzGEsFJ-9Tp4_U7eAGQ47BaSZw=w1024-h960-p-k-no,https://lh5.googleusercontent.com/p/AF1QipNW9w1qUfBG65eWYoqZqU4a4CGmGbmZamQ9B6wf=w1024-h960-p-k-no,https://lh5.googleusercontent.com/p/AF1QipPanGhG778W26hkWOtHq9b4hRATP7JANTWc77zt=w1024-h960-p-k-no,null,SAR 1–20,,https://plus.codes/543R+Q9 Al Khobar Saudi Arabia,543R+Q9 Al Khobar Saudi Arabia,No-contact delivery,Monday Open 24 hours  2025-03-31,Tuesday Open 24 hours  2025-04-01,Wednesday Open 24 hours  2025-04-02,Thursday Open 24 hours  2025-04-03,Friday Open 24 hours  2025-04-04,Saturday Open 24 hours  2025-04-05,Sunday Open 24 hours  2025-04-06,,,,,,,
Coffee shop,Onda Coffee - مقهى أوندا,149,4.4,"928X+8WR حي, طريق الملك عبدالله, Taybah, Taybah District, King Abdullah Street, Dammam 32275, Saudi Arabia",SA,Dammam,None,null,+966 56 278 8442,"Monday 6 AM–12 AM  2025-03-31
Tuesday 6 AM–12 AM  2025-04-01
Wednesday 6 AM–12 AM  2025-04-02
Thursday 6 AM–1 AM  2025-04-03
Friday 12:30 PM–1 AM  2025-04-04
Saturday 6 AM–12 AM  2025-04-05
Sunday 6 AM–12 AM  2025-04-06
 ",https://www.google.com/maps/place/Onda+Coffee+-+مقهى+أوندا/data=!4m5!3m4!1s0x3e49e38f8af6589b:0x87c2bb6f611fc445!8m2!3d26.3658652!4d50.0497654?authuser=0&hl=en&rclk=1,0x3e49e38f8af6589b:0x87c2bb6f611fc445,ChIJm1j2io_jST4RRcQfYW-7woc,,26.3658652,50.0497654,coffee shops,https://lh5.googleusercontent.com/p/AF1QipP-Uje4l3PpCXPiD2VRAPZmbViSy1aUCZH3KQ8x=w408-h725-k-no,https://lh5.googleusercontent.com/p/AF1QipO-lMl6QGA3AEDQixij48ivYBy8WRmHwk8zrBm7=w1024-h960-p-k-no,https://lh5.googleusercontent.com/p/AF1QipMSnqFvGBfDpqagjLfKpC202z6fMNrQ4yr9sRCS=w1024-h960-p-k-no,https://lh5.googleusercontent.com/p/AF1QipNsSPVdPcEW-xXf2_kqEFIOU-tudqidOxz-HDs8=w1024-h960-p-k-no,null,SAR 20–40,,null,null,Delivery,Monday 6 AM–12 AM  2025-03-31,Tuesday 6 AM–12 AM  2025-04-01,Wednesday 6 AM–12 AM  2025-04-02,Thursday 6 AM–1 AM  2025-04-03,Friday 12:30 PM–1 AM  2025-04-04,Saturday 6 AM–12 AM  2025-04-05,Sunday 6 AM–12 AM  2025-04-06,0% busy at 5 AM;23% busy at 6 AM;21% busy at 7 AM;25% busy at 8 AM;25% busy at 9 AM;35% busy at 10 AM;35% busy at 11 AM;33% busy at 12 PM;29% busy at 1 PM;25% busy at 2 PM;29% busy at 3 PM;37% busy at 4 PM;45% busy at 5 PM;47% busy at 6 PM;64% busy at 7 PM;64% busy at 8 PM;62% busy at 9 PM;50% busy at 10 PM;50% busy at 11 PM;,0% busy at 5 AM;5% busy at 6 AM;13% busy at 7 AM;23% busy at 8 AM;35% busy at 9 AM;33% busy at 10 AM;37% busy at 11 AM;37% busy at 12 PM;45% busy at 1 PM;43% busy at 2 PM;62% busy at 3 PM;52% busy at 4 PM;60% busy at 5 PM;45% busy at 6 PM;54% busy at 7 PM;68% busy at 8 PM;68% busy at 9 PM;70% busy at 10 PM;62% busy at 11 PM;,0% busy at 5 AM;29% busy at 6 AM;33% busy at 7 AM;31% busy at 8 AM;25% busy at 9 AM;21% busy at 10 AM;17% busy at 11 AM;15% busy at 12 PM;31% busy at 1 PM;31% busy at 2 PM;39% busy at 3 PM;29% busy at 4 PM;35% busy at 5 PM;43% busy at 6 PM;49% busy at 7 PM;50% busy at 8 PM;52% busy at 9 PM;60% busy at 10 PM;64% busy at 11 PM;,0% busy at 5 AM;25% busy at 6 AM;31% busy at 7 AM;43% busy at 8 AM;37% busy at 9 AM;31% busy at 10 AM;25% busy at 11 AM;29% busy at 12 PM;37% busy at 1 PM;37% busy at 2 PM;33% busy at 3 PM;41% busy at 4 PM;49% busy at 5 PM;64% busy at 6 PM;70% busy at 7 PM;74% busy at 8 PM;72% busy at 9 PM;72% busy at 10 PM;70% busy at 11 PM;54% busy at 12 AM;,0% busy at 6 AM;0% busy at 7 AM;0% busy at 8 AM;0% busy at 9 AM;0% busy at 10 AM;0% busy at 11 AM;17% busy at 12 PM;19% busy at 1 PM;23% busy at 2 PM;27% busy at 3 PM;29% busy at 4 PM;23% busy at 5 PM;33% busy at 6 PM;41% busy at 7 PM;60% busy at 8 PM;78% busy at 9 PM;100% busy at 10 PM;92% busy at 11 PM;60% busy at 12 AM;,0% busy at 5 AM;23% busy at 6 AM;31% busy at 7 AM;33% busy at 8 AM;27% busy at 9 AM;27% busy at 10 AM;37% busy at 11 AM;33% busy at 12 PM;33% busy at 1 PM;29% busy at 2 PM;39% busy at 3 PM;50% busy at 4 PM;56% busy at 5 PM;66% busy at 6 PM;66% busy at 7 PM;68% busy at 8 PM;70% busy at 9 PM;68% busy at 10 PM;66% busy at 11 PM;,0% busy at 5 AM;7% busy at 6 AM;7% busy at 7 AM;13% busy at 8 AM;29% busy at 9 AM;35% busy at 10 AM;35% busy at 11 AM;25% busy at 12 PM;27% busy at 1 PM;35% busy at 2 PM;47% busy at 3 PM;56% busy at 4 PM;60% busy at 5 PM;54% busy at 6 PM;58% busy at 7 PM;76% busy at 8 PM;88% busy at 9 PM;86% busy at 10 PM;82% busy at 11 PM;
Coffee shop,BE HAPPY COFFEE,7,4.6,"7607 طريق الخالدية، Al Raja, ECJA7607 2562, Al Khobar 34742, Saudi Arabia",SA,Al Khobar,None,null,+966 53 802 2018,"Monday Open 24 hours  2025-03-31
Tuesday Open 24 hours  2025-04-01
Wednesday Open 24 hours  2025-04-02
Thursday Open 24 hours  2025-04-03
Friday Open 24 hours  2025-04-04
Saturday Open 24 hours  2025-04-05
Sunday Open 24 hours  2025-04-06
 ",https://www.google.com/maps/place/BE+HAPPY+COFFEE/data=!4m5!3m4!1s0x3e49dd48d21155ff:0x31974437d37bd256!8m2!3d26.1637516!4d50.1148127?authuser=0&hl=en&rclk=1,0x3e49dd48d21155ff:0x31974437d37bd256,ChIJ_1UR0kjdST4RVtJ70zdElzE,,26.1637516,50.1148127,coffee shops,https://lh5.googleusercontent.com/p/AF1QipOxjI4etPCixwo0YRTDFAt7LS4EZKes4pvnI7kb=w408-h725-k-no,https://lh5.googleusercontent.com/p/AF1QipOxjI4etPCixwo0YRTDFAt7LS4EZKes4pvnI7kb=w1024-h960-p-k-no,https://lh5.googleusercontent.com/p/AF1QipOVQfCaqYVEzuoFt7rM8SMTfOnCl-cdXiBF685b=w1024-h960-p-k-no,https://lh5.googleusercontent.com/p/AF1QipPrwNAjIDsXcjTmDPLmiW7xoAjfvKv9W4G9V0RU=w1024-h960-p-k-no,null,None,,https://plus.codes/5477+GW Al Khobar Saudi Arabia,5477+GW Al Khobar Saudi Arabia,Takeout,Monday Open 24 hours  2025-03-31,Tuesday Open 24 hours  2025-04-01,Wednesday Open 24 hours  2025-04-02,Thursday Open 24 hours  2025-04-03,Friday Open 24 hours  2025-04-04,Saturday Open 24 hours  2025-04-05,Sunday Open 24 hours  2025-04-06,13% busy at 4 AM;20% busy at 5 AM;13% busy at 6 AM;13% busy at 7 AM;20% busy at 8 AM;13% busy at 9 AM;20% busy at 10 AM;20% busy at 11 AM;13% busy at 12 PM;26% busy at 1 PM;33% busy at 2 PM;33% busy at 3 PM;33% busy at 4 PM;40% busy at 5 PM;46% busy at 6 PM;46% busy at 7 PM;66% busy at 8 PM;53% busy at 9 PM;53% busy at 10 PM;40% busy at 11 PM;40% busy at 12 AM;33% busy at 1 AM;26% busy at 2 AM;26% busy at 3 AM;,60% busy at 4 AM;86% busy at 5 AM;100% busy at 6 AM;86% busy at 7 AM;66% busy at 8 AM;46% busy at 9 AM;26% busy at 10 AM;13% busy at 11 AM;26% busy at 12 PM;40% busy at 1 PM;60% busy at 2 PM;40% busy at 3 PM;40% busy at 4 PM;26% busy at 5 PM;33% busy at 6 PM;40% busy at 7 PM;20% busy at 8 PM;20% busy at 9 PM;20% busy at 10 PM;6% busy at 11 PM;0% busy at 12 AM;6% busy at 1 AM;20% busy at 2 AM;33% busy at 3 AM;,46% busy at 4 AM;46% busy at 5 AM;53% busy at 6 AM;53% busy at 7 AM;40% busy at 8 AM;46% busy at 9 AM;73% busy at 10 AM;60% busy at 11 AM;46% busy at 12 PM;20% busy at 1 PM;20% busy at 2 PM;26% busy at 3 PM;26% busy at 4 PM;13% busy at 5 PM;26% busy at 6 PM;26% busy at 7 PM;20% busy at 8 PM;20% busy at 9 PM;6% busy at 10 PM;6% busy at 11 PM;20% busy at 12 AM;20% busy at 1 AM;20% busy at 2 AM;40% busy at 3 AM;,46% busy at 4 AM;20% busy at 5 AM;26% busy at 6 AM;60% busy at 7 AM;86% busy at 8 AM;66% busy at 9 AM;46% busy at 10 AM;33% busy at 11 AM;33% busy at 12 PM;40% busy at 1 PM;46% busy at 2 PM;73% busy at 3 PM;73% busy at 4 PM;66% busy at 5 PM;53% busy at 6 PM;40% busy at 7 PM;40% busy at 8 PM;53% busy at 9 PM;53% busy at 10 PM;80% busy at 11 PM;86% busy at 12 AM;80% busy at 1 AM;86% busy at 2 AM;60% busy at 3 AM;,33% busy at 4 AM;40% busy at 5 AM;40% busy at 6 AM;40% busy at 7 AM;20% busy at 8 AM;26% busy at 9 AM;20% busy at 10 AM;13% busy at 11 AM;26% busy at 12 PM;33% busy at 1 PM;86% busy at 2 PM;80% busy at 3 PM;100% busy at 4 PM;93% busy at 5 PM;93% busy at 6 PM;60% busy at 7 PM;33% busy at 8 PM;26% busy at 9 PM;33% busy at 10 PM;40% busy at 11 PM;33% busy at 12 AM;33% busy at 1 AM;33% busy at 2 AM;40% busy at 3 AM;,40% busy at 4 AM;53% busy at 5 AM;40% busy at 6 AM;26% busy at 7 AM;20% busy at 8 AM;33% busy at 9 AM;33% busy at 10 AM;40% busy at 11 AM;20% busy at 12 PM;33% busy at 1 PM;26% busy at 2 PM;53% busy at 3 PM;53% busy at 4 PM;46% busy at 5 PM;13% busy at 6 PM;26% busy at 7 PM;40% busy at 8 PM;53% busy at 9 PM;33% busy at 10 PM;13% busy at 11 PM;13% busy at 12 AM;26% busy at 1 AM;33% busy at 2 AM;26% busy at 3 AM;,26% busy at 4 AM;33% busy at 5 AM;20% busy at 6 AM;13% busy at 7 AM;26% busy at 8 AM;33% busy at 9 AM;40% busy at 10 AM;46% busy at 11 AM;33% busy at 12 PM;40% busy at 1 PM;53% busy at 2 PM;53% busy at 3 PM;33% busy at 4 PM;40% busy at 5 PM;60% busy at 6 PM;80% busy at 7 PM;60% busy at 8 PM;33% busy at 9 PM;26% busy at 10 PM;26% busy at 11 PM;20% busy at 12 AM;20% busy at 1 AM;13% busy at 2 AM;13% busy at 3 AM;
Coffee shop,Van Houtte Cafe,866,4.2,"Bashar Ibn Burd St, Olaya, Al Khobar 34448, Saudi Arabia",SA,Al Khobar,None,null,+966 13 832 0209,"Monday 7 AM–12 AM  2025-03-31
Tuesday 7 AM–12 AM  2025-04-01
Wednesday 7 AM–12 AM  2025-04-02
Thursday 7 AM–1 AM  2025-04-03
Friday 9 AM–1 AM  2025-04-04
Saturday 7 AM–1 AM  2025-04-05
Sunday 7 AM–12 AM  2025-04-06
 ",https://www.google.com/maps/place/Van+Houtte+Cafe/data=!4m5!3m4!1s0x3e49e632b00ce627:0x2fa60b24049c5ede!8m2!3d26.3004747!4d50.1722021?authuser=0&hl=en&rclk=1,0x3e49e632b00ce627:0x2fa60b24049c5ede,ChIJJ-YMsDLmST4R3l6cBCQLpi8,,26.3004747,50.1722021,cafes,https://lh5.googleusercontent.com/p/AF1QipPAWXoGlCiBV2BL9MjkLtbsSRfCeGWUjIc9_pG7=w408-h544-k-no,https://lh5.googleusercontent.com/p/AF1QipPpX6_X4xqsWft5BnXeRT28uVckDj_2YumqSo8V=w1024-h960-p-k-no,https://lh5.googleusercontent.com/p/AF1QipMjT-3I7W0jkxd6SWnpJoah7y5Ei4yWmWpVgPWZ=w1024-h960-p-k-no,https://lh5.googleusercontent.com/p/AF1QipPchlrkmp9YFzz99Duou_m-jZOZfrqFFASWpqQz=w1024-h960-p-k-no,null,SAR 20–40,,https://plus.codes/852C+5V Al Khobar Saudi Arabia,852C+5V Al Khobar Saudi Arabia,No-contact delivery,Monday 7 AM–12 AM  2025-03-31,Tuesday 7 AM–12 AM  2025-04-01,Wednesday 7 AM–12 AM  2025-04-02,Thursday 7 AM–1 AM  2025-04-03,Friday 9 AM–1 AM  2025-04-04,Saturday 7 AM–1 AM  2025-04-05,Sunday 7 AM–12 AM  2025-04-06,0% busy at 6 AM;24% busy at 7 AM;41% busy at 8 AM;65% busy at 9 AM;63% busy at 10 AM;70% busy at 11 AM;58% busy at 12 PM;65% busy at 1 PM;68% busy at 2 PM;70% busy at 3 PM;69% busy at 4 PM;62% busy at 5 PM;63% busy at 6 PM;72% busy at 7 PM;79% busy at 8 PM;69% busy at 9 PM;61% busy at 10 PM;46% busy at 11 PM;,0% busy at 6 AM;34% busy at 7 AM;43% busy at 8 AM;61% busy at 9 AM;68% busy at 10 AM;83% busy at 11 AM;93% busy at 12 PM;100% busy at 1 PM;97% busy at 2 PM;90% busy at 3 PM;88% busy at 4 PM;79% busy at 5 PM;73% busy at 6 PM;60% busy at 7 PM;50% busy at 8 PM;51% busy at 9 PM;44% busy at 10 PM;38% busy at 11 PM;,0% busy at 6 AM;24% busy at 7 AM;31% busy at 8 AM;47% busy at 9 AM;66% busy at 10 AM;67% busy at 11 AM;62% busy at 12 PM;69% busy at 1 PM;75% busy at 2 PM;87% busy at 3 PM;76% busy at 4 PM;59% busy at 5 PM;47% busy at 6 PM;43% busy at 7 PM;47% busy at 8 PM;48% busy at 9 PM;43% busy at 10 PM;40% busy at 11 PM;,0% busy at 6 AM;40% busy at 7 AM;66% busy at 8 AM;77% busy at 9 AM;81% busy at 10 AM;81% busy at 11 AM;67% busy at 12 PM;76% busy at 1 PM;72% busy at 2 PM;70% busy at 3 PM;63% busy at 4 PM;53% busy at 5 PM;48% busy at 6 PM;53% busy at 7 PM;60% busy at 8 PM;65% busy at 9 PM;63% busy at 10 PM;61% busy at 11 PM;50% busy at 12 AM;,0% busy at 6 AM;0% busy at 7 AM;0% busy at 8 AM;29% busy at 9 AM;41% busy at 10 AM;48% busy at 11 AM;52% busy at 12 PM;61% busy at 1 PM;62% busy at 2 PM;55% busy at 3 PM;47% busy at 4 PM;38% busy at 5 PM;43% busy at 6 PM;47% busy at 7 PM;50% busy at 8 PM;52% busy at 9 PM;58% busy at 10 PM;60% busy at 11 PM;48% busy at 12 AM;,0% busy at 6 AM;37% busy at 7 AM;45% busy at 8 AM;51% busy at 9 AM;59% busy at 10 AM;59% busy at 11 AM;63% busy at 12 PM;63% busy at 1 PM;61% busy at 2 PM;59% busy at 3 PM;51% busy at 4 PM;44% busy at 5 PM;40% busy at 6 PM;40% busy at 7 PM;40% busy at 8 PM;37% busy at 9 PM;39% busy at 10 PM;37% busy at 11 PM;32% busy at 12 AM;,0% busy at 6 AM;37% busy at 7 AM;48% busy at 8 AM;56% busy at 9 AM;77% busy at 10 AM;84% busy at 11 AM;83% busy at 12 PM;74% busy at 1 PM;79% busy at 2 PM;84% busy at 3 PM;75% busy at 4 PM;69% busy at 5 PM;65% busy at 6 PM;70% busy at 7 PM;65% busy at 8 PM;55% busy at 9 PM;50% busy at 10 PM;36% busy at 11 PM;
Coffee shop,Chemistry Coffee كيمستري كوفي,1385,4.1,"Alimam Muhammad Ibn Abd Al Wahab, Dammam 32271, Saudi Arabia",SA,Dammam,None,http://www.chemistrycoffeesa.com/,null,"Monday Open 24 hours  2025-03-31
Tuesday Open 24 hours  2025-04-01
Wednesday Open 24 hours  2025-04-02
Thursday Open 24 hours  2025-04-03
Friday Open 24 hours  2025-04-04
Saturday Open 24 hours  2025-04-05
Sunday Open 24 hours  2025-04-06
 ",https://www.google.com/maps/place/Chemistry+Coffee+كيمستري+كوفي/data=!4m5!3m4!1s0x3e49e36613befa59:0xcf84b23b06a2cc52!8m2!3d26.3458802!4d50.0463409?authuser=0&hl=en&rclk=1,0x3e49e36613befa59:0xcf84b23b06a2cc52,ChIJWfq-E2bjST4RUsyiBjuyhM8,,26.3458802,50.0463409,coffee shops,https://lh5.googleusercontent.com/p/AF1QipOq3hBup57-eTK8FeJmAFcPUNpGPnhp6eQDdlEP=w408-h725-k-no,https://lh5.googleusercontent.com/p/AF1QipOLhT_dKQYfyT_jHZaGFUsqA_uBT39Gh14guhB5=w1024-h960-p-k-no,https://lh5.googleusercontent.com/p/AF1QipNePMk71xuOEQ_ex_hzxsue2q0HZc6p6UMvBS4U=w1024-h960-p-k-no,https://lh5.googleusercontent.com/p/AF1QipPaaWC9IHRmC6438FVPnfkxA8XGQozod31aR-sp=w1024-h960-p-k-no,null,SAR 20–40,,https://plus.codes/82WW+9G Dammam Saudi Arabia,82WW+9G Dammam Saudi Arabia,Curbside pickup,Monday Open 24 hours  2025-03-31,Tuesday Open 24 hours  2025-04-01,Wednesday Open 24 hours  2025-04-02,Thursday Open 24 hours  2025-04-03,Friday Open 24 hours  2025-04-04,Saturday Open 24 hours  2025-04-05,Sunday Open 24 hours  2025-04-06,11% busy at 4 AM;13% busy at 5 AM;16% busy at 6 AM;24% busy at 7 AM;31% busy at 8 AM;37% busy at 9 AM;37% busy at 10 AM;44% busy at 11 AM;48% busy at 12 PM;50% busy at 1 PM;49% busy at 2 PM;49% busy at 3 PM;55% busy at 4 PM;57% busy at 5 PM;64% busy at 6 PM;67% busy at 7 PM;67% busy at 8 PM;63% busy at 9 PM;55% busy at 10 PM;42% busy at 11 PM;27% busy at 12 AM;15% busy at 1 AM;11% busy at 2 AM;10% busy at 3 AM;,13% busy at 4 AM;12% busy at 5 AM;16% busy at 6 AM;22% busy at 7 AM;23% busy at 8 AM;26% busy at 9 AM;30% busy at 10 AM;35% busy at 11 AM;35% busy at 12 PM;40% busy at 1 PM;45% busy at 2 PM;54% busy at 3 PM;61% busy at 4 PM;65% busy at 5 PM;69% busy at 6 PM;67% busy at 7 PM;63% busy at 8 PM;64% busy at 9 PM;62% busy at 10 PM;51% busy at 11 PM;33% busy at 12 AM;21% busy at 1 AM;18% busy at 2 AM;16% busy at 3 AM;,15% busy at 4 AM;18% busy at 5 AM;23% busy at 6 AM;27% busy at 7 AM;28% busy at 8 AM;28% busy at 9 AM;35% busy at 10 AM;43% busy at 11 AM;45% busy at 12 PM;50% busy at 1 PM;42% busy at 2 PM;47% busy at 3 PM;51% busy at 4 PM;57% busy at 5 PM;60% busy at 6 PM;63% busy at 7 PM;68% busy at 8 PM;75% busy at 9 PM;68% busy at 10 PM;60% busy at 11 PM;39% busy at 12 AM;27% busy at 1 AM;18% busy at 2 AM;16% busy at 3 AM;,14% busy at 4 AM;15% busy at 5 AM;18% busy at 6 AM;25% busy at 7 AM;32% busy at 8 AM;37% busy at 9 AM;47% busy at 10 AM;55% busy at 11 AM;62% busy at 12 PM;59% busy at 1 PM;57% busy at 2 PM;59% busy at 3 PM;65% busy at 4 PM;71% busy at 5 PM;74% busy at 6 PM;79% busy at 7 PM;91% busy at 8 PM;98% busy at 9 PM;93% busy at 10 PM;79% busy at 11 PM;55% busy at 12 AM;41% busy at 1 AM;29% busy at 2 AM;20% busy at 3 AM;,6% busy at 4 AM;6% busy at 5 AM;7% busy at 6 AM;11% busy at 7 AM;13% busy at 8 AM;18% busy at 9 AM;22% busy at 10 AM;28% busy at 11 AM;42% busy at 12 PM;47% busy at 1 PM;51% busy at 2 PM;56% busy at 3 PM;66% busy at 4 PM;74% busy at 5 PM;84% busy at 6 PM;91% busy at 7 PM;98% busy at 8 PM;100% busy at 9 PM;94% busy at 10 PM;76% busy at 11 PM;52% busy at 12 AM;32% busy at 1 AM;18% busy at 2 AM;11% busy at 3 AM;,16% busy at 4 AM;18% busy at 5 AM;20% busy at 6 AM;22% busy at 7 AM;27% busy at 8 AM;32% busy at 9 AM;42% busy at 10 AM;44% busy at 11 AM;49% busy at 12 PM;51% busy at 1 PM;61% busy at 2 PM;70% busy at 3 PM;79% busy at 4 PM;78% busy at 5 PM;79% busy at 6 PM;73% busy at 7 PM;73% busy at 8 PM;71% busy at 9 PM;69% busy at 10 PM;55% busy at 11 PM;37% busy at 12 AM;26% busy at 1 AM;20% busy at 2 AM;20% busy at 3 AM;,10% busy at 4 AM;10% busy at 5 AM;15% busy at 6 AM;22% busy at 7 AM;27% busy at 8 AM;33% busy at 9 AM;40% busy at 10 AM;47% busy at 11 AM;50% busy at 12 PM;53% busy at 1 PM;57% busy at 2 PM;61% busy at 3 PM;69% busy at 4 PM;70% busy at 5 PM;71% busy at 6 PM;64% busy at 7 PM;63% busy at 8 PM;67% busy at 9 PM;67% busy at 10 PM;59% busy at 11 PM;37% busy at 12 AM;25% busy at 1 AM;17% busy at 2 AM;10% busy at 3 AM;
Coffee shop,‏Blue Star Cafe | بلو ستار كافيه,1154,4.2,"King Faisal Ibn Abd Al Aziz, Alkurnaish, Al Khobar 34412, Saudi Arabia",SA,Al Khobar,None,https://linktr.ee/bluestarcafe_ksa,+966 54 683 8551,"Monday Open 24 hours  2025-03-31
Tuesday Open 24 hours  2025-04-01
Wednesday Open 24 hours  2025-04-02
Thursday Open 24 hours  2025-04-03
Friday Open 24 hours  2025-04-04
Saturday Open 24 hours  2025-04-05
Sunday Open 24 hours  2025-04-06
 ",https://www.google.com/maps/place/‏Blue+Star+Cafe+|+بلو+ستار+كافيه/data=!4m5!3m4!1s0x3e49e9858991555d:0xde9f50a16beb9f5f!8m2!3d26.3272612!4d50.215125?authuser=0&hl=en&rclk=1,0x3e49e9858991555d:0xde9f50a16beb9f5f,ChIJXVWRiYXpST4RX5_ra6FQn94,,26.3272612,50.215125,coffee shops,https://lh5.googleusercontent.com/p/AF1QipPNjCTO-OzG3DiwDn-doiIne1aL1_uQaPjTjkVK=w408-h544-k-no,https://lh5.googleusercontent.com/p/AF1QipNdVjckOE1-bU5zGFCY7yIcFaq-YrdmiU-MH4nL=w1024-h960-p-k-no,https://lh5.googleusercontent.com/p/AF1QipMhUJFo3U2Ap6N-KxuPjT3J2whbCmLI9tirhlph=w1024-h960-p-k-no,https://lh5.googleusercontent.com/p/AF1QipNd9wzU6r0ETtO9loIMWmPgaGrAAbYOBTR9SOuS=w1024-h960-p-k-no,null,SAR 20–40,,https://plus.codes/86G8+W3 Al Khobar Saudi Arabia,86G8+W3 Al Khobar Saudi Arabia,Curbside pickup,Monday Open 24 hours  2025-03-31,Tuesday Open 24 hours  2025-04-01,Wednesday Open 24 hours  2025-04-02,Thursday Open 24 hours  2025-04-03,Friday Open 24 hours  2025-04-04,Saturday Open 24 hours  2025-04-05,Sunday Open 24 hours  2025-04-06,,,,,,,
Coffee shop,Barn's | بارنز,97,4.3,"Rakah Dist, Dammam 34225, Saudi Arabia",SA,Dammam,None,https://barns.com.sa/en,+966 9200 06843,"Monday Open 24 hours  2025-03-31
Tuesday Open 24 hours  2025-04-01
Wednesday Open 24 hours  2025-04-02
Thursday Open 24 hours  2025-04-03
Friday Open 24 hours  2025-04-04
Saturday Open 24 hours  2025-04-05
Sunday Open 24 hours  2025-04-06
 ",https://www.google.com/maps/place/Barn's+|+بارنز/data=!4m5!3m4!1s0x3e49ef9820794c61:0xe5dcff6f9abd6f08!8m2!3d26.3604477!4d50.1919751?authuser=0&hl=en&rclk=1,0x3e49ef9820794c61:0xe5dcff6f9abd6f08,ChIJYUx5IJjvST4RCG-9mm__3OU,,26.3604477,50.1919751,coffee shops,https://lh5.googleusercontent.com/p/AF1QipOQCYiY_zLgW_rVufYHB4IOogUUc_cGR4Wopz6F=w408-h544-k-no,https://lh5.googleusercontent.com/p/AF1QipOQCYiY_zLgW_rVufYHB4IOogUUc_cGR4Wopz6F=w1024-h960-p-k-no,https://lh5.googleusercontent.com/p/AF1QipN33D5E3lYvDU-i-MZRJtZ5TsH9jiyixfnQlCuT=w1024-h960-p-k-no,https://lh5.googleusercontent.com/p/AF1QipPM_lOkfysg5x5A2zqcLj78JxcqEBwqYZVbXDUk=w1024-h960-p-k-no,null,SAR 1–20,,https://plus.codes/956R+5Q Dammam Saudi Arabia,956R+5Q Dammam Saudi Arabia,Delivery,Monday Open 24 hours  2025-03-31,Tuesday Open 24 hours  2025-04-01,Wednesday Open 24 hours  2025-04-02,Thursday Open 24 hours  2025-04-03,Friday Open 24 hours  2025-04-04,Saturday Open 24 hours  2025-04-05,Sunday Open 24 hours  2025-04-06,38% busy at 4 AM;27% busy at 5 AM;33% busy at 6 AM;27% busy at 7 AM;27% busy at 8 AM;33% busy at 9 AM;38% busy at 10 AM;55% busy at 11 AM;38% busy at 12 PM;22% busy at 1 PM;16% busy at 2 PM;16% busy at 3 PM;22% busy at 4 PM;22% busy at 5 PM;22% busy at 6 PM;16% busy at 7 PM;22% busy at 8 PM;16% busy at 9 PM;16% busy at 10 PM;11% busy at 11 PM;16% busy at 12 AM;16% busy at 1 AM;16% busy at 2 AM;22% busy at 3 AM;,22% busy at 4 AM;33% busy at 5 AM;44% busy at 6 AM;33% busy at 7 AM;16% busy at 8 AM;16% busy at 9 AM;16% busy at 10 AM;16% busy at 11 AM;22% busy at 12 PM;22% busy at 1 PM;33% busy at 2 PM;27% busy at 3 PM;27% busy at 4 PM;27% busy at 5 PM;33% busy at 6 PM;72% busy at 7 PM;77% busy at 8 PM;83% busy at 9 PM;72% busy at 10 PM;72% busy at 11 PM;72% busy at 12 AM;66% busy at 1 AM;55% busy at 2 AM;38% busy at 3 AM;,27% busy at 4 AM;44% busy at 5 AM;44% busy at 6 AM;66% busy at 7 AM;44% busy at 8 AM;55% busy at 9 AM;38% busy at 10 AM;44% busy at 11 AM;22% busy at 12 PM;27% busy at 1 PM;16% busy at 2 PM;16% busy at 3 PM;33% busy at 4 PM;27% busy at 5 PM;44% busy at 6 PM;33% busy at 7 PM;27% busy at 8 PM;27% busy at 9 PM;33% busy at 10 PM;50% busy at 11 PM;27% busy at 12 AM;16% busy at 1 AM;11% busy at 2 AM;16% busy at 3 AM;,5% busy at 4 AM;5% busy at 5 AM;5% busy at 6 AM;16% busy at 7 AM;33% busy at 8 AM;33% busy at 9 AM;61% busy at 10 AM;55% busy at 11 AM;55% busy at 12 PM;55% busy at 1 PM;50% busy at 2 PM;55% busy at 3 PM;61% busy at 4 PM;100% busy at 5 PM;72% busy at 6 PM;72% busy at 7 PM;61% busy at 8 PM;50% busy at 9 PM;38% busy at 10 PM;33% busy at 11 PM;33% busy at 12 AM;22% busy at 1 AM;27% busy at 2 AM;11% busy at 3 AM;,5% busy at 4 AM;0% busy at 5 AM;5% busy at 6 AM;16% busy at 7 AM;33% busy at 8 AM;27% busy at 9 AM;22% busy at 10 AM;27% busy at 11 AM;22% busy at 12 PM;33% busy at 1 PM;50% busy at 2 PM;50% busy at 3 PM;27% busy at 4 PM;16% busy at 5 PM;5% busy at 6 PM;16% busy at 7 PM;33% busy at 8 PM;44% busy at 9 PM;50% busy at 10 PM;61% busy at 11 PM;66% busy at 12 AM;61% busy at 1 AM;38% busy at 2 AM;27% busy at 3 AM;,33% busy at 4 AM;44% busy at 5 AM;61% busy at 6 AM;38% busy at 7 AM;22% busy at 8 AM;27% busy at 9 AM;16% busy at 10 AM;16% busy at 11 AM;11% busy at 12 PM;33% busy at 1 PM;44% busy at 2 PM;50% busy at 3 PM;61% busy at 4 PM;61% busy at 5 PM;61% busy at 6 PM;44% busy at 7 PM;61% busy at 8 PM;55% busy at 9 PM;55% busy at 10 PM;27% busy at 11 PM;27% busy at 12 AM;16% busy at 1 AM;22% busy at 2 AM;11% busy at 3 AM;,44% busy at 4 AM;44% busy at 5 AM;38% busy at 6 AM;27% busy at 7 AM;33% busy at 8 AM;33% busy at 9 AM;27% busy at 10 AM;27% busy at 11 AM;33% busy at 12 PM;33% busy at 1 PM;16% busy at 2 PM;27% busy at 3 PM;33% busy at 4 PM;44% busy at 5 PM;33% busy at 6 PM;33% busy at 7 PM;33% busy at 8 PM;33% busy at 9 PM;50% busy at 10 PM;55% busy at 11 PM;50% busy at 12 AM;55% busy at 1 AM;50% busy at 2 AM;61% busy at 3 AM;
Coffee shop,Qaf Coffee Roasters JHAH - محمصة قاف جونزهوبكنز,22,4.2,"846P+2QJ, 8131 Medical Access Rd No. 1, Gharb Al Dhahran, Dhahran, Dammam 34465, Saudi Arabia",SA,Dammam,None,http://www.qafcoffee.com/,null,"Monday 6 AM–10 PM  2025-03-31
Tuesday 6 AM–10 PM  2025-04-01
Wednesday 6 AM–10 PM  2025-04-02
Thursday 6 AM–10 PM  2025-04-03
Friday 2–10 PM  2025-04-04
Saturday 6 AM–10 PM  2025-04-05
Sunday 6 AM–10 PM  2025-04-06
 ",https://www.google.com/maps/place/Qaf+Coffee+Roasters+JHAH+-+محمصة+قاف+جونزهوبكنز/data=!4m5!3m4!1s0x3e49e700073000fb:0xd164138cb306da8a!8m2!3d26.3100099!4d50.1366629?authuser=0&hl=en&rclk=1,0x3e49e700073000fb:0xd164138cb306da8a,ChIJ-wAwBwDnST4RitoGs4wTZNE,,26.3100099,50.1366629,coffee shops,https://lh5.googleusercontent.com/p/AF1QipNPbTh-gRE0upWSWCVY3SONKfRbrtiUI_EewQz6=w533-h240-k-no,https://lh5.googleusercontent.com/p/AF1QipOtJtt6v-3PborW32j0Psl_jidgK0TJeFMO_tse=w1024-h960-p-k-no,https://lh5.googleusercontent.com/p/AF1QipMaBFGGQM5mwMPrTYRdEiUq1dbI-ykZBDy8VcLW=w1024-h960-p-k-no,https://lh5.googleusercontent.com/p/AF1QipO-NI5iGl0EBm7fhQVtaWNtBlcxisB6nZ3MQxJP=w1024-h960-p-k-no,null,SAR 1–40,,https://plus.codes/846P+2M Dhahran Saudi Arabia,846P+2M Dhahran Saudi Arabia,Dine-in,Monday 6 AM–10 PM  2025-03-31,Tuesday 6 AM–10 PM  2025-04-01,Wednesday 6 AM–10 PM  2025-04-02,Thursday 6 AM–10 PM  2025-04-03,Friday 2–10 PM  2025-04-04,Saturday 6 AM–10 PM  2025-04-05,Sunday 6 AM–10 PM  2025-04-06,0% busy at 5 AM;55% busy at 6 AM;47% busy at 7 AM;52% busy at 8 AM;50% busy at 9 AM;52% busy at 10 AM;70% busy at 11 AM;73% busy at 12 PM;76% busy at 1 PM;67% busy at 2 PM;64% busy at 3 PM;82% busy at 4 PM;88% busy at 5 PM;85% busy at 6 PM;91% busy at 7 PM;82% busy at 8 PM;73% busy at 9 PM;0% busy at 10 PM;,0% busy at 5 AM;47% busy at 6 AM;44% busy at 7 AM;41% busy at 8 AM;38% busy at 9 AM;35% busy at 10 AM;47% busy at 11 AM;52% busy at 12 PM;61% busy at 1 PM;41% busy at 2 PM;41% busy at 3 PM;47% busy at 4 PM;76% busy at 5 PM;64% busy at 6 PM;58% busy at 7 PM;52% busy at 8 PM;58% busy at 9 PM;0% busy at 10 PM;,0% busy at 5 AM;52% busy at 6 AM;58% busy at 7 AM;38% busy at 8 AM;35% busy at 9 AM;38% busy at 10 AM;61% busy at 11 AM;70% busy at 12 PM;82% busy at 1 PM;73% busy at 2 PM;82% busy at 3 PM;70% busy at 4 PM;67% busy at 5 PM;64% busy at 6 PM;61% busy at 7 PM;55% busy at 8 PM;55% busy at 9 PM;0% busy at 10 PM;,0% busy at 5 AM;41% busy at 6 AM;44% busy at 7 AM;35% busy at 8 AM;47% busy at 9 AM;47% busy at 10 AM;55% busy at 11 AM;41% busy at 12 PM;38% busy at 1 PM;38% busy at 2 PM;47% busy at 3 PM;52% busy at 4 PM;58% busy at 5 PM;50% busy at 6 PM;52% busy at 7 PM;52% busy at 8 PM;58% busy at 9 PM;0% busy at 10 PM;,0% busy at 6 AM;0% busy at 7 AM;0% busy at 8 AM;0% busy at 9 AM;0% busy at 10 AM;0% busy at 11 AM;0% busy at 12 PM;0% busy at 1 PM;38% busy at 2 PM;50% busy at 3 PM;64% busy at 4 PM;82% busy at 5 PM;76% busy at 6 PM;91% busy at 7 PM;100% busy at 8 PM;100% busy at 9 PM;0% busy at 10 PM;0% busy at 11 PM;,0% busy at 5 AM;52% busy at 6 AM;52% busy at 7 AM;50% busy at 8 AM;64% busy at 9 AM;64% busy at 10 AM;67% busy at 11 AM;50% busy at 12 PM;44% busy at 1 PM;47% busy at 2 PM;55% busy at 3 PM;79% busy at 4 PM;64% busy at 5 PM;64% busy at 6 PM;64% busy at 7 PM;79% busy at 8 PM;76% busy at 9 PM;0% busy at 10 PM;,0% busy at 5 AM;58% busy at 6 AM;52% busy at 7 AM;50% busy at 8 AM;38% busy at 9 AM;38% busy at 10 AM;50% busy at 11 AM;70% busy at 12 PM;82% busy at 1 PM;100% busy at 2 PM;94% busy at 3 PM;82% busy at 4 PM;76% busy at 5 PM;64% busy at 6 PM;50% busy at 7 PM;47% busy at 8 PM;55% busy at 9 PM;0% busy at 10 PM;
Coffee shop,Barn's | بارنز,182,4.5,Shulah J oil Station Dammam Eastren Saudi Arabia,SA,Dammam,None,https://barns.com.sa/en,+966 9200 06843,"Monday Open 24 hours  2025-03-31
Tuesday Open 24 hours  2025-04-01
Wednesday Open 24 hours  2025-04-02
Thursday Open 24 hours  2025-04-03
Friday Open 24 hours  2025-04-04
Saturday Open 24 hours  2025-04-05
Sunday Open 24 hours  2025-04-06
 ",https://www.google.com/maps/place/Barn's+|+بارنز/data=!4m5!3m4!1s0x3e49e35c0c0d4825:0x5bcffa1d9d1ab69d!8m2!3d26.3542574!4d50.0996351?authuser=0&hl=en&rclk=1,0x3e49e35c0c0d4825:0x5bcffa1d9d1ab69d,ChIJJUgNDFzjST4RnbYanR36z1s,,26.3542574,50.0996351,coffee shops,https://lh5.googleusercontent.com/p/AF1QipNsufM5DLQYw-eULLGHSyaDbzuIsoZjrFqjwZc_=w408-h408-k-no,https://lh5.googleusercontent.com/p/AF1QipNsufM5DLQYw-eULLGHSyaDbzuIsoZjrFqjwZc_=w1024-h960-p-k-no,https://lh5.googleusercontent.com/p/AF1QipOUEOE5vNlGYwjgUDLLmrbzLPjl5OhjkgBOw6-V=w1024-h960-p-k-no,https://lh5.googleusercontent.com/p/AF1QipPNRKgPGjFLdWmiojx2QMaOxPKnKdg3I2b_ZdOf=w1024-h960-p-k-no,null,SAR 1–20,,https://plus.codes/933X+PV Dammam Saudi Arabia,933X+PV Dammam Saudi Arabia,Delivery,Monday Open 24 hours  2025-03-31,Tuesday Open 24 hours  2025-04-01,Wednesday Open 24 hours  2025-04-02,Thursday Open 24 hours  2025-04-03,Friday Open 24 hours  2025-04-04,Saturday Open 24 hours  2025-04-05,Sunday Open 24 hours  2025-04-06,37% busy at 4 AM;57% busy at 5 AM;83% busy at 6 AM;94% busy at 7 AM;88% busy at 8 AM;86% busy at 9 AM;72% busy at 10 AM;67% busy at 11 AM;61% busy at 12 PM;64% busy at 1 PM;72% busy at 2 PM;74% busy at 3 PM;79% busy at 4 PM;79% busy at 5 PM;77% busy at 6 PM;62% busy at 7 PM;52% busy at 8 PM;42% busy at 9 PM;38% busy at 10 PM;35% busy at 11 PM;30% busy at 12 AM;25% busy at 1 AM;23% busy at 2 AM;27% busy at 3 AM;,30% busy at 4 AM;57% busy at 5 AM;81% busy at 6 AM;93% busy at 7 AM;79% busy at 8 AM;72% busy at 9 AM;62% busy at 10 AM;64% busy at 11 AM;71% busy at 12 PM;81% busy at 1 PM;81% busy at 2 PM;81% busy at 3 PM;64% busy at 4 PM;67% busy at 5 PM;66% busy at 6 PM;79% busy at 7 PM;71% busy at 8 PM;61% busy at 9 PM;37% busy at 10 PM;27% busy at 11 PM;20% busy at 12 AM;22% busy at 1 AM;15% busy at 2 AM;25% busy at 3 AM;,22% busy at 4 AM;52% busy at 5 AM;83% busy at 6 AM;96% busy at 7 AM;74% busy at 8 AM;61% busy at 9 AM;49% busy at 10 AM;55% busy at 11 AM;57% busy at 12 PM;61% busy at 1 PM;54% busy at 2 PM;54% busy at 3 PM;50% busy at 4 PM;45% busy at 5 PM;45% busy at 6 PM;40% busy at 7 PM;42% busy at 8 PM;37% busy at 9 PM;37% busy at 10 PM;32% busy at 11 PM;25% busy at 12 AM;13% busy at 1 AM;10% busy at 2 AM;11% busy at 3 AM;,33% busy at 4 AM;66% busy at 5 AM;89% busy at 6 AM;100% busy at 7 AM;83% busy at 8 AM;66% busy at 9 AM;59% busy at 10 AM;57% busy at 11 AM;57% busy at 12 PM;64% busy at 1 PM;64% busy at 2 PM;69% busy at 3 PM;74% busy at 4 PM;76% busy at 5 PM;81% busy at 6 PM;79% busy at 7 PM;71% busy at 8 PM;59% busy at 9 PM;49% busy at 10 PM;42% busy at 11 PM;32% busy at 12 AM;25% busy at 1 AM;16% busy at 2 AM;20% busy at 3 AM;,23% busy at 4 AM;20% busy at 5 AM;20% busy at 6 AM;18% busy at 7 AM;20% busy at 8 AM;25% busy at 9 AM;28% busy at 10 AM;30% busy at 11 AM;44% busy at 12 PM;44% busy at 1 PM;47% busy at 2 PM;50% busy at 3 PM;49% busy at 4 PM;57% busy at 5 PM;55% busy at 6 PM;61% busy at 7 PM;55% busy at 8 PM;55% busy at 9 PM;49% busy at 10 PM;42% busy at 11 PM;33% busy at 12 AM;28% busy at 1 AM;25% busy at 2 AM;25% busy at 3 AM;,23% busy at 4 AM;28% busy at 5 AM;44% busy at 6 AM;49% busy at 7 AM;47% busy at 8 AM;47% busy at 9 AM;55% busy at 10 AM;66% busy at 11 AM;79% busy at 12 PM;83% busy at 1 PM;77% busy at 2 PM;74% busy at 3 PM;76% busy at 4 PM;83% busy at 5 PM;83% busy at 6 PM;88% busy at 7 PM;79% busy at 8 PM;55% busy at 9 PM;37% busy at 10 PM;25% busy at 11 PM;25% busy at 12 AM;28% busy at 1 AM;30% busy at 2 AM;20% busy at 3 AM;,25% busy at 4 AM;45% busy at 5 AM;66% busy at 6 AM;86% busy at 7 AM;76% busy at 8 AM;69% busy at 9 AM;54% busy at 10 AM;57% busy at 11 AM;54% busy at 12 PM;59% busy at 1 PM;59% busy at 2 PM;64% busy at 3 PM;69% busy at 4 PM;69% busy at 5 PM;74% busy at 6 PM;74% busy at 7 PM;84% busy at 8 PM;81% busy at 9 PM;79% busy at 10 PM;66% busy at 11 PM;44% busy at 12 AM;28% busy at 1 AM;15% busy at 2 AM;15% busy at 3 AM;
Coffee shop,The BLK Specialty Coffee Roasters,369,4.1,"Prince Turkey Street, Alkurnaish, Al Khobar 34413, Saudi Arabia",SA,Al Khobar,None,https://www.instagram.com/theblk.coffee,null,"Monday 7 AM–2 AM  2025-03-31
Tuesday 7 AM–2 AM  2025-04-01
Wednesday 7 AM–2 AM  2025-04-02
Thursday 7 AM–3 AM  2025-04-03
Friday 12:30 PM–3 AM  2025-04-04
Saturday 7 AM–2 AM  2025-04-05
Sunday 7 AM–2 AM  2025-04-06
 ",https://www.google.com/maps/place/The+BLK+Specialty+Coffee+Roasters/data=!4m5!3m4!1s0x3e49e974ea130c8f:0xbf435d4827a171eb!8m2!3d26.3105026!4d50.2242151?authuser=0&hl=en&rclk=1,0x3e49e974ea130c8f:0xbf435d4827a171eb,ChIJjwwT6nTpST4R63GhJ0hdQ78,,26.3105026,50.2242151,Coffee roasters,https://lh5.googleusercontent.com/p/AF1QipN7rEG3623Jl9Ms-2AOU27D_E2aW5rf8sebAfSn=w408-h544-k-no,https://lh5.googleusercontent.com/p/AF1QipN4sUmATZ79X5JH9lS4bgCWg2c-350F9VHADPtH=w1024-h960-p-k-no,https://lh5.googleusercontent.com/p/AF1QipOw1OY330IDHMzosHpHh2iagV401v-BVZWLBVKe=w1024-h960-p-k-no,https://lh5.googleusercontent.com/p/AF1QipMtBxm6O8FQi_jHELqRyKHR-jyB36IlALzlKF3P=w1024-h960-p-k-no,null,SAR 20–40,,https://plus.codes/866F+6M Al Khobar Saudi Arabia,866F+6M Al Khobar Saudi Arabia,Takeout,Monday 7 AM–2 AM  2025-03-31,Tuesday 7 AM–2 AM  2025-04-01,Wednesday 7 AM–2 AM  2025-04-02,Thursday 7 AM–3 AM  2025-04-03,Friday 12:30 PM–3 AM  2025-04-04,Saturday 7 AM–2 AM  2025-04-05,Sunday 7 AM–2 AM  2025-04-06,0% busy at 6 AM;15% busy at 7 AM;38% busy at 8 AM;53% busy at 9 AM;92% busy at 10 AM;53% busy at 11 AM;53% busy at 12 PM;69% busy at 1 PM;76% busy at 2 PM;76% busy at 3 PM;69% busy at 4 PM;76% busy at 5 PM;53% busy at 6 PM;46% busy at 7 PM;23% busy at 8 PM;7% busy at 9 PM;15% busy at 10 PM;23% busy at 11 PM;61% busy at 12 AM;61% busy at 1 AM;,0% busy at 6 AM;100% busy at 7 AM;76% busy at 8 AM;30% busy at 9 AM;30% busy at 10 AM;46% busy at 11 AM;61% busy at 12 PM;23% busy at 1 PM;23% busy at 2 PM;23% busy at 3 PM;61% busy at 4 PM;69% busy at 5 PM;76% busy at 6 PM;69% busy at 7 PM;84% busy at 8 PM;69% busy at 9 PM;61% busy at 10 PM;53% busy at 11 PM;76% busy at 12 AM;84% busy at 1 AM;,0% busy at 6 AM;53% busy at 7 AM;38% busy at 8 AM;46% busy at 9 AM;46% busy at 10 AM;46% busy at 11 AM;53% busy at 12 PM;61% busy at 1 PM;61% busy at 2 PM;69% busy at 3 PM;100% busy at 4 PM;92% busy at 5 PM;69% busy at 6 PM;53% busy at 7 PM;61% busy at 8 PM;53% busy at 9 PM;61% busy at 10 PM;38% busy at 11 PM;30% busy at 12 AM;46% busy at 1 AM;,0% busy at 6 AM;38% busy at 7 AM;46% busy at 8 AM;38% busy at 9 AM;61% busy at 10 AM;53% busy at 11 AM;76% busy at 12 PM;69% busy at 1 PM;92% busy at 2 PM;92% busy at 3 PM;69% busy at 4 PM;61% busy at 5 PM;84% busy at 6 PM;84% busy at 7 PM;100% busy at 8 PM;92% busy at 9 PM;92% busy at 10 PM;69% busy at 11 PM;38% busy at 12 AM;38% busy at 1 AM;23% busy at 2 AM;,0% busy at 6 AM;0% busy at 7 AM;0% busy at 8 AM;0% busy at 9 AM;0% busy at 10 AM;0% busy at 11 AM;53% busy at 12 PM;53% busy at 1 PM;46% busy at 2 PM;46% busy at 3 PM;38% busy at 4 PM;69% busy at 5 PM;53% busy at 6 PM;61% busy at 7 PM;46% busy at 8 PM;61% busy at 9 PM;69% busy at 10 PM;84% busy at 11 PM;92% busy at 12 AM;76% busy at 1 AM;76% busy at 2 AM;,0% busy at 6 AM;46% busy at 7 AM;46% busy at 8 AM;30% busy at 9 AM;23% busy at 10 AM;23% busy at 11 AM;30% busy at 12 PM;46% busy at 1 PM;53% busy at 2 PM;53% busy at 3 PM;53% busy at 4 PM;46% busy at 5 PM;46% busy at 6 PM;61% busy at 7 PM;38% busy at 8 PM;46% busy at 9 PM;53% busy at 10 PM;76% busy at 11 PM;76% busy at 12 AM;76% busy at 1 AM;,0% busy at 6 AM;30% busy at 7 AM;38% busy at 8 AM;38% busy at 9 AM;38% busy at 10 AM;46% busy at 11 AM;53% busy at 12 PM;84% busy at 1 PM;92% busy at 2 PM;76% busy at 3 PM;53% busy at 4 PM;38% busy at 5 PM;53% busy at 6 PM;61% busy at 7 PM;46% busy at 8 PM;46% busy at 9 PM;46% busy at 10 PM;61% busy at 11 PM;69% busy at 12 AM;76% busy at 1 AM;
Coffee shop,Olabs Café Drive Thru,116,3.7,"957X+5CQ, Khaled Ibn Al Walid St, Al Rakah Al Janubiyah, Al Khobar 34226, Saudi Arabia",SA,Al Khobar,None,null,null,"Monday 6 AM–12 AM  2025-03-31
Tuesday 6 AM–12 AM  2025-04-01
Wednesday 6 AM–12 AM  2025-04-02
Thursday 6 AM–12 AM  2025-04-03
Friday 6 AM–12 AM  2025-04-04
Saturday 6 AM–12 AM  2025-04-05
Sunday 6 AM–12 AM  2025-04-06
 ",https://www.google.com/maps/place/Olabs+Café+Drive+Thru/data=!4m5!3m4!1s0x3e49ef8ffcabfc2b:0x78cb5bd0ed868eae!8m2!3d26.3629735!4d50.1986102?authuser=0&hl=en&rclk=1,0x3e49ef8ffcabfc2b:0x78cb5bd0ed868eae,ChIJK_yr_I_vST4Rro6G7dBby3g,,26.3629735,50.1986102,coffee shops,https://lh5.googleusercontent.com/p/AF1QipOjXAkkADclOgDEqLBiTxSeIQZk7SmL2ewYlYIi=w426-h240-k-no,https://lh5.googleusercontent.com/p/AF1QipNRRIPn2dRF2sXTZkJ3QyWHLIJv0LUhKkw6npl8=w1024-h960-p-k-no,https://lh5.googleusercontent.com/p/AF1QipMsdbkiwT5wxdmsrJgDt6yZnL8VLAr7MWgE1G_S=w1024-h960-p-k-no,https://lh5.googleusercontent.com/p/AF1QipN4G7m6VnIK48SKXJQ4PfXF4SFsNUVt14jcrT42=w1024-h960-p-k-no,null,SAR 20–40,,null,null,Delivery,Monday 6 AM–12 AM  2025-03-31,Tuesday 6 AM–12 AM  2025-04-01,Wednesday 6 AM–12 AM  2025-04-02,Thursday 6 AM–12 AM  2025-04-03,Friday 6 AM–12 AM  2025-04-04,Saturday 6 AM–12 AM  2025-04-05,Sunday 6 AM–12 AM  2025-04-06,0% busy at 5 AM;60% busy at 6 AM;82% busy at 7 AM;100% busy at 8 AM;73% busy at 9 AM;47% busy at 10 AM;43% busy at 11 AM;34% busy at 12 PM;34% busy at 1 PM;34% busy at 2 PM;30% busy at 3 PM;34% busy at 4 PM;30% busy at 5 PM;43% busy at 6 PM;56% busy at 7 PM;69% busy at 8 PM;69% busy at 9 PM;47% busy at 10 PM;34% busy at 11 PM;,0% busy at 5 AM;43% busy at 6 AM;39% busy at 7 AM;47% busy at 8 AM;43% busy at 9 AM;56% busy at 10 AM;30% busy at 11 AM;21% busy at 12 PM;26% busy at 1 PM;52% busy at 2 PM;47% busy at 3 PM;43% busy at 4 PM;39% busy at 5 PM;47% busy at 6 PM;56% busy at 7 PM;69% busy at 8 PM;60% busy at 9 PM;39% busy at 10 PM;26% busy at 11 PM;,0% busy at 5 AM;56% busy at 6 AM;60% busy at 7 AM;60% busy at 8 AM;65% busy at 9 AM;60% busy at 10 AM;47% busy at 11 AM;43% busy at 12 PM;47% busy at 1 PM;65% busy at 2 PM;56% busy at 3 PM;34% busy at 4 PM;30% busy at 5 PM;17% busy at 6 PM;17% busy at 7 PM;21% busy at 8 PM;43% busy at 9 PM;30% busy at 10 PM;34% busy at 11 PM;,0% busy at 5 AM;43% busy at 6 AM;60% busy at 7 AM;65% busy at 8 AM;56% busy at 9 AM;34% busy at 10 AM;30% busy at 11 AM;34% busy at 12 PM;34% busy at 1 PM;47% busy at 2 PM;56% busy at 3 PM;52% busy at 4 PM;56% busy at 5 PM;73% busy at 6 PM;82% busy at 7 PM;86% busy at 8 PM;69% busy at 9 PM;65% busy at 10 PM;56% busy at 11 PM;,0% busy at 5 AM;39% busy at 6 AM;47% busy at 7 AM;47% busy at 8 AM;30% busy at 9 AM;21% busy at 10 AM;39% busy at 11 AM;73% busy at 12 PM;69% busy at 1 PM;86% busy at 2 PM;65% busy at 3 PM;60% busy at 4 PM;52% busy at 5 PM;65% busy at 6 PM;65% busy at 7 PM;56% busy at 8 PM;34% busy at 9 PM;39% busy at 10 PM;43% busy at 11 PM;,0% busy at 5 AM;17% busy at 6 AM;17% busy at 7 AM;8% busy at 8 AM;8% busy at 9 AM;17% busy at 10 AM;30% busy at 11 AM;52% busy at 12 PM;52% busy at 1 PM;47% busy at 2 PM;43% busy at 3 PM;43% busy at 4 PM;43% busy at 5 PM;34% busy at 6 PM;34% busy at 7 PM;52% busy at 8 PM;52% busy at 9 PM;52% busy at 10 PM;30% busy at 11 PM;,0% busy at 5 AM;21% busy at 6 AM;30% busy at 7 AM;43% busy at 8 AM;43% busy at 9 AM;39% busy at 10 AM;39% busy at 11 AM;21% busy at 12 PM;30% busy at 1 PM;43% busy at 2 PM;34% busy at 3 PM;39% busy at 4 PM;30% busy at 5 PM;30% busy at 6 PM;43% busy at 7 PM;56% busy at 8 PM;65% busy at 9 PM;60% busy at 10 PM;65% busy at 11 PM;
Coffee shop,Organico | كافيه أورجانيكو كوفي,222,4.3,"8695 2895 Ibn Bassam Al Andalusi St, Al Bandariyah, Al Khobar 34424, Saudi Arabia",SA,Al Khobar,None,null,null,"Monday 6 AM–11:45 PM  2025-03-31
Tuesday 6 AM–11:45 PM  2025-04-01
Wednesday 6 AM–11:45 PM  2025-04-02
Thursday 6 AM–11:45 PM  2025-04-03
Friday 3 PM–12 AM  2025-04-04
Saturday 6 AM–11:45 PM  2025-04-05
Sunday 6 AM–11:45 PM  2025-04-06
 ",https://www.google.com/maps/place/Organico+|+كافيه+أورجانيكو+كوفي/data=!4m5!3m4!1s0x3e49e9bfeee8b299:0x30d9b9240a5fc76d!8m2!3d26.303415!4d50.210826?authuser=0&hl=en&rclk=1,0x3e49e9bfeee8b299:0x30d9b9240a5fc76d,ChIJmbLo7r_pST4RbcdfCiS52TA,,26.303415,50.210826,coffee shops,https://lh5.googleusercontent.com/p/AF1QipMxQRlzXHX3h4uAG-nmEzjsTTTVycA7bYV_sQyB=w408-h544-k-no,https://lh5.googleusercontent.com/p/AF1QipNW6Mb1A64GINi9xWJfw_fUVqfM1O-7MVWcfzvS=w1024-h960-p-k-no,https://lh5.googleusercontent.com/p/AF1QipPw44dE7tzJ_5sX0wDPhm9_z1DZDPoqafE2bJcN=w1024-h960-p-k-no,https://lh5.googleusercontent.com/p/AF1QipNN0ctjxgvvIKfPxQK9ZAom7N2xOTCf1-vZDa3K=w1024-h960-p-k-no,null,SAR 20–40,,https://plus.codes/8636+98 Al Khobar Saudi Arabia,8636+98 Al Khobar Saudi Arabia,No-contact delivery,Monday 6 AM–11:45 PM  2025-03-31,Tuesday 6 AM–11:45 PM  2025-04-01,Wednesday 6 AM–11:45 PM  2025-04-02,Thursday 6 AM–11:45 PM  2025-04-03,Friday 3 PM–12 AM  2025-04-04,Saturday 6 AM–11:45 PM  2025-04-05,Sunday 6 AM–11:45 PM  2025-04-06,0% busy at 5 AM;6% busy at 6 AM;0% busy at 7 AM;6% busy at 8 AM;20% busy at 9 AM;26% busy at 10 AM;40% busy at 11 AM;53% busy at 12 PM;46% busy at 1 PM;33% busy at 2 PM;40% busy at 3 PM;33% busy at 4 PM;33% busy at 5 PM;26% busy at 6 PM;40% busy at 7 PM;66% busy at 8 PM;60% busy at 9 PM;73% busy at 10 PM;46% busy at 11 PM;,0% busy at 5 AM;6% busy at 6 AM;20% busy at 7 AM;33% busy at 8 AM;60% busy at 9 AM;73% busy at 10 AM;93% busy at 11 AM;93% busy at 12 PM;73% busy at 1 PM;53% busy at 2 PM;40% busy at 3 PM;40% busy at 4 PM;26% busy at 5 PM;46% busy at 6 PM;46% busy at 7 PM;60% busy at 8 PM;66% busy at 9 PM;46% busy at 10 PM;40% busy at 11 PM;,0% busy at 5 AM;0% busy at 6 AM;13% busy at 7 AM;33% busy at 8 AM;53% busy at 9 AM;46% busy at 10 AM;26% busy at 11 AM;26% busy at 12 PM;20% busy at 1 PM;13% busy at 2 PM;20% busy at 3 PM;40% busy at 4 PM;53% busy at 5 PM;53% busy at 6 PM;46% busy at 7 PM;46% busy at 8 PM;40% busy at 9 PM;53% busy at 10 PM;40% busy at 11 PM;,0% busy at 5 AM;40% busy at 6 AM;40% busy at 7 AM;26% busy at 8 AM;33% busy at 9 AM;26% busy at 10 AM;46% busy at 11 AM;60% busy at 12 PM;53% busy at 1 PM;53% busy at 2 PM;46% busy at 3 PM;60% busy at 4 PM;80% busy at 5 PM;93% busy at 6 PM;100% busy at 7 PM;80% busy at 8 PM;60% busy at 9 PM;53% busy at 10 PM;53% busy at 11 PM;,0% busy at 6 AM;0% busy at 7 AM;0% busy at 8 AM;0% busy at 9 AM;0% busy at 10 AM;0% busy at 11 AM;0% busy at 12 PM;0% busy at 1 PM;0% busy at 2 PM;26% busy at 3 PM;26% busy at 4 PM;20% busy at 5 PM;6% busy at 6 PM;13% busy at 7 PM;26% busy at 8 PM;53% busy at 9 PM;46% busy at 10 PM;46% busy at 11 PM;,0% busy at 5 AM;20% busy at 6 AM;13% busy at 7 AM;26% busy at 8 AM;20% busy at 9 AM;33% busy at 10 AM;60% busy at 11 AM;53% busy at 12 PM;60% busy at 1 PM;53% busy at 2 PM;66% busy at 3 PM;73% busy at 4 PM;80% busy at 5 PM;60% busy at 6 PM;60% busy at 7 PM;46% busy at 8 PM;53% busy at 9 PM;66% busy at 10 PM;66% busy at 11 PM;,0% busy at 5 AM;40% busy at 6 AM;80% busy at 7 AM;80% busy at 8 AM;66% busy at 9 AM;46% busy at 10 AM;40% busy at 11 AM;40% busy at 12 PM;40% busy at 1 PM;26% busy at 2 PM;33% busy at 3 PM;46% busy at 4 PM;66% busy at 5 PM;66% busy at 6 PM;60% busy at 7 PM;60% busy at 8 PM;60% busy at 9 PM;40% busy at 10 PM;33% busy at 11 PM;
Coffee shop,Barn's | بارنز,703,4.3,"King Saud Bin Abdulaziz Rd, Al Andalus, Al Khobar 34437, Saudi Arabia",SA,Al Khobar,None,https://barns.com.sa/en,+966 9200 06843,"Monday Open 24 hours  2025-03-31
Tuesday Open 24 hours  2025-04-01
Wednesday Open 24 hours  2025-04-02
Thursday Open 24 hours  2025-04-03
Friday Open 24 hours  2025-04-04
Saturday Open 24 hours  2025-04-05
Sunday Open 24 hours  2025-04-06
 ",https://www.google.com/maps/place/Barn's+|+بارنز/data=!4m5!3m4!1s0x3e49e61f67a97a27:0xd64487b76ce1b09!8m2!3d26.3227222!4d50.1797506?authuser=0&hl=en&rclk=1,0x3e49e61f67a97a27:0xd64487b76ce1b09,ChIJJ3qpZx_mST4RCRvOdntIZA0,,26.3227222,50.1797506,coffee shops,https://lh5.googleusercontent.com/p/AF1QipNEMFEzRmHdM3yoUNxPrtDkafM6pVmDfHfm1NQ=w408-h272-k-no,https://lh5.googleusercontent.com/p/AF1QipP0fWixCFkJ3_--GkKHZWLg1Q0MbqJAg-uJJgk3=w1024-h960-p-k-no,https://lh5.googleusercontent.com/p/AF1QipN5siSvJRU4TrUll6qgZ_B4Wg2re4fbgMwS6Rf5=w1024-h960-p-k-no,https://lh5.googleusercontent.com/p/AF1QipOflZaaudk6fuL27z7cM_r9FrZwQ9M1LbT48oYr=w1024-h960-p-k-no,null,SAR 1–20,,https://plus.codes/85FH+3W Al Khobar Saudi Arabia,85FH+3W Al Khobar Saudi Arabia,Delivery,Monday Open 24 hours  2025-03-31,Tuesday Open 24 hours  2025-04-01,Wednesday Open 24 hours  2025-04-02,Thursday Open 24 hours  2025-04-03,Friday Open 24 hours  2025-04-04,Saturday Open 24 hours  2025-04-05,Sunday Open 24 hours  2025-04-06,28% busy at 4 AM;24% busy at 5 AM;28% busy at 6 AM;44% busy at 7 AM;48% busy at 8 AM;40% busy at 9 AM;36% busy at 10 AM;32% busy at 11 AM;36% busy at 12 PM;52% busy at 1 PM;60% busy at 2 PM;68% busy at 3 PM;52% busy at 4 PM;40% busy at 5 PM;40% busy at 6 PM;52% busy at 7 PM;64% busy at 8 PM;60% busy at 9 PM;56% busy at 10 PM;28% busy at 11 PM;16% busy at 12 AM;12% busy at 1 AM;28% busy at 2 AM;28% busy at 3 AM;,36% busy at 4 AM;36% busy at 5 AM;48% busy at 6 AM;72% busy at 7 AM;72% busy at 8 AM;56% busy at 9 AM;40% busy at 10 AM;36% busy at 11 AM;52% busy at 12 PM;40% busy at 1 PM;32% busy at 2 PM;40% busy at 3 PM;36% busy at 4 PM;24% busy at 5 PM;32% busy at 6 PM;48% busy at 7 PM;56% busy at 8 PM;36% busy at 9 PM;20% busy at 10 PM;12% busy at 11 PM;12% busy at 12 AM;20% busy at 1 AM;32% busy at 2 AM;36% busy at 3 AM;,24% busy at 4 AM;28% busy at 5 AM;40% busy at 6 AM;52% busy at 7 AM;60% busy at 8 AM;48% busy at 9 AM;44% busy at 10 AM;40% busy at 11 AM;40% busy at 12 PM;48% busy at 1 PM;68% busy at 2 PM;68% busy at 3 PM;56% busy at 4 PM;36% busy at 5 PM;36% busy at 6 PM;44% busy at 7 PM;36% busy at 8 PM;36% busy at 9 PM;36% busy at 10 PM;48% busy at 11 PM;32% busy at 12 AM;32% busy at 1 AM;16% busy at 2 AM;24% busy at 3 AM;,60% busy at 4 AM;52% busy at 5 AM;64% busy at 6 AM;76% busy at 7 AM;84% busy at 8 AM;76% busy at 9 AM;88% busy at 10 AM;80% busy at 11 AM;64% busy at 12 PM;36% busy at 1 PM;12% busy at 2 PM;12% busy at 3 PM;24% busy at 4 PM;52% busy at 5 PM;68% busy at 6 PM;80% busy at 7 PM;84% busy at 8 PM;76% busy at 9 PM;56% busy at 10 PM;40% busy at 11 PM;36% busy at 12 AM;36% busy at 1 AM;48% busy at 2 AM;48% busy at 3 AM;,28% busy at 4 AM;44% busy at 5 AM;44% busy at 6 AM;48% busy at 7 AM;36% busy at 8 AM;32% busy at 9 AM;60% busy at 10 AM;76% busy at 11 AM;100% busy at 12 PM;68% busy at 1 PM;52% busy at 2 PM;44% busy at 3 PM;52% busy at 4 PM;56% busy at 5 PM;64% busy at 6 PM;72% busy at 7 PM;84% busy at 8 PM;72% busy at 9 PM;80% busy at 10 PM;56% busy at 11 PM;36% busy at 12 AM;16% busy at 1 AM;12% busy at 2 AM;12% busy at 3 AM;,20% busy at 4 AM;24% busy at 5 AM;36% busy at 6 AM;32% busy at 7 AM;44% busy at 8 AM;40% busy at 9 AM;20% busy at 10 AM;20% busy at 11 AM;20% busy at 12 PM;24% busy at 1 PM;24% busy at 2 PM;40% busy at 3 PM;52% busy at 4 PM;60% busy at 5 PM;60% busy at 6 PM;64% busy at 7 PM;40% busy at 8 PM;36% busy at 9 PM;32% busy at 10 PM;32% busy at 11 PM;20% busy at 12 AM;12% busy at 1 AM;8% busy at 2 AM;12% busy at 3 AM;,16% busy at 4 AM;24% busy at 5 AM;44% busy at 6 AM;60% busy at 7 AM;60% busy at 8 AM;52% busy at 9 AM;48% busy at 10 AM;36% busy at 11 AM;24% busy at 12 PM;16% busy at 1 PM;16% busy at 2 PM;12% busy at 3 PM;20% busy at 4 PM;32% busy at 5 PM;28% busy at 6 PM;32% busy at 7 PM;44% busy at 8 PM;48% busy at 9 PM;52% busy at 10 PM;36% busy at 11 PM;20% busy at 12 AM;20% busy at 1 AM;24% busy at 2 AM;24% busy at 3 AM;
Coffee shop,Tamaya coffee تمايا كوفي,15,4.2,"حي, EKJA3393، 3393 2أ, 6430, Al Khobar 34446, Saudi Arabia",SA,Al Khobar,None,null,+966 50 905 0441,"Monday Open 24 hours  2025-03-31
Tuesday Open 24 hours  2025-04-01
Wednesday Open 24 hours  2025-04-02
Thursday Open 24 hours  2025-04-03
Friday Open 24 hours  2025-04-04
Saturday Open 24 hours  2025-04-05
Sunday Open 24 hours  2025-04-06
 ",https://www.google.com/maps/place/Tamaya+coffee+تمايا+كوفي/data=!4m5!3m4!1s0x3e49e93b93f1fa9b:0x6c24da8b3e6b1288!8m2!3d26.2865037!4d50.1940023?authuser=0&hl=en&rclk=1,0x3e49e93b93f1fa9b:0x6c24da8b3e6b1288,ChIJm_rxkzvpST4RiBJrPovaJGw,,26.2865037,50.1940023,coffee shops,https://lh5.googleusercontent.com/p/AF1QipPlSq9T-eWRD0xVyfbNTv2Nbb0-oPBvyS923td0=w408-h544-k-no,https://lh5.googleusercontent.com/p/AF1QipPlSq9T-eWRD0xVyfbNTv2Nbb0-oPBvyS923td0=w1024-h960-p-k-no,null,null,null,SAR 1–20,,https://plus.codes/75PV+JJ Al Khobar Saudi Arabia,75PV+JJ Al Khobar Saudi Arabia,No-contact delivery,Monday Open 24 hours  2025-03-31,Tuesday Open 24 hours  2025-04-01,Wednesday Open 24 hours  2025-04-02,Thursday Open 24 hours  2025-04-03,Friday Open 24 hours  2025-04-04,Saturday Open 24 hours  2025-04-05,Sunday Open 24 hours  2025-04-06,26% busy at 4 AM;20% busy at 5 AM;26% busy at 6 AM;53% busy at 7 AM;60% busy at 8 AM;73% busy at 9 AM;60% busy at 10 AM;46% busy at 11 AM;33% busy at 12 PM;26% busy at 1 PM;26% busy at 2 PM;20% busy at 3 PM;20% busy at 4 PM;20% busy at 5 PM;40% busy at 6 PM;60% busy at 7 PM;46% busy at 8 PM;66% busy at 9 PM;60% busy at 10 PM;60% busy at 11 PM;53% busy at 12 AM;80% busy at 1 AM;73% busy at 2 AM;53% busy at 3 AM;,26% busy at 4 AM;33% busy at 5 AM;53% busy at 6 AM;53% busy at 7 AM;53% busy at 8 AM;80% busy at 9 AM;93% busy at 10 AM;100% busy at 11 AM;80% busy at 12 PM;46% busy at 1 PM;46% busy at 2 PM;40% busy at 3 PM;40% busy at 4 PM;26% busy at 5 PM;20% busy at 6 PM;6% busy at 7 PM;20% busy at 8 PM;33% busy at 9 PM;20% busy at 10 PM;20% busy at 11 PM;20% busy at 12 AM;26% busy at 1 AM;20% busy at 2 AM;33% busy at 3 AM;,53% busy at 4 AM;33% busy at 5 AM;53% busy at 6 AM;60% busy at 7 AM;26% busy at 8 AM;6% busy at 9 AM;6% busy at 10 AM;13% busy at 11 AM;46% busy at 12 PM;53% busy at 1 PM;80% busy at 2 PM;73% busy at 3 PM;60% busy at 4 PM;46% busy at 5 PM;66% busy at 6 PM;86% busy at 7 PM;60% busy at 8 PM;33% busy at 9 PM;40% busy at 10 PM;46% busy at 11 PM;73% busy at 12 AM;66% busy at 1 AM;100% busy at 2 AM;73% busy at 3 AM;,13% busy at 4 AM;13% busy at 5 AM;20% busy at 6 AM;20% busy at 7 AM;13% busy at 8 AM;13% busy at 9 AM;13% busy at 10 AM;13% busy at 11 AM;33% busy at 12 PM;40% busy at 1 PM;80% busy at 2 PM;80% busy at 3 PM;86% busy at 4 PM;60% busy at 5 PM;26% busy at 6 PM;26% busy at 7 PM;26% busy at 8 PM;40% busy at 9 PM;33% busy at 10 PM;40% busy at 11 PM;40% busy at 12 AM;40% busy at 1 AM;26% busy at 2 AM;33% busy at 3 AM;,33% busy at 4 AM;26% busy at 5 AM;33% busy at 6 AM;26% busy at 7 AM;26% busy at 8 AM;20% busy at 9 AM;33% busy at 10 AM;33% busy at 11 AM;40% busy at 12 PM;33% busy at 1 PM;53% busy at 2 PM;40% busy at 3 PM;33% busy at 4 PM;20% busy at 5 PM;6% busy at 6 PM;13% busy at 7 PM;20% busy at 8 PM;20% busy at 9 PM;26% busy at 10 PM;46% busy at 11 PM;80% busy at 12 AM;80% busy at 1 AM;46% busy at 2 AM;26% busy at 3 AM;,33% busy at 4 AM;46% busy at 5 AM;60% busy at 6 AM;60% busy at 7 AM;46% busy at 8 AM;40% busy at 9 AM;60% busy at 10 AM;40% busy at 11 AM;26% busy at 12 PM;6% busy at 1 PM;13% busy at 2 PM;13% busy at 3 PM;13% busy at 4 PM;26% busy at 5 PM;40% busy at 6 PM;53% busy at 7 PM;40% busy at 8 PM;33% busy at 9 PM;26% busy at 10 PM;33% busy at 11 PM;26% busy at 12 AM;26% busy at 1 AM;53% busy at 2 AM;40% busy at 3 AM;,20% busy at 4 AM;33% busy at 5 AM;60% busy at 6 AM;80% busy at 7 AM;66% busy at 8 AM;40% busy at 9 AM;20% busy at 10 AM;13% busy at 11 AM;20% busy at 12 PM;46% busy at 1 PM;40% busy at 2 PM;26% busy at 3 PM;13% busy at 4 PM;26% busy at 5 PM;53% busy at 6 PM;33% busy at 7 PM;46% busy at 8 PM;40% busy at 9 PM;53% busy at 10 PM;60% busy at 11 PM;53% busy at 12 AM;40% busy at 1 AM;33% busy at 2 AM;40% busy at 3 AM;
Coffee shop,Coffee 9 Nine Grams | كوفي تسعة جرام,43,4.6,"العزيزية, شارع الدار قطني شارع الستين ECJC5032، 5032 ربيعة بن السكن، 6672، حي الشراع، الخبر 34742, Al Khobar 34751, Saudi Arabia",SA,Al Khobar,None,https://linktr.ee/cafe.9gm,+966 50 435 6446,"Monday Open 24 hours  2025-03-31
Tuesday Open 24 hours  2025-04-01
Wednesday Open 24 hours  2025-04-02
Thursday Open 24 hours  2025-04-03
Friday Open 24 hours  2025-04-04
Saturday Open 24 hours  2025-04-05
Sunday Open 24 hours  2025-04-06
 ",https://www.google.com/maps/place/Coffee+9+Nine+Grams+|+كوفي+تسعة+جرام/data=!4m5!3m4!1s0x3e49db5a44485d53:0x241f75e1969239f0!8m2!3d26.1552315!4d50.1395755?authuser=0&hl=en&rclk=1,0x3e49db5a44485d53:0x241f75e1969239f0,ChIJU11IRFrbST4R8DmSluF1HyQ,,26.1552315,50.1395755,coffee shops,https://lh5.googleusercontent.com/p/AF1QipMsFylaI8zrn4qq6bmyRCpoo9GtboeX6yl5LDgx=w408-h612-k-no,https://lh5.googleusercontent.com/p/AF1QipO7SsvusoEoArLZL6LiAPucr0PV1CnGnEUfOWp5=w1024-h960-p-k-no,https://lh5.googleusercontent.com/p/AF1QipOo9wkZYxQpyTdaIFiUOzv_mDTljCdAvnJJRjgH=w1024-h960-p-k-no,https://lh5.googleusercontent.com/p/AF1QipNkRgMvB6pJE5C6zEiEdHe9bH1LPGIdJ65vK28F=w1024-h960-p-k-no,null,SAR 20–40,,https://plus.codes/544Q+3R Al Khobar Saudi Arabia,544Q+3R Al Khobar Saudi Arabia,Delivery,Monday Open 24 hours  2025-03-31,Tuesday Open 24 hours  2025-04-01,Wednesday Open 24 hours  2025-04-02,Thursday Open 24 hours  2025-04-03,Friday Open 24 hours  2025-04-04,Saturday Open 24 hours  2025-04-05,Sunday Open 24 hours  2025-04-06,27% busy at 4 AM;37% busy at 5 AM;37% busy at 6 AM;44% busy at 7 AM;48% busy at 8 AM;65% busy at 9 AM;75% busy at 10 AM;75% busy at 11 AM;55% busy at 12 PM;41% busy at 1 PM;37% busy at 2 PM;44% busy at 3 PM;44% busy at 4 PM;41% busy at 5 PM;34% busy at 6 PM;41% busy at 7 PM;51% busy at 8 PM;58% busy at 9 PM;58% busy at 10 PM;34% busy at 11 PM;24% busy at 12 AM;27% busy at 1 AM;31% busy at 2 AM;31% busy at 3 AM;,20% busy at 4 AM;34% busy at 5 AM;34% busy at 6 AM;31% busy at 7 AM;34% busy at 8 AM;31% busy at 9 AM;37% busy at 10 AM;41% busy at 11 AM;37% busy at 12 PM;31% busy at 1 PM;31% busy at 2 PM;37% busy at 3 PM;48% busy at 4 PM;51% busy at 5 PM;41% busy at 6 PM;37% busy at 7 PM;34% busy at 8 PM;31% busy at 9 PM;24% busy at 10 PM;24% busy at 11 PM;24% busy at 12 AM;24% busy at 1 AM;27% busy at 2 AM;27% busy at 3 AM;,20% busy at 4 AM;24% busy at 5 AM;24% busy at 6 AM;34% busy at 7 AM;24% busy at 8 AM;34% busy at 9 AM;41% busy at 10 AM;48% busy at 11 AM;41% busy at 12 PM;17% busy at 1 PM;20% busy at 2 PM;34% busy at 3 PM;58% busy at 4 PM;62% busy at 5 PM;58% busy at 6 PM;75% busy at 7 PM;72% busy at 8 PM;72% busy at 9 PM;58% busy at 10 PM;34% busy at 11 PM;20% busy at 12 AM;20% busy at 1 AM;17% busy at 2 AM;24% busy at 3 AM;,17% busy at 4 AM;20% busy at 5 AM;17% busy at 6 AM;24% busy at 7 AM;31% busy at 8 AM;55% busy at 9 AM;65% busy at 10 AM;79% busy at 11 AM;75% busy at 12 PM;58% busy at 1 PM;55% busy at 2 PM;48% busy at 3 PM;55% busy at 4 PM;44% busy at 5 PM;37% busy at 6 PM;48% busy at 7 PM;72% busy at 8 PM;48% busy at 9 PM;44% busy at 10 PM;34% busy at 11 PM;34% busy at 12 AM;41% busy at 1 AM;37% busy at 2 AM;27% busy at 3 AM;,20% busy at 4 AM;27% busy at 5 AM;27% busy at 6 AM;48% busy at 7 AM;48% busy at 8 AM;58% busy at 9 AM;58% busy at 10 AM;37% busy at 11 AM;41% busy at 12 PM;41% busy at 1 PM;48% busy at 2 PM;58% busy at 3 PM;79% busy at 4 PM;86% busy at 5 PM;100% busy at 6 PM;100% busy at 7 PM;82% busy at 8 PM;68% busy at 9 PM;51% busy at 10 PM;44% busy at 11 PM;34% busy at 12 AM;34% busy at 1 AM;48% busy at 2 AM;34% busy at 3 AM;,37% busy at 4 AM;44% busy at 5 AM;62% busy at 6 AM;58% busy at 7 AM;65% busy at 8 AM;48% busy at 9 AM;44% busy at 10 AM;41% busy at 11 AM;55% busy at 12 PM;58% busy at 1 PM;65% busy at 2 PM;68% busy at 3 PM;68% busy at 4 PM;65% busy at 5 PM;55% busy at 6 PM;31% busy at 7 PM;27% busy at 8 PM;24% busy at 9 PM;24% busy at 10 PM;17% busy at 11 PM;10% busy at 12 AM;3% busy at 1 AM;6% busy at 2 AM;17% busy at 3 AM;,17% busy at 4 AM;20% busy at 5 AM;20% busy at 6 AM;24% busy at 7 AM;20% busy at 8 AM;27% busy at 9 AM;37% busy at 10 AM;37% busy at 11 AM;48% busy at 12 PM;55% busy at 1 PM;51% busy at 2 PM;48% busy at 3 PM;55% busy at 4 PM;62% busy at 5 PM;65% busy at 6 PM;44% busy at 7 PM;34% busy at 8 PM;24% busy at 9 PM;24% busy at 10 PM;24% busy at 11 PM;17% busy at 12 AM;24% busy at 1 AM;13% busy at 2 AM;20% busy at 3 AM;
Coffee shop,Dose Cafe,27,4.3,"Gharb Al Dhahran, 8396, 3300, Dhahran 34462, Saudi Arabia",SA,Dhahran,None,http://www.dosecafeksa.com/,+966 56 222 2411,"Monday 6:30 AM–3:30 PM  2025-03-31
Tuesday 6:30 AM–3:30 PM  2025-04-01
Wednesday 6:30 AM–3:30 PM  2025-04-02
Thursday 6:30 AM–3:30 PM  2025-04-03
Friday Closed  2025-04-04
Saturday Closed  2025-04-05
Sunday 6:30 AM–3:30 PM  2025-04-06
 ",https://www.google.com/maps/place/Dose+Cafe/data=!4m5!3m4!1s0x3e49e719813e490d:0x88456ef2963ba110!8m2!3d26.325568!4d50.1364224?authuser=0&hl=en&rclk=1,0x3e49e719813e490d:0x88456ef2963ba110,ChIJDUk-gRnnST4REKE7lvJuRYg,,26.325568,50.1364224,coffee shops,https://lh3.googleusercontent.com/gps-cs-s/AB5caB8todl90c1w01owD7SM8yFedGrM5eM-LRolOo4QHlq-jLYvwzVRKX1wrXO-67OUx_6IVPFMqQWo_VN4bRApfos5nvnweEADEwfXLx24V2NstD_tDPqdYxY5m-esx1oSL5Qi5m2wUw=w408-h306-k-no,https://lh5.googleusercontent.com/p/AF1QipM7GVyioPiXZfz8UaASKedCnfJvv1U-symjgmbO=w1024-h960-p-k-no,https://lh5.googleusercontent.com/p/AF1QipNFfmVbykp9hzEurN7ImlFnELSTkSJ9smnVF1ch=w1024-h960-p-k-no,https://lh5.googleusercontent.com/p/AF1QipPuvHm1PlbOuuGRcwPsS1EiR7FVzq7zcTYHIS_4=w1024-h960-p-k-no,null,SAR 20–40,,https://plus.codes/84GP+6H Dhahran Saudi Arabia,84GP+6H Dhahran Saudi Arabia,Takeout,Monday 6:30 AM–3:30 PM  2025-03-31,Tuesday 6:30 AM–3:30 PM  2025-04-01,Wednesday 6:30 AM–3:30 PM  2025-04-02,Thursday 6:30 AM–3:30 PM  2025-04-03,Friday Closed  2025-04-04,Saturday Closed  2025-04-05,Sunday 6:30 AM–3:30 PM  2025-04-06,,,,,,,
Coffee shop,Costa Coffee,12,3.9,"Sara Compound, Al Amwaj, Al Khobar 34751, Saudi Arabia",SA,Al Khobar,None,https://costaksa.com/en,+966 11 253 1805,"Monday 6 AM–8 PM  2025-03-31
Tuesday 6 AM–8 PM  2025-04-01
Wednesday 6 AM–8 PM  2025-04-02
Thursday 6 AM–8 PM  2025-04-03
Friday 6 AM–8 PM  2025-04-04
Saturday 6 AM–8 PM  2025-04-05
Sunday 6 AM–8 PM  2025-04-06
 ",https://www.google.com/maps/place/Costa+Coffee/data=!4m5!3m4!1s0x3e49db5867c9ca7f:0x96e71d1165f98a9d!8m2!3d26.1474887!4d50.151377?authuser=0&hl=en&rclk=1,0x3e49db5867c9ca7f:0x96e71d1165f98a9d,ChIJf8rJZ1jbST4RnYr5ZREd55Y,,26.1474887,50.151377,coffee shops,https://lh5.googleusercontent.com/p/AF1QipOnBY1DbqP6WE2OvqfqWNw9Rt0g4WWkQQBs9RPl=w426-h240-k-no,https://lh5.googleusercontent.com/p/AF1QipOnBY1DbqP6WE2OvqfqWNw9Rt0g4WWkQQBs9RPl=w1024-h960-p-k-no,https://lh5.googleusercontent.com/p/AF1QipMYPDPJTmwbj88luCk0BtLRDh1UJhFHUs9ZKEmM=w1024-h960-p-k-no,https://lh5.googleusercontent.com/p/CIHM0ogKEICAgICZq9PglAE=w1024-h960-p-k-no,null,None,,https://plus.codes/45W2+XH Al Khobar Saudi Arabia,45W2+XH Al Khobar Saudi Arabia,Delivery,Monday 6 AM–8 PM  2025-03-31,Tuesday 6 AM–8 PM  2025-04-01,Wednesday 6 AM–8 PM  2025-04-02,Thursday 6 AM–8 PM  2025-04-03,Friday 6 AM–8 PM  2025-04-04,Saturday 6 AM–8 PM  2025-04-05,Sunday 6 AM–8 PM  2025-04-06,0% busy at 5 AM;38% busy at 6 AM;38% busy at 7 AM;61% busy at 8 AM;50% busy at 9 AM;55% busy at 10 AM;38% busy at 11 AM;50% busy at 12 PM;44% busy at 1 PM;72% busy at 2 PM;72% busy at 3 PM;83% busy at 4 PM;55% busy at 5 PM;27% busy at 6 PM;27% busy at 7 PM;0% busy at 8 PM;0% busy at 9 PM;0% busy at 10 PM;,0% busy at 5 AM;44% busy at 6 AM;38% busy at 7 AM;11% busy at 8 AM;16% busy at 9 AM;27% busy at 10 AM;38% busy at 11 AM;33% busy at 12 PM;44% busy at 1 PM;44% busy at 2 PM;77% busy at 3 PM;77% busy at 4 PM;88% busy at 5 PM;72% busy at 6 PM;50% busy at 7 PM;0% busy at 8 PM;0% busy at 9 PM;0% busy at 10 PM;,0% busy at 5 AM;22% busy at 6 AM;5% busy at 7 AM;22% busy at 8 AM;38% busy at 9 AM;61% busy at 10 AM;50% busy at 11 AM;44% busy at 12 PM;27% busy at 1 PM;11% busy at 2 PM;11% busy at 3 PM;22% busy at 4 PM;16% busy at 5 PM;16% busy at 6 PM;22% busy at 7 PM;0% busy at 8 PM;0% busy at 9 PM;0% busy at 10 PM;,0% busy at 5 AM;83% busy at 6 AM;55% busy at 7 AM;50% busy at 8 AM;33% busy at 9 AM;33% busy at 10 AM;38% busy at 11 AM;33% busy at 12 PM;27% busy at 1 PM;27% busy at 2 PM;27% busy at 3 PM;33% busy at 4 PM;44% busy at 5 PM;61% busy at 6 PM;55% busy at 7 PM;0% busy at 8 PM;0% busy at 9 PM;0% busy at 10 PM;,0% busy at 5 AM;72% busy at 6 AM;44% busy at 7 AM;16% busy at 8 AM;0% busy at 9 AM;11% busy at 10 AM;27% busy at 11 AM;44% busy at 12 PM;55% busy at 1 PM;55% busy at 2 PM;44% busy at 3 PM;38% busy at 4 PM;27% busy at 5 PM;27% busy at 6 PM;33% busy at 7 PM;0% busy at 8 PM;0% busy at 9 PM;0% busy at 10 PM;,0% busy at 5 AM;22% busy at 6 AM;11% busy at 7 AM;11% busy at 8 AM;22% busy at 9 AM;27% busy at 10 AM;22% busy at 11 AM;16% busy at 12 PM;33% busy at 1 PM;33% busy at 2 PM;38% busy at 3 PM;38% busy at 4 PM;61% busy at 5 PM;83% busy at 6 PM;100% busy at 7 PM;0% busy at 8 PM;0% busy at 9 PM;0% busy at 10 PM;,0% busy at 5 AM;27% busy at 6 AM;50% busy at 7 AM;55% busy at 8 AM;55% busy at 9 AM;50% busy at 10 AM;38% busy at 11 AM;22% busy at 12 PM;5% busy at 1 PM;11% busy at 2 PM;16% busy at 3 PM;16% busy at 4 PM;16% busy at 5 PM;27% busy at 6 PM;55% busy at 7 PM;0% busy at 8 PM;0% busy at 9 PM;0% busy at 10 PM;
Coffee shop,wxyz lounge,106,4.1,"853F+VP7، شارع الملك سعودالفرعي، حي العليا, Olaya, Al Khobar 34447, Saudi Arabia",SA,Al Khobar,None,null,+966 13 816 4444,"Monday Open 24 hours  2025-03-31
Tuesday Open 24 hours  2025-04-01
Wednesday Open 24 hours  2025-04-02
Thursday Open 24 hours  2025-04-03
Friday Open 24 hours  2025-04-04
Saturday Open 24 hours  2025-04-05
Sunday Open 24 hours  2025-04-06
 ",https://www.google.com/maps/place/wxyz+lounge/data=!4m5!3m4!1s0x3e49e62dc184549b:0x73605a53bbfa14cb!8m2!3d26.3046624!4d50.1742876?authuser=0&hl=en&rclk=1,0x3e49e62dc184549b:0x73605a53bbfa14cb,ChIJm1SEwS3mST4RyxT6u1NaYHM,,26.3046624,50.1742876,coffee shops,https://lh3.googleusercontent.com/gps-cs-s/AB5caB8VCtzy2pTIkNr4gPUoE-SM6J9O5QNGyV96NtmctbupD79pqKroW538Xh2VmUryElF5YO9vhmNKS3CBH9SZvCUvrVGbGvdbfDZ2UaL-1pQC9EfpVipVGWZenswWMIcCR3GkRZjb=w533-h240-k-no,https://lh5.googleusercontent.com/p/SEvsvQWk-5MTDrox69UjpJNPBgs3U152elAae80-Uj1IpVD16g5DiYOCVcjXI0jc=w1024-h960-p-k-no,https://lh5.googleusercontent.com/p/CIHM0ogKEICAgICunKKECw=w1024-h960-p-k-no,https://lh5.googleusercontent.com/p/CIHM0ogKEICAgID1hcPIXw=w1024-h960-p-k-no,null,SAR 80–100,,null,null,Onsite services,Monday Open 24 hours  2025-03-31,Tuesday Open 24 hours  2025-04-01,Wednesday Open 24 hours  2025-04-02,Thursday Open 24 hours  2025-04-03,Friday Open 24 hours  2025-04-04,Saturday Open 24 hours  2025-04-05,Sunday Open 24 hours  2025-04-06,42% busy at 4 AM;92% busy at 5 AM;100% busy at 6 AM;100% busy at 7 AM;50% busy at 8 AM;21% busy at 9 AM;7% busy at 10 AM;21% busy at 11 AM;42% busy at 12 PM;42% busy at 1 PM;28% busy at 2 PM;28% busy at 3 PM;35% busy at 4 PM;42% busy at 5 PM;57% busy at 6 PM;100% busy at 7 PM;57% busy at 8 PM;42% busy at 9 PM;14% busy at 10 PM;35% busy at 11 PM;35% busy at 12 AM;50% busy at 1 AM;35% busy at 2 AM;42% busy at 3 AM;,78% busy at 4 AM;78% busy at 5 AM;50% busy at 6 AM;28% busy at 7 AM;28% busy at 8 AM;42% busy at 9 AM;21% busy at 10 AM;28% busy at 11 AM;28% busy at 12 PM;35% busy at 1 PM;35% busy at 2 PM;42% busy at 3 PM;78% busy at 4 PM;78% busy at 5 PM;71% busy at 6 PM;57% busy at 7 PM;50% busy at 8 PM;64% busy at 9 PM;50% busy at 10 PM;57% busy at 11 PM;50% busy at 12 AM;71% busy at 1 AM;50% busy at 2 AM;64% busy at 3 AM;,21% busy at 4 AM;28% busy at 5 AM;28% busy at 6 AM;28% busy at 7 AM;21% busy at 8 AM;14% busy at 9 AM;28% busy at 10 AM;28% busy at 11 AM;28% busy at 12 PM;35% busy at 1 PM;21% busy at 2 PM;28% busy at 3 PM;42% busy at 4 PM;100% busy at 5 PM;78% busy at 6 PM;57% busy at 7 PM;21% busy at 8 PM;28% busy at 9 PM;21% busy at 10 PM;21% busy at 11 PM;21% busy at 12 AM;21% busy at 1 AM;14% busy at 2 AM;28% busy at 3 AM;,7% busy at 4 AM;7% busy at 5 AM;28% busy at 6 AM;57% busy at 7 AM;50% busy at 8 AM;35% busy at 9 AM;50% busy at 10 AM;57% busy at 11 AM;64% busy at 12 PM;35% busy at 1 PM;21% busy at 2 PM;14% busy at 3 PM;0% busy at 4 PM;21% busy at 5 PM;42% busy at 6 PM;92% busy at 7 PM;71% busy at 8 PM;78% busy at 9 PM;28% busy at 10 PM;14% busy at 11 PM;14% busy at 12 AM;21% busy at 1 AM;14% busy at 2 AM;21% busy at 3 AM;,64% busy at 4 AM;50% busy at 5 AM;35% busy at 6 AM;21% busy at 7 AM;14% busy at 8 AM;21% busy at 9 AM;35% busy at 10 AM;50% busy at 11 AM;50% busy at 12 PM;50% busy at 1 PM;50% busy at 2 PM;50% busy at 3 PM;42% busy at 4 PM;57% busy at 5 PM;57% busy at 6 PM;50% busy at 7 PM;35% busy at 8 PM;57% busy at 9 PM;64% busy at 10 PM;57% busy at 11 PM;57% busy at 12 AM;64% busy at 1 AM;71% busy at 2 AM;64% busy at 3 AM;,85% busy at 4 AM;57% busy at 5 AM;64% busy at 6 AM;50% busy at 7 AM;64% busy at 8 AM;42% busy at 9 AM;57% busy at 10 AM;57% busy at 11 AM;78% busy at 12 PM;57% busy at 1 PM;42% busy at 2 PM;50% busy at 3 PM;42% busy at 4 PM;42% busy at 5 PM;35% busy at 6 PM;35% busy at 7 PM;42% busy at 8 PM;42% busy at 9 PM;50% busy at 10 PM;57% busy at 11 PM;42% busy at 12 AM;42% busy at 1 AM;50% busy at 2 AM;57% busy at 3 AM;,64% busy at 4 AM;85% busy at 5 AM;85% busy at 6 AM;78% busy at 7 AM;57% busy at 8 AM;50% busy at 9 AM;42% busy at 10 AM;35% busy at 11 AM;14% busy at 12 PM;7% busy at 1 PM;28% busy at 2 PM;64% busy at 3 PM;71% busy at 4 PM;50% busy at 5 PM;50% busy at 6 PM;42% busy at 7 PM;42% busy at 8 PM;35% busy at 9 PM;57% busy at 10 PM;71% busy at 11 PM;85% busy at 12 AM;71% busy at 1 AM;42% busy at 2 AM;50% busy at 3 AM;
Coffee shop,Barn's | بارنز,175,4.3,"Riyadh Highway, Al Fursan, Dammam 32333, Saudi Arabia",SA,Dammam,None,https://barns.com.sa/en,+966 9200 06843,"Monday Open 24 hours  2025-03-31
Tuesday Open 24 hours  2025-04-01
Wednesday Open 24 hours  2025-04-02
Thursday Open 24 hours  2025-04-03
Friday Open 24 hours  2025-04-04
Saturday Open 24 hours  2025-04-05
Sunday Open 24 hours  2025-04-06
 ",https://www.google.com/maps/place/Barn's+|+بارنز/data=!4m5!3m4!1s0x3e361dcfc729820f:0x6f84cdb70e6fa30!8m2!3d26.3385937!4d49.9579871?authuser=0&hl=en&rclk=1,0x3e361dcfc729820f:0x6f84cdb70e6fa30,ChIJD4Ipx88dNj4RMPrmcNtM-AY,,26.3385937,49.9579871,coffee shops,https://lh3.googleusercontent.com/gps-cs-s/AB5caB-nU-UxCPiTXtV_fNEHxHHwcexox5l-0874cDOBpncKn_HWfq2L1AGjP_BbFQklYHJngqamtV8KhcHpx106GycaF5ACcG6yCqiHUTc_LwAFnSNZseS-iGjSaz2uNmKLz3ctUYIx=w408-h544-k-no,https://lh5.googleusercontent.com/p/AF1QipN2jeKOCZIlPtpcT35IA-Y1WKEu7em_nkexQIrS=w1024-h960-p-k-no,https://lh5.googleusercontent.com/p/AF1QipO7e_9_YKiXVV1TSMm7LShnglOGnQOd0ckDEl9W=w1024-h960-p-k-no,https://lh5.googleusercontent.com/p/AF1QipPK4V14e2HnAGWlCL35MDH1xQyH15qBnXgilG-G=w1024-h960-p-k-no,null,SAR 1–20,,https://plus.codes/8XQ5+C5 Dammam Saudi Arabia,8XQ5+C5 Dammam Saudi Arabia,Delivery,Monday Open 24 hours  2025-03-31,Tuesday Open 24 hours  2025-04-01,Wednesday Open 24 hours  2025-04-02,Thursday Open 24 hours  2025-04-03,Friday Open 24 hours  2025-04-04,Saturday Open 24 hours  2025-04-05,Sunday Open 24 hours  2025-04-06,50% busy at 4 AM;50% busy at 5 AM;55% busy at 6 AM;60% busy at 7 AM;75% busy at 8 AM;85% busy at 9 AM;70% busy at 10 AM;65% busy at 11 AM;40% busy at 12 PM;50% busy at 1 PM;40% busy at 2 PM;50% busy at 3 PM;50% busy at 4 PM;50% busy at 5 PM;40% busy at 6 PM;35% busy at 7 PM;30% busy at 8 PM;35% busy at 9 PM;35% busy at 10 PM;20% busy at 11 PM;25% busy at 12 AM;30% busy at 1 AM;35% busy at 2 AM;40% busy at 3 AM;,60% busy at 4 AM;45% busy at 5 AM;45% busy at 6 AM;35% busy at 7 AM;60% busy at 8 AM;60% busy at 9 AM;70% busy at 10 AM;60% busy at 11 AM;45% busy at 12 PM;40% busy at 1 PM;35% busy at 2 PM;30% busy at 3 PM;30% busy at 4 PM;50% busy at 5 PM;40% busy at 6 PM;30% busy at 7 PM;30% busy at 8 PM;35% busy at 9 PM;55% busy at 10 PM;60% busy at 11 PM;55% busy at 12 AM;30% busy at 1 AM;35% busy at 2 AM;35% busy at 3 AM;,45% busy at 4 AM;50% busy at 5 AM;55% busy at 6 AM;60% busy at 7 AM;60% busy at 8 AM;50% busy at 9 AM;60% busy at 10 AM;60% busy at 11 AM;70% busy at 12 PM;65% busy at 1 PM;70% busy at 2 PM;55% busy at 3 PM;50% busy at 4 PM;35% busy at 5 PM;45% busy at 6 PM;45% busy at 7 PM;50% busy at 8 PM;35% busy at 9 PM;45% busy at 10 PM;40% busy at 11 PM;40% busy at 12 AM;35% busy at 1 AM;40% busy at 2 AM;35% busy at 3 AM;,35% busy at 4 AM;40% busy at 5 AM;35% busy at 6 AM;50% busy at 7 AM;55% busy at 8 AM;55% busy at 9 AM;50% busy at 10 AM;35% busy at 11 AM;20% busy at 12 PM;30% busy at 1 PM;30% busy at 2 PM;55% busy at 3 PM;60% busy at 4 PM;75% busy at 5 PM;70% busy at 6 PM;65% busy at 7 PM;50% busy at 8 PM;45% busy at 9 PM;40% busy at 10 PM;40% busy at 11 PM;25% busy at 12 AM;20% busy at 1 AM;25% busy at 2 AM;20% busy at 3 AM;,50% busy at 4 AM;30% busy at 5 AM;35% busy at 6 AM;35% busy at 7 AM;60% busy at 8 AM;65% busy at 9 AM;85% busy at 10 AM;100% busy at 11 AM;80% busy at 12 PM;65% busy at 1 PM;45% busy at 2 PM;60% busy at 3 PM;70% busy at 4 PM;75% busy at 5 PM;55% busy at 6 PM;55% busy at 7 PM;45% busy at 8 PM;40% busy at 9 PM;40% busy at 10 PM;35% busy at 11 PM;25% busy at 12 AM;10% busy at 1 AM;10% busy at 2 AM;20% busy at 3 AM;,35% busy at 4 AM;30% busy at 5 AM;30% busy at 6 AM;45% busy at 7 AM;70% busy at 8 AM;70% busy at 9 AM;55% busy at 10 AM;30% busy at 11 AM;15% busy at 12 PM;15% busy at 1 PM;30% busy at 2 PM;40% busy at 3 PM;65% busy at 4 PM;85% busy at 5 PM;90% busy at 6 PM;60% busy at 7 PM;50% busy at 8 PM;30% busy at 9 PM;25% busy at 10 PM;30% busy at 11 PM;25% busy at 12 AM;25% busy at 1 AM;35% busy at 2 AM;45% busy at 3 AM;,30% busy at 4 AM;40% busy at 5 AM;50% busy at 6 AM;60% busy at 7 AM;50% busy at 8 AM;45% busy at 9 AM;20% busy at 10 AM;25% busy at 11 AM;20% busy at 12 PM;30% busy at 1 PM;40% busy at 2 PM;55% busy at 3 PM;45% busy at 4 PM;30% busy at 5 PM;30% busy at 6 PM;30% busy at 7 PM;30% busy at 8 PM;40% busy at 9 PM;40% busy at 10 PM;40% busy at 11 PM;30% busy at 12 AM;45% busy at 1 AM;40% busy at 2 AM;45% busy at 3 AM;
Coffee shop,MonMisu Cafe,5,4.8,"غيلان بن عقبة، 2542،, حي العليا،, EKJA7263، 7263, Al Khobar 34448, Saudi Arabia",SA,Al Khobar,None,null,null, ,https://www.google.com/maps/place/MonMisu+Cafe/data=!4m5!3m4!1s0x3e49e72927afb7ef:0xcb7174a1a1ff22e5!8m2!3d26.2997666!4d50.1704469?authuser=0&hl=en&rclk=1,0x3e49e72927afb7ef:0xcb7174a1a1ff22e5,ChIJ77evJynnST4R5SL_oaF0ccs,,26.2997666,50.1704469,coffee shops,https://lh3.googleusercontent.com/gps-cs-s/AB5caB9Z3Ve2YmTrW2rTDMQDmS8uV0JGnHm2LjhXBk-Odh7J4VnYUQ3zKaBueHJh8KZ9DY2kvqbPd2jvyQeCfCmyA-Z70zrIt2j_nzWyxpKp9DwwSupx5k_BAbv7M6LZ0TjncLDvqNbaMw=w408-h544-k-no,https://lh5.googleusercontent.com/p/AF1QipOFmu5vGc6cmNbxewAxkUgJ9N7VH19-jiV5EKa0=w1024-h960-p-k-no,null,null,null,None,,https://plus.codes/75XC+W5 Al Khobar Saudi Arabia,75XC+W5 Al Khobar Saudi Arabia,Delivery,,,,,,,,,,,,,,
Coffee shop,Elpida Cafe & Roastery,1,5,"3311 King Faisal Ibn Abd Al Aziz, Al Bahar, 6355, Al Khobar 34218, Saudi Arabia",SA,Al Khobar,None,https://www.instagram.com/elpidacafeandroastery,null, ,https://www.google.com/maps/place/Elpida+Cafe+&+Roastery/data=!4m5!3m4!1s0x3e49e9a1897f05dd:0x109c0ceb40c470d3!8m2!3d26.3509134!4d50.2117658?authuser=0&hl=en&rclk=1,0x3e49e9a1897f05dd:0x109c0ceb40c470d3,ChIJ3QV_iaHpST4R03DEQOsMnBA,,26.3509134,50.2117658,coffee shops,null,null,null,null,null,None,,https://plus.codes/9626+9P Al Khobar Saudi Arabia,9626+9P Al Khobar Saudi Arabia,Delivery,,,,,,,,,,,,,,
Coffee shop,Saqr Al-Rafidain Coffee Shop for Drinks,33,3.5,"65GM+2JC, Al Thawn, Al Khobar 34632, Saudi Arabia",SA,Al Khobar,None,null,null,"Monday Open 24 hours  2025-03-31
Tuesday Open 24 hours  2025-04-01
Wednesday Open 24 hours  2025-04-02
Thursday Open 24 hours  2025-04-03
Friday Open 24 hours  2025-04-04
Saturday Open 24 hours  2025-04-05
Sunday Open 24 hours  2025-04-06
 ",https://www.google.com/maps/place/Saqr+Al-Rafidain+Coffee+Shop+for+Drinks/data=!4m5!3m4!1s0x3e49c310b87d5c83:0x2e93d90058a902c4!8m2!3d26.2250521!4d50.1840226?authuser=0&hl=en&rclk=1,0x3e49c310b87d5c83:0x2e93d90058a902c4,ChIJg1x9uBDDST4RxAKpWADZky4,,26.2250521,50.1840226,coffee shops,https://lh3.googleusercontent.com/gps-cs-s/AB5caB8l7o8M_gdNN_j8JEoGaWxbxXoUB-ssMEuMSdtvjJP-JT99au-u5PTCTL2q2sbORlqz50QYMe5suldISN70sDuz9-r0ldrHHDv-3snkntbR9hFCPN2QSuxzqN-uRmhRkor82B4=w408-h306-k-no,https://lh5.googleusercontent.com/p/AF1QipOMMPMRxdcIByZHnQzeCJz0clMo2D8bBbwaL6k=w1024-h960-p-k-no,https://lh5.googleusercontent.com/p/AF1QipNefrEpEy2dxGTDsWpIUFvQ7SDsaSGmg23gWWc=w1024-h960-p-k-no,null,null,SAR 20–40,,null,null,No-contact delivery,Monday Open 24 hours  2025-03-31,Tuesday Open 24 hours  2025-04-01,Wednesday Open 24 hours  2025-04-02,Thursday Open 24 hours  2025-04-03,Friday Open 24 hours  2025-04-04,Saturday Open 24 hours  2025-04-05,Sunday Open 24 hours  2025-04-06,23% busy at 4 AM;27% busy at 5 AM;27% busy at 6 AM;34% busy at 7 AM;27% busy at 8 AM;34% busy at 9 AM;36% busy at 10 AM;36% busy at 11 AM;23% busy at 12 PM;20% busy at 1 PM;23% busy at 2 PM;30% busy at 3 PM;32% busy at 4 PM;34% busy at 5 PM;38% busy at 6 PM;63% busy at 7 PM;72% busy at 8 PM;76% busy at 9 PM;63% busy at 10 PM;54% busy at 11 PM;40% busy at 12 AM;30% busy at 1 AM;29% busy at 2 AM;29% busy at 3 AM;,20% busy at 4 AM;29% busy at 5 AM;29% busy at 6 AM;36% busy at 7 AM;23% busy at 8 AM;21% busy at 9 AM;20% busy at 10 AM;27% busy at 11 AM;27% busy at 12 PM;25% busy at 1 PM;21% busy at 2 PM;18% busy at 3 PM;23% busy at 4 PM;25% busy at 5 PM;30% busy at 6 PM;32% busy at 7 PM;45% busy at 8 PM;63% busy at 9 PM;76% busy at 10 PM;76% busy at 11 PM;49% busy at 12 AM;27% busy at 1 AM;16% busy at 2 AM;20% busy at 3 AM;,18% busy at 4 AM;21% busy at 5 AM;36% busy at 6 AM;47% busy at 7 AM;40% busy at 8 AM;34% busy at 9 AM;30% busy at 10 AM;38% busy at 11 AM;34% busy at 12 PM;30% busy at 1 PM;18% busy at 2 PM;18% busy at 3 PM;25% busy at 4 PM;32% busy at 5 PM;32% busy at 6 PM;32% busy at 7 PM;40% busy at 8 PM;56% busy at 9 PM;65% busy at 10 PM;61% busy at 11 PM;52% busy at 12 AM;30% busy at 1 AM;21% busy at 2 AM;18% busy at 3 AM;,21% busy at 4 AM;27% busy at 5 AM;25% busy at 6 AM;30% busy at 7 AM;30% busy at 8 AM;36% busy at 9 AM;38% busy at 10 AM;40% busy at 11 AM;32% busy at 12 PM;27% busy at 1 PM;30% busy at 2 PM;32% busy at 3 PM;36% busy at 4 PM;34% busy at 5 PM;47% busy at 6 PM;52% busy at 7 PM;69% busy at 8 PM;81% busy at 9 PM;96% busy at 10 PM;100% busy at 11 PM;76% busy at 12 AM;52% busy at 1 AM;40% busy at 2 AM;25% busy at 3 AM;,23% busy at 4 AM;21% busy at 5 AM;20% busy at 6 AM;27% busy at 7 AM;38% busy at 8 AM;29% busy at 9 AM;25% busy at 10 AM;16% busy at 11 AM;18% busy at 12 PM;18% busy at 1 PM;27% busy at 2 PM;29% busy at 3 PM;34% busy at 4 PM;43% busy at 5 PM;65% busy at 6 PM;81% busy at 7 PM;78% busy at 8 PM;76% busy at 9 PM;80% busy at 10 PM;83% busy at 11 PM;63% busy at 12 AM;50% busy at 1 AM;32% busy at 2 AM;25% busy at 3 AM;,21% busy at 4 AM;25% busy at 5 AM;36% busy at 6 AM;41% busy at 7 AM;29% busy at 8 AM;16% busy at 9 AM;9% busy at 10 AM;10% busy at 11 AM;21% busy at 12 PM;27% busy at 1 PM;32% busy at 2 PM;30% busy at 3 PM;32% busy at 4 PM;38% busy at 5 PM;50% busy at 6 PM;58% busy at 7 PM;65% busy at 8 PM;56% busy at 9 PM;60% busy at 10 PM;47% busy at 11 PM;36% busy at 12 AM;27% busy at 1 AM;27% busy at 2 AM;18% busy at 3 AM;,12% busy at 4 AM;25% busy at 5 AM;38% busy at 6 AM;50% busy at 7 AM;41% busy at 8 AM;29% busy at 9 AM;23% busy at 10 AM;27% busy at 11 AM;34% busy at 12 PM;32% busy at 1 PM;34% busy at 2 PM;34% busy at 3 PM;30% busy at 4 PM;29% busy at 5 PM;45% busy at 6 PM;61% busy at 7 PM;72% busy at 8 PM;76% busy at 9 PM;74% busy at 10 PM;70% busy at 11 PM;50% busy at 12 AM;29% busy at 1 AM;18% busy at 2 AM;12% busy at 3 AM;
Coffee shop,Aqiq Tea & Coffee عقيق شاي وكوفي,20,4.7,"Abdulrahman Ibn Muath St, Al Jisr, Al Khobar 34714, Saudi Arabia",SA,Al Khobar,None,https://wa.me/966506013395,+966 50 601 3395,"Monday 6 AM–3 AM  2025-03-31
Tuesday 6 AM–3 AM  2025-04-01
Wednesday 6 AM–3 AM  2025-04-02
Thursday 6 AM–3 AM  2025-04-03
Friday 1 PM–3 AM  2025-04-04
Saturday 6 AM–3 AM  2025-04-05
Sunday 6 AM–3 AM  2025-04-06
 ",https://www.google.com/maps/place/Aqiq+Tea+&+Coffee+عقيق+شاي+وكوفي/data=!4m5!3m4!1s0x3e49c30056361289:0x2398edcde716cca9!8m2!3d26.2162112!4d50.2069999?authuser=0&hl=en&rclk=1,0x3e49c30056361289:0x2398edcde716cca9,ChIJiRI2VgDDST4RqcwW583tmCM,,26.2162112,50.2069999,coffee shops,https://lh5.googleusercontent.com/p/AF1QipNlqyDFR5SVW8SNln6HWz8sKof9IiSHY5V4aWrv=w408-h544-k-no,https://lh5.googleusercontent.com/p/AF1QipOhh9QIUz2LqlcAYRdng51EnW4Y_Vo6tgR8COm7=w1024-h960-p-k-no,https://lh5.googleusercontent.com/p/AF1QipMRmWUry2bk2xc2EyNyTlKCdBHVsp9ULrxcQNRZ=w1024-h960-p-k-no,https://lh5.googleusercontent.com/p/AF1QipNV8svWlPOekqdaS9pBICLVNP0nM-Fo1qlellt7=w1024-h960-p-k-no,null,None,,https://plus.codes/6684+FQ Al Khobar Saudi Arabia,6684+FQ Al Khobar Saudi Arabia,Dine-in,Monday 6 AM–3 AM  2025-03-31,Tuesday 6 AM–3 AM  2025-04-01,Wednesday 6 AM–3 AM  2025-04-02,Thursday 6 AM–3 AM  2025-04-03,Friday 1 PM–3 AM  2025-04-04,Saturday 6 AM–3 AM  2025-04-05,Sunday 6 AM–3 AM  2025-04-06,0% busy at 5 AM;18% busy at 6 AM;43% busy at 7 AM;50% busy at 8 AM;56% busy at 9 AM;31% busy at 10 AM;31% busy at 11 AM;37% busy at 12 PM;31% busy at 1 PM;37% busy at 2 PM;31% busy at 3 PM;31% busy at 4 PM;25% busy at 5 PM;25% busy at 6 PM;31% busy at 7 PM;43% busy at 8 PM;50% busy at 9 PM;50% busy at 10 PM;31% busy at 11 PM;18% busy at 12 AM;6% busy at 1 AM;18% busy at 2 AM;,0% busy at 5 AM;50% busy at 6 AM;68% busy at 7 AM;75% busy at 8 AM;37% busy at 9 AM;25% busy at 10 AM;12% busy at 11 AM;25% busy at 12 PM;43% busy at 1 PM;43% busy at 2 PM;31% busy at 3 PM;31% busy at 4 PM;31% busy at 5 PM;43% busy at 6 PM;31% busy at 7 PM;25% busy at 8 PM;12% busy at 9 PM;12% busy at 10 PM;25% busy at 11 PM;18% busy at 12 AM;12% busy at 1 AM;25% busy at 2 AM;,0% busy at 5 AM;31% busy at 6 AM;25% busy at 7 AM;18% busy at 8 AM;18% busy at 9 AM;37% busy at 10 AM;43% busy at 11 AM;62% busy at 12 PM;68% busy at 1 PM;68% busy at 2 PM;75% busy at 3 PM;87% busy at 4 PM;87% busy at 5 PM;62% busy at 6 PM;56% busy at 7 PM;37% busy at 8 PM;50% busy at 9 PM;37% busy at 10 PM;56% busy at 11 PM;56% busy at 12 AM;75% busy at 1 AM;62% busy at 2 AM;,0% busy at 5 AM;62% busy at 6 AM;50% busy at 7 AM;62% busy at 8 AM;87% busy at 9 AM;81% busy at 10 AM;68% busy at 11 AM;56% busy at 12 PM;37% busy at 1 PM;43% busy at 2 PM;50% busy at 3 PM;62% busy at 4 PM;62% busy at 5 PM;31% busy at 6 PM;31% busy at 7 PM;31% busy at 8 PM;56% busy at 9 PM;68% busy at 10 PM;62% busy at 11 PM;62% busy at 12 AM;43% busy at 1 AM;62% busy at 2 AM;,0% busy at 6 AM;0% busy at 7 AM;0% busy at 8 AM;0% busy at 9 AM;0% busy at 10 AM;0% busy at 11 AM;0% busy at 12 PM;31% busy at 1 PM;25% busy at 2 PM;43% busy at 3 PM;43% busy at 4 PM;62% busy at 5 PM;43% busy at 6 PM;56% busy at 7 PM;56% busy at 8 PM;50% busy at 9 PM;31% busy at 10 PM;31% busy at 11 PM;43% busy at 12 AM;56% busy at 1 AM;68% busy at 2 AM;,0% busy at 5 AM;56% busy at 6 AM;43% busy at 7 AM;25% busy at 8 AM;31% busy at 9 AM;31% busy at 10 AM;31% busy at 11 AM;43% busy at 12 PM;25% busy at 1 PM;18% busy at 2 PM;12% busy at 3 PM;12% busy at 4 PM;18% busy at 5 PM;25% busy at 6 PM;37% busy at 7 PM;25% busy at 8 PM;37% busy at 9 PM;31% busy at 10 PM;56% busy at 11 PM;93% busy at 12 AM;93% busy at 1 AM;100% busy at 2 AM;,0% busy at 5 AM;37% busy at 6 AM;25% busy at 7 AM;18% busy at 8 AM;31% busy at 9 AM;56% busy at 10 AM;43% busy at 11 AM;37% busy at 12 PM;12% busy at 1 PM;6% busy at 2 PM;6% busy at 3 PM;12% busy at 4 PM;25% busy at 5 PM;18% busy at 6 PM;18% busy at 7 PM;31% busy at 8 PM;31% busy at 9 PM;43% busy at 10 PM;37% busy at 11 PM;62% busy at 12 AM;62% busy at 1 AM;50% busy at 2 AM;
Coffee shop,Art Coffee,1,3,"7128 Prince Turkey Street, Al Yarmouk, Al Khobar 34422, Saudi Arabia",SA,Al Khobar,None,null,null, ,https://www.google.com/maps/place/Art+Coffee/data=!4m5!3m4!1s0x3e49e900665e0ae3:0xa4381c9025bfebc3!8m2!3d26.318295!4d50.2220222?authuser=0&hl=en&rclk=1,0x3e49e900665e0ae3:0xa4381c9025bfebc3,ChIJ4wpeZgDpST4Rw-u_JZAcOKQ,,26.318295,50.2220222,coffee shops,null,null,null,null,null,None,,https://plus.codes/869C+8R Al Khobar Saudi Arabia,869C+8R Al Khobar Saudi Arabia,Delivery,,,,,,,,,,,,,,
Coffee shop,Sip day specialty coffee,145,4.6,"938H+VPG, An Nada, Dammam 34263, Saudi Arabia",SA,Dammam,None,https://www.instagram.com/sipday10,null,"Monday Open 24 hours  2025-03-31
Tuesday Open 24 hours  2025-04-01
Wednesday Open 24 hours  2025-04-02
Thursday Open 24 hours  2025-04-03
Friday Open 24 hours  2025-04-04
Saturday Open 24 hours  2025-04-05
Sunday Open 24 hours  2025-04-06
 ",https://www.google.com/maps/place/Sip+day+specialty+coffee/data=!4m5!3m4!1s0x3e49e3000f7595b9:0x4c9b9fa99b7784ca!8m2!3d26.3671771!4d50.079292?authuser=0&hl=en&rclk=1,0x3e49e3000f7595b9:0x4c9b9fa99b7784ca,ChIJuZV1DwDjST4RyoR3m6mfm0w,,26.3671771,50.079292,coffee shops,https://lh3.googleusercontent.com/gps-cs-s/AB5caB8ojS4NXOBxOI9srZt2uQrizcObgz5qBUfEXxVggJquABlJ8DyHeZaumD-tAoJ0SeWqfWUF7KGlVwhFOq4cFbB6B0ZG2I4LVUkafeRnOLnPb4Wp5kRqPj50S6RSSSey9yKFyalyUg=w408-h725-k-no,https://lh5.googleusercontent.com/p/AF1QipOvCI_C3sVpR8ah0-valjc8FIpW89W2AZf0vWpm=w1024-h960-p-k-no,https://lh5.googleusercontent.com/p/AF1QipM_S5XUaZ2cySswViYM1aWrHcIqmVUsRQxMvfNy=w1024-h960-p-k-no,https://lh5.googleusercontent.com/p/AF1QipPjKv0PvNxgjhgM1OQO16K0OykNnydh1CgCO-Qr=w1024-h960-p-k-no,null,SAR 1–20,,null,null,Delivery,Monday Open 24 hours  2025-03-31,Tuesday Open 24 hours  2025-04-01,Wednesday Open 24 hours  2025-04-02,Thursday Open 24 hours  2025-04-03,Friday Open 24 hours  2025-04-04,Saturday Open 24 hours  2025-04-05,Sunday Open 24 hours  2025-04-06,23% busy at 4 AM;33% busy at 5 AM;40% busy at 6 AM;40% busy at 7 AM;46% busy at 8 AM;46% busy at 9 AM;63% busy at 10 AM;60% busy at 11 AM;50% busy at 12 PM;53% busy at 1 PM;56% busy at 2 PM;66% busy at 3 PM;60% busy at 4 PM;46% busy at 5 PM;30% busy at 6 PM;23% busy at 7 PM;23% busy at 8 PM;36% busy at 9 PM;60% busy at 10 PM;66% busy at 11 PM;50% busy at 12 AM;30% busy at 1 AM;20% busy at 2 AM;16% busy at 3 AM;,20% busy at 4 AM;20% busy at 5 AM;30% busy at 6 AM;26% busy at 7 AM;33% busy at 8 AM;30% busy at 9 AM;40% busy at 10 AM;46% busy at 11 AM;56% busy at 12 PM;66% busy at 1 PM;53% busy at 2 PM;50% busy at 3 PM;50% busy at 4 PM;53% busy at 5 PM;46% busy at 6 PM;43% busy at 7 PM;40% busy at 8 PM;56% busy at 9 PM;70% busy at 10 PM;73% busy at 11 PM;60% busy at 12 AM;43% busy at 1 AM;43% busy at 2 AM;33% busy at 3 AM;,23% busy at 4 AM;30% busy at 5 AM;36% busy at 6 AM;33% busy at 7 AM;33% busy at 8 AM;30% busy at 9 AM;33% busy at 10 AM;50% busy at 11 AM;56% busy at 12 PM;60% busy at 1 PM;73% busy at 2 PM;70% busy at 3 PM;83% busy at 4 PM;70% busy at 5 PM;70% busy at 6 PM;56% busy at 7 PM;56% busy at 8 PM;60% busy at 9 PM;63% busy at 10 PM;63% busy at 11 PM;43% busy at 12 AM;36% busy at 1 AM;16% busy at 2 AM;13% busy at 3 AM;,36% busy at 4 AM;40% busy at 5 AM;43% busy at 6 AM;40% busy at 7 AM;33% busy at 8 AM;46% busy at 9 AM;46% busy at 10 AM;53% busy at 11 AM;40% busy at 12 PM;50% busy at 1 PM;50% busy at 2 PM;76% busy at 3 PM;93% busy at 4 PM;96% busy at 5 PM;100% busy at 6 PM;96% busy at 7 PM;83% busy at 8 PM;63% busy at 9 PM;53% busy at 10 PM;50% busy at 11 PM;30% busy at 12 AM;23% busy at 1 AM;26% busy at 2 AM;43% busy at 3 AM;,26% busy at 4 AM;43% busy at 5 AM;56% busy at 6 AM;63% busy at 7 AM;60% busy at 8 AM;70% busy at 9 AM;60% busy at 10 AM;60% busy at 11 AM;73% busy at 12 PM;76% busy at 1 PM;73% busy at 2 PM;63% busy at 3 PM;73% busy at 4 PM;76% busy at 5 PM;90% busy at 6 PM;93% busy at 7 PM;83% busy at 8 PM;80% busy at 9 PM;76% busy at 10 PM;56% busy at 11 PM;36% busy at 12 AM;13% busy at 1 AM;13% busy at 2 AM;13% busy at 3 AM;,20% busy at 4 AM;26% busy at 5 AM;23% busy at 6 AM;16% busy at 7 AM;16% busy at 8 AM;13% busy at 9 AM;20% busy at 10 AM;40% busy at 11 AM;60% busy at 12 PM;60% busy at 1 PM;66% busy at 2 PM;80% busy at 3 PM;70% busy at 4 PM;66% busy at 5 PM;63% busy at 6 PM;86% busy at 7 PM;86% busy at 8 PM;90% busy at 9 PM;80% busy at 10 PM;63% busy at 11 PM;40% busy at 12 AM;26% busy at 1 AM;23% busy at 2 AM;23% busy at 3 AM;,36% busy at 4 AM;46% busy at 5 AM;50% busy at 6 AM;53% busy at 7 AM;46% busy at 8 AM;50% busy at 9 AM;36% busy at 10 AM;33% busy at 11 AM;26% busy at 12 PM;40% busy at 1 PM;56% busy at 2 PM;70% busy at 3 PM;50% busy at 4 PM;46% busy at 5 PM;56% busy at 6 PM;56% busy at 7 PM;56% busy at 8 PM;50% busy at 9 PM;60% busy at 10 PM;76% busy at 11 PM;90% busy at 12 AM;83% busy at 1 AM;70% busy at 2 AM;56% busy at 3 AM;
Coffee shop,Blo Coffee بلو كوفي,2,5,"4638 ابن النجم، Al Jisr, ECAA7972، 7972, Al Khobar 34714, Saudi Arabia",SA,Al Khobar,None,https://discord.gg/fbt,null,"Monday Open 24 hours  2025-03-31
Tuesday Open 24 hours  2025-04-01
Wednesday Open 24 hours  2025-04-02
Thursday Open 24 hours  2025-04-03
Friday Open 24 hours  2025-04-04
Saturday Open 24 hours  2025-04-05
Sunday Open 24 hours  2025-04-06
 ",https://www.google.com/maps/place/Blo+Coffee+بلو+كوفي/data=!4m5!3m4!1s0x3e49c3992a3b53e1:0x517cbcb7c40563e1!8m2!3d26.21323!4d50.208428?authuser=0&hl=en&rclk=1,0x3e49c3992a3b53e1:0x517cbcb7c40563e1,ChIJ4VM7KpnDST4R4WMFxLe8fFE,,26.21323,50.208428,coffee shops,null,null,null,null,null,None,,https://plus.codes/6675+79 Al Khobar Saudi Arabia,6675+79 Al Khobar Saudi Arabia,Delivery,Monday Open 24 hours  2025-03-31,Tuesday Open 24 hours  2025-04-01,Wednesday Open 24 hours  2025-04-02,Thursday Open 24 hours  2025-04-03,Friday Open 24 hours  2025-04-04,Saturday Open 24 hours  2025-04-05,Sunday Open 24 hours  2025-04-06,33% busy at 4 AM;27% busy at 5 AM;33% busy at 6 AM;44% busy at 7 AM;50% busy at 8 AM;44% busy at 9 AM;38% busy at 10 AM;38% busy at 11 AM;33% busy at 12 PM;33% busy at 1 PM;33% busy at 2 PM;16% busy at 3 PM;16% busy at 4 PM;16% busy at 5 PM;38% busy at 6 PM;33% busy at 7 PM;33% busy at 8 PM;38% busy at 9 PM;38% busy at 10 PM;22% busy at 11 PM;16% busy at 12 AM;16% busy at 1 AM;27% busy at 2 AM;33% busy at 3 AM;,16% busy at 4 AM;16% busy at 5 AM;16% busy at 6 AM;16% busy at 7 AM;11% busy at 8 AM;22% busy at 9 AM;38% busy at 10 AM;77% busy at 11 AM;94% busy at 12 PM;100% busy at 1 PM;83% busy at 2 PM;55% busy at 3 PM;38% busy at 4 PM;27% busy at 5 PM;22% busy at 6 PM;5% busy at 7 PM;22% busy at 8 PM;33% busy at 9 PM;61% busy at 10 PM;44% busy at 11 PM;44% busy at 12 AM;22% busy at 1 AM;38% busy at 2 AM;38% busy at 3 AM;,38% busy at 4 AM;38% busy at 5 AM;33% busy at 6 AM;50% busy at 7 AM;33% busy at 8 AM;50% busy at 9 AM;27% busy at 10 AM;22% busy at 11 AM;11% busy at 12 PM;16% busy at 1 PM;27% busy at 2 PM;27% busy at 3 PM;16% busy at 4 PM;16% busy at 5 PM;33% busy at 6 PM;27% busy at 7 PM;33% busy at 8 PM;27% busy at 9 PM;33% busy at 10 PM;33% busy at 11 PM;44% busy at 12 AM;44% busy at 1 AM;55% busy at 2 AM;38% busy at 3 AM;,27% busy at 4 AM;33% busy at 5 AM;55% busy at 6 AM;44% busy at 7 AM;50% busy at 8 AM;33% busy at 9 AM;16% busy at 10 AM;22% busy at 11 AM;38% busy at 12 PM;50% busy at 1 PM;66% busy at 2 PM;50% busy at 3 PM;44% busy at 4 PM;22% busy at 5 PM;16% busy at 6 PM;5% busy at 7 PM;16% busy at 8 PM;33% busy at 9 PM;66% busy at 10 PM;44% busy at 11 PM;50% busy at 12 AM;38% busy at 1 AM;38% busy at 2 AM;22% busy at 3 AM;,16% busy at 4 AM;16% busy at 5 AM;16% busy at 6 AM;22% busy at 7 AM;22% busy at 8 AM;27% busy at 9 AM;27% busy at 10 AM;16% busy at 11 AM;16% busy at 12 PM;27% busy at 1 PM;44% busy at 2 PM;44% busy at 3 PM;50% busy at 4 PM;55% busy at 5 PM;44% busy at 6 PM;61% busy at 7 PM;55% busy at 8 PM;50% busy at 9 PM;33% busy at 10 PM;27% busy at 11 PM;22% busy at 12 AM;55% busy at 1 AM;55% busy at 2 AM;55% busy at 3 AM;,38% busy at 4 AM;33% busy at 5 AM;27% busy at 6 AM;27% busy at 7 AM;22% busy at 8 AM;33% busy at 9 AM;38% busy at 10 AM;55% busy at 11 AM;55% busy at 12 PM;50% busy at 1 PM;38% busy at 2 PM;16% busy at 3 PM;11% busy at 4 PM;22% busy at 5 PM;44% busy at 6 PM;66% busy at 7 PM;72% busy at 8 PM;55% busy at 9 PM;38% busy at 10 PM;22% busy at 11 PM;22% busy at 12 AM;33% busy at 1 AM;27% busy at 2 AM;38% busy at 3 AM;,50% busy at 4 AM;50% busy at 5 AM;44% busy at 6 AM;50% busy at 7 AM;38% busy at 8 AM;22% busy at 9 AM;16% busy at 10 AM;11% busy at 11 AM;27% busy at 12 PM;22% busy at 1 PM;16% busy at 2 PM;16% busy at 3 PM;11% busy at 4 PM;16% busy at 5 PM;16% busy at 6 PM;22% busy at 7 PM;33% busy at 8 PM;44% busy at 9 PM;61% busy at 10 PM;66% busy at 11 PM;83% busy at 12 AM;55% busy at 1 AM;66% busy at 2 AM;38% busy at 3 AM;
Coffee shop,PART COFFEE HOUSE | قهوة جزء,1497,4.8,"King Saud St, Al Khobar Al Shamalia, Al Khobar 34425, Saudi Arabia",SA,Al Khobar,None,https://www.instagram.com/partcafe.sa,+966 59 466 6602,"Monday 3 PM–12 AM  2025-03-31
Tuesday 3 PM–12 AM  2025-04-01
Wednesday 3 PM–12 AM  2025-04-02
Thursday 7 AM–12 AM  2025-04-03
Friday 7 AM–12 AM  2025-04-04
Saturday 7:30 PM–2 AM  2025-04-05
Sunday 6 PM–12:30 AM  2025-04-06
 ",https://www.google.com/maps/place/PART+COFFEE+HOUSE+|+قهوة+جزء/data=!4m5!3m4!1s0x3e49e91a08baf2a5:0x8c014b2d756fbabe!8m2!3d26.2961044!4d50.2179219?authuser=0&hl=en&rclk=1,0x3e49e91a08baf2a5:0x8c014b2d756fbabe,ChIJpfK6CBrpST4RvrpvdS1LAYw,,26.2961044,50.2179219,coffee shops,https://lh3.googleusercontent.com/gps-cs-s/AB5caB_cJUFOmxWm4N0lIjBaBh7AyiN91sTlXn-onFek-HWTLMvGV9TysmhWaoGinC71QwxaIC5I4r1LXvV7Ayw3CdSKZRlSMOx6O4XLVJG0MWanZR5aqezyvtOMeEdWsj0ZSPGl_GXH=w408-h725-k-no,https://lh5.googleusercontent.com/p/AF1QipODwIRZkiMKyTMolsDwPUVViRxUz7aaZlKcFuIj=w1024-h960-p-k-no,https://lh5.googleusercontent.com/p/AF1QipOJ83J3XKsuJhR3PgX1Ps2edhnPuyNSqEIDfdQP=w1024-h960-p-k-no,https://lh5.googleusercontent.com/p/AF1QipPAPjKp6bUmlVNxSkFZCSmXG0096aVS6hIA9ouZ=w1024-h960-p-k-no,null,SAR 1–20,,https://plus.codes/76W9+C5 Al Khobar Saudi Arabia,76W9+C5 Al Khobar Saudi Arabia,No-contact delivery,Monday 3 PM–12 AM  2025-03-31,Tuesday 3 PM–12 AM  2025-04-01,Wednesday 3 PM–12 AM  2025-04-02,Thursday 7 AM–12 AM  2025-04-03,Friday 7 AM–12 AM  2025-04-04,Saturday 7:30 PM–2 AM  2025-04-05,Sunday 6 PM–12:30 AM  2025-04-06,,,,,,,
Coffee shop,Choco Lab Cafe,8,3.9,"85GR+2Q5, Al Quds St, Al Jawharah, Al Khobar 34434, Saudi Arabia",SA,Al Khobar,None,null,null, ,https://www.google.com/maps/place/Choco+Lab+Cafe/data=!4m5!3m4!1s0x3e49e908bf199677:0x142637dca5479a76!8m2!3d26.3250181!4d50.1919972?authuser=0&hl=en&rclk=1,0x3e49e908bf199677:0x142637dca5479a76,ChIJd5YZvwjpST4RdppHpdw3JhQ,,26.3250181,50.1919972,coffee shops,https://lh3.googleusercontent.com/gps-cs-s/AB5caB-y3Z-qlIsy9sBpSGm2dm_kS-Xww1ir-DXMEAe0N9qkjH3UDqXdMJ9Om_gFFRcpO_Qy7hHaBjraJwJZ2J7VDhbV8kd0ygE9SsxhqpYRnerh7at1ILTNCITlW6cW8u_YtLKSppgpzg=w426-h240-k-no,https://lh5.googleusercontent.com/p/AF1QipP-51Ge4kD2ElJsOM3RYixsFmUacwibSxWI7L5x=w1024-h960-p-k-no,null,null,null,None,,null,null,Delivery,,,,,,,,,,,,,,
Coffee shop,Tim Hortons,125,4.4,"846P+2QJ, 8131 Medical Access Rd No. 1, Gharb Al Dhahran, Dhahran, Dammam 34465, Saudi Arabia",SA,Dammam,None,https://timhortonsgcc.com/,+966 54 065 7377,"Monday 6 AM–12 AM  2025-03-31
Tuesday 6 AM–12 AM  2025-04-01
Wednesday 6 AM–12 AM  2025-04-02
Thursday 6 AM–12 AM  2025-04-03
Friday 6 AM–12 AM  2025-04-04
Saturday 6 AM–12 AM  2025-04-05
Sunday 6 AM–12 AM  2025-04-06
 ",https://www.google.com/maps/place/Tim+Hortons/data=!4m5!3m4!1s0x3e49e70b725c1fe9:0xa15cf8151bd03de6!8m2!3d26.3099833!4d50.1366531?authuser=0&hl=en&rclk=1,0x3e49e70b725c1fe9:0xa15cf8151bd03de6,ChIJ6R9ccgvnST4R5j3QGxX4XKE,,26.3099833,50.1366531,coffee shops,https://lh3.googleusercontent.com/gps-cs-s/AB5caB8Zl54irHk36UIYHBRdJ_QeoHdBNR_4xU-U8561NCvtVyKyP7ZvJF_uq5D5q2Qz1VIOUHxWC-sOtkHSaDrfXq5LsnCgIvQ58Zv-Bz1RLC3fwQKwxXBcj8t-zlZ-JwFIP7cU1S5v=w408-h544-k-no,https://lh5.googleusercontent.com/p/CIHM0ogKEICAgIDBxdbmfA=w1024-h960-p-k-no,https://lh5.googleusercontent.com/p/AF1QipNLVyx4IdBGWbn-Vet1qsBVgIdQ_JE2XzUuX1Oh=w1024-h960-p-k-no,https://lh5.googleusercontent.com/p/CIHM0ogKEICAgICjlbfHMw=w1024-h960-p-k-no,null,SAR 20–40,,https://plus.codes/845P+XM Dhahran Saudi Arabia,845P+XM Dhahran Saudi Arabia,Delivery,Monday 6 AM–12 AM  2025-03-31,Tuesday 6 AM–12 AM  2025-04-01,Wednesday 6 AM–12 AM  2025-04-02,Thursday 6 AM–12 AM  2025-04-03,Friday 6 AM–12 AM  2025-04-04,Saturday 6 AM–12 AM  2025-04-05,Sunday 6 AM–12 AM  2025-04-06,0% busy at 5 AM;52% busy at 6 AM;50% busy at 7 AM;52% busy at 8 AM;45% busy at 9 AM;50% busy at 10 AM;42% busy at 11 AM;40% busy at 12 PM;32% busy at 1 PM;32% busy at 2 PM;42% busy at 3 PM;52% busy at 4 PM;52% busy at 5 PM;60% busy at 6 PM;55% busy at 7 PM;57% busy at 8 PM;52% busy at 9 PM;32% busy at 10 PM;30% busy at 11 PM;,0% busy at 5 AM;70% busy at 6 AM;80% busy at 7 AM;87% busy at 8 AM;85% busy at 9 AM;62% busy at 10 AM;50% busy at 11 AM;42% busy at 12 PM;50% busy at 1 PM;45% busy at 2 PM;37% busy at 3 PM;35% busy at 4 PM;25% busy at 5 PM;22% busy at 6 PM;27% busy at 7 PM;35% busy at 8 PM;35% busy at 9 PM;40% busy at 10 PM;45% busy at 11 PM;,0% busy at 5 AM;67% busy at 6 AM;57% busy at 7 AM;52% busy at 8 AM;47% busy at 9 AM;60% busy at 10 AM;52% busy at 11 AM;57% busy at 12 PM;50% busy at 1 PM;67% busy at 2 PM;85% busy at 3 PM;57% busy at 4 PM;52% busy at 5 PM;55% busy at 6 PM;55% busy at 7 PM;70% busy at 8 PM;60% busy at 9 PM;47% busy at 10 PM;40% busy at 11 PM;,0% busy at 5 AM;20% busy at 6 AM;35% busy at 7 AM;37% busy at 8 AM;42% busy at 9 AM;37% busy at 10 AM;35% busy at 11 AM;37% busy at 12 PM;30% busy at 1 PM;22% busy at 2 PM;20% busy at 3 PM;32% busy at 4 PM;47% busy at 5 PM;72% busy at 6 PM;62% busy at 7 PM;55% busy at 8 PM;52% busy at 9 PM;62% busy at 10 PM;70% busy at 11 PM;,0% busy at 5 AM;72% busy at 6 AM;52% busy at 7 AM;50% busy at 8 AM;37% busy at 9 AM;45% busy at 10 AM;45% busy at 11 AM;45% busy at 12 PM;62% busy at 1 PM;72% busy at 2 PM;72% busy at 3 PM;70% busy at 4 PM;70% busy at 5 PM;82% busy at 6 PM;82% busy at 7 PM;65% busy at 8 PM;52% busy at 9 PM;47% busy at 10 PM;60% busy at 11 PM;,0% busy at 5 AM;42% busy at 6 AM;47% busy at 7 AM;60% busy at 8 AM;70% busy at 9 AM;62% busy at 10 AM;52% busy at 11 AM;60% busy at 12 PM;60% busy at 1 PM;67% busy at 2 PM;52% busy at 3 PM;65% busy at 4 PM;57% busy at 5 PM;80% busy at 6 PM;62% busy at 7 PM;80% busy at 8 PM;67% busy at 9 PM;67% busy at 10 PM;72% busy at 11 PM;,0% busy at 5 AM;57% busy at 6 AM;70% busy at 7 AM;55% busy at 8 AM;42% busy at 9 AM;35% busy at 10 AM;32% busy at 11 AM;55% busy at 12 PM;90% busy at 1 PM;97% busy at 2 PM;100% busy at 3 PM;70% busy at 4 PM;42% busy at 5 PM;32% busy at 6 PM;30% busy at 7 PM;37% busy at 8 PM;35% busy at 9 PM;35% busy at 10 PM;32% busy at 11 PM;
Coffee shop,OWL Bakehouse & Coffee,258,4.8,"King Fahd St, Al Khobar Al Shamalia, Al Khobar 31952, Saudi Arabia",SA,Al Khobar,None,https://www.instagram.com/owlcafe.sa,+966 53 825 3404,"Monday 3 PM–12 AM  2025-03-31
Tuesday 3 PM–12 AM  2025-04-01
Wednesday 3 PM–12 AM  2025-04-02
Thursday 3 PM–12 AM  2025-04-03
Friday 3 PM–12 AM  2025-04-04
Saturday 3 PM–12 AM  2025-04-05
Sunday 3 PM–12 AM  2025-04-06
 ",https://www.google.com/maps/place/OWL+Bakehouse+&+Coffee/data=!4m5!3m4!1s0x3e49e9f6fa26ace7:0x5decec8677375d49!8m2!3d26.2994694!4d50.2152512?authuser=0&hl=en&rclk=1,0x3e49e9f6fa26ace7:0x5decec8677375d49,ChIJ56wm-vbpST4RSV03d4bs7F0,,26.2994694,50.2152512,coffee shops,https://lh3.googleusercontent.com/gps-cs-s/AB5caB-pUzLshREaEw1uYFvPbig45J1L3z2oogtuy9EJthgK5qeBUMDmB1TKeMDsMbYejQtnYNUr_Vb-sYJxjlJHPwjTXjJounPNclA4XqezLK9WRlxSRjWMWZNMBft1deLagfZzW4eDHA=w408-h306-k-no,https://lh5.googleusercontent.com/p/AF1QipPqA8Z2XIY9GR1NgP-nL0_a38m5gDUkqbDEpH4l=w1024-h960-p-k-no,https://lh5.googleusercontent.com/p/AF1QipM2C8MRpx9inktMm1JyD8v31D0NhkEC7kYFwVJB=w1024-h960-p-k-no,https://lh5.googleusercontent.com/p/AF1QipMsNaKOBPvR0GaL5u-SoXi4rvw_xT31SGCUDy57=w1024-h960-p-k-no,null,SAR 20–40,,https://plus.codes/76X8+Q4 Al Khobar Saudi Arabia,76X8+Q4 Al Khobar Saudi Arabia,Takeout,Monday 3 PM–12 AM  2025-03-31,Tuesday 3 PM–12 AM  2025-04-01,Wednesday 3 PM–12 AM  2025-04-02,Thursday 3 PM–12 AM  2025-04-03,Friday 3 PM–12 AM  2025-04-04,Saturday 3 PM–12 AM  2025-04-05,Sunday 3 PM–12 AM  2025-04-06,0% busy at 6 AM;0% busy at 7 AM;0% busy at 8 AM;0% busy at 9 AM;0% busy at 10 AM;0% busy at 11 AM;0% busy at 12 PM;0% busy at 1 PM;0% busy at 2 PM;0% busy at 3 PM;0% busy at 4 PM;70% busy at 5 PM;85% busy at 6 PM;81% busy at 7 PM;85% busy at 8 PM;74% busy at 9 PM;59% busy at 10 PM;59% busy at 11 PM;,0% busy at 6 AM;0% busy at 7 AM;0% busy at 8 AM;0% busy at 9 AM;0% busy at 10 AM;0% busy at 11 AM;0% busy at 12 PM;0% busy at 1 PM;0% busy at 2 PM;0% busy at 3 PM;0% busy at 4 PM;44% busy at 5 PM;59% busy at 6 PM;62% busy at 7 PM;62% busy at 8 PM;48% busy at 9 PM;29% busy at 10 PM;14% busy at 11 PM;,0% busy at 6 AM;0% busy at 7 AM;0% busy at 8 AM;0% busy at 9 AM;0% busy at 10 AM;0% busy at 11 AM;0% busy at 12 PM;0% busy at 1 PM;0% busy at 2 PM;0% busy at 3 PM;0% busy at 4 PM;48% busy at 5 PM;51% busy at 6 PM;51% busy at 7 PM;59% busy at 8 PM;59% busy at 9 PM;70% busy at 10 PM;62% busy at 11 PM;,0% busy at 6 AM;0% busy at 7 AM;0% busy at 8 AM;0% busy at 9 AM;0% busy at 10 AM;0% busy at 11 AM;0% busy at 12 PM;0% busy at 1 PM;0% busy at 2 PM;0% busy at 3 PM;0% busy at 4 PM;40% busy at 5 PM;59% busy at 6 PM;77% busy at 7 PM;77% busy at 8 PM;74% busy at 9 PM;70% busy at 10 PM;70% busy at 11 PM;,0% busy at 6 AM;0% busy at 7 AM;0% busy at 8 AM;0% busy at 9 AM;0% busy at 10 AM;0% busy at 11 AM;0% busy at 12 PM;0% busy at 1 PM;0% busy at 2 PM;0% busy at 3 PM;0% busy at 4 PM;66% busy at 5 PM;77% busy at 6 PM;88% busy at 7 PM;88% busy at 8 PM;100% busy at 9 PM;85% busy at 10 PM;66% busy at 11 PM;,0% busy at 6 AM;0% busy at 7 AM;0% busy at 8 AM;0% busy at 9 AM;0% busy at 10 AM;0% busy at 11 AM;0% busy at 12 PM;0% busy at 1 PM;0% busy at 2 PM;0% busy at 3 PM;0% busy at 4 PM;44% busy at 5 PM;74% busy at 6 PM;74% busy at 7 PM;85% busy at 8 PM;74% busy at 9 PM;55% busy at 10 PM;51% busy at 11 PM;,0% busy at 6 AM;0% busy at 7 AM;0% busy at 8 AM;0% busy at 9 AM;0% busy at 10 AM;0% busy at 11 AM;0% busy at 12 PM;0% busy at 1 PM;0% busy at 2 PM;0% busy at 3 PM;0% busy at 4 PM;22% busy at 5 PM;25% busy at 6 PM;44% busy at 7 PM;62% busy at 8 PM;66% busy at 9 PM;51% busy at 10 PM;48% busy at 11 PM;
Coffee shop,"CODE 9 , Rest’ & Coffee Shop",46,4.7,"برج الجربوع, 1 St, Al Aqrabiyah، الدور الأرضي, Al Khobar 34446, Saudi Arabia",SA,Al Khobar,None,https://nadel.pro/C9/38,+966 56 662 1166,"Monday 7 AM–11:30 PM  2025-03-31
Tuesday 7 AM–11:30 PM  2025-04-01
Wednesday 7 AM–11:30 PM  2025-04-02
Thursday 7 AM–11:30 PM  2025-04-03
Friday Closed  2025-04-04
Saturday 7 AM–11:30 PM  2025-04-05
Sunday 7 AM–11:30 PM  2025-04-06
 ","https://www.google.com/maps/place/CODE+9+,+Rest’+&+Coffee+Shop/data=!4m5!3m4!1s0x3e49e96534f9529f:0x129e15a767cc1100!8m2!3d26.2849914!4d50.1962013?authuser=0&hl=en&rclk=1",0x3e49e96534f9529f:0x129e15a767cc1100,ChIJn1L5NGXpST4RABHMZ6cVnhI,,26.2849914,50.1962013,coffee shops,https://lh3.googleusercontent.com/gps-cs-s/AB5caB8tzJRZ17aO2vOVrURK5ig3YpWjbnOfsnAGlJA7IroM8Izl3x7YfC4tEi-3kTcX3wQrOzlsZofX9hcNqIDjXs3KeE2s3qVmzE_zFPKTH9YLOww5l6OgoICf8msWqLS64hf6N_YJ=w408-h498-k-no,https://lh5.googleusercontent.com/p/CIHM0ogKEICAgICe6_qGqAE=w1024-h960-p-k-no,https://lh5.googleusercontent.com/p/AF1QipOUk-w66U5WGVdwsV1WkOHGXeNT4TEJmAb_2Fc=w1024-h960-p-k-no,https://lh5.googleusercontent.com/p/CIHM0ogKEICAgIDv6K2higE=w1024-h960-p-k-no,null,SAR 20–40,,https://plus.codes/75MW+XF Al Khobar Saudi Arabia,75MW+XF Al Khobar Saudi Arabia,No-contact delivery,Monday 7 AM–11:30 PM  2025-03-31,Tuesday 7 AM–11:30 PM  2025-04-01,Wednesday 7 AM–11:30 PM  2025-04-02,Thursday 7 AM–11:30 PM  2025-04-03,Friday Closed  2025-04-04,Saturday 7 AM–11:30 PM  2025-04-05,Sunday 7 AM–11:30 PM  2025-04-06,0% busy at 6 AM;74% busy at 7 AM;100% busy at 8 AM;100% busy at 9 AM;71% busy at 10 AM;66% busy at 11 AM;71% busy at 12 PM;87% busy at 1 PM;61% busy at 2 PM;48% busy at 3 PM;46% busy at 4 PM;51% busy at 5 PM;46% busy at 6 PM;51% busy at 7 PM;43% busy at 8 PM;30% busy at 9 PM;30% busy at 10 PM;35% busy at 11 PM;,0% busy at 6 AM;56% busy at 7 AM;43% busy at 8 AM;48% busy at 9 AM;43% busy at 10 AM;46% busy at 11 AM;38% busy at 12 PM;46% busy at 1 PM;64% busy at 2 PM;61% busy at 3 PM;69% busy at 4 PM;79% busy at 5 PM;84% busy at 6 PM;69% busy at 7 PM;69% busy at 8 PM;79% busy at 9 PM;89% busy at 10 PM;84% busy at 11 PM;,0% busy at 6 AM;43% busy at 7 AM;43% busy at 8 AM;43% busy at 9 AM;43% busy at 10 AM;41% busy at 11 AM;43% busy at 12 PM;56% busy at 1 PM;43% busy at 2 PM;33% busy at 3 PM;20% busy at 4 PM;28% busy at 5 PM;35% busy at 6 PM;43% busy at 7 PM;48% busy at 8 PM;51% busy at 9 PM;48% busy at 10 PM;38% busy at 11 PM;,0% busy at 6 AM;48% busy at 7 AM;28% busy at 8 AM;28% busy at 9 AM;38% busy at 10 AM;61% busy at 11 AM;53% busy at 12 PM;48% busy at 1 PM;56% busy at 2 PM;43% busy at 3 PM;43% busy at 4 PM;41% busy at 5 PM;30% busy at 6 PM;23% busy at 7 PM;38% busy at 8 PM;56% busy at 9 PM;58% busy at 10 PM;46% busy at 11 PM;,Closed on day5,0% busy at 6 AM;51% busy at 7 AM;48% busy at 8 AM;35% busy at 9 AM;33% busy at 10 AM;41% busy at 11 AM;46% busy at 12 PM;46% busy at 1 PM;30% busy at 2 PM;23% busy at 3 PM;15% busy at 4 PM;30% busy at 5 PM;48% busy at 6 PM;64% busy at 7 PM;46% busy at 8 PM;23% busy at 9 PM;20% busy at 10 PM;23% busy at 11 PM;,0% busy at 6 AM;46% busy at 7 AM;53% busy at 8 AM;43% busy at 9 AM;38% busy at 10 AM;38% busy at 11 AM;38% busy at 12 PM;41% busy at 1 PM;43% busy at 2 PM;35% busy at 3 PM;41% busy at 4 PM;46% busy at 5 PM;61% busy at 6 PM;61% busy at 7 PM;66% busy at 8 PM;64% busy at 9 PM;56% busy at 10 PM;38% busy at 11 PM;
Coffee shop,C-view,40,3.7,"6647 Al Amir Turki, Alkurnaish, 2153, Al Khobar 34413, Saudi Arabia",SA,Al Khobar,None,null,null, ,https://www.google.com/maps/place/C-view/data=!4m5!3m4!1s0x3e49e9b71f1ccd03:0x935368fb10150147!8m2!3d26.305296!4d50.2234959?authuser=0&hl=en&rclk=1,0x3e49e9b71f1ccd03:0x935368fb10150147,ChIJA80cH7fpST4RRwEVEPtoU5M,,26.305296,50.2234959,coffee shops,https://lh3.googleusercontent.com/gps-cs-s/AB5caB9fVk9MiYHyWXWXGlP4xzNQ3FuVOiD-68O7pLlCnH84pKhRhn04fs-twgrXHlDMXzL7h4ZpQ9k9ok2JfbW4cmV2WzDIPGWSXm6TLmXgsXn8YNrbwij5qipKAolmtnfhrAdf7qVU7Q=w408-h544-k-no,https://lh5.googleusercontent.com/p/AF1QipM61UWPYhicB8MXc9lBf8z0mM6ZkIdH5iNBeHo=w1024-h960-p-k-no,https://lh5.googleusercontent.com/p/AF1QipO1fPgnR7YCsXzrolNCnysh4ULJl0I6TGbG5Yn4=w1024-h960-p-k-no,https://lh5.googleusercontent.com/p/AF1QipOkLWvsfTUSCg2-Fj37K_oIwD69M2bBT99V0rte=w1024-h960-p-k-no,null,None,,https://plus.codes/864F+49 Al Khobar Saudi Arabia,864F+49 Al Khobar Saudi Arabia,Dine-in,,,,,,,,,,,,,,
Coffee shop,Olabs Café & Roastery,2023,4.2,"6102 5022 Prince Faisal Bin Fahd Road, Al Hizam Al Akhdar, Al Khobar 34433, Saudi Arabia",SA,Al Khobar,None,https://instagram.com/olabsme?igshid=MzRlODBiNWFlZA==,+966 53 257 7735,"Identifies as women-ownedMonday 8 AM–1 AM  2025-03-31
Tuesday 8 AM–1 AM  2025-04-01
Wednesday 8 AM–1 AM  2025-04-02
Thursday 8 AM–1 AM  2025-04-03
Friday 8 AM–1 AM  2025-04-04
Saturday 8 AM–1 AM  2025-04-05
Sunday 8 AM–1 AM  2025-04-06
 ",https://www.google.com/maps/place/Olabs+Café+&+Roastery/data=!4m5!3m4!1s0x3e49e9d56ae94edb:0xb11da240ef5ee44d!8m2!3d26.3033979!4d50.2062557?authuser=0&hl=en&rclk=1,0x3e49e9d56ae94edb:0xb11da240ef5ee44d,ChIJ207patXpST4RTeRe70CiHbE,Identifies as women-owned,26.3033979,50.2062557,coffee shops,https://lh3.googleusercontent.com/gps-cs-s/AB5caB9XDk28M4EMxiTgTigdByPEEeFCAy9sfgLNl0S6TJ6l9mDE7GmiyyZO3d9zIUTvFI8LUNHWy3aH92Fl052L-N_EYWko41tjMq4aUXHMJpHlfHtq9Iwo0vjW524jlIuTOhtaswHTlA=w408-h306-k-no,https://lh5.googleusercontent.com/p/AF1QipN5FARxqRpE5OronJyY1YnJjw4IG_ezPz_jOCH0=w1024-h960-p-k-no,https://lh5.googleusercontent.com/p/AF1QipMRfY8RdwxktW-Q-7u81spU9LkdFnXy-sL8YKJI=w1024-h960-p-k-no,https://lh5.googleusercontent.com/p/AF1QipNJd5RzGaLJrmX8UrJfbrN9ylLp4DIrTs8YI7GY=w1024-h960-p-k-no,null,SAR 20–40,,https://plus.codes/8634+9G Al Khobar Saudi Arabia,8634+9G Al Khobar Saudi Arabia,null,Monday 8 AM–1 AM  2025-03-31,Tuesday 8 AM–1 AM  2025-04-01,Wednesday 8 AM–1 AM  2025-04-02,Thursday 8 AM–1 AM  2025-04-03,Friday 8 AM–1 AM  2025-04-04,Saturday 8 AM–1 AM  2025-04-05,Sunday 8 AM–1 AM  2025-04-06,0% busy at 6 AM;0% busy at 7 AM;61% busy at 8 AM;72% busy at 9 AM;81% busy at 10 AM;87% busy at 11 AM;96% busy at 12 PM;92% busy at 1 PM;83% busy at 2 PM;58% busy at 3 PM;41% busy at 4 PM;31% busy at 5 PM;26% busy at 6 PM;31% busy at 7 PM;33% busy at 8 PM;41% busy at 9 PM;34% busy at 10 PM;34% busy at 11 PM;0% busy at 12 AM;,0% busy at 6 AM;0% busy at 7 AM;35% busy at 8 AM;40% busy at 9 AM;58% busy at 10 AM;66% busy at 11 AM;74% busy at 12 PM;68% busy at 1 PM;71% busy at 2 PM;70% busy at 3 PM;61% busy at 4 PM;62% busy at 5 PM;52% busy at 6 PM;51% busy at 7 PM;50% busy at 8 PM;51% busy at 9 PM;51% busy at 10 PM;38% busy at 11 PM;0% busy at 12 AM;,0% busy at 6 AM;0% busy at 7 AM;51% busy at 8 AM;45% busy at 9 AM;62% busy at 10 AM;77% busy at 11 AM;90% busy at 12 PM;91% busy at 1 PM;85% busy at 2 PM;68% busy at 3 PM;52% busy at 4 PM;53% busy at 5 PM;54% busy at 6 PM;58% busy at 7 PM;61% busy at 8 PM;47% busy at 9 PM;34% busy at 10 PM;25% busy at 11 PM;0% busy at 12 AM;,0% busy at 6 AM;0% busy at 7 AM;46% busy at 8 AM;52% busy at 9 AM;61% busy at 10 AM;70% busy at 11 AM;82% busy at 12 PM;76% busy at 1 PM;67% busy at 2 PM;72% busy at 3 PM;57% busy at 4 PM;50% busy at 5 PM;46% busy at 6 PM;42% busy at 7 PM;45% busy at 8 PM;36% busy at 9 PM;36% busy at 10 PM;35% busy at 11 PM;30% busy at 12 AM;,0% busy at 6 AM;0% busy at 7 AM;31% busy at 8 AM;30% busy at 9 AM;26% busy at 10 AM;30% busy at 11 AM;48% busy at 12 PM;57% busy at 1 PM;54% busy at 2 PM;46% busy at 3 PM;45% busy at 4 PM;42% busy at 5 PM;44% busy at 6 PM;53% busy at 7 PM;54% busy at 8 PM;58% busy at 9 PM;54% busy at 10 PM;51% busy at 11 PM;36% busy at 12 AM;,0% busy at 6 AM;0% busy at 7 AM;31% busy at 8 AM;43% busy at 9 AM;58% busy at 10 AM;55% busy at 11 AM;57% busy at 12 PM;51% busy at 1 PM;43% busy at 2 PM;27% busy at 3 PM;20% busy at 4 PM;23% busy at 5 PM;28% busy at 6 PM;40% busy at 7 PM;45% busy at 8 PM;42% busy at 9 PM;26% busy at 10 PM;14% busy at 11 PM;0% busy at 12 AM;,0% busy at 6 AM;0% busy at 7 AM;48% busy at 8 AM;65% busy at 9 AM;83% busy at 10 AM;96% busy at 11 AM;100% busy at 12 PM;75% busy at 1 PM;68% busy at 2 PM;64% busy at 3 PM;61% busy at 4 PM;61% busy at 5 PM;52% busy at 6 PM;44% busy at 7 PM;34% busy at 8 PM;28% busy at 9 PM;27% busy at 10 PM;21% busy at 11 PM;0% busy at 12 AM;
Coffee shop,To Be Cafe,407,4.6,"3700 Abdulrahman Aldakhel St, Al Rakah Al Janubiyah, Al Khobar 34226, Saudi Arabia",SA,Al Khobar,None,https://instagram.com/2b.ksa,null,"Monday 3 PM–12 AM  2025-03-31
Tuesday 3 PM–12 AM  2025-04-01
Wednesday 6 AM–11 PM  2025-04-02
Thursday 6 AM–12 AM  2025-04-03
Friday 3 PM–12 AM  2025-04-04
Saturday 9 AM–11 PM  2025-04-05
Sunday 6 AM–11 PM  2025-04-06
 ",https://www.google.com/maps/place/To+Be+Cafe/data=!4m5!3m4!1s0x3e49efbc848021df:0x45453c1266ee301f!8m2!3d26.3503765!4d50.1953986?authuser=0&hl=en&rclk=1,0x3e49efbc848021df:0x45453c1266ee301f,ChIJ3yGAhLzvST4RHzDuZhI8RUU,,26.3503765,50.1953986,coffee shops,https://lh3.googleusercontent.com/gps-cs-s/AB5caB97XpAuGPxeF95xN3kw2uhp16b_VPSQh979wndFvRnsgbkIhC1yDY2u9Gn83vfMjO7QO0ZFHckbSBnxjsa0CF8-W2ydBoHqzRIsmJX48dpRAnudCyS6ksHVkSTOSMB-LjdoMlXk=w408-h544-k-no,https://lh5.googleusercontent.com/p/CIHM0ogKEICAgICW47fZgAE=w1024-h960-p-k-no,https://lh5.googleusercontent.com/p/CIHM0ogKEICAgMCw0-KKhgE=w1024-h960-p-k-no,https://lh5.googleusercontent.com/p/CIHM0ogKEICAgIDqir3bBg=w1024-h960-p-k-no,null,SAR 20–40,,https://plus.codes/952W+55 Al Khobar Saudi Arabia,952W+55 Al Khobar Saudi Arabia,Delivery,Monday 3 PM–12 AM  2025-03-31,Tuesday 3 PM–12 AM  2025-04-01,Wednesday 6 AM–11 PM  2025-04-02,Thursday 6 AM–12 AM  2025-04-03,Friday 3 PM–12 AM  2025-04-04,Saturday 9 AM–11 PM  2025-04-05,Sunday 6 AM–11 PM  2025-04-06,0% busy at 6 AM;0% busy at 7 AM;0% busy at 8 AM;0% busy at 9 AM;0% busy at 10 AM;0% busy at 11 AM;0% busy at 12 PM;0% busy at 1 PM;0% busy at 2 PM;39% busy at 3 PM;26% busy at 4 PM;13% busy at 5 PM;13% busy at 6 PM;26% busy at 7 PM;26% busy at 8 PM;39% busy at 9 PM;30% busy at 10 PM;39% busy at 11 PM;,0% busy at 6 AM;0% busy at 7 AM;0% busy at 8 AM;0% busy at 9 AM;0% busy at 10 AM;0% busy at 11 AM;0% busy at 12 PM;0% busy at 1 PM;0% busy at 2 PM;30% busy at 3 PM;30% busy at 4 PM;39% busy at 5 PM;30% busy at 6 PM;30% busy at 7 PM;34% busy at 8 PM;34% busy at 9 PM;43% busy at 10 PM;52% busy at 11 PM;,0% busy at 5 AM;4% busy at 6 AM;21% busy at 7 AM;39% busy at 8 AM;52% busy at 9 AM;39% busy at 10 AM;34% busy at 11 AM;8% busy at 12 PM;13% busy at 1 PM;13% busy at 2 PM;39% busy at 3 PM;43% busy at 4 PM;52% busy at 5 PM;56% busy at 6 PM;56% busy at 7 PM;47% busy at 8 PM;34% busy at 9 PM;21% busy at 10 PM;,0% busy at 5 AM;17% busy at 6 AM;26% busy at 7 AM;26% busy at 8 AM;13% busy at 9 AM;8% busy at 10 AM;17% busy at 11 AM;34% busy at 12 PM;30% busy at 1 PM;34% busy at 2 PM;34% busy at 3 PM;65% busy at 4 PM;78% busy at 5 PM;100% busy at 6 PM;82% busy at 7 PM;69% busy at 8 PM;52% busy at 9 PM;43% busy at 10 PM;43% busy at 11 PM;,0% busy at 6 AM;0% busy at 7 AM;0% busy at 8 AM;0% busy at 9 AM;0% busy at 10 AM;0% busy at 11 AM;0% busy at 12 PM;0% busy at 1 PM;0% busy at 2 PM;0% busy at 3 PM;65% busy at 4 PM;78% busy at 5 PM;82% busy at 6 PM;73% busy at 7 PM;73% busy at 8 PM;82% busy at 9 PM;60% busy at 10 PM;39% busy at 11 PM;,0% busy at 6 AM;0% busy at 7 AM;0% busy at 8 AM;17% busy at 9 AM;47% busy at 10 AM;47% busy at 11 AM;43% busy at 12 PM;34% busy at 1 PM;39% busy at 2 PM;47% busy at 3 PM;43% busy at 4 PM;47% busy at 5 PM;52% busy at 6 PM;65% busy at 7 PM;69% busy at 8 PM;52% busy at 9 PM;26% busy at 10 PM;0% busy at 11 PM;,0% busy at 5 AM;39% busy at 6 AM;39% busy at 7 AM;21% busy at 8 AM;13% busy at 9 AM;8% busy at 10 AM;17% busy at 11 AM;17% busy at 12 PM;26% busy at 1 PM;17% busy at 2 PM;30% busy at 3 PM;52% busy at 4 PM;73% busy at 5 PM;73% busy at 6 PM;56% busy at 7 PM;39% busy at 8 PM;39% busy at 9 PM;30% busy at 10 PM;
Coffee shop,Palm Beach Coffee Shop,127,4,"52RC+79H, Dhahran 34811, Saudi Arabia",SA,Dhahran,None,null,+966 57 005 0026,"Monday Open 24 hours  2025-03-31
Tuesday Open 24 hours  2025-04-01
Wednesday Open 24 hours  2025-04-02
Thursday Open 24 hours  2025-04-03
Friday Open 24 hours  2025-04-04
Saturday Open 24 hours  2025-04-05
Sunday Open 24 hours  2025-04-06
 ",https://www.google.com/maps/place/Palm+Beach+Coffee+Shop/data=!4m5!3m4!1s0x3e49df3e71757db9:0xc9517817b739cfdf!8m2!3d26.1906808!4d50.0209818?authuser=0&hl=en&rclk=1,0x3e49df3e71757db9:0xc9517817b739cfdf,ChIJuX11cT7fST4R3885txd4Uck,,26.1906808,50.0209818,coffee shops,https://lh5.googleusercontent.com/p/AF1QipNIJ9IHFdC4Y2EhW284eMhlk_8IX4c_pxQrwmDJ=w408-h306-k-no,https://lh5.googleusercontent.com/p/AF1QipPhsH-rFZ9uCJvVgQhDqCjeNF6ustZbTrqW5whW=w1024-h960-p-k-no,https://lh5.googleusercontent.com/p/AF1QipOWkRnjx8rfElI1MqXCzEDfd2J5cxsvqvW4Y57U=w1024-h960-p-k-no,null,null,None,,null,null,No-contact delivery,Monday Open 24 hours  2025-03-31,Tuesday Open 24 hours  2025-04-01,Wednesday Open 24 hours  2025-04-02,Thursday Open 24 hours  2025-04-03,Friday Open 24 hours  2025-04-04,Saturday Open 24 hours  2025-04-05,Sunday Open 24 hours  2025-04-06,58% busy at 4 AM;64% busy at 5 AM;64% busy at 6 AM;47% busy at 7 AM;41% busy at 8 AM;41% busy at 9 AM;41% busy at 10 AM;52% busy at 11 AM;47% busy at 12 PM;35% busy at 1 PM;17% busy at 2 PM;29% busy at 3 PM;41% busy at 4 PM;52% busy at 5 PM;64% busy at 6 PM;47% busy at 7 PM;23% busy at 8 PM;23% busy at 9 PM;17% busy at 10 PM;5% busy at 11 PM;23% busy at 12 AM;35% busy at 1 AM;58% busy at 2 AM;47% busy at 3 AM;,23% busy at 4 AM;47% busy at 5 AM;58% busy at 6 AM;41% busy at 7 AM;29% busy at 8 AM;17% busy at 9 AM;11% busy at 10 AM;17% busy at 11 AM;29% busy at 12 PM;17% busy at 1 PM;23% busy at 2 PM;35% busy at 3 PM;52% busy at 4 PM;41% busy at 5 PM;29% busy at 6 PM;41% busy at 7 PM;64% busy at 8 PM;47% busy at 9 PM;41% busy at 10 PM;52% busy at 11 PM;70% busy at 12 AM;70% busy at 1 AM;35% busy at 2 AM;29% busy at 3 AM;,47% busy at 4 AM;35% busy at 5 AM;11% busy at 6 AM;5% busy at 7 AM;11% busy at 8 AM;29% busy at 9 AM;47% busy at 10 AM;29% busy at 11 AM;41% busy at 12 PM;41% busy at 1 PM;58% busy at 2 PM;35% busy at 3 PM;35% busy at 4 PM;35% busy at 5 PM;41% busy at 6 PM;47% busy at 7 PM;64% busy at 8 PM;94% busy at 9 PM;100% busy at 10 PM;88% busy at 11 PM;58% busy at 12 AM;35% busy at 1 AM;35% busy at 2 AM;29% busy at 3 AM;,29% busy at 4 AM;41% busy at 5 AM;47% busy at 6 AM;58% busy at 7 AM;47% busy at 8 AM;35% busy at 9 AM;41% busy at 10 AM;47% busy at 11 AM;47% busy at 12 PM;41% busy at 1 PM;41% busy at 2 PM;29% busy at 3 PM;29% busy at 4 PM;23% busy at 5 PM;35% busy at 6 PM;58% busy at 7 PM;41% busy at 8 PM;35% busy at 9 PM;58% busy at 10 PM;52% busy at 11 PM;70% busy at 12 AM;35% busy at 1 AM;41% busy at 2 AM;35% busy at 3 AM;,23% busy at 4 AM;11% busy at 5 AM;23% busy at 6 AM;29% busy at 7 AM;29% busy at 8 AM;23% busy at 9 AM;23% busy at 10 AM;17% busy at 11 AM;23% busy at 12 PM;17% busy at 1 PM;17% busy at 2 PM;17% busy at 3 PM;17% busy at 4 PM;11% busy at 5 PM;23% busy at 6 PM;23% busy at 7 PM;29% busy at 8 PM;23% busy at 9 PM;29% busy at 10 PM;23% busy at 11 PM;23% busy at 12 AM;17% busy at 1 AM;29% busy at 2 AM;29% busy at 3 AM;,29% busy at 4 AM;23% busy at 5 AM;35% busy at 6 AM;41% busy at 7 AM;35% busy at 8 AM;17% busy at 9 AM;29% busy at 10 AM;35% busy at 11 AM;35% busy at 12 PM;29% busy at 1 PM;58% busy at 2 PM;70% busy at 3 PM;76% busy at 4 PM;47% busy at 5 PM;35% busy at 6 PM;35% busy at 7 PM;29% busy at 8 PM;35% busy at 9 PM;41% busy at 10 PM;47% busy at 11 PM;47% busy at 12 AM;41% busy at 1 AM;29% busy at 2 AM;35% busy at 3 AM;,35% busy at 4 AM;29% busy at 5 AM;17% busy at 6 AM;11% busy at 7 AM;17% busy at 8 AM;17% busy at 9 AM;29% busy at 10 AM;29% busy at 11 AM;41% busy at 12 PM;58% busy at 1 PM;70% busy at 2 PM;52% busy at 3 PM;35% busy at 4 PM;35% busy at 5 PM;35% busy at 6 PM;41% busy at 7 PM;35% busy at 8 PM;23% busy at 9 PM;29% busy at 10 PM;23% busy at 11 PM;17% busy at 12 AM;11% busy at 1 AM;17% busy at 2 AM;35% busy at 3 AM;
Coffee shop,BlueSky Coffee |قهوة بلوسكي,7,4,"Imam Abdulrahman Al Faisal Hospital, Al Haras Al Watani, Dhahran 34232, Saudi Arabia",SA,Dhahran,None,https://bluesky.blueskycoffe.com/,+966 53 455 3453,"Monday Open 24 hours  2025-03-31
Tuesday Open 24 hours  2025-04-01
Wednesday Open 24 hours  2025-04-02
Thursday Open 24 hours  2025-04-03
Friday Open 24 hours  2025-04-04
Saturday Open 24 hours  2025-04-05
Sunday Open 24 hours  2025-04-06
 ",https://www.google.com/maps/place/BlueSky+Coffee+|قهوة+بلوسكي/data=!4m5!3m4!1s0x3e49e536e8bd1675:0x56b0f07bce4d29a2!8m2!3d26.3574486!4d50.1773346?authuser=0&hl=en&rclk=1,0x3e49e536e8bd1675:0x56b0f07bce4d29a2,ChIJdRa96DblST4RoilNznvwsFY,,26.3574486,50.1773346,coffee shops,https://lh5.googleusercontent.com/p/AF1QipPqmea6f7bRc-o1RLwEyEPZxIf6nlgCFUJ26BDV=w426-h240-k-no,https://lh5.googleusercontent.com/p/AF1QipPqmea6f7bRc-o1RLwEyEPZxIf6nlgCFUJ26BDV=w1024-h960-p-k-no,https://lh5.googleusercontent.com/p/AF1QipNuxASuxsYliOqq6u_imbrlznpSjGws5-OOUnXw=w1024-h960-p-k-no,https://lh5.googleusercontent.com/p/AF1QipM_SS_7WG-mgrhbsdB3ZbWMvKO8aHM0ELuH9_ex=w1024-h960-p-k-no,null,SAR 1–40,,https://plus.codes/954G+XW Dhahran Saudi Arabia,954G+XW Dhahran Saudi Arabia,Dine-in,Monday Open 24 hours  2025-03-31,Tuesday Open 24 hours  2025-04-01,Wednesday Open 24 hours  2025-04-02,Thursday Open 24 hours  2025-04-03,Friday Open 24 hours  2025-04-04,Saturday Open 24 hours  2025-04-05,Sunday Open 24 hours  2025-04-06,38% busy at 4 AM;33% busy at 5 AM;28% busy at 6 AM;42% busy at 7 AM;23% busy at 8 AM;28% busy at 9 AM;19% busy at 10 AM;23% busy at 11 AM;19% busy at 12 PM;38% busy at 1 PM;47% busy at 2 PM;80% busy at 3 PM;100% busy at 4 PM;80% busy at 5 PM;52% busy at 6 PM;23% busy at 7 PM;19% busy at 8 PM;9% busy at 9 PM;9% busy at 10 PM;23% busy at 11 PM;33% busy at 12 AM;19% busy at 1 AM;19% busy at 2 AM;28% busy at 3 AM;,33% busy at 4 AM;38% busy at 5 AM;38% busy at 6 AM;19% busy at 7 AM;9% busy at 8 AM;14% busy at 9 AM;14% busy at 10 AM;23% busy at 11 AM;33% busy at 12 PM;28% busy at 1 PM;28% busy at 2 PM;28% busy at 3 PM;23% busy at 4 PM;38% busy at 5 PM;28% busy at 6 PM;28% busy at 7 PM;33% busy at 8 PM;28% busy at 9 PM;23% busy at 10 PM;28% busy at 11 PM;38% busy at 12 AM;42% busy at 1 AM;42% busy at 2 AM;23% busy at 3 AM;,33% busy at 4 AM;33% busy at 5 AM;23% busy at 6 AM;33% busy at 7 AM;38% busy at 8 AM;52% busy at 9 AM;52% busy at 10 AM;52% busy at 11 AM;38% busy at 12 PM;42% busy at 1 PM;52% busy at 2 PM;57% busy at 3 PM;38% busy at 4 PM;14% busy at 5 PM;19% busy at 6 PM;28% busy at 7 PM;38% busy at 8 PM;38% busy at 9 PM;42% busy at 10 PM;52% busy at 11 PM;57% busy at 12 AM;47% busy at 1 AM;42% busy at 2 AM;33% busy at 3 AM;,33% busy at 4 AM;33% busy at 5 AM;38% busy at 6 AM;23% busy at 7 AM;19% busy at 8 AM;9% busy at 9 AM;19% busy at 10 AM;38% busy at 11 AM;42% busy at 12 PM;42% busy at 1 PM;47% busy at 2 PM;23% busy at 3 PM;28% busy at 4 PM;23% busy at 5 PM;19% busy at 6 PM;4% busy at 7 PM;4% busy at 8 PM;9% busy at 9 PM;9% busy at 10 PM;14% busy at 11 PM;23% busy at 12 AM;23% busy at 1 AM;28% busy at 2 AM;19% busy at 3 AM;,23% busy at 4 AM;33% busy at 5 AM;28% busy at 6 AM;23% busy at 7 AM;19% busy at 8 AM;28% busy at 9 AM;33% busy at 10 AM;14% busy at 11 AM;9% busy at 12 PM;19% busy at 1 PM;23% busy at 2 PM;28% busy at 3 PM;42% busy at 4 PM;52% busy at 5 PM;61% busy at 6 PM;57% busy at 7 PM;61% busy at 8 PM;42% busy at 9 PM;19% busy at 10 PM;19% busy at 11 PM;28% busy at 12 AM;33% busy at 1 AM;19% busy at 2 AM;23% busy at 3 AM;,19% busy at 4 AM;42% busy at 5 AM;57% busy at 6 AM;38% busy at 7 AM;23% busy at 8 AM;9% busy at 9 AM;23% busy at 10 AM;23% busy at 11 AM;28% busy at 12 PM;28% busy at 1 PM;28% busy at 2 PM;19% busy at 3 PM;4% busy at 4 PM;4% busy at 5 PM;14% busy at 6 PM;9% busy at 7 PM;14% busy at 8 PM;23% busy at 9 PM;19% busy at 10 PM;19% busy at 11 PM;4% busy at 12 AM;4% busy at 1 AM;0% busy at 2 AM;4% busy at 3 AM;,23% busy at 4 AM;23% busy at 5 AM;23% busy at 6 AM;33% busy at 7 AM;23% busy at 8 AM;19% busy at 9 AM;14% busy at 10 AM;33% busy at 11 AM;28% busy at 12 PM;33% busy at 1 PM;33% busy at 2 PM;28% busy at 3 PM;33% busy at 4 PM;33% busy at 5 PM;42% busy at 6 PM;38% busy at 7 PM;38% busy at 8 PM;42% busy at 9 PM;42% busy at 10 PM;52% busy at 11 PM;57% busy at 12 AM;33% busy at 1 AM;23% busy at 2 AM;9% busy at 3 AM;
Coffee shop,Mood Cafe Hokkah Bar,null,null,"6380 الاحسان, حي التعاون, EEGA2485، 2485, Al Khobar 34632, Saudi Arabia",SA,Al Khobar,None,null,null, ,https://www.google.com/maps/place/Mood+Cafe+Hokkah+Bar/data=!4m5!3m4!1s0x3e49dd00489436e3:0xa3c1aa71d9c81e0d!8m2!3d26.2175088!4d50.176874?authuser=0&hl=en&rclk=1,0x3e49dd00489436e3:0xa3c1aa71d9c81e0d,ChIJ4zaUSADdST4RDR7I2XGqwaM,,26.2175088,50.176874,coffee shops,null,null,null,null,null,null,,https://plus.codes/659G+2P Al Khobar Saudi Arabia,659G+2P Al Khobar Saudi Arabia,null,,,,,,,,,,,,,,
Coffee shop,Trust Coffee Shop,31,5,"6676 King Salman Bin Abdulaziz Rd, Al Hizam Al Akhdar, حي, 5374, Al Khobar 34433, Saudi Arabia",SA,Al Khobar,None,null,+966 53 797 8899,"Monday 7:30 AM–2 AM  2025-03-31
Tuesday 7:30 AM–2 AM  2025-04-01
Wednesday 7:30 AM–2 AM  2025-04-02
Thursday 7:30 AM–2 AM  2025-04-03
Friday 6 PM–2 AM  2025-04-04
Saturday 8:30 AM–2 AM  2025-04-05
Sunday 7:30 AM–2 AM  2025-04-06
 ",https://www.google.com/maps/place/Trust+Coffee+Shop/data=!4m5!3m4!1s0x3e49e9b400318b9f:0xc8c07d3e81f76b9b!8m2!3d26.3086841!4d50.20927?authuser=0&hl=en&rclk=1,0x3e49e9b400318b9f:0xc8c07d3e81f76b9b,ChIJn4sxALTpST4Rm2v3gT59wMg,,26.3086841,50.20927,coffee shops,https://lh5.googleusercontent.com/p/AF1QipMkqig2RKBDQite211TfpqV3ONUQj3POYKhIkG2=w408-h808-k-no,https://lh5.googleusercontent.com/p/CIHM0ogKEICAgIDx_br1fw=w1024-h960-p-k-no,https://lh5.googleusercontent.com/p/AF1QipNdDsJkrGShdkA26LeY0RPnw3JX3nRz4pV47v_x=w1024-h960-p-k-no,https://lh5.googleusercontent.com/p/CIHM0ogKEICAgICBqZDq4gE=w1024-h960-p-k-no,null,SAR 20–40,,https://plus.codes/8655+FP Al Khobar Saudi Arabia,8655+FP Al Khobar Saudi Arabia,Delivery,Monday 7:30 AM–2 AM  2025-03-31,Tuesday 7:30 AM–2 AM  2025-04-01,Wednesday 7:30 AM–2 AM  2025-04-02,Thursday 7:30 AM–2 AM  2025-04-03,Friday 6 PM–2 AM  2025-04-04,Saturday 8:30 AM–2 AM  2025-04-05,Sunday 7:30 AM–2 AM  2025-04-06,0% busy at 6 AM;61% busy at 7 AM;67% busy at 8 AM;50% busy at 9 AM;52% busy at 10 AM;61% busy at 11 AM;58% busy at 12 PM;58% busy at 1 PM;61% busy at 2 PM;55% busy at 3 PM;67% busy at 4 PM;55% busy at 5 PM;47% busy at 6 PM;52% busy at 7 PM;58% busy at 8 PM;61% busy at 9 PM;73% busy at 10 PM;64% busy at 11 PM;55% busy at 12 AM;58% busy at 1 AM;,0% busy at 6 AM;67% busy at 7 AM;70% busy at 8 AM;85% busy at 9 AM;70% busy at 10 AM;79% busy at 11 AM;76% busy at 12 PM;100% busy at 1 PM;88% busy at 2 PM;79% busy at 3 PM;70% busy at 4 PM;47% busy at 5 PM;29% busy at 6 PM;23% busy at 7 PM;29% busy at 8 PM;38% busy at 9 PM;44% busy at 10 PM;41% busy at 11 PM;44% busy at 12 AM;58% busy at 1 AM;,0% busy at 6 AM;55% busy at 7 AM;58% busy at 8 AM;55% busy at 9 AM;52% busy at 10 AM;61% busy at 11 AM;70% busy at 12 PM;79% busy at 1 PM;85% busy at 2 PM;88% busy at 3 PM;79% busy at 4 PM;82% busy at 5 PM;73% busy at 6 PM;64% busy at 7 PM;50% busy at 8 PM;52% busy at 9 PM;58% busy at 10 PM;55% busy at 11 PM;44% busy at 12 AM;41% busy at 1 AM;,0% busy at 6 AM;50% busy at 7 AM;44% busy at 8 AM;50% busy at 9 AM;79% busy at 10 AM;100% busy at 11 AM;76% busy at 12 PM;50% busy at 1 PM;35% busy at 2 PM;32% busy at 3 PM;47% busy at 4 PM;58% busy at 5 PM;52% busy at 6 PM;47% busy at 7 PM;38% busy at 8 PM;47% busy at 9 PM;35% busy at 10 PM;44% busy at 11 PM;35% busy at 12 AM;50% busy at 1 AM;,0% busy at 6 AM;0% busy at 7 AM;0% busy at 8 AM;0% busy at 9 AM;0% busy at 10 AM;0% busy at 11 AM;0% busy at 12 PM;0% busy at 1 PM;0% busy at 2 PM;0% busy at 3 PM;0% busy at 4 PM;0% busy at 5 PM;47% busy at 6 PM;32% busy at 7 PM;26% busy at 8 PM;32% busy at 9 PM;35% busy at 10 PM;41% busy at 11 PM;38% busy at 12 AM;52% busy at 1 AM;,0% busy at 6 AM;0% busy at 7 AM;32% busy at 8 AM;44% busy at 9 AM;55% busy at 10 AM;52% busy at 11 AM;35% busy at 12 PM;26% busy at 1 PM;41% busy at 2 PM;70% busy at 3 PM;94% busy at 4 PM;88% busy at 5 PM;85% busy at 6 PM;61% busy at 7 PM;58% busy at 8 PM;67% busy at 9 PM;70% busy at 10 PM;58% busy at 11 PM;41% busy at 12 AM;44% busy at 1 AM;,0% busy at 6 AM;64% busy at 7 AM;58% busy at 8 AM;76% busy at 9 AM;79% busy at 10 AM;85% busy at 11 AM;76% busy at 12 PM;70% busy at 1 PM;82% busy at 2 PM;76% busy at 3 PM;76% busy at 4 PM;67% busy at 5 PM;64% busy at 6 PM;73% busy at 7 PM;76% busy at 8 PM;67% busy at 9 PM;64% busy at 10 PM;64% busy at 11 PM;70% busy at 12 AM;58% busy at 1 AM;
Coffee shop,Eclipse,754,4,"Prince Turkey Street, Al Yarmouk, Al Khobar 34423, Saudi Arabia",SA,Al Khobar,None,https://instagram.com/eclipseksa?igshid=YmMyMTA2M2Y=,+966 56 331 6491,"Monday 7 AM–3 AM  2025-03-31
Tuesday 7 AM–3 AM  2025-04-01
Wednesday 7 AM–3 AM  2025-04-02
Thursday 7 AM–3 AM  2025-04-03
Friday 7 AM–3 AM  2025-04-04
Saturday 7 AM–3 AM  2025-04-05
Sunday 7 AM–3 AM  2025-04-06
 ",https://www.google.com/maps/place/Eclipse/data=!4m5!3m4!1s0x3e49e9778b2d38b3:0x65dd51b1d22c35f!8m2!3d26.3095879!4d50.2234136?authuser=0&hl=en&rclk=1,0x3e49e9778b2d38b3:0x65dd51b1d22c35f,ChIJszgti3fpST4RX8MiHRvVXQY,,26.3095879,50.2234136,cafes,https://lh5.googleusercontent.com/p/AF1QipNjwRA5yodKr2m2rK8LMU8DHZCD9NQ9io2hNg=w408-h544-k-no,https://lh5.googleusercontent.com/p/AF1QipNuPoWKrvcXdG51PaVBguMIdrukHbGEVs91PSdg=w1024-h960-p-k-no,https://lh5.googleusercontent.com/p/AF1QipM5u7vHDgkcgKpToEC57_xyW2vieN731Et-cJ2Y=w1024-h960-p-k-no,https://lh5.googleusercontent.com/p/AF1QipP_xAp1un4fj3z_ywMj3-XL7FW1v_7oWH5uDomW=w1024-h960-p-k-no,null,SAR 20–40,,https://plus.codes/865F+R9 Al Khobar Saudi Arabia,865F+R9 Al Khobar Saudi Arabia,Takeout,Monday 7 AM–3 AM  2025-03-31,Tuesday 7 AM–3 AM  2025-04-01,Wednesday 7 AM–3 AM  2025-04-02,Thursday 7 AM–3 AM  2025-04-03,Friday 7 AM–3 AM  2025-04-04,Saturday 7 AM–3 AM  2025-04-05,Sunday 7 AM–3 AM  2025-04-06,0% busy at 6 AM;22% busy at 7 AM;29% busy at 8 AM;37% busy at 9 AM;37% busy at 10 AM;35% busy at 11 AM;30% busy at 12 PM;31% busy at 1 PM;34% busy at 2 PM;40% busy at 3 PM;41% busy at 4 PM;42% busy at 5 PM;36% busy at 6 PM;31% busy at 7 PM;29% busy at 8 PM;25% busy at 9 PM;24% busy at 10 PM;21% busy at 11 PM;17% busy at 12 AM;15% busy at 1 AM;12% busy at 2 AM;,0% busy at 6 AM;10% busy at 7 AM;16% busy at 8 AM;23% busy at 9 AM;29% busy at 10 AM;31% busy at 11 AM;31% busy at 12 PM;31% busy at 1 PM;27% busy at 2 PM;23% busy at 3 PM;26% busy at 4 PM;29% busy at 5 PM;26% busy at 6 PM;27% busy at 7 PM;24% busy at 8 PM;25% busy at 9 PM;25% busy at 10 PM;25% busy at 11 PM;23% busy at 12 AM;18% busy at 1 AM;14% busy at 2 AM;,0% busy at 6 AM;15% busy at 7 AM;22% busy at 8 AM;22% busy at 9 AM;24% busy at 10 AM;21% busy at 11 AM;24% busy at 12 PM;27% busy at 1 PM;30% busy at 2 PM;29% busy at 3 PM;28% busy at 4 PM;33% busy at 5 PM;38% busy at 6 PM;47% busy at 7 PM;49% busy at 8 PM;43% busy at 9 PM;31% busy at 10 PM;24% busy at 11 PM;20% busy at 12 AM;19% busy at 1 AM;14% busy at 2 AM;,0% busy at 6 AM;13% busy at 7 AM;17% busy at 8 AM;25% busy at 9 AM;29% busy at 10 AM;30% busy at 11 AM;32% busy at 12 PM;36% busy at 1 PM;30% busy at 2 PM;33% busy at 3 PM;35% busy at 4 PM;41% busy at 5 PM;33% busy at 6 PM;33% busy at 7 PM;31% busy at 8 PM;45% busy at 9 PM;64% busy at 10 PM;78% busy at 11 PM;67% busy at 12 AM;48% busy at 1 AM;29% busy at 2 AM;,0% busy at 6 AM;15% busy at 7 AM;18% busy at 8 AM;15% busy at 9 AM;17% busy at 10 AM;21% busy at 11 AM;28% busy at 12 PM;36% busy at 1 PM;38% busy at 2 PM;37% busy at 3 PM;40% busy at 4 PM;49% busy at 5 PM;50% busy at 6 PM;50% busy at 7 PM;54% busy at 8 PM;71% busy at 9 PM;92% busy at 10 PM;100% busy at 11 PM;85% busy at 12 AM;64% busy at 1 AM;36% busy at 2 AM;,0% busy at 6 AM;13% busy at 7 AM;17% busy at 8 AM;21% busy at 9 AM;24% busy at 10 AM;25% busy at 11 AM;25% busy at 12 PM;30% busy at 1 PM;34% busy at 2 PM;39% busy at 3 PM;51% busy at 4 PM;57% busy at 5 PM;52% busy at 6 PM;48% busy at 7 PM;46% busy at 8 PM;44% busy at 9 PM;37% busy at 10 PM;28% busy at 11 PM;17% busy at 12 AM;13% busy at 1 AM;11% busy at 2 AM;,0% busy at 6 AM;25% busy at 7 AM;28% busy at 8 AM;32% busy at 9 AM;36% busy at 10 AM;37% busy at 11 AM;36% busy at 12 PM;38% busy at 1 PM;38% busy at 2 PM;37% busy at 3 PM;37% busy at 4 PM;36% busy at 5 PM;31% busy at 6 PM;29% busy at 7 PM;29% busy at 8 PM;29% busy at 9 PM;29% busy at 10 PM;21% busy at 11 PM;15% busy at 12 AM;13% busy at 1 AM;12% busy at 2 AM;
Coffee shop,Barn's | بارنز,27,3.3,Council Road Al Thawn Dammam Eastren Saudi Arabia,SA,Al Khobar,None,https://barns.com.sa/en,+966 9200 06843,"Monday Open 24 hours  2025-03-31
Tuesday Open 24 hours  2025-04-01
Wednesday Open 24 hours  2025-04-02
Thursday Open 24 hours  2025-04-03
Friday Open 24 hours  2025-04-04
Saturday Open 24 hours  2025-04-05
Sunday Open 24 hours  2025-04-06
 ",https://www.google.com/maps/place/Barn's+|+بارنز/data=!4m5!3m4!1s0x3e49c37617a2c231:0x55ce8a2532dc2e8d!8m2!3d26.2169873!4d50.1849484?authuser=0&hl=en&rclk=1,0x3e49c37617a2c231:0x55ce8a2532dc2e8d,ChIJMcKiF3bDST4RjS7cMiWKzlU,,26.2169873,50.1849484,coffee shops,https://lh5.googleusercontent.com/p/AF1QipN6L3YD4ZnhRBnehbdP_bNICba1AdmTkn-VrwIt=w408-h724-k-no,https://lh5.googleusercontent.com/p/AF1QipOcJy2_ScbGR_oCkvw4AdlS0VjZxFVcVP7EJLB7=w1024-h960-p-k-no,https://lh5.googleusercontent.com/p/AF1QipPbQm8nYZS-AYMDGsvLMv1RDLJttree_8CgLjus=w1024-h960-p-k-no,https://lh5.googleusercontent.com/p/AF1QipPLtQco-y5vHHmNGEd1nBewiv-YXbzGYlJw9_bq=w1024-h960-p-k-no,null,SAR 1–20,,https://plus.codes/658M+QX Al Khobar Saudi Arabia,658M+QX Al Khobar Saudi Arabia,Delivery,Monday Open 24 hours  2025-03-31,Tuesday Open 24 hours  2025-04-01,Wednesday Open 24 hours  2025-04-02,Thursday Open 24 hours  2025-04-03,Friday Open 24 hours  2025-04-04,Saturday Open 24 hours  2025-04-05,Sunday Open 24 hours  2025-04-06,43% busy at 4 AM;56% busy at 5 AM;56% busy at 6 AM;68% busy at 7 AM;43% busy at 8 AM;56% busy at 9 AM;56% busy at 10 AM;62% busy at 11 AM;43% busy at 12 PM;50% busy at 1 PM;56% busy at 2 PM;56% busy at 3 PM;50% busy at 4 PM;43% busy at 5 PM;56% busy at 6 PM;62% busy at 7 PM;62% busy at 8 PM;93% busy at 9 PM;62% busy at 10 PM;68% busy at 11 PM;75% busy at 12 AM;68% busy at 1 AM;68% busy at 2 AM;43% busy at 3 AM;,12% busy at 4 AM;18% busy at 5 AM;37% busy at 6 AM;31% busy at 7 AM;37% busy at 8 AM;31% busy at 9 AM;56% busy at 10 AM;87% busy at 11 AM;100% busy at 12 PM;62% busy at 1 PM;37% busy at 2 PM;31% busy at 3 PM;56% busy at 4 PM;68% busy at 5 PM;37% busy at 6 PM;25% busy at 7 PM;37% busy at 8 PM;43% busy at 9 PM;62% busy at 10 PM;43% busy at 11 PM;43% busy at 12 AM;31% busy at 1 AM;43% busy at 2 AM;25% busy at 3 AM;,43% busy at 4 AM;25% busy at 5 AM;37% busy at 6 AM;43% busy at 7 AM;18% busy at 8 AM;25% busy at 9 AM;25% busy at 10 AM;31% busy at 11 AM;25% busy at 12 PM;37% busy at 1 PM;43% busy at 2 PM;37% busy at 3 PM;43% busy at 4 PM;43% busy at 5 PM;62% busy at 6 PM;56% busy at 7 PM;50% busy at 8 PM;37% busy at 9 PM;50% busy at 10 PM;56% busy at 11 PM;62% busy at 12 AM;87% busy at 1 AM;87% busy at 2 AM;56% busy at 3 AM;,50% busy at 4 AM;43% busy at 5 AM;31% busy at 6 AM;18% busy at 7 AM;6% busy at 8 AM;18% busy at 9 AM;31% busy at 10 AM;37% busy at 11 AM;25% busy at 12 PM;25% busy at 1 PM;56% busy at 2 PM;68% busy at 3 PM;56% busy at 4 PM;43% busy at 5 PM;50% busy at 6 PM;43% busy at 7 PM;50% busy at 8 PM;56% busy at 9 PM;81% busy at 10 PM;93% busy at 11 PM;87% busy at 12 AM;56% busy at 1 AM;62% busy at 2 AM;56% busy at 3 AM;,31% busy at 4 AM;31% busy at 5 AM;37% busy at 6 AM;31% busy at 7 AM;18% busy at 8 AM;18% busy at 9 AM;25% busy at 10 AM;18% busy at 11 AM;31% busy at 12 PM;43% busy at 1 PM;50% busy at 2 PM;43% busy at 3 PM;37% busy at 4 PM;37% busy at 5 PM;43% busy at 6 PM;37% busy at 7 PM;43% busy at 8 PM;43% busy at 9 PM;43% busy at 10 PM;68% busy at 11 PM;68% busy at 12 AM;68% busy at 1 AM;31% busy at 2 AM;31% busy at 3 AM;,50% busy at 4 AM;50% busy at 5 AM;31% busy at 6 AM;25% busy at 7 AM;18% busy at 8 AM;25% busy at 9 AM;18% busy at 10 AM;12% busy at 11 AM;25% busy at 12 PM;37% busy at 1 PM;43% busy at 2 PM;50% busy at 3 PM;31% busy at 4 PM;12% busy at 5 PM;6% busy at 6 PM;18% busy at 7 PM;18% busy at 8 PM;31% busy at 9 PM;43% busy at 10 PM;37% busy at 11 PM;37% busy at 12 AM;18% busy at 1 AM;31% busy at 2 AM;50% busy at 3 AM;,31% busy at 4 AM;31% busy at 5 AM;31% busy at 6 AM;43% busy at 7 AM;50% busy at 8 AM;37% busy at 9 AM;37% busy at 10 AM;31% busy at 11 AM;37% busy at 12 PM;43% busy at 1 PM;25% busy at 2 PM;25% busy at 3 PM;25% busy at 4 PM;37% busy at 5 PM;43% busy at 6 PM;37% busy at 7 PM;56% busy at 8 PM;50% busy at 9 PM;25% busy at 10 PM;25% busy at 11 PM;43% busy at 12 AM;56% busy at 1 AM;56% busy at 2 AM;37% busy at 3 AM;
Coffee shop,CORE COFFEE & ROASTERY,538,4.4,"Salaheddin Al Ayoubi Street, Al Bustan, Al Khobar 34422, Saudi Arabia",SA,Al Khobar,None,http://www.corecoffee.co/,+966 59 658 6320,"Monday 4 PM–3 AM  2025-03-31
Tuesday 4 PM–3 AM  2025-04-01
Wednesday 4 PM–3 AM  2025-04-02
Thursday 4 PM–3 AM  2025-04-03
Friday 4 PM–3 AM  2025-04-04
Saturday 4 PM–3 AM  2025-04-05
Sunday 4 PM–3 AM  2025-04-06
 ",https://www.google.com/maps/place/CORE+COFFEE+&+ROASTERY/data=!4m5!3m4!1s0x3e49e9b43adbca67:0xbca0b9f1586ad722!8m2!3d26.3250433!4d50.2075896?authuser=0&hl=en&rclk=1,0x3e49e9b43adbca67:0xbca0b9f1586ad722,ChIJZ8rbOrTpST4RItdqWPG5oLw,,26.3250433,50.2075896,coffee shops,https://lh5.googleusercontent.com/p/AF1QipOwTip6ZU1nqJn_7K9oQI75Os3EnkeMAhxbOCXf=w408-h306-k-no,https://lh5.googleusercontent.com/p/AF1QipOwTip6ZU1nqJn_7K9oQI75Os3EnkeMAhxbOCXf=w1024-h960-p-k-no,https://lh5.googleusercontent.com/p/AF1QipNAL-oh5RhgrsdTM7iHev0F_cjbyLYugbzsJ5Cy=w1024-h960-p-k-no,https://lh5.googleusercontent.com/p/AF1QipNL4ju98-_EewcD1Okh-shA_A2cfr3Ku6C5ZsMl=w1024-h960-p-k-no,null,SAR 20–40,,https://plus.codes/86G5+22 Al Khobar Saudi Arabia,86G5+22 Al Khobar Saudi Arabia,No-contact delivery,Monday 4 PM–3 AM  2025-03-31,Tuesday 4 PM–3 AM  2025-04-01,Wednesday 4 PM–3 AM  2025-04-02,Thursday 4 PM–3 AM  2025-04-03,Friday 4 PM–3 AM  2025-04-04,Saturday 4 PM–3 AM  2025-04-05,Sunday 4 PM–3 AM  2025-04-06,0% busy at 6 AM;0% busy at 7 AM;0% busy at 8 AM;0% busy at 9 AM;0% busy at 10 AM;0% busy at 11 AM;0% busy at 12 PM;0% busy at 1 PM;0% busy at 2 PM;0% busy at 3 PM;46% busy at 4 PM;39% busy at 5 PM;46% busy at 6 PM;46% busy at 7 PM;78% busy at 8 PM;78% busy at 9 PM;78% busy at 10 PM;53% busy at 11 PM;0% busy at 12 AM;0% busy at 1 AM;0% busy at 2 AM;,0% busy at 6 AM;0% busy at 7 AM;0% busy at 8 AM;0% busy at 9 AM;0% busy at 10 AM;0% busy at 11 AM;0% busy at 12 PM;0% busy at 1 PM;0% busy at 2 PM;0% busy at 3 PM;25% busy at 4 PM;35% busy at 5 PM;57% busy at 6 PM;64% busy at 7 PM;60% busy at 8 PM;57% busy at 9 PM;42% busy at 10 PM;35% busy at 11 PM;0% busy at 12 AM;0% busy at 1 AM;0% busy at 2 AM;,0% busy at 6 AM;0% busy at 7 AM;0% busy at 8 AM;0% busy at 9 AM;0% busy at 10 AM;0% busy at 11 AM;0% busy at 12 PM;0% busy at 1 PM;0% busy at 2 PM;0% busy at 3 PM;82% busy at 4 PM;71% busy at 5 PM;71% busy at 6 PM;71% busy at 7 PM;57% busy at 8 PM;57% busy at 9 PM;67% busy at 10 PM;64% busy at 11 PM;0% busy at 12 AM;0% busy at 1 AM;0% busy at 2 AM;,0% busy at 6 AM;0% busy at 7 AM;0% busy at 8 AM;0% busy at 9 AM;0% busy at 10 AM;0% busy at 11 AM;0% busy at 12 PM;0% busy at 1 PM;0% busy at 2 PM;0% busy at 3 PM;39% busy at 4 PM;46% busy at 5 PM;50% busy at 6 PM;71% busy at 7 PM;89% busy at 8 PM;89% busy at 9 PM;92% busy at 10 PM;71% busy at 11 PM;0% busy at 12 AM;0% busy at 1 AM;0% busy at 2 AM;,0% busy at 6 AM;0% busy at 7 AM;0% busy at 8 AM;0% busy at 9 AM;0% busy at 10 AM;0% busy at 11 AM;0% busy at 12 PM;0% busy at 1 PM;0% busy at 2 PM;0% busy at 3 PM;67% busy at 4 PM;67% busy at 5 PM;64% busy at 6 PM;60% busy at 7 PM;75% busy at 8 PM;85% busy at 9 PM;100% busy at 10 PM;96% busy at 11 PM;0% busy at 12 AM;0% busy at 1 AM;0% busy at 2 AM;,0% busy at 6 AM;0% busy at 7 AM;0% busy at 8 AM;0% busy at 9 AM;0% busy at 10 AM;0% busy at 11 AM;0% busy at 12 PM;0% busy at 1 PM;0% busy at 2 PM;0% busy at 3 PM;92% busy at 4 PM;82% busy at 5 PM;57% busy at 6 PM;35% busy at 7 PM;32% busy at 8 PM;32% busy at 9 PM;46% busy at 10 PM;39% busy at 11 PM;0% busy at 12 AM;0% busy at 1 AM;0% busy at 2 AM;,0% busy at 6 AM;0% busy at 7 AM;0% busy at 8 AM;0% busy at 9 AM;0% busy at 10 AM;0% busy at 11 AM;0% busy at 12 PM;0% busy at 1 PM;0% busy at 2 PM;0% busy at 3 PM;50% busy at 4 PM;46% busy at 5 PM;67% busy at 6 PM;92% busy at 7 PM;89% busy at 8 PM;78% busy at 9 PM;71% busy at 10 PM;60% busy at 11 PM;0% busy at 12 AM;0% busy at 1 AM;0% busy at 2 AM;
Coffee shop,Barn's | بارنز,26,3.6,"Sasco Station, طريق الملك عبدالعزيز، Dhahran 34312, Saudi Arabia",SA,Dhahran,None,https://barns.com.sa/en,+966 9200 06843,"Monday Open 24 hours  2025-03-31
Tuesday Open 24 hours  2025-04-01
Wednesday Open 24 hours  2025-04-02
Thursday Open 24 hours  2025-04-03
Friday Open 24 hours  2025-04-04
Saturday Open 24 hours  2025-04-05
Sunday Open 24 hours  2025-04-06
 ",https://www.google.com/maps/place/Barn's+|+بارنز/data=!4m5!3m4!1s0x3e49e383cbbc7e31:0xdf4b1d59a9a7b3c2!8m2!3d26.2954097!4d50.0356568?authuser=0&hl=en&rclk=1,0x3e49e383cbbc7e31:0xdf4b1d59a9a7b3c2,ChIJMX68y4PjST4RwrOnqVkdS98,,26.2954097,50.0356568,coffee shops,https://lh5.googleusercontent.com/p/AF1QipPqJatHxg9kfDn2YTC23W8X2UCzJ-Ax1XN2UwwL=w408-h408-k-no,https://lh5.googleusercontent.com/p/AF1QipPqJatHxg9kfDn2YTC23W8X2UCzJ-Ax1XN2UwwL=w1024-h960-p-k-no,https://lh5.googleusercontent.com/p/CIHM0ogKEICAgICLsJb40wE=w1024-h960-p-k-no,https://lh5.googleusercontent.com/p/CIHM0ogKEICAgIDp1bH64QE=w1024-h960-p-k-no,null,SAR 1–40,,https://plus.codes/72WP+57 Dhahran Saudi Arabia,72WP+57 Dhahran Saudi Arabia,Delivery,Monday Open 24 hours  2025-03-31,Tuesday Open 24 hours  2025-04-01,Wednesday Open 24 hours  2025-04-02,Thursday Open 24 hours  2025-04-03,Friday Open 24 hours  2025-04-04,Saturday Open 24 hours  2025-04-05,Sunday Open 24 hours  2025-04-06,29% busy at 4 AM;47% busy at 5 AM;52% busy at 6 AM;35% busy at 7 AM;17% busy at 8 AM;17% busy at 9 AM;29% busy at 10 AM;35% busy at 11 AM;58% busy at 12 PM;64% busy at 1 PM;47% busy at 2 PM;23% busy at 3 PM;23% busy at 4 PM;41% busy at 5 PM;47% busy at 6 PM;64% busy at 7 PM;52% busy at 8 PM;47% busy at 9 PM;35% busy at 10 PM;17% busy at 11 PM;11% busy at 12 AM;11% busy at 1 AM;11% busy at 2 AM;11% busy at 3 AM;,17% busy at 4 AM;17% busy at 5 AM;41% busy at 6 AM;47% busy at 7 AM;70% busy at 8 AM;47% busy at 9 AM;52% busy at 10 AM;58% busy at 11 AM;52% busy at 12 PM;47% busy at 1 PM;41% busy at 2 PM;58% busy at 3 PM;64% busy at 4 PM;88% busy at 5 PM;100% busy at 6 PM;58% busy at 7 PM;23% busy at 8 PM;5% busy at 9 PM;11% busy at 10 PM;17% busy at 11 PM;47% busy at 12 AM;58% busy at 1 AM;64% busy at 2 AM;41% busy at 3 AM;,5% busy at 4 AM;17% busy at 5 AM;29% busy at 6 AM;47% busy at 7 AM;58% busy at 8 AM;52% busy at 9 AM;35% busy at 10 AM;29% busy at 11 AM;35% busy at 12 PM;35% busy at 1 PM;47% busy at 2 PM;41% busy at 3 PM;47% busy at 4 PM;58% busy at 5 PM;70% busy at 6 PM;58% busy at 7 PM;41% busy at 8 PM;29% busy at 9 PM;23% busy at 10 PM;29% busy at 11 PM;23% busy at 12 AM;35% busy at 1 AM;17% busy at 2 AM;5% busy at 3 AM;,52% busy at 4 AM;29% busy at 5 AM;29% busy at 6 AM;23% busy at 7 AM;47% busy at 8 AM;52% busy at 9 AM;52% busy at 10 AM;29% busy at 11 AM;41% busy at 12 PM;35% busy at 1 PM;47% busy at 2 PM;35% busy at 3 PM;41% busy at 4 PM;23% busy at 5 PM;41% busy at 6 PM;29% busy at 7 PM;41% busy at 8 PM;41% busy at 9 PM;47% busy at 10 PM;47% busy at 11 PM;64% busy at 12 AM;58% busy at 1 AM;58% busy at 2 AM;52% busy at 3 AM;,11% busy at 4 AM;35% busy at 5 AM;41% busy at 6 AM;47% busy at 7 AM;41% busy at 8 AM;41% busy at 9 AM;29% busy at 10 AM;41% busy at 11 AM;41% busy at 12 PM;47% busy at 1 PM;35% busy at 2 PM;52% busy at 3 PM;52% busy at 4 PM;47% busy at 5 PM;41% busy at 6 PM;23% busy at 7 PM;11% busy at 8 PM;17% busy at 9 PM;17% busy at 10 PM;29% busy at 11 PM;29% busy at 12 AM;29% busy at 1 AM;23% busy at 2 AM;17% busy at 3 AM;,29% busy at 4 AM;29% busy at 5 AM;17% busy at 6 AM;29% busy at 7 AM;29% busy at 8 AM;29% busy at 9 AM;35% busy at 10 AM;35% busy at 11 AM;47% busy at 12 PM;35% busy at 1 PM;47% busy at 2 PM;82% busy at 3 PM;64% busy at 4 PM;47% busy at 5 PM;35% busy at 6 PM;41% busy at 7 PM;41% busy at 8 PM;35% busy at 9 PM;17% busy at 10 PM;35% busy at 11 PM;47% busy at 12 AM;70% busy at 1 AM;58% busy at 2 AM;47% busy at 3 AM;,11% busy at 4 AM;29% busy at 5 AM;35% busy at 6 AM;35% busy at 7 AM;35% busy at 8 AM;52% busy at 9 AM;41% busy at 10 AM;41% busy at 11 AM;41% busy at 12 PM;35% busy at 1 PM;58% busy at 2 PM;70% busy at 3 PM;58% busy at 4 PM;23% busy at 5 PM;17% busy at 6 PM;23% busy at 7 PM;41% busy at 8 PM;52% busy at 9 PM;58% busy at 10 PM;58% busy at 11 PM;47% busy at 12 AM;29% busy at 1 AM;11% busy at 2 AM;5% busy at 3 AM;
Coffee shop,OKO,161,4.9,"King Saud St, Al Khobar Al Shamalia, Al Khobar 31952, Saudi Arabia",SA,Al Khobar,None,null,+966 55 269 8948,"Monday 6:30 PM–2 AM  2025-03-31
Tuesday 6:30 PM–2 AM  2025-04-01
Wednesday 6:30 PM–2 AM  2025-04-02
Thursday 6:30 PM–2 AM  2025-04-03
Friday 6:30 PM–2 AM  2025-04-04
Saturday 6:30 PM–2 AM  2025-04-05
Sunday 6:30 PM–2 AM  2025-04-06
 ",https://www.google.com/maps/place/OKO/data=!4m5!3m4!1s0x3e49e99425091c3d:0xf25aa81cbd2111d7!8m2!3d26.2907487!4d50.2158991?authuser=0&hl=en&rclk=1,0x3e49e99425091c3d:0xf25aa81cbd2111d7,ChIJPRwJJZTpST4R1xEhvRyoWvI,,26.2907487,50.2158991,coffee shops,https://lh5.googleusercontent.com/p/AF1QipO-aw04P9HTmwX-4EPWRcNKtIflciKbuMFSc3nG=w408-h544-k-no,https://lh5.googleusercontent.com/p/CIHM0ogKEICAgIDv38zMhgE=w1024-h960-p-k-no,https://lh5.googleusercontent.com/p/CIHM0ogKEICAgMDw0L7EPw=w1024-h960-p-k-no,https://lh5.googleusercontent.com/p/CIHM0ogKEICAgIDb4suAIw=w1024-h960-p-k-no,null,SAR 1–20,,https://plus.codes/76R8+79 Al Khobar Saudi Arabia,76R8+79 Al Khobar Saudi Arabia,Dine-in,Monday 6:30 PM–2 AM  2025-03-31,Tuesday 6:30 PM–2 AM  2025-04-01,Wednesday 6:30 PM–2 AM  2025-04-02,Thursday 6:30 PM–2 AM  2025-04-03,Friday 6:30 PM–2 AM  2025-04-04,Saturday 6:30 PM–2 AM  2025-04-05,Sunday 6:30 PM–2 AM  2025-04-06,0% busy at 6 AM;0% busy at 7 AM;0% busy at 8 AM;0% busy at 9 AM;0% busy at 10 AM;0% busy at 11 AM;0% busy at 12 PM;0% busy at 1 PM;0% busy at 2 PM;0% busy at 3 PM;0% busy at 4 PM;0% busy at 5 PM;50% busy at 6 PM;50% busy at 7 PM;44% busy at 8 PM;44% busy at 9 PM;50% busy at 10 PM;0% busy at 11 PM;0% busy at 12 AM;0% busy at 1 AM;,0% busy at 6 AM;0% busy at 7 AM;0% busy at 8 AM;0% busy at 9 AM;0% busy at 10 AM;0% busy at 11 AM;0% busy at 12 PM;0% busy at 1 PM;0% busy at 2 PM;0% busy at 3 PM;0% busy at 4 PM;0% busy at 5 PM;77% busy at 6 PM;100% busy at 7 PM;88% busy at 8 PM;83% busy at 9 PM;83% busy at 10 PM;0% busy at 11 PM;0% busy at 12 AM;0% busy at 1 AM;,0% busy at 6 AM;0% busy at 7 AM;0% busy at 8 AM;0% busy at 9 AM;0% busy at 10 AM;0% busy at 11 AM;0% busy at 12 PM;0% busy at 1 PM;0% busy at 2 PM;0% busy at 3 PM;0% busy at 4 PM;0% busy at 5 PM;38% busy at 6 PM;44% busy at 7 PM;33% busy at 8 PM;38% busy at 9 PM;38% busy at 10 PM;0% busy at 11 PM;0% busy at 12 AM;0% busy at 1 AM;,0% busy at 6 AM;0% busy at 7 AM;0% busy at 8 AM;0% busy at 9 AM;0% busy at 10 AM;0% busy at 11 AM;0% busy at 12 PM;0% busy at 1 PM;0% busy at 2 PM;0% busy at 3 PM;0% busy at 4 PM;0% busy at 5 PM;77% busy at 6 PM;77% busy at 7 PM;61% busy at 8 PM;61% busy at 9 PM;72% busy at 10 PM;77% busy at 11 PM;72% busy at 12 AM;0% busy at 1 AM;,0% busy at 6 AM;0% busy at 7 AM;0% busy at 8 AM;0% busy at 9 AM;0% busy at 10 AM;0% busy at 11 AM;0% busy at 12 PM;0% busy at 1 PM;0% busy at 2 PM;0% busy at 3 PM;0% busy at 4 PM;0% busy at 5 PM;66% busy at 6 PM;66% busy at 7 PM;88% busy at 8 PM;83% busy at 9 PM;72% busy at 10 PM;61% busy at 11 PM;27% busy at 12 AM;0% busy at 1 AM;,0% busy at 6 AM;0% busy at 7 AM;0% busy at 8 AM;0% busy at 9 AM;0% busy at 10 AM;0% busy at 11 AM;0% busy at 12 PM;0% busy at 1 PM;0% busy at 2 PM;0% busy at 3 PM;0% busy at 4 PM;0% busy at 5 PM;61% busy at 6 PM;50% busy at 7 PM;72% busy at 8 PM;77% busy at 9 PM;61% busy at 10 PM;0% busy at 11 PM;0% busy at 12 AM;0% busy at 1 AM;,0% busy at 6 AM;0% busy at 7 AM;0% busy at 8 AM;0% busy at 9 AM;0% busy at 10 AM;0% busy at 11 AM;0% busy at 12 PM;0% busy at 1 PM;0% busy at 2 PM;0% busy at 3 PM;0% busy at 4 PM;0% busy at 5 PM;55% busy at 6 PM;72% busy at 7 PM;72% busy at 8 PM;72% busy at 9 PM;44% busy at 10 PM;0% busy at 11 PM;0% busy at 12 AM;0% busy at 1 AM;
Coffee shop,Grambon Cafe - K Plaza جرام بن - الخبر بلازا,72,4.9,"Suwaikat St, Al Khobar Al Shamalia, Al Khobar 34429, Saudi Arabia",SA,Al Khobar,None,null,+966 56 745 6898,"Monday Closed  2025-03-31
Tuesday Closed  2025-04-01
Wednesday 4–11 PM  2025-04-02
Thursday 4–11 PM  2025-04-03
Friday 4–11 PM  2025-04-04
Saturday 4–11 PM  2025-04-05
Sunday 4–11 PM  2025-04-06
 ",https://www.google.com/maps/place/Grambon+Cafe+-+K+Plaza+جرام+بن+-+الخبر+بلازا/data=!4m5!3m4!1s0x3e49e9eb69fc6e67:0x3f2d23da3267c86f!8m2!3d26.2842477!4d50.2106744?authuser=0&hl=en&rclk=1,0x3e49e9eb69fc6e67:0x3f2d23da3267c86f,ChIJZ278aevpST4Rb8hnMtojLT8,,26.2842477,50.2106744,coffee shops,https://lh5.googleusercontent.com/p/AF1QipOQ7OFv-HNMyqdwegnMOt9mSZwNxBohQbwaPx4e=w408-h306-k-no,https://lh5.googleusercontent.com/p/AF1QipMsXP_kWxdTzo76YYuLGn0q_9x28NsHDq2ICw2W=w1024-h960-p-k-no,https://lh5.googleusercontent.com/p/AF1QipNdqyYxdCQzmSJsnYdLi4-caLK3leO-u6nBfUvN=w1024-h960-p-k-no,https://lh5.googleusercontent.com/p/AF1QipOx_9JFqxPOApNENP93YT_lU_hY3GtSYKC_2f8d=w1024-h960-p-k-no,null,SAR 1–20,,https://plus.codes/76M6+M7 Al Khobar Saudi Arabia,76M6+M7 Al Khobar Saudi Arabia,Drive-through,Monday Closed  2025-03-31,Tuesday Closed  2025-04-01,Wednesday 4–11 PM  2025-04-02,Thursday 4–11 PM  2025-04-03,Friday 4–11 PM  2025-04-04,Saturday 4–11 PM  2025-04-05,Sunday 4–11 PM  2025-04-06,,,,,,,
Coffee shop,Blue Sky Coffee,13,2.8,"75HP+MWP, Al-Thuqbah, Al Khobar 34623, Saudi Arabia",SA,Al Khobar,None,null,null,"Monday Open 24 hours  2025-03-31
Tuesday Open 24 hours  2025-04-01
Wednesday Open 24 hours  2025-04-02
Thursday Open 24 hours  2025-04-03
Friday Open 24 hours  2025-04-04
Saturday Open 24 hours  2025-04-05
Sunday Open 24 hours  2025-04-06
 ",https://www.google.com/maps/place/Blue+Sky+Coffee/data=!4m5!3m4!1s0x3e49e9862ccaa0fd:0xe4e510e7d85a4a1!8m2!3d26.2792281!4d50.1873873?authuser=0&hl=en&rclk=1,0x3e49e9862ccaa0fd:0xe4e510e7d85a4a1,ChIJ_aDKLIbpST4RoaSFfQ5RTg4,,26.2792281,50.1873873,coffee shops,https://lh5.googleusercontent.com/p/AF1QipMdJW-cyhsdn7b9E4GAXoJZ7FC0bJE8nE-Frlpf=w408-h544-k-no,https://lh5.googleusercontent.com/p/AF1QipMdJW-cyhsdn7b9E4GAXoJZ7FC0bJE8nE-Frlpf=w1024-h960-p-k-no,https://lh5.googleusercontent.com/p/AF1QipMM9bweN6PjpXWovPTrSwiOq244SazVhauQd_fQ=w1024-h960-p-k-no,null,null,None,,null,null,Delivery,Monday Open 24 hours  2025-03-31,Tuesday Open 24 hours  2025-04-01,Wednesday Open 24 hours  2025-04-02,Thursday Open 24 hours  2025-04-03,Friday Open 24 hours  2025-04-04,Saturday Open 24 hours  2025-04-05,Sunday Open 24 hours  2025-04-06,37% busy at 4 AM;25% busy at 5 AM;18% busy at 6 AM;12% busy at 7 AM;25% busy at 8 AM;31% busy at 9 AM;37% busy at 10 AM;25% busy at 11 AM;25% busy at 12 PM;18% busy at 1 PM;12% busy at 2 PM;12% busy at 3 PM;25% busy at 4 PM;50% busy at 5 PM;37% busy at 6 PM;37% busy at 7 PM;18% busy at 8 PM;25% busy at 9 PM;43% busy at 10 PM;56% busy at 11 PM;50% busy at 12 AM;43% busy at 1 AM;62% busy at 2 AM;43% busy at 3 AM;,25% busy at 4 AM;18% busy at 5 AM;18% busy at 6 AM;31% busy at 7 AM;43% busy at 8 AM;25% busy at 9 AM;18% busy at 10 AM;25% busy at 11 AM;18% busy at 12 PM;12% busy at 1 PM;25% busy at 2 PM;37% busy at 3 PM;43% busy at 4 PM;25% busy at 5 PM;31% busy at 6 PM;37% busy at 7 PM;31% busy at 8 PM;37% busy at 9 PM;56% busy at 10 PM;93% busy at 11 PM;75% busy at 12 AM;50% busy at 1 AM;25% busy at 2 AM;12% busy at 3 AM;,18% busy at 4 AM;43% busy at 5 AM;37% busy at 6 AM;18% busy at 7 AM;18% busy at 8 AM;18% busy at 9 AM;37% busy at 10 AM;25% busy at 11 AM;18% busy at 12 PM;18% busy at 1 PM;18% busy at 2 PM;37% busy at 3 PM;43% busy at 4 PM;56% busy at 5 PM;62% busy at 6 PM;81% busy at 7 PM;100% busy at 8 PM;87% busy at 9 PM;56% busy at 10 PM;56% busy at 11 PM;56% busy at 12 AM;31% busy at 1 AM;6% busy at 2 AM;6% busy at 3 AM;,31% busy at 4 AM;31% busy at 5 AM;37% busy at 6 AM;56% busy at 7 AM;50% busy at 8 AM;56% busy at 9 AM;43% busy at 10 AM;37% busy at 11 AM;43% busy at 12 PM;43% busy at 1 PM;56% busy at 2 PM;37% busy at 3 PM;50% busy at 4 PM;62% busy at 5 PM;62% busy at 6 PM;62% busy at 7 PM;56% busy at 8 PM;56% busy at 9 PM;62% busy at 10 PM;50% busy at 11 PM;37% busy at 12 AM;12% busy at 1 AM;6% busy at 2 AM;12% busy at 3 AM;,50% busy at 4 AM;50% busy at 5 AM;68% busy at 6 AM;100% busy at 7 AM;87% busy at 8 AM;68% busy at 9 AM;43% busy at 10 AM;50% busy at 11 AM;62% busy at 12 PM;43% busy at 1 PM;18% busy at 2 PM;12% busy at 3 PM;25% busy at 4 PM;18% busy at 5 PM;6% busy at 6 PM;6% busy at 7 PM;18% busy at 8 PM;50% busy at 9 PM;50% busy at 10 PM;43% busy at 11 PM;25% busy at 12 AM;31% busy at 1 AM;31% busy at 2 AM;43% busy at 3 AM;,56% busy at 4 AM;56% busy at 5 AM;43% busy at 6 AM;43% busy at 7 AM;37% busy at 8 AM;37% busy at 9 AM;25% busy at 10 AM;18% busy at 11 AM;12% busy at 12 PM;18% busy at 1 PM;18% busy at 2 PM;25% busy at 3 PM;37% busy at 4 PM;25% busy at 5 PM;31% busy at 6 PM;43% busy at 7 PM;37% busy at 8 PM;43% busy at 9 PM;37% busy at 10 PM;25% busy at 11 PM;43% busy at 12 AM;37% busy at 1 AM;50% busy at 2 AM;37% busy at 3 AM;,43% busy at 4 AM;31% busy at 5 AM;31% busy at 6 AM;43% busy at 7 AM;37% busy at 8 AM;43% busy at 9 AM;43% busy at 10 AM;62% busy at 11 AM;50% busy at 12 PM;56% busy at 1 PM;37% busy at 2 PM;37% busy at 3 PM;43% busy at 4 PM;56% busy at 5 PM;50% busy at 6 PM;43% busy at 7 PM;43% busy at 8 PM;56% busy at 9 PM;43% busy at 10 PM;25% busy at 11 PM;37% busy at 12 AM;37% busy at 1 AM;50% busy at 2 AM;50% busy at 3 AM;
Coffee shop,ROUTINE Coffee | مقهى روتين,81,4.8,"Street 22, Al Aqrabiyah, Al Khobar 34445, Saudi Arabia",SA,Al Khobar,None,null,+966 59 550 8202,"Monday 6:15 PM–3:30 AM  2025-03-31
Tuesday 6:15 PM–3:30 AM  2025-04-01
Wednesday 6:15 PM–3:30 AM  2025-04-02
Thursday 6:15 PM–3:30 AM  2025-04-03
Friday 6:15 PM–3:30 AM  2025-04-04
Saturday 6:15 PM–3:30 AM  2025-04-05
Sunday 6:15 PM–3:30 AM  2025-04-06
 ",https://www.google.com/maps/place/ROUTINE+Coffee+|+مقهى+روتين/data=!4m5!3m4!1s0x3e49e95ea5868789:0x79e13bf8bd15c79e!8m2!3d26.3010998!4d50.1960069?authuser=0&hl=en&rclk=1,0x3e49e95ea5868789:0x79e13bf8bd15c79e,ChIJiYeGpV7pST4RnscVvfg74Xk,,26.3010998,50.1960069,coffee shops,https://lh5.googleusercontent.com/p/AF1QipNY37nJza0DYpFzZ35NoW2_DUC_ur_HLzHZyNUP=w408-h725-k-no,https://lh5.googleusercontent.com/p/AF1QipOSGvAHJmqEEjyIkugejal97_AyqqWlNK9zb3yr=w1024-h960-p-k-no,https://lh5.googleusercontent.com/p/AF1QipM4H0Y6SaS1jlsjdXmS4xY99pRRK9gmmvw0sREX=w1024-h960-p-k-no,https://lh5.googleusercontent.com/p/AF1QipNJnUrLZ_qcSs4UMmIgLcvn0EqFXp4XohNDCCLH=w1024-h960-p-k-no,null,SAR 1–20,,https://plus.codes/852W+CC Al Khobar Saudi Arabia,852W+CC Al Khobar Saudi Arabia,Delivery,Monday 6:15 PM–3:30 AM  2025-03-31,Tuesday 6:15 PM–3:30 AM  2025-04-01,Wednesday 6:15 PM–3:30 AM  2025-04-02,Thursday 6:15 PM–3:30 AM  2025-04-03,Friday 6:15 PM–3:30 AM  2025-04-04,Saturday 6:15 PM–3:30 AM  2025-04-05,Sunday 6:15 PM–3:30 AM  2025-04-06,0% busy at 6 AM;0% busy at 7 AM;0% busy at 8 AM;0% busy at 9 AM;0% busy at 10 AM;0% busy at 11 AM;0% busy at 12 PM;0% busy at 1 PM;0% busy at 2 PM;0% busy at 3 PM;0% busy at 4 PM;0% busy at 5 PM;71% busy at 6 PM;64% busy at 7 PM;42% busy at 8 PM;35% busy at 9 PM;28% busy at 10 PM;28% busy at 11 PM;0% busy at 12 AM;0% busy at 1 AM;0% busy at 2 AM;0% busy at 3 AM;,0% busy at 6 AM;0% busy at 7 AM;0% busy at 8 AM;0% busy at 9 AM;0% busy at 10 AM;0% busy at 11 AM;0% busy at 12 PM;0% busy at 1 PM;0% busy at 2 PM;0% busy at 3 PM;0% busy at 4 PM;0% busy at 5 PM;42% busy at 6 PM;71% busy at 7 PM;92% busy at 8 PM;100% busy at 9 PM;100% busy at 10 PM;100% busy at 11 PM;0% busy at 12 AM;0% busy at 1 AM;0% busy at 2 AM;0% busy at 3 AM;,0% busy at 6 AM;0% busy at 7 AM;0% busy at 8 AM;0% busy at 9 AM;0% busy at 10 AM;0% busy at 11 AM;0% busy at 12 PM;0% busy at 1 PM;0% busy at 2 PM;0% busy at 3 PM;0% busy at 4 PM;0% busy at 5 PM;64% busy at 6 PM;42% busy at 7 PM;28% busy at 8 PM;14% busy at 9 PM;14% busy at 10 PM;21% busy at 11 PM;0% busy at 12 AM;0% busy at 1 AM;0% busy at 2 AM;0% busy at 3 AM;,0% busy at 6 AM;0% busy at 7 AM;0% busy at 8 AM;0% busy at 9 AM;0% busy at 10 AM;0% busy at 11 AM;0% busy at 12 PM;0% busy at 1 PM;0% busy at 2 PM;0% busy at 3 PM;0% busy at 4 PM;0% busy at 5 PM;35% busy at 6 PM;50% busy at 7 PM;64% busy at 8 PM;64% busy at 9 PM;64% busy at 10 PM;64% busy at 11 PM;0% busy at 12 AM;0% busy at 1 AM;0% busy at 2 AM;0% busy at 3 AM;,0% busy at 6 AM;0% busy at 7 AM;0% busy at 8 AM;0% busy at 9 AM;0% busy at 10 AM;0% busy at 11 AM;0% busy at 12 PM;0% busy at 1 PM;0% busy at 2 PM;0% busy at 3 PM;0% busy at 4 PM;0% busy at 5 PM;50% busy at 6 PM;57% busy at 7 PM;50% busy at 8 PM;42% busy at 9 PM;42% busy at 10 PM;50% busy at 11 PM;0% busy at 12 AM;0% busy at 1 AM;0% busy at 2 AM;0% busy at 3 AM;,0% busy at 6 AM;0% busy at 7 AM;0% busy at 8 AM;0% busy at 9 AM;0% busy at 10 AM;0% busy at 11 AM;0% busy at 12 PM;0% busy at 1 PM;0% busy at 2 PM;0% busy at 3 PM;0% busy at 4 PM;0% busy at 5 PM;28% busy at 6 PM;14% busy at 7 PM;28% busy at 8 PM;35% busy at 9 PM;42% busy at 10 PM;28% busy at 11 PM;0% busy at 12 AM;0% busy at 1 AM;0% busy at 2 AM;0% busy at 3 AM;,0% busy at 6 AM;0% busy at 7 AM;0% busy at 8 AM;0% busy at 9 AM;0% busy at 10 AM;0% busy at 11 AM;0% busy at 12 PM;0% busy at 1 PM;0% busy at 2 PM;0% busy at 3 PM;0% busy at 4 PM;0% busy at 5 PM;64% busy at 6 PM;71% busy at 7 PM;100% busy at 8 PM;71% busy at 9 PM;64% busy at 10 PM;42% busy at 11 PM;0% busy at 12 AM;0% busy at 1 AM;0% busy at 2 AM;0% busy at 3 AM;
Coffee shop,Le Merdien Cafe,3,4,"6251, Alkurnaish, Al Khobar 34413, Saudi Arabia",SA,Al Khobar,None,https://www.marriott.com/en-us/hotels/dhamd-le-meridien-al-khobar/overview/?scid=f2ae0541-1279-4f24-b197-a979c79310b0&sa=X&ved=2ahUKEwj-oqv5x42KAxVXS0ECHWBLGlQQyK4DegUIAxD-CA,null,"Monday Open 24 hours  2025-03-31
Tuesday Open 24 hours  2025-04-01
Wednesday Open 24 hours  2025-04-02
Thursday Open 24 hours  2025-04-03
Friday Open 24 hours  2025-04-04
Saturday Open 24 hours  2025-04-05
Sunday Open 24 hours  2025-04-06
 ",https://www.google.com/maps/place/Le+Merdien+Cafe/data=!4m5!3m4!1s0x3e49e900533daab1:0x16e4be0f94653cc1!8m2!3d26.3015885!4d50.2238947?authuser=0&hl=en&rclk=1,0x3e49e900533daab1:0x16e4be0f94653cc1,ChIJsao9UwDpST4RwTxllA--5BY,,26.3015885,50.2238947,coffee shops,https://lh5.googleusercontent.com/p/AF1QipPBwifm-oVl-Onl9BR5WK9-P91Q7zUmbbeOdKc3=w408-h476-k-no,https://lh5.googleusercontent.com/p/AF1QipPBwifm-oVl-Onl9BR5WK9-P91Q7zUmbbeOdKc3=w1024-h960-p-k-no,https://lh5.googleusercontent.com/p/AF1QipPanCNJ7vnTDzqG8SlTx0CDLJ5PjjFV2dFJUfke=w1024-h960-p-k-no,null,null,None,,https://plus.codes/862F+JH Al Khobar Saudi Arabia,862F+JH Al Khobar Saudi Arabia,Delivery,Monday Open 24 hours  2025-03-31,Tuesday Open 24 hours  2025-04-01,Wednesday Open 24 hours  2025-04-02,Thursday Open 24 hours  2025-04-03,Friday Open 24 hours  2025-04-04,Saturday Open 24 hours  2025-04-05,Sunday Open 24 hours  2025-04-06,,,,,,,
Coffee shop,Onda Coffee مقهى أوندا,202,4.8,"Hessa Square, king faisal bin abdulaziz, Al Bustan, Al Khobar 34422, Saudi Arabia",SA,Al Khobar,None,https://www.instagram.com/onda.coffee/,+966 54 428 3773,"Monday 5 PM–3 AM  2025-03-31
Tuesday 5 PM–3 AM  2025-04-01
Wednesday 5 PM–3 AM  2025-04-02
Thursday 5 PM–3 AM  2025-04-03
Friday 5 PM–3 AM  2025-04-04
Saturday 5 PM–3 AM  2025-04-05
Sunday 5 PM–3 AM  2025-04-06
 ",https://www.google.com/maps/place/Onda+Coffee+مقهى+أوندا/data=!4m5!3m4!1s0x3e49e9598ef7b6b7:0x5374b2e3f29c444!8m2!3d26.3258482!4d50.214552?authuser=0&hl=en&rclk=1,0x3e49e9598ef7b6b7:0x5374b2e3f29c444,ChIJt7b3jlnpST4RRMQpPy5LNwU,,26.3258482,50.214552,coffee shops,https://lh5.googleusercontent.com/p/AF1QipPvvfI-bMQF1Z7TGmdTgrETUC5ER4VAHvMmSZlV=w408-h534-k-no,https://lh5.googleusercontent.com/p/CIHM0ogKEICAgMCgw8K00QE=w1024-h960-p-k-no,https://lh5.googleusercontent.com/p/CIHM0ogKEICAgMCI7MqpjgE=w1024-h960-p-k-no,https://lh5.googleusercontent.com/p/CIHM0ogKEICAgICf04vcQw=w1024-h960-p-k-no,null,SAR 20–40,,https://plus.codes/86G7+8R Al Khobar Saudi Arabia,86G7+8R Al Khobar Saudi Arabia,No-contact delivery,Monday 5 PM–3 AM  2025-03-31,Tuesday 5 PM–3 AM  2025-04-01,Wednesday 5 PM–3 AM  2025-04-02,Thursday 5 PM–3 AM  2025-04-03,Friday 5 PM–3 AM  2025-04-04,Saturday 5 PM–3 AM  2025-04-05,Sunday 5 PM–3 AM  2025-04-06,,,,,,,
Coffee shop,CAVO Coffee,1606,4.4,"King Faisal Ibn Abd Al Aziz, Al Yarmouk, Al Khobar 34423, Saudi Arabia",SA,Al Khobar,None,https://instagram.com/cavo.sa?igshid=17cn1md63059s,+966 56 076 7608,"Monday 4 PM–2 AM  2025-03-31
Tuesday 4 PM–2 AM  2025-04-01
Wednesday 4 PM–2 AM  2025-04-02
Thursday 4 PM–2 AM  2025-04-03
Friday 4 PM–2 AM  2025-04-04
Saturday 4 PM–2 AM  2025-04-05
Sunday 4 PM–2 AM  2025-04-06
 ",https://www.google.com/maps/place/CAVO+Coffee/data=!4m5!3m4!1s0x3e49e97ccbad2d7b:0x4e2a175114633dbd!8m2!3d26.3142145!4d50.2171399?authuser=0&hl=en&rclk=1,0x3e49e97ccbad2d7b:0x4e2a175114633dbd,ChIJey2ty3zpST4RvT1jFFEXKk4,,26.3142145,50.2171399,cafes,https://lh5.googleusercontent.com/p/AF1QipNBebBS8Z93fad6SrlQLKI56QB3AeoLuFQISDX2=w408-h510-k-no,https://lh5.googleusercontent.com/p/AF1QipOuhwXwgkkG05htM2S7H5tSu2kq31gppi7vQtSZ=w1024-h960-p-k-no,https://lh5.googleusercontent.com/p/CIHM0ogKEICAgMDwxMjviQE=w1024-h960-p-k-no,https://lh5.googleusercontent.com/p/AF1QipPitjahL_TlIKsDvbRM_XcKawKs7tyMt-mIPXfR=w1024-h960-p-k-no,null,SAR 20–40,,https://plus.codes/8678+MV Al Khobar Saudi Arabia,8678+MV Al Khobar Saudi Arabia,No-contact delivery,Monday 4 PM–2 AM  2025-03-31,Tuesday 4 PM–2 AM  2025-04-01,Wednesday 4 PM–2 AM  2025-04-02,Thursday 4 PM–2 AM  2025-04-03,Friday 4 PM–2 AM  2025-04-04,Saturday 4 PM–2 AM  2025-04-05,Sunday 4 PM–2 AM  2025-04-06,0% busy at 6 AM;0% busy at 7 AM;0% busy at 8 AM;0% busy at 9 AM;0% busy at 10 AM;0% busy at 11 AM;0% busy at 12 PM;0% busy at 1 PM;0% busy at 2 PM;0% busy at 3 PM;62% busy at 4 PM;60% busy at 5 PM;54% busy at 6 PM;50% busy at 7 PM;46% busy at 8 PM;47% busy at 9 PM;42% busy at 10 PM;29% busy at 11 PM;0% busy at 12 AM;0% busy at 1 AM;,0% busy at 6 AM;0% busy at 7 AM;0% busy at 8 AM;0% busy at 9 AM;0% busy at 10 AM;0% busy at 11 AM;0% busy at 12 PM;0% busy at 1 PM;0% busy at 2 PM;0% busy at 3 PM;50% busy at 4 PM;50% busy at 5 PM;54% busy at 6 PM;55% busy at 7 PM;54% busy at 8 PM;50% busy at 9 PM;42% busy at 10 PM;28% busy at 11 PM;0% busy at 12 AM;0% busy at 1 AM;,0% busy at 6 AM;0% busy at 7 AM;0% busy at 8 AM;0% busy at 9 AM;0% busy at 10 AM;0% busy at 11 AM;0% busy at 12 PM;0% busy at 1 PM;0% busy at 2 PM;0% busy at 3 PM;49% busy at 4 PM;44% busy at 5 PM;48% busy at 6 PM;50% busy at 7 PM;56% busy at 8 PM;51% busy at 9 PM;42% busy at 10 PM;29% busy at 11 PM;0% busy at 12 AM;0% busy at 1 AM;,0% busy at 6 AM;0% busy at 7 AM;0% busy at 8 AM;0% busy at 9 AM;0% busy at 10 AM;0% busy at 11 AM;0% busy at 12 PM;0% busy at 1 PM;0% busy at 2 PM;0% busy at 3 PM;57% busy at 4 PM;61% busy at 5 PM;62% busy at 6 PM;65% busy at 7 PM;65% busy at 8 PM;68% busy at 9 PM;63% busy at 10 PM;53% busy at 11 PM;34% busy at 12 AM;22% busy at 1 AM;,0% busy at 6 AM;0% busy at 7 AM;0% busy at 8 AM;0% busy at 9 AM;0% busy at 10 AM;0% busy at 11 AM;0% busy at 12 PM;0% busy at 1 PM;0% busy at 2 PM;0% busy at 3 PM;42% busy at 4 PM;69% busy at 5 PM;88% busy at 6 PM;100% busy at 7 PM;97% busy at 8 PM;91% busy at 9 PM;75% busy at 10 PM;51% busy at 11 PM;28% busy at 12 AM;12% busy at 1 AM;,0% busy at 6 AM;0% busy at 7 AM;0% busy at 8 AM;0% busy at 9 AM;0% busy at 10 AM;0% busy at 11 AM;0% busy at 12 PM;0% busy at 1 PM;0% busy at 2 PM;0% busy at 3 PM;68% busy at 4 PM;72% busy at 5 PM;75% busy at 6 PM;78% busy at 7 PM;70% busy at 8 PM;58% busy at 9 PM;38% busy at 10 PM;25% busy at 11 PM;0% busy at 12 AM;0% busy at 1 AM;,0% busy at 6 AM;0% busy at 7 AM;0% busy at 8 AM;0% busy at 9 AM;0% busy at 10 AM;0% busy at 11 AM;0% busy at 12 PM;0% busy at 1 PM;0% busy at 2 PM;0% busy at 3 PM;50% busy at 4 PM;53% busy at 5 PM;58% busy at 6 PM;61% busy at 7 PM;57% busy at 8 PM;51% busy at 9 PM;38% busy at 10 PM;26% busy at 11 PM;0% busy at 12 AM;0% busy at 1 AM;
Coffee shop,Coffee 10,null,null,"King Fahd Road, Street, Qarain 34427, Saudi Arabia",SA,Qarain,None,null,+966 55 036 0139,"Monday 7 AM–4 AM  2025-03-31
Tuesday 7 AM–4 AM  2025-04-01
Wednesday 7 AM–4 AM  2025-04-02
Thursday 7 AM–4 AM  2025-04-03
Friday 7 AM–4 AM  2025-04-04
Saturday 7 AM–4 AM  2025-04-05
Sunday 7 AM–4 AM  2025-04-06
 ",https://www.google.com/maps/place/Coffee+10/data=!4m5!3m4!1s0x3e49e90433ba0aa5:0xfd2c1645fde35cb5!8m2!3d26.2912022!4d50.2136618?authuser=0&hl=en&rclk=1,0x3e49e90433ba0aa5:0xfd2c1645fde35cb5,ChIJpQq6MwTpST4RtVzj_UUWLP0,,26.2912022,50.2136618,coffee shops,https://lh5.googleusercontent.com/p/AF1QipOlAAYvgLkNrJvKMNgSRaxfaL4OHfWlC-24fOhs=w408-h544-k-no,https://lh5.googleusercontent.com/p/AF1QipOlAAYvgLkNrJvKMNgSRaxfaL4OHfWlC-24fOhs=w1024-h960-p-k-no,https://lh5.googleusercontent.com/p/AF1QipPg_5DwWl_nFa5nu7H-30VeTWK_KbQkLMZgsVBb=w1024-h960-p-k-no,https://lh5.googleusercontent.com/p/AF1QipN6BA2CNAxAagVUnhjpijHtd0XFNrUoGg7z9a_r=w1024-h960-p-k-no,null,null,,https://plus.codes/76R7+FF Al Khobar Saudi Arabia,76R7+FF Al Khobar Saudi Arabia,Delivery,Monday 7 AM–4 AM  2025-03-31,Tuesday 7 AM–4 AM  2025-04-01,Wednesday 7 AM–4 AM  2025-04-02,Thursday 7 AM–4 AM  2025-04-03,Friday 7 AM–4 AM  2025-04-04,Saturday 7 AM–4 AM  2025-04-05,Sunday 7 AM–4 AM  2025-04-06,0% busy at 6 AM;31% busy at 7 AM;42% busy at 8 AM;42% busy at 9 AM;52% busy at 10 AM;63% busy at 11 AM;52% busy at 12 PM;36% busy at 1 PM;21% busy at 2 PM;26% busy at 3 PM;21% busy at 4 PM;10% busy at 5 PM;15% busy at 6 PM;21% busy at 7 PM;21% busy at 8 PM;26% busy at 9 PM;21% busy at 10 PM;36% busy at 11 PM;21% busy at 12 AM;15% busy at 1 AM;21% busy at 2 AM;31% busy at 3 AM;,0% busy at 6 AM;21% busy at 7 AM;10% busy at 8 AM;10% busy at 9 AM;10% busy at 10 AM;21% busy at 11 AM;31% busy at 12 PM;26% busy at 1 PM;31% busy at 2 PM;26% busy at 3 PM;26% busy at 4 PM;21% busy at 5 PM;26% busy at 6 PM;21% busy at 7 PM;10% busy at 8 PM;0% busy at 9 PM;10% busy at 10 PM;26% busy at 11 PM;47% busy at 12 AM;63% busy at 1 AM;57% busy at 2 AM;52% busy at 3 AM;,0% busy at 6 AM;100% busy at 7 AM;94% busy at 8 AM;94% busy at 9 AM;57% busy at 10 AM;36% busy at 11 AM;31% busy at 12 PM;15% busy at 1 PM;15% busy at 2 PM;10% busy at 3 PM;31% busy at 4 PM;47% busy at 5 PM;63% busy at 6 PM;68% busy at 7 PM;47% busy at 8 PM;15% busy at 9 PM;5% busy at 10 PM;10% busy at 11 PM;26% busy at 12 AM;31% busy at 1 AM;36% busy at 2 AM;21% busy at 3 AM;,0% busy at 6 AM;10% busy at 7 AM;5% busy at 8 AM;0% busy at 9 AM;5% busy at 10 AM;21% busy at 11 AM;31% busy at 12 PM;15% busy at 1 PM;26% busy at 2 PM;31% busy at 3 PM;47% busy at 4 PM;31% busy at 5 PM;26% busy at 6 PM;21% busy at 7 PM;21% busy at 8 PM;15% busy at 9 PM;10% busy at 10 PM;15% busy at 11 PM;36% busy at 12 AM;52% busy at 1 AM;42% busy at 2 AM;47% busy at 3 AM;,0% busy at 6 AM;10% busy at 7 AM;26% busy at 8 AM;36% busy at 9 AM;31% busy at 10 AM;21% busy at 11 AM;31% busy at 12 PM;26% busy at 1 PM;26% busy at 2 PM;21% busy at 3 PM;21% busy at 4 PM;31% busy at 5 PM;26% busy at 6 PM;15% busy at 7 PM;21% busy at 8 PM;31% busy at 9 PM;31% busy at 10 PM;47% busy at 11 PM;42% busy at 12 AM;31% busy at 1 AM;26% busy at 2 AM;21% busy at 3 AM;,0% busy at 6 AM;36% busy at 7 AM;36% busy at 8 AM;57% busy at 9 AM;31% busy at 10 AM;26% busy at 11 AM;26% busy at 12 PM;42% busy at 1 PM;52% busy at 2 PM;57% busy at 3 PM;52% busy at 4 PM;42% busy at 5 PM;15% busy at 6 PM;15% busy at 7 PM;26% busy at 8 PM;26% busy at 9 PM;42% busy at 10 PM;31% busy at 11 PM;31% busy at 12 AM;15% busy at 1 AM;26% busy at 2 AM;21% busy at 3 AM;,0% busy at 6 AM;42% busy at 7 AM;31% busy at 8 AM;31% busy at 9 AM;26% busy at 10 AM;21% busy at 11 AM;15% busy at 12 PM;21% busy at 1 PM;26% busy at 2 PM;42% busy at 3 PM;42% busy at 4 PM;52% busy at 5 PM;63% busy at 6 PM;57% busy at 7 PM;47% busy at 8 PM;36% busy at 9 PM;36% busy at 10 PM;57% busy at 11 PM;52% busy at 12 AM;57% busy at 1 AM;36% busy at 2 AM;31% busy at 3 AM;
Coffee shop,Kaden Coffee shop,25,4.8,"Flamingo Mall near Gate 4, Custodian of The Two Holy Mosques Rd, Al-Thuqbah, Al Khobar 34623, Saudi Arabia",SA,Al Khobar,None,null,+966 59 167 4701,"Monday 1–11:30 PM  2025-03-31
Tuesday 1–11:30 PM  2025-04-01
Wednesday 1–11:30 PM  2025-04-02
Thursday 1–11:30 PM  2025-04-03
Friday 3–11:30 PM  2025-04-04
Saturday 1–11:30 PM  2025-04-05
Sunday 1–11:30 PM  2025-04-06
 ",https://www.google.com/maps/place/Kaden+Coffee+shop/data=!4m5!3m4!1s0x3e49e9c9b9b460c5:0xe62ab9fc22c9ff28!8m2!3d26.2860227!4d50.1849454?authuser=0&hl=en&rclk=1,0x3e49e9c9b9b460c5:0xe62ab9fc22c9ff28,ChIJxWC0ucnpST4RKP_JIvy5KuY,,26.2860227,50.1849454,coffee shops,https://lh5.googleusercontent.com/p/AF1QipPxUb9whBSZ_oPhHgmANhMlf9CzpO50CYKgaoj4=w408-h544-k-no,https://lh5.googleusercontent.com/p/AF1QipNDSGDrYJBolDEAwT2SnPPpomckezAICXkvp7w=w1024-h960-p-k-no,https://lh5.googleusercontent.com/p/AF1QipNKaYZONutQ-aJN2sRJJl98UPogSl2MYHG9AuRw=w1024-h960-p-k-no,https://lh5.googleusercontent.com/p/AF1QipPLgCngt18vyZqNFmDjIzkxx7PsDQMJu8T_HBU=w1024-h960-p-k-no,null,SAR 1–20,,https://plus.codes/75PM+CX Al Khobar Saudi Arabia,75PM+CX Al Khobar Saudi Arabia,Dine-in,Monday 1–11:30 PM  2025-03-31,Tuesday 1–11:30 PM  2025-04-01,Wednesday 1–11:30 PM  2025-04-02,Thursday 1–11:30 PM  2025-04-03,Friday 3–11:30 PM  2025-04-04,Saturday 1–11:30 PM  2025-04-05,Sunday 1–11:30 PM  2025-04-06,,,,,,,
Coffee shop,Poca Coffee & Tiramisu,207,4.6,"13th Street, Al Khobar Al Shamalia, Al Khobar 34427, Saudi Arabia",SA,Al Khobar,None,https://www.instagram.com/poca.ksa,+966 50 998 7791,"Monday 1 PM–12:30 AM  2025-03-31
Tuesday 1 PM–12:30 AM  2025-04-01
Wednesday 1 PM–12:30 AM  2025-04-02
Thursday 1 PM–12:30 AM  2025-04-03
Friday 1 PM–12:30 AM  2025-04-04
Saturday 1 PM–12:30 AM  2025-04-05
Sunday Closed  2025-04-06
 ",https://www.google.com/maps/place/Poca+Coffee+&+Tiramisu/data=!4m5!3m4!1s0x3e49e9cd3c91bc47:0xeb913810a5b06b91!8m2!3d26.2907587!4d50.2157701?authuser=0&hl=en&rclk=1,0x3e49e9cd3c91bc47:0xeb913810a5b06b91,ChIJR7yRPM3pST4RkWuwpRA4kes,,26.2907587,50.2157701,cafes,https://lh5.googleusercontent.com/p/AF1QipMhWbtNXicFI3MwbeYbK9tJJsnNRC3wBgnOSTTg=w408-h544-k-no,https://lh5.googleusercontent.com/p/AF1QipMkBxYjBVmq8tnVZIjUhjVaBVxn_O3Jn0vQZnqd=w1024-h960-p-k-no,https://lh5.googleusercontent.com/p/AF1QipN5R8rqC72x1I4vzNwEHOS-_g86RcvswAYFZoNC=w1024-h960-p-k-no,https://lh5.googleusercontent.com/p/AF1QipOeZ0koUsq1N8z-yAy6MNDe8c5YENu5Xw31xf3g=w1024-h960-p-k-no,null,SAR 20–40,,https://plus.codes/76R8+88 Al Khobar Saudi Arabia,76R8+88 Al Khobar Saudi Arabia,No-contact delivery,Monday 1 PM–12:30 AM  2025-03-31,Tuesday 1 PM–12:30 AM  2025-04-01,Wednesday 1 PM–12:30 AM  2025-04-02,Thursday 1 PM–12:30 AM  2025-04-03,Friday 1 PM–12:30 AM  2025-04-04,Saturday 1 PM–12:30 AM  2025-04-05,Sunday Closed  2025-04-06,0% busy at 6 AM;0% busy at 7 AM;0% busy at 8 AM;0% busy at 9 AM;0% busy at 10 AM;0% busy at 11 AM;0% busy at 12 PM;36% busy at 1 PM;39% busy at 2 PM;45% busy at 3 PM;54% busy at 4 PM;48% busy at 5 PM;39% busy at 6 PM;33% busy at 7 PM;45% busy at 8 PM;45% busy at 9 PM;48% busy at 10 PM;39% busy at 11 PM;30% busy at 12 AM;,0% busy at 6 AM;0% busy at 7 AM;0% busy at 8 AM;0% busy at 9 AM;0% busy at 10 AM;0% busy at 11 AM;0% busy at 12 PM;21% busy at 1 PM;33% busy at 2 PM;33% busy at 3 PM;57% busy at 4 PM;54% busy at 5 PM;45% busy at 6 PM;33% busy at 7 PM;33% busy at 8 PM;39% busy at 9 PM;48% busy at 10 PM;66% busy at 11 PM;51% busy at 12 AM;,0% busy at 6 AM;0% busy at 7 AM;0% busy at 8 AM;0% busy at 9 AM;0% busy at 10 AM;0% busy at 11 AM;0% busy at 12 PM;42% busy at 1 PM;54% busy at 2 PM;54% busy at 3 PM;60% busy at 4 PM;54% busy at 5 PM;60% busy at 6 PM;60% busy at 7 PM;75% busy at 8 PM;93% busy at 9 PM;100% busy at 10 PM;87% busy at 11 PM;51% busy at 12 AM;,0% busy at 6 AM;0% busy at 7 AM;0% busy at 8 AM;0% busy at 9 AM;0% busy at 10 AM;0% busy at 11 AM;0% busy at 12 PM;27% busy at 1 PM;54% busy at 2 PM;69% busy at 3 PM;66% busy at 4 PM;66% busy at 5 PM;63% busy at 6 PM;69% busy at 7 PM;69% busy at 8 PM;78% busy at 9 PM;72% busy at 10 PM;66% busy at 11 PM;39% busy at 12 AM;,0% busy at 6 AM;0% busy at 7 AM;0% busy at 8 AM;0% busy at 9 AM;0% busy at 10 AM;0% busy at 11 AM;0% busy at 12 PM;78% busy at 1 PM;66% busy at 2 PM;57% busy at 3 PM;54% busy at 4 PM;63% busy at 5 PM;69% busy at 6 PM;69% busy at 7 PM;72% busy at 8 PM;78% busy at 9 PM;69% busy at 10 PM;51% busy at 11 PM;36% busy at 12 AM;,0% busy at 6 AM;0% busy at 7 AM;0% busy at 8 AM;0% busy at 9 AM;0% busy at 10 AM;0% busy at 11 AM;0% busy at 12 PM;60% busy at 1 PM;48% busy at 2 PM;45% busy at 3 PM;51% busy at 4 PM;45% busy at 5 PM;48% busy at 6 PM;60% busy at 7 PM;72% busy at 8 PM;78% busy at 9 PM;84% busy at 10 PM;81% busy at 11 PM;57% busy at 12 AM;,Closed on day7
Coffee shop,Deewania Alkaif Coffee Shop,25,4.4,"7QRP+7P, Dammam 32384, Saudi Arabia",SA,Dammam,None,null,null, ,https://www.google.com/maps/place/Deewania+Alkaif+Coffee+Shop/data=!4m5!3m4!1s0x3e360f0e6f963607:0x3429db86507b6cd1!8m2!3d26.290643!4d49.7868134?authuser=0&hl=en&rclk=1,0x3e360f0e6f963607:0x3429db86507b6cd1,ChIJBzaWbw4PNj4R0Wx7UIbbKTQ,,26.290643,49.7868134,coffee shops,https://lh5.googleusercontent.com/p/AF1QipOnu-6X3zODEC-ex4tKhgKbL1fpfuwEEOBaJGtz=w425-h240-k-no,https://lh5.googleusercontent.com/p/AF1QipMGGygV3fuU1GvhMrbinZsDIZMzlz2iyBLNVeby=w1024-h960-p-k-no,https://lh5.googleusercontent.com/p/AF1QipMP_DGxnu66tZ8F2Opm83dI2Eyu1Fuv9HNpK-pT=w1024-h960-p-k-no,https://lh5.googleusercontent.com/p/AF1QipPMjvcH-RYCLgDOS-W6x1dm9yMpQXSBfEKTDGM=w1024-h960-p-k-no,null,SAR 1–20,,null,null,Delivery,,,,,,,,,,,,,,
Coffee shop,jū specialty coffee,159,4.4,"Al Danah Ash Shamaliyah, Dhahran 34258, Saudi Arabia",SA,Dhahran,None,https://www.instagram.com/ju.coffee.sa?igsh=MWdjdjc0b241d3YycA==&utm_source=qr,+966 54 758 6822,"Monday 4–11:59 PM  2025-03-31
Tuesday 4–11:59 PM  2025-04-01
Wednesday 4–11:59 PM  2025-04-02
Thursday 4–11:59 PM  2025-04-03
Friday 4–11:59 PM  2025-04-04
Saturday 4–11:59 PM  2025-04-05
Sunday 7 PM–1 AM  2025-04-06
 ",https://www.google.com/maps/place/jū+specialty+coffee/data=!4m5!3m4!1s0x3e49e504236a8c39:0xd07abbe192c108a2!8m2!3d26.336869!4d50.1373255?authuser=0&hl=en&rclk=1,0x3e49e504236a8c39:0xd07abbe192c108a2,ChIJOYxqIwTlST4RogjBkuG7etA,,26.336869,50.1373255,coffee shops,https://lh5.googleusercontent.com/p/AF1QipN89uZPEBYXIMhxgmCSJp2jgb8pzUY1UkqgAheX=w408-h725-k-no,https://lh5.googleusercontent.com/p/AF1QipPNHvumToGlYR67ZbwO1VIzXN-bKZ9z_R9XUHWs=w1024-h960-p-k-no,https://lh5.googleusercontent.com/p/AF1QipPAT8wqXUwppxEwdcR--VwCYJZGRS9vJBv8Vo4=w1024-h960-p-k-no,https://lh5.googleusercontent.com/p/AF1QipMdKMPpABxsNOEvw-DbVVwOKVgMlYtQurSGCrRb=w1024-h960-p-k-no,null,SAR 1–20,,https://plus.codes/84PP+PW Dhahran Saudi Arabia,84PP+PW Dhahran Saudi Arabia,Takeout,Monday 4–11:59 PM  2025-03-31,Tuesday 4–11:59 PM  2025-04-01,Wednesday 4–11:59 PM  2025-04-02,Thursday 4–11:59 PM  2025-04-03,Friday 4–11:59 PM  2025-04-04,Saturday 4–11:59 PM  2025-04-05,Sunday 7 PM–1 AM  2025-04-06,,,,,,,
Coffee shop,دوفي بيكري بار | Dovvy Bakery Bar,86,4.7,"حي, 3031 Prince Turkey Street, Alkurnaish, Al Khobar 34412, Saudi Arabia",SA,Al Khobar,None,https://qr.x-s4m.com/dovvy.sa,+966 54 114 9562,"Identifies as women-ownedMonday 4:30 PM–3:30 AM  2025-03-31
Tuesday 4:30 PM–3:30 AM  2025-04-01
Wednesday 4:30 PM–3:30 AM  2025-04-02
Thursday 4:30 PM–3:30 AM  2025-04-03
Friday 4:30 PM–3:30 AM  2025-04-04
Saturday 4:30 PM–3:30 AM  2025-04-05
Sunday 4:30 PM–3:30 AM  2025-04-06
 ",https://www.google.com/maps/place/دوفي+بيكري+بار+|+Dovvy+Bakery+Bar/data=!4m5!3m4!1s0x3e49e973e0e953e7:0x8192cbef24ab4095!8m2!3d26.3210637!4d50.221974?authuser=0&hl=en&rclk=1,0x3e49e973e0e953e7:0x8192cbef24ab4095,ChIJ51Pp4HPpST4RlUCrJO_LkoE,Identifies as women-owned,26.3210637,50.221974,coffee shops,https://lh5.googleusercontent.com/p/AF1QipMnSeHYBz1pX1H-VYayyZsS09h9ilyAxfaJDuEo=w408-h544-k-no,https://lh5.googleusercontent.com/p/AF1QipP9yntuisBkyOZkrxRyO0b-uVfymphmrupfgQ-u=w1024-h960-p-k-no,https://lh5.googleusercontent.com/p/AF1QipP-SCqktKG8zqIKheJ69_J7kYZDCPqq_fvIaAhe=w1024-h960-p-k-no,https://lh5.googleusercontent.com/p/AF1QipPGZ8zvqxwiaMG4SbSMLv7ug4VDv0c9cJFU9z5x=w1024-h960-p-k-no,null,None,,https://plus.codes/86CC+CQ Al Khobar Saudi Arabia,86CC+CQ Al Khobar Saudi Arabia,null,Monday 4:30 PM–3:30 AM  2025-03-31,Tuesday 4:30 PM–3:30 AM  2025-04-01,Wednesday 4:30 PM–3:30 AM  2025-04-02,Thursday 4:30 PM–3:30 AM  2025-04-03,Friday 4:30 PM–3:30 AM  2025-04-04,Saturday 4:30 PM–3:30 AM  2025-04-05,Sunday 4:30 PM–3:30 AM  2025-04-06,,,,,,,
Coffee shop,Aged | ايجد,285,4.7,"22nd St, Madinat Al Umal, Al Khobar 34441, Saudi Arabia",SA,Al Khobar,None,https://instagram.com/aged.sa?igshid=YzdkMWQ2MWU=,null,"Monday 8:30 PM–1 AM  2025-03-31
Tuesday 8:30 PM–1 AM  2025-04-01
Wednesday 8:30 PM–1 AM  2025-04-02
Thursday 8:30 PM–1 AM  2025-04-03
Friday 8:30 PM–1 AM  2025-04-04
Saturday 8:30 PM–12:30 AM  2025-04-05
Sunday 8:30 PM–1 AM  2025-04-06
 ",https://www.google.com/maps/place/Aged+|+ايجد/data=!4m5!3m4!1s0x3e49e96cc48165a9:0xc8873b7072ebfa91!8m2!3d26.2991968!4d50.202166?authuser=0&hl=en&rclk=1,0x3e49e96cc48165a9:0xc8873b7072ebfa91,ChIJqWWBxGzpST4RkfrrcnA7h8g,,26.2991968,50.202166,coffee shops,https://lh5.googleusercontent.com/p/AF1QipPEePTErdNoOWA7tWxExNvUwiTr9N59g026e8DA=w408-h544-k-no,https://lh5.googleusercontent.com/p/AF1QipMRxNlI3iqxWCLcrEinbWqlVRzuSz4Nlce4xtIL=w1024-h960-p-k-no,https://lh5.googleusercontent.com/p/CIHM0ogKEICAgICZmd6Y_wE=w1024-h960-p-k-no,https://lh5.googleusercontent.com/p/CIHM0ogKEICAgIChgsOEhgE=w1024-h960-p-k-no,null,SAR 20–40,,https://plus.codes/76X2+MV Al Khobar Saudi Arabia,76X2+MV Al Khobar Saudi Arabia,Dine-in,Monday 8:30 PM–1 AM  2025-03-31,Tuesday 8:30 PM–1 AM  2025-04-01,Wednesday 8:30 PM–1 AM  2025-04-02,Thursday 8:30 PM–1 AM  2025-04-03,Friday 8:30 PM–1 AM  2025-04-04,Saturday 8:30 PM–12:30 AM  2025-04-05,Sunday 8:30 PM–1 AM  2025-04-06,,,,,,,
Coffee shop,Rameel Coffee | قهوة رميل,57,4.8,"النعمان بن مالك, Ash Shulah, Dammam 34261, Saudi Arabia",SA,Dammam,None,null,+966 50 345 3133,"Monday 4:30 PM–3 AM  2025-03-31
Tuesday 4:30 PM–3 AM  2025-04-01
Wednesday 4:30 PM–3 AM  2025-04-02
Thursday 4:30 PM–3 AM  2025-04-03
Friday 4:30 PM–3 AM  2025-04-04
Saturday 4:30 PM–3 AM  2025-04-05
Sunday 4:30 PM–3 AM  2025-04-06
 ",https://www.google.com/maps/place/Rameel+Coffee+|+قهوة+رميل/data=!4m5!3m4!1s0x3e49e3f468674635:0x68f323de1952ec!8m2!3d26.3528003!4d50.0966684?authuser=0&hl=en&rclk=1,0x3e49e3f468674635:0x68f323de1952ec,ChIJNUZnaPTjST4R7FIZ3iPzaAA,,26.3528003,50.0966684,coffee shops,https://lh5.googleusercontent.com/p/AF1QipNXHSA_sGbRZc7nyJ9OaFx8kQk5r3yOfVIAdXsJ=w408-h544-k-no,https://lh5.googleusercontent.com/p/CIHM0ogKEICAgID7nrvQwAE=w1024-h960-p-k-no,https://lh5.googleusercontent.com/p/CIHM0ogKEICAgMDwtOrSqQE=w1024-h960-p-k-no,https://lh5.googleusercontent.com/p/CIHM0ogKEICAgID7qL2vdg=w1024-h960-p-k-no,null,SAR 1–20,,https://plus.codes/933W+4M Dammam Saudi Arabia,933W+4M Dammam Saudi Arabia,Delivery,Monday 4:30 PM–3 AM  2025-03-31,Tuesday 4:30 PM–3 AM  2025-04-01,Wednesday 4:30 PM–3 AM  2025-04-02,Thursday 4:30 PM–3 AM  2025-04-03,Friday 4:30 PM–3 AM  2025-04-04,Saturday 4:30 PM–3 AM  2025-04-05,Sunday 4:30 PM–3 AM  2025-04-06,,,,,,,
Coffee shop,Boat Cafe,5,4.2,"2512 شارع الأمير تركي، الكورنيش،, 7751, حي, Al Khobar 34414, Saudi Arabia",SA,Al Khobar,None,null,null, ,https://www.google.com/maps/place/Boat+Cafe/data=!4m5!3m4!1s0x3e49e9129aadb877:0xd205c0bdd39bb093!8m2!3d26.293574!4d50.2226988?authuser=0&hl=en&rclk=1,0x3e49e9129aadb877:0xd205c0bdd39bb093,ChIJd7itmhLpST4Rk7Cb073ABdI,,26.293574,50.2226988,coffee shops,https://lh3.googleusercontent.com/p/AF1QipNjmFc-nuT5TcFOtifkYGhvFpqdEU8hEi9rqvJY=w408-h748-k-no,https://lh5.googleusercontent.com/p/CIHM0ogKEICAgICBk8vj3AE=w1024-h960-p-k-no,https://lh5.googleusercontent.com/p/CIHM0ogKEICAgICBk-uIrQE=w1024-h960-p-k-no,null,null,None,,https://plus.codes/76VF+C3 Al Khobar Saudi Arabia,76VF+C3 Al Khobar Saudi Arabia,Delivery,,,,,,,,,,,,,,
Coffee shop,Smile coffee,8,4.8,"10th St, Al-Thuqbah, Al Khobar 34714, Saudi Arabia",SA,Al Khobar,None,null,+966 53 166 2919,"Monday 9 AM–12 PM  2025-03-31
Tuesday 9 AM–12 PM  2025-04-01
Wednesday 9 AM–12 PM  2025-04-02
Thursday 9 AM–12 PM  2025-04-03
Friday 9 AM–12 PM  2025-04-04
Saturday 9 AM–12 PM  2025-04-05
Sunday 9 AM–12 PM  2025-04-06
 ",https://www.google.com/maps/place/Smile+coffee/data=!4m5!3m4!1s0x3e49e99da6fc7bd5:0xe5f119ac2feb817c!8m2!3d26.2798447!4d50.1894393?authuser=0&hl=en&rclk=1,0x3e49e99da6fc7bd5:0xe5f119ac2feb817c,ChIJ1Xv8pp3pST4RfIHrL6wZ8eU,,26.2798447,50.1894393,coffee shops,https://lh5.googleusercontent.com/p/AF1QipNeJxzrEw3Eh_9oWEMLs6QqFtlXosENZiFTAhsM=w408-h725-k-no,https://lh5.googleusercontent.com/p/AF1QipPqPnyIzrjkpqeaLWV6Qb_iFORrbdLpUh5me752=w1024-h960-p-k-no,https://lh5.googleusercontent.com/p/AF1QipM9Pjk33syuF_LQp4VSAHiHvYVvSrKJ8J7RxETG=w1024-h960-p-k-no,https://lh5.googleusercontent.com/p/AF1QipOa6pDIcciwmNvAGYM_FVShP8TwU_71dS8ChcMJ=w1024-h960-p-k-no,null,None,,https://plus.codes/75HQ+WQ Al Khobar Saudi Arabia,75HQ+WQ Al Khobar Saudi Arabia,Dine-in,Monday 9 AM–12 PM  2025-03-31,Tuesday 9 AM–12 PM  2025-04-01,Wednesday 9 AM–12 PM  2025-04-02,Thursday 9 AM–12 PM  2025-04-03,Friday 9 AM–12 PM  2025-04-04,Saturday 9 AM–12 PM  2025-04-05,Sunday 9 AM–12 PM  2025-04-06,,,,,,,
Coffee shop,Starbucks,170,4.2,"Al Mana Medical Tower 2, 7680 Prince Musaid Street, Al Khobar Al Shamalia, Al Khobar 34425, Saudi Arabia",SA,Al Khobar,None,https://locations.starbucks.sa/directory/al-khobar/al-mana-medical-tower-2-7680-prince-musaid-street?utm_source=GMB&utm_medium=Yext&y_source=1_MjU0NzIzMjctNzE1LWxvY2F0aW9uLndlYnNpdGU%3D,+966 13 667 8760,"Monday 8 AM–12 AM  2025-03-31
Tuesday 8 AM–12 AM  2025-04-01
Wednesday 8 AM–12 AM  2025-04-02
Thursday 8 AM–12 AM  2025-04-03
Friday 8 AM–12 AM  2025-04-04
Saturday 8 AM–12 AM  2025-04-05
Sunday 8 AM–12 AM  2025-04-06
 ",https://www.google.com/maps/place/Starbucks/data=!4m5!3m4!1s0x3e49e9670230cde1:0xe50b7f29428da797!8m2!3d26.294236!4d50.219004?authuser=0&hl=en&rclk=1,0x3e49e9670230cde1:0xe50b7f29428da797,ChIJ4c0wAmfpST4Rl6eNQil_C-U,,26.294236,50.219004,coffee shops,https://lh5.googleusercontent.com/p/AF1QipNegQD7Ci61AesmO8ahc8Bk8_E5DyjMP5-_64y-=w408-h544-k-no,https://lh5.googleusercontent.com/p/AF1QipPSXcSkooD1ErvQVxirx_8QOyXoU59xO3ILlH6N=w1024-h960-p-k-no,https://lh5.googleusercontent.com/p/CIHM0ogKEICAgIDGvb2ozQE=w1024-h960-p-k-no,https://lh5.googleusercontent.com/p/CIHM0ogKEICAgICW3v_UTA=w1024-h960-p-k-no,"Seattle-based coffeehouse chain known for its signature roasts, light bites and WiFi availability.",SAR 20–40,,https://plus.codes/76V9+MJ Al Khobar Saudi Arabia,76V9+MJ Al Khobar Saudi Arabia,Delivery,Monday 8 AM–12 AM  2025-03-31,Tuesday 8 AM–12 AM  2025-04-01,Wednesday 8 AM–12 AM  2025-04-02,Thursday 8 AM–12 AM  2025-04-03,Friday 8 AM–12 AM  2025-04-04,Saturday 8 AM–12 AM  2025-04-05,Sunday 8 AM–12 AM  2025-04-06,,,,,,,
Coffee shop,WACAFE ِAl Khobar | وكف الخبر,355,4.4,"حي اليرموك, 3680 22 EKDA3680 7260،, Al Khobar 34422, Saudi Arabia",SA,Al Khobar,None,https://wacafe.sa/,null,"Monday 5 PM–2 AM  2025-03-31
Tuesday 5 PM–2 AM  2025-04-01
Wednesday 5 PM–2 AM  2025-04-02
Thursday 5 PM–2 AM  2025-04-03
Friday 5 PM–2 AM  2025-04-04
Saturday 5 PM–2 AM  2025-04-05
Sunday 5 PM–2 AM  2025-04-06
 ",https://www.google.com/maps/place/WACAFE+ِAl+Khobar+|+وكف+الخبر/data=!4m5!3m4!1s0x3e49e96105a66423:0x36f9e4f5fa695a64!8m2!3d26.319775!4d50.2168908?authuser=0&hl=en&rclk=1,0x3e49e96105a66423:0x36f9e4f5fa695a64,ChIJI2SmBWHpST4RZFpp-vXk-TY,,26.319775,50.2168908,coffee shops,https://lh5.googleusercontent.com/p/AF1QipNoiCkhRPCDU5oSt7TOt9uNETQfZinLbg3TizcQ=w408-h544-k-no,https://lh5.googleusercontent.com/p/CIHM0ogKEICAgIDLkeTIWQ=w1024-h960-p-k-no,https://lh5.googleusercontent.com/p/CIHM0ogKEICAgMCQ3eGbOA=w1024-h960-p-k-no,https://lh5.googleusercontent.com/p/CIHM0ogKEICAgICxj-PPqQE=w1024-h960-p-k-no,null,SAR 20–40,,https://plus.codes/8698+WQ Al Khobar Saudi Arabia,8698+WQ Al Khobar Saudi Arabia,No-contact delivery,Monday 5 PM–2 AM  2025-03-31,Tuesday 5 PM–2 AM  2025-04-01,Wednesday 5 PM–2 AM  2025-04-02,Thursday 5 PM–2 AM  2025-04-03,Friday 5 PM–2 AM  2025-04-04,Saturday 5 PM–2 AM  2025-04-05,Sunday 5 PM–2 AM  2025-04-06,,,,,,,
Coffee shop,GLĀDIO CAFÉ,129,4.6,"75RJ+G4G, Olaya, Al Khobar 34448, Saudi Arabia",SA,Al Khobar,None,null,+966 59 999 6363,"Monday 9 AM–10:30 PM  2025-03-31
Tuesday 9 AM–10:30 PM  2025-04-01
Wednesday 9 AM–10:30 PM  2025-04-02
Thursday 9 AM–10:30 PM  2025-04-03
Friday 1:30–11 PM  2025-04-04
Saturday 9 AM–10:30 PM  2025-04-05
Sunday 9 AM–10:30 PM  2025-04-06
 ",https://www.google.com/maps/place/GLĀDIO+CAFÉ/data=!4m5!3m4!1s0x3e49e7d435b59413:0x3fd4ecec2f93ddf0!8m2!3d26.2913235!4d50.1803377?authuser=0&hl=en&rclk=1,0x3e49e7d435b59413:0x3fd4ecec2f93ddf0,ChIJE5S1NdTnST4R8N2TL-zs1D8,,26.2913235,50.1803377,coffee shops,https://lh5.googleusercontent.com/p/AF1QipP8Bg0WwAEyyvUSSy5O4H_09A0cbDgj-gvZcAtN=w408-h544-k-no,https://lh5.googleusercontent.com/p/CIHM0ogKEICAgIChybKGPw=w1024-h960-p-k-no,https://lh5.googleusercontent.com/p/CIHM0ogKEICAgICK2OytAg=w1024-h960-p-k-no,https://lh5.googleusercontent.com/p/CIHM0ogKEICAgICl4dv-wgE=w1024-h960-p-k-no,null,SAR 1–20,,null,null,No-contact delivery,Monday 9 AM–10:30 PM  2025-03-31,Tuesday 9 AM–10:30 PM  2025-04-01,Wednesday 9 AM–10:30 PM  2025-04-02,Thursday 9 AM–10:30 PM  2025-04-03,Friday 1:30–11 PM  2025-04-04,Saturday 9 AM–10:30 PM  2025-04-05,Sunday 9 AM–10:30 PM  2025-04-06,0% busy at 6 AM;0% busy at 7 AM;0% busy at 8 AM;54% busy at 9 AM;56% busy at 10 AM;59% busy at 11 AM;56% busy at 12 PM;59% busy at 1 PM;62% busy at 2 PM;56% busy at 3 PM;56% busy at 4 PM;72% busy at 5 PM;72% busy at 6 PM;81% busy at 7 PM;72% busy at 8 PM;59% busy at 9 PM;54% busy at 10 PM;0% busy at 11 PM;,0% busy at 6 AM;0% busy at 7 AM;0% busy at 8 AM;48% busy at 9 AM;48% busy at 10 AM;54% busy at 11 AM;75% busy at 12 PM;59% busy at 1 PM;51% busy at 2 PM;45% busy at 3 PM;56% busy at 4 PM;59% busy at 5 PM;51% busy at 6 PM;54% busy at 7 PM;40% busy at 8 PM;40% busy at 9 PM;32% busy at 10 PM;0% busy at 11 PM;,0% busy at 6 AM;0% busy at 7 AM;0% busy at 8 AM;48% busy at 9 AM;70% busy at 10 AM;83% busy at 11 AM;94% busy at 12 PM;100% busy at 1 PM;72% busy at 2 PM;64% busy at 3 PM;54% busy at 4 PM;64% busy at 5 PM;67% busy at 6 PM;59% busy at 7 PM;56% busy at 8 PM;72% busy at 9 PM;67% busy at 10 PM;0% busy at 11 PM;,0% busy at 6 AM;0% busy at 7 AM;0% busy at 8 AM;45% busy at 9 AM;37% busy at 10 AM;40% busy at 11 AM;45% busy at 12 PM;40% busy at 1 PM;43% busy at 2 PM;37% busy at 3 PM;37% busy at 4 PM;37% busy at 5 PM;40% busy at 6 PM;48% busy at 7 PM;54% busy at 8 PM;54% busy at 9 PM;51% busy at 10 PM;0% busy at 11 PM;,0% busy at 6 AM;0% busy at 7 AM;0% busy at 8 AM;0% busy at 9 AM;0% busy at 10 AM;0% busy at 11 AM;0% busy at 12 PM;91% busy at 1 PM;67% busy at 2 PM;59% busy at 3 PM;62% busy at 4 PM;86% busy at 5 PM;83% busy at 6 PM;81% busy at 7 PM;64% busy at 8 PM;56% busy at 9 PM;51% busy at 10 PM;0% busy at 11 PM;,0% busy at 6 AM;0% busy at 7 AM;0% busy at 8 AM;45% busy at 9 AM;59% busy at 10 AM;59% busy at 11 AM;70% busy at 12 PM;62% busy at 1 PM;56% busy at 2 PM;70% busy at 3 PM;78% busy at 4 PM;81% busy at 5 PM;64% busy at 6 PM;59% busy at 7 PM;48% busy at 8 PM;43% busy at 9 PM;43% busy at 10 PM;0% busy at 11 PM;,0% busy at 6 AM;0% busy at 7 AM;0% busy at 8 AM;56% busy at 9 AM;43% busy at 10 AM;45% busy at 11 AM;62% busy at 12 PM;81% busy at 1 PM;81% busy at 2 PM;72% busy at 3 PM;70% busy at 4 PM;67% busy at 5 PM;64% busy at 6 PM;59% busy at 7 PM;43% busy at 8 PM;45% busy at 9 PM;45% busy at 10 PM;0% busy at 11 PM;
Coffee shop,كريما | Crema Coffee & Pastry,379,4.3,"King Faisal Ibn Abd AlAziz, Al Yarmouk, Al Khobar 34422, Saudi Arabia",SA,Al Khobar,None,https://instagram.com/cremacafe.sa?igshid=OGQ5ZDc2ODk2ZA==,+966 50 239 6298,"Monday 4 PM–12 AM  2025-03-31
Tuesday 4 PM–12 AM  2025-04-01
Wednesday 4 PM–12 AM  2025-04-02
Thursday 4 PM–1 AM  2025-04-03
Friday 4 PM–1 AM  2025-04-04
Saturday 4 PM–12 AM  2025-04-05
Sunday 4 PM–12 AM  2025-04-06
 ",https://www.google.com/maps/place/كريما+|+Crema+Coffee+&+Pastry/data=!4m5!3m4!1s0x3e49e92f909952bb:0x2b75dd247177295c!8m2!3d26.3199485!4d50.2164572?authuser=0&hl=en&rclk=1,0x3e49e92f909952bb:0x2b75dd247177295c,ChIJu1KZkC_pST4RXCl3cSTddSs,,26.3199485,50.2164572,coffee shops,https://lh5.googleusercontent.com/p/AF1QipObpAHTUOkqwktZpOOKFIVJaczMQLwWguQ7YhGO=w408-h544-k-no,https://lh5.googleusercontent.com/p/AF1QipOsm2E7fvVVz9R7nbY4gqMPBXpELDuHzOnJXduq=w1024-h960-p-k-no,https://lh5.googleusercontent.com/p/AF1QipPBH3Hktg66kyxtnmz2irwbcTNG2RPOlQe6I0uE=w1024-h960-p-k-no,https://lh5.googleusercontent.com/p/AF1QipOxNZ6CLDoG5ih4nILmA7Ke3JU940Ja28YdU8WI=w1024-h960-p-k-no,null,SAR 20–40,,https://plus.codes/8698+XH Al Khobar Saudi Arabia,8698+XH Al Khobar Saudi Arabia,Delivery,Monday 4 PM–12 AM  2025-03-31,Tuesday 4 PM–12 AM  2025-04-01,Wednesday 4 PM–12 AM  2025-04-02,Thursday 4 PM–1 AM  2025-04-03,Friday 4 PM–1 AM  2025-04-04,Saturday 4 PM–12 AM  2025-04-05,Sunday 4 PM–12 AM  2025-04-06,0% busy at 6 AM;0% busy at 7 AM;0% busy at 8 AM;0% busy at 9 AM;0% busy at 10 AM;0% busy at 11 AM;0% busy at 12 PM;0% busy at 1 PM;0% busy at 2 PM;0% busy at 3 PM;0% busy at 4 PM;55% busy at 5 PM;55% busy at 6 PM;50% busy at 7 PM;50% busy at 8 PM;45% busy at 9 PM;35% busy at 10 PM;55% busy at 11 PM;,0% busy at 6 AM;0% busy at 7 AM;0% busy at 8 AM;0% busy at 9 AM;0% busy at 10 AM;0% busy at 11 AM;0% busy at 12 PM;0% busy at 1 PM;0% busy at 2 PM;0% busy at 3 PM;0% busy at 4 PM;60% busy at 5 PM;75% busy at 6 PM;70% busy at 7 PM;90% busy at 8 PM;80% busy at 9 PM;65% busy at 10 PM;65% busy at 11 PM;,0% busy at 6 AM;0% busy at 7 AM;0% busy at 8 AM;0% busy at 9 AM;0% busy at 10 AM;0% busy at 11 AM;0% busy at 12 PM;0% busy at 1 PM;0% busy at 2 PM;0% busy at 3 PM;0% busy at 4 PM;55% busy at 5 PM;45% busy at 6 PM;55% busy at 7 PM;50% busy at 8 PM;70% busy at 9 PM;65% busy at 10 PM;70% busy at 11 PM;,0% busy at 6 AM;0% busy at 7 AM;0% busy at 8 AM;0% busy at 9 AM;0% busy at 10 AM;0% busy at 11 AM;0% busy at 12 PM;0% busy at 1 PM;0% busy at 2 PM;0% busy at 3 PM;0% busy at 4 PM;85% busy at 5 PM;100% busy at 6 PM;85% busy at 7 PM;80% busy at 8 PM;75% busy at 9 PM;75% busy at 10 PM;95% busy at 11 PM;70% busy at 12 AM;,0% busy at 6 AM;0% busy at 7 AM;0% busy at 8 AM;0% busy at 9 AM;0% busy at 10 AM;0% busy at 11 AM;0% busy at 12 PM;0% busy at 1 PM;0% busy at 2 PM;0% busy at 3 PM;0% busy at 4 PM;70% busy at 5 PM;75% busy at 6 PM;75% busy at 7 PM;85% busy at 8 PM;75% busy at 9 PM;75% busy at 10 PM;95% busy at 11 PM;85% busy at 12 AM;,0% busy at 6 AM;0% busy at 7 AM;0% busy at 8 AM;0% busy at 9 AM;0% busy at 10 AM;0% busy at 11 AM;0% busy at 12 PM;0% busy at 1 PM;0% busy at 2 PM;0% busy at 3 PM;0% busy at 4 PM;70% busy at 5 PM;55% busy at 6 PM;40% busy at 7 PM;35% busy at 8 PM;45% busy at 9 PM;55% busy at 10 PM;50% busy at 11 PM;,0% busy at 6 AM;0% busy at 7 AM;0% busy at 8 AM;0% busy at 9 AM;0% busy at 10 AM;0% busy at 11 AM;0% busy at 12 PM;0% busy at 1 PM;0% busy at 2 PM;0% busy at 3 PM;0% busy at 4 PM;85% busy at 5 PM;75% busy at 6 PM;55% busy at 7 PM;65% busy at 8 PM;60% busy at 9 PM;60% busy at 10 PM;65% busy at 11 PM;
Coffee shop,Ten won coffee,null,null,"6454, Dammam 32324, Saudi Arabia",SA,Dammam,None,null,null,"Monday 6 AM–12 PM 4 PM–12 AM 2025-03-31
Tuesday 6 AM–12 PM 4 PM–12 AM 2025-04-01
Wednesday 6 AM–12 PM 4 PM–12 AM 2025-04-02
Thursday 6 AM–12 PM 4 PM–12 AM 2025-04-03
Friday 4 PM–12 AM  2025-04-04
Saturday 6 AM–12 PM 4 PM–12 AM 2025-04-05
Sunday 6 AM–12 PM 4 PM–12 AM 2025-04-06
 ",https://www.google.com/maps/place/Ten+won+coffee/data=!4m5!3m4!1s0x3e36030026cd6915:0x60bc61680cab124b!8m2!3d26.3599552!4d49.9665962?authuser=0&hl=en&rclk=1,0x3e36030026cd6915:0x60bc61680cab124b,ChIJFWnNJgADNj4RSxKrDGhhvGA,,26.3599552,49.9665962,coffee shops,https://lh5.googleusercontent.com/p/AF1QipMALZ4F4ATUSjn9kuUW99MqUoX8-M7Lk445Fxdl=w408-h544-k-no,https://lh5.googleusercontent.com/p/AF1QipMALZ4F4ATUSjn9kuUW99MqUoX8-M7Lk445Fxdl=w1024-h960-p-k-no,https://lh5.googleusercontent.com/p/AF1QipMALZ4F4ATUSjn9kuUW99MqUoX8-M7Lk445Fxdl=w1024-h960-p-k-no,null,null,null,,https://plus.codes/9X58+XJ Dammam Saudi Arabia,9X58+XJ Dammam Saudi Arabia,Takeout,Monday 6 AM–12 PM 4 PM–12 AM 2025-03-31,Tuesday 6 AM–12 PM 4 PM–12 AM 2025-04-01,Wednesday 6 AM–12 PM 4 PM–12 AM 2025-04-02,Thursday 6 AM–12 PM 4 PM–12 AM 2025-04-03,Friday 4 PM–12 AM  2025-04-04,Saturday 6 AM–12 PM 4 PM–12 AM 2025-04-05,Sunday 6 AM–12 PM 4 PM–12 AM 2025-04-06,,,,,,,
Coffee shop,Ocean Speciality Coffee Al Khobar,5,5,"حي الراكة الجنوبية, EADB7562، 7562 عبدالملك بن مروان، 3406, Al Khobar 34227, Saudi Arabia",SA,Al Khobar,None,null,+966 50 970 3541,"Monday 8 AM–6 PM  2025-03-31
Tuesday 8 AM–6 PM  2025-04-01
Wednesday 8 AM–6 PM  2025-04-02
Thursday 8 AM–6 PM  2025-04-03
Friday Closed  2025-04-04
Saturday 8 AM–6 PM  2025-04-05
Sunday 8 AM–6 PM  2025-04-06
 ",https://www.google.com/maps/place/Ocean+Speciality+Coffee+Al+Khobar/data=!4m5!3m4!1s0x3e49e9003815edef:0xae8b2892631f7094!8m2!3d26.350797!4d50.2083083?authuser=0&hl=en&rclk=1,0x3e49e9003815edef:0xae8b2892631f7094,ChIJ7-0VOADpST4RlHAfY5Ioi64,,26.350797,50.2083083,coffee shops,https://lh5.googleusercontent.com/p/AF1QipOQmwnsKVXBpsHHJ4Lfy8cGk3i9s802yA1LskKq=w408-h544-k-no,https://lh5.googleusercontent.com/p/CIHM0ogKEICAgIC_rqD33gE=w1024-h960-p-k-no,https://lh5.googleusercontent.com/p/AF1QipP5YU10QHrWiNIHQAJcy8_nZglnxgNQstZGPmL7=w1024-h960-p-k-no,https://lh5.googleusercontent.com/p/CIHM0ogKEICAgIC_rqD3Hg=w1024-h960-p-k-no,null,None,,https://plus.codes/9625+88 Al Khobar Saudi Arabia,9625+88 Al Khobar Saudi Arabia,Delivery,Monday 8 AM–6 PM  2025-03-31,Tuesday 8 AM–6 PM  2025-04-01,Wednesday 8 AM–6 PM  2025-04-02,Thursday 8 AM–6 PM  2025-04-03,Friday Closed  2025-04-04,Saturday 8 AM–6 PM  2025-04-05,Sunday 8 AM–6 PM  2025-04-06,,,,,,,
Coffee shop,مقهى رواقه | Rwagah Cafe,23,4.8,"حي, 6785 2849, Al Khobar 34428, Saudi Arabia",SA,Al Khobar,None,https://instagram.com/rwagah.ksa?igshid=YmMyMTA2M2Y=,+966 56 551 9086,"Monday 4–11 PM  2025-03-31
Tuesday 4–11 PM  2025-04-01
Wednesday 4–11 PM  2025-04-02
Thursday 4–11 PM  2025-04-03
Friday 4–11 PM  2025-04-04
Saturday 4–11 PM  2025-04-05
Sunday 4–11 PM  2025-04-06
 ",https://www.google.com/maps/place/مقهى+رواقه+|+Rwagah+Cafe/data=!4m5!3m4!1s0x3e49e9c8190f4e55:0xa304b0ef0c782ad5!8m2!3d26.2861967!4d50.210565?authuser=0&hl=en&rclk=1,0x3e49e9c8190f4e55:0xa304b0ef0c782ad5,ChIJVU4PGcjpST4R1Sp4DO-wBKM,,26.2861967,50.210565,coffee shops,https://lh5.googleusercontent.com/p/AF1QipOTpl3MJM65jQugc34yOChR_EAIJsLC5CJ4aqEB=w408-h402-k-no,https://lh5.googleusercontent.com/p/AF1QipND-R-zsl8JB65MuYhYKRcpmMIuB9fNvJO8Z0jj=w1024-h960-p-k-no,https://lh5.googleusercontent.com/p/AF1QipPJ6x13gIZ47Ntb5pXLks5epRJ6otUW7O7CcGjZ=w1024-h960-p-k-no,https://lh5.googleusercontent.com/p/AF1QipPf6Oo4SHaMBIjezDsLi-Smxun5IW814JNqMN7h=w1024-h960-p-k-no,null,SAR 20–40,,https://plus.codes/76P6+F6 Al Khobar Saudi Arabia,76P6+F6 Al Khobar Saudi Arabia,No-contact delivery,Monday 4–11 PM  2025-03-31,Tuesday 4–11 PM  2025-04-01,Wednesday 4–11 PM  2025-04-02,Thursday 4–11 PM  2025-04-03,Friday 4–11 PM  2025-04-04,Saturday 4–11 PM  2025-04-05,Sunday 4–11 PM  2025-04-06,,,,,,,
Coffee shop,Cherry Coffee,166,4.7,"19th St, Al Khobar Al Shamalia, Al Khobar 34426, Saudi Arabia",SA,Al Khobar,None,https://instagram.com/cherryz.sa,+966 56 500 8688,"Monday Closed  2025-03-31
Tuesday 3–11 PM  2025-04-01
Wednesday 3–11 PM  2025-04-02
Thursday 3–11:30 PM  2025-04-03
Friday 3–11:30 PM  2025-04-04
Saturday 3–11 PM  2025-04-05
Sunday Closed  2025-04-06
 ",https://www.google.com/maps/place/Cherry+Coffee/data=!4m5!3m4!1s0x3e49e558584b1ed7:0xf3b1cb313faecea!8m2!3d26.2961244!4d50.2093511?authuser=0&hl=en&rclk=1,0x3e49e558584b1ed7:0xf3b1cb313faecea,ChIJ1x5LWFjlST4R6uz6E7McOw8,,26.2961244,50.2093511,coffee shops,https://lh5.googleusercontent.com/p/AF1QipM1RJRwQB0wdinALlng3TPXwO1DQJj4qXMiZ86y=w408-h544-k-no,https://lh5.googleusercontent.com/p/AF1QipM4yXs1umKHptVU-XFZW7AyEzYeyGzZjHjwT4zX=w1024-h960-p-k-no,https://lh5.googleusercontent.com/p/CIHM0ogKEICAgMCwwLn0twE=w1024-h960-p-k-no,https://lh5.googleusercontent.com/p/CIHM0ogKEICAgIDBu_j9QQ=w1024-h960-p-k-no,null,SAR 20–40,,https://plus.codes/76W5+CP Al Khobar Saudi Arabia,76W5+CP Al Khobar Saudi Arabia,No-contact delivery,Monday Closed  2025-03-31,Tuesday 3–11 PM  2025-04-01,Wednesday 3–11 PM  2025-04-02,Thursday 3–11:30 PM  2025-04-03,Friday 3–11:30 PM  2025-04-04,Saturday 3–11 PM  2025-04-05,Sunday Closed  2025-04-06,,,,,,,
Coffee shop,Bohemia Cafe & Records,1619,3.6,"Al Khobar Al Shamalia, Al Khobar 34426, Saudi Arabia",SA,Al Khobar,None,https://bohemiaartcafe.com/,null,"Monday 7:30 AM–12 AM  2025-03-31
Tuesday 7:30 AM–12 AM  2025-04-01
Wednesday 8:30 AM–1 AM  2025-04-02
Thursday 8:30 AM–1 AM  2025-04-03
Friday 1 PM–12 AM  2025-04-04
Saturday 8:30 AM–12 AM  2025-04-05
Sunday 7:30 AM–12 AM  2025-04-06
 ",https://www.google.com/maps/place/Bohemia+Cafe+&+Records/data=!4m5!3m4!1s0x3e49e850b2a45cdf:0x517146e4f514445c!8m2!3d26.29956!4d50.2148822?authuser=0&hl=en&rclk=1,0x3e49e850b2a45cdf:0x517146e4f514445c,ChIJ31ykslDoST4RXEQU9eRGcVE,,26.29956,50.2148822,coffee shops,https://lh5.googleusercontent.com/p/AF1QipNfEtERnYYEcS-kC9Z8dELR3jdT56yKZ2BDCCr5=w408-h544-k-no,https://lh5.googleusercontent.com/p/CIHM0ogKEICAgIDhx6ea1QE=w1024-h960-p-k-no,https://lh5.googleusercontent.com/p/CIHM0ogKEICAgMDwkOzqUA=w1024-h960-p-k-no,https://lh5.googleusercontent.com/p/CIHM0ogKEICAgIC184ir5QE=w1024-h960-p-k-no,null,SAR 20–40,,https://plus.codes/76X7+RX Al Khobar Saudi Arabia,76X7+RX Al Khobar Saudi Arabia,No-contact delivery,Monday 7:30 AM–12 AM  2025-03-31,Tuesday 7:30 AM–12 AM  2025-04-01,Wednesday 8:30 AM–1 AM  2025-04-02,Thursday 8:30 AM–1 AM  2025-04-03,Friday 1 PM–12 AM  2025-04-04,Saturday 8:30 AM–12 AM  2025-04-05,Sunday 7:30 AM–12 AM  2025-04-06,0% busy at 6 AM;11% busy at 7 AM;11% busy at 8 AM;15% busy at 9 AM;21% busy at 10 AM;29% busy at 11 AM;40% busy at 12 PM;43% busy at 1 PM;44% busy at 2 PM;41% busy at 3 PM;41% busy at 4 PM;56% busy at 5 PM;66% busy at 6 PM;74% busy at 7 PM;60% busy at 8 PM;47% busy at 9 PM;37% busy at 10 PM;26% busy at 11 PM;,0% busy at 6 AM;9% busy at 7 AM;10% busy at 8 AM;14% busy at 9 AM;21% busy at 10 AM;29% busy at 11 AM;35% busy at 12 PM;32% busy at 1 PM;32% busy at 2 PM;36% busy at 3 PM;46% busy at 4 PM;62% busy at 5 PM;71% busy at 6 PM;72% busy at 7 PM;62% busy at 8 PM;56% busy at 9 PM;43% busy at 10 PM;29% busy at 11 PM;,0% busy at 6 AM;0% busy at 7 AM;13% busy at 8 AM;19% busy at 9 AM;32% busy at 10 AM;45% busy at 11 AM;55% busy at 12 PM;48% busy at 1 PM;42% busy at 2 PM;44% busy at 3 PM;50% busy at 4 PM;63% busy at 5 PM;67% busy at 6 PM;66% busy at 7 PM;60% busy at 8 PM;56% busy at 9 PM;43% busy at 10 PM;34% busy at 11 PM;19% busy at 12 AM;,0% busy at 6 AM;0% busy at 7 AM;11% busy at 8 AM;17% busy at 9 AM;22% busy at 10 AM;27% busy at 11 AM;32% busy at 12 PM;34% busy at 1 PM;40% busy at 2 PM;43% busy at 3 PM;50% busy at 4 PM;60% busy at 5 PM;74% busy at 6 PM;82% busy at 7 PM;87% busy at 8 PM;90% busy at 9 PM;92% busy at 10 PM;78% busy at 11 PM;52% busy at 12 AM;,0% busy at 6 AM;0% busy at 7 AM;0% busy at 8 AM;0% busy at 9 AM;0% busy at 10 AM;0% busy at 11 AM;0% busy at 12 PM;31% busy at 1 PM;40% busy at 2 PM;52% busy at 3 PM;66% busy at 4 PM;81% busy at 5 PM;87% busy at 6 PM;90% busy at 7 PM;95% busy at 8 PM;100% busy at 9 PM;98% busy at 10 PM;78% busy at 11 PM;,0% busy at 6 AM;0% busy at 7 AM;9% busy at 8 AM;19% busy at 9 AM;33% busy at 10 AM;42% busy at 11 AM;49% busy at 12 PM;41% busy at 1 PM;42% busy at 2 PM;53% busy at 3 PM;61% busy at 4 PM;74% busy at 5 PM;80% busy at 6 PM;80% busy at 7 PM;69% busy at 8 PM;60% busy at 9 PM;53% busy at 10 PM;40% busy at 11 PM;,0% busy at 6 AM;12% busy at 7 AM;16% busy at 8 AM;23% busy at 9 AM;31% busy at 10 AM;38% busy at 11 AM;42% busy at 12 PM;32% busy at 1 PM;33% busy at 2 PM;37% busy at 3 PM;48% busy at 4 PM;60% busy at 5 PM;74% busy at 6 PM;75% busy at 7 PM;62% busy at 8 PM;54% busy at 9 PM;40% busy at 10 PM;28% busy at 11 PM;
Coffee shop,"Coffee maker,Tent rent",null,null,"7928 15th St, Al-Thuqbah, EEDA3853, 3853, Al Khobar 34624, Saudi Arabia",SA,Al Khobar,None,null,+966 55 075 4661,"Monday Open 24 hours  2025-03-31
Tuesday Open 24 hours  2025-04-01
Wednesday Open 24 hours  2025-04-02
Thursday Open 24 hours  2025-04-03
Friday Open 24 hours  2025-04-04
Saturday Closed  2025-04-05
Sunday Closed  2025-04-06
 ","https://www.google.com/maps/place/Coffee+maker,Tent+rent/data=!4m5!3m4!1s0x3e49e9b918bb7163:0x373c7832a09bdf1b!8m2!3d26.2780234!4d50.1951292?authuser=0&hl=en&rclk=1",0x3e49e9b918bb7163:0x373c7832a09bdf1b,ChIJY3G7GLnpST4RG9-boDJ4PDc,,26.2780234,50.1951292,coffee shops,null,null,null,null,null,null,,https://plus.codes/75HW+63 Al Khobar Saudi Arabia,75HW+63 Al Khobar Saudi Arabia,Delivery,Monday Open 24 hours  2025-03-31,Tuesday Open 24 hours  2025-04-01,Wednesday Open 24 hours  2025-04-02,Thursday Open 24 hours  2025-04-03,Friday Open 24 hours  2025-04-04,Saturday Closed  2025-04-05,Sunday Closed  2025-04-06,12% busy at 12 AM;43% busy at 1 AM;43% busy at 2 AM;75% busy at 3 AM;31% busy at 4 AM;25% busy at 5 AM;37% busy at 6 AM;31% busy at 7 AM;43% busy at 8 AM;50% busy at 9 AM;25% busy at 10 AM;18% busy at 11 AM;31% busy at 12 PM;62% busy at 1 PM;43% busy at 2 PM;25% busy at 3 PM;25% busy at 4 PM;18% busy at 5 PM;31% busy at 6 PM;43% busy at 7 PM;62% busy at 8 PM;68% busy at 9 PM;62% busy at 10 PM;62% busy at 11 PM;,50% busy at 12 AM;37% busy at 1 AM;56% busy at 2 AM;37% busy at 3 AM;68% busy at 4 AM;56% busy at 5 AM;68% busy at 6 AM;68% busy at 7 AM;68% busy at 8 AM;50% busy at 9 AM;50% busy at 10 AM;50% busy at 11 AM;37% busy at 12 PM;31% busy at 1 PM;25% busy at 2 PM;25% busy at 3 PM;43% busy at 4 PM;50% busy at 5 PM;100% busy at 6 PM;68% busy at 7 PM;43% busy at 8 PM;43% busy at 9 PM;31% busy at 10 PM;43% busy at 11 PM;,31% busy at 12 AM;62% busy at 1 AM;68% busy at 2 AM;87% busy at 3 AM;37% busy at 4 AM;50% busy at 5 AM;31% busy at 6 AM;12% busy at 7 AM;12% busy at 8 AM;18% busy at 9 AM;18% busy at 10 AM;31% busy at 11 AM;43% busy at 12 PM;37% busy at 1 PM;31% busy at 2 PM;31% busy at 3 PM;50% busy at 4 PM;31% busy at 5 PM;50% busy at 6 PM;62% busy at 7 PM;81% busy at 8 PM;68% busy at 9 PM;43% busy at 10 PM;31% busy at 11 PM;,18% busy at 12 AM;31% busy at 1 AM;50% busy at 2 AM;43% busy at 3 AM;25% busy at 4 AM;37% busy at 5 AM;87% busy at 6 AM;93% busy at 7 AM;100% busy at 8 AM;43% busy at 9 AM;25% busy at 10 AM;25% busy at 11 AM;25% busy at 12 PM;18% busy at 1 PM;12% busy at 2 PM;0% busy at 3 PM;6% busy at 4 PM;6% busy at 5 PM;25% busy at 6 PM;56% busy at 7 PM;62% busy at 8 PM;75% busy at 9 PM;62% busy at 10 PM;62% busy at 11 PM;,50% busy at 12 AM;56% busy at 1 AM;50% busy at 2 AM;31% busy at 3 AM;75% busy at 4 AM;43% busy at 5 AM;43% busy at 6 AM;62% busy at 7 AM;62% busy at 8 AM;68% busy at 9 AM;75% busy at 10 AM;68% busy at 11 AM;50% busy at 12 PM;31% busy at 1 PM;50% busy at 2 PM;68% busy at 3 PM;68% busy at 4 PM;37% busy at 5 PM;43% busy at 6 PM;43% busy at 7 PM;43% busy at 8 PM;50% busy at 9 PM;56% busy at 10 PM;62% busy at 11 PM;,Closed on day6,Closed on day7
Coffee shop,Cafe Bijou,20,4.4,"3177, Alkurnaish, 8816, Saudi Arabia, Al Khobar 34611, Saudi Arabia",SA,Al Khobar,None,null,null,"Monday 8 AM–11 PM  2025-03-31
Tuesday 8 AM–11 PM  2025-04-01
Wednesday 8 AM–11 PM  2025-04-02
Thursday 8 AM–11 PM  2025-04-03
Friday 8 AM–11 PM  2025-04-04
Saturday 8 AM–11 PM  2025-04-05
Sunday 8 AM–11 PM  2025-04-06
 ",https://www.google.com/maps/place/Cafe+Bijou/data=!4m5!3m4!1s0x3e49e971958c3d97:0xf9509168102593ad!8m2!3d26.2766551!4d50.2199477?authuser=0&hl=en&rclk=1,0x3e49e971958c3d97:0xf9509168102593ad,ChIJlz2MlXHpST4RrZMlEGiRUPk,,26.2766551,50.2199477,coffee shops,https://lh5.googleusercontent.com/p/AF1QipPWA6W58ipuyeEwfYIYxdqKZqjjj-N4VtrXZhMT=w408-h544-k-no,https://lh5.googleusercontent.com/p/AF1QipP7ku6mb4l13KPCVaZomF7afgYfzOytPZtFyyG4=w1024-h960-p-k-no,https://lh5.googleusercontent.com/p/AF1QipPX1z5XDoeCu6sk-E3pJRg7-_i8Y4OXFuxcJZMo=w1024-h960-p-k-no,https://lh5.googleusercontent.com/p/AF1QipN5a9q1PLzMXTy59fj0de_CmPG7HBiJBD7gp6Zl=w1024-h960-p-k-no,null,SAR 20–40,,https://plus.codes/76G9+MX Al Khobar Saudi Arabia,76G9+MX Al Khobar Saudi Arabia,Dine-in,Monday 8 AM–11 PM  2025-03-31,Tuesday 8 AM–11 PM  2025-04-01,Wednesday 8 AM–11 PM  2025-04-02,Thursday 8 AM–11 PM  2025-04-03,Friday 8 AM–11 PM  2025-04-04,Saturday 8 AM–11 PM  2025-04-05,Sunday 8 AM–11 PM  2025-04-06,,,,,,,
Coffee shop,REVIVAL ريفايفل,268,4.4,"3299 9508 Prince Sultan Road, Al Jawharah, Al Khobar 34434, Saudi Arabia",SA,Al Khobar,None,https://linkfly.to/Revival,+966 56 090 0747,"Monday 4 PM–12 AM  2025-03-31
Tuesday 4 PM–12 AM  2025-04-01
Wednesday 4 PM–12 AM  2025-04-02
Thursday 4 PM–12:30 AM  2025-04-03
Friday 4 PM–12:30 AM  2025-04-04
Saturday 4 PM–12 AM  2025-04-05
Sunday 4 PM–12 AM  2025-04-06
 ",https://www.google.com/maps/place/REVIVAL+ريفايفل/data=!4m5!3m4!1s0x3e49e9ab8a2e9921:0xbd2f3128a3751d1c!8m2!3d26.3342116!4d50.188704?authuser=0&hl=en&rclk=1,0x3e49e9ab8a2e9921:0xbd2f3128a3751d1c,ChIJIZkuiqvpST4RHB11oygxL70,,26.3342116,50.188704,coffee shops,https://lh5.googleusercontent.com/p/AF1QipOjvr72nY_CxO7PhK6mu-bNZ4gyJ85vz23c_rR2=w408-h544-k-no,https://lh5.googleusercontent.com/p/AF1QipMgkiTsegIUn4qVWJadwFOVpe_h2V87QkEf2C4=w1024-h960-p-k-no,https://lh5.googleusercontent.com/p/AF1QipMxqZtMsnfqeXXIS_y-ozMXNLhqQId4gYw8WBI=w1024-h960-p-k-no,https://lh5.googleusercontent.com/p/AF1QipPwMcIrhMP6-ctspy9shpNRPn9C7xMIUpjHg7yA=w1024-h960-p-k-no,null,SAR 20–40,,https://plus.codes/85MQ+MF Al Khobar Saudi Arabia,85MQ+MF Al Khobar Saudi Arabia,Curbside pickup,Monday 4 PM–12 AM  2025-03-31,Tuesday 4 PM–12 AM  2025-04-01,Wednesday 4 PM–12 AM  2025-04-02,Thursday 4 PM–12:30 AM  2025-04-03,Friday 4 PM–12:30 AM  2025-04-04,Saturday 4 PM–12 AM  2025-04-05,Sunday 4 PM–12 AM  2025-04-06,,,,,,,
Coffee shop,شاي فرس,239,4.6,"Al Aqrabiyah, Al Khobar 34446, Saudi Arabia",SA,Al Khobar,None,https://www.instagram.com/faras.tea?igsh=ZXhmdGxnb3VvdDhq&utm_source=qr,+966 58 185 8821,"Monday 1 PM–1 AM  2025-03-31
Tuesday 1 PM–1 AM  2025-04-01
Wednesday 1 PM–1 AM  2025-04-02
Thursday 1 PM–2 AM  2025-04-03
Friday 1 PM–2 AM  2025-04-04
Saturday 1 PM–1 AM  2025-04-05
Sunday 1 PM–1 AM  2025-04-06
 ",https://www.google.com/maps/place/شاي+فرس/data=!4m5!3m4!1s0x3e49e9f867f272e3:0xb86f83c7d6c0f8b2!8m2!3d26.2944738!4d50.1971796?authuser=0&hl=en&rclk=1,0x3e49e9f867f272e3:0xb86f83c7d6c0f8b2,ChIJ43LyZ_jpST4RsvjA1seDb7g,,26.2944738,50.1971796,coffee shops,https://lh5.googleusercontent.com/p/AF1QipOkjPqn7iNgYsNiEkdrzbi9PdCbwYjXd9pYJ10s=w408-h544-k-no,https://lh5.googleusercontent.com/p/AF1QipNzKajmqq_C0i0ja0IhyJhoxRMaj03hiEPjPaU1=w1024-h960-p-k-no,https://lh5.googleusercontent.com/p/AF1QipPB8FbWV4k2-yK95DQdjS0vWiz_w6DSTnurT7zr=w1024-h960-p-k-no,https://lh5.googleusercontent.com/p/AF1QipOPQyO1xKZewthChUBOu5ZVdoN40fexl5l2Jq9s=w1024-h960-p-k-no,null,SAR 1–20,,https://plus.codes/75VW+QV Al Khobar Saudi Arabia,75VW+QV Al Khobar Saudi Arabia,No-contact delivery,Monday 1 PM–1 AM  2025-03-31,Tuesday 1 PM–1 AM  2025-04-01,Wednesday 1 PM–1 AM  2025-04-02,Thursday 1 PM–2 AM  2025-04-03,Friday 1 PM–2 AM  2025-04-04,Saturday 1 PM–1 AM  2025-04-05,Sunday 1 PM–1 AM  2025-04-06,0% busy at 6 AM;0% busy at 7 AM;0% busy at 8 AM;0% busy at 9 AM;0% busy at 10 AM;0% busy at 11 AM;0% busy at 12 PM;18% busy at 1 PM;18% busy at 2 PM;27% busy at 3 PM;29% busy at 4 PM;36% busy at 5 PM;41% busy at 6 PM;55% busy at 7 PM;56% busy at 8 PM;61% busy at 9 PM;54% busy at 10 PM;41% busy at 11 PM;25% busy at 12 AM;,0% busy at 6 AM;0% busy at 7 AM;0% busy at 8 AM;0% busy at 9 AM;0% busy at 10 AM;0% busy at 11 AM;0% busy at 12 PM;18% busy at 1 PM;25% busy at 2 PM;25% busy at 3 PM;33% busy at 4 PM;34% busy at 5 PM;41% busy at 6 PM;51% busy at 7 PM;62% busy at 8 PM;69% busy at 9 PM;65% busy at 10 PM;54% busy at 11 PM;34% busy at 12 AM;,0% busy at 6 AM;0% busy at 7 AM;0% busy at 8 AM;0% busy at 9 AM;0% busy at 10 AM;0% busy at 11 AM;0% busy at 12 PM;20% busy at 1 PM;33% busy at 2 PM;34% busy at 3 PM;33% busy at 4 PM;36% busy at 5 PM;38% busy at 6 PM;47% busy at 7 PM;58% busy at 8 PM;69% busy at 9 PM;72% busy at 10 PM;69% busy at 11 PM;44% busy at 12 AM;,0% busy at 6 AM;0% busy at 7 AM;0% busy at 8 AM;0% busy at 9 AM;0% busy at 10 AM;0% busy at 11 AM;0% busy at 12 PM;25% busy at 1 PM;26% busy at 2 PM;30% busy at 3 PM;30% busy at 4 PM;34% busy at 5 PM;43% busy at 6 PM;51% busy at 7 PM;66% busy at 8 PM;81% busy at 9 PM;100% busy at 10 PM;98% busy at 11 PM;68% busy at 12 AM;43% busy at 1 AM;,0% busy at 6 AM;0% busy at 7 AM;0% busy at 8 AM;0% busy at 9 AM;0% busy at 10 AM;0% busy at 11 AM;0% busy at 12 PM;25% busy at 1 PM;33% busy at 2 PM;34% busy at 3 PM;36% busy at 4 PM;40% busy at 5 PM;50% busy at 6 PM;63% busy at 7 PM;73% busy at 8 PM;91% busy at 9 PM;94% busy at 10 PM;98% busy at 11 PM;69% busy at 12 AM;47% busy at 1 AM;,0% busy at 6 AM;0% busy at 7 AM;0% busy at 8 AM;0% busy at 9 AM;0% busy at 10 AM;0% busy at 11 AM;0% busy at 12 PM;37% busy at 1 PM;37% busy at 2 PM;34% busy at 3 PM;37% busy at 4 PM;43% busy at 5 PM;51% busy at 6 PM;59% busy at 7 PM;65% busy at 8 PM;69% busy at 9 PM;66% busy at 10 PM;55% busy at 11 PM;37% busy at 12 AM;,0% busy at 6 AM;0% busy at 7 AM;0% busy at 8 AM;0% busy at 9 AM;0% busy at 10 AM;0% busy at 11 AM;0% busy at 12 PM;26% busy at 1 PM;26% busy at 2 PM;27% busy at 3 PM;29% busy at 4 PM;30% busy at 5 PM;43% busy at 6 PM;59% busy at 7 PM;77% busy at 8 PM;84% busy at 9 PM;79% busy at 10 PM;66% busy at 11 PM;47% busy at 12 AM;
Coffee shop,Fahed restaurant and coffee shop,197,4.6,"Alnuman Ibn Harithah St, Al Tahliyah, Al Khobar 34717, Saudi Arabia",SA,Al Khobar,None,https://instagram.com/alfahadcoffee00?igshid=YmMyMTA2M2Y=,+966 55 175 4447,"Monday 6 AM–3 AM  2025-03-31
Tuesday 6 AM–3 AM  2025-04-01
Wednesday 6 AM–3 AM  2025-04-02
Thursday 6 AM–3 AM  2025-04-03
Friday 6 AM–3 AM  2025-04-04
Saturday 6 AM–3 AM  2025-04-05
Sunday 6 AM–3 AM  2025-04-06
 ",https://www.google.com/maps/place/Fahed+restaurant+and+coffee+shop/data=!4m5!3m4!1s0x3e49c39e7aee3841:0x6f1dbc52ccb578e8!8m2!3d26.2012373!4d50.1971963?authuser=0&hl=en&rclk=1,0x3e49c39e7aee3841:0x6f1dbc52ccb578e8,ChIJQTjuep7DST4R6Hi1zFK8HW8,,26.2012373,50.1971963,restaurants,https://lh5.googleusercontent.com/p/AF1QipPxYJbrXMhcCPp07eiCxj4tjTryXKrAI0H4YGfB=w426-h240-k-no,https://lh5.googleusercontent.com/p/AF1QipMKpomOvvyFSUwax6_xN8F7x70JEJp1jCJWirg1=w1024-h960-p-k-no,https://lh5.googleusercontent.com/p/AF1QipONTQ2QPjyeDJp68JmCFmFnsym3ggtKzMOL_vnt=w1024-h960-p-k-no,https://lh5.googleusercontent.com/p/AF1QipOrUJ6-Sds6WXu1hPDXKxiOsnH-JZPiWClolQvS=w1024-h960-p-k-no,null,None,,https://plus.codes/652W+FV Al Khobar Saudi Arabia,652W+FV Al Khobar Saudi Arabia,Curbside pickup,Monday 6 AM–3 AM  2025-03-31,Tuesday 6 AM–3 AM  2025-04-01,Wednesday 6 AM–3 AM  2025-04-02,Thursday 6 AM–3 AM  2025-04-03,Friday 6 AM–3 AM  2025-04-04,Saturday 6 AM–3 AM  2025-04-05,Sunday 6 AM–3 AM  2025-04-06,0% busy at 5 AM;40% busy at 6 AM;33% busy at 7 AM;60% busy at 8 AM;60% busy at 9 AM;66% busy at 10 AM;53% busy at 11 AM;40% busy at 12 PM;33% busy at 1 PM;33% busy at 2 PM;20% busy at 3 PM;13% busy at 4 PM;33% busy at 5 PM;60% busy at 6 PM;73% busy at 7 PM;80% busy at 8 PM;100% busy at 9 PM;60% busy at 10 PM;53% busy at 11 PM;40% busy at 12 AM;60% busy at 1 AM;26% busy at 2 AM;,0% busy at 5 AM;40% busy at 6 AM;46% busy at 7 AM;60% busy at 8 AM;53% busy at 9 AM;66% busy at 10 AM;73% busy at 11 AM;60% busy at 12 PM;40% busy at 1 PM;26% busy at 2 PM;46% busy at 3 PM;66% busy at 4 PM;66% busy at 5 PM;33% busy at 6 PM;20% busy at 7 PM;20% busy at 8 PM;20% busy at 9 PM;40% busy at 10 PM;53% busy at 11 PM;53% busy at 12 AM;33% busy at 1 AM;33% busy at 2 AM;,0% busy at 5 AM;20% busy at 6 AM;46% busy at 7 AM;26% busy at 8 AM;6% busy at 9 AM;6% busy at 10 AM;26% busy at 11 AM;66% busy at 12 PM;80% busy at 1 PM;93% busy at 2 PM;93% busy at 3 PM;53% busy at 4 PM;40% busy at 5 PM;40% busy at 6 PM;33% busy at 7 PM;40% busy at 8 PM;40% busy at 9 PM;33% busy at 10 PM;33% busy at 11 PM;26% busy at 12 AM;26% busy at 1 AM;6% busy at 2 AM;,0% busy at 5 AM;60% busy at 6 AM;40% busy at 7 AM;40% busy at 8 AM;46% busy at 9 AM;73% busy at 10 AM;66% busy at 11 AM;80% busy at 12 PM;86% busy at 1 PM;80% busy at 2 PM;60% busy at 3 PM;33% busy at 4 PM;46% busy at 5 PM;60% busy at 6 PM;60% busy at 7 PM;73% busy at 8 PM;73% busy at 9 PM;73% busy at 10 PM;73% busy at 11 PM;73% busy at 12 AM;86% busy at 1 AM;86% busy at 2 AM;,0% busy at 5 AM;20% busy at 6 AM;33% busy at 7 AM;33% busy at 8 AM;33% busy at 9 AM;20% busy at 10 AM;33% busy at 11 AM;26% busy at 12 PM;46% busy at 1 PM;66% busy at 2 PM;66% busy at 3 PM;60% busy at 4 PM;53% busy at 5 PM;73% busy at 6 PM;46% busy at 7 PM;53% busy at 8 PM;33% busy at 9 PM;40% busy at 10 PM;46% busy at 11 PM;46% busy at 12 AM;46% busy at 1 AM;40% busy at 2 AM;,0% busy at 5 AM;46% busy at 6 AM;53% busy at 7 AM;46% busy at 8 AM;33% busy at 9 AM;26% busy at 10 AM;20% busy at 11 AM;26% busy at 12 PM;26% busy at 1 PM;40% busy at 2 PM;40% busy at 3 PM;46% busy at 4 PM;40% busy at 5 PM;40% busy at 6 PM;40% busy at 7 PM;80% busy at 8 PM;73% busy at 9 PM;80% busy at 10 PM;66% busy at 11 PM;66% busy at 12 AM;46% busy at 1 AM;40% busy at 2 AM;,0% busy at 5 AM;33% busy at 6 AM;53% busy at 7 AM;46% busy at 8 AM;53% busy at 9 AM;66% busy at 10 AM;80% busy at 11 AM;66% busy at 12 PM;60% busy at 1 PM;60% busy at 2 PM;40% busy at 3 PM;46% busy at 4 PM;33% busy at 5 PM;66% busy at 6 PM;53% busy at 7 PM;46% busy at 8 PM;26% busy at 9 PM;20% busy at 10 PM;6% busy at 11 PM;20% busy at 12 AM;33% busy at 1 AM;60% busy at 2 AM;
Coffee shop,7 Grams Drive Thru - Al Shulah | ٧ جرام درايف ثرو - الشعلة,295,4.5,"EASC2637, 7387 86ا, 2637, Dammam 34273, Saudi Arabia",SA,Dammam,None,https://7gm.sa/,+966 54 023 0376,"Monday 4 PM–3:30 AM  2025-03-31
Tuesday 4 PM–3:30 AM  2025-04-01
Wednesday 4 PM–3:30 AM  2025-04-02
Thursday 4 PM–3:30 AM  2025-04-03
Friday 4 PM–3:30 AM  2025-04-04
Saturday 4 PM–3:30 AM  2025-04-05
Sunday 4 PM–3:30 AM  2025-04-06
 ",https://www.google.com/maps/place/7+Grams+Drive+Thru+-+Al+Shulah+|+٧+جرام+درايف+ثرو+-+الشعلة/data=!4m5!3m4!1s0x3e49e300511cae4d:0x21c6b01f76694976!8m2!3d26.3461736!4d50.0468415?authuser=0&hl=en&rclk=1,0x3e49e300511cae4d:0x21c6b01f76694976,ChIJTa4cUQDjST4Rdklpdh-wxiE,,26.3461736,50.0468415,coffee shops,https://lh5.googleusercontent.com/p/AF1QipME7O9XViTEdjgKC90m9_eE9lf0rLysDNQLVeuz=w408-h725-k-no,https://lh5.googleusercontent.com/p/AF1QipO-ChcQ5xKjqDNrfpGfB2P0eckyKM_HCb37TyK4=w1024-h960-p-k-no,https://lh5.googleusercontent.com/p/AF1QipNBwvnakksKVARfin-A78c2LGubLJb3cSbNslVa=w1024-h960-p-k-no,https://lh5.googleusercontent.com/p/AF1QipPxXvgFxzd1edA0MRyMMrU1QuKcZ0UonJMYMTQm=w1024-h960-p-k-no,null,SAR 20–40,,https://plus.codes/82WW+FP Dammam Saudi Arabia,82WW+FP Dammam Saudi Arabia,Delivery,Monday 4 PM–3:30 AM  2025-03-31,Tuesday 4 PM–3:30 AM  2025-04-01,Wednesday 4 PM–3:30 AM  2025-04-02,Thursday 4 PM–3:30 AM  2025-04-03,Friday 4 PM–3:30 AM  2025-04-04,Saturday 4 PM–3:30 AM  2025-04-05,Sunday 4 PM–3:30 AM  2025-04-06,0% busy at 6 AM;0% busy at 7 AM;0% busy at 8 AM;0% busy at 9 AM;0% busy at 10 AM;0% busy at 11 AM;0% busy at 12 PM;0% busy at 1 PM;0% busy at 2 PM;0% busy at 3 PM;17% busy at 4 PM;21% busy at 5 PM;26% busy at 6 PM;30% busy at 7 PM;39% busy at 8 PM;56% busy at 9 PM;91% busy at 10 PM;91% busy at 11 PM;78% busy at 12 AM;0% busy at 1 AM;0% busy at 2 AM;0% busy at 3 AM;,0% busy at 6 AM;0% busy at 7 AM;0% busy at 8 AM;0% busy at 9 AM;0% busy at 10 AM;0% busy at 11 AM;0% busy at 12 PM;0% busy at 1 PM;0% busy at 2 PM;0% busy at 3 PM;43% busy at 4 PM;52% busy at 5 PM;47% busy at 6 PM;60% busy at 7 PM;52% busy at 8 PM;60% busy at 9 PM;47% busy at 10 PM;39% busy at 11 PM;13% busy at 12 AM;0% busy at 1 AM;0% busy at 2 AM;0% busy at 3 AM;,0% busy at 6 AM;0% busy at 7 AM;0% busy at 8 AM;0% busy at 9 AM;0% busy at 10 AM;0% busy at 11 AM;0% busy at 12 PM;0% busy at 1 PM;0% busy at 2 PM;0% busy at 3 PM;65% busy at 4 PM;73% busy at 5 PM;86% busy at 6 PM;91% busy at 7 PM;100% busy at 8 PM;100% busy at 9 PM;52% busy at 10 PM;30% busy at 11 PM;8% busy at 12 AM;0% busy at 1 AM;0% busy at 2 AM;0% busy at 3 AM;,0% busy at 6 AM;0% busy at 7 AM;0% busy at 8 AM;0% busy at 9 AM;0% busy at 10 AM;0% busy at 11 AM;0% busy at 12 PM;0% busy at 1 PM;0% busy at 2 PM;0% busy at 3 PM;65% busy at 4 PM;65% busy at 5 PM;73% busy at 6 PM;73% busy at 7 PM;78% busy at 8 PM;69% busy at 9 PM;69% busy at 10 PM;65% busy at 11 PM;43% busy at 12 AM;0% busy at 1 AM;0% busy at 2 AM;0% busy at 3 AM;,0% busy at 6 AM;0% busy at 7 AM;0% busy at 8 AM;0% busy at 9 AM;0% busy at 10 AM;0% busy at 11 AM;0% busy at 12 PM;0% busy at 1 PM;0% busy at 2 PM;0% busy at 3 PM;100% busy at 4 PM;86% busy at 5 PM;73% busy at 6 PM;56% busy at 7 PM;52% busy at 8 PM;56% busy at 9 PM;69% busy at 10 PM;60% busy at 11 PM;47% busy at 12 AM;0% busy at 1 AM;0% busy at 2 AM;0% busy at 3 AM;,0% busy at 6 AM;0% busy at 7 AM;0% busy at 8 AM;0% busy at 9 AM;0% busy at 10 AM;0% busy at 11 AM;0% busy at 12 PM;0% busy at 1 PM;0% busy at 2 PM;0% busy at 3 PM;56% busy at 4 PM;56% busy at 5 PM;56% busy at 6 PM;43% busy at 7 PM;34% busy at 8 PM;39% busy at 9 PM;39% busy at 10 PM;43% busy at 11 PM;43% busy at 12 AM;0% busy at 1 AM;0% busy at 2 AM;0% busy at 3 AM;,0% busy at 6 AM;0% busy at 7 AM;0% busy at 8 AM;0% busy at 9 AM;0% busy at 10 AM;0% busy at 11 AM;0% busy at 12 PM;0% busy at 1 PM;0% busy at 2 PM;0% busy at 3 PM;56% busy at 4 PM;65% busy at 5 PM;69% busy at 6 PM;69% busy at 7 PM;47% busy at 8 PM;52% busy at 9 PM;52% busy at 10 PM;73% busy at 11 PM;60% busy at 12 AM;0% busy at 1 AM;0% busy at 2 AM;0% busy at 3 AM;
Coffee shop,Sword,403,4.2,"2230 8632 Prince Faisal Bin Fahd Road, Olaya, Al Khobar 34445, Saudi Arabia",SA,Al Khobar,None,https://instagram.com/sword.coffee?igshid=YmMyMTA2M2Y=,null,"Monday 6:30 PM–2:30 AM  2025-03-31
Tuesday 6:30 PM–2:30 AM  2025-04-01
Wednesday 6:30 PM–2:30 AM  2025-04-02
Thursday 6:30 PM–2:30 AM  2025-04-03
Friday 6:30 PM–2:30 AM  2025-04-04
Saturday 6:30 PM–2:30 AM  2025-04-05
Sunday 6:30 PM–2:30 AM  2025-04-06
 ",https://www.google.com/maps/place/Sword/data=!4m5!3m4!1s0x3e49e7ae3da1be85:0x35f711787f591f12!8m2!3d26.3059636!4d50.183034?authuser=0&hl=en&rclk=1,0x3e49e7ae3da1be85:0x35f711787f591f12,ChIJhb6hPa7nST4REh9Zf3gR9zU,,26.3059636,50.183034,coffee shops,https://lh5.googleusercontent.com/p/AF1QipN-INKQ0ww6ky8eKUEO7lfZS-TQzqjYRCvv58Qd=w408-h546-k-no,https://lh5.googleusercontent.com/p/AF1QipN-INKQ0ww6ky8eKUEO7lfZS-TQzqjYRCvv58Qd=w1024-h960-p-k-no,https://lh5.googleusercontent.com/p/CIHM0ogKEICAgMCwhc7tDQ=w1024-h960-p-k-no,https://lh5.googleusercontent.com/p/CIHM0ogKEICAgIDv_4vGJQ=w1024-h960-p-k-no,null,SAR 20–40,,https://plus.codes/854M+96 Al Khobar Saudi Arabia,854M+96 Al Khobar Saudi Arabia,Takeout,Monday 6:30 PM–2:30 AM  2025-03-31,Tuesday 6:30 PM–2:30 AM  2025-04-01,Wednesday 6:30 PM–2:30 AM  2025-04-02,Thursday 6:30 PM–2:30 AM  2025-04-03,Friday 6:30 PM–2:30 AM  2025-04-04,Saturday 6:30 PM–2:30 AM  2025-04-05,Sunday 6:30 PM–2:30 AM  2025-04-06,,,,,,,
Coffee shop,Onda Coffee مقهى أوندا,14,4.4,"Prince Mashoor street, Madinat Al Umal, Al Khobar 34442, Saudi Arabia",SA,Al Khobar,None,null,+966 56 810 2804,"Monday 5 PM–3 AM  2025-03-31
Tuesday 5 PM–3 AM  2025-04-01
Wednesday 5 PM–3 AM  2025-04-02
Thursday 5 PM–3 AM  2025-04-03
Friday 5 PM–3 AM  2025-04-04
Saturday 5 PM–3 AM  2025-04-05
Sunday 5 PM–3 AM  2025-04-06
 ",https://www.google.com/maps/place/Onda+Coffee+مقهى+أوندا/data=!4m5!3m4!1s0x3e49e96789decf6b:0x3486f8350648f55f!8m2!3d26.2941034!4d50.2017158?authuser=0&hl=en&rclk=1,0x3e49e96789decf6b:0x3486f8350648f55f,ChIJa8_eiWfpST4RX_VIBjX4hjQ,,26.2941034,50.2017158,coffee shops,https://lh5.googleusercontent.com/p/AF1QipP0xUd7ClDdRaStlKf6Wwk6lEqjVi1m8SHNLNbh=w408-h544-k-no,https://lh5.googleusercontent.com/p/AF1QipNtpgOJC-S62EvxzsTxTtn10Sr2BtP7qWETIuvr=w1024-h960-p-k-no,https://lh5.googleusercontent.com/p/AF1QipOWzGBZ-a_-Hd5tmPcV7S7X3InHJBTwYiJ0cVxh=w1024-h960-p-k-no,https://lh5.googleusercontent.com/p/AF1QipP0qsDjr0MOIrfjL-0gzss7E-nPkjysKpGHHWII=w1024-h960-p-k-no,null,SAR 1–20,,https://plus.codes/76V2+JM Al Khobar Saudi Arabia,76V2+JM Al Khobar Saudi Arabia,No-contact delivery,Monday 5 PM–3 AM  2025-03-31,Tuesday 5 PM–3 AM  2025-04-01,Wednesday 5 PM–3 AM  2025-04-02,Thursday 5 PM–3 AM  2025-04-03,Friday 5 PM–3 AM  2025-04-04,Saturday 5 PM–3 AM  2025-04-05,Sunday 5 PM–3 AM  2025-04-06,,,,,,,
Coffee shop,مقهى مهله - muhlah coffee,238,3.9,"Prince Mansour St, Al Khobar Al Shamalia, Al Khobar 34425, Saudi Arabia",SA,Al Khobar,None,https://www.instagram.com/try.muhlah/profilecard/?igsh=OTlieDR1YzR3OWxv,+966 56 087 9033,"Monday 4 PM–12 AM  2025-03-31
Tuesday 4 PM–12 AM  2025-04-01
Wednesday 4 PM–12 AM  2025-04-02
Thursday 4 PM–1 AM  2025-04-03
Friday 2 PM–1 AM  2025-04-04
Saturday 4 PM–12 AM  2025-04-05
Sunday 4 PM–12 AM  2025-04-06
 ",https://www.google.com/maps/place/مقهى+مهله+-+muhlah+coffee/data=!4m5!3m4!1s0x3e49e9003092532f:0x32f2c270cc9488aa!8m2!3d26.2983824!4d50.2157426?authuser=0&hl=en&rclk=1,0x3e49e9003092532f:0x32f2c270cc9488aa,ChIJL1OSMADpST4RqoiUzHDC8jI,,26.2983824,50.2157426,coffee shops,https://lh5.googleusercontent.com/p/AF1QipOptAvVnQlQCjWghbsazlyvmH3CjqDieU-BSwFb=w408-h544-k-no,https://lh5.googleusercontent.com/p/AF1QipMw7jgswDHRUST6gnBF2n_vMQU3iO_srqsNs_Pp=w1024-h960-p-k-no,https://lh5.googleusercontent.com/p/AF1QipMl-5cI9dZL1lwGBUxwFCB4yPw2wK6TVevWu6iL=w1024-h960-p-k-no,https://lh5.googleusercontent.com/p/AF1QipOJM0X6tHFWCac7ZQ2k5W0YeGEuD22O2MIR4JMq=w1024-h960-p-k-no,null,SAR 20–40,,https://plus.codes/76X8+97 Al Khobar Saudi Arabia,76X8+97 Al Khobar Saudi Arabia,Delivery,Monday 4 PM–12 AM  2025-03-31,Tuesday 4 PM–12 AM  2025-04-01,Wednesday 4 PM–12 AM  2025-04-02,Thursday 4 PM–1 AM  2025-04-03,Friday 2 PM–1 AM  2025-04-04,Saturday 4 PM–12 AM  2025-04-05,Sunday 4 PM–12 AM  2025-04-06,0% busy at 6 AM;0% busy at 7 AM;0% busy at 8 AM;0% busy at 9 AM;0% busy at 10 AM;0% busy at 11 AM;0% busy at 12 PM;0% busy at 1 PM;0% busy at 2 PM;0% busy at 3 PM;39% busy at 4 PM;48% busy at 5 PM;50% busy at 6 PM;49% busy at 7 PM;54% busy at 8 PM;62% busy at 9 PM;66% busy at 10 PM;58% busy at 11 PM;,0% busy at 6 AM;0% busy at 7 AM;0% busy at 8 AM;0% busy at 9 AM;0% busy at 10 AM;0% busy at 11 AM;0% busy at 12 PM;0% busy at 1 PM;0% busy at 2 PM;0% busy at 3 PM;29% busy at 4 PM;44% busy at 5 PM;50% busy at 6 PM;55% busy at 7 PM;53% busy at 8 PM;60% busy at 9 PM;55% busy at 10 PM;53% busy at 11 PM;,0% busy at 6 AM;0% busy at 7 AM;0% busy at 8 AM;0% busy at 9 AM;0% busy at 10 AM;0% busy at 11 AM;0% busy at 12 PM;0% busy at 1 PM;0% busy at 2 PM;0% busy at 3 PM;25% busy at 4 PM;37% busy at 5 PM;45% busy at 6 PM;53% busy at 7 PM;61% busy at 8 PM;67% busy at 9 PM;74% busy at 10 PM;69% busy at 11 PM;,0% busy at 6 AM;0% busy at 7 AM;0% busy at 8 AM;0% busy at 9 AM;0% busy at 10 AM;0% busy at 11 AM;0% busy at 12 PM;0% busy at 1 PM;0% busy at 2 PM;0% busy at 3 PM;29% busy at 4 PM;39% busy at 5 PM;46% busy at 6 PM;46% busy at 7 PM;50% busy at 8 PM;70% busy at 9 PM;82% busy at 10 PM;76% busy at 11 PM;46% busy at 12 AM;,0% busy at 6 AM;0% busy at 7 AM;0% busy at 8 AM;0% busy at 9 AM;0% busy at 10 AM;0% busy at 11 AM;0% busy at 12 PM;0% busy at 1 PM;39% busy at 2 PM;49% busy at 3 PM;46% busy at 4 PM;39% busy at 5 PM;45% busy at 6 PM;56% busy at 7 PM;70% busy at 8 PM;86% busy at 9 PM;100% busy at 10 PM;97% busy at 11 PM;64% busy at 12 AM;,0% busy at 6 AM;0% busy at 7 AM;0% busy at 8 AM;0% busy at 9 AM;0% busy at 10 AM;0% busy at 11 AM;0% busy at 12 PM;0% busy at 1 PM;0% busy at 2 PM;0% busy at 3 PM;43% busy at 4 PM;51% busy at 5 PM;55% busy at 6 PM;66% busy at 7 PM;76% busy at 8 PM;90% busy at 9 PM;88% busy at 10 PM;75% busy at 11 PM;,0% busy at 6 AM;0% busy at 7 AM;0% busy at 8 AM;0% busy at 9 AM;0% busy at 10 AM;0% busy at 11 AM;0% busy at 12 PM;0% busy at 1 PM;0% busy at 2 PM;0% busy at 3 PM;35% busy at 4 PM;43% busy at 5 PM;48% busy at 6 PM;50% busy at 7 PM;59% busy at 8 PM;69% busy at 9 PM;64% busy at 10 PM;51% busy at 11 PM;
Coffee shop,كافيه عنتر Antr Cafe,2326,4.1,"867H+GPP boulevard, Alkurnaish, Al Khobar 34413, Saudi Arabia",SA,Al Khobar,None,https://www.instagram.com/cafeantr,+966 56 718 6888,"Monday 12 PM–3 AM  2025-03-31
Tuesday 12 PM–3 AM  2025-04-01
Wednesday 12 PM–3 AM  2025-04-02
Thursday 12 PM–3 AM  2025-04-03
Friday 12 PM–3 AM  2025-04-04
Saturday 12 PM–3 AM  2025-04-05
Sunday 12 PM–3 AM  2025-04-06
 ",https://www.google.com/maps/place/كافيه+عنتر+Antr+Cafe/data=!4m5!3m4!1s0x3e49e99d09e98233:0xb719005a687b6dad!8m2!3d26.3138426!4d50.2293313?authuser=0&hl=en&rclk=1,0x3e49e99d09e98233:0xb719005a687b6dad,ChIJM4LpCZ3pST4RrW17aFoAGbc,,26.3138426,50.2293313,coffee shops,https://lh5.googleusercontent.com/p/AF1QipNIN9V8D71Tu_cbeBS5aWVhm9JmUvADV23mDLul=w408-h306-k-no,https://lh5.googleusercontent.com/p/AF1QipMPEaKmANO_nFFiPKe8fhzXVSsZECBADx2skcRy=w1024-h960-p-k-no,https://lh5.googleusercontent.com/p/AF1QipMy8xoXTJZMQfI32pNvKTKA_VfHoniK1FBa1vfv=w1024-h960-p-k-no,https://lh5.googleusercontent.com/p/AF1QipNILEPOlxdZ8lxHYwViAR36ctrMhk2ZZLt_UwTe=w1024-h960-p-k-no,null,SAR 1–20,,null,null,No-contact delivery,Monday 12 PM–3 AM  2025-03-31,Tuesday 12 PM–3 AM  2025-04-01,Wednesday 12 PM–3 AM  2025-04-02,Thursday 12 PM–3 AM  2025-04-03,Friday 12 PM–3 AM  2025-04-04,Saturday 12 PM–3 AM  2025-04-05,Sunday 12 PM–3 AM  2025-04-06,0% busy at 6 AM;0% busy at 7 AM;0% busy at 8 AM;0% busy at 9 AM;0% busy at 10 AM;0% busy at 11 AM;8% busy at 12 PM;11% busy at 1 PM;15% busy at 2 PM;18% busy at 3 PM;19% busy at 4 PM;19% busy at 5 PM;19% busy at 6 PM;22% busy at 7 PM;28% busy at 8 PM;31% busy at 9 PM;31% busy at 10 PM;26% busy at 11 PM;17% busy at 12 AM;10% busy at 1 AM;5% busy at 2 AM;,0% busy at 6 AM;0% busy at 7 AM;0% busy at 8 AM;0% busy at 9 AM;0% busy at 10 AM;0% busy at 11 AM;8% busy at 12 PM;11% busy at 1 PM;15% busy at 2 PM;20% busy at 3 PM;23% busy at 4 PM;23% busy at 5 PM;22% busy at 6 PM;24% busy at 7 PM;29% busy at 8 PM;35% busy at 9 PM;36% busy at 10 PM;33% busy at 11 PM;23% busy at 12 AM;14% busy at 1 AM;7% busy at 2 AM;,0% busy at 6 AM;0% busy at 7 AM;0% busy at 8 AM;0% busy at 9 AM;0% busy at 10 AM;0% busy at 11 AM;9% busy at 12 PM;12% busy at 1 PM;17% busy at 2 PM;20% busy at 3 PM;23% busy at 4 PM;26% busy at 5 PM;28% busy at 6 PM;31% busy at 7 PM;35% busy at 8 PM;38% busy at 9 PM;35% busy at 10 PM;31% busy at 11 PM;20% busy at 12 AM;13% busy at 1 AM;7% busy at 2 AM;,0% busy at 6 AM;0% busy at 7 AM;0% busy at 8 AM;0% busy at 9 AM;0% busy at 10 AM;0% busy at 11 AM;9% busy at 12 PM;15% busy at 1 PM;22% busy at 2 PM;29% busy at 3 PM;33% busy at 4 PM;35% busy at 5 PM;36% busy at 6 PM;42% busy at 7 PM;54% busy at 8 PM;73% busy at 9 PM;87% busy at 10 PM;91% busy at 11 PM;72% busy at 12 AM;51% busy at 1 AM;30% busy at 2 AM;,0% busy at 6 AM;0% busy at 7 AM;0% busy at 8 AM;0% busy at 9 AM;0% busy at 10 AM;0% busy at 11 AM;22% busy at 12 PM;39% busy at 1 PM;62% busy at 2 PM;83% busy at 3 PM;96% busy at 4 PM;100% busy at 5 PM;94% busy at 6 PM;88% busy at 7 PM;83% busy at 8 PM;85% busy at 9 PM;83% busy at 10 PM;74% busy at 11 PM;52% busy at 12 AM;32% busy at 1 AM;18% busy at 2 AM;,0% busy at 6 AM;0% busy at 7 AM;0% busy at 8 AM;0% busy at 9 AM;0% busy at 10 AM;0% busy at 11 AM;17% busy at 12 PM;26% busy at 1 PM;38% busy at 2 PM;49% busy at 3 PM;54% busy at 4 PM;52% busy at 5 PM;46% busy at 6 PM;40% busy at 7 PM;37% busy at 8 PM;35% busy at 9 PM;31% busy at 10 PM;25% busy at 11 PM;16% busy at 12 AM;11% busy at 1 AM;7% busy at 2 AM;,0% busy at 6 AM;0% busy at 7 AM;0% busy at 8 AM;0% busy at 9 AM;0% busy at 10 AM;0% busy at 11 AM;8% busy at 12 PM;10% busy at 1 PM;15% busy at 2 PM;19% busy at 3 PM;21% busy at 4 PM;21% busy at 5 PM;21% busy at 6 PM;21% busy at 7 PM;24% busy at 8 PM;25% busy at 9 PM;23% busy at 10 PM;19% busy at 11 PM;13% busy at 12 AM;7% busy at 1 AM;5% busy at 2 AM;
Coffee shop,Captain cafe,1,1,"75QQ+FR8, 10th St, Al Aqrabiyah, Al Khobar 34446, Saudi Arabia",SA,Al Khobar,None,null,null, ,https://www.google.com/maps/place/Captain+cafe/data=!4m5!3m4!1s0x3e49e9980cbb11c7:0x8bed421abed1263f!8m2!3d26.2886517!4d50.1895641?authuser=0&hl=en&rclk=1,0x3e49e9980cbb11c7:0x8bed421abed1263f,ChIJxxG7DJjpST4RPybRvhpC7Ys,,26.2886517,50.1895641,coffee shops,https://lh5.googleusercontent.com/p/AF1QipOWcOEDZSX9sIA4WkjUkzvwEg5Z7kfYp1UfVDA=w408-h725-k-no,https://lh5.googleusercontent.com/p/AF1QipOWcOEDZSX9sIA4WkjUkzvwEg5Z7kfYp1UfVDA=w1024-h960-p-k-no,null,null,null,None,,null,null,Delivery,,,,,,,,,,,,,,
Coffee shop,The Ō Cafe,4,5,"prince faisal bin fahad road, Olaya, Al Khobar 34445, Saudi Arabia",SA,Al Khobar,None,null,+966 55 849 5553,"Monday 11 AM–11 PM  2025-03-31
Tuesday 11 AM–11 PM  2025-04-01
Wednesday 11 AM–11 PM  2025-04-02
Thursday 11 AM–11 PM  2025-04-03
Friday 2–11 PM  2025-04-04
Saturday 11 AM–11 PM  2025-04-05
Sunday 11 AM–11 PM  2025-04-06
 ",https://www.google.com/maps/place/The+Ō+Cafe/data=!4m5!3m4!1s0x3e49e9ee83cf59c7:0xfdc00125ddf2a8cf!8m2!3d26.3058265!4d50.1835404?authuser=0&hl=en&rclk=1,0x3e49e9ee83cf59c7:0xfdc00125ddf2a8cf,ChIJx1nPg-7pST4Rz6jy3SUBwP0,,26.3058265,50.1835404,coffee shops,https://lh5.googleusercontent.com/p/AF1QipMFD2ti3L3cTQgGFVPQzGjHLsu5GOrUoPNhKtee=w408-h725-k-no,https://lh5.googleusercontent.com/p/AF1QipMFD2ti3L3cTQgGFVPQzGjHLsu5GOrUoPNhKtee=w1024-h960-p-k-no,https://lh5.googleusercontent.com/p/AF1QipM5il3ICD6tWUhobZFYpHiqie4M_SAtNgBK7-EZ=w1024-h960-p-k-no,https://lh5.googleusercontent.com/p/AF1QipNPHeKR-J69EMrpdvQA302CeWYn-DOhls_3PSFh=w1024-h960-p-k-no,null,None,,https://plus.codes/854M+8C Al Khobar Saudi Arabia,854M+8C Al Khobar Saudi Arabia,Delivery,Monday 11 AM–11 PM  2025-03-31,Tuesday 11 AM–11 PM  2025-04-01,Wednesday 11 AM–11 PM  2025-04-02,Thursday 11 AM–11 PM  2025-04-03,Friday 2–11 PM  2025-04-04,Saturday 11 AM–11 PM  2025-04-05,Sunday 11 AM–11 PM  2025-04-06,,,,,,,
Coffee shop,قهوة الشيوخ Alshayoukh Coffee,113,4,"Al Dawhah Al Janubiyah, Dhahran 34451, Saudi Arabia",SA,Dhahran,None,null,+966 50 846 3568,"Monday 8–11:40 AM 3:40–11 PM 2025-03-31
Tuesday 8–11:40 AM 3:40–11 PM 2025-04-01
Wednesday 8–11:40 AM 3:40–11 PM 2025-04-02
Thursday 8–11:40 AM 3:40–11 PM 2025-04-03
Friday 3:40–11 PM  2025-04-04
Saturday 8–11:40 AM 3:40–11 PM 2025-04-05
Sunday 8–11:40 AM 3:40–11 PM 2025-04-06
 ",https://www.google.com/maps/place/قهوة+الشيوخ+Alshayoukh+Coffee/data=!4m5!3m4!1s0x3e49e61333136ead:0x7f5568ccf988a718!8m2!3d26.3230446!4d50.1628015?authuser=0&hl=en&rclk=1,0x3e49e61333136ead:0x7f5568ccf988a718,ChIJrW4TMxPmST4RGKeI-cxoVX8,,26.3230446,50.1628015,coffee shops,https://lh5.googleusercontent.com/p/AF1QipOi8KIik5gR1IRFoy2ADVotC6VVXnlpP9D8lRde=w408-h306-k-no,https://lh5.googleusercontent.com/p/CIHM0ogKEICAgICHqIrHzAE=w1024-h960-p-k-no,https://lh5.googleusercontent.com/p/CIHM0ogKEICAgIDyscaRHg=w1024-h960-p-k-no,null,null,SAR 40–60,,https://plus.codes/85F7+64 Dhahran Saudi Arabia,85F7+64 Dhahran Saudi Arabia,Dine-in,Monday 8–11:40 AM 3:40–11 PM 2025-03-31,Tuesday 8–11:40 AM 3:40–11 PM 2025-04-01,Wednesday 8–11:40 AM 3:40–11 PM 2025-04-02,Thursday 8–11:40 AM 3:40–11 PM 2025-04-03,Friday 3:40–11 PM  2025-04-04,Saturday 8–11:40 AM 3:40–11 PM 2025-04-05,Sunday 8–11:40 AM 3:40–11 PM 2025-04-06,0% busy at 6 AM;0% busy at 7 AM;50% busy at 8 AM;71% busy at 9 AM;71% busy at 10 AM;42% busy at 11 AM;0% busy at 12 PM;0% busy at 1 PM;0% busy at 2 PM;64% busy at 3 PM;50% busy at 4 PM;57% busy at 5 PM;50% busy at 6 PM;35% busy at 7 PM;35% busy at 8 PM;42% busy at 9 PM;28% busy at 10 PM;0% busy at 11 PM;,0% busy at 6 AM;0% busy at 7 AM;57% busy at 8 AM;50% busy at 9 AM;42% busy at 10 AM;64% busy at 11 AM;0% busy at 12 PM;0% busy at 1 PM;0% busy at 2 PM;35% busy at 3 PM;28% busy at 4 PM;42% busy at 5 PM;42% busy at 6 PM;64% busy at 7 PM;71% busy at 8 PM;64% busy at 9 PM;50% busy at 10 PM;0% busy at 11 PM;,0% busy at 6 AM;0% busy at 7 AM;57% busy at 8 AM;64% busy at 9 AM;71% busy at 10 AM;85% busy at 11 AM;0% busy at 12 PM;0% busy at 1 PM;0% busy at 2 PM;71% busy at 3 PM;64% busy at 4 PM;78% busy at 5 PM;85% busy at 6 PM;78% busy at 7 PM;42% busy at 8 PM;28% busy at 9 PM;14% busy at 10 PM;0% busy at 11 PM;,0% busy at 6 AM;0% busy at 7 AM;21% busy at 8 AM;35% busy at 9 AM;57% busy at 10 AM;100% busy at 11 AM;0% busy at 12 PM;0% busy at 1 PM;0% busy at 2 PM;28% busy at 3 PM;21% busy at 4 PM;21% busy at 5 PM;28% busy at 6 PM;21% busy at 7 PM;42% busy at 8 PM;57% busy at 9 PM;71% busy at 10 PM;0% busy at 11 PM;,0% busy at 6 AM;0% busy at 7 AM;0% busy at 8 AM;0% busy at 9 AM;0% busy at 10 AM;0% busy at 11 AM;0% busy at 12 PM;0% busy at 1 PM;0% busy at 2 PM;35% busy at 3 PM;42% busy at 4 PM;85% busy at 5 PM;92% busy at 6 PM;100% busy at 7 PM;78% busy at 8 PM;71% busy at 9 PM;50% busy at 10 PM;0% busy at 11 PM;,0% busy at 6 AM;0% busy at 7 AM;35% busy at 8 AM;57% busy at 9 AM;100% busy at 10 AM;100% busy at 11 AM;0% busy at 12 PM;0% busy at 1 PM;0% busy at 2 PM;57% busy at 3 PM;64% busy at 4 PM;64% busy at 5 PM;64% busy at 6 PM;57% busy at 7 PM;50% busy at 8 PM;28% busy at 9 PM;28% busy at 10 PM;0% busy at 11 PM;,0% busy at 6 AM;0% busy at 7 AM;35% busy at 8 AM;28% busy at 9 AM;14% busy at 10 AM;21% busy at 11 AM;0% busy at 12 PM;0% busy at 1 PM;0% busy at 2 PM;92% busy at 3 PM;78% busy at 4 PM;50% busy at 5 PM;35% busy at 6 PM;71% busy at 7 PM;78% busy at 8 PM;85% busy at 9 PM;71% busy at 10 PM;0% busy at 11 PM;
Coffee shop,Knock Ajyal - نـوك أجيـال,85,4.7,"Ajyal dist, 3705, Dhahran 34512, Saudi Arabia",SA,Dhahran,None,https://www.instagram.com/knock.saudi,null,"Monday 3–11 PM  2025-03-31
Tuesday 3–11 PM  2025-04-01
Wednesday 3–11 PM  2025-04-02
Thursday 3–11 PM  2025-04-03
Friday 3–11 PM  2025-04-04
Saturday 3–11 PM  2025-04-05
Sunday 3–11 PM  2025-04-06
 ",https://www.google.com/maps/place/Knock+Ajyal+-+نـوك+أجيـال/data=!4m5!3m4!1s0x3e49e1004cdde17d:0x6fd5c914929cd5f0!8m2!3d26.2661211!4d50.0716097?authuser=0&hl=en&rclk=1,0x3e49e1004cdde17d:0x6fd5c914929cd5f0,ChIJfeHdTADhST4R8NWckhTJ1W8,,26.2661211,50.0716097,coffee shops,https://lh5.googleusercontent.com/p/AF1QipOPPxvS7ZI63ji98jciTW-5m2VZpvCcquP55XMx=w408-h725-k-no,https://lh5.googleusercontent.com/p/AF1QipM3NdJz4ikUbR0fnhQkvBHm2GD77Bg-BNbX8064=w1024-h960-p-k-no,https://lh5.googleusercontent.com/p/AF1QipNu2PlhWcD2q7mR8GBBRlBmXh4pDlWn1iTRUvV3=w1024-h960-p-k-no,https://lh5.googleusercontent.com/p/AF1QipOjvSE4sqQbHCD6eGaTVwr5voLFmatEUVKDVsA=w1024-h960-p-k-no,null,SAR 20–40,,https://plus.codes/738C+CJ Dhahran Saudi Arabia,738C+CJ Dhahran Saudi Arabia,Delivery,Monday 3–11 PM  2025-03-31,Tuesday 3–11 PM  2025-04-01,Wednesday 3–11 PM  2025-04-02,Thursday 3–11 PM  2025-04-03,Friday 3–11 PM  2025-04-04,Saturday 3–11 PM  2025-04-05,Sunday 3–11 PM  2025-04-06,,,,,,,
Coffee shop,Cafe Britt Khobar,40,5,"Prince Faisal Bin Fahd Road, Al Khobar Al Shamalia, Al Khobar 34427, Saudi Arabia",SA,Al Khobar,None,http://cafebritt-saudi.com/,null,"Monday 3 PM–2 AM  2025-03-31
Tuesday 3 PM–2 AM  2025-04-01
Wednesday 3 PM–2 AM  2025-04-02
Thursday 3 PM–2 AM  2025-04-03
Friday 3 PM–2 AM  2025-04-04
Saturday 3 PM–2 AM  2025-04-05
Sunday 3 PM–2 AM  2025-04-06
 ",https://www.google.com/maps/place/Cafe+Britt+Khobar/data=!4m5!3m4!1s0x3e49e959465dd901:0x5a333fbc30cda588!8m2!3d26.3021324!4d50.2108393?authuser=0&hl=en&rclk=1,0x3e49e959465dd901:0x5a333fbc30cda588,ChIJAdldRlnpST4RiKXNMLw_M1o,,26.3021324,50.2108393,cafes,https://lh5.googleusercontent.com/p/AF1QipO7x4qkE9NPZsunointSeUjCLXmWbnIfnnd6uAc=w408-h271-k-no,https://lh5.googleusercontent.com/p/AF1QipOS3mZ5HhOzEomvYmFU3jMtIURCxc7rAcQHMU32=w1024-h960-p-k-no,https://lh5.googleusercontent.com/p/AF1QipOYQigqgeEd7kl5vGKVly6Xc1x7Zcmi33Ab6eW6=w1024-h960-p-k-no,https://lh5.googleusercontent.com/p/AF1QipOf7aP-FqTfxt0qT57knQzH31QJDR360YtYyUEN=w1024-h960-p-k-no,null,None,,https://plus.codes/8626+V8 Al Khobar Saudi Arabia,8626+V8 Al Khobar Saudi Arabia,No-contact delivery,Monday 3 PM–2 AM  2025-03-31,Tuesday 3 PM–2 AM  2025-04-01,Wednesday 3 PM–2 AM  2025-04-02,Thursday 3 PM–2 AM  2025-04-03,Friday 3 PM–2 AM  2025-04-04,Saturday 3 PM–2 AM  2025-04-05,Sunday 3 PM–2 AM  2025-04-06,0% busy at 6 AM;0% busy at 7 AM;0% busy at 8 AM;0% busy at 9 AM;0% busy at 10 AM;0% busy at 11 AM;0% busy at 12 PM;0% busy at 1 PM;0% busy at 2 PM;35% busy at 3 PM;41% busy at 4 PM;35% busy at 5 PM;17% busy at 6 PM;5% busy at 7 PM;5% busy at 8 PM;17% busy at 9 PM;47% busy at 10 PM;0% busy at 11 PM;0% busy at 12 AM;0% busy at 1 AM;,0% busy at 6 AM;0% busy at 7 AM;0% busy at 8 AM;0% busy at 9 AM;0% busy at 10 AM;0% busy at 11 AM;0% busy at 12 PM;0% busy at 1 PM;0% busy at 2 PM;5% busy at 3 PM;0% busy at 4 PM;5% busy at 5 PM;11% busy at 6 PM;35% busy at 7 PM;47% busy at 8 PM;41% busy at 9 PM;35% busy at 10 PM;0% busy at 11 PM;0% busy at 12 AM;0% busy at 1 AM;,0% busy at 6 AM;0% busy at 7 AM;0% busy at 8 AM;0% busy at 9 AM;0% busy at 10 AM;0% busy at 11 AM;0% busy at 12 PM;0% busy at 1 PM;0% busy at 2 PM;58% busy at 3 PM;58% busy at 4 PM;58% busy at 5 PM;58% busy at 6 PM;58% busy at 7 PM;52% busy at 8 PM;58% busy at 9 PM;52% busy at 10 PM;0% busy at 11 PM;0% busy at 12 AM;0% busy at 1 AM;,0% busy at 6 AM;0% busy at 7 AM;0% busy at 8 AM;0% busy at 9 AM;0% busy at 10 AM;0% busy at 11 AM;0% busy at 12 PM;0% busy at 1 PM;0% busy at 2 PM;58% busy at 3 PM;41% busy at 4 PM;41% busy at 5 PM;58% busy at 6 PM;64% busy at 7 PM;70% busy at 8 PM;52% busy at 9 PM;35% busy at 10 PM;0% busy at 11 PM;0% busy at 12 AM;0% busy at 1 AM;,0% busy at 6 AM;0% busy at 7 AM;0% busy at 8 AM;0% busy at 9 AM;0% busy at 10 AM;0% busy at 11 AM;0% busy at 12 PM;0% busy at 1 PM;0% busy at 2 PM;47% busy at 3 PM;47% busy at 4 PM;58% busy at 5 PM;76% busy at 6 PM;100% busy at 7 PM;70% busy at 8 PM;41% busy at 9 PM;23% busy at 10 PM;0% busy at 11 PM;0% busy at 12 AM;0% busy at 1 AM;,0% busy at 6 AM;0% busy at 7 AM;0% busy at 8 AM;0% busy at 9 AM;0% busy at 10 AM;0% busy at 11 AM;0% busy at 12 PM;0% busy at 1 PM;0% busy at 2 PM;23% busy at 3 PM;23% busy at 4 PM;29% busy at 5 PM;29% busy at 6 PM;35% busy at 7 PM;47% busy at 8 PM;41% busy at 9 PM;35% busy at 10 PM;0% busy at 11 PM;0% busy at 12 AM;0% busy at 1 AM;,0% busy at 6 AM;0% busy at 7 AM;0% busy at 8 AM;0% busy at 9 AM;0% busy at 10 AM;0% busy at 11 AM;0% busy at 12 PM;0% busy at 1 PM;0% busy at 2 PM;35% busy at 3 PM;23% busy at 4 PM;23% busy at 5 PM;23% busy at 6 PM;23% busy at 7 PM;29% busy at 8 PM;29% busy at 9 PM;17% busy at 10 PM;0% busy at 11 PM;0% busy at 12 AM;0% busy at 1 AM;
Coffee shop,BON Coffee Shop,3,3.7,"76V9+5P5 Sultan square, Prince Turkey Street, Al Khobar Al Shamalia, Al Khobar 34425, Saudi Arabia",SA,Al Khobar,None,null,null,"Monday 4 PM–12 AM  2025-03-31
Tuesday 4 PM–12 AM  2025-04-01
Wednesday 4 PM–12 AM  2025-04-02
Thursday 4 PM–12 AM  2025-04-03
Friday 4 PM–12 AM  2025-04-04
Saturday 4 PM–12 AM  2025-04-05
Sunday 4 PM–12 AM  2025-04-06
 ",https://www.google.com/maps/place/BON+Coffee+Shop/data=!4m5!3m4!1s0x3e49e9e3e8e209ef:0xb42164e1832d6887!8m2!3d26.2928956!4d50.219357?authuser=0&hl=en&rclk=1,0x3e49e9e3e8e209ef:0xb42164e1832d6887,ChIJ7wni6OPpST4Rh2gtg-FkIbQ,,26.2928956,50.219357,coffee shops,null,null,null,null,null,None,,null,null,Delivery,Monday 4 PM–12 AM  2025-03-31,Tuesday 4 PM–12 AM  2025-04-01,Wednesday 4 PM–12 AM  2025-04-02,Thursday 4 PM–12 AM  2025-04-03,Friday 4 PM–12 AM  2025-04-04,Saturday 4 PM–12 AM  2025-04-05,Sunday 4 PM–12 AM  2025-04-06,,,,,,,
Coffee shop,HDEN هيدن,315,3.9,"Ibn Jabr St, Al Bandariyah, Al Khobar 31414, Saudi Arabia",SA,Al Khobar,None,https://www.instagram.com/hden.sa?igsh=MXF4eG9pc2U3cWdmdA==,+966 50 046 5026,"Monday 6:30 PM–1:30 AM  2025-03-31
Tuesday 6:30 PM–1:30 AM  2025-04-01
Wednesday 6:30 PM–1:30 AM  2025-04-02
Thursday 6:30 PM–1:30 AM  2025-04-03
Friday 6:30 PM–1:30 AM  2025-04-04
Saturday 6:30 PM–1:30 AM  2025-04-05
Sunday 6:30 PM–1:30 AM  2025-04-06
 ",https://www.google.com/maps/place/HDEN+هيدن/data=!4m5!3m4!1s0x3e49e9d627bb3793:0xeb0ddc04ab6066a0!8m2!3d26.3027578!4d50.2148825?authuser=0&hl=en&rclk=1,0x3e49e9d627bb3793:0xeb0ddc04ab6066a0,ChIJkze7J9bpST4RoGZgqwTcDes,,26.3027578,50.2148825,coffee shops,https://lh5.googleusercontent.com/p/AF1QipP4vrGMIiWPq0wkO8ZPEzSXx-QI3OjND8BF-yMi=w408-h725-k-no,https://lh5.googleusercontent.com/p/AF1QipMrlWlHVan_Qam1aJgCxCOlO1gMmvU53_7j27pq=w1024-h960-p-k-no,https://lh5.googleusercontent.com/p/AF1QipP4vrGMIiWPq0wkO8ZPEzSXx-QI3OjND8BF-yMi=w1024-h960-p-k-no,https://lh5.googleusercontent.com/p/AF1QipNufTt2f9R5YMr5RJBc9ZC40kCTrmzl0ki9DDZK=w1024-h960-p-k-no,null,SAR 20–40,,https://plus.codes/8637+4X Al Khobar Saudi Arabia,8637+4X Al Khobar Saudi Arabia,Takeout,Monday 6:30 PM–1:30 AM  2025-03-31,Tuesday 6:30 PM–1:30 AM  2025-04-01,Wednesday 6:30 PM–1:30 AM  2025-04-02,Thursday 6:30 PM–1:30 AM  2025-04-03,Friday 6:30 PM–1:30 AM  2025-04-04,Saturday 6:30 PM–1:30 AM  2025-04-05,Sunday 6:30 PM–1:30 AM  2025-04-06,,,,,,,
Coffee shop,Siplay play cafe,276,4.1,"Oais alqarni, Ash Shulah, Dammam 34262, Saudi Arabia",SA,Dammam,None,https://www.instagram.com/siplay.sa?igsh=MTlkdjRzMmZzZjA0OQ==,+966 53 668 3376,"Monday Closed  2025-03-31
Tuesday 7 PM–1 AM  2025-04-01
Wednesday 7 PM–1 AM  2025-04-02
Thursday 7 PM–1 AM  2025-04-03
Friday 7 PM–1 AM  2025-04-04
Saturday 7 PM–1 AM  2025-04-05
Sunday Closed  2025-04-06
 ",https://www.google.com/maps/place/Siplay+play+cafe/data=!4m5!3m4!1s0x3e49e31dcc9334a3:0x80dbdff09d56e7da!8m2!3d26.3510711!4d50.0940848?authuser=0&hl=en&rclk=1,0x3e49e31dcc9334a3:0x80dbdff09d56e7da,ChIJozSTzB3jST4R2udWnfDf24A,,26.3510711,50.0940848,coffee shops,https://lh5.googleusercontent.com/p/AF1QipOmmFLSyNus2_mOWbSHOOG6tq-b999NKEMlDZ2Y=w408-h544-k-no,https://lh5.googleusercontent.com/p/AF1QipPs2I2Ll90mHv7FQzHDTy1mMX4hNO4CwfMJGjvs=w1024-h960-p-k-no,https://lh5.googleusercontent.com/p/AF1QipNJlM77qrDV76_qaBZ07hMhzZlREViSGbnItXav=w1024-h960-p-k-no,https://lh5.googleusercontent.com/p/AF1QipPXpL9Ukz46QnrLDtXG9lfCyIZdrakexb1G7O_z=w1024-h960-p-k-no,null,SAR 20–40,,https://plus.codes/932V+CJ Dammam Saudi Arabia,932V+CJ Dammam Saudi Arabia,No-contact delivery,Monday Closed  2025-03-31,Tuesday 7 PM–1 AM  2025-04-01,Wednesday 7 PM–1 AM  2025-04-02,Thursday 7 PM–1 AM  2025-04-03,Friday 7 PM–1 AM  2025-04-04,Saturday 7 PM–1 AM  2025-04-05,Sunday Closed  2025-04-06,,,,,,,
Coffee shop,Al Zawiya Al Shobeya Coffee Shop,33,4,"75HM+7J7, 10th St, Al-Thuqbah, Al Khobar 34623, Saudi Arabia",SA,Al Khobar,None,null,null,"Monday 9 AM–12 PM 3:30–11:30 PM 2025-03-31
Tuesday 9 AM–12 PM 3:30–11:30 PM 2025-04-01
Wednesday 9 AM–12 PM 3:30–11:30 PM 2025-04-02
Thursday 9 AM–12 PM 3:30–11:30 PM 2025-04-03
Friday 3:30–11:30 PM  2025-04-04
Saturday 9 AM–12 PM 3:30–11:30 PM 2025-04-05
Sunday 9 AM–12 PM 3:30–11:30 PM 2025-04-06
 ",https://www.google.com/maps/place/Al+Zawiya+Al+Shobeya+Coffee+Shop/data=!4m5!3m4!1s0x3e49e809e8dc9351:0xd8aa041fef7add4c!8m2!3d26.2781563!4d50.184041?authuser=0&hl=en&rclk=1,0x3e49e809e8dc9351:0xd8aa041fef7add4c,ChIJUZPc6AnoST4RTN167x8Eqtg,,26.2781563,50.184041,coffee shops,https://lh5.googleusercontent.com/p/AF1QipOQD3b0Imjh0PD4EVPGnDN68h4lJjWF0TPxPEIa=w408-h306-k-no,https://lh5.googleusercontent.com/p/AF1QipOQD3b0Imjh0PD4EVPGnDN68h4lJjWF0TPxPEIa=w1024-h960-p-k-no,https://lh5.googleusercontent.com/p/AF1QipMjVBMcVZL_0d_XiAsHmzYyMua0qrdxYsBlt6k7=w1024-h960-p-k-no,https://lh5.googleusercontent.com/p/AF1QipNzzSpfMgZv0marBMAW4xmJ_RJZ4UMwu9GfmoEh=w1024-h960-p-k-no,null,None,,null,null,Delivery,Monday 9 AM–12 PM 3:30–11:30 PM 2025-03-31,Tuesday 9 AM–12 PM 3:30–11:30 PM 2025-04-01,Wednesday 9 AM–12 PM 3:30–11:30 PM 2025-04-02,Thursday 9 AM–12 PM 3:30–11:30 PM 2025-04-03,Friday 3:30–11:30 PM  2025-04-04,Saturday 9 AM–12 PM 3:30–11:30 PM 2025-04-05,Sunday 9 AM–12 PM 3:30–11:30 PM 2025-04-06,0% busy at 6 AM;0% busy at 7 AM;0% busy at 8 AM;63% busy at 9 AM;77% busy at 10 AM;63% busy at 11 AM;0% busy at 12 PM;0% busy at 1 PM;0% busy at 2 PM;40% busy at 3 PM;50% busy at 4 PM;59% busy at 5 PM;68% busy at 6 PM;81% busy at 7 PM;95% busy at 8 PM;81% busy at 9 PM;68% busy at 10 PM;50% busy at 11 PM;,0% busy at 6 AM;0% busy at 7 AM;0% busy at 8 AM;31% busy at 9 AM;31% busy at 10 AM;45% busy at 11 AM;0% busy at 12 PM;0% busy at 1 PM;0% busy at 2 PM;54% busy at 3 PM;72% busy at 4 PM;81% busy at 5 PM;72% busy at 6 PM;68% busy at 7 PM;59% busy at 8 PM;50% busy at 9 PM;50% busy at 10 PM;50% busy at 11 PM;,0% busy at 6 AM;0% busy at 7 AM;0% busy at 8 AM;45% busy at 9 AM;36% busy at 10 AM;31% busy at 11 AM;0% busy at 12 PM;0% busy at 1 PM;0% busy at 2 PM;50% busy at 3 PM;40% busy at 4 PM;36% busy at 5 PM;45% busy at 6 PM;68% busy at 7 PM;86% busy at 8 PM;100% busy at 9 PM;90% busy at 10 PM;72% busy at 11 PM;,0% busy at 6 AM;0% busy at 7 AM;0% busy at 8 AM;31% busy at 9 AM;50% busy at 10 AM;50% busy at 11 AM;0% busy at 12 PM;0% busy at 1 PM;0% busy at 2 PM;45% busy at 3 PM;40% busy at 4 PM;50% busy at 5 PM;63% busy at 6 PM;72% busy at 7 PM;68% busy at 8 PM;68% busy at 9 PM;68% busy at 10 PM;50% busy at 11 PM;,0% busy at 6 AM;0% busy at 7 AM;0% busy at 8 AM;0% busy at 9 AM;0% busy at 10 AM;0% busy at 11 AM;0% busy at 12 PM;0% busy at 1 PM;0% busy at 2 PM;54% busy at 3 PM;59% busy at 4 PM;63% busy at 5 PM;72% busy at 6 PM;68% busy at 7 PM;59% busy at 8 PM;50% busy at 9 PM;45% busy at 10 PM;45% busy at 11 PM;,0% busy at 6 AM;0% busy at 7 AM;0% busy at 8 AM;36% busy at 9 AM;40% busy at 10 AM;31% busy at 11 AM;0% busy at 12 PM;0% busy at 1 PM;0% busy at 2 PM;45% busy at 3 PM;54% busy at 4 PM;81% busy at 5 PM;86% busy at 6 PM;81% busy at 7 PM;54% busy at 8 PM;45% busy at 9 PM;50% busy at 10 PM;50% busy at 11 PM;,0% busy at 6 AM;0% busy at 7 AM;0% busy at 8 AM;27% busy at 9 AM;22% busy at 10 AM;22% busy at 11 AM;0% busy at 12 PM;0% busy at 1 PM;0% busy at 2 PM;22% busy at 3 PM;45% busy at 4 PM;40% busy at 5 PM;59% busy at 6 PM;40% busy at 7 PM;40% busy at 8 PM;22% busy at 9 PM;40% busy at 10 PM;40% busy at 11 PM;
Coffee shop,Clarity,74,4,"2954 Musa Ibn Nussair St, Al Rakah Al Janubiyah, Al Khobar 34227, Saudi Arabia",SA,Al Khobar,None,null,+966 50 154 5293,"Monday 8 AM–11 PM  2025-03-31
Tuesday 8 AM–11 PM  2025-04-01
Wednesday 8 AM–11 PM  2025-04-02
Thursday 8 AM–11 PM  2025-04-03
Friday 8 AM–11 PM  2025-04-04
Saturday 8 AM–11 PM  2025-04-05
Sunday 8 AM–11 PM  2025-04-06
 ",https://www.google.com/maps/place/Clarity/data=!4m5!3m4!1s0x3e49e94c7bdf28b9:0x56e1c3f6b89c8d93!8m2!3d26.3437294!4d50.2033248?authuser=0&hl=en&rclk=1,0x3e49e94c7bdf28b9:0x56e1c3f6b89c8d93,ChIJuSjfe0zpST4Rk42cuPbD4VY,,26.3437294,50.2033248,restaurants,https://lh5.googleusercontent.com/p/AF1QipNjoA5KNiU9aWHuCkR7GHMxbcwfIyDTcDeD45d_=w408-h306-k-no,https://lh5.googleusercontent.com/p/AF1QipNQBPza1JttrOpXyBOTHVTYPXIKeAJAcZ9VG4f_=w1024-h960-p-k-no,https://lh5.googleusercontent.com/p/AF1QipNtAdelHJdJhjl_riBpeqnL4gk9XSqFAutz7kGL=w1024-h960-p-k-no,https://lh5.googleusercontent.com/p/AF1QipN9Gn3jZevWb9hOImYMX9QyVWPUV8wpwAhVmcOp=w1024-h960-p-k-no,null,SAR 20–40,,https://plus.codes/86V3+F8 Al Khobar Saudi Arabia,86V3+F8 Al Khobar Saudi Arabia,Curbside pickup,Monday 8 AM–11 PM  2025-03-31,Tuesday 8 AM–11 PM  2025-04-01,Wednesday 8 AM–11 PM  2025-04-02,Thursday 8 AM–11 PM  2025-04-03,Friday 8 AM–11 PM  2025-04-04,Saturday 8 AM–11 PM  2025-04-05,Sunday 8 AM–11 PM  2025-04-06,0% busy at 6 AM;0% busy at 7 AM;38% busy at 8 AM;15% busy at 9 AM;7% busy at 10 AM;7% busy at 11 AM;30% busy at 12 PM;38% busy at 1 PM;76% busy at 2 PM;84% busy at 3 PM;76% busy at 4 PM;53% busy at 5 PM;46% busy at 6 PM;38% busy at 7 PM;23% busy at 8 PM;15% busy at 9 PM;7% busy at 10 PM;0% busy at 11 PM;,0% busy at 6 AM;0% busy at 7 AM;100% busy at 8 AM;100% busy at 9 AM;46% busy at 10 AM;15% busy at 11 AM;0% busy at 12 PM;15% busy at 1 PM;23% busy at 2 PM;38% busy at 3 PM;46% busy at 4 PM;30% busy at 5 PM;23% busy at 6 PM;15% busy at 7 PM;30% busy at 8 PM;46% busy at 9 PM;61% busy at 10 PM;0% busy at 11 PM;,0% busy at 6 AM;0% busy at 7 AM;53% busy at 8 AM;38% busy at 9 AM;61% busy at 10 AM;53% busy at 11 AM;53% busy at 12 PM;84% busy at 1 PM;53% busy at 2 PM;23% busy at 3 PM;15% busy at 4 PM;38% busy at 5 PM;92% busy at 6 PM;53% busy at 7 PM;23% busy at 8 PM;0% busy at 9 PM;7% busy at 10 PM;0% busy at 11 PM;,0% busy at 6 AM;0% busy at 7 AM;23% busy at 8 AM;15% busy at 9 AM;15% busy at 10 AM;23% busy at 11 AM;15% busy at 12 PM;7% busy at 1 PM;7% busy at 2 PM;15% busy at 3 PM;23% busy at 4 PM;23% busy at 5 PM;38% busy at 6 PM;61% busy at 7 PM;69% busy at 8 PM;53% busy at 9 PM;61% busy at 10 PM;0% busy at 11 PM;,0% busy at 6 AM;0% busy at 7 AM;23% busy at 8 AM;38% busy at 9 AM;38% busy at 10 AM;46% busy at 11 AM;38% busy at 12 PM;30% busy at 1 PM;38% busy at 2 PM;38% busy at 3 PM;30% busy at 4 PM;15% busy at 5 PM;30% busy at 6 PM;30% busy at 7 PM;53% busy at 8 PM;61% busy at 9 PM;76% busy at 10 PM;0% busy at 11 PM;,0% busy at 6 AM;0% busy at 7 AM;46% busy at 8 AM;30% busy at 9 AM;23% busy at 10 AM;15% busy at 11 AM;23% busy at 12 PM;23% busy at 1 PM;53% busy at 2 PM;38% busy at 3 PM;15% busy at 4 PM;7% busy at 5 PM;23% busy at 6 PM;30% busy at 7 PM;53% busy at 8 PM;30% busy at 9 PM;15% busy at 10 PM;0% busy at 11 PM;,0% busy at 6 AM;0% busy at 7 AM;76% busy at 8 AM;84% busy at 9 AM;100% busy at 10 AM;100% busy at 11 AM;100% busy at 12 PM;69% busy at 1 PM;84% busy at 2 PM;76% busy at 3 PM;61% busy at 4 PM;23% busy at 5 PM;7% busy at 6 PM;23% busy at 7 PM;38% busy at 8 PM;61% busy at 9 PM;53% busy at 10 PM;0% busy at 11 PM;
Coffee shop,CH.1 specialty coffee,484,4.1,"Dhahran Jubail Branch Rd, Ash Shulah, Dammam 34261, Saudi Arabia",SA,Dammam,None,https://www.instagram.com/ch1coffee,null,"Monday 7 PM–3 AM  2025-03-31
Tuesday 7 PM–3 AM  2025-04-01
Wednesday 7 PM–3 AM  2025-04-02
Thursday 7 PM–3 AM  2025-04-03
Friday 7 PM–3 AM  2025-04-04
Saturday 7 PM–3 AM  2025-04-05
Sunday 7 PM–3 AM  2025-04-06
 ",https://www.google.com/maps/place/CH.1+specialty+coffee/data=!4m5!3m4!1s0x3e49e3a69bc1965f:0xb002a553792be738!8m2!3d26.3666993!4d50.0938263?authuser=0&hl=en&rclk=1,0x3e49e3a69bc1965f:0xb002a553792be738,ChIJX5bBm6bjST4ROOcreVOlArA,,26.3666993,50.0938263,coffee shops,https://lh5.googleusercontent.com/p/AF1QipNCSltgEGvvOPjsB4g3DQCv5YcfWCQEnB5voLeU=w426-h240-k-no,https://lh5.googleusercontent.com/p/AF1QipPYkqlsgG3ZWrcc27vfpNKGEVp0t7v8_OEvXkgx=w1024-h960-p-k-no,https://lh5.googleusercontent.com/p/AF1QipNVpCLFzVNutY7kQX6k_eor1bx0C_g6N-DqOucP=w1024-h960-p-k-no,https://lh5.googleusercontent.com/p/AF1QipMWzMRzFwIbqv3YWr9phLMTgd5y8E6I3T4-TpC5=w1024-h960-p-k-no,null,SAR 20–40,,https://plus.codes/938V+MG Dammam Saudi Arabia,938V+MG Dammam Saudi Arabia,Delivery,Monday 7 PM–3 AM  2025-03-31,Tuesday 7 PM–3 AM  2025-04-01,Wednesday 7 PM–3 AM  2025-04-02,Thursday 7 PM–3 AM  2025-04-03,Friday 7 PM–3 AM  2025-04-04,Saturday 7 PM–3 AM  2025-04-05,Sunday 7 PM–3 AM  2025-04-06,0% busy at 6 AM;0% busy at 7 AM;0% busy at 8 AM;0% busy at 9 AM;0% busy at 10 AM;0% busy at 11 AM;0% busy at 12 PM;0% busy at 1 PM;0% busy at 2 PM;0% busy at 3 PM;0% busy at 4 PM;0% busy at 5 PM;0% busy at 6 PM;25% busy at 7 PM;31% busy at 8 PM;31% busy at 9 PM;37% busy at 10 PM;25% busy at 11 PM;0% busy at 12 AM;0% busy at 1 AM;0% busy at 2 AM;,0% busy at 6 AM;0% busy at 7 AM;0% busy at 8 AM;0% busy at 9 AM;0% busy at 10 AM;0% busy at 11 AM;0% busy at 12 PM;0% busy at 1 PM;0% busy at 2 PM;0% busy at 3 PM;0% busy at 4 PM;0% busy at 5 PM;0% busy at 6 PM;37% busy at 7 PM;31% busy at 8 PM;37% busy at 9 PM;31% busy at 10 PM;31% busy at 11 PM;0% busy at 12 AM;0% busy at 1 AM;0% busy at 2 AM;,0% busy at 6 AM;0% busy at 7 AM;0% busy at 8 AM;0% busy at 9 AM;0% busy at 10 AM;0% busy at 11 AM;0% busy at 12 PM;0% busy at 1 PM;0% busy at 2 PM;0% busy at 3 PM;0% busy at 4 PM;0% busy at 5 PM;0% busy at 6 PM;62% busy at 7 PM;56% busy at 8 PM;37% busy at 9 PM;50% busy at 10 PM;68% busy at 11 PM;0% busy at 12 AM;0% busy at 1 AM;0% busy at 2 AM;,0% busy at 6 AM;0% busy at 7 AM;0% busy at 8 AM;0% busy at 9 AM;0% busy at 10 AM;0% busy at 11 AM;0% busy at 12 PM;0% busy at 1 PM;0% busy at 2 PM;0% busy at 3 PM;0% busy at 4 PM;0% busy at 5 PM;0% busy at 6 PM;50% busy at 7 PM;31% busy at 8 PM;37% busy at 9 PM;56% busy at 10 PM;68% busy at 11 PM;43% busy at 12 AM;0% busy at 1 AM;0% busy at 2 AM;,0% busy at 6 AM;0% busy at 7 AM;0% busy at 8 AM;0% busy at 9 AM;0% busy at 10 AM;0% busy at 11 AM;0% busy at 12 PM;0% busy at 1 PM;0% busy at 2 PM;0% busy at 3 PM;0% busy at 4 PM;0% busy at 5 PM;0% busy at 6 PM;37% busy at 7 PM;31% busy at 8 PM;18% busy at 9 PM;31% busy at 10 PM;31% busy at 11 PM;25% busy at 12 AM;0% busy at 1 AM;0% busy at 2 AM;,0% busy at 6 AM;0% busy at 7 AM;0% busy at 8 AM;0% busy at 9 AM;0% busy at 10 AM;0% busy at 11 AM;0% busy at 12 PM;0% busy at 1 PM;0% busy at 2 PM;0% busy at 3 PM;0% busy at 4 PM;0% busy at 5 PM;0% busy at 6 PM;31% busy at 7 PM;18% busy at 8 PM;25% busy at 9 PM;25% busy at 10 PM;25% busy at 11 PM;0% busy at 12 AM;0% busy at 1 AM;0% busy at 2 AM;,0% busy at 6 AM;0% busy at 7 AM;0% busy at 8 AM;0% busy at 9 AM;0% busy at 10 AM;0% busy at 11 AM;0% busy at 12 PM;0% busy at 1 PM;0% busy at 2 PM;0% busy at 3 PM;0% busy at 4 PM;0% busy at 5 PM;0% busy at 6 PM;62% busy at 7 PM;81% busy at 8 PM;93% busy at 9 PM;87% busy at 10 PM;50% busy at 11 PM;0% busy at 12 AM;0% busy at 1 AM;0% busy at 2 AM;
Coffee shop,Khobar oasis Shisha & Coffee,181,3.8,"King Faisal Ibn Abd Al Aziz, Al Sadafah, Al Khobar 34216, Saudi Arabia",SA,Al Khobar,None,null,+966 50 094 1860,"Monday 9 AM–2 AM  2025-03-31
Tuesday 9 AM–2 AM  2025-04-01
Wednesday 9 AM–2 AM  2025-04-02
Thursday 9 AM–2 AM  2025-04-03
Friday 2 PM–2 AM  2025-04-04
Saturday 9 AM–2 AM  2025-04-05
Sunday 9 AM–2 AM  2025-04-06
 ",https://www.google.com/maps/place/Khobar+oasis+Shisha+&+Coffee/data=!4m5!3m4!1s0x3e49ef5e7fc98bf9:0xd21533b9a6e73953!8m2!3d26.3667147!4d50.2070374?authuser=0&hl=en&rclk=1,0x3e49ef5e7fc98bf9:0xd21533b9a6e73953,ChIJ-YvJf17vST4RUznnprkzFdI,,26.3667147,50.2070374,coffee shops,https://lh5.googleusercontent.com/p/AF1QipPnCtugqDIds0Gor7F6unkEk8S8zOClE2RGhVvC=w408-h544-k-no,https://lh5.googleusercontent.com/p/AF1QipPnCtugqDIds0Gor7F6unkEk8S8zOClE2RGhVvC=w1024-h960-p-k-no,https://lh5.googleusercontent.com/p/CIHM0ogKEICAgIDGwYymWA=w1024-h960-p-k-no,https://lh5.googleusercontent.com/p/CIHM0ogKEICAgICpo-2p9QE=w1024-h960-p-k-no,null,None,,https://plus.codes/9684+MR Al Khobar Saudi Arabia,9684+MR Al Khobar Saudi Arabia,Delivery,Monday 9 AM–2 AM  2025-03-31,Tuesday 9 AM–2 AM  2025-04-01,Wednesday 9 AM–2 AM  2025-04-02,Thursday 9 AM–2 AM  2025-04-03,Friday 2 PM–2 AM  2025-04-04,Saturday 9 AM–2 AM  2025-04-05,Sunday 9 AM–2 AM  2025-04-06,0% busy at 6 AM;0% busy at 7 AM;0% busy at 8 AM;30% busy at 9 AM;26% busy at 10 AM;21% busy at 11 AM;23% busy at 12 PM;26% busy at 1 PM;26% busy at 2 PM;26% busy at 3 PM;26% busy at 4 PM;19% busy at 5 PM;19% busy at 6 PM;21% busy at 7 PM;38% busy at 8 PM;71% busy at 9 PM;85% busy at 10 PM;73% busy at 11 PM;50% busy at 12 AM;30% busy at 1 AM;,0% busy at 6 AM;0% busy at 7 AM;0% busy at 8 AM;16% busy at 9 AM;11% busy at 10 AM;11% busy at 11 AM;11% busy at 12 PM;21% busy at 1 PM;26% busy at 2 PM;21% busy at 3 PM;16% busy at 4 PM;14% busy at 5 PM;11% busy at 6 PM;26% busy at 7 PM;35% busy at 8 PM;42% busy at 9 PM;42% busy at 10 PM;40% busy at 11 PM;35% busy at 12 AM;30% busy at 1 AM;,0% busy at 6 AM;0% busy at 7 AM;0% busy at 8 AM;11% busy at 9 AM;11% busy at 10 AM;16% busy at 11 AM;28% busy at 12 PM;28% busy at 1 PM;30% busy at 2 PM;28% busy at 3 PM;26% busy at 4 PM;19% busy at 5 PM;14% busy at 6 PM;16% busy at 7 PM;26% busy at 8 PM;40% busy at 9 PM;52% busy at 10 PM;54% busy at 11 PM;38% busy at 12 AM;26% busy at 1 AM;,0% busy at 6 AM;0% busy at 7 AM;0% busy at 8 AM;16% busy at 9 AM;23% busy at 10 AM;33% busy at 11 AM;35% busy at 12 PM;30% busy at 1 PM;30% busy at 2 PM;26% busy at 3 PM;30% busy at 4 PM;23% busy at 5 PM;23% busy at 6 PM;26% busy at 7 PM;45% busy at 8 PM;61% busy at 9 PM;85% busy at 10 PM;100% busy at 11 PM;85% busy at 12 AM;54% busy at 1 AM;,0% busy at 6 AM;0% busy at 7 AM;0% busy at 8 AM;0% busy at 9 AM;0% busy at 10 AM;0% busy at 11 AM;0% busy at 12 PM;0% busy at 1 PM;23% busy at 2 PM;26% busy at 3 PM;23% busy at 4 PM;28% busy at 5 PM;30% busy at 6 PM;35% busy at 7 PM;38% busy at 8 PM;45% busy at 9 PM;59% busy at 10 PM;69% busy at 11 PM;54% busy at 12 AM;30% busy at 1 AM;,0% busy at 6 AM;0% busy at 7 AM;0% busy at 8 AM;14% busy at 9 AM;19% busy at 10 AM;33% busy at 11 AM;33% busy at 12 PM;33% busy at 1 PM;14% busy at 2 PM;14% busy at 3 PM;16% busy at 4 PM;21% busy at 5 PM;26% busy at 6 PM;30% busy at 7 PM;35% busy at 8 PM;50% busy at 9 PM;47% busy at 10 PM;61% busy at 11 PM;54% busy at 12 AM;35% busy at 1 AM;,0% busy at 6 AM;0% busy at 7 AM;0% busy at 8 AM;21% busy at 9 AM;19% busy at 10 AM;28% busy at 11 AM;21% busy at 12 PM;30% busy at 1 PM;23% busy at 2 PM;16% busy at 3 PM;9% busy at 4 PM;16% busy at 5 PM;21% busy at 6 PM;40% busy at 7 PM;52% busy at 8 PM;73% busy at 9 PM;73% busy at 10 PM;61% busy at 11 PM;47% busy at 12 AM;40% busy at 1 AM;
Coffee shop,قهوة عُمق 2.3 - UMQ Coffee 2.3,631,4.5,"شارع قطب الدين الشافعي, الشعلة, Dammam 34273, Saudi Arabia",SA,Dammam,None,http://umqcoffee.com/,+966 53 331 8015,"Monday 4 PM–2 AM  2025-03-31
Tuesday 4 PM–2 AM  2025-04-01
Wednesday 4 PM–2 AM  2025-04-02
Thursday 4 PM–2 AM  2025-04-03
Friday 4 PM–2 AM  2025-04-04
Saturday 4 PM–2 AM  2025-04-05
Sunday 7–11 AM 4 PM–2 AM 2025-04-06
 ",https://www.google.com/maps/place/قهوة+عُمق+2.3+-+UMQ+Coffee+2.3/data=!4m5!3m4!1s0x3e49e3805dbbd1a3:0xc6f67e85fb8579c4!8m2!3d26.3481166!4d50.0493833?authuser=0&hl=en&rclk=1,0x3e49e3805dbbd1a3:0xc6f67e85fb8579c4,ChIJo9G7XYDjST4RxHmF-4V-9sY,,26.3481166,50.0493833,Coffee roasters,https://lh5.googleusercontent.com/p/AF1QipN68AebiCYTuYmUQgT_hTlEDAZ_rwIn5YRCOcYJ=w408-h544-k-no,https://lh5.googleusercontent.com/p/AF1QipNQpKannndaQhaAL1XTfq2dIe59DPbSTEzbiLyU=w1024-h960-p-k-no,https://lh5.googleusercontent.com/p/AF1QipPtbIJAmDONCM82jAzPmBHxlokSDjJXbgyklRb-=w1024-h960-p-k-no,https://lh5.googleusercontent.com/p/AF1QipMgr_J_JlLipTkFMsqnXBp2gET04FNO2-B_WogZ=w1024-h960-p-k-no,null,SAR 1–20,,https://plus.codes/82XX+6Q Dammam Saudi Arabia,82XX+6Q Dammam Saudi Arabia,null,Monday 4 PM–2 AM  2025-03-31,Tuesday 4 PM–2 AM  2025-04-01,Wednesday 4 PM–2 AM  2025-04-02,Thursday 4 PM–2 AM  2025-04-03,Friday 4 PM–2 AM  2025-04-04,Saturday 4 PM–2 AM  2025-04-05,Sunday 7–11 AM 4 PM–2 AM 2025-04-06,0% busy at 6 AM;0% busy at 7 AM;0% busy at 8 AM;0% busy at 9 AM;0% busy at 10 AM;0% busy at 11 AM;0% busy at 12 PM;0% busy at 1 PM;0% busy at 2 PM;0% busy at 3 PM;69% busy at 4 PM;75% busy at 5 PM;81% busy at 6 PM;89% busy at 7 PM;85% busy at 8 PM;75% busy at 9 PM;63% busy at 10 PM;47% busy at 11 PM;29% busy at 12 AM;18% busy at 1 AM;,0% busy at 6 AM;0% busy at 7 AM;0% busy at 8 AM;0% busy at 9 AM;0% busy at 10 AM;0% busy at 11 AM;0% busy at 12 PM;0% busy at 1 PM;0% busy at 2 PM;0% busy at 3 PM;74% busy at 4 PM;76% busy at 5 PM;81% busy at 6 PM;83% busy at 7 PM;79% busy at 8 PM;75% busy at 9 PM;62% busy at 10 PM;40% busy at 11 PM;21% busy at 12 AM;15% busy at 1 AM;,0% busy at 6 AM;0% busy at 7 AM;0% busy at 8 AM;0% busy at 9 AM;0% busy at 10 AM;0% busy at 11 AM;0% busy at 12 PM;0% busy at 1 PM;0% busy at 2 PM;0% busy at 3 PM;75% busy at 4 PM;79% busy at 5 PM;91% busy at 6 PM;100% busy at 7 PM;96% busy at 8 PM;83% busy at 9 PM;62% busy at 10 PM;42% busy at 11 PM;24% busy at 12 AM;16% busy at 1 AM;,0% busy at 6 AM;0% busy at 7 AM;0% busy at 8 AM;0% busy at 9 AM;0% busy at 10 AM;0% busy at 11 AM;0% busy at 12 PM;0% busy at 1 PM;0% busy at 2 PM;0% busy at 3 PM;80% busy at 4 PM;82% busy at 5 PM;83% busy at 6 PM;89% busy at 7 PM;93% busy at 8 PM;91% busy at 9 PM;80% busy at 10 PM;64% busy at 11 PM;42% busy at 12 AM;24% busy at 1 AM;,0% busy at 6 AM;0% busy at 7 AM;0% busy at 8 AM;0% busy at 9 AM;0% busy at 10 AM;0% busy at 11 AM;0% busy at 12 PM;0% busy at 1 PM;0% busy at 2 PM;0% busy at 3 PM;95% busy at 4 PM;89% busy at 5 PM;84% busy at 6 PM;84% busy at 7 PM;83% busy at 8 PM;80% busy at 9 PM;65% busy at 10 PM;48% busy at 11 PM;27% busy at 12 AM;13% busy at 1 AM;,0% busy at 6 AM;0% busy at 7 AM;0% busy at 8 AM;0% busy at 9 AM;0% busy at 10 AM;0% busy at 11 AM;0% busy at 12 PM;0% busy at 1 PM;0% busy at 2 PM;0% busy at 3 PM;72% busy at 4 PM;86% busy at 5 PM;82% busy at 6 PM;79% busy at 7 PM;75% busy at 8 PM;64% busy at 9 PM;49% busy at 10 PM;29% busy at 11 PM;14% busy at 12 AM;8% busy at 1 AM;,0% busy at 6 AM;0% busy at 7 AM;0% busy at 8 AM;0% busy at 9 AM;0% busy at 10 AM;0% busy at 11 AM;0% busy at 12 PM;0% busy at 1 PM;0% busy at 2 PM;0% busy at 3 PM;42% busy at 4 PM;52% busy at 5 PM;62% busy at 6 PM;75% busy at 7 PM;75% busy at 8 PM;75% busy at 9 PM;60% busy at 10 PM;45% busy at 11 PM;30% busy at 12 AM;25% busy at 1 AM;
Coffee shop,Le Cafe,8,2.6,"Prince Turkey Street, Al Yarmouk, Al Khobar 31952, Saudi Arabia",SA,Al Khobar,None,https://movenpick.accor.com/en/middle-east/saudi-arabia/al-khobar/hotel-al-khobar/restaurants/le-cafe.html?utm_source=google+Maps&utm_medium=seo+maps&utm_content=cafe-B4L8-le_cafe&utm_campaign=seo+maps,+966 13 898 4999,"Monday 9:30 AM–10:30 PM  2025-03-31
Tuesday 9:30 AM–10:30 PM  2025-04-01
Wednesday 9:30 AM–9:30 PM  2025-04-02
Thursday 9:30 AM–10:30 PM  2025-04-03
Friday 9:30 AM–10:30 PM  2025-04-04
Saturday 9:30 AM–10:30 PM  2025-04-05
Sunday 9:30 AM–10:30 PM  2025-04-06
 ",https://www.google.com/maps/place/Le+Cafe/data=!4m5!3m4!1s0x3e49e97083f39855:0xf27a0b58bfb082f8!8m2!3d26.3222151!4d50.2166785?authuser=0&hl=en&rclk=1,0x3e49e97083f39855:0xf27a0b58bfb082f8,ChIJVZjzg3DpST4R-IKwv1gLevI,,26.3222151,50.2166785,cafes,https://lh5.googleusercontent.com/p/AF1QipO0nOjHy9r6DxRI3jN1k-gADSr7RRS7Qz7FMjva=w408-h306-k-no,https://lh5.googleusercontent.com/p/AF1QipO0nOjHy9r6DxRI3jN1k-gADSr7RRS7Qz7FMjva=w1024-h960-p-k-no,https://lh5.googleusercontent.com/p/AF1QipNjw_XCQwMjjJcKkFOXDBoPXY6m1uaBvVlP9XXn=w1024-h960-p-k-no,null,null,SAR 60–80,,https://plus.codes/86C8+VM Al Khobar Saudi Arabia,86C8+VM Al Khobar Saudi Arabia,Dine-in,Monday 9:30 AM–10:30 PM  2025-03-31,Tuesday 9:30 AM–10:30 PM  2025-04-01,Wednesday 9:30 AM–9:30 PM  2025-04-02,Thursday 9:30 AM–10:30 PM  2025-04-03,Friday 9:30 AM–10:30 PM  2025-04-04,Saturday 9:30 AM–10:30 PM  2025-04-05,Sunday 9:30 AM–10:30 PM  2025-04-06,0% busy at 6 AM;0% busy at 7 AM;0% busy at 8 AM;20% busy at 9 AM;28% busy at 10 AM;31% busy at 11 AM;48% busy at 12 PM;48% busy at 1 PM;48% busy at 2 PM;44% busy at 3 PM;46% busy at 4 PM;62% busy at 5 PM;55% busy at 6 PM;55% busy at 7 PM;42% busy at 8 PM;37% busy at 9 PM;53% busy at 10 PM;0% busy at 11 PM;,0% busy at 6 AM;0% busy at 7 AM;0% busy at 8 AM;37% busy at 9 AM;24% busy at 10 AM;31% busy at 11 AM;26% busy at 12 PM;44% busy at 1 PM;40% busy at 2 PM;37% busy at 3 PM;40% busy at 4 PM;51% busy at 5 PM;53% busy at 6 PM;66% busy at 7 PM;64% busy at 8 PM;64% busy at 9 PM;37% busy at 10 PM;0% busy at 11 PM;,0% busy at 6 AM;0% busy at 7 AM;0% busy at 8 AM;44% busy at 9 AM;44% busy at 10 AM;42% busy at 11 AM;31% busy at 12 PM;42% busy at 1 PM;33% busy at 2 PM;37% busy at 3 PM;35% busy at 4 PM;48% busy at 5 PM;55% busy at 6 PM;71% busy at 7 PM;66% busy at 8 PM;77% busy at 9 PM;0% busy at 10 PM;0% busy at 11 PM;,0% busy at 6 AM;0% busy at 7 AM;0% busy at 8 AM;33% busy at 9 AM;40% busy at 10 AM;44% busy at 11 AM;44% busy at 12 PM;33% busy at 1 PM;26% busy at 2 PM;37% busy at 3 PM;42% busy at 4 PM;33% busy at 5 PM;17% busy at 6 PM;11% busy at 7 PM;17% busy at 8 PM;22% busy at 9 PM;37% busy at 10 PM;0% busy at 11 PM;,0% busy at 6 AM;0% busy at 7 AM;0% busy at 8 AM;33% busy at 9 AM;53% busy at 10 AM;80% busy at 11 AM;100% busy at 12 PM;80% busy at 1 PM;60% busy at 2 PM;60% busy at 3 PM;53% busy at 4 PM;60% busy at 5 PM;46% busy at 6 PM;53% busy at 7 PM;44% busy at 8 PM;33% busy at 9 PM;26% busy at 10 PM;0% busy at 11 PM;,0% busy at 6 AM;0% busy at 7 AM;0% busy at 8 AM;20% busy at 9 AM;24% busy at 10 AM;28% busy at 11 AM;40% busy at 12 PM;42% busy at 1 PM;48% busy at 2 PM;64% busy at 3 PM;71% busy at 4 PM;64% busy at 5 PM;57% busy at 6 PM;44% busy at 7 PM;37% busy at 8 PM;35% busy at 9 PM;40% busy at 10 PM;0% busy at 11 PM;,0% busy at 6 AM;0% busy at 7 AM;0% busy at 8 AM;42% busy at 9 AM;35% busy at 10 AM;31% busy at 11 AM;22% busy at 12 PM;15% busy at 1 PM;22% busy at 2 PM;22% busy at 3 PM;31% busy at 4 PM;40% busy at 5 PM;57% busy at 6 PM;48% busy at 7 PM;53% busy at 8 PM;53% busy at 9 PM;53% busy at 10 PM;0% busy at 11 PM;
Coffee shop,东方茉蘭Dongfangmolan Molanda Milk Tea & Cafe,94,4.1,"Prince Turkey Street, Alkurnaish, Al Khobar 34412, Saudi Arabia",SA,Al Khobar,None,https://www.instagram.com/molanda_tea,+966 55 437 9457,"Monday 10 AM–11 PM  2025-03-31
Tuesday 10 AM–11 PM  2025-04-01
Wednesday 10 AM–11 PM  2025-04-02
Thursday 10 AM–11 PM  2025-04-03
Friday 10 AM–11 PM  2025-04-04
Saturday 10 AM–11 PM  2025-04-05
Sunday 10 AM–11 PM  2025-04-06
 ",https://www.google.com/maps/place/东方茉蘭Dongfangmolan+Molanda+Milk+Tea+&+Cafe/data=!4m5!3m4!1s0x3e49e900041145e9:0x80e66d84578b3b3e!8m2!3d26.3220834!4d50.2204093?authuser=0&hl=en&rclk=1,0x3e49e900041145e9:0x80e66d84578b3b3e,ChIJ6UURBADpST4RPjuLV4Rt5oA,,26.3220834,50.2204093,Tea room,https://lh5.googleusercontent.com/p/AF1QipP9wCZgwCQNM8rzaJMqw3_fcnH6zZ6UjXJPU0O_=w408-h544-k-no,https://lh5.googleusercontent.com/p/CIHM0ogKEICAgMDQx42agAE=w1024-h960-p-k-no,https://lh5.googleusercontent.com/p/CIHM0ogKEICAgMCwkrW3-wE=w1024-h960-p-k-no,https://lh5.googleusercontent.com/p/CIHM0ogKEICAgIC3qv2CxAE=w1024-h960-p-k-no,null,None,,https://plus.codes/86CC+R5 Al Khobar Saudi Arabia,86CC+R5 Al Khobar Saudi Arabia,Takeout,Monday 10 AM–11 PM  2025-03-31,Tuesday 10 AM–11 PM  2025-04-01,Wednesday 10 AM–11 PM  2025-04-02,Thursday 10 AM–11 PM  2025-04-03,Friday 10 AM–11 PM  2025-04-04,Saturday 10 AM–11 PM  2025-04-05,Sunday 10 AM–11 PM  2025-04-06,0% busy at 6 AM;0% busy at 7 AM;0% busy at 8 AM;0% busy at 9 AM;30% busy at 10 AM;41% busy at 11 AM;47% busy at 12 PM;52% busy at 1 PM;41% busy at 2 PM;44% busy at 3 PM;36% busy at 4 PM;44% busy at 5 PM;41% busy at 6 PM;44% busy at 7 PM;47% busy at 8 PM;33% busy at 9 PM;19% busy at 10 PM;0% busy at 11 PM;,0% busy at 6 AM;0% busy at 7 AM;0% busy at 8 AM;0% busy at 9 AM;19% busy at 10 AM;33% busy at 11 AM;52% busy at 12 PM;47% busy at 1 PM;41% busy at 2 PM;36% busy at 3 PM;33% busy at 4 PM;41% busy at 5 PM;47% busy at 6 PM;44% busy at 7 PM;47% busy at 8 PM;36% busy at 9 PM;27% busy at 10 PM;0% busy at 11 PM;,0% busy at 6 AM;0% busy at 7 AM;0% busy at 8 AM;0% busy at 9 AM;16% busy at 10 AM;19% busy at 11 AM;19% busy at 12 PM;36% busy at 1 PM;36% busy at 2 PM;36% busy at 3 PM;33% busy at 4 PM;38% busy at 5 PM;47% busy at 6 PM;55% busy at 7 PM;69% busy at 8 PM;50% busy at 9 PM;30% busy at 10 PM;0% busy at 11 PM;,0% busy at 6 AM;0% busy at 7 AM;0% busy at 8 AM;0% busy at 9 AM;11% busy at 10 AM;16% busy at 11 AM;22% busy at 12 PM;30% busy at 1 PM;41% busy at 2 PM;41% busy at 3 PM;44% busy at 4 PM;41% busy at 5 PM;50% busy at 6 PM;41% busy at 7 PM;38% busy at 8 PM;27% busy at 9 PM;25% busy at 10 PM;0% busy at 11 PM;,0% busy at 6 AM;0% busy at 7 AM;0% busy at 8 AM;0% busy at 9 AM;16% busy at 10 AM;16% busy at 11 AM;19% busy at 12 PM;30% busy at 1 PM;47% busy at 2 PM;63% busy at 3 PM;69% busy at 4 PM;86% busy at 5 PM;86% busy at 6 PM;75% busy at 7 PM;55% busy at 8 PM;52% busy at 9 PM;47% busy at 10 PM;0% busy at 11 PM;,0% busy at 6 AM;0% busy at 7 AM;0% busy at 8 AM;0% busy at 9 AM;33% busy at 10 AM;30% busy at 11 AM;33% busy at 12 PM;30% busy at 1 PM;30% busy at 2 PM;52% busy at 3 PM;72% busy at 4 PM;100% busy at 5 PM;86% busy at 6 PM;80% busy at 7 PM;52% busy at 8 PM;30% busy at 9 PM;16% busy at 10 PM;0% busy at 11 PM;,0% busy at 6 AM;0% busy at 7 AM;0% busy at 8 AM;0% busy at 9 AM;30% busy at 10 AM;50% busy at 11 AM;69% busy at 12 PM;66% busy at 1 PM;55% busy at 2 PM;44% busy at 3 PM;55% busy at 4 PM;69% busy at 5 PM;77% busy at 6 PM;50% busy at 7 PM;33% busy at 8 PM;19% busy at 9 PM;27% busy at 10 PM;0% busy at 11 PM;
Coffee shop,Coffee Valley,1,5,"Al Rakah Al Janubiyah, Al Khobar 34227, Saudi Arabia",SA,Al Khobar,None,null,null, ,https://www.google.com/maps/place/Coffee+Valley/data=!4m5!3m4!1s0x3e49e9d7dc969add:0x813b9569fc13b347!8m2!3d26.3386418!4d50.1991937?authuser=0&hl=en&rclk=1,0x3e49e9d7dc969add:0x813b9569fc13b347,ChIJ3ZqW3NfpST4RR7MT_GmVO4E,,26.3386418,50.1991937,coffee shops,null,null,null,null,null,None,Temporarily closed,https://plus.codes/85QX+FM Al Khobar Saudi Arabia,85QX+FM Al Khobar Saudi Arabia,null,,,,,,,,,,,,,,
Coffee shop,Coffee Valley,1,5,"حي, ECJD8039، 8039 الخالدية، 2797, Al Raja, Al Khobar 34742, Saudi Arabia",SA,Al Khobar,None,null,null, ,https://www.google.com/maps/place/Coffee+Valley/data=!4m5!3m4!1s0x3e49ddb05fc57abb:0xabb30f868db5caa9!8m2!3d26.1675592!4d50.1169506?authuser=0&hl=en&rclk=1,0x3e49ddb05fc57abb:0xabb30f868db5caa9,ChIJu3rFX7DdST4Rqcq1jYYPs6s,,26.1675592,50.1169506,coffee shops,null,null,null,null,null,None,Temporarily closed,https://plus.codes/5498+2Q Al Khobar Saudi Arabia,5498+2Q Al Khobar Saudi Arabia,null,,,,,,,,,,,,,,
Coffee shop,Coffee Valley,1,5,"King Abdel Aziz Air Base, Dhahran 34641, Saudi Arabia",SA,Dhahran,None,null,null, ,https://www.google.com/maps/place/Coffee+Valley/data=!4m5!3m4!1s0x3e49e70008878b1d:0xf3966e8b5beb69ef!8m2!3d26.2846941!4d50.1503262?authuser=0&hl=en&rclk=1,0x3e49e70008878b1d:0xf3966e8b5beb69ef,ChIJHYuHCADnST4R72nrW4tulvM,,26.2846941,50.1503262,coffee shops,null,null,null,null,null,None,Temporarily closed,https://plus.codes/75M2+V4 Dhahran Saudi Arabia,75M2+V4 Dhahran Saudi Arabia,Dine-in,,,,,,,,,,,,,,
Coffee shop,Repeat Coffee & Brunch,16,4,"King Fahd Road, Al Amanah, Dammam 32324, Saudi Arabia",SA,Dammam,None,null,+966 53 809 9925,"Monday 7:30 AM–4 PM  2025-03-31
Tuesday 7:30 AM–4 PM  2025-04-01
Wednesday 7:30 AM–4 PM  2025-04-02
Thursday 7:30 AM–4 PM  2025-04-03
Friday Closed  2025-04-04
Saturday Closed  2025-04-05
Sunday 7:30 AM–4 PM  2025-04-06
 ",https://www.google.com/maps/place/Repeat+Coffee+&+Brunch/data=!4m5!3m4!1s0x3e36037106b657e1:0x6360ac64a784862d!8m2!3d26.3732629!4d49.9758471?authuser=0&hl=en&rclk=1,0x3e36037106b657e1:0x6360ac64a784862d,ChIJ4Ve2BnEDNj4RLYaEp2SsYGM,,26.3732629,49.9758471,coffee shops,https://lh5.googleusercontent.com/p/AF1QipPH9oF0cd7QsZngzpr0odsbdMcDTZMq04Qd998=w408-h725-k-no,https://lh5.googleusercontent.com/p/CIHM0ogKEICAgIDu382ccw=w1024-h960-p-k-no,https://lh5.googleusercontent.com/p/CIHM0ogKEICAgIC-3qHKOg=w1024-h960-p-k-no,https://lh5.googleusercontent.com/p/CIHM0ogKEICAgICpzsmfnQE=w1024-h960-p-k-no,null,SAR 20–40,,https://plus.codes/9XFG+88 Dammam Saudi Arabia,9XFG+88 Dammam Saudi Arabia,Dine-in,Monday 7:30 AM–4 PM  2025-03-31,Tuesday 7:30 AM–4 PM  2025-04-01,Wednesday 7:30 AM–4 PM  2025-04-02,Thursday 7:30 AM–4 PM  2025-04-03,Friday Closed  2025-04-04,Saturday Closed  2025-04-05,Sunday 7:30 AM–4 PM  2025-04-06,,,,,,,
Coffee shop,LADY LULU CAFE,23,4,"76P7+F35, King Fahd St, Al Khobar Al Shamalia, Al Khobar 34427, Saudi Arabia",SA,Al Khobar,None,null,null, ,https://www.google.com/maps/place/LADY+LULU+CAFE/data=!4m5!3m4!1s0x3e49e95edede7561:0x3bc00e9f086a888d!8m2!3d26.2861367!4d50.2127282?authuser=0&hl=en&rclk=1,0x3e49e95edede7561:0x3bc00e9f086a888d,ChIJYXXe3l7pST4RjYhqCJ8OwDs,,26.2861367,50.2127282,coffee shops,https://lh5.googleusercontent.com/p/AF1QipN1-g6X1hB-OSeOBpKzfW5sM2J21aWanuB5dsYz=w408-h544-k-no,https://lh5.googleusercontent.com/p/CIHM0ogKEICAgIChpYTaFA=w1024-h960-p-k-no,https://lh5.googleusercontent.com/p/CIHM0ogKEICAgIDJh7nbhwE=w1024-h960-p-k-no,https://lh5.googleusercontent.com/p/CIHM0ogKEICAgIDJh7mzJA=w1024-h960-p-k-no,null,None,Temporarily closed,null,null,null,,,,,,,,,,,,,,
Coffee shop,Dose cafe,27,3.8,"8836 Prince Turkey Street, Al Yarmouk, Al Khobar 34424, Saudi Arabia",SA,Al Khobar,None,null,null, ,https://www.google.com/maps/place/Dose+cafe/data=!4m5!3m4!1s0x3e49e9894b84ed0d:0x18cf8f78ade3fe9a!8m2!3d26.305236!4d50.222773?authuser=0&hl=en&rclk=1,0x3e49e9894b84ed0d:0x18cf8f78ade3fe9a,ChIJDe2ES4npST4Rmv7jrXiPzxg,,26.305236,50.222773,coffee shops,https://lh5.googleusercontent.com/p/AF1QipPJYS3tBT0kWd7pGCG44TBG1qZAKGKOt8sE7r5y=w408-h544-k-no,https://lh5.googleusercontent.com/p/AF1QipOzMyZUYHUx-c06c-Z7sx5zxm4XUpWcI-YFg-x1=w1024-h960-p-k-no,https://lh5.googleusercontent.com/p/AF1QipONN2kr0W5GrEdxQYDPKP_baVCwOf5qAemMDa5n=w1024-h960-p-k-no,https://lh5.googleusercontent.com/p/AF1QipPqvMX4KvZSg1S39O8WI8IdjHnvnY1Bzw0iMIGH=w1024-h960-p-k-no,null,SAR 20–40,Temporarily closed,https://plus.codes/864F+34 Al Khobar Saudi Arabia,864F+34 Al Khobar Saudi Arabia,Delivery,,,,,,,,,,,,,,
Coffee shop,OVVIO,326,4.3,"al khaizaranah, Al Hizam Al Thahabi, Al Khobar 34435, Saudi Arabia",SA,Al Khobar,None,null,null, ,https://www.google.com/maps/place/OVVIO/data=!4m5!3m4!1s0x3e49e933d1327f6f:0x4af2099539c26bf2!8m2!3d26.3087226!4d50.1927257?authuser=0&hl=en&rclk=1,0x3e49e933d1327f6f:0x4af2099539c26bf2,ChIJb38y0TPpST4R8mvCOZUJ8ko,,26.3087226,50.1927257,coffee shops,https://lh5.googleusercontent.com/p/AF1QipP7sWFmsQ48yrut23aylMUDf2UlL-SLvZElqdsc=w408-h544-k-no,https://lh5.googleusercontent.com/p/AF1QipMKvy_vYdZKGjXrfGeM3LTx188PFBeHb5WdfQnA=w1024-h960-p-k-no,https://lh5.googleusercontent.com/p/CIHM0ogKEICAgIDFzr31hwE=w1024-h960-p-k-no,https://lh5.googleusercontent.com/p/CIHM0ogKEICAgICliczhXw=w1024-h960-p-k-no,null,None,Temporarily closed,https://plus.codes/855V+F3 Al Khobar Saudi Arabia,855V+F3 Al Khobar Saudi Arabia,Takeout,,,,,,,,,,,,,,
Coffee shop,Coffee Valley,null,null,"55XV+9P9, Al Tahliyah, Al Khobar 34717, Saudi Arabia",SA,Al Khobar,None,null,null, ,https://www.google.com/maps/place/Coffee+Valley/data=!4m5!3m4!1s0x3e49c3aff9fb06af:0x35f02c723f01e813!8m2!3d26.1984087!4d50.1943682?authuser=0&hl=en&rclk=1,0x3e49c3aff9fb06af:0x35f02c723f01e813,ChIJrwb7-a_DST4RE-gBP3Is8DU,,26.1984087,50.1943682,coffee shops,null,null,null,null,null,null,Temporarily closed,null,null,null,,,,,,,,,,,,,,
Coffee shop,Moshi | موشي - Khobar,228,4.6,"Prince Faisal Bin Fahad Road, Al Hizam Al Akhdar, Al Khobar 34436, Saudi Arabia",SA,Al Khobar,None,https://instagram.com/moshi.sa?utm_medium=copy_link,+966 53 636 7007, ,https://www.google.com/maps/place/Moshi+|+موشي+-+Khobar/data=!4m5!3m4!1s0x3e49e9e0460b2399:0xb964778a8cf52d63!8m2!3d26.3043191!4d50.2000841?authuser=0&hl=en&rclk=1,0x3e49e9e0460b2399:0xb964778a8cf52d63,ChIJmSMLRuDpST4RYy31jIp3ZLk,,26.3043191,50.2000841,coffee shops,https://lh5.googleusercontent.com/p/AF1QipNpZtM4tigb3DgS-4m4b_ae5C3NEgimX74MKTkv=w408-h544-k-no,https://lh5.googleusercontent.com/p/AF1QipNxVWmQCOEl8dW-Ad7EIKWLfEjkUVXE-1px7CNP=w1024-h960-p-k-no,https://lh5.googleusercontent.com/p/CIHM0ogKEICAgICWu4f6CA=w1024-h960-p-k-no,https://lh5.googleusercontent.com/p/CIHM0ogKEICAgIDRmuCkQQ=w1024-h960-p-k-no,null,SAR 20–40,Temporarily closed,https://plus.codes/8632+P2 Al Khobar Saudi Arabia,8632+P2 Al Khobar Saudi Arabia,No-contact delivery,,,,,,,,,,,,,,
Coffee shop,Wogard Coffee Roasters,267,4,"Prince Sultan Bin Fahd St, Qurtoba, Al Khobar 34235, Saudi Arabia",SA,Al Khobar,None,null,null, ,https://www.google.com/maps/place/Wogard+Coffee+Roasters/data=!4m5!3m4!1s0x3e49ef911bc71ba1:0x4019ebb1cf06be8e!8m2!3d26.3460044!4d50.1912269?authuser=0&hl=en&rclk=1,0x3e49ef911bc71ba1:0x4019ebb1cf06be8e,ChIJoRvHG5HvST4Rjr4Gz7HrGUA,,26.3460044,50.1912269,coffee shops,https://lh5.googleusercontent.com/p/AF1QipPqtunABIs3seyw5RPoQq-tDgMpUvXHDA_aErAT=w408-h306-k-no,https://lh5.googleusercontent.com/p/AF1QipNqMd02vpQE1xLZowXxUK-J3giXbgdrwaKWOy1C=w1024-h960-p-k-no,https://lh5.googleusercontent.com/p/AF1QipNpep7tc77bKqmMjZEIaPZMrx1Ln9etfbvL97Lk=w1024-h960-p-k-no,https://lh5.googleusercontent.com/p/AF1QipPZgyU3sxm1ic6JsWRmrr8nFn7Pes40xf6a4GdD=w1024-h960-p-k-no,null,SAR 20–40,Temporarily closed,https://plus.codes/85WR+CF Al Khobar Saudi Arabia,85WR+CF Al Khobar Saudi Arabia,null,,,,,,,,,,,,,,
Coffee shop,fold,38,4.7,"16th street, prince thamer street, Al Khobar 34426, Saudi Arabia",SA,Al Khobar,None,https://www.instagram.com/fold.ksa?igsh=MWNtd2RkenNwMW53cA==,+966 56 234 8299, ,https://www.google.com/maps/place/fold/data=!4m5!3m4!1s0x3e49e916df5ef559:0x92b618d8f15a2c42!8m2!3d26.2941319!4d50.208856?authuser=0&hl=en&rclk=1,0x3e49e916df5ef559:0x92b618d8f15a2c42,ChIJWfVe3xbpST4RQixa8dgYtpI,,26.2941319,50.208856,coffee shops,https://lh5.googleusercontent.com/p/AF1QipPn06n42KHUSDQdfLco6eyhACoiFUUV5RjN2UfS=w408-h544-k-no,https://lh5.googleusercontent.com/p/AF1QipMeMcBWtMA0vdX_GEuc6545z5R5yGBIKPCmir0w=w1024-h960-p-k-no,https://lh5.googleusercontent.com/p/AF1QipOMG7gA7ZIokHLrp8k54zwf0M4KrtmhurRRmb8-=w1024-h960-p-k-no,https://lh5.googleusercontent.com/p/AF1QipN8I3lufwRLQkdimcCnDEhZ0Yo5Yn7u9lwKx61X=w1024-h960-p-k-no,null,SAR 1–20,Temporarily closed,https://plus.codes/76V5+MG Al Khobar Saudi Arabia,76V5+MG Al Khobar Saudi Arabia,Curbside pickup,,,,,,,,,,,,,,
Coffee shop,Semicolon | سيميكولون,145,4.7,"10th St, Al Aqrabiyah, Al Khobar 72722, Saudi Arabia",SA,Al Khobar,None,null,+966 58 213 2205, ,https://www.google.com/maps/place/Semicolon+|+سيميكولون/data=!4m5!3m4!1s0x3e49e997b38020a1:0x72bffb39eb8e9906!8m2!3d26.2890067!4d50.1900859?authuser=0&hl=en&rclk=1,0x3e49e997b38020a1:0x72bffb39eb8e9906,ChIJoSCAs5fpST4RBpmO6zn7v3I,,26.2890067,50.1900859,coffee shops,https://lh5.googleusercontent.com/p/AF1QipOuVurmvE682syk84xXhnA6KLWXEEbL7_4yUR3v=w408-h544-k-no,https://lh5.googleusercontent.com/p/AF1QipNS3fAxW8eqZVppKdLtykH1RYA1HiSgSm5F95RF=w1024-h960-p-k-no,https://lh5.googleusercontent.com/p/AF1QipNeGSrW40eeuO8CG6T7DLMkSCFOYTX7egRxVC3e=w1024-h960-p-k-no,https://lh5.googleusercontent.com/p/AF1QipN_WN9ZgT_cvXxNF9OLcrtGfiVRPncNPcGKp7Qq=w1024-h960-p-k-no,null,SAR 1–20,Temporarily closed,https://plus.codes/75QR+J2 Al Khobar Saudi Arabia,75QR+J2 Al Khobar Saudi Arabia,Delivery,,,,,,,,,,,,,,
Coffee shop,IRIS Coffee House - آيرس,98,4.7,"King Faisal Ibn Abd Al Aziz, Pavilion, Al Khobar 34421, Saudi Arabia",SA,Al Khobar,None,https://instagram.com/iriscoffee.sa?igshid=YmMyMTA2M2Y=,null, ,https://www.google.com/maps/place/IRIS+Coffee+House+-+آيرس/data=!4m5!3m4!1s0x3e49e9334c12e2a7:0xbfe3ae2351841abe!8m2!3d26.3302592!4d50.2126986?authuser=0&hl=en&rclk=1,0x3e49e9334c12e2a7:0xbfe3ae2351841abe,ChIJp-ISTDPpST4RvhqEUSOu478,,26.3302592,50.2126986,coffee shops,https://lh5.googleusercontent.com/p/AF1QipM3dEqd6q6EjyAw4CmxtzMcyAo-Lp4qAW0B7NLX=w426-h240-k-no,https://lh5.googleusercontent.com/p/AF1QipM3dEqd6q6EjyAw4CmxtzMcyAo-Lp4qAW0B7NLX=w1024-h960-p-k-no,https://lh5.googleusercontent.com/p/AF1QipMgfSYBYa0BPmAXbkhd8DWKiWG3ER66XEmLCLLv=w1024-h960-p-k-no,https://lh5.googleusercontent.com/p/AF1QipPszo7t4B9T451rqYAKHCe1vn24lkm0v212BuKC=w1024-h960-p-k-no,null,SAR 20–40,Temporarily closed,https://plus.codes/86J7+43 Al Khobar Saudi Arabia,86J7+43 Al Khobar Saudi Arabia,Delivery,,,,,,,,,,,,,,
Coffee shop,Overt,53,4.8,"Prince Abdulmajeed St, Al Khobar Al Shamalia, Al Khobar 34427, Saudi Arabia",SA,Al Khobar,None,https://instagram.com/overt.sa?igshid=YmMyMTA2M2Y=,null, ,https://www.google.com/maps/place/Overt/data=!4m5!3m4!1s0x3e49e98a17f510eb:0x64b9984adcb5e741!8m2!3d26.2871433!4d50.2181017?authuser=0&hl=en&rclk=1,0x3e49e98a17f510eb:0x64b9984adcb5e741,ChIJ6xD1F4rpST4RQee13EqYuWQ,,26.2871433,50.2181017,Bakery,https://lh5.googleusercontent.com/p/AF1QipOc-VkOve5qeWpIOwl9Tp34bq0qMqrEuSyAjxWn=w408-h544-k-no,https://lh5.googleusercontent.com/p/CIHM0ogKEICAgICRtIWocg=w1024-h960-p-k-no,https://lh5.googleusercontent.com/p/AF1QipOgYriO6sZdGrL4izs-W8ZP5J94WNaFil0r4dvn=w1024-h960-p-k-no,https://lh5.googleusercontent.com/p/CIHM0ogKEICAgICxnPmABA=w1024-h960-p-k-no,null,SAR 1–20,Temporarily closed,https://plus.codes/76P9+V6 Al Khobar Saudi Arabia,76P9+V6 Al Khobar Saudi Arabia,null,,,,,,,,,,,,,,
Coffee shop,RATIO Speciality Coffee,320,4.4,"King Fahd Road, Al Sheraa, Al Khobar 34724, Saudi Arabia",SA,Al Khobar,None,https://social.ratio.sa/,+966 56 785 8316, ,https://www.google.com/maps/place/RATIO+Speciality+Coffee/data=!4m5!3m4!1s0x3e49e1e331237f87:0xc296c1594eac5698!8m2!3d26.1737086!4d50.1545362?authuser=0&hl=en&rclk=1,0x3e49e1e331237f87:0xc296c1594eac5698,ChIJh38jMePhST4RmFasTlnBlsI,,26.1737086,50.1545362,coffee shops,https://lh5.googleusercontent.com/p/AF1QipOo-qHkxuzWDFCPfpS1sozURMVUPm_ZM-Osg-62=w408-h544-k-no,https://lh5.googleusercontent.com/p/AF1QipMFBir-OAXLQidOQsHMbZXjnJzG2kDXlyrsd-r9=w1024-h960-p-k-no,https://lh5.googleusercontent.com/p/AF1QipMIq8nYBsngxoweCXEtW4ZzzyC417_7pt7z8Ium=w1024-h960-p-k-no,https://lh5.googleusercontent.com/p/AF1QipPSyYb3DHAoLTs0j_dD7D-f9FP9hHCgM55Q3p8G=w1024-h960-p-k-no,null,SAR 20–40,,https://plus.codes/55F3+FR Al Khobar Saudi Arabia,55F3+FR Al Khobar Saudi Arabia,Curbside pickup,,,,,,,,0% busy at 4 AM;0% busy at 5 AM;36% busy at 6 AM;35% busy at 7 AM;32% busy at 8 AM;32% busy at 9 AM;27% busy at 10 AM;23% busy at 11 AM;16% busy at 12 PM;18% busy at 1 PM;27% busy at 2 PM;32% busy at 3 PM;44% busy at 4 PM;49% busy at 5 PM;56% busy at 6 PM;50% busy at 7 PM;60% busy at 8 PM;72% busy at 9 PM;87% busy at 10 PM;84% busy at 11 PM;56% busy at 12 AM;40% busy at 1 AM;0% busy at 2 AM;0% busy at 3 AM;,0% busy at 4 AM;0% busy at 5 AM;30% busy at 6 AM;36% busy at 7 AM;38% busy at 8 AM;40% busy at 9 AM;33% busy at 10 AM;29% busy at 11 AM;32% busy at 12 PM;33% busy at 1 PM;36% busy at 2 PM;33% busy at 3 PM;40% busy at 4 PM;43% busy at 5 PM;49% busy at 6 PM;50% busy at 7 PM;53% busy at 8 PM;63% busy at 9 PM;72% busy at 10 PM;67% busy at 11 PM;43% busy at 12 AM;29% busy at 1 AM;0% busy at 2 AM;0% busy at 3 AM;,0% busy at 4 AM;0% busy at 5 AM;23% busy at 6 AM;33% busy at 7 AM;36% busy at 8 AM;36% busy at 9 AM;29% busy at 10 AM;26% busy at 11 AM;30% busy at 12 PM;36% busy at 1 PM;36% busy at 2 PM;40% busy at 3 PM;44% busy at 4 PM;52% busy at 5 PM;53% busy at 6 PM;66% busy at 7 PM;76% busy at 8 PM;81% busy at 9 PM;75% busy at 10 PM;66% busy at 11 PM;38% busy at 12 AM;23% busy at 1 AM;0% busy at 2 AM;0% busy at 3 AM;,0% busy at 4 AM;0% busy at 5 AM;12% busy at 6 AM;26% busy at 7 AM;38% busy at 8 AM;47% busy at 9 AM;43% busy at 10 AM;40% busy at 11 AM;40% busy at 12 PM;44% busy at 1 PM;49% busy at 2 PM;61% busy at 3 PM;66% busy at 4 PM;64% busy at 5 PM;73% busy at 6 PM;75% busy at 7 PM;72% busy at 8 PM;70% busy at 9 PM;81% busy at 10 PM;83% busy at 11 PM;61% busy at 12 AM;44% busy at 1 AM;0% busy at 2 AM;0% busy at 3 AM;,0% busy at 4 AM;0% busy at 5 AM;0% busy at 6 AM;0% busy at 7 AM;0% busy at 8 AM;0% busy at 9 AM;0% busy at 10 AM;0% busy at 11 AM;0% busy at 12 PM;0% busy at 1 PM;36% busy at 2 PM;47% busy at 3 PM;64% busy at 4 PM;67% busy at 5 PM;78% busy at 6 PM;76% busy at 7 PM;86% busy at 8 PM;92% busy at 9 PM;100% busy at 10 PM;92% busy at 11 PM;50% busy at 12 AM;23% busy at 1 AM;7% busy at 2 AM;0% busy at 3 AM;,0% busy at 4 AM;0% busy at 5 AM;18% busy at 6 AM;18% busy at 7 AM;33% busy at 8 AM;41% busy at 9 AM;44% busy at 10 AM;41% busy at 11 AM;47% busy at 12 PM;43% busy at 1 PM;44% busy at 2 PM;55% busy at 3 PM;69% busy at 4 PM;86% busy at 5 PM;93% busy at 6 PM;87% busy at 7 PM;63% busy at 8 PM;56% busy at 9 PM;53% busy at 10 PM;55% busy at 11 PM;40% busy at 12 AM;23% busy at 1 AM;0% busy at 2 AM;0% busy at 3 AM;,0% busy at 4 AM;0% busy at 5 AM;27% busy at 6 AM;40% busy at 7 AM;46% busy at 8 AM;47% busy at 9 AM;40% busy at 10 AM;40% busy at 11 AM;43% busy at 12 PM;36% busy at 1 PM;38% busy at 2 PM;40% busy at 3 PM;55% busy at 4 PM;67% busy at 5 PM;75% busy at 6 PM;73% busy at 7 PM;66% busy at 8 PM;69% busy at 9 PM;76% busy at 10 PM;70% busy at 11 PM;47% busy at 12 AM;32% busy at 1 AM;0% busy at 2 AM;0% busy at 3 AM;
Coffee shop,Tobacco cafe,14,5,"5068 الملك فهد بن عبدالعزيز سعود، حي الجسر، ECAB7714، 7714, Al Khobar 34714, Saudi Arabia",SA,Al Khobar,None,null,null, ,https://www.google.com/maps/place/Tobacco+cafe/data=!4m5!3m4!1s0x3e49c30048438e55:0x9757d3fd498c3ea1!8m2!3d26.2108939!4d50.2127197?authuser=0&hl=en&rclk=1,0x3e49c30048438e55:0x9757d3fd498c3ea1,ChIJVY5DSADDST4RoT6MSf3TV5c,,26.2108939,50.2127197,coffee shops,https://lh5.googleusercontent.com/p/AF1QipMsjRhR2vu0lJwiO_s4DzHKQMeGFN8zncbmIif6=w408-h544-k-no,https://lh5.googleusercontent.com/p/CIHM0ogKEICAgMCwoJXATg=w1024-h960-p-k-no,https://lh5.googleusercontent.com/p/CIHM0ogKEICAgMCQmerGiwE=w1024-h960-p-k-no,null,null,None,,https://plus.codes/6667+93 Al Khobar Saudi Arabia,6667+93 Al Khobar Saudi Arabia,null,,,,,,,,,,,,,,
Coffee shop,قهوة رهم | Raham Coffee,239,4.8,"Al Sawari, Al Khobar 34724, Saudi Arabia",SA,Al Khobar,None,null,null,"Monday 5:30 AM–12 AM  2025-03-31
Tuesday 5:30 AM–12 AM  2025-04-01
Wednesday 5:30 AM–12 AM  2025-04-02
Thursday 5:30 AM–2 AM  2025-04-03
Friday 12:30 PM–2 AM  2025-04-04
Saturday 7 AM–12 AM  2025-04-05
Sunday 5:30 AM–12 AM  2025-04-06
 ",https://www.google.com/maps/place/قهوة+رهم+|+Raham+Coffee/data=!4m5!3m4!1s0x3e49dd007fbc1245:0xab4a2d005c8f7b5c!8m2!3d26.1934239!4d50.1608853?authuser=0&hl=en&rclk=1,0x3e49dd007fbc1245:0xab4a2d005c8f7b5c,ChIJRRK8fwDdST4RXHuPXAAtSqs,,26.1934239,50.1608853,coffee shops,https://lh5.googleusercontent.com/p/AF1QipN7W-v6eU05OucFt5TvChGr67dFsDADY8yy4Hvs=w408-h544-k-no,https://lh5.googleusercontent.com/p/AF1QipOxNBXPoSu1SpBlZfsm6Wu6TzBlVPnr30ur16PZ=w1024-h960-p-k-no,https://lh5.googleusercontent.com/p/AF1QipM91vy2AiNefiRic8jrBmDvwShdfiik3CB5YUMw=w1024-h960-p-k-no,https://lh5.googleusercontent.com/p/AF1QipN31JZqZKTtcdEIyB32Bbf4ZJh0MwFR4-vmtQaZ=w1024-h960-p-k-no,null,SAR 1–20,,https://plus.codes/55V6+99 Al Khobar Saudi Arabia,55V6+99 Al Khobar Saudi Arabia,No-contact delivery,Monday 5:30 AM–12 AM  2025-03-31,Tuesday 5:30 AM–12 AM  2025-04-01,Wednesday 5:30 AM–12 AM  2025-04-02,Thursday 5:30 AM–2 AM  2025-04-03,Friday 12:30 PM–2 AM  2025-04-04,Saturday 7 AM–12 AM  2025-04-05,Sunday 5:30 AM–12 AM  2025-04-06,0% busy at 4 AM;0% busy at 5 AM;0% busy at 6 AM;0% busy at 7 AM;0% busy at 8 AM;0% busy at 9 AM;0% busy at 10 AM;0% busy at 11 AM;0% busy at 12 PM;0% busy at 1 PM;0% busy at 2 PM;0% busy at 3 PM;0% busy at 4 PM;56% busy at 5 PM;53% busy at 6 PM;56% busy at 7 PM;53% busy at 8 PM;56% busy at 9 PM;59% busy at 10 PM;56% busy at 11 PM;,0% busy at 4 AM;0% busy at 5 AM;0% busy at 6 AM;0% busy at 7 AM;0% busy at 8 AM;0% busy at 9 AM;0% busy at 10 AM;0% busy at 11 AM;0% busy at 12 PM;0% busy at 1 PM;0% busy at 2 PM;0% busy at 3 PM;0% busy at 4 PM;68% busy at 5 PM;62% busy at 6 PM;68% busy at 7 PM;59% busy at 8 PM;56% busy at 9 PM;50% busy at 10 PM;46% busy at 11 PM;,0% busy at 4 AM;0% busy at 5 AM;0% busy at 6 AM;0% busy at 7 AM;0% busy at 8 AM;0% busy at 9 AM;0% busy at 10 AM;0% busy at 11 AM;0% busy at 12 PM;0% busy at 1 PM;0% busy at 2 PM;0% busy at 3 PM;0% busy at 4 PM;62% busy at 5 PM;75% busy at 6 PM;62% busy at 7 PM;65% busy at 8 PM;56% busy at 9 PM;59% busy at 10 PM;43% busy at 11 PM;,0% busy at 4 AM;0% busy at 5 AM;0% busy at 6 AM;0% busy at 7 AM;0% busy at 8 AM;0% busy at 9 AM;0% busy at 10 AM;0% busy at 11 AM;0% busy at 12 PM;0% busy at 1 PM;0% busy at 2 PM;0% busy at 3 PM;0% busy at 4 PM;84% busy at 5 PM;100% busy at 6 PM;100% busy at 7 PM;71% busy at 8 PM;53% busy at 9 PM;53% busy at 10 PM;50% busy at 11 PM;46% busy at 12 AM;40% busy at 1 AM;,0% busy at 6 AM;0% busy at 7 AM;0% busy at 8 AM;0% busy at 9 AM;0% busy at 10 AM;0% busy at 11 AM;0% busy at 12 PM;0% busy at 1 PM;0% busy at 2 PM;0% busy at 3 PM;0% busy at 4 PM;81% busy at 5 PM;87% busy at 6 PM;75% busy at 7 PM;75% busy at 8 PM;68% busy at 9 PM;75% busy at 10 PM;62% busy at 11 PM;40% busy at 12 AM;18% busy at 1 AM;,0% busy at 6 AM;0% busy at 7 AM;0% busy at 8 AM;0% busy at 9 AM;0% busy at 10 AM;0% busy at 11 AM;0% busy at 12 PM;0% busy at 1 PM;0% busy at 2 PM;0% busy at 3 PM;0% busy at 4 PM;78% busy at 5 PM;65% busy at 6 PM;59% busy at 7 PM;62% busy at 8 PM;68% busy at 9 PM;59% busy at 10 PM;62% busy at 11 PM;,0% busy at 4 AM;0% busy at 5 AM;0% busy at 6 AM;0% busy at 7 AM;0% busy at 8 AM;0% busy at 9 AM;0% busy at 10 AM;0% busy at 11 AM;0% busy at 12 PM;0% busy at 1 PM;0% busy at 2 PM;0% busy at 3 PM;0% busy at 4 PM;81% busy at 5 PM;71% busy at 6 PM;59% busy at 7 PM;65% busy at 8 PM;62% busy at 9 PM;59% busy at 10 PM;65% busy at 11 PM;
Coffee shop,Half Million,1428,4.3,"حي, 7146 King Khalid Rd, Al Buhairah, Al Khobar 34722, Saudi Arabia",SA,Al Khobar,None,http://halfm.sa/,null,"Monday 6 AM–2 AM  2025-03-31
Tuesday 6 AM–2 AM  2025-04-01
Wednesday 6 AM–2 AM  2025-04-02
Thursday 6 AM–2 AM  2025-04-03
Friday 6 AM–2 AM  2025-04-04
Saturday 6 AM–2 AM  2025-04-05
Sunday 6 AM–2 AM  2025-04-06
 ",https://www.google.com/maps/place/Half+Million/data=!4m5!3m4!1s0x3e49c50aaf42a779:0x3b25bc0f4adb8a6b!8m2!3d26.1841932!4d50.1837388?authuser=0&hl=en&rclk=1,0x3e49c50aaf42a779:0x3b25bc0f4adb8a6b,ChIJeadCrwrFST4Ra4rbSg-8JTs,,26.1841932,50.1837388,coffee shops,https://lh5.googleusercontent.com/p/AF1QipM2eJY-XR-LXf5eSRNCl9bvhrQJfSeyV-JoHzH0=w408-h535-k-no,https://lh5.googleusercontent.com/p/CIHM0ogKEICAgICxkrb5ggE=w1024-h960-p-k-no,https://lh5.googleusercontent.com/p/CIHM0ogKEICAgMCI8PXG2QE=w1024-h960-p-k-no,https://lh5.googleusercontent.com/p/CIHM0ogKEICAgICx4KjpowE=w1024-h960-p-k-no,null,SAR 1–20,,https://plus.codes/55MM+MF Al Khobar Saudi Arabia,55MM+MF Al Khobar Saudi Arabia,No-contact delivery,Monday 6 AM–2 AM  2025-03-31,Tuesday 6 AM–2 AM  2025-04-01,Wednesday 6 AM–2 AM  2025-04-02,Thursday 6 AM–2 AM  2025-04-03,Friday 6 AM–2 AM  2025-04-04,Saturday 6 AM–2 AM  2025-04-05,Sunday 6 AM–2 AM  2025-04-06,0% busy at 5 AM;0% busy at 6 AM;0% busy at 7 AM;0% busy at 8 AM;0% busy at 9 AM;0% busy at 10 AM;0% busy at 11 AM;0% busy at 12 PM;0% busy at 1 PM;0% busy at 2 PM;0% busy at 3 PM;62% busy at 4 PM;62% busy at 5 PM;63% busy at 6 PM;58% busy at 7 PM;56% busy at 8 PM;55% busy at 9 PM;53% busy at 10 PM;48% busy at 11 PM;33% busy at 12 AM;19% busy at 1 AM;,0% busy at 5 AM;0% busy at 6 AM;0% busy at 7 AM;0% busy at 8 AM;0% busy at 9 AM;0% busy at 10 AM;0% busy at 11 AM;0% busy at 12 PM;0% busy at 1 PM;0% busy at 2 PM;0% busy at 3 PM;60% busy at 4 PM;64% busy at 5 PM;64% busy at 6 PM;66% busy at 7 PM;64% busy at 8 PM;62% busy at 9 PM;54% busy at 10 PM;45% busy at 11 PM;31% busy at 12 AM;19% busy at 1 AM;,0% busy at 5 AM;0% busy at 6 AM;0% busy at 7 AM;0% busy at 8 AM;0% busy at 9 AM;0% busy at 10 AM;0% busy at 11 AM;0% busy at 12 PM;0% busy at 1 PM;0% busy at 2 PM;0% busy at 3 PM;68% busy at 4 PM;71% busy at 5 PM;68% busy at 6 PM;66% busy at 7 PM;62% busy at 8 PM;59% busy at 9 PM;54% busy at 10 PM;47% busy at 11 PM;33% busy at 12 AM;21% busy at 1 AM;,0% busy at 5 AM;0% busy at 6 AM;0% busy at 7 AM;0% busy at 8 AM;0% busy at 9 AM;0% busy at 10 AM;0% busy at 11 AM;0% busy at 12 PM;0% busy at 1 PM;0% busy at 2 PM;0% busy at 3 PM;80% busy at 4 PM;81% busy at 5 PM;81% busy at 6 PM;79% busy at 7 PM;81% busy at 8 PM;85% busy at 9 PM;81% busy at 10 PM;71% busy at 11 PM;51% busy at 12 AM;31% busy at 1 AM;,0% busy at 5 AM;0% busy at 6 AM;0% busy at 7 AM;0% busy at 8 AM;0% busy at 9 AM;0% busy at 10 AM;0% busy at 11 AM;0% busy at 12 PM;0% busy at 1 PM;0% busy at 2 PM;0% busy at 3 PM;91% busy at 4 PM;96% busy at 5 PM;97% busy at 6 PM;94% busy at 7 PM;88% busy at 8 PM;84% busy at 9 PM;79% busy at 10 PM;74% busy at 11 PM;50% busy at 12 AM;29% busy at 1 AM;,0% busy at 5 AM;0% busy at 6 AM;0% busy at 7 AM;0% busy at 8 AM;0% busy at 9 AM;0% busy at 10 AM;0% busy at 11 AM;0% busy at 12 PM;0% busy at 1 PM;0% busy at 2 PM;0% busy at 3 PM;100% busy at 4 PM;100% busy at 5 PM;88% busy at 6 PM;76% busy at 7 PM;64% busy at 8 PM;55% busy at 9 PM;45% busy at 10 PM;37% busy at 11 PM;25% busy at 12 AM;14% busy at 1 AM;,0% busy at 5 AM;0% busy at 6 AM;0% busy at 7 AM;0% busy at 8 AM;0% busy at 9 AM;0% busy at 10 AM;0% busy at 11 AM;0% busy at 12 PM;0% busy at 1 PM;0% busy at 2 PM;0% busy at 3 PM;66% busy at 4 PM;66% busy at 5 PM;66% busy at 6 PM;64% busy at 7 PM;60% busy at 8 PM;56% busy at 9 PM;47% busy at 10 PM;41% busy at 11 PM;25% busy at 12 AM;18% busy at 1 AM;
Coffee shop,Coffee Daaj,1,5,"55PH+VMG, Al Buhairah, Al Khobar 34722, Saudi Arabia",SA,Al Khobar,None,null,null,"Monday Open 24 hours  2025-03-31
Tuesday Open 24 hours  2025-04-01
Wednesday Open 24 hours  2025-04-02
Thursday Open 24 hours  2025-04-03
Friday Open 24 hours  2025-04-04
Saturday Open 24 hours  2025-04-05
Sunday Open 24 hours  2025-04-06
 ",https://www.google.com/maps/place/Coffee+Daaj/data=!4m5!3m4!1s0x3e49dd001d078dff:0x878371d6765a895c!8m2!3d26.1871902!4d50.1792165?authuser=0&hl=en&rclk=1,0x3e49dd001d078dff:0x878371d6765a895c,ChIJ_40HHQDdST4RXIladtZxg4c,,26.1871902,50.1792165,coffee shops,https://lh5.googleusercontent.com/p/AF1QipN2Z5utn0sZ9lDdTRLz1rZ-sb_XSVdcfuTkEyba=w408-h544-k-no,https://lh5.googleusercontent.com/p/AF1QipN2Z5utn0sZ9lDdTRLz1rZ-sb_XSVdcfuTkEyba=w1024-h960-p-k-no,https://lh5.googleusercontent.com/p/AF1QipOt_OcmFktezlRjO2-H9hs74M1rrxSv65J8oOta=w1024-h960-p-k-no,https://lh5.googleusercontent.com/p/AF1QipOt_OcmFktezlRjO2-H9hs74M1rrxSv65J8oOta=w1024-h960-p-k-no,null,None,,null,null,null,Monday Open 24 hours  2025-03-31,Tuesday Open 24 hours  2025-04-01,Wednesday Open 24 hours  2025-04-02,Thursday Open 24 hours  2025-04-03,Friday Open 24 hours  2025-04-04,Saturday Open 24 hours  2025-04-05,Sunday Open 24 hours  2025-04-06,,,,,,,
Coffee shop,Rashfa | رشفة,14,4.9,"AlKhobar, 7555 King Khalid Rd, Al Buhairah, 3686, Al Khobar 34722, Saudi Arabia",SA,Al Khobar,None,null,+966 50 535 7884,"Monday Open 24 hours  2025-03-31
Tuesday Open 24 hours  2025-04-01
Wednesday Open 24 hours  2025-04-02
Thursday Open 24 hours  2025-04-03
Friday Open 24 hours  2025-04-04
Saturday Open 24 hours  2025-04-05
Sunday Open 24 hours  2025-04-06
 ",https://www.google.com/maps/place/Rashfa+|+رشفة/data=!4m5!3m4!1s0x3e49c30066d82875:0x47a031ae3b76cae!8m2!3d26.1884899!4d50.1867522?authuser=0&hl=en&rclk=1,0x3e49c30066d82875:0x47a031ae3b76cae,ChIJdSjYZgDDST4Rrmy34xoDegQ,,26.1884899,50.1867522,coffee shops,https://lh5.googleusercontent.com/p/AF1QipMyflh4PkBb2ymni_u10GUPgiBNsA5FVQDr63Ns=w408-h408-k-no,https://lh5.googleusercontent.com/p/CIHM0ogKEICAgIDP7rPA_QE=w1024-h960-p-k-no,https://lh5.googleusercontent.com/p/CIHM0ogKEICAgICPt5-TUg=w1024-h960-p-k-no,https://lh5.googleusercontent.com/p/CIHM0ogKEICAgID3s_6UggE=w1024-h960-p-k-no,null,SAR 1–20,,https://plus.codes/55QP+9P Al Khobar Saudi Arabia,55QP+9P Al Khobar Saudi Arabia,Delivery,Monday Open 24 hours  2025-03-31,Tuesday Open 24 hours  2025-04-01,Wednesday Open 24 hours  2025-04-02,Thursday Open 24 hours  2025-04-03,Friday Open 24 hours  2025-04-04,Saturday Open 24 hours  2025-04-05,Sunday Open 24 hours  2025-04-06,26% busy at 4 AM;13% busy at 5 AM;6% busy at 6 AM;26% busy at 7 AM;40% busy at 8 AM;33% busy at 9 AM;46% busy at 10 AM;53% busy at 11 AM;60% busy at 12 PM;66% busy at 1 PM;80% busy at 2 PM;60% busy at 3 PM;40% busy at 4 PM;46% busy at 5 PM;26% busy at 6 PM;13% busy at 7 PM;0% busy at 8 PM;0% busy at 9 PM;13% busy at 10 PM;20% busy at 11 PM;20% busy at 12 AM;33% busy at 1 AM;53% busy at 2 AM;53% busy at 3 AM;,33% busy at 4 AM;26% busy at 5 AM;26% busy at 6 AM;33% busy at 7 AM;26% busy at 8 AM;20% busy at 9 AM;13% busy at 10 AM;6% busy at 11 AM;6% busy at 12 PM;6% busy at 1 PM;6% busy at 2 PM;13% busy at 3 PM;20% busy at 4 PM;33% busy at 5 PM;40% busy at 6 PM;46% busy at 7 PM;46% busy at 8 PM;73% busy at 9 PM;73% busy at 10 PM;100% busy at 11 PM;80% busy at 12 AM;80% busy at 1 AM;60% busy at 2 AM;60% busy at 3 AM;,26% busy at 4 AM;46% busy at 5 AM;33% busy at 6 AM;20% busy at 7 AM;13% busy at 8 AM;20% busy at 9 AM;20% busy at 10 AM;26% busy at 11 AM;13% busy at 12 PM;13% busy at 1 PM;26% busy at 2 PM;26% busy at 3 PM;33% busy at 4 PM;46% busy at 5 PM;33% busy at 6 PM;40% busy at 7 PM;33% busy at 8 PM;60% busy at 9 PM;73% busy at 10 PM;93% busy at 11 PM;80% busy at 12 AM;60% busy at 1 AM;46% busy at 2 AM;33% busy at 3 AM;,46% busy at 4 AM;40% busy at 5 AM;53% busy at 6 AM;60% busy at 7 AM;86% busy at 8 AM;60% busy at 9 AM;40% busy at 10 AM;26% busy at 11 AM;33% busy at 12 PM;40% busy at 1 PM;53% busy at 2 PM;20% busy at 3 PM;6% busy at 4 PM;6% busy at 5 PM;20% busy at 6 PM;33% busy at 7 PM;40% busy at 8 PM;26% busy at 9 PM;26% busy at 10 PM;40% busy at 11 PM;60% busy at 12 AM;60% busy at 1 AM;53% busy at 2 AM;53% busy at 3 AM;,100% busy at 4 AM;73% busy at 5 AM;46% busy at 6 AM;46% busy at 7 AM;40% busy at 8 AM;53% busy at 9 AM;40% busy at 10 AM;40% busy at 11 AM;33% busy at 12 PM;46% busy at 1 PM;40% busy at 2 PM;46% busy at 3 PM;40% busy at 4 PM;40% busy at 5 PM;40% busy at 6 PM;53% busy at 7 PM;60% busy at 8 PM;46% busy at 9 PM;33% busy at 10 PM;26% busy at 11 PM;26% busy at 12 AM;33% busy at 1 AM;86% busy at 2 AM;100% busy at 3 AM;,40% busy at 4 AM;26% busy at 5 AM;33% busy at 6 AM;40% busy at 7 AM;40% busy at 8 AM;40% busy at 9 AM;40% busy at 10 AM;60% busy at 11 AM;66% busy at 12 PM;60% busy at 1 PM;53% busy at 2 PM;40% busy at 3 PM;26% busy at 4 PM;40% busy at 5 PM;53% busy at 6 PM;33% busy at 7 PM;20% busy at 8 PM;6% busy at 9 PM;13% busy at 10 PM;13% busy at 11 PM;13% busy at 12 AM;40% busy at 1 AM;46% busy at 2 AM;60% busy at 3 AM;,26% busy at 4 AM;20% busy at 5 AM;33% busy at 6 AM;40% busy at 7 AM;46% busy at 8 AM;33% busy at 9 AM;26% busy at 10 AM;20% busy at 11 AM;13% busy at 12 PM;20% busy at 1 PM;20% busy at 2 PM;20% busy at 3 PM;26% busy at 4 PM;33% busy at 5 PM;26% busy at 6 PM;26% busy at 7 PM;33% busy at 8 PM;33% busy at 9 PM;20% busy at 10 PM;13% busy at 11 PM;20% busy at 12 AM;33% busy at 1 AM;26% busy at 2 AM;20% busy at 3 AM;
Coffee shop,اي بلس | A PLUS,241,4.3,"الدوح, Al Sawari, Al Khobar 34724, Saudi Arabia",SA,Al Khobar,None,https://instagram.com/a.pluscoffee?igshid=YmMyMTA2M2Y=,+966 59 285 8494,"Monday Open 24 hours  2025-03-31
Tuesday Open 24 hours  2025-04-01
Wednesday 4 PM–3:30 AM  2025-04-02
Thursday 4 PM–3:30 AM  2025-04-03
Friday 4 PM–3:30 AM  2025-04-04
Saturday 4 PM–3:30 AM  2025-04-05
Sunday 4 PM–12 AM  2025-04-06
 ",https://www.google.com/maps/place/اي+بلس+|+A+PLUS/data=!4m5!3m4!1s0x3e49ddc09be212a1:0xff9ea3be35316f6f!8m2!3d26.1867062!4d50.1596883?authuser=0&hl=en&rclk=1,0x3e49ddc09be212a1:0xff9ea3be35316f6f,ChIJoRLim8DdST4Rb28xNb6jnv8,,26.1867062,50.1596883,coffee shops,https://lh5.googleusercontent.com/p/AF1QipMCuKjXkmu04WKtcjkvgAll6JNfbDyEaNq3ZeTh=w408-h725-k-no,https://lh5.googleusercontent.com/p/AF1QipN5-JhjBPZxgUTQkMSM-Tomrcthc95nrFEDDUEg=w1024-h960-p-k-no,https://lh5.googleusercontent.com/p/AF1QipMfnkwM628sSJSBojoCHO2MPRgnnLPUpYYcbXYU=w1024-h960-p-k-no,https://lh5.googleusercontent.com/p/AF1QipMSPU30fRGKS7xO_-HKiLimxlvuAr7UwOS3U4eL=w1024-h960-p-k-no,null,SAR 20–40,,https://plus.codes/55P5+MV Al Khobar Saudi Arabia,55P5+MV Al Khobar Saudi Arabia,No-contact delivery,Monday Open 24 hours  2025-03-31,Tuesday Open 24 hours  2025-04-01,Wednesday 4 PM–3:30 AM  2025-04-02,Thursday 4 PM–3:30 AM  2025-04-03,Friday 4 PM–3:30 AM  2025-04-04,Saturday 4 PM–3:30 AM  2025-04-05,Sunday 4 PM–12 AM  2025-04-06,,,,,,,
Coffee shop,coffee handle,287,4.6,"الخزامى، بجانب مختبر مير الطبي, Al Khobar 34718, Saudi Arabia",SA,Al Khobar,None,https://www.instagram.com/handle.ksa,+966 55 754 0411,"Monday 6:30 AM–12 AM  2025-03-31
Tuesday 6:30 AM–12 AM  2025-04-01
Wednesday 6:30 AM–12 AM  2025-04-02
Thursday 6:30 AM–1 AM  2025-04-03
Friday 9 AM–1 AM  2025-04-04
Saturday 8 AM–12 AM  2025-04-05
Sunday 6:30 AM–12 AM  2025-04-06
 ",https://www.google.com/maps/place/coffee+handle/data=!4m5!3m4!1s0x3e49c3fcd7d10ae9:0xdc7e7e776f8aee0e!8m2!3d26.2163739!4d50.193752?authuser=0&hl=en&rclk=1,0x3e49c3fcd7d10ae9:0xdc7e7e776f8aee0e,ChIJ6QrR1_zDST4RDu6Kb3d-ftw,,26.2163739,50.193752,coffee shops,https://lh5.googleusercontent.com/p/AF1QipO2nN_SB5jQt8KybbHzStbLUNKJ6bhYYsxn2PTA=w408-h544-k-no,https://lh5.googleusercontent.com/p/CIHM0ogKEICAgICOhvXANw=w1024-h960-p-k-no,https://lh5.googleusercontent.com/p/CIHM0ogKEICAgMDwgt2E5AE=w1024-h960-p-k-no,https://lh5.googleusercontent.com/p/CIHM0ogKEICAgIChgLyflQE=w1024-h960-p-k-no,null,SAR 1–20,,https://plus.codes/658V+GG Al Khobar Saudi Arabia,658V+GG Al Khobar Saudi Arabia,No-contact delivery,Monday 6:30 AM–12 AM  2025-03-31,Tuesday 6:30 AM–12 AM  2025-04-01,Wednesday 6:30 AM–12 AM  2025-04-02,Thursday 6:30 AM–1 AM  2025-04-03,Friday 9 AM–1 AM  2025-04-04,Saturday 8 AM–12 AM  2025-04-05,Sunday 6:30 AM–12 AM  2025-04-06,0% busy at 5 AM;18% busy at 6 AM;25% busy at 7 AM;43% busy at 8 AM;45% busy at 9 AM;56% busy at 10 AM;54% busy at 11 AM;56% busy at 12 PM;45% busy at 1 PM;52% busy at 2 PM;40% busy at 3 PM;34% busy at 4 PM;50% busy at 5 PM;63% busy at 6 PM;84% busy at 7 PM;72% busy at 8 PM;70% busy at 9 PM;63% busy at 10 PM;52% busy at 11 PM;,0% busy at 5 AM;56% busy at 6 AM;63% busy at 7 AM;65% busy at 8 AM;56% busy at 9 AM;68% busy at 10 AM;77% busy at 11 AM;93% busy at 12 PM;75% busy at 1 PM;65% busy at 2 PM;47% busy at 3 PM;34% busy at 4 PM;36% busy at 5 PM;38% busy at 6 PM;65% busy at 7 PM;75% busy at 8 PM;79% busy at 9 PM;70% busy at 10 PM;47% busy at 11 PM;,0% busy at 5 AM;20% busy at 6 AM;34% busy at 7 AM;47% busy at 8 AM;75% busy at 9 AM;61% busy at 10 AM;68% busy at 11 AM;68% busy at 12 PM;72% busy at 1 PM;65% busy at 2 PM;52% busy at 3 PM;56% busy at 4 PM;43% busy at 5 PM;54% busy at 6 PM;63% busy at 7 PM;68% busy at 8 PM;86% busy at 9 PM;79% busy at 10 PM;68% busy at 11 PM;,0% busy at 5 AM;38% busy at 6 AM;36% busy at 7 AM;36% busy at 8 AM;40% busy at 9 AM;43% busy at 10 AM;56% busy at 11 AM;79% busy at 12 PM;77% busy at 1 PM;72% busy at 2 PM;63% busy at 3 PM;52% busy at 4 PM;50% busy at 5 PM;43% busy at 6 PM;38% busy at 7 PM;45% busy at 8 PM;47% busy at 9 PM;47% busy at 10 PM;40% busy at 11 PM;36% busy at 12 AM;,0% busy at 6 AM;0% busy at 7 AM;0% busy at 8 AM;20% busy at 9 AM;34% busy at 10 AM;31% busy at 11 AM;52% busy at 12 PM;56% busy at 1 PM;63% busy at 2 PM;50% busy at 3 PM;45% busy at 4 PM;47% busy at 5 PM;50% busy at 6 PM;56% busy at 7 PM;59% busy at 8 PM;68% busy at 9 PM;59% busy at 10 PM;65% busy at 11 PM;52% busy at 12 AM;,0% busy at 6 AM;0% busy at 7 AM;36% busy at 8 AM;50% busy at 9 AM;63% busy at 10 AM;81% busy at 11 AM;70% busy at 12 PM;65% busy at 1 PM;70% busy at 2 PM;81% busy at 3 PM;100% busy at 4 PM;93% busy at 5 PM;88% busy at 6 PM;77% busy at 7 PM;65% busy at 8 PM;65% busy at 9 PM;40% busy at 10 PM;43% busy at 11 PM;,0% busy at 5 AM;43% busy at 6 AM;63% busy at 7 AM;75% busy at 8 AM;68% busy at 9 AM;79% busy at 10 AM;70% busy at 11 AM;61% busy at 12 PM;43% busy at 1 PM;38% busy at 2 PM;50% busy at 3 PM;56% busy at 4 PM;61% busy at 5 PM;52% busy at 6 PM;56% busy at 7 PM;72% busy at 8 PM;88% busy at 9 PM;77% busy at 10 PM;68% busy at 11 PM;
Coffee shop,كوفي ثقيف,32,4.8,"ECAA3039, 7411 14 A St, 3039، Al Khobar 34719, Saudi Arabia",SA,Al Khobar,None,null,+966 54 280 1298,"Monday Open 24 hours  2025-03-31
Tuesday Open 24 hours  2025-04-01
Wednesday Open 24 hours  2025-04-02
Thursday Open 24 hours  2025-04-03
Friday Open 24 hours  2025-04-04
Saturday Open 24 hours  2025-04-05
Sunday Open 24 hours  2025-04-06
 ",https://www.google.com/maps/place/كوفي+ثقيف/data=!4m5!3m4!1s0x3e49c3004f71e081:0x413b25c15da9bab!8m2!3d26.2086609!4d50.1925033?authuser=0&hl=en&rclk=1,0x3e49c3004f71e081:0x413b25c15da9bab,ChIJgeBxTwDDST4Rq5vaFVyyEwQ,,26.2086609,50.1925033,coffee shops,https://lh5.googleusercontent.com/p/AF1QipOTGbpx4kstctsRRN0JAQpPGxnHNypos5u1omSt=w408-h544-k-no,https://lh5.googleusercontent.com/p/AF1QipOTGbpx4kstctsRRN0JAQpPGxnHNypos5u1omSt=w1024-h960-p-k-no,https://lh5.googleusercontent.com/p/AF1QipOALgA66nL2sx0gLa3q_fC9aHPJ_4gYxus_PIyx=w1024-h960-p-k-no,https://lh5.googleusercontent.com/p/AF1QipMhxq_FZArFxrmly7emDLOki8_JozpECzNDOWjd=w1024-h960-p-k-no,null,SAR 1–20,,https://plus.codes/655V+F2 Al Khobar Saudi Arabia,655V+F2 Al Khobar Saudi Arabia,Delivery,Monday Open 24 hours  2025-03-31,Tuesday Open 24 hours  2025-04-01,Wednesday Open 24 hours  2025-04-02,Thursday Open 24 hours  2025-04-03,Friday Open 24 hours  2025-04-04,Saturday Open 24 hours  2025-04-05,Sunday Open 24 hours  2025-04-06,,,,,,,
Coffee shop,Louga coffee,10,4.7,"King Fahd Road, Al Tahliyah, Al Khobar 34716, Saudi Arabia",SA,Al Khobar,None,null,+966 59 060 6063,"Monday Open 24 hours  2025-03-31
Tuesday Open 24 hours  2025-04-01
Wednesday Open 24 hours  2025-04-02
Thursday Open 24 hours  2025-04-03
Friday Open 24 hours  2025-04-04
Saturday Open 24 hours  2025-04-05
Sunday Open 24 hours  2025-04-06
 ",https://www.google.com/maps/place/Louga+coffee/data=!4m5!3m4!1s0x3e49c55b4f7ca511:0xfa5143dfedf197c5!8m2!3d26.1803634!4d50.203706?authuser=0&hl=en&rclk=1,0x3e49c55b4f7ca511:0xfa5143dfedf197c5,ChIJEaV8T1vFST4RxZfx7d9DUfo,,26.1803634,50.203706,coffee shops,https://lh5.googleusercontent.com/p/AF1QipNEhPMC2P6_MnzwqKbg8SfwGPF08IhbjF2Um4KE=w408-h465-k-no,https://lh5.googleusercontent.com/p/AF1QipOVClGXU5RFc5vuM3QtHJjj8rMZK0f3XA28WaRo=w1024-h960-p-k-no,https://lh5.googleusercontent.com/p/AF1QipOftuL0LMlSz9wy62YFJMHQH8N306p_IGjSFwLm=w1024-h960-p-k-no,https://lh5.googleusercontent.com/p/AF1QipN3z-ZDv_Dwj_2nnbajd5cjP6mzfrSQngMSCGW3=w1024-h960-p-k-no,null,SAR 1–20,,https://plus.codes/56J3+4F Al Khobar Saudi Arabia,56J3+4F Al Khobar Saudi Arabia,No-contact delivery,Monday Open 24 hours  2025-03-31,Tuesday Open 24 hours  2025-04-01,Wednesday Open 24 hours  2025-04-02,Thursday Open 24 hours  2025-04-03,Friday Open 24 hours  2025-04-04,Saturday Open 24 hours  2025-04-05,Sunday Open 24 hours  2025-04-06,38% busy at 4 AM;38% busy at 5 AM;33% busy at 6 AM;22% busy at 7 AM;33% busy at 8 AM;27% busy at 9 AM;22% busy at 10 AM;16% busy at 11 AM;22% busy at 12 PM;22% busy at 1 PM;22% busy at 2 PM;22% busy at 3 PM;16% busy at 4 PM;33% busy at 5 PM;55% busy at 6 PM;38% busy at 7 PM;38% busy at 8 PM;11% busy at 9 PM;22% busy at 10 PM;33% busy at 11 PM;38% busy at 12 AM;44% busy at 1 AM;50% busy at 2 AM;50% busy at 3 AM;,11% busy at 4 AM;5% busy at 5 AM;22% busy at 6 AM;38% busy at 7 AM;55% busy at 8 AM;61% busy at 9 AM;38% busy at 10 AM;33% busy at 11 AM;44% busy at 12 PM;44% busy at 1 PM;44% busy at 2 PM;61% busy at 3 PM;61% busy at 4 PM;44% busy at 5 PM;33% busy at 6 PM;33% busy at 7 PM;33% busy at 8 PM;33% busy at 9 PM;38% busy at 10 PM;33% busy at 11 PM;16% busy at 12 AM;11% busy at 1 AM;11% busy at 2 AM;11% busy at 3 AM;,5% busy at 4 AM;5% busy at 5 AM;16% busy at 6 AM;44% busy at 7 AM;33% busy at 8 AM;22% busy at 9 AM;11% busy at 10 AM;27% busy at 11 AM;44% busy at 12 PM;72% busy at 1 PM;44% busy at 2 PM;55% busy at 3 PM;55% busy at 4 PM;44% busy at 5 PM;27% busy at 6 PM;22% busy at 7 PM;22% busy at 8 PM;27% busy at 9 PM;27% busy at 10 PM;16% busy at 11 PM;22% busy at 12 AM;16% busy at 1 AM;5% busy at 2 AM;0% busy at 3 AM;,38% busy at 4 AM;38% busy at 5 AM;27% busy at 6 AM;38% busy at 7 AM;44% busy at 8 AM;27% busy at 9 AM;22% busy at 10 AM;22% busy at 11 AM;22% busy at 12 PM;27% busy at 1 PM;33% busy at 2 PM;50% busy at 3 PM;50% busy at 4 PM;55% busy at 5 PM;61% busy at 6 PM;44% busy at 7 PM;38% busy at 8 PM;33% busy at 9 PM;38% busy at 10 PM;61% busy at 11 PM;72% busy at 12 AM;72% busy at 1 AM;72% busy at 2 AM;61% busy at 3 AM;,11% busy at 4 AM;11% busy at 5 AM;16% busy at 6 AM;22% busy at 7 AM;16% busy at 8 AM;11% busy at 9 AM;5% busy at 10 AM;0% busy at 11 AM;5% busy at 12 PM;11% busy at 1 PM;16% busy at 2 PM;33% busy at 3 PM;44% busy at 4 PM;66% busy at 5 PM;61% busy at 6 PM;50% busy at 7 PM;22% busy at 8 PM;27% busy at 9 PM;22% busy at 10 PM;16% busy at 11 PM;16% busy at 12 AM;16% busy at 1 AM;11% busy at 2 AM;11% busy at 3 AM;,27% busy at 4 AM;22% busy at 5 AM;16% busy at 6 AM;16% busy at 7 AM;27% busy at 8 AM;50% busy at 9 AM;83% busy at 10 AM;66% busy at 11 AM;61% busy at 12 PM;44% busy at 1 PM;55% busy at 2 PM;66% busy at 3 PM;100% busy at 4 PM;100% busy at 5 PM;83% busy at 6 PM;50% busy at 7 PM;27% busy at 8 PM;11% busy at 9 PM;16% busy at 10 PM;27% busy at 11 PM;44% busy at 12 AM;38% busy at 1 AM;38% busy at 2 AM;33% busy at 3 AM;,33% busy at 4 AM;33% busy at 5 AM;33% busy at 6 AM;27% busy at 7 AM;22% busy at 8 AM;33% busy at 9 AM;44% busy at 10 AM;55% busy at 11 AM;61% busy at 12 PM;38% busy at 1 PM;27% busy at 2 PM;16% busy at 3 PM;11% busy at 4 PM;16% busy at 5 PM;27% busy at 6 PM;27% busy at 7 PM;22% busy at 8 PM;16% busy at 9 PM;16% busy at 10 PM;27% busy at 11 PM;22% busy at 12 AM;27% busy at 1 AM;27% busy at 2 AM;33% busy at 3 AM;
Coffee shop,Espresso Station اسبريسو ستيشن,154,4.4,"4281, Al Khobar 34627, Saudi Arabia",SA,Al Khobar,None,https://espressostation.co/,+966 50 660 3389,"Monday 7 AM–12 AM  2025-03-31
Tuesday 7 AM–11 PM  2025-04-01
Wednesday 7 AM–11 PM  2025-04-02
Thursday 7 AM–11 PM  2025-04-03
Friday 1–11 PM  2025-04-04
Saturday 7 AM–11 PM  2025-04-05
Sunday 7 AM–11 PM  2025-04-06
 ",https://www.google.com/maps/place/Espresso+Station+اسبريسو+ستيشن/data=!4m5!3m4!1s0x3e49c3ed65ddd701:0x29028742328eae65!8m2!3d26.2415771!4d50.2145021?authuser=0&hl=en&rclk=1,0x3e49c3ed65ddd701:0x29028742328eae65,ChIJAdfdZe3DST4RZa6OMkKHAik,,26.2415771,50.2145021,coffee shops,https://lh5.googleusercontent.com/p/AF1QipODeG653u9emN1INsZ0k9HkX55E92KXqdrlyAop=w408-h544-k-no,https://lh5.googleusercontent.com/p/AF1QipM48U7VZPPKoZiOTdoYT8GmNswa_KJSDYx31PNC=w1024-h960-p-k-no,https://lh5.googleusercontent.com/p/CIHM0ogKEICAgMCQ7O_1rAE=w1024-h960-p-k-no,https://lh5.googleusercontent.com/p/CIHM0ogKEICAgICzy6TlYg=w1024-h960-p-k-no,null,SAR 1–20,,https://plus.codes/66R7+JR Al Khobar Saudi Arabia,66R7+JR Al Khobar Saudi Arabia,No-contact delivery,Monday 7 AM–12 AM  2025-03-31,Tuesday 7 AM–11 PM  2025-04-01,Wednesday 7 AM–11 PM  2025-04-02,Thursday 7 AM–11 PM  2025-04-03,Friday 1–11 PM  2025-04-04,Saturday 7 AM–11 PM  2025-04-05,Sunday 7 AM–11 PM  2025-04-06,0% busy at 6 AM;57% busy at 7 AM;57% busy at 8 AM;47% busy at 9 AM;42% busy at 10 AM;52% busy at 11 AM;73% busy at 12 PM;89% busy at 1 PM;100% busy at 2 PM;73% busy at 3 PM;52% busy at 4 PM;42% busy at 5 PM;31% busy at 6 PM;36% busy at 7 PM;21% busy at 8 PM;10% busy at 9 PM;15% busy at 10 PM;21% busy at 11 PM;,0% busy at 6 AM;21% busy at 7 AM;26% busy at 8 AM;26% busy at 9 AM;52% busy at 10 AM;57% busy at 11 AM;63% busy at 12 PM;47% busy at 1 PM;47% busy at 2 PM;68% busy at 3 PM;57% busy at 4 PM;47% busy at 5 PM;21% busy at 6 PM;31% busy at 7 PM;31% busy at 8 PM;42% busy at 9 PM;26% busy at 10 PM;0% busy at 11 PM;,0% busy at 6 AM;78% busy at 7 AM;73% busy at 8 AM;57% busy at 9 AM;63% busy at 10 AM;78% busy at 11 AM;57% busy at 12 PM;47% busy at 1 PM;52% busy at 2 PM;57% busy at 3 PM;63% busy at 4 PM;52% busy at 5 PM;42% busy at 6 PM;47% busy at 7 PM;42% busy at 8 PM;57% busy at 9 PM;36% busy at 10 PM;0% busy at 11 PM;,0% busy at 6 AM;47% busy at 7 AM;57% busy at 8 AM;57% busy at 9 AM;57% busy at 10 AM;57% busy at 11 AM;73% busy at 12 PM;73% busy at 1 PM;100% busy at 2 PM;100% busy at 3 PM;89% busy at 4 PM;73% busy at 5 PM;68% busy at 6 PM;68% busy at 7 PM;47% busy at 8 PM;47% busy at 9 PM;31% busy at 10 PM;0% busy at 11 PM;,0% busy at 6 AM;0% busy at 7 AM;0% busy at 8 AM;0% busy at 9 AM;0% busy at 10 AM;0% busy at 11 AM;0% busy at 12 PM;57% busy at 1 PM;68% busy at 2 PM;84% busy at 3 PM;78% busy at 4 PM;89% busy at 5 PM;73% busy at 6 PM;73% busy at 7 PM;68% busy at 8 PM;63% busy at 9 PM;36% busy at 10 PM;0% busy at 11 PM;,0% busy at 6 AM;31% busy at 7 AM;31% busy at 8 AM;47% busy at 9 AM;63% busy at 10 AM;73% busy at 11 AM;57% busy at 12 PM;52% busy at 1 PM;63% busy at 2 PM;68% busy at 3 PM;73% busy at 4 PM;47% busy at 5 PM;52% busy at 6 PM;57% busy at 7 PM;68% busy at 8 PM;52% busy at 9 PM;42% busy at 10 PM;0% busy at 11 PM;,0% busy at 6 AM;57% busy at 7 AM;57% busy at 8 AM;52% busy at 9 AM;52% busy at 10 AM;47% busy at 11 AM;52% busy at 12 PM;42% busy at 1 PM;52% busy at 2 PM;73% busy at 3 PM;78% busy at 4 PM;63% busy at 5 PM;52% busy at 6 PM;52% busy at 7 PM;47% busy at 8 PM;47% busy at 9 PM;31% busy at 10 PM;0% busy at 11 PM;
Coffee shop,PAUSE CAFE,254,4.4,"PAUSE, Al Khobar 34628, Saudi Arabia",SA,Al Khobar,None,https://instagram.com/pa1u1se_cafe?igshid=NmZiMzY2Mjc=,+966 50 283 5835,"Identifies as women-ownedMonday 6 AM–2 AM  2025-03-31
Tuesday 6 AM–2 AM  2025-04-01
Wednesday 6 AM–2 AM  2025-04-02
Thursday 6 AM–2 AM  2025-04-03
Friday 6 AM–2 AM  2025-04-04
Saturday 6 AM–2 AM  2025-04-05
Sunday 6 AM–2 AM  2025-04-06
 ",https://www.google.com/maps/place/PAUSE+CAFE/data=!4m5!3m4!1s0x3e49c367d39f1359:0xb76e4f1a536f11c6!8m2!3d26.2200573!4d50.2124637?authuser=0&hl=en&rclk=1,0x3e49c367d39f1359:0xb76e4f1a536f11c6,ChIJWROf02fDST4RxhFvUxpPbrc,Identifies as women-owned,26.2200573,50.2124637,coffee shops,https://lh5.googleusercontent.com/p/AF1QipN1KC6lgql-TmA2ndHLeoeAWyQJDHZRCXyFiAty=w408-h544-k-no,https://lh5.googleusercontent.com/p/AF1QipPs-A3FdV6l7WiwZlQnu4qhj5iyTUZEJGYKS0EV=w1024-h960-p-k-no,https://lh5.googleusercontent.com/p/AF1QipNXOM-y9Je73OGwyLpPJ5ZxSY4qJWPOFQ4HQsIX=w1024-h960-p-k-no,https://lh5.googleusercontent.com/p/AF1QipOOpfnsZ44zd1QI9OdBrP7OsROt-sShBy5zEvOY=w1024-h960-p-k-no,null,SAR 20–40,,https://plus.codes/66C6+2X Al Khobar Saudi Arabia,66C6+2X Al Khobar Saudi Arabia,null,Monday 6 AM–2 AM  2025-03-31,Tuesday 6 AM–2 AM  2025-04-01,Wednesday 6 AM–2 AM  2025-04-02,Thursday 6 AM–2 AM  2025-04-03,Friday 6 AM–2 AM  2025-04-04,Saturday 6 AM–2 AM  2025-04-05,Sunday 6 AM–2 AM  2025-04-06,0% busy at 5 AM;38% busy at 6 AM;50% busy at 7 AM;38% busy at 8 AM;29% busy at 9 AM;20% busy at 10 AM;27% busy at 11 AM;36% busy at 12 PM;43% busy at 1 PM;31% busy at 2 PM;29% busy at 3 PM;27% busy at 4 PM;38% busy at 5 PM;27% busy at 6 PM;27% busy at 7 PM;25% busy at 8 PM;36% busy at 9 PM;40% busy at 10 PM;45% busy at 11 PM;56% busy at 12 AM;59% busy at 1 AM;,0% busy at 5 AM;22% busy at 6 AM;36% busy at 7 AM;38% busy at 8 AM;52% busy at 9 AM;65% busy at 10 AM;54% busy at 11 AM;61% busy at 12 PM;47% busy at 1 PM;43% busy at 2 PM;27% busy at 3 PM;29% busy at 4 PM;29% busy at 5 PM;43% busy at 6 PM;43% busy at 7 PM;47% busy at 8 PM;43% busy at 9 PM;40% busy at 10 PM;50% busy at 11 PM;43% busy at 12 AM;50% busy at 1 AM;,0% busy at 5 AM;15% busy at 6 AM;20% busy at 7 AM;27% busy at 8 AM;38% busy at 9 AM;43% busy at 10 AM;36% busy at 11 AM;31% busy at 12 PM;31% busy at 1 PM;40% busy at 2 PM;59% busy at 3 PM;84% busy at 4 PM;77% busy at 5 PM;77% busy at 6 PM;63% busy at 7 PM;61% busy at 8 PM;61% busy at 9 PM;45% busy at 10 PM;40% busy at 11 PM;40% busy at 12 AM;36% busy at 1 AM;,0% busy at 5 AM;63% busy at 6 AM;68% busy at 7 AM;63% busy at 8 AM;52% busy at 9 AM;47% busy at 10 AM;50% busy at 11 AM;63% busy at 12 PM;54% busy at 1 PM;50% busy at 2 PM;47% busy at 3 PM;61% busy at 4 PM;75% busy at 5 PM;88% busy at 6 PM;79% busy at 7 PM;65% busy at 8 PM;50% busy at 9 PM;59% busy at 10 PM;65% busy at 11 PM;79% busy at 12 AM;68% busy at 1 AM;,0% busy at 5 AM;27% busy at 6 AM;38% busy at 7 AM;45% busy at 8 AM;56% busy at 9 AM;47% busy at 10 AM;59% busy at 11 AM;54% busy at 12 PM;59% busy at 1 PM;59% busy at 2 PM;77% busy at 3 PM;95% busy at 4 PM;88% busy at 5 PM;79% busy at 6 PM;68% busy at 7 PM;72% busy at 8 PM;61% busy at 9 PM;63% busy at 10 PM;56% busy at 11 PM;54% busy at 12 AM;40% busy at 1 AM;,0% busy at 5 AM;59% busy at 6 AM;63% busy at 7 AM;63% busy at 8 AM;47% busy at 9 AM;52% busy at 10 AM;56% busy at 11 AM;61% busy at 12 PM;56% busy at 1 PM;50% busy at 2 PM;52% busy at 3 PM;52% busy at 4 PM;54% busy at 5 PM;63% busy at 6 PM;72% busy at 7 PM;61% busy at 8 PM;56% busy at 9 PM;77% busy at 10 PM;100% busy at 11 PM;77% busy at 12 AM;45% busy at 1 AM;,0% busy at 5 AM;56% busy at 6 AM;68% busy at 7 AM;63% busy at 8 AM;75% busy at 9 AM;84% busy at 10 AM;70% busy at 11 AM;56% busy at 12 PM;43% busy at 1 PM;40% busy at 2 PM;45% busy at 3 PM;52% busy at 4 PM;65% busy at 5 PM;61% busy at 6 PM;52% busy at 7 PM;45% busy at 8 PM;52% busy at 9 PM;47% busy at 10 PM;50% busy at 11 PM;59% busy at 12 AM;75% busy at 1 AM;
Coffee shop,مزاج مغربي العزيزية,30,4.6,"ECJD8818، 8818، 3976 39ا، حي الشراع, Al Khobar 34741, Saudi Arabia",SA,Al Khobar,None,null,null,"Monday Open 24 hours  2025-03-31
Tuesday Open 24 hours  2025-04-01
Wednesday Open 24 hours  2025-04-02
Thursday Open 24 hours  2025-04-03
Friday Open 24 hours  2025-04-04
Saturday Open 24 hours  2025-04-05
Sunday Open 24 hours  2025-04-06
 ",https://www.google.com/maps/place/مزاج+مغربي+العزيزية/data=!4m5!3m4!1s0x3e49db006b82e4e9:0x75edb264645544b0!8m2!3d26.1723191!4d50.1621801?authuser=0&hl=en&rclk=1,0x3e49db006b82e4e9:0x75edb264645544b0,ChIJ6eSCawDbST4RsERVZGSy7XU,,26.1723191,50.1621801,coffee shops,https://lh5.googleusercontent.com/p/AF1QipNgYqwn--Hm5zwopDCRHt6mv3b4TE0PajnTDVa3=w408-h512-k-no,https://lh5.googleusercontent.com/p/CIABIhADyc5ULRxvFme2JfYACm19=w1024-h960-p-k-no,https://lh5.googleusercontent.com/p/CIABIhAA3jqzmih6KWe2Jf8ABlh5=w1024-h960-p-k-no,null,null,SAR 1–20,,https://plus.codes/55C6+WV Al Khobar Saudi Arabia,55C6+WV Al Khobar Saudi Arabia,null,Monday Open 24 hours  2025-03-31,Tuesday Open 24 hours  2025-04-01,Wednesday Open 24 hours  2025-04-02,Thursday Open 24 hours  2025-04-03,Friday Open 24 hours  2025-04-04,Saturday Open 24 hours  2025-04-05,Sunday Open 24 hours  2025-04-06,,,,,,,
Coffee shop,Latte cafe,2,5,"King Khalid Rd, Al Khuzama, Al Khobar 34719, Saudi Arabia",SA,Al Khobar,None,https://www.proudhotel.com/,+966 53 911 1651,"Monday Open 24 hours  2025-03-31
Tuesday Open 24 hours  2025-04-01
Wednesday Open 24 hours  2025-04-02
Thursday Open 24 hours  2025-04-03
Friday Open 24 hours  2025-04-04
Saturday Open 24 hours  2025-04-05
Sunday Open 24 hours  2025-04-06
 ",https://www.google.com/maps/place/Latte+cafe/data=!4m5!3m4!1s0x3e49c382cb41f30d:0x42ed6807260bebb!8m2!3d26.2107031!4d50.1963187?authuser=0&hl=en&rclk=1,0x3e49c382cb41f30d:0x42ed6807260bebb,ChIJDfNBy4LDST4Ru75gcoDWLgQ,,26.2107031,50.1963187,coffee shops,https://lh5.googleusercontent.com/p/AF1QipN81OvuOVfsYUzIjLKBw9aDO8pHlMcljysvaXTM=w408-h306-k-no,https://lh5.googleusercontent.com/p/AF1QipPvxp-Qe7tAVMelpLeqIYvWpXwiy8GHTlnojV8f=w1024-h960-p-k-no,https://lh5.googleusercontent.com/p/AF1QipNAVCxhw_wMl2AtcB5mySMSLejs6ekbAvQhR7G6=w1024-h960-p-k-no,https://lh5.googleusercontent.com/p/AF1QipN81OvuOVfsYUzIjLKBw9aDO8pHlMcljysvaXTM=w1024-h960-p-k-no,null,None,,https://plus.codes/656W+7G Al Khobar Saudi Arabia,656W+7G Al Khobar Saudi Arabia,Dine-in,Monday Open 24 hours  2025-03-31,Tuesday Open 24 hours  2025-04-01,Wednesday Open 24 hours  2025-04-02,Thursday Open 24 hours  2025-04-03,Friday Open 24 hours  2025-04-04,Saturday Open 24 hours  2025-04-05,Sunday Open 24 hours  2025-04-06,50% busy at 4 AM;35% busy at 5 AM;35% busy at 6 AM;21% busy at 7 AM;35% busy at 8 AM;28% busy at 9 AM;14% busy at 10 AM;7% busy at 11 AM;28% busy at 12 PM;35% busy at 1 PM;64% busy at 2 PM;64% busy at 3 PM;85% busy at 4 PM;64% busy at 5 PM;35% busy at 6 PM;35% busy at 7 PM;50% busy at 8 PM;50% busy at 9 PM;57% busy at 10 PM;50% busy at 11 PM;57% busy at 12 AM;64% busy at 1 AM;42% busy at 2 AM;42% busy at 3 AM;,50% busy at 4 AM;64% busy at 5 AM;78% busy at 6 AM;50% busy at 7 AM;35% busy at 8 AM;28% busy at 9 AM;35% busy at 10 AM;35% busy at 11 AM;35% busy at 12 PM;21% busy at 1 PM;35% busy at 2 PM;42% busy at 3 PM;64% busy at 4 PM;42% busy at 5 PM;14% busy at 6 PM;0% busy at 7 PM;14% busy at 8 PM;21% busy at 9 PM;35% busy at 10 PM;28% busy at 11 PM;35% busy at 12 AM;64% busy at 1 AM;64% busy at 2 AM;57% busy at 3 AM;,42% busy at 4 AM;14% busy at 5 AM;21% busy at 6 AM;42% busy at 7 AM;50% busy at 8 AM;28% busy at 9 AM;35% busy at 10 AM;42% busy at 11 AM;50% busy at 12 PM;21% busy at 1 PM;14% busy at 2 PM;21% busy at 3 PM;35% busy at 4 PM;57% busy at 5 PM;64% busy at 6 PM;64% busy at 7 PM;42% busy at 8 PM;64% busy at 9 PM;64% busy at 10 PM;57% busy at 11 PM;42% busy at 12 AM;35% busy at 1 AM;35% busy at 2 AM;35% busy at 3 AM;,28% busy at 4 AM;28% busy at 5 AM;50% busy at 6 AM;85% busy at 7 AM;71% busy at 8 AM;57% busy at 9 AM;35% busy at 10 AM;50% busy at 11 AM;71% busy at 12 PM;42% busy at 1 PM;28% busy at 2 PM;21% busy at 3 PM;21% busy at 4 PM;28% busy at 5 PM;57% busy at 6 PM;71% busy at 7 PM;42% busy at 8 PM;42% busy at 9 PM;50% busy at 10 PM;71% busy at 11 PM;42% busy at 12 AM;42% busy at 1 AM;35% busy at 2 AM;42% busy at 3 AM;,50% busy at 4 AM;57% busy at 5 AM;50% busy at 6 AM;50% busy at 7 AM;50% busy at 8 AM;50% busy at 9 AM;57% busy at 10 AM;71% busy at 11 AM;42% busy at 12 PM;35% busy at 1 PM;21% busy at 2 PM;50% busy at 3 PM;35% busy at 4 PM;28% busy at 5 PM;21% busy at 6 PM;35% busy at 7 PM;35% busy at 8 PM;57% busy at 9 PM;57% busy at 10 PM;78% busy at 11 PM;50% busy at 12 AM;57% busy at 1 AM;57% busy at 2 AM;50% busy at 3 AM;,64% busy at 4 AM;100% busy at 5 AM;78% busy at 6 AM;64% busy at 7 AM;35% busy at 8 AM;35% busy at 9 AM;14% busy at 10 AM;14% busy at 11 AM;28% busy at 12 PM;35% busy at 1 PM;28% busy at 2 PM;28% busy at 3 PM;35% busy at 4 PM;35% busy at 5 PM;21% busy at 6 PM;21% busy at 7 PM;28% busy at 8 PM;14% busy at 9 PM;0% busy at 10 PM;14% busy at 11 PM;28% busy at 12 AM;28% busy at 1 AM;35% busy at 2 AM;50% busy at 3 AM;,50% busy at 4 AM;64% busy at 5 AM;35% busy at 6 AM;21% busy at 7 AM;14% busy at 8 AM;21% busy at 9 AM;21% busy at 10 AM;28% busy at 11 AM;50% busy at 12 PM;42% busy at 1 PM;28% busy at 2 PM;35% busy at 3 PM;21% busy at 4 PM;21% busy at 5 PM;35% busy at 6 PM;57% busy at 7 PM;28% busy at 8 PM;28% busy at 9 PM;28% busy at 10 PM;14% busy at 11 PM;21% busy at 12 AM;14% busy at 1 AM;35% busy at 2 AM;50% busy at 3 AM;
Coffee shop,Chemistry cafe drive through Alhamra,15,4.5,"3872 King Fahd Road, حي الحمراء, EEDF7914, 7914, Al Khobar 34628, Saudi Arabia",SA,Al Khobar,None,null,+966 59 596 1597, ,https://www.google.com/maps/place/Chemistry+cafe+drive+through+Alhamra/data=!4m5!3m4!1s0x3e49c3001a89451d:0xa18b85c7295f4a4e!8m2!3d26.2350518!4d50.2135679?authuser=0&hl=en&rclk=1,0x3e49c3001a89451d:0xa18b85c7295f4a4e,ChIJHUWJGgDDST4RTkpfKceFi6E,,26.2350518,50.2135679,coffee shops,https://lh5.googleusercontent.com/p/AF1QipOmoFbSXv50hDJvGVOWUjbdSBhb0RUeNB6kI8hp=w408-h725-k-no,https://lh5.googleusercontent.com/p/AF1QipOmoFbSXv50hDJvGVOWUjbdSBhb0RUeNB6kI8hp=w1024-h960-p-k-no,null,null,null,None,,https://plus.codes/66P7+2C Al Khobar Saudi Arabia,66P7+2C Al Khobar Saudi Arabia,Delivery,,,,,,,,,,,,,,
Coffee shop,One cup Cafe,17,4.3,"القرشي, 4633 حي, Al Jisr, ECAC7192، 7192 عبدالرحمن ابن معاذ, Al Khobar 34714, Saudi Arabia",SA,Al Khobar,None,null,null,"Monday 6 AM–12 AM  2025-03-31
Tuesday 6 AM–12 AM  2025-04-01
Wednesday 6 AM–12 AM  2025-04-02
Thursday 6 AM–12 AM  2025-04-03
Friday 6 AM–12 AM  2025-04-04
Saturday 6 AM–2 AM  2025-04-05
Sunday 6 AM–12 AM  2025-04-06
 ",https://www.google.com/maps/place/One+cup+Cafe/data=!4m5!3m4!1s0x3e49c300769c1193:0x70f7cb3351336b24!8m2!3d26.2061442!4d50.2085455?authuser=0&hl=en&rclk=1,0x3e49c300769c1193:0x70f7cb3351336b24,ChIJkxGcdgDDST4RJGszUTPL93A,,26.2061442,50.2085455,coffee shops,https://lh5.googleusercontent.com/p/AF1QipM-cv8mZwoYIvVQJWfYtaQEwBasnbyhFylRPPoK=w408-h544-k-no,https://lh5.googleusercontent.com/p/AF1QipM-cv8mZwoYIvVQJWfYtaQEwBasnbyhFylRPPoK=w1024-h960-p-k-no,https://lh5.googleusercontent.com/p/AF1QipPaGeM9wvB7kQODBgMl-MLc8W89vd6vu84u6iqw=w1024-h960-p-k-no,https://lh5.googleusercontent.com/p/AF1QipO_w7KrBA2TJ2LYKejUAWQ8i6NC8kbjjFMEQn8z=w1024-h960-p-k-no,null,SAR 1–20,,https://plus.codes/6645+FC Al Khobar Saudi Arabia,6645+FC Al Khobar Saudi Arabia,Delivery,Monday 6 AM–12 AM  2025-03-31,Tuesday 6 AM–12 AM  2025-04-01,Wednesday 6 AM–12 AM  2025-04-02,Thursday 6 AM–12 AM  2025-04-03,Friday 6 AM–12 AM  2025-04-04,Saturday 6 AM–2 AM  2025-04-05,Sunday 6 AM–12 AM  2025-04-06,0% busy at 5 AM;28% busy at 6 AM;42% busy at 7 AM;28% busy at 8 AM;28% busy at 9 AM;42% busy at 10 AM;35% busy at 11 AM;35% busy at 12 PM;21% busy at 1 PM;35% busy at 2 PM;35% busy at 3 PM;42% busy at 4 PM;50% busy at 5 PM;71% busy at 6 PM;71% busy at 7 PM;85% busy at 8 PM;57% busy at 9 PM;57% busy at 10 PM;50% busy at 11 PM;,0% busy at 5 AM;57% busy at 6 AM;50% busy at 7 AM;50% busy at 8 AM;85% busy at 9 AM;92% busy at 10 AM;78% busy at 11 AM;42% busy at 12 PM;57% busy at 1 PM;71% busy at 2 PM;100% busy at 3 PM;100% busy at 4 PM;71% busy at 5 PM;50% busy at 6 PM;28% busy at 7 PM;42% busy at 8 PM;57% busy at 9 PM;78% busy at 10 PM;78% busy at 11 PM;,0% busy at 5 AM;71% busy at 6 AM;64% busy at 7 AM;57% busy at 8 AM;57% busy at 9 AM;64% busy at 10 AM;57% busy at 11 AM;64% busy at 12 PM;57% busy at 1 PM;71% busy at 2 PM;57% busy at 3 PM;57% busy at 4 PM;57% busy at 5 PM;42% busy at 6 PM;42% busy at 7 PM;64% busy at 8 PM;71% busy at 9 PM;57% busy at 10 PM;28% busy at 11 PM;,0% busy at 5 AM;35% busy at 6 AM;35% busy at 7 AM;28% busy at 8 AM;21% busy at 9 AM;21% busy at 10 AM;21% busy at 11 AM;7% busy at 12 PM;14% busy at 1 PM;42% busy at 2 PM;57% busy at 3 PM;57% busy at 4 PM;57% busy at 5 PM;50% busy at 6 PM;64% busy at 7 PM;64% busy at 8 PM;57% busy at 9 PM;57% busy at 10 PM;42% busy at 11 PM;,0% busy at 5 AM;50% busy at 6 AM;64% busy at 7 AM;50% busy at 8 AM;42% busy at 9 AM;35% busy at 10 AM;50% busy at 11 AM;64% busy at 12 PM;35% busy at 1 PM;42% busy at 2 PM;28% busy at 3 PM;50% busy at 4 PM;50% busy at 5 PM;50% busy at 6 PM;28% busy at 7 PM;21% busy at 8 PM;35% busy at 9 PM;42% busy at 10 PM;50% busy at 11 PM;,0% busy at 5 AM;28% busy at 6 AM;28% busy at 7 AM;14% busy at 8 AM;21% busy at 9 AM;28% busy at 10 AM;28% busy at 11 AM;28% busy at 12 PM;42% busy at 1 PM;28% busy at 2 PM;42% busy at 3 PM;78% busy at 4 PM;100% busy at 5 PM;78% busy at 6 PM;64% busy at 7 PM;42% busy at 8 PM;35% busy at 9 PM;42% busy at 10 PM;50% busy at 11 PM;64% busy at 12 AM;71% busy at 1 AM;,0% busy at 5 AM;21% busy at 6 AM;28% busy at 7 AM;42% busy at 8 AM;57% busy at 9 AM;50% busy at 10 AM;42% busy at 11 AM;50% busy at 12 PM;35% busy at 1 PM;28% busy at 2 PM;21% busy at 3 PM;28% busy at 4 PM;50% busy at 5 PM;78% busy at 6 PM;64% busy at 7 PM;42% busy at 8 PM;50% busy at 9 PM;50% busy at 10 PM;64% busy at 11 PM;
Coffee shop,مقهى تربيعة وكيف,35,4.4,"Al muammar Al mazni, Al Sawari, Al Khobar 34724, Saudi Arabia",SA,Al Khobar,None,null,+966 50 027 8755,"Monday Open 24 hours  2025-03-31
Tuesday Open 24 hours  2025-04-01
Wednesday Open 24 hours  2025-04-02
Thursday Open 24 hours  2025-04-03
Friday Open 24 hours  2025-04-04
Saturday Open 24 hours  2025-04-05
Sunday Open 24 hours  2025-04-06
 ",https://www.google.com/maps/place/مقهى+تربيعة+وكيف/data=!4m5!3m4!1s0x3e49dd6ddaa3c22f:0xa25516b208143879!8m2!3d26.1849606!4d50.1647389?authuser=0&hl=en&rclk=1,0x3e49dd6ddaa3c22f:0xa25516b208143879,ChIJL8Kj2m3dST4ReTgUCLIWVaI,,26.1849606,50.1647389,coffee shops,https://lh5.googleusercontent.com/p/AF1QipMjMKMKtmpO7OmzZqH8B9YHaTsK7l5__NQpW9nc=w408-h543-k-no,https://lh5.googleusercontent.com/p/AF1QipP520qT5bglQtt9brV3CyuKlWrczI9d84nZsPkA=w1024-h960-p-k-no,https://lh5.googleusercontent.com/p/AF1QipPT54mPg9vhxXQEb3STA9RrQG-waNifWEQnwjjp=w1024-h960-p-k-no,https://lh5.googleusercontent.com/p/AF1QipMP_loSZQ6ffThjmql7qd84RXQ5tSyclH-zFtOf=w1024-h960-p-k-no,null,SAR 1–20,,https://plus.codes/55M7+XV Al Khobar Saudi Arabia,55M7+XV Al Khobar Saudi Arabia,Takeout,Monday Open 24 hours  2025-03-31,Tuesday Open 24 hours  2025-04-01,Wednesday Open 24 hours  2025-04-02,Thursday Open 24 hours  2025-04-03,Friday Open 24 hours  2025-04-04,Saturday Open 24 hours  2025-04-05,Sunday Open 24 hours  2025-04-06,40% busy at 4 AM;26% busy at 5 AM;33% busy at 6 AM;33% busy at 7 AM;13% busy at 8 AM;13% busy at 9 AM;20% busy at 10 AM;26% busy at 11 AM;20% busy at 12 PM;13% busy at 1 PM;26% busy at 2 PM;33% busy at 3 PM;26% busy at 4 PM;33% busy at 5 PM;26% busy at 6 PM;53% busy at 7 PM;66% busy at 8 PM;73% busy at 9 PM;53% busy at 10 PM;60% busy at 11 PM;73% busy at 12 AM;60% busy at 1 AM;60% busy at 2 AM;53% busy at 3 AM;,20% busy at 4 AM;26% busy at 5 AM;40% busy at 6 AM;46% busy at 7 AM;53% busy at 8 AM;46% busy at 9 AM;40% busy at 10 AM;20% busy at 11 AM;26% busy at 12 PM;6% busy at 1 PM;6% busy at 2 PM;33% busy at 3 PM;53% busy at 4 PM;66% busy at 5 PM;60% busy at 6 PM;73% busy at 7 PM;73% busy at 8 PM;66% busy at 9 PM;73% busy at 10 PM;66% busy at 11 PM;66% busy at 12 AM;53% busy at 1 AM;33% busy at 2 AM;26% busy at 3 AM;,13% busy at 4 AM;26% busy at 5 AM;53% busy at 6 AM;66% busy at 7 AM;53% busy at 8 AM;80% busy at 9 AM;73% busy at 10 AM;86% busy at 11 AM;93% busy at 12 PM;100% busy at 1 PM;60% busy at 2 PM;33% busy at 3 PM;6% busy at 4 PM;13% busy at 5 PM;20% busy at 6 PM;40% busy at 7 PM;40% busy at 8 PM;53% busy at 9 PM;40% busy at 10 PM;53% busy at 11 PM;40% busy at 12 AM;60% busy at 1 AM;46% busy at 2 AM;20% busy at 3 AM;,46% busy at 4 AM;60% busy at 5 AM;66% busy at 6 AM;60% busy at 7 AM;33% busy at 8 AM;26% busy at 9 AM;33% busy at 10 AM;66% busy at 11 AM;66% busy at 12 PM;86% busy at 1 PM;53% busy at 2 PM;40% busy at 3 PM;53% busy at 4 PM;40% busy at 5 PM;53% busy at 6 PM;53% busy at 7 PM;46% busy at 8 PM;73% busy at 9 PM;60% busy at 10 PM;53% busy at 11 PM;46% busy at 12 AM;46% busy at 1 AM;53% busy at 2 AM;53% busy at 3 AM;,26% busy at 4 AM;26% busy at 5 AM;20% busy at 6 AM;20% busy at 7 AM;46% busy at 8 AM;66% busy at 9 AM;66% busy at 10 AM;66% busy at 11 AM;46% busy at 12 PM;60% busy at 1 PM;66% busy at 2 PM;66% busy at 3 PM;46% busy at 4 PM;60% busy at 5 PM;33% busy at 6 PM;20% busy at 7 PM;6% busy at 8 PM;26% busy at 9 PM;26% busy at 10 PM;26% busy at 11 PM;13% busy at 12 AM;13% busy at 1 AM;13% busy at 2 AM;20% busy at 3 AM;,40% busy at 4 AM;26% busy at 5 AM;33% busy at 6 AM;40% busy at 7 AM;26% busy at 8 AM;20% busy at 9 AM;33% busy at 10 AM;46% busy at 11 AM;53% busy at 12 PM;40% busy at 1 PM;33% busy at 2 PM;6% busy at 3 PM;6% busy at 4 PM;6% busy at 5 PM;26% busy at 6 PM;26% busy at 7 PM;13% busy at 8 PM;13% busy at 9 PM;20% busy at 10 PM;33% busy at 11 PM;53% busy at 12 AM;80% busy at 1 AM;46% busy at 2 AM;40% busy at 3 AM;,40% busy at 4 AM;33% busy at 5 AM;20% busy at 6 AM;6% busy at 7 AM;13% busy at 8 AM;13% busy at 9 AM;13% busy at 10 AM;0% busy at 11 AM;13% busy at 12 PM;13% busy at 1 PM;20% busy at 2 PM;33% busy at 3 PM;40% busy at 4 PM;33% busy at 5 PM;33% busy at 6 PM;26% busy at 7 PM;33% busy at 8 PM;33% busy at 9 PM;46% busy at 10 PM;40% busy at 11 PM;53% busy at 12 AM;40% busy at 1 AM;60% busy at 2 AM;53% busy at 3 AM;
Coffee shop,Barn's | بارنز,10,4.6,"55PM+6WW, Al Buhairah, Al Khobar 34722, Saudi Arabia",SA,Al Khobar,None,null,+966 9200 06843,"Monday Open 24 hours  2025-03-31
Tuesday Open 24 hours  2025-04-01
Wednesday Open 24 hours  2025-04-02
Thursday Open 24 hours  2025-04-03
Friday Open 24 hours  2025-04-04
Saturday Open 24 hours  2025-04-05
Sunday Open 24 hours  2025-04-06
 ",https://www.google.com/maps/place/Barn's+|+بارنز/data=!4m5!3m4!1s0x3e49c5005e1b3d79:0x285085b764a17711!8m2!3d26.1856133!4d50.1848445?authuser=0&hl=en&rclk=1,0x3e49c5005e1b3d79:0x285085b764a17711,ChIJeT0bXgDFST4REXehZLeFUCg,,26.1856133,50.1848445,coffee shops,https://lh5.googleusercontent.com/p/AF1QipPoKmO0dBM_nh6kcGOGeYYSZwAcJ2IpAT1Vztzv=w408-h408-k-no,https://lh5.googleusercontent.com/p/AF1QipPoKmO0dBM_nh6kcGOGeYYSZwAcJ2IpAT1Vztzv=w1024-h960-p-k-no,https://lh5.googleusercontent.com/p/AF1QipPoKmO0dBM_nh6kcGOGeYYSZwAcJ2IpAT1Vztzv=w1024-h960-p-k-no,https://lh5.googleusercontent.com/p/AF1QipPoKmO0dBM_nh6kcGOGeYYSZwAcJ2IpAT1Vztzv=w1024-h960-p-k-no,null,SAR 1–20,,null,null,Takeout,Monday Open 24 hours  2025-03-31,Tuesday Open 24 hours  2025-04-01,Wednesday Open 24 hours  2025-04-02,Thursday Open 24 hours  2025-04-03,Friday Open 24 hours  2025-04-04,Saturday Open 24 hours  2025-04-05,Sunday Open 24 hours  2025-04-06,61% busy at 4 AM;76% busy at 5 AM;61% busy at 6 AM;46% busy at 7 AM;53% busy at 8 AM;38% busy at 9 AM;46% busy at 10 AM;46% busy at 11 AM;61% busy at 12 PM;61% busy at 1 PM;61% busy at 2 PM;61% busy at 3 PM;46% busy at 4 PM;53% busy at 5 PM;46% busy at 6 PM;23% busy at 7 PM;15% busy at 8 PM;0% busy at 9 PM;15% busy at 10 PM;15% busy at 11 PM;23% busy at 12 AM;15% busy at 1 AM;38% busy at 2 AM;46% busy at 3 AM;,53% busy at 4 AM;61% busy at 5 AM;53% busy at 6 AM;53% busy at 7 AM;61% busy at 8 AM;53% busy at 9 AM;38% busy at 10 AM;30% busy at 11 AM;23% busy at 12 PM;30% busy at 1 PM;46% busy at 2 PM;23% busy at 3 PM;23% busy at 4 PM;23% busy at 5 PM;30% busy at 6 PM;53% busy at 7 PM;92% busy at 8 PM;69% busy at 9 PM;61% busy at 10 PM;46% busy at 11 PM;53% busy at 12 AM;38% busy at 1 AM;38% busy at 2 AM;38% busy at 3 AM;,15% busy at 4 AM;23% busy at 5 AM;23% busy at 6 AM;23% busy at 7 AM;38% busy at 8 AM;38% busy at 9 AM;53% busy at 10 AM;30% busy at 11 AM;23% busy at 12 PM;7% busy at 1 PM;15% busy at 2 PM;23% busy at 3 PM;23% busy at 4 PM;61% busy at 5 PM;69% busy at 6 PM;92% busy at 7 PM;69% busy at 8 PM;53% busy at 9 PM;46% busy at 10 PM;38% busy at 11 PM;30% busy at 12 AM;46% busy at 1 AM;38% busy at 2 AM;38% busy at 3 AM;,38% busy at 4 AM;38% busy at 5 AM;46% busy at 6 AM;23% busy at 7 AM;15% busy at 8 AM;7% busy at 9 AM;30% busy at 10 AM;53% busy at 11 AM;46% busy at 12 PM;15% busy at 1 PM;7% busy at 2 PM;7% busy at 3 PM;23% busy at 4 PM;46% busy at 5 PM;53% busy at 6 PM;76% busy at 7 PM;84% busy at 8 PM;69% busy at 9 PM;46% busy at 10 PM;61% busy at 11 PM;69% busy at 12 AM;84% busy at 1 AM;69% busy at 2 AM;53% busy at 3 AM;,100% busy at 4 AM;84% busy at 5 AM;46% busy at 6 AM;38% busy at 7 AM;30% busy at 8 AM;46% busy at 9 AM;30% busy at 10 AM;23% busy at 11 AM;23% busy at 12 PM;46% busy at 1 PM;61% busy at 2 PM;84% busy at 3 PM;76% busy at 4 PM;38% busy at 5 PM;23% busy at 6 PM;23% busy at 7 PM;46% busy at 8 PM;76% busy at 9 PM;76% busy at 10 PM;53% busy at 11 PM;38% busy at 12 AM;30% busy at 1 AM;53% busy at 2 AM;69% busy at 3 AM;,84% busy at 4 AM;100% busy at 5 AM;69% busy at 6 AM;46% busy at 7 AM;30% busy at 8 AM;15% busy at 9 AM;30% busy at 10 AM;30% busy at 11 AM;38% busy at 12 PM;53% busy at 1 PM;38% busy at 2 PM;30% busy at 3 PM;46% busy at 4 PM;69% busy at 5 PM;69% busy at 6 PM;53% busy at 7 PM;46% busy at 8 PM;38% busy at 9 PM;46% busy at 10 PM;38% busy at 11 PM;23% busy at 12 AM;30% busy at 1 AM;46% busy at 2 AM;76% busy at 3 AM;,76% busy at 4 AM;38% busy at 5 AM;38% busy at 6 AM;30% busy at 7 AM;15% busy at 8 AM;30% busy at 9 AM;38% busy at 10 AM;61% busy at 11 AM;46% busy at 12 PM;46% busy at 1 PM;53% busy at 2 PM;23% busy at 3 PM;15% busy at 4 PM;0% busy at 5 PM;15% busy at 6 PM;30% busy at 7 PM;46% busy at 8 PM;15% busy at 9 PM;7% busy at 10 PM;7% busy at 11 PM;15% busy at 12 AM;46% busy at 1 AM;69% busy at 2 AM;69% busy at 3 AM;
Coffee shop,بوكس للقهوه | BOX speciality coffee,52,4.2,"Abdulrahman Ibn Muath St, القرشي، Al Khobar 34714, Saudi Arabia",SA,Al Khobar,None,null,null,"Monday Open 24 hours  2025-03-31
Tuesday Open 24 hours  2025-04-01
Wednesday Open 24 hours  2025-04-02
Thursday Open 24 hours  2025-04-03
Friday Open 24 hours  2025-04-04
Saturday Open 24 hours  2025-04-05
Sunday Open 24 hours  2025-04-06
 ",https://www.google.com/maps/place/بوكس+للقهوه+|+BOX+speciality+coffee/data=!4m5!3m4!1s0x3e49c3c6302085ad:0xb8ec6e167a807c8c!8m2!3d26.2162517!4d50.2069921?authuser=0&hl=en&rclk=1,0x3e49c3c6302085ad:0xb8ec6e167a807c8c,ChIJrYUgMMbDST4RjHyAehZu7Lg,,26.2162517,50.2069921,coffee shops,https://lh5.googleusercontent.com/p/AF1QipNHgpcnm7XcVBQfL1RcHsp7A__TjEGV9ZFAeBxQ=w408-h544-k-no,https://lh5.googleusercontent.com/p/AF1QipMWl97vajhvyFejc5xSL9wpm52eONdqJ29Jbvhf=w1024-h960-p-k-no,https://lh5.googleusercontent.com/p/AF1QipMGR8SrcUlzn1mTlefA3DGt2fayeGP4C0cX-NdM=w1024-h960-p-k-no,https://lh5.googleusercontent.com/p/AF1QipNJSK2jXvWj6MONlyPTnA8nDad4ULtb7hey3tYr=w1024-h960-p-k-no,null,SAR 1–20,,https://plus.codes/6684+GQ Al Khobar Saudi Arabia,6684+GQ Al Khobar Saudi Arabia,Delivery,Monday Open 24 hours  2025-03-31,Tuesday Open 24 hours  2025-04-01,Wednesday Open 24 hours  2025-04-02,Thursday Open 24 hours  2025-04-03,Friday Open 24 hours  2025-04-04,Saturday Open 24 hours  2025-04-05,Sunday Open 24 hours  2025-04-06,20% busy at 4 AM;25% busy at 5 AM;45% busy at 6 AM;45% busy at 7 AM;45% busy at 8 AM;15% busy at 9 AM;10% busy at 10 AM;15% busy at 11 AM;35% busy at 12 PM;25% busy at 1 PM;30% busy at 2 PM;35% busy at 3 PM;40% busy at 4 PM;45% busy at 5 PM;55% busy at 6 PM;45% busy at 7 PM;35% busy at 8 PM;30% busy at 9 PM;25% busy at 10 PM;25% busy at 11 PM;40% busy at 12 AM;25% busy at 1 AM;30% busy at 2 AM;25% busy at 3 AM;,30% busy at 4 AM;25% busy at 5 AM;30% busy at 6 AM;20% busy at 7 AM;15% busy at 8 AM;5% busy at 9 AM;10% busy at 10 AM;15% busy at 11 AM;15% busy at 12 PM;15% busy at 1 PM;25% busy at 2 PM;30% busy at 3 PM;35% busy at 4 PM;30% busy at 5 PM;30% busy at 6 PM;25% busy at 7 PM;30% busy at 8 PM;25% busy at 9 PM;35% busy at 10 PM;25% busy at 11 PM;45% busy at 12 AM;40% busy at 1 AM;40% busy at 2 AM;35% busy at 3 AM;,15% busy at 4 AM;20% busy at 5 AM;30% busy at 6 AM;35% busy at 7 AM;40% busy at 8 AM;40% busy at 9 AM;40% busy at 10 AM;45% busy at 11 AM;60% busy at 12 PM;65% busy at 1 PM;65% busy at 2 PM;45% busy at 3 PM;40% busy at 4 PM;25% busy at 5 PM;25% busy at 6 PM;35% busy at 7 PM;40% busy at 8 PM;30% busy at 9 PM;30% busy at 10 PM;30% busy at 11 PM;30% busy at 12 AM;25% busy at 1 AM;20% busy at 2 AM;10% busy at 3 AM;,10% busy at 4 AM;25% busy at 5 AM;35% busy at 6 AM;55% busy at 7 AM;50% busy at 8 AM;45% busy at 9 AM;25% busy at 10 AM;15% busy at 11 AM;15% busy at 12 PM;15% busy at 1 PM;15% busy at 2 PM;15% busy at 3 PM;25% busy at 4 PM;20% busy at 5 PM;20% busy at 6 PM;20% busy at 7 PM;20% busy at 8 PM;25% busy at 9 PM;30% busy at 10 PM;35% busy at 11 PM;35% busy at 12 AM;25% busy at 1 AM;15% busy at 2 AM;5% busy at 3 AM;,35% busy at 4 AM;25% busy at 5 AM;35% busy at 6 AM;30% busy at 7 AM;30% busy at 8 AM;30% busy at 9 AM;35% busy at 10 AM;50% busy at 11 AM;70% busy at 12 PM;85% busy at 1 PM;95% busy at 2 PM;60% busy at 3 PM;45% busy at 4 PM;25% busy at 5 PM;30% busy at 6 PM;40% busy at 7 PM;50% busy at 8 PM;50% busy at 9 PM;45% busy at 10 PM;55% busy at 11 PM;35% busy at 12 AM;45% busy at 1 AM;50% busy at 2 AM;30% busy at 3 AM;,25% busy at 4 AM;25% busy at 5 AM;30% busy at 6 AM;30% busy at 7 AM;25% busy at 8 AM;35% busy at 9 AM;45% busy at 10 AM;55% busy at 11 AM;60% busy at 12 PM;55% busy at 1 PM;70% busy at 2 PM;70% busy at 3 PM;100% busy at 4 PM;65% busy at 5 PM;50% busy at 6 PM;45% busy at 7 PM;45% busy at 8 PM;35% busy at 9 PM;25% busy at 10 PM;40% busy at 11 PM;40% busy at 12 AM;55% busy at 1 AM;50% busy at 2 AM;40% busy at 3 AM;,25% busy at 4 AM;35% busy at 5 AM;50% busy at 6 AM;50% busy at 7 AM;50% busy at 8 AM;40% busy at 9 AM;45% busy at 10 AM;45% busy at 11 AM;55% busy at 12 PM;35% busy at 1 PM;25% busy at 2 PM;20% busy at 3 PM;35% busy at 4 PM;30% busy at 5 PM;30% busy at 6 PM;25% busy at 7 PM;10% busy at 8 PM;15% busy at 9 PM;10% busy at 10 PM;10% busy at 11 PM;5% busy at 12 AM;10% busy at 1 AM;15% busy at 2 AM;15% busy at 3 AM;
Coffee shop,Starbucks,599,4,"ENOC Khozama -Drive Thru, Al Khuzama, Al Khobar 34719, Saudi Arabia",SA,Al Khobar,None,https://locations.starbucks.sa/directory/al-khobar/enoc-khozama-drive-thru?utm_source=GMB&utm_medium=Yext&y_source=1_MTU0ODA3MTQtNzE1LWxvY2F0aW9uLndlYnNpdGU%3D,+966 13 667 8697,"Monday Open 24 hours  2025-03-31
Tuesday Open 24 hours  2025-04-01
Wednesday Open 24 hours  2025-04-02
Thursday Open 24 hours  2025-04-03
Friday Open 24 hours  2025-04-04
Saturday Open 24 hours  2025-04-05
Sunday Open 24 hours  2025-04-06
 ",https://www.google.com/maps/place/Starbucks/data=!4m5!3m4!1s0x3e49c34f1665c3f7:0x2f4be81d8d9538a4!8m2!3d26.2052948!4d50.196493?authuser=0&hl=en&rclk=1,0x3e49c34f1665c3f7:0x2f4be81d8d9538a4,ChIJ98NlFk_DST4RpDiVjR3oSy8,,26.2052948,50.196493,coffee shops,https://lh5.googleusercontent.com/p/AF1QipM4IaRweBNUydt4W9wNx2w62uUcR1CgyB-kmvIH=w408-h544-k-no,https://lh5.googleusercontent.com/p/CIHM0ogKEICAgIDmwNawUA=w1024-h960-p-k-no,https://lh5.googleusercontent.com/p/CIHM0ogKEICAgIDVt9X_FA=w1024-h960-p-k-no,https://lh5.googleusercontent.com/p/CIHM0ogKEICAgICqob6TIg=w1024-h960-p-k-no,"Seattle-based coffeehouse chain known for its signature roasts, light bites and WiFi availability.",SAR 20–40,,https://plus.codes/654W+4H Al Khobar Saudi Arabia,654W+4H Al Khobar Saudi Arabia,Delivery,Monday Open 24 hours  2025-03-31,Tuesday Open 24 hours  2025-04-01,Wednesday Open 24 hours  2025-04-02,Thursday Open 24 hours  2025-04-03,Friday Open 24 hours  2025-04-04,Saturday Open 24 hours  2025-04-05,Sunday Open 24 hours  2025-04-06,30% busy at 4 AM;22% busy at 5 AM;17% busy at 6 AM;20% busy at 7 AM;28% busy at 8 AM;34% busy at 9 AM;47% busy at 10 AM;52% busy at 11 AM;52% busy at 12 PM;49% busy at 1 PM;46% busy at 2 PM;41% busy at 3 PM;50% busy at 4 PM;57% busy at 5 PM;57% busy at 6 PM;44% busy at 7 PM;44% busy at 8 PM;46% busy at 9 PM;52% busy at 10 PM;50% busy at 11 PM;47% busy at 12 AM;38% busy at 1 AM;33% busy at 2 AM;38% busy at 3 AM;,41% busy at 4 AM;31% busy at 5 AM;34% busy at 6 AM;39% busy at 7 AM;47% busy at 8 AM;42% busy at 9 AM;44% busy at 10 AM;44% busy at 11 AM;52% busy at 12 PM;57% busy at 1 PM;60% busy at 2 PM;52% busy at 3 PM;47% busy at 4 PM;42% busy at 5 PM;42% busy at 6 PM;58% busy at 7 PM;55% busy at 8 PM;69% busy at 9 PM;77% busy at 10 PM;92% busy at 11 PM;66% busy at 12 AM;49% busy at 1 AM;39% busy at 2 AM;46% busy at 3 AM;,25% busy at 4 AM;26% busy at 5 AM;26% busy at 6 AM;33% busy at 7 AM;36% busy at 8 AM;34% busy at 9 AM;41% busy at 10 AM;50% busy at 11 AM;49% busy at 12 PM;44% busy at 1 PM;44% busy at 2 PM;41% busy at 3 PM;49% busy at 4 PM;69% busy at 5 PM;73% busy at 6 PM;85% busy at 7 PM;80% busy at 8 PM;71% busy at 9 PM;63% busy at 10 PM;58% busy at 11 PM;52% busy at 12 AM;57% busy at 1 AM;41% busy at 2 AM;41% busy at 3 AM;,30% busy at 4 AM;41% busy at 5 AM;44% busy at 6 AM;58% busy at 7 AM;71% busy at 8 AM;69% busy at 9 AM;66% busy at 10 AM;55% busy at 11 AM;42% busy at 12 PM;42% busy at 1 PM;39% busy at 2 PM;47% busy at 3 PM;60% busy at 4 PM;79% busy at 5 PM;100% busy at 6 PM;82% busy at 7 PM;76% busy at 8 PM;61% busy at 9 PM;60% busy at 10 PM;47% busy at 11 PM;36% busy at 12 AM;30% busy at 1 AM;23% busy at 2 AM;26% busy at 3 AM;,58% busy at 4 AM;41% busy at 5 AM;28% busy at 6 AM;26% busy at 7 AM;41% busy at 8 AM;50% busy at 9 AM;46% busy at 10 AM;42% busy at 11 AM;38% busy at 12 PM;44% busy at 1 PM;34% busy at 2 PM;42% busy at 3 PM;47% busy at 4 PM;47% busy at 5 PM;52% busy at 6 PM;71% busy at 7 PM;74% busy at 8 PM;80% busy at 9 PM;84% busy at 10 PM;71% busy at 11 PM;58% busy at 12 AM;55% busy at 1 AM;55% busy at 2 AM;58% busy at 3 AM;,36% busy at 4 AM;22% busy at 5 AM;22% busy at 6 AM;23% busy at 7 AM;36% busy at 8 AM;41% busy at 9 AM;46% busy at 10 AM;49% busy at 11 AM;44% busy at 12 PM;58% busy at 1 PM;66% busy at 2 PM;76% busy at 3 PM;76% busy at 4 PM;85% busy at 5 PM;84% busy at 6 PM;88% busy at 7 PM;76% busy at 8 PM;73% busy at 9 PM;57% busy at 10 PM;57% busy at 11 PM;52% busy at 12 AM;58% busy at 1 AM;60% busy at 2 AM;44% busy at 3 AM;,34% busy at 4 AM;36% busy at 5 AM;38% busy at 6 AM;41% busy at 7 AM;38% busy at 8 AM;46% busy at 9 AM;46% busy at 10 AM;49% busy at 11 AM;42% busy at 12 PM;39% busy at 1 PM;41% busy at 2 PM;49% busy at 3 PM;69% busy at 4 PM;74% busy at 5 PM;74% busy at 6 PM;69% busy at 7 PM;66% busy at 8 PM;74% busy at 9 PM;84% busy at 10 PM;73% busy at 11 PM;44% busy at 12 AM;42% busy at 1 AM;39% busy at 2 AM;39% busy at 3 AM;
Coffee shop,القهوة المثالية فرع الجسر,63,4.3,"4274 Alnuman Ibn Harithah St, Al Tahliyah, Al Khobar 34715, Saudi Arabia",SA,Al Khobar,None,http://perfectcofe.com/,+966 58 166 4591,"Monday Open 24 hours  2025-03-31
Tuesday Open 24 hours  2025-04-01
Wednesday Open 24 hours  2025-04-02
Thursday Open 24 hours  2025-04-03
Friday Open 24 hours  2025-04-04
Saturday Open 24 hours  2025-04-05
Sunday Open 24 hours  2025-04-06
 ",https://www.google.com/maps/place/القهوة+المثالية+فرع+الجسر/data=!4m5!3m4!1s0x3e49c3a0ab7daebb:0xb677dd713991053a!8m2!3d26.2010224!4d50.2050258?authuser=0&hl=en&rclk=1,0x3e49c3a0ab7daebb:0xb677dd713991053a,ChIJu659q6DDST4ROgWROXHdd7Y,,26.2010224,50.2050258,coffee shops,https://lh5.googleusercontent.com/p/AF1QipNJghxm8IiRvW1JU1Z7W7v1y-tbo9vG2yqpPdKh=w408-h612-k-no,https://lh5.googleusercontent.com/p/AF1QipMVWHELYY5_8idF-C48FRkNbcK84z8oqS5_KfiP=w1024-h960-p-k-no,https://lh5.googleusercontent.com/p/AF1QipMijZvv0RlgiZwiQ9Lgmy-yMOVeCHFHXJ1IVu1_=w1024-h960-p-k-no,https://lh5.googleusercontent.com/p/AF1QipNwkeS9Qil6Tah5urBYc0RY-xg7_bdMLeDQXoYP=w1024-h960-p-k-no,null,SAR 1–20,,https://plus.codes/6624+C2 Al Khobar Saudi Arabia,6624+C2 Al Khobar Saudi Arabia,No-contact delivery,Monday Open 24 hours  2025-03-31,Tuesday Open 24 hours  2025-04-01,Wednesday Open 24 hours  2025-04-02,Thursday Open 24 hours  2025-04-03,Friday Open 24 hours  2025-04-04,Saturday Open 24 hours  2025-04-05,Sunday Open 24 hours  2025-04-06,50% busy at 4 AM;42% busy at 5 AM;50% busy at 6 AM;42% busy at 7 AM;50% busy at 8 AM;50% busy at 9 AM;57% busy at 10 AM;92% busy at 11 AM;85% busy at 12 PM;92% busy at 1 PM;100% busy at 2 PM;92% busy at 3 PM;64% busy at 4 PM;50% busy at 5 PM;57% busy at 6 PM;85% busy at 7 PM;100% busy at 8 PM;100% busy at 9 PM;100% busy at 10 PM;92% busy at 11 PM;71% busy at 12 AM;42% busy at 1 AM;50% busy at 2 AM;28% busy at 3 AM;,35% busy at 4 AM;50% busy at 5 AM;50% busy at 6 AM;57% busy at 7 AM;57% busy at 8 AM;64% busy at 9 AM;57% busy at 10 AM;28% busy at 11 AM;21% busy at 12 PM;21% busy at 1 PM;28% busy at 2 PM;28% busy at 3 PM;42% busy at 4 PM;50% busy at 5 PM;57% busy at 6 PM;57% busy at 7 PM;78% busy at 8 PM;78% busy at 9 PM;57% busy at 10 PM;50% busy at 11 PM;28% busy at 12 AM;35% busy at 1 AM;35% busy at 2 AM;35% busy at 3 AM;,50% busy at 4 AM;42% busy at 5 AM;50% busy at 6 AM;35% busy at 7 AM;42% busy at 8 AM;35% busy at 9 AM;28% busy at 10 AM;28% busy at 11 AM;57% busy at 12 PM;57% busy at 1 PM;57% busy at 2 PM;42% busy at 3 PM;21% busy at 4 PM;28% busy at 5 PM;35% busy at 6 PM;42% busy at 7 PM;35% busy at 8 PM;42% busy at 9 PM;50% busy at 10 PM;64% busy at 11 PM;64% busy at 12 AM;92% busy at 1 AM;85% busy at 2 AM;64% busy at 3 AM;,71% busy at 4 AM;85% busy at 5 AM;78% busy at 6 AM;71% busy at 7 AM;71% busy at 8 AM;71% busy at 9 AM;50% busy at 10 AM;35% busy at 11 AM;35% busy at 12 PM;57% busy at 1 PM;71% busy at 2 PM;50% busy at 3 PM;42% busy at 4 PM;28% busy at 5 PM;21% busy at 6 PM;35% busy at 7 PM;64% busy at 8 PM;92% busy at 9 PM;85% busy at 10 PM;64% busy at 11 PM;57% busy at 12 AM;78% busy at 1 AM;71% busy at 2 AM;78% busy at 3 AM;,35% busy at 4 AM;21% busy at 5 AM;7% busy at 6 AM;14% busy at 7 AM;28% busy at 8 AM;35% busy at 9 AM;64% busy at 10 AM;64% busy at 11 AM;35% busy at 12 PM;14% busy at 1 PM;14% busy at 2 PM;42% busy at 3 PM;64% busy at 4 PM;78% busy at 5 PM;71% busy at 6 PM;57% busy at 7 PM;50% busy at 8 PM;50% busy at 9 PM;42% busy at 10 PM;21% busy at 11 PM;21% busy at 12 AM;35% busy at 1 AM;35% busy at 2 AM;21% busy at 3 AM;,50% busy at 4 AM;35% busy at 5 AM;42% busy at 6 AM;57% busy at 7 AM;64% busy at 8 AM;78% busy at 9 AM;57% busy at 10 AM;42% busy at 11 AM;21% busy at 12 PM;35% busy at 1 PM;21% busy at 2 PM;28% busy at 3 PM;35% busy at 4 PM;35% busy at 5 PM;42% busy at 6 PM;35% busy at 7 PM;35% busy at 8 PM;28% busy at 9 PM;50% busy at 10 PM;57% busy at 11 PM;28% busy at 12 AM;21% busy at 1 AM;42% busy at 2 AM;64% busy at 3 AM;,7% busy at 4 AM;21% busy at 5 AM;35% busy at 6 AM;50% busy at 7 AM;57% busy at 8 AM;42% busy at 9 AM;28% busy at 10 AM;35% busy at 11 AM;42% busy at 12 PM;14% busy at 1 PM;21% busy at 2 PM;21% busy at 3 PM;57% busy at 4 PM;57% busy at 5 PM;57% busy at 6 PM;57% busy at 7 PM;50% busy at 8 PM;57% busy at 9 PM;42% busy at 10 PM;64% busy at 11 PM;57% busy at 12 AM;85% busy at 1 AM;57% busy at 2 AM;35% busy at 3 AM;
Coffee shop,Barn's | بارنز,99,4.5,"King Khalid Rd, Taouwan Station, Al Khobar Saudi Arabia",SA,Al Khobar,None,https://barns.com.sa/en,+966 9200 06843,"Monday Open 24 hours  2025-03-31
Tuesday Open 24 hours  2025-04-01
Wednesday Open 24 hours  2025-04-02
Thursday Open 24 hours  2025-04-03
Friday Open 24 hours  2025-04-04
Saturday Open 24 hours  2025-04-05
Sunday Open 24 hours  2025-04-06
 ",https://www.google.com/maps/place/Barn's+|+بارنز/data=!4m5!3m4!1s0x3e49c3ac12f2b20f:0xb01391ce1d299f30!8m2!3d26.2316642!4d50.1941112?authuser=0&hl=en&rclk=1,0x3e49c3ac12f2b20f:0xb01391ce1d299f30,ChIJD7LyEqzDST4RMJ8pHc6RE7A,,26.2316642,50.1941112,coffee shops,https://lh5.googleusercontent.com/p/AF1QipPJiHfE-yGbpFkHFL1Y5BVNSSoZHRnrT-xo1wrk=w408-h408-k-no,https://lh5.googleusercontent.com/p/AF1QipPJiHfE-yGbpFkHFL1Y5BVNSSoZHRnrT-xo1wrk=w1024-h960-p-k-no,https://lh5.googleusercontent.com/p/AF1QipNqJKsIMaXlAXCrZgCoXInqoeXveH3trJNlqU9B=w1024-h960-p-k-no,https://lh5.googleusercontent.com/p/AF1QipPS-LzvFWTntDKU1EqxgEQPuvVwJa1OGAK1cPVh=w1024-h960-p-k-no,null,SAR 1–20,,https://plus.codes/65JV+MJ Al Khobar Saudi Arabia,65JV+MJ Al Khobar Saudi Arabia,No-contact delivery,Monday Open 24 hours  2025-03-31,Tuesday Open 24 hours  2025-04-01,Wednesday Open 24 hours  2025-04-02,Thursday Open 24 hours  2025-04-03,Friday Open 24 hours  2025-04-04,Saturday Open 24 hours  2025-04-05,Sunday Open 24 hours  2025-04-06,24% busy at 4 AM;37% busy at 5 AM;56% busy at 6 AM;67% busy at 7 AM;54% busy at 8 AM;62% busy at 9 AM;56% busy at 10 AM;70% busy at 11 AM;72% busy at 12 PM;67% busy at 1 PM;56% busy at 2 PM;45% busy at 3 PM;43% busy at 4 PM;48% busy at 5 PM;62% busy at 6 PM;64% busy at 7 PM;67% busy at 8 PM;64% busy at 9 PM;70% busy at 10 PM;51% busy at 11 PM;29% busy at 12 AM;21% busy at 1 AM;21% busy at 2 AM;24% busy at 3 AM;,51% busy at 4 AM;59% busy at 5 AM;64% busy at 6 AM;67% busy at 7 AM;67% busy at 8 AM;72% busy at 9 AM;56% busy at 10 AM;51% busy at 11 AM;48% busy at 12 PM;70% busy at 1 PM;86% busy at 2 PM;100% busy at 3 PM;86% busy at 4 PM;67% busy at 5 PM;62% busy at 6 PM;48% busy at 7 PM;54% busy at 8 PM;56% busy at 9 PM;59% busy at 10 PM;51% busy at 11 PM;43% busy at 12 AM;29% busy at 1 AM;29% busy at 2 AM;32% busy at 3 AM;,24% busy at 4 AM;29% busy at 5 AM;40% busy at 6 AM;67% busy at 7 AM;81% busy at 8 AM;91% busy at 9 AM;89% busy at 10 AM;59% busy at 11 AM;51% busy at 12 PM;48% busy at 1 PM;67% busy at 2 PM;81% busy at 3 PM;86% busy at 4 PM;70% busy at 5 PM;67% busy at 6 PM;56% busy at 7 PM;51% busy at 8 PM;64% busy at 9 PM;48% busy at 10 PM;43% busy at 11 PM;16% busy at 12 AM;10% busy at 1 AM;18% busy at 2 AM;18% busy at 3 AM;,51% busy at 4 AM;59% busy at 5 AM;67% busy at 6 AM;83% busy at 7 AM;59% busy at 8 AM;51% busy at 9 AM;48% busy at 10 AM;64% busy at 11 AM;72% busy at 12 PM;78% busy at 1 PM;75% busy at 2 PM;70% busy at 3 PM;70% busy at 4 PM;67% busy at 5 PM;70% busy at 6 PM;62% busy at 7 PM;67% busy at 8 PM;72% busy at 9 PM;75% busy at 10 PM;67% busy at 11 PM;59% busy at 12 AM;43% busy at 1 AM;40% busy at 2 AM;43% busy at 3 AM;,27% busy at 4 AM;16% busy at 5 AM;16% busy at 6 AM;24% busy at 7 AM;29% busy at 8 AM;37% busy at 9 AM;40% busy at 10 AM;51% busy at 11 AM;56% busy at 12 PM;54% busy at 1 PM;56% busy at 2 PM;75% busy at 3 PM;75% busy at 4 PM;67% busy at 5 PM;54% busy at 6 PM;37% busy at 7 PM;45% busy at 8 PM;51% busy at 9 PM;78% busy at 10 PM;81% busy at 11 PM;67% busy at 12 AM;54% busy at 1 AM;35% busy at 2 AM;27% busy at 3 AM;,27% busy at 4 AM;37% busy at 5 AM;43% busy at 6 AM;64% busy at 7 AM;75% busy at 8 AM;72% busy at 9 AM;75% busy at 10 AM;67% busy at 11 AM;75% busy at 12 PM;81% busy at 1 PM;83% busy at 2 PM;81% busy at 3 PM;72% busy at 4 PM;62% busy at 5 PM;56% busy at 6 PM;56% busy at 7 PM;51% busy at 8 PM;54% busy at 9 PM;48% busy at 10 PM;37% busy at 11 PM;27% busy at 12 AM;27% busy at 1 AM;27% busy at 2 AM;32% busy at 3 AM;,40% busy at 4 AM;48% busy at 5 AM;67% busy at 6 AM;75% busy at 7 AM;72% busy at 8 AM;51% busy at 9 AM;48% busy at 10 AM;62% busy at 11 AM;70% busy at 12 PM;81% busy at 1 PM;81% busy at 2 PM;75% busy at 3 PM;67% busy at 4 PM;62% busy at 5 PM;51% busy at 6 PM;54% busy at 7 PM;62% busy at 8 PM;67% busy at 9 PM;67% busy at 10 PM;64% busy at 11 PM;48% busy at 12 AM;37% busy at 1 AM;29% busy at 2 AM;37% busy at 3 AM;
Coffee shop,maquod Cafe مقهى معقود للمشروبات والمأكولات,216,4.3,"Dist, Unit No 2974, 2935, 14A - Al Khuzama, Al Khobar Saudi Arabia",SA,Al Khobar,None,null,+966 55 988 8825,"Identifies as women-ownedMonday 7–11:30 AM 3:30–11:30 PM 2025-03-31
Tuesday 7–11:30 AM 3:30–11:30 PM 2025-04-01
Wednesday 7–11:30 AM 3:30–11:30 PM 2025-04-02
Thursday 7–11:30 AM 3:30–11:30 PM 2025-04-03
Friday 1–11:30 PM  2025-04-04
Saturday 7–11:30 AM 3:30–11:30 PM 2025-04-05
Sunday 7–11:30 AM 3:30–11:30 PM 2025-04-06
 ",https://www.google.com/maps/place/maquod+Cafe+مقهى+معقود+للمشروبات+والمأكولات/data=!4m5!3m4!1s0x3e49c36de8012be3:0xb916d4a103996c13!8m2!3d26.2085228!4d50.1911699?authuser=0&hl=en&rclk=1,0x3e49c36de8012be3:0xb916d4a103996c13,ChIJ4ysB6G3DST4RE2yZA6HUFrk,Identifies as women-owned,26.2085228,50.1911699,coffee shops,https://lh5.googleusercontent.com/p/AF1QipPun-iQPkmRXSX3Qt907yOuHmQT3OfdWxfWrsr5=w408-h725-k-no,https://lh5.googleusercontent.com/p/AF1QipMNe4EXKc3_OUt6L1LkHmlqwcHpVLgHhVQ1gDgM=w1024-h960-p-k-no,https://lh5.googleusercontent.com/p/AF1QipOEo1sNVW8zVBG9WB-SCOjGuDuVNeFHA87wQ-qP=w1024-h960-p-k-no,https://lh5.googleusercontent.com/p/AF1QipMWbW7BppAyJv7W8bHtv74AbgYZ0vs4FcvcdYdr=w1024-h960-p-k-no,null,SAR 1–20,,https://plus.codes/655R+CF Al Khobar Saudi Arabia,655R+CF Al Khobar Saudi Arabia,null,Monday 7–11:30 AM 3:30–11:30 PM 2025-03-31,Tuesday 7–11:30 AM 3:30–11:30 PM 2025-04-01,Wednesday 7–11:30 AM 3:30–11:30 PM 2025-04-02,Thursday 7–11:30 AM 3:30–11:30 PM 2025-04-03,Friday 1–11:30 PM  2025-04-04,Saturday 7–11:30 AM 3:30–11:30 PM 2025-04-05,Sunday 7–11:30 AM 3:30–11:30 PM 2025-04-06,0% busy at 6 AM;11% busy at 7 AM;0% busy at 8 AM;16% busy at 9 AM;38% busy at 10 AM;66% busy at 11 AM;0% busy at 12 PM;0% busy at 1 PM;0% busy at 2 PM;22% busy at 3 PM;33% busy at 4 PM;27% busy at 5 PM;16% busy at 6 PM;27% busy at 7 PM;38% busy at 8 PM;72% busy at 9 PM;55% busy at 10 PM;33% busy at 11 PM;,0% busy at 6 AM;22% busy at 7 AM;16% busy at 8 AM;22% busy at 9 AM;22% busy at 10 AM;16% busy at 11 AM;0% busy at 12 PM;0% busy at 1 PM;0% busy at 2 PM;55% busy at 3 PM;66% busy at 4 PM;61% busy at 5 PM;50% busy at 6 PM;61% busy at 7 PM;72% busy at 8 PM;100% busy at 9 PM;94% busy at 10 PM;66% busy at 11 PM;,0% busy at 6 AM;44% busy at 7 AM;38% busy at 8 AM;38% busy at 9 AM;38% busy at 10 AM;38% busy at 11 AM;0% busy at 12 PM;0% busy at 1 PM;0% busy at 2 PM;50% busy at 3 PM;66% busy at 4 PM;66% busy at 5 PM;72% busy at 6 PM;72% busy at 7 PM;66% busy at 8 PM;61% busy at 9 PM;55% busy at 10 PM;38% busy at 11 PM;,0% busy at 6 AM;33% busy at 7 AM;16% busy at 8 AM;27% busy at 9 AM;22% busy at 10 AM;16% busy at 11 AM;0% busy at 12 PM;0% busy at 1 PM;0% busy at 2 PM;11% busy at 3 PM;5% busy at 4 PM;27% busy at 5 PM;55% busy at 6 PM;55% busy at 7 PM;50% busy at 8 PM;38% busy at 9 PM;44% busy at 10 PM;33% busy at 11 PM;,0% busy at 6 AM;0% busy at 7 AM;0% busy at 8 AM;0% busy at 9 AM;0% busy at 10 AM;0% busy at 11 AM;0% busy at 12 PM;44% busy at 1 PM;55% busy at 2 PM;77% busy at 3 PM;88% busy at 4 PM;77% busy at 5 PM;38% busy at 6 PM;22% busy at 7 PM;33% busy at 8 PM;55% busy at 9 PM;72% busy at 10 PM;50% busy at 11 PM;,0% busy at 6 AM;22% busy at 7 AM;33% busy at 8 AM;33% busy at 9 AM;33% busy at 10 AM;33% busy at 11 AM;0% busy at 12 PM;0% busy at 1 PM;0% busy at 2 PM;22% busy at 3 PM;38% busy at 4 PM;50% busy at 5 PM;44% busy at 6 PM;38% busy at 7 PM;44% busy at 8 PM;44% busy at 9 PM;44% busy at 10 PM;38% busy at 11 PM;,0% busy at 6 AM;11% busy at 7 AM;16% busy at 8 AM;44% busy at 9 AM;38% busy at 10 AM;61% busy at 11 AM;0% busy at 12 PM;0% busy at 1 PM;0% busy at 2 PM;61% busy at 3 PM;61% busy at 4 PM;66% busy at 5 PM;66% busy at 6 PM;61% busy at 7 PM;66% busy at 8 PM;66% busy at 9 PM;50% busy at 10 PM;38% busy at 11 PM;
Coffee shop,Barn's | بارنز,221,4.3,"6625+J7Q, Alnuman Ibn Harithah St، الجسر،، 4606، الجسر، الخبر 34714 6674،, Al Khobar 34714،, Saudi Arabia",SA,Al Khobar,None,https://barns.com.sa/en,+966 9200 06843,"Monday Open 24 hours  2025-03-31
Tuesday Open 24 hours  2025-04-01
Wednesday Open 24 hours  2025-04-02
Thursday Open 24 hours  2025-04-03
Friday Open 24 hours  2025-04-04
Saturday Open 24 hours  2025-04-05
Sunday Open 24 hours  2025-04-06
 ",https://www.google.com/maps/place/Barn's+|+بارنز/data=!4m5!3m4!1s0x3e49c34df6a67a99:0x73285fa9ce480333!8m2!3d26.2013771!4d50.2080815?authuser=0&hl=en&rclk=1,0x3e49c34df6a67a99:0x73285fa9ce480333,ChIJmXqm9k3DST4RMwNIzqlfKHM,,26.2013771,50.2080815,coffee shops,https://lh5.googleusercontent.com/p/AF1QipOaTz75msoSRGs1T0C9wqgG7qe9jhWKRIbqHMaG=w408-h544-k-no,https://lh5.googleusercontent.com/p/AF1QipPbPayVW__0Glja22IIArIQlHKQA9rlCm9IWLkA=w1024-h960-p-k-no,https://lh5.googleusercontent.com/p/AF1QipMSkQGarLB7IgTR7twxKpc-6SkaOp-TqYCVdg-v=w1024-h960-p-k-no,https://lh5.googleusercontent.com/p/AF1QipMehHEhhqo9zoqKjeqedT_eTP-vPSbpf9TLgxJm=w1024-h960-p-k-no,null,SAR 1–20,,null,null,Delivery,Monday Open 24 hours  2025-03-31,Tuesday Open 24 hours  2025-04-01,Wednesday Open 24 hours  2025-04-02,Thursday Open 24 hours  2025-04-03,Friday Open 24 hours  2025-04-04,Saturday Open 24 hours  2025-04-05,Sunday Open 24 hours  2025-04-06,40% busy at 4 AM;51% busy at 5 AM;64% busy at 6 AM;74% busy at 7 AM;64% busy at 8 AM;61% busy at 9 AM;66% busy at 10 AM;64% busy at 11 AM;71% busy at 12 PM;57% busy at 1 PM;42% busy at 2 PM;37% busy at 3 PM;37% busy at 4 PM;32% busy at 5 PM;32% busy at 6 PM;31% busy at 7 PM;33% busy at 8 PM;42% busy at 9 PM;50% busy at 10 PM;64% busy at 11 PM;45% busy at 12 AM;41% busy at 1 AM;35% busy at 2 AM;44% busy at 3 AM;,15% busy at 4 AM;23% busy at 5 AM;35% busy at 6 AM;62% busy at 7 AM;83% busy at 8 AM;100% busy at 9 AM;92% busy at 10 AM;81% busy at 11 AM;58% busy at 12 PM;45% busy at 1 PM;29% busy at 2 PM;27% busy at 3 PM;31% busy at 4 PM;50% busy at 5 PM;57% busy at 6 PM;67% busy at 7 PM;48% busy at 8 PM;45% busy at 9 PM;45% busy at 10 PM;58% busy at 11 PM;58% busy at 12 AM;54% busy at 1 AM;40% busy at 2 AM;22% busy at 3 AM;,38% busy at 4 AM;44% busy at 5 AM;49% busy at 6 AM;48% busy at 7 AM;57% busy at 8 AM;58% busy at 9 AM;74% busy at 10 AM;75% busy at 11 AM;74% busy at 12 PM;66% busy at 1 PM;61% busy at 2 PM;63% busy at 3 PM;50% busy at 4 PM;45% busy at 5 PM;53% busy at 6 PM;50% busy at 7 PM;49% busy at 8 PM;38% busy at 9 PM;33% busy at 10 PM;33% busy at 11 PM;35% busy at 12 AM;28% busy at 1 AM;32% busy at 2 AM;29% busy at 3 AM;,51% busy at 4 AM;57% busy at 5 AM;64% busy at 6 AM;66% busy at 7 AM;61% busy at 8 AM;67% busy at 9 AM;66% busy at 10 AM;79% busy at 11 AM;66% busy at 12 PM;62% busy at 1 PM;40% busy at 2 PM;31% busy at 3 PM;32% busy at 4 PM;42% busy at 5 PM;54% busy at 6 PM;67% busy at 7 PM;68% busy at 8 PM;62% busy at 9 PM;63% busy at 10 PM;62% busy at 11 PM;57% busy at 12 AM;50% busy at 1 AM;53% busy at 2 AM;49% busy at 3 AM;,29% busy at 4 AM;31% busy at 5 AM;31% busy at 6 AM;31% busy at 7 AM;33% busy at 8 AM;38% busy at 9 AM;53% busy at 10 AM;54% busy at 11 AM;62% busy at 12 PM;70% busy at 1 PM;80% busy at 2 PM;66% busy at 3 PM;57% busy at 4 PM;53% busy at 5 PM;57% busy at 6 PM;54% busy at 7 PM;41% busy at 8 PM;33% busy at 9 PM;33% busy at 10 PM;42% busy at 11 PM;40% busy at 12 AM;40% busy at 1 AM;42% busy at 2 AM;36% busy at 3 AM;,25% busy at 4 AM;41% busy at 5 AM;41% busy at 6 AM;49% busy at 7 AM;42% busy at 8 AM;50% busy at 9 AM;58% busy at 10 AM;67% busy at 11 AM;64% busy at 12 PM;54% busy at 1 PM;45% busy at 2 PM;41% busy at 3 PM;50% busy at 4 PM;54% busy at 5 PM;58% busy at 6 PM;57% busy at 7 PM;51% busy at 8 PM;50% busy at 9 PM;48% busy at 10 PM;48% busy at 11 PM;32% busy at 12 AM;35% busy at 1 AM;29% busy at 2 AM;32% busy at 3 AM;,25% busy at 4 AM;27% busy at 5 AM;27% busy at 6 AM;33% busy at 7 AM;32% busy at 8 AM;49% busy at 9 AM;72% busy at 10 AM;84% busy at 11 AM;80% busy at 12 PM;66% busy at 1 PM;57% busy at 2 PM;63% busy at 3 PM;59% busy at 4 PM;62% busy at 5 PM;53% busy at 6 PM;51% busy at 7 PM;49% busy at 8 PM;51% busy at 9 PM;49% busy at 10 PM;42% busy at 11 PM;44% busy at 12 AM;46% busy at 1 AM;51% busy at 2 AM;37% busy at 3 AM;
Coffee shop,Shrq Coffee Roasters (Al Azizia),883,4.5,"اسواق المزرعة، نصف القمر، العزيزية، الصواري، الخبر 34724،،, Al Khobar 31952, Saudi Arabia",SA,Al Khobar,None,http://shrqcoffee.com/,+966 55 538 3002,"Monday 6 AM–1 AM  2025-03-31
Tuesday 6 AM–1 AM  2025-04-01
Wednesday 6 AM–1 AM  2025-04-02
Thursday 6 AM–1 AM  2025-04-03
Friday 6 AM–1 AM  2025-04-04
Saturday 6 AM–1 AM  2025-04-05
Sunday 6 AM–1 AM  2025-04-06
 ",https://www.google.com/maps/place/Shrq+Coffee+Roasters+(Al+Azizia)/data=!4m5!3m4!1s0x3e49ddd12fe74459:0xd68c05fcac0fd05!8m2!3d26.1774132!4d50.1578913?authuser=0&hl=en&rclk=1,0x3e49ddd12fe74459:0xd68c05fcac0fd05,ChIJWUTnL9HdST4RBf3Ayl_AaA0,,26.1774132,50.1578913,coffee shops,https://lh5.googleusercontent.com/p/AF1QipNwlBWw63cB6Fan5OUQbp4_I9IiDlgancBBbszl=w408-h544-k-no,https://lh5.googleusercontent.com/p/CIHM0ogKEICAgICZ_vfflwE=w1024-h960-p-k-no,https://lh5.googleusercontent.com/p/CIHM0ogKEICAgMDwk6aB_wE=w1024-h960-p-k-no,https://lh5.googleusercontent.com/p/CIHM0ogKEICAgICn08vNfQ=w1024-h960-p-k-no,null,SAR 20–40,,https://plus.codes/55G5+X5 Al Khobar Saudi Arabia,55G5+X5 Al Khobar Saudi Arabia,No-contact delivery,Monday 6 AM–1 AM  2025-03-31,Tuesday 6 AM–1 AM  2025-04-01,Wednesday 6 AM–1 AM  2025-04-02,Thursday 6 AM–1 AM  2025-04-03,Friday 6 AM–1 AM  2025-04-04,Saturday 6 AM–1 AM  2025-04-05,Sunday 6 AM–1 AM  2025-04-06,0% busy at 5 AM;18% busy at 6 AM;25% busy at 7 AM;29% busy at 8 AM;35% busy at 9 AM;47% busy at 10 AM;54% busy at 11 AM;56% busy at 12 PM;56% busy at 1 PM;57% busy at 2 PM;54% busy at 3 PM;61% busy at 4 PM;62% busy at 5 PM;65% busy at 6 PM;64% busy at 7 PM;65% busy at 8 PM;66% busy at 9 PM;55% busy at 10 PM;44% busy at 11 PM;25% busy at 12 AM;,0% busy at 5 AM;19% busy at 6 AM;31% busy at 7 AM;37% busy at 8 AM;48% busy at 9 AM;50% busy at 10 AM;50% busy at 11 AM;49% busy at 12 PM;49% busy at 1 PM;50% busy at 2 PM;58% busy at 3 PM;58% busy at 4 PM;62% busy at 5 PM;66% busy at 6 PM;77% busy at 7 PM;79% busy at 8 PM;66% busy at 9 PM;47% busy at 10 PM;28% busy at 11 PM;14% busy at 12 AM;,0% busy at 5 AM;14% busy at 6 AM;21% busy at 7 AM;22% busy at 8 AM;29% busy at 9 AM;35% busy at 10 AM;44% busy at 11 AM;55% busy at 12 PM;53% busy at 1 PM;55% busy at 2 PM;55% busy at 3 PM;62% busy at 4 PM;62% busy at 5 PM;61% busy at 6 PM;61% busy at 7 PM;67% busy at 8 PM;73% busy at 9 PM;67% busy at 10 PM;50% busy at 11 PM;26% busy at 12 AM;,0% busy at 5 AM;20% busy at 6 AM;25% busy at 7 AM;30% busy at 8 AM;38% busy at 9 AM;40% busy at 10 AM;40% busy at 11 AM;44% busy at 12 PM;52% busy at 1 PM;55% busy at 2 PM;58% busy at 3 PM;59% busy at 4 PM;58% busy at 5 PM;62% busy at 6 PM;70% busy at 7 PM;66% busy at 8 PM;66% busy at 9 PM;61% busy at 10 PM;48% busy at 11 PM;25% busy at 12 AM;,0% busy at 5 AM;14% busy at 6 AM;18% busy at 7 AM;25% busy at 8 AM;29% busy at 9 AM;51% busy at 10 AM;86% busy at 11 AM;100% busy at 12 PM;81% busy at 1 PM;64% busy at 2 PM;56% busy at 3 PM;60% busy at 4 PM;59% busy at 5 PM;65% busy at 6 PM;66% busy at 7 PM;70% busy at 8 PM;63% busy at 9 PM;54% busy at 10 PM;39% busy at 11 PM;25% busy at 12 AM;,0% busy at 5 AM;14% busy at 6 AM;16% busy at 7 AM;23% busy at 8 AM;29% busy at 9 AM;37% busy at 10 AM;47% busy at 11 AM;55% busy at 12 PM;61% busy at 1 PM;66% busy at 2 PM;77% busy at 3 PM;81% busy at 4 PM;81% busy at 5 PM;81% busy at 6 PM;82% busy at 7 PM;77% busy at 8 PM;70% busy at 9 PM;59% busy at 10 PM;44% busy at 11 PM;25% busy at 12 AM;,0% busy at 5 AM;22% busy at 6 AM;36% busy at 7 AM;42% busy at 8 AM;44% busy at 9 AM;49% busy at 10 AM;51% busy at 11 AM;58% busy at 12 PM;56% busy at 1 PM;52% busy at 2 PM;53% busy at 3 PM;63% busy at 4 PM;76% busy at 5 PM;76% busy at 6 PM;74% busy at 7 PM;73% busy at 8 PM;62% busy at 9 PM;48% busy at 10 PM;32% busy at 11 PM;25% busy at 12 AM;
Coffee shop,Barn's | بارنز,53,4,"Aldrees Station, Sawari District, Al Khobar 34724, Saudi Arabia",SA,Al Khobar,None,https://barns.com.sa/en,+966 9200 06843,"Monday Open 24 hours  2025-03-31
Tuesday Open 24 hours  2025-04-01
Wednesday Open 24 hours  2025-04-02
Thursday Open 24 hours  2025-04-03
Friday Open 24 hours  2025-04-04
Saturday Open 24 hours  2025-04-05
Sunday Open 24 hours  2025-04-06
 ",https://www.google.com/maps/place/Barn's+|+بارنز/data=!4m5!3m4!1s0x3e49ddbaf4102ef3:0x6b5d0e62f0460d89!8m2!3d26.1864189!4d50.1595907?authuser=0&hl=en&rclk=1,0x3e49ddbaf4102ef3:0x6b5d0e62f0460d89,ChIJ8y4Q9LrdST4RiQ1G8GIOXWs,,26.1864189,50.1595907,coffee shops,https://lh5.googleusercontent.com/p/AF1QipM3E20YMypQCQN5pROqlbm8LM_a4UX8KP9pXlrv=w408-h408-k-no,https://lh5.googleusercontent.com/p/AF1QipM3E20YMypQCQN5pROqlbm8LM_a4UX8KP9pXlrv=w1024-h960-p-k-no,https://lh5.googleusercontent.com/p/CIHM0ogKEICAgIDDm5yLBA=w1024-h960-p-k-no,https://lh5.googleusercontent.com/p/AF1QipNdzmvOmYriiY4jmWhHGBkYErB8D65lhGRpqZVC=w1024-h960-p-k-no,null,SAR 1–20,,https://plus.codes/55P5+HR Al Khobar Saudi Arabia,55P5+HR Al Khobar Saudi Arabia,Delivery,Monday Open 24 hours  2025-03-31,Tuesday Open 24 hours  2025-04-01,Wednesday Open 24 hours  2025-04-02,Thursday Open 24 hours  2025-04-03,Friday Open 24 hours  2025-04-04,Saturday Open 24 hours  2025-04-05,Sunday Open 24 hours  2025-04-06,12% busy at 4 AM;18% busy at 5 AM;31% busy at 6 AM;50% busy at 7 AM;37% busy at 8 AM;43% busy at 9 AM;50% busy at 10 AM;31% busy at 11 AM;43% busy at 12 PM;62% busy at 1 PM;56% busy at 2 PM;50% busy at 3 PM;37% busy at 4 PM;37% busy at 5 PM;37% busy at 6 PM;43% busy at 7 PM;50% busy at 8 PM;43% busy at 9 PM;50% busy at 10 PM;25% busy at 11 PM;18% busy at 12 AM;18% busy at 1 AM;31% busy at 2 AM;37% busy at 3 AM;,18% busy at 4 AM;18% busy at 5 AM;6% busy at 6 AM;6% busy at 7 AM;12% busy at 8 AM;37% busy at 9 AM;31% busy at 10 AM;31% busy at 11 AM;37% busy at 12 PM;50% busy at 1 PM;31% busy at 2 PM;43% busy at 3 PM;31% busy at 4 PM;12% busy at 5 PM;0% busy at 6 PM;6% busy at 7 PM;31% busy at 8 PM;31% busy at 9 PM;56% busy at 10 PM;43% busy at 11 PM;25% busy at 12 AM;18% busy at 1 AM;6% busy at 2 AM;6% busy at 3 AM;,75% busy at 4 AM;75% busy at 5 AM;87% busy at 6 AM;56% busy at 7 AM;43% busy at 8 AM;25% busy at 9 AM;31% busy at 10 AM;50% busy at 11 AM;56% busy at 12 PM;62% busy at 1 PM;75% busy at 2 PM;56% busy at 3 PM;43% busy at 4 PM;25% busy at 5 PM;25% busy at 6 PM;18% busy at 7 PM;12% busy at 8 PM;12% busy at 9 PM;25% busy at 10 PM;50% busy at 11 PM;68% busy at 12 AM;81% busy at 1 AM;93% busy at 2 AM;87% busy at 3 AM;,25% busy at 4 AM;43% busy at 5 AM;87% busy at 6 AM;68% busy at 7 AM;68% busy at 8 AM;50% busy at 9 AM;62% busy at 10 AM;62% busy at 11 AM;100% busy at 12 PM;81% busy at 1 PM;37% busy at 2 PM;12% busy at 3 PM;18% busy at 4 PM;37% busy at 5 PM;50% busy at 6 PM;37% busy at 7 PM;31% busy at 8 PM;31% busy at 9 PM;37% busy at 10 PM;81% busy at 11 PM;56% busy at 12 AM;37% busy at 1 AM;18% busy at 2 AM;25% busy at 3 AM;,50% busy at 4 AM;37% busy at 5 AM;50% busy at 6 AM;43% busy at 7 AM;43% busy at 8 AM;25% busy at 9 AM;25% busy at 10 AM;18% busy at 11 AM;25% busy at 12 PM;37% busy at 1 PM;37% busy at 2 PM;37% busy at 3 PM;25% busy at 4 PM;18% busy at 5 PM;25% busy at 6 PM;56% busy at 7 PM;37% busy at 8 PM;56% busy at 9 PM;43% busy at 10 PM;75% busy at 11 PM;62% busy at 12 AM;50% busy at 1 AM;62% busy at 2 AM;50% busy at 3 AM;,50% busy at 4 AM;43% busy at 5 AM;62% busy at 6 AM;62% busy at 7 AM;43% busy at 8 AM;31% busy at 9 AM;31% busy at 10 AM;62% busy at 11 AM;75% busy at 12 PM;100% busy at 1 PM;75% busy at 2 PM;50% busy at 3 PM;43% busy at 4 PM;37% busy at 5 PM;43% busy at 6 PM;18% busy at 7 PM;6% busy at 8 PM;0% busy at 9 PM;12% busy at 10 PM;31% busy at 11 PM;37% busy at 12 AM;18% busy at 1 AM;18% busy at 2 AM;18% busy at 3 AM;,31% busy at 4 AM;43% busy at 5 AM;75% busy at 6 AM;62% busy at 7 AM;50% busy at 8 AM;31% busy at 9 AM;25% busy at 10 AM;12% busy at 11 AM;18% busy at 12 PM;31% busy at 1 PM;56% busy at 2 PM;68% busy at 3 PM;75% busy at 4 PM;62% busy at 5 PM;50% busy at 6 PM;50% busy at 7 PM;43% busy at 8 PM;50% busy at 9 PM;50% busy at 10 PM;43% busy at 11 PM;37% busy at 12 AM;43% busy at 1 AM;37% busy at 2 AM;43% busy at 3 AM;
Coffee shop,Rolan Lounge,81,4.4,"8409 صلاح الدين الايوبي, حي الحزام الذهبي, EKGA4794، 4794, Al Khobar 34432, Saudi Arabia",SA,Al Khobar,None,https://rolanlounge.com/,null, ,https://www.google.com/maps/place/Rolan+Lounge/data=!4m5!3m4!1s0x3e49e9002e7be861:0x2a6067671afc76!8m2!3d26.2334521!4d50.2156704?authuser=0&hl=en&rclk=1,0x3e49e9002e7be861:0x2a6067671afc76,ChIJYeh7LgDpST4RdvwaZ2dgKgA,,26.2334521,50.2156704,coffee shops,https://lh5.googleusercontent.com/p/AF1QipOA0ToormdYpZX-QMU4eSmL01qxkemBjMco7JTY=w408-h306-k-no,https://lh5.googleusercontent.com/p/CIHM0ogKEICAgIDvpISVWQ=w1024-h960-p-k-no,https://lh5.googleusercontent.com/p/CIHM0ogKEICAgMDQ5b34QQ=w1024-h960-p-k-no,https://lh5.googleusercontent.com/p/CIHM0ogKEICAgID35uSeDQ=w1024-h960-p-k-no,null,None,,https://plus.codes/66M8+97 Al Khobar Saudi Arabia,66M8+97 Al Khobar Saudi Arabia,Delivery,,,,,,,,,,,,,,
Coffee shop,Road Café | قهوة الطريق,35,4.2,"حي, التعاون،،, EEGA7934، 7934 طريق الملك خالد 4182،, Al Khobar 34632, Saudi Arabia",SA,Al Khobar,None,https://roadcafe.com/,+966 50 624 0568,"Monday Open 24 hours  2025-03-31
Tuesday Open 24 hours  2025-04-01
Wednesday Open 24 hours  2025-04-02
Thursday Open 24 hours  2025-04-03
Friday Open 24 hours  2025-04-04
Saturday Open 24 hours  2025-04-05
Sunday Open 24 hours  2025-04-06
 ",https://www.google.com/maps/place/Road+Café+|+قهوة+الطريق/data=!4m5!3m4!1s0x3e49c38d5354374d:0xe29f8326d14db487!8m2!3d26.2318335!4d50.1942493?authuser=0&hl=en&rclk=1,0x3e49c38d5354374d:0xe29f8326d14db487,ChIJTTdUU43DST4Rh7RN0SaDn-I,,26.2318335,50.1942493,coffee shops,https://lh3.googleusercontent.com/p/AF1QipNNNRHtHHaGKwODSvRVEJ7c8_nHuL2njUZr3PPh=w408-h725-k-no,https://lh5.googleusercontent.com/p/AF1QipNNNRHtHHaGKwODSvRVEJ7c8_nHuL2njUZr3PPh=w1024-h960-p-k-no,https://lh5.googleusercontent.com/p/AF1QipNNNRHtHHaGKwODSvRVEJ7c8_nHuL2njUZr3PPh=w1024-h960-p-k-no,https://lh5.googleusercontent.com/p/AF1QipNNNRHtHHaGKwODSvRVEJ7c8_nHuL2njUZr3PPh=w1024-h960-p-k-no,null,SAR 20–40,,https://plus.codes/65JV+PM Al Khobar Saudi Arabia,65JV+PM Al Khobar Saudi Arabia,Drive-through,Monday Open 24 hours  2025-03-31,Tuesday Open 24 hours  2025-04-01,Wednesday Open 24 hours  2025-04-02,Thursday Open 24 hours  2025-04-03,Friday Open 24 hours  2025-04-04,Saturday Open 24 hours  2025-04-05,Sunday Open 24 hours  2025-04-06,18% busy at 4 AM;18% busy at 5 AM;25% busy at 6 AM;37% busy at 7 AM;43% busy at 8 AM;56% busy at 9 AM;43% busy at 10 AM;25% busy at 11 AM;18% busy at 12 PM;18% busy at 1 PM;25% busy at 2 PM;31% busy at 3 PM;43% busy at 4 PM;56% busy at 5 PM;43% busy at 6 PM;50% busy at 7 PM;25% busy at 8 PM;37% busy at 9 PM;43% busy at 10 PM;75% busy at 11 PM;56% busy at 12 AM;50% busy at 1 AM;31% busy at 2 AM;25% busy at 3 AM;,56% busy at 4 AM;56% busy at 5 AM;62% busy at 6 AM;68% busy at 7 AM;56% busy at 8 AM;50% busy at 9 AM;37% busy at 10 AM;18% busy at 11 AM;6% busy at 12 PM;12% busy at 1 PM;6% busy at 2 PM;6% busy at 3 PM;12% busy at 4 PM;12% busy at 5 PM;12% busy at 6 PM;12% busy at 7 PM;18% busy at 8 PM;25% busy at 9 PM;50% busy at 10 PM;43% busy at 11 PM;50% busy at 12 AM;18% busy at 1 AM;12% busy at 2 AM;25% busy at 3 AM;,6% busy at 4 AM;18% busy at 5 AM;25% busy at 6 AM;25% busy at 7 AM;31% busy at 8 AM;25% busy at 9 AM;31% busy at 10 AM;31% busy at 11 AM;37% busy at 12 PM;25% busy at 1 PM;12% busy at 2 PM;12% busy at 3 PM;18% busy at 4 PM;18% busy at 5 PM;37% busy at 6 PM;37% busy at 7 PM;31% busy at 8 PM;25% busy at 9 PM;18% busy at 10 PM;31% busy at 11 PM;31% busy at 12 AM;37% busy at 1 AM;18% busy at 2 AM;12% busy at 3 AM;,68% busy at 4 AM;31% busy at 5 AM;18% busy at 6 AM;18% busy at 7 AM;37% busy at 8 AM;25% busy at 9 AM;25% busy at 10 AM;31% busy at 11 AM;25% busy at 12 PM;25% busy at 1 PM;31% busy at 2 PM;31% busy at 3 PM;37% busy at 4 PM;25% busy at 5 PM;37% busy at 6 PM;37% busy at 7 PM;31% busy at 8 PM;37% busy at 9 PM;25% busy at 10 PM;37% busy at 11 PM;31% busy at 12 AM;43% busy at 1 AM;56% busy at 2 AM;81% busy at 3 AM;,100% busy at 4 AM;68% busy at 5 AM;68% busy at 6 AM;56% busy at 7 AM;62% busy at 8 AM;50% busy at 9 AM;43% busy at 10 AM;50% busy at 11 AM;50% busy at 12 PM;62% busy at 1 PM;68% busy at 2 PM;75% busy at 3 PM;50% busy at 4 PM;37% busy at 5 PM;31% busy at 6 PM;43% busy at 7 PM;43% busy at 8 PM;31% busy at 9 PM;37% busy at 10 PM;50% busy at 11 PM;37% busy at 12 AM;31% busy at 1 AM;43% busy at 2 AM;50% busy at 3 AM;,31% busy at 4 AM;12% busy at 5 AM;18% busy at 6 AM;31% busy at 7 AM;50% busy at 8 AM;50% busy at 9 AM;68% busy at 10 AM;56% busy at 11 AM;56% busy at 12 PM;37% busy at 1 PM;31% busy at 2 PM;31% busy at 3 PM;37% busy at 4 PM;31% busy at 5 PM;43% busy at 6 PM;50% busy at 7 PM;50% busy at 8 PM;50% busy at 9 PM;25% busy at 10 PM;18% busy at 11 PM;25% busy at 12 AM;31% busy at 1 AM;43% busy at 2 AM;43% busy at 3 AM;,18% busy at 4 AM;6% busy at 5 AM;12% busy at 6 AM;31% busy at 7 AM;37% busy at 8 AM;37% busy at 9 AM;56% busy at 10 AM;56% busy at 11 AM;68% busy at 12 PM;62% busy at 1 PM;43% busy at 2 PM;25% busy at 3 PM;43% busy at 4 PM;56% busy at 5 PM;50% busy at 6 PM;37% busy at 7 PM;56% busy at 8 PM;31% busy at 9 PM;18% busy at 10 PM;6% busy at 11 PM;31% busy at 12 AM;37% busy at 1 AM;50% busy at 2 AM;37% busy at 3 AM;
Coffee shop,tamala coffee,38,4.5,"شارع الدارقطني, Al Sheraa, Al Khobar 34714, Saudi Arabia",SA,Al Khobar,None,null,+966 53 260 2000,"Monday 7 AM–12 PM 4 PM–12:30 AM 2025-03-31
Tuesday 7:30 AM–12 PM 4 PM–12 AM 2025-04-01
Wednesday 7 AM–12 PM 4 PM–12 AM 2025-04-02
Thursday 7 AM–12 PM 4 PM–12 AM 2025-04-03
Friday 7:30 AM–12 PM 4 PM–12 AM 2025-04-04
Saturday 7 AM–12 PM 4 PM–12 AM 2025-04-05
Sunday 7 AM–12 PM 4 PM–12:30 AM 2025-04-06
 ",https://www.google.com/maps/place/tamala+coffee/data=!4m5!3m4!1s0x3e49db820c740f49:0x12178173eb88364a!8m2!3d26.1546823!4d50.1434883?authuser=0&hl=en&rclk=1,0x3e49db820c740f49:0x12178173eb88364a,ChIJSQ90DILbST4RSjaI63OBFxI,,26.1546823,50.1434883,coffee shops,https://lh5.googleusercontent.com/p/AF1QipNR9dD0OlB2onbcsPH-5FqHp-Ir3Vwm1P3Y7V1h=w408-h725-k-no,https://lh5.googleusercontent.com/p/AF1QipMz4BDHJcDnhM23OYh3gbZOB64vpCYWREh1hWk8=w1024-h960-p-k-no,https://lh5.googleusercontent.com/p/AF1QipNSUfpHBTHDUtK0faLyXVVLIcSReQQrien24ZzB=w1024-h960-p-k-no,https://lh5.googleusercontent.com/p/AF1QipMyuhMW4GvarVMXBvOFxdGzIKvMQURDz_u6RuGZ=w1024-h960-p-k-no,null,SAR 20–40,,https://plus.codes/543V+V9 Al Khobar Saudi Arabia,543V+V9 Al Khobar Saudi Arabia,null,Monday 7 AM–12 PM 4 PM–12:30 AM 2025-03-31,Tuesday 7:30 AM–12 PM 4 PM–12 AM 2025-04-01,Wednesday 7 AM–12 PM 4 PM–12 AM 2025-04-02,Thursday 7 AM–12 PM 4 PM–12 AM 2025-04-03,Friday 7:30 AM–12 PM 4 PM–12 AM 2025-04-04,Saturday 7 AM–12 PM 4 PM–12 AM 2025-04-05,Sunday 7 AM–12 PM 4 PM–12:30 AM 2025-04-06,0% busy at 6 AM;28% busy at 7 AM;28% busy at 8 AM;50% busy at 9 AM;42% busy at 10 AM;50% busy at 11 AM;0% busy at 12 PM;0% busy at 1 PM;0% busy at 2 PM;0% busy at 3 PM;71% busy at 4 PM;78% busy at 5 PM;78% busy at 6 PM;78% busy at 7 PM;71% busy at 8 PM;100% busy at 9 PM;100% busy at 10 PM;85% busy at 11 PM;57% busy at 12 AM;,0% busy at 6 AM;78% busy at 7 AM;100% busy at 8 AM;64% busy at 9 AM;42% busy at 10 AM;42% busy at 11 AM;0% busy at 12 PM;0% busy at 1 PM;0% busy at 2 PM;0% busy at 3 PM;50% busy at 4 PM;64% busy at 5 PM;64% busy at 6 PM;64% busy at 7 PM;57% busy at 8 PM;28% busy at 9 PM;21% busy at 10 PM;21% busy at 11 PM;,0% busy at 6 AM;64% busy at 7 AM;71% busy at 8 AM;64% busy at 9 AM;57% busy at 10 AM;50% busy at 11 AM;0% busy at 12 PM;0% busy at 1 PM;0% busy at 2 PM;0% busy at 3 PM;78% busy at 4 PM;78% busy at 5 PM;92% busy at 6 PM;92% busy at 7 PM;71% busy at 8 PM;71% busy at 9 PM;57% busy at 10 PM;78% busy at 11 PM;,0% busy at 6 AM;71% busy at 7 AM;57% busy at 8 AM;71% busy at 9 AM;42% busy at 10 AM;57% busy at 11 AM;0% busy at 12 PM;0% busy at 1 PM;0% busy at 2 PM;0% busy at 3 PM;35% busy at 4 PM;57% busy at 5 PM;35% busy at 6 PM;28% busy at 7 PM;21% busy at 8 PM;21% busy at 9 PM;50% busy at 10 PM;71% busy at 11 PM;,0% busy at 6 AM;42% busy at 7 AM;21% busy at 8 AM;21% busy at 9 AM;21% busy at 10 AM;28% busy at 11 AM;0% busy at 12 PM;0% busy at 1 PM;0% busy at 2 PM;0% busy at 3 PM;42% busy at 4 PM;35% busy at 5 PM;35% busy at 6 PM;50% busy at 7 PM;57% busy at 8 PM;50% busy at 9 PM;42% busy at 10 PM;50% busy at 11 PM;,0% busy at 6 AM;21% busy at 7 AM;35% busy at 8 AM;28% busy at 9 AM;35% busy at 10 AM;50% busy at 11 AM;0% busy at 12 PM;0% busy at 1 PM;0% busy at 2 PM;0% busy at 3 PM;28% busy at 4 PM;14% busy at 5 PM;21% busy at 6 PM;42% busy at 7 PM;50% busy at 8 PM;57% busy at 9 PM;35% busy at 10 PM;50% busy at 11 PM;,0% busy at 6 AM;57% busy at 7 AM;71% busy at 8 AM;28% busy at 9 AM;28% busy at 10 AM;21% busy at 11 AM;0% busy at 12 PM;0% busy at 1 PM;0% busy at 2 PM;0% busy at 3 PM;28% busy at 4 PM;35% busy at 5 PM;42% busy at 6 PM;50% busy at 7 PM;64% busy at 8 PM;57% busy at 9 PM;57% busy at 10 PM;35% busy at 11 PM;21% busy at 12 AM;
Coffee shop,السيف-كافيه—جسرالبحرين,4,4.8,"2583 1، 6706, Al Khour, حي, EEAB2583, Al Khobar 34614, Saudi Arabia",SA,Al Khobar,None,null,null, ,https://www.google.com/maps/place/السيف-كافيه—جسرالبحرين/data=!4m5!3m4!1s0x3e49c30064702e45:0x2faa80b198abd253!8m2!3d26.2223473!4d50.2193117?authuser=0&hl=en&rclk=1,0x3e49c30064702e45:0x2faa80b198abd253,ChIJRS5wZADDST4RU9KrmLGAqi8,,26.2223473,50.2193117,coffee shops,https://lh5.googleusercontent.com/p/AF1QipNNQkosONu92WgwAYUlkHf6t48n3hanFXMw-NxU=w408-h544-k-no,https://lh5.googleusercontent.com/p/AF1QipNNQkosONu92WgwAYUlkHf6t48n3hanFXMw-NxU=w1024-h960-p-k-no,https://lh5.googleusercontent.com/p/AF1QipMJY0REaFRoeP5LQomIdhHUk9D4ANppCGaWRZpA=w1024-h960-p-k-no,https://lh5.googleusercontent.com/p/AF1QipPpe_2IyalNw-W9leTuPtZSBcpbKYbqQXzfMxOX=w1024-h960-p-k-no,null,None,,https://plus.codes/66C9+WP Al Khobar Saudi Arabia,66C9+WP Al Khobar Saudi Arabia,Delivery,,,,,,,,,,,,,,
Coffee shop,Dose Cafe,1099,4.2,"Al Khuzama, Al Khobar 34719, Saudi Arabia",SA,Al Khobar,None,https://dosecafeksa.com/,+966 56 222 2411,"Monday 7 AM–2 AM  2025-03-31
Tuesday 7 AM–2 AM  2025-04-01
Wednesday 7 AM–2 AM  2025-04-02
Thursday 7 AM–2 AM  2025-04-03
Friday 7 AM–2 AM  2025-04-04
Saturday 7 AM–2 AM  2025-04-05
Sunday 7 AM–2 AM  2025-04-06
 ",https://www.google.com/maps/place/Dose+Cafe/data=!4m5!3m4!1s0x3e49c3076181a141:0x7ac68fb1e4339e09!8m2!3d26.2028767!4d50.1957731?authuser=0&hl=en&rclk=1,0x3e49c3076181a141:0x7ac68fb1e4339e09,ChIJQaGBYQfDST4RCZ4z5LGPxno,,26.2028767,50.1957731,coffee shops,https://lh5.googleusercontent.com/p/AF1QipNfkqBanrX3-jPfbBAo7fva9ceJKgnyQ2UYyH0d=w408-h750-k-no,https://lh5.googleusercontent.com/p/AF1QipN3O1XXZDHOtxXB-P2GnknM8ouOBbDCtqL8zKox=w1024-h960-p-k-no,https://lh5.googleusercontent.com/p/AF1QipNm_mXMM8URDk7pBvMUcUXHi_ZBo45itc5zh7I9=w1024-h960-p-k-no,https://lh5.googleusercontent.com/p/AF1QipNR0w6A9oMNKhXS0lJUGtxc9hyCnwETqCzqaqwE=w1024-h960-p-k-no,null,SAR 20–40,,https://plus.codes/653W+58 Al Khobar Saudi Arabia,653W+58 Al Khobar Saudi Arabia,No-contact delivery,Monday 7 AM–2 AM  2025-03-31,Tuesday 7 AM–2 AM  2025-04-01,Wednesday 7 AM–2 AM  2025-04-02,Thursday 7 AM–2 AM  2025-04-03,Friday 7 AM–2 AM  2025-04-04,Saturday 7 AM–2 AM  2025-04-05,Sunday 7 AM–2 AM  2025-04-06,0% busy at 6 AM;11% busy at 7 AM;17% busy at 8 AM;22% busy at 9 AM;32% busy at 10 AM;42% busy at 11 AM;50% busy at 12 PM;50% busy at 1 PM;48% busy at 2 PM;43% busy at 3 PM;45% busy at 4 PM;47% busy at 5 PM;45% busy at 6 PM;42% busy at 7 PM;40% busy at 8 PM;36% busy at 9 PM;29% busy at 10 PM;27% busy at 11 PM;0% busy at 12 AM;0% busy at 1 AM;,0% busy at 6 AM;8% busy at 7 AM;14% busy at 8 AM;22% busy at 9 AM;29% busy at 10 AM;35% busy at 11 AM;37% busy at 12 PM;36% busy at 1 PM;42% busy at 2 PM;43% busy at 3 PM;47% busy at 4 PM;44% busy at 5 PM;47% busy at 6 PM;44% busy at 7 PM;48% busy at 8 PM;38% busy at 9 PM;32% busy at 10 PM;23% busy at 11 PM;0% busy at 12 AM;0% busy at 1 AM;,0% busy at 6 AM;8% busy at 7 AM;15% busy at 8 AM;22% busy at 9 AM;34% busy at 10 AM;42% busy at 11 AM;44% busy at 12 PM;48% busy at 1 PM;45% busy at 2 PM;43% busy at 3 PM;47% busy at 4 PM;51% busy at 5 PM;56% busy at 6 PM;61% busy at 7 PM;51% busy at 8 PM;42% busy at 9 PM;28% busy at 10 PM;24% busy at 11 PM;0% busy at 12 AM;0% busy at 1 AM;,0% busy at 6 AM;24% busy at 7 AM;28% busy at 8 AM;29% busy at 9 AM;32% busy at 10 AM;41% busy at 11 AM;51% busy at 12 PM;52% busy at 1 PM;47% busy at 2 PM;44% busy at 3 PM;41% busy at 4 PM;48% busy at 5 PM;48% busy at 6 PM;55% busy at 7 PM;58% busy at 8 PM;70% busy at 9 PM;72% busy at 10 PM;64% busy at 11 PM;41% busy at 12 AM;0% busy at 1 AM;,0% busy at 6 AM;27% busy at 7 AM;25% busy at 8 AM;25% busy at 9 AM;24% busy at 10 AM;34% busy at 11 AM;50% busy at 12 PM;58% busy at 1 PM;64% busy at 2 PM;69% busy at 3 PM;72% busy at 4 PM;71% busy at 5 PM;83% busy at 6 PM;92% busy at 7 PM;100% busy at 8 PM;83% busy at 9 PM;64% busy at 10 PM;44% busy at 11 PM;31% busy at 12 AM;0% busy at 1 AM;,0% busy at 6 AM;21% busy at 7 AM;30% busy at 8 AM;34% busy at 9 AM;36% busy at 10 AM;35% busy at 11 AM;31% busy at 12 PM;30% busy at 1 PM;30% busy at 2 PM;41% busy at 3 PM;50% busy at 4 PM;57% busy at 5 PM;51% busy at 6 PM;52% busy at 7 PM;48% busy at 8 PM;47% busy at 9 PM;38% busy at 10 PM;30% busy at 11 PM;0% busy at 12 AM;0% busy at 1 AM;,0% busy at 6 AM;11% busy at 7 AM;17% busy at 8 AM;22% busy at 9 AM;31% busy at 10 AM;34% busy at 11 AM;32% busy at 12 PM;32% busy at 1 PM;38% busy at 2 PM;50% busy at 3 PM;56% busy at 4 PM;56% busy at 5 PM;55% busy at 6 PM;50% busy at 7 PM;48% busy at 8 PM;43% busy at 9 PM;38% busy at 10 PM;34% busy at 11 PM;0% busy at 12 AM;0% busy at 1 AM;
Coffee shop,Barn's | بارنز,31,3.9,Sas Station Al Jasser KHOBAR Eastren Saudi Arabia,SA,Al Khobar,None,https://barns.com.sa/en,+966 9200 06843,"Monday Open 24 hours  2025-03-31
Tuesday Open 24 hours  2025-04-01
Wednesday Open 24 hours  2025-04-02
Thursday Open 24 hours  2025-04-03
Friday Open 24 hours  2025-04-04
Saturday Open 24 hours  2025-04-05
Sunday Open 24 hours  2025-04-06
 ",https://www.google.com/maps/place/Barn's+|+بارنز/data=!4m5!3m4!1s0x3e49c34e29e27135:0x9fe445e6a09f2da2!8m2!3d26.2151786!4d50.2130249?authuser=0&hl=en&rclk=1,0x3e49c34e29e27135:0x9fe445e6a09f2da2,ChIJNXHiKU7DST4Roi2foOZF5J8,,26.2151786,50.2130249,coffee shops,https://lh5.googleusercontent.com/p/AF1QipMd_BFIGmcEvV7oKRqQUsNocwY3u_BLyYqD8mXF=w408-h408-k-no,https://lh5.googleusercontent.com/p/AF1QipMd_BFIGmcEvV7oKRqQUsNocwY3u_BLyYqD8mXF=w1024-h960-p-k-no,https://lh5.googleusercontent.com/p/AF1QipOGwSEohav4JdHrRKLkEsC_JvcXfGVkmjZ7LsPS=w1024-h960-p-k-no,https://lh5.googleusercontent.com/p/AF1QipP-yjekXNIBDHhpzhbXNXXeWzBlr9DdvoDFOEG6=w1024-h960-p-k-no,null,SAR 1–20,,https://plus.codes/6687+36 Al Khobar Saudi Arabia,6687+36 Al Khobar Saudi Arabia,Delivery,Monday Open 24 hours  2025-03-31,Tuesday Open 24 hours  2025-04-01,Wednesday Open 24 hours  2025-04-02,Thursday Open 24 hours  2025-04-03,Friday Open 24 hours  2025-04-04,Saturday Open 24 hours  2025-04-05,Sunday Open 24 hours  2025-04-06,57% busy at 4 AM;50% busy at 5 AM;45% busy at 6 AM;40% busy at 7 AM;35% busy at 8 AM;35% busy at 9 AM;37% busy at 10 AM;37% busy at 11 AM;37% busy at 12 PM;37% busy at 1 PM;27% busy at 2 PM;35% busy at 3 PM;40% busy at 4 PM;50% busy at 5 PM;62% busy at 6 PM;77% busy at 7 PM;72% busy at 8 PM;65% busy at 9 PM;60% busy at 10 PM;45% busy at 11 PM;45% busy at 12 AM;45% busy at 1 AM;57% busy at 2 AM;67% busy at 3 AM;,52% busy at 4 AM;65% busy at 5 AM;60% busy at 6 AM;47% busy at 7 AM;52% busy at 8 AM;65% busy at 9 AM;60% busy at 10 AM;45% busy at 11 AM;30% busy at 12 PM;30% busy at 1 PM;32% busy at 2 PM;30% busy at 3 PM;22% busy at 4 PM;20% busy at 5 PM;17% busy at 6 PM;25% busy at 7 PM;40% busy at 8 PM;55% busy at 9 PM;75% busy at 10 PM;85% busy at 11 PM;92% busy at 12 AM;72% busy at 1 AM;65% busy at 2 AM;45% busy at 3 AM;,35% busy at 4 AM;55% busy at 5 AM;57% busy at 6 AM;60% busy at 7 AM;50% busy at 8 AM;45% busy at 9 AM;47% busy at 10 AM;55% busy at 11 AM;42% busy at 12 PM;35% busy at 1 PM;37% busy at 2 PM;35% busy at 3 PM;27% busy at 4 PM;22% busy at 5 PM;20% busy at 6 PM;25% busy at 7 PM;37% busy at 8 PM;70% busy at 9 PM;87% busy at 10 PM;100% busy at 11 PM;80% busy at 12 AM;72% busy at 1 AM;50% busy at 2 AM;42% busy at 3 AM;,60% busy at 4 AM;47% busy at 5 AM;32% busy at 6 AM;22% busy at 7 AM;12% busy at 8 AM;17% busy at 9 AM;27% busy at 10 AM;50% busy at 11 AM;47% busy at 12 PM;42% busy at 1 PM;35% busy at 2 PM;45% busy at 3 PM;60% busy at 4 PM;52% busy at 5 PM;50% busy at 6 PM;37% busy at 7 PM;42% busy at 8 PM;47% busy at 9 PM;55% busy at 10 PM;47% busy at 11 PM;37% busy at 12 AM;32% busy at 1 AM;50% busy at 2 AM;65% busy at 3 AM;,52% busy at 4 AM;42% busy at 5 AM;35% busy at 6 AM;40% busy at 7 AM;50% busy at 8 AM;57% busy at 9 AM;52% busy at 10 AM;55% busy at 11 AM;55% busy at 12 PM;65% busy at 1 PM;57% busy at 2 PM;50% busy at 3 PM;37% busy at 4 PM;22% busy at 5 PM;22% busy at 6 PM;30% busy at 7 PM;35% busy at 8 PM;47% busy at 9 PM;47% busy at 10 PM;45% busy at 11 PM;37% busy at 12 AM;37% busy at 1 AM;45% busy at 2 AM;60% busy at 3 AM;,80% busy at 4 AM;82% busy at 5 AM;65% busy at 6 AM;42% busy at 7 AM;35% busy at 8 AM;52% busy at 9 AM;52% busy at 10 AM;65% busy at 11 AM;52% busy at 12 PM;62% busy at 1 PM;72% busy at 2 PM;85% busy at 3 PM;85% busy at 4 PM;65% busy at 5 PM;65% busy at 6 PM;45% busy at 7 PM;40% busy at 8 PM;40% busy at 9 PM;27% busy at 10 PM;27% busy at 11 PM;32% busy at 12 AM;47% busy at 1 AM;55% busy at 2 AM;65% busy at 3 AM;,55% busy at 4 AM;45% busy at 5 AM;22% busy at 6 AM;27% busy at 7 AM;37% busy at 8 AM;25% busy at 9 AM;20% busy at 10 AM;20% busy at 11 AM;30% busy at 12 PM;22% busy at 1 PM;30% busy at 2 PM;45% busy at 3 PM;57% busy at 4 PM;47% busy at 5 PM;37% busy at 6 PM;25% busy at 7 PM;20% busy at 8 PM;30% busy at 9 PM;45% busy at 10 PM;65% busy at 11 PM;60% busy at 12 AM;62% busy at 1 AM;70% busy at 2 AM;92% busy at 3 AM;
Coffee shop,Line Espresso bar | لاين البحيرة,115,4.8,"Al Buhairah, Al Khobar 34722, Saudi Arabia",SA,Al Khobar,None,null,null,"Monday 5:30 AM–11:30 PM  2025-03-31
Tuesday 5:30 AM–11:30 PM  2025-04-01
Wednesday 5:30 AM–11:30 PM  2025-04-02
Thursday 5:30 AM–11:30 PM  2025-04-03
Friday 8 AM–11:30 PM  2025-04-04
Saturday 8 AM–11:30 PM  2025-04-05
Sunday 5:30 AM–11:30 PM  2025-04-06
 ",https://www.google.com/maps/place/Line+Espresso+bar+|+لاين+البحيرة/data=!4m5!3m4!1s0x3e49c3e5609a0721:0x7e5ee858678e28fe!8m2!3d26.1994043!4d50.1846416?authuser=0&hl=en&rclk=1,0x3e49c3e5609a0721:0x7e5ee858678e28fe,ChIJIQeaYOXDST4R_iiOZ1joXn4,,26.1994043,50.1846416,coffee shops,https://lh5.googleusercontent.com/p/AF1QipPxzL8JwMtVBBVMIiVWAd6CtU6EpmwK6F9ZzHoA=w408-h544-k-no,https://lh5.googleusercontent.com/p/CIHM0ogKEICAgICf9MmJYg=w1024-h960-p-k-no,https://lh5.googleusercontent.com/p/CIHM0ogKEICAgMCw2qPPZw=w1024-h960-p-k-no,https://lh5.googleusercontent.com/p/CIHM0ogKEICAgMCw2qPPpwE=w1024-h960-p-k-no,null,SAR 1–20,,https://plus.codes/55XM+QV Al Khobar Saudi Arabia,55XM+QV Al Khobar Saudi Arabia,Takeout,Monday 5:30 AM–11:30 PM  2025-03-31,Tuesday 5:30 AM–11:30 PM  2025-04-01,Wednesday 5:30 AM–11:30 PM  2025-04-02,Thursday 5:30 AM–11:30 PM  2025-04-03,Friday 8 AM–11:30 PM  2025-04-04,Saturday 8 AM–11:30 PM  2025-04-05,Sunday 5:30 AM–11:30 PM  2025-04-06,,,,,,,
Coffee shop,Starbucks,1253,4.1,"Ansab Plaza, Al Hamra, Al Khobar 34628, Saudi Arabia",SA,Al Khobar,None,https://locations.starbucks.sa/directory/al-khobar/ansab-plaza?utm_source=GMB&utm_medium=Yext&y_source=1_MTU0Nzg3OTktNzE1LWxvY2F0aW9uLndlYnNpdGU%3D,+966 13 806 4215,"Monday 6 AM–2 AM  2025-03-31
Tuesday 6 AM–2 AM  2025-04-01
Wednesday 6 AM–2 AM  2025-04-02
Thursday 6 AM–2 AM  2025-04-03
Friday 6 AM–2 AM  2025-04-04
Saturday 6 AM–2 AM  2025-04-05
Sunday 6 AM–2 AM  2025-04-06
 ",https://www.google.com/maps/place/Starbucks/data=!4m5!3m4!1s0x3e49c36f560f3f45:0xdda090b58e76d3b4!8m2!3d26.2203348!4d50.213007?authuser=0&hl=en&rclk=1,0x3e49c36f560f3f45:0xdda090b58e76d3b4,ChIJRT8PVm_DST4RtNN2jrWQoN0,,26.2203348,50.213007,coffee shops,https://lh5.googleusercontent.com/p/AF1QipOec4rwl4gYRHWGG6kYXQeGflbT89sexswaq2_2=w408-h544-k-no,https://lh5.googleusercontent.com/p/AF1QipNz8Oks2019YDww28s2HJzleUP7fHE78oYK2XlB=w1024-h960-p-k-no,https://lh5.googleusercontent.com/p/AF1QipNmptT92o5_i8KrIafU49-PTwc8RiGVSlYtStyF=w1024-h960-p-k-no,https://lh5.googleusercontent.com/p/AF1QipPrlXmvrwz5dOUmAT0e1f1vxu84A-rUUhYOgE2r=w1024-h960-p-k-no,"Seattle-based coffeehouse chain known for its signature roasts, light bites and WiFi availability.",SAR 20–40,,https://plus.codes/66C7+46 Al Khobar Saudi Arabia,66C7+46 Al Khobar Saudi Arabia,No-contact delivery,Monday 6 AM–2 AM  2025-03-31,Tuesday 6 AM–2 AM  2025-04-01,Wednesday 6 AM–2 AM  2025-04-02,Thursday 6 AM–2 AM  2025-04-03,Friday 6 AM–2 AM  2025-04-04,Saturday 6 AM–2 AM  2025-04-05,Sunday 6 AM–2 AM  2025-04-06,0% busy at 5 AM;0% busy at 6 AM;0% busy at 7 AM;0% busy at 8 AM;0% busy at 9 AM;0% busy at 10 AM;0% busy at 11 AM;0% busy at 12 PM;0% busy at 1 PM;0% busy at 2 PM;0% busy at 3 PM;0% busy at 4 PM;56% busy at 5 PM;51% busy at 6 PM;58% busy at 7 PM;58% busy at 8 PM;58% busy at 9 PM;51% busy at 10 PM;47% busy at 11 PM;35% busy at 12 AM;28% busy at 1 AM;,0% busy at 5 AM;0% busy at 6 AM;0% busy at 7 AM;0% busy at 8 AM;0% busy at 9 AM;0% busy at 10 AM;0% busy at 11 AM;0% busy at 12 PM;0% busy at 1 PM;0% busy at 2 PM;0% busy at 3 PM;0% busy at 4 PM;70% busy at 5 PM;80% busy at 6 PM;72% busy at 7 PM;71% busy at 8 PM;64% busy at 9 PM;65% busy at 10 PM;52% busy at 11 PM;40% busy at 12 AM;29% busy at 1 AM;,0% busy at 5 AM;0% busy at 6 AM;0% busy at 7 AM;0% busy at 8 AM;0% busy at 9 AM;0% busy at 10 AM;0% busy at 11 AM;0% busy at 12 PM;0% busy at 1 PM;0% busy at 2 PM;0% busy at 3 PM;0% busy at 4 PM;56% busy at 5 PM;68% busy at 6 PM;79% busy at 7 PM;82% busy at 8 PM;74% busy at 9 PM;66% busy at 10 PM;52% busy at 11 PM;33% busy at 12 AM;17% busy at 1 AM;,0% busy at 5 AM;0% busy at 6 AM;0% busy at 7 AM;0% busy at 8 AM;0% busy at 9 AM;0% busy at 10 AM;0% busy at 11 AM;0% busy at 12 PM;0% busy at 1 PM;0% busy at 2 PM;0% busy at 3 PM;0% busy at 4 PM;88% busy at 5 PM;82% busy at 6 PM;82% busy at 7 PM;91% busy at 8 PM;100% busy at 9 PM;98% busy at 10 PM;82% busy at 11 PM;56% busy at 12 AM;32% busy at 1 AM;,0% busy at 5 AM;0% busy at 6 AM;0% busy at 7 AM;0% busy at 8 AM;0% busy at 9 AM;0% busy at 10 AM;0% busy at 11 AM;0% busy at 12 PM;0% busy at 1 PM;0% busy at 2 PM;0% busy at 3 PM;0% busy at 4 PM;84% busy at 5 PM;74% busy at 6 PM;68% busy at 7 PM;66% busy at 8 PM;76% busy at 9 PM;81% busy at 10 PM;75% busy at 11 PM;56% busy at 12 AM;36% busy at 1 AM;,0% busy at 5 AM;0% busy at 6 AM;0% busy at 7 AM;0% busy at 8 AM;0% busy at 9 AM;0% busy at 10 AM;0% busy at 11 AM;0% busy at 12 PM;0% busy at 1 PM;0% busy at 2 PM;0% busy at 3 PM;0% busy at 4 PM;64% busy at 5 PM;56% busy at 6 PM;50% busy at 7 PM;51% busy at 8 PM;52% busy at 9 PM;50% busy at 10 PM;44% busy at 11 PM;30% busy at 12 AM;16% busy at 1 AM;,0% busy at 5 AM;0% busy at 6 AM;0% busy at 7 AM;0% busy at 8 AM;0% busy at 9 AM;0% busy at 10 AM;0% busy at 11 AM;0% busy at 12 PM;0% busy at 1 PM;0% busy at 2 PM;0% busy at 3 PM;0% busy at 4 PM;49% busy at 5 PM;44% busy at 6 PM;55% busy at 7 PM;60% busy at 8 PM;62% busy at 9 PM;50% busy at 10 PM;38% busy at 11 PM;24% busy at 12 AM;16% busy at 1 AM;
Coffee shop,Dunkin' - دانكن,22,3.9,"Al Jisr, Al Khobar 34714, Saudi Arabia",SA,Al Khobar,None,https://www.dunkinksa.com/,+966 800 128 8999,"Monday 6 AM–12 AM  2025-03-31
Tuesday 6 AM–12 AM  2025-04-01
Wednesday 6 AM–12 AM  2025-04-02
Thursday 6 AM–12 AM  2025-04-03
Friday 6 AM–12 AM  2025-04-04
Saturday 6 AM–12 AM  2025-04-05
Sunday 6 AM–12 AM  2025-04-06
 ",https://www.google.com/maps/place/Dunkin'+-+دانكن/data=!4m5!3m4!1s0x3e49c3006d152ba1:0x61f58c8a58bd4349!8m2!3d26.2189375!4d50.2101875?authuser=0&hl=en&rclk=1,0x3e49c3006d152ba1:0x61f58c8a58bd4349,ChIJoSsVbQDDST4RSUO9WIqM9WE,,26.2189375,50.2101875,coffee shops,https://lh5.googleusercontent.com/p/AF1QipNAwLrC4GBoGjwXhWaLe2GEW7vtC9pJqfsIlvyk=w408-h306-k-no,https://lh5.googleusercontent.com/p/AF1QipNAwLrC4GBoGjwXhWaLe2GEW7vtC9pJqfsIlvyk=w1024-h960-p-k-no,https://lh5.googleusercontent.com/p/AF1QipNAwLrC4GBoGjwXhWaLe2GEW7vtC9pJqfsIlvyk=w1024-h960-p-k-no,null,null,None,,https://plus.codes/6696+H3 Al Khobar Saudi Arabia,6696+H3 Al Khobar Saudi Arabia,Delivery,Monday 6 AM–12 AM  2025-03-31,Tuesday 6 AM–12 AM  2025-04-01,Wednesday 6 AM–12 AM  2025-04-02,Thursday 6 AM–12 AM  2025-04-03,Friday 6 AM–12 AM  2025-04-04,Saturday 6 AM–12 AM  2025-04-05,Sunday 6 AM–12 AM  2025-04-06,0% busy at 5 AM;78% busy at 6 AM;100% busy at 7 AM;78% busy at 8 AM;57% busy at 9 AM;42% busy at 10 AM;57% busy at 11 AM;64% busy at 12 PM;85% busy at 1 PM;57% busy at 2 PM;78% busy at 3 PM;50% busy at 4 PM;35% busy at 5 PM;14% busy at 6 PM;42% busy at 7 PM;42% busy at 8 PM;57% busy at 9 PM;42% busy at 10 PM;50% busy at 11 PM;,0% busy at 5 AM;21% busy at 6 AM;42% busy at 7 AM;71% busy at 8 AM;92% busy at 9 AM;64% busy at 10 AM;57% busy at 11 AM;42% busy at 12 PM;42% busy at 1 PM;35% busy at 2 PM;42% busy at 3 PM;21% busy at 4 PM;28% busy at 5 PM;21% busy at 6 PM;35% busy at 7 PM;35% busy at 8 PM;28% busy at 9 PM;21% busy at 10 PM;21% busy at 11 PM;,0% busy at 5 AM;35% busy at 6 AM;28% busy at 7 AM;50% busy at 8 AM;21% busy at 9 AM;14% busy at 10 AM;14% busy at 11 AM;28% busy at 12 PM;71% busy at 1 PM;42% busy at 2 PM;50% busy at 3 PM;35% busy at 4 PM;35% busy at 5 PM;21% busy at 6 PM;21% busy at 7 PM;28% busy at 8 PM;35% busy at 9 PM;64% busy at 10 PM;50% busy at 11 PM;,0% busy at 5 AM;21% busy at 6 AM;7% busy at 7 AM;14% busy at 8 AM;28% busy at 9 AM;50% busy at 10 AM;71% busy at 11 AM;78% busy at 12 PM;71% busy at 1 PM;64% busy at 2 PM;50% busy at 3 PM;42% busy at 4 PM;42% busy at 5 PM;57% busy at 6 PM;42% busy at 7 PM;35% busy at 8 PM;28% busy at 9 PM;42% busy at 10 PM;50% busy at 11 PM;,0% busy at 5 AM;35% busy at 6 AM;35% busy at 7 AM;35% busy at 8 AM;71% busy at 9 AM;57% busy at 10 AM;50% busy at 11 AM;21% busy at 12 PM;28% busy at 1 PM;42% busy at 2 PM;42% busy at 3 PM;64% busy at 4 PM;78% busy at 5 PM;92% busy at 6 PM;78% busy at 7 PM;64% busy at 8 PM;50% busy at 9 PM;28% busy at 10 PM;28% busy at 11 PM;,0% busy at 5 AM;57% busy at 6 AM;35% busy at 7 AM;14% busy at 8 AM;21% busy at 9 AM;28% busy at 10 AM;42% busy at 11 AM;42% busy at 12 PM;28% busy at 1 PM;28% busy at 2 PM;35% busy at 3 PM;50% busy at 4 PM;57% busy at 5 PM;71% busy at 6 PM;64% busy at 7 PM;64% busy at 8 PM;28% busy at 9 PM;35% busy at 10 PM;50% busy at 11 PM;,0% busy at 5 AM;21% busy at 6 AM;28% busy at 7 AM;28% busy at 8 AM;42% busy at 9 AM;42% busy at 10 AM;50% busy at 11 AM;42% busy at 12 PM;42% busy at 1 PM;42% busy at 2 PM;28% busy at 3 PM;21% busy at 4 PM;28% busy at 5 PM;42% busy at 6 PM;50% busy at 7 PM;42% busy at 8 PM;42% busy at 9 PM;35% busy at 10 PM;35% busy at 11 PM;
Coffee shop,Tim Hortons,18,4.3,"2117 طريق الملك خالد فرعي, 65HW+X8, حي الحمراء, EEDA7369، 7369, Al Khobar 34628, Saudi Arabia",SA,Al Khobar,None,https://timhortonsgcc.com/,+966 56 109 8428,"Monday Open 24 hours  2025-03-31
Tuesday Open 24 hours  2025-04-01
Wednesday Open 24 hours  2025-04-02
Thursday Open 24 hours  2025-04-03
Friday Open 24 hours  2025-04-04
Saturday Open 24 hours  2025-04-05
Sunday Open 24 hours  2025-04-06
 ",https://www.google.com/maps/place/Tim+Hortons/data=!4m5!3m4!1s0x3e49c34e8c32ba1b:0xa3c7de54f2fcca1a!8m2!3d26.2298433!4d50.1955329?authuser=0&hl=en&rclk=1,0x3e49c34e8c32ba1b:0xa3c7de54f2fcca1a,ChIJG7oyjE7DST4RGsr88lTex6M,,26.2298433,50.1955329,coffee shops,https://lh5.googleusercontent.com/p/AF1QipP-DuG8hsDRwJQ6nirtI51KOcVoYEnN0uDXp_3x=w408-h544-k-no,https://lh5.googleusercontent.com/p/AF1QipMoDYmMQHR3Ndh4vuO45Ct6QQtMD4E6hBFf_Eyt=w1024-h960-p-k-no,https://lh5.googleusercontent.com/p/CIHM0ogKEICAgID3jJ7dyAE=w1024-h960-p-k-no,https://lh5.googleusercontent.com/p/CIHM0ogKEICAgICnraS5Xg=w1024-h960-p-k-no,null,SAR 20–40,,https://plus.codes/65HW+W6 Al Khobar Saudi Arabia,65HW+W6 Al Khobar Saudi Arabia,Delivery,Monday Open 24 hours  2025-03-31,Tuesday Open 24 hours  2025-04-01,Wednesday Open 24 hours  2025-04-02,Thursday Open 24 hours  2025-04-03,Friday Open 24 hours  2025-04-04,Saturday Open 24 hours  2025-04-05,Sunday Open 24 hours  2025-04-06,53% busy at 4 AM;76% busy at 5 AM;72% busy at 6 AM;93% busy at 7 AM;79% busy at 8 AM;83% busy at 9 AM;67% busy at 10 AM;55% busy at 11 AM;53% busy at 12 PM;46% busy at 1 PM;44% busy at 2 PM;44% busy at 3 PM;55% busy at 4 PM;74% busy at 5 PM;79% busy at 6 PM;81% busy at 7 PM;76% busy at 8 PM;81% busy at 9 PM;100% busy at 10 PM;79% busy at 11 PM;60% busy at 12 AM;53% busy at 1 AM;41% busy at 2 AM;65% busy at 3 AM;,32% busy at 4 AM;34% busy at 5 AM;44% busy at 6 AM;60% busy at 7 AM;69% busy at 8 AM;74% busy at 9 AM;62% busy at 10 AM;67% busy at 11 AM;67% busy at 12 PM;69% busy at 1 PM;62% busy at 2 PM;48% busy at 3 PM;41% busy at 4 PM;34% busy at 5 PM;41% busy at 6 PM;46% busy at 7 PM;58% busy at 8 PM;60% busy at 9 PM;65% busy at 10 PM;79% busy at 11 PM;72% busy at 12 AM;55% busy at 1 AM;51% busy at 2 AM;32% busy at 3 AM;,37% busy at 4 AM;37% busy at 5 AM;58% busy at 6 AM;46% busy at 7 AM;55% busy at 8 AM;44% busy at 9 AM;46% busy at 10 AM;48% busy at 11 AM;48% busy at 12 PM;39% busy at 1 PM;39% busy at 2 PM;39% busy at 3 PM;46% busy at 4 PM;44% busy at 5 PM;76% busy at 6 PM;79% busy at 7 PM;95% busy at 8 PM;90% busy at 9 PM;76% busy at 10 PM;58% busy at 11 PM;53% busy at 12 AM;51% busy at 1 AM;53% busy at 2 AM;39% busy at 3 AM;,74% busy at 4 AM;88% busy at 5 AM;72% busy at 6 AM;55% busy at 7 AM;37% busy at 8 AM;18% busy at 9 AM;27% busy at 10 AM;34% busy at 11 AM;53% busy at 12 PM;48% busy at 1 PM;62% busy at 2 PM;88% busy at 3 PM;83% busy at 4 PM;69% busy at 5 PM;58% busy at 6 PM;53% busy at 7 PM;48% busy at 8 PM;34% busy at 9 PM;32% busy at 10 PM;34% busy at 11 PM;27% busy at 12 AM;32% busy at 1 AM;41% busy at 2 AM;62% busy at 3 AM;,67% busy at 4 AM;53% busy at 5 AM;51% busy at 6 AM;48% busy at 7 AM;44% busy at 8 AM;39% busy at 9 AM;44% busy at 10 AM;32% busy at 11 AM;51% busy at 12 PM;58% busy at 1 PM;86% busy at 2 PM;95% busy at 3 PM;93% busy at 4 PM;81% busy at 5 PM;67% busy at 6 PM;51% busy at 7 PM;48% busy at 8 PM;53% busy at 9 PM;65% busy at 10 PM;65% busy at 11 PM;53% busy at 12 AM;53% busy at 1 AM;67% busy at 2 AM;69% busy at 3 AM;,46% busy at 4 AM;46% busy at 5 AM;37% busy at 6 AM;30% busy at 7 AM;39% busy at 8 AM;55% busy at 9 AM;58% busy at 10 AM;46% busy at 11 AM;37% busy at 12 PM;48% busy at 1 PM;72% busy at 2 PM;81% busy at 3 PM;55% busy at 4 PM;41% busy at 5 PM;46% busy at 6 PM;39% busy at 7 PM;41% busy at 8 PM;37% busy at 9 PM;46% busy at 10 PM;44% busy at 11 PM;46% busy at 12 AM;34% busy at 1 AM;27% busy at 2 AM;34% busy at 3 AM;,46% busy at 4 AM;48% busy at 5 AM;48% busy at 6 AM;51% busy at 7 AM;53% busy at 8 AM;51% busy at 9 AM;46% busy at 10 AM;48% busy at 11 AM;44% busy at 12 PM;39% busy at 1 PM;39% busy at 2 PM;48% busy at 3 PM;48% busy at 4 PM;55% busy at 5 PM;46% busy at 6 PM;53% busy at 7 PM;48% busy at 8 PM;69% busy at 9 PM;51% busy at 10 PM;55% busy at 11 PM;37% busy at 12 AM;48% busy at 1 AM;39% busy at 2 AM;51% busy at 3 AM;
Coffee shop,Tim Hortons,123,4.2,"Al Thawn, Al Khobar 34632, Saudi Arabia",SA,Al Khobar,None,https://timhortonsgcc.com/,+966 55 964 8403,"Monday Open 24 hours  2025-03-31
Tuesday Open 24 hours  2025-04-01
Wednesday Open 24 hours  2025-04-02
Thursday Open 24 hours  2025-04-03
Friday Open 24 hours  2025-04-04
Saturday Open 24 hours  2025-04-05
Sunday Open 24 hours  2025-04-06
 ",https://www.google.com/maps/place/Tim+Hortons/data=!4m5!3m4!1s0x3e49c3c10ce3f2f7:0x5dd386216a56bfe0!8m2!3d26.2314414!4d50.1939287?authuser=0&hl=en&rclk=1,0x3e49c3c10ce3f2f7:0x5dd386216a56bfe0,ChIJ9_LjDMHDST4R4L9WaiGG010,,26.2314414,50.1939287,coffee shops,https://lh5.googleusercontent.com/p/AF1QipPyQyYR17jMHcLJwYY8NnlDcEAhJVjEejyZre0y=w408-h544-k-no,https://lh5.googleusercontent.com/p/AF1QipPwG0CsgbgFg1UCP0e0U-BGl62oNM7McS3m1uEC=w1024-h960-p-k-no,https://lh5.googleusercontent.com/p/AF1QipMsE2v8I2XeAst2hjLWuVkdgvB_pcOjeeU8SWL3=w1024-h960-p-k-no,https://lh5.googleusercontent.com/p/AF1QipMNRuDZa_TecExTjpUlfgwS4PJ_auG9gQYg5eWr=w1024-h960-p-k-no,"Canadian chain for signature premium-blend coffee, plus light fare, pastries & breakfast sandwiches.",SAR 20–40,,https://plus.codes/65JV+HH Al Khobar Saudi Arabia,65JV+HH Al Khobar Saudi Arabia,Delivery,Monday Open 24 hours  2025-03-31,Tuesday Open 24 hours  2025-04-01,Wednesday Open 24 hours  2025-04-02,Thursday Open 24 hours  2025-04-03,Friday Open 24 hours  2025-04-04,Saturday Open 24 hours  2025-04-05,Sunday Open 24 hours  2025-04-06,37% busy at 4 AM;50% busy at 5 AM;56% busy at 6 AM;81% busy at 7 AM;87% busy at 8 AM;100% busy at 9 AM;87% busy at 10 AM;75% busy at 11 AM;75% busy at 12 PM;62% busy at 1 PM;100% busy at 2 PM;100% busy at 3 PM;87% busy at 4 PM;68% busy at 5 PM;68% busy at 6 PM;43% busy at 7 PM;37% busy at 8 PM;25% busy at 9 PM;31% busy at 10 PM;31% busy at 11 PM;37% busy at 12 AM;25% busy at 1 AM;43% busy at 2 AM;31% busy at 3 AM;,31% busy at 4 AM;25% busy at 5 AM;25% busy at 6 AM;37% busy at 7 AM;75% busy at 8 AM;100% busy at 9 AM;75% busy at 10 AM;56% busy at 11 AM;68% busy at 12 PM;62% busy at 1 PM;75% busy at 2 PM;37% busy at 3 PM;37% busy at 4 PM;50% busy at 5 PM;56% busy at 6 PM;43% busy at 7 PM;43% busy at 8 PM;31% busy at 9 PM;25% busy at 10 PM;12% busy at 11 PM;12% busy at 12 AM;18% busy at 1 AM;25% busy at 2 AM;43% busy at 3 AM;,37% busy at 4 AM;50% busy at 5 AM;56% busy at 6 AM;56% busy at 7 AM;75% busy at 8 AM;100% busy at 9 AM;87% busy at 10 AM;81% busy at 11 AM;62% busy at 12 PM;87% busy at 1 PM;87% busy at 2 PM;93% busy at 3 PM;81% busy at 4 PM;87% busy at 5 PM;75% busy at 6 PM;93% busy at 7 PM;75% busy at 8 PM;68% busy at 9 PM;56% busy at 10 PM;50% busy at 11 PM;50% busy at 12 AM;56% busy at 1 AM;43% busy at 2 AM;31% busy at 3 AM;,25% busy at 4 AM;62% busy at 5 AM;75% busy at 6 AM;81% busy at 7 AM;62% busy at 8 AM;75% busy at 9 AM;50% busy at 10 AM;50% busy at 11 AM;43% busy at 12 PM;50% busy at 1 PM;81% busy at 2 PM;93% busy at 3 PM;93% busy at 4 PM;50% busy at 5 PM;37% busy at 6 PM;37% busy at 7 PM;43% busy at 8 PM;31% busy at 9 PM;43% busy at 10 PM;50% busy at 11 PM;43% busy at 12 AM;43% busy at 1 AM;25% busy at 2 AM;18% busy at 3 AM;,56% busy at 4 AM;56% busy at 5 AM;56% busy at 6 AM;75% busy at 7 AM;75% busy at 8 AM;37% busy at 9 AM;37% busy at 10 AM;25% busy at 11 AM;50% busy at 12 PM;62% busy at 1 PM;56% busy at 2 PM;25% busy at 3 PM;12% busy at 4 PM;25% busy at 5 PM;31% busy at 6 PM;43% busy at 7 PM;37% busy at 8 PM;50% busy at 9 PM;68% busy at 10 PM;68% busy at 11 PM;31% busy at 12 AM;31% busy at 1 AM;43% busy at 2 AM;81% busy at 3 AM;,25% busy at 4 AM;18% busy at 5 AM;37% busy at 6 AM;31% busy at 7 AM;37% busy at 8 AM;43% busy at 9 AM;56% busy at 10 AM;43% busy at 11 AM;43% busy at 12 PM;68% busy at 1 PM;81% busy at 2 PM;75% busy at 3 PM;43% busy at 4 PM;43% busy at 5 PM;31% busy at 6 PM;62% busy at 7 PM;50% busy at 8 PM;50% busy at 9 PM;43% busy at 10 PM;37% busy at 11 PM;31% busy at 12 AM;25% busy at 1 AM;25% busy at 2 AM;18% busy at 3 AM;,18% busy at 4 AM;31% busy at 5 AM;43% busy at 6 AM;50% busy at 7 AM;56% busy at 8 AM;50% busy at 9 AM;37% busy at 10 AM;31% busy at 11 AM;43% busy at 12 PM;43% busy at 1 PM;56% busy at 2 PM;43% busy at 3 PM;50% busy at 4 PM;68% busy at 5 PM;68% busy at 6 PM;68% busy at 7 PM;43% busy at 8 PM;43% busy at 9 PM;43% busy at 10 PM;37% busy at 11 PM;31% busy at 12 AM;18% busy at 1 AM;25% busy at 2 AM;25% busy at 3 AM;
Coffee shop,Barn's | بارنز,96,4.3,"King Fahad, Al Azizyah, Dammam Saudi Arabia",SA,Dammam,None,https://barns.com.sa/en,+966 9200 06843,"Monday Open 24 hours  2025-03-31
Tuesday Open 24 hours  2025-04-01
Wednesday Open 24 hours  2025-04-02
Thursday Open 24 hours  2025-04-03
Friday Open 24 hours  2025-04-04
Saturday Open 24 hours  2025-04-05
Sunday Open 24 hours  2025-04-06
 ",https://www.google.com/maps/place/Barn's+|+بارنز/data=!4m5!3m4!1s0x3e49db3e5bc03e9f:0xe135993cc67c96f1!8m2!3d26.1762145!4d50.1626338?authuser=0&hl=en&rclk=1,0x3e49db3e5bc03e9f:0xe135993cc67c96f1,ChIJnz7AWz7bST4R8ZZ8xjyZNeE,,26.1762145,50.1626338,coffee shops,https://lh5.googleusercontent.com/p/AF1QipMTypqzQ68dsB5achTaUI8VPZD2L2Trj-ZYsvbX=w408-h408-k-no,https://lh5.googleusercontent.com/p/AF1QipMTypqzQ68dsB5achTaUI8VPZD2L2Trj-ZYsvbX=w1024-h960-p-k-no,https://lh5.googleusercontent.com/p/AF1QipNYYhuE-i_bfhvOgAfWV2yThiS24R_Iyi1hV4VN=w1024-h960-p-k-no,https://lh5.googleusercontent.com/p/AF1QipMqxB5_Q1Ip5V7_KZrLp8NQZzdp4DBKqIYwuu6R=w1024-h960-p-k-no,null,SAR 1–20,,https://plus.codes/55G7+F3 Dammam Saudi Arabia,55G7+F3 Dammam Saudi Arabia,Delivery,Monday Open 24 hours  2025-03-31,Tuesday Open 24 hours  2025-04-01,Wednesday Open 24 hours  2025-04-02,Thursday Open 24 hours  2025-04-03,Friday Open 24 hours  2025-04-04,Saturday Open 24 hours  2025-04-05,Sunday Open 24 hours  2025-04-06,41% busy at 4 AM;35% busy at 5 AM;47% busy at 6 AM;23% busy at 7 AM;17% busy at 8 AM;23% busy at 9 AM;17% busy at 10 AM;29% busy at 11 AM;23% busy at 12 PM;29% busy at 1 PM;35% busy at 2 PM;58% busy at 3 PM;58% busy at 4 PM;52% busy at 5 PM;52% busy at 6 PM;29% busy at 7 PM;35% busy at 8 PM;29% busy at 9 PM;17% busy at 10 PM;17% busy at 11 PM;29% busy at 12 AM;23% busy at 1 AM;41% busy at 2 AM;29% busy at 3 AM;,41% busy at 4 AM;41% busy at 5 AM;47% busy at 6 AM;35% busy at 7 AM;35% busy at 8 AM;52% busy at 9 AM;58% busy at 10 AM;58% busy at 11 AM;47% busy at 12 PM;35% busy at 1 PM;17% busy at 2 PM;35% busy at 3 PM;23% busy at 4 PM;11% busy at 5 PM;0% busy at 6 PM;0% busy at 7 PM;5% busy at 8 PM;11% busy at 9 PM;35% busy at 10 PM;58% busy at 11 PM;82% busy at 12 AM;82% busy at 1 AM;58% busy at 2 AM;52% busy at 3 AM;,52% busy at 4 AM;52% busy at 5 AM;41% busy at 6 AM;17% busy at 7 AM;11% busy at 8 AM;11% busy at 9 AM;11% busy at 10 AM;17% busy at 11 AM;35% busy at 12 PM;35% busy at 1 PM;47% busy at 2 PM;47% busy at 3 PM;58% busy at 4 PM;58% busy at 5 PM;47% busy at 6 PM;47% busy at 7 PM;41% busy at 8 PM;52% busy at 9 PM;41% busy at 10 PM;76% busy at 11 PM;64% busy at 12 AM;58% busy at 1 AM;35% busy at 2 AM;52% busy at 3 AM;,47% busy at 4 AM;47% busy at 5 AM;64% busy at 6 AM;47% busy at 7 AM;47% busy at 8 AM;47% busy at 9 AM;52% busy at 10 AM;64% busy at 11 AM;29% busy at 12 PM;23% busy at 1 PM;35% busy at 2 PM;52% busy at 3 PM;88% busy at 4 PM;58% busy at 5 PM;47% busy at 6 PM;17% busy at 7 PM;23% busy at 8 PM;29% busy at 9 PM;23% busy at 10 PM;11% busy at 11 PM;29% busy at 12 AM;35% busy at 1 AM;41% busy at 2 AM;41% busy at 3 AM;,58% busy at 4 AM;52% busy at 5 AM;58% busy at 6 AM;58% busy at 7 AM;64% busy at 8 AM;58% busy at 9 AM;41% busy at 10 AM;35% busy at 11 AM;23% busy at 12 PM;17% busy at 1 PM;29% busy at 2 PM;29% busy at 3 PM;29% busy at 4 PM;11% busy at 5 PM;0% busy at 6 PM;17% busy at 7 PM;41% busy at 8 PM;64% busy at 9 PM;70% busy at 10 PM;76% busy at 11 PM;88% busy at 12 AM;82% busy at 1 AM;82% busy at 2 AM;88% busy at 3 AM;,35% busy at 4 AM;47% busy at 5 AM;41% busy at 6 AM;64% busy at 7 AM;64% busy at 8 AM;76% busy at 9 AM;64% busy at 10 AM;41% busy at 11 AM;35% busy at 12 PM;23% busy at 1 PM;35% busy at 2 PM;76% busy at 3 PM;100% busy at 4 PM;88% busy at 5 PM;64% busy at 6 PM;58% busy at 7 PM;52% busy at 8 PM;41% busy at 9 PM;52% busy at 10 PM;41% busy at 11 PM;52% busy at 12 AM;35% busy at 1 AM;41% busy at 2 AM;23% busy at 3 AM;,41% busy at 4 AM;52% busy at 5 AM;47% busy at 6 AM;41% busy at 7 AM;41% busy at 8 AM;35% busy at 9 AM;23% busy at 10 AM;41% busy at 11 AM;41% busy at 12 PM;52% busy at 1 PM;52% busy at 2 PM;58% busy at 3 PM;47% busy at 4 PM;35% busy at 5 PM;58% busy at 6 PM;58% busy at 7 PM;47% busy at 8 PM;23% busy at 9 PM;29% busy at 10 PM;41% busy at 11 PM;41% busy at 12 AM;47% busy at 1 AM;47% busy at 2 AM;35% busy at 3 AM;
Coffee shop,Road Café | قهوة الطريق,4,3.3,"King Khalid Rd, فرعي, EEDA7369، 7369 ، 2117، حي الحمراء, Al Khobar 34628, Saudi Arabia",SA,Al Khobar,None,http://roadcafe.com/,+966 50 624 0568,"Monday Open 24 hours  2025-03-31
Tuesday Open 24 hours  2025-04-01
Wednesday Open 24 hours  2025-04-02
Thursday Open 24 hours  2025-04-03
Friday Open 24 hours  2025-04-04
Saturday Open 24 hours  2025-04-05
Sunday Open 24 hours  2025-04-06
 ",https://www.google.com/maps/place/Road+Café+|+قهوة+الطريق/data=!4m5!3m4!1s0x3e49c3031af09cd1:0x30c00839f5aa88c5!8m2!3d26.2300597!4d50.195494?authuser=0&hl=en&rclk=1,0x3e49c3031af09cd1:0x30c00839f5aa88c5,ChIJ0ZzwGgPDST4RxYiq9TkIwDA,,26.2300597,50.195494,coffee shops,https://lh5.googleusercontent.com/p/AF1QipNuG5sa-EtCEEMJwIA-qhlbvRqciKCkUFdh-bYT=w408-h544-k-no,https://lh5.googleusercontent.com/p/AF1QipNuG5sa-EtCEEMJwIA-qhlbvRqciKCkUFdh-bYT=w1024-h960-p-k-no,https://lh5.googleusercontent.com/p/AF1QipMVNxtBdKnVT0aCBKDRRBMQvvastHkdrEYHqLZF=w1024-h960-p-k-no,null,null,$$,,https://plus.codes/65JW+25 Al Khobar Saudi Arabia,65JW+25 Al Khobar Saudi Arabia,No-contact delivery,Monday Open 24 hours  2025-03-31,Tuesday Open 24 hours  2025-04-01,Wednesday Open 24 hours  2025-04-02,Thursday Open 24 hours  2025-04-03,Friday Open 24 hours  2025-04-04,Saturday Open 24 hours  2025-04-05,Sunday Open 24 hours  2025-04-06,33% busy at 4 AM;53% busy at 5 AM;33% busy at 6 AM;13% busy at 7 AM;6% busy at 8 AM;13% busy at 9 AM;40% busy at 10 AM;73% busy at 11 AM;80% busy at 12 PM;73% busy at 1 PM;40% busy at 2 PM;40% busy at 3 PM;33% busy at 4 PM;40% busy at 5 PM;26% busy at 6 PM;6% busy at 7 PM;6% busy at 8 PM;13% busy at 9 PM;26% busy at 10 PM;33% busy at 11 PM;40% busy at 12 AM;40% busy at 1 AM;33% busy at 2 AM;26% busy at 3 AM;,46% busy at 4 AM;46% busy at 5 AM;53% busy at 6 AM;53% busy at 7 AM;53% busy at 8 AM;60% busy at 9 AM;33% busy at 10 AM;53% busy at 11 AM;53% busy at 12 PM;66% busy at 1 PM;53% busy at 2 PM;40% busy at 3 PM;60% busy at 4 PM;40% busy at 5 PM;66% busy at 6 PM;46% busy at 7 PM;53% busy at 8 PM;53% busy at 9 PM;66% busy at 10 PM;60% busy at 11 PM;46% busy at 12 AM;73% busy at 1 AM;66% busy at 2 AM;60% busy at 3 AM;,60% busy at 4 AM;86% busy at 5 AM;93% busy at 6 AM;73% busy at 7 AM;53% busy at 8 AM;60% busy at 9 AM;66% busy at 10 AM;60% busy at 11 AM;53% busy at 12 PM;33% busy at 1 PM;20% busy at 2 PM;40% busy at 3 PM;40% busy at 4 PM;40% busy at 5 PM;20% busy at 6 PM;26% busy at 7 PM;20% busy at 8 PM;20% busy at 9 PM;13% busy at 10 PM;13% busy at 11 PM;13% busy at 12 AM;46% busy at 1 AM;40% busy at 2 AM;60% busy at 3 AM;,53% busy at 4 AM;73% busy at 5 AM;80% busy at 6 AM;53% busy at 7 AM;46% busy at 8 AM;40% busy at 9 AM;33% busy at 10 AM;20% busy at 11 AM;13% busy at 12 PM;6% busy at 1 PM;0% busy at 2 PM;13% busy at 3 PM;40% busy at 4 PM;46% busy at 5 PM;53% busy at 6 PM;53% busy at 7 PM;53% busy at 8 PM;46% busy at 9 PM;40% busy at 10 PM;13% busy at 11 PM;6% busy at 12 AM;13% busy at 1 AM;26% busy at 2 AM;53% busy at 3 AM;,20% busy at 4 AM;13% busy at 5 AM;26% busy at 6 AM;40% busy at 7 AM;60% busy at 8 AM;46% busy at 9 AM;53% busy at 10 AM;60% busy at 11 AM;46% busy at 12 PM;53% busy at 1 PM;40% busy at 2 PM;46% busy at 3 PM;20% busy at 4 PM;26% busy at 5 PM;20% busy at 6 PM;40% busy at 7 PM;46% busy at 8 PM;53% busy at 9 PM;60% busy at 10 PM;66% busy at 11 PM;80% busy at 12 AM;86% busy at 1 AM;53% busy at 2 AM;26% busy at 3 AM;,40% busy at 4 AM;53% busy at 5 AM;40% busy at 6 AM;40% busy at 7 AM;26% busy at 8 AM;33% busy at 9 AM;33% busy at 10 AM;53% busy at 11 AM;60% busy at 12 PM;66% busy at 1 PM;60% busy at 2 PM;40% busy at 3 PM;33% busy at 4 PM;33% busy at 5 PM;46% busy at 6 PM;46% busy at 7 PM;33% busy at 8 PM;60% busy at 9 PM;80% busy at 10 PM;100% busy at 11 PM;80% busy at 12 AM;66% busy at 1 AM;53% busy at 2 AM;46% busy at 3 AM;,40% busy at 4 AM;53% busy at 5 AM;60% busy at 6 AM;46% busy at 7 AM;26% busy at 8 AM;33% busy at 9 AM;26% busy at 10 AM;26% busy at 11 AM;33% busy at 12 PM;40% busy at 1 PM;66% busy at 2 PM;53% busy at 3 PM;60% busy at 4 PM;33% busy at 5 PM;33% busy at 6 PM;33% busy at 7 PM;26% busy at 8 PM;33% busy at 9 PM;33% busy at 10 PM;53% busy at 11 PM;46% busy at 12 AM;73% busy at 1 AM;53% busy at 2 AM;40% busy at 3 AM;
Coffee shop,بوفية طبق فطوري لتقديم الوجبات,10,3.7,"653X+P2R, Al Jisr, Al Khobar 34714, Saudi Arabia",SA,Al Khobar,None,null,+966 50 844 0707, ,https://www.google.com/maps/place/بوفية+طبق+فطوري+لتقديم+الوجبات/data=!4m5!3m4!1s0x3e49c3ba922cc669:0xa7580727bb488613!8m2!3d26.2043527!4d50.1975209?authuser=0&hl=en&rclk=1,0x3e49c3ba922cc669:0xa7580727bb488613,ChIJacYskrrDST4RE4ZIuycHWKc,,26.2043527,50.1975209,coffee shops,null,null,null,null,null,None,,null,null,Delivery,,,,,,,,,,,,,,
Coffee shop,Mr. Tea,493,4.4,"3373 المغيره بن شعبه، حي الصواري، ECDD6679، 6679, Al Khobar 34724, Saudi Arabia",SA,Al Khobar,None,https://mr-tea.yallaqrcodes.com/,+966 55 151 8168,"Monday Open 24 hours  2025-03-31
Tuesday Open 24 hours  2025-04-01
Wednesday Open 24 hours  2025-04-02
Thursday Open 24 hours  2025-04-03
Friday Open 24 hours  2025-04-04
Saturday Open 24 hours  2025-04-05
Sunday Open 24 hours  2025-04-06
 ",https://www.google.com/maps/place/Mr.+Tea/data=!4m5!3m4!1s0x3e49dd9a38a1ef35:0xd6d5e746e4d635fe!8m2!3d26.1783755!4d50.1578326?authuser=0&hl=en&rclk=1,0x3e49dd9a38a1ef35:0xd6d5e746e4d635fe,ChIJNe-hOJrdST4R_jXW5Ebn1dY,,26.1783755,50.1578326,coffee shops,https://lh5.googleusercontent.com/p/AF1QipPAsb6c3o-GVGs3LgHuVBA7sJyzkWITH8Z8p0qa=w408-h306-k-no,https://lh5.googleusercontent.com/p/AF1QipPWrwIeeF2uLTS6qjq0X5m2m8T_Enms0htemX0x=w1024-h960-p-k-no,https://lh5.googleusercontent.com/p/AF1QipMZk_PM7LVdOAV3WrCIZK7p9fbMkvCSZE9lfaoJ=w1024-h960-p-k-no,https://lh5.googleusercontent.com/p/AF1QipOQ7pGY0QMxCskpNdF8ptruzyHSb7y5eyj58o2T=w1024-h960-p-k-no,null,SAR 1–40,,https://plus.codes/55H5+94 Al Khobar Saudi Arabia,55H5+94 Al Khobar Saudi Arabia,Curbside pickup,Monday Open 24 hours  2025-03-31,Tuesday Open 24 hours  2025-04-01,Wednesday Open 24 hours  2025-04-02,Thursday Open 24 hours  2025-04-03,Friday Open 24 hours  2025-04-04,Saturday Open 24 hours  2025-04-05,Sunday Open 24 hours  2025-04-06,12% busy at 4 AM;21% busy at 5 AM;36% busy at 6 AM;56% busy at 7 AM;63% busy at 8 AM;65% busy at 9 AM;56% busy at 10 AM;50% busy at 11 AM;45% busy at 12 PM;43% busy at 1 PM;34% busy at 2 PM;37% busy at 3 PM;50% busy at 4 PM;63% busy at 5 PM;75% busy at 6 PM;83% busy at 7 PM;87% busy at 8 PM;84% busy at 9 PM;81% busy at 10 PM;66% busy at 11 PM;40% busy at 12 AM;24% busy at 1 AM;13% busy at 2 AM;9% busy at 3 AM;,9% busy at 4 AM;16% busy at 5 AM;24% busy at 6 AM;37% busy at 7 AM;42% busy at 8 AM;48% busy at 9 AM;54% busy at 10 AM;51% busy at 11 AM;46% busy at 12 PM;40% busy at 1 PM;40% busy at 2 PM;39% busy at 3 PM;43% busy at 4 PM;60% busy at 5 PM;72% busy at 6 PM;77% busy at 7 PM;86% busy at 8 PM;87% busy at 9 PM;72% busy at 10 PM;60% busy at 11 PM;42% busy at 12 AM;34% busy at 1 AM;19% busy at 2 AM;10% busy at 3 AM;,19% busy at 4 AM;30% busy at 5 AM;53% busy at 6 AM;53% busy at 7 AM;53% busy at 8 AM;37% busy at 9 AM;34% busy at 10 AM;28% busy at 11 AM;37% busy at 12 PM;48% busy at 1 PM;54% busy at 2 PM;48% busy at 3 PM;40% busy at 4 PM;42% busy at 5 PM;46% busy at 6 PM;50% busy at 7 PM;53% busy at 8 PM;53% busy at 9 PM;63% busy at 10 PM;63% busy at 11 PM;48% busy at 12 AM;33% busy at 1 AM;24% busy at 2 AM;18% busy at 3 AM;,19% busy at 4 AM;22% busy at 5 AM;25% busy at 6 AM;34% busy at 7 AM;42% busy at 8 AM;53% busy at 9 AM;43% busy at 10 AM;45% busy at 11 AM;45% busy at 12 PM;48% busy at 1 PM;37% busy at 2 PM;39% busy at 3 PM;43% busy at 4 PM;56% busy at 5 PM;65% busy at 6 PM;74% busy at 7 PM;74% busy at 8 PM;80% busy at 9 PM;87% busy at 10 PM;89% busy at 11 PM;62% busy at 12 AM;39% busy at 1 AM;25% busy at 2 AM;19% busy at 3 AM;,13% busy at 4 AM;21% busy at 5 AM;27% busy at 6 AM;33% busy at 7 AM;34% busy at 8 AM;25% busy at 9 AM;28% busy at 10 AM;40% busy at 11 AM;48% busy at 12 PM;37% busy at 1 PM;37% busy at 2 PM;40% busy at 3 PM;48% busy at 4 PM;48% busy at 5 PM;60% busy at 6 PM;74% busy at 7 PM;89% busy at 8 PM;98% busy at 9 PM;100% busy at 10 PM;86% busy at 11 PM;53% busy at 12 AM;30% busy at 1 AM;16% busy at 2 AM;13% busy at 3 AM;,18% busy at 4 AM;30% busy at 5 AM;40% busy at 6 AM;46% busy at 7 AM;46% busy at 8 AM;46% busy at 9 AM;54% busy at 10 AM;59% busy at 11 AM;63% busy at 12 PM;56% busy at 1 PM;43% busy at 2 PM;40% busy at 3 PM;51% busy at 4 PM;69% busy at 5 PM;81% busy at 6 PM;81% busy at 7 PM;78% busy at 8 PM;78% busy at 9 PM;81% busy at 10 PM;71% busy at 11 PM;50% busy at 12 AM;28% busy at 1 AM;18% busy at 2 AM;12% busy at 3 AM;,19% busy at 4 AM;22% busy at 5 AM;31% busy at 6 AM;42% busy at 7 AM;46% busy at 8 AM;45% busy at 9 AM;51% busy at 10 AM;51% busy at 11 AM;50% busy at 12 PM;57% busy at 1 PM;53% busy at 2 PM;51% busy at 3 PM;42% busy at 4 PM;46% busy at 5 PM;54% busy at 6 PM;66% busy at 7 PM;83% busy at 8 PM;93% busy at 9 PM;83% busy at 10 PM;66% busy at 11 PM;39% busy at 12 AM;28% busy at 1 AM;25% busy at 2 AM;24% busy at 3 AM;
Coffee shop,شاي سكر,245,4.6,"6622+JM3, Alnuman Ibn Harithah St, Al Jisr, Al Khobar 34714, Saudi Arabia",SA,Al Khobar,None,null,+966 53 878 7935, ,https://www.google.com/maps/place/شاي+سكر/data=!4m5!3m4!1s0x3e49c30010f0ca7d:0x412440c5b7339b57!8m2!3d26.2015049!4d50.2016576?authuser=0&hl=en&rclk=1,0x3e49c30010f0ca7d:0x412440c5b7339b57,ChIJfcrwEADDST4RV5szt8VAJEE,,26.2015049,50.2016576,coffee shops,https://lh5.googleusercontent.com/p/AF1QipNOHeTiLJdMDe1M7Do5Wlq0ZHUfc2P_bSt0kRqH=w408-h544-k-no,https://lh5.googleusercontent.com/p/AF1QipNOHeTiLJdMDe1M7Do5Wlq0ZHUfc2P_bSt0kRqH=w1024-h960-p-k-no,https://lh5.googleusercontent.com/p/AF1QipOllvt3UNWGZratlJ4GcGmQIII_T7BBuoagYanR=w1024-h960-p-k-no,https://lh5.googleusercontent.com/p/AF1QipOJxk_JpWczU3p5YhhDa_S_aRLTPYbboK3okU_S=w1024-h960-p-k-no,null,SAR 1–20,,null,null,Delivery,,,,,,,,,,,,,,
Coffee shop,Tim Hortons,239,4,"KFIA International Airport, King Fahd Bin Abdulaziz Rd, Road, Dammam 34627, Saudi Arabia",SA,Dammam,None,https://timhortonsgcc.com/,+966 56 695 8479,"Monday Open 24 hours  2025-03-31
Tuesday Open 24 hours  2025-04-01
Wednesday Open 24 hours  2025-04-02
Thursday Open 24 hours  2025-04-03
Friday Open 24 hours  2025-04-04
Saturday Open 24 hours  2025-04-05
Sunday Open 24 hours  2025-04-06
 ",https://www.google.com/maps/place/Tim+Hortons/data=!4m5!3m4!1s0x3e35e26a5ec0d5cb:0xa72687320f63da99!8m2!3d26.2406788!4d50.2144525?authuser=0&hl=en&rclk=1,0x3e35e26a5ec0d5cb:0xa72687320f63da99,ChIJy9XAXmriNT4RmdpjDzKHJqc,,26.2406788,50.2144525,coffee shops,https://lh5.googleusercontent.com/p/AF1QipMhb7FIgNaY5IiujCaOGxOZ-83gJi3H_LkCx6y9=w408-h306-k-no,https://lh5.googleusercontent.com/p/AF1QipOaMNkLRPoykS-zoEJvW0jmPOwGK10dy5Xdxn0e=w1024-h960-p-k-no,https://lh5.googleusercontent.com/p/AF1QipNq-Q7lAXXc52TKefwqbhVvXaH4UjM6hVXil7wl=w1024-h960-p-k-no,https://lh5.googleusercontent.com/p/AF1QipO_5CZhuLesagRvCDKvLehp67ivIacl3TTugiyV=w1024-h960-p-k-no,"Canadian chain for signature premium-blend coffee, plus light fare, pastries & breakfast sandwiches.",SAR 20–40,,https://plus.codes/66R7+7Q Dammam Saudi Arabia,66R7+7Q Dammam Saudi Arabia,Delivery,Monday Open 24 hours  2025-03-31,Tuesday Open 24 hours  2025-04-01,Wednesday Open 24 hours  2025-04-02,Thursday Open 24 hours  2025-04-03,Friday Open 24 hours  2025-04-04,Saturday Open 24 hours  2025-04-05,Sunday Open 24 hours  2025-04-06,35% busy at 4 AM;35% busy at 5 AM;17% busy at 6 AM;17% busy at 7 AM;11% busy at 8 AM;11% busy at 9 AM;29% busy at 10 AM;47% busy at 11 AM;52% busy at 12 PM;58% busy at 1 PM;100% busy at 2 PM;100% busy at 3 PM;70% busy at 4 PM;29% busy at 5 PM;29% busy at 6 PM;41% busy at 7 PM;52% busy at 8 PM;41% busy at 9 PM;47% busy at 10 PM;41% busy at 11 PM;35% busy at 12 AM;29% busy at 1 AM;29% busy at 2 AM;23% busy at 3 AM;,35% busy at 4 AM;41% busy at 5 AM;35% busy at 6 AM;23% busy at 7 AM;35% busy at 8 AM;35% busy at 9 AM;47% busy at 10 AM;35% busy at 11 AM;47% busy at 12 PM;23% busy at 1 PM;23% busy at 2 PM;23% busy at 3 PM;47% busy at 4 PM;35% busy at 5 PM;29% busy at 6 PM;29% busy at 7 PM;23% busy at 8 PM;23% busy at 9 PM;29% busy at 10 PM;29% busy at 11 PM;47% busy at 12 AM;58% busy at 1 AM;41% busy at 2 AM;23% busy at 3 AM;,47% busy at 4 AM;47% busy at 5 AM;47% busy at 6 AM;52% busy at 7 AM;58% busy at 8 AM;41% busy at 9 AM;23% busy at 10 AM;29% busy at 11 AM;35% busy at 12 PM;47% busy at 1 PM;41% busy at 2 PM;35% busy at 3 PM;35% busy at 4 PM;29% busy at 5 PM;35% busy at 6 PM;58% busy at 7 PM;29% busy at 8 PM;23% busy at 9 PM;35% busy at 10 PM;58% busy at 11 PM;70% busy at 12 AM;64% busy at 1 AM;47% busy at 2 AM;47% busy at 3 AM;,41% busy at 4 AM;29% busy at 5 AM;29% busy at 6 AM;47% busy at 7 AM;52% busy at 8 AM;58% busy at 9 AM;52% busy at 10 AM;47% busy at 11 AM;23% busy at 12 PM;17% busy at 1 PM;17% busy at 2 PM;35% busy at 3 PM;47% busy at 4 PM;76% busy at 5 PM;64% busy at 6 PM;58% busy at 7 PM;41% busy at 8 PM;35% busy at 9 PM;29% busy at 10 PM;29% busy at 11 PM;29% busy at 12 AM;35% busy at 1 AM;52% busy at 2 AM;52% busy at 3 AM;,29% busy at 4 AM;35% busy at 5 AM;58% busy at 6 AM;76% busy at 7 AM;82% busy at 8 AM;70% busy at 9 AM;47% busy at 10 AM;52% busy at 11 AM;41% busy at 12 PM;52% busy at 1 PM;52% busy at 2 PM;76% busy at 3 PM;64% busy at 4 PM;70% busy at 5 PM;41% busy at 6 PM;23% busy at 7 PM;41% busy at 8 PM;41% busy at 9 PM;47% busy at 10 PM;41% busy at 11 PM;41% busy at 12 AM;47% busy at 1 AM;47% busy at 2 AM;41% busy at 3 AM;,17% busy at 4 AM;17% busy at 5 AM;35% busy at 6 AM;47% busy at 7 AM;58% busy at 8 AM;47% busy at 9 AM;41% busy at 10 AM;35% busy at 11 AM;35% busy at 12 PM;41% busy at 1 PM;52% busy at 2 PM;52% busy at 3 PM;52% busy at 4 PM;35% busy at 5 PM;23% busy at 6 PM;29% busy at 7 PM;17% busy at 8 PM;17% busy at 9 PM;23% busy at 10 PM;41% busy at 11 PM;47% busy at 12 AM;64% busy at 1 AM;47% busy at 2 AM;29% busy at 3 AM;,5% busy at 4 AM;23% busy at 5 AM;29% busy at 6 AM;41% busy at 7 AM;58% busy at 8 AM;47% busy at 9 AM;29% busy at 10 AM;47% busy at 11 AM;52% busy at 12 PM;70% busy at 1 PM;47% busy at 2 PM;52% busy at 3 PM;29% busy at 4 PM;17% busy at 5 PM;5% busy at 6 PM;17% busy at 7 PM;35% busy at 8 PM;29% busy at 9 PM;35% busy at 10 PM;29% busy at 11 PM;35% busy at 12 AM;41% busy at 1 AM;35% busy at 2 AM;11% busy at 3 AM;
Coffee shop,Dunkin' - دانكن,268,3.4,"حي, 3676 King Khalid Rd, 7512, Al Khobar 34722, Saudi Arabia",SA,Al Khobar,None,https://www.dunkinksa.com/,+966 800 128 8999,"Monday Open 24 hours  2025-03-31
Tuesday Open 24 hours  2025-04-01
Wednesday Open 24 hours  2025-04-02
Thursday Open 24 hours  2025-04-03
Friday Open 24 hours  2025-04-04
Saturday Open 24 hours  2025-04-05
Sunday Open 24 hours  2025-04-06
 ",https://www.google.com/maps/place/Dunkin'+-+دانكن/data=!4m5!3m4!1s0x3e49c346308c17cb:0x9081931b7fc46412!8m2!3d26.186999!4d50.186985?authuser=0&hl=en&rclk=1,0x3e49c346308c17cb:0x9081931b7fc46412,ChIJyxeMMEbDST4REmTEfxuTgZA,,26.186999,50.186985,coffee shops,https://lh5.googleusercontent.com/p/AF1QipOBSZAtrtRMtHvCAuyV4eFJ7Nb5NzUFUphil-ll=w408-h544-k-no,https://lh5.googleusercontent.com/p/AF1QipN7sp98BT8EqzDALjKX3NHul-_GxtaZDhqZiFjr=w1024-h960-p-k-no,https://lh5.googleusercontent.com/p/AF1QipP6OMXSWLWMkXf3WqakVZPo9hyUcaMKZz1bqiD4=w1024-h960-p-k-no,https://lh5.googleusercontent.com/p/AF1QipNDc8BDOyo5WNKJavZWQyyjRixi8cavsXCF-mWW=w1024-h960-p-k-no,Long-running chain serving signature breakfast items & a variety of coffee drinks.,SAR 1–20,,https://plus.codes/55PP+QQ Al Khobar Saudi Arabia,55PP+QQ Al Khobar Saudi Arabia,Delivery,Monday Open 24 hours  2025-03-31,Tuesday Open 24 hours  2025-04-01,Wednesday Open 24 hours  2025-04-02,Thursday Open 24 hours  2025-04-03,Friday Open 24 hours  2025-04-04,Saturday Open 24 hours  2025-04-05,Sunday Open 24 hours  2025-04-06,15% busy at 4 AM;21% busy at 5 AM;31% busy at 6 AM;55% busy at 7 AM;52% busy at 8 AM;50% busy at 9 AM;44% busy at 10 AM;50% busy at 11 AM;47% busy at 12 PM;42% busy at 1 PM;36% busy at 2 PM;50% busy at 3 PM;44% busy at 4 PM;57% busy at 5 PM;63% busy at 6 PM;71% busy at 7 PM;55% busy at 8 PM;50% busy at 9 PM;42% busy at 10 PM;39% busy at 11 PM;28% busy at 12 AM;23% busy at 1 AM;15% busy at 2 AM;15% busy at 3 AM;,26% busy at 4 AM;34% busy at 5 AM;42% busy at 6 AM;55% busy at 7 AM;68% busy at 8 AM;57% busy at 9 AM;44% busy at 10 AM;34% busy at 11 AM;36% busy at 12 PM;44% busy at 1 PM;63% busy at 2 PM;50% busy at 3 PM;55% busy at 4 PM;57% busy at 5 PM;65% busy at 6 PM;68% busy at 7 PM;68% busy at 8 PM;50% busy at 9 PM;50% busy at 10 PM;52% busy at 11 PM;50% busy at 12 AM;42% busy at 1 AM;31% busy at 2 AM;26% busy at 3 AM;,42% busy at 4 AM;31% busy at 5 AM;34% busy at 6 AM;39% busy at 7 AM;39% busy at 8 AM;34% busy at 9 AM;26% busy at 10 AM;28% busy at 11 AM;34% busy at 12 PM;34% busy at 1 PM;28% busy at 2 PM;36% busy at 3 PM;52% busy at 4 PM;60% busy at 5 PM;60% busy at 6 PM;47% busy at 7 PM;36% busy at 8 PM;47% busy at 9 PM;50% busy at 10 PM;57% busy at 11 PM;42% busy at 12 AM;31% busy at 1 AM;31% busy at 2 AM;36% busy at 3 AM;,26% busy at 4 AM;26% busy at 5 AM;42% busy at 6 AM;52% busy at 7 AM;55% busy at 8 AM;57% busy at 9 AM;68% busy at 10 AM;57% busy at 11 AM;55% busy at 12 PM;50% busy at 1 PM;57% busy at 2 PM;68% busy at 3 PM;78% busy at 4 PM;78% busy at 5 PM;73% busy at 6 PM;71% busy at 7 PM;81% busy at 8 PM;81% busy at 9 PM;81% busy at 10 PM;68% busy at 11 PM;57% busy at 12 AM;50% busy at 1 AM;44% busy at 2 AM;34% busy at 3 AM;,28% busy at 4 AM;23% busy at 5 AM;28% busy at 6 AM;28% busy at 7 AM;42% busy at 8 AM;47% busy at 9 AM;57% busy at 10 AM;44% busy at 11 AM;55% busy at 12 PM;57% busy at 1 PM;78% busy at 2 PM;81% busy at 3 PM;100% busy at 4 PM;97% busy at 5 PM;94% busy at 6 PM;78% busy at 7 PM;71% busy at 8 PM;57% busy at 9 PM;36% busy at 10 PM;31% busy at 11 PM;23% busy at 12 AM;13% busy at 1 AM;21% busy at 2 AM;18% busy at 3 AM;,26% busy at 4 AM;15% busy at 5 AM;21% busy at 6 AM;28% busy at 7 AM;42% busy at 8 AM;57% busy at 9 AM;60% busy at 10 AM;57% busy at 11 AM;47% busy at 12 PM;50% busy at 1 PM;52% busy at 2 PM;65% busy at 3 PM;73% busy at 4 PM;81% busy at 5 PM;73% busy at 6 PM;76% busy at 7 PM;60% busy at 8 PM;47% busy at 9 PM;34% busy at 10 PM;23% busy at 11 PM;26% busy at 12 AM;15% busy at 1 AM;18% busy at 2 AM;21% busy at 3 AM;,23% busy at 4 AM;23% busy at 5 AM;39% busy at 6 AM;39% busy at 7 AM;47% busy at 8 AM;47% busy at 9 AM;39% busy at 10 AM;36% busy at 11 AM;31% busy at 12 PM;47% busy at 1 PM;47% busy at 2 PM;47% busy at 3 PM;50% busy at 4 PM;47% busy at 5 PM;52% busy at 6 PM;44% busy at 7 PM;39% busy at 8 PM;34% busy at 9 PM;34% busy at 10 PM;34% busy at 11 PM;34% busy at 12 AM;21% busy at 1 AM;21% busy at 2 AM;18% busy at 3 AM;
Coffee shop,Tulum Cafe,null,null,"Al Sheraa, Al Khobar 31952, Saudi Arabia",SA,Al Khobar,None,https://tulumcafe.sa/,+966 53 228 7929,"Monday Open 24 hours  2025-03-31
Tuesday Open 24 hours  2025-04-01
Wednesday Open 24 hours  2025-04-02
Thursday Open 24 hours  2025-04-03
Friday Open 24 hours  2025-04-04
Saturday Open 24 hours  2025-04-05
Sunday Open 24 hours  2025-04-06
 ",https://www.google.com/maps/place/Tulum+Cafe/data=!4m5!3m4!1s0x3e49db5ae12f6beb:0x3276d7678b6593d9!8m2!3d26.1670208!4d50.1455834?authuser=0&hl=en&rclk=1,0x3e49db5ae12f6beb:0x3276d7678b6593d9,ChIJ62sv4VrbST4R2ZNli2fXdjI,,26.1670208,50.1455834,coffee shops,https://lh5.googleusercontent.com/p/AF1QipPeBZJDZ81zFFEJTbd6ZN8oYhVjFcqor2HEn8Dc=w408-h544-k-no,https://lh5.googleusercontent.com/p/AF1QipPeBZJDZ81zFFEJTbd6ZN8oYhVjFcqor2HEn8Dc=w1024-h960-p-k-no,https://lh5.googleusercontent.com/p/AF1QipPeBZJDZ81zFFEJTbd6ZN8oYhVjFcqor2HEn8Dc=w1024-h960-p-k-no,null,null,null,,https://plus.codes/548W+R6 Al Khobar Saudi Arabia,548W+R6 Al Khobar Saudi Arabia,No-contact delivery,Monday Open 24 hours  2025-03-31,Tuesday Open 24 hours  2025-04-01,Wednesday Open 24 hours  2025-04-02,Thursday Open 24 hours  2025-04-03,Friday Open 24 hours  2025-04-04,Saturday Open 24 hours  2025-04-05,Sunday Open 24 hours  2025-04-06,,,,,,,
Coffee shop,Barn's | بارنز,41,4.1,"Abdulrahman Ibn Muath St, Al Jisr, Dammam 34714, Saudi Arabia",SA,Dammam,None,https://barns.com.sa/en,+966 9200 06843,"Monday Open 24 hours  2025-03-31
Tuesday Open 24 hours  2025-04-01
Wednesday Open 24 hours  2025-04-02
Thursday Open 24 hours  2025-04-03
Friday Open 24 hours  2025-04-04
Saturday Open 24 hours  2025-04-05
Sunday Open 24 hours  2025-04-06
 ",https://www.google.com/maps/place/Barn's+|+بارنز/data=!4m5!3m4!1s0x3e49c3ef70d914ad:0x51ad47e4741cc92b!8m2!3d26.2150431!4d50.2070698?authuser=0&hl=en&rclk=1,0x3e49c3ef70d914ad:0x51ad47e4741cc92b,ChIJrRTZcO_DST4RK8kcdORHrVE,,26.2150431,50.2070698,coffee shops,https://lh5.googleusercontent.com/p/AF1QipPRgJOv9CkCwujNO_KhuP2XK8WbWlTrkSwQ2WN7=w408-h544-k-no,https://lh5.googleusercontent.com/p/AF1QipPRgJOv9CkCwujNO_KhuP2XK8WbWlTrkSwQ2WN7=w1024-h960-p-k-no,https://lh5.googleusercontent.com/p/AF1QipM4aeYfsvaXJUfciCpW-KI9qIUePKlVPFNhMI13=w1024-h960-p-k-no,https://lh5.googleusercontent.com/p/AF1QipM-Z7x6RJoFy4FUql7Tgv97E9mmkYzArFPV14qo=w1024-h960-p-k-no,null,SAR 1–20,,https://plus.codes/6684+2R Dammam Saudi Arabia,6684+2R Dammam Saudi Arabia,Delivery,Monday Open 24 hours  2025-03-31,Tuesday Open 24 hours  2025-04-01,Wednesday Open 24 hours  2025-04-02,Thursday Open 24 hours  2025-04-03,Friday Open 24 hours  2025-04-04,Saturday Open 24 hours  2025-04-05,Sunday Open 24 hours  2025-04-06,33% busy at 4 AM;33% busy at 5 AM;37% busy at 6 AM;37% busy at 7 AM;50% busy at 8 AM;52% busy at 9 AM;60% busy at 10 AM;50% busy at 11 AM;56% busy at 12 PM;62% busy at 1 PM;47% busy at 2 PM;50% busy at 3 PM;60% busy at 4 PM;66% busy at 5 PM;67% busy at 6 PM;69% busy at 7 PM;77% busy at 8 PM;77% busy at 9 PM;64% busy at 10 PM;62% busy at 11 PM;45% busy at 12 AM;37% busy at 1 AM;37% busy at 2 AM;39% busy at 3 AM;,45% busy at 4 AM;41% busy at 5 AM;50% busy at 6 AM;73% busy at 7 AM;73% busy at 8 AM;77% busy at 9 AM;88% busy at 10 AM;100% busy at 11 AM;75% busy at 12 PM;54% busy at 1 PM;43% busy at 2 PM;64% busy at 3 PM;71% busy at 4 PM;83% busy at 5 PM;81% busy at 6 PM;84% busy at 7 PM;73% busy at 8 PM;77% busy at 9 PM;79% busy at 10 PM;71% busy at 11 PM;58% busy at 12 AM;49% busy at 1 AM;47% busy at 2 AM;41% busy at 3 AM;,47% busy at 4 AM;52% busy at 5 AM;45% busy at 6 AM;45% busy at 7 AM;33% busy at 8 AM;41% busy at 9 AM;50% busy at 10 AM;52% busy at 11 AM;52% busy at 12 PM;50% busy at 1 PM;43% busy at 2 PM;30% busy at 3 PM;37% busy at 4 PM;47% busy at 5 PM;81% busy at 6 PM;94% busy at 7 PM;84% busy at 8 PM;77% busy at 9 PM;66% busy at 10 PM;56% busy at 11 PM;49% busy at 12 AM;49% busy at 1 AM;56% busy at 2 AM;50% busy at 3 AM;,37% busy at 4 AM;54% busy at 5 AM;56% busy at 6 AM;79% busy at 7 AM;81% busy at 8 AM;58% busy at 9 AM;50% busy at 10 AM;56% busy at 11 AM;58% busy at 12 PM;58% busy at 1 PM;64% busy at 2 PM;79% busy at 3 PM;84% busy at 4 PM;88% busy at 5 PM;83% busy at 6 PM;79% busy at 7 PM;75% busy at 8 PM;84% busy at 9 PM;81% busy at 10 PM;77% busy at 11 PM;58% busy at 12 AM;58% busy at 1 AM;47% busy at 2 AM;43% busy at 3 AM;,47% busy at 4 AM;39% busy at 5 AM;30% busy at 6 AM;33% busy at 7 AM;39% busy at 8 AM;50% busy at 9 AM;39% busy at 10 AM;41% busy at 11 AM;54% busy at 12 PM;71% busy at 1 PM;88% busy at 2 PM;88% busy at 3 PM;94% busy at 4 PM;79% busy at 5 PM;69% busy at 6 PM;71% busy at 7 PM;66% busy at 8 PM;64% busy at 9 PM;60% busy at 10 PM;71% busy at 11 PM;73% busy at 12 AM;75% busy at 1 AM;66% busy at 2 AM;71% busy at 3 AM;,54% busy at 4 AM;56% busy at 5 AM;49% busy at 6 AM;49% busy at 7 AM;50% busy at 8 AM;49% busy at 9 AM;58% busy at 10 AM;69% busy at 11 AM;69% busy at 12 PM;52% busy at 1 PM;39% busy at 2 PM;35% busy at 3 PM;35% busy at 4 PM;39% busy at 5 PM;56% busy at 6 PM;71% busy at 7 PM;81% busy at 8 PM;77% busy at 9 PM;64% busy at 10 PM;66% busy at 11 PM;49% busy at 12 AM;43% busy at 1 AM;39% busy at 2 AM;52% busy at 3 AM;,43% busy at 4 AM;35% busy at 5 AM;43% busy at 6 AM;49% busy at 7 AM;43% busy at 8 AM;39% busy at 9 AM;41% busy at 10 AM;56% busy at 11 AM;69% busy at 12 PM;71% busy at 1 PM;62% busy at 2 PM;60% busy at 3 PM;71% busy at 4 PM;75% busy at 5 PM;90% busy at 6 PM;83% busy at 7 PM;79% busy at 8 PM;69% busy at 9 PM;66% busy at 10 PM;54% busy at 11 PM;49% busy at 12 AM;37% busy at 1 AM;41% busy at 2 AM;41% busy at 3 AM;
Coffee shop,Tim Hortons Azizia Drive thru,367,4.2,"King Khalid Rd, حي, 7512 3676, Al Khobar 34722, Saudi Arabia",SA,Al Khobar,None,https://www.timhortons.com/,+966 58 042 7743,"Monday Open 24 hours  2025-03-31
Tuesday Open 24 hours  2025-04-01
Wednesday Open 24 hours  2025-04-02
Thursday Open 24 hours  2025-04-03
Friday Open 24 hours  2025-04-04
Saturday Open 24 hours  2025-04-05
Sunday Open 24 hours  2025-04-06
 ",https://www.google.com/maps/place/Tim+Hortons+Azizia+Drive+thru/data=!4m5!3m4!1s0x3e49c3d453b286db:0x2bdd5803f12f6e3a!8m2!3d26.1869083!4d50.1869007?authuser=0&hl=en&rclk=1,0x3e49c3d453b286db:0x2bdd5803f12f6e3a,ChIJ24ayU9TDST4ROm4v8QNY3Ss,,26.1869083,50.1869007,coffee shops,https://lh5.googleusercontent.com/p/AF1QipPc94a1dMwxgsXxeEkiiFETc5ivzndAjc1i8tWZ=w408-h544-k-no,https://lh5.googleusercontent.com/p/CIHM0ogKEICAgIDr2vf1Pw=w1024-h960-p-k-no,https://lh5.googleusercontent.com/p/CIHM0ogKEICAgMCQvK3qAg=w1024-h960-p-k-no,https://lh5.googleusercontent.com/p/CIHM0ogKEICAgICmi5mFew=w1024-h960-p-k-no,"Canadian chain for signature premium-blend coffee, plus light fare, pastries & breakfast sandwiches.",SAR 20–40,,https://plus.codes/55PP+QQ Al Khobar Saudi Arabia,55PP+QQ Al Khobar Saudi Arabia,Delivery,Monday Open 24 hours  2025-03-31,Tuesday Open 24 hours  2025-04-01,Wednesday Open 24 hours  2025-04-02,Thursday Open 24 hours  2025-04-03,Friday Open 24 hours  2025-04-04,Saturday Open 24 hours  2025-04-05,Sunday Open 24 hours  2025-04-06,37% busy at 4 AM;45% busy at 5 AM;42% busy at 6 AM;60% busy at 7 AM;68% busy at 8 AM;88% busy at 9 AM;80% busy at 10 AM;68% busy at 11 AM;54% busy at 12 PM;45% busy at 1 PM;40% busy at 2 PM;31% busy at 3 PM;37% busy at 4 PM;37% busy at 5 PM;40% busy at 6 PM;42% busy at 7 PM;42% busy at 8 PM;45% busy at 9 PM;42% busy at 10 PM;34% busy at 11 PM;28% busy at 12 AM;22% busy at 1 AM;28% busy at 2 AM;28% busy at 3 AM;,37% busy at 4 AM;42% busy at 5 AM;51% busy at 6 AM;60% busy at 7 AM;74% busy at 8 AM;68% busy at 9 AM;57% busy at 10 AM;45% busy at 11 AM;48% busy at 12 PM;51% busy at 1 PM;37% busy at 2 PM;17% busy at 3 PM;14% busy at 4 PM;22% busy at 5 PM;34% busy at 6 PM;48% busy at 7 PM;42% busy at 8 PM;42% busy at 9 PM;40% busy at 10 PM;40% busy at 11 PM;25% busy at 12 AM;25% busy at 1 AM;31% busy at 2 AM;31% busy at 3 AM;,25% busy at 4 AM;34% busy at 5 AM;40% busy at 6 AM;51% busy at 7 AM;80% busy at 8 AM;77% busy at 9 AM;65% busy at 10 AM;57% busy at 11 AM;48% busy at 12 PM;40% busy at 1 PM;31% busy at 2 PM;20% busy at 3 PM;14% busy at 4 PM;17% busy at 5 PM;28% busy at 6 PM;42% busy at 7 PM;45% busy at 8 PM;42% busy at 9 PM;48% busy at 10 PM;51% busy at 11 PM;54% busy at 12 AM;48% busy at 1 AM;40% busy at 2 AM;28% busy at 3 AM;,28% busy at 4 AM;25% busy at 5 AM;20% busy at 6 AM;31% busy at 7 AM;37% busy at 8 AM;65% busy at 9 AM;74% busy at 10 AM;100% busy at 11 AM;71% busy at 12 PM;60% busy at 1 PM;45% busy at 2 PM;42% busy at 3 PM;42% busy at 4 PM;40% busy at 5 PM;34% busy at 6 PM;40% busy at 7 PM;54% busy at 8 PM;57% busy at 9 PM;54% busy at 10 PM;45% busy at 11 PM;51% busy at 12 AM;60% busy at 1 AM;62% busy at 2 AM;37% busy at 3 AM;,42% busy at 4 AM;42% busy at 5 AM;42% busy at 6 AM;42% busy at 7 AM;48% busy at 8 AM;40% busy at 9 AM;37% busy at 10 AM;37% busy at 11 AM;57% busy at 12 PM;57% busy at 1 PM;51% busy at 2 PM;37% busy at 3 PM;37% busy at 4 PM;37% busy at 5 PM;25% busy at 6 PM;31% busy at 7 PM;42% busy at 8 PM;54% busy at 9 PM;65% busy at 10 PM;62% busy at 11 PM;62% busy at 12 AM;45% busy at 1 AM;37% busy at 2 AM;42% busy at 3 AM;,25% busy at 4 AM;34% busy at 5 AM;40% busy at 6 AM;45% busy at 7 AM;57% busy at 8 AM;62% busy at 9 AM;74% busy at 10 AM;71% busy at 11 AM;54% busy at 12 PM;45% busy at 1 PM;51% busy at 2 PM;48% busy at 3 PM;45% busy at 4 PM;42% busy at 5 PM;62% busy at 6 PM;51% busy at 7 PM;54% busy at 8 PM;42% busy at 9 PM;57% busy at 10 PM;57% busy at 11 PM;42% busy at 12 AM;28% busy at 1 AM;20% busy at 2 AM;22% busy at 3 AM;,20% busy at 4 AM;40% busy at 5 AM;60% busy at 6 AM;60% busy at 7 AM;54% busy at 8 AM;51% busy at 9 AM;40% busy at 10 AM;37% busy at 11 AM;28% busy at 12 PM;37% busy at 1 PM;34% busy at 2 PM;25% busy at 3 PM;25% busy at 4 PM;31% busy at 5 PM;42% busy at 6 PM;48% busy at 7 PM;45% busy at 8 PM;45% busy at 9 PM;42% busy at 10 PM;40% busy at 11 PM;34% busy at 12 AM;25% busy at 1 AM;20% busy at 2 AM;11% busy at 3 AM;
Coffee shop,كافيه شيان - فرع الجسر,76,4.6,"6635+7PM, Al Jisr, Al Khobar 34714, Saudi Arabia",SA,Al Khobar,None,null,null, ,https://www.google.com/maps/place/كافيه+شيان+-+فرع+الجسر/data=!4m5!3m4!1s0x3e49c300774df00b:0x1c83ec3468508103!8m2!3d26.2032035!4d50.2093037?authuser=0&hl=en&rclk=1,0x3e49c300774df00b:0x1c83ec3468508103,ChIJC_BNdwDDST4RA4FQaDTsgxw,,26.2032035,50.2093037,coffee shops,https://lh5.googleusercontent.com/p/AF1QipPWDq9L-ybd5q4H7PxIJvReRNlhMkeiQ7wfGklN=w408-h544-k-no,https://lh5.googleusercontent.com/p/CIHM0ogKEICAgIC_u9Gzcg=w1024-h960-p-k-no,https://lh5.googleusercontent.com/p/CIHM0ogKEICAgMDwoqOHhwE=w1024-h960-p-k-no,https://lh5.googleusercontent.com/p/CIHM0ogKEICAgIDP6OO1ugE=w1024-h960-p-k-no,null,SAR 1–20,,null,null,Delivery,,,,,,,,,,,,,,
Coffee shop,Perfect Coffee (blue khober),16,3.8,"فرع اوكتين بحى, شارع رافع بن سهل الانصارى, Al Sawari, Dammam 34724, Saudi Arabia",SA,Dammam,None,http://www.perfectcofe.com/,+966 58 284 0953,"Monday Open 24 hours  2025-03-31
Tuesday Open 24 hours  2025-04-01
Wednesday Open 24 hours  2025-04-02
Thursday Open 24 hours  2025-04-03
Friday Open 24 hours  2025-04-04
Saturday Open 24 hours  2025-04-05
Sunday Open 24 hours  2025-04-06
 ",https://www.google.com/maps/place/Perfect+Coffee+(blue+khober)/data=!4m5!3m4!1s0x3e49db35d228cfbd:0x565bc8abd44fbf92!8m2!3d26.173421!4d50.1610646?authuser=0&hl=en&rclk=1,0x3e49db35d228cfbd:0x565bc8abd44fbf92,ChIJvc8o0jXbST4Rkr9P1KvIW1Y,,26.173421,50.1610646,coffee shops,https://lh5.googleusercontent.com/p/AF1QipMRDd9QOIX2mXt-iWsTaFBs-jEa8zSbkkZpNdsr=w408-h725-k-no,https://lh5.googleusercontent.com/p/AF1QipMRDd9QOIX2mXt-iWsTaFBs-jEa8zSbkkZpNdsr=w1024-h960-p-k-no,https://lh5.googleusercontent.com/p/AF1QipOYJnG6DypMJHsX0RLr0aUclGxdVFojiMj57qHP=w1024-h960-p-k-no,https://lh5.googleusercontent.com/p/AF1QipOCfYKDQrItwtqiIH3GffpOBQALw0uiqw5EakQA=w1024-h960-p-k-no,null,SAR 1–20,,https://plus.codes/55F6+9C Dammam Saudi Arabia,55F6+9C Dammam Saudi Arabia,Delivery,Monday Open 24 hours  2025-03-31,Tuesday Open 24 hours  2025-04-01,Wednesday Open 24 hours  2025-04-02,Thursday Open 24 hours  2025-04-03,Friday Open 24 hours  2025-04-04,Saturday Open 24 hours  2025-04-05,Sunday Open 24 hours  2025-04-06,46% busy at 4 AM;61% busy at 5 AM;46% busy at 6 AM;61% busy at 7 AM;30% busy at 8 AM;15% busy at 9 AM;15% busy at 10 AM;30% busy at 11 AM;46% busy at 12 PM;46% busy at 1 PM;53% busy at 2 PM;30% busy at 3 PM;30% busy at 4 PM;38% busy at 5 PM;38% busy at 6 PM;46% busy at 7 PM;69% busy at 8 PM;38% busy at 9 PM;30% busy at 10 PM;23% busy at 11 PM;46% busy at 12 AM;38% busy at 1 AM;23% busy at 2 AM;53% busy at 3 AM;,92% busy at 4 AM;69% busy at 5 AM;38% busy at 6 AM;38% busy at 7 AM;30% busy at 8 AM;23% busy at 9 AM;0% busy at 10 AM;23% busy at 11 AM;46% busy at 12 PM;84% busy at 1 PM;92% busy at 2 PM;76% busy at 3 PM;61% busy at 4 PM;30% busy at 5 PM;23% busy at 6 PM;46% busy at 7 PM;38% busy at 8 PM;46% busy at 9 PM;30% busy at 10 PM;38% busy at 11 PM;46% busy at 12 AM;76% busy at 1 AM;100% busy at 2 AM;100% busy at 3 AM;,53% busy at 4 AM;69% busy at 5 AM;61% busy at 6 AM;61% busy at 7 AM;30% busy at 8 AM;30% busy at 9 AM;46% busy at 10 AM;61% busy at 11 AM;76% busy at 12 PM;61% busy at 1 PM;30% busy at 2 PM;30% busy at 3 PM;61% busy at 4 PM;76% busy at 5 PM;84% busy at 6 PM;100% busy at 7 PM;76% busy at 8 PM;69% busy at 9 PM;46% busy at 10 PM;61% busy at 11 PM;69% busy at 12 AM;76% busy at 1 AM;76% busy at 2 AM;61% busy at 3 AM;,30% busy at 4 AM;15% busy at 5 AM;30% busy at 6 AM;30% busy at 7 AM;23% busy at 8 AM;38% busy at 9 AM;61% busy at 10 AM;61% busy at 11 AM;38% busy at 12 PM;30% busy at 1 PM;38% busy at 2 PM;61% busy at 3 PM;69% busy at 4 PM;53% busy at 5 PM;53% busy at 6 PM;46% busy at 7 PM;23% busy at 8 PM;7% busy at 9 PM;7% busy at 10 PM;23% busy at 11 PM;30% busy at 12 AM;53% busy at 1 AM;76% busy at 2 AM;53% busy at 3 AM;,46% busy at 4 AM;23% busy at 5 AM;38% busy at 6 AM;53% busy at 7 AM;46% busy at 8 AM;53% busy at 9 AM;69% busy at 10 AM;53% busy at 11 AM;61% busy at 12 PM;46% busy at 1 PM;53% busy at 2 PM;38% busy at 3 PM;84% busy at 4 PM;61% busy at 5 PM;76% busy at 6 PM;53% busy at 7 PM;61% busy at 8 PM;30% busy at 9 PM;30% busy at 10 PM;46% busy at 11 PM;53% busy at 12 AM;53% busy at 1 AM;46% busy at 2 AM;46% busy at 3 AM;,38% busy at 4 AM;30% busy at 5 AM;38% busy at 6 AM;38% busy at 7 AM;38% busy at 8 AM;46% busy at 9 AM;61% busy at 10 AM;53% busy at 11 AM;46% busy at 12 PM;38% busy at 1 PM;30% busy at 2 PM;53% busy at 3 PM;53% busy at 4 PM;53% busy at 5 PM;61% busy at 6 PM;61% busy at 7 PM;69% busy at 8 PM;53% busy at 9 PM;53% busy at 10 PM;61% busy at 11 PM;61% busy at 12 AM;61% busy at 1 AM;61% busy at 2 AM;53% busy at 3 AM;,61% busy at 4 AM;69% busy at 5 AM;53% busy at 6 AM;92% busy at 7 AM;69% busy at 8 AM;76% busy at 9 AM;53% busy at 10 AM;46% busy at 11 AM;53% busy at 12 PM;76% busy at 1 PM;38% busy at 2 PM;38% busy at 3 PM;38% busy at 4 PM;61% busy at 5 PM;61% busy at 6 PM;46% busy at 7 PM;46% busy at 8 PM;30% busy at 9 PM;30% busy at 10 PM;53% busy at 11 PM;61% busy at 12 AM;46% busy at 1 AM;53% busy at 2 AM;61% busy at 3 AM;
Coffee shop,ريفيو الخبر review,137,4.7,"Abdulrahman Ibn Muath St, Al Jisr, Al Khobar 34714, Saudi Arabia",SA,Al Khobar,None,null,+966 57 177 7120,"Monday 5 AM–2 AM  2025-03-31
Tuesday 5 AM–2 AM  2025-04-01
Wednesday 5 AM–2 AM  2025-04-02
Thursday 5 AM–2:30 AM  2025-04-03
Friday 12 PM–2:30 AM  2025-04-04
Saturday 5 AM–2:30 AM  2025-04-05
Sunday 5 AM–2 AM  2025-04-06
 ",https://www.google.com/maps/place/ريفيو+الخبر+review/data=!4m5!3m4!1s0x3e49c3c334a68511:0xacc7aabf1f327234!8m2!3d26.2100467!4d50.2084084?authuser=0&hl=en&rclk=1,0x3e49c3c334a68511:0xacc7aabf1f327234,ChIJEYWmNMPDST4RNHIyH7-qx6w,,26.2100467,50.2084084,coffee shops,https://lh5.googleusercontent.com/p/AF1QipOeyqfiIXkGD-_PXWitIgHiSLhVWyl8DeVMXdLu=w408-h544-k-no,https://lh5.googleusercontent.com/p/AF1QipOeyqfiIXkGD-_PXWitIgHiSLhVWyl8DeVMXdLu=w1024-h960-p-k-no,https://lh5.googleusercontent.com/p/AF1QipPV1B9Bu3peuby2Z9MtpGDURoMC6XEoNszpZg2B=w1024-h960-p-k-no,https://lh5.googleusercontent.com/p/AF1QipOGYx7cZ_MR25PIOKM2RFiBv-hTDctpp_Y5n4x5=w1024-h960-p-k-no,null,SAR 20–40,,https://plus.codes/6665+29 Al Khobar Saudi Arabia,6665+29 Al Khobar Saudi Arabia,Curbside pickup,Monday 5 AM–2 AM  2025-03-31,Tuesday 5 AM–2 AM  2025-04-01,Wednesday 5 AM–2 AM  2025-04-02,Thursday 5 AM–2:30 AM  2025-04-03,Friday 12 PM–2:30 AM  2025-04-04,Saturday 5 AM–2:30 AM  2025-04-05,Sunday 5 AM–2 AM  2025-04-06,0% busy at 4 AM;52% busy at 5 AM;52% busy at 6 AM;60% busy at 7 AM;76% busy at 8 AM;80% busy at 9 AM;100% busy at 10 AM;68% busy at 11 AM;68% busy at 12 PM;48% busy at 1 PM;40% busy at 2 PM;36% busy at 3 PM;32% busy at 4 PM;44% busy at 5 PM;36% busy at 6 PM;48% busy at 7 PM;48% busy at 8 PM;72% busy at 9 PM;64% busy at 10 PM;88% busy at 11 PM;56% busy at 12 AM;36% busy at 1 AM;,0% busy at 4 AM;40% busy at 5 AM;28% busy at 6 AM;28% busy at 7 AM;20% busy at 8 AM;36% busy at 9 AM;40% busy at 10 AM;44% busy at 11 AM;32% busy at 12 PM;40% busy at 1 PM;36% busy at 2 PM;36% busy at 3 PM;40% busy at 4 PM;28% busy at 5 PM;32% busy at 6 PM;36% busy at 7 PM;48% busy at 8 PM;48% busy at 9 PM;48% busy at 10 PM;56% busy at 11 PM;36% busy at 12 AM;24% busy at 1 AM;,0% busy at 4 AM;32% busy at 5 AM;44% busy at 6 AM;48% busy at 7 AM;40% busy at 8 AM;44% busy at 9 AM;64% busy at 10 AM;60% busy at 11 AM;60% busy at 12 PM;52% busy at 1 PM;48% busy at 2 PM;48% busy at 3 PM;36% busy at 4 PM;44% busy at 5 PM;28% busy at 6 PM;28% busy at 7 PM;44% busy at 8 PM;72% busy at 9 PM;88% busy at 10 PM;80% busy at 11 PM;44% busy at 12 AM;32% busy at 1 AM;,0% busy at 4 AM;56% busy at 5 AM;52% busy at 6 AM;68% busy at 7 AM;76% busy at 8 AM;64% busy at 9 AM;60% busy at 10 AM;56% busy at 11 AM;56% busy at 12 PM;60% busy at 1 PM;68% busy at 2 PM;60% busy at 3 PM;40% busy at 4 PM;36% busy at 5 PM;40% busy at 6 PM;36% busy at 7 PM;24% busy at 8 PM;28% busy at 9 PM;28% busy at 10 PM;20% busy at 11 PM;24% busy at 12 AM;32% busy at 1 AM;40% busy at 2 AM;,0% busy at 6 AM;0% busy at 7 AM;0% busy at 8 AM;0% busy at 9 AM;0% busy at 10 AM;0% busy at 11 AM;44% busy at 12 PM;40% busy at 1 PM;36% busy at 2 PM;40% busy at 3 PM;40% busy at 4 PM;68% busy at 5 PM;68% busy at 6 PM;64% busy at 7 PM;40% busy at 8 PM;36% busy at 9 PM;40% busy at 10 PM;64% busy at 11 PM;52% busy at 12 AM;48% busy at 1 AM;36% busy at 2 AM;,0% busy at 4 AM;60% busy at 5 AM;68% busy at 6 AM;72% busy at 7 AM;96% busy at 8 AM;100% busy at 9 AM;88% busy at 10 AM;72% busy at 11 AM;64% busy at 12 PM;52% busy at 1 PM;48% busy at 2 PM;52% busy at 3 PM;60% busy at 4 PM;68% busy at 5 PM;92% busy at 6 PM;80% busy at 7 PM;68% busy at 8 PM;60% busy at 9 PM;56% busy at 10 PM;52% busy at 11 PM;40% busy at 12 AM;48% busy at 1 AM;44% busy at 2 AM;,0% busy at 4 AM;56% busy at 5 AM;52% busy at 6 AM;52% busy at 7 AM;48% busy at 8 AM;76% busy at 9 AM;72% busy at 10 AM;76% busy at 11 AM;44% busy at 12 PM;32% busy at 1 PM;24% busy at 2 PM;40% busy at 3 PM;44% busy at 4 PM;48% busy at 5 PM;48% busy at 6 PM;40% busy at 7 PM;56% busy at 8 PM;60% busy at 9 PM;84% busy at 10 PM;84% busy at 11 PM;60% busy at 12 AM;40% busy at 1 AM;
Coffee shop,كولد ستون,1,5,"6653+RP5 حي, Al Jisr, Al Khobar 34714, Saudi Arabia",SA,Al Khobar,None,null,null, ,https://www.google.com/maps/place/كولد+ستون/data=!4m5!3m4!1s0x3e49c3003d5c460d:0xac4c00ff646293c7!8m2!3d26.2095091!4d50.2043539?authuser=0&hl=en&rclk=1,0x3e49c3003d5c460d:0xac4c00ff646293c7,ChIJDUZcPQDDST4Rx5NiZP8ATKw,,26.2095091,50.2043539,coffee shops,null,null,null,null,null,None,,null,null,Delivery,,,,,,,,,,,,,,
Coffee shop,مقهى ومحمصة سمبلسيتي | Simplicity cafe & roastery,7,3.7,"55XV+7PG, King Khalid Rd, Al Tahliyah, Al Khobar 34717, Saudi Arabia",SA,Al Khobar,None,https://simplicity.sa/,+966 59 101 1199,"Monday Open 24 hours  2025-03-31
Tuesday Open 24 hours  2025-04-01
Wednesday Open 24 hours  2025-04-02
Thursday Open 24 hours  2025-04-03
Friday Open 24 hours  2025-04-04
Saturday Open 24 hours  2025-04-05
Sunday Open 24 hours  2025-04-06
 ",https://www.google.com/maps/place/مقهى+ومحمصة+سمبلسيتي+|+Simplicity+cafe+&+roastery/data=!4m5!3m4!1s0x3e49c30059d2bafb:0xeecd8ec5153b9955!8m2!3d26.1981914!4d50.1943122?authuser=0&hl=en&rclk=1,0x3e49c30059d2bafb:0xeecd8ec5153b9955,ChIJ-7rSWQDDST4RVZk7FcWOze4,,26.1981914,50.1943122,coffee shops,https://lh3.googleusercontent.com/gps-proxy/ALd4DhHMgQvd9qNJTETO-F3BkU2UPjR5DhGzqRHAR3wDfA2B74AJYu1x5p5MrU6Y3tHHe0XIvbd8DFiN8LdTYROzlp2AIrR6llQTn3ZYTJ3TrnUXHAJmromFOLdiXH05IqU9WmOA7H1J9h74x3cYEOFYnyNTK4WsOt9V8JMZokrnRzcTQKMMQWdnYFBV8g=w408-h306-k-no,https://lh5.googleusercontent.com/p/AF1QipO0VwG2hMr9bOHsS9dNoB4SDIAPaJuW59mcQFeg=w1024-h960-p-k-no,https://lh5.googleusercontent.com/p/AF1QipOpACMxRylq-kdA4F7WJpSDcyXZ9x5Nybvo_-B3=w1024-h960-p-k-no,https://lh5.googleusercontent.com/p/AF1QipM2RkOfyxa6cNQAF4jZUYGdZjy1q2RocB7-OsX3=w1024-h960-p-k-no,null,None,,null,null,Delivery,Monday Open 24 hours  2025-03-31,Tuesday Open 24 hours  2025-04-01,Wednesday Open 24 hours  2025-04-02,Thursday Open 24 hours  2025-04-03,Friday Open 24 hours  2025-04-04,Saturday Open 24 hours  2025-04-05,Sunday Open 24 hours  2025-04-06,,,,,,,
Coffee shop,مقهى الناصر,1,4,"65FM+VFQ صناعية بغلف, Al Thawn, Al Khobar 34632, Saudi Arabia",SA,Al Khobar,None,null,null, ,https://www.google.com/maps/place/مقهى+الناصر/data=!4m5!3m4!1s0x3e49c30069e5dd55:0x90668748f0de3a31!8m2!3d26.2247065!4d50.1837276?authuser=0&hl=en&rclk=1,0x3e49c30069e5dd55:0x90668748f0de3a31,ChIJVd3laQDDST4RMTre8EiHZpA,,26.2247065,50.1837276,coffee shops,null,null,null,null,null,None,,null,null,null,,,,,,,,,,,,,,
Coffee shop,بابو قرقر واجد,5,4.2,"ECGA3946, 6679 الدمام 251, 3946, Dhahran 34737, Saudi Arabia",SA,Dhahran,None,null,null, ,https://www.google.com/maps/place/بابو+قرقر+واجد/data=!4m5!3m4!1s0x3e49df0017f56f8d:0xc4a0a4501f50a82f!8m2!3d26.1915884!4d50.0561591?authuser=0&hl=en&rclk=1,0x3e49df0017f56f8d:0xc4a0a4501f50a82f,ChIJjW_1FwDfST4RL6hQH1CkoMQ,,26.1915884,50.0561591,coffee shops,https://lh5.googleusercontent.com/p/AF1QipMaIAymwyQZU0o90wrEhI_FqJZU2TnordzbSQ3p=w408-h544-k-no,https://lh5.googleusercontent.com/p/CIHM0ogKEICAgIC_5d2frgE=w1024-h960-p-k-no,https://lh5.googleusercontent.com/p/CIHM0ogKEICAgIC_5d2frgE=w1024-h960-p-k-no,null,null,SAR 1–20,,https://plus.codes/53R4+JF Dhahran Saudi Arabia,53R4+JF Dhahran Saudi Arabia,Delivery,,,,,,,,,,,,,,
Coffee shop,سكَّة كرك - Sikkat Karak,785,4.6,"8441 4548 Abdulrahman Ibn Muath St, Al Jisr, Al Khobar 34714, Saudi Arabia",SA,Al Khobar,None,null,+966 53 120 4744,"Monday Open 24 hours  2025-03-31
Tuesday Open 24 hours  2025-04-01
Wednesday Open 24 hours  2025-04-02
Thursday Open 24 hours  2025-04-03
Friday Open 24 hours  2025-04-04
Saturday Open 24 hours  2025-04-05
Sunday Open 24 hours  2025-04-06
 ",https://www.google.com/maps/place/سكَّة+كرك+-+Sikkat+Karak/data=!4m5!3m4!1s0x3e49c30b0ed51617:0x83e52f8eac055181!8m2!3d26.2174999!4d50.2073113?authuser=0&hl=en&rclk=1,0x3e49c30b0ed51617:0x83e52f8eac055181,ChIJFxbVDgvDST4RgVEFrI4v5YM,,26.2174999,50.2073113,coffee shops,https://lh5.googleusercontent.com/p/AF1QipMdSiBWTqFC66xoqt-HVq9wJGiFI2QBUcg8XcM8=w408-h544-k-no,https://lh5.googleusercontent.com/p/CIHM0ogKEICAgICO4vfhngE=w1024-h960-p-k-no,https://lh5.googleusercontent.com/p/CIABIhADycKzcQltgGflyWMACjdv=w1024-h960-p-k-no,https://lh5.googleusercontent.com/p/CIHM0ogKEICAgICB_KOkPA=w1024-h960-p-k-no,null,SAR 1–20,,https://plus.codes/6684+XW Al Khobar Saudi Arabia,6684+XW Al Khobar Saudi Arabia,No-contact delivery,Monday Open 24 hours  2025-03-31,Tuesday Open 24 hours  2025-04-01,Wednesday Open 24 hours  2025-04-02,Thursday Open 24 hours  2025-04-03,Friday Open 24 hours  2025-04-04,Saturday Open 24 hours  2025-04-05,Sunday Open 24 hours  2025-04-06,17% busy at 4 AM;24% busy at 5 AM;30% busy at 6 AM;38% busy at 7 AM;40% busy at 8 AM;40% busy at 9 AM;42% busy at 10 AM;50% busy at 11 AM;56% busy at 12 PM;60% busy at 1 PM;63% busy at 2 PM;61% busy at 3 PM;58% busy at 4 PM;50% busy at 5 PM;43% busy at 6 PM;45% busy at 7 PM;46% busy at 8 PM;52% busy at 9 PM;61% busy at 10 PM;65% busy at 11 PM;50% busy at 12 AM;34% busy at 1 AM;19% busy at 2 AM;17% busy at 3 AM;,9% busy at 4 AM;13% busy at 5 AM;23% busy at 6 AM;36% busy at 7 AM;43% busy at 8 AM;45% busy at 9 AM;44% busy at 10 AM;51% busy at 11 AM;58% busy at 12 PM;59% busy at 1 PM;47% busy at 2 PM;44% busy at 3 PM;41% busy at 4 PM;42% busy at 5 PM;43% busy at 6 PM;47% busy at 7 PM;54% busy at 8 PM;60% busy at 9 PM;50% busy at 10 PM;41% busy at 11 PM;28% busy at 12 AM;18% busy at 1 AM;12% busy at 2 AM;8% busy at 3 AM;,13% busy at 4 AM;18% busy at 5 AM;25% busy at 6 AM;38% busy at 7 AM;46% busy at 8 AM;51% busy at 9 AM;50% busy at 10 AM;50% busy at 11 AM;55% busy at 12 PM;57% busy at 1 PM;56% busy at 2 PM;53% busy at 3 PM;53% busy at 4 PM;50% busy at 5 PM;50% busy at 6 PM;55% busy at 7 PM;59% busy at 8 PM;61% busy at 9 PM;60% busy at 10 PM;52% busy at 11 PM;40% busy at 12 AM;27% busy at 1 AM;20% busy at 2 AM;14% busy at 3 AM;,20% busy at 4 AM;29% busy at 5 AM;34% busy at 6 AM;46% busy at 7 AM;50% busy at 8 AM;56% busy at 9 AM;57% busy at 10 AM;60% busy at 11 AM;71% busy at 12 PM;71% busy at 1 PM;69% busy at 2 PM;61% busy at 3 PM;59% busy at 4 PM;54% busy at 5 PM;57% busy at 6 PM;55% busy at 7 PM;57% busy at 8 PM;56% busy at 9 PM;47% busy at 10 PM;47% busy at 11 PM;38% busy at 12 AM;33% busy at 1 AM;22% busy at 2 AM;17% busy at 3 AM;,10% busy at 4 AM;16% busy at 5 AM;21% busy at 6 AM;32% busy at 7 AM;31% busy at 8 AM;31% busy at 9 AM;41% busy at 10 AM;61% busy at 11 AM;90% busy at 12 PM;100% busy at 1 PM;86% busy at 2 PM;75% busy at 3 PM;56% busy at 4 PM;47% busy at 5 PM;45% busy at 6 PM;50% busy at 7 PM;60% busy at 8 PM;58% busy at 9 PM;50% busy at 10 PM;47% busy at 11 PM;38% busy at 12 AM;28% busy at 1 AM;17% busy at 2 AM;14% busy at 3 AM;,23% busy at 4 AM;22% busy at 5 AM;21% busy at 6 AM;28% busy at 7 AM;34% busy at 8 AM;40% busy at 9 AM;48% busy at 10 AM;59% busy at 11 AM;78% busy at 12 PM;84% busy at 1 PM;82% busy at 2 PM;75% busy at 3 PM;64% busy at 4 PM;58% busy at 5 PM;55% busy at 6 PM;53% busy at 7 PM;54% busy at 8 PM;50% busy at 9 PM;45% busy at 10 PM;40% busy at 11 PM;32% busy at 12 AM;24% busy at 1 AM;23% busy at 2 AM;24% busy at 3 AM;,13% busy at 4 AM;14% busy at 5 AM;19% busy at 6 AM;35% busy at 7 AM;37% busy at 8 AM;41% busy at 9 AM;37% busy at 10 AM;41% busy at 11 AM;50% busy at 12 PM;62% busy at 1 PM;63% busy at 2 PM;53% busy at 3 PM;55% busy at 4 PM;55% busy at 5 PM;62% busy at 6 PM;57% busy at 7 PM;59% busy at 8 PM;61% busy at 9 PM;62% busy at 10 PM;59% busy at 11 PM;43% busy at 12 AM;33% busy at 1 AM;21% busy at 2 AM;15% busy at 3 AM;
Coffee shop,Dunkin' - دانكن,873,4.1,"7825 Abdulrahman Ibn Muath St, Al Jisr, Al Khobar 34714, Saudi Arabia",SA,Al Khobar,None,https://www.dunkinksa.com/,+966 800 128 8999,"Monday 6 AM–12 AM  2025-03-31
Tuesday 6 AM–12 AM  2025-04-01
Wednesday 6 AM–12 AM  2025-04-02
Thursday 6 AM–12 AM  2025-04-03
Friday 6 AM–12 AM  2025-04-04
Saturday 6 AM–12 AM  2025-04-05
Sunday 6 AM–12 AM  2025-04-06
 ",https://www.google.com/maps/place/Dunkin'+-+دانكن/data=!4m5!3m4!1s0x3e49c36b684b483b:0xd527f9e17fdaba12!8m2!3d26.211986!4d50.208272?authuser=0&hl=en&rclk=1,0x3e49c36b684b483b:0xd527f9e17fdaba12,ChIJO0hLaGvDST4RErraf-H5J9U,,26.211986,50.208272,coffee shops,https://lh5.googleusercontent.com/p/AF1QipP_2pBqwr8iVQ6GJnxDPWyiDqPmNHH_FIU2aLue=w408-h544-k-no,https://lh5.googleusercontent.com/p/AF1QipP9w08wRfV5yTshlEMNI9osNZRq6n_wEdP2U1R2=w1024-h960-p-k-no,https://lh5.googleusercontent.com/p/AF1QipP6RU9sML23UFFXsUJnutupfp_Hn4CjOAtMf5k=w1024-h960-p-k-no,https://lh5.googleusercontent.com/p/AF1QipOsIJmWSdmebrUd6KAor77UYxPkCe-hdx6k05xv=w1024-h960-p-k-no,Long-running chain serving signature breakfast items & a variety of coffee drinks.,SAR 1–20,,https://plus.codes/6665+Q8 Al Khobar Saudi Arabia,6665+Q8 Al Khobar Saudi Arabia,No-contact delivery,Monday 6 AM–12 AM  2025-03-31,Tuesday 6 AM–12 AM  2025-04-01,Wednesday 6 AM–12 AM  2025-04-02,Thursday 6 AM–12 AM  2025-04-03,Friday 6 AM–12 AM  2025-04-04,Saturday 6 AM–12 AM  2025-04-05,Sunday 6 AM–12 AM  2025-04-06,0% busy at 5 AM;17% busy at 6 AM;30% busy at 7 AM;36% busy at 8 AM;42% busy at 9 AM;44% busy at 10 AM;47% busy at 11 AM;55% busy at 12 PM;63% busy at 1 PM;71% busy at 2 PM;74% busy at 3 PM;71% busy at 4 PM;68% busy at 5 PM;72% busy at 6 PM;86% busy at 7 PM;97% busy at 8 PM;99% busy at 9 PM;82% busy at 10 PM;64% busy at 11 PM;,0% busy at 5 AM;17% busy at 6 AM;23% busy at 7 AM;27% busy at 8 AM;32% busy at 9 AM;38% busy at 10 AM;51% busy at 11 AM;67% busy at 12 PM;82% busy at 1 PM;86% busy at 2 PM;84% busy at 3 PM;80% busy at 4 PM;81% busy at 5 PM;86% busy at 6 PM;86% busy at 7 PM;83% busy at 8 PM;83% busy at 9 PM;80% busy at 10 PM;76% busy at 11 PM;,0% busy at 5 AM;13% busy at 6 AM;19% busy at 7 AM;28% busy at 8 AM;32% busy at 9 AM;36% busy at 10 AM;44% busy at 11 AM;62% busy at 12 PM;73% busy at 1 PM;80% busy at 2 PM;80% busy at 3 PM;88% busy at 4 PM;88% busy at 5 PM;89% busy at 6 PM;86% busy at 7 PM;89% busy at 8 PM;89% busy at 9 PM;85% busy at 10 PM;70% busy at 11 PM;,0% busy at 5 AM;17% busy at 6 AM;23% busy at 7 AM;23% busy at 8 AM;31% busy at 9 AM;39% busy at 10 AM;51% busy at 11 AM;63% busy at 12 PM;74% busy at 1 PM;77% busy at 2 PM;76% busy at 3 PM;76% busy at 4 PM;86% busy at 5 PM;90% busy at 6 PM;95% busy at 7 PM;95% busy at 8 PM;95% busy at 9 PM;92% busy at 10 PM;86% busy at 11 PM;,0% busy at 5 AM;8% busy at 6 AM;8% busy at 7 AM;9% busy at 8 AM;11% busy at 9 AM;20% busy at 10 AM;38% busy at 11 AM;62% busy at 12 PM;73% busy at 1 PM;78% busy at 2 PM;80% busy at 3 PM;79% busy at 4 PM;80% busy at 5 PM;83% busy at 6 PM;91% busy at 7 PM;93% busy at 8 PM;89% busy at 9 PM;77% busy at 10 PM;65% busy at 11 PM;,0% busy at 5 AM;10% busy at 6 AM;15% busy at 7 AM;26% busy at 8 AM;39% busy at 9 AM;44% busy at 10 AM;51% busy at 11 AM;62% busy at 12 PM;75% busy at 1 PM;80% busy at 2 PM;86% busy at 3 PM;91% busy at 4 PM;98% busy at 5 PM;100% busy at 6 PM;97% busy at 7 PM;95% busy at 8 PM;93% busy at 9 PM;85% busy at 10 PM;68% busy at 11 PM;,0% busy at 5 AM;12% busy at 6 AM;17% busy at 7 AM;19% busy at 8 AM;26% busy at 9 AM;33% busy at 10 AM;49% busy at 11 AM;63% busy at 12 PM;82% busy at 1 PM;87% busy at 2 PM;86% busy at 3 PM;80% busy at 4 PM;78% busy at 5 PM;85% busy at 6 PM;86% busy at 7 PM;97% busy at 8 PM;93% busy at 9 PM;85% busy at 10 PM;64% busy at 11 PM;
Coffee shop,Boston's Cafe,354,4.5,"King Fahd Road, Al Jisr, Al Khobar 34714, Saudi Arabia",SA,Al Khobar,None,null,+966 56 089 4858,"Monday 12 PM–12 AM  2025-03-31
Tuesday 12 PM–12 AM  2025-04-01
Wednesday 12 PM–12 AM  2025-04-02
Thursday 12 PM–12 AM  2025-04-03
Friday 12 PM–12 AM  2025-04-04
Saturday 12 PM–12 AM  2025-04-05
Sunday 12 PM–12 AM  2025-04-06
 ",https://www.google.com/maps/place/Boston's+Cafe/data=!4m5!3m4!1s0x3e49c3e75adb8bef:0xf244c011b4a9122a!8m2!3d26.2110259!4d50.2127662?authuser=0&hl=en&rclk=1,0x3e49c3e75adb8bef:0xf244c011b4a9122a,ChIJ74vbWufDST4RKhKptBHARPI,,26.2110259,50.2127662,coffee shops,https://lh5.googleusercontent.com/p/AF1QipPjb66wJk7-uAueFV-BtgVDF509JTXCAPNvPEA-=w408-h544-k-no,https://lh5.googleusercontent.com/p/CIHM0ogKEICAgICesPjIQw=w1024-h960-p-k-no,https://lh5.googleusercontent.com/p/CIHM0ogKEICAgMCwruzH7wE=w1024-h960-p-k-no,https://lh5.googleusercontent.com/p/CIHM0ogKEICAgICJiY26YQ=w1024-h960-p-k-no,null,SAR 1–20,,https://plus.codes/6667+C4 Al Khobar Saudi Arabia,6667+C4 Al Khobar Saudi Arabia,No-contact delivery,Monday 12 PM–12 AM  2025-03-31,Tuesday 12 PM–12 AM  2025-04-01,Wednesday 12 PM–12 AM  2025-04-02,Thursday 12 PM–12 AM  2025-04-03,Friday 12 PM–12 AM  2025-04-04,Saturday 12 PM–12 AM  2025-04-05,Sunday 12 PM–12 AM  2025-04-06,0% busy at 6 AM;0% busy at 7 AM;0% busy at 8 AM;0% busy at 9 AM;0% busy at 10 AM;0% busy at 11 AM;50% busy at 12 PM;60% busy at 1 PM;67% busy at 2 PM;53% busy at 3 PM;41% busy at 4 PM;31% busy at 5 PM;31% busy at 6 PM;31% busy at 7 PM;29% busy at 8 PM;32% busy at 9 PM;37% busy at 10 PM;46% busy at 11 PM;,0% busy at 6 AM;0% busy at 7 AM;0% busy at 8 AM;0% busy at 9 AM;0% busy at 10 AM;0% busy at 11 AM;31% busy at 12 PM;41% busy at 1 PM;53% busy at 2 PM;46% busy at 3 PM;36% busy at 4 PM;37% busy at 5 PM;41% busy at 6 PM;48% busy at 7 PM;55% busy at 8 PM;60% busy at 9 PM;53% busy at 10 PM;46% busy at 11 PM;,0% busy at 6 AM;0% busy at 7 AM;0% busy at 8 AM;0% busy at 9 AM;0% busy at 10 AM;0% busy at 11 AM;44% busy at 12 PM;60% busy at 1 PM;60% busy at 2 PM;62% busy at 3 PM;63% busy at 4 PM;65% busy at 5 PM;55% busy at 6 PM;46% busy at 7 PM;48% busy at 8 PM;58% busy at 9 PM;56% busy at 10 PM;41% busy at 11 PM;,0% busy at 6 AM;0% busy at 7 AM;0% busy at 8 AM;0% busy at 9 AM;0% busy at 10 AM;0% busy at 11 AM;34% busy at 12 PM;46% busy at 1 PM;60% busy at 2 PM;63% busy at 3 PM;58% busy at 4 PM;56% busy at 5 PM;60% busy at 6 PM;58% busy at 7 PM;70% busy at 8 PM;89% busy at 9 PM;93% busy at 10 PM;89% busy at 11 PM;,0% busy at 6 AM;0% busy at 7 AM;0% busy at 8 AM;0% busy at 9 AM;0% busy at 10 AM;0% busy at 11 AM;27% busy at 12 PM;37% busy at 1 PM;48% busy at 2 PM;56% busy at 3 PM;67% busy at 4 PM;68% busy at 5 PM;72% busy at 6 PM;72% busy at 7 PM;70% busy at 8 PM;89% busy at 9 PM;100% busy at 10 PM;94% busy at 11 PM;,0% busy at 6 AM;0% busy at 7 AM;0% busy at 8 AM;0% busy at 9 AM;0% busy at 10 AM;0% busy at 11 AM;27% busy at 12 PM;39% busy at 1 PM;53% busy at 2 PM;67% busy at 3 PM;65% busy at 4 PM;58% busy at 5 PM;44% busy at 6 PM;37% busy at 7 PM;39% busy at 8 PM;50% busy at 9 PM;56% busy at 10 PM;56% busy at 11 PM;,0% busy at 6 AM;0% busy at 7 AM;0% busy at 8 AM;0% busy at 9 AM;0% busy at 10 AM;0% busy at 11 AM;43% busy at 12 PM;55% busy at 1 PM;53% busy at 2 PM;44% busy at 3 PM;39% busy at 4 PM;34% busy at 5 PM;27% busy at 6 PM;29% busy at 7 PM;36% busy at 8 PM;55% busy at 9 PM;70% busy at 10 PM;63% busy at 11 PM;
Coffee shop,The Coffee Address | عنوان القهوة,337,4.5,"King Khalid Rd, Al Tahliyah, Al Khobar 34716, Saudi Arabia",SA,Al Khobar,None,http://addresscafe.sa/,+966 59 000 3100,"Monday 4 PM–4 AM  2025-03-31
Tuesday 4 PM–4 AM  2025-04-01
Wednesday 4 PM–4 AM  2025-04-02
Thursday 4 PM–4 AM  2025-04-03
Friday 4 PM–4 AM  2025-04-04
Saturday 4 PM–4 AM  2025-04-05
Sunday 4 PM–4 AM  2025-04-06
 ",https://www.google.com/maps/place/The+Coffee+Address+|+عنوان+القهوة/data=!4m5!3m4!1s0x3e49c5c88eefc8af:0x9fd0d955dc50b876!8m2!3d26.1861537!4d50.1864056?authuser=0&hl=en&rclk=1,0x3e49c5c88eefc8af:0x9fd0d955dc50b876,ChIJr8jvjsjFST4RdrhQ3FXZ0J8,,26.1861537,50.1864056,coffee shops,https://lh5.googleusercontent.com/p/AF1QipPcY2JzLJr4r4O_3BiKCC0LWSgg9iMBNSO4QfyO=w408-h544-k-no,https://lh5.googleusercontent.com/p/CIHM0ogKEICAgIC_9bKwzAE=w1024-h960-p-k-no,https://lh5.googleusercontent.com/p/AF1QipM_nQxVJJAozsi0O4_dzj-Xu34mOAw7emnVZOJ5=w1024-h960-p-k-no,https://lh5.googleusercontent.com/p/CIHM0ogKEICAgIDLoPrHOw=w1024-h960-p-k-no,null,SAR 1–20,,https://plus.codes/55PP+FH Al Khobar Saudi Arabia,55PP+FH Al Khobar Saudi Arabia,No-contact delivery,Monday 4 PM–4 AM  2025-03-31,Tuesday 4 PM–4 AM  2025-04-01,Wednesday 4 PM–4 AM  2025-04-02,Thursday 4 PM–4 AM  2025-04-03,Friday 4 PM–4 AM  2025-04-04,Saturday 4 PM–4 AM  2025-04-05,Sunday 4 PM–4 AM  2025-04-06,0% busy at 6 AM;0% busy at 7 AM;0% busy at 8 AM;0% busy at 9 AM;0% busy at 10 AM;0% busy at 11 AM;0% busy at 12 PM;0% busy at 1 PM;0% busy at 2 PM;0% busy at 3 PM;27% busy at 4 PM;27% busy at 5 PM;21% busy at 6 PM;24% busy at 7 PM;21% busy at 8 PM;43% busy at 9 PM;56% busy at 10 PM;72% busy at 11 PM;64% busy at 12 AM;59% busy at 1 AM;48% busy at 2 AM;32% busy at 3 AM;,0% busy at 6 AM;0% busy at 7 AM;0% busy at 8 AM;0% busy at 9 AM;0% busy at 10 AM;0% busy at 11 AM;0% busy at 12 PM;0% busy at 1 PM;0% busy at 2 PM;0% busy at 3 PM;18% busy at 4 PM;21% busy at 5 PM;18% busy at 6 PM;24% busy at 7 PM;32% busy at 8 PM;48% busy at 9 PM;67% busy at 10 PM;72% busy at 11 PM;56% busy at 12 AM;37% busy at 1 AM;27% busy at 2 AM;29% busy at 3 AM;,0% busy at 6 AM;0% busy at 7 AM;0% busy at 8 AM;0% busy at 9 AM;0% busy at 10 AM;0% busy at 11 AM;0% busy at 12 PM;0% busy at 1 PM;0% busy at 2 PM;0% busy at 3 PM;35% busy at 4 PM;29% busy at 5 PM;37% busy at 6 PM;43% busy at 7 PM;51% busy at 8 PM;64% busy at 9 PM;91% busy at 10 PM;97% busy at 11 PM;75% busy at 12 AM;37% busy at 1 AM;21% busy at 2 AM;8% busy at 3 AM;,0% busy at 6 AM;0% busy at 7 AM;0% busy at 8 AM;0% busy at 9 AM;0% busy at 10 AM;0% busy at 11 AM;0% busy at 12 PM;0% busy at 1 PM;0% busy at 2 PM;0% busy at 3 PM;24% busy at 4 PM;21% busy at 5 PM;40% busy at 6 PM;40% busy at 7 PM;64% busy at 8 PM;75% busy at 9 PM;97% busy at 10 PM;100% busy at 11 PM;78% busy at 12 AM;70% busy at 1 AM;45% busy at 2 AM;35% busy at 3 AM;,0% busy at 6 AM;0% busy at 7 AM;0% busy at 8 AM;0% busy at 9 AM;0% busy at 10 AM;0% busy at 11 AM;0% busy at 12 PM;0% busy at 1 PM;0% busy at 2 PM;0% busy at 3 PM;29% busy at 4 PM;27% busy at 5 PM;37% busy at 6 PM;45% busy at 7 PM;54% busy at 8 PM;59% busy at 9 PM;62% busy at 10 PM;70% busy at 11 PM;62% busy at 12 AM;40% busy at 1 AM;29% busy at 2 AM;24% busy at 3 AM;,0% busy at 6 AM;0% busy at 7 AM;0% busy at 8 AM;0% busy at 9 AM;0% busy at 10 AM;0% busy at 11 AM;0% busy at 12 PM;0% busy at 1 PM;0% busy at 2 PM;0% busy at 3 PM;37% busy at 4 PM;35% busy at 5 PM;45% busy at 6 PM;35% busy at 7 PM;29% busy at 8 PM;35% busy at 9 PM;59% busy at 10 PM;78% busy at 11 PM;75% busy at 12 AM;59% busy at 1 AM;40% busy at 2 AM;27% busy at 3 AM;,0% busy at 6 AM;0% busy at 7 AM;0% busy at 8 AM;0% busy at 9 AM;0% busy at 10 AM;0% busy at 11 AM;0% busy at 12 PM;0% busy at 1 PM;0% busy at 2 PM;0% busy at 3 PM;40% busy at 4 PM;35% busy at 5 PM;32% busy at 6 PM;35% busy at 7 PM;37% busy at 8 PM;54% busy at 9 PM;78% busy at 10 PM;81% busy at 11 PM;48% busy at 12 AM;45% busy at 1 AM;27% busy at 2 AM;35% busy at 3 AM;
Coffee shop,ديوانية محبوك,140,4.2,"حي, Al Sheraa، ECJA3232، 3232 39ب، 9010, Al Khobar 34741, Saudi Arabia",SA,Al Khobar,None,null,+966 53 976 4627,"Monday 7 AM–3 AM  2025-03-31
Tuesday 7 AM–3 AM  2025-04-01
Wednesday 7 AM–3 AM  2025-04-02
Thursday 7 AM–3 AM  2025-04-03
Friday 12 PM–3 AM  2025-04-04
Saturday 7 AM–3 AM  2025-04-05
Sunday 7 AM–3 AM  2025-04-06
 ",https://www.google.com/maps/place/ديوانية+محبوك/data=!4m5!3m4!1s0x3e49db02ecacef01:0x178fdf8a36c651ed!8m2!3d26.1732639!4d50.1545369?authuser=0&hl=en&rclk=1,0x3e49db02ecacef01:0x178fdf8a36c651ed,ChIJAe-s7ALbST4R7VHGNorfjxc,,26.1732639,50.1545369,coffee shops,https://lh5.googleusercontent.com/p/AF1QipMaLDycqDTzNub8TSqXf-3et6EGvZhHjMlcx0-c=w408-h544-k-no,https://lh5.googleusercontent.com/p/CIHM0ogKEICAgIDTu7vfzAE=w1024-h960-p-k-no,https://lh5.googleusercontent.com/p/CIHM0ogKEICAgIDJtaWWtQE=w1024-h960-p-k-no,https://lh5.googleusercontent.com/p/CIHM0ogKEICAgICpoJ3JPA=w1024-h960-p-k-no,null,None,,https://plus.codes/55F3+8R Al Khobar Saudi Arabia,55F3+8R Al Khobar Saudi Arabia,Delivery,Monday 7 AM–3 AM  2025-03-31,Tuesday 7 AM–3 AM  2025-04-01,Wednesday 7 AM–3 AM  2025-04-02,Thursday 7 AM–3 AM  2025-04-03,Friday 12 PM–3 AM  2025-04-04,Saturday 7 AM–3 AM  2025-04-05,Sunday 7 AM–3 AM  2025-04-06,0% busy at 6 AM;22% busy at 7 AM;26% busy at 8 AM;20% busy at 9 AM;24% busy at 10 AM;28% busy at 11 AM;35% busy at 12 PM;40% busy at 1 PM;37% busy at 2 PM;46% busy at 3 PM;48% busy at 4 PM;51% busy at 5 PM;46% busy at 6 PM;48% busy at 7 PM;51% busy at 8 PM;55% busy at 9 PM;55% busy at 10 PM;51% busy at 11 PM;44% busy at 12 AM;26% busy at 1 AM;24% busy at 2 AM;,0% busy at 6 AM;20% busy at 7 AM;26% busy at 8 AM;35% busy at 9 AM;37% busy at 10 AM;33% busy at 11 AM;35% busy at 12 PM;40% busy at 1 PM;35% busy at 2 PM;44% busy at 3 PM;44% busy at 4 PM;55% busy at 5 PM;60% busy at 6 PM;75% busy at 7 PM;86% busy at 8 PM;86% busy at 9 PM;77% busy at 10 PM;80% busy at 11 PM;57% busy at 12 AM;40% busy at 1 AM;22% busy at 2 AM;,0% busy at 6 AM;17% busy at 7 AM;22% busy at 8 AM;28% busy at 9 AM;28% busy at 10 AM;35% busy at 11 AM;37% busy at 12 PM;46% busy at 1 PM;57% busy at 2 PM;60% busy at 3 PM;64% busy at 4 PM;66% busy at 5 PM;71% busy at 6 PM;88% busy at 7 PM;82% busy at 8 PM;95% busy at 9 PM;97% busy at 10 PM;86% busy at 11 PM;57% busy at 12 AM;31% busy at 1 AM;13% busy at 2 AM;,0% busy at 6 AM;11% busy at 7 AM;20% busy at 8 AM;20% busy at 9 AM;22% busy at 10 AM;24% busy at 11 AM;26% busy at 12 PM;28% busy at 1 PM;28% busy at 2 PM;35% busy at 3 PM;40% busy at 4 PM;35% busy at 5 PM;37% busy at 6 PM;44% busy at 7 PM;68% busy at 8 PM;82% busy at 9 PM;100% busy at 10 PM;84% busy at 11 PM;55% busy at 12 AM;40% busy at 1 AM;31% busy at 2 AM;,0% busy at 6 AM;0% busy at 7 AM;0% busy at 8 AM;0% busy at 9 AM;0% busy at 10 AM;0% busy at 11 AM;22% busy at 12 PM;42% busy at 1 PM;46% busy at 2 PM;48% busy at 3 PM;48% busy at 4 PM;53% busy at 5 PM;60% busy at 6 PM;86% busy at 7 PM;93% busy at 8 PM;93% busy at 9 PM;82% busy at 10 PM;75% busy at 11 PM;46% busy at 12 AM;40% busy at 1 AM;26% busy at 2 AM;,0% busy at 6 AM;17% busy at 7 AM;15% busy at 8 AM;17% busy at 9 AM;20% busy at 10 AM;26% busy at 11 AM;31% busy at 12 PM;35% busy at 1 PM;48% busy at 2 PM;62% busy at 3 PM;75% busy at 4 PM;77% busy at 5 PM;84% busy at 6 PM;88% busy at 7 PM;97% busy at 8 PM;93% busy at 9 PM;86% busy at 10 PM;77% busy at 11 PM;51% busy at 12 AM;37% busy at 1 AM;22% busy at 2 AM;,0% busy at 6 AM;15% busy at 7 AM;11% busy at 8 AM;15% busy at 9 AM;15% busy at 10 AM;24% busy at 11 AM;22% busy at 12 PM;28% busy at 1 PM;31% busy at 2 PM;42% busy at 3 PM;55% busy at 4 PM;57% busy at 5 PM;53% busy at 6 PM;51% busy at 7 PM;60% busy at 8 PM;73% busy at 9 PM;75% busy at 10 PM;77% busy at 11 PM;62% busy at 12 AM;48% busy at 1 AM;51% busy at 2 AM;
Coffee shop,Third,33,4.3,"2949 1ا, حي البحيرة, ECDB7547، 7547, Al Khobar 34722, Saudi Arabia",SA,Al Khobar,None,http://thirdcof.com/,+966 57 008 0089,"Monday 3 PM–12 AM  2025-03-31
Tuesday 3 PM–12 AM  2025-04-01
Wednesday 3 PM–12 AM  2025-04-02
Thursday 3 PM–12 AM  2025-04-03
Friday 3 PM–12 AM  2025-04-04
Saturday 3 PM–12 AM  2025-04-05
Sunday 3 PM–12 AM  2025-04-06
 ",https://www.google.com/maps/place/Third/data=!4m5!3m4!1s0x3e49ddf1bf677439:0x146ec1c281a30e5!8m2!3d26.187371!4d50.1789305?authuser=0&hl=en&rclk=1,0x3e49ddf1bf677439:0x146ec1c281a30e5,ChIJOXRnv_HdST4R5TAaKBzsRgE,,26.187371,50.1789305,coffee shops,https://lh5.googleusercontent.com/p/AF1QipOqgJdTl52hQF2IHjPrZTFhX64qBWCYI9mHfMkL=w408-h306-k-no,https://lh5.googleusercontent.com/p/AF1QipPS9jcRBqJq7ANTVAPug9s8xAcYgX_e98k6sGg=w1024-h960-p-k-no,https://lh5.googleusercontent.com/p/AF1QipMO85PRatp6gq-Y85oar4i9pztbicOLO4E9GKyJ=w1024-h960-p-k-no,https://lh5.googleusercontent.com/p/AF1QipNm_7-cHffySCwkrYZgt1g6sQ_aNaP95yO0pOxY=w1024-h960-p-k-no,null,SAR 1–20,,https://plus.codes/55PH+WH Al Khobar Saudi Arabia,55PH+WH Al Khobar Saudi Arabia,No-contact delivery,Monday 3 PM–12 AM  2025-03-31,Tuesday 3 PM–12 AM  2025-04-01,Wednesday 3 PM–12 AM  2025-04-02,Thursday 3 PM–12 AM  2025-04-03,Friday 3 PM–12 AM  2025-04-04,Saturday 3 PM–12 AM  2025-04-05,Sunday 3 PM–12 AM  2025-04-06,,,,,,,
Coffee shop,هول بين,569,4.8,"2568 14ا، حي الخزامى، الخبر 34718 7514،, Al Khobar 34718, Saudi Arabia",SA,Al Khobar,None,https://wholebeansa.com/,+966 53 265 6908,"Monday 3:30–11:30 PM  2025-03-31
Tuesday 3:30–11:30 PM  2025-04-01
Wednesday 3:30–11:30 PM  2025-04-02
Thursday 3:30–11:30 PM  2025-04-03
Friday 12:30–11:30 PM  2025-04-04
Saturday 3:30–11:30 PM  2025-04-05
Sunday 3:30–11:30 PM  2025-04-06
 ",https://www.google.com/maps/place/هول+بين/data=!4m5!3m4!1s0x3e49c3cc77978fb7:0x4d55693d08889215!8m2!3d26.2089307!4d50.1878169?authuser=0&hl=en&rclk=1,0x3e49c3cc77978fb7:0x4d55693d08889215,ChIJt4-Xd8zDST4RFZKICD1pVU0,,26.2089307,50.1878169,coffee shops,https://lh5.googleusercontent.com/p/AF1QipObDJUbAKRmlzjnDqIJjvNY_c0AxqNvYzfVMlet=w408-h628-k-no,https://lh5.googleusercontent.com/p/AF1QipMdrHMXY0-A8_Vgdy6eF5WC-zkpoupYjVcGzeTE=w1024-h960-p-k-no,https://lh5.googleusercontent.com/p/AF1QipNL5F13OypwIe4yPo7t-41NnYHgi_bHS1u5dKXg=w1024-h960-p-k-no,https://lh5.googleusercontent.com/p/AF1QipP5NqTxjnYYO0Xh7PoW2Mqg7dIQ2hLBKK9qeelc=w1024-h960-p-k-no,null,SAR 1–20,,https://plus.codes/655Q+H4 Al Khobar Saudi Arabia,655Q+H4 Al Khobar Saudi Arabia,Delivery,Monday 3:30–11:30 PM  2025-03-31,Tuesday 3:30–11:30 PM  2025-04-01,Wednesday 3:30–11:30 PM  2025-04-02,Thursday 3:30–11:30 PM  2025-04-03,Friday 12:30–11:30 PM  2025-04-04,Saturday 3:30–11:30 PM  2025-04-05,Sunday 3:30–11:30 PM  2025-04-06,0% busy at 6 AM;0% busy at 7 AM;0% busy at 8 AM;0% busy at 9 AM;0% busy at 10 AM;0% busy at 11 AM;0% busy at 12 PM;0% busy at 1 PM;0% busy at 2 PM;0% busy at 3 PM;60% busy at 4 PM;73% busy at 5 PM;69% busy at 6 PM;67% busy at 7 PM;69% busy at 8 PM;64% busy at 9 PM;55% busy at 10 PM;37% busy at 11 PM;,0% busy at 6 AM;0% busy at 7 AM;0% busy at 8 AM;0% busy at 9 AM;0% busy at 10 AM;0% busy at 11 AM;0% busy at 12 PM;0% busy at 1 PM;0% busy at 2 PM;0% busy at 3 PM;55% busy at 4 PM;70% busy at 5 PM;80% busy at 6 PM;80% busy at 7 PM;80% busy at 8 PM;66% busy at 9 PM;55% busy at 10 PM;41% busy at 11 PM;,0% busy at 6 AM;0% busy at 7 AM;0% busy at 8 AM;0% busy at 9 AM;0% busy at 10 AM;0% busy at 11 AM;0% busy at 12 PM;0% busy at 1 PM;0% busy at 2 PM;0% busy at 3 PM;61% busy at 4 PM;74% busy at 5 PM;78% busy at 6 PM;79% busy at 7 PM;85% busy at 8 PM;75% busy at 9 PM;62% busy at 10 PM;50% busy at 11 PM;,0% busy at 6 AM;0% busy at 7 AM;0% busy at 8 AM;0% busy at 9 AM;0% busy at 10 AM;0% busy at 11 AM;0% busy at 12 PM;0% busy at 1 PM;0% busy at 2 PM;0% busy at 3 PM;65% busy at 4 PM;83% busy at 5 PM;91% busy at 6 PM;84% busy at 7 PM;75% busy at 8 PM;58% busy at 9 PM;55% busy at 10 PM;40% busy at 11 PM;,0% busy at 6 AM;0% busy at 7 AM;0% busy at 8 AM;0% busy at 9 AM;0% busy at 10 AM;0% busy at 11 AM;0% busy at 12 PM;0% busy at 1 PM;0% busy at 2 PM;0% busy at 3 PM;88% busy at 4 PM;94% busy at 5 PM;100% busy at 6 PM;91% busy at 7 PM;78% busy at 8 PM;65% busy at 9 PM;57% busy at 10 PM;44% busy at 11 PM;,0% busy at 6 AM;0% busy at 7 AM;0% busy at 8 AM;0% busy at 9 AM;0% busy at 10 AM;0% busy at 11 AM;0% busy at 12 PM;0% busy at 1 PM;0% busy at 2 PM;0% busy at 3 PM;57% busy at 4 PM;80% busy at 5 PM;85% busy at 6 PM;85% busy at 7 PM;79% busy at 8 PM;73% busy at 9 PM;66% busy at 10 PM;48% busy at 11 PM;,0% busy at 6 AM;0% busy at 7 AM;0% busy at 8 AM;0% busy at 9 AM;0% busy at 10 AM;0% busy at 11 AM;0% busy at 12 PM;0% busy at 1 PM;0% busy at 2 PM;0% busy at 3 PM;76% busy at 4 PM;85% busy at 5 PM;84% busy at 6 PM;88% busy at 7 PM;92% busy at 8 PM;88% busy at 9 PM;61% busy at 10 PM;39% busy at 11 PM;
Coffee shop,مقهى كهف الأسود,29,3.6,"EEGA2540، 2540 1، 6254، حي التعاون, Al Khobar 34632, Saudi Arabia",SA,Al Khobar,None,null,+966 56 117 9673, ,https://www.google.com/maps/place/مقهى+كهف+الأسود/data=!4m5!3m4!1s0x3e49dd04f52b17b7:0x9ad0049fdea17d80!8m2!3d26.2162857!4d50.1774201?authuser=0&hl=en&rclk=1,0x3e49dd04f52b17b7:0x9ad0049fdea17d80,ChIJtxcr9QTdST4RgH2h3p8E0Jo,,26.2162857,50.1774201,coffee shops,https://lh5.googleusercontent.com/p/AF1QipM_X0BNQH3o8MIqi5KfCEjGGVtih2QYg4YQqYnt=w408-h725-k-no,https://lh5.googleusercontent.com/p/AF1QipOj7-IYkT3LNvI7ltkBBW1QWQ7cxfB9Yt7ttUrb=w1024-h960-p-k-no,https://lh5.googleusercontent.com/p/AF1QipPxGqHtn4pZ1r4f6UxVdOiXRjFvLleQp8nzcPlZ=w1024-h960-p-k-no,https://lh5.googleusercontent.com/p/AF1QipNetiAHK5cgv40-Ypr3EtrGXA7pr_fy5nYedCae=w1024-h960-p-k-no,null,SAR 20–40,,https://plus.codes/658G+GX Al Khobar Saudi Arabia,658G+GX Al Khobar Saudi Arabia,No-contact delivery,,,,,,,,,,,,,,
Coffee shop,Lialy Marrakech Cafe,221,3.9,"2453 3 6287, Al Khobar 34632, Saudi Arabia",SA,Al Khobar,None,null,+966 53 899 7995,"Monday Open 24 hours  2025-03-31
Tuesday Open 24 hours  2025-04-01
Wednesday Open 24 hours  2025-04-02
Thursday Open 24 hours  2025-04-03
Friday Open 24 hours  2025-04-04
Saturday Open 24 hours  2025-04-05
Sunday Open 24 hours  2025-04-06
 ",https://www.google.com/maps/place/Lialy+Marrakech+Cafe/data=!4m5!3m4!1s0x3e49ddd174b0a76d:0x681823c384fcef51!8m2!3d26.2166821!4d50.1764895?authuser=0&hl=en&rclk=1,0x3e49ddd174b0a76d:0x681823c384fcef51,ChIJbaewdNHdST4RUe_8hMMjGGg,,26.2166821,50.1764895,coffee shops,https://lh5.googleusercontent.com/p/AF1QipOw_b6K_It3NAQJMFdWgXWcVygfs3FCwq_1eKcs=w426-h240-k-no,https://lh5.googleusercontent.com/p/CIHM0ogKEICAgIDevPCKtgE=w1024-h960-p-k-no,https://lh5.googleusercontent.com/p/CIABIhADyc5U1jtCKWfHnzwADHLC=w1024-h960-p-k-no,https://lh5.googleusercontent.com/p/CIHM0ogKEICAgICF6evV-AE=w1024-h960-p-k-no,null,SAR 20–40,,https://plus.codes/658G+MH Al Khobar Saudi Arabia,658G+MH Al Khobar Saudi Arabia,No-contact delivery,Monday Open 24 hours  2025-03-31,Tuesday Open 24 hours  2025-04-01,Wednesday Open 24 hours  2025-04-02,Thursday Open 24 hours  2025-04-03,Friday Open 24 hours  2025-04-04,Saturday Open 24 hours  2025-04-05,Sunday Open 24 hours  2025-04-06,6% busy at 4 AM;6% busy at 5 AM;6% busy at 6 AM;9% busy at 7 AM;9% busy at 8 AM;11% busy at 9 AM;10% busy at 10 AM;10% busy at 11 AM;13% busy at 12 PM;14% busy at 1 PM;14% busy at 2 PM;14% busy at 3 PM;19% busy at 4 PM;20% busy at 5 PM;24% busy at 6 PM;32% busy at 7 PM;45% busy at 8 PM;55% busy at 9 PM;61% busy at 10 PM;54% busy at 11 PM;38% busy at 12 AM;24% busy at 1 AM;13% busy at 2 AM;8% busy at 3 AM;,5% busy at 4 AM;5% busy at 5 AM;5% busy at 6 AM;6% busy at 7 AM;7% busy at 8 AM;6% busy at 9 AM;6% busy at 10 AM;6% busy at 11 AM;9% busy at 12 PM;17% busy at 1 PM;21% busy at 2 PM;20% busy at 3 PM;15% busy at 4 PM;17% busy at 5 PM;21% busy at 6 PM;30% busy at 7 PM;39% busy at 8 PM;53% busy at 9 PM;60% busy at 10 PM;61% busy at 11 PM;45% busy at 12 AM;30% busy at 1 AM;16% busy at 2 AM;10% busy at 3 AM;,7% busy at 4 AM;7% busy at 5 AM;6% busy at 6 AM;7% busy at 7 AM;7% busy at 8 AM;8% busy at 9 AM;10% busy at 10 AM;14% busy at 11 AM;17% busy at 12 PM;20% busy at 1 PM;18% busy at 2 PM;14% busy at 3 PM;12% busy at 4 PM;14% busy at 5 PM;20% busy at 6 PM;24% busy at 7 PM;33% busy at 8 PM;46% busy at 9 PM;57% busy at 10 PM;60% busy at 11 PM;46% busy at 12 AM;32% busy at 1 AM;18% busy at 2 AM;11% busy at 3 AM;,9% busy at 4 AM;7% busy at 5 AM;4% busy at 6 AM;6% busy at 7 AM;7% busy at 8 AM;10% busy at 9 AM;9% busy at 10 AM;14% busy at 11 AM;16% busy at 12 PM;20% busy at 1 PM;19% busy at 2 PM;18% busy at 3 PM;14% busy at 4 PM;14% busy at 5 PM;17% busy at 6 PM;25% busy at 7 PM;41% busy at 8 PM;62% busy at 9 PM;84% busy at 10 PM;100% busy at 11 PM;88% busy at 12 AM;68% busy at 1 AM;38% busy at 2 AM;21% busy at 3 AM;,12% busy at 4 AM;6% busy at 5 AM;5% busy at 6 AM;5% busy at 7 AM;6% busy at 8 AM;7% busy at 9 AM;8% busy at 10 AM;8% busy at 11 AM;10% busy at 12 PM;12% busy at 1 PM;17% busy at 2 PM;22% busy at 3 PM;28% busy at 4 PM;26% busy at 5 PM;26% busy at 6 PM;28% busy at 7 PM;41% busy at 8 PM;61% busy at 9 PM;81% busy at 10 PM;84% busy at 11 PM;62% busy at 12 AM;38% busy at 1 AM;22% busy at 2 AM;15% busy at 3 AM;,6% busy at 4 AM;5% busy at 5 AM;4% busy at 6 AM;5% busy at 7 AM;5% busy at 8 AM;6% busy at 9 AM;6% busy at 10 AM;6% busy at 11 AM;8% busy at 12 PM;8% busy at 1 PM;10% busy at 2 PM;12% busy at 3 PM;16% busy at 4 PM;21% busy at 5 PM;25% busy at 6 PM;35% busy at 7 PM;42% busy at 8 PM;56% busy at 9 PM;61% busy at 10 PM;61% busy at 11 PM;41% busy at 12 AM;23% busy at 1 AM;9% busy at 2 AM;7% busy at 3 AM;,7% busy at 4 AM;6% busy at 5 AM;5% busy at 6 AM;9% busy at 7 AM;10% busy at 8 AM;14% busy at 9 AM;17% busy at 10 AM;18% busy at 11 AM;16% busy at 12 PM;16% busy at 1 PM;16% busy at 2 PM;18% busy at 3 PM;18% busy at 4 PM;20% busy at 5 PM;21% busy at 6 PM;26% busy at 7 PM;34% busy at 8 PM;47% busy at 9 PM;58% busy at 10 PM;61% busy at 11 PM;45% busy at 12 AM;29% busy at 1 AM;16% busy at 2 AM;10% busy at 3 AM;
Coffee shop,The Coffee Address | عنوان القهوة,162,4.3,"King Fahd Road, Al Sheraa, Al Khobar 34741, Saudi Arabia",SA,Al Khobar,None,http://addresscafe.sa/,+966 59 000 3100,"Monday 4 PM–4 AM  2025-03-31
Tuesday 4 PM–4 AM  2025-04-01
Wednesday 4 PM–4 AM  2025-04-02
Thursday 4 PM–4 AM  2025-04-03
Friday 4 PM–4 AM  2025-04-04
Saturday 4 PM–4 AM  2025-04-05
Sunday 4 PM–4 AM  2025-04-06
 ",https://www.google.com/maps/place/The+Coffee+Address+|+عنوان+القهوة/data=!4m5!3m4!1s0x3e49dbf53402d3c7:0xf0d15fb4f32d80ca!8m2!3d26.1686812!4d50.1621991?authuser=0&hl=en&rclk=1,0x3e49dbf53402d3c7:0xf0d15fb4f32d80ca,ChIJx9MCNPXbST4RyoAt87Rf0fA,,26.1686812,50.1621991,coffee shops,https://lh5.googleusercontent.com/p/AF1QipPYC3CRGt9d6l5JHoqw8HFeYKEu2T6MdwVRXVdL=w408-h724-k-no,https://lh5.googleusercontent.com/p/AF1QipP3rzaofJhnDWYZKPw6FWiQ7p_O6bRzIxN63Md4=w1024-h960-p-k-no,https://lh5.googleusercontent.com/p/AF1QipMGhe4bUOGbFgL-kRlKKZygWQkiKTIQA0CLq-2A=w1024-h960-p-k-no,https://lh5.googleusercontent.com/p/CIHM0ogKEICAgIDD0fa2UQ=w1024-h960-p-k-no,null,SAR 1–20,,https://plus.codes/5596+FV Al Khobar Saudi Arabia,5596+FV Al Khobar Saudi Arabia,Delivery,Monday 4 PM–4 AM  2025-03-31,Tuesday 4 PM–4 AM  2025-04-01,Wednesday 4 PM–4 AM  2025-04-02,Thursday 4 PM–4 AM  2025-04-03,Friday 4 PM–4 AM  2025-04-04,Saturday 4 PM–4 AM  2025-04-05,Sunday 4 PM–4 AM  2025-04-06,0% busy at 6 AM;0% busy at 7 AM;0% busy at 8 AM;0% busy at 9 AM;0% busy at 10 AM;0% busy at 11 AM;0% busy at 12 PM;0% busy at 1 PM;0% busy at 2 PM;0% busy at 3 PM;70% busy at 4 PM;73% busy at 5 PM;85% busy at 6 PM;64% busy at 7 PM;76% busy at 8 PM;67% busy at 9 PM;67% busy at 10 PM;52% busy at 11 PM;32% busy at 12 AM;23% busy at 1 AM;23% busy at 2 AM;20% busy at 3 AM;,0% busy at 6 AM;0% busy at 7 AM;0% busy at 8 AM;0% busy at 9 AM;0% busy at 10 AM;0% busy at 11 AM;0% busy at 12 PM;0% busy at 1 PM;0% busy at 2 PM;0% busy at 3 PM;88% busy at 4 PM;85% busy at 5 PM;67% busy at 6 PM;67% busy at 7 PM;58% busy at 8 PM;50% busy at 9 PM;47% busy at 10 PM;50% busy at 11 PM;38% busy at 12 AM;26% busy at 1 AM;14% busy at 2 AM;14% busy at 3 AM;,0% busy at 6 AM;0% busy at 7 AM;0% busy at 8 AM;0% busy at 9 AM;0% busy at 10 AM;0% busy at 11 AM;0% busy at 12 PM;0% busy at 1 PM;0% busy at 2 PM;0% busy at 3 PM;55% busy at 4 PM;61% busy at 5 PM;67% busy at 6 PM;52% busy at 7 PM;50% busy at 8 PM;52% busy at 9 PM;47% busy at 10 PM;47% busy at 11 PM;47% busy at 12 AM;38% busy at 1 AM;35% busy at 2 AM;20% busy at 3 AM;,0% busy at 6 AM;0% busy at 7 AM;0% busy at 8 AM;0% busy at 9 AM;0% busy at 10 AM;0% busy at 11 AM;0% busy at 12 PM;0% busy at 1 PM;0% busy at 2 PM;0% busy at 3 PM;85% busy at 4 PM;70% busy at 5 PM;52% busy at 6 PM;38% busy at 7 PM;41% busy at 8 PM;50% busy at 9 PM;64% busy at 10 PM;64% busy at 11 PM;61% busy at 12 AM;47% busy at 1 AM;35% busy at 2 AM;23% busy at 3 AM;,0% busy at 6 AM;0% busy at 7 AM;0% busy at 8 AM;0% busy at 9 AM;0% busy at 10 AM;0% busy at 11 AM;0% busy at 12 PM;0% busy at 1 PM;0% busy at 2 PM;0% busy at 3 PM;85% busy at 4 PM;91% busy at 5 PM;100% busy at 6 PM;91% busy at 7 PM;85% busy at 8 PM;58% busy at 9 PM;41% busy at 10 PM;32% busy at 11 PM;29% busy at 12 AM;29% busy at 1 AM;26% busy at 2 AM;17% busy at 3 AM;,0% busy at 6 AM;0% busy at 7 AM;0% busy at 8 AM;0% busy at 9 AM;0% busy at 10 AM;0% busy at 11 AM;0% busy at 12 PM;0% busy at 1 PM;0% busy at 2 PM;0% busy at 3 PM;91% busy at 4 PM;76% busy at 5 PM;58% busy at 6 PM;44% busy at 7 PM;47% busy at 8 PM;41% busy at 9 PM;32% busy at 10 PM;26% busy at 11 PM;20% busy at 12 AM;14% busy at 1 AM;14% busy at 2 AM;11% busy at 3 AM;,0% busy at 6 AM;0% busy at 7 AM;0% busy at 8 AM;0% busy at 9 AM;0% busy at 10 AM;0% busy at 11 AM;0% busy at 12 PM;0% busy at 1 PM;0% busy at 2 PM;0% busy at 3 PM;67% busy at 4 PM;73% busy at 5 PM;82% busy at 6 PM;67% busy at 7 PM;50% busy at 8 PM;47% busy at 9 PM;44% busy at 10 PM;58% busy at 11 PM;47% busy at 12 AM;35% busy at 1 AM;23% busy at 2 AM;14% busy at 3 AM;
Coffee shop,KHOBAR OASIS واحة الخير اوسيس,2,5,"658W+VVC Auto Moto, Rahkah, Al Khobar 34714, Saudi Arabia",SA,Al Khobar,None,null,null,"Monday 3 PM–2 AM  2025-03-31
Tuesday 3 PM–2 AM  2025-04-01
Wednesday 3 PM–2 AM  2025-04-02
Thursday 3 PM–2 AM  2025-04-03
Friday 3 PM–2 AM  2025-04-04
Saturday 3 PM–2 AM  2025-04-05
Sunday 3 PM–2 AM  2025-04-06
 ",https://www.google.com/maps/place/KHOBAR+OASIS+واحة+الخير+اوسيس/data=!4m5!3m4!1s0x3e49c32acff3d06f:0xb6884a57c516971a!8m2!3d26.2171906!4d50.1971381?authuser=0&hl=en&rclk=1,0x3e49c32acff3d06f:0xb6884a57c516971a,ChIJb9DzzyrDST4RGpcWxVdKiLY,,26.2171906,50.1971381,coffee shops,https://lh5.googleusercontent.com/p/AF1QipOz_0aaPHnm4qSXCzMdqaIkF8H3BG9YbaRlxPYo=w408-h544-k-no,https://lh5.googleusercontent.com/p/AF1QipPNJRkZy1sm9s41owEAYXQtoVuqolcAMy0r2o-F=w1024-h960-p-k-no,https://lh5.googleusercontent.com/p/AF1QipPg6d7zMaD1lPAJnqW5EiTLzyu6CbXhS27LYTy_=w1024-h960-p-k-no,null,null,None,,null,null,Delivery,Monday 3 PM–2 AM  2025-03-31,Tuesday 3 PM–2 AM  2025-04-01,Wednesday 3 PM–2 AM  2025-04-02,Thursday 3 PM–2 AM  2025-04-03,Friday 3 PM–2 AM  2025-04-04,Saturday 3 PM–2 AM  2025-04-05,Sunday 3 PM–2 AM  2025-04-06,,,,,,,
Coffee shop,Fillto Specialty coffee & sweets,20,5,"Al Sheraa, Al Khobar 34741, Saudi Arabia",SA,Al Khobar,None,null,null,"Monday 4 PM–3 AM  2025-03-31
Tuesday 4 PM–3 AM  2025-04-01
Wednesday 4 PM–3 AM  2025-04-02
Thursday 4 PM–3 AM  2025-04-03
Friday 4 PM–3 AM  2025-04-04
Saturday 3 PM–3 AM  2025-04-05
Sunday 4:30 PM–3 AM  2025-04-06
 ",https://www.google.com/maps/place/Fillto+Specialty+coffee+&+sweets/data=!4m5!3m4!1s0x3e49db007732389d:0xe0a81485bfb4fddf!8m2!3d26.1569375!4d50.1616875?authuser=0&hl=en&rclk=1,0x3e49db007732389d:0xe0a81485bfb4fddf,ChIJnTgydwDbST4R3_20v4UUqOA,,26.1569375,50.1616875,coffee shops,https://lh5.googleusercontent.com/p/AF1QipNPk_XXEcNEhIkCZvEQf0g35SCrZDKv-PbiC0kR=w408-h503-k-no,https://lh5.googleusercontent.com/p/AF1QipNPk_XXEcNEhIkCZvEQf0g35SCrZDKv-PbiC0kR=w1024-h960-p-k-no,https://lh5.googleusercontent.com/p/CIHM0ogKEICAgMDw_YuJ7wE=w1024-h960-p-k-no,https://lh5.googleusercontent.com/p/AF1QipO047ahpxiFjZhAAVCVFxNiSyF1PJa28jA7KQGh=w1024-h960-p-k-no,null,SAR 1–20,,https://plus.codes/5546+QM Al Khobar Saudi Arabia,5546+QM Al Khobar Saudi Arabia,Delivery,Monday 4 PM–3 AM  2025-03-31,Tuesday 4 PM–3 AM  2025-04-01,Wednesday 4 PM–3 AM  2025-04-02,Thursday 4 PM–3 AM  2025-04-03,Friday 4 PM–3 AM  2025-04-04,Saturday 3 PM–3 AM  2025-04-05,Sunday 4:30 PM–3 AM  2025-04-06,,,,,,,
Coffee shop,Cinnabon,93,4.4,"3368 6886 King Khalid Rd, Al Khuzama, Al Khobar 34719, Saudi Arabia",SA,Al Khobar,None,null,null,"Monday 8 AM–12 AM  2025-03-31
Tuesday 8 AM–12 AM  2025-04-01
Wednesday 8 AM–12 AM  2025-04-02
Thursday 8 AM–12 AM  2025-04-03
Friday 12:30 PM–12 AM  2025-04-04
Saturday 8 AM–12 AM  2025-04-05
Sunday 8 AM–12 AM  2025-04-06
 ",https://www.google.com/maps/place/Cinnabon/data=!4m5!3m4!1s0x3e49c30036470ff1:0x4edb925f821607a4!8m2!3d26.2024839!4d50.1952596?authuser=0&hl=en&rclk=1,0x3e49c30036470ff1:0x4edb925f821607a4,ChIJ8Q9HNgDDST4RpAcWgl-S204,,26.2024839,50.1952596,coffee shops,https://lh5.googleusercontent.com/p/AF1QipN2BHLgBKA4JcQPjvpAkDSlxAoZPXQtOBjjv8tI=w408-h544-k-no,https://lh5.googleusercontent.com/p/CIHM0ogKEICAgMDA8ejCHw=w1024-h960-p-k-no,https://lh5.googleusercontent.com/p/CIHM0ogKEICAgMDw8NnyzQE=w1024-h960-p-k-no,https://lh5.googleusercontent.com/p/CIHM0ogKEICAgICDprG9rgE=w1024-h960-p-k-no,null,None,,https://plus.codes/652W+X4 Al Khobar Saudi Arabia,652W+X4 Al Khobar Saudi Arabia,Delivery,Monday 8 AM–12 AM  2025-03-31,Tuesday 8 AM–12 AM  2025-04-01,Wednesday 8 AM–12 AM  2025-04-02,Thursday 8 AM–12 AM  2025-04-03,Friday 12:30 PM–12 AM  2025-04-04,Saturday 8 AM–12 AM  2025-04-05,Sunday 8 AM–12 AM  2025-04-06,0% busy at 6 AM;0% busy at 7 AM;40% busy at 8 AM;33% busy at 9 AM;46% busy at 10 AM;73% busy at 11 AM;66% busy at 12 PM;26% busy at 1 PM;6% busy at 2 PM;13% busy at 3 PM;33% busy at 4 PM;86% busy at 5 PM;93% busy at 6 PM;73% busy at 7 PM;60% busy at 8 PM;46% busy at 9 PM;53% busy at 10 PM;40% busy at 11 PM;,0% busy at 6 AM;0% busy at 7 AM;60% busy at 8 AM;53% busy at 9 AM;53% busy at 10 AM;73% busy at 11 AM;60% busy at 12 PM;40% busy at 1 PM;53% busy at 2 PM;33% busy at 3 PM;20% busy at 4 PM;20% busy at 5 PM;13% busy at 6 PM;6% busy at 7 PM;33% busy at 8 PM;53% busy at 9 PM;73% busy at 10 PM;60% busy at 11 PM;,0% busy at 6 AM;0% busy at 7 AM;40% busy at 8 AM;53% busy at 9 AM;66% busy at 10 AM;80% busy at 11 AM;73% busy at 12 PM;40% busy at 1 PM;26% busy at 2 PM;20% busy at 3 PM;20% busy at 4 PM;40% busy at 5 PM;26% busy at 6 PM;13% busy at 7 PM;20% busy at 8 PM;40% busy at 9 PM;66% busy at 10 PM;66% busy at 11 PM;,0% busy at 6 AM;0% busy at 7 AM;86% busy at 8 AM;60% busy at 9 AM;46% busy at 10 AM;33% busy at 11 AM;33% busy at 12 PM;33% busy at 1 PM;46% busy at 2 PM;80% busy at 3 PM;73% busy at 4 PM;53% busy at 5 PM;33% busy at 6 PM;20% busy at 7 PM;33% busy at 8 PM;40% busy at 9 PM;33% busy at 10 PM;13% busy at 11 PM;,0% busy at 6 AM;0% busy at 7 AM;0% busy at 8 AM;0% busy at 9 AM;0% busy at 10 AM;0% busy at 11 AM;100% busy at 12 PM;93% busy at 1 PM;60% busy at 2 PM;33% busy at 3 PM;33% busy at 4 PM;40% busy at 5 PM;26% busy at 6 PM;20% busy at 7 PM;26% busy at 8 PM;20% busy at 9 PM;13% busy at 10 PM;26% busy at 11 PM;,0% busy at 6 AM;0% busy at 7 AM;40% busy at 8 AM;26% busy at 9 AM;20% busy at 10 AM;20% busy at 11 AM;53% busy at 12 PM;66% busy at 1 PM;86% busy at 2 PM;80% busy at 3 PM;53% busy at 4 PM;26% busy at 5 PM;33% busy at 6 PM;40% busy at 7 PM;46% busy at 8 PM;40% busy at 9 PM;40% busy at 10 PM;53% busy at 11 PM;,0% busy at 6 AM;0% busy at 7 AM;0% busy at 8 AM;0% busy at 9 AM;6% busy at 10 AM;26% busy at 11 AM;33% busy at 12 PM;60% busy at 1 PM;40% busy at 2 PM;33% busy at 3 PM;40% busy at 4 PM;33% busy at 5 PM;46% busy at 6 PM;40% busy at 7 PM;53% busy at 8 PM;33% busy at 9 PM;26% busy at 10 PM;13% busy at 11 PM;
Coffee shop,شاي وسمسم,335,4.4,"16 B St, Al Jisr, Al Khobar 34714, Saudi Arabia",SA,Al Khobar,None,null,+966 57 238 0677,"Monday 2 PM–3 AM  2025-03-31
Tuesday 2 PM–3 AM  2025-04-01
Wednesday 2 PM–3 AM  2025-04-02
Thursday 2 PM–3 AM  2025-04-03
Friday 2 PM–3 AM  2025-04-04
Saturday 2 PM–3 AM  2025-04-05
Sunday 2 PM–3 AM  2025-04-06
 ",https://www.google.com/maps/place/شاي+وسمسم/data=!4m5!3m4!1s0x3e49c34b4600f0e7:0x85bc7f72ef3e24b7!8m2!3d26.2098895!4d50.1995201?authuser=0&hl=en&rclk=1,0x3e49c34b4600f0e7:0x85bc7f72ef3e24b7,ChIJ5_AARkvDST4RtyQ-73J_vIU,,26.2098895,50.1995201,coffee shops,https://lh5.googleusercontent.com/p/AF1QipP904tJllvYte3lgH1WlI06BWPXypBk7w_eKwXt=w408-h544-k-no,https://lh5.googleusercontent.com/p/AF1QipOap0H6AjJ6dk9tmf702WyhbkAmjhG1wL1B4Wk=w1024-h960-p-k-no,https://lh5.googleusercontent.com/p/AF1QipOMkD-uqGpKAeKF0bKH2ezU77XoRpkL2idOqJeN=w1024-h960-p-k-no,https://lh5.googleusercontent.com/p/AF1QipOK12JjMgMohpLzV7D7SgQ6hD_z9hcthL7anZiI=w1024-h960-p-k-no,null,SAR 1–20,,https://plus.codes/655X+XR Al Khobar Saudi Arabia,655X+XR Al Khobar Saudi Arabia,Curbside pickup,Monday 2 PM–3 AM  2025-03-31,Tuesday 2 PM–3 AM  2025-04-01,Wednesday 2 PM–3 AM  2025-04-02,Thursday 2 PM–3 AM  2025-04-03,Friday 2 PM–3 AM  2025-04-04,Saturday 2 PM–3 AM  2025-04-05,Sunday 2 PM–3 AM  2025-04-06,0% busy at 6 AM;0% busy at 7 AM;0% busy at 8 AM;0% busy at 9 AM;0% busy at 10 AM;0% busy at 11 AM;0% busy at 12 PM;0% busy at 1 PM;23% busy at 2 PM;31% busy at 3 PM;34% busy at 4 PM;40% busy at 5 PM;57% busy at 6 PM;74% busy at 7 PM;80% busy at 8 PM;80% busy at 9 PM;89% busy at 10 PM;82% busy at 11 PM;55% busy at 12 AM;29% busy at 1 AM;14% busy at 2 AM;,0% busy at 6 AM;0% busy at 7 AM;0% busy at 8 AM;0% busy at 9 AM;0% busy at 10 AM;0% busy at 11 AM;0% busy at 12 PM;0% busy at 1 PM;25% busy at 2 PM;36% busy at 3 PM;42% busy at 4 PM;59% busy at 5 PM;57% busy at 6 PM;57% busy at 7 PM;55% busy at 8 PM;57% busy at 9 PM;68% busy at 10 PM;70% busy at 11 PM;63% busy at 12 AM;44% busy at 1 AM;29% busy at 2 AM;,0% busy at 6 AM;0% busy at 7 AM;0% busy at 8 AM;0% busy at 9 AM;0% busy at 10 AM;0% busy at 11 AM;0% busy at 12 PM;0% busy at 1 PM;23% busy at 2 PM;21% busy at 3 PM;34% busy at 4 PM;34% busy at 5 PM;61% busy at 6 PM;63% busy at 7 PM;80% busy at 8 PM;78% busy at 9 PM;82% busy at 10 PM;72% busy at 11 PM;59% busy at 12 AM;48% busy at 1 AM;29% busy at 2 AM;,0% busy at 6 AM;0% busy at 7 AM;0% busy at 8 AM;0% busy at 9 AM;0% busy at 10 AM;0% busy at 11 AM;0% busy at 12 PM;0% busy at 1 PM;14% busy at 2 PM;14% busy at 3 PM;23% busy at 4 PM;31% busy at 5 PM;40% busy at 6 PM;53% busy at 7 PM;65% busy at 8 PM;59% busy at 9 PM;68% busy at 10 PM;74% busy at 11 PM;65% busy at 12 AM;42% busy at 1 AM;34% busy at 2 AM;,0% busy at 6 AM;0% busy at 7 AM;0% busy at 8 AM;0% busy at 9 AM;0% busy at 10 AM;0% busy at 11 AM;0% busy at 12 PM;0% busy at 1 PM;4% busy at 2 PM;8% busy at 3 PM;12% busy at 4 PM;27% busy at 5 PM;36% busy at 6 PM;53% busy at 7 PM;70% busy at 8 PM;85% busy at 9 PM;87% busy at 10 PM;80% busy at 11 PM;57% busy at 12 AM;38% busy at 1 AM;27% busy at 2 AM;,0% busy at 6 AM;0% busy at 7 AM;0% busy at 8 AM;0% busy at 9 AM;0% busy at 10 AM;0% busy at 11 AM;0% busy at 12 PM;0% busy at 1 PM;42% busy at 2 PM;53% busy at 3 PM;61% busy at 4 PM;59% busy at 5 PM;82% busy at 6 PM;89% busy at 7 PM;100% busy at 8 PM;95% busy at 9 PM;93% busy at 10 PM;61% busy at 11 PM;38% busy at 12 AM;14% busy at 1 AM;12% busy at 2 AM;,0% busy at 6 AM;0% busy at 7 AM;0% busy at 8 AM;0% busy at 9 AM;0% busy at 10 AM;0% busy at 11 AM;0% busy at 12 PM;0% busy at 1 PM;42% busy at 2 PM;55% busy at 3 PM;55% busy at 4 PM;46% busy at 5 PM;46% busy at 6 PM;40% busy at 7 PM;48% busy at 8 PM;57% busy at 9 PM;72% busy at 10 PM;61% busy at 11 PM;44% busy at 12 AM;23% busy at 1 AM;21% busy at 2 AM;
Coffee shop,QUETTA PARATHA,null,null,"658W+VVC, Al Jisr, Al Khobar 34714, Saudi Arabia",SA,Al Khobar,None,null,null, ,https://www.google.com/maps/place/QUETTA+PARATHA/data=!4m5!3m4!1s0x3e49c3001cf63f69:0x1dcea62540639fd6!8m2!3d26.2171906!4d50.1971381?authuser=0&hl=en&rclk=1,0x3e49c3001cf63f69:0x1dcea62540639fd6,ChIJaT_2HADDST4R1p9jQCWmzh0,,26.2171906,50.1971381,coffee shops,null,null,null,null,null,null,,null,null,Delivery,,,,,,,,,,,,,,
Coffee shop,Blue sky Abbasi tahlia,5,3.6,"3824 King Khalid Rd, Al Buhairah, Al Khobar 34722, Saudi Arabia",SA,Al Khobar,None,null,+966 57 134 6548,"Monday Open 24 hours  2025-03-31
Tuesday Open 24 hours  2025-04-01
Wednesday Open 24 hours  2025-04-02
Thursday Open 24 hours  2025-04-03
Friday Open 24 hours  2025-04-04
Saturday Open 24 hours  2025-04-05
Sunday Open 24 hours  2025-04-06
 ",https://www.google.com/maps/place/Blue+sky+Abbasi+tahlia/data=!4m5!3m4!1s0x3e49c33bb6cadaaf:0xc3c6ec8081e8e32b!8m2!3d26.1893969!4d50.1885669?authuser=0&hl=en&rclk=1,0x3e49c33bb6cadaaf:0xc3c6ec8081e8e32b,ChIJr9rKtjvDST4RK-PogYDsxsM,,26.1893969,50.1885669,coffee shops,https://lh5.googleusercontent.com/p/AF1QipMvRlbFVr2rwzy0VMfHqVEh6oXbaLEzkAONOqq-=w408-h323-k-no,https://lh5.googleusercontent.com/p/AF1QipMvRlbFVr2rwzy0VMfHqVEh6oXbaLEzkAONOqq-=w1024-h960-p-k-no,https://lh5.googleusercontent.com/p/AF1QipPg3YYL_eMQWrA6BnrThI5Avz7CAKchm2EZlZgQ=w1024-h960-p-k-no,null,null,None,,https://plus.codes/55QQ+QC Al Khobar Saudi Arabia,55QQ+QC Al Khobar Saudi Arabia,Delivery,Monday Open 24 hours  2025-03-31,Tuesday Open 24 hours  2025-04-01,Wednesday Open 24 hours  2025-04-02,Thursday Open 24 hours  2025-04-03,Friday Open 24 hours  2025-04-04,Saturday Open 24 hours  2025-04-05,Sunday Open 24 hours  2025-04-06,25% busy at 4 AM;37% busy at 5 AM;31% busy at 6 AM;37% busy at 7 AM;50% busy at 8 AM;62% busy at 9 AM;37% busy at 10 AM;31% busy at 11 AM;25% busy at 12 PM;25% busy at 1 PM;25% busy at 2 PM;68% busy at 3 PM;56% busy at 4 PM;62% busy at 5 PM;37% busy at 6 PM;31% busy at 7 PM;18% busy at 8 PM;43% busy at 9 PM;43% busy at 10 PM;56% busy at 11 PM;43% busy at 12 AM;37% busy at 1 AM;50% busy at 2 AM;25% busy at 3 AM;,62% busy at 4 AM;62% busy at 5 AM;56% busy at 6 AM;50% busy at 7 AM;37% busy at 8 AM;18% busy at 9 AM;12% busy at 10 AM;12% busy at 11 AM;0% busy at 12 PM;0% busy at 1 PM;6% busy at 2 PM;12% busy at 3 PM;12% busy at 4 PM;6% busy at 5 PM;18% busy at 6 PM;25% busy at 7 PM;31% busy at 8 PM;31% busy at 9 PM;43% busy at 10 PM;62% busy at 11 PM;81% busy at 12 AM;75% busy at 1 AM;56% busy at 2 AM;43% busy at 3 AM;,50% busy at 4 AM;56% busy at 5 AM;37% busy at 6 AM;31% busy at 7 AM;12% busy at 8 AM;18% busy at 9 AM;31% busy at 10 AM;43% busy at 11 AM;31% busy at 12 PM;18% busy at 1 PM;25% busy at 2 PM;43% busy at 3 PM;56% busy at 4 PM;56% busy at 5 PM;37% busy at 6 PM;25% busy at 7 PM;37% busy at 8 PM;62% busy at 9 PM;75% busy at 10 PM;68% busy at 11 PM;37% busy at 12 AM;31% busy at 1 AM;43% busy at 2 AM;81% busy at 3 AM;,37% busy at 4 AM;43% busy at 5 AM;43% busy at 6 AM;43% busy at 7 AM;37% busy at 8 AM;43% busy at 9 AM;50% busy at 10 AM;56% busy at 11 AM;50% busy at 12 PM;43% busy at 1 PM;37% busy at 2 PM;50% busy at 3 PM;50% busy at 4 PM;43% busy at 5 PM;62% busy at 6 PM;43% busy at 7 PM;37% busy at 8 PM;31% busy at 9 PM;37% busy at 10 PM;37% busy at 11 PM;50% busy at 12 AM;50% busy at 1 AM;50% busy at 2 AM;56% busy at 3 AM;,25% busy at 4 AM;18% busy at 5 AM;6% busy at 6 AM;12% busy at 7 AM;12% busy at 8 AM;12% busy at 9 AM;12% busy at 10 AM;31% busy at 11 AM;50% busy at 12 PM;43% busy at 1 PM;43% busy at 2 PM;18% busy at 3 PM;25% busy at 4 PM;37% busy at 5 PM;43% busy at 6 PM;37% busy at 7 PM;31% busy at 8 PM;43% busy at 9 PM;37% busy at 10 PM;50% busy at 11 PM;37% busy at 12 AM;43% busy at 1 AM;25% busy at 2 AM;12% busy at 3 AM;,43% busy at 4 AM;37% busy at 5 AM;31% busy at 6 AM;31% busy at 7 AM;37% busy at 8 AM;31% busy at 9 AM;25% busy at 10 AM;12% busy at 11 AM;43% busy at 12 PM;50% busy at 1 PM;56% busy at 2 PM;62% busy at 3 PM;50% busy at 4 PM;43% busy at 5 PM;31% busy at 6 PM;31% busy at 7 PM;31% busy at 8 PM;31% busy at 9 PM;50% busy at 10 PM;37% busy at 11 PM;37% busy at 12 AM;31% busy at 1 AM;31% busy at 2 AM;56% busy at 3 AM;,31% busy at 4 AM;25% busy at 5 AM;25% busy at 6 AM;31% busy at 7 AM;31% busy at 8 AM;43% busy at 9 AM;43% busy at 10 AM;43% busy at 11 AM;18% busy at 12 PM;25% busy at 1 PM;18% busy at 2 PM;25% busy at 3 PM;43% busy at 4 PM;56% busy at 5 PM;100% busy at 6 PM;62% busy at 7 PM;62% busy at 8 PM;25% busy at 9 PM;37% busy at 10 PM;18% busy at 11 PM;25% busy at 12 AM;50% busy at 1 AM;50% busy at 2 AM;43% busy at 3 AM;
Coffee shop,بلو سكاي,null,null,"6623+865, Al Tahliyah, Al Khobar 34715, Saudi Arabia",SA,Al Khobar,None,null,null, ,https://www.google.com/maps/place/بلو+سكاي/data=!4m5!3m4!1s0x3e49c30045a68c2b:0xaba00eec364bba09!8m2!3d26.2009783!4d50.2031836?authuser=0&hl=en&rclk=1,0x3e49c30045a68c2b:0xaba00eec364bba09,ChIJK4ymRQDDST4RCbpLNuwOoKs,,26.2009783,50.2031836,coffee shops,null,null,null,null,null,null,,null,null,null,,,,,,,,,,,,,,
Coffee shop,Dunkin' - دانكن,505,3.9,"ECJC8485, 8485, Al Khobar 34741, Saudi Arabia",SA,Al Khobar,None,https://www.dunkinksa.com/,+966 800 128 8999,"Monday Open 24 hours  2025-03-31
Tuesday Open 24 hours  2025-04-01
Wednesday Open 24 hours  2025-04-02
Thursday Open 24 hours  2025-04-03
Friday Open 24 hours  2025-04-04
Saturday Open 24 hours  2025-04-05
Sunday Open 24 hours  2025-04-06
 ",https://www.google.com/maps/place/Dunkin'+-+دانكن/data=!4m5!3m4!1s0x3e49db097ea32121:0xf90967a768d09da0!8m2!3d26.1686337!4d50.1614605?authuser=0&hl=en&rclk=1,0x3e49db097ea32121:0xf90967a768d09da0,ChIJISGjfgnbST4RoJ3QaKdnCfk,,26.1686337,50.1614605,coffee shops,https://lh5.googleusercontent.com/p/AF1QipM5Im1Umwkx2xaEzcm5aUawOKh1WR8cCT4gRTcD=w408-h482-k-no,https://lh5.googleusercontent.com/p/CIHM0ogKEICAgIDZ7bS7_gE=w1024-h960-p-k-no,https://lh5.googleusercontent.com/p/CIHM0ogKEICAgMCQo5DyowE=w1024-h960-p-k-no,https://lh5.googleusercontent.com/p/CIHM0ogKEICAgICtvYzYQw=w1024-h960-p-k-no,Long-running chain serving signature breakfast items & a variety of coffee drinks.,SAR 1–20,,https://plus.codes/5596+FH Al Khobar Saudi Arabia,5596+FH Al Khobar Saudi Arabia,Delivery,Monday Open 24 hours  2025-03-31,Tuesday Open 24 hours  2025-04-01,Wednesday Open 24 hours  2025-04-02,Thursday Open 24 hours  2025-04-03,Friday Open 24 hours  2025-04-04,Saturday Open 24 hours  2025-04-05,Sunday Open 24 hours  2025-04-06,6% busy at 4 AM;6% busy at 5 AM;10% busy at 6 AM;16% busy at 7 AM;22% busy at 8 AM;26% busy at 9 AM;25% busy at 10 AM;25% busy at 11 AM;21% busy at 12 PM;23% busy at 1 PM;25% busy at 2 PM;37% busy at 3 PM;43% busy at 4 PM;43% busy at 5 PM;36% busy at 6 PM;28% busy at 7 PM;24% busy at 8 PM;21% busy at 9 PM;22% busy at 10 PM;15% busy at 11 PM;11% busy at 12 AM;7% busy at 1 AM;6% busy at 2 AM;5% busy at 3 AM;,7% busy at 4 AM;10% busy at 5 AM;16% busy at 6 AM;23% busy at 7 AM;26% busy at 8 AM;25% busy at 9 AM;27% busy at 10 AM;26% busy at 11 AM;28% busy at 12 PM;28% busy at 1 PM;34% busy at 2 PM;40% busy at 3 PM;49% busy at 4 PM;54% busy at 5 PM;50% busy at 6 PM;43% busy at 7 PM;36% busy at 8 PM;31% busy at 9 PM;28% busy at 10 PM;24% busy at 11 PM;18% busy at 12 AM;13% busy at 1 AM;8% busy at 2 AM;6% busy at 3 AM;,10% busy at 4 AM;14% busy at 5 AM;15% busy at 6 AM;22% busy at 7 AM;26% busy at 8 AM;27% busy at 9 AM;24% busy at 10 AM;28% busy at 11 AM;29% busy at 12 PM;32% busy at 1 PM;32% busy at 2 PM;38% busy at 3 PM;40% busy at 4 PM;43% busy at 5 PM;44% busy at 6 PM;44% busy at 7 PM;38% busy at 8 PM;35% busy at 9 PM;33% busy at 10 PM;26% busy at 11 PM;16% busy at 12 AM;8% busy at 1 AM;6% busy at 2 AM;8% busy at 3 AM;,9% busy at 4 AM;14% busy at 5 AM;20% busy at 6 AM;24% busy at 7 AM;29% busy at 8 AM;29% busy at 9 AM;26% busy at 10 AM;24% busy at 11 AM;21% busy at 12 PM;26% busy at 1 PM;31% busy at 2 PM;49% busy at 3 PM;61% busy at 4 PM;64% busy at 5 PM;57% busy at 6 PM;50% busy at 7 PM;50% busy at 8 PM;57% busy at 9 PM;54% busy at 10 PM;47% busy at 11 PM;31% busy at 12 AM;21% busy at 1 AM;12% busy at 2 AM;9% busy at 3 AM;,13% busy at 4 AM;14% busy at 5 AM;16% busy at 6 AM;19% busy at 7 AM;21% busy at 8 AM;21% busy at 9 AM;22% busy at 10 AM;28% busy at 11 AM;45% busy at 12 PM;56% busy at 1 PM;69% busy at 2 PM;87% busy at 3 PM;100% busy at 4 PM;99% busy at 5 PM;87% busy at 6 PM;68% busy at 7 PM;56% busy at 8 PM;51% busy at 9 PM;51% busy at 10 PM;45% busy at 11 PM;35% busy at 12 AM;24% busy at 1 AM;17% busy at 2 AM;14% busy at 3 AM;,12% busy at 4 AM;13% busy at 5 AM;16% busy at 6 AM;24% busy at 7 AM;32% busy at 8 AM;36% busy at 9 AM;37% busy at 10 AM;35% busy at 11 AM;40% busy at 12 PM;39% busy at 1 PM;45% busy at 2 PM;50% busy at 3 PM;60% busy at 4 PM;62% busy at 5 PM;56% busy at 6 PM;43% busy at 7 PM;35% busy at 8 PM;27% busy at 9 PM;22% busy at 10 PM;19% busy at 11 PM;17% busy at 12 AM;12% busy at 1 AM;10% busy at 2 AM;10% busy at 3 AM;,7% busy at 4 AM;11% busy at 5 AM;14% busy at 6 AM;16% busy at 7 AM;17% busy at 8 AM;17% busy at 9 AM;21% busy at 10 AM;26% busy at 11 AM;27% busy at 12 PM;27% busy at 1 PM;31% busy at 2 PM;40% busy at 3 PM;50% busy at 4 PM;58% busy at 5 PM;52% busy at 6 PM;43% busy at 7 PM;35% busy at 8 PM;29% busy at 9 PM;27% busy at 10 PM;21% busy at 11 PM;13% busy at 12 AM;8% busy at 1 AM;5% busy at 2 AM;5% busy at 3 AM;
Coffee shop,M CLUB مقهى,367,3.4,"3777 King Fahd Road, Al Sawari, Al Khobar 34724, Saudi Arabia",SA,Al Khobar,None,null,+966 50 132 2299,"Monday Open 24 hours  2025-03-31
Tuesday Open 24 hours  2025-04-01
Wednesday Open 24 hours  2025-04-02
Thursday Open 24 hours  2025-04-03
Friday Open 24 hours  2025-04-04
Saturday Open 24 hours  2025-04-05
Sunday Open 24 hours  2025-04-06
 ",https://www.google.com/maps/place/M+CLUB+مقهى/data=!4m5!3m4!1s0x3e49dbc6d59f75ab:0x5b1653d05b840fea!8m2!3d26.1751872!4d50.1622443?authuser=0&hl=en&rclk=1,0x3e49dbc6d59f75ab:0x5b1653d05b840fea,ChIJq3Wf1cbbST4R6g-EW9BTFls,,26.1751872,50.1622443,coffee shops,https://lh5.googleusercontent.com/p/AF1QipPyaEd950C5atJ_3kJZwX1GyyrE6US1T5oSQjEI=w408-h544-k-no,https://lh5.googleusercontent.com/p/AF1QipOIjYaT3ObDdJWl39ROOPBupsh-a7dehyNGzZk8=w1024-h960-p-k-no,https://lh5.googleusercontent.com/p/AF1QipMSp6pJHO44LenDAq7S4bUA0kwK3csp7Kpqbpc=w1024-h960-p-k-no,https://lh5.googleusercontent.com/p/AF1QipN1oFj6qxAfYrjHD19PHBqxxmrd8eOyL_JZ80aX=w1024-h960-p-k-no,null,None,,https://plus.codes/55G6+3V Al Khobar Saudi Arabia,55G6+3V Al Khobar Saudi Arabia,Delivery,Monday Open 24 hours  2025-03-31,Tuesday Open 24 hours  2025-04-01,Wednesday Open 24 hours  2025-04-02,Thursday Open 24 hours  2025-04-03,Friday Open 24 hours  2025-04-04,Saturday Open 24 hours  2025-04-05,Sunday Open 24 hours  2025-04-06,8% busy at 4 AM;8% busy at 5 AM;8% busy at 6 AM;6% busy at 7 AM;5% busy at 8 AM;5% busy at 9 AM;5% busy at 10 AM;6% busy at 11 AM;8% busy at 12 PM;11% busy at 1 PM;6% busy at 2 PM;4% busy at 3 PM;5% busy at 4 PM;6% busy at 5 PM;10% busy at 6 PM;18% busy at 7 PM;28% busy at 8 PM;43% busy at 9 PM;57% busy at 10 PM;65% busy at 11 PM;53% busy at 12 AM;36% busy at 1 AM;19% busy at 2 AM;10% busy at 3 AM;,8% busy at 4 AM;7% busy at 5 AM;6% busy at 6 AM;6% busy at 7 AM;5% busy at 8 AM;6% busy at 9 AM;4% busy at 10 AM;8% busy at 11 AM;7% busy at 12 PM;9% busy at 1 PM;8% busy at 2 PM;7% busy at 3 PM;10% busy at 4 PM;14% busy at 5 PM;19% busy at 6 PM;21% busy at 7 PM;30% busy at 8 PM;43% busy at 9 PM;57% busy at 10 PM;66% busy at 11 PM;53% busy at 12 AM;39% busy at 1 AM;23% busy at 2 AM;12% busy at 3 AM;,11% busy at 4 AM;9% busy at 5 AM;6% busy at 6 AM;6% busy at 7 AM;5% busy at 8 AM;6% busy at 9 AM;5% busy at 10 AM;5% busy at 11 AM;5% busy at 12 PM;5% busy at 1 PM;6% busy at 2 PM;6% busy at 3 PM;10% busy at 4 PM;11% busy at 5 PM;13% busy at 6 PM;19% busy at 7 PM;28% busy at 8 PM;48% busy at 9 PM;60% busy at 10 PM;67% busy at 11 PM;51% busy at 12 AM;36% busy at 1 AM;23% busy at 2 AM;14% busy at 3 AM;,11% busy at 4 AM;7% busy at 5 AM;8% busy at 6 AM;7% busy at 7 AM;8% busy at 8 AM;7% busy at 9 AM;8% busy at 10 AM;8% busy at 11 AM;8% busy at 12 PM;6% busy at 1 PM;7% busy at 2 PM;8% busy at 3 PM;8% busy at 4 PM;10% busy at 5 PM;14% busy at 6 PM;24% busy at 7 PM;35% busy at 8 PM;57% busy at 9 PM;80% busy at 10 PM;98% busy at 11 PM;87% busy at 12 AM;67% busy at 1 AM;39% busy at 2 AM;21% busy at 3 AM;,14% busy at 4 AM;10% busy at 5 AM;8% busy at 6 AM;9% busy at 7 AM;11% busy at 8 AM;10% busy at 9 AM;11% busy at 10 AM;13% busy at 11 AM;14% busy at 12 PM;10% busy at 1 PM;10% busy at 2 PM;9% busy at 3 PM;10% busy at 4 PM;11% busy at 5 PM;15% busy at 6 PM;21% busy at 7 PM;36% busy at 8 PM;61% busy at 9 PM;86% busy at 10 PM;100% busy at 11 PM;84% busy at 12 AM;60% busy at 1 AM;37% busy at 2 AM;24% busy at 3 AM;,6% busy at 4 AM;4% busy at 5 AM;5% busy at 6 AM;3% busy at 7 AM;4% busy at 8 AM;3% busy at 9 AM;5% busy at 10 AM;6% busy at 11 AM;5% busy at 12 PM;5% busy at 1 PM;5% busy at 2 PM;5% busy at 3 PM;7% busy at 4 PM;10% busy at 5 PM;15% busy at 6 PM;19% busy at 7 PM;29% busy at 8 PM;43% busy at 9 PM;54% busy at 10 PM;56% busy at 11 PM;48% busy at 12 AM;36% busy at 1 AM;22% busy at 2 AM;11% busy at 3 AM;,8% busy at 4 AM;9% busy at 5 AM;8% busy at 6 AM;8% busy at 7 AM;9% busy at 8 AM;8% busy at 9 AM;8% busy at 10 AM;9% busy at 11 AM;9% busy at 12 PM;9% busy at 1 PM;8% busy at 2 PM;10% busy at 3 PM;11% busy at 4 PM;11% busy at 5 PM;12% busy at 6 PM;18% busy at 7 PM;25% busy at 8 PM;39% busy at 9 PM;48% busy at 10 PM;53% busy at 11 PM;40% busy at 12 AM;28% busy at 1 AM;15% busy at 2 AM;11% busy at 3 AM;
Coffee shop,مراميه البحيرة,34,4.7,"Al Buhairah, Al Khobar 34722, Al Khobar 12345, Saudi Arabia",SA,Al Khobar,None,https://salla.sa/maramia,null,"Identifies as women-ownedMonday 4 PM–12 AM  2025-03-31
Tuesday 4 PM–12 AM  2025-04-01
Wednesday 4 PM–12 AM  2025-04-02
Thursday 4 PM–1 AM  2025-04-03
Friday 2 PM–1 AM  2025-04-04
Saturday 4 PM–12 AM  2025-04-05
Sunday Closed  2025-04-06
 ",https://www.google.com/maps/place/مراميه+البحيرة/data=!4m5!3m4!1s0x3e49c375b7082a8b:0x98c2f0556f62c492!8m2!3d26.199444!4d50.1845944?authuser=0&hl=en&rclk=1,0x3e49c375b7082a8b:0x98c2f0556f62c492,ChIJiyoIt3XDST4RksRib1Xwwpg,Identifies as women-owned,26.199444,50.1845944,coffee shops,https://lh5.googleusercontent.com/p/AF1QipMBnsf-xovH11qM8jWtPqJZNRET3LiV7VReuVwJ=w408-h725-k-no,https://lh5.googleusercontent.com/p/AF1QipMppN4mf6Hiw2_87sNRu1UsAAbc7ibeeI8rObGf=w1024-h960-p-k-no,https://lh5.googleusercontent.com/p/AF1QipNSNxcDMYvB98wBJbqFaUalyYWacze7B-TMBRmG=w1024-h960-p-k-no,https://lh5.googleusercontent.com/p/AF1QipOhEPuOu8oKxuIpioDj69EgLRd4nTIj-7z4hQUh=w1024-h960-p-k-no,null,SAR 20–40,,https://plus.codes/55XM+QR Al Khobar Saudi Arabia,55XM+QR Al Khobar Saudi Arabia,null,Monday 4 PM–12 AM  2025-03-31,Tuesday 4 PM–12 AM  2025-04-01,Wednesday 4 PM–12 AM  2025-04-02,Thursday 4 PM–1 AM  2025-04-03,Friday 2 PM–1 AM  2025-04-04,Saturday 4 PM–12 AM  2025-04-05,Sunday Closed  2025-04-06,,,,,,,
Coffee shop,Aqiq tea Tea and more,null,null,"658W+VVC, Al Jisr, Al Khobar 34714, Saudi Arabia",SA,Al Khobar,None,null,null, ,https://www.google.com/maps/place/Aqiq+tea+Tea+and+more/data=!4m5!3m4!1s0x3e49c30078f1e2cb:0xcbd8888cb069f6ab!8m2!3d26.2171906!4d50.1971381?authuser=0&hl=en&rclk=1,0x3e49c30078f1e2cb:0xcbd8888cb069f6ab,ChIJy-LxeADDST4Rq_ZpsIyI2Ms,,26.2171906,50.1971381,coffee shops,https://lh5.googleusercontent.com/p/AF1QipN2HcjiLKafMgQY53PamcqLCT0iF1BgJtKyXNo9=w408-h725-k-no,https://lh5.googleusercontent.com/p/AF1QipMRx84VQK1aa7kmg5AB2hvflWELWlBB3FkBkiLl=w1024-h960-p-k-no,null,null,null,null,,null,null,Delivery,,,,,,,,,,,,,,
Coffee shop,فود ترك الهافمون,6,5,"3072 الدمام 472، ECJA6429، 6429, Dhahran 34745, Saudi Arabia",SA,Dhahran,None,null,null, ,https://www.google.com/maps/place/فود+ترك+الهافمون/data=!4m5!3m4!1s0x3e49df003ff78a87:0x73d90ee01b016472!8m2!3d26.1622554!4d50.0691471?authuser=0&hl=en&rclk=1,0x3e49df003ff78a87:0x73d90ee01b016472,ChIJh4r3PwDfST4RcmQBG-AO2XM,,26.1622554,50.0691471,coffee shops,https://lh5.googleusercontent.com/p/AF1QipPAjA5LZwvtNXG7Mvrznj72Puy66Xo5LMtlTLDI=w408-h544-k-no,https://lh5.googleusercontent.com/p/AF1QipPAjA5LZwvtNXG7Mvrznj72Puy66Xo5LMtlTLDI=w1024-h960-p-k-no,https://lh5.googleusercontent.com/p/AF1QipPAjA5LZwvtNXG7Mvrznj72Puy66Xo5LMtlTLDI=w1024-h960-p-k-no,null,null,None,,https://plus.codes/5369+WM Dhahran Saudi Arabia,5369+WM Dhahran Saudi Arabia,Delivery,,,,,,,,,,,,,,
Coffee shop,Blue sky بلو سكاي,40,3.2,6829 طريق الملك خالد، الجسر، الخبر 34714 3524، Saudi Arabia,SA,Al Khobar,None,https://www.instagram.com/blueskycafe.sa?igsh=MXF2Zmg5dW90czgxNA==,null,"Monday Open 24 hours  2025-03-31
Tuesday Open 24 hours  2025-04-01
Wednesday Open 24 hours  2025-04-02
Thursday Open 24 hours  2025-04-03
Friday Open 24 hours  2025-04-04
Saturday Open 24 hours  2025-04-05
Sunday Open 24 hours  2025-04-06
 ",https://www.google.com/maps/place/Blue+sky+بلو+سكاي/data=!4m5!3m4!1s0x3e49c368f53a5655:0x904d5bfb789970f0!8m2!3d26.2030924!4d50.1971203?authuser=0&hl=en&rclk=1,0x3e49c368f53a5655:0x904d5bfb789970f0,ChIJVVY69WjDST4R8HCZePtbTZA,,26.2030924,50.1971203,coffee shops,https://lh5.googleusercontent.com/p/AF1QipPw3_o0yPlH0byzZdfaRT_9AKWL2x8kM0ufTfeh=w408-h544-k-no,https://lh5.googleusercontent.com/p/AF1QipPw3_o0yPlH0byzZdfaRT_9AKWL2x8kM0ufTfeh=w1024-h960-p-k-no,https://lh5.googleusercontent.com/p/AF1QipO966w5Rv5Nh04IjnFJejjmNu_UbQZm-p5tmx8H=w1024-h960-p-k-no,null,null,SAR 1–20,,https://plus.codes/653W+6R Al Khobar Saudi Arabia,653W+6R Al Khobar Saudi Arabia,Delivery,Monday Open 24 hours  2025-03-31,Tuesday Open 24 hours  2025-04-01,Wednesday Open 24 hours  2025-04-02,Thursday Open 24 hours  2025-04-03,Friday Open 24 hours  2025-04-04,Saturday Open 24 hours  2025-04-05,Sunday Open 24 hours  2025-04-06,48% busy at 4 AM;45% busy at 5 AM;51% busy at 6 AM;68% busy at 7 AM;60% busy at 8 AM;42% busy at 9 AM;22% busy at 10 AM;25% busy at 11 AM;40% busy at 12 PM;54% busy at 1 PM;57% busy at 2 PM;57% busy at 3 PM;62% busy at 4 PM;74% busy at 5 PM;62% busy at 6 PM;62% busy at 7 PM;57% busy at 8 PM;65% busy at 9 PM;74% busy at 10 PM;74% busy at 11 PM;100% busy at 12 AM;77% busy at 1 AM;62% busy at 2 AM;45% busy at 3 AM;,40% busy at 4 AM;54% busy at 5 AM;60% busy at 6 AM;42% busy at 7 AM;31% busy at 8 AM;45% busy at 9 AM;68% busy at 10 AM;74% busy at 11 AM;62% busy at 12 PM;48% busy at 1 PM;37% busy at 2 PM;34% busy at 3 PM;45% busy at 4 PM;74% busy at 5 PM;82% busy at 6 PM;80% busy at 7 PM;57% busy at 8 PM;51% busy at 9 PM;45% busy at 10 PM;51% busy at 11 PM;40% busy at 12 AM;37% busy at 1 AM;25% busy at 2 AM;31% busy at 3 AM;,48% busy at 4 AM;60% busy at 5 AM;54% busy at 6 AM;71% busy at 7 AM;74% busy at 8 AM;68% busy at 9 AM;65% busy at 10 AM;71% busy at 11 AM;57% busy at 12 PM;65% busy at 1 PM;80% busy at 2 PM;97% busy at 3 PM;82% busy at 4 PM;80% busy at 5 PM;65% busy at 6 PM;71% busy at 7 PM;45% busy at 8 PM;37% busy at 9 PM;22% busy at 10 PM;40% busy at 11 PM;45% busy at 12 AM;51% busy at 1 AM;37% busy at 2 AM;40% busy at 3 AM;,28% busy at 4 AM;28% busy at 5 AM;31% busy at 6 AM;45% busy at 7 AM;62% busy at 8 AM;74% busy at 9 AM;74% busy at 10 AM;65% busy at 11 AM;77% busy at 12 PM;54% busy at 1 PM;48% busy at 2 PM;57% busy at 3 PM;68% busy at 4 PM;65% busy at 5 PM;68% busy at 6 PM;57% busy at 7 PM;57% busy at 8 PM;54% busy at 9 PM;54% busy at 10 PM;42% busy at 11 PM;42% busy at 12 AM;28% busy at 1 AM;31% busy at 2 AM;20% busy at 3 AM;,68% busy at 4 AM;60% busy at 5 AM;65% busy at 6 AM;60% busy at 7 AM;62% busy at 8 AM;65% busy at 9 AM;60% busy at 10 AM;57% busy at 11 AM;60% busy at 12 PM;71% busy at 1 PM;80% busy at 2 PM;88% busy at 3 PM;80% busy at 4 PM;62% busy at 5 PM;60% busy at 6 PM;48% busy at 7 PM;62% busy at 8 PM;57% busy at 9 PM;60% busy at 10 PM;48% busy at 11 PM;57% busy at 12 AM;57% busy at 1 AM;68% busy at 2 AM;60% busy at 3 AM;,85% busy at 4 AM;74% busy at 5 AM;77% busy at 6 AM;62% busy at 7 AM;57% busy at 8 AM;51% busy at 9 AM;54% busy at 10 AM;57% busy at 11 AM;42% busy at 12 PM;45% busy at 1 PM;82% busy at 2 PM;85% busy at 3 PM;85% busy at 4 PM;51% busy at 5 PM;40% busy at 6 PM;42% busy at 7 PM;62% busy at 8 PM;80% busy at 9 PM;60% busy at 10 PM;45% busy at 11 PM;45% busy at 12 AM;45% busy at 1 AM;65% busy at 2 AM;77% busy at 3 AM;,77% busy at 4 AM;60% busy at 5 AM;48% busy at 6 AM;48% busy at 7 AM;54% busy at 8 AM;65% busy at 9 AM;74% busy at 10 AM;65% busy at 11 AM;51% busy at 12 PM;37% busy at 1 PM;42% busy at 2 PM;48% busy at 3 PM;45% busy at 4 PM;45% busy at 5 PM;42% busy at 6 PM;37% busy at 7 PM;34% busy at 8 PM;34% busy at 9 PM;37% busy at 10 PM;48% busy at 11 PM;40% busy at 12 AM;48% busy at 1 AM;48% busy at 2 AM;65% busy at 3 AM;
Coffee shop,Lujj Cafe,73,4.7,"ECAD7952، 4041 قيس بن سعد, Al Jisr، 7952, Al Khobar 34714, Saudi Arabia",SA,Al Khobar,None,https://instagram.com/lujjcafe?igshid=NWd0cWJqaHN5anI1,+966 50 326 7694,"Monday 2:30 PM–1 AM  2025-03-31
Tuesday 2:30 PM–1 AM  2025-04-01
Wednesday 2:30 PM–1 AM  2025-04-02
Thursday 2:30 PM–1 AM  2025-04-03
Friday 2:30 PM–1 AM  2025-04-04
Saturday 2:30 PM–1 AM  2025-04-05
Sunday 2:30 PM–1 AM  2025-04-06
 ",https://www.google.com/maps/place/Lujj+Cafe/data=!4m5!3m4!1s0x3e49c3c9cde7e641:0x5771a69b4bf4c07e!8m2!3d26.2135323!4d50.202456?authuser=0&hl=en&rclk=1,0x3e49c3c9cde7e641:0x5771a69b4bf4c07e,ChIJQebnzcnDST4RfsD0S5umcVc,,26.2135323,50.202456,coffee shops,https://lh5.googleusercontent.com/p/AF1QipMCguvqTqUm5fAX3sPBQSM7z5tDGUvdmr_43NKT=w408-h544-k-no,https://lh5.googleusercontent.com/p/AF1QipMHYAOajk8WH3cgREqZLd8ySjl0uZIj9h_me3GC=w1024-h960-p-k-no,https://lh5.googleusercontent.com/p/AF1QipNY-WwfNSnhppH068imqzfd_0Bohe1CiIWEOaN7=w1024-h960-p-k-no,https://lh5.googleusercontent.com/p/AF1QipNK3OgAy6avgUvr_DRyZZk28AiVwS8fziArUdli=w1024-h960-p-k-no,null,SAR 1–20,,https://plus.codes/6672+CX Al Khobar Saudi Arabia,6672+CX Al Khobar Saudi Arabia,Delivery,Monday 2:30 PM–1 AM  2025-03-31,Tuesday 2:30 PM–1 AM  2025-04-01,Wednesday 2:30 PM–1 AM  2025-04-02,Thursday 2:30 PM–1 AM  2025-04-03,Friday 2:30 PM–1 AM  2025-04-04,Saturday 2:30 PM–1 AM  2025-04-05,Sunday 2:30 PM–1 AM  2025-04-06,0% busy at 6 AM;0% busy at 7 AM;0% busy at 8 AM;0% busy at 9 AM;0% busy at 10 AM;0% busy at 11 AM;0% busy at 12 PM;0% busy at 1 PM;26% busy at 2 PM;38% busy at 3 PM;40% busy at 4 PM;40% busy at 5 PM;46% busy at 6 PM;54% busy at 7 PM;62% busy at 8 PM;60% busy at 9 PM;54% busy at 10 PM;44% busy at 11 PM;22% busy at 12 AM;,0% busy at 6 AM;0% busy at 7 AM;0% busy at 8 AM;0% busy at 9 AM;0% busy at 10 AM;0% busy at 11 AM;0% busy at 12 PM;0% busy at 1 PM;16% busy at 2 PM;26% busy at 3 PM;26% busy at 4 PM;40% busy at 5 PM;54% busy at 6 PM;56% busy at 7 PM;56% busy at 8 PM;54% busy at 9 PM;52% busy at 10 PM;54% busy at 11 PM;40% busy at 12 AM;,0% busy at 6 AM;0% busy at 7 AM;0% busy at 8 AM;0% busy at 9 AM;0% busy at 10 AM;0% busy at 11 AM;0% busy at 12 PM;0% busy at 1 PM;24% busy at 2 PM;26% busy at 3 PM;30% busy at 4 PM;40% busy at 5 PM;40% busy at 6 PM;40% busy at 7 PM;42% busy at 8 PM;46% busy at 9 PM;54% busy at 10 PM;58% busy at 11 PM;42% busy at 12 AM;,0% busy at 6 AM;0% busy at 7 AM;0% busy at 8 AM;0% busy at 9 AM;0% busy at 10 AM;0% busy at 11 AM;0% busy at 12 PM;0% busy at 1 PM;20% busy at 2 PM;26% busy at 3 PM;36% busy at 4 PM;46% busy at 5 PM;50% busy at 6 PM;56% busy at 7 PM;66% busy at 8 PM;84% busy at 9 PM;100% busy at 10 PM;94% busy at 11 PM;72% busy at 12 AM;,0% busy at 6 AM;0% busy at 7 AM;0% busy at 8 AM;0% busy at 9 AM;0% busy at 10 AM;0% busy at 11 AM;0% busy at 12 PM;0% busy at 1 PM;18% busy at 2 PM;22% busy at 3 PM;18% busy at 4 PM;28% busy at 5 PM;36% busy at 6 PM;58% busy at 7 PM;68% busy at 8 PM;70% busy at 9 PM;66% busy at 10 PM;66% busy at 11 PM;50% busy at 12 AM;,0% busy at 6 AM;0% busy at 7 AM;0% busy at 8 AM;0% busy at 9 AM;0% busy at 10 AM;0% busy at 11 AM;0% busy at 12 PM;0% busy at 1 PM;30% busy at 2 PM;40% busy at 3 PM;46% busy at 4 PM;54% busy at 5 PM;54% busy at 6 PM;52% busy at 7 PM;46% busy at 8 PM;58% busy at 9 PM;60% busy at 10 PM;54% busy at 11 PM;36% busy at 12 AM;,0% busy at 6 AM;0% busy at 7 AM;0% busy at 8 AM;0% busy at 9 AM;0% busy at 10 AM;0% busy at 11 AM;0% busy at 12 PM;0% busy at 1 PM;28% busy at 2 PM;28% busy at 3 PM;24% busy at 4 PM;28% busy at 5 PM;34% busy at 6 PM;32% busy at 7 PM;42% busy at 8 PM;40% busy at 9 PM;48% busy at 10 PM;38% busy at 11 PM;22% busy at 12 AM;
Coffee shop,مقهى الرواق العربي,242,3.7,"التعاون،, Al Khobar 34632, Saudi Arabia",SA,Al Khobar,None,null,null,"Monday Open 24 hours  2025-03-31
Tuesday Open 24 hours  2025-04-01
Wednesday Open 24 hours  2025-04-02
Thursday Open 24 hours  2025-04-03
Friday Open 24 hours  2025-04-04
Saturday Open 24 hours  2025-04-05
Sunday Open 24 hours  2025-04-06
 ",https://www.google.com/maps/place/مقهى+الرواق+العربي/data=!4m5!3m4!1s0x3e49dd8ebe5506d3:0x123301abf888d948!8m2!3d26.2228983!4d50.182404?authuser=0&hl=en&rclk=1,0x3e49dd8ebe5506d3:0x123301abf888d948,ChIJ0wZVvo7dST4RSNmI-KsBMxI,,26.2228983,50.182404,coffee shops,https://lh5.googleusercontent.com/p/AF1QipO9hdmjZRMpJG7rAN_oE1UkDK_3HbVADmlY84ad=w426-h240-k-no,https://lh5.googleusercontent.com/p/AF1QipN7oLY6XflOBLwPYZkn_d5HcI-mQMUVtJUy490n=w1024-h960-p-k-no,https://lh5.googleusercontent.com/p/AF1QipPFUb744zQGLj4FVmVTzSrD5DG8N8_E3UyUGQFQ=w1024-h960-p-k-no,https://lh5.googleusercontent.com/p/AF1QipMF25YEj5ZamT7EkLCiQLpCCXn_YXkN8qZ0YDtS=w1024-h960-p-k-no,null,SAR 20–40,,https://plus.codes/65FJ+5X Al Khobar Saudi Arabia,65FJ+5X Al Khobar Saudi Arabia,No-contact delivery,Monday Open 24 hours  2025-03-31,Tuesday Open 24 hours  2025-04-01,Wednesday Open 24 hours  2025-04-02,Thursday Open 24 hours  2025-04-03,Friday Open 24 hours  2025-04-04,Saturday Open 24 hours  2025-04-05,Sunday Open 24 hours  2025-04-06,16% busy at 4 AM;16% busy at 5 AM;17% busy at 6 AM;30% busy at 7 AM;30% busy at 8 AM;38% busy at 9 AM;35% busy at 10 AM;36% busy at 11 AM;40% busy at 12 PM;41% busy at 1 PM;50% busy at 2 PM;50% busy at 3 PM;47% busy at 4 PM;41% busy at 5 PM;36% busy at 6 PM;37% busy at 7 PM;43% busy at 8 PM;51% busy at 9 PM;57% busy at 10 PM;50% busy at 11 PM;33% busy at 12 AM;17% busy at 1 AM;11% busy at 2 AM;11% busy at 3 AM;,15% busy at 4 AM;12% busy at 5 AM;20% busy at 6 AM;20% busy at 7 AM;27% busy at 8 AM;26% busy at 9 AM;30% busy at 10 AM;38% busy at 11 AM;43% busy at 12 PM;50% busy at 1 PM;45% busy at 2 PM;47% busy at 3 PM;38% busy at 4 PM;36% busy at 5 PM;45% busy at 6 PM;53% busy at 7 PM;60% busy at 8 PM;68% busy at 9 PM;83% busy at 10 PM;72% busy at 11 PM;46% busy at 12 AM;23% busy at 1 AM;21% busy at 2 AM;15% busy at 3 AM;,11% busy at 4 AM;10% busy at 5 AM;15% busy at 6 AM;23% busy at 7 AM;26% busy at 8 AM;23% busy at 9 AM;22% busy at 10 AM;27% busy at 11 AM;36% busy at 12 PM;43% busy at 1 PM;42% busy at 2 PM;47% busy at 3 PM;47% busy at 4 PM;47% busy at 5 PM;51% busy at 6 PM;55% busy at 7 PM;58% busy at 8 PM;60% busy at 9 PM;63% busy at 10 PM;56% busy at 11 PM;37% busy at 12 AM;26% busy at 1 AM;17% busy at 2 AM;15% busy at 3 AM;,17% busy at 4 AM;12% busy at 5 AM;13% busy at 6 AM;17% busy at 7 AM;22% busy at 8 AM;32% busy at 9 AM;35% busy at 10 AM;37% busy at 11 AM;36% busy at 12 PM;42% busy at 1 PM;42% busy at 2 PM;50% busy at 3 PM;46% busy at 4 PM;45% busy at 5 PM;41% busy at 6 PM;45% busy at 7 PM;55% busy at 8 PM;70% busy at 9 PM;90% busy at 10 PM;96% busy at 11 PM;71% busy at 12 AM;43% busy at 1 AM;27% busy at 2 AM;18% busy at 3 AM;,22% busy at 4 AM;22% busy at 5 AM;23% busy at 6 AM;18% busy at 7 AM;17% busy at 8 AM;17% busy at 9 AM;22% busy at 10 AM;32% busy at 11 AM;27% busy at 12 PM;32% busy at 1 PM;37% busy at 2 PM;43% busy at 3 PM;52% busy at 4 PM;46% busy at 5 PM;46% busy at 6 PM;43% busy at 7 PM;55% busy at 8 PM;80% busy at 9 PM;100% busy at 10 PM;98% busy at 11 PM;77% busy at 12 AM;53% busy at 1 AM;30% busy at 2 AM;22% busy at 3 AM;,11% busy at 4 AM;12% busy at 5 AM;15% busy at 6 AM;20% busy at 7 AM;22% busy at 8 AM;28% busy at 9 AM;33% busy at 10 AM;31% busy at 11 AM;35% busy at 12 PM;41% busy at 1 PM;48% busy at 2 PM;45% busy at 3 PM;40% busy at 4 PM;43% busy at 5 PM;52% busy at 6 PM;56% busy at 7 PM;62% busy at 8 PM;65% busy at 9 PM;62% busy at 10 PM;67% busy at 11 PM;48% busy at 12 AM;36% busy at 1 AM;20% busy at 2 AM;15% busy at 3 AM;,15% busy at 4 AM;17% busy at 5 AM;22% busy at 6 AM;25% busy at 7 AM;31% busy at 8 AM;33% busy at 9 AM;32% busy at 10 AM;33% busy at 11 AM;40% busy at 12 PM;43% busy at 1 PM;50% busy at 2 PM;45% busy at 3 PM;37% busy at 4 PM;26% busy at 5 PM;28% busy at 6 PM;40% busy at 7 PM;51% busy at 8 PM;61% busy at 9 PM;66% busy at 10 PM;65% busy at 11 PM;43% busy at 12 AM;25% busy at 1 AM;13% busy at 2 AM;10% busy at 3 AM;
Coffee shop,Gacela Cafe,104,4.7,"Cooperative Council Rd, حي الخزامى, Al Khobar 34217, Saudi Arabia",SA,Al Khobar,None,null,+966 58 378 2141,"Monday 7 AM–12 AM  2025-03-31
Tuesday 7 AM–12:30 AM  2025-04-01
Wednesday 7 AM–12 AM  2025-04-02
Thursday 7 AM–12 AM  2025-04-03
Friday 2:30 PM–12:30 AM  2025-04-04
Saturday 7 AM–12 AM  2025-04-05
Sunday 7 AM–12 AM  2025-04-06
 ",https://www.google.com/maps/place/Gacela+Cafe/data=!4m5!3m4!1s0x3e49c3748eb51123:0x1155e6e3bb32736b!8m2!3d26.2165803!4d50.1934009?authuser=0&hl=en&rclk=1,0x3e49c3748eb51123:0x1155e6e3bb32736b,ChIJIxG1jnTDST4Ra3Myu-PmVRE,,26.2165803,50.1934009,cafes,https://lh5.googleusercontent.com/p/AF1QipMm5Sgch9z8wp0qbs8Pckq5f-MDUCDAqQvFrAYm=w408-h544-k-no,https://lh5.googleusercontent.com/p/AF1QipP2F6gKzaRGJZ0gXonuZkaVWEIVfVmOmGwOe36b=w1024-h960-p-k-no,https://lh5.googleusercontent.com/p/AF1QipMl4Tzpt05mmnzPpAxMU0GstJWBsNX88zrW8c38=w1024-h960-p-k-no,https://lh5.googleusercontent.com/p/AF1QipMfP588x1p4FPxrSSX0uYgGKDwIfgQveQGG4pms=w1024-h960-p-k-no,null,SAR 20–40,,https://plus.codes/658V+J9 Al Khobar Saudi Arabia,658V+J9 Al Khobar Saudi Arabia,Curbside pickup,Monday 7 AM–12 AM  2025-03-31,Tuesday 7 AM–12:30 AM  2025-04-01,Wednesday 7 AM–12 AM  2025-04-02,Thursday 7 AM–12 AM  2025-04-03,Friday 2:30 PM–12:30 AM  2025-04-04,Saturday 7 AM–12 AM  2025-04-05,Sunday 7 AM–12 AM  2025-04-06,0% busy at 6 AM;71% busy at 7 AM;51% busy at 8 AM;38% busy at 9 AM;38% busy at 10 AM;51% busy at 11 AM;58% busy at 12 PM;61% busy at 1 PM;69% busy at 2 PM;71% busy at 3 PM;66% busy at 4 PM;71% busy at 5 PM;76% busy at 6 PM;71% busy at 7 PM;79% busy at 8 PM;76% busy at 9 PM;92% busy at 10 PM;94% busy at 11 PM;,0% busy at 6 AM;46% busy at 7 AM;61% busy at 8 AM;66% busy at 9 AM;58% busy at 10 AM;41% busy at 11 AM;23% busy at 12 PM;30% busy at 1 PM;43% busy at 2 PM;56% busy at 3 PM;46% busy at 4 PM;46% busy at 5 PM;53% busy at 6 PM;71% busy at 7 PM;71% busy at 8 PM;74% busy at 9 PM;69% busy at 10 PM;71% busy at 11 PM;74% busy at 12 AM;,0% busy at 6 AM;43% busy at 7 AM;35% busy at 8 AM;43% busy at 9 AM;51% busy at 10 AM;56% busy at 11 AM;56% busy at 12 PM;76% busy at 1 PM;100% busy at 2 PM;100% busy at 3 PM;94% busy at 4 PM;74% busy at 5 PM;74% busy at 6 PM;74% busy at 7 PM;71% busy at 8 PM;71% busy at 9 PM;53% busy at 10 PM;43% busy at 11 PM;,0% busy at 6 AM;56% busy at 7 AM;46% busy at 8 AM;43% busy at 9 AM;56% busy at 10 AM;48% busy at 11 AM;46% busy at 12 PM;43% busy at 1 PM;41% busy at 2 PM;41% busy at 3 PM;53% busy at 4 PM;58% busy at 5 PM;58% busy at 6 PM;66% busy at 7 PM;66% busy at 8 PM;61% busy at 9 PM;61% busy at 10 PM;66% busy at 11 PM;,0% busy at 6 AM;0% busy at 7 AM;0% busy at 8 AM;0% busy at 9 AM;0% busy at 10 AM;0% busy at 11 AM;0% busy at 12 PM;0% busy at 1 PM;53% busy at 2 PM;61% busy at 3 PM;56% busy at 4 PM;35% busy at 5 PM;33% busy at 6 PM;30% busy at 7 PM;46% busy at 8 PM;48% busy at 9 PM;46% busy at 10 PM;43% busy at 11 PM;41% busy at 12 AM;,0% busy at 6 AM;35% busy at 7 AM;43% busy at 8 AM;48% busy at 9 AM;43% busy at 10 AM;58% busy at 11 AM;53% busy at 12 PM;74% busy at 1 PM;74% busy at 2 PM;87% busy at 3 PM;74% busy at 4 PM;69% busy at 5 PM;61% busy at 6 PM;82% busy at 7 PM;82% busy at 8 PM;84% busy at 9 PM;69% busy at 10 PM;76% busy at 11 PM;,0% busy at 6 AM;33% busy at 7 AM;38% busy at 8 AM;56% busy at 9 AM;64% busy at 10 AM;71% busy at 11 AM;71% busy at 12 PM;69% busy at 1 PM;58% busy at 2 PM;51% busy at 3 PM;46% busy at 4 PM;58% busy at 5 PM;43% busy at 6 PM;46% busy at 7 PM;48% busy at 8 PM;58% busy at 9 PM;56% busy at 10 PM;69% busy at 11 PM;
Coffee shop,Rasa,191,4.7,"King Khalid Rd, Al Khuzama, Al Khobar 34718, Saudi Arabia",SA,Al Khobar,None,https://t.me/+fNYJC-P-mqE0YmNk,+966 55 040 0271,"Monday 4 PM–4 AM  2025-03-31
Tuesday 4 PM–4 AM  2025-04-01
Wednesday 4 PM–4 AM  2025-04-02
Thursday 4 PM–4 AM  2025-04-03
Friday 4 PM–4 AM  2025-04-04
Saturday 4 PM–4 AM  2025-04-05
Sunday Closed  2025-04-06
 ",https://www.google.com/maps/place/Rasa/data=!4m5!3m4!1s0x3e49c3aa5894b525:0x3c751f1c9d2ff831!8m2!3d26.2165019!4d50.1928631?authuser=0&hl=en&rclk=1,0x3e49c3aa5894b525:0x3c751f1c9d2ff831,ChIJJbWUWKrDST4RMfgvnRwfdTw,,26.2165019,50.1928631,coffee shops,https://lh5.googleusercontent.com/p/AF1QipOiutusqIWTwPLrXJs50MBeNPw927njo0LlzKU2=w408-h530-k-no,https://lh5.googleusercontent.com/p/AF1QipNTbX6AwVCYgDl9pMdkrpDpQJNkPm-iqclONYXQ=w1024-h960-p-k-no,https://lh5.googleusercontent.com/p/AF1QipNF44t7Ze-HL2lF89VXRSeLlfzuiL_07D9OdCGy=w1024-h960-p-k-no,https://lh5.googleusercontent.com/p/AF1QipOenRv2bqSaBNZ-YnS7j9wRpkWP6AKCrfXwbjMh=w1024-h960-p-k-no,null,SAR 1–20,,https://plus.codes/658V+J4 Al Khobar Saudi Arabia,658V+J4 Al Khobar Saudi Arabia,Curbside pickup,Monday 4 PM–4 AM  2025-03-31,Tuesday 4 PM–4 AM  2025-04-01,Wednesday 4 PM–4 AM  2025-04-02,Thursday 4 PM–4 AM  2025-04-03,Friday 4 PM–4 AM  2025-04-04,Saturday 4 PM–4 AM  2025-04-05,Sunday Closed  2025-04-06,,,,,,,
Coffee shop,بلو سكاي,12,2.3,"5498+2R4, Khalediyah Rd, Al Raja, Al Khobar 34742, Saudi Arabia",SA,Al Khobar,None,null,null, ,https://www.google.com/maps/place/بلو+سكاي/data=!4m5!3m4!1s0x3e49ddd1b62717a9:0x69ea9e1c58f1799f!8m2!3d26.1673626!4d50.1170037?authuser=0&hl=en&rclk=1,0x3e49ddd1b62717a9:0x69ea9e1c58f1799f,ChIJqRcnttHdST4Rn3nxWBye6mk,,26.1673626,50.1170037,coffee shops,https://lh5.googleusercontent.com/p/AF1QipNLppBe1VKhZQLSZWKani8rD78DRYs5p4sh5Lga=w408-h725-k-no,https://lh5.googleusercontent.com/p/AF1QipNLppBe1VKhZQLSZWKani8rD78DRYs5p4sh5Lga=w1024-h960-p-k-no,https://lh5.googleusercontent.com/p/AF1QipNLppBe1VKhZQLSZWKani8rD78DRYs5p4sh5Lga=w1024-h960-p-k-no,null,null,SAR 1–20,,null,null,Delivery,,,,,,,,,,,,,,
Coffee shop,Al-Fanar Coffee,32,3.8,"658H+5M, Al Thawn, Al Khobar 34632, Saudi Arabia",SA,Al Khobar,None,http://www.alfanarcoffee.com.sa/,+966 13 343 3336,"Monday 4:30 PM–4:30 AM  2025-03-31
Tuesday 4:30 PM–4:30 AM  2025-04-01
Wednesday 4:30 PM–4:30 AM  2025-04-02
Thursday 4:30 PM–4:30 AM  2025-04-03
Friday 4:30 PM–4:30 AM  2025-04-04
Saturday 4:30 PM–4:30 AM  2025-04-05
Sunday 4:30 PM–4:30 AM  2025-04-06
 ",https://www.google.com/maps/place/Al-Fanar+Coffee/data=!4m5!3m4!1s0x3e49dd5a731ef81f:0xd988c80a29d11b2f!8m2!3d26.2154489!4d50.1792635?authuser=0&hl=en&rclk=1,0x3e49dd5a731ef81f:0xd988c80a29d11b2f,ChIJH_gec1rdST4RLxvRKQrIiNk,,26.2154489,50.1792635,coffee shops,https://lh5.googleusercontent.com/p/AF1QipM_abhj4NbX1iQh0lsevcVA81PIyodWdiPxojc=w408-h511-k-no,https://lh5.googleusercontent.com/p/AF1QipM_abhj4NbX1iQh0lsevcVA81PIyodWdiPxojc=w1024-h960-p-k-no,https://lh5.googleusercontent.com/p/AF1QipMDLt0ADK8n21Ea-pnYg5MBtwetAcsagrm_0hHc=w1024-h960-p-k-no,https://lh5.googleusercontent.com/p/AF1QipPWVZTsz1WPH5edcLnYF0aK-IjlVPG7yrVMQqY=w1024-h960-p-k-no,null,SAR 1–20,,null,null,Delivery,Monday 4:30 PM–4:30 AM  2025-03-31,Tuesday 4:30 PM–4:30 AM  2025-04-01,Wednesday 4:30 PM–4:30 AM  2025-04-02,Thursday 4:30 PM–4:30 AM  2025-04-03,Friday 4:30 PM–4:30 AM  2025-04-04,Saturday 4:30 PM–4:30 AM  2025-04-05,Sunday 4:30 PM–4:30 AM  2025-04-06,0% busy at 6 AM;0% busy at 7 AM;0% busy at 8 AM;0% busy at 9 AM;0% busy at 10 AM;0% busy at 11 AM;0% busy at 12 PM;0% busy at 1 PM;0% busy at 2 PM;0% busy at 3 PM;37% busy at 4 PM;65% busy at 5 PM;59% busy at 6 PM;56% busy at 7 PM;53% busy at 8 PM;56% busy at 9 PM;78% busy at 10 PM;53% busy at 11 PM;43% busy at 12 AM;31% busy at 1 AM;37% busy at 2 AM;50% busy at 3 AM;59% busy at 4 AM;,0% busy at 6 AM;0% busy at 7 AM;0% busy at 8 AM;0% busy at 9 AM;0% busy at 10 AM;0% busy at 11 AM;0% busy at 12 PM;0% busy at 1 PM;0% busy at 2 PM;0% busy at 3 PM;56% busy at 4 PM;56% busy at 5 PM;59% busy at 6 PM;40% busy at 7 PM;43% busy at 8 PM;46% busy at 9 PM;46% busy at 10 PM;34% busy at 11 PM;34% busy at 12 AM;50% busy at 1 AM;65% busy at 2 AM;71% busy at 3 AM;40% busy at 4 AM;,0% busy at 6 AM;0% busy at 7 AM;0% busy at 8 AM;0% busy at 9 AM;0% busy at 10 AM;0% busy at 11 AM;0% busy at 12 PM;0% busy at 1 PM;0% busy at 2 PM;0% busy at 3 PM;56% busy at 4 PM;50% busy at 5 PM;56% busy at 6 PM;59% busy at 7 PM;68% busy at 8 PM;71% busy at 9 PM;78% busy at 10 PM;71% busy at 11 PM;43% busy at 12 AM;28% busy at 1 AM;21% busy at 2 AM;28% busy at 3 AM;65% busy at 4 AM;,0% busy at 6 AM;0% busy at 7 AM;0% busy at 8 AM;0% busy at 9 AM;0% busy at 10 AM;0% busy at 11 AM;0% busy at 12 PM;0% busy at 1 PM;0% busy at 2 PM;0% busy at 3 PM;84% busy at 4 PM;84% busy at 5 PM;78% busy at 6 PM;78% busy at 7 PM;68% busy at 8 PM;68% busy at 9 PM;65% busy at 10 PM;81% busy at 11 PM;62% busy at 12 AM;62% busy at 1 AM;59% busy at 2 AM;65% busy at 3 AM;40% busy at 4 AM;,0% busy at 6 AM;0% busy at 7 AM;0% busy at 8 AM;0% busy at 9 AM;0% busy at 10 AM;0% busy at 11 AM;0% busy at 12 PM;0% busy at 1 PM;0% busy at 2 PM;0% busy at 3 PM;40% busy at 4 PM;53% busy at 5 PM;68% busy at 6 PM;84% busy at 7 PM;59% busy at 8 PM;50% busy at 9 PM;50% busy at 10 PM;53% busy at 11 PM;81% busy at 12 AM;68% busy at 1 AM;68% busy at 2 AM;53% busy at 3 AM;75% busy at 4 AM;,0% busy at 6 AM;0% busy at 7 AM;0% busy at 8 AM;0% busy at 9 AM;0% busy at 10 AM;0% busy at 11 AM;0% busy at 12 PM;0% busy at 1 PM;0% busy at 2 PM;0% busy at 3 PM;56% busy at 4 PM;65% busy at 5 PM;78% busy at 6 PM;71% busy at 7 PM;59% busy at 8 PM;46% busy at 9 PM;31% busy at 10 PM;31% busy at 11 PM;34% busy at 12 AM;31% busy at 1 AM;46% busy at 2 AM;65% busy at 3 AM;96% busy at 4 AM;,0% busy at 6 AM;0% busy at 7 AM;0% busy at 8 AM;0% busy at 9 AM;0% busy at 10 AM;0% busy at 11 AM;0% busy at 12 PM;0% busy at 1 PM;0% busy at 2 PM;0% busy at 3 PM;46% busy at 4 PM;59% busy at 5 PM;75% busy at 6 PM;100% busy at 7 PM;53% busy at 8 PM;37% busy at 9 PM;34% busy at 10 PM;56% busy at 11 PM;50% busy at 12 AM;53% busy at 1 AM;62% busy at 2 AM;93% busy at 3 AM;62% busy at 4 AM;
Coffee shop,مقهى كامبيرو الخزامى,5,4.8,"3307 King Khalid Rd، حي الخزامى، ECAA8188، 8188, Al Khobar 34718, Saudi Arabia",SA,Al Khobar,None,null,null,"Monday 11 AM–10 PM  2025-03-31
Tuesday 11 AM–10 PM  2025-04-01
Wednesday 11 AM–10 PM  2025-04-02
Thursday 11 AM–10 PM  2025-04-03
Friday 11 AM–10 PM  2025-04-04
Saturday 11 AM–10 PM  2025-04-05
Sunday 11 AM–10 PM  2025-04-06
 ",https://www.google.com/maps/place/مقهى+كامبيرو+الخزامى/data=!4m5!3m4!1s0x3e49c30079aad7ed:0x50ab3ca448ba40d9!8m2!3d26.2152323!4d50.1951676?authuser=0&hl=en&rclk=1,0x3e49c30079aad7ed:0x50ab3ca448ba40d9,ChIJ7deqeQDDST4R2UC6SKQ8q1A,,26.2152323,50.1951676,coffee shops,https://lh5.googleusercontent.com/p/AF1QipPrhRGqniAHwEqHHgX1h-VRjaqncaIDODJGJXJ1=w408-h271-k-no,https://lh5.googleusercontent.com/p/AF1QipPrhRGqniAHwEqHHgX1h-VRjaqncaIDODJGJXJ1=w1024-h960-p-k-no,https://lh5.googleusercontent.com/p/AF1QipM6bKwW1_68E8WPeElDQiR3GdtpZmeYKY2G58uv=w1024-h960-p-k-no,https://lh5.googleusercontent.com/p/AF1QipPrhRGqniAHwEqHHgX1h-VRjaqncaIDODJGJXJ1=w1024-h960-p-k-no,null,None,,https://plus.codes/658W+33 Al Khobar Saudi Arabia,658W+33 Al Khobar Saudi Arabia,Delivery,Monday 11 AM–10 PM  2025-03-31,Tuesday 11 AM–10 PM  2025-04-01,Wednesday 11 AM–10 PM  2025-04-02,Thursday 11 AM–10 PM  2025-04-03,Friday 11 AM–10 PM  2025-04-04,Saturday 11 AM–10 PM  2025-04-05,Sunday 11 AM–10 PM  2025-04-06,,,,,,,
Coffee shop,MANTOROSE,47,4.9,"Al Sheraa, Al Khobar, Dammam 34741, Saudi Arabia",SA,Dammam,None,https://www.mantorose.com.sa/,+966 55 935 3338,"Monday 4 PM–4 AM  2025-03-31
Tuesday 4 PM–4 AM  2025-04-01
Wednesday 4 PM–4 AM  2025-04-02
Thursday 4 PM–4 AM  2025-04-03
Friday 4 PM–4 AM  2025-04-04
Saturday 4 PM–4 AM  2025-04-05
Sunday 4 PM–4 AM  2025-04-06
 ",https://www.google.com/maps/place/MANTOROSE/data=!4m5!3m4!1s0x3e49db9e53c0f5ab:0x9d30f8e1f40c0f0!8m2!3d26.1569792!4d50.161606?authuser=0&hl=en&rclk=1,0x3e49db9e53c0f5ab:0x9d30f8e1f40c0f0,ChIJq_XAU57bST4R8MBAH44P0wk,,26.1569792,50.161606,coffee shops,https://lh5.googleusercontent.com/p/AF1QipN17s9awjHGkx2TJ0eqt1Q_7MfYt7FSSnGUXkFQ=w408-h612-k-no,https://lh5.googleusercontent.com/p/AF1QipN17s9awjHGkx2TJ0eqt1Q_7MfYt7FSSnGUXkFQ=w1024-h960-p-k-no,https://lh5.googleusercontent.com/p/AF1QipOOaPE-kmMfwhAl7ri5Ab4ZH1mXT9zrJmrFtgcw=w1024-h960-p-k-no,https://lh5.googleusercontent.com/p/AF1QipMg9sjWMUthPvIrj7F09Ogbkir1EOwBd8DFuC1u=w1024-h960-p-k-no,null,SAR 1–20,,https://plus.codes/5546+QJ Dammam Saudi Arabia,5546+QJ Dammam Saudi Arabia,No-contact delivery,Monday 4 PM–4 AM  2025-03-31,Tuesday 4 PM–4 AM  2025-04-01,Wednesday 4 PM–4 AM  2025-04-02,Thursday 4 PM–4 AM  2025-04-03,Friday 4 PM–4 AM  2025-04-04,Saturday 4 PM–4 AM  2025-04-05,Sunday 4 PM–4 AM  2025-04-06,0% busy at 6 AM;0% busy at 7 AM;0% busy at 8 AM;0% busy at 9 AM;0% busy at 10 AM;0% busy at 11 AM;0% busy at 12 PM;0% busy at 1 PM;0% busy at 2 PM;0% busy at 3 PM;43% busy at 4 PM;43% busy at 5 PM;25% busy at 6 PM;12% busy at 7 PM;37% busy at 8 PM;43% busy at 9 PM;75% busy at 10 PM;56% busy at 11 PM;50% busy at 12 AM;18% busy at 1 AM;6% busy at 2 AM;6% busy at 3 AM;,0% busy at 6 AM;0% busy at 7 AM;0% busy at 8 AM;0% busy at 9 AM;0% busy at 10 AM;0% busy at 11 AM;0% busy at 12 PM;0% busy at 1 PM;0% busy at 2 PM;0% busy at 3 PM;12% busy at 4 PM;18% busy at 5 PM;6% busy at 6 PM;6% busy at 7 PM;12% busy at 8 PM;25% busy at 9 PM;31% busy at 10 PM;12% busy at 11 PM;25% busy at 12 AM;25% busy at 1 AM;43% busy at 2 AM;37% busy at 3 AM;,0% busy at 6 AM;0% busy at 7 AM;0% busy at 8 AM;0% busy at 9 AM;0% busy at 10 AM;0% busy at 11 AM;0% busy at 12 PM;0% busy at 1 PM;0% busy at 2 PM;0% busy at 3 PM;12% busy at 4 PM;18% busy at 5 PM;12% busy at 6 PM;25% busy at 7 PM;25% busy at 8 PM;31% busy at 9 PM;31% busy at 10 PM;37% busy at 11 PM;43% busy at 12 AM;37% busy at 1 AM;37% busy at 2 AM;43% busy at 3 AM;,0% busy at 6 AM;0% busy at 7 AM;0% busy at 8 AM;0% busy at 9 AM;0% busy at 10 AM;0% busy at 11 AM;0% busy at 12 PM;0% busy at 1 PM;0% busy at 2 PM;0% busy at 3 PM;43% busy at 4 PM;37% busy at 5 PM;31% busy at 6 PM;37% busy at 7 PM;25% busy at 8 PM;37% busy at 9 PM;18% busy at 10 PM;31% busy at 11 PM;31% busy at 12 AM;43% busy at 1 AM;56% busy at 2 AM;50% busy at 3 AM;,0% busy at 6 AM;0% busy at 7 AM;0% busy at 8 AM;0% busy at 9 AM;0% busy at 10 AM;0% busy at 11 AM;0% busy at 12 PM;0% busy at 1 PM;0% busy at 2 PM;0% busy at 3 PM;37% busy at 4 PM;37% busy at 5 PM;31% busy at 6 PM;37% busy at 7 PM;50% busy at 8 PM;50% busy at 9 PM;56% busy at 10 PM;75% busy at 11 PM;93% busy at 12 AM;87% busy at 1 AM;75% busy at 2 AM;50% busy at 3 AM;,0% busy at 6 AM;0% busy at 7 AM;0% busy at 8 AM;0% busy at 9 AM;0% busy at 10 AM;0% busy at 11 AM;0% busy at 12 PM;0% busy at 1 PM;0% busy at 2 PM;0% busy at 3 PM;12% busy at 4 PM;12% busy at 5 PM;18% busy at 6 PM;37% busy at 7 PM;43% busy at 8 PM;68% busy at 9 PM;62% busy at 10 PM;81% busy at 11 PM;62% busy at 12 AM;62% busy at 1 AM;50% busy at 2 AM;37% busy at 3 AM;,0% busy at 6 AM;0% busy at 7 AM;0% busy at 8 AM;0% busy at 9 AM;0% busy at 10 AM;0% busy at 11 AM;0% busy at 12 PM;0% busy at 1 PM;0% busy at 2 PM;0% busy at 3 PM;37% busy at 4 PM;37% busy at 5 PM;25% busy at 6 PM;43% busy at 7 PM;68% busy at 8 PM;75% busy at 9 PM;62% busy at 10 PM;100% busy at 11 PM;68% busy at 12 AM;62% busy at 1 AM;37% busy at 2 AM;25% busy at 3 AM;
Coffee shop,بلو سكاي,8,2.9,Unnamed Road،، التعاون، الخبر 34721، Saudi Arabia,SA,Al Khobar,None,null,null,"Monday Open 24 hours  2025-03-31
Tuesday Open 24 hours  2025-04-01
Wednesday Open 24 hours  2025-04-02
Thursday Open 24 hours  2025-04-03
Friday Open 24 hours  2025-04-04
Saturday Open 24 hours  2025-04-05
Sunday Open 24 hours  2025-04-06
 ",https://www.google.com/maps/place/بلو+سكاي/data=!4m5!3m4!1s0x3e49ddb8cf23941b:0xa7e1da95b1db51c4!8m2!3d26.2155692!4d50.1797704?authuser=0&hl=en&rclk=1,0x3e49ddb8cf23941b:0xa7e1da95b1db51c4,ChIJG5Qjz7jdST4RxFHbsZXa4ac,,26.2155692,50.1797704,coffee shops,https://lh5.googleusercontent.com/p/AF1QipPOKXTA5T5YksXu1OWm6ONxwiwTyiixQrG2pwQx=w408-h544-k-no,https://lh5.googleusercontent.com/p/CIHM0ogKEICAgICHvtGy6QE=w1024-h960-p-k-no,https://lh5.googleusercontent.com/p/CIHM0ogKEICAgIDOhYiTtQE=w1024-h960-p-k-no,null,null,None,,https://plus.codes/658H+6W Al Khobar Saudi Arabia,658H+6W Al Khobar Saudi Arabia,Delivery,Monday Open 24 hours  2025-03-31,Tuesday Open 24 hours  2025-04-01,Wednesday Open 24 hours  2025-04-02,Thursday Open 24 hours  2025-04-03,Friday Open 24 hours  2025-04-04,Saturday Open 24 hours  2025-04-05,Sunday Open 24 hours  2025-04-06,65% busy at 4 AM;59% busy at 5 AM;52% busy at 6 AM;52% busy at 7 AM;50% busy at 8 AM;50% busy at 9 AM;40% busy at 10 AM;36% busy at 11 AM;40% busy at 12 PM;34% busy at 1 PM;25% busy at 2 PM;20% busy at 3 PM;25% busy at 4 PM;45% busy at 5 PM;52% busy at 6 PM;54% busy at 7 PM;47% busy at 8 PM;50% busy at 9 PM;45% busy at 10 PM;43% busy at 11 PM;52% busy at 12 AM;43% busy at 1 AM;43% busy at 2 AM;54% busy at 3 AM;,29% busy at 4 AM;29% busy at 5 AM;31% busy at 6 AM;34% busy at 7 AM;29% busy at 8 AM;31% busy at 9 AM;22% busy at 10 AM;29% busy at 11 AM;36% busy at 12 PM;29% busy at 1 PM;38% busy at 2 PM;31% busy at 3 PM;36% busy at 4 PM;29% busy at 5 PM;36% busy at 6 PM;40% busy at 7 PM;40% busy at 8 PM;36% busy at 9 PM;40% busy at 10 PM;38% busy at 11 PM;47% busy at 12 AM;29% busy at 1 AM;34% busy at 2 AM;25% busy at 3 AM;,50% busy at 4 AM;45% busy at 5 AM;47% busy at 6 AM;52% busy at 7 AM;59% busy at 8 AM;50% busy at 9 AM;43% busy at 10 AM;36% busy at 11 AM;34% busy at 12 PM;38% busy at 1 PM;45% busy at 2 PM;36% busy at 3 PM;29% busy at 4 PM;29% busy at 5 PM;45% busy at 6 PM;61% busy at 7 PM;68% busy at 8 PM;63% busy at 9 PM;75% busy at 10 PM;61% busy at 11 PM;43% busy at 12 AM;27% busy at 1 AM;34% busy at 2 AM;38% busy at 3 AM;,68% busy at 4 AM;84% busy at 5 AM;90% busy at 6 AM;100% busy at 7 AM;72% busy at 8 AM;68% busy at 9 AM;40% busy at 10 AM;43% busy at 11 AM;38% busy at 12 PM;43% busy at 1 PM;29% busy at 2 PM;36% busy at 3 PM;56% busy at 4 PM;68% busy at 5 PM;61% busy at 6 PM;54% busy at 7 PM;56% busy at 8 PM;47% busy at 9 PM;36% busy at 10 PM;27% busy at 11 PM;34% busy at 12 AM;31% busy at 1 AM;47% busy at 2 AM;54% busy at 3 AM;,29% busy at 4 AM;47% busy at 5 AM;52% busy at 6 AM;52% busy at 7 AM;50% busy at 8 AM;54% busy at 9 AM;59% busy at 10 AM;52% busy at 11 AM;29% busy at 12 PM;22% busy at 1 PM;20% busy at 2 PM;36% busy at 3 PM;47% busy at 4 PM;63% busy at 5 PM;65% busy at 6 PM;68% busy at 7 PM;75% busy at 8 PM;65% busy at 9 PM;54% busy at 10 PM;43% busy at 11 PM;40% busy at 12 AM;50% busy at 1 AM;40% busy at 2 AM;38% busy at 3 AM;,29% busy at 4 AM;31% busy at 5 AM;38% busy at 6 AM;38% busy at 7 AM;31% busy at 8 AM;27% busy at 9 AM;36% busy at 10 AM;43% busy at 11 AM;45% busy at 12 PM;52% busy at 1 PM;52% busy at 2 PM;47% busy at 3 PM;45% busy at 4 PM;50% busy at 5 PM;54% busy at 6 PM;65% busy at 7 PM;54% busy at 8 PM;47% busy at 9 PM;34% busy at 10 PM;29% busy at 11 PM;31% busy at 12 AM;36% busy at 1 AM;36% busy at 2 AM;34% busy at 3 AM;,27% busy at 4 AM;34% busy at 5 AM;36% busy at 6 AM;40% busy at 7 AM;45% busy at 8 AM;38% busy at 9 AM;45% busy at 10 AM;31% busy at 11 AM;43% busy at 12 PM;40% busy at 1 PM;50% busy at 2 PM;38% busy at 3 PM;45% busy at 4 PM;40% busy at 5 PM;47% busy at 6 PM;54% busy at 7 PM;61% busy at 8 PM;75% busy at 9 PM;65% busy at 10 PM;38% busy at 11 PM;25% busy at 12 AM;18% busy at 1 AM;29% busy at 2 AM;27% busy at 3 AM;
Coffee shop,مقهى رمال أوس,9,4.1,"65CM+7MM, Al Thawn, Al Khobar 34632, Saudi Arabia",SA,Al Khobar,None,null,null, ,https://www.google.com/maps/place/مقهى+رمال+أوس/data=!4m5!3m4!1s0x3e49c36594358b41:0xfc6f1fdbb9b02706!8m2!3d26.2207212!4d50.184179?authuser=0&hl=en&rclk=1,0x3e49c36594358b41:0xfc6f1fdbb9b02706,ChIJQYs1lGXDST4RBiewudsfb_w,,26.2207212,50.184179,coffee shops,https://lh3.googleusercontent.com/gps-cs-s/AB5caB_UVQPB7yb5B4Ow3bLBU1WVHy_BtLQWyXMUggheoiLQNfNsiwn62aje3G6ibQZhC_jG3waHDwqa_k79m-WIgxRH-j9vCDdIoOREz-QYXi35BxDF7UNcummS_6ZEVwb2aj2Y3kdO3w=w408-h544-k-no,https://lh5.googleusercontent.com/p/AF1QipNt5hOy5cIAuSX8l0T9GSUZvw3Xs-K1BB0I3pRz=w1024-h960-p-k-no,null,null,null,None,,null,null,Delivery,,,,,,,,,,,,,,
Coffee shop,شاي نوح,285,4.6,"ECAA3760, 6698 Alnuman Ibn Harithah St, 3760، Al Khobar 34714, Saudi Arabia",SA,Al Khobar,None,null,null,"Monday 8 AM–3 AM  2025-03-31
Tuesday 8 AM–3 AM  2025-04-01
Wednesday 8 AM–3 AM  2025-04-02
Thursday 8 AM–3 AM  2025-04-03
Friday 12 PM–3 AM  2025-04-04
Saturday 8 AM–3 AM  2025-04-05
Sunday 8 AM–3 AM  2025-04-06
 ",https://www.google.com/maps/place/شاي+نوح/data=!4m5!3m4!1s0x3e49c3003d849cf5:0xf4305e1fa5a3a90e!8m2!3d26.2015976!4d50.1996486?authuser=0&hl=en&rclk=1,0x3e49c3003d849cf5:0xf4305e1fa5a3a90e,ChIJ9ZyEPQDDST4RDqmjpR9eMPQ,,26.2015976,50.1996486,coffee shops,https://lh3.googleusercontent.com/gps-cs-s/AB5caB8XM_5yQSfWaE2k8IC-U-hkHydV6g7cIxF5bib18pLAdDcfzo3U1F7aCqu_N9bHxt0zJpb6XPy_mhxtrKISNNB3ojU3hoyTbXg2tUb04wdyacNOqqk_RRnQpMcNt81fFS5qvubw=w408-h544-k-no,https://lh5.googleusercontent.com/p/AF1QipMxc2RPZgZg-kFQBjlNWAe5PPWnRHNe2rOgwlIc=w1024-h960-p-k-no,https://lh5.googleusercontent.com/p/AF1QipPg4A1IwhcdvH50BZPVGYVV8nzY3JM0090if2Ng=w1024-h960-p-k-no,https://lh5.googleusercontent.com/p/AF1QipNebP1r_MrGGreB9dzbAgkYcbweQcCz6HT1uxdy=w1024-h960-p-k-no,null,SAR 1–20,,https://plus.codes/652X+JV Al Khobar Saudi Arabia,652X+JV Al Khobar Saudi Arabia,Curbside pickup,Monday 8 AM–3 AM  2025-03-31,Tuesday 8 AM–3 AM  2025-04-01,Wednesday 8 AM–3 AM  2025-04-02,Thursday 8 AM–3 AM  2025-04-03,Friday 12 PM–3 AM  2025-04-04,Saturday 8 AM–3 AM  2025-04-05,Sunday 8 AM–3 AM  2025-04-06,0% busy at 6 AM;0% busy at 7 AM;14% busy at 8 AM;12% busy at 9 AM;15% busy at 10 AM;19% busy at 11 AM;22% busy at 12 PM;22% busy at 1 PM;18% busy at 2 PM;25% busy at 3 PM;25% busy at 4 PM;38% busy at 5 PM;52% busy at 6 PM;54% busy at 7 PM;54% busy at 8 PM;45% busy at 9 PM;45% busy at 10 PM;33% busy at 11 PM;26% busy at 12 AM;14% busy at 1 AM;9% busy at 2 AM;,0% busy at 6 AM;0% busy at 7 AM;19% busy at 8 AM;28% busy at 9 AM;21% busy at 10 AM;21% busy at 11 AM;21% busy at 12 PM;23% busy at 1 PM;19% busy at 2 PM;19% busy at 3 PM;25% busy at 4 PM;35% busy at 5 PM;42% busy at 6 PM;42% busy at 7 PM;50% busy at 8 PM;63% busy at 9 PM;66% busy at 10 PM;66% busy at 11 PM;47% busy at 12 AM;35% busy at 1 AM;19% busy at 2 AM;,0% busy at 6 AM;0% busy at 7 AM;25% busy at 8 AM;28% busy at 9 AM;29% busy at 10 AM;15% busy at 11 AM;11% busy at 12 PM;11% busy at 1 PM;15% busy at 2 PM;19% busy at 3 PM;23% busy at 4 PM;21% busy at 5 PM;25% busy at 6 PM;32% busy at 7 PM;40% busy at 8 PM;57% busy at 9 PM;70% busy at 10 PM;77% busy at 11 PM;60% busy at 12 AM;43% busy at 1 AM;28% busy at 2 AM;,0% busy at 6 AM;0% busy at 7 AM;18% busy at 8 AM;12% busy at 9 AM;16% busy at 10 AM;19% busy at 11 AM;25% busy at 12 PM;25% busy at 1 PM;21% busy at 2 PM;18% busy at 3 PM;28% busy at 4 PM;33% busy at 5 PM;39% busy at 6 PM;42% busy at 7 PM;47% busy at 8 PM;66% busy at 9 PM;85% busy at 10 PM;87% busy at 11 PM;64% busy at 12 AM;38% busy at 1 AM;26% busy at 2 AM;,0% busy at 6 AM;0% busy at 7 AM;0% busy at 8 AM;0% busy at 9 AM;0% busy at 10 AM;0% busy at 11 AM;23% busy at 12 PM;25% busy at 1 PM;28% busy at 2 PM;32% busy at 3 PM;32% busy at 4 PM;28% busy at 5 PM;25% busy at 6 PM;33% busy at 7 PM;49% busy at 8 PM;73% busy at 9 PM;100% busy at 10 PM;98% busy at 11 PM;81% busy at 12 AM;54% busy at 1 AM;43% busy at 2 AM;,0% busy at 6 AM;0% busy at 7 AM;12% busy at 8 AM;19% busy at 9 AM;15% busy at 10 AM;14% busy at 11 AM;9% busy at 12 PM;12% busy at 1 PM;21% busy at 2 PM;29% busy at 3 PM;35% busy at 4 PM;35% busy at 5 PM;40% busy at 6 PM;47% busy at 7 PM;39% busy at 8 PM;38% busy at 9 PM;36% busy at 10 PM;50% busy at 11 PM;40% busy at 12 AM;28% busy at 1 AM;14% busy at 2 AM;,0% busy at 6 AM;0% busy at 7 AM;7% busy at 8 AM;11% busy at 9 AM;16% busy at 10 AM;25% busy at 11 AM;29% busy at 12 PM;33% busy at 1 PM;33% busy at 2 PM;32% busy at 3 PM;35% busy at 4 PM;38% busy at 5 PM;42% busy at 6 PM;42% busy at 7 PM;38% busy at 8 PM;40% busy at 9 PM;49% busy at 10 PM;53% busy at 11 PM;33% busy at 12 AM;16% busy at 1 AM;5% busy at 2 AM;
Coffee shop,VIAL,358,4.6,"Abu Abdulrahman Ibn Aqeel St, Al Khuzama, Al Khobar 34719, Saudi Arabia",SA,Al Khobar,None,https://instagram.com/vialrest.sa?igshid=YmMyMTA2M2Y=,+966 55 831 0609,"Monday 5 PM–2 AM  2025-03-31
Tuesday 5 PM–2 AM  2025-04-01
Wednesday 5 PM–2 AM  2025-04-02
Thursday 5 PM–2 AM  2025-04-03
Friday 5 PM–2 AM  2025-04-04
Saturday 5 PM–2 AM  2025-04-05
Sunday 5 PM–2 AM  2025-04-06
 ",https://www.google.com/maps/place/VIAL/data=!4m5!3m4!1s0x3e49c306a4bbcef7:0x3d864a33172b949e!8m2!3d26.2017646!4d50.1950811?authuser=0&hl=en&rclk=1,0x3e49c306a4bbcef7:0x3d864a33172b949e,ChIJ9867pAbDST4RnpQrFzNKhj0,,26.2017646,50.1950811,coffee shops,https://lh3.googleusercontent.com/gps-cs-s/AB5caB-RJxRqyMuLGpk55UfqU88gT-iN7LhGH7NzfK86PY_GJ0nIJfNfR-a1hgEyQMKqBxYUl_ywgVLNNmkFiv02R2fJ73tJmWPFRY2pdauRw5f4hBKyEG9-U3uajQ-I6sI_dlIsgz80Lw=w408-h501-k-no,https://lh5.googleusercontent.com/p/CIHM0ogKEICAgIC73OGC_gE=w1024-h960-p-k-no,https://lh5.googleusercontent.com/p/CIHM0ogKEICAgMDwhdnKAQ=w1024-h960-p-k-no,https://lh5.googleusercontent.com/p/CIHM0ogKEICAgIDF-r2VWA=w1024-h960-p-k-no,null,SAR 1–20,,https://plus.codes/652W+P2 Al Khobar Saudi Arabia,652W+P2 Al Khobar Saudi Arabia,Dine-in,Monday 5 PM–2 AM  2025-03-31,Tuesday 5 PM–2 AM  2025-04-01,Wednesday 5 PM–2 AM  2025-04-02,Thursday 5 PM–2 AM  2025-04-03,Friday 5 PM–2 AM  2025-04-04,Saturday 5 PM–2 AM  2025-04-05,Sunday 5 PM–2 AM  2025-04-06,0% busy at 6 AM;0% busy at 7 AM;0% busy at 8 AM;0% busy at 9 AM;0% busy at 10 AM;0% busy at 11 AM;0% busy at 12 PM;0% busy at 1 PM;0% busy at 2 PM;0% busy at 3 PM;0% busy at 4 PM;51% busy at 5 PM;69% busy at 6 PM;79% busy at 7 PM;76% busy at 8 PM;76% busy at 9 PM;51% busy at 10 PM;35% busy at 11 PM;23% busy at 12 AM;20% busy at 1 AM;,0% busy at 6 AM;0% busy at 7 AM;0% busy at 8 AM;0% busy at 9 AM;0% busy at 10 AM;0% busy at 11 AM;0% busy at 12 PM;0% busy at 1 PM;0% busy at 2 PM;0% busy at 3 PM;0% busy at 4 PM;30% busy at 5 PM;33% busy at 6 PM;41% busy at 7 PM;61% busy at 8 PM;71% busy at 9 PM;66% busy at 10 PM;51% busy at 11 PM;46% busy at 12 AM;30% busy at 1 AM;,0% busy at 6 AM;0% busy at 7 AM;0% busy at 8 AM;0% busy at 9 AM;0% busy at 10 AM;0% busy at 11 AM;0% busy at 12 PM;0% busy at 1 PM;0% busy at 2 PM;0% busy at 3 PM;0% busy at 4 PM;20% busy at 5 PM;25% busy at 6 PM;38% busy at 7 PM;43% busy at 8 PM;51% busy at 9 PM;51% busy at 10 PM;51% busy at 11 PM;43% busy at 12 AM;23% busy at 1 AM;,0% busy at 6 AM;0% busy at 7 AM;0% busy at 8 AM;0% busy at 9 AM;0% busy at 10 AM;0% busy at 11 AM;0% busy at 12 PM;0% busy at 1 PM;0% busy at 2 PM;0% busy at 3 PM;0% busy at 4 PM;48% busy at 5 PM;74% busy at 6 PM;84% busy at 7 PM;87% busy at 8 PM;66% busy at 9 PM;48% busy at 10 PM;43% busy at 11 PM;41% busy at 12 AM;20% busy at 1 AM;,0% busy at 6 AM;0% busy at 7 AM;0% busy at 8 AM;0% busy at 9 AM;0% busy at 10 AM;0% busy at 11 AM;0% busy at 12 PM;0% busy at 1 PM;0% busy at 2 PM;0% busy at 3 PM;0% busy at 4 PM;43% busy at 5 PM;51% busy at 6 PM;58% busy at 7 PM;46% busy at 8 PM;38% busy at 9 PM;33% busy at 10 PM;41% busy at 11 PM;28% busy at 12 AM;23% busy at 1 AM;,0% busy at 6 AM;0% busy at 7 AM;0% busy at 8 AM;0% busy at 9 AM;0% busy at 10 AM;0% busy at 11 AM;0% busy at 12 PM;0% busy at 1 PM;0% busy at 2 PM;0% busy at 3 PM;0% busy at 4 PM;28% busy at 5 PM;48% busy at 6 PM;71% busy at 7 PM;94% busy at 8 PM;100% busy at 9 PM;79% busy at 10 PM;61% busy at 11 PM;46% busy at 12 AM;30% busy at 1 AM;,0% busy at 6 AM;0% busy at 7 AM;0% busy at 8 AM;0% busy at 9 AM;0% busy at 10 AM;0% busy at 11 AM;0% busy at 12 PM;0% busy at 1 PM;0% busy at 2 PM;0% busy at 3 PM;0% busy at 4 PM;28% busy at 5 PM;41% busy at 6 PM;41% busy at 7 PM;51% busy at 8 PM;46% busy at 9 PM;35% busy at 10 PM;28% busy at 11 PM;20% busy at 12 AM;20% busy at 1 AM;
Coffee shop,la melograno lounge,258,4.3,"6774 المنار، 2684, Al Khobar 34627, Saudi Arabia",SA,Al Khobar,None,https://lamelagrana-sa.com/#share-site,+966 59 356 0262,"Monday Open 24 hours  2025-03-31
Tuesday Open 24 hours  2025-04-01
Wednesday Open 24 hours  2025-04-02
Thursday Open 24 hours  2025-04-03
Friday Open 24 hours  2025-04-04
Saturday Open 24 hours  2025-04-05
Sunday Open 24 hours  2025-04-06
 ",https://www.google.com/maps/place/la+melograno+lounge/data=!4m5!3m4!1s0x3e49c3d14aa0b595:0x313e5b3b44c2a248!8m2!3d26.2421635!4d50.1982876?authuser=0&hl=en&rclk=1,0x3e49c3d14aa0b595:0x313e5b3b44c2a248,ChIJlbWgStHDST4RSKLCRDtbPjE,,26.2421635,50.1982876,coffee shops,https://lh3.googleusercontent.com/gps-cs-s/AB5caB__LJt3rgky0MFWBuMQ0DgaIvNY8dOWyWoftNC1_oWrUVrmfvukWJVqJsoRYP0Z9O_Hxcc_GRu4LG13gfrJTWwyixw5Vw9JeQUPWFivODN_9Arc4yNoaW29aCEfP8LSSbsnkXJCsA=w408-h306-k-no,https://lh5.googleusercontent.com/p/AF1QipOpAyklrgLn3lNHBgflQkZX2vdeo7Gd4y4bk6AP=w1024-h960-p-k-no,https://lh5.googleusercontent.com/p/AF1QipMrsR-4wD8rfcoZhdXTGeBm7LmEv_6gWqxFWxlO=w1024-h960-p-k-no,https://lh5.googleusercontent.com/p/AF1QipMHO5SPywaoL0FWbSwK2bWl5miRbn0cbRrpPYY=w1024-h960-p-k-no,null,SAR 40–60,,https://plus.codes/65RX+V8 Al Khobar Saudi Arabia,65RX+V8 Al Khobar Saudi Arabia,No-contact delivery,Monday Open 24 hours  2025-03-31,Tuesday Open 24 hours  2025-04-01,Wednesday Open 24 hours  2025-04-02,Thursday Open 24 hours  2025-04-03,Friday Open 24 hours  2025-04-04,Saturday Open 24 hours  2025-04-05,Sunday Open 24 hours  2025-04-06,50% busy at 4 AM;45% busy at 5 AM;38% busy at 6 AM;27% busy at 7 AM;17% busy at 8 AM;20% busy at 9 AM;20% busy at 10 AM;29% busy at 11 AM;32% busy at 12 PM;27% busy at 1 PM;22% busy at 2 PM;16% busy at 3 PM;25% busy at 4 PM;26% busy at 5 PM;19% busy at 6 PM;20% busy at 7 PM;27% busy at 8 PM;39% busy at 9 PM;55% busy at 10 PM;51% busy at 11 PM;42% busy at 12 AM;44% busy at 1 AM;48% busy at 2 AM;50% busy at 3 AM;,45% busy at 4 AM;50% busy at 5 AM;57% busy at 6 AM;51% busy at 7 AM;41% busy at 8 AM;32% busy at 9 AM;23% busy at 10 AM;29% busy at 11 AM;35% busy at 12 PM;36% busy at 1 PM;33% busy at 2 PM;38% busy at 3 PM;41% busy at 4 PM;44% busy at 5 PM;41% busy at 6 PM;44% busy at 7 PM;51% busy at 8 PM;57% busy at 9 PM;73% busy at 10 PM;70% busy at 11 PM;64% busy at 12 AM;52% busy at 1 AM;45% busy at 2 AM;42% busy at 3 AM;,41% busy at 4 AM;48% busy at 5 AM;52% busy at 6 AM;51% busy at 7 AM;42% busy at 8 AM;35% busy at 9 AM;30% busy at 10 AM;33% busy at 11 AM;45% busy at 12 PM;42% busy at 1 PM;36% busy at 2 PM;33% busy at 3 PM;38% busy at 4 PM;44% busy at 5 PM;35% busy at 6 PM;41% busy at 7 PM;42% busy at 8 PM;61% busy at 9 PM;63% busy at 10 PM;60% busy at 11 PM;36% busy at 12 AM;27% busy at 1 AM;25% busy at 2 AM;32% busy at 3 AM;,42% busy at 4 AM;39% busy at 5 AM;41% busy at 6 AM;35% busy at 7 AM;29% busy at 8 AM;22% busy at 9 AM;26% busy at 10 AM;36% busy at 11 AM;47% busy at 12 PM;39% busy at 1 PM;39% busy at 2 PM;33% busy at 3 PM;41% busy at 4 PM;47% busy at 5 PM;57% busy at 6 PM;64% busy at 7 PM;75% busy at 8 PM;97% busy at 9 PM;95% busy at 10 PM;100% busy at 11 PM;63% busy at 12 AM;44% busy at 1 AM;41% busy at 2 AM;44% busy at 3 AM;,25% busy at 4 AM;26% busy at 5 AM;33% busy at 6 AM;47% busy at 7 AM;61% busy at 8 AM;60% busy at 9 AM;52% busy at 10 AM;42% busy at 11 AM;39% busy at 12 PM;38% busy at 1 PM;44% busy at 2 PM;48% busy at 3 PM;60% busy at 4 PM;64% busy at 5 PM;61% busy at 6 PM;57% busy at 7 PM;52% busy at 8 PM;67% busy at 9 PM;75% busy at 10 PM;67% busy at 11 PM;54% busy at 12 AM;50% busy at 1 AM;33% busy at 2 AM;32% busy at 3 AM;,60% busy at 4 AM;51% busy at 5 AM;50% busy at 6 AM;41% busy at 7 AM;36% busy at 8 AM;39% busy at 9 AM;25% busy at 10 AM;27% busy at 11 AM;25% busy at 12 PM;32% busy at 1 PM;35% busy at 2 PM;36% busy at 3 PM;44% busy at 4 PM;48% busy at 5 PM;54% busy at 6 PM;60% busy at 7 PM;67% busy at 8 PM;64% busy at 9 PM;75% busy at 10 PM;77% busy at 11 PM;77% busy at 12 AM;73% busy at 1 AM;73% busy at 2 AM;61% busy at 3 AM;,48% busy at 4 AM;48% busy at 5 AM;54% busy at 6 AM;44% busy at 7 AM;35% busy at 8 AM;30% busy at 9 AM;32% busy at 10 AM;33% busy at 11 AM;41% busy at 12 PM;42% busy at 1 PM;39% busy at 2 PM;29% busy at 3 PM;27% busy at 4 PM;27% busy at 5 PM;39% busy at 6 PM;48% busy at 7 PM;57% busy at 8 PM;70% busy at 9 PM;79% busy at 10 PM;82% busy at 11 PM;67% busy at 12 AM;54% busy at 1 AM;41% busy at 2 AM;33% busy at 3 AM;
Coffee shop,شاي عنق,39,4.4,"8919 الحسين الواسطي, Al Sheraa، ECJA3957، 3957, Al Khobar 34741, Saudi Arabia",SA,Al Khobar,None,null,+966 54 460 7262,"Monday 12:30 PM–3 AM  2025-03-31
Tuesday 12:30 PM–3 AM  2025-04-01
Wednesday 12:30 PM–3 AM  2025-04-02
Thursday 12:30 PM–3 AM  2025-04-03
Friday 12:30 PM–3 AM  2025-04-04
Saturday 12:30 PM–12 AM  2025-04-05
Sunday Open 24 hours  2025-04-06
 ",https://www.google.com/maps/place/شاي+عنق/data=!4m5!3m4!1s0x3e49db007a03fc4b:0x29e0fc351b0b1b!8m2!3d26.1726405!4d50.1618938?authuser=0&hl=en&rclk=1,0x3e49db007a03fc4b:0x29e0fc351b0b1b,ChIJS_wDegDbST4RGwsbNfzgKQA,,26.1726405,50.1618938,coffee shops,https://lh3.googleusercontent.com/gps-cs-s/AB5caB-Ve5eTvDpVFx3jp1iOPmqvwkGcaQ-kEdEKrDsTlM7nS09wA1pwOOm9Cdi7_6e1Jk9qfwDgyOaZ2vjZehRad933UiZxooX9STbnHV4kIpNbZuAtFBcW5ju5T2cxMNm0H78bfa2DnQ=w408-h544-k-no,https://lh5.googleusercontent.com/p/AF1QipMZ8vAxQSPLBzvf-mZBbtBHdu7uaS5mCiKdp2Gm=w1024-h960-p-k-no,https://lh5.googleusercontent.com/p/AF1QipOdnnJHy5fvjiSWThOMiTsyUEMOgwxAFz3jXedv=w1024-h960-p-k-no,https://lh5.googleusercontent.com/p/AF1QipM63G-vhDpmE05c1ZCDiUSziXsqP-MbaHuG0kIl=w1024-h960-p-k-no,null,SAR 1–20,,https://plus.codes/55F6+3Q Al Khobar Saudi Arabia,55F6+3Q Al Khobar Saudi Arabia,Delivery,Monday 12:30 PM–3 AM  2025-03-31,Tuesday 12:30 PM–3 AM  2025-04-01,Wednesday 12:30 PM–3 AM  2025-04-02,Thursday 12:30 PM–3 AM  2025-04-03,Friday 12:30 PM–3 AM  2025-04-04,Saturday 12:30 PM–12 AM  2025-04-05,Sunday Open 24 hours  2025-04-06,0% busy at 6 AM;0% busy at 7 AM;0% busy at 8 AM;0% busy at 9 AM;0% busy at 10 AM;0% busy at 11 AM;35% busy at 12 PM;64% busy at 1 PM;64% busy at 2 PM;57% busy at 3 PM;50% busy at 4 PM;35% busy at 5 PM;21% busy at 6 PM;14% busy at 7 PM;7% busy at 8 PM;7% busy at 9 PM;35% busy at 10 PM;57% busy at 11 PM;78% busy at 12 AM;64% busy at 1 AM;57% busy at 2 AM;,0% busy at 6 AM;0% busy at 7 AM;0% busy at 8 AM;0% busy at 9 AM;0% busy at 10 AM;0% busy at 11 AM;35% busy at 12 PM;35% busy at 1 PM;35% busy at 2 PM;28% busy at 3 PM;21% busy at 4 PM;14% busy at 5 PM;7% busy at 6 PM;7% busy at 7 PM;21% busy at 8 PM;21% busy at 9 PM;21% busy at 10 PM;28% busy at 11 PM;42% busy at 12 AM;42% busy at 1 AM;42% busy at 2 AM;,0% busy at 6 AM;0% busy at 7 AM;0% busy at 8 AM;0% busy at 9 AM;0% busy at 10 AM;0% busy at 11 AM;85% busy at 12 PM;100% busy at 1 PM;85% busy at 2 PM;35% busy at 3 PM;28% busy at 4 PM;35% busy at 5 PM;42% busy at 6 PM;28% busy at 7 PM;57% busy at 8 PM;64% busy at 9 PM;71% busy at 10 PM;50% busy at 11 PM;50% busy at 12 AM;64% busy at 1 AM;50% busy at 2 AM;,0% busy at 6 AM;0% busy at 7 AM;0% busy at 8 AM;0% busy at 9 AM;0% busy at 10 AM;0% busy at 11 AM;28% busy at 12 PM;14% busy at 1 PM;0% busy at 2 PM;14% busy at 3 PM;21% busy at 4 PM;28% busy at 5 PM;28% busy at 6 PM;35% busy at 7 PM;57% busy at 8 PM;71% busy at 9 PM;57% busy at 10 PM;64% busy at 11 PM;57% busy at 12 AM;50% busy at 1 AM;28% busy at 2 AM;,0% busy at 6 AM;0% busy at 7 AM;0% busy at 8 AM;0% busy at 9 AM;0% busy at 10 AM;0% busy at 11 AM;35% busy at 12 PM;21% busy at 1 PM;21% busy at 2 PM;21% busy at 3 PM;35% busy at 4 PM;50% busy at 5 PM;35% busy at 6 PM;28% busy at 7 PM;21% busy at 8 PM;21% busy at 9 PM;42% busy at 10 PM;57% busy at 11 PM;85% busy at 12 AM;64% busy at 1 AM;57% busy at 2 AM;,0% busy at 6 AM;0% busy at 7 AM;0% busy at 8 AM;0% busy at 9 AM;0% busy at 10 AM;0% busy at 11 AM;92% busy at 12 PM;92% busy at 1 PM;71% busy at 2 PM;50% busy at 3 PM;50% busy at 4 PM;50% busy at 5 PM;78% busy at 6 PM;92% busy at 7 PM;85% busy at 8 PM;64% busy at 9 PM;35% busy at 10 PM;35% busy at 11 PM;,35% busy at 12 AM;35% busy at 1 AM;28% busy at 2 AM;35% busy at 3 AM;42% busy at 4 AM;50% busy at 5 AM;57% busy at 6 AM;64% busy at 7 AM;35% busy at 8 AM;28% busy at 9 AM;28% busy at 10 AM;35% busy at 11 AM;28% busy at 12 PM;57% busy at 1 PM;57% busy at 2 PM;57% busy at 3 PM;92% busy at 4 PM;92% busy at 5 PM;92% busy at 6 PM;64% busy at 7 PM;35% busy at 8 PM;42% busy at 9 PM;28% busy at 10 PM;21% busy at 11 PM;
Coffee shop,Tim Hortiua,4,2,"البحيرة،، حي, 7512, 3676 طريق الملك خالد،, Al Khobar 34722،, Saudi Arabia",SA,Al Khobar,None,null,null, ,https://www.google.com/maps/place/Tim+Hortiua/data=!4m5!3m4!1s0x3e49c365aacdca4d:0x8af86836b92fffae!8m2!3d26.1868626!4d50.1869795?authuser=0&hl=en&rclk=1,0x3e49c365aacdca4d:0x8af86836b92fffae,ChIJTcrNqmXDST4Rrv8vuTZo-Io,,26.1868626,50.1869795,coffee shops,null,null,null,null,null,None,,https://plus.codes/55PP+PQ Al Khobar Saudi Arabia,55PP+PQ Al Khobar Saudi Arabia,Delivery,,,,,,,,,,,,,,
Coffee shop,هذب للقهوة المختصة,189,4.8,"King Fahd Road, Al Jisr, Al Khobar 34714, Saudi Arabia",SA,Al Khobar,None,null,+966 58 386 6719,"Monday 2–11 PM  2025-03-31
Tuesday 2–11 PM  2025-04-01
Wednesday 2–11 PM  2025-04-02
Thursday 4 PM–1:30 AM  2025-04-03
Friday 4 PM–2 AM  2025-04-04
Saturday 5 PM–1:30 AM  2025-04-05
Sunday 5 PM–1:30 AM  2025-04-06
 ",https://www.google.com/maps/place/هذب+للقهوة+المختصة/data=!4m5!3m4!1s0x3e49c35f1f042c45:0xa78353be56ded99e!8m2!3d26.2145353!4d50.2129087?authuser=0&hl=en&rclk=1,0x3e49c35f1f042c45:0xa78353be56ded99e,ChIJRSwEH1_DST4RntneVr5Tg6c,,26.2145353,50.2129087,coffee shops,https://lh3.googleusercontent.com/gps-cs-s/AB5caB_3z_xPUqn-CBPMUzPXgMGIJdcgrDClDhL-vb7rLkkPKrWY-8OyrbYvQ3kqNJ5T_t49-_xp4PkLtLNo6I1utTy7cJHpboD96jNqvcT4m6Bxpcziit4rbUFNCzGW3UUFwH3aKJSF=w408-h725-k-no,https://lh5.googleusercontent.com/p/AF1QipPGxHPdhN2fQO6ztyoWqessdEexqfTudONlTJOB=w1024-h960-p-k-no,https://lh5.googleusercontent.com/p/AF1QipNVcl2a4NfAk1rugOQfstvcuNdrruNcU_JpXxCh=w1024-h960-p-k-no,https://lh5.googleusercontent.com/p/AF1QipNdJzU3RwCbhh0lkI3CGCqL18LmaidwiFNW7rQ9=w1024-h960-p-k-no,null,SAR 1–20,,https://plus.codes/6677+R5 Al Khobar Saudi Arabia,6677+R5 Al Khobar Saudi Arabia,No-contact delivery,Monday 2–11 PM  2025-03-31,Tuesday 2–11 PM  2025-04-01,Wednesday 2–11 PM  2025-04-02,Thursday 4 PM–1:30 AM  2025-04-03,Friday 4 PM–2 AM  2025-04-04,Saturday 5 PM–1:30 AM  2025-04-05,Sunday 5 PM–1:30 AM  2025-04-06,,,,,,,
Coffee shop,Dhay Suhail Coffee Shop,424,4,"7271 طريق الملك خالد، حي، 2421, Al Tahliyah, Al Khobar 34716, Saudi Arabia",SA,Al Khobar,None,null,+966 13 890 3887,"Monday 3 PM–2:30 AM  2025-03-31
Tuesday 3 PM–2:30 AM  2025-04-01
Wednesday 3 PM–2:30 AM  2025-04-02
Thursday 3 PM–2:30 AM  2025-04-03
Friday 3 PM–2:30 AM  2025-04-04
Saturday 3 PM–2:30 AM  2025-04-05
Sunday 3 PM–2:30 AM  2025-04-06
 ",https://www.google.com/maps/place/Dhay+Suhail+Coffee+Shop/data=!4m5!3m4!1s0x3e49c4aae1e1759b:0x142e8e4f762d3793!8m2!3d26.1833483!4d50.1846964?authuser=0&hl=en&rclk=1,0x3e49c4aae1e1759b:0x142e8e4f762d3793,ChIJm3Xh4arEST4Rkzctdk-OLhQ,,26.1833483,50.1846964,cafes,https://lh3.googleusercontent.com/gps-cs-s/AB5caB-OrkboChrX-RInSpfl6aOOqBzbgDANXmuKyMxJbuN9nhxTFl1-8QiP8i6DS4uwWWJiQZRYGKsyU_4aesTIuuh4_L3Kk6HJhAyKWxZWJLb5rjoLbksbDTgQDjqF-7cP8RGiR-HI=w408-h306-k-no,https://lh5.googleusercontent.com/p/AF1QipPMCtEpMTQuIh-wJunTYD5o_NIOCnDhHcC4THQ9=w1024-h960-p-k-no,https://lh5.googleusercontent.com/p/AF1QipPwKfiB2XAQZlMFkrrcnbdYAVOrsrxdSxsxaJl_=w1024-h960-p-k-no,https://lh5.googleusercontent.com/p/AF1QipNjFqAF77J9Udsxjrqks-KlC1eiqZClYd5lHvqI=w1024-h960-p-k-no,null,$$,,https://plus.codes/55MM+8V Al Khobar Saudi Arabia,55MM+8V Al Khobar Saudi Arabia,Delivery,Monday 3 PM–2:30 AM  2025-03-31,Tuesday 3 PM–2:30 AM  2025-04-01,Wednesday 3 PM–2:30 AM  2025-04-02,Thursday 3 PM–2:30 AM  2025-04-03,Friday 3 PM–2:30 AM  2025-04-04,Saturday 3 PM–2:30 AM  2025-04-05,Sunday 3 PM–2:30 AM  2025-04-06,0% busy at 6 AM;0% busy at 7 AM;0% busy at 8 AM;0% busy at 9 AM;0% busy at 10 AM;0% busy at 11 AM;0% busy at 12 PM;0% busy at 1 PM;0% busy at 2 PM;61% busy at 3 PM;71% busy at 4 PM;72% busy at 5 PM;78% busy at 6 PM;80% busy at 7 PM;79% busy at 8 PM;67% busy at 9 PM;57% busy at 10 PM;49% busy at 11 PM;32% busy at 12 AM;23% busy at 1 AM;18% busy at 2 AM;,0% busy at 6 AM;0% busy at 7 AM;0% busy at 8 AM;0% busy at 9 AM;0% busy at 10 AM;0% busy at 11 AM;0% busy at 12 PM;0% busy at 1 PM;0% busy at 2 PM;58% busy at 3 PM;55% busy at 4 PM;60% busy at 5 PM;60% busy at 6 PM;65% busy at 7 PM;65% busy at 8 PM;65% busy at 9 PM;62% busy at 10 PM;57% busy at 11 PM;38% busy at 12 AM;22% busy at 1 AM;11% busy at 2 AM;,0% busy at 6 AM;0% busy at 7 AM;0% busy at 8 AM;0% busy at 9 AM;0% busy at 10 AM;0% busy at 11 AM;0% busy at 12 PM;0% busy at 1 PM;0% busy at 2 PM;62% busy at 3 PM;66% busy at 4 PM;68% busy at 5 PM;67% busy at 6 PM;66% busy at 7 PM;69% busy at 8 PM;69% busy at 9 PM;62% busy at 10 PM;53% busy at 11 PM;34% busy at 12 AM;19% busy at 1 AM;12% busy at 2 AM;,0% busy at 6 AM;0% busy at 7 AM;0% busy at 8 AM;0% busy at 9 AM;0% busy at 10 AM;0% busy at 11 AM;0% busy at 12 PM;0% busy at 1 PM;0% busy at 2 PM;58% busy at 3 PM;62% busy at 4 PM;58% busy at 5 PM;62% busy at 6 PM;68% busy at 7 PM;76% busy at 8 PM;78% busy at 9 PM;70% busy at 10 PM;57% busy at 11 PM;35% busy at 12 AM;20% busy at 1 AM;13% busy at 2 AM;,0% busy at 6 AM;0% busy at 7 AM;0% busy at 8 AM;0% busy at 9 AM;0% busy at 10 AM;0% busy at 11 AM;0% busy at 12 PM;0% busy at 1 PM;0% busy at 2 PM;100% busy at 3 PM;95% busy at 4 PM;91% busy at 5 PM;88% busy at 6 PM;89% busy at 7 PM;88% busy at 8 PM;88% busy at 9 PM;77% busy at 10 PM;66% busy at 11 PM;47% busy at 12 AM;29% busy at 1 AM;20% busy at 2 AM;,0% busy at 6 AM;0% busy at 7 AM;0% busy at 8 AM;0% busy at 9 AM;0% busy at 10 AM;0% busy at 11 AM;0% busy at 12 PM;0% busy at 1 PM;0% busy at 2 PM;73% busy at 3 PM;72% busy at 4 PM;71% busy at 5 PM;73% busy at 6 PM;78% busy at 7 PM;79% busy at 8 PM;75% busy at 9 PM;62% busy at 10 PM;50% busy at 11 PM;29% busy at 12 AM;19% busy at 1 AM;13% busy at 2 AM;,0% busy at 6 AM;0% busy at 7 AM;0% busy at 8 AM;0% busy at 9 AM;0% busy at 10 AM;0% busy at 11 AM;0% busy at 12 PM;0% busy at 1 PM;0% busy at 2 PM;56% busy at 3 PM;61% busy at 4 PM;69% busy at 5 PM;74% busy at 6 PM;73% busy at 7 PM;71% busy at 8 PM;64% busy at 9 PM;57% busy at 10 PM;47% busy at 11 PM;37% busy at 12 AM;26% busy at 1 AM;16% busy at 2 AM;
Coffee shop,بولد كوفي,null,null,"658W+VVC, Al Jisr, Al Khobar 34714, Saudi Arabia",SA,Al Khobar,None,null,null, ,https://www.google.com/maps/place/بولد+كوفي/data=!4m5!3m4!1s0x3e49c3007b4594f1:0x4bff0fe1617fed9b!8m2!3d26.2171906!4d50.1971381?authuser=0&hl=en&rclk=1,0x3e49c3007b4594f1:0x4bff0fe1617fed9b,ChIJ8ZRFewDDST4Rm-1_YeEP_0s,,26.2171906,50.1971381,coffee shops,null,null,null,null,null,null,,null,null,null,,,,,,,,,,,,,,
Coffee shop,المذاق السعودي للشاي والقهوة,9,4.6,"53R5+759, Dhahran 34737, Saudi Arabia",SA,Dhahran,None,null,null,"Monday 2 PM–12 AM  2025-03-31
Tuesday 2 PM–12 AM  2025-04-01
Wednesday 2 PM–12 AM  2025-04-02
Thursday 2 PM–12 AM  2025-04-03
Friday 12 AM–12:30 PM 4–10:30 PM 2025-04-04
Saturday 4–10:30 PM  2025-04-05
Sunday 2 PM–12 AM  2025-04-06
 ",https://www.google.com/maps/place/المذاق+السعودي+للشاي+والقهوة/data=!4m5!3m4!1s0x3e49df0001d7be4b:0x7140b06eeae82711!8m2!3d26.1906694!4d50.057983?authuser=0&hl=en&rclk=1,0x3e49df0001d7be4b:0x7140b06eeae82711,ChIJS77XAQDfST4RESfo6m6wQHE,,26.1906694,50.057983,coffee shops,https://lh3.googleusercontent.com/gps-cs-s/AB5caB9ZCXPjU_gRz4QPh3bXsQqoM0VksHC60gepFy2X60XsVMqAXkumpW88cU3QZcUogSQflp6c9RQ7aeDvEcmX5qY3ncdkjifOpAsvQeWlaGeBHUE6ZOj_qyJEEvBJoSFMzqS12_8VWA=w408-h544-k-no,https://lh5.googleusercontent.com/p/AF1QipOvkzVxpHkWX9tdTCMaj5g-lp6tS-0gAmh8oQWC=w1024-h960-p-k-no,https://lh5.googleusercontent.com/p/AF1QipNnOft61QOYdIM-HN98dqFmkCEoAmv2mO2F2aDG=w1024-h960-p-k-no,https://lh5.googleusercontent.com/p/AF1QipMJZy9VU0gVhz-8_Bl1WOkpy1dthlzXoBKsuadU=w1024-h960-p-k-no,null,SAR 1–20,,null,null,Delivery,Monday 2 PM–12 AM  2025-03-31,Tuesday 2 PM–12 AM  2025-04-01,Wednesday 2 PM–12 AM  2025-04-02,Thursday 2 PM–12 AM  2025-04-03,Friday 12 AM–12:30 PM 4–10:30 PM 2025-04-04,Saturday 4–10:30 PM  2025-04-05,Sunday 2 PM–12 AM  2025-04-06,,,,,,,
Coffee shop,SADF TRADING AND DEVELOPMENTS ZOOBA,null,null,"3974 الملك فهد ابن عبدالعزيز, Al Sheraa, ECJA8772، 8772, Al Khobar 34741, Saudi Arabia",SA,Al Khobar,None,null,null, ,https://www.google.com/maps/place/SADF+TRADING+AND+DEVELOPMENTS+ZOOBA/data=!4m5!3m4!1s0x3e49db00422cc5a5:0x840547cb483634d6!8m2!3d26.1711!4d50.1621?authuser=0&hl=en&rclk=1,0x3e49db00422cc5a5:0x840547cb483634d6,ChIJpcUsQgDbST4R1jQ2SMtHBYQ,,26.1711,50.1621,coffee shops,null,null,null,null,null,null,,https://plus.codes/55C6+CR Al Khobar Saudi Arabia,55C6+CR Al Khobar Saudi Arabia,Delivery,,,,,,,,,,,,,,
Coffee shop,المشروب السحري,10,4.4,"55RG+MRV, Al Buhairah, Al Khobar 34722, Saudi Arabia",SA,Al Khobar,None,null,+966 50 628 2826,"Monday 10:54 AM–10:54 PM  2025-03-31
Tuesday 10:55 AM–12 AM  2025-04-01
Wednesday 10:56 AM–11:56 PM  2025-04-02
Thursday 12 AM–11:55 PM  2025-04-03
Friday 10:55 AM–12 AM  2025-04-04
Saturday 10:55 AM–12 AM  2025-04-05
Sunday 10:56 AM–10:56 PM  2025-04-06
 ",https://www.google.com/maps/place/المشروب+السحري/data=!4m5!3m4!1s0x3e49dd99d4d228d9:0xcdf6a90d0f4cbaf9!8m2!3d26.1917424!4d50.1770457?authuser=0&hl=en&rclk=1,0x3e49dd99d4d228d9:0xcdf6a90d0f4cbaf9,ChIJ2SjS1JndST4R-bpMDw2p9s0,,26.1917424,50.1770457,coffee shops,https://lh3.googleusercontent.com/gps-cs-s/AB5caB9MZap_VBTcX5XFHElmGKsjIcTFZ5822qjgmCWAh9PXgVdpl2niW6nSOkvWUYW_lZxEY6TprGeU1AXGhuLw_HI6ImOBxG9Xzz3dgzE50i_BYkA8Qx32rAkJ61sQ7R2toDJb5HU=w408-h306-k-no,https://lh5.googleusercontent.com/p/CIHM0ogKEICAgICuhbKlGw=w1024-h960-p-k-no,https://lh5.googleusercontent.com/p/CIHM0ogKEICAgICuhfKUeA=w1024-h960-p-k-no,null,null,None,,null,null,Delivery,Monday 10:54 AM–10:54 PM  2025-03-31,Tuesday 10:55 AM–12 AM  2025-04-01,Wednesday 10:56 AM–11:56 PM  2025-04-02,Thursday 12 AM–11:55 PM  2025-04-03,Friday 10:55 AM–12 AM  2025-04-04,Saturday 10:55 AM–12 AM  2025-04-05,Sunday 10:56 AM–10:56 PM  2025-04-06,0% busy at 6 AM;0% busy at 7 AM;0% busy at 8 AM;0% busy at 9 AM;35% busy at 10 AM;23% busy at 11 AM;17% busy at 12 PM;17% busy at 1 PM;23% busy at 2 PM;29% busy at 3 PM;17% busy at 4 PM;11% busy at 5 PM;17% busy at 6 PM;29% busy at 7 PM;17% busy at 8 PM;17% busy at 9 PM;35% busy at 10 PM;0% busy at 11 PM;,0% busy at 6 AM;0% busy at 7 AM;0% busy at 8 AM;0% busy at 9 AM;29% busy at 10 AM;35% busy at 11 AM;29% busy at 12 PM;41% busy at 1 PM;23% busy at 2 PM;17% busy at 3 PM;23% busy at 4 PM;29% busy at 5 PM;41% busy at 6 PM;41% busy at 7 PM;41% busy at 8 PM;35% busy at 9 PM;23% busy at 10 PM;35% busy at 11 PM;,0% busy at 6 AM;0% busy at 7 AM;0% busy at 8 AM;0% busy at 9 AM;35% busy at 10 AM;23% busy at 11 AM;5% busy at 12 PM;5% busy at 1 PM;23% busy at 2 PM;52% busy at 3 PM;58% busy at 4 PM;41% busy at 5 PM;47% busy at 6 PM;58% busy at 7 PM;47% busy at 8 PM;23% busy at 9 PM;17% busy at 10 PM;35% busy at 11 PM;,52% busy at 12 AM;35% busy at 1 AM;47% busy at 2 AM;41% busy at 3 AM;23% busy at 4 AM;29% busy at 5 AM;35% busy at 6 AM;52% busy at 7 AM;47% busy at 8 AM;52% busy at 9 AM;35% busy at 10 AM;35% busy at 11 AM;52% busy at 12 PM;76% busy at 1 PM;100% busy at 2 PM;70% busy at 3 PM;58% busy at 4 PM;41% busy at 5 PM;47% busy at 6 PM;41% busy at 7 PM;41% busy at 8 PM;29% busy at 9 PM;11% busy at 10 PM;5% busy at 11 PM;,0% busy at 6 AM;0% busy at 7 AM;0% busy at 8 AM;0% busy at 9 AM;41% busy at 10 AM;35% busy at 11 AM;23% busy at 12 PM;29% busy at 1 PM;29% busy at 2 PM;17% busy at 3 PM;5% busy at 4 PM;11% busy at 5 PM;23% busy at 6 PM;35% busy at 7 PM;29% busy at 8 PM;29% busy at 9 PM;17% busy at 10 PM;11% busy at 11 PM;,0% busy at 6 AM;0% busy at 7 AM;0% busy at 8 AM;0% busy at 9 AM;11% busy at 10 AM;5% busy at 11 AM;23% busy at 12 PM;41% busy at 1 PM;64% busy at 2 PM;58% busy at 3 PM;58% busy at 4 PM;41% busy at 5 PM;35% busy at 6 PM;29% busy at 7 PM;41% busy at 8 PM;29% busy at 9 PM;41% busy at 10 PM;47% busy at 11 PM;,0% busy at 6 AM;0% busy at 7 AM;0% busy at 8 AM;0% busy at 9 AM;5% busy at 10 AM;11% busy at 11 AM;29% busy at 12 PM;29% busy at 1 PM;11% busy at 2 PM;23% busy at 3 PM;23% busy at 4 PM;35% busy at 5 PM;23% busy at 6 PM;23% busy at 7 PM;29% busy at 8 PM;41% busy at 9 PM;35% busy at 10 PM;0% busy at 11 PM;
Coffee shop,اوشا | OSHA,221,4.7,"King Fahd Road, Al Jisr, Al Khobar 34714, Saudi Arabia",SA,Al Khobar,None,https://instagram.com/oshacafe.sa?r=nametag,null,"Monday 6 AM–11:30 PM  2025-03-31
Tuesday 6 AM–11:30 PM  2025-04-01
Wednesday 6 AM–11:30 PM  2025-04-02
Thursday 6 AM–11:30 PM  2025-04-03
Friday 12:30–11:30 PM  2025-04-04
Saturday 6 AM–11:30 PM  2025-04-05
Sunday 6 AM–11:30 PM  2025-04-06
 ",https://www.google.com/maps/place/اوشا+|+OSHA/data=!4m5!3m4!1s0x3e49c389a39acff3:0xa7ab15f1e18dfe21!8m2!3d26.2022146!4d50.2124716?authuser=0&hl=en&rclk=1,0x3e49c389a39acff3:0xa7ab15f1e18dfe21,ChIJ88-ao4nDST4RIf6N4fEVq6c,,26.2022146,50.2124716,cafes,https://lh3.googleusercontent.com/gps-cs-s/AB5caB_5x6c0ZyZyYZtdOGTrEAbcONxrnSGuCMWs5aw_jAAQJakcallNRypMhVXoqfqixBhI__EBSsuQu0X0Mf7pzkddcTwb50QTCYae7IYi6e_kI2qcJESlYxCzxrbPrJxdjSeWzz0=w408-h544-k-no,https://lh5.googleusercontent.com/p/AF1QipN14qwlhaYmhz3lJdINPmAh9m6OzoittNTAHUqN=w1024-h960-p-k-no,https://lh5.googleusercontent.com/p/AF1QipN_iwtBlvmQsM2OrHi_ZF4FPbsm-aHso_CaJhwj=w1024-h960-p-k-no,https://lh5.googleusercontent.com/p/AF1QipO2nvmMzM3cuMeOZXbWBX8wFs0Cx8oBOZt64mKH=w1024-h960-p-k-no,null,SAR 20–40,,https://plus.codes/6626+VX Al Khobar Saudi Arabia,6626+VX Al Khobar Saudi Arabia,Curbside pickup,Monday 6 AM–11:30 PM  2025-03-31,Tuesday 6 AM–11:30 PM  2025-04-01,Wednesday 6 AM–11:30 PM  2025-04-02,Thursday 6 AM–11:30 PM  2025-04-03,Friday 12:30–11:30 PM  2025-04-04,Saturday 6 AM–11:30 PM  2025-04-05,Sunday 6 AM–11:30 PM  2025-04-06,,,,,,,
Coffee shop,Al Seef Cafe,1258,4.2,"2589, 6745, Al Khobar 34614, Saudi Arabia",SA,Al Khobar,None,null,null,"Monday 9 AM–3 AM  2025-03-31
Tuesday 9 AM–3 AM  2025-04-01
Wednesday 9 AM–3 AM  2025-04-02
Thursday 9 AM–3 AM  2025-04-03
Friday 9 AM–3 AM  2025-04-04
Saturday 9 AM–3 AM  2025-04-05
Sunday 9 AM–3 AM  2025-04-06
 ",https://www.google.com/maps/place/Al+Seef+Cafe/data=!4m5!3m4!1s0x3e49c336f2abb1b3:0x1d1326c01a412410!8m2!3d26.222484!4d50.2192065?authuser=0&hl=en&rclk=1,0x3e49c336f2abb1b3:0x1d1326c01a412410,ChIJs7Gr8jbDST4RECRBGsAmEx0,,26.222484,50.2192065,coffee shops,https://lh3.googleusercontent.com/gps-cs-s/AB5caB_7pdmPte9iHjsKi_Jpw3hXWIHALPWkOnt69UYisY_aru72HMrRDzJUjXwopAxyx1dCAytL5-hHN31uKaoLYPXHi-mTn955wLydWV368d1goRkD980Yak6m69iIOeb28zaT-di0=w408-h306-k-no,https://lh5.googleusercontent.com/p/CIHM0ogKEICAgIC-k8PGYA=w1024-h960-p-k-no,https://lh5.googleusercontent.com/p/CIHM0ogKEICAgMDw7duuXg=w1024-h960-p-k-no,https://lh5.googleusercontent.com/p/CIHM0ogKEICAgID-tszKkQE=w1024-h960-p-k-no,null,None,,https://plus.codes/66C9+XM Al Khobar Saudi Arabia,66C9+XM Al Khobar Saudi Arabia,No-contact delivery,Monday 9 AM–3 AM  2025-03-31,Tuesday 9 AM–3 AM  2025-04-01,Wednesday 9 AM–3 AM  2025-04-02,Thursday 9 AM–3 AM  2025-04-03,Friday 9 AM–3 AM  2025-04-04,Saturday 9 AM–3 AM  2025-04-05,Sunday 9 AM–3 AM  2025-04-06,0% busy at 6 AM;0% busy at 7 AM;0% busy at 8 AM;5% busy at 9 AM;6% busy at 10 AM;7% busy at 11 AM;8% busy at 12 PM;10% busy at 1 PM;11% busy at 2 PM;12% busy at 3 PM;11% busy at 4 PM;11% busy at 5 PM;13% busy at 6 PM;16% busy at 7 PM;19% busy at 8 PM;23% busy at 9 PM;23% busy at 10 PM;21% busy at 11 PM;15% busy at 12 AM;9% busy at 1 AM;5% busy at 2 AM;,0% busy at 6 AM;0% busy at 7 AM;0% busy at 8 AM;7% busy at 9 AM;9% busy at 10 AM;9% busy at 11 AM;10% busy at 12 PM;11% busy at 1 PM;10% busy at 2 PM;10% busy at 3 PM;10% busy at 4 PM;10% busy at 5 PM;13% busy at 6 PM;17% busy at 7 PM;23% busy at 8 PM;32% busy at 9 PM;37% busy at 10 PM;34% busy at 11 PM;23% busy at 12 AM;13% busy at 1 AM;6% busy at 2 AM;,0% busy at 6 AM;0% busy at 7 AM;0% busy at 8 AM;7% busy at 9 AM;8% busy at 10 AM;9% busy at 11 AM;11% busy at 12 PM;13% busy at 1 PM;15% busy at 2 PM;15% busy at 3 PM;16% busy at 4 PM;16% busy at 5 PM;18% busy at 6 PM;22% busy at 7 PM;27% busy at 8 PM;33% busy at 9 PM;37% busy at 10 PM;35% busy at 11 PM;25% busy at 12 AM;15% busy at 1 AM;8% busy at 2 AM;,0% busy at 6 AM;0% busy at 7 AM;0% busy at 8 AM;6% busy at 9 AM;7% busy at 10 AM;9% busy at 11 AM;10% busy at 12 PM;11% busy at 1 PM;13% busy at 2 PM;15% busy at 3 PM;16% busy at 4 PM;16% busy at 5 PM;18% busy at 6 PM;25% busy at 7 PM;41% busy at 8 PM;64% busy at 9 PM;88% busy at 10 PM;100% busy at 11 PM;81% busy at 12 AM;57% busy at 1 AM;30% busy at 2 AM;,0% busy at 6 AM;0% busy at 7 AM;0% busy at 8 AM;4% busy at 9 AM;5% busy at 10 AM;8% busy at 11 AM;11% busy at 12 PM;14% busy at 1 PM;19% busy at 2 PM;24% busy at 3 PM;28% busy at 4 PM;32% busy at 5 PM;35% busy at 6 PM;41% busy at 7 PM;49% busy at 8 PM;63% busy at 9 PM;70% busy at 10 PM;69% busy at 11 PM;50% busy at 12 AM;32% busy at 1 AM;17% busy at 2 AM;,0% busy at 6 AM;0% busy at 7 AM;0% busy at 8 AM;7% busy at 9 AM;10% busy at 10 AM;13% busy at 11 AM;15% busy at 12 PM;16% busy at 1 PM;19% busy at 2 PM;21% busy at 3 PM;21% busy at 4 PM;21% busy at 5 PM;20% busy at 6 PM;23% busy at 7 PM;26% busy at 8 PM;30% busy at 9 PM;29% busy at 10 PM;28% busy at 11 PM;20% busy at 12 AM;14% busy at 1 AM;7% busy at 2 AM;,0% busy at 6 AM;0% busy at 7 AM;0% busy at 8 AM;7% busy at 9 AM;9% busy at 10 AM;9% busy at 11 AM;10% busy at 12 PM;12% busy at 1 PM;15% busy at 2 PM;15% busy at 3 PM;14% busy at 4 PM;13% busy at 5 PM;13% busy at 6 PM;15% busy at 7 PM;19% busy at 8 PM;22% busy at 9 PM;25% busy at 10 PM;22% busy at 11 PM;16% busy at 12 AM;10% busy at 1 AM;6% busy at 2 AM;
Coffee shop,دو دونات - Do Donuts,13,3.7,"ECJA3232، 3232 39ب، 9010، حي, الشراع, Al Khobar 34741, Saudi Arabia",SA,Al Khobar,None,https://linktr.ee/dodonutsa,+966 59 373 1172,"Monday 12 PM–1 AM  2025-03-31
Tuesday 12 PM–1 AM  2025-04-01
Wednesday 12 PM–1 AM  2025-04-02
Thursday 12 PM–1 AM  2025-04-03
Friday 12 PM–1 AM  2025-04-04
Saturday 12 PM–1 AM  2025-04-05
Sunday 12 PM–1 AM  2025-04-06
 ",https://www.google.com/maps/place/دو+دونات+-+Do+Donuts/data=!4m5!3m4!1s0x3e49dbbbbd4175c1:0x45d08a8ff89c6267!8m2!3d26.1734667!4d50.1545237?authuser=0&hl=en&rclk=1,0x3e49dbbbbd4175c1:0x45d08a8ff89c6267,ChIJwXVBvbvbST4RZ2Kc-I-K0EU,,26.1734667,50.1545237,coffee shops,https://lh5.googleusercontent.com/p/AF1QipOH8Kv9gvmXFpEjdWsEmCCtzg-OAJ4VDjJy9Cg7=w408-h906-k-no,https://lh5.googleusercontent.com/p/AF1QipOH8Kv9gvmXFpEjdWsEmCCtzg-OAJ4VDjJy9Cg7=w1024-h960-p-k-no,https://lh5.googleusercontent.com/p/AF1QipO3qfnnTFzsW6C4JW5JUvk2epPDUrhZoi0yQg6Q=w1024-h960-p-k-no,https://lh5.googleusercontent.com/p/AF1QipOd9rPmoyVnbUB6__T4CBCJ3XO_-qFx-75libIv=w1024-h960-p-k-no,null,SAR 20–40,,https://plus.codes/55F3+9R Al Khobar Saudi Arabia,55F3+9R Al Khobar Saudi Arabia,No-contact delivery,Monday 12 PM–1 AM  2025-03-31,Tuesday 12 PM–1 AM  2025-04-01,Wednesday 12 PM–1 AM  2025-04-02,Thursday 12 PM–1 AM  2025-04-03,Friday 12 PM–1 AM  2025-04-04,Saturday 12 PM–1 AM  2025-04-05,Sunday 12 PM–1 AM  2025-04-06,,,,,,,
Coffee shop,دكان وافل,153,4.2,"Al Jisr، 4160 16 ب، 7624 Al Jisr SA, Al Khobar 34714, Saudi Arabia",SA,Al Khobar,None,https://instagram.com/dukkanwaffle?utm_medium=copy_link,+966 53 272 2369,"Monday 3 PM–12:45 AM  2025-03-31
Tuesday 3 PM–12:45 AM  2025-04-01
Wednesday 3 PM–12:45 AM  2025-04-02
Thursday 3 PM–12:45 AM  2025-04-03
Friday 3 PM–12:45 AM  2025-04-04
Saturday 3 PM–12:45 AM  2025-04-05
Sunday 3 PM–12:45 AM  2025-04-06
 ",https://www.google.com/maps/place/دكان+وافل/data=!4m5!3m4!1s0x3e49c3b595d9065d:0x1cf064ac965150c6!8m2!3d26.2100982!4d50.2036587?authuser=0&hl=en&rclk=1,0x3e49c3b595d9065d:0x1cf064ac965150c6,ChIJXQbZlbXDST4RxlBRlqxk8Bw,,26.2100982,50.2036587,coffee shops,https://lh3.googleusercontent.com/gps-cs-s/AB5caB8sfdqJVY1YaSGnSVK_IPRHUt835lOBW8V4ufYKO7FJS-RIXjUcBKxAfE7jyOEFfDZye53I1WNnbAeOMD0S1WKLqWVUkaCKcwXwnoinoxfFrJ-6JHiwOOeDggOzo4IXdLulxf3Q=w408-h426-k-no,https://lh5.googleusercontent.com/p/AF1QipN1Sh7r6ryidrDEVzDCsV78KAQrjtVkCqwJYbon=w1024-h960-p-k-no,https://lh5.googleusercontent.com/p/AF1QipMls1cLZE4ictDzDgtGi4fMjkIgZ9LQu7iVv0RN=w1024-h960-p-k-no,https://lh5.googleusercontent.com/p/AF1QipMdiZooSgFrVVhsXVg6V-EEryqDFOktQR8f70KJ=w1024-h960-p-k-no,null,SAR 20–40,,https://plus.codes/6663+2F Al Khobar Saudi Arabia,6663+2F Al Khobar Saudi Arabia,Delivery,Monday 3 PM–12:45 AM  2025-03-31,Tuesday 3 PM–12:45 AM  2025-04-01,Wednesday 3 PM–12:45 AM  2025-04-02,Thursday 3 PM–12:45 AM  2025-04-03,Friday 3 PM–12:45 AM  2025-04-04,Saturday 3 PM–12:45 AM  2025-04-05,Sunday 3 PM–12:45 AM  2025-04-06,0% busy at 6 AM;0% busy at 7 AM;0% busy at 8 AM;0% busy at 9 AM;0% busy at 10 AM;0% busy at 11 AM;0% busy at 12 PM;0% busy at 1 PM;0% busy at 2 PM;39% busy at 3 PM;54% busy at 4 PM;66% busy at 5 PM;60% busy at 6 PM;60% busy at 7 PM;54% busy at 8 PM;60% busy at 9 PM;54% busy at 10 PM;45% busy at 11 PM;27% busy at 12 AM;,0% busy at 6 AM;0% busy at 7 AM;0% busy at 8 AM;0% busy at 9 AM;0% busy at 10 AM;0% busy at 11 AM;0% busy at 12 PM;0% busy at 1 PM;0% busy at 2 PM;27% busy at 3 PM;24% busy at 4 PM;30% busy at 5 PM;36% busy at 6 PM;45% busy at 7 PM;45% busy at 8 PM;54% busy at 9 PM;48% busy at 10 PM;42% busy at 11 PM;24% busy at 12 AM;,0% busy at 6 AM;0% busy at 7 AM;0% busy at 8 AM;0% busy at 9 AM;0% busy at 10 AM;0% busy at 11 AM;0% busy at 12 PM;0% busy at 1 PM;0% busy at 2 PM;36% busy at 3 PM;45% busy at 4 PM;51% busy at 5 PM;60% busy at 6 PM;75% busy at 7 PM;75% busy at 8 PM;75% busy at 9 PM;51% busy at 10 PM;45% busy at 11 PM;33% busy at 12 AM;,0% busy at 6 AM;0% busy at 7 AM;0% busy at 8 AM;0% busy at 9 AM;0% busy at 10 AM;0% busy at 11 AM;0% busy at 12 PM;0% busy at 1 PM;0% busy at 2 PM;36% busy at 3 PM;60% busy at 4 PM;75% busy at 5 PM;57% busy at 6 PM;63% busy at 7 PM;63% busy at 8 PM;84% busy at 9 PM;78% busy at 10 PM;69% busy at 11 PM;51% busy at 12 AM;,0% busy at 6 AM;0% busy at 7 AM;0% busy at 8 AM;0% busy at 9 AM;0% busy at 10 AM;0% busy at 11 AM;0% busy at 12 PM;0% busy at 1 PM;0% busy at 2 PM;36% busy at 3 PM;45% busy at 4 PM;63% busy at 5 PM;78% busy at 6 PM;81% busy at 7 PM;87% busy at 8 PM;90% busy at 9 PM;87% busy at 10 PM;84% busy at 11 PM;69% busy at 12 AM;,0% busy at 6 AM;0% busy at 7 AM;0% busy at 8 AM;0% busy at 9 AM;0% busy at 10 AM;0% busy at 11 AM;0% busy at 12 PM;0% busy at 1 PM;0% busy at 2 PM;66% busy at 3 PM;87% busy at 4 PM;75% busy at 5 PM;60% busy at 6 PM;45% busy at 7 PM;51% busy at 8 PM;69% busy at 9 PM;81% busy at 10 PM;84% busy at 11 PM;48% busy at 12 AM;,0% busy at 6 AM;0% busy at 7 AM;0% busy at 8 AM;0% busy at 9 AM;0% busy at 10 AM;0% busy at 11 AM;0% busy at 12 PM;0% busy at 1 PM;0% busy at 2 PM;27% busy at 3 PM;42% busy at 4 PM;60% busy at 5 PM;63% busy at 6 PM;90% busy at 7 PM;84% busy at 8 PM;100% busy at 9 PM;84% busy at 10 PM;75% busy at 11 PM;48% busy at 12 AM;
Coffee shop,ايت اوز-8Oz Coffee,318,4.1,"ECJA6652 ربيعة بن السكن، 3894, Al Sheraa, Al Khobar 34741, Saudi Arabia",SA,Al Khobar,None,null,null,"Monday Open 24 hours  2025-03-31
Tuesday Open 24 hours  2025-04-01
Wednesday Open 24 hours  2025-04-02
Thursday Open 24 hours  2025-04-03
Friday Open 24 hours  2025-04-04
Saturday Open 24 hours  2025-04-05
Sunday Open 24 hours  2025-04-06
 ",https://www.google.com/maps/place/ايت+اوز-8Oz+Coffee/data=!4m5!3m4!1s0x3e49db3b81912777:0x79afe5949ab95644!8m2!3d26.1520983!4d50.1613103?authuser=0&hl=en&rclk=1,0x3e49db3b81912777:0x79afe5949ab95644,ChIJdyeRgTvbST4RRFa5mpTlr3k,,26.1520983,50.1613103,coffee shops,https://lh3.googleusercontent.com/gps-cs-s/AB5caB9s9AeQtQAqKsY1RB52hF3REMD72wPiTCJfm1R7GVzBMplV7Ve3WaiABCBpKBfqd_X-9izYOUbAcwOSRAues_S5dRTiy2B8p5f_TxM604itp-E36CVNj69oBvQWt11oSBFiFWMj=w408-h408-k-no,https://lh5.googleusercontent.com/p/AF1QipORBnKc7pI4W0aqalM-QOs97SKWnxSM384_07X6=w1024-h960-p-k-no,https://lh5.googleusercontent.com/p/AF1QipNwy-lobGtcNKXm9y6XL1n9z4FrryPhh3tOElI=w1024-h960-p-k-no,https://lh5.googleusercontent.com/p/AF1QipPF43yRqgCstLBGWF6Vce7pWuEZ6CAThGvlGlcn=w1024-h960-p-k-no,null,None,,https://plus.codes/5526+RG Al Khobar Saudi Arabia,5526+RG Al Khobar Saudi Arabia,No-contact delivery,Monday Open 24 hours  2025-03-31,Tuesday Open 24 hours  2025-04-01,Wednesday Open 24 hours  2025-04-02,Thursday Open 24 hours  2025-04-03,Friday Open 24 hours  2025-04-04,Saturday Open 24 hours  2025-04-05,Sunday Open 24 hours  2025-04-06,6% busy at 4 AM;10% busy at 5 AM;19% busy at 6 AM;17% busy at 7 AM;12% busy at 8 AM;14% busy at 9 AM;17% busy at 10 AM;23% busy at 11 AM;25% busy at 12 PM;31% busy at 1 PM;29% busy at 2 PM;40% busy at 3 PM;44% busy at 4 PM;51% busy at 5 PM;46% busy at 6 PM;42% busy at 7 PM;42% busy at 8 PM;34% busy at 9 PM;34% busy at 10 PM;36% busy at 11 PM;36% busy at 12 AM;23% busy at 1 AM;10% busy at 2 AM;8% busy at 3 AM;,12% busy at 4 AM;8% busy at 5 AM;8% busy at 6 AM;12% busy at 7 AM;12% busy at 8 AM;17% busy at 9 AM;23% busy at 10 AM;25% busy at 11 AM;34% busy at 12 PM;36% busy at 1 PM;42% busy at 2 PM;42% busy at 3 PM;36% busy at 4 PM;27% busy at 5 PM;23% busy at 6 PM;25% busy at 7 PM;25% busy at 8 PM;29% busy at 9 PM;29% busy at 10 PM;27% busy at 11 PM;29% busy at 12 AM;36% busy at 1 AM;31% busy at 2 AM;27% busy at 3 AM;,19% busy at 4 AM;10% busy at 5 AM;6% busy at 6 AM;6% busy at 7 AM;8% busy at 8 AM;17% busy at 9 AM;21% busy at 10 AM;19% busy at 11 AM;14% busy at 12 PM;10% busy at 1 PM;14% busy at 2 PM;23% busy at 3 PM;48% busy at 4 PM;53% busy at 5 PM;57% busy at 6 PM;48% busy at 7 PM;53% busy at 8 PM;46% busy at 9 PM;46% busy at 10 PM;36% busy at 11 PM;29% busy at 12 AM;17% busy at 1 AM;17% busy at 2 AM;17% busy at 3 AM;,17% busy at 4 AM;12% busy at 5 AM;4% busy at 6 AM;2% busy at 7 AM;6% busy at 8 AM;10% busy at 9 AM;12% busy at 10 AM;19% busy at 11 AM;31% busy at 12 PM;29% busy at 1 PM;34% busy at 2 PM;36% busy at 3 PM;46% busy at 4 PM;48% busy at 5 PM;42% busy at 6 PM;42% busy at 7 PM;42% busy at 8 PM;51% busy at 9 PM;55% busy at 10 PM;38% busy at 11 PM;25% busy at 12 AM;17% busy at 1 AM;17% busy at 2 AM;14% busy at 3 AM;,12% busy at 4 AM;10% busy at 5 AM;14% busy at 6 AM;12% busy at 7 AM;21% busy at 8 AM;21% busy at 9 AM;21% busy at 10 AM;23% busy at 11 AM;36% busy at 12 PM;46% busy at 1 PM;59% busy at 2 PM;80% busy at 3 PM;91% busy at 4 PM;100% busy at 5 PM;80% busy at 6 PM;72% busy at 7 PM;74% busy at 8 PM;76% busy at 9 PM;76% busy at 10 PM;72% busy at 11 PM;59% busy at 12 AM;42% busy at 1 AM;27% busy at 2 AM;17% busy at 3 AM;,10% busy at 4 AM;8% busy at 5 AM;8% busy at 6 AM;8% busy at 7 AM;8% busy at 8 AM;17% busy at 9 AM;23% busy at 10 AM;31% busy at 11 AM;36% busy at 12 PM;42% busy at 1 PM;55% busy at 2 PM;61% busy at 3 PM;63% busy at 4 PM;53% busy at 5 PM;38% busy at 6 PM;38% busy at 7 PM;38% busy at 8 PM;40% busy at 9 PM;31% busy at 10 PM;25% busy at 11 PM;27% busy at 12 AM;23% busy at 1 AM;21% busy at 2 AM;17% busy at 3 AM;,10% busy at 4 AM;17% busy at 5 AM;23% busy at 6 AM;27% busy at 7 AM;29% busy at 8 AM;27% busy at 9 AM;29% busy at 10 AM;21% busy at 11 AM;21% busy at 12 PM;27% busy at 1 PM;36% busy at 2 PM;40% busy at 3 PM;34% busy at 4 PM;25% busy at 5 PM;23% busy at 6 PM;38% busy at 7 PM;44% busy at 8 PM;44% busy at 9 PM;44% busy at 10 PM;42% busy at 11 PM;31% busy at 12 AM;21% busy at 1 AM;12% busy at 2 AM;14% busy at 3 AM;
Coffee shop,بوفيه مصعب,16,4.4,"البحيرة،، حي, 7286 طريق الملك خالد، 3527،, Al Khobar 34722،, Saudi Arabia",SA,Al Khobar,None,null,+966 55 995 7332, ,https://www.google.com/maps/place/بوفيه+مصعب/data=!4m5!3m4!1s0x3e49c5de34ff17e9:0xe855f9e995193357!8m2!3d26.1855938!4d50.1841608?authuser=0&hl=en&rclk=1,0x3e49c5de34ff17e9:0xe855f9e995193357,ChIJ6Rf_NN7FST4RVzMZlen5Veg,,26.1855938,50.1841608,coffee shops,https://lh3.googleusercontent.com/gps-cs-s/AB5caB9WEYkH5gDMaA_CQN7qu-oTj7x9y3RmcaNhwduKC9FIW9xQm-XmYruSrxlVw97ZWhOWCTgY_kIFyn8dSE-VyaNTXCrGtTaE1owV5eNBgHfyi_lGqm89YQlDzKOMOyyT7gwzf-ZxbA=w408-h306-k-no,https://lh5.googleusercontent.com/p/AF1QipORoEmY-dvhgPauLETr-oh-MbeS0i6-a4UVtHWg=w1024-h960-p-k-no,https://lh5.googleusercontent.com/p/AF1QipPxKCO0ZF1N9Bu55XqoMuwvj_L11kkAcsuHhraP=w1024-h960-p-k-no,null,null,SAR 1–20,,https://plus.codes/55PM+6M Al Khobar Saudi Arabia,55PM+6M Al Khobar Saudi Arabia,Delivery,,,,,,,,,,,,,,
Coffee shop,Block 196,9,4.4,"55RG+F99, Al Buhairah, Al Khobar 34722, Saudi Arabia",SA,Al Khobar,None,null,null,"Monday 2 PM–2 AM  2025-03-31
Tuesday 2 PM–2 AM  2025-04-01
Wednesday 2 PM–2 AM  2025-04-02
Thursday 2 PM–2 AM  2025-04-03
Friday 9 AM–11:30 PM  2025-04-04
Saturday 2 PM–2 AM  2025-04-05
Sunday 2 PM–2 AM  2025-04-06
 ",https://www.google.com/maps/place/Block+196/data=!4m5!3m4!1s0x3e49ddbbf654c24d:0xe6db8b13f11a1a3b!8m2!3d26.1912157!4d50.1759474?authuser=0&hl=en&rclk=1,0x3e49ddbbf654c24d:0xe6db8b13f11a1a3b,ChIJTcJU9rvdST4ROxoa8ROL2-Y,,26.1912157,50.1759474,coffee shops,https://lh5.googleusercontent.com/p/AF1QipNlSVGxhSM5E6ZB-1GDkNq9RUVeJJzyi0M3T3hX=w408-h306-k-no,https://lh5.googleusercontent.com/p/AF1QipOXvPrmjgogkgHzCwjWqp8oQU94fdjhmOO4vVst=w1024-h960-p-k-no,https://lh5.googleusercontent.com/p/AF1QipMPslxYnujjrkpONyhJy3Z1q5m92J4SkjUv3mwy=w1024-h960-p-k-no,https://lh5.googleusercontent.com/p/AF1QipPjSOE3b51gdyzpLmqSmuAR3G8uFyYNdAB5UixI=w1024-h960-p-k-no,null,None,,null,null,Delivery,Monday 2 PM–2 AM  2025-03-31,Tuesday 2 PM–2 AM  2025-04-01,Wednesday 2 PM–2 AM  2025-04-02,Thursday 2 PM–2 AM  2025-04-03,Friday 9 AM–11:30 PM  2025-04-04,Saturday 2 PM–2 AM  2025-04-05,Sunday 2 PM–2 AM  2025-04-06,0% busy at 6 AM;0% busy at 7 AM;0% busy at 8 AM;0% busy at 9 AM;0% busy at 10 AM;0% busy at 11 AM;0% busy at 12 PM;0% busy at 1 PM;58% busy at 2 PM;41% busy at 3 PM;33% busy at 4 PM;25% busy at 5 PM;16% busy at 6 PM;8% busy at 7 PM;25% busy at 8 PM;41% busy at 9 PM;33% busy at 10 PM;16% busy at 11 PM;16% busy at 12 AM;33% busy at 1 AM;,0% busy at 6 AM;0% busy at 7 AM;0% busy at 8 AM;0% busy at 9 AM;0% busy at 10 AM;0% busy at 11 AM;0% busy at 12 PM;0% busy at 1 PM;33% busy at 2 PM;33% busy at 3 PM;33% busy at 4 PM;25% busy at 5 PM;41% busy at 6 PM;33% busy at 7 PM;33% busy at 8 PM;50% busy at 9 PM;66% busy at 10 PM;58% busy at 11 PM;66% busy at 12 AM;33% busy at 1 AM;,0% busy at 6 AM;0% busy at 7 AM;0% busy at 8 AM;0% busy at 9 AM;0% busy at 10 AM;0% busy at 11 AM;0% busy at 12 PM;0% busy at 1 PM;58% busy at 2 PM;25% busy at 3 PM;16% busy at 4 PM;8% busy at 5 PM;16% busy at 6 PM;41% busy at 7 PM;50% busy at 8 PM;50% busy at 9 PM;41% busy at 10 PM;33% busy at 11 PM;16% busy at 12 AM;25% busy at 1 AM;,0% busy at 6 AM;0% busy at 7 AM;0% busy at 8 AM;0% busy at 9 AM;0% busy at 10 AM;0% busy at 11 AM;0% busy at 12 PM;0% busy at 1 PM;66% busy at 2 PM;58% busy at 3 PM;58% busy at 4 PM;41% busy at 5 PM;58% busy at 6 PM;25% busy at 7 PM;8% busy at 8 PM;16% busy at 9 PM;25% busy at 10 PM;58% busy at 11 PM;66% busy at 12 AM;33% busy at 1 AM;,0% busy at 6 AM;0% busy at 7 AM;0% busy at 8 AM;16% busy at 9 AM;0% busy at 10 AM;8% busy at 11 AM;16% busy at 12 PM;41% busy at 1 PM;50% busy at 2 PM;83% busy at 3 PM;100% busy at 4 PM;91% busy at 5 PM;100% busy at 6 PM;66% busy at 7 PM;41% busy at 8 PM;16% busy at 9 PM;25% busy at 10 PM;58% busy at 11 PM;,0% busy at 6 AM;0% busy at 7 AM;0% busy at 8 AM;0% busy at 9 AM;0% busy at 10 AM;0% busy at 11 AM;0% busy at 12 PM;0% busy at 1 PM;25% busy at 2 PM;33% busy at 3 PM;16% busy at 4 PM;8% busy at 5 PM;16% busy at 6 PM;16% busy at 7 PM;33% busy at 8 PM;41% busy at 9 PM;66% busy at 10 PM;58% busy at 11 PM;58% busy at 12 AM;41% busy at 1 AM;,0% busy at 6 AM;0% busy at 7 AM;0% busy at 8 AM;0% busy at 9 AM;0% busy at 10 AM;0% busy at 11 AM;0% busy at 12 PM;0% busy at 1 PM;75% busy at 2 PM;50% busy at 3 PM;33% busy at 4 PM;41% busy at 5 PM;58% busy at 6 PM;50% busy at 7 PM;75% busy at 8 PM;66% busy at 9 PM;66% busy at 10 PM;33% busy at 11 PM;41% busy at 12 AM;41% busy at 1 AM;
Coffee shop,Barn's | بارنز,530,4.2,"Riyadh St, Al-Thuqbah, Al Khobar 34622, Saudi Arabia",SA,Al Khobar,None,https://barns.com.sa/en,+966 9200 06843,"Monday Open 24 hours  2025-03-31
Tuesday Open 24 hours  2025-04-01
Wednesday Open 24 hours  2025-04-02
Thursday Open 24 hours  2025-04-03
Friday Open 24 hours  2025-04-04
Saturday Open 24 hours  2025-04-05
Sunday Open 24 hours  2025-04-06
 ",https://www.google.com/maps/place/Barn's+|+بارنز/data=!4m5!3m4!1s0x3e49c2a1fe43e529:0x84b8d35be49c81bc!8m2!3d26.2661719!4d50.2038955?authuser=0&hl=en&rclk=1,0x3e49c2a1fe43e529:0x84b8d35be49c81bc,ChIJKeVD_qHCST4RvIGc5FvTuIQ,,26.2661719,50.2038955,coffee shops,https://lh5.googleusercontent.com/p/AF1QipPxnpgWHpD0SYbsrAEivTbKO1exFzJWyBG7kXUC=w408-h272-k-no,https://lh5.googleusercontent.com/p/AF1QipPxnpgWHpD0SYbsrAEivTbKO1exFzJWyBG7kXUC=w1024-h960-p-k-no,https://lh5.googleusercontent.com/p/AF1QipO9aWl1bEyoD6pv5ayRV07A8AEJaJ7hm4KCPjiN=w1024-h960-p-k-no,https://lh5.googleusercontent.com/p/AF1QipNYT77JoR-XPgeKO6zIZQkKQXmXErEPMf4StniA=w1024-h960-p-k-no,null,SAR 1–20,,https://plus.codes/7683+FH Al Khobar Saudi Arabia,7683+FH Al Khobar Saudi Arabia,Delivery,Monday Open 24 hours  2025-03-31,Tuesday Open 24 hours  2025-04-01,Wednesday Open 24 hours  2025-04-02,Thursday Open 24 hours  2025-04-03,Friday Open 24 hours  2025-04-04,Saturday Open 24 hours  2025-04-05,Sunday Open 24 hours  2025-04-06,14% busy at 4 AM;15% busy at 5 AM;21% busy at 6 AM;35% busy at 7 AM;43% busy at 8 AM;47% busy at 9 AM;51% busy at 10 AM;55% busy at 11 AM;59% busy at 12 PM;54% busy at 1 PM;54% busy at 2 PM;57% busy at 3 PM;69% busy at 4 PM;73% busy at 5 PM;70% busy at 6 PM;63% busy at 7 PM;55% busy at 8 PM;51% busy at 9 PM;46% busy at 10 PM;37% busy at 11 PM;21% busy at 12 AM;15% busy at 1 AM;12% busy at 2 AM;13% busy at 3 AM;,11% busy at 4 AM;18% busy at 5 AM;24% busy at 6 AM;36% busy at 7 AM;47% busy at 8 AM;53% busy at 9 AM;61% busy at 10 AM;72% busy at 11 AM;78% busy at 12 PM;72% busy at 1 PM;67% busy at 2 PM;69% busy at 3 PM;84% busy at 4 PM;91% busy at 5 PM;91% busy at 6 PM;87% busy at 7 PM;74% busy at 8 PM;57% busy at 9 PM;44% busy at 10 PM;32% busy at 11 PM;20% busy at 12 AM;12% busy at 1 AM;9% busy at 2 AM;9% busy at 3 AM;,11% busy at 4 AM;14% busy at 5 AM;18% busy at 6 AM;29% busy at 7 AM;42% busy at 8 AM;53% busy at 9 AM;56% busy at 10 AM;54% busy at 11 AM;48% busy at 12 PM;43% busy at 1 PM;48% busy at 2 PM;59% busy at 3 PM;83% busy at 4 PM;85% busy at 5 PM;87% busy at 6 PM;81% busy at 7 PM;74% busy at 8 PM;62% busy at 9 PM;51% busy at 10 PM;37% busy at 11 PM;23% busy at 12 AM;13% busy at 1 AM;8% busy at 2 AM;8% busy at 3 AM;,14% busy at 4 AM;15% busy at 5 AM;23% busy at 6 AM;31% busy at 7 AM;40% busy at 8 AM;52% busy at 9 AM;61% busy at 10 AM;70% busy at 11 AM;67% busy at 12 PM;62% busy at 1 PM;55% busy at 2 PM;60% busy at 3 PM;76% busy at 4 PM;84% busy at 5 PM;90% busy at 6 PM;86% busy at 7 PM;84% busy at 8 PM;79% busy at 9 PM;69% busy at 10 PM;55% busy at 11 PM;38% busy at 12 AM;23% busy at 1 AM;14% busy at 2 AM;11% busy at 3 AM;,8% busy at 4 AM;10% busy at 5 AM;14% busy at 6 AM;15% busy at 7 AM;17% busy at 8 AM;14% busy at 9 AM;19% busy at 10 AM;25% busy at 11 AM;41% busy at 12 PM;53% busy at 1 PM;65% busy at 2 PM;80% busy at 3 PM;85% busy at 4 PM;84% busy at 5 PM;88% busy at 6 PM;84% busy at 7 PM;86% busy at 8 PM;72% busy at 9 PM;53% busy at 10 PM;32% busy at 11 PM;14% busy at 12 AM;7% busy at 1 AM;4% busy at 2 AM;7% busy at 3 AM;,6% busy at 4 AM;9% busy at 5 AM;18% busy at 6 AM;30% busy at 7 AM;47% busy at 8 AM;59% busy at 9 AM;68% busy at 10 AM;74% busy at 11 AM;76% busy at 12 PM;76% busy at 1 PM;76% busy at 2 PM;84% busy at 3 PM;92% busy at 4 PM;100% busy at 5 PM;100% busy at 6 PM;95% busy at 7 PM;77% busy at 8 PM;55% busy at 9 PM;41% busy at 10 PM;34% busy at 11 PM;24% busy at 12 AM;17% busy at 1 AM;10% busy at 2 AM;6% busy at 3 AM;,11% busy at 4 AM;18% busy at 5 AM;22% busy at 6 AM;29% busy at 7 AM;36% busy at 8 AM;44% busy at 9 AM;53% busy at 10 AM;59% busy at 11 AM;53% busy at 12 PM;43% busy at 1 PM;42% busy at 2 PM;46% busy at 3 PM;61% busy at 4 PM;69% busy at 5 PM;75% busy at 6 PM;78% busy at 7 PM;74% busy at 8 PM;70% busy at 9 PM;53% busy at 10 PM;40% busy at 11 PM;25% busy at 12 AM;17% busy at 1 AM;10% busy at 2 AM;9% busy at 3 AM;
Coffee shop,GROW CAFE,87,4.7,"EEDB3136، 3136 King Fahd Causeway, Al Hamra، 6190, Al Khobar 34628, Saudi Arabia",SA,Al Khobar,None,null,null, ,https://www.google.com/maps/place/GROW+CAFE/data=!4m5!3m4!1s0x3e49c308950eda3f:0x2fb9aaa5dc1623b1!8m2!3d26.2191368!4d50.2061731?authuser=0&hl=en&rclk=1,0x3e49c308950eda3f:0x2fb9aaa5dc1623b1,ChIJP9oOlQjDST4RsSMW3KWquS8,,26.2191368,50.2061731,coffee shops,https://lh5.googleusercontent.com/p/AF1QipMsSOInXdN7kYRwULsmVdS6wb7pqabLg8-5jX9b=w408-h544-k-no,https://lh5.googleusercontent.com/p/AF1QipOneNwuVNIPWZwu-XZTpI1dlNqSSXqMZL3jq5UO=w1024-h960-p-k-no,https://lh5.googleusercontent.com/p/AF1QipNYDBytRLSmTafSHky9-SIZav1atf4qpjh2vzmO=w1024-h960-p-k-no,https://lh5.googleusercontent.com/p/AF1QipM9AxNiy1Acb8F9Y2ppZJ1EJfRY46Z_j5ZpYv1d=w1024-h960-p-k-no,null,SAR 1–20,Temporarily closed,https://plus.codes/6694+MF Al Khobar Saudi Arabia,6694+MF Al Khobar Saudi Arabia,No-contact delivery,,,,,,,,,,,,,,
Coffee shop,Reds Coffee,43,3.9,"1598221, 1521474، 26، الدور الثامن فندق إيلاف الشرقية Elaf alsharqyh hotel 50, Al Khobar 34741, Saudi Arabia",SA,Al Khobar,None,null,+966 56 150 5331,"Monday 4 PM–4 AM  2025-03-31
Tuesday 4 PM–4 AM  2025-04-01
Wednesday 4 PM–4 AM  2025-04-02
Thursday 4 PM–4 AM  2025-04-03
Friday 4 PM–4 AM  2025-04-04
Saturday 4 PM–4 AM  2025-04-05
Sunday 4 PM–4 AM  2025-04-06
 ",https://www.google.com/maps/place/Reds+Coffee/data=!4m5!3m4!1s0x3e49dbae76b6928b:0x3ca0b818e10d2aca!8m2!3d26.152138!4d50.159865?authuser=0&hl=en&rclk=1,0x3e49dbae76b6928b:0x3ca0b818e10d2aca,ChIJi5K2dq7bST4RyioN4Ri4oDw,,26.152138,50.159865,coffee shops,https://lh5.googleusercontent.com/p/AF1QipNhz3Ws53DbVHW3VxbRYhAN1CJ3qNylZIZBW3LD=w408-h306-k-no,https://lh5.googleusercontent.com/p/AF1QipNhz3Ws53DbVHW3VxbRYhAN1CJ3qNylZIZBW3LD=w1024-h960-p-k-no,https://lh5.googleusercontent.com/p/AF1QipP7j1nr1LrXqOq7WLdm4omobOakVrHw3q0T0dqu=w1024-h960-p-k-no,https://lh5.googleusercontent.com/p/AF1QipPp4423Ch0naoaXJILHJSh3HjOL6i9090giAjxj=w1024-h960-p-k-no,null,None,,https://plus.codes/5525+VW Al Khobar Saudi Arabia,5525+VW Al Khobar Saudi Arabia,Dine-in,Monday 4 PM–4 AM  2025-03-31,Tuesday 4 PM–4 AM  2025-04-01,Wednesday 4 PM–4 AM  2025-04-02,Thursday 4 PM–4 AM  2025-04-03,Friday 4 PM–4 AM  2025-04-04,Saturday 4 PM–4 AM  2025-04-05,Sunday 4 PM–4 AM  2025-04-06,0% busy at 6 AM;0% busy at 7 AM;0% busy at 8 AM;0% busy at 9 AM;0% busy at 10 AM;0% busy at 11 AM;0% busy at 12 PM;0% busy at 1 PM;0% busy at 2 PM;0% busy at 3 PM;38% busy at 4 PM;35% busy at 5 PM;35% busy at 6 PM;35% busy at 7 PM;57% busy at 8 PM;78% busy at 9 PM;100% busy at 10 PM;95% busy at 11 PM;100% busy at 12 AM;85% busy at 1 AM;83% busy at 2 AM;76% busy at 3 AM;,0% busy at 6 AM;0% busy at 7 AM;0% busy at 8 AM;0% busy at 9 AM;0% busy at 10 AM;0% busy at 11 AM;0% busy at 12 PM;0% busy at 1 PM;0% busy at 2 PM;0% busy at 3 PM;61% busy at 4 PM;66% busy at 5 PM;52% busy at 6 PM;52% busy at 7 PM;66% busy at 8 PM;85% busy at 9 PM;85% busy at 10 PM;80% busy at 11 PM;64% busy at 12 AM;73% busy at 1 AM;52% busy at 2 AM;38% busy at 3 AM;,0% busy at 6 AM;0% busy at 7 AM;0% busy at 8 AM;0% busy at 9 AM;0% busy at 10 AM;0% busy at 11 AM;0% busy at 12 PM;0% busy at 1 PM;0% busy at 2 PM;0% busy at 3 PM;73% busy at 4 PM;78% busy at 5 PM;95% busy at 6 PM;95% busy at 7 PM;85% busy at 8 PM;71% busy at 9 PM;66% busy at 10 PM;59% busy at 11 PM;50% busy at 12 AM;47% busy at 1 AM;38% busy at 2 AM;33% busy at 3 AM;,0% busy at 6 AM;0% busy at 7 AM;0% busy at 8 AM;0% busy at 9 AM;0% busy at 10 AM;0% busy at 11 AM;0% busy at 12 PM;0% busy at 1 PM;0% busy at 2 PM;0% busy at 3 PM;64% busy at 4 PM;64% busy at 5 PM;59% busy at 6 PM;61% busy at 7 PM;78% busy at 8 PM;92% busy at 9 PM;100% busy at 10 PM;83% busy at 11 PM;66% busy at 12 AM;47% busy at 1 AM;47% busy at 2 AM;40% busy at 3 AM;,0% busy at 6 AM;0% busy at 7 AM;0% busy at 8 AM;0% busy at 9 AM;0% busy at 10 AM;0% busy at 11 AM;0% busy at 12 PM;0% busy at 1 PM;0% busy at 2 PM;0% busy at 3 PM;54% busy at 4 PM;64% busy at 5 PM;78% busy at 6 PM;73% busy at 7 PM;61% busy at 8 PM;61% busy at 9 PM;61% busy at 10 PM;76% busy at 11 PM;92% busy at 12 AM;73% busy at 1 AM;52% busy at 2 AM;50% busy at 3 AM;,0% busy at 6 AM;0% busy at 7 AM;0% busy at 8 AM;0% busy at 9 AM;0% busy at 10 AM;0% busy at 11 AM;0% busy at 12 PM;0% busy at 1 PM;0% busy at 2 PM;0% busy at 3 PM;50% busy at 4 PM;54% busy at 5 PM;45% busy at 6 PM;54% busy at 7 PM;47% busy at 8 PM;59% busy at 9 PM;61% busy at 10 PM;69% busy at 11 PM;47% busy at 12 AM;42% busy at 1 AM;47% busy at 2 AM;45% busy at 3 AM;,0% busy at 6 AM;0% busy at 7 AM;0% busy at 8 AM;0% busy at 9 AM;0% busy at 10 AM;0% busy at 11 AM;0% busy at 12 PM;0% busy at 1 PM;0% busy at 2 PM;0% busy at 3 PM;35% busy at 4 PM;35% busy at 5 PM;38% busy at 6 PM;33% busy at 7 PM;38% busy at 8 PM;57% busy at 9 PM;54% busy at 10 PM;78% busy at 11 PM;76% busy at 12 AM;88% busy at 1 AM;61% busy at 2 AM;47% busy at 3 AM;
Coffee shop,Veloce,242,4.2,"King Khalid Rd, Al Khuzama, Al Khobar 34719, Saudi Arabia",SA,Al Khobar,None,https://veloce.yallaqrcodes.com/,+966 53 953 5774,"Monday 3:30 PM–3 AM  2025-03-31
Tuesday 3:30 PM–3 AM  2025-04-01
Wednesday 3:30 PM–3 AM  2025-04-02
Thursday 3:30 PM–3 AM  2025-04-03
Friday 3:30 PM–3 AM  2025-04-04
Saturday 3:30 PM–3 AM  2025-04-05
Sunday 3:30 PM–3 AM  2025-04-06
 ",https://www.google.com/maps/place/Veloce/data=!4m5!3m4!1s0x3e49c36f32b5348b:0x2a34b25a93da5754!8m2!3d26.2026827!4d50.1957242?authuser=0&hl=en&rclk=1,0x3e49c36f32b5348b:0x2a34b25a93da5754,ChIJizS1Mm_DST4RVFfak1qyNCo,,26.2026827,50.1957242,cafes,https://lh5.googleusercontent.com/p/AF1QipO-s8KOVJu-LhEPyomKmYWb-jxBjVfbnukwbRVL=w408-h544-k-no,https://lh5.googleusercontent.com/p/AF1QipPRUHuF2iSeRdONY0K2Ah83Qs0p2O_XqL8kgI4=w1024-h960-p-k-no,https://lh5.googleusercontent.com/p/CIHM0ogKEICAgICpvNGAPQ=w1024-h960-p-k-no,https://lh5.googleusercontent.com/p/CIHM0ogKEICAgIC3per8BA=w1024-h960-p-k-no,null,SAR 20–40,,https://plus.codes/653W+37 Al Khobar Saudi Arabia,653W+37 Al Khobar Saudi Arabia,No-contact delivery,Monday 3:30 PM–3 AM  2025-03-31,Tuesday 3:30 PM–3 AM  2025-04-01,Wednesday 3:30 PM–3 AM  2025-04-02,Thursday 3:30 PM–3 AM  2025-04-03,Friday 3:30 PM–3 AM  2025-04-04,Saturday 3:30 PM–3 AM  2025-04-05,Sunday 3:30 PM–3 AM  2025-04-06,0% busy at 6 AM;0% busy at 7 AM;0% busy at 8 AM;0% busy at 9 AM;0% busy at 10 AM;0% busy at 11 AM;0% busy at 12 PM;0% busy at 1 PM;0% busy at 2 PM;33% busy at 3 PM;60% busy at 4 PM;54% busy at 5 PM;69% busy at 6 PM;54% busy at 7 PM;57% busy at 8 PM;51% busy at 9 PM;48% busy at 10 PM;36% busy at 11 PM;27% busy at 12 AM;21% busy at 1 AM;18% busy at 2 AM;,0% busy at 6 AM;0% busy at 7 AM;0% busy at 8 AM;0% busy at 9 AM;0% busy at 10 AM;0% busy at 11 AM;0% busy at 12 PM;0% busy at 1 PM;0% busy at 2 PM;51% busy at 3 PM;57% busy at 4 PM;45% busy at 5 PM;51% busy at 6 PM;51% busy at 7 PM;48% busy at 8 PM;45% busy at 9 PM;36% busy at 10 PM;36% busy at 11 PM;36% busy at 12 AM;24% busy at 1 AM;24% busy at 2 AM;,0% busy at 6 AM;0% busy at 7 AM;0% busy at 8 AM;0% busy at 9 AM;0% busy at 10 AM;0% busy at 11 AM;0% busy at 12 PM;0% busy at 1 PM;0% busy at 2 PM;36% busy at 3 PM;36% busy at 4 PM;39% busy at 5 PM;51% busy at 6 PM;57% busy at 7 PM;57% busy at 8 PM;54% busy at 9 PM;69% busy at 10 PM;57% busy at 11 PM;48% busy at 12 AM;27% busy at 1 AM;24% busy at 2 AM;,0% busy at 6 AM;0% busy at 7 AM;0% busy at 8 AM;0% busy at 9 AM;0% busy at 10 AM;0% busy at 11 AM;0% busy at 12 PM;0% busy at 1 PM;0% busy at 2 PM;36% busy at 3 PM;51% busy at 4 PM;66% busy at 5 PM;69% busy at 6 PM;66% busy at 7 PM;63% busy at 8 PM;96% busy at 9 PM;100% busy at 10 PM;100% busy at 11 PM;66% busy at 12 AM;45% busy at 1 AM;33% busy at 2 AM;,0% busy at 6 AM;0% busy at 7 AM;0% busy at 8 AM;0% busy at 9 AM;0% busy at 10 AM;0% busy at 11 AM;0% busy at 12 PM;0% busy at 1 PM;0% busy at 2 PM;60% busy at 3 PM;69% busy at 4 PM;84% busy at 5 PM;81% busy at 6 PM;69% busy at 7 PM;54% busy at 8 PM;69% busy at 9 PM;54% busy at 10 PM;54% busy at 11 PM;30% busy at 12 AM;18% busy at 1 AM;12% busy at 2 AM;,0% busy at 6 AM;0% busy at 7 AM;0% busy at 8 AM;0% busy at 9 AM;0% busy at 10 AM;0% busy at 11 AM;0% busy at 12 PM;0% busy at 1 PM;0% busy at 2 PM;45% busy at 3 PM;48% busy at 4 PM;57% busy at 5 PM;48% busy at 6 PM;39% busy at 7 PM;30% busy at 8 PM;24% busy at 9 PM;24% busy at 10 PM;45% busy at 11 PM;51% busy at 12 AM;63% busy at 1 AM;36% busy at 2 AM;,0% busy at 6 AM;0% busy at 7 AM;0% busy at 8 AM;0% busy at 9 AM;0% busy at 10 AM;0% busy at 11 AM;0% busy at 12 PM;0% busy at 1 PM;0% busy at 2 PM;57% busy at 3 PM;60% busy at 4 PM;66% busy at 5 PM;75% busy at 6 PM;63% busy at 7 PM;51% busy at 8 PM;36% busy at 9 PM;45% busy at 10 PM;48% busy at 11 PM;39% busy at 12 AM;36% busy at 1 AM;33% busy at 2 AM;
Coffee shop,آرت سويت الصواري,647,4.5,"3777 King Fahd Road, Al Sawari, 6332، Al Khobar 34724, Saudi Arabia",SA,Al Khobar,None,https://linktr.ee/art_sweet,+966 53 261 6663,"Monday 2:30 AM–2 AM  2025-03-31
Tuesday 2:30 PM–2 AM  2025-04-01
Wednesday 2 PM–2 AM  2025-04-02
Thursday 2:30 PM–2 AM  2025-04-03
Friday 3 PM–2 AM  2025-04-04
Saturday 2 PM–2 AM  2025-04-05
Sunday 2:30 PM–2 AM  2025-04-06
 ",https://www.google.com/maps/place/آرت+سويت+الصواري/data=!4m5!3m4!1s0x3e49db4a0bf7c97b:0xbe7102a70239e662!8m2!3d26.1752692!4d50.1622766?authuser=0&hl=en&rclk=1,0x3e49db4a0bf7c97b:0xbe7102a70239e662,ChIJe8n3C0rbST4RYuY5AqcCcb4,,26.1752692,50.1622766,متجر الكعك,https://lh5.googleusercontent.com/p/AF1QipNjz8ZpsgPdzVCzyeQ2F-w4_-Eu31mvXpEPbyiL=w408-h544-k-no,https://lh5.googleusercontent.com/p/CIHM0ogKEICAgIDD8OefRw=w1024-h960-p-k-no,https://lh5.googleusercontent.com/p/CIHM0ogKEICAgMDwqbGwpQE=w1024-h960-p-k-no,https://lh5.googleusercontent.com/p/CIHM0ogKEICAgICd6IKDOA=w1024-h960-p-k-no,null,None,,https://plus.codes/55G6+4W Al Khobar Saudi Arabia,55G6+4W Al Khobar Saudi Arabia,No-contact delivery,Monday 2:30 AM–2 AM  2025-03-31,Tuesday 2:30 PM–2 AM  2025-04-01,Wednesday 2 PM–2 AM  2025-04-02,Thursday 2:30 PM–2 AM  2025-04-03,Friday 3 PM–2 AM  2025-04-04,Saturday 2 PM–2 AM  2025-04-05,Sunday 2:30 PM–2 AM  2025-04-06,0% busy at 12 AM;0% busy at 1 AM;0% busy at 2 AM;0% busy at 3 AM;0% busy at 4 AM;0% busy at 5 AM;0% busy at 6 AM;27% busy at 7 AM;38% busy at 8 AM;46% busy at 9 AM;41% busy at 10 AM;40% busy at 11 AM;38% busy at 12 PM;39% busy at 1 PM;44% busy at 2 PM;50% busy at 3 PM;56% busy at 4 PM;67% busy at 5 PM;71% busy at 6 PM;78% busy at 7 PM;77% busy at 8 PM;74% busy at 9 PM;60% busy at 10 PM;47% busy at 11 PM;,0% busy at 6 AM;0% busy at 7 AM;0% busy at 8 AM;0% busy at 9 AM;0% busy at 10 AM;0% busy at 11 AM;0% busy at 12 PM;0% busy at 1 PM;46% busy at 2 PM;53% busy at 3 PM;59% busy at 4 PM;67% busy at 5 PM;76% busy at 6 PM;81% busy at 7 PM;79% busy at 8 PM;70% busy at 9 PM;56% busy at 10 PM;40% busy at 11 PM;0% busy at 12 AM;0% busy at 1 AM;,0% busy at 6 AM;0% busy at 7 AM;0% busy at 8 AM;0% busy at 9 AM;0% busy at 10 AM;0% busy at 11 AM;0% busy at 12 PM;0% busy at 1 PM;49% busy at 2 PM;56% busy at 3 PM;61% busy at 4 PM;66% busy at 5 PM;71% busy at 6 PM;76% busy at 7 PM;76% busy at 8 PM;77% busy at 9 PM;64% busy at 10 PM;50% busy at 11 PM;0% busy at 12 AM;0% busy at 1 AM;,0% busy at 6 AM;0% busy at 7 AM;0% busy at 8 AM;0% busy at 9 AM;0% busy at 10 AM;0% busy at 11 AM;0% busy at 12 PM;0% busy at 1 PM;54% busy at 2 PM;60% busy at 3 PM;67% busy at 4 PM;74% busy at 5 PM;81% busy at 6 PM;91% busy at 7 PM;95% busy at 8 PM;100% busy at 9 PM;92% busy at 10 PM;77% busy at 11 PM;0% busy at 12 AM;0% busy at 1 AM;,0% busy at 6 AM;0% busy at 7 AM;0% busy at 8 AM;0% busy at 9 AM;0% busy at 10 AM;0% busy at 11 AM;0% busy at 12 PM;0% busy at 1 PM;0% busy at 2 PM;77% busy at 3 PM;85% busy at 4 PM;84% busy at 5 PM;81% busy at 6 PM;74% busy at 7 PM;77% busy at 8 PM;79% busy at 9 PM;78% busy at 10 PM;66% busy at 11 PM;0% busy at 12 AM;0% busy at 1 AM;,0% busy at 6 AM;0% busy at 7 AM;0% busy at 8 AM;0% busy at 9 AM;0% busy at 10 AM;0% busy at 11 AM;0% busy at 12 PM;0% busy at 1 PM;63% busy at 2 PM;74% busy at 3 PM;81% busy at 4 PM;85% busy at 5 PM;90% busy at 6 PM;88% busy at 7 PM;83% busy at 8 PM;73% busy at 9 PM;61% busy at 10 PM;47% busy at 11 PM;0% busy at 12 AM;0% busy at 1 AM;,0% busy at 6 AM;0% busy at 7 AM;0% busy at 8 AM;0% busy at 9 AM;0% busy at 10 AM;0% busy at 11 AM;0% busy at 12 PM;0% busy at 1 PM;56% busy at 2 PM;65% busy at 3 PM;76% busy at 4 PM;83% busy at 5 PM;87% busy at 6 PM;81% busy at 7 PM;73% busy at 8 PM;66% busy at 9 PM;59% busy at 10 PM;46% busy at 11 PM;0% busy at 12 AM;0% busy at 1 AM;
Coffee shop,فلافل معتز,182,3.7,"3304 Khobar Street, Al Buhairah, Al Khobar 34722, Saudi Arabia",SA,Al Khobar,None,null,+966 54 112 5225, ,https://www.google.com/maps/place/فلافل+معتز/data=!4m5!3m4!1s0x3e49dcab28284bed:0xe27d11699c4ce021!8m2!3d26.1880182!4d50.1825388?authuser=0&hl=en&rclk=1,0x3e49dcab28284bed:0xe27d11699c4ce021,ChIJ7UsoKKvcST4RIeBMnGkRfeI,,26.1880182,50.1825388,restaurants,https://lh5.googleusercontent.com/p/AF1QipOF-pJqyTVaQNOWCIGKfPeY-JeD1FiIUb4SHQ8V=w408-h375-k-no,https://lh5.googleusercontent.com/p/KZ4PH1fYu7g9OE9hgkxP79KZF5jmX97tAZr35exoh46-x77MzCVmjXnjqj-GvP_65g=w1024-h960-p-k-no,https://lh5.googleusercontent.com/p/algOpkte94AVs-4OKb0-i1LNnRazK77kfiiUVqcHx0XY34EF9wmr8bZjYAZsHTZU6g=w1024-h960-p-k-no,https://lh5.googleusercontent.com/p/AF1QipNuYCsOHJqmtiSQ_y3aPRjpEVjwQ-rCtZjGMfNb=w1024-h960-p-k-no,null,$,Temporarily closed,https://plus.codes/55QM+62 Al Khobar Saudi Arabia,55QM+62 Al Khobar Saudi Arabia,No-contact delivery,,,,,,,,,,,,,,
Coffee shop,Flamingo Coffee,25,5,"75PM+PX5, Al-Thuqbah, Al Khobar 34623, Saudi Arabia",SA,Al Khobar,None,null,+966 50 616 5690,"Monday 4–11:30 PM  2025-03-31
Tuesday 4–11:30 PM  2025-04-01
Wednesday 4–11:30 PM  2025-04-02
Thursday 4–11:30 PM  2025-04-03
Friday 4–11:30 PM  2025-04-04
Saturday 4–11:30 PM  2025-04-05
Sunday 4–11:30 PM  2025-04-06
 ",https://www.google.com/maps/place/Flamingo+Coffee/data=!4m5!3m4!1s0x3e49e90021a8d2a1:0x4a586b2b8949d787!8m2!3d26.2867673!4d50.1849708?authuser=0&hl=en&rclk=1,0x3e49e90021a8d2a1:0x4a586b2b8949d787,ChIJodKoIQDpST4Rh9dJiStrWEo,,26.2867673,50.1849708,coffee shops,https://lh5.googleusercontent.com/p/AF1QipOhieyMRFe9PfGIl2LyoDvd5a-8_TZPO9m_CAq_=w408-h544-k-no,https://lh5.googleusercontent.com/p/AF1QipNgINbcyFoT-YJAZmbjvnBfQTaVqbaG0xFpYc_e=w1024-h960-p-k-no,https://lh5.googleusercontent.com/p/AF1QipObJZaJPMe5zbonBZgZ-aBVpu0EmCHs_gQzRV9K=w1024-h960-p-k-no,https://lh5.googleusercontent.com/p/AF1QipPRNUdWh4A5QBF5y3y0RB8zHRUlee4nydopD-J2=w1024-h960-p-k-no,null,SAR 1–20,,null,null,Delivery,Monday 4–11:30 PM  2025-03-31,Tuesday 4–11:30 PM  2025-04-01,Wednesday 4–11:30 PM  2025-04-02,Thursday 4–11:30 PM  2025-04-03,Friday 4–11:30 PM  2025-04-04,Saturday 4–11:30 PM  2025-04-05,Sunday 4–11:30 PM  2025-04-06,,,,,,,
Coffee shop,مقهى كريبريستا,14,4.3,"55M7+MV9, Al Sawari, Al Khobar 34724, Saudi Arabia",SA,Al Khobar,None,null,null, ,https://www.google.com/maps/place/مقهى+كريبريستا/data=!4m5!3m4!1s0x3e49dd9d892270a5:0x13e66dff67f868ca!8m2!3d26.1841722!4d50.16473?authuser=0&hl=en&rclk=1,0x3e49dd9d892270a5:0x13e66dff67f868ca,ChIJpXAiiZ3dST4Rymj4Z_9t5hM,,26.1841722,50.16473,coffee shops,https://lh5.googleusercontent.com/p/AF1QipOfvwUgqvX8Piac0YdCGZJN-HeIhH1KzYVmv2s=w408-h544-k-no,https://lh5.googleusercontent.com/p/AF1QipNSc1ByNM3dPEV1KapajtJg6UZ6aVYPCIRS8kur=w1024-h960-p-k-no,https://lh5.googleusercontent.com/p/AF1QipOd6oTead-uyVng2UCxlN9pRFV_Bgzov4tGaemo=w1024-h960-p-k-no,null,null,None,Temporarily closed,null,null,null,,,,,,,,,,,,,,
Coffee shop,ارت سويت الشراع,255,4.3,"الحسين الوسطي, Al Sheraa, Al Khobar 34741, Saudi Arabia",SA,Al Khobar,None,https://linktr.ee/art_sweet,+966 53 261 6663,"Monday 2:30 PM–2 AM  2025-03-31
Tuesday 2:30 PM–2 AM  2025-04-01
Wednesday 2:30 PM–2 AM  2025-04-02
Thursday 2:30 PM–2 AM  2025-04-03
Friday 2:30 PM–2 AM  2025-04-04
Saturday 2:30 PM–2 AM  2025-04-05
Sunday 2:30 PM–2 AM  2025-04-06
 ",https://www.google.com/maps/place/ارت+سويت+الشراع/data=!4m5!3m4!1s0x3e49dd8cdcb6239b:0xcf9d45fd9c78d9eb!8m2!3d26.1740508!4d50.1525802?authuser=0&hl=en&rclk=1,0x3e49dd8cdcb6239b:0xcf9d45fd9c78d9eb,ChIJmyO23IzdST4R69l4nP1Fnc8,,26.1740508,50.1525802,attractions,https://lh5.googleusercontent.com/p/AF1QipPjvrPD4y93DoFrJ9Oo2-hfxJIOOWBM2ZovWuau=w408-h725-k-no,https://lh5.googleusercontent.com/p/AF1QipOXC_hHCpVIrduocxE-NZF7uFgHy3lysQo0ELW0=w1024-h960-p-k-no,https://lh5.googleusercontent.com/p/CIHM0ogKEICAgMDwop2aiwE=w1024-h960-p-k-no,https://lh5.googleusercontent.com/p/CIHM0ogKEICAgID-qtegCQ=w1024-h960-p-k-no,null,None,,https://plus.codes/55F3+J2 Al Khobar Saudi Arabia,55F3+J2 Al Khobar Saudi Arabia,Delivery,Monday 2:30 PM–2 AM  2025-03-31,Tuesday 2:30 PM–2 AM  2025-04-01,Wednesday 2:30 PM–2 AM  2025-04-02,Thursday 2:30 PM–2 AM  2025-04-03,Friday 2:30 PM–2 AM  2025-04-04,Saturday 2:30 PM–2 AM  2025-04-05,Sunday 2:30 PM–2 AM  2025-04-06,0% busy at 6 AM;0% busy at 7 AM;0% busy at 8 AM;0% busy at 9 AM;0% busy at 10 AM;0% busy at 11 AM;0% busy at 12 PM;0% busy at 1 PM;54% busy at 2 PM;64% busy at 3 PM;76% busy at 4 PM;76% busy at 5 PM;90% busy at 6 PM;96% busy at 7 PM;92% busy at 8 PM;86% busy at 9 PM;74% busy at 10 PM;48% busy at 11 PM;0% busy at 12 AM;0% busy at 1 AM;,0% busy at 6 AM;0% busy at 7 AM;0% busy at 8 AM;0% busy at 9 AM;0% busy at 10 AM;0% busy at 11 AM;0% busy at 12 PM;0% busy at 1 PM;40% busy at 2 PM;58% busy at 3 PM;60% busy at 4 PM;62% busy at 5 PM;50% busy at 6 PM;48% busy at 7 PM;48% busy at 8 PM;62% busy at 9 PM;64% busy at 10 PM;52% busy at 11 PM;0% busy at 12 AM;0% busy at 1 AM;,0% busy at 6 AM;0% busy at 7 AM;0% busy at 8 AM;0% busy at 9 AM;0% busy at 10 AM;0% busy at 11 AM;0% busy at 12 PM;0% busy at 1 PM;50% busy at 2 PM;64% busy at 3 PM;92% busy at 4 PM;98% busy at 5 PM;100% busy at 6 PM;80% busy at 7 PM;74% busy at 8 PM;68% busy at 9 PM;74% busy at 10 PM;74% busy at 11 PM;0% busy at 12 AM;0% busy at 1 AM;,0% busy at 6 AM;0% busy at 7 AM;0% busy at 8 AM;0% busy at 9 AM;0% busy at 10 AM;0% busy at 11 AM;0% busy at 12 PM;0% busy at 1 PM;38% busy at 2 PM;70% busy at 3 PM;94% busy at 4 PM;94% busy at 5 PM;80% busy at 6 PM;64% busy at 7 PM;64% busy at 8 PM;68% busy at 9 PM;78% busy at 10 PM;56% busy at 11 PM;0% busy at 12 AM;0% busy at 1 AM;,0% busy at 6 AM;0% busy at 7 AM;0% busy at 8 AM;0% busy at 9 AM;0% busy at 10 AM;0% busy at 11 AM;0% busy at 12 PM;0% busy at 1 PM;38% busy at 2 PM;60% busy at 3 PM;74% busy at 4 PM;82% busy at 5 PM;92% busy at 6 PM;90% busy at 7 PM;68% busy at 8 PM;66% busy at 9 PM;52% busy at 10 PM;54% busy at 11 PM;0% busy at 12 AM;0% busy at 1 AM;,0% busy at 6 AM;0% busy at 7 AM;0% busy at 8 AM;0% busy at 9 AM;0% busy at 10 AM;0% busy at 11 AM;0% busy at 12 PM;0% busy at 1 PM;44% busy at 2 PM;68% busy at 3 PM;74% busy at 4 PM;78% busy at 5 PM;80% busy at 6 PM;78% busy at 7 PM;72% busy at 8 PM;64% busy at 9 PM;54% busy at 10 PM;48% busy at 11 PM;0% busy at 12 AM;0% busy at 1 AM;,0% busy at 6 AM;0% busy at 7 AM;0% busy at 8 AM;0% busy at 9 AM;0% busy at 10 AM;0% busy at 11 AM;0% busy at 12 PM;0% busy at 1 PM;34% busy at 2 PM;54% busy at 3 PM;76% busy at 4 PM;92% busy at 5 PM;86% busy at 6 PM;82% busy at 7 PM;68% busy at 8 PM;52% busy at 9 PM;38% busy at 10 PM;30% busy at 11 PM;0% busy at 12 AM;0% busy at 1 AM;
Coffee shop,مطعم ومقهى لي بارون Le Baron,89,4.5,"حي, بن عبدالعزيز, Al Tahliyah, طريق الملك فهد, Al Khobar 34715, Saudi Arabia",SA,Al Khobar,None,https://linkfly.to/Lebaronksa,+966 55 741 1105, ,https://www.google.com/maps/place/مطعم+ومقهى+لي+بارون+Le+Baron/data=!4m5!3m4!1s0x3e49c3e5a148ca09:0x54f7d9187577d94e!8m2!3d26.1993497!4d50.2121405?authuser=0&hl=en&rclk=1,0x3e49c3e5a148ca09:0x54f7d9187577d94e,ChIJCcpIoeXDST4RTtl3dRjZ91Q,,26.1993497,50.2121405,restaurants,https://lh5.googleusercontent.com/p/AF1QipPGDP6bRAeuDDkQNmrpxf6XmTmh1OgCkkSJaarU=w408-h544-k-no,https://lh5.googleusercontent.com/p/AF1QipMHTJgSaGPe1m8hbGLn7i-Dt_c7emK1Vuq9VWsH=w1024-h960-p-k-no,https://lh5.googleusercontent.com/p/AF1QipN05SDdmsjqw2PTP3mvILDH6LjKRrczQThFx6gZ=w1024-h960-p-k-no,https://lh5.googleusercontent.com/p/AF1QipNwinTnNk-cJta2u0Brf1yzzv3RSMxyqAlokovG=w1024-h960-p-k-no,null,None,Temporarily closed,https://plus.codes/56X6+PV Al Khobar Saudi Arabia,56X6+PV Al Khobar Saudi Arabia,null,,,,,,,,,,,,,,
Coffee shop,Starbucks,688,4.1,"Beach - Drive thru, King Fahd Road, Al Sawari, Al Khobar 34724, Saudi Arabia",SA,Al Khobar,None,https://locations.starbucks.sa/directory/al-khobar/khobar-beach-drive-thru?utm_source=GMB&utm_medium=Yext&y_source=1_NDI0ODM5ODUtNzE1LWxvY2F0aW9uLndlYnNpdGU%3D,+966 13 667 8531,"Monday Open 24 hours  2025-03-31
Tuesday Open 24 hours  2025-04-01
Wednesday Open 24 hours  2025-04-02
Thursday Open 24 hours  2025-04-03
Friday Open 24 hours  2025-04-04
Saturday Open 24 hours  2025-04-05
Sunday Open 24 hours  2025-04-06
 ",https://www.google.com/maps/place/Starbucks/data=!4m5!3m4!1s0x3e49db758a964003:0x40c6c5cf79eab226!8m2!3d26.1788132!4d50.1640834?authuser=0&hl=en&rclk=1,0x3e49db758a964003:0x40c6c5cf79eab226,ChIJA0CWinXbST4RJrLqec_FxkA,,26.1788132,50.1640834,coffee shops,https://lh5.googleusercontent.com/p/AF1QipMVYJ7GN3intsXqtIpqBWDZ7UthoPzPqOzcSMoE=w408-h240-k-no,https://lh5.googleusercontent.com/p/AF1QipMVYJ7GN3intsXqtIpqBWDZ7UthoPzPqOzcSMoE=w1024-h960-p-k-no,https://lh5.googleusercontent.com/p/AF1QipPsRM6K0FqyG3fZrYSVcvm2iPnQbq0dju7oUo3L=w1024-h960-p-k-no,https://lh5.googleusercontent.com/p/AF1QipMD7J5O_Ool0RVdzGa0Mo0EhzslqIiGfQy4UbmU=w1024-h960-p-k-no,"Seattle-based coffeehouse chain known for its signature roasts, light bites and WiFi availability.",SAR 20–40,,https://plus.codes/55H7+GJ Al Khobar Saudi Arabia,55H7+GJ Al Khobar Saudi Arabia,No-contact delivery,Monday Open 24 hours  2025-03-31,Tuesday Open 24 hours  2025-04-01,Wednesday Open 24 hours  2025-04-02,Thursday Open 24 hours  2025-04-03,Friday Open 24 hours  2025-04-04,Saturday Open 24 hours  2025-04-05,Sunday Open 24 hours  2025-04-06,12% busy at 4 AM;13% busy at 5 AM;21% busy at 6 AM;26% busy at 7 AM;32% busy at 8 AM;34% busy at 9 AM;35% busy at 10 AM;39% busy at 11 AM;44% busy at 12 PM;46% busy at 1 PM;49% busy at 2 PM;51% busy at 3 PM;62% busy at 4 PM;68% busy at 5 PM;76% busy at 6 PM;72% busy at 7 PM;72% busy at 8 PM;62% busy at 9 PM;50% busy at 10 PM;36% busy at 11 PM;24% busy at 12 AM;16% busy at 1 AM;13% busy at 2 AM;10% busy at 3 AM;,6% busy at 4 AM;9% busy at 5 AM;11% busy at 6 AM;16% busy at 7 AM;20% busy at 8 AM;30% busy at 9 AM;34% busy at 10 AM;39% busy at 11 AM;39% busy at 12 PM;42% busy at 1 PM;48% busy at 2 PM;48% busy at 3 PM;56% busy at 4 PM;55% busy at 5 PM;56% busy at 6 PM;59% busy at 7 PM;60% busy at 8 PM;61% busy at 9 PM;55% busy at 10 PM;47% busy at 11 PM;31% busy at 12 AM;18% busy at 1 AM;7% busy at 2 AM;5% busy at 3 AM;,13% busy at 4 AM;15% busy at 5 AM;24% busy at 6 AM;38% busy at 7 AM;46% busy at 8 AM;48% busy at 9 AM;43% busy at 10 AM;48% busy at 11 AM;54% busy at 12 PM;61% busy at 1 PM;66% busy at 2 PM;68% busy at 3 PM;62% busy at 4 PM;55% busy at 5 PM;55% busy at 6 PM;58% busy at 7 PM;61% busy at 8 PM;63% busy at 9 PM;59% busy at 10 PM;55% busy at 11 PM;41% busy at 12 AM;31% busy at 1 AM;20% busy at 2 AM;16% busy at 3 AM;,15% busy at 4 AM;16% busy at 5 AM;23% busy at 6 AM;29% busy at 7 AM;34% busy at 8 AM;37% busy at 9 AM;39% busy at 10 AM;37% busy at 11 AM;42% busy at 12 PM;49% busy at 1 PM;59% busy at 2 PM;66% busy at 3 PM;71% busy at 4 PM;71% busy at 5 PM;74% busy at 6 PM;77% busy at 7 PM;81% busy at 8 PM;84% busy at 9 PM;89% busy at 10 PM;82% busy at 11 PM;51% busy at 12 AM;30% busy at 1 AM;18% busy at 2 AM;15% busy at 3 AM;,10% busy at 4 AM;21% busy at 5 AM;19% busy at 6 AM;22% busy at 7 AM;17% busy at 8 AM;15% busy at 9 AM;19% busy at 10 AM;25% busy at 11 AM;36% busy at 12 PM;47% busy at 1 PM;57% busy at 2 PM;74% busy at 3 PM;88% busy at 4 PM;100% busy at 5 PM;100% busy at 6 PM;91% busy at 7 PM;86% busy at 8 PM;87% busy at 9 PM;86% busy at 10 PM;82% busy at 11 PM;63% busy at 12 AM;37% busy at 1 AM;19% busy at 2 AM;13% busy at 3 AM;,10% busy at 4 AM;13% busy at 5 AM;17% busy at 6 AM;20% busy at 7 AM;19% busy at 8 AM;27% busy at 9 AM;35% busy at 10 AM;44% busy at 11 AM;45% busy at 12 PM;57% busy at 1 PM;68% busy at 2 PM;85% busy at 3 PM;92% busy at 4 PM;79% busy at 5 PM;73% busy at 6 PM;67% busy at 7 PM;75% busy at 8 PM;67% busy at 9 PM;57% busy at 10 PM;44% busy at 11 PM;34% busy at 12 AM;26% busy at 1 AM;15% busy at 2 AM;11% busy at 3 AM;,14% busy at 4 AM;19% busy at 5 AM;20% busy at 6 AM;33% busy at 7 AM;31% busy at 8 AM;39% busy at 9 AM;44% busy at 10 AM;49% busy at 11 AM;46% busy at 12 PM;49% busy at 1 PM;59% busy at 2 PM;63% busy at 3 PM;69% busy at 4 PM;75% busy at 5 PM;75% busy at 6 PM;74% busy at 7 PM;70% busy at 8 PM;61% busy at 9 PM;46% busy at 10 PM;35% busy at 11 PM;26% busy at 12 AM;20% busy at 1 AM;18% busy at 2 AM;17% busy at 3 AM;
Coffee shop,مؤسسة أوقات شرق التجارية,18,4.7,"Al Sawari, Al Khobar 34724, Saudi Arabia",SA,Al Khobar,None,null,null, ,https://www.google.com/maps/place/مؤسسة+أوقات+شرق+التجارية/data=!4m5!3m4!1s0x3e49ddf619e585ad:0xa5e44e8342e2c84b!8m2!3d26.1876015!4d50.160091?authuser=0&hl=en&rclk=1,0x3e49ddf619e585ad:0xa5e44e8342e2c84b,ChIJrYXlGfbdST4RS8jiQoNO5KU,,26.1876015,50.160091,coffee shops,https://lh3.googleusercontent.com/gps-cs-s/AB5caB-V0bgU3LeQWk2gCPNbKzji1hzdYI-uYFVu9SqM0rm-EJM6_1YgenxoCz1vFKwyxD4afazTlekqGobjWQELabhEuKba0OrnmOJp1vTUxAHFS5tLkQWKaH8SwCLvlrJa8sYoOvIW=w408-h725-k-no,https://lh5.googleusercontent.com/p/CIHM0ogKEICAgIClhZvNNQ=w1024-h960-p-k-no,https://lh5.googleusercontent.com/p/CIHM0ogKEICAgIClhZvNswE=w1024-h960-p-k-no,https://lh5.googleusercontent.com/p/CIHM0ogKEICAgIClhZvNFQ=w1024-h960-p-k-no,null,SAR 20–40,,https://plus.codes/55Q6+22 Al Khobar Saudi Arabia,55Q6+22 Al Khobar Saudi Arabia,Delivery,,,,,,,,,,,,,,
Coffee shop,McCafé,46,2.5,"6240 Cooperative Council Rd, حي التعاون, Al Khobar 34632, Saudi Arabia",SA,Al Khobar,None,https://www.mcdonalds.com/sa/en-sa/riyadh.html,+966 800 121 2345,"Monday Open 24 hours  2025-03-31
Tuesday Open 24 hours  2025-04-01
Wednesday Open 24 hours  2025-04-02
Thursday Open 24 hours  2025-04-03
Friday Open 24 hours  2025-04-04
Saturday Open 24 hours  2025-04-05
Sunday Open 24 hours  2025-04-06
 ",https://www.google.com/maps/place/McCafé/data=!4m5!3m4!1s0x3e49dd847d903741:0x6aeb959207ec079c!8m2!3d26.2157387!4d50.1793025?authuser=0&hl=en&rclk=1,0x3e49dd847d903741:0x6aeb959207ec079c,ChIJQTeQfYTdST4RnAfsB5KV62o,,26.2157387,50.1793025,coffee shops,https://lh5.googleusercontent.com/p/AF1QipPoz2-TgnkiHdF19fFJJNFD5KcHI4YaJu-HmNYr=w408-h345-k-no,https://lh5.googleusercontent.com/p/AF1QipPoz2-TgnkiHdF19fFJJNFD5KcHI4YaJu-HmNYr=w1024-h960-p-k-no,https://lh5.googleusercontent.com/p/AF1QipN_7rtV6y5y4jee_dBlCMR-WJB1UnY7387h4v4J=w1024-h960-p-k-no,https://lh5.googleusercontent.com/p/CIHM0ogKEICAgIC7zL-V6QE=w1024-h960-p-k-no,"Classic, long-running fast-food chain known for its burgers & fries.",SAR 20–40,,https://plus.codes/658H+7P Al Khobar Saudi Arabia,658H+7P Al Khobar Saudi Arabia,Takeout,Monday Open 24 hours  2025-03-31,Tuesday Open 24 hours  2025-04-01,Wednesday Open 24 hours  2025-04-02,Thursday Open 24 hours  2025-04-03,Friday Open 24 hours  2025-04-04,Saturday Open 24 hours  2025-04-05,Sunday Open 24 hours  2025-04-06,41% busy at 4 AM;23% busy at 5 AM;17% busy at 6 AM;11% busy at 7 AM;23% busy at 8 AM;29% busy at 9 AM;41% busy at 10 AM;29% busy at 11 AM;35% busy at 12 PM;47% busy at 1 PM;35% busy at 2 PM;29% busy at 3 PM;23% busy at 4 PM;11% busy at 5 PM;23% busy at 6 PM;41% busy at 7 PM;47% busy at 8 PM;52% busy at 9 PM;35% busy at 10 PM;23% busy at 11 PM;11% busy at 12 AM;17% busy at 1 AM;47% busy at 2 AM;41% busy at 3 AM;,41% busy at 4 AM;41% busy at 5 AM;35% busy at 6 AM;17% busy at 7 AM;11% busy at 8 AM;11% busy at 9 AM;11% busy at 10 AM;17% busy at 11 AM;35% busy at 12 PM;17% busy at 1 PM;11% busy at 2 PM;11% busy at 3 PM;17% busy at 4 PM;23% busy at 5 PM;52% busy at 6 PM;52% busy at 7 PM;58% busy at 8 PM;52% busy at 9 PM;52% busy at 10 PM;35% busy at 11 PM;47% busy at 12 AM;47% busy at 1 AM;29% busy at 2 AM;23% busy at 3 AM;,23% busy at 4 AM;17% busy at 5 AM;29% busy at 6 AM;41% busy at 7 AM;52% busy at 8 AM;47% busy at 9 AM;47% busy at 10 AM;29% busy at 11 AM;35% busy at 12 PM;23% busy at 1 PM;29% busy at 2 PM;23% busy at 3 PM;41% busy at 4 PM;64% busy at 5 PM;47% busy at 6 PM;41% busy at 7 PM;29% busy at 8 PM;41% busy at 9 PM;35% busy at 10 PM;64% busy at 11 PM;70% busy at 12 AM;64% busy at 1 AM;64% busy at 2 AM;41% busy at 3 AM;,41% busy at 4 AM;41% busy at 5 AM;35% busy at 6 AM;29% busy at 7 AM;35% busy at 8 AM;11% busy at 9 AM;5% busy at 10 AM;5% busy at 11 AM;17% busy at 12 PM;23% busy at 1 PM;29% busy at 2 PM;52% busy at 3 PM;76% busy at 4 PM;58% busy at 5 PM;52% busy at 6 PM;41% busy at 7 PM;29% busy at 8 PM;23% busy at 9 PM;29% busy at 10 PM;47% busy at 11 PM;70% busy at 12 AM;47% busy at 1 AM;29% busy at 2 AM;29% busy at 3 AM;,64% busy at 4 AM;58% busy at 5 AM;52% busy at 6 AM;35% busy at 7 AM;11% busy at 8 AM;5% busy at 9 AM;0% busy at 10 AM;5% busy at 11 AM;17% busy at 12 PM;17% busy at 1 PM;23% busy at 2 PM;35% busy at 3 PM;70% busy at 4 PM;76% busy at 5 PM;82% busy at 6 PM;58% busy at 7 PM;47% busy at 8 PM;29% busy at 9 PM;23% busy at 10 PM;11% busy at 11 PM;23% busy at 12 AM;35% busy at 1 AM;41% busy at 2 AM;47% busy at 3 AM;,29% busy at 4 AM;17% busy at 5 AM;35% busy at 6 AM;41% busy at 7 AM;41% busy at 8 AM;35% busy at 9 AM;52% busy at 10 AM;64% busy at 11 AM;58% busy at 12 PM;64% busy at 1 PM;58% busy at 2 PM;58% busy at 3 PM;58% busy at 4 PM;47% busy at 5 PM;47% busy at 6 PM;52% busy at 7 PM;58% busy at 8 PM;70% busy at 9 PM;52% busy at 10 PM;52% busy at 11 PM;23% busy at 12 AM;35% busy at 1 AM;35% busy at 2 AM;29% busy at 3 AM;,82% busy at 4 AM;47% busy at 5 AM;47% busy at 6 AM;23% busy at 7 AM;41% busy at 8 AM;35% busy at 9 AM;41% busy at 10 AM;64% busy at 11 AM;76% busy at 12 PM;88% busy at 1 PM;100% busy at 2 PM;76% busy at 3 PM;64% busy at 4 PM;35% busy at 5 PM;29% busy at 6 PM;41% busy at 7 PM;70% busy at 8 PM;47% busy at 9 PM;52% busy at 10 PM;35% busy at 11 PM;17% busy at 12 AM;23% busy at 1 AM;47% busy at 2 AM;76% busy at 3 AM;
Coffee shop,محمصة ومقهى تشارت | CHART,114,4.7,"العزيزية, Al Khobar 34712, Saudi Arabia",SA,Al Khobar,None,https://chart.com.sa/,+966 55 219 9901,"Monday 6 AM–1 AM  2025-03-31
Tuesday 6 AM–1 AM  2025-04-01
Wednesday 6 AM–12 AM  2025-04-02
Thursday 6 AM–1 AM  2025-04-03
Friday 12 PM–1 AM  2025-04-04
Saturday 6 AM–12 AM  2025-04-05
Sunday 8 AM–1 AM  2025-04-06
 ",https://www.google.com/maps/place/محمصة+ومقهى+تشارت+|+CHART/data=!4m5!3m4!1s0x3e49c39bbbea3685:0xafe76816eeb4e638!8m2!3d26.1996444!4d50.1843689?authuser=0&hl=en&rclk=1,0x3e49c39bbbea3685:0xafe76816eeb4e638,ChIJhTbqu5vDST4ROOa07hZo568,,26.1996444,50.1843689,cafes,https://lh3.googleusercontent.com/gps-cs-s/AB5caB8eUmjtTIWHfNgCn2zrztyCSbtT1XrT9R66nnGaSiZCbcnJZ35zalpUexdEjH0yX-1Y7qwHvAVe1BpYrpalKF5fHn6SDVDtqmf5NxA2vmkVmk8o8YmVNU2_pEEmHj-CyCRFZTDN0w=w408-h544-k-no,https://lh5.googleusercontent.com/p/AF1QipP09dAq3dsTqErVkfCrwW-hSkkm_qCasdCL89io=w1024-h960-p-k-no,https://lh5.googleusercontent.com/p/AF1QipPkx5XxhGW2rjegmw1b4o1OndwRvy5OT9XwS5JX=w1024-h960-p-k-no,https://lh5.googleusercontent.com/p/AF1QipNtKCOhXsSf_x5HPB1dPGlByf4hnJRJiUi1TfdU=w1024-h960-p-k-no,null,SAR 20–40,,https://plus.codes/55XM+VP Al Khobar Saudi Arabia,55XM+VP Al Khobar Saudi Arabia,No-contact delivery,Monday 6 AM–1 AM  2025-03-31,Tuesday 6 AM–1 AM  2025-04-01,Wednesday 6 AM–12 AM  2025-04-02,Thursday 6 AM–1 AM  2025-04-03,Friday 12 PM–1 AM  2025-04-04,Saturday 6 AM–12 AM  2025-04-05,Sunday 8 AM–1 AM  2025-04-06,0% busy at 5 AM;7% busy at 6 AM;11% busy at 7 AM;15% busy at 8 AM;30% busy at 9 AM;26% busy at 10 AM;30% busy at 11 AM;26% busy at 12 PM;38% busy at 1 PM;46% busy at 2 PM;61% busy at 3 PM;69% busy at 4 PM;65% busy at 5 PM;61% busy at 6 PM;50% busy at 7 PM;57% busy at 8 PM;53% busy at 9 PM;46% busy at 10 PM;38% busy at 11 PM;0% busy at 12 AM;,0% busy at 5 AM;19% busy at 6 AM;11% busy at 7 AM;23% busy at 8 AM;30% busy at 9 AM;38% busy at 10 AM;46% busy at 11 AM;50% busy at 12 PM;53% busy at 1 PM;53% busy at 2 PM;42% busy at 3 PM;46% busy at 4 PM;50% busy at 5 PM;65% busy at 6 PM;69% busy at 7 PM;80% busy at 8 PM;76% busy at 9 PM;73% busy at 10 PM;65% busy at 11 PM;0% busy at 12 AM;,0% busy at 5 AM;15% busy at 6 AM;15% busy at 7 AM;26% busy at 8 AM;30% busy at 9 AM;38% busy at 10 AM;46% busy at 11 AM;46% busy at 12 PM;46% busy at 1 PM;46% busy at 2 PM;50% busy at 3 PM;53% busy at 4 PM;61% busy at 5 PM;50% busy at 6 PM;42% busy at 7 PM;42% busy at 8 PM;50% busy at 9 PM;76% busy at 10 PM;53% busy at 11 PM;,0% busy at 5 AM;15% busy at 6 AM;15% busy at 7 AM;26% busy at 8 AM;46% busy at 9 AM;57% busy at 10 AM;69% busy at 11 AM;65% busy at 12 PM;57% busy at 1 PM;46% busy at 2 PM;57% busy at 3 PM;57% busy at 4 PM;65% busy at 5 PM;57% busy at 6 PM;73% busy at 7 PM;92% busy at 8 PM;80% busy at 9 PM;69% busy at 10 PM;65% busy at 11 PM;50% busy at 12 AM;,0% busy at 6 AM;0% busy at 7 AM;0% busy at 8 AM;0% busy at 9 AM;0% busy at 10 AM;0% busy at 11 AM;34% busy at 12 PM;30% busy at 1 PM;34% busy at 2 PM;42% busy at 3 PM;61% busy at 4 PM;76% busy at 5 PM;76% busy at 6 PM;80% busy at 7 PM;73% busy at 8 PM;53% busy at 9 PM;50% busy at 10 PM;42% busy at 11 PM;34% busy at 12 AM;,0% busy at 5 AM;19% busy at 6 AM;19% busy at 7 AM;34% busy at 8 AM;53% busy at 9 AM;69% busy at 10 AM;57% busy at 11 AM;53% busy at 12 PM;57% busy at 1 PM;53% busy at 2 PM;69% busy at 3 PM;76% busy at 4 PM;92% busy at 5 PM;100% busy at 6 PM;96% busy at 7 PM;92% busy at 8 PM;76% busy at 9 PM;65% busy at 10 PM;46% busy at 11 PM;,0% busy at 6 AM;0% busy at 7 AM;15% busy at 8 AM;19% busy at 9 AM;34% busy at 10 AM;42% busy at 11 AM;50% busy at 12 PM;38% busy at 1 PM;19% busy at 2 PM;23% busy at 3 PM;26% busy at 4 PM;42% busy at 5 PM;38% busy at 6 PM;38% busy at 7 PM;38% busy at 8 PM;30% busy at 9 PM;42% busy at 10 PM;30% busy at 11 PM;0% busy at 12 AM;
Coffee shop,Dunkin' - دانكن,316,3.9,"Al Tahliyah, Al Khobar 34716, Saudi Arabia",SA,Al Khobar,None,https://www.dunkinksa.com/,+966 800 128 8999,"Monday 6 AM–12 AM  2025-03-31
Tuesday 6 AM–12 AM  2025-04-01
Wednesday 6 AM–12 AM  2025-04-02
Thursday 6 AM–12 AM  2025-04-03
Friday 6 AM–12 AM  2025-04-04
Saturday 6 AM–12 AM  2025-04-05
Sunday 6 AM–12 AM  2025-04-06
 ",https://www.google.com/maps/place/Dunkin'+-+دانكن/data=!4m5!3m4!1s0x3e49c356e9530055:0xbb3ef1cacda16f3b!8m2!3d26.1908125!4d50.1899375?authuser=0&hl=en&rclk=1,0x3e49c356e9530055:0xbb3ef1cacda16f3b,ChIJVQBT6VbDST4RO2-hzcrxPrs,,26.1908125,50.1899375,coffee shops,https://lh3.googleusercontent.com/gps-cs-s/AB5caB_bBINxzKsaOqZ-PqpQOwxDahFMn26pydc8UtTInB3EyJYPGzBEm4I6OhA3w-x8A94_OuiBlqWTnA9AxPT-8KRGFRN9TmFdqtF0MIFM0PDiPZzOgvjrNqwvv__fwkHNBdv_SrPC=w408-h544-k-no,https://lh5.googleusercontent.com/p/AF1QipP0ZAr8a4-XZnHBTkVDeAqvIxRG57Y0fkAcfl8J=w1024-h960-p-k-no,https://lh5.googleusercontent.com/p/AF1QipMaidI34smTf6hcqdLUIuk2QhmSE4cNVoufWPCi=w1024-h960-p-k-no,https://lh5.googleusercontent.com/p/AF1QipMMdbDtGRGaNozMh0191R9Pu620_erReEEuFb0H=w1024-h960-p-k-no,Long-running chain serving signature breakfast items & a variety of coffee drinks.,SAR 1–20,,https://plus.codes/55RQ+8X Al Khobar Saudi Arabia,55RQ+8X Al Khobar Saudi Arabia,Delivery,Monday 6 AM–12 AM  2025-03-31,Tuesday 6 AM–12 AM  2025-04-01,Wednesday 6 AM–12 AM  2025-04-02,Thursday 6 AM–12 AM  2025-04-03,Friday 6 AM–12 AM  2025-04-04,Saturday 6 AM–12 AM  2025-04-05,Sunday 6 AM–12 AM  2025-04-06,0% busy at 5 AM;23% busy at 6 AM;30% busy at 7 AM;32% busy at 8 AM;45% busy at 9 AM;49% busy at 10 AM;61% busy at 11 AM;64% busy at 12 PM;52% busy at 1 PM;46% busy at 2 PM;50% busy at 3 PM;60% busy at 4 PM;54% busy at 5 PM;56% busy at 6 PM;46% busy at 7 PM;49% busy at 8 PM;42% busy at 9 PM;33% busy at 10 PM;35% busy at 11 PM;,0% busy at 5 AM;23% busy at 6 AM;28% busy at 7 AM;36% busy at 8 AM;39% busy at 9 AM;39% busy at 10 AM;39% busy at 11 AM;40% busy at 12 PM;42% busy at 1 PM;49% busy at 2 PM;56% busy at 3 PM;54% busy at 4 PM;60% busy at 5 PM;66% busy at 6 PM;73% busy at 7 PM;63% busy at 8 PM;50% busy at 9 PM;46% busy at 10 PM;54% busy at 11 PM;,0% busy at 5 AM;52% busy at 6 AM;50% busy at 7 AM;43% busy at 8 AM;30% busy at 9 AM;25% busy at 10 AM;32% busy at 11 AM;40% busy at 12 PM;53% busy at 1 PM;45% busy at 2 PM;57% busy at 3 PM;49% busy at 4 PM;59% busy at 5 PM;54% busy at 6 PM;71% busy at 7 PM;66% busy at 8 PM;71% busy at 9 PM;63% busy at 10 PM;54% busy at 11 PM;,0% busy at 5 AM;33% busy at 6 AM;40% busy at 7 AM;42% busy at 8 AM;39% busy at 9 AM;35% busy at 10 AM;35% busy at 11 AM;38% busy at 12 PM;40% busy at 1 PM;39% busy at 2 PM;33% busy at 3 PM;42% busy at 4 PM;47% busy at 5 PM;54% busy at 6 PM;66% busy at 7 PM;73% busy at 8 PM;71% busy at 9 PM;70% busy at 10 PM;63% busy at 11 PM;,0% busy at 5 AM;19% busy at 6 AM;29% busy at 7 AM;39% busy at 8 AM;50% busy at 9 AM;38% busy at 10 AM;47% busy at 11 AM;47% busy at 12 PM;60% busy at 1 PM;52% busy at 2 PM;66% busy at 3 PM;67% busy at 4 PM;84% busy at 5 PM;97% busy at 6 PM;95% busy at 7 PM;90% busy at 8 PM;100% busy at 9 PM;98% busy at 10 PM;83% busy at 11 PM;,0% busy at 5 AM;22% busy at 6 AM;36% busy at 7 AM;42% busy at 8 AM;45% busy at 9 AM;36% busy at 10 AM;32% busy at 11 AM;38% busy at 12 PM;47% busy at 1 PM;60% busy at 2 PM;73% busy at 3 PM;71% busy at 4 PM;70% busy at 5 PM;70% busy at 6 PM;81% busy at 7 PM;67% busy at 8 PM;57% busy at 9 PM;49% busy at 10 PM;32% busy at 11 PM;,0% busy at 5 AM;23% busy at 6 AM;22% busy at 7 AM;26% busy at 8 AM;35% busy at 9 AM;30% busy at 10 AM;35% busy at 11 AM;33% busy at 12 PM;47% busy at 1 PM;47% busy at 2 PM;53% busy at 3 PM;63% busy at 4 PM;76% busy at 5 PM;73% busy at 6 PM;76% busy at 7 PM;63% busy at 8 PM;74% busy at 9 PM;66% busy at 10 PM;53% busy at 11 PM;
Coffee shop,مقهى ما بعد العاشرة,351,4,"Al Tahliyah, Al Khobar 34716, Saudi Arabia",SA,Al Khobar,None,https://www.instagram.com/after10_cafee,+966 53 341 0698,"Monday Open 24 hours  2025-03-31
Tuesday Open 24 hours  2025-04-01
Wednesday Open 24 hours  2025-04-02
Thursday Open 24 hours  2025-04-03
Friday Open 24 hours  2025-04-04
Saturday Open 24 hours  2025-04-05
Sunday Open 24 hours  2025-04-06
 ",https://www.google.com/maps/place/مقهى+ما+بعد+العاشرة/data=!4m5!3m4!1s0x3e49c574cc263153:0xaaec65a9c2b1e3ce!8m2!3d26.1854822!4d50.1860438?authuser=0&hl=en&rclk=1,0x3e49c574cc263153:0xaaec65a9c2b1e3ce,ChIJUzEmzHTFST4RzuOxwqll7Ko,,26.1854822,50.1860438,coffee shops,https://lh5.googleusercontent.com/p/AF1QipMMgWpv-T_xhkAYQn7XLT7cp2BQj-RqWkQ8BLjV=w408-h544-k-no,https://lh5.googleusercontent.com/p/AF1QipM_tnhcBWdvnQgbmjVhXZJO8uYvPJNrYkQjsKLA=w1024-h960-p-k-no,https://lh5.googleusercontent.com/p/AF1QipO-uh-emuRWJwxiRMOlBeYRsc5ehHLB_sReDpzU=w1024-h960-p-k-no,https://lh5.googleusercontent.com/p/AF1QipM25XKga4nLBTge9SfabGe0tiL5jmCqju-I4OM4=w1024-h960-p-k-no,null,SAR 40–60,,https://plus.codes/55PP+5C Al Khobar Saudi Arabia,55PP+5C Al Khobar Saudi Arabia,No-contact delivery,Monday Open 24 hours  2025-03-31,Tuesday Open 24 hours  2025-04-01,Wednesday Open 24 hours  2025-04-02,Thursday Open 24 hours  2025-04-03,Friday Open 24 hours  2025-04-04,Saturday Open 24 hours  2025-04-05,Sunday Open 24 hours  2025-04-06,8% busy at 4 AM;0% busy at 5 AM;0% busy at 6 AM;5% busy at 7 AM;9% busy at 8 AM;12% busy at 9 AM;21% busy at 10 AM;42% busy at 11 AM;75% busy at 12 PM;92% busy at 1 PM;90% busy at 2 PM;74% busy at 3 PM;60% busy at 4 PM;50% busy at 5 PM;45% busy at 6 PM;50% busy at 7 PM;55% busy at 8 PM;63% busy at 9 PM;57% busy at 10 PM;50% busy at 11 PM;32% busy at 12 AM;21% busy at 1 AM;18% busy at 2 AM;12% busy at 3 AM;,7% busy at 4 AM;0% busy at 5 AM;0% busy at 6 AM;5% busy at 7 AM;5% busy at 8 AM;9% busy at 9 AM;23% busy at 10 AM;54% busy at 11 AM;84% busy at 12 PM;98% busy at 1 PM;90% busy at 2 PM;67% busy at 3 PM;49% busy at 4 PM;40% busy at 5 PM;43% busy at 6 PM;53% busy at 7 PM;64% busy at 8 PM;70% busy at 9 PM;71% busy at 10 PM;64% busy at 11 PM;45% busy at 12 AM;30% busy at 1 AM;17% busy at 2 AM;10% busy at 3 AM;,9% busy at 4 AM;0% busy at 5 AM;0% busy at 6 AM;7% busy at 7 AM;6% busy at 8 AM;9% busy at 9 AM;25% busy at 10 AM;52% busy at 11 AM;87% busy at 12 PM;100% busy at 1 PM;94% busy at 2 PM;77% busy at 3 PM;54% busy at 4 PM;44% busy at 5 PM;43% busy at 6 PM;51% busy at 7 PM;54% busy at 8 PM;61% busy at 9 PM;57% busy at 10 PM;56% busy at 11 PM;42% busy at 12 AM;32% busy at 1 AM;19% busy at 2 AM;12% busy at 3 AM;,12% busy at 4 AM;0% busy at 5 AM;0% busy at 6 AM;5% busy at 7 AM;8% busy at 8 AM;13% busy at 9 AM;29% busy at 10 AM;53% busy at 11 AM;79% busy at 12 PM;91% busy at 1 PM;82% busy at 2 PM;66% busy at 3 PM;50% busy at 4 PM;45% busy at 5 PM;48% busy at 6 PM;54% busy at 7 PM;67% busy at 8 PM;78% busy at 9 PM;84% busy at 10 PM;84% busy at 11 PM;71% busy at 12 AM;58% busy at 1 AM;37% busy at 2 AM;24% busy at 3 AM;,10% busy at 4 AM;0% busy at 5 AM;0% busy at 6 AM;0% busy at 7 AM;0% busy at 8 AM;0% busy at 9 AM;0% busy at 10 AM;0% busy at 11 AM;45% busy at 12 PM;64% busy at 1 PM;66% busy at 2 PM;59% busy at 3 PM;55% busy at 4 PM;53% busy at 5 PM;49% busy at 6 PM;45% busy at 7 PM;57% busy at 8 PM;73% busy at 9 PM;87% busy at 10 PM;78% busy at 11 PM;57% busy at 12 AM;39% busy at 1 AM;24% busy at 2 AM;15% busy at 3 AM;,7% busy at 4 AM;0% busy at 5 AM;0% busy at 6 AM;7% busy at 7 AM;11% busy at 8 AM;14% busy at 9 AM;24% busy at 10 AM;42% busy at 11 AM;64% busy at 12 PM;80% busy at 1 PM;79% busy at 2 PM;67% busy at 3 PM;64% busy at 4 PM;62% busy at 5 PM;61% busy at 6 PM;57% busy at 7 PM;65% busy at 8 PM;66% busy at 9 PM;68% busy at 10 PM;59% busy at 11 PM;48% busy at 12 AM;32% busy at 1 AM;19% busy at 2 AM;12% busy at 3 AM;,6% busy at 4 AM;0% busy at 5 AM;0% busy at 6 AM;10% busy at 7 AM;9% busy at 8 AM;12% busy at 9 AM;23% busy at 10 AM;49% busy at 11 AM;78% busy at 12 PM;98% busy at 1 PM;86% busy at 2 PM;71% busy at 3 PM;59% busy at 4 PM;56% busy at 5 PM;47% busy at 6 PM;42% busy at 7 PM;49% busy at 8 PM;58% busy at 9 PM;55% busy at 10 PM;45% busy at 11 PM;30% busy at 12 AM;22% busy at 1 AM;15% busy at 2 AM;9% busy at 3 AM;
Coffee shop,دوح وشاهي,319,3.7,"العزيزيه 12345, Saudi Arabia",SA,Al Khobar,None,null,+966 50 399 9297,"Monday Open 24 hours  2025-03-31
Tuesday Open 24 hours  2025-04-01
Wednesday Open 24 hours  2025-04-02
Thursday Open 24 hours  2025-04-03
Friday Open 24 hours  2025-04-04
Saturday Open 24 hours  2025-04-05
Sunday Open 24 hours  2025-04-06
 ",https://www.google.com/maps/place/دوح+وشاهي/data=!4m5!3m4!1s0x3e49dd95dd203b07:0x7298428464a55eb8!8m2!3d26.183931!4d50.1647749?authuser=0&hl=en&rclk=1,0x3e49dd95dd203b07:0x7298428464a55eb8,ChIJBzsg3ZXdST4RuF6lZIRCmHI,,26.183931,50.1647749,coffee shops,https://lh3.googleusercontent.com/gps-cs-s/AB5caB-i-kwiHnPBLfMkpSndl9cgdEF0f--F9vgvOu88pwhwVfE8pI0FjqK7rlBWuvkMSLU4gprgwkr9cY8vl7V2szLc7tEMC-Hml3b-qGyQ57SypgwEW6M7EZe0Zh_fLTyzNhI9rlk0=w408-h544-k-no,https://lh5.googleusercontent.com/p/AF1QipMyxXWFfnT331cBWYN3ai3Y-VRfuY6iiJfe0wvI=w1024-h960-p-k-no,https://lh5.googleusercontent.com/p/AF1QipNZ7m-CzobipSmERPsRhilOFnXaz5MlN1f1Z9Ib=w1024-h960-p-k-no,https://lh5.googleusercontent.com/p/AF1QipOLEV5vQi6FSb3JRvtaPtwuZlM0V8y0nd6zDG36=w1024-h960-p-k-no,null,SAR 1–20,,https://plus.codes/55M7+HW Al Khobar Saudi Arabia,55M7+HW Al Khobar Saudi Arabia,No-contact delivery,Monday Open 24 hours  2025-03-31,Tuesday Open 24 hours  2025-04-01,Wednesday Open 24 hours  2025-04-02,Thursday Open 24 hours  2025-04-03,Friday Open 24 hours  2025-04-04,Saturday Open 24 hours  2025-04-05,Sunday Open 24 hours  2025-04-06,9% busy at 4 AM;4% busy at 5 AM;9% busy at 6 AM;23% busy at 7 AM;23% busy at 8 AM;28% busy at 9 AM;23% busy at 10 AM;23% busy at 11 AM;21% busy at 12 PM;19% busy at 1 PM;19% busy at 2 PM;28% busy at 3 PM;35% busy at 4 PM;50% busy at 5 PM;45% busy at 6 PM;52% busy at 7 PM;47% busy at 8 PM;59% busy at 9 PM;59% busy at 10 PM;57% busy at 11 PM;38% busy at 12 AM;26% busy at 1 AM;14% busy at 2 AM;14% busy at 3 AM;,35% busy at 4 AM;28% busy at 5 AM;23% busy at 6 AM;19% busy at 7 AM;23% busy at 8 AM;19% busy at 9 AM;28% busy at 10 AM;28% busy at 11 AM;33% busy at 12 PM;26% busy at 1 PM;30% busy at 2 PM;33% busy at 3 PM;35% busy at 4 PM;30% busy at 5 PM;23% busy at 6 PM;21% busy at 7 PM;28% busy at 8 PM;28% busy at 9 PM;26% busy at 10 PM;23% busy at 11 PM;26% busy at 12 AM;19% busy at 1 AM;19% busy at 2 AM;23% busy at 3 AM;,28% busy at 4 AM;16% busy at 5 AM;11% busy at 6 AM;11% busy at 7 AM;19% busy at 8 AM;21% busy at 9 AM;11% busy at 10 AM;11% busy at 11 AM;16% busy at 12 PM;21% busy at 1 PM;33% busy at 2 PM;35% busy at 3 PM;33% busy at 4 PM;33% busy at 5 PM;26% busy at 6 PM;26% busy at 7 PM;19% busy at 8 PM;26% busy at 9 PM;35% busy at 10 PM;47% busy at 11 PM;45% busy at 12 AM;42% busy at 1 AM;33% busy at 2 AM;35% busy at 3 AM;,19% busy at 4 AM;23% busy at 5 AM;26% busy at 6 AM;35% busy at 7 AM;26% busy at 8 AM;33% busy at 9 AM;19% busy at 10 AM;21% busy at 11 AM;9% busy at 12 PM;19% busy at 1 PM;19% busy at 2 PM;26% busy at 3 PM;33% busy at 4 PM;35% busy at 5 PM;38% busy at 6 PM;40% busy at 7 PM;50% busy at 8 PM;59% busy at 9 PM;83% busy at 10 PM;100% busy at 11 PM;90% busy at 12 AM;69% busy at 1 AM;50% busy at 2 AM;26% busy at 3 AM;,30% busy at 4 AM;19% busy at 5 AM;9% busy at 6 AM;7% busy at 7 AM;11% busy at 8 AM;16% busy at 9 AM;14% busy at 10 AM;19% busy at 11 AM;16% busy at 12 PM;21% busy at 1 PM;33% busy at 2 PM;42% busy at 3 PM;47% busy at 4 PM;47% busy at 5 PM;54% busy at 6 PM;59% busy at 7 PM;64% busy at 8 PM;69% busy at 9 PM;64% busy at 10 PM;73% busy at 11 PM;52% busy at 12 AM;47% busy at 1 AM;35% busy at 2 AM;35% busy at 3 AM;,19% busy at 4 AM;16% busy at 5 AM;19% busy at 6 AM;19% busy at 7 AM;14% busy at 8 AM;14% busy at 9 AM;16% busy at 10 AM;23% busy at 11 AM;28% busy at 12 PM;33% busy at 1 PM;45% busy at 2 PM;47% busy at 3 PM;38% busy at 4 PM;28% busy at 5 PM;30% busy at 6 PM;47% busy at 7 PM;57% busy at 8 PM;42% busy at 9 PM;42% busy at 10 PM;35% busy at 11 PM;42% busy at 12 AM;30% busy at 1 AM;26% busy at 2 AM;14% busy at 3 AM;,23% busy at 4 AM;28% busy at 5 AM;19% busy at 6 AM;14% busy at 7 AM;7% busy at 8 AM;11% busy at 9 AM;9% busy at 10 AM;14% busy at 11 AM;14% busy at 12 PM;16% busy at 1 PM;19% busy at 2 PM;26% busy at 3 PM;26% busy at 4 PM;30% busy at 5 PM;33% busy at 6 PM;50% busy at 7 PM;57% busy at 8 PM;54% busy at 9 PM;59% busy at 10 PM;61% busy at 11 PM;57% busy at 12 AM;52% busy at 1 AM;42% busy at 2 AM;33% busy at 3 AM;
Coffee shop,Dunkin' - دانكن,867,4.1,"3185 King Khalid Rd, Al Khuzama, Al Khobar 34719, Saudi Arabia",SA,Al Khobar,None,https://www.dunkinksa.com/,+966 800 128 8999,"Monday Open 24 hours  2025-03-31
Tuesday Open 24 hours  2025-04-01
Wednesday Open 24 hours  2025-04-02
Thursday Open 24 hours  2025-04-03
Friday Open 24 hours  2025-04-04
Saturday Open 24 hours  2025-04-05
Sunday Open 24 hours  2025-04-06
 ",https://www.google.com/maps/place/Dunkin'+-+دانكن/data=!4m5!3m4!1s0x3e49c3457915721d:0xf4808707a66a511!8m2!3d26.200622!4d50.194707?authuser=0&hl=en&rclk=1,0x3e49c3457915721d:0xf4808707a66a511,ChIJHXIVeUXDST4REaVmenAISA8,,26.200622,50.194707,coffee shops,https://lh5.googleusercontent.com/p/AF1QipOW7GfyALQtMOXigwFtlUZT0VM6YxphiHy8BK_2=w408-h544-k-no,https://lh5.googleusercontent.com/p/AF1QipO4oC6zB_0faejlLi9F9swDJAKvDhLioFZbgbYL=w1024-h960-p-k-no,https://lh5.googleusercontent.com/p/AF1QipMx5FtanR7omRC3lZVrPgRyrECLgwGvZWH6Njtx=w1024-h960-p-k-no,https://lh5.googleusercontent.com/p/AF1QipMxzpz1RERyeKvto9ftFD3u4ZDs_i2WTCO3YsSi=w1024-h960-p-k-no,Long-running chain serving signature breakfast items & a variety of coffee drinks.,SAR 1–20,,https://plus.codes/652V+6V Al Khobar Saudi Arabia,652V+6V Al Khobar Saudi Arabia,Dine-in,Monday Open 24 hours  2025-03-31,Tuesday Open 24 hours  2025-04-01,Wednesday Open 24 hours  2025-04-02,Thursday Open 24 hours  2025-04-03,Friday Open 24 hours  2025-04-04,Saturday Open 24 hours  2025-04-05,Sunday Open 24 hours  2025-04-06,35% busy at 4 AM;39% busy at 5 AM;50% busy at 6 AM;78% busy at 7 AM;82% busy at 8 AM;78% busy at 9 AM;71% busy at 10 AM;64% busy at 11 AM;60% busy at 12 PM;60% busy at 1 PM;57% busy at 2 PM;50% busy at 3 PM;42% busy at 4 PM;46% busy at 5 PM;46% busy at 6 PM;32% busy at 7 PM;28% busy at 8 PM;35% busy at 9 PM;46% busy at 10 PM;57% busy at 11 PM;67% busy at 12 AM;60% busy at 1 AM;46% busy at 2 AM;42% busy at 3 AM;,10% busy at 4 AM;21% busy at 5 AM;32% busy at 6 AM;50% busy at 7 AM;53% busy at 8 AM;67% busy at 9 AM;53% busy at 10 AM;42% busy at 11 AM;42% busy at 12 PM;32% busy at 1 PM;28% busy at 2 PM;25% busy at 3 PM;35% busy at 4 PM;35% busy at 5 PM;50% busy at 6 PM;53% busy at 7 PM;50% busy at 8 PM;53% busy at 9 PM;53% busy at 10 PM;71% busy at 11 PM;60% busy at 12 AM;46% busy at 1 AM;21% busy at 2 AM;10% busy at 3 AM;,32% busy at 4 AM;42% busy at 5 AM;64% busy at 6 AM;96% busy at 7 AM;92% busy at 8 AM;75% busy at 9 AM;60% busy at 10 AM;46% busy at 11 AM;32% busy at 12 PM;32% busy at 1 PM;28% busy at 2 PM;32% busy at 3 PM;32% busy at 4 PM;50% busy at 5 PM;42% busy at 6 PM;42% busy at 7 PM;25% busy at 8 PM;32% busy at 9 PM;28% busy at 10 PM;46% busy at 11 PM;35% busy at 12 AM;42% busy at 1 AM;39% busy at 2 AM;39% busy at 3 AM;,46% busy at 4 AM;46% busy at 5 AM;57% busy at 6 AM;71% busy at 7 AM;64% busy at 8 AM;46% busy at 9 AM;35% busy at 10 AM;17% busy at 11 AM;28% busy at 12 PM;46% busy at 1 PM;71% busy at 2 PM;60% busy at 3 PM;60% busy at 4 PM;53% busy at 5 PM;57% busy at 6 PM;60% busy at 7 PM;64% busy at 8 PM;75% busy at 9 PM;71% busy at 10 PM;67% busy at 11 PM;67% busy at 12 AM;78% busy at 1 AM;85% busy at 2 AM;67% busy at 3 AM;,25% busy at 4 AM;21% busy at 5 AM;25% busy at 6 AM;35% busy at 7 AM;28% busy at 8 AM;39% busy at 9 AM;35% busy at 10 AM;39% busy at 11 AM;35% busy at 12 PM;50% busy at 1 PM;46% busy at 2 PM;46% busy at 3 PM;60% busy at 4 PM;57% busy at 5 PM;60% busy at 6 PM;53% busy at 7 PM;71% busy at 8 PM;78% busy at 9 PM;89% busy at 10 PM;89% busy at 11 PM;89% busy at 12 AM;78% busy at 1 AM;64% busy at 2 AM;32% busy at 3 AM;,35% busy at 4 AM;28% busy at 5 AM;28% busy at 6 AM;28% busy at 7 AM;42% busy at 8 AM;57% busy at 9 AM;64% busy at 10 AM;71% busy at 11 AM;92% busy at 12 PM;100% busy at 1 PM;92% busy at 2 PM;71% busy at 3 PM;60% busy at 4 PM;71% busy at 5 PM;75% busy at 6 PM;75% busy at 7 PM;50% busy at 8 PM;32% busy at 9 PM;25% busy at 10 PM;32% busy at 11 PM;39% busy at 12 AM;42% busy at 1 AM;35% busy at 2 AM;21% busy at 3 AM;,46% busy at 4 AM;53% busy at 5 AM;57% busy at 6 AM;50% busy at 7 AM;32% busy at 8 AM;28% busy at 9 AM;35% busy at 10 AM;57% busy at 11 AM;53% busy at 12 PM;67% busy at 1 PM;60% busy at 2 PM;53% busy at 3 PM;60% busy at 4 PM;71% busy at 5 PM;67% busy at 6 PM;64% busy at 7 PM;50% busy at 8 PM;42% busy at 9 PM;32% busy at 10 PM;25% busy at 11 PM;17% busy at 12 AM;28% busy at 1 AM;32% busy at 2 AM;35% busy at 3 AM;
Coffee shop,simplicity,105,4.6,"8919 الحسين الواسطي, Al Sheraa, Al Khobar 34741, Saudi Arabia",SA,Al Khobar,None,https://instagram.com/simplicity_cafe,null,"Monday Open 24 hours  2025-03-31
Tuesday Open 24 hours  2025-04-01
Wednesday Open 24 hours  2025-04-02
Thursday Open 24 hours  2025-04-03
Friday Open 24 hours  2025-04-04
Saturday Open 24 hours  2025-04-05
Sunday Open 24 hours  2025-04-06
 ",https://www.google.com/maps/place/simplicity/data=!4m5!3m4!1s0x3e49db003447db37:0x2d0c02bcc07142f!8m2!3d26.1726489!4d50.1618395?authuser=0&hl=en&rclk=1,0x3e49db003447db37:0x2d0c02bcc07142f,ChIJN9tHNADbST4RLxQHzCvA0AI,,26.1726489,50.1618395,coffee shops,https://lh5.googleusercontent.com/p/AF1QipPjm-wQg4T19GOik79JxLr_nfsZkrxE4QZdx5ZY=w408-h306-k-no,https://lh5.googleusercontent.com/p/AF1QipPjm-wQg4T19GOik79JxLr_nfsZkrxE4QZdx5ZY=w1024-h960-p-k-no,https://lh5.googleusercontent.com/p/AF1QipPlUgZuq-qCX6unSRgznc6mWntC1tuSsT9GYL-h=w1024-h960-p-k-no,https://lh5.googleusercontent.com/p/AF1QipPNaEljvI8WftSQcyAD8yLn0bBlEUUDnU4CWodU=w1024-h960-p-k-no,null,SAR 1–20,,https://plus.codes/55F6+3P Al Khobar Saudi Arabia,55F6+3P Al Khobar Saudi Arabia,Curbside pickup,Monday Open 24 hours  2025-03-31,Tuesday Open 24 hours  2025-04-01,Wednesday Open 24 hours  2025-04-02,Thursday Open 24 hours  2025-04-03,Friday Open 24 hours  2025-04-04,Saturday Open 24 hours  2025-04-05,Sunday Open 24 hours  2025-04-06,13% busy at 4 AM;13% busy at 5 AM;17% busy at 6 AM;31% busy at 7 AM;37% busy at 8 AM;37% busy at 9 AM;41% busy at 10 AM;37% busy at 11 AM;51% busy at 12 PM;51% busy at 1 PM;51% busy at 2 PM;55% busy at 3 PM;65% busy at 4 PM;86% busy at 5 PM;79% busy at 6 PM;72% busy at 7 PM;68% busy at 8 PM;44% busy at 9 PM;41% busy at 10 PM;34% busy at 11 PM;31% busy at 12 AM;27% busy at 1 AM;17% busy at 2 AM;13% busy at 3 AM;,20% busy at 4 AM;31% busy at 5 AM;31% busy at 6 AM;37% busy at 7 AM;44% busy at 8 AM;44% busy at 9 AM;44% busy at 10 AM;41% busy at 11 AM;37% busy at 12 PM;37% busy at 1 PM;37% busy at 2 PM;34% busy at 3 PM;37% busy at 4 PM;48% busy at 5 PM;55% busy at 6 PM;44% busy at 7 PM;34% busy at 8 PM;37% busy at 9 PM;72% busy at 10 PM;75% busy at 11 PM;65% busy at 12 AM;37% busy at 1 AM;27% busy at 2 AM;20% busy at 3 AM;,17% busy at 4 AM;34% busy at 5 AM;44% busy at 6 AM;48% busy at 7 AM;58% busy at 8 AM;65% busy at 9 AM;65% busy at 10 AM;65% busy at 11 AM;58% busy at 12 PM;58% busy at 1 PM;51% busy at 2 PM;58% busy at 3 PM;55% busy at 4 PM;55% busy at 5 PM;65% busy at 6 PM;65% busy at 7 PM;72% busy at 8 PM;65% busy at 9 PM;72% busy at 10 PM;65% busy at 11 PM;68% busy at 12 AM;48% busy at 1 AM;27% busy at 2 AM;10% busy at 3 AM;,27% busy at 4 AM;24% busy at 5 AM;17% busy at 6 AM;24% busy at 7 AM;27% busy at 8 AM;37% busy at 9 AM;34% busy at 10 AM;37% busy at 11 AM;44% busy at 12 PM;55% busy at 1 PM;62% busy at 2 PM;62% busy at 3 PM;68% busy at 4 PM;62% busy at 5 PM;44% busy at 6 PM;34% busy at 7 PM;31% busy at 8 PM;41% busy at 9 PM;37% busy at 10 PM;31% busy at 11 PM;27% busy at 12 AM;34% busy at 1 AM;27% busy at 2 AM;34% busy at 3 AM;,62% busy at 4 AM;44% busy at 5 AM;27% busy at 6 AM;10% busy at 7 AM;6% busy at 8 AM;13% busy at 9 AM;37% busy at 10 AM;68% busy at 11 AM;86% busy at 12 PM;72% busy at 1 PM;65% busy at 2 PM;72% busy at 3 PM;96% busy at 4 PM;93% busy at 5 PM;72% busy at 6 PM;55% busy at 7 PM;44% busy at 8 PM;51% busy at 9 PM;51% busy at 10 PM;51% busy at 11 PM;37% busy at 12 AM;27% busy at 1 AM;34% busy at 2 AM;58% busy at 3 AM;,24% busy at 4 AM;20% busy at 5 AM;31% busy at 6 AM;41% busy at 7 AM;37% busy at 8 AM;48% busy at 9 AM;55% busy at 10 AM;75% busy at 11 AM;72% busy at 12 PM;93% busy at 1 PM;100% busy at 2 PM;96% busy at 3 PM;89% busy at 4 PM;86% busy at 5 PM;79% busy at 6 PM;72% busy at 7 PM;68% busy at 8 PM;72% busy at 9 PM;72% busy at 10 PM;65% busy at 11 PM;55% busy at 12 AM;37% busy at 1 AM;37% busy at 2 AM;24% busy at 3 AM;,27% busy at 4 AM;24% busy at 5 AM;44% busy at 6 AM;41% busy at 7 AM;34% busy at 8 AM;37% busy at 9 AM;44% busy at 10 AM;51% busy at 11 AM;44% busy at 12 PM;51% busy at 1 PM;55% busy at 2 PM;65% busy at 3 PM;65% busy at 4 PM;62% busy at 5 PM;65% busy at 6 PM;79% busy at 7 PM;89% busy at 8 PM;79% busy at 9 PM;72% busy at 10 PM;44% busy at 11 PM;34% busy at 12 AM;20% busy at 1 AM;20% busy at 2 AM;17% busy at 3 AM;
Coffee shop,بوفيه ليالي الشرقية,81,4.1,8195 ابو عبد الرحمن بن عقيل، الخزامى، الخبر 34718 2759، Saudi Arabia,SA,Al Khobar,None,null,+966 54 996 6344,"Monday Open 24 hours  2025-03-31
Tuesday Open 24 hours  2025-04-01
Wednesday Open 24 hours  2025-04-02
Thursday Open 24 hours  2025-04-03
Friday Open 24 hours  2025-04-04
Saturday Open 24 hours  2025-04-05
Sunday Open 24 hours  2025-04-06
 ",https://www.google.com/maps/place/بوفيه+ليالي+الشرقية/data=!4m5!3m4!1s0x3e49c32f16b6429b:0x7d2327a152e08d73!8m2!3d26.2152058!4d50.1894388?authuser=0&hl=en&rclk=1,0x3e49c32f16b6429b:0x7d2327a152e08d73,ChIJm0K2Fi_DST4Rc43gUqEnI30,,26.2152058,50.1894388,coffee shops,https://lh5.googleusercontent.com/p/AF1QipPo0xaZcbUtK0TG7LGvVTY8cOmfwM8w_Hq4_s_y=w426-h240-k-no,https://lh5.googleusercontent.com/p/AF1QipMrLFqt7NMdsTLJx6VCrfMcYwnabbYkzaEAX6WJ=w1024-h960-p-k-no,https://lh5.googleusercontent.com/p/AF1QipNhBd7S_Vj0qCq2IDxPYGLk6_FBqmVMuvnKoqKh=w1024-h960-p-k-no,https://lh5.googleusercontent.com/p/AF1QipND3i2et5QGsD9KTTpR4pDzbbtNfwLTtedEWyhL=w1024-h960-p-k-no,null,SAR 1–20,,https://plus.codes/658Q+3Q Al Khobar Saudi Arabia,658Q+3Q Al Khobar Saudi Arabia,Delivery,Monday Open 24 hours  2025-03-31,Tuesday Open 24 hours  2025-04-01,Wednesday Open 24 hours  2025-04-02,Thursday Open 24 hours  2025-04-03,Friday Open 24 hours  2025-04-04,Saturday Open 24 hours  2025-04-05,Sunday Open 24 hours  2025-04-06,10% busy at 4 AM;20% busy at 5 AM;45% busy at 6 AM;55% busy at 7 AM;50% busy at 8 AM;40% busy at 9 AM;35% busy at 10 AM;40% busy at 11 AM;45% busy at 12 PM;55% busy at 1 PM;75% busy at 2 PM;100% busy at 3 PM;80% busy at 4 PM;65% busy at 5 PM;35% busy at 6 PM;40% busy at 7 PM;50% busy at 8 PM;55% busy at 9 PM;55% busy at 10 PM;35% busy at 11 PM;25% busy at 12 AM;20% busy at 1 AM;10% busy at 2 AM;10% busy at 3 AM;,50% busy at 4 AM;45% busy at 5 AM;40% busy at 6 AM;35% busy at 7 AM;30% busy at 8 AM;25% busy at 9 AM;20% busy at 10 AM;20% busy at 11 AM;20% busy at 12 PM;35% busy at 1 PM;50% busy at 2 PM;50% busy at 3 PM;60% busy at 4 PM;55% busy at 5 PM;40% busy at 6 PM;15% busy at 7 PM;15% busy at 8 PM;15% busy at 9 PM;20% busy at 10 PM;25% busy at 11 PM;20% busy at 12 AM;20% busy at 1 AM;35% busy at 2 AM;50% busy at 3 AM;,30% busy at 4 AM;40% busy at 5 AM;40% busy at 6 AM;50% busy at 7 AM;40% busy at 8 AM;40% busy at 9 AM;35% busy at 10 AM;50% busy at 11 AM;65% busy at 12 PM;55% busy at 1 PM;70% busy at 2 PM;70% busy at 3 PM;75% busy at 4 PM;60% busy at 5 PM;45% busy at 6 PM;30% busy at 7 PM;15% busy at 8 PM;20% busy at 9 PM;25% busy at 10 PM;30% busy at 11 PM;35% busy at 12 AM;30% busy at 1 AM;20% busy at 2 AM;20% busy at 3 AM;,40% busy at 4 AM;50% busy at 5 AM;50% busy at 6 AM;55% busy at 7 AM;45% busy at 8 AM;40% busy at 9 AM;45% busy at 10 AM;50% busy at 11 AM;70% busy at 12 PM;65% busy at 1 PM;40% busy at 2 PM;20% busy at 3 PM;20% busy at 4 PM;35% busy at 5 PM;40% busy at 6 PM;40% busy at 7 PM;40% busy at 8 PM;40% busy at 9 PM;50% busy at 10 PM;55% busy at 11 PM;60% busy at 12 AM;55% busy at 1 AM;65% busy at 2 AM;55% busy at 3 AM;,40% busy at 4 AM;35% busy at 5 AM;25% busy at 6 AM;15% busy at 7 AM;20% busy at 8 AM;45% busy at 9 AM;65% busy at 10 AM;50% busy at 11 AM;40% busy at 12 PM;40% busy at 1 PM;45% busy at 2 PM;50% busy at 3 PM;45% busy at 4 PM;30% busy at 5 PM;25% busy at 6 PM;30% busy at 7 PM;40% busy at 8 PM;65% busy at 9 PM;60% busy at 10 PM;55% busy at 11 PM;35% busy at 12 AM;60% busy at 1 AM;55% busy at 2 AM;55% busy at 3 AM;,45% busy at 4 AM;35% busy at 5 AM;60% busy at 6 AM;75% busy at 7 AM;55% busy at 8 AM;40% busy at 9 AM;25% busy at 10 AM;25% busy at 11 AM;25% busy at 12 PM;20% busy at 1 PM;5% busy at 2 PM;0% busy at 3 PM;0% busy at 4 PM;10% busy at 5 PM;25% busy at 6 PM;40% busy at 7 PM;40% busy at 8 PM;35% busy at 9 PM;35% busy at 10 PM;30% busy at 11 PM;45% busy at 12 AM;45% busy at 1 AM;45% busy at 2 AM;45% busy at 3 AM;,25% busy at 4 AM;35% busy at 5 AM;40% busy at 6 AM;45% busy at 7 AM;30% busy at 8 AM;15% busy at 9 AM;10% busy at 10 AM;10% busy at 11 AM;20% busy at 12 PM;35% busy at 1 PM;20% busy at 2 PM;20% busy at 3 PM;30% busy at 4 PM;35% busy at 5 PM;40% busy at 6 PM;50% busy at 7 PM;45% busy at 8 PM;65% busy at 9 PM;80% busy at 10 PM;90% busy at 11 PM;75% busy at 12 AM;40% busy at 1 AM;30% busy at 2 AM;25% busy at 3 AM;
Coffee shop,فلافي كيك وقهوة (وايتي كيك Whitey fluffy),108,4.9,"شارع الدارقطني, Al Amwaj, Al Khobar 34742, Saudi Arabia",SA,Al Khobar,None,https://www.instagram.com/whity_fluffy/profilecard/?igsh=d24zMXRwd2xtMWV3,+966 50 022 1781,"Monday 10 AM–2 AM  2025-03-31
Tuesday 10 AM–2 AM  2025-04-01
Wednesday 10 AM–2 AM  2025-04-02
Thursday 10 AM–2 AM  2025-04-03
Friday 1 PM–2 AM  2025-04-04
Saturday 10 AM–2 AM  2025-04-05
Sunday 10 AM–2 AM  2025-04-06
 ",https://www.google.com/maps/place/فلافي+كيك+وقهوة+(وايتي+كيك+Whitey+fluffy)/data=!4m5!3m4!1s0x3e49db006e16ffab:0x2f310ce60eaec0ed!8m2!3d26.1535448!4d50.1444778?authuser=0&hl=en&rclk=1,0x3e49db006e16ffab:0x2f310ce60eaec0ed,ChIJq_8WbgDbST4R7cCuDuYMMS8,,26.1535448,50.1444778,متجر القهوة,https://lh3.googleusercontent.com/gps-cs-s/AB5caB-ykoDPVI23eNS6_xC5lqXIxFEklNyZm2Ozdn2w7gwBuiafG6HKtQUjGe0zrjkxN_vBrmKJuGpMeCaWmeOsB6p9iby64IOhKOYtbWoGeAXz0OxrCVsS-7ZrQTmp92gzs42xb4nCOg=w408-h544-k-no,https://lh5.googleusercontent.com/p/AF1QipP9QqfIkx1V09Z1gLkAkh9XI_O0A6iFqXkOasTv=w1024-h960-p-k-no,https://lh5.googleusercontent.com/p/AF1QipO7VcnCeC73TWWZao5PayXjb0uweW48FX1mGcOB=w1024-h960-p-k-no,https://lh5.googleusercontent.com/p/AF1QipPbCVq3-2wbkqhMfYUIixNZRes5tw-lbKjXZnpm=w1024-h960-p-k-no,null,SAR 20–40,,https://plus.codes/543V+CQ Al Khobar Saudi Arabia,543V+CQ Al Khobar Saudi Arabia,Delivery,Monday 10 AM–2 AM  2025-03-31,Tuesday 10 AM–2 AM  2025-04-01,Wednesday 10 AM–2 AM  2025-04-02,Thursday 10 AM–2 AM  2025-04-03,Friday 1 PM–2 AM  2025-04-04,Saturday 10 AM–2 AM  2025-04-05,Sunday 10 AM–2 AM  2025-04-06,0% busy at 6 AM;0% busy at 7 AM;0% busy at 8 AM;0% busy at 9 AM;51% busy at 10 AM;54% busy at 11 AM;48% busy at 12 PM;59% busy at 1 PM;56% busy at 2 PM;62% busy at 3 PM;48% busy at 4 PM;35% busy at 5 PM;43% busy at 6 PM;40% busy at 7 PM;56% busy at 8 PM;43% busy at 9 PM;56% busy at 10 PM;40% busy at 11 PM;54% busy at 12 AM;40% busy at 1 AM;,0% busy at 6 AM;0% busy at 7 AM;0% busy at 8 AM;0% busy at 9 AM;43% busy at 10 AM;35% busy at 11 AM;35% busy at 12 PM;29% busy at 1 PM;35% busy at 2 PM;37% busy at 3 PM;64% busy at 4 PM;64% busy at 5 PM;70% busy at 6 PM;45% busy at 7 PM;43% busy at 8 PM;48% busy at 9 PM;67% busy at 10 PM;67% busy at 11 PM;62% busy at 12 AM;75% busy at 1 AM;,0% busy at 6 AM;0% busy at 7 AM;0% busy at 8 AM;0% busy at 9 AM;75% busy at 10 AM;75% busy at 11 AM;100% busy at 12 PM;81% busy at 1 PM;86% busy at 2 PM;64% busy at 3 PM;70% busy at 4 PM;86% busy at 5 PM;81% busy at 6 PM;81% busy at 7 PM;70% busy at 8 PM;56% busy at 9 PM;70% busy at 10 PM;59% busy at 11 PM;64% busy at 12 AM;54% busy at 1 AM;,0% busy at 6 AM;0% busy at 7 AM;0% busy at 8 AM;0% busy at 9 AM;72% busy at 10 AM;56% busy at 11 AM;48% busy at 12 PM;35% busy at 1 PM;40% busy at 2 PM;45% busy at 3 PM;59% busy at 4 PM;59% busy at 5 PM;59% busy at 6 PM;59% busy at 7 PM;62% busy at 8 PM;64% busy at 9 PM;56% busy at 10 PM;54% busy at 11 PM;56% busy at 12 AM;70% busy at 1 AM;,0% busy at 6 AM;0% busy at 7 AM;0% busy at 8 AM;0% busy at 9 AM;0% busy at 10 AM;0% busy at 11 AM;0% busy at 12 PM;32% busy at 1 PM;37% busy at 2 PM;45% busy at 3 PM;70% busy at 4 PM;75% busy at 5 PM;81% busy at 6 PM;64% busy at 7 PM;97% busy at 8 PM;83% busy at 9 PM;91% busy at 10 PM;70% busy at 11 PM;56% busy at 12 AM;59% busy at 1 AM;,0% busy at 6 AM;0% busy at 7 AM;0% busy at 8 AM;0% busy at 9 AM;43% busy at 10 AM;45% busy at 11 AM;48% busy at 12 PM;72% busy at 1 PM;64% busy at 2 PM;62% busy at 3 PM;48% busy at 4 PM;32% busy at 5 PM;29% busy at 6 PM;40% busy at 7 PM;56% busy at 8 PM;70% busy at 9 PM;45% busy at 10 PM;43% busy at 11 PM;45% busy at 12 AM;45% busy at 1 AM;,0% busy at 6 AM;0% busy at 7 AM;0% busy at 8 AM;0% busy at 9 AM;43% busy at 10 AM;45% busy at 11 AM;51% busy at 12 PM;56% busy at 1 PM;54% busy at 2 PM;62% busy at 3 PM;64% busy at 4 PM;48% busy at 5 PM;48% busy at 6 PM;48% busy at 7 PM;54% busy at 8 PM;54% busy at 9 PM;51% busy at 10 PM;48% busy at 11 PM;70% busy at 12 AM;72% busy at 1 AM;
Coffee shop,Arabic coffee Alfarej,3,4.3,"853C+R4Q, Al Dawhah Al Janubiyah, Dhahran 34457, Saudi Arabia",SA,Dhahran,None,null,null,"Monday 12 PM–12 AM  2025-03-31
Tuesday 12 PM–12 AM  2025-04-01
Wednesday 12 PM–12 AM  2025-04-02
Thursday 12 PM–12 AM  2025-04-03
Friday 12 PM–12 AM  2025-04-04
Saturday 12 PM–12 AM  2025-04-05
Sunday 12 PM–12 AM  2025-04-06
 ",https://www.google.com/maps/place/Arabic+coffee+Alfarej/data=!4m5!3m4!1s0x3e49e1eb4f34f2bb:0x125b7c32afd2ac1b!8m2!3d26.3045915!4d50.1703441?authuser=0&hl=en&rclk=1,0x3e49e1eb4f34f2bb:0x125b7c32afd2ac1b,ChIJu_I0T-vhST4RG6zSrzJ8WxI,,26.3045915,50.1703441,coffee shops,null,null,null,null,null,None,,null,null,Delivery,Monday 12 PM–12 AM  2025-03-31,Tuesday 12 PM–12 AM  2025-04-01,Wednesday 12 PM–12 AM  2025-04-02,Thursday 12 PM–12 AM  2025-04-03,Friday 12 PM–12 AM  2025-04-04,Saturday 12 PM–12 AM  2025-04-05,Sunday 12 PM–12 AM  2025-04-06,0% busy at 6 AM;0% busy at 7 AM;0% busy at 8 AM;0% busy at 9 AM;0% busy at 10 AM;0% busy at 11 AM;31% busy at 12 PM;42% busy at 1 PM;60% busy at 2 PM;57% busy at 3 PM;77% busy at 4 PM;62% busy at 5 PM;68% busy at 6 PM;51% busy at 7 PM;48% busy at 8 PM;42% busy at 9 PM;40% busy at 10 PM;48% busy at 11 PM;,0% busy at 6 AM;0% busy at 7 AM;0% busy at 8 AM;0% busy at 9 AM;0% busy at 10 AM;0% busy at 11 AM;57% busy at 12 PM;57% busy at 1 PM;42% busy at 2 PM;28% busy at 3 PM;17% busy at 4 PM;28% busy at 5 PM;40% busy at 6 PM;42% busy at 7 PM;31% busy at 8 PM;37% busy at 9 PM;40% busy at 10 PM;51% busy at 11 PM;,0% busy at 6 AM;0% busy at 7 AM;0% busy at 8 AM;0% busy at 9 AM;0% busy at 10 AM;0% busy at 11 AM;42% busy at 12 PM;68% busy at 1 PM;100% busy at 2 PM;97% busy at 3 PM;100% busy at 4 PM;68% busy at 5 PM;71% busy at 6 PM;42% busy at 7 PM;34% busy at 8 PM;20% busy at 9 PM;20% busy at 10 PM;40% busy at 11 PM;,0% busy at 6 AM;0% busy at 7 AM;0% busy at 8 AM;0% busy at 9 AM;0% busy at 10 AM;0% busy at 11 AM;37% busy at 12 PM;31% busy at 1 PM;40% busy at 2 PM;62% busy at 3 PM;71% busy at 4 PM;62% busy at 5 PM;65% busy at 6 PM;68% busy at 7 PM;68% busy at 8 PM;68% busy at 9 PM;68% busy at 10 PM;60% busy at 11 PM;,0% busy at 6 AM;0% busy at 7 AM;0% busy at 8 AM;0% busy at 9 AM;0% busy at 10 AM;0% busy at 11 AM;37% busy at 12 PM;37% busy at 1 PM;40% busy at 2 PM;48% busy at 3 PM;48% busy at 4 PM;51% busy at 5 PM;62% busy at 6 PM;51% busy at 7 PM;54% busy at 8 PM;60% busy at 9 PM;57% busy at 10 PM;80% busy at 11 PM;,0% busy at 6 AM;0% busy at 7 AM;0% busy at 8 AM;0% busy at 9 AM;0% busy at 10 AM;0% busy at 11 AM;68% busy at 12 PM;68% busy at 1 PM;54% busy at 2 PM;42% busy at 3 PM;40% busy at 4 PM;40% busy at 5 PM;48% busy at 6 PM;60% busy at 7 PM;57% busy at 8 PM;51% busy at 9 PM;54% busy at 10 PM;68% busy at 11 PM;,0% busy at 6 AM;0% busy at 7 AM;0% busy at 8 AM;0% busy at 9 AM;0% busy at 10 AM;0% busy at 11 AM;60% busy at 12 PM;60% busy at 1 PM;40% busy at 2 PM;28% busy at 3 PM;28% busy at 4 PM;40% busy at 5 PM;42% busy at 6 PM;60% busy at 7 PM;48% busy at 8 PM;51% busy at 9 PM;45% busy at 10 PM;31% busy at 11 PM;
