,name,rating,num_reviews
ChIJO32VqRX_ST4RX7dnLqB0wU8,Fareej AlBaja,3.9,957
ChIJtVfHbm39ST4RhNkfwSwW0Mg,GRAPH Cafe,4.2,1763
ChIJlwO6Fh39ST4RWB1GEkVD_xk,Reef misr restaurant,4.3,235
ChIJGad6ufPlST4RSy79CTEpKTg,Blue K Lounge,3.9,9
ChIJW-3eM5T7ST4RZPB_aioXPBg,Maestro Pizza,4.4,1018
ChIJ5f1lrJvjST4RkQiap8sj5kI,مشويات سماء الرافـديـن,4.8,117
ChIJU-WLh9XiST4RH7uxncXi-V0,Snack House Al Faisaliyah,3.9,1141
ChIJ_1B8VPvlST4R5eDkYGldiS0,Shawarmer | شاورمر,4.5,885
ChIJy6n3UHn9ST4RyYg9sPXPuA0,عريكة الديرة,4,1505
ChIJ-8FHQUTDST4RelRKzuTmxxI,Moroccan Taste,4.2,646
ChIJQTJ-deP9ST4Rqi31YsWJk3M,Baskin Robbins,3.7,39
ChIJu7ingM__ST4RxDoMaeVdp-M,Mashmum Restaurant,3.9,3409
ChIJESZWFWvDST4R607ZE-MjBhI,شاورما أصيل,3.9,780
ChIJ-cj-WbD7ST4Rb_0poqaCG4Q,Burger Site,4.3,3578
ChIJd18xORvlST4Rb3U2DDqm99g,Belad Al-Sham Restaurant,4.1,1813
ChIJH1JLbH_pST4RkkJBnfxUtvo,Ninar restaurant,4.5,9582
ChIJ8SlQTCXvST4RTMo5SvUqjVM,Blue Sky Coffee,4,193
ChIJETKZ2WbmST4RDCg0r0Vqb14,Burger King - KFU,3.5,169
ChIJkWd7ZXvdST4R4O2HLvNR6r4,DOSE & JOUZ CAFE دوز اند جوز كافية,4.1,40
ChIJwQVN5MYdNj4RuieGXjfeFiA,Bogota Cafe,3.8,117
ChIJt4-Xd8zDST4RFZKICD1pVU0,هول بين,4.8,566
ChIJMenwjWvDST4RSqXJwxTinm8,ميلتزون | Meltzone,4,755
ChIJS0IIsM7bST4RZ303TKlgDY4,القهوة المثالية (العزيزيه),4,61
ChIJvXaB2d37ST4Rk83Esmi6Z-I,Burgerizzr,4.4,872
ChIJnaUHgIz9ST4RDoXDaaetwGo,Wreath Valley Restaurant,3.7,691
ChIJIam4vi77ST4RDqDLYkhEKzI,كبة وردة,4.1,12
ChIJNYNdzED8ST4Ra3-ntBg8Jt4,مطبق ومعصوب مطعم مشهور الخليج,4.1,1086
ChIJT63BgNXiST4Rm_QWIEFs2wI,مطعم رايق,4.1,5516
ChIJy7WSqmvFST4Rg4bb32toYZk,One Thousand Burger,4.4,358
ChIJ91oNgnLpST4RLLQkWH6KEXs,BRK Burger,4.5,616
ChIJT4bEDnHvST4RgStzgWU1K2M,Habak,4.2,664
ChIJXwKi6ZvvST4Rt8Q0QY3DsHY,مطعم هاشم,3.6,786
ChIJMw5pTabkST4RVlGPCwJe5J0,Masmakat Al Fareej,4,2174
ChIJp1Gsw77_ST4Ro7S1xvFft4c,Fantôme,4.3,224
ChIJDaebBq_pST4Rr4ltmYfcIhU,رسمة شاي,4.5,448
ChIJh91TzzfpST4RlT9KLtl-my8,ARCHI ارتشي,4.3,410
ChIJWzOOVADpST4RHDThh0N_IGs,Qasha coffee,4.1,65
ChIJ5SGNJVz-ST4Ri1dK0S_wvtE,KFC,3.7,1288
ChIJFWFgarDkST4Rn1KIIDRAE8g,Road Café | قهوة الطريق,4.3,218
ChIJh_HgDQ_8ST4Rkd9AjgFV9qE,Closed Asalatalhind,3.6,875
ChIJyZlFRNX9ST4ReIubO8mSKKc,Tim Hortons,4.2,780
ChIJW9nClbLpST4RQ_VTOdWkcZM,صهوه شاي بخار,4.1,633
ChIJsUts6qPdST4RRTKGmBXXYcA,مطعم نقطة لذيذة,4.3,62
ChIJy_nHztjjST4RK7XRrRDZzrQ,KiiN,4.3,1240
ChIJX8mBmpjCST4RHFeIQfoWpiQ,Eastern Broasted,3.9,268
ChIJYSC_JyD9ST4RDKotBz8tVYw,Kishna Restaurant,4.2,1609
ChIJg81nzjXDST4RlNoJuMKDw8E,New Al Madina Al Bukhair Restaurant / مطاعم البخاري,4,1003
ChIJ5YNt4P_lST4RpiJpTZH9sts,Dallat Alfaris مقهى دلة الفارس,4.1,1147
ChIJmzCJ-K79ST4ROejiCarkPuo,Shrimp Caption,4.5,1757
ChIJW4ux493_ST4RLObtDxZPEk4,استكانة شاي,4.5,171
ChIJ7UBERZX7ST4RHFb4HeWMoto,Fudge Chocolate Cafe,4.2,1804
ChIJP3nBkBX9ST4RqP8quhv2T1Y,بن عفيف الدمام,4.2,190
ChIJ4x4D35T_ST4RJQBoNPHgMj4,شاي بتال,4.8,510
ChIJWy008T3DST4R3EWjazhYL1s,Diwaniya Zaman Baraka,4,190
ChIJi2THLhL_ST4R-0IosEFyXKQ,Ace Cafe & Lounge,4.1,551
ChIJK2XUIXL9ST4Rk99J9GkJEP0,Lemons | ورق عنب ليمونز,4.4,772
ChIJLSKZSyLDST4RJT7Rv4CaW8E,Pastel aziziah باستيل العزيزيه,4.2,303
ChIJ4y7USRPlST4REeJ_2AUiivs,90'S BROASTED بروستد٩٠,4,470
ChIJlVpIF8T7ST4RHsm1MN38kBY,براير كافيه Briar Cafe & Tea room,4.2,790
ChIJhbeSvLHjST4Rs2gjA-4UXoM,غنم وغنم,4,177
ChIJ39VP68v_ST4RWc6v8N6u6JA,مركز انوار النسائي,3.7,6
ChIJN3tmwvflST4RQfR6Ocvo8qM,بوس كافيه BOSS CAFE,4,358
ChIJQfB3PyboST4RZTwdftHZW5M,Golden Restaurant,4.1,539
ChIJH7vnURb9ST4RW8T5fvWAC18,Tim Hortons King Saud Noor,4.3,163
ChIJFSDC_5DpST4RT0lG5ffXoGk,Mandhi Al Ahsa,4.2,1696
ChIJi1PO_a0fNj4R2gLwQt0wcKk,We Burger,4,578
ChIJo0FXUlD_ST4REuao8ndYMFk,Aldehleez Barbecue مشويات الدهليز,4.1,1077
ChIJE7PrA2H9ST4R032iav3SHDs,Starbucks,4.2,235
ChIJCTmQxdPlST4RcOgEbt3gsKk,مطعم ومطبخ دانه - Dana Catering,4.1,768
ChIJdY5yAR79ST4RZNl9B8_wgA4,كرك باشا,4.6,146
ChIJE1ZRGu3mST4RSuCp8_KaBGw,Tandoori House,4,1379
ChIJEzvlqUzDST4RG4R60fzV7Gs,Golden Gate Restaurant Alkhobar Corniche مطعم جولدن جيت الخبر كورنيش,4.3,3301
ChIJnxg0UhT8ST4RcbQj-Y4WIGU,AICHS,3.6,81
ChIJF39kMKLcST4R3uAsZixUmmc,Kaif Alsharg,4.1,258
ChIJ1wAXYgDvST4R5VWfYyPIblM,Hokm cafe-مقهى حكم,4,41
ChIJHRevhwz_ST4RQ_fK4bUg8DA,MR OBA | مستر اوبا,4.3,314
ChIJ9QCOX8z_ST4RAm-y-02s99g,معلم البرجر,4.3,26
ChIJ5-ZDCHzoST4R4ROoNX-lRAE,زمرت | Zümrüt,4.1,1355
ChIJqQ3SXl37ST4R-UXiUvQYRD0,STREAT | ستريت (Dammam),4,411
ChIJZ1p0p2rDST4RwSqdzqknkI0,Helena Pizzeria هيلينا بيتزاريا,4.5,287
ChIJ2QcFSJn7ST4RQIDQnjClCfI,Albahar Restaurant,3.7,2032
ChIJa8iyuk79ST4RjJbYoUZ-hQI,Pickles,4.3,502
ChIJ_fYT-zX_ST4RmmSogop8y0k,زعيم المشاوي,4.1,105
ChIJi4JeIZb7ST4Rqn-MDxC0d_I,Lafana Restaurant,3.9,1879
ChIJKcXRHir9ST4R63rJkcM41BU,مطعم أبو النور,4,246
ChIJXTj0FMP9ST4RmvG0ZBEAk1k,ماما بنز كافيه | MammaBunz Cafe‏,3.4,89
ChIJDThRokXpST4Rw-SG-pPN2l4,Cosmo Drive Thru,4.5,521
ChIJaZ-R6CTjST4RuUAfawKidq8,Bakes & Grills,4.8,13
ChIJwZL03t3pST4RykSVSHzdnMQ,ورقة شاي بخار,4.8,166
ChIJzWo3u5n7ST4RolmbVG32fiA,Shawrama Hlayel,4,2815
ChIJoZv06UvoST4RTUF_gfca3-4,Sensations Coffee & Co كوفي سنسيشنز,4.3,1818
ChIJKaf5pNnnST4RJQHhHmjWMQk,Royal Gulf Chinese Restaurant,4.1,964
ChIJj23s0I7pST4RF8Bg01K762o,GRNTER,4.4,1488
ChIJ1WyNXQH7ST4RcRCeHS8ERTg,Moroccan Taste,4.2,222
ChIJqdyLS0v7ST4RhFen7UM5TOQ,Oliver Brown,3.3,167
ChIJ9zjeHlf7ST4RYeD3PfGHkQg,Salad Meal Dammam,4.5,112
ChIJwxOdSZrCST4Rf1RAQ8Hq6C4,Diwaniya Mishraq,4.1,427
ChIJfd1NPMj7ST4RkviXo3P_QHs,Barn's | بارنز,4.1,59
ChIJTROG4CTjST4Roabky2eDXCU,Blanco,4.3,832
ChIJOSF84fXvST4RMqiRdn7E-y8,ANJIK Restaurant,4.3,2765
ChIJZZHqayXpST4Rf5e87_6iKBc,Aleppo Castle Restaurant,4.1,1286
ChIJjdctSGvDST4RzE-p9grz2IE,Qasr Taj Hadramaut Mandi Restaurant,3.8,264
ChIJw3oPDw_7ST4RoVFvqt6zq40,مطعم النوخذه الشرقي,3.9,1941
ChIJMTyxKlPpST4RDG0sKzbEedE,جاي عراقي,4.6,1005
ChIJZVlPDqf9ST4ROD3ww6bRP5A,مطاعم بحريات خليجي للأسماك الطازجة,4.1,916
ChIJMxurJHb_ST4RBr2th0xLWHs,Pasta Roma,4.2,54
ChIJXcHhfjroST4RZo5uKgYPJx8,Heny Broasted,4.2,2282
ChIJqRloUi_pST4RipspUj2J-B0,Tea Tree شجرة الشاي,4.6,336
ChIJ0Q_S9UjnST4RHMz8oinFhAQ,Asmahan Restaurant,4.5,491
ChIJ6yxhElcBNj4RFy5fyHfwy2w,مطعم جود للمشويات بالملاحة,4.8,32
ChIJe9-HDLr8ST4RLsFCmGev8Ts,Alturkistani Restaurants,3.7,476
ChIJPzaROz_9ST4RsDMisuQOpXg,مطبخ مها للولائم,4.1,351
ChIJd4SicBP9ST4RqQUUEHLf8Fg,KFC,3.7,1136
ChIJTfg9T0v7ST4RklE9JjM0AbY,موكا & مور,3.7,35
ChIJAePDyiP9ST4RdbY2OqMaHeI,YA Mal AlTeeb مطعم يامال الطيب,4.2,3884
ChIJP7cE_d38ST4RrFhdbkhF7S8,Herfy,3.6,931
ChIJe9_0XnLoST4RElQgPJYidro,Shawatee alshawaya Restaurant,4.2,4082
ChIJd1i--PrvST4Ri41QTt8gC-k,Umami,4.5,445
ChIJYV1BQ_X9ST4RajB4IF0obKA,Papa John's,4.3,441
ChIJpw0OtAzmST4REdmBeYCC21o,Hardee's,4,330
ChIJ9ZHnezjDST4RiCGrqs9J5X8,Casa Pasta | كازا باستا,3.6,898
ChIJfbVCYFT7ST4RvgAILq3yX9c,ALFREEJ ALAWAL | الفريج الأول,3.8,1368
ChIJ0-Ajyxf9ST4RdiNzx4oQenU,Cafficha Coffee,4.3,331
ChIJIcy3TX_lST4RjeGJYJFYdQ4,Kebdat Hijazi,4,1577
ChIJk-GtdfPjST4RqKHCwN_7_A4,مشويات ملتقي الرافدين - حي طيبة,4.7,8124
ChIJ2Uvo0tjDST4RcAFtgtrPq_U,Kufa,4,416
ChIJn2jluJrpST4RHKODZ1Puqcg,Mirror Maze by Bright Avenue Entertainment,3.8,121
ChIJnc8VhaPnST4RErlYiVSWHyg,Lily Cafe & Flowers,4.5,2509
ChIJER4NJMzmST4RvyQEnZBNNfA,Dhahran Hills Snack Bar,3.8,72
ChIJj0aleBTDST4RdeLqT6vU1FE,AlBaik,3.8,3769
ChIJ_-oW-4_pST4RdKF1iQ8oKy4,Matal,4.5,3865
ChIJGSzCIzrDST4RSqO_zwNoozY,Raei Alsamak,4.3,436
ChIJ0517vujiST4Rt4JsJ-EetvE,Salem Pastry,3.8,552
ChIJISCnkxfjST4RPfcLvtIjWRk,Masterpieces Sea Waves,4.5,4243
ChIJC8UpeDz9ST4RB6ROCLF4-yE,Starbucks,4,833
ChIJg-0n7ZL7ST4RFZUUqGJKCUQ,جدر مندي الحسا- فرع المزروعية,4,619
ChIJt8m9YDP9ST4Rf23yj8_n5no,Gardens Restaruant & Lounge,4.6,2055
ChIJg098REvoST4RMWWk9G4j6NM,Fusion Restaurant,4.2,85
ChIJh5KI03npST4RzicbiRYUDrU,COFFÉA,3.8,1357
ChIJYS_iDqzjST4RibOAtUdLmK4,Barn's | بارنز,4.4,88
ChIJteMZJybDST4R7UK_adius5I,Kyan Cafe,4.2,752
ChIJi4RDMl3DST4RjcktFTp6iKQ,Eastern People Seafood,3.9,1013
ChIJG-e-fQj9ST4RM_QGwIN-NxY,TAG Restaurant KSA- مطعم تاغ,4.2,1391
ChIJe_6SKa77ST4R1oJIkc2Djik,مطعم روابي الشام,3.7,904
ChIJKRjOWmj-ST4RZIpx6mN28Oc,ماي ورد,4.3,269
ChIJDYc2tdnnST4RZ3QOncwhv1c,Alfour Exquisite Chinese Tea,4.4,27
ChIJP1R77mPoST4R93X7pWyxRcU,Shawarmer | شاورمر,4,3166
ChIJRUHCtpP7ST4Ry1i376W1Sz8,Starbucks (Drive Thru),4.1,2611
ChIJY2EzpBL_ST4RkBxYNrZaZdY,Hamsa restaurant,4.4,588
ChIJfUYFA3b9ST4RHiYsSRct8RI,Hashim Restaurants,3.8,1382
ChIJb20Ltk39ST4Ra3WBv4kVRWk,Broast Rukun Al-Tazaj بروست الركن الطازج,4.5,936
ChIJEVz_-DjvST4RFOOXe_2f-ew,Makbous Express,4.3,1280
ChIJexTT3DbmST4RFnl0O91yZu4,Billy Beez,3.2,226
ChIJ9arwvkP-ST4RDZ8pQZ8vwXg,Madhina Shawarma,4.3,1139
ChIJL38lLAv9ST4RDjGjhfbl_mg,دكان وافل,4.1,227
ChIJpVcu6C_pST4RRdEHvHVdVdU,BOGA - بوقا (Tariq Al-Hussaini),4,889
ChIJE9DrFETlST4Rw401_j_GGsU,Silent Crack Coffee Roasters,4.9,10
ChIJ6ddkxC3lST4RCzVbxWEzC1A,Eastern People Seafood,3.9,791
ChIJ59ZyqqbbST4Rf9lyb_Fyo8I,المشوى العنابي | Ennabi Grill,3.2,134
ChIJt6Mp8pT_ST4RAzkbojSoWzY,القهوة المثالية (سيهات),3.7,54
ChIJMcyDWEjoST4RCjb-B1UdehA,Belad Al-Sham,4.3,8394
ChIJ_____wToST4R7SkrrW2c3EI,Fata'ir Al Taif Restaurant,4.3,490
ChIJo3cyXyn_ST4R_18uKmyE2ho,ديب برجر deep burger,4.8,60
ChIJP_tsXLnpST4RxGWgIsaNBPg,‏سمبوسة الشرق الاوسط الثقبة الخبر,4.1,321
ChIJO2w4oJz9ST4RTj5KAwQHza4,مطعم طنجرة,3.6,432
ChIJnadPxxHoST4R_rRlHMx_FAk,Marrakesh Restaurant,3.5,253
ChIJuWvc-n37ST4R_0c1T3dU8Pg,Starbucks,4.3,1114
ChIJjx5UqornST4RKgi5KpUTHwQ,المشوى العنابي | Ennabi Grill,3.1,208
ChIJvaTLd-rpST4RD69Vo56pvgI,TL Coffee,4.2,299
ChIJdaR0PGP9ST4RtEtRMJjLxiE,Ocaso Specialty Coffee,4.6,245
ChIJV3sbDJn7ST4R44RzBXqnDdY,Boromana Restaurant,3.6,1747
ChIJuR3Pad3pST4RHFDjGG9qp70,SECCO by COFFÉA,3.9,189
ChIJXwsKj2TjST4RP1-OZYj3cI4,مطاعم حنيذ الجنوب - المنار,3.7,655
ChIJiW2-oqH_ST4RTCrDQZWD0Mo,Valen,4.2,1045
ChIJgVrZ-VP_ST4RUp1nq2sbafM,مطعم باي كوزين للماكولات البحرية Pi Cuisine restaurant,4.2,759
ChIJVxKAJIn9ST4Rzf4fA0ZCKEQ,Hardee's,3.7,1086
ChIJIxG1jnTDST4Ra3Myu-PmVRE,Gacela Cafe,4.7,103
ChIJq13phYTCST4R33YyYZQ4GxU,Makbous Express,4.4,1407
ChIJ1egs_ProST4R5QT1WtPlJGc,The Blue,4.4,182
ChIJVW92oRb9ST4RUJNjCg6KWZ8,Madghout Touhama,4.2,4811
ChIJpb1_BafvST4RGN5MOezo2k4,Lorenzo Pizza | لورينزو بيتزا,3.6,124
ChIJj6ruI5n9ST4Ro01hP45pnJ0,Tim Hortons Mazaya Dabab,4.2,319
ChIJnUqjDHjmST4RVAlxzP2RmrU,McDonald's,3.8,4262
ChIJXTV2K8TvST4RiEk2wX4m_Y4,Wadi Shawaya Restaurant,4.1,324
ChIJ5azCLIL7ST4RZW_leyVglL8,Al Kabsh / الكبش,4,2872
ChIJFZVidObpST4R_uLkBUI7jKc,Los Chavos Tacos,4.4,933
ChIJq4ksFXLjST4R4OaCY3IkRKg,الروشنة للمأكولات الخليجية,4.4,753
ChIJMTX-exr9ST4RnL522wgKag0,حارة ورد الدمام | Harat Ward Dammam,4.8,6000
ChIJpWjRDQv9ST4RO1FI602VlBU,I Wish Burger,3.7,465
ChIJy2JTR7_pST4R1FWDy1S8NzQ,Chef Culture,4.1,486
ChIJ06qdPmjpST4RXVhwnjW-PWM,Sallel Tea,4.5,633
ChIJk3qqDkD9ST4RGSzibT52Jt0,CORE COFFEE & ROASTERY,4.4,385
ChIJ-Z5JMpTpST4RTjAq3Yl-ap4,Bistro,4,407
ChIJjyFFwCX7ST4RZyKhw8FQYgY,Kyan,4.2,751
ChIJs2-k55zCST4RQaVCuzfasgc,Al Omda Restaurant,3.6,63
ChIJ5zdefPXvST4R84lU2UcEcXk,Students Housing Building R12 6,4.4,22
ChIJh9x6FTH_ST4Rh2Vtz_W_HXg,Poots speciality coffee,4.7,172
ChIJS5adJML7ST4RzNi3udm9cFo,Beach Park Restaurant & Lounge,4.4,2625
ChIJ0x0i4Qv8ST4Rv3dfI-kB9Aw,SLIDERCODE - سلايدر كود,3.8,1385
ChIJRQkoignnST4Rb8McDRUJLEk,Shrq Coffee Roaster (King’s Park),4.4,195
ChIJU_NcdDb9ST4Rf2gjKdyihs8,فيلي ستيكس شارليز,1.7,44
ChIJHYyclGUDNj4RnqOmtSsQgX8,ديوانية ليالي تراثية,3.9,158
ChIJa2HSwo_pST4REzUSWzQUrRY,بروستد الكندي Alkindi Broasted,3.8,495
ChIJG5PizOD7ST4RAxOegVA01zA,Saadeddin Express,2.8,20
ChIJI2HZidr_ST4RyiLj_d8tqhg,قلعة زعفران,3.9,276
ChIJLWQU_wjpST4RwdcieDDV_n0,RAMLA | رملا,4.2,1038
ChIJ2cgK61voST4RbJVtA-tA7oM,Madeleine,4.2,5113
ChIJv9vZaT39ST4Rs7b9YTuH01M,مطبخ المدينة الدمام,4.4,113
ChIJocm8Sgn7ST4RyhcqaA_BTjY,ATYAAB AL TAZAJ,4,2043
ChIJR9ej0hzoST4RgaqpLZecHKE,Abu Hilal Resturant .,4.3,4498
ChIJS3iqStblST4RRnsHFJZ-fCg,ديوانية كيف القيصرية,4.1,421
ChIJbzHOCkfpST4RLcxJHAirhI4,Aghatti Restaurant,4.4,3193
ChIJXVWRiYXpST4RX5_ra6FQn94,‏Blue Star Cafe | بلو ستار كافيه,4.2,1142
ChIJA1rVWjjDST4RcKfC6nIvWlY,Blue Sky Coffee إسكان بلوسكي كوفي,4,29
ChIJ-0_awHTmST4RNj_LBMuKBZ4,Derby Coffee - دربي كافيه,4,156
ChIJszpzJxr9ST4R1lo1pLHQXgo,Kufa,4.1,6832
ChIJHzgZAUf9ST4Rg8Vc0zkWc78,ڤيروتشي كافيه مجمع الدمام الطبي Verocci Cafe ༄,3.9,39
ChIJ9xS1f3vjST4RVPDgl3fghB4,Dahar Tea,4.4,77
ChIJ48iUmzT-ST4Rh1VFoV6QCIQ,مطعم شعبيات الوافي,3.8,213
ChIJ89VOCn7vST4R136wvrx8tuA,SMOG,3.9,415
ChIJs2OhJdj9ST4RBvNCNn-XYc0,مقهى مورث | Morth Lounge,4.2,188
ChIJs4RMeEz9ST4RSmaiDMYZOvc,Fotores Shawarma,3.7,137
ChIJK86Xk2n8ST4RrZUxVLXuA_E,French Crepe,3.9,629
ChIJEd2Kb539ST4RAL1m4EEkMHk,Kudu - Al Andalus Plaza,4,574
ChIJAYDQj-TjST4RQzc-musKulk,SALAD BOX,4.8,39
ChIJmSYeZaXpST4RF2CeoVuutiw,Rolls Rice,4.3,1318
ChIJb-GNkoH-ST4ROXEcx469gRQ,Kudu - Dareen mall,3.6,286
ChIJW9wQH1_5ST4RJHd9tDg7YJQ,Blameda Restaurant,4.1,3955
ChIJJU74xd77ST4RR6junfZnFBQ,30 Days Cafe,4.5,192
ChIJ54qpI-P_ST4RI8o2SkfAl1c,Boho Speciality coffee ... بوهو للقهوة المختصة,4.3,990
ChIJ578s9knoST4RBXkYx941MeU,Ronaldo’s Pizza رونالدوز بيتزا,4.4,2404
ChIJrYnuXUH7ST4RH3YZQUv6DmQ,Herfy,3.6,942
ChIJRUARskXnST4RYp4EyqZBL5E,8Oz Coffee,4.1,275
ChIJwSM_uPj9ST4RSLvg9JQOmow,Blue Star Cafe,4,118
ChIJo2XoQjHvST4R1XlwKa8sF9I,Subway,4.3,621
ChIJO90ARvDfST4RJDCLGVoPgNA,Half Moon Restaurant,3.8,2117
ChIJVS3cm4rlST4RnG8BfBiELOw,LATINUS BURGER.,4.3,141
ChIJEf5kGuT_ST4RJ08LgRdni9I,AlBaik,4.1,2354
ChIJT08dYJvCST4RQr7xmvM48o4,Shabab al Khobar restaurant,3.8,235
ChIJI9Q6gOr7ST4RJy-ldoWvMbI,BERRIES TREE مقهى شجرة التوت,4.4,730
ChIJI0WhNALpST4RvDbGHS_YTjc,Detective cafe,4.7,491
ChIJP3R0Y5TjST4RWYKgvtBHbys,Starbucks,4.2,355
ChIJlUij7lbDST4RG5UT17Ptago,Makbous Express,4.3,1055
ChIJ2Zt_bt_nST4RHjzDA1taUMw,Noodlez,4,181
ChIJXUc7uqvvST4R6GOPnj3yWis,Clean Gourmet,3.6,51
ChIJ_T7LggjnST4RGp3BFgooOps,Merge Restaurant,4,777
ChIJ3YjIQJH9ST4RKrEEOGda0oc,Rummaan Dammam Hyderabadi Restaurant,4.1,1271
ChIJC-hHHTbpST4RDKbq3uDaYB4,Dose Cafe,4.2,92
ChIJKaxgxonDST4R-trek0UXtWM,مشويات ملتقى الرافدين - الخبر,4.2,2513
ChIJx9BT8TXnST4Rq1hrfIxiHYk,Dar Mubarak,4.5,4749
ChIJkTw8BIn9ST4RSIAoADtIDtY,Black Cafe بلاك كافيه,4.3,905
ChIJT7f2CnXpST4Rj5SPorhP8AE,Webrew Coffee Roasters,4.4,1714
ChIJ6Qgjl3T9ST4R2q4dAymtx-E,Cafe Tutti,4,73
ChIJx7jBiGfbST4Rdk9-PA6zGCM,P.F. Chang's,4.3,2463
ChIJKbnk9a3nST4RioKSdfXHASQ,Lorenzo Pizza | لورينزو بيتزا,3.9,158
ChIJKR6TiHrpST4RBi_oNta7bD8,نَصّ,3.6,2125
ChIJ61r5zfb9ST4RtVg8FN2gklc,Meltzone,4.3,398
ChIJVxtUBxPpST4RKGAf64HiS88,Al Rukun Al Tazaj,4.3,1070
ChIJX0_jsEnkST4RMG_lJofT2IM,Bawan Broasted,4,961
ChIJ-YsbfBznST4RugJGINjU2rw,REGAL BURGER,4.6,7532
ChIJaVR91lj_ST4RStXJF6mVS7Q,50’s Hills,4,118
ChIJ2ZyuhNrpST4RcQnsVo45DRE,Masami Sushi,4.3,155
ChIJW-T_Qv_nST4RuvPtvi5E3Rw,Operation Falafel Aramco,4.6,332
ChIJPfr7zmLoST4RvGcJxr6Otqs,The Cuts Urban Kitchen,4.1,3059
ChIJIZkuiqvpST4RHB11oygxL70,REVIVAL ريفايفل,4.4,268
ChIJ84WtAO7oST4R3kIwg30Azk0,Pattis france,4.3,5298
ChIJ5zJJgmP7ST4Rj93ieuB-wmU,Kebabgy Corner ركن الكبابجي,4.3,362
ChIJlUofAiLlST4RCBxK9L-ORNo,Il Vero,4.1,111
ChIJn4-o5Tj_ST4RKPp41Pl10u4,زيرو زون كافيه,3.8,37
ChIJm3rbFmL7ST4R56wWlRsZGe0,24Cafe,4.3,290
ChIJ-XJnmdX_ST4Reu7337n62O0,HOOR CAFE | حور كافيه,4.2,254
ChIJ23fOdr_lST4ROkobiv2d_kw,CAWALEES كواليس,3.8,233
ChIJgzYMnjnlST4R_IqPDUqZvPM,Adola restaurant,3.6,191
ChIJd_XuQF38ST4RpSav9UZDZlk,Ruwai Fried 2 Jalawiya. بروستد روي,3.8,243
ChIJWeN_ee7bST4RojwSsPmBxf8,Samrah | شـاي سمره,4.8,81
ChIJWT4__KL9ST4RyCma7la2jc8,Golden Rawda Kitchen,4,980
ChIJ74vbWufDST4RKhKptBHARPI,Boston's Cafe,4.5,353
ChIJC2up0ukDNj4RR_GsiVLH1-k,McDonald's,3.8,976
ChIJs4P6fjL9ST4RPioCDEp0AWk,مطعم دفتر الاسماك,3.9,204
ChIJyZidejroST4RphUzcadBI3w,مطعم الريف الخبر- AlReef Restaurant,4.1,996
ChIJ95dvA9PnST4ROYCKP3oiktU,Burger Site,4.3,7171
ChIJOzKqAHD9ST4RvOpcEpjY7B8,COPLANT coffee & dessert,4.2,580
ChIJ0WKhXwD_ST4RFurQfumY3tM,Riddle Cafe ريدل كافيه,4.4,12
ChIJDaDFrVHZST4RSO-izWvCQ-E,Cafè Jamoka,3.8,24
ChIJ9U8fCoj9ST4RxwHHhcGXgbc,Little Caesars Pizza! Pizza! !ليتل سيزرز بيتزا! بيتزا,3.5,183
ChIJHS9a0jL9ST4Rq1lSFN0moks,شاي لحن,4.3,163
ChIJeWJgF7b9ST4RY_tiVkXnWM8,مطعم ليالي الصالحية,4.2,45
ChIJe4GOWSD7ST4RyR7gJawVMeA,Sana'at Omi Lateefa,4,869
ChIJN8UWHmT8ST4RjjnhQa4svXY,Fresh Broasted,4.2,2312
ChIJV0tZLxH-ST4R0NWQGvHrHTU,سبايسي ميل Spicy Meal,3.8,858
ChIJhb6hPa7nST4REh9Zf3gR9zU,Sword,4.2,397
ChIJ-3RfE-_oST4RSjQxrk2kX7M,Seven,4.2,3204
ChIJdV0V1E3DST4RYLIVVj-K3L8,ون ثاوزند برجر | One Thousand Burger,4.5,853
ChIJiVmXiFTpST4ROoimB-dBrwI,First Flavor Restaurant,4.1,895
ChIJsR3OGnX9ST4R9KcI9Mkv4U4,الكبسة الدمامية (الدمام) | Al-Kabsah Al-Dammamiah,4.1,369
ChIJw3l26YHjST4R2siH9Ef2e-c,THERMOCUP | ثيرموكب,4.3,678
ChIJwWwZVRbjST4R3lo0ndG-iDg,Maestro Shawarma,3.8,422
ChIJzzSJBSrjST4RumdcD1urDmI,تليو Tilio,4.5,243
ChIJH05-cOXlST4RAyylizaVvAY,Dose Cafe,3.9,474
ChIJlWsmjXLoST4RsQ9G9fzRDD4,Hashim Restaurants,3.6,2593
ChIJ91-XTCj9ST4RqfB-LbGum_M,ورق عنب لي ليو,3.9,182
ChIJ9Xpwf93jST4Rta5TLS-4ecY,قهوة خشف,4.5,323
ChIJq7yRru7DST4RumGtrWBUsV0,Bassam Broasted,3.7,421
ChIJZRCJ1VDDST4RZHhn9Is67Zw,AlRafidain Restaurant,4.3,3461
ChIJT2SbpSv-NT4RU-hKY5YVxjs,Bzarkum Samak,4,369
ChIJwT83Pon9ST4RRP-aI5feBBE,Half Pound,4.7,2266
ChIJK9IrjIvjST4Ro-rcW01RWgM,Sikkat Karak,4.3,1099
ChIJ0Rn5XCn9ST4RqlundJ_EQI4,Maskob مسكوب,4.2,1254
ChIJr6irHcXbST4RkBmv89fFGts,Shawati Alkhaleej,4.2,579
ChIJy8oLf0r-ST4RYWNSUZTkqoo,Madad Restaurant,4.1,2770
ChIJH6tg-p77ST4R9bzd6_kCN8k,McDonald's,4,3873
ChIJyT5F9Zj9ST4R6q-on_Pvwq4,Papa Johns,4.8,451
ChIJ3cZPdzL_ST4RpTWDPE4D_2Q,مطعم بحري للمأكولات البحرية,4,422
ChIJK826bmndST4Ro_VnMAShxTk,شاورمجي | SHAWERMAGY,4.2,1129
ChIJsetGton9ST4RzGEdCAL_1lk,Herfy,3.7,3394
ChIJxS2EqCT_ST4RcgulCbRHk-c,بيتا Beta,4.3,257
ChIJtwk8rRHpST4RI0zcxBdQZF8,HOBRA Cafe,4.3,1046
ChIJrdRDqQ_8ST4RuAKp28bVPtw,كاريبو كوفي - Caribou Coffee,4.2,685
ChIJpXvdQU_pST4Rc_0kju4DVY0,Scatola,4.3,886
ChIJK7l_WMH9ST4Rv3Su-OC8W9s,Pages Coffee,3.9,641
ChIJI3JdZjkDNj4RymYhAVULfII,Herfy 420,3.4,549
ChIJH4FMap_pST4R_N5lu55Sxx0,Mama Noura,4,2421
ChIJg8WkjlnpST4R2KUQ7-FqU1g,Soul Bowl,4.3,358
ChIJ6yNs0rb9ST4RQoQXywpBx4g,مركاز,2.3,64
ChIJN_LZ6AL9ST4R-srxpUWhfrs,Lorenzo Pizza | لورينزو بيتزا,4,101
ChIJd1f20SDnST4RzzonIMaFNJ8,Lahza,4.1,288
ChIJP9HqEtLvST4RkMWZuY-lWSg,Huge Coffee,4.2,731
ChIJS7aFDz_9ST4Rj6eMNtnA7To,LAMBDA | لامدا,4.6,542
ChIJ24ayU9TDST4ROm4v8QNY3Ss,Tim Hortons Azizia Drive thru,4.2,366
ChIJ5VioQF7nST4RHMLeOl_Omkc,kebab o kofta,4.6,303
ChIJfaM3BGT8ST4RP0j6_kqeyQ4,الفار,3.6,9
ChIJvRiobqnDST4RpfZBg5Kzzps,Thaza Restaurant,3.9,757
ChIJY_qyYGzoST4Rb_a9gTvZxf4,Al Saj Al Libnani,4.1,743
ChIJA3jtEUjoST4RWTN9rjOSNoQ,Ennabi Grill,4,4434
ChIJnRm_GirjST4RECNYt4R6zY0,Hashem Restaurants,3.6,2084
ChIJYdqpUTzDST4Rfpvt2Ytt7UQ,مطعم سلة السمك Fish basket restaurant,4.4,168
ChIJMxmD6PXnST4RKyUR21N-8aE,Aryaf,3.7,995
ChIJ-SIaOOrpST4Rov8Up3i1U_M,UMQ Coffee 1.2,4.6,285
ChIJEYweJRPmST4RKWK3vcg_DlI,Mozon Restaurant,3.9,4447
ChIJLwrJ_wzpST4RVs56QHv9-eE,CONCH,5,8
ChIJmbLo7r_pST4RbcdfCiS52TA,Organico | كافيه أورجانيكو كوفي,4.3,220
ChIJSYf0K7_9ST4RBfzkl77xeEc,مطعم مندي الفاخرة,4.1,629
ChIJYWNV4GbnST4RPFJumlj2VYg,MOUND,4.3,1103
ChIJA4oOSOvnST4RDfZCfvA96RE,Freshhouse فريش هاوس,4.4,57
ChIJz5YgsTnpST4RxvTqN1LvekU,VARDØ,4.1,1624
ChIJe3wJ2Sb9ST4R72APIZETG5c,مقهى أصل الشاي,4.3,56
ChIJu65yMsnnST4RkIegB9jFqWk,Bosnian Cevapi,4.5,711
ChIJLcW2TkL7ST4RTOmaHWaxST0,AL RAWDAH RESTAURANT,3.9,1176
ChIJtXxTKXXnST4R9Z2m_wRGexI,&Beyond Lounge,4.5,941
ChIJ00oZMRf9ST4RpNkttM7jJh8,Seattle's best coffee,2.6,16
ChIJr8MdQVceNj4RLYMLJjQ3NrM,Rakan Al-Bukhari Restaurants,3.4,365
ChIJRbnYYtb9ST4RExNkeEJPlM0,Atlas grill restaurant مطعم أطلس,4.1,2650
ChIJAeLuj60DNj4RrBDQHY4EFYg,تيم هورتينز Tim Hortons,4.3,111
ChIJY8eA8vnpST4RAsfNZSZ15-Y,Ballet,4.1,1738
ChIJo2QYnW3pST4RM6Il6S9c6Kk,SOUL KITCHEN,4.1,2875
ChIJ4WHhk5P7ST4Rsou99zb-684,TGI Friday's Dammam,4,2923
ChIJEwAUQv_DST4RMV5xpaeb3Bk,شاورما ثواني,4.2,596
ChIJnQWiBg_jST4REeGZ4OI3ni8,Barn's | بارنز,4.3,88
ChIJ_1b4CDToST4RkFahKWT4Nns,Segafredo,3.9,490
ChIJb2Wp8Z7vST4RiY3KO00Mdzk,Shawarma Hlayel,3.9,696
ChIJIzYz6UroST4RjlWLYwBtbA0,Piatto Restaurant,4.3,5422
ChIJ8ZznkLTpST4RgZaPELwGnmk,TEA TIME TEA INNOVATION,4.5,113
ChIJOeQCwknpST4RH6fswZLLSwY,Taka Ahl Al Bahrain,3.8,797
ChIJdcwzmkn7ST4R2VYhHcfM-t8,Drinks aroma | نكهة المشروب,4.5,276
ChIJN2jRYx7jST4R_wXAPeifSlw,Al Aljaweed Coffee,3.9,504
ChIJRw9bQQDvST4RJ3guM5VGQZ4,Fun and Art Cafe,4.8,18
ChIJ4Ve2BnEDNj4RLYaEp2SsYGM,Repeat Coffee & Brunch,4,16
ChIJ68bzP7H9ST4R_5rXDyG44Ak,مطعم رايق وركن العجان,4.2,47
ChIJd-Bpd5j9ST4RvfnZXIq1Ayc,BREWS coffee and brunch,4.8,248
ChIJNwEExhn9ST4Rr21F2v5bTxE,Almajdouie Motors - Hyundai & Genesis,4,2069
ChIJVd9sNzXkST4RFdUTtA9HOMo,كرك بلال,3.7,286
ChIJx8EdvB__ST4RPOtaeQLdEBQ,Never quit coffee,4.8,39
ChIJ1_OUeCTjST4RgC6YtlLu6L8,Curve Burger,4.1,1690
ChIJb0Z8QJDnST4R203HbyM9fNY,Hatabgy,4.3,5563
ChIJ3bwA7u3oST4Rt7iMwCh60x0,Tamimi Markets Khobar Warehouse D199,4,64
ChIJ1QnKS17jST4RPyfyzdmMLKw,مطعم ظبي الجنوب,4.1,330
ChIJHYuHCADnST4R72nrW4tulvM,Coffee Valley,5,1
ChIJBarvH7boST4RriUI0m4KAYg,Abs Kitchen أبز كيتشن الراكة,4.3,872
ChIJq60SZcXDST4RgsborQxG97I,Kottu Hut KSA ( Sri Lankan Restaurant ),4.7,448
ChIJDUk-gRnnST4REKE7lvJuRYg,Dose Cafe,4.3,27
ChIJy9hd3Jv9ST4RAtpu-NpX_oE,MCC,4,489
ChIJ7czptVz9ST4RUREunMGDZyw,VERDE Coffee Lounge,4.4,537
ChIJ-6a58GD-ST4Rhgrupk9r3Mw,Hot Cheese Restaurant,4.2,554
ChIJAXTJG5n7ST4RrHYkFpnjQKk,Second cup سكند كب,4.4,246
ChIJG_oD12bmST4RedvALPeS1KU,KFUPM Mall,4,1471
ChIJS8ueUBTnST4RwOpNvMsaG6E,The Sushi Bar,4.4,437
ChIJ2dJIqwf9ST4Rd4m94tQ2wgE,lahza | لحظة,4,699
ChIJMRkCobr9ST4RZgINBl9auIY,Chick ‘N’ Dip,4.8,1245
ChIJxzL-eADpST4Rdtuo--tfXPE,Shwaiat Al-Khalij,4.2,71
ChIJW0Zs53D8ST4RAnXhtEOpGu4,Paragon Family Restaurant,3.8,2720
ChIJ3WilWtwdNj4RDiXqyNCEzl8,McDonald's,3.4,585
ChIJz9oPbY7jST4RhZT1FN8GYUc,Lahza,3.9,586
ChIJLcoCkAP9ST4R4FkHgezzHH8,Alburg resturant,3.9,852
ChIJx_dgrlP7ST4RDtv5Y4bSZes,مطبخ الشروق لتقديم الوجبات,4.2,196
ChIJF767DU79ST4RN5MZcayVmho,مطعم تكة عراد للمشويات البحرينية,3.9,310
ChIJhT-JnNX9ST4RyOB68ne9IxY,Baith Al Karak,4,1540
ChIJgTIZsWL-ST4R8ySzHiU3yto,مطعم المضياف (المحمدية),4,828
ChIJ39c9Ln4CNj4RZ0CfuZDblY4,مطعم ذوق الشعب البخاري,4,366
ChIJM38Z_BPvST4R5R23qV8itQI,Seven degrees coffee,4.1,168
ChIJcbK-UaHdST4RE-kcRkdSUlo,THE EXIT,3.6,30
ChIJle6q9Y_pST4RyZ8w6GLXHdw,ARABIA CAFE ارابيا كافيه,4,1120
ChIJdzZQGIz9ST4RqEroabC0W2M,Cocoa Plant,3.7,128
ChIJvxf1RbL9ST4RO9OlgAgGxOo,Kareem Broasted,4.2,766
ChIJxcz_mQzoST4R1kUqvMw-xQ4,ديوانية قدوع للشاي والقهوة,4.1,416
ChIJvfQI1ZwDNj4RnQCzSWTo9zI,Eastern Terrace Cafe,3.4,218
ChIJVQToXQX9ST4RZpyXjjGzTzo,Road Café | قهوة الطريق,4.4,72
ChIJ53JzOeD9ST4RuFxyTKvtZ6k,Q EAT,4.6,1441
ChIJ66-PUrP7ST4RDyXdPKC1CnU,ALKARAK,4.2,1327
ChIJmZftEOT9ST4R3AQ5LCZR7hc,كريب اند ديب Crepe & dip,3.1,60
ChIJIcM9qaT9ST4RnSbPKxecspA,Al Deek Al Romie Restaurant,3.8,817
ChIJM7g8FBP_ST4RYsstJHCY4p8,Tree cafe,3.9,49
ChIJJWhrqqn8ST4RYQzDqxgDFiI,Epic Burger,4.2,1035
ChIJfygOHmXDST4ROyytDf_DMiY,Spices Lounge Restaurant,4.2,2271
ChIJUXwumWH-ST4RcIcRN5843Ik,Subway,4.1,686
ChIJ13byMYHCST4RDO9g0pDdu-o,Sun Room Cafe & Restaurant,3.7,4237
ChIJD4lLsWDjST4R-VsKSiA9ZOw,Rice & Saffron Restaurant,4.3,555
ChIJf43wfYzDST4RpT6c9mL0HPU,مطعم مشوار العزيزية,3.5,1325
ChIJVTjBXs7_ST4RNjqS326H3O8,مطعم علياء,4.1,2152
ChIJ0w4nVyfnST4RzKgVBkQy608,IKEA Cafe,3.8,47
ChIJcWy2y43iST4RcPsvi-NJKC4,ديوانية شبرا,4.1,728
ChIJz4Q6NPDoST4RsmBzxO4XNNc,دكة الكرك,4.2,471
ChIJob7OXIb7ST4RDBiAEDNzzqo,Hadhramaut Restaurant,4,3192
ChIJwV1pW4v9ST4Rs2uxlG1DZIU,Kiwan Cafe | كيوان كافيه,4.2,34
ChIJL3emWl3DST4RSKQijyqHih4,Mantorose Cafe,4.1,153
ChIJRWAI7T_jST4R1gii8Xy1hwA,مطاعم التركستاني البخاري,3.6,157
ChIJY3z4VdbnST4RJGUYDDwrEVI,Goat Diner,4.3,2519
ChIJAddk31f7ST4RCQuTyX4C3mI,Kudu - Al Imam Ali Ibn Abi Talib St,3.8,1400
ChIJeZWxErv_ST4REX1d99nNt30,بسيط لتقديم الوجبات simple,4.6,7
ChIJm4WBtQXpST4RQneFmfChdyM,StreetCafe,3.6,12
ChIJA1uHS3npST4RFbq4WzsLVxA,انليش | Unleash,4.7,166
ChIJU--qLWP9ST4R44ksLtaCh1o,Barn's | بارنز,4.2,118
ChIJ64sQkkDoST4RsctUTa_YBpU,Al Banoosh seafood Restaurant,3.8,5153
ChIJcdQpDnT7ST4RURLlTCVDC_U,The Cuts Urban Kitchen,3.8,1124
ChIJMfGnnjrmST4RysIiqJ6ztLA,Amwaj Mall,4.2,9477
ChIJG508DgnjST4RwvOi9zFBeX0,Kyan,4.3,455
ChIJMT5ghpnpST4RcoqdP_Vd57Y,The Swan Coffee,2.3,40
ChIJkReKd2_pST4Rku8-ITQDcEg,Um Abdullah Coffee,4.8,101
ChIJaxg2_0n8ST4Ram0VlkiEFwg,McDonald's,3.7,2372
ChIJfcoOsXzvST4RzZHsKjswmQ8,Ashaz Modern Indian Restaurant,4.7,1279
ChIJdTPtO0HvST4RMxDCV0Hixls,Kudu - Al Rakah Al Shamaliyah,3.9,1673
ChIJoV0beZvdST4RxquhFqBSAWE,مطعم عشق البحر,3.5,192
ChIJget9x0TjST4ROsh_tWyujCg,Road Café,4.3,347
ChIJE1FmMNXpST4RiQGRbEV0k9Y,شاي مراميه Maramia,4.5,588
ChIJKSIyCpHpST4RLjGY2vjQwoY,Lapro Cafe,4.4,502
ChIJa8xyi4rjST4Ro275_RjR50c,Shawarmena | شاورمينا,3.8,39
ChIJuTJ3sDUDNj4Rm75GPlkW1mQ,مطعم الريحانتان الضاحية,3.6,179
ChIJq1WRmYTpST4RWG0DF6GdmKw,Olden,4.4,2077
ChIJuUl1cg_7ST4Rq2knV6B9X18,Saadeddin Cafe,4,420
ChIJPaUEAP37ST4RwoTyVlF1aw8,BASTAH KARAK,3.5,294
ChIJnbW9b_j9ST4RWyXPVNU1_Pc,Suliman Tea,4.2,2204
ChIJgdUvgw3jST4RfBlgN3YZxS8,Karak wa shapaty,3.8,105
ChIJYQXj91D8ST4RuY4feGoUTQ4,Sayadiya Al Baharah Restaurant for Sea food,4,204
ChIJreNf8xLnST4RQl9JWG8mYxY,Nespresso,3.3,60
ChIJ7ee3nyv9ST4R_xijEwOokR4,KFC,3.6,1987
ChIJ87P_oO38ST4RnXjSOvFPxwc,McDonald's,3.7,4639
ChIJ2U-poVb9ST4RoSNSrEG_YLw,Lute,4.2,2191
ChIJA2G82wXoST4R-64hTxEUHMg,Joafa Restaurant,3.9,635
ChIJ1_lyhLLDST4RHAdRi45Nhz0,بقالة,4.3,41
ChIJ0z-9QxT9ST4RvbPMbz3Yfcc,Al-Fanar Coffee,4,204
ChIJ1ZqQuQPpST4RIcGV9AI1BV4,Derby Coffee,3.8,2363
ChIJB3lWLUj-ST4Ras80q-25Sjk,Nutrition Energy,4,223
ChIJg9UVjjjlST4R3gQoZFK5sVw,نَصّ,3.8,176
ChIJu1Tm9479ST4RfZXWvQjZfNI,101 Cafe,4.3,501
ChIJP5hq10XpST4RjBEOODdW66k,Oob Coffee,4.2,613
ChIJwSKI8UzoST4RDppFks20Rgw,Nespresso Boutique,3.8,162
ChIJoUBrsrP9ST4RG5UfT4m0Pg8,AlQas Al Iraqi,4.5,1378
ChIJ0-tBwi3mST4R38E9UqFyICo,Aloft Dhahran,4.1,4466
ChIJb_nM4L_7ST4RLWYlTrOh90s,Tim Hortons,4,551
ChIJg8hAKbr8ST4Rk3GuqdcfiSk,Hungry Bunny,3.6,238
ChIJ_xVdY0r9ST4R1cmQCIh7iwU,خبزة شاورما,4.4,281
ChIJe18IOXwDNj4R4bwRZAq75S8,دايزر | DAIZER,4.5,370
ChIJiZGvgxbDST4R-S5xnrg0N0w,TAWA,4.2,822
ChIJIRwgj8P8ST4RU4UjBqG-SjM,بكلو Piccolo,4.3,2315
ChIJvQOWKnDpST4RYKCGnwam1GE,namq cafe,4.4,4604
ChIJXxupQzbDST4RU3v1vG7P9JU,Batotta Restaurant,3.5,477
ChIJo13H953_ST4R8GBzZ5m9bWI,Frykit,4.3,971
ChIJU6xIJFLpST4RGv_325pDmMI,Cafe Bateel MATAL Seaview,4.5,2519
ChIJK3vKd1vvST4RuIwPa1CI1ik,Azwad Restaurant,4,794
ChIJuzi_vejiST4RtfROhLuBOaI,Shawarma Reef,3.7,181
ChIJZdhZnwD7ST4RMxyv8uq1SU4,TEA & MORE شاي واكثر,4.4,125
ChIJ1TQC6SzjST4R6RM-S8dWO2Y,فطيرة الفلافل الفاخرية,4.3,216
ChIJIfIATEv7ST4RMWQj-wL0NUE,Al Othaim Mall,4.3,28815
ChIJixZtc3z8ST4Rjl3vLG_pSOU,أسماك ومطعم السلطان إبراهيم,3.9,1568
ChIJcbBN5q79ST4RiXaJvV_f-8I,Tasty Toast Faisalyiah,4,900
ChIJ_T774tD8ST4R_dpSk09M8zQ,Ennabi Grill,3.8,2990
ChIJcYX6GN7lST4RqVXe2a7auEU,Kudu - Al Safa - Dammam,4.2,397
ChIJ4UqalQv8ST4RVm3CxLl1AUI,Royal Malabar Restaurant مطعم رويال مالابار - Dammam‎,3.9,2673
ChIJn28qlDHDST4Rm6YoltySthQ,مطعم دار الشواية البخاري,3.7,255
ChIJf8h5CiXjST4RlFrEcaUZWBU,سمك و بهار,4.3,422
ChIJK84ckTX9ST4RlMKvQMssCNk,Fishawi Cafe,4,1721
ChIJAe6ntbTkST4Rm2JP_kKRNDo,Barkadelo,3.8,129
ChIJx8OAQE78ST4RlirEG5Lvr_k,Broast Al Basel,4.1,1720
ChIJXWhvOG_7ST4R2brl5Kt8YZM,Abu Farida Balila & Salep,4.5,120
ChIJR3XJBwPoST4RpR82Crchp7U,Western Grills for Suya,4.1,499
ChIJP2Btivz9ST4RJpeBU7AsEc0,مطعم خاشوقه khashoga Restaurant,4.4,551
ChIJK-yZKqzpST4RkVS_XnRjakg,Spread,4.2,736
ChIJ7bZsKwDpST4RFWa_qUU7YUk,SALT ALBAHAR | سولت البحر,4.5,261
ChIJM5CepqDlST4RsYku4YF7ab8,زاد السلطان,4.1,6077
ChIJ3QcQ0erlST4RizquV34KqaA,المطعم الصومالي,4.3,924
ChIJ2-PfoGb8ST4Rtk1Q-TCgfb4,McDonald's,3.9,3050
ChIJeSq50GL_ST4RWXux7ubgdSk,Shawarman,3.9,664
ChIJWfq-E2bjST4RUsyiBjuyhM8,Chemistry Coffee كيمستري كوفي,4.1,1373
ChIJE844YiP_ST4Rl8isi2Go7ZA,Torticano resturant - مطعم تورتيكانو,4.5,891
ChIJ9Wp-vbD9ST4RwmBFVB7OdxA,مقهى شاهي المشكل,3.9,193
ChIJ2RhNdSv9ST4RR9QYs1hAgjY,Hardee's,3.8,972
ChIJES7UE-79ST4RuQdZoALOp5Y,Al-dahem Residents,5,1
ChIJyxSn5xnvST4RCrrxJPDvnyE,Hashi Basha - South Rakkah Branch,4.1,1603
ChIJg_v8FgbpST4RRHeXGBZPxkk,Qaf Coffee Roasters -Ajdan : محمصة ومقهى قاف - اجدان,4.4,915
ChIJBcgDL20DNj4Ry5VfIkjVUTs,كوفي لاين Coffeeline,4.8,223
ChIJya5CbgL7ST4RnWeE_oRKqyc,مطعم المضياف (النزهه),4,783
ChIJdd086ysDNj4RKkUw9yzHcyU,شاهي سهيل,5,14
ChIJddLHZRP9ST4Reucbl8crgi4,مطبخ ومندي ريم البوادي,3.9,982
ChIJ6Y4FBwDjST4ROuyTr0v9KlM,مطعم جازلي,4.6,2238
ChIJaSYh9sDDST4ReUIwUNc1Fdw,Masterpiece of Seas,4.5,3319
ChIJpx8jASn9ST4RH06kbVhVUU0,ربع شواية - فرع النور,3.6,489
ChIJMzZ2OzP7ST4RcElzj7Cczrw,All Day,4.4,1949
ChIJjwwT6nTpST4R63GhJ0hdQ78,The BLK Specialty Coffee Roasters,4.1,368
ChIJY4nJh4TCST4R-uw51FlMR6A,Brauger,4.3,82
ChIJdxg7qLT_ST4RpuFjOxkGyoM,مطعم بحريات إكسبرس,4.4,318
ChIJE1_eCp7pST4R-JK8wcISx3c,Khazaf Tea - شاي خزف,4.6,451
ChIJKXFEAxLmST4RuuoARdwWtMM,Snack House,4,1016
ChIJK5RiRg7DST4Rma6e7XJDdUU,ورق عنب ذوق المحاشي,4.1,331
ChIJU1BGrw3lST4RHNPJzN3705I,Yasumi Ramen Shop,4.3,1214
ChIJq6WdGH_7ST4R9bG49KamGsk,"Red Table Restaurant, Abdullah Fouad Branch",3.9,2106
ChIJtSma4iv9ST4Rw-dEC9IL3o8,مقهى ومحمصة تريبيكا| TREEPICA COFFEE ROASTERS,4.5,167
ChIJsWDXvh_jST4RgkxKfLv0QAk,Al Maluh Restaurants,3.8,1318
ChIJdXmaIBP9ST4Rr_vWciBEkR8,Shaikh Al Sayadin,3.9,351
ChIJUa04UEvoST4RrRbQaad1OlI,Cafe De Paris,4,59
ChIJle8Y8KzDST4RxCPkEvkYsqU,ALFREEJ ALAWAL | الفريج الأول,3.6,517
ChIJ0VxiYmb8ST4RQOxWmU7lB08,Herfy,3.8,754
ChIJEztYL8r7ST4RMx8jfFYjmW0,Sour,4,458
ChIJW7Hs8uD8ST4Ry9fzlrzddss,KFC,3.5,1365
ChIJzwEAVXLoST4RzwMwjEhlkB4,Little Caesars Pizza! Pizza! !ليتل سيزرز بيتزا! بيتزا,4,1075
ChIJXfKrRwDjST4RJ75YjGGDS-I,ديوانية الكيف,3,3
ChIJofAwLQf9ST4Rl9RyXetAfA0,محمصة قلم للقهوة المختصة,4.3,112
ChIJXfoNI_vpST4R6UfMEWvHCcU,Enab w teen near Bahrain Bridge,3.5,1454
ChIJlUj9j5z9ST4RqkBVjg7I7Rk,Noor Sham Pastries Restaurant,4.1,396
ChIJ4U8AahbpST4RAOwAGtEE8CY,Andes Coffee Roasters,4.6,2464
ChIJg1vza0XjST4RgInATLneWbo,كاسبن Kasbon,2.5,28
ChIJXdR3OavkST4Rh-17EcY4N5w,Coffee Warehouse,4.2,1680
ChIJXVyVM77pST4RWYbmXDGH_H0,24 Cafe,4.3,433
ChIJzb953j3lST4Ru7dVE2BtkzE,برغرايززر | Burgerizzr,4.5,1834
ChIJt5VBPiboST4RNG3kU9cjcrs,Azeem Cafeteria,4,185
ChIJpzOc2Yb9ST4RiBZ9nXDAnFg,Dunkin' - دانكن,4.2,434
ChIJy662OQDpST4R-9rll4PJCSs,Il GROTTA,4.4,893
ChIJJX8URjTkST4RkhmkenLJizg,Shawarma Teef,4.2,941
ChIJMRq0IqTpST4RNa9X3Ogwn_c,فيلوتشي | Veloce,4.3,841
ChIJnUkk5d_pST4RH7FWCkxKVgY,استكانه 4,4.5,143
ChIJgxZOqNfnST4R93xfVeWS4Do,محطة الورق عنب,3.5,46
ChIJz0o3NrH9ST4RH5SCiOjz85M,Nando's - Nakheel Mall Damamm,4.4,1439
ChIJvbl-AHDoST4RYp7f_T7e56o,Sama Deeraty,3.9,3317
ChIJ9dYUyV_pST4RwCHzna2fTOM,شرمب رش | SHRIMPRUSH,4.5,1397
ChIJFev5bvr9ST4RI6x5oZk5soA,Paul Bakery & Restaurant,4.5,1106
ChIJXfN1B1v7ST4R4_pBqvOXXOE,KFC,3.5,1642
ChIJn7_0WP7oST4R6AlV234Sd20,The Butcher Shop & Grill,4.5,3472
ChIJPzRNtVjDST4ROLvhnmOzfrY,مطعم المضياف (العزيزية),4.2,765
ChIJmQku2Z3pST4RzPMOOtpWiso,Pikniq,4.5,3097
ChIJdWuP_WTpST4Rpr-aw9YlPSo,Ola Amor اولا امور,3.7,1333
ChIJJYr7o2b7ST4RNmkJxkZlMCo,Wanasah Coffee,3.7,233
ChIJ8_dZun_7ST4RQ26uHx_pp7o,Green Bukhari,3.5,291
ChIJfxO5UeLDST4R-7cKMw0_T8k,Al Lahib Restaurant,3.9,586
ChIJz0hWvqnDST4RZ6cHMZy63vA,Lghawees | لغاويص,3.8,1588
ChIJyZbjJMzjST4RTbElpSuePe8,مطعم السيخ الحار للشوارما,4,293
ChIJj2uoLS7mST4RBCxV1kSAQis,M&S Cafe,3.4,93
ChIJ3yGAhLzvST4RHzDuZhI8RUU,To Be Cafe,4.6,403
ChIJDUjq6UT-ST4RJxGPYuJ4wPk,Danshal Restaurant,3.7,1903
ChIJ-Xa-YlDDST4Re5qmdOh1Gxo,مطعم ومطبخ جمرة الجنوب,3.3,3357
ChIJU1BWD17hST4RkA7W95VnftQ,ISO Academy,5,5
ChIJ8U1bzSH7ST4RNCeq-M9kbhA,7 Grams - Dammam Cornish | ٧ جرام - كورنيش الدمام,4.3,2732
ChIJOcwG0N_9ST4RVjoawxMFM7s,Qasr Al Ratem,3.9,1282
ChIJk6T9_qcDNj4RljJj8ieFbhw,استكانة كدم,4.7,61
ChIJ0_GGzu39ST4RLCmenAtdqW0,The Art Cafe,3.4,86
ChIJa7Ao_nUDNj4Rgbeq0Rh14QU,مطعم نواف البخاري,4.3,857
ChIJRUAEq23lST4RbLZ794gi72I,Saladay سالاداي,4.3,315
ChIJ1b2k0Z8DNj4RFS98i-10XeA,dr.CAFE COFFEE | د. كيف‎,4.6,88
ChIJs_51FzD9ST4RGCeonSkJ6PI,Alrabiyah shawerma & pastries,4.3,403
ChIJFcYcHLboST4RYMb-aeIUgmM,Lghawees,3.8,5406
ChIJbwFDG4X7ST4RP6op6i5PsBI,مطعم قنديل,3.9,724
ChIJa0rbA7DlST4RjlK3LW0A6v8,pep & co,4.2,329
ChIJl1x830ToST4RbQvHvVn0r0o,Nakhat Alsharq,4.1,3957
ChIJxR0_cQD9ST4R54BQi3rhMzU,باسكن روبنز,3.9,13
ChIJc3j3ann9ST4RxuHHJZYpWik,شواية الخليج‎,4.1,4147
ChIJgTLFZ-_nST4RsgNXqfI5KrM,Sakana House Restaurant,4.6,342
ChIJa49HKtzvST4RRTzE9kZdgdI,مقهى دستنيشن35 للقهوة المختصة الراكة Destination35 Speciality coffee Rakkah,4.6,568
ChIJW7_oaNbpST4RSjwrQOjyOyM,Shahil Tea - شاي شهل,4.5,1006
ChIJBcVcW9P9ST4ROj-0Q6T4J80,Mozon,3.6,624
ChIJx4llyaD9ST4RETFoumx0ri0,Shawarmer | شاورمر,4.2,1524
ChIJrarGaRf_ST4RxKpo7n_NwtE,Just Diet Healthy Food Restaurant,3.6,395
ChIJrR1mKeX7ST4RSCBulf_L4kU,Road Café | قهوة الطريق,4.2,101
ChIJe2_aKHLpST4RRfU95Ok36Rg,SOIR CAFÉ,4,1200
ChIJq1CDIivDST4R4XuVQNMEy-0,Rimal Aws Cafe,3.5,1985
ChIJG5663RzoST4RaDgTljZVhxc,Shabab Al Bukhari,3.8,848
ChIJl7CYyL_8ST4RPSJH4tUxegE,Herfy,3.8,1346
ChIJPa1m_jHoST4RWPitRHVFwdU,Hardee's,3.9,2441
ChIJCxuRhZLbST4RMcGXKppBEDY,معجنات أبو ماهر,3.5,351
ChIJgzDcK-n9ST4RVBDgHlj2AZg,Roasting Lab,4.5,60
ChIJ_y_SMjTjST4RtrZbodcCtCQ,LLAMA,4.5,3275
ChIJc-0z-cjjST4Rifqt58ilYtg,ALKARAK,4,1148
ChIJARnVQMf9ST4RK8P7kNqtDYg,Abuzaid restaurant,3.9,1325
ChIJXw7BYYb9ST4RATbv0H5PnRE,حاشيكم,3.9,1239
ChIJt0n1E3__ST4RfIprzejkFsw,Levels Board Games Cafe | ليفلز,4.8,1207
ChIJQXa9NIr9ST4RqFs59qBoKjs,BURGER SITE FAISALIYA,3.9,212
ChIJJ-YMsDLmST4R3l6cBCQLpi8,Van Houtte Cafe,4.2,865
ChIJMQP45jvjST4ROuxR_QTPz_g,The Garden,4.6,231
ChIJX-Vlw4H7ST4R-yYVG697uaQ,Ahmed Bukhari Restaurant,4.2,300
ChIJhWM2cTrmST4RzclsrpCxHnQ,dipndip,3.6,950
ChIJwxo0D0fjST4RstJUeWK1kKg,طعيم | شاي مختص,4.6,54
ChIJk0As6g_DST4Rr3AjIbuV3Dk,راعي البروستد فرع العزيزيه الخبر,4.2,1180
ChIJA8Ymc8DjST4ROmJGnEz_fRs,Asyakh أسياخ ( طيبة ),4.4,281
ChIJvTgxhWz9ST4RLHRJpAw8Ti4,مطبخ نجد,3.8,331
ChIJd8d4wXL9ST4R9c8bbg2Ud7M,The first moment,4,542
ChIJE3CFAQz7ST4RVraRBw5uk9M,شاورما الأستاذ,4,282
ChIJB8PLFF7-ST4Rz1Z3_BIMxFU,Babel Restaurant,4,843
ChIJ4WqCRUv7ST4RYXt1Wchsr6Y,Segafredo ZANETTI,3.5,55
ChIJ-ydxvDT_ST4RR-FfyM_gGrs,لقيمات بنت القاضي سيهات - فرع الدانه,4.1,342
ChIJRTMTXs77ST4RJpIoNfdTBiM,AlBaik,4.1,12938
ChIJR5XwphbDST4RQwjzL76faZs,Burger King - Al Jisr,3.8,1955
ChIJ61O7sAPoST4RDa2oMwn0MRw,ديوانية قدوع,3.8,128
ChIJPV5Bs-XpST4RIEzWMDKZuEA,Texas Roadhouse,4.3,3852
ChIJycXPfh3pST4RS9doVfryK1A,Sharik Cafe,4.2,262
ChIJK_yr_I_vST4Rro6G7dBby3g,Olabs Café Drive Thru,3.7,116
ChIJlz77FJzvST4Rqx7dAUoQyQM,The HUB Co.,4.4,848
ChIJpZiwumwBNj4RUddl6nrMClE,Barn's | بارنز,4.4,39
ChIJebUMYvLpST4RpKMCRIy9gBg,The Hub,4.3,843
ChIJVVVVVXn9ST4RXUt8-lP24dU,Fillfilah فلفلة,3.6,2485
ChIJHfa5EEHvST4RCQQiElZHhe8,Tasty Elements عناصر الذيذه,3.8,8
ChIJ7THI-Zj9ST4Ript0jfrHWb0,Kyan,4.2,751
ChIJn1L5NGXpST4RABHMZ6cVnhI,"CODE 9 , Rest’ & Coffee Shop",4.8,45
ChIJX1-JnHfjST4RjsYGFXrEZaw,ميلتزون | Meltzone,4,704
ChIJf2X0KQbjST4RszuI8R9rJRs,حنيذ عمر | Hanith Omar,3.8,1276
ChIJC4rqtgj9ST4RodWBuNqv5EA,The Container | Philly Steak,3.9,370
ChIJ62IzV_H7ST4RupetHfimOyI,Dose Cafe,4.1,2308
ChIJk7DSbEf7ST4R-B2C58KrYaY,Al-Hijaz Rice Al-Bukhari Restaurant,3.9,196
ChIJA09AjpDpST4RqDt3Qa5tCJk,شاي سدف,4.7,622
ChIJo2wFYWj7ST4Rqec-vis0ZDM,مطعم شلال الجنوب,3.9,227
ChIJyRQ_G17jST4RuzYYtElgkQU,هامور الخليج,3.8,615
ChIJb7Dux7X7ST4R7v5jb_ScJR8,OXFORD13,4.6,5
ChIJP9hFBxTjST4RFER7XciOabs,مطعم عصيدة و مرق,4.2,1755
ChIJO5vivfLDST4Rvuy00EgpQmE,Papa Johns,4.8,345
ChIJQ8uuSELjST4Ra6VtTc2YAJ0,Al Mumtaz Restaurant,4.1,2604
ChIJk7lKri3mST4RGksvX_mNtx0,Lebdah Palace Restaurant,4.2,2152
ChIJlRktNkT-ST4Ry3yK587Tmms,Shawarma King (استاذ الشاورما سيهات),4.1,893
ChIJVUPgSNX9ST4RuDRyJHQjhC4,MTKTK,4.3,314
ChIJW11KHeX9ST4RgfWVbWQobTQ,Bitten Café,4.5,558
ChIJ8drm0tXjST4RH7y84umqzgo,ALKARAK,3.9,647
ChIJGaUb2OnnST4RWW1TleO7bek,Hamburgini هامبرغيني - Olaya,3.9,692
ChIJCSNlu4f7ST4RHcIw2qlnbF8,Ojair Specialty Coffee,4.5,504
ChIJs8kg0GXoST4RGDzL-7_9zVQ,ALFREEJ ALAWAL | الفريج الأول‎,3.9,1909
ChIJpeAnR1vnST4R5eus8ZJmgI8,Deep Fries,4.6,1602
ChIJbxdtVjflST4Rn3MMDhPzhLw,Nutria,4.1,241
ChIJj0Cz2r37ST4R0YjEMeWIvjY,شاي عبق,4.4,574
ChIJT7guC9XpST4RSzjmf7dDLJE,روشان اند كيان,4.2,288
ChIJWX-NuHf_ST4RHRkADeEhEZE,SOVA COFFEE HOUSE,4.7,403
ChIJO2s_yvLjST4Rcn9X0fmzXh8,Kyan Cafe,4,1578
ChIJL_4O0-joST4RpuLvdsuf6OM,Hyper Panda 40009,4.2,5382
ChIJd5Vc4qbkST4RIrS4jFIW3kE,Turkistachio,4,1339
ChIJcTR2jAzDST4RfkK2Dbtr2Ng,الماعون الشرقي,4.4,240
ChIJq1GCaWn-ST4RT2SDbCNauk8,GriddleTime Tex-Mex Grill مطعم وقت صينية الشواء,4.4,505
ChIJkfqZFnv8ST4RGplmBd9cSVU,مطاعم هاشم,3.8,3025
ChIJjWhzH4_pST4RINn9I8bs4QI,MALAMA | مالاما,4.5,1512
ChIJ1bJcegbDST4Rv3X6sAgEhwo,شالي للاجنحة الفندقية,3.8,629
ChIJGWbdhTHmST4R9X2K-c27V40,Okaidi,3.6,19
ChIJ9Rf0KInpST4RbgAVVbqIjTk,Dose Cafe,4.3,1792
ChIJ1XvPsI_9ST4RrNSLLV-JQ4k,Baba abdo restaurant مطعم بابا عبده,3.6,1755
ChIJW6fwYe39ST4RmfKByNeXRVM,Ensalada & Co Bar,4.3,384
ChIJVYLFL_TlST4RILs2c7c5pAc,POSHAK Doha Plaza - Khobar| بوشاك,4.3,484
ChIJkU123ov7ST4Rv0JzY4nc8Hw,كافيه خيال القهوة,4.6,25
ChIJnYO0l_T9ST4RoT5-0jY7mFk,مطعم قصر لبدة,4.2,868
ChIJaYqzNYHCST4R_ywHFFmXIZc,Sanbok Restaurant,3.7,3630
ChIJn_YDlxDnST4RrIphlNrl0f4,Rosalie Cafe,4.5,447
ChIJcSKyM_LhST4RQkF8muY1aNU,Arya | اريا,4.1,149
ChIJo8r20qXpST4R0ZaIr3xvnSw,مطعم الجدر الخليجي,4.3,524
ChIJPcK2fQD_ST4Rv3p4iDWYgrA,مطعم شاورما كريب,3.2,57
ChIJNVa4dNwdNj4RQipdxwoHh1g,McDonald's,3.6,1121
ChIJuUQUc1LDST4RvQHr-8uXt04,Crazy Patty|كريزي باتي,4,96
ChIJORr1ZzL7ST4Ra6klpKxFPGY,wokkong,4.5,1302
ChIJC7DRPAD7ST4RYxC0eezDQEo,بي او ايتش BOH,N/A,N/A
ChIJB8ua5LQDNj4RLw3AnteKhag,برجر مشوي إيثار الشواء,4.3,91
ChIJEV90fpb7ST4R_0YnipJMKK0,Hardee's,3.7,2513
ChIJ43y8Yj3_ST4Rk47GxOV25fU,منتو الخليج,4.1,195
ChIJsRzIr_v9ST4RpNiZfQFEiSM,Tim Hortons,4.5,220
ChIJjfPnlD8CNj4R13-wut6Qwbs,Zaman dressing - suburb,3.6,147
ChIJO0Ar_4n7ST4RdvrY8RhKVQ8,Red cafe,5,1
ChIJH9hsl4DnST4RBV6NY6ICnxI,برغرايززر | Burgerizzr,4.3,1020
ChIJMz-Gjjz7ST4RyX42ABRI6AY,Lghawees | لغاويص,4.1,1651
ChIJCyUzS8LnST4RulZgQD3Y_xw,Gravity Lounge,4.2,274
ChIJ3Yvb8OXpST4RbpQ2Ah5HvXE,الرومانسية -الخبر | Al romansiah,4,8462
ChIJY_gbK2rjST4RxkrgAes7G1Y,شاي بخار,4.2,225
ChIJ207patXpST4RTeRe70CiHbE,Olabs Café & Roastery,4.2,2024
ChIJBbzmLZD9ST4R67O83h1SPfo,ديوانية الديرة الدمام,4,1248
ChIJKUkJhp38ST4RubhoqWPlru8,ديوانية زعفران,4,1021
ChIJW-D47nLpST4RMUdplA9n1c8,MYLK,4.5,694
ChIJvwfMdnT8ST4R0xHsfKnDIyo,Tikka Bahrain Restaurant,4.1,610
ChIJf0aRgVTnST4RxyhqkiOjhqI,Fit House,3.5,572
ChIJRf7_A2z-ST4RUHhX7v0KIp4,Bab Al Burger,4.1,571
ChIJR9g-gKL9ST4RnY7OtydViZA,Shajarat Al-durr restaurant,4.8,12234
ChIJQR6pq13lST4RLqTSKlVVzcM,Brewhemian Coffee,4.4,807
ChIJgX2mfK3pST4RKErf6hrPSSg,ميم كافيه Meem coffee,4.7,218
ChIJ17PEEw7oST4R4xtlQ0LQQJs,مطعم كماله kimalah restaurant,4.2,3590
ChIJQQgyzvH7ST4RCcGZC74fuuY,رحمون كرك,4,22
ChIJjep9F8_pST4RkVPZhoxNOK4,فطور الأولين Alawlen Breakfast,4.8,978
ChIJexzXb34CNj4R_t_p2f4fljQ,Herfy,3.4,635
ChIJXV7WYJDpST4RV61Cbm46YNY,Cinnabon,3.4,87
ChIJFfksQjX-ST4R1SLHolhN3Kk,روزلاند | RoseLand,4.5,59
ChIJfSq1UzX5ST4RVcpygmLOCVk,Loop Restaurant & Cafe,4.1,3160
ChIJF15pkqDpST4Rwp0eHucz7FE,Bath & Body Works,4.6,215
ChIJb5wDKnnpST4R4YcUKfsCBM8,IB BURGER,4.5,975
ChIJCSWNyb78ST4RmlAyTdoi1Gc,مطعم بست فلافل Best FalaFel,3.6,429
ChIJVc0gYh7iST4RTPiTsKUNc1U,Restaurant and Mandi Rehab,3.8,1725
ChIJg83KN83pST4RNwNpyGI2Tmw,مقهى ومحمصة مخا Mocha Coffee Roasters,4.2,301
ChIJneB6-SL7ST4R0yGawvkTAG4,RATIO Speciality Coffee,4,1668
ChIJJxFpMm7vST4R5yjwu8b-iS0,بوشاك - Poshak Raka Plaza - DMM,4.1,223
ChIJM4LpCZ3pST4RrW17aFoAGbc,كافيه عنتر Antr Cafe,4.1,2296
ChIJ2b5CeRnvST4RUg4jbTZqkjg,عريكة ماضينا,4.5,705
ChIJpcCMjwj9ST4Rjb89RcndcIY,Kiva Han Coffee - كيفاهان كافيه,4,802
ChIJBY6HanvjST4RWV3d9FEqUDc,Tikka n’ Go,4.5,1471
ChIJ9xFFtVDpST4RdB3VD1uiBeo,Shrimpail | شرمبيل,4.3,1688
ChIJJYNLejHmST4R-Z_nvzY3CJ0,Hardee's,3.8,116
ChIJuWOw6bfjST4RrFD92RikCso,حاشي باشا| فرع طيبة,3.9,1394
ChIJX0ioh437ST4RJnTZGwWNnXo,Scar Face Lounge,4.5,1904
ChIJZ3Dpfxj8ST4RMFh7eN4Yx-A,مطعم فريج السلطان,4.7,4593
ChIJc0PEsjvoST4R0V7mnTqE5xk,Puncak Restaurant,4.1,1070
ChIJuw9aDULjST4RIASS58sSLZo,Moznah Koshari,3.7,478
ChIJLS0KbHT9ST4R2rKgk0-0eD0,الجرة الحضرمية,3.6,869
ChIJKykdo-jpST4RwNYDF2MclwA,فورتي ايت forty eight,4.4,26
ChIJy1v3_Ov9ST4R8E1bUc9fXxQ,جيميز كيلر الدمام Jimmy's Killer Prawns Dammam,4.5,563
ChIJ-R3uBGfoST4RdMK5vUp__gM,Masami Sushi مسامي سوشي,3.9,1702
ChIJr5Tdmcb9ST4RqSPw771t6ys,شاي ابو شنب,4.2,385
ChIJL6Ua5LL9ST4RxcsStzjYcUk,Quill Cafe,4.2,176
ChIJR4FzNdjnST4Rxoler7p9ryM,Güzel Cafe,3.9,34
ChIJGRI30AT9ST4RxCyGGBW6d4w,Khalifa tea,4.3,661
ChIJB1sdL1r9ST4R7mWM2Fvosq4,Starbucks,4.1,329
ChIJwQYtzBIBNj4RcxaJPGsHMSA,Mutam Nisaf Alqamar,4.6,58
ChIJLQtoldAcNj4R5j883rmqQac,ديوانية جوي للقهوة العربية,3.7,293
ChIJLQ5y80PvST4RlIDYw6WDLoE,الرحاة للأكلات الشعبية - Alrahat,3.9,395
ChIJx4ewRJ7vST4RzEELp7018iA,Atia cafe,4,282
ChIJO7YlspD_ST4RMZK3ht3lBxE,Lettuce go | ليتس جو,4.4,211
ChIJQc9hhjD7ST4Rrx3VZ17Nzh8,مطعم كواكب البخاري,3.7,259
ChIJzbx7Jgb_ST4Rpf4TCMLxbNI,Knife and Bone Butcher Boutique | نَايْف آند بون بوتشر بوتيك,4.6,232
ChIJV1YS2mLpST4RYez0XNGIOvY,مطعم زاد البحارة,4.4,659
ChIJ9TKu3sT_ST4RlAvzQ3Z6OHg,Khamseenah Tea شاي الخمسينة,4.4,109
ChIJBxOoG97_ST4R8dZiQP-1qko,Paradise Beach Club,4.1,640
ChIJibvKHmT8ST4RwLPU7vdFRQU,الفطيرة,3.9,140
ChIJY0sAp_XlST4RY9o1hhoZSmo,Casapasta | كازاباستا,4.1,358
ChIJaZ6MkOvpST4R7UyC0ccvqPA,مطعم ماما رباب للمأكولات البحرية,4.4,4952
ChIJ62Xuglb9ST4R3dEO7rFX93Y,اوبرا,3.9,19
ChIJw1LODeH9ST4RBBBHkY2Lsb4,SALT,4.7,1026
ChIJKZa7bPnnST4ReO10vHBCr_o,Thermo Steakhouse,4.4,2238
ChIJW-mE5OH7ST4RUkoQy1CbGzo,Oceana,3.7,1328
ChIJQQWk_nnvST4R6-tFBbe2Q1k,Meltzone,4,397
ChIJ4V2hMEboST4RQjHFZjxUTtY,Specialty Bean,4.5,1392
ChIJZ_2fIwb7ST4RYfq2uKg1nQs,Tacoville,3.9,542
ChIJgWwBGRr9ST4RMiHcr4_WZng,Awake,4.2,784
ChIJf4F8VTHoST4RVwFNZ8_1XXs,Jarir Bookstore-Khobar,4.2,2805
ChIJ403fMZTpST4RNTpokOfO198,Jollibee,4.5,459
ChIJATvlZWfoST4RfSQogyPStrg,Al Danah Tower,3.9,33
ChIJ8xDs50roST4RE_1b80OQ5gs,FireGrill,4,1750
ChIJtfM-lJz8ST4RPGkGjbR2tjI,Al Bukhari Mehdi Faraj Restaurant,4.2,418
ChIJRaJ9U9jnST4RAuAzsHZ26kk,Al Rashid Mall,4.3,50834
ChIJRRiWkoH-ST4R9L7c8NiDjIk,Casa Pasta,3.9,1384
ChIJ-dg--4_pST4R6qWG5aIjWTE,Brain Coffee,4.4,12
ChIJGV8LwRPbST4Rfj0rco0zidY,Gate falafel,3.9,397
ChIJ1xnJZtz7ST4RTbOmGmFHRyk,Rawaa Restuarant,3.8,484
ChIJZVcANn_lST4RTwWqD96kTB0,Hardee's,4,972
ChIJOYHDA0zpST4RUWUIeKXVz30,ZOLIEA,4.5,1616
ChIJBYolDX3jST4RiC3Zcf9Bwak,PARK COFFE,4.3,23
ChIJuZ-X1vb9ST4RQkQTWGcKy-A,Starbucks,4,775
ChIJo39vCuXiST4R1G_FONHxmXs,Fillfilah Restaurant فلفلة,3.5,2668
ChIJ2WCezC7FST4RBDVauxCSSrM,Qafsha,4.2,152
ChIJtz4TyY7lST4RkcC0tl0c53M,Al Diwan,4.1,77
ChIJQ-vzNFD_ST4RUpSRlIQBJ2M,برغرايززر | Burgerizzr‎,4.4,1052
ChIJIbqkt47lST4RSnE8e9uer-Q,Sky Lounge,4.4,241
ChIJWdKybi78ST4R4326ue4Eg1g,مطعم الريحانتان,3.9,520
ChIJD4Ma89vpST4RG1B42kmQk48,Half Million,4.3,4722
ChIJYSlHEPPbST4RdOG0u7GLBEk,Rawan Bukhari Restaurant,4,488
ChIJizPNtQbjST4RNKgplt98-_c,إستكانة مزاج,2.7,7
ChIJozoTxx7jST4Rnfdh4H4bK10,AlAsr AlHadith Restaurant,4.2,1694
ChIJwd7Hoc_lST4RTo5DIJHkAvs,DOB Dining Hall,3.5,57
ChIJZVeRjsv_ST4RxH0t6UZ_bUY,مطعم مشويات الأطايب,4.3,348
ChIJuS-1CBD8ST4RARDaujgpXWk,KFC,3.7,923
ChIJMZg6AQPoST4Re8Q4bDoh7Jc,Lahza shawarma,3.9,965
ChIJ2aZr0XjpST4RAgfogdLwnuk,Tosto,4.1,522
ChIJ40g7GB7jST4RXzbrYWyHnwY,تكة وكباب امين,3.7,237
ChIJJRvUGSv9ST4RRE2fdPXlpso,Shawarmer | شاورمر,3.9,3362
ChIJu0AAPnkCNj4RAmWJ1XwFbpI,مطعم حدائق طابا,3.8,665
ChIJib-wEDHoST4Ride3VL_qorw,Al Marsah Seafood Restaurant,4.1,9547
ChIJhVKpNkb8ST4RCZAnF_Gh_EA,Abu Tayeb Restaurant,4.1,2748
ChIJdcJi25ThST4Rw85CZfYYnL8,Ronaldo’s Pizza رونالدوز بيتزا,4.2,39
ChIJdd-ZdXDnST4R5BWVMhSKN1A,FishFace فيش فيس,4.1,578
ChIJyeJClXnpST4RlGjx5fO0Cic,Shrimp Storm,4.5,852
ChIJW6MRN1b9ST4RIr2MhkUWgCs,لقيمات ذوق,4,367
ChIJ2ZftETvDST4R58uDJeVLEKA,CAFFÈ VERGNANO 1882,3,2
ChIJN-mzWD_pST4R-tKGyEfXvuA,Raftaar Restaurant,4.3,2018
ChIJecDxPAD9ST4RXvSGCEAh0HU,طرشوووله,2.6,19
ChIJL8536UDoST4R4-LvyYZPvbE,Shahrazad Restaurant,3.9,1052
ChIJjegEOhPmST4R7Kkn0gbWJbw,Fillfilah فلفلة,3.6,1092
ChIJ6bfUcgDpST4R1qb45nWL3e8,كوستا كوفي,4.1,670
ChIJ4RQ-Djb9ST4RAzYBWKyhN14,Dura Specialty Cafe,4.2,458
ChIJ_ZUqxWj7ST4RPptUrOq4wbo,مطعم الدوحة للمندي,3.6,288
ChIJG-vKAoEBNj4RDrTR9kV7IOU,graph cafe,3.3,48
ChIJ3dqFGTflST4R5P6W3XyhBUY,BRNX Pizza,4.2,300
ChIJD_M7-L_9ST4RdF07DbQDlk8,Gjar ورق عنب جي جار,4.2,184
ChIJPY8AFqPpST4RZl95cOBlcu0,Onion,4.1,1658
ChIJrftVrCLnST4R29_0CS_2HtQ,سبارك كافيه,4.3,100
ChIJ12iGZMX7ST4RwkYM34B_R7o,Osmanli Lezzet المذاق العثماني,4.5,11065
ChIJRcTiTUv7ST4RUyfSvYJsjxI,KFC,4,711
ChIJvfEss9fpST4RLHPhGVJXURo,Ziba Restaurant ® مطعم زيبا,4.6,5022
ChIJg6XKFj_vST4R43-M6db4BoU,Bell’evento,4.7,3627
ChIJD2MdH4_lST4RHLtxSBfpvUA,Cinder Wood / Leopardo Central Kitchen,N/A,N/A
ChIJMVx4vVr-ST4RH7LGJhAbawQ,Elia Restaurant,4,2565
ChIJawB8FmD_ST4Rojcl4mE2L9g,FOUR LEAF Cafe,4.2,374
ChIJfVb8_MrlST4RWiLTFv-T3n4,Hardee's,3.9,698
ChIJ7xBWcmz7ST4RKn5Rq0Ex_Ec,مول مارينا فساتين,3.8,23
ChIJu1MrKe3pST4R46et82AtJto,ثندر THNDR l,4.1,506
ChIJ99spDPrfST4R1OVMc2h_4Vk,BROASTED ZIYAD,3.9,95
ChIJR20ZqeH7ST4RO5OZoqyfYVg,Burger King - Shateaa,4.1,665
ChIJWfuIIj7_ST4RX2OY4sZeW3A,شاورما الفريج shawarma.alfreej,4,135
ChIJwR0w6kz7ST4R3V_qBINVBPI,Burger King - Othaim Dammam,3.8,1217
ChIJq6qqas4BNj4RYH-9XRhYcfI,مطعم ومطبخ جمر الحنيذ,3.8,251
ChIJueKb-uT9ST4RNVZWzRhELVI,Tikka o Reyash تِكّةْ وَ رِيَشْ,4,853
ChIJh2cfgAnjST4RwIkKbdJ9mSU,WAOBAO,3.1,22
ChIJ9aXrr1zoST4R0WK5-3gF7rU,Steak House,4.2,7799
ChIJDV5ZMjTkST4RhmdzX_gspeM,Lataif Altaif,4.1,259
ChIJ8ZWO6gDjST4R937-yTQZv-k,شاورما ريف,3.3,59
ChIJ9RmaLUH9ST4Rq7NSMryCGFY,Eleven Three | 11 3,4.6,545
ChIJ32olT_DvST4Rn16iQRdj_iQ,Spot Chicken,3.8,430
ChIJPSplY37jST4RXXOP-Wdqg0U,88PORT | ٨٨ بورت,4.4,2436
ChIJoxBs75L9ST4Rw3NgR9HQXk4,مطعم بخاري غير,4.1,609
ChIJmbqlR0v7ST4RyYhsVteLerM,Canton - كانتون,3.9,210
ChIJiTXGxh_jST4RwjbJhSWAzZ4,Sinjar,4,8523
ChIJecS5NMzpST4R9vvCFyRItzA,Maramia Villa,4.5,1022
ChIJnfIfSQvnST4RArodEH4RzuM,ZOYA COFFEE I مقهى زويا,4,309
ChIJqcybYBvoST4RpUk_UFMhDzw,Golden Falcon Restaurant,3.8,1737
ChIJxwd0LTrvST4RbfZ2_DHjNoo,SMOKIT | سموكيت,4.1,649
ChIJK202HjL9ST4RBH1oJYtQo5Y,Coffee map,4.1,26
ChIJUwd382P7ST4R728SYwRZCCU,DERBY COFFEE,4,12
ChIJ8bf4L1X7ST4RTfqw5EOMMzs,SAMA DEERATY RESTAURANT ABDULLAH FOUAD,3.9,708
ChIJP1bgLxH-ST4RvRdSXzNn59g,مطعم صبار و بهار,4.2,1224
ChIJXQJqbTz8ST4RIxUCz3zqh5U,مطعم الخيام أفضل مطعم في الدمام منذ 1991,3.9,447
ChIJnQVE33j7ST4R2rl9OWBQMUQ,Poshak Othaim Mall DMM | بوشاك,4,78
ChIJt_xjwSEDNj4R0R1cfGkYgm4,Maestro Pizza,3.8,216
ChIJQ2xvQbTpST4RcH6VK2yV-P8,AL MASAA TEA,4.9,872
ChIJmcoigpXjST4Rvx8DXFyX3xA,Abu Hilal Restaurants,4,1783
ChIJ6QrR1_zDST4RDu6Kb3d-ftw,coffee handle,4.7,281
ChIJ1WmHNT7DST4RG_wrbwVJp0E,مطعم رجال المع الثقبه شارع الخامس والعشرين,3.8,490
ChIJZ8rbOrTpST4RItdqWPG5oLw,CORE COFFEE & ROASTERY,4.4,531
ChIJDefJcgfjST4Rynk3_wEsbB4,مقهى و محمصة وودز | WOODS Specialty Café & Roastery‎,4.6,1739
ChIJa9gUyvL9ST4RTMfEktdOeyo,بوفية عزيز فرع٩١ حي بدر,3.8,101
ChIJEd-Cy0X7ST4RcRqJDPDB3GU,فواكه البصمة للخضار والفواكه والتمور الطازجة,3.7,29
ChIJy3un-QzjST4RdWmgRDcDoMw,Tim Hortons,4.2,90
ChIJK-wO0On8ST4RoW_KczUQVHo,Happiness Cup,4.4,1638
ChIJ2ZHwv0z7ST4RWSAHSjey8hY,Kudu - Mohammed Bin Fahd Street - Dammam,3.8,1337
ChIJO8FwsDDoST4Rzi-1UCGvCIs,Waha Al Rehab Restaurant,4.1,4331
ChIJzzsYSTTjST4R4WfFU2safJU,مطاعم شواية سماء الخليج,3.9,667
ChIJidb5p3jpST4RARG1eFUBlJM,SWAJ Coffee Roasters محمصة ومقهى سواج,4.4,649
ChIJXSMUKlzpST4Rh2aqmJeKDCU,Lapa cafe,4,267
ChIJQ4b30pDjST4RUW0LGmRFKsM,محمصة و مقهى زليبرتي ZELEBRITY ROASTERS,4.5,853
ChIJ5RgNo0LjST4Rf8POWTOx4dE,شاورما سمير,4,593
ChIJewKZw6jpST4RCGUhLluji3Q,Cay,4.3,1248
ChIJ04pT_LzlST4R7ntr57yb4gA,Buzz Coffee,4.3,597
ChIJHYBgCx7jST4R14G32D5SEfM,ديوانية كيف النشاما,3.5,404
ChIJHSK1nRbDST4RHTkvuQe74T8,Mandi Sunset Restaurant,4,1803
ChIJW668CqH9ST4RIBF6aPeHOxY,Sushi Library,4.4,1905
ChIJYwTC0vL9ST4R2ytJxZbJCsw,Mantorose Cafe,3.9,66
ChIJc42gKQj9ST4RZVPUWVp0Hmg,مطعم سمك ورز للمأكولات البحرية (Fish & Rice Seafood Restaurant),4.6,1157
ChIJ5Z_fRlPoST4RjeR94x6M5GQ,GO-YA! قويا,4,2276
ChIJ8z1pV3rpST4Rt6-5YWtWmDQ,Lumee,4.6,3268
ChIJFYGO0xL8ST4RS0etfyrk-9Y,المذاق المغربي,4.2,426
ChIJm2wwPGb8ST4Ri8yGa2bzHGs,دلع كرشك,3.8,4642
ChIJd-ZiXmzoST4Re85kDVe5q6s,Mishwar Restaurant,3.7,1721
ChIJLW3z2HX9ST4RKrGDUYA4Gf0,Sambosa Alsheef,3.9,378
ChIJa73RgavpST4RcRYCBwLUPG4,Meat at Tony's,4,1077
ChIJuZH-ZWT7ST4Rm2TCbv1Lyes,Alfawar Restaurant شاورما مطعم الفوار,4.1,1126
ChIJd8n8HW_-ST4RtmcnlxYwJF8,Crepe Roll,4.1,660
ChIJPYiVN737ST4RNBgtes1c77k,Green Dragon Restaurant مطعم التنين الأخضر,3.4,97
ChIJmW2uC-0DNj4R6WvU1tLEE1w,بروستد كوخ الكتكوت,4.5,100
ChIJcTBT8PX9ST4RjCstxndBwAI,شاي بن بخار,4.2,594
ChIJB0ieey39ST4RqUMlNGgUzlw,Faham Wa Lemon,3.9,266
ChIJ30cIiCPjST4RtV6DHr2Eehc,مطبق ومعصوب اركان الديرة فرع حي طيبه,4,1976
ChIJU-o4l8b9ST4R2t7nAJx-0RY,برغرايززر | Burgerizzr,4.1,1640
ChIJ10vmXzrbST4R-n12U0sI_a4,شرنبي,4.4,841
ChIJI5q4i_DpST4RhRBMON1UKeU,Loaf لوڤ,4.2,108
ChIJLQFGUfvDST4RWDx-k1Zgncw,Tea Time Khobar Aziziya (وقت الشاي),4.1,2024
ChIJa1zZlSTpST4RQOWYPs7VZXU,Naya Daur,4.5,2013
ChIJNVhFTO3DST4RUrfA7MCOAwA,koshari station,4,211
ChIJ_zjokUz7ST4ROtaz84pLrHk,One half,4.5,401
ChIJGZPckQUCNj4RXBvSgwE11D4,الشركة الدولية الأولى للأغذية المحدودة,4.4,39
ChIJRf4Jfsj5ST4RyWr53q0hpDs,بطاطس أبو موضي,4.1,509
ChIJeadCrwrFST4Ra4rbSg-8JTs,Half Million,4.3,1389
ChIJ_4couAPoST4RmT-QIhwNC5E,Shwaiat Al-Khalij,4.1,4983
ChIJuX11cT7fST4R3885txd4Uck,Palm Beach Coffee Shop,4,127
ChIJoQ97Qsb9ST4R9GYQ_v8ROJs,Art Sweet,4,873
ChIJq6qqqg38ST4RxbpHe4UApfc,Shawermat Restaurant,4,555
ChIJ394O7mf_ST4RZ_lqk8_LogE,ميس القمر الدمام المباركيه,3.8,334
ChIJf2SoE1PvST4R6uXmHmEikPQ,The Pearl Residence,4,247
ChIJBdpJd2L7ST4RNxvmPdLGhE8,Avenue Café,4,1085
ChIJHyex9ZP9ST4R7AGFj6hgbGU,ورق عنب دولمة - dolma,3.5,111
ChIJDaPSAW3mST4RRt1KWY-l_rA,Makbous Express,4,2476
ChIJF14C2XX-ST4Ry8f1hyS_zAE,مطعم عثمان,4.1,102
ChIJV1eiQRf9ST4RK5iHqPJvKHw,Tim Hortons Alnoor,4.3,210
ChIJ5bprud_9ST4RL1h9jcYZRCc,Tim Hortons,4.1,689
ChIJWUkNnJ_CST4RuHev_wHc4_Q,Broasted Top Meal,4.3,803
ChIJr-hmya_pST4RNM94rD19pMo,مقهى ومحمصة كوفيكا,4.5,897
ChIJ2ciIJa77ST4RCvg-8FHDQes,دوح وشاهي كورنيش الدمام Marsa Café مرسى كافيه,4.4,247
ChIJQVkjIQ_7ST4RqYX0cnXldTk,Dqaig Restaurant مطعم دقايق,3.9,277
ChIJc0S-Rfb9ST4R1NNdk4-KiAE,Al Tazaj,3.7,2607
ChIJ0yVPp5_CST4RPR1TaknfH9g,Al Dar Al Arabi,4.1,1309
ChIJ8XpNAXXjST4RhnlWdmRAits,سرد,4.8,260
ChIJYX7P9UzoST4RkH77jOd5FfM,Chemistry coffee,4.2,1344
ChIJXwfnJ8nlST4RIhfzPV3ZzHw,جاوي سريع Jawi Express,4.4,419
ChIJFWj_P1ceNj4RwU4ZxISVJI8,Fast food restaurant,3.7,49
ChIJRxbxwHgCNj4RpcIdV73hAs8,Falafel Jasmine Sham,4.3,789
ChIJRaVYnT_vST4RXfU0t7x_qYU,Hardee's,3.9,1055
ChIJz7Ivl8jpST4RqJuMenN-S0I,مقهى هيل وزعفران,4.5,56
ChIJBUBtHIfpST4R86d_oGEOHno,Kufa,4.1,2830
ChIJg9nXW6T9ST4RjpGGVueBE7k,Althawaqa Biryani,3.9,1372
ChIJYSERUkv7ST4RkAhsfcrLz94,TIM HORTONS,4.1,482
ChIJg4dp86XjST4RlZRw9q_40yM,NEXT ONE FOOD TRUCK,3.7,61
ChIJu6e9UXXnST4RfzsLNrZ1k7k,VOLO Burger,4.4,768
ChIJ4-Toz-j9ST4RiJpkc3yZqF4,دربي كافيه,4.7,31
ChIJ88-ao4nDST4RIf6N4fEVq6c,اوشا | OSHA,4.7,215
ChIJ9QvS5gDpST4RBgIVM1PJP0w,Zadi Restaurant مطعم زادي,4,261
ChIJ-5FvBOzlST4R8WF7qHfn8DE,Shawarmer | شاورمر,4.6,1449
ChIJ6TWaWX78ST4R-tilYN1pPJ8,Duan Restaurant,4,636
ChIJKyYA-Fn_ST4R7MkYlB5qEGM,La Fondue Restaurant & Cafe مطعم ومقهى لافوندو,3.9,1064
ChIJFeb7HbboST4R_Jh2KgOlu6c,The Geeks Club Café,4.6,1513
ChIJCX8YDJfdST4R6qzsTmLOLwg,قهوة المسافر | فرع الخبر,3.7,217
ChIJ7ShNbEjDST4RdxLnRKKB8Dw,‏ROSE Restaurant & Cafè مطعم و مقهى روز,4,43
ChIJf-Ur-PseNj4Rz_LobUC-aNE,Golden Oven Bokhari Restaurant,3.8,1244
ChIJw6T38FbpST4RL3ndUNgAA5U,Takara Restaurant ® مطعم تاكارا,4.7,4758
ChIJozUKrFvoST4RBcvO2OiYJl4,Olive Branch Restaurant مطعم غصن الزيتون,4.8,3317
ChIJK_oOF3H8ST4RVVvCkzOAPcA,مطعم جحا المصري,4.2,441
ChIJfTwSDF39ST4RKS0_xm1KCJQ,McDonald's,3.6,2300
ChIJ3w31YPboST4RvSrgJlp4BCc,مطعم الرواق الشعبي / قيصيرية الخبر مول,4.1,1530
ChIJEf4e-d_9ST4RAfT9zPuUyLQ,Indian Tanoor Restaurant,4.3,2225
ChIJU72cWtblST4RFrR8xmPyfB8,Farm Supersto,3.9,1112
ChIJYVC2gJXjST4RK7M6bp0I4uw,المذاق المغربي,4.2,120
ChIJNReovx39ST4RxN4CT9wuRhM,مطعم المصريين للاكلات الشعبية,4.5,46
ChIJNfXDIv3lST4RndKxLZd0zsY,Chick-ed تشيك-اد,4.6,464
ChIJ3ySCZIICNj4RumFgoK7uImk,Shobrah Al Bukhari Restaurant,4,1229
ChIJSb2qquDpST4RiV4Ipc-GC0c,Burger Site,4.6,2129
ChIJRbbAkAr_ST4RWPCjS3ed87E,Aristo Coffee - اريستو كوفي,4.5,209
ChIJhRHRIVLpST4R-uFaX50_r6k,Methods Specialty Coffee,4.3,399
ChIJtbV1Aur9ST4RFOPSOP7UpzA,C house Cafe,3.6,8
ChIJRbM8f7_DST4RRf5n_pah-uU,Blue Garden Restaurant Khobar,4.1,10964
ChIJ2UuxlPT8ST4RG6Fr_Hy8kKY,مشويات البراحة,4.2,2864
ChIJ6amsuUf-ST4RSklte6RiCww,مطعم كاونتري سيهات - Country Restaurant,4,499
ChIJdSXHAr_9ST4R9xjrnVQ-95U,Rose Sham,4,905
ChIJaYwqaaXoST4RFfrET6XOw3k,Derby Coffee - دربي كافيه,3.9,51
ChIJK2w0ICrjST4RtkHhIxwhj7Y,Fareej Al Mubarakia,4.1,5459
ChIJhaE1nEDnST4RfCKiTucdJGo,Moalem Alshami Barbecue,4.2,606
ChIJQ1e-d1DDST4Rhwdt1BZsSSs,Diwaniyat al-Dirah,4.2,3028
ChIJRzjy9Cz8ST4RRLgjjS5npGw,"ڤيروتشي كافيه Verocci Cafe ""Mohamadyah"" ༄",4.2,55
ChIJixc_rer7ST4Rk6AkRkI7YR8,Steak House,4.3,5125
ChIJ-ddRrCr7ST4ROhFromFjY-w,Shrimp Nation,4.2,3801
ChIJ67KSH4L-ST4RkJJInSAZhFU,Papparoti,3.5,179
ChIJWWr0cvn9ST4R6fEU8_EdwEc,مطعم سفرة الفريج,4,335
ChIJ7WDJS___ST4RtWudoa87jgo,Inno Store & Coffee مقهى وادوات قهوة مختصة,4.6,16
ChIJLf0yTlX7ST4REVf2VvNt1HE,017 specialty coffee,4.7,902
ChIJC9GAr6TjST4Ru1-QkzSMvA8,شاي شاهي راهي,4.7,135
ChIJgfCokOT7ST4RpcYEVudalpQ,Maoon Restarunt,4.5,919
ChIJeZkkPbroST4Rfi44kdj26k4,Pezzo,3.4,21
ChIJw40Hg0PvST4R6aQnzfwJTSQ,Manoosha Alreef,4.1,1430
ChIJaQstx277ST4Rx_l9X8q_Q8g,McDonald's,3.8,4365
ChIJd1_D9mIDNj4RfHtR-VRA8kQ,Al-Fanar Coffee,3.2,38
ChIJo2fbhDT-ST4RfxT0jYN8Lqg,Abu Arif,4.5,1506
ChIJh3rDVADjST4R1P6v5RltKKM,مطعم تثليث البخاري,3.1,15
ChIJI1UmZXfpST4RGXt4czWUSaY,T1 Tea,4.5,679
ChIJu1gfzWboST4R9IIlkIpO5BQ,Savor Bakery (Al Khobar),4.5,1114
ChIJlfxtYSfpST4RO9fzUbT7jd8,Sofrat Soifat مطعم سفرة سعيفات المندي الحساوي,4.1,1003
ChIJvV1_fMzlST4RvX6oJCQdyys,Party Box,4.3,929
ChIJw0ppm9n9ST4RTaTeT8CYyBg,UMQ Coffee 2.2,4.5,641
ChIJSVZ9gSnoST4Rd2ymViWlLok,Como Seafood Restaurant,4.1,3890
ChIJR4TlCHvnST4RXOHFLMOIWkI,BLU Sea Bites | بلو سي بايتس,4.5,840
ChIJlV04AE7_ST4RIiG4Qx4WT-c,مشويات بويوسف,5,5
ChIJVyx-zIbnST4RmqZR9xiNwEA,Lily Café,4.3,575
ChIJFY8Wh0D9ST4REyCyEj4H02c,أقاشي اولاد أم روابة ( مؤسسة منال العتيبي),4.4,370
ChIJJWRUJhTDST4RRpAUUQ7VDo8,Restaurant Madghut Basamati,3.9,355
ChIJE9dvRiboST4RbhQnKlOsx7Y,Shalimar Restaurant,4.1,4168
ChIJ10egzznvST4RHHu-A70jkhA,شاورمجي | SHAWERMAGY,4.1,1705
ChIJ2XvdQcnDST4RuWvjQekJr0g,Mare cafe,4.4,7
ChIJExTf4PvlST4RKgoKVm_UzOc,نمط Namat Health Kitchen,4.2,261
ChIJ58oYduThST4RPpEsem-9XIk,شركة ألذ طبق لتقديم الوجبات شركة شخص واحد,4.6,84
ChIJH-L146DjST4Rq2QNVBfDPRc,Subway,4.2,253
ChIJG_tirH_7ST4RtGckfff25SQ,مطبخ ومطعم واحة شبام,4.2,676
ChIJWUTnL9HdST4RBf3Ayl_AaA0,Shrq Coffee Roasters (Al Azizia),4.5,860
ChIJtXZeLon9ST4RifHt1QIlxEA,Kudu - King Saud-Dammam,3.8,1221
ChIJMzGJ0Hn8ST4RS7_X9-qkssI,Holidays Restaurant,4,2438
ChIJlVypOqr-ST4RL2jtOOwcFZU,Herfy 352,3.5,593
ChIJ-TUgm0H-ST4RLjAh9tHdT2A,Layounak Restaurant,4.1,995
ChIJLZOsKGnDST4RnyLTPpeVEdU,مطعم مذاق الفخار,4,1031
ChIJ0yLJyfP9ST4RNOksnykUNZE,٧ جرام - النخيل مول,4.9,1741
ChIJ1YzMpcDCST4RxxWkhQVnNjc,Silver Tower Restaurant,3.9,215
ChIJG19ko5n7ST4RP8wVN14QCDg,Subway,4.1,1445
ChIJc80UUCnmST4RSj4-yFosK84,Caffeination,4.1,1246
ChIJE9x0J239ST4R5JlDh3XYMOU,كوب وحلى | cup and dessert,4.8,199
ChIJ5-eliTj9ST4RBjX8m1Ri8Ik,مطبخ المنار,4.5,224
ChIJnRn-g5TpST4RU6pyVXkiOms,Maskob,4.4,3747
ChIJ1brjSVXpST4RnbjnJWB72AQ,Olden,4.6,316
ChIJnXMPdnXoST4REBE5_PEIHR8,Segafredo Zanetti,3.7,25
ChIJdX4tJ3flST4RG0rJBPBV140,Student Tainment Coffee Shop,4.2,462
ChIJB3c1jmzjST4R2-5wBBmzgiw,ADAM Coffee آدم كافيه,4.7,331
ChIJnS-GzM4DNj4RnLG8y5yHOi0,Camel car services & Shisha bar | مغسلة و مقهى وشيشه الجمل,4.2,825
ChIJgeEr1gLlST4R128OAAilJM0,كيتو اكسبرس Keto Express,4.5,125
ChIJ94hOdoT7ST4RG1u684B2cX0,Horizon Restaurant,4,1898
ChIJDX1uaQ78ST4RKmBMJO3AUAU,دروازة الصيّاد البحري للمأكولات البحرية,4,8636
ChIJFRQKwOL9ST4RY2c34mjdE5o,مطاعم أبو هلال,4.1,851
ChIJGx_3Msz_ST4RAcvUbt-L6tw,مطعم مشهد,4,224
ChIJOdve8LD8ST4R7Jve8rYc8Oc,Mishwar,3.7,1089
ChIJP4ZH8Az7ST4RWfIwvz21-Js,Lorenzo Pizza | لورينزو بيتزا,4,150
ChIJMygUfRP9ST4RG6Sokz807Iw,كبدة عربان,4,1156
ChIJ_ZBe23j7ST4RjjNB-hJeeew,Maimona Restaurant,3.7,1373
ChIJV6h2P9DnST4R6BLzKx8PQFU,Pianolla Cafe,3.9,174
ChIJb0YSNKDCST4RWaKQOO_Pxlw,Rukn AlBukhari Restaurant,4,350
ChIJ3wCtejTkST4RRtA2JF0haBo,Herfy,3.5,609
ChIJF0etjw_kST4R_5InePIK-r4,Al Midra Dining Hall,3.6,85
ChIJeZHFp2HvST4R-lnLiYa6sUQ,Carlton Al Moaibed Hotel,4,5265
ChIJ752b-AjpST4RdQd2bs1NnRk,DeFlore ديفلور,4.4,626
ChIJlbHk10_nST4Rew8-dJ4Ca_k,Abo Saif Tea,4.4,1687
ChIJcYGnBQP9ST4RSYYm7AL92Xo,Costa Coffee,4.7,454
ChIJ5aNJQDroST4RkdcZe1FoqLE,Semiramis,3.8,785
ChIJd5iDuvr8ST4RHzpo7HpczmE,مطعم الرواق الشعبي فرع القادسية,4,3135
ChIJh56HybT7ST4RapCd9l2VxNU,Nilamuttam Restaurant,4.2,626
ChIJafLkGCv9ST4RY4uN2HcbK0k,Tasty And Crispy Restaurant,3.6,32
ChIJDcmDgen9ST4RJx0qHD2biRE,مطعم ميدار للمأكولات البحرية medar,4.2,1162
ChIJZ8_GavTpST4RZvtYK5NuyoU,SALATA | سلاته,4.2,1039
ChIJz2E3SVHDST4Rrz6BIJV8ogs,Alennabi Grill,3.8,2558
ChIJ76lAFE_oST4RIX73CrTOy5g,manoosha alreef,4.2,1898
ChIJAUidexb9ST4RG733DMVWXac,Burger King - King Fahd Othaim,3.8,1539
ChIJwxUZ3lEBNj4R6iArnzpEhMk,Barn's | بارنز,4.2,91
ChIJkfpOL8T7ST4ROG4ZVNPRe_Q,نويمي كافيه,4.6,23
ChIJa-a7qGvjST4R8wwOeKMtoP0,مطعم اتراكتف Attractive,3.9,44
ChIJP03NWwD7ST4R_DGNMAHK98A,باك تيم,3.3,4
ChIJJaK8xTDmST4Rr3xsQsGvTKQ,Azal,3.5,302
ChIJ6TIHD-D7ST4RMU5Yud1MO_k,crepele,4.1,406
ChIJBdfyNd_lST4RhBydLB6Mp8k,Meltzone,4.1,428
ChIJH8FEVsTnST4RDL-dwKrvK6I,Kokoro,4.6,2228
ChIJw7CJAQkDNj4Rmo98KdA7CGU,IN CASE SPECIALTY COFFEE,4.3,7
ChIJmav7mWX_ST4RlmwLnVHg5f0,كيان كافيه,4,128
ChIJH_gec1rdST4RLxvRKQrIiNk,Al-Fanar Coffee,3.8,32
ChIJ-d9snQnoST4RyYG176akmgc,AlRowad Restaurant,4.3,289
ChIJO-PmsR3_ST4R26CSUCuT6Ko,Cousin’s Pizza - كزنز بيتزا,4.1,404
ChIJKXjVf937ST4R-iaF_cH4dZI,القهوه المثاليه (الشاطىء),4.2,75
ChIJxymH9Br9ST4RBk25IJZT8fE,Al lahib,3.9,283
ChIJaXe2K3n9ST4R66acQ8A9OXY,Terrace Cafe,4.1,110
ChIJV2CYUIzpST4RPpHTv73_b5I,Carpet Cafe & Brunch,4.6,551
ChIJbTn6BQ_oST4RyP0Y0cy9g7k,الشروق الذهبي للأكلات الشعبية,4.1,155
ChIJOZshG7LpST4RHBLfW4JkKgM,Macéo,4.2,2883
ChIJcf4Tngv8ST4RvovIQv0AFEI,Griffiths,4.1,7
ChIJFZk0eKb9ST4RyymXNmktR5Y,Atlas Restaurant,3.9,1751
ChIJgQNxSYHjST4RXQ9-pxWi4oU,Healthy Nation هيلثي نيشن,4.7,280
ChIJA-xpJUrpST4ReswmhKZQRcQ,Otono,4.1,656
ChIJbwY-pcH7ST4RHjewjbqGhpk,Istanbul Gate Restaurant,3.7,291
ChIJ077_ERPmST4RfRt6YPpQrUE,Kudu - Doha Center,3.7,1213
ChIJX7Cg0ln_ST4ROB3wRbG1rBM,Freshhouse فريش هاوس,4.5,355
ChIJMxcdlcrlST4RZ2dJ36ZxiU4,Dantella,4.1,1739
ChIJQ3aXnGzpST4RuakOjuuR49s,كيف التوأم الخبر الشمالية,4.4,3093
ChIJw9I4jpP9ST4Rx9xkS3H-KBU,keen Cafe & Rest,4,477
ChIJzTYSmmLpST4RJt1g8yJvdeM,ATYPICAL,4.2,728
ChIJufwGto7CST4Recm5GojTovM,Sea Rock Bufiya,4,182
ChIJVVY69WjDST4R8HCZePtbTZA,Blue sky بلو سكاي,3.2,40
ChIJE2SRr6rnST4RTq35n1Gv9VE,ILFIGO,4.1,2393
ChIJX8ilRgDpST4RsiK3nCUUXXo,شاي مضبوط المثلجات,4.4,40
ChIJeRI7hn3pST4RUOGbnAnpSJ0,اوراق الشاي الفاخرة,4.5,428
ChIJ36NJ48X9ST4RELsjHaBE7X8,AlBaik,4,10741
ChIJ49AF1g_7ST4RytkEUCvGmrk,بوفية الصنعاني,3.8,367
ChIJL-t-PFT_ST4RGTb91EXsESI,Baab Al Murad Grill,4.1,2609
ChIJ4wXxYvboST4RkgkghQTIYd4,مطعم الرواق الشعبي/ فرع العزيزية,4.1,3392
ChIJTVmLKGfmST4RRrNhKj8u_rs,Shatiraty,4,175
ChIJH2RZzeADNj4R-oIsgNwomNU,برغرايززر | Burgerizzr‎,4.6,774
ChIJK_PTFyTjST4RsLX8rAOZRtE,Milan Way Cafe and Restaurant,4.2,2328
ChIJlYE8ISj8ST4R1qNDwAB4lQc,Starbucks Coffee,4,4178
ChIJeQVOj2jpST4RV7kEIuJeEH4,بوفيه كرك ياسر,4.2,121
ChIJd-KcJIL7ST4RTDyH2wxMcVw,Nehari House Restaurant,4,1308
ChIJCdTc7z7oST4RZRXPfl5j5Ho,Al Wazzan Restaurant,3.6,5361
ChIJtyw3RWnDST4RXZbFCLkp2xE,AlSham Broasted,3.9,548
ChIJC_88BgsDNj4Rx4Mo1ZM7HNI,graph cafe,4.2,328
ChIJ6f9d_q_jST4RJiKjNwr3OrM,Nabil's Maqlooba,4.3,1376
ChIJc5FnKmX7ST4RqS76m3e8eS0,Saraya Alzad Restaurant,4.3,143
ChIJd4FHU93pST4RoxSiqirb8_w,مطعم فله,4.3,2345
ChIJ1aHQpgADNj4R9Ap58h8H8ww,مطابخ الاندلس للاحتفالات,4.1,145
ChIJDzjl-2TlST4RU2VOMsSjurE,lahza,4,290
ChIJIVGWAK8DNj4RpqR78iYbMbk,دكة سعف,4.5,22
ChIJm68NBFLvST4Rrr2NCOnowJ8,Spicy Restaurant,4.2,187
ChIJrVV0gfLkST4R6PUAqJD_fbo,مطعم الرواق الشامي للمشويات والمعجنات,3.7,334
ChIJP2Op3GLoST4RbFWSOeRo5ZM,Zaatar W Zeit - Al Khobar Centre,4.3,3077
ChIJJco0Xfr_ST4RfXWaJiAtXpk,UNAGI RESTAURANT,4.5,957
ChIJkd8RFQD9ST4RXdlGqCgRJ6E,Herfy 82,3.8,69
ChIJc6fP5179ST4R-lHBd2XcqY4,المشوى العنابي,3.4,181
ChIJJaGGYmj8ST4RVIpkLWcCdAU,مطعم فاكهة لبنان,3.8,454
ChIJ0bRjQFPoST4RU7SC23WAXyg,Cosmo,4.1,2431
ChIJGfkfmDADNj4Rx3gkuZhBogo,ركن الرحلات Rokn Rhlat,4.1,1375
ChIJZ2MZLAD9ST4RglLqcpNX5N4,Hardee's,4.2,84
ChIJm7aUp-HjST4RnGZdANEpxMk,Biryani Athawaqa Restaurant (Al Shula District) مطعم برياني الذواقة - حي الشعلة,4.1,1384
ChIJB-AFtNr7ST4R5iVli-mit94,مطعم صياد دارين للأسماك,4.5,156
ChIJc4fLHCTjST4R-l2GQrw1lgA,Starbucks,4,826
ChIJUw8eQxTDST4R-QdO_yINTu8,الطبق الحجازي,3.6,128
ChIJy-ls3DX9ST4RaSAwngA_n_Y,"L'ETO caffe - Nakheel Mall, Dammam",4.6,3618
ChIJQ7nKlVzDST4R2Oa8PBKI578,مطعم سمك وسمج,4.3,138
ChIJkeQce4XpST4RlN-9IPaABmM,محمصة الخيل الأسود، Black Horse,4.5,117
ChIJ7XoyL4j9ST4R1c7ZvH6__Lg,Choco Bliss,4.9,347
ChIJNb-iHCnpST4R88Ucjv2OLv4,Maven coffee,4.5,10
ChIJW3BQmW3_ST4R-OdSr0CctVU,(مطعم زاوية المشوي) باربكيو كورنر,4.4,132
ChIJ0-XG6Lr9ST4RvZSMjIN8RHI,BIRDS | بيردز,4.4,721
ChIJ_RWBYQn7ST4RDj2eilR0klU,Ifrane Restaurant,4.2,758
ChIJTyi6C8j7ST4RjHcDVkGLq9E,SASCO,4.1,319
ChIJZ8cQl3voST4R6o5X6E8-gaM,King Fahad University Hospital,3.3,1592
ChIJ6dd2ZB79ST4RvnVsqqwf0cQ,Okashi,3.9,743
ChIJHX5YaEr-ST4RDfYW5KYmSp4,مطاعم ومطابخ الجواد,4,294
ChIJpx4XmRHpST4Ro5RrEkroCcw,Bin Aqawel Kuwaiti Restaurant,4.1,498
ChIJcQzkZL3uNT4RplDGnWnFy0M,مطعم هرفي,3.7,1024
ChIJUQNP_fDbST4RH4GDBATPsMo,Icon Sandwiches…Shwarma,3.8,13
ChIJxXIQ1mbmST4RyVDvR1R7ZB4,Shawarma Guys,3.8,264
ChIJx7P1u0jnST4RtFJ6GCm9s5Y,Aldaar Garden حديقة الدار,4.2,107
ChIJzaJjZ7n8ST4R-OfyMzzN970,Little Caesars Pizza! Pizza! !ليتل سيزرز بيتزا! بيتزا,4,1064
ChIJJ3qpZx_mST4RCRvOdntIZA0,Barn's | بارنز,4.3,702
ChIJvelKa5b7ST4RdacebRCCZcE,Balcony,4.2,3033
ChIJWSEW51voST4RFS5sQk_oE9g,Queen of India,4.2,3299
ChIJZUMsihbpST4R2VasuKzmcxU,مقهى قدر,4.4,15
ChIJKWleOwD7ST4ROvwn7q_DGtU,فيو كافيه View Cafe,4.3,84
ChIJ98pfFEz-ST4RxTjx5elFpAc,BurgerWorks,4.1,687
ChIJlwCYt7X7ST4RGEtqEqWJyBE,دار مبارك للماكولات البحرية والخليجية,4.5,4209
ChIJJ6Px_UD9ST4R-huk8ZEPNCs,Patatia,2.9,51
ChIJsYce9QXlST4RS7_knF61Leo,Novanta Pizza,4.7,918
ChIJUz05W1HpST4Rfz7uEKKTRek,AL DENTE,4.5,2367
ChIJ1VXitbj9ST4RtYuEwiYnNqg,حاشي باشا| فرع الفيحاء,4,2186
ChIJFZsM8y7pST4RcqFY7wJBBLo,Nagham Story,3.6,452
ChIJi_ROWwv8ST4Ra6AsucA3Yt4,Al Bodor Al Bukhari Restaurant,3.8,218
ChIJ14at3oP_ST4RXD6m3riVVis,Waraq 3nb Station,4.2,1948
ChIJ3SKAWyLFST4R6HtVccuCbyk,مطعم عريكة ماضينا,4.3,1446
ChIJMxg2F3T8ST4R5NPElnk1Snk,مشويات عيال الذيب,4.1,406
ChIJeR8bjqvnST4RV4ASjE5lJPY,STREAT | ستريت (Dhahran),4.1,326
ChIJD9M6CO_8ST4Ri33im-lt7iE,SASCO,4,746
ChIJSde0azznST4Rvs4yst4lM1Q,Ray’s Pizza,4.2,567
ChIJI7VJYh79ST4RxFaYTpgDSus,مكبوس اكسبرس,4.1,1268
ChIJqWWBxGzpST4RkfrrcnA7h8g,Aged | ايجد,4.7,283
ChIJLZa3VhzpST4RmVO8_u2Grxg,Urth Caffe,4.2,3099
ChIJ7X6nQiXoST4R1zbfE3Y7dUw,Al Quds Restaurant,4,1946
ChIJTV8MVG_DST4R5HTfs3_DG0o,Almassa Steam Tea,4.3,730
ChIJ4dMW60HpST4R9DuBaLF8H7A,10 ° Coffee House,4.2,784
ChIJYf2YL-z7ST4RhOF7SHympdA,pianolla café | بيانولا كافيه,4.3,43
ChIJmbssuzDoST4R0p29v1Y_1No,مطاعم القرية الصيني,3.7,365
ChIJp8-lKYb_ST4RwNRno_iHphk,Lemons,4.4,1376
ChIJdfLwB4n_ST4RkTilOD7Q0fo,MAZAR Shawarma & Potato,4,1445
ChIJC5-aYYTlST4RbdEnRb2jhWQ,Enab Beirut عنب بيروت,4,759
ChIJ83pKHgD7ST4ReQmiFXaEHNE,التقاء القهوه,4.5,2
ChIJFXhv7z__ST4RpCwlAA3x8YI,Soren specialty coffee سورن كوفي للقهوة المختصة,4.3,655
ChIJ75KLC4T7ST4R-G30VJky-iY,Empire hotel kerala,4.1,243
ChIJ9ynTXlv9ST4Rz_Qd-y4f3lI,kyan,4.1,213
ChIJGRTxl-jiST4RtgN_sSvipg4,Shawarma Dream,4,247
ChIJzRgxk8z_ST4RLXJUqGoDFdk,Babel,3.9,367
ChIJjQfdRiv7ST4R48xuhZgBsUc,Novotel Dammam Business Park,4.1,7481
ChIJvQoKh0DvST4RkUrUi_uSgAQ,Krab,4.7,488
ChIJA23adiTpST4RmJr5WiB9i38,The Pantry Restaurant,4.4,3500
ChIJ1Y2phef9ST4Ri-l-0NQtUIU,Nagham Aliali cafe,4,376
ChIJlXl2dzb-ST4R0ENBfzX-3eo,مشويات تايم,4.1,178
ChIJd2BRlcrlST4Rxi7F2ABbH4E,شاورمجي | SHAWERMAGY,4.1,1121
ChIJ-RpOoQTvST4RESV8X2AVhgU,Title Cafe,4,661
ChIJo8le9J77ST4R8QJl8orKMOE,Kudu - King Saud St,3.9,1604
ChIJCfwjMu37ST4RtV8PIDGLq8E,تشكي تشيز | Chuck E Cheese,4.1,3008
ChIJIwsPcNfiST4RPTWzz1Td_jw,Sama Deeraty Restaurant Taybah,3.8,3109
ChIJowCai3P7ST4RF3D96Y6_IIg,Al Tazaj,3.5,2333
ChIJc_ZgrCf9ST4R44RT6Rj_G1A,Karak Al Bait,4.4,258
ChIJ9_Qr0W3mST4R1MPy0toudS4,وقت الكرك,4,541
ChIJl1_GKAP9ST4R_hqgf_EpMrY,Grilled burger,3.8,266
ChIJMyl1cFvvST4R5wuCl1CmIw0,مطاعم الطائف البلدي البخاري,3.9,570
ChIJYy0yEQn9ST4R_VrA4qggYek,Kudu - Panda Hypermarket,3.8,824
ChIJ9WJVY-39ST4RLR-kZP59bpc,Burger King - West Avenue Mall,3.7,520
ChIJOwHtkC38ST4Rc7d7TrOPdkE,Starbucks,4,1785
ChIJn-rChYQdNj4R_xsgDcPhsjI,Blue Sky بلو سكاي,3.8,30
ChIJU79gxvj9ST4RI9DkVsB3md8,Caffe Di Classe,3.8,5
ChIJ5x0IafwDNj4REG3OwGDFNPo,Starbucks,4.2,586
ChIJY0dtgzf9ST4RO2B3A_FJLyQ,Aliki Restaurant,4.6,202
ChIJcxViI0XDST4R4z8LvkdxPfQ,Ocean,3.5,1864
ChIJtxcOeMX9ST4ReG9fB4jvpBo,الرواق الشعبي - حي بدر,4,1835
ChIJM8WiWDjoST4RkmquLDX61yY,مطعم طباق Thabbaq Restaurant,3.9,1069
ChIJaSR4_cvvST4RoHpV7hcFqm4,Bling | بلنق,4.2,287
ChIJ54Ca1XX9ST4Ru5P7SKj7bT0,مطاعم شباب البخاري,3.9,981
ChIJXzENQzTkST4RvSdXaFBkX4M,مطعم أبو سمرة البخاري,3.8,268
ChIJ4wPCYpv9ST4RWcHTC38Zujc,مطعم أبو نواس,3.6,1828
ChIJ1QI-nRD8ST4Rdn3i4sL-b1E,مطعم دار الميدان الشامي,4.2,1466
ChIJDT1bj-L7ST4R3wY6nx1nRhs,Kebdat Hijazi,4,459
ChIJXbHCGKj8ST4RlY2hatLQ4m0,Cheeze & Bread,4.1,460
ChIJc0X9y179ST4R4_rTIF5450g,Crepe Affair,3.9,106
ChIJqygh3VTlST4RExh7KRmsdJ8,Eastern Wall Restaurant | 达曼中餐馆 مطعم السور الشرقي,4.1,415
ChIJB3REZWf8ST4RuHiLtqqON90,Al Jazeera Kitchen Facilities,4.1,65
ChIJU7mt793_ST4REsIzq59LSbA,Muscle Food Restaurant,4.3,160
ChIJ9SQUClzvST4RxIppws1OmiA,Chick 'N' Dip - Dhahran Mall,4.5,2060
ChIJWa0QUdjnST4RZ_qAfm5MeOI,Pinkberry,4.3,66
ChIJbykzz7vpST4Ruzil9vYw5PI,OffTheEarth,4.5,955
ChIJ698JSh_8ST4Rx8EyjV1rTmI,Tathleeth Bukhari Restaurants,3.8,193
ChIJ57_nYEv7ST4R81PavKhGsI8,كرك وكيك,3.4,16
ChIJt9hlz5P9ST4R_ysWK67s9-Q,Noodlez,4.2,98
ChIJKRdBGzj8ST4RdGi2Xr8LEYo,مجلسي كرك وجباتي,3.6,366
ChIJB-jNAyXpST4R0okKGeuGJ_I,مقهى الزمن الجميل,4,1257
ChIJ72tN9GDpST4RZAC56OK6eLQ,The Usual | ذا يوجوال,4.5,1508
ChIJAxokAIbpST4RdDoDpRw-lUA,Zankil,4.4,2684
ChIJNQ7yuDb8ST4Rh7UI_8ax-Z8,مطعم السلطان إبراهيم للأسماك,3.3,134
ChIJF7h9yljpST4RNlACttAa7js,Chaichi | چايچي,4.2,744
ChIJo-jKeIj9ST4RlqUc3LChcOo,The Lock,3.7,106
ChIJ1S6uyhfjST4RrKNLjzDC7Ig,Epic Burger,4.3,930
ChIJqR80H5_pST4REy_xRjlW9nQ,بلو سكاي,3.7,49
ChIJ4f0eADvoST4R9eqw-6tG46Y,مطعم بكي,4.1,4825
ChIJuTzUEQ7pST4RtFuLLuaUu6E,Balancd Coffee,4.4,2652
ChIJoSV09K3pST4RjshaezOmAs8,Peek-A-Brew,4.1,475
ChIJkUgM9i_oST4RVIRcHPrx-4A,Socrat,4.1,1617
ChIJJ0aJfcT9ST4RkN-cwJNzbG8,بوفية حدايق لبنان,3.7,72
ChIJ0yBT9TX7ST4R9yAcgUc7fx4,Shwaiat Al-Khalij,4.3,2119
ChIJcXa2pFzoST4RKkSoqoQgqTI,مطعم مكسيم,3.9,1413
ChIJnWs1r_rpST4R86nEWyqAyFc,فوال صباح النور والعافي,3.8,12
ChIJcQGAbobpST4Ral-lRElZCdo,Derby Coffee,3.8,2363
ChIJw8AzNH_lST4RRQC7C-c-CGU,KFC,3.7,1923
ChIJX9y-C3T7ST4RgoP9NjH6iDs,Noodlez,4.1,1377
ChIJ1fZfzBL9ST4RW2T3w-rGYGY,مطاعم صدفة,4,752
ChIJZZWX5sT9ST4RMLFk8mw52SY,بيف تاون BEEF TOWN,4.6,467
ChIJqbRSXzroST4RDr0O_DLB8Sc,Abu Hilal Restaurants,4.2,2435
ChIJ7eerlBH_NT4RGOv6s9vnoYw,Areej Broasted,3.8,188
ChIJndfCd3DpST4RPatTKy0PfJ8,TAKE Steak Burger,4.6,634
ChIJkSygQw3_ST4RTJb1EI8jzew,Mays AlQamar,3.8,2691
ChIJWxjeiyf7ST4RrkvESVB1kB4,مطعم بي هيلثي ، Be Healthy,3.8,260
ChIJOafsC6L_ST4RjTzCbZCYIYU,"Tea Break, Saihat",4.7,34
ChIJk3UdOf_jST4RDng7NftzLW8,Tim Hortons Mazaya Gas Station,4.2,1859
ChIJH3YF0KXlST4Rq6IQCJdOtt4,Subway,4.5,145
ChIJcy8k48T9ST4RK45izH6s-yQ,IHA EST. CONTRACTING,2.7,6
ChIJyahzK1P9ST4RLDVNleo0xJs,Wild Burger وايلد برجر,4.1,307
ChIJPSGimbTpST4RU034R9hdwTQ,BRNX PIZZA | برونكس بيتزا,4.3,625
ChIJLQMZe1n9ST4RHdrS27oSavM,TIKKAH TIME GRILLS,4,179
ChIJEXst-FsBNj4RVASPMzPo4Z0,Saihat hotel Dining area,3.3,14
ChIJD-1BvGP8ST4Ryg1VvLKbsGs,The Palm Restaurant,4.1,715
ChIJDdt8cLn8ST4RZWAMc3bV1oA,مطعم كواتم ريدان,3.8,450
ChIJHW4gKJjDST4RUnYHqQUvbcY,Raising Cane's,4.6,2378
ChIJZ99aLGX_ST4R8do_2Hptnok,Innovation Taste Coffee,4.4,1627
ChIJe4E5MHD_ST4RnVH8CM0S4og,مطعم فجر سيهات,4.2,2306
ChIJ5bzffHDpST4RgRZUDN1uKiY,Hellenika,4.3,1151
ChIJZ_KnnQv7ST4Rumtok_WTVOs,Waha Downtown,3.8,5270
ChIJ20mTsAzmST4R_Hwq7gaeqj0,Burger King - Doha,4,1162
ChIJG6BWflrnST4Rsj0-u-HBuUo,7 Grams - City Walk | ٧ جرام - سيتي ووك,4.5,1407
ChIJK4BvY5b7ST4REFyEIKrXW6U,KFC,3.6,1948
ChIJ8Rx6TSXkST4RNU9UT2bPpeY,Starbucks,4,528
ChIJ7cYQAAPjST4RFpPtWtuytIM,مقهى نغم بيروت,3.8,106
ChIJlzLMNDfoST4RVABRsqwiYIw,Farrouj restaurant,4.1,1155
ChIJm0LR4ETlST4RvcSqrL85o4o,Mana,4.5,46
ChIJt1KJ4o79ST4Ric27sZJQg70,Popeyes,4.5,285
ChIJR-KTcjP-ST4Rdkiv5KpIa8o,Zahra Kitchen Banquet,4.1,107
ChIJfS_7acDdST4RkJGunD7ZUrU,عصيدة ومرق,4.1,1172
ChIJ8xwbqd7pST4RQ_NBOnDkt-8,AVENS,4.5,444
ChIJDwl86bIDNj4RzFncue9el_o,مطاعم ومحانذ بن عواض,4,2291
ChIJLbaHsmD9ST4RZ3AndwNAlSU,Al Tazaj,3.6,5058
ChIJe_n0uLT_ST4Ru1vWCTFe25Q,رازقي كافيه,4.3,212
ChIJGwgZ69HpST4RB1qc-PfAqeA,Monroe,3.9,1022
ChIJTbZ3QwjpST4RQQLvhWI482g,Mishwar مطعم مشوارالثقبة,3.6,1398
ChIJo362p6TnST4RbNmoKKVhCYg,LMK,4.5,1145
ChIJmbZO9HHjST4RSulzgTq3M-k,Manoosha Station,4.5,956
ChIJZytX0EDvST4RNbQXdwuQ0cY,مطاعم القناعة البخاري,3.6,247
ChIJmfyyybTpST4R5FzE5l9VUUM,Jewar Boutiques جوار بوتيك,4.4,12
ChIJm1ommj_9ST4Rl-szEtx_Wiw,فلافي كلاود﻿س,4.1,642
ChIJG94pumHnST4R5h-kNNdVx7s,ويك اند كافيه,3.6,7
ChIJB55_bk39ST4Rh4CwYQjSReM,شواية الخليج,4.1,956
ChIJXbZPVoXbST4Rs7vh6ztqH8s,Starbucks,4.2,1477
ChIJ_1NjuDr_ST4RAaVkDyC6XSA,Bar Burger,4.6,740
ChIJ21oQSlLpST4RuuZOY2Hcot0,The Barking Lot,4.1,1105
ChIJqRjDtNnnST4RRtJSAB546Jg,مطعم الرواق الشعبي / الراشد مول,4,768
ChIJGwX-WJTpST4RsiOrJhXaE6g,Trio Restaurant & Cafe,4.4,695
ChIJB7uXpW7-ST4R0eABkXy5tiI,Candy Club,4.3,356
ChIJp4DLSNn9ST4R8uIbD9jzOag,Burger King - Nakheel Mall,4.4,373
ChIJv-GpWGzoST4RBIbywR5cYbY,Madhbiah,4,618
ChIJ2TePmdrnST4R1lrtDB84kPM,RATIO Speciality Coffee,4.7,1361
ChIJjyxEI1j7ST4R1_Ha7-drie8,Hot Taste - Dammam,4.5,362
ChIJtdK1LOv9ST4RDNUBh4jR_uU,Brighton Cafe,4.1,495
ChIJyfr8Ezj7ST4RyKGJeMIADao,Damascus Gardens Pastries Restaurant,4.2,2842
ChIJ5z8a92j8ST4RP8vd0cVMYEI,شواية الخليج,4.3,3503
ChIJ8aP7ekr-ST4RZ3n0CCbcMf4,Alsadiq Restaurant,4.2,4444
ChIJ-98QJcD7ST4RAiA2WSaX9t8,الصاج اللبناني,4.1,463
ChIJbynajWfDST4RJqbzyBXQnAE,Babel Pastries,4,752
ChIJBxVjXKPjST4R-iGs4uCzY34,Chef & Beef,4.7,354
ChIJWfxH1X3_ST4R-fCUIA9QIHE,شجرة | Shajarah,4.2,575
ChIJl1gM4aUDNj4RuxT75dIOlqI,COPLANT coffee & Dessert,4.2,493
ChIJyZ9sBbLpST4ReM4ZMZwOEFY,San Carlo Cicchetti - سان كارلو,4,1807
ChIJwxQEAEHnST4RmJLakPU9ZoI,Density Coffee Roasters | مقهى ومحمصة دينستي,4.3,1717
ChIJR0Ha6UrpST4RxKc3ZJswxK8,Ayyash,4.3,2504
ChIJRb8Uc-XjST4RDY1ZOL89QP0,Low fat restaurant,4.4,45
ChIJfT04a9D9ST4Rd51J3skLgnQ,كبدة حجازي / حي احد,4,281
ChIJU_idqcL7ST4R5ODU37Q6kMI,Subway,4.5,361
ChIJH2toBSv7ST4Rhm_ecnoD77Q,Coffee Valley,4.4,12
ChIJMdpZIG3mST4RitCL34jlPzs,Rayg,4.1,3914
ChIJi7sAGBXpST4RQuyWSBiHImk,مشويات فلامنجو1|Flamingo Restaurant 1,3.6,42
ChIJ31ykslDoST4RXEQU9eRGcVE,Bohemia Cafe & Records,3.6,1598
ChIJ45ODVZ7CST4RNAVAQ-OKpIE,Raye Mashwyat / Grill Patron,4.4,5154
ChIJjewjXkn8ST4RIrnxCKdO0HA,كوفه حي الأثير,4.1,4302
ChIJG0PcHs7nST4RXIuW6VGFNJo,A PLUS,4.3,1483
ChIJMQ5UGELdST4RytH1CSAWz7s,ركن حاسة القهوة,4.4,65
ChIJ7aW39oHlST4Rbg6NmVWpYEM,Four Squares Café,4.7,2093
ChIJ2-2m_RfjST4RwCBhuajU5TQ,Mishwar,3.5,1540
ChIJo_CvAR3oST4RFXDaFyerglM,Taste of Aden,4,573
ChIJ5XedP5X7ST4Ruh7LAYx2BSw,Heritage Village,4.2,12160
ChIJWWKZrvXnST4R0uE42GtNKOo,محطة ناف للوقود,4,3
ChIJ7dNDVSn9ST4RDCd6u5_zv3g,The Coffee Lab,4,1185
ChIJcXIke6TpST4RKt4xm88VD8Y,Mangata Lounge,4.5,793
ChIJdWhgR638ST4RjEEw4AOGWis,Thoug Restaurant,4.1,421
ChIJ41eB5fX_NT4Ry1-_3B2vr7k,in & out falafel restaurant,4.2,460
ChIJV8PLGYT9ST4RLEYpkqdVIKQ,Luxurious,4.3,436
ChIJ-_DAGWPoST4RRRk2jIuk0ZU,And Salad,4.3,2472
ChIJG_XouE3nST4RITuIqjjaRNo,la mode coffee & more,4.3,4
ChIJRz3gXOfvST4RY4o4juZ0Zl8,مطعم المضياف (الراكة),4.3,2404
ChIJ5wnp42XoST4RbJjDcshp2Rs,Tea Time,4.2,4575
ChIJfy_xefzlST4RdSwzU0R44nI,Sunday night Cafe,4.1,548
ChIJXZIOGq_9ST4Rsu-YrbaFbgg,Wahed Karak واحد كرك,3.9,231
ChIJJzUhvmn8ST4R8uF4vjVlMXg,Asar al- Bukhari Restaurant,4.2,1867
ChIJpcF2dNTpST4RXdgw9WVZYTw,سلايدركود Slider Code,4.1,465
ChIJkRMsvlD9ST4Rh8pfwrThyI8,ورق عنب ساور,4.1,681
ChIJBbnIGb37ST4R_LnIXbNCKvc,Pastel Cafe Dammam - باستيل المزروعيه,4.2,2150
ChIJhZrwNHz7ST4RvPoHQuDtyUE,Dammam Palace Hotel,4,3973
ChIJ4X9xlZH9ST4R2JV_UBptOLY,Casapasta | كازاباستا,4.1,696
ChIJ8bwbKjLmST4RbXBRTXMLL0Q,The Pizza Company,3,344
ChIJ3VRsijX-ST4R-A7DQ_TFUZw,الدرويش لبيع الخضار,4.3,82
ChIJ56KkGoXjST4RYrkb0A6FxQU,BRIGHT,4.6,282
ChIJi5f9QJj7ST4Ro0L39HtNUus,Madina Restaurant,3.8,120
ChIJ-2_Nji_8ST4RXzY0ZIGbKvo,Chick meal restaurant,3.9,232
ChIJ0QcnoTT-ST4RsdH48iHoMYk,Dose Burger دوز برجر,4.5,131
ChIJf8SSGL3pST4RfDkqLSveksY,تكية وسمرة للشاي المختص,4.6,53
ChIJwY8bGKj7ST4RJx3Uw9Ocofg,Abu Hayyan Coffee,4.4,806
ChIJeWW1oX7vST4RGAR8QafMS4I,Chubby B,4.1,653
ChIJk08QJYn9ST4R1znALvy9nMk,KFC,3.6,1854
ChIJJc6ffFXDST4Rc0Gy4Ryjmcs,Sama Deeraty,3.8,4934
ChIJIYzPkLvpST4R7aX46vgBIXE,مقهى سُلاف | Soulaf Coffee,4.4,1128
ChIJjy_A9539ST4RiBWlXfP-JsQ,Restaurants Abu Hilal,4.2,3770
ChIJ0wRLKTn7ST4R4o2cUWy0VcQ,Crafter Cafe مقهى كرافتر,4.1,681
ChIJv5fzMCv7ST4RVsYwdcVv99k,The Square Restaurant,3.6,35
ChIJvybKLzLDST4Rvrj4hTxpGrg,Shrimp Nation,4.3,3787
ChIJJS6MXQ_lST4RruRmKLXNe9s,Onda Coffee مقهى أوندا,4.3,763
ChIJFT8t1b0DNj4RCnJTLsWHb7s,مطاعم دانه السور للبخاري,3.3,48
ChIJO_d1FKP_ST4RoOXM1ILn76Q,SAN CAFE - مقهى سان,4.6,44
ChIJYS4U4QT8ST4RYKjtiGV1yZY,معجنات الفران,4.1,294
ChIJbwh46PrpST4RAng_1hBLTE4,Neon Sushi,4.4,921
ChIJS5vXeeXiST4RvDcJdDzxYLE,Burger Mashwi,3.7,365
ChIJ_ylVtYT_ST4RqDbuPun9d1w,مطعم نكهة قرنفل,4.2,261
ChIJa-QZY_X7ST4ROm4ACFMD_Ls,Verocci cafe,4,71
ChIJwXnmDpPlST4RTscmc4hjLiQ,مطعم الذواق,3.2,75
ChIJHYC6rz7DST4RwXJGL6WGheo,مشويات قصر العظم,3.9,852
ChIJu_v1nUP9ST4RUADC5sNHypc,مقهى دارالمزاج,4.3,50
ChIJuwsGPBofNj4Rmh7HC9TkcC4,Sakbe Restaurant,3.9,643
ChIJH9KmlTv-ST4R7p37be3FPZg,مطعم مذاق زعفران,4,770
ChIJD99h6g3lST4RD-ygGYorvmM,شاي خالد,4.2,320
ChIJL34a8kL9ST4RXrKk9Wo31gc,Starbucks,4.1,316
ChIJlYBYs77bST4Rd0g40TL0sLI,منتو صح,4.6,436
ChIJpX4O5i3pST4RtzEF4lYZSqc,Patio lounge,3.7,3
ChIJ8zkp5a3pST4RchcIGb7e1Cg,Dose Cafe,4.4,539
ChIJW1b3IXLnST4RrYgqzzXJoSw,LA PAZZIA,4.3,195
ChIJlQRC2UX9ST4RGnu5VIEZ4u0,OTTO CAFE,4.4,839
ChIJAQt2tMPnST4RUOY2Bni5Wt4,Tim Hortons,4.3,248
ChIJZ9V_8VrpST4REWjBD9VipUA,Gosaibi Tent,3.9,138
ChIJF58RzEb8ST4RuSU6DH9uhHs,Sadd Ma'arib,4.4,18196
ChIJqS5wqVPoST4RA6-IvgIMbHg,LASCALA,4.2,2706
ChIJe3kXzMP_ST4RR9jA6D0kbSc,Munasabat,4.4,70
ChIJPRNYDYL7ST4RkhI-1r7R9h8,كوب كرك,3.6,262
ChIJCdbLQGDjST4RE6pDcrbMrcQ,8oz Coffee,4.1,3956
ChIJA8zrlM_jST4RxJJF62QA_oY,McDonald's,3.1,1067
ChIJASZ0qnv7ST4RB15oaTwstWY,Mafaz,4.2,421
ChIJ4R0013n-ST4Rn2w_MktpsVg,مطعم شموخ القوافل للاكلات الشعبية,4.1,1600
ChIJkyu5_GXoST4RrY4E8QhgG0o,Golden Juice,4.1,2060
ChIJX9ZrIQv_ST4Rjm0XMG-JwNk,KAV cafe,4.4,465
ChIJKflHoev7ST4RWi5Nj8P4_Ag,Herfy 190 Alothim,3.5,25
ChIJZepQVPjDST4RK5AAaQDND9E,Kyan Cafe,3.9,568
ChIJUw_P2a7DST4RKWOAHxd4TEQ,Oriya,4,3696
ChIJnVSQHaXpST4RJ-aNhMQu6Sk,EL TACORIA | ال تاكوريا,4.3,1125
ChIJ9etwNbTlST4RQntAyYXlJ44,Tokuzo,4.1,1053
ChIJee9T-9zpST4R7JZoVg5nC8U,Utti,4.2,483
ChIJn4hn5NjnST4RDhvh-deFB1U,Noodlez,4,589
ChIJE7ZTUTH_ST4RyhfhBKyPma0,شاي شنب Chai Shanab,4.6,204
ChIJpwT8_froST4Rn2tK40uSsIM,Maharaja By Vineet,4.2,552
ChIJCeoiNlDvST4RzoS3isQ-HHg,Azores Restaurant & Cafe,4.4,50
ChIJSXo04339ST4R_TOyMx0PJwQ,كبدة حجازي / حي الفيصلية,4.1,1186
ChIJ5eo3x1XpST4RtJv0kWl7j8c,Buffalo Wild Wings - Khobar,4,1952
ChIJbf9u6Qv8ST4Rb5nEsE6V470,dr.CAFE COFFEE | V12 Station | د.كيف كافيه,4.3,1861
ChIJdfaGdcfoST4RybSSPXRWhQ4,Pianolla Cafe,3.2,37
ChIJYaLYyxnDST4ROIP05MdUpkA,IVY Restaurant & Cafè مطعم و مقهى ايفي,4.6,488
ChIJOcnFNFr-ST4R4kUPUnqQN28,Kudu - Sehat,3.9,1664
ChIJGWV5r3j9ST4Riq__R3Q0Mik,lahza | مطعم لحظة,4,1006
ChIJtY8myGP5ST4RkmL0KPyovX0,Beit Misk Restaurant,3.9,5176
ChIJM73rf0PvST4Rts_-xbRphOs,Zad Restaurant,3.5,1022
ChIJxQA6PMfjST4RtT5XJH1LbMs,McDonald's,3.4,3409
ChIJvw0o6XPoST4RllN5HOiLjUg,Madina Restaurant,3.9,9019
ChIJe8oAGhX8ST4RXLQqrEok-NE,Liwan Restaurant,3.9,281
ChIJizS1Mm_DST4RVFfak1qyNCo,Veloce,4.2,241
ChIJ2wyq-2vDST4RvjuL5PaxOVo,The Coffeze,4.1,243
ChIJ1_Hpa_D9ST4R7oUKjU9wwvI,بكلو Piccolo,4,192
ChIJx8NDMn_5ST4R9c3_RfYOV3k,كفاف قهوة مختصة kefaf coffee,4.5,284
ChIJU7vM3cnpST4RMdrOY7TXcTo,Subway,4,157
ChIJSzB34jTpST4RE_HXDJfTwW8,lluvia Caffe,4.5,885
ChIJbWG8f7T9ST4RHYuRFO4ZTlo,ماما بنز كافيه | MammaBunz Cafe‏,4.1,231
ChIJySraM6v9ST4RYMT7ntIjCEM,Dose cafe,4,1810
ChIJacBYoRL9ST4R-S5ugSkbEfw,UMQ Coffee 2.1,4.4,1333
ChIJwdFZtYeTNz4RXX1x4w5TavY,Mantorose café,4.2,148
ChIJRwpJTUv7ST4RI2mqFyStel8,Pinkberry,4.5,355
ChIJj2_hhyD9ST4Rk22XiA-t-Qc,MASAMI SUSHI,3.7,791
ChIJM1rYTgznST4Rh882sNbOnAk,شاورما كنج | Shawarma King,2.9,284
ChIJeTxEt0jkST4RjcdlhLw_Pi0,Saadeddin Pastry,4,512
ChIJ38b62gzpST4RxlvwKfSuhsk,Cafe Quindio,4.4,2002
ChIJHbSZtTP7ST4RtAmQN-O8wDM,Onda Coffee مقهى أوندا,4.4,338
ChIJLzHtU9jnST4RZ6qxdfdGdRs,7 Grams - Alrashid Mall | ٧ جرام - الراشد مول,4.4,678
ChIJAV1qojzoST4R6TBTKj1Uv6s,JINGOGAI - The Taste of Korea,4.1,951
ChIJub96aR7iST4RE2p2AiWYwBA,Derby Cafe,3.8,329
ChIJqQdx2WD9ST4R-csZ07_1kUw,LAFAMILIA لافاميليا,4.1,1116
ChIJ-dATmCXnST4R_JtntepFtbo,Newton’s Cafe & Restaurant,4.2,41
ChIJz1Mb9RPjST4RslUC6n7WhMc,مطعم اهل الشرقية للمأكولات البحرية,3.9,96
ChIJdxq-VEvpST4R14ZntQQe7GE,Fresh House,4.1,701
ChIJY8cB6Q_pST4RoHTtW_2ycBc,Tea Time,4.2,3090
ChIJ-9acohPpST4Rrhmgp8vJ_3s,Belgravian Brasserie,4.2,1729
ChIJoeHutjr8ST4RbMXZteA7fc0,مطعم حلال,3.8,489
ChIJn-GEp2PpST4RiaF-Y51uAEk,White Moon,4.1,156
ChIJM9Dto1nlST4R2SeNL6kP8zQ,720 CAFE,4.7,89
ChIJk-hPftbkST4R_g7COaMgZoE,Rakah Modern Restaurant,3.8,699
ChIJx8R7oizDST4RP8NFNC9evMg,Bunah specialty coffee محمصة بنة,4.5,1005
ChIJjRkVedT9ST4R0FPjwJyeHxY,مطاعم صيد السناري للمأكولات البحرية,4.5,355
ChIJddXeQ8rpST4RO6wwwoo8o3I,Density Coffee Roasters | مقهى ومحمصة دينستي,4.5,962
ChIJ-RLFRmDpST4RAHujfPie9mk,The Wings Club,4.4,629
ChIJt-7zbADpST4R9lakwg1wXuw,Chai Bukhar,4.4,423
ChIJSU68dXXbST4R4Am4jRilDFM,مطعم تثليث البخاري الهالیا مطعم کروان الاشراق البخاری,3.9,195
ChIJj1nhnEDbST4RKSs1vsRElrk,فن برجر الطازج,4.2,60
ChIJE9fUM3YCNj4R-EzohKEsjm8,منتو فرموزة هيف,4,434
ChIJJ_vRnkDvST4RDnOSExmxH9c,Maiz Restaurant,3.9,1453
ChIJvfF9cXLpST4Rm9uA9uh6Kzw,Soldout Restaurant® مطعم سولد اوت,4.7,7008
ChIJ-6JmjSn7ST4R3yxqri_CU-M,Fayrouz All Day Dining Restaurant,4.1,34
ChIJ57BX3ckdNj4RjTxhVcJObLk,ايكول كافيه,3.6,60
ChIJI3t0hhbDST4RiG2g-EE4RkI,Saudi Burger Al jisr,4.1,644
ChIJxev5WeP9ST4R8BQ19y-HcGw,Broast rukun al Tazaj,3.9,1773
ChIJcSRBzezjST4Rge3b4A5VX1w,24Cafe,4.4,239
ChIJSbCyMyHnST4RPclYrjppMgc,Joffrey's جوفريز,4,4
ChIJaZ1D6w_8ST4RNa4YpOsvBr8,McDonald's,3.8,3907
ChIJszgti3fpST4RX8MiHRvVXQY,Eclipse,4,748
ChIJX9SAShLmST4R4oqKvWhYeRo,Medar Gulf Seafood,4.1,2406
ChIJZcodcM3kST4RYqi0KPJIVak,Saudi Arabian Amiantit Administration Building,4.2,42
ChIJ04qYgDT7ST4RpbMhADaxT0g,Pickup Burger,4.5,1493
ChIJ2yecaInDST4RDbdFxgbO7XU,مطعم نكهات التكة,4,261
ChIJHbEu2O7jST4RDuTv9g7cYBE,RATIO Speciality Coffee,3.9,635
ChIJlTVMdUr9ST4RlUcu2In8Fns,لقيمات فضة,4.5,238
ChIJLW3A0UD9ST4R0Rzzb_okJ0Q,Kufa,3.9,966
ChIJ-UpSI2DjST4RAVSoarknh7A,مطعم بوابة البخاري,3.3,266
ChIJ37fFu8rlST4Rbqbvz1Cni54,McDonald's,3.8,2801
ChIJXxOrV-_oST4RdSehx1c2ziA,Krispy Kreme,4.2,970
ChIJZ40VJ-L8ST4R48LpXZGuH2c,AlRomansiah Restaurant,4.1,16765
ChIJM3FCQEDpST4RfGsYJEIOXqc,DYJOR Coffee Roasters,4.8,213
ChIJRSBEMRzpST4RRSoXZm84dtw,Daar Cafe مقهى الدار,3.9,13
ChIJNSjeN2vDST4RV2R_xhPTUTM,Al-Shorooq Local Quisine,3.7,398
ChIJ4Y0LoWr9ST4R3ZGfUWWaMXA,best cafe,4.3,251
ChIJZZMar0b9ST4RR9lmVJ1onYk,Tim Hortons,4.4,141
ChIJs7CZUov7ST4RIFN-CUiclZU,Cinnabon,3.7,131
ChIJJUgNDFzjST4RnbYanR36z1s,Barn's | بارنز,4.5,179
ChIJieFNHUb_ST4RwjEjDnMbTtU,فيكتوريا رول فرع المحمدية,4.5,113
ChIJVwUOOGD9ST4RnHbPUh9Baug,محمصة و مقهى عصر,4.6,393
ChIJxaCOksHoST4RjEV5GMFSJg0,Holiday Inn AlKhobar - Corniche,4.1,6908
ChIJ34hkwvXlST4RfcZ0mckncxI,Salvaje Restaurant,4.5,383
ChIJNSUZ11vjST4RIRVmoZQy9u0,Tathleeth Al Bukhari Restaurant مطعم تثليث البخاري,3.8,206
ChIJL8UsA0DDST4RYNisFSUqTgA,ceasario,4,878
ChIJKVBRjz_7ST4R-il69wo2lTI,CINNZEO OTHAIM MALL DAMMAM,3.1,30
ChIJp-nmdEjjST4RjuNrYAcndJ4,Shawrama Hlayel,4,1532
ChIJfzH9nSv8ST4Rp7Hkab5ndSk,شركة مطاعم قصر المنتزه- الدمام,4.1,1636
ChIJ96XswDX_ST4RecPXTWlqnU8,شاورما الهنا shawarma Alhana,3.6,67
ChIJvcSz7QDpST4RSYo2jPMEr_A,Shaki Sushi - شاكي سوشي,4.3,162
ChIJXyipsSz7ST4Rc3BwKs3msgM,McDonald's,3.8,4471
ChIJ-YvJf17vST4RUznnprkzFdI,Khobar oasis Shisha & Coffee,3.8,180
ChIJ9Rdv2XnfST4R6th2HHUc-5g,Al-Seef Cafe,4.1,1781
ChIJaf-eUA7jST4RcZ9MBWzvdcc,Kudu - Taiba District,4,821
ChIJnfGbiiXoST4RbgTJzAxTlho,Phuket Restaurant,4.1,632
ChIJJ9L_T3bvST4RXkY9N5G5TC0,ليوباردو Leopardo,4.4,4005
ChIJUdIaXDX-ST4Rw2Xs8rITqRk,Kushari in Hand,4.3,578
ChIJ01WKbD_jST4RFn2sajaI_Ds,بوفيه جاز,4.4,289
ChIJrRIHkbj9ST4RCj8kojkiZoM,مطعم مرسى للمأكولات البحرية | Marsa for Seafood,4.3,720
ChIJfwvIXy3pST4RzRBzrbZVNIU,Baby Tais,4.2,884
ChIJM1aYggf_ST4RNOnAabRUFL4,Dose Cafe,4.4,56
ChIJPbKWoFb7ST4Rl1l_hnvP9rc,Herfy,3.5,899
ChIJcd-2fYr9ST4Rhy-IQTi7iNA,Bawan Broasted,3.9,157
ChIJ703hmkLnST4Rlh9xPSFHCgk,Mikyal Coffee,4.4,55
ChIJ5cARw2H7ST4Rj6nu_Ofx18c,Freshhouse فريش هاوس,4,189
ChIJw46GKCD9ST4RWgV7utMGsMw,WACAFE Al Rawdah | وكف الروضة,4.3,2820
ChIJb_ajY2zhST4Rvqg4QT3R-Lg,Shrq Coffee Roaster (Jebel Heights),4.4,261
ChIJI3lVzar9ST4Ra7OSLunoW_8,Emilien,4.5,1242
ChIJUapUrbPpST4RGG3_wLibl14,مطعم العروبة,4,1097
ChIJj45Z9lvvST4Rzdry3GSTF6c,Okashi,4.1,651
ChIJaYnB1QPoST4RYlAKAJVpInw,Darah Al Shawayah Al Bukhary Restaurant,3.8,314
ChIJk0CMlr0BNj4Rl4Y_dUqnZG8,شركه ديوانية الربيع,4.2,18
ChIJbQT8kUL7ST4RNEBlEtNKyeI,Aziz Restaurant,3.8,209
ChIJF6glqDT-ST4R4HPGnx0dhPI,بروستد ريم,4,557
ChIJ4UFE_GXoST4RfVcK0ZRRKcA,Golden Karak,4.1,221
ChIJ5Vj3sF_pST4R7rhFxl8RzqQ,The Town,4.6,991
ChIJB7KavzL9ST4RdMf2SpKMS8g,Suhail Restaurant,4.2,1651
ChIJO99TLAv9ST4RPhgdzSxzWW4,Bogota Cafe,4,370
ChIJP4x5BlHpST4ReC1AXZW-CLk,Chef Belal & Tegan,4.7,847
ChIJCU__A2jpST4RLP5fQOCsQjM,Subway,4.4,330
ChIJMe-D5XL9ST4RP1CXzLWXgTc,McDonald's,3.7,4262
ChIJ8SuCxL_pST4RCs4yvF3mdMI,Ayk,3.9,831
ChIJZddeXw_pST4RIGa2cuuRLaw,Inside café,4,624
ChIJ9aUNzwPoST4RxfDU-csbL-Y,Fillfilah فلفلة,3.4,1921
ChIJO2foFwn9ST4RdFZ3I8TRlNs,Mama Noura,3.9,4065
ChIJx9Uv8NPlST4RWVqIS7SCE0E,Garden Gate,4.7,1011
ChIJNauf4pP9ST4RimKZdVWGKk0,Kudu - King Fahd/alfaisaliah Plaza,3.9,1389
ChIJWVK1mEXvST4R99K2iEeYMW0,Al Deek Alromie Restaurant,3.8,920
ChIJ94sdXoDlST4RFHuaH7pUb4A,Tim Hortons,4.2,1475
ChIJOdeise3lST4RFqh-p7Nb2ow,Hamburgini هامبرغيني - Al Qusur,3.9,309
ChIJlTVkXz_vST4RE_Kh0-KEODU,مطعم راكة الحديث,3.8,1854
ChIJicoMP2zjST4R-ECXcgyX3uc,صب واي,3.5,187
ChIJozkR5WPoST4RotBa4z1EARQ,O Burger,4.2,553
ChIJwRKjH03pST4RMC2LFM_I61I,Shawayyat AlKhaleej,4.2,739
ChIJ1WDABhLpST4RasoFDEe2lAY,Shawarma sanaa,4,717
ChIJY14Pchr8ST4R9cLRgnkw-Pc,Anarkali Restaurant,4,954
ChIJtTlALUHvST4RVZkUOxb0F4o,Qasr AlMadhbi,4.1,4509
ChIJOfB5Xt79ST4RjocHQxFDbGo,WHATASLIDER ‎,3.1,146
ChIJZ74WlTj7ST4RSM9zfyzG_Hs,ديار البديع للسمبوسة والمطبق,3.9,195
ChIJq-hUpdL7ST4R6B0LY6Ab35Q,Road Café | قهوة الطريق,4.6,96
ChIJSzpRAfvoST4R1nyy9vzajS0,The View Lounge,4.2,123
ChIJebihdIvnST4RDcL24asf1K8,سلطان دي لايت برجر | Sultan Delight Burger,3.8,377
ChIJiwPyi0joST4RL9od75xVU9A,Damascus Gate Restaurant,4.1,4133
ChIJY6iTGirjST4RoJMuSlZS8O4,مطعم أبو النور,4,660
ChIJdS_3bSTjST4RX_eTGTZ84Ko,!ليتل سيزرز بيتزا! بيتزا Little Caesars Pizza! Pizza!,3.8,671
ChIJMS6-BzsdNj4RXsYXcS9WnPk,Moroccan taste cafe,2.8,49
ChIJm8ExwGv7ST4RgGoTW2gK33w,مطاعم ومطابخ غذوان,4.2,485
ChIJay2v-3vvST4RRNhA1Qm53nM,Repeat Coffee & Brunch,4.2,1564
ChIJxXrGk-znST4RkUOcTBPF6cg,مقهى تيفاق | Tyfaq Cafe,4.4,88
ChIJBYwEHkfpST4RGSc3YfmeD40,Willow cafe,4.2,441
ChIJn3O7m_vlST4RJDYnFL1wvB8,Otten اوتن,4.4,898
ChIJz8rapEj-ST4RrcrmqwEvoRc,Tikka King,4.7,2494
ChIJyYglCDHpST4R7mr27lrMyUs,Madame Banquet,3.9,1117
ChIJQ__VHgv_ST4REi-01RLRuO8,Arkaan Al Diera Restaurant,4.1,451
ChIJW2YeaeL8ST4RNPjFL2JzCUs,مطاعم لمه,3.9,889
ChIJEwMDNR3pST4RKz73UaznCD4,koshari station,4,1522
ChIJywvgYzHoST4RNSCDzZ8AieI,Tamimi Markets,4.2,1344
ChIJndQLZB79ST4RdyBVPKvFE9I,Casapasta | كازاباستا,3.8,2414
ChIJtbqZOJIDNj4RgCGjYsGSjAw,graph cafe,4.4,142
ChIJey2ty3zpST4RvT1jFFEXKk4,CAVO Coffee,4.4,1587
ChIJEa8kbKXpST4R7-OGQ-fhtTI,Section-B,4.3,2048
ChIJr-S-iWj8ST4Rl7Mm_Xiy0LI,Kabsa Alhassaoah Restaurant,3.9,1477
ChIJs7Gr8jbDST4RECRBGsAmEx0,Al Seef Cafe,4.2,1230
ChIJp_GuOkXDST4R2qu7iRCoS2w,مغاسل راحة الفخامة,4,16
ChIJE6WODBPmST4R9N8neTMMdh8,Subway,4.2,885
ChIJsahNh0zvST4RT4M4RB6sBlk,DesertRose Compound,3.8,133
ChIJA2dOPYrnST4RBMCNTiBPA2A,STAKT BURGER,4.4,2497
ChIJ4U1vPF_5ST4RMCTSnkZG42s,Beach Coffee,3.5,65
ChIJ-SntR8zvST4RwyIzibraf5w,RATIO Speciality Coffee,4.6,1861
ChIJDYZCyLXnST4RBYccU26trf4,اولابز | OLABS‏,3.8,48
ChIJ0YR1nuPlST4Rf54g7fNSduE,Derby Coffee,4.1,98
ChIJo_03QRHjST4RMwJw92EETqU,Herfy,3.5,1053
ChIJ9aT7l-f9ST4RoPWgl0PvaWQ,Jamie's Italian Nakheel Mall Dammam,4.5,2343
ChIJk63EcLX_ST4RqqrCl60Qjvo,In & Out Falafel,4.2,457
ChIJsY0jgh_mST4Rv1nYeRA6ix0,Pets Houses,4.5,215
ChIJmTuBY1T_ST4Rmrqxcu-yG3M,مطعم الشرق اللبناني (أبوعلي),3.8,50
ChIJh1SYlyv9ST4RjV-LFOJvSe0,Hardee's,3.7,304
ChIJZyLuNRLmST4RBHRVLG0tchQ,Batota Restaurant,3.8,235
ChIJ8doSvxv9ST4RtVYkutDW0ik,BASKIN ROBBINS,4.2,198
ChIJrWe7kmn7ST4RFAm48WPRSXM,Raeeha,4,715
ChIJe_EBMgDpST4RB_L-DB5XN4Q,Shrimp Anatomy,4.5,226
ChIJpfIzrSH7ST4REKHuVM8tfa8,Weber Burger,4.6,2026
ChIJ07XAJxjjST4RgYB7BDeGH08,Broasted Karam,4,3255
ChIJMaPKbjL9ST4R4b2LUiK3-d4,معجنات التواصل,4.1,134
ChIJE_XEHWj7ST4RR1X-biLDkmk,Eastern Coast - Seafood,4.2,2366
ChIJOyGyM3D_NT4RuFwk6XA5uTI,healthy light,4.2,406
ChIJNTuNUAT7ST4RhPx4ppwn0SI,AlBaik,4.1,10419
ChIJx_WGAlz-ST4RbBd6pp6f8ig,مطاعم كواكب البخاري ٢,3.6,84
ChIJH6oQvBPmST4RjZtkUjLhymA,Diwaniat Alsahel,4,296
ChIJjXhx1OzpST4R1wpF4vCuDG8,Station Day Khobar,4.6,876
ChIJf3vCf63vST4Rg4uFFZrDF6Q,EZCONE إيزيكون,4.4,400
ChIJGxArOgDpST4RaS18itb0-d4,Have coffee,3.6,26
ChIJ696IGODpST4RA76orLIftCQ,EQUAL,4.2,1717
ChIJQQ22M73pST4RWfE9VWAr6VI,Road Café | قهوة الطريق,4.6,55
ChIJF03Vmdz9ST4RRvo3hd55XDk,Mantorose Cafe,4.1,257
ChIJVwdFLZDnST4ROJIP-8EMHpw,Low Calories,4,658
ChIJAR54bs37ST4RDJYZsqqoNVA,Braira Al Dammam Hotel,4.4,3955
ChIJIxYh403lST4RaE50e2QzebY,Script Speciality Coffee,4.7,988
ChIJNSrr_MrlST4Rn_9-1ck2q9k,KFC,3.7,1214
ChIJ9867pAbDST4RnpQrFzNKhj0,VIAL,4.6,354
ChIJkexcAln7ST4RlsOWZmbRNMs,مطعم عنجر للمعجنات والشاورما Anjar Restaurant,4,520
ChIJrbrJTy3pST4R6636pBRiabQ,Addict,4.4,2117
ChIJoUdqq1n_ST4RCsr3z0TacDM,Icons Coffee Couture,3.6,122
ChIJI2SmBWHpST4RZFpp-vXk-TY,WACAFE ِAl Khobar | وكف الخبر,4.4,350
ChIJEYGjLkj7ST4Rv_CPtdM1oAc,And salad,4.1,938
ChIJZ0ABvI3dST4RvlLciEI1xm0,ورق عنب سوما | Soma Grape Leaves,4.6,1148
ChIJm1QXt9r9ST4R5c1fud09y74,زاوية الكبدة,4.5,331
ChIJw0N11xPoST4Rt0Z4nfdg9hs,Layali Zaman,4.5,3465
ChIJNYRjsg7pST4R1DqavxePe1o,Knock Café | نوك,4.3,869
ChIJrW4TMxPmST4RGKeI-cxoVX8,قهوة الشيوخ Alshayoukh Coffee,4,111
ChIJT2p1cWb7ST4RXF96IFSxSdA,Ello,3,1
ChIJDdFGtG3mST4R2YGabDy20UI,The Specialist,4.3,563
ChIJQaGBYQfDST4RCZ4z5LGPxno,Dose Cafe,4.2,1091
ChIJeXM1cdn9ST4RndzFq5aG4YE,مونترو montreux,4.2,5
ChIJx3W3GA_8ST4RQcolMrBkCus,Goodness of Damascus Restaurant - Syrian dishes,3.9,1043
ChIJOzxBRCboST4Rx_aVZmoZSl0,Palm Grove Restaurant,3.9,1631
ChIJJTlEd3DoST4R4FiCrjv0s5E,Laziza Shwarma and Pastries,4.2,1008
ChIJY99lkof9ST4Ry0NboRlQ5DU,Snow cafe,4.3,382
ChIJ496CrJHpST4Rmba5pbnAXw0,La Mode Coffee & More‏,3.9,347
ChIJraYUuHPjST4RiaT45PMCs0I,Bukhari Hut,4.1,891
ChIJHxcyhAr7ST4RGjrejmiJA9E,Makbous Express,4.2,1135
ChIJA969IkfbST4RYADR4_lN_QQ,ديوانية الذوق المتميز Distinctive Taste Coffee,4,4
ChIJsacCFOHpST4Rjr6DN684fKc,Crafter Cafe مقهى كرافتر,4.1,1755
ChIJXQbZlbXDST4RxlBRlqxk8Bw,دكان وافل,4.2,153
ChIJvysITkv7ST4R0n-nrAaKV6w,المطبخ الهندي السريع,3.8,241
ChIJsZwlPUT7ST4RDynv3k3iarc,Costa Coffee,3.8,115
ChIJSVZUCS_oST4RgBNWJjiJ0qA,Thai House,4.6,3248
ChIJAeghr23pST4RkLt3qwiwKvo,كبز ادوات قهوة مختصة,4.7,73
ChIJDxtR-cUDNj4RrfRsn3IZrw8,شاي مقانيص,4.2,52
ChIJXUB-pLL_ST4RSJ2pnom9xtE,مطعم ليون,4.3,141
ChIJny_Wk9TlST4RvAmFZaqEKDs,Quantum Specialty Coffee,4.6,376
ChIJJeQyB8_8ST4RtSOCjyGW_Xs,شاي بخار,4.3,1198
ChIJ8WcQOxzlST4RwoKUtpEF3oo,Five Guys,4,585
ChIJsX0iNAD9ST4RxnwXJ_V8lRI,مطعم ازال,3.1,19
ChIJNwUlqpH9ST4RFA4uclTW0DM,مايدن | Maidin,4.1,12
ChIJJ_MDojX8ST4RSXgzjFRt4BM,Ruchi Restaurant Dammam مطعم تاج الدمام,3.8,1501
ChIJLTCzdZfDST4RohG5zSQwU4s,شذرات كافيه,4.4,607
ChIJS4r4YRXpST4RVh7tdWkJsm0,Shrq Coffee Roasters (Alkurnaish ) | (مقهى ومحمصة شرق (الكورنيش,4.4,5811
ChIJlz5Vl9zDST4RqXEAFvK0SHI,Raising Cane's,4.4,4137
ChIJ1bC5ejj7ST4RFDbLEv69fB0,سالدوتش | Saldwich,4.6,275
ChIJvVbMzcTjST4R3y_BzKckUw0,بوفية ريفي,4.5,322
ChIJB9ltynn-ST4RbKsfJZZPcBo,Ennabi Grill,4,3925
ChIJ9yxWRtjnST4RLVtFDmaRgJo,Fuddruckers,4.1,2445
ChIJ-xbw8oH-ST4RZXo5q2qvsRI,Herfy,3.2,95
,Error,Error,Error
ChIJLV_5lJz_ST4R0PxFpJFMaj4,Derby Juice,4.2,41
ChIJNTfDlML8ST4RdPPaOcfNtys,Dallat Al Faisaliah,4,497
ChIJp101VLD9ST4Rb_5Aq25qt8A,Kasbon Specialty Coffee,4.3,68
ChIJeaGIawHoST4RlaQeQlhlSfI,مطعم عيال بحر,4.2,2168
ChIJUUYm4RfjST4R8JcbeabdA9Q,مطعم الارنب الجائع الفيصليه,3.1,94
ChIJzQREGBTnST4ReyB7szGUXJk,Boad Coffee Roasters,4.3,739
ChIJExC1wDblST4RK8KM_c6kmRM,madeleine - ithra library,3.8,13
ChIJQbKr0Er-ST4RUSOZJGs9GuY,مشويات حسين سيار,4.5,199
ChIJx0EHzUrlST4RK58xSHT17gU,Spot Chicken,4.1,210
ChIJRXTRaa78ST4RUvlxf0IlFS0,كأس بن قهوه مختصهKASBON Breakfast & Sandwiches,4.3,482
ChIJ3yWsDznlST4RHqQhSLzTNpg,8oz Coffee | ايت اوز كوفي,4.2,900
ChIJ165XJ-ofNj4R-sI3B7EafwE,مطعم الوحيد Alwaheed Restaurant,4.1,502
ChIJWUhzegD9ST4Rrf8SB2O4LUs,مقهى فيشاوي,1,1
ChIJrz-Ibx79ST4R8iN5VyN5V4A,McDonald's,3.8,7742
ChIJV2bgDXT7ST4RrBkgTfwwNjo,Bombai Ryani,3.7,2706
ChIJ54lzusL7ST4RN8JFs-eg4qY,Lghawees | لغاويص,3.8,1096
ChIJaykIEADDST4RnoG_22ZD2sk,INDIAN KITCHEN EXPRESS,3,2
ChIJgfdB7t3nST4Rj4hFW13fPk8,Kyan Coffee,3.7,293
ChIJSQUnjQP9ST4RDc-fQ6707IE,مطعم شهد الشام,4.3,445
ChIJ7Z7cVbXnST4R0aQnUy3UzKU,Costa Coffee,4.6,361
ChIJl2y-gBj9ST4RziMFkvOxcNc,مشكوك بحب فرع الدمام,4.3,901
ChIJ6XcT2mj-ST4RMo-HILrn698,حكاية البرجر Burger Story,4,363
ChIJb2fkwhzpST4RPtvRcQBsMGc,Bisket Cafe,4.5,405
ChIJhTO0hpb9ST4RI_nS13Wm_Tg,مطعم شاورما سكين | Skeen,3.5,763
ChIJY48eW0v7ST4R4-etrqUQSR8,Hardee's,3.9,106
ChIJD0Y6akrpST4Rm0P3cuYvImg,Maki House | ماكي هاوس,4.5,621
ChIJTyHb-zzpST4RabVACb7GVZo,Alsaqeefa,4.5,1032
ChIJx-X00Pb9ST4RQ-Gv5ileXk8,باستيل المريكبات PASTEL,4.6,92
ChIJT5OZ36bkST4RJjtt8EF90yE,Harmony Food,4.1,474
ChIJpcdXfnf9ST4RPfK3eZ3CYGM,مطاعم مأدبه (ماكولات خليجيه ),4.1,1179
ChIJuRvWGF3-ST4RhxT2bBw0Epw,Ranoush Restaurant,4,330
ChIJ34tj9P7kST4R7aOOzpRR2Ms,Come to Momma,4.5,4397
ChIJnwFOCGDpST4RD7eWecV83lo,Burger Boutique,4.3,2664
ChIJ_9iUW9DnST4R9UM2tmXw238,The Peak,4.5,7552
ChIJm2rU1mz5ST4RtAF6pP-VB3M,Istikanat Zaman Cafe,4.4,407
ChIJ1_Ab2SD_ST4R-aRFKAAcbxo,Cup Of Karak كلاص كرك,4.8,790
ChIJbRZUSjDmST4R-O7kAWRJ7yk,Cinnabon,3.3,211
ChIJwxML1lfoST4RcKvnGDQL4aU,Lucca Steak House,4.3,3810
ChIJNdOIqVv7ST4R-aDZTGp_DA4,Hardee's,3.6,717
ChIJaYoUsLDDST4RWLMhybxvXAk,مقهى شاهي جمر فرع2,4.3,130
ChIJn-gfoxzoST4RfYC22eSWqMY,Peshawari Kabab House,4.2,5108
ChIJGdAhsUr7ST4R4iqv6H3ZPao,Starbucks,4,692
ChIJUcDPmTv-ST4RC2aID5GjITU,Toos Kitchen,4.3,1065
ChIJnfsYVT3jST4Rbfwv5ZyHkT4,Fawaha Pizza معجنات فواحة,4.1,310
ChIJYepTt5PnST4Rs4ufwf6SR1I,Al Rafidain,4.5,2790
ChIJz0jKLrD_ST4R6ndj3-rtym8,مطعم فرجان الأول,3.9,101
ChIJiVe0-TjvST4RELaseRA5W1o,Grill Island,4.1,442
ChIJ51YYy27vST4R-OfH2yqz86Y,Salad & Tacos سالد أند تاكوز,4.3,413
ChIJozSTzB3jST4R2udWnfDf24A,Siplay play cafe,4.1,274
ChIJt1UyJfzlST4R-AoPUhRmCl0,Tasty Toast,4.1,456
ChIJ8-fSQVX9ST4R_cxZp6vz22g,Burger King - Ohud Plaza,4.1,484
ChIJlwx9iqrEST4Ru1eTwzp7jWs,Hardee's,3.9,1399
ChIJsUcawm7-ST4RsgXSrNZXW1I,مطعم شباب سيهات البخارى,4.1,688
ChIJj2XDXk7-ST4RwQUU6IeZhdw,Lamar,4,91
ChIJ02YjfLPdST4RczDNi-nEtnY,حارة الشاي,4.5,135
ChIJddYRJSrlST4Rw6RSLeFJhtg,Grill Shack,3.9,575
ChIJ7VywOfrpST4Rm88QzVoUlV4,Khobar 101 Canteen,4.2,937
ChIJz_ZARmHpST4RI3TEGCAMCmA,Vial Cafe,4.6,1387
ChIJLzW_3IvlST4R_0xcsWBGrTI,20 degree coffee,3.9,50
ChIJ6X3BFUf7ST4RavrazmNI1CM,Pastry Shop,4.1,455
ChIJ7QOGcTT-ST4RBFkztTqO9zQ,مندي تنور جواثا,3.9,785
ChIJt4owfkPvST4RtJpsWrXzr1A,Gulf Hamoor,3.8,820
ChIJlWSX2XX9ST4RUJi5GQUvuUU,Samadeeraty Restaurant,3.9,3151
ChIJ48416TX8ST4Ro0VUC47ZTNQ,SAFSAF Restaurant,4,2138
ChIJGxv4WCL9ST4RdvqOWPzqGns,Sweet Evolution,3.9,866
ChIJK2-RJUDjST4RF9ohmDcFZlg,مطعم الجناحي للبخاري,3.8,178
ChIJ7djEvzb8ST4RQp39s29kg24,مطعم الدفه للماكولات البحريه وبيع الاسماك,3.2,93
ChIJrz2y3Tj-ST4RSxnDHy5HSNk,Kanadati Seafood Restaurant,4.2,1386
ChIJY12zsagDNj4RRiqLdZjW1Uo,Chai Qnad,4.9,15
ChIJLYWrBgD_ST4RTZqxkMhCuMI,لذة اللحم,4.8,6
ChIJ4-iJs73jST4RSKm2NI6uCK8,Dunkin' - دانكن,3.7,562
ChIJvYTEgM39ST4RobFQmUKGUg4,Burger Hub,4.7,1334
ChIJw9UE9Z3pST4RqZ7hjC0uKDo,باب بوخوخة قيصرية الخبر مول,4,357
ChIJbU6arqT7ST4Rb6I_MVn0RoM,PARK COFFEE,4.2,131
ChIJ016pBU7pST4R6i1ykWhTZ4M,Fatto,4.6,4487
ChIJkTFB1q3_ST4RS3kNhRdDFX4,كلين بروتين | Clean Protein,4.2,105
ChIJA7c0akzjST4RM6Bb0KFtQAQ,صالون مستر شنب للحلاقه,4.9,400
ChIJ8UrB4L3jST4R3EkZRvR_A0c,Anjar Restaurant مطعم عنجر للمعجنات والشاورما,4.2,377
ChIJGyVMmwT9ST4R5CwY8VhehnU,GRAV CAFE قراف كافيه,4.3,1259
ChIJLWMo6177ST4R4CAnLvUX2xg,Starbucks,3.9,256
ChIJHbAGn179ST4RvQnBDFV7YBI,مطعم العصيدة 2,4.5,509
ChIJT0rUnJn_ST4RpPww86BImlQ,Mandi AlAhsaa,3.9,699
ChIJgd_NQ3zjST4RP_aeP0iR2Jg,Hassawiyah Restaurant,4.1,901
ChIJE_vTBtj9ST4R7n6vV6qVvVQ,Altarad Fish Restaurant,4.5,652
ChIJi_CHDg_8ST4RUup0vM0n-ok,Shezan Indian Restaurant,3.5,1973
ChIJrZk5E4X8ST4RTG_gu86SL1M,KFC,3.7,2542
ChIJv_fw3U39ST4RnQaEap6VL3U,Bab Bukhokha Restaurants & Kitchens,3.9,1320
ChIJ5d_zABvDST4RWJivg9Rh5Pw,24Cafe,4.2,919
ChIJt_bzMRnjST4RctlRrPZWY1c,Mathghout Hashikum,3.9,1473
ChIJhR_m4UbDST4RETA7dRj80I8,قرين برجر | grin burger,4.2,437
ChIJCRkPT2noST4RJsgRN_n8oD8,Tamimi Markets,4,884
ChIJNRS0IYDvST4RTZr6tDcLeS4,Noodlez,3.9,190
ChIJ943Gu3zjST4R7Riqk0WcnJM,LOSHi SUSHi,4.6,258
ChIJLydsPazbST4R01_n48zxb7A,Belad Al-Sham,4,1033
ChIJS-kYv379ST4RCDKTdvVyMYg,اللاهب Al Lahib,3.9,2587
ChIJowYW2p_pST4RyJv8V63rMrc,مطعم ازال,2.7,25
ChIJ9a3mxyrvST4RsYOdjHb0uNw,ASADO (Mustache ASADO) اسادو,4.6,580
ChIJXXAX6pz9ST4RpXbWSA_Boic,شركة علي سليمان الشهري التجارية - محل الدولية,3,2
ChIJ4axl0h_pST4Rlc_-P5G1fWs,HOUSE OF AGAPI,4.7,1864
ChIJpyx44qT7ST4R4jYxoQrI7Cw,Chili's,3.9,2359
ChIJMV6QlLnlST4RBe0ZnVJjqOU,22 Café,4.3,1026
ChIJ41H4zfr9ST4RA8vtdQpy0TQ,Frieze Cafe,4.4,911
ChIJRYs2mNP_ST4RYjtUDB4U7ew,Raising Cane's,4.5,1816
ChIJjdrMF-riST4Rm1fFrGPEtCA,Lahore Hotel,3.7,153
ChIJIR2WTPXpST4R6Lyt_yP_8yA,Kyan Cafe,4.2,871
ChIJs8DoXLT9ST4RxZzM-4fZVsw,Shawarmer | شاورمر,4.4,1251
ChIJcd-TRSzjST4RIC28LFDMaB8,حلوى واكثر,4.4,129
ChIJPVtQYwYDNj4RVwRHBY9n4eY,فود ترك سكر زيادة,4.6,24
ChIJZ1889mXoST4RO5GW1RXiMic,THE COFFEZE القهوات,4.2,202
ChIJAfbB6zjjST4R8PItQAGzeXQ,مطعم ثلثين,4.6,444
ChIJRXRtKx39ST4RL_sI5iTAQcg,مطعم مذاق الفخار,3.9,630
ChIJZ0TCs1H8ST4RVwrKwrf5ksY,KFC,3.7,1524
ChIJ375eqhToST4RQO1jT19NTwY,Marhaba Golden Restaurant,4.1,1968
ChIJ8-6s3nfDST4RwuARFRfZAEU,graph cafe,3.8,127
ChIJJU95VQnpST4RCRHme1yVbuU,Dunkin' - دانكن,3.7,444
ChIJ95GqX-78ST4RfvLFuR1Wk-o,Herfy,3.5,568
ChIJKzE4UlLDST4RkaJBh5V3mBQ,Karam Beirut - Al Khobar,4.2,6170
ChIJQ530inT9ST4R9RZO1xuruyU,!ليتل سيزرز بيتزا! بيتزا Little Caesars Pizza! Pizza!,3.9,180
ChIJxRYKqvDDST4RZDNaQQ977zc,Five Guys Dammam,3.9,4460
ChIJQdH3m7fjST4RFlOpywDIt4Y,معجنات الوصيد الشعله Alwaseed Restaurant Alshala,4,407
ChIJDe6hSVDhST4Rvy4wzMEpbQw,Casapasta | كازاباستا,4.5,136
ChIJd36qnt77ST4R7T2yT6nlOX4,VHAGAR Shisha Lounge | فيقار لاونج,4.6,102
ChIJ-cC_-6H_ST4RDBrRrV7woo0,Victoria Maple,4.4,198
ChIJx26aJyb7ST4Rb5uQ8sVuU1M,Kilo Kabab,4.2,2335
ChIJ77m1IiXoST4RoOYXNFva8yY,Classic Indian Restaurant,3.8,3548
ChIJYRv8Z2vvST4R_uRV9PmBvk4,Onda Coffee,4.5,199
ChIJf3FV1W77ST4RUUXNuxIwINI,Hijaz Al Bukhari مطعم قصر الحجاز المميز البخاري,4,175
ChIJhSjcP5vCST4R6Kix1YUHpEA,Fawaz Broasted,3.8,607
ChIJkXi_fX4CNj4RUwpeO7JWfxA,Barn's | بارنز,4,207
ChIJOSVRmQr9ST4RbZHiPlIXXcc,Le 42 Cafe,4.6,281
ChIJpSORlJnDST4RENt1LXjtWOM,shawirmarito,1.5,10
ChIJlWnWTkXpST4RTpO2UXYfwVw,PlCKUP Burger,4.6,1955
ChIJ32hNkPvjST4R4V3c7nbnwQI,اصل البرجر TBO,4.6,3653
ChIJ17xkdP_9ST4RMZ_Ml_rn4vo,Hashi Basha,3.9,1423
ChIJp_j-xQfoST4RsVjm_vbAVNY,مطاحن وبن التام AlTaam coffee and flour mill,4.4,246
ChIJczgJE4X8ST4RM9GSxqCuX-c,Hardee's,4,982
ChIJg5wRMMD7ST4RTDLx5JynlHs,المشوى العنابي | Ennabi Grill,4,2608
ChIJNdYLfADnST4R482H0jcdSvU,مقهى وديوانيه سجة بال,4.9,13
ChIJ-xZdYeXjST4RsttlXTXtudE,المشوى العنابي | Ennabi Grill,3.7,612
ChIJYSAKX-3vST4ROKVtI12xRFs,Lounge Exit7,4.2,250
ChIJVYliKUT9ST4R1-jHDxLxGUQ,Patchi,4.2,537
ChIJczPPjhj9ST4R6mfzk-ATnpg,Starbucks,4.1,428
ChIJExJWOqD9ST4RYh0Jw4ieF1c,Horyat Al Sharqia Seafood restaurant,4.6,3869
ChIJV71OlgjlST4Rdf03G285x30,SKY By Archi,4,1002
ChIJCRX4dJ77ST4RmDuQD9eiGHY,ابو نايف للمشويات,4.1,309
ChIJtb-Wu9_9ST4RtWma5no-JRs,شاي بن بخار,4.5,305
ChIJ4X8GJhf9ST4R5v13JbKbh_8,Diwaniya of the Arabs,3.9,1137
ChIJLS4HQpr8ST4RnR87pkD_6uA,ماماز شباتي Mamas Chapati,3.7,297
ChIJu_Cyb-r9ST4R5_2ODgOo6mA,24Cafe,4.3,224
ChIJvbunpXv_ST4RR1XqMPHLnXc,سبايسي ميل spicy meal,3,161
ChIJgfz74RfjST4RZLels2asa5g,Maestro Pizza,3.8,651
ChIJpRkNsVH8ST4RUvTPegWcj54,Hardee's,3.9,503
ChIJjYy5J9_pST4RYLyWdtC24Zk,pep & co,4.3,311
ChIJn0SLMtzpST4RS4NmhZTeSwg,Mor,4.1,526
ChIJfxSEPPzpST4R3jt-TzNvO5o,Line Espresso Bar & Roastery,4.5,1025
ChIJh4pmIkTDST4RuvaOoXMnRk0,ديوانية المتكى الشعبي,3.9,555
ChIJW0RuSUj9ST4RQPVN_W81SaY,مطعم بيّاز,3.1,98
ChIJlVfnginoST4RCuOLCvZ9ZdU,Cafe De Paris,3.5,778
ChIJgQuy0zXkST4RRDlqzsG1sjk,Waleemat Al Sharqiah,3.6,462
ChIJb32oSZ7bST4RG_VfKHL1RAw,كوثر العزيزية,3.6,224
ChIJIXGTL7rlST4RqsLH-sa_zfY,مطعم شوايه صحاري,4.1,756
ChIJLQAYyJb_ST4RWJ_f-qHpKZc,مطبق الكوخ,4,47
ChIJP1xBiAH7ST4Rzeh2CaVy7yM,Deep Fries,4.7,3597
ChIJFa_aNa7DST4RZPv9brs6H00,Shawrama Hlayel,3.9,1047
ChIJ7zr6ZQDDST4RlBd2-cnShGk,Shwaiat Al-Khalij,4.1,483
ChIJJ4IHRmsdNj4R0clyt8fEU70,Shawarmer | شاورمر,4.4,615
ChIJ3cOxNGHoST4Rv8mJhHdfjDw,Subway,4.1,1209
ChIJk-Bj_GzjST4Rpa1qGRtPqNc,Kyan‎,4.2,619
ChIJbdQnweTpST4RdUA991bM7tw,شاي ابوسيف Abo Saif Tea,4.3,469
ChIJtU1cIzXpST4ROyWyQ0u09vI,Ojar l اوجار,4.4,395
ChIJZTJJLpv9ST4RUm3bLOFGKKw,Saj Lebnani,4,836
ChIJsaiVYWj-ST4RHMDQ9eqjRdI,Delle Rose,4.1,2880
ChIJnV2Rzib8ST4R87pQHIMCYbg,Burger King - Enoc Dareen,3.9,1234
ChIJ7Rzmk03nST4RKI3TRVioBEw,Subway,4.4,111
ChIJC3vhS5b7ST4RzLC79TylTAs,Da Vinci Italian Restaurant,4.1,372
ChIJuT_AHRzlST4RPMIR1q9snuo,Mix and Match Coffee and Bakery - مقهى مكس اند ماتش,4.7,124
ChIJ_yXuv3_8ST4RfY7BzzV57iA,مطعم باعاصم للأكلات الشعبية (عصيد - هريس - سمك - لخم),4.1,422
ChIJ98lap8jjST4RSd_PIPJmAkk,محمصة ومقهى تشارت | CHART,4.5,463
ChIJNe-hOJrdST4R_jXW5Ebn1dY,Mr. Tea,4.4,486
ChIJwz0EpvbpST4RUM3cBOqznCM,Golden Tea,4,67
ChIJDekHlafdST4RV8kyLiupwkI,الشاي المخدر,3.3,20
ChIJm9hhLpzpST4Ro9jCw-CuhfM,NOZOMI Khobar,4.4,1118
ChIJX5bBm6bjST4ROOcreVOlArA,CH.1 specialty coffee,4.1,482
ChIJI9dOhCwdNj4R9R23Z2cgV7M,ABO SAIF TEA,3.6,21
ChIJW_til6_nST4RJbXp0qY1NBU,Days Burger,4.7,1718
ChIJ-z4ewTHdST4R58aFvowmB_E,لمسات لذاذة,4,58
ChIJnZ1cm2L9ST4R11rjbrZrfwU,شاي أديم - Adeem Tea,4.8,1404
ChIJr6yRdDHoST4R6cB2lgIcly0,La Gondola,4.3,2903
ChIJZ4RZH2j9ST4Re4uf49xxrP4,قصة شاي,4.6,18
ChIJGdE_2kP7ST4R3nZ56gnrbfo,LOFT CAFE,3.9,58
ChIJYUuE1DHoST4RN3Cv4AmKvT0,Bawan Broasted,4.1,1739
ChIJiU-901T7ST4Rho_aOQvdFjQ,Modon Alam Pakistani Restaurant,4.2,128
ChIJcWMAVmf9ST4R6WHUF4J_qeI,Herfy,2.4,37
ChIJaZQX7g1T4xURz8b2t915c9U,Starbucks,3.9,1666
ChIJ_Z0G46L9ST4RePxJBFqJ6Ak,تمور القيصرية,4,28
ChIJO8rjuUjhST4RWIRKEQUCPqE,Hobby Farm Horse Stables,4.2,114
ChIJvZ9ze7H8ST4RM9trvw7MCf8,بسبوسة و سمبوسة مون,3.8,374
ChIJmWsbtTf9ST4RDYXqgLOQ7ZE,مطعم محيط العاج البخاري,4.2,346
ChIJL_9eL5j7ST4RiJen3RmCzxI,Ankawa Iraqi Restaurant,4.6,4909
ChIJudo85Hj8ST4RAYMtNKiCkt4,مطعم ومطبخ مندي الشجرة,3.9,744
ChIJLfxATev8ST4RDbYkziH7oLE,Golden Corner Restaurant,3.9,3302
ChIJ_8hEUkD-ST4RO2cNx8naq1w,Cancun,4.3,1341
ChIJo9G7XYDjST4RxHmF-4V-9sY,قهوة عُمق 2.3 - UMQ Coffee 2.3,4.5,621
ChIJk8l75h3lST4RNZkcoQDghVA,graph cafe,3.9,92
ChIJddYjGUXpST4RRHRpPDAGQv0,WOKER,4.3,186
ChIJeVBD6RbjST4RVV8VF-vS-nI,شاورمجي | SHAWERMAGY,4.1,2899
ChIJvzW_eeL9ST4RCiLJ9whEB1A,BIack Tea,4.6,378
ChIJr50nEbzpST4RexKmw8zUlqc,Golden Juice,4.1,2060
ChIJN87oOY3_ST4RTlrRj_Mg1fM,سكبة شاي الحارة,4,166
ChIJI3rd3fvpST4RRe8hrP1MtZk,بروست مذاق | BROAST MAZAG,3.9,157
ChIJXSL5jsvpST4RJRG1E3GPrIg,Balalet,4.5,699
ChIJ2z_801T_ST4RiCHcjJ0Q1AI,Error,Error,Error
ChIJ33WcYvTpST4RX_Tw1lWb7BQ,ركن وردة - Rokn Warda,4.5,2500
ChIJfXfDLBf5ST4R496DoxUPqsE,Repeat Coffee By The Sea,3.3,180
ChIJZdVSp3PjST4RF-wG4rGUf4c,كبدة حجازي,3.8,133
ChIJ3bpcuG77ST4RoKsTxw5ld1I,THAREED RESTAURANT,4.2,1393
ChIJlz1Z2eH_ST4RIGeL6hZZamk,مقهى اوقات المزاج,4.3,166
ChIJoRLim8DdST4Rb28xNb6jnv8,اي بلس | A PLUS,4.4,234
ChIJ7wOJl5v9ST4RUStPhW0PwX0,مطعم عجين ونار,3.9,254
ChIJZz9XG-H7ST4Rm-5BiU7nHKs,Dandara Restaurant,4.2,288
ChIJn93bK0HoST4RGLe9drd-_N8,مطعم بندو خان - Bundoo Khan Restaurant,3.5,4109
ChIJeWwdlgz9ST4R3sDEZ7QKeto,Pretzel Maker,3.6,14
ChIJX3O6Vwn7ST4R2blpQsllQVE,Meeting Café,3.8,160
ChIJJbWUWKrDST4RMfgvnRwfdTw,Rasa,4.7,188
ChIJ-0D_errlST4Rr10B19enqBA,سالدوتش | Saldwich,4.3,369
ChIJ_c83iLfdST4RKnE1DA5vKZA,مطعم سفير الجنوب للاكلات الشعبية,4,1226
ChIJiwMCKgP9ST4RIFanFucZFsQ,Masa Restaurant Bukhari Anbar,4.2,677
ChIJsUJg6M7DST4RzKWZjmxcNB0,PZA,4.6,462
ChIJ8bhOykb7ST4R4naSGqlh-2c,Madghout Thahamah MT Restuarant,4.2,3020
ChIJ-W6JVMTlST4R2EUHg9_PoMA,Saihati restaurant,4.3,43
ChIJrWFnvof-ST4R0IlDLHbpyN0,McDonald's,3.7,2963
ChIJ_ztG8qzEST4Rj-sVjEZr5Bw,Leen Reasturant,4.1,1835
ChIJbWl9RzrmST4RBQ2QBcjjIkI,Simak Seafood Restaurant,3,17
ChIJEWf8yCQdNj4R8GlxOJC0UVc,AlBaik,3.5,2219
ChIJ7SkoutnnST4RokDqYmerAOo,برزان كافيه,3.6,104
ChIJP68ltFjlST4RnZceLaN3qcE,KILO KABAB,4.1,871
ChIJ7SrWdqb9ST4RHPtxw574SNI,Yaghmush Zaman,3.6,537
ChIJNxrXkdf9ST4RrQBkF3JXQbI,Madhina shawarma,4.6,273
ChIJJ2TzfSfDST4Rnb8dGTbr73Y,Chef Eyad Khobar,4.6,3659
ChIJ_ZBr4mvoST4RslM3g3Ok89Q,Burger King - Prince Humud,3.9,1362
ChIJe4x0e8DCST4RsvRgKbDrTq0,مطعم المضغوط الناضج,4,651
ChIJcc6VkPvnST4RG-LrpYt8tWM,Fatte w Snobar,4.2,15287
ChIJM11ZL4z8ST4RN2qoJTnfUus,Kabana Restaurants,4.1,1416
ChIJZywIzfbDST4RWhmR6lacb_8,Subway,4.3,395
ChIJu1lYUAz9ST4RXdz4s2LaDEs,shrimpshack,4.7,4606
ChIJ_RrLDBcDNj4RQWnj9KyfoZ4,تتبيلة زمان حي النور,3.9,27
ChIJNaiSdS3DST4RrNe9EGq9w1s,Snack House,4,283
ChIJy_EWg2bjST4RudyJmXoIxGM,بلو سكاي blue sky,3.8,48
ChIJkwB0KFr9ST4R3E6VvpYCBJk,KFC,4.1,179
ChIJryOx5JP9ST4RnFzvgoKoHEQ,Starbucks,4.5,157
ChIJf_9G7UnoST4RAZ2mNl0IcA4,مطعم الكبش/Al Kabsh,3.8,3348
ChIJwX7uGEroST4Rwhl3gTy42zg,Century Cuisine,4.1,2001
ChIJXfFucn79ST4R_QeF9a3FUUI,Herfy,3.7,345
ChIJveyvsh3pST4RXwAFQgK60CE,Fish Market Restaurant,3.8,3142
ChIJ8bXuClzvST4RzNVl3b046fU,Casapasta | كازاباستا,4,660
ChIJc2QSLB79ST4RrtosVCxXwPk,مطاعم باب بوخوخة حي الحمراء,4.1,1182
ChIJBeBoK4jpST4R0sjWqlSbFbk,ARCHI,4,1410
ChIJ-eNvGSPjST4RIosCN7ya7SA,Shwaiat Al-Khalij,4.2,5323
ChIJ4ysB6G3DST4RE2yZA6HUFrk,maquod Cafe مقهى معقود للمشروبات والمأكولات,4.3,214
ChIJ067AWM7jST4RQm6kDSzJb-k,Bran bakery,4,74
ChIJ56wm-vbpST4RSV03d4bs7F0,OWL Bakehouse & Coffee,4.8,244
ChIJazv0sm3mST4RemnMRzEQes4,Saadeddin Pastry,3.9,636
ChIJd4G3AknoST4R6Zovk5nBqoo,AlFawar Shawarma,4,2999
ChIJZxmeSa38ST4RJCq7SZQI_Vw,Eastern People Seafood,3.9,454
ChIJf-Lb0Cb9ST4RrmsjiluND3g,مطعم مشوار حي أحد,3.8,396
ChIJL4A6T2D9ST4Rqrzd5nP2IOw,Barn's | بارنز,4.3,621
ChIJbdb6ETbkST4RYuHYJunHE5E,Al Mumtaz Restaurant,4,1922
ChIJQ08v-hvlST4RZ0ikEMjryrk,Earth Bar,4,276
ChIJR63PkQf9ST4RIVD_eBDADrM,Alkabsa Alhasawiya Restaurant,3.9,3237
ChIJcaGI1av9ST4Rzlw7UFQTKyw,unlock,3.8,431
ChIJgctiJkXoST4RkMXcuuBAqB8,Copper Chandni,4,6251
ChIJt1A-NTvnST4RpxZx1F6fQVo,Wallflower,4.5,557
ChIJl8zRkO3vST4R78_e-f-n4iY,شاي رباع,4.8,239
ChIJAdfdZe3DST4RZa6OMkKHAik,Espresso Station اسبريسو ستيشن,4.4,153
ChIJd0KBJA_8ST4RvmH4x3sxR4I,شركة نجمة سماء الديرة للمطاعم,3.8,3573
ChIJd4aI1FL9ST4RzACvoKnDlIQ,قهوة الفنار,3.5,46
ChIJZXX-OCTjST4RUyTKiuFgwuA,مطعم و فوال وادي الدور,4,494
ChIJj9U0ccb9ST4Rax8nv6ckz2M,Cocktail Mazza,4.1,3979
ChIJFyBCjjvpST4RWCkO3p0aJJo,The Cheesecake Factory,4.4,6696
