Business ID,District,City,Latitude,Longitude,POI Name,POI Latitude,POI Longitude,Category,Rating,Popularity,Business Type
6386,Al Khalidiyah Ash Shamaliyah Dist.,Dammam,26.4104127,50.1456981,Starbucks (ستاربكس),26.406848,50.13808,Coffee Shop,9.3,0.9851474380884316,Coffee Shop
6387,Al Khalidiyah Ash Shamaliyah Dist.,Dammam,26.4104127,50.1456981,dr.CAFE COFFEE | د. كيف,26.407708,50.137617,Coffee Shop,8.3,0.7110482760049301,Coffee Shop
6388,Al Khalidiyah Ash Shamaliyah Dist.,Dammam,26.4104127,50.1456981,Garden Gate (قاردن قيت),26.398221,50.127066,Coffee Shop,9.0,0.9819055609068972,Coffee Shop
6389,Al Khalidiyah Ash Shamaliyah Dist.,Dammam,26.4104127,50.1456981,Boss Cafe,26.412653,50.173107,Café,9.0,0.9951009332049012,Coffee Shop
6390,Al Khalidiyah Ash Shamaliyah Dist.,Dammam,26.4104127,50.1456981,Alkarak (الكرك),26.414136,50.119659,Tea Room,8.8,0.96653512724109,Coffee Shop
6391,Al Khalidiyah Ash Shamaliyah Dist.,Dammam,26.4104127,50.1456981,Coffee Valley (وادي القهوة),26.38801,50.149305,Coffee Shop,8.4,0.9350278097132028,Coffee Shop
6392,Al Khalidiyah Ash Shamaliyah Dist.,Dammam,26.4104127,50.1456981,La Mode Cafe at Novotel Business Park,26.40754,50.138548,Café,7.5,0.9732363877409398,Coffee Shop
6393,Al Khalidiyah Ash Shamaliyah Dist.,Dammam,26.4104127,50.1456981,Starbucks (ستاربكس),26.430711,50.13335,Coffee Shop,8.2,0.9940651896964235,Coffee Shop
6394,Al Khalidiyah Ash Shamaliyah Dist.,Dammam,26.4104127,50.1456981,ستاربكس,26.410375,50.126388,Coffee Shop,7.8,0.3971869206309749,Coffee Shop
6395,Al Khalidiyah Ash Shamaliyah Dist.,Dammam,26.4104127,50.1456981,ستاربكس,26.411754,50.169067,Coffee Shop,7.9,0.8923655345990119,Coffee Shop
6396,Al Khalidiyah Ash Shamaliyah Dist.,Dammam,26.4104127,50.1456981,Lounge Cafe (لاونج كافيه),26.410375,50.126388,Café,7.7,0.341608923966069,Coffee Shop
6397,Al Khalidiyah Ash Shamaliyah Dist.,Dammam,26.4104127,50.1456981,Coffee Company,26.388844,50.154169,Coffee Shop,7.8,0.9913826140094668,Coffee Shop
6398,Al Khalidiyah Ash Shamaliyah Dist.,Dammam,26.4104127,50.1456981,قهوه الطريق,26.410087,50.156028,Coffee Shop,7.1,0.9400615231644036,Coffee Shop
6399,Al Khalidiyah Ash Shamaliyah Dist.,Dammam,26.4104127,50.1456981,كوستا كوفي,26.412672,50.115727,Coffee Shop,7.1,0.9285336979150484,Coffee Shop
6400,Al Khalidiyah Ash Shamaliyah Dist.,Dammam,26.4104127,50.1456981,Novetel Hotel Cafe,26.40754,50.138548,Café,6.0,0.8921169561569773,Coffee Shop
6401,Al Khalidiyah Ash Shamaliyah Dist.,Dammam,26.4104127,50.1456981,مقهى الكهف الاسود,26.402387,50.139299,Coffee Shop,,0.9901086494940392,Coffee Shop
6402,Al Khalidiyah Ash Shamaliyah Dist.,Dammam,26.4104127,50.1456981,دانكن دونتس,26.410003,50.133322,Café,,0.9231581891060496,Coffee Shop
6403,Al Khalidiyah Ash Shamaliyah Dist.,Dammam,26.4104127,50.1456981,دانكن دونتس,26.410003,50.133322,Café,,0.9064309314441372,Coffee Shop
6404,Al Khalidiyah Ash Shamaliyah Dist.,Dammam,26.4104127,50.1456981,Nasj,26.399351,50.138238,Coffee Shop,,0.9561776921563144,Coffee Shop
6405,Al Khalidiyah Ash Shamaliyah Dist.,Dammam,26.4104127,50.1456981,Derby Coffee,26.396463,50.147908,Coffee Shop,,0.956011973194958,Coffee Shop
6406,Al Khalidiyah Ash Shamaliyah Dist.,Dammam,26.4104127,50.1456981,Saudi Airlines Catering,26.410329,50.126577,Coffee Shop,,0.8543951775782245,Coffee Shop
6407,Al Khalidiyah Ash Shamaliyah Dist.,Dammam,26.4104127,50.1456981,Daily Break,26.411297,50.125908,Café,,0.1232431200737449,Coffee Shop
6408,Al Khalidiyah Ash Shamaliyah Dist.,Dammam,26.4104127,50.1456981,Fresh Berry,26.401876,50.16391,Café,,0.8911329998239236,Coffee Shop
6409,Al Khalidiyah Ash Shamaliyah Dist.,Dammam,26.4104127,50.1456981,NOON Café,26.407082,50.123352,Coffee Shop,,0.9302219598338668,Coffee Shop
6410,Al Khalidiyah Ash Shamaliyah Dist.,Dammam,26.4104127,50.1456981,كاريبو كوفي,26.413447,50.122976,Education,,0.9181969777004424,Coffee Shop
6411,Al Khalidiyah Ash Shamaliyah Dist.,Dammam,26.4104127,50.1456981,Del Monte,26.41137,50.168991,Coffee Shop,,0.8598742607380708,Coffee Shop
6412,Al Khalidiyah Ash Shamaliyah Dist.,Dammam,26.4104127,50.1456981,Kyan,26.430088,50.134441,Coffee Shop,,0.5238687091528654,Coffee Shop
6413,Al Khalidiyah Ash Shamaliyah Dist.,Dammam,26.4104127,50.1456981,Verocci Cafe,26.415074,50.170322,Café,,0.9936198199877784,Coffee Shop
6414,Al Khalidiyah Ash Shamaliyah Dist.,Dammam,26.4104127,50.1456981,Pianolla,26.388011,50.149542,Café,,0.44564935939264,Coffee Shop
6415,Al Khalidiyah Ash Shamaliyah Dist.,Dammam,26.4104127,50.1456981,عنّابة,26.430704,50.133453,Tea Room,,0.828801955483744,Coffee Shop
6416,Al Khalidiyah Ash Shamaliyah Dist.,Dammam,26.4104127,50.1456981,Nespresso office in Dammam,26.392554,50.162118,Coffee Shop,,0.8759593574247273,Coffee Shop
6417,Al Khalidiyah Ash Shamaliyah Dist.,Dammam,26.4104127,50.1456981,Durbai Coffee,26.414136,50.119659,Coffee Shop,,0.1166868636650819,Coffee Shop
6418,Al Khalidiyah Ash Shamaliyah Dist.,Dammam,26.4104127,50.1456981,Silent Crack Coffee Roasters,26.386515,50.144083,Coffee Shop,,0.0986545691824876,Coffee Shop
6419,Al Khalidiyah Ash Shamaliyah Dist.,Dammam,26.4104127,50.1456981,بيت حلو بيت,26.40335,50.120207,Tea Room,,0.9435519787879728,Coffee Shop
6420,Al Khalidiyah Ash Shamaliyah Dist.,Dammam,26.4104127,50.1456981,OYO 411 Moon Hotel,26.429487,50.129455,Café,,0.2910439258821945,Coffee Shop
6421,Al Khalidiyah Ash Shamaliyah Dist.,Dammam,26.4104127,50.1456981,abdullah fouad dammam 32236 saudi arabia (2781 طريق الأمير محمد بن فهد),26.411057,50.118435,Coffee Shop,,0.9553801696547868,Coffee Shop
6422,Al Khalidiyah Ash Shamaliyah Dist.,Dammam,26.4104127,50.1456981,Segafredo Zantti Espresso,26.40411,50.117096,Café,,0.9441112802825508,Coffee Shop
6423,Al Khalidiyah Ash Shamaliyah Dist.,Dammam,26.4104127,50.1456981,Star Bucks,26.412578,50.11575,Coffee Shop,,0.915856197371283,Coffee Shop
6424,Al Khalidiyah Ash Shamaliyah Dist.,Dammam,26.4104127,50.1456981,Overloft Café,26.41581,50.11632,Café,,0.6221296958021315,Coffee Shop
6425,Al Khalidiyah Ash Shamaliyah Dist.,Dammam,26.4104127,50.1456981,Saadeddin Cafe,26.400607,50.117657,Coffee Shop,,0.9433862598266164,Coffee Shop
6426,1st Industrial Dist.,Dammam,26.3979752,50.139516,Starbucks (ستاربكس),26.406848,50.13808,Coffee Shop,9.3,0.9851474380884316,Coffee Shop
6427,1st Industrial Dist.,Dammam,26.3979752,50.139516,Garden Gate (قاردن قيت),26.398221,50.127066,Coffee Shop,9.0,0.9819055609068972,Coffee Shop
6428,1st Industrial Dist.,Dammam,26.3979752,50.139516,dr.CAFE COFFEE | د. كيف,26.407708,50.137617,Coffee Shop,8.3,0.7110482760049301,Coffee Shop
6429,1st Industrial Dist.,Dammam,26.3979752,50.139516,Coffee Valley (وادي القهوة),26.38801,50.149305,Coffee Shop,8.4,0.9350278097132028,Coffee Shop
6430,1st Industrial Dist.,Dammam,26.3979752,50.139516,Starbucks (ستاربكس),26.400343,50.117202,Coffee Shop,8.9,0.9902018664098022,Coffee Shop
6431,1st Industrial Dist.,Dammam,26.3979752,50.139516,Starbucks (ستاربكس),26.401618,50.115742,Coffee Shop,8.9,0.9674258666583808,Coffee Shop
6432,1st Industrial Dist.,Dammam,26.3979752,50.139516,Ojair Coffee (اوجير كوفي),26.411095,50.114829,Coffee Shop,9.4,0.996996343825415,Coffee Shop
6433,1st Industrial Dist.,Dammam,26.3979752,50.139516,Mafaz (مَفَاز),26.406929,50.112725,Coffee Shop,9.4,0.9971620627867714,Coffee Shop
6434,1st Industrial Dist.,Dammam,26.3979752,50.139516,Tim Hortons (تيم هورتنز),26.400097,50.116794,Coffee Shop,8.5,0.9979595852882992,Coffee Shop
6435,1st Industrial Dist.,Dammam,26.3979752,50.139516,Alkarak (الكرك),26.414136,50.119659,Tea Room,8.8,0.96653512724109,Coffee Shop
6436,1st Industrial Dist.,Dammam,26.3979752,50.139516,Onda Coffee (اوندا كافيه),26.376212,50.122733,Coffee Shop,8.9,0.998291023211012,Coffee Shop
6437,1st Industrial Dist.,Dammam,26.3979752,50.139516,Road Cafe,26.389654,50.112863,Coffee Shop,8.8,0.9705227397487286,Coffee Shop
6438,1st Industrial Dist.,Dammam,26.3979752,50.139516,كوستا كوفي - الشرقية,26.400957,50.116567,Coffee Shop,8.0,0.9910304612165844,Coffee Shop
6439,1st Industrial Dist.,Dammam,26.3979752,50.139516,Coffee Company,26.388844,50.154169,Coffee Shop,7.8,0.9913826140094668,Coffee Shop
6440,1st Industrial Dist.,Dammam,26.3979752,50.139516,La Mode Cafe at Novotel Business Park,26.40754,50.138548,Café,7.5,0.9732363877409398,Coffee Shop
6441,1st Industrial Dist.,Dammam,26.3979752,50.139516,كواليس,26.380289,50.148443,Coffee Shop,7.9,0.9521590073434216,Coffee Shop
6442,1st Industrial Dist.,Dammam,26.3979752,50.139516,Lounge Cafe (لاونج كافيه),26.410375,50.126388,Café,7.7,0.341608923966069,Coffee Shop
6443,1st Industrial Dist.,Dammam,26.3979752,50.139516,سينزيو,26.400281,50.116745,Coffee Shop,7.8,0.6322281950097878,Coffee Shop
6444,1st Industrial Dist.,Dammam,26.3979752,50.139516,ستاربكس,26.380995,50.148118,Coffee Shop,7.7,0.9946348486260862,Coffee Shop
6445,1st Industrial Dist.,Dammam,26.3979752,50.139516,dip n dip (Dip N Dip),26.40031,50.1152,Café,7.7,0.9221431604677418,Coffee Shop
6446,1st Industrial Dist.,Dammam,26.3979752,50.139516,Cafe Liwan (قهوة ليوان),26.401203,50.116266,Café,7.4,0.9221224455975722,Coffee Shop
6447,1st Industrial Dist.,Dammam,26.3979752,50.139516,PIANOLLA (بيانولا),26.40071,50.115213,Coffee Shop,7.2,0.8870936001408611,Coffee Shop
6448,1st Industrial Dist.,Dammam,26.3979752,50.139516,قهوه الطريق,26.410087,50.156028,Coffee Shop,7.1,0.9400615231644036,Coffee Shop
6449,1st Industrial Dist.,Dammam,26.3979752,50.139516,مقلط الفريج,26.400988,50.116677,Café,6.9,0.9788086878165492,Coffee Shop
6450,1st Industrial Dist.,Dammam,26.3979752,50.139516,Oliver Brown Chocolate Cafe,26.400097,50.116794,Coffee Shop,6.9,0.9186837771494268,Coffee Shop
6451,1st Industrial Dist.,Dammam,26.3979752,50.139516,Moroccan Taste,26.400759,50.115301,Tea Room,6.7,0.9730706687795834,Coffee Shop
6452,1st Industrial Dist.,Dammam,26.3979752,50.139516,Novetel Hotel Cafe,26.40754,50.138548,Café,6.0,0.8921169561569773,Coffee Shop
6453,1st Industrial Dist.,Dammam,26.3979752,50.139516,Nasj,26.399351,50.138238,Coffee Shop,,0.9561776921563144,Coffee Shop
6454,1st Industrial Dist.,Dammam,26.3979752,50.139516,Coffee Valley (وادي القهوة),26.413057,50.115566,Coffee Shop,6.4,0.9368921480284622,Coffee Shop
6455,1st Industrial Dist.,Dammam,26.3979752,50.139516,مقهى الكهف الاسود,26.402387,50.139299,Coffee Shop,,0.9901086494940392,Coffee Shop
6456,1st Industrial Dist.,Dammam,26.3979752,50.139516,Derby Coffee,26.396463,50.147908,Coffee Shop,,0.956011973194958,Coffee Shop
6457,1st Industrial Dist.,Dammam,26.3979752,50.139516,ديوانية شما,26.400727,50.116332,Café,6.0,0.9036551388414172,Coffee Shop
6458,1st Industrial Dist.,Dammam,26.3979752,50.139516,دانكن دونتس,26.410003,50.133322,Café,,0.9231581891060496,Coffee Shop
6459,1st Industrial Dist.,Dammam,26.3979752,50.139516,دانكن دونتس,26.410003,50.133322,Café,,0.9064309314441372,Coffee Shop
6460,1st Industrial Dist.,Dammam,26.3979752,50.139516,Pianolla,26.388011,50.149542,Café,,0.44564935939264,Coffee Shop
6461,1st Industrial Dist.,Dammam,26.3979752,50.139516,Or Coffee,26.38349,50.140061,Coffee Shop,,0.9831588105521548,Coffee Shop
6462,1st Industrial Dist.,Dammam,26.3979752,50.139516,Saudi Airlines Catering,26.410329,50.126577,Coffee Shop,,0.8543951775782245,Coffee Shop
6463,1st Industrial Dist.,Dammam,26.3979752,50.139516,NOON Café,26.407082,50.123352,Coffee Shop,,0.9302219598338668,Coffee Shop
6464,1st Industrial Dist.,Dammam,26.3979752,50.139516,Sq Coffee Roasters,26.380798,50.144406,Coffee Shop,,0.9764471926172202,Coffee Shop
6465,1st Industrial Dist.,Dammam,26.3979752,50.139516,Daily Break,26.411297,50.125908,Café,,0.1232431200737449,Coffee Shop
6466,1st Industrial Dist.,Dammam,26.3979752,50.139516,بيت حلو بيت,26.40335,50.120207,Tea Room,,0.9435519787879728,Coffee Shop
6467,1st Industrial Dist.,Dammam,26.3979752,50.139516,Roma House Cafe,26.396363,50.119375,Café,,0.4682699976177899,Coffee Shop
6468,1st Industrial Dist.,Dammam,26.3979752,50.139516,Sagafredo Cafe,26.397176,50.117682,Café,,0.8848046069871257,Coffee Shop
6469,1st Industrial Dist.,Dammam,26.3979752,50.139516,Saadeddin Cafe,26.400607,50.117657,Coffee Shop,,0.9433862598266164,Coffee Shop
6470,1st Industrial Dist.,Dammam,26.3979752,50.139516,Freej cafe (فريج كافيه),26.399713,50.117427,Café,,0.8979999792851299,Coffee Shop
6471,1st Industrial Dist.,Dammam,26.3979752,50.139516,فريج كافيه,26.399744,50.117301,Tea Room,,0.5693171343048608,Coffee Shop
6472,1st Industrial Dist.,Dammam,26.3979752,50.139516,Barkadelo,26.400266,50.117281,Café,,0.7345285813421164,Coffee Shop
6473,1st Industrial Dist.,Dammam,26.3979752,50.139516,Mycrepe,26.400251,50.117345,Café,,0.5079493314275653,Coffee Shop
6474,1st Industrial Dist.,Dammam,26.3979752,50.139516,Freej Cafe,26.398636,50.11712,Café,,0.4616515965986183,Coffee Shop
6475,1st Industrial Dist.,Dammam,26.3979752,50.139516,Papparoti,26.400405,50.117186,Café,,0.9301287429181038,Coffee Shop
6476,Al Fanar Dist.,Dammam,26.4049851,50.1959908,Keep (كيب),26.406332,50.186919,Coffee Shop,7.9,0.9569774595652648,Coffee Shop
6477,Al Fanar Dist.,Dammam,26.4049851,50.1959908,Boss Cafe,26.412653,50.173107,Café,9.0,0.9951009332049012,Coffee Shop
6478,Al Fanar Dist.,Dammam,26.4049851,50.1959908,Black Swan Cafe (مقهى بلاك سوان),26.388352,50.178233,Coffee Shop,9.0,0.9675294410092284,Coffee Shop
6479,Al Fanar Dist.,Dammam,26.4049851,50.1959908,Greenberry’s Coffee Co,26.405829,50.185635,Coffee Shop,7.8,0.9817995116109776,Coffee Shop
6480,Al Fanar Dist.,Dammam,26.4049851,50.1959908,7Degrees Truck,26.381041,50.183935,Café,8.7,0.8679323452340263,Coffee Shop
6481,Al Fanar Dist.,Dammam,26.4049851,50.1959908,ستاربكس,26.411754,50.169067,Coffee Shop,7.9,0.8923655345990119,Coffee Shop
6482,Al Fanar Dist.,Dammam,26.4049851,50.1959908,Kiara (كيارا),26.382683,50.212681,Coffee Shop,7.4,0.8384585677968377,Coffee Shop
6483,Al Fanar Dist.,Dammam,26.4049851,50.1959908,Joffrey's Cafe,26.390953,50.184816,Coffee Shop,7.1,0.7355130279699484,Coffee Shop
6484,Al Fanar Dist.,Dammam,26.4049851,50.1959908,Mana (مانا),26.388691,50.178498,Coffee Shop,7.2,0.3554671721094988,Coffee Shop
6485,Al Fanar Dist.,Dammam,26.4049851,50.1959908,Boulevard Coffee (بوليڤارد كوفي),26.387051,50.187141,Café,6.5,0.9761467605067836,Coffee Shop
6486,Al Fanar Dist.,Dammam,26.4049851,50.1959908,Al Shathlya (ديوانية الشاذلية),26.406525,50.200045,Café,,0.3377180187708227,Coffee Shop
6487,Al Fanar Dist.,Dammam,26.4049851,50.1959908,HOKM Cafe مقهى حُكم,26.406018,50.186901,Café,,0.1473257513552471,Coffee Shop
6488,Al Fanar Dist.,Dammam,26.4049851,50.1959908,Hokm,26.406324,50.186832,Coffee Shop,,0.9989570549258872,Coffee Shop
6489,Al Fanar Dist.,Dammam,26.4049851,50.1959908,Söt Kanel (سُوت كانيل),26.406255,50.186542,Café,,0.7688271601403708,Coffee Shop
6490,Al Fanar Dist.,Dammam,26.4049851,50.1959908,Oslo,26.405622,50.185532,Coffee Shop,,0.6018204585655065,Coffee Shop
6491,Al Fanar Dist.,Dammam,26.4049851,50.1959908,Nai (ناي),26.393831,50.193572,Café,,0.9994710963965816,Coffee Shop
6492,Al Fanar Dist.,Dammam,26.4049851,50.1959908,كوستا كوفي,26.390247,50.186065,Coffee Shop,5.8,0.9374838383849952,Coffee Shop
6493,Al Fanar Dist.,Dammam,26.4049851,50.1959908,Cafe 88,26.393292,50.191055,Café,,0.9619565030674144,Coffee Shop
6494,Al Fanar Dist.,Dammam,26.4049851,50.1959908,Café Jamoka by pattis france,26.386837,50.188733,Coffee Shop,5.8,0.1177790425859907,Coffee Shop
6495,Al Fanar Dist.,Dammam,26.4049851,50.1959908,Solin Caffe,26.390647,50.187733,Coffee Shop,,0.1116396075328109,Coffee Shop
6496,Al Fanar Dist.,Dammam,26.4049851,50.1959908,Segafredo Zanetti,26.391429,50.184987,Café,,0.5347832310861865,Coffee Shop
6497,Al Fanar Dist.,Dammam,26.4049851,50.1959908,Cafe 88 Dental College UOD,26.409084,50.177689,Café,,0.8750375457021823,Coffee Shop
6498,Al Fanar Dist.,Dammam,26.4049851,50.1959908,ESSSE Café,26.409114,50.177799,Café,,0.6599446912966473,Coffee Shop
6499,Al Fanar Dist.,Dammam,26.4049851,50.1959908,كاسبُن Kasbon,26.390247,50.186065,Coffee Shop,,0.805859650314885,Coffee Shop
6500,Al Fanar Dist.,Dammam,26.4049851,50.1959908,Leaves Cafe,26.390047,50.185941,Café,,0.970261355948206,Coffee Shop
6501,Al Fanar Dist.,Dammam,26.4049851,50.1959908,Coffee 88,26.389493,50.184432,Coffee Shop,,0.0761058005707924,Coffee Shop
6502,Al Fanar Dist.,Dammam,26.4049851,50.1959908,UD - Miss Chuao,26.386898,50.188717,Coffee Shop,,0.4116808983039481,Coffee Shop
6503,Al Fanar Dist.,Dammam,26.4049851,50.1959908,33 Speciality Coffee,26.386784,50.188795,Coffee Shop,,0.9831803666136948,Coffee Shop
6504,Al Fanar Dist.,Dammam,26.4049851,50.1959908,Arabia,26.386652,50.188782,Coffee Shop,,0.8614855337878754,Coffee Shop
6505,Al Fanar Dist.,Dammam,26.4049851,50.1959908,Bonheur Caffee (مقهى بونور),26.387128,50.187062,Coffee Shop,,0.9350412316025438,Coffee Shop
6506,Al Fanar Dist.,Dammam,26.4049851,50.1959908,Joffrey's (جوفريز),26.397602,50.175683,Coffee Shop,,0.5034645620358574,Coffee Shop
6507,Al Fanar Dist.,Dammam,26.4049851,50.1959908,Joffrey's | College of Engineering,26.387388,50.185517,Coffee Shop,,0.9555480226937642,Coffee Shop
6508,Al Fanar Dist.,Dammam,26.4049851,50.1959908,Solin Coffee,26.385669,50.189749,Coffee Shop,,0.4899518113160634,Coffee Shop
6509,Al Fanar Dist.,Dammam,26.4049851,50.1959908,Papparoti Cafe [Dahran Mall],26.417607,50.213617,Café,,0.969622436934232,Coffee Shop
6510,Al Fanar Dist.,Dammam,26.4049851,50.1959908,"7864 King Saud Rd, As Safa, Dammam 34222, Saudi Arabia",26.392225,50.178397,Café,,0.9685030399071972,Coffee Shop
6511,Al Fanar Dist.,Dammam,26.4049851,50.1959908,11:11 Make A Wish (١١:١١ ميك أ وش),26.391426,50.178134,Café,,0.5456814674414028,Coffee Shop
6512,Al Fanar Dist.,Dammam,26.4049851,50.1959908,Swan Coffe,26.390842,50.177933,Coffee Shop,,0.8337010222788429,Coffee Shop
6513,Al Fanar Dist.,Dammam,26.4049851,50.1959908,اولدن,26.413507,50.17321,Coffee Shop,,0.8672073247780919,Coffee Shop
6514,Al Fanar Dist.,Dammam,26.4049851,50.1959908,Dunkin' Donuts,26.38926,50.178275,Donut Shop,,0.3122870252410693,Coffee Shop
6515,Al Fanar Dist.,Dammam,26.4049851,50.1959908,هوبرا,26.416963,50.217311,Coffee Shop,,0.7687416519794948,Coffee Shop
6516,Al Fanar Dist.,Dammam,26.4049851,50.1959908,DUNKIN DOUNTS (دانكن دونتس),26.389019,50.17821,Donut Shop,,0.6534195071932387,Coffee Shop
6517,Al Fanar Dist.,Dammam,26.4049851,50.1959908,Kasbon,26.384635,50.183867,Coffee Shop,,0.4293156842639489,Coffee Shop
6518,Al Fanar Dist.,Dammam,26.4049851,50.1959908,Kasbon,26.384147,50.184023,Coffee Shop,,0.1734248930594827,Coffee Shop
6519,Al Fanar Dist.,Dammam,26.4049851,50.1959908,شاهي ابو قحط,26.386477,50.178134,Café,,0.8779894147013434,Coffee Shop
6520,Al Fanar Dist.,Dammam,26.4049851,50.1959908,Cofféa,26.411983,50.169112,Coffee Shop,,0.3122145231954759,Coffee Shop
6521,Al Fanar Dist.,Dammam,26.4049851,50.1959908,Del Monte,26.41137,50.168991,Coffee Shop,,0.8598742607380708,Coffee Shop
6522,Al Fanar Dist.,Dammam,26.4049851,50.1959908,Verocci Cafe,26.415074,50.170322,Café,,0.9936198199877784,Coffee Shop
6523,Al Fanar Dist.,Dammam,26.4049851,50.1959908,مقهى جمريه,26.383819,50.178183,Café,,0.1334555510673336,Coffee Shop
6524,Al Athir Dist.,Dammam,26.4367416,50.0607492,Best Cafe,26.42899,50.068337,Coffee Shop,8.6,0.9896529223503092,Coffee Shop
6525,Al Athir Dist.,Dammam,26.4367416,50.0607492,Tim Hortons,26.430882,50.068133,Coffee Shop,8.4,0.991279039658619,Coffee Shop
6526,Al Athir Dist.,Dammam,26.4367416,50.0607492,بن عفيف للقهوة والمكسرات,26.430661,50.078078,Coffee Shop,8.7,0.9834281038643592,Coffee Shop
6527,Al Athir Dist.,Dammam,26.4367416,50.0607492,Émilien Cafe,26.456673,50.062232,Café,8.9,0.976043252648914,Coffee Shop
6528,Al Athir Dist.,Dammam,26.4367416,50.0607492,Dunkin Donuts (دانكن دونتس),26.429857,50.067426,Coffee Shop,7.9,0.9279536815503008,Coffee Shop
6529,Al Athir Dist.,Dammam,26.4367416,50.0607492,Eleven Three Specilty Coffee,26.453003,50.080758,Coffee Shop,9.2,0.9832727423380874,Coffee Shop
6530,Al Athir Dist.,Dammam,26.4367416,50.0607492,Tim Hortons (تيم هورتنز),26.414039,50.05423,Coffee Shop,9.0,0.99770064941118,Coffee Shop
6531,Al Athir Dist.,Dammam,26.4367416,50.0607492,Barnie's (بارنيز),26.420721,50.073482,Coffee Shop,8.5,0.9910097463464148,Coffee Shop
6532,Al Athir Dist.,Dammam,26.4367416,50.0607492,Starbucks (ستاربكس),26.461041,50.062709,Coffee Shop,8.9,0.9770893535924764,Coffee Shop
6533,Al Athir Dist.,Dammam,26.4367416,50.0607492,8Oz COFFEE,26.453242,50.062816,Coffee Shop,8.2,0.974655356347554,Coffee Shop
6534,Al Athir Dist.,Dammam,26.4367416,50.0607492,Starbucks (ستاربكس),26.462292,50.068479,Coffee Shop,8.9,0.9970067012604998,Coffee Shop
6535,Al Athir Dist.,Dammam,26.4367416,50.0607492,Dunkin' Donuts (دانكن دونتس),26.411861,50.072033,Coffee Shop,8.9,0.989342199297766,Coffee Shop
6536,Al Athir Dist.,Dammam,26.4367416,50.0607492,دوز,26.429543,50.040595,Coffee Shop,8.3,0.9970688458710084,Coffee Shop
6537,Al Athir Dist.,Dammam,26.4367416,50.0607492,Starbucks (ستاربكس),26.412554,50.071022,Coffee Shop,8.7,0.9596785052149686,Coffee Shop
6538,Al Athir Dist.,Dammam,26.4367416,50.0607492,Kav Specialized Coffee,26.46298,50.063263,Coffee Shop,8.5,0.9751732281017929,Coffee Shop
6539,Al Athir Dist.,Dammam,26.4367416,50.0607492,PappaRoti Cafe (باباروتي كافيه),26.462396,50.06472,Café,8.3,0.964691503796,Coffee Shop
6540,Al Athir Dist.,Dammam,26.4367416,50.0607492,AQEEQ (عقيق),26.456635,50.081092,Tea Room,8.4,0.9854788760111446,Coffee Shop
6541,Al Athir Dist.,Dammam,26.4367416,50.0607492,Starbucks (ستاربكس),26.431259,50.08409,Coffee Shop,7.9,0.9854270888357208,Coffee Shop
6542,Al Athir Dist.,Dammam,26.4367416,50.0607492,Verocci Cafe,26.454256,50.061719,Café,7.7,0.9654061668168494,Coffee Shop
6543,Al Athir Dist.,Dammam,26.4367416,50.0607492,Tim Hortons,26.436701,50.033922,Coffee Shop,8.0,0.9998037384117038,Coffee Shop
6544,Al Athir Dist.,Dammam,26.4367416,50.0607492,مجلس و دلة,26.431419,50.039743,Coffee Shop,7.8,0.9861417518565704,Coffee Shop
6545,Al Athir Dist.,Dammam,26.4367416,50.0607492,Tim Hortons,26.427405,50.038187,Coffee Shop,7.7,0.9279226092450464,Coffee Shop
6546,Al Athir Dist.,Dammam,26.4367416,50.0607492,Tim Hortons,26.414539,50.076121,Coffee Shop,7.9,0.9817087696402864,Coffee Shop
6547,Al Athir Dist.,Dammam,26.4367416,50.0607492,مجلس كرك وچباتي,26.443943,50.070307,Café,7.3,0.9481403225305284,Coffee Shop
6548,Al Athir Dist.,Dammam,26.4367416,50.0607492,ستاربكس,26.438295,50.08364,Coffee Shop,7.6,0.97508001118603,Coffee Shop
6549,Al Athir Dist.,Dammam,26.4367416,50.0607492,Majlesi Karak & Chapati,26.443974,50.070418,Café,7.2,0.962889310091249,Coffee Shop
6550,Al Athir Dist.,Dammam,26.4367416,50.0607492,مقهى الأصايل,26.415575,50.065251,Café,7.5,0.964732933536339,Coffee Shop
6551,Al Athir Dist.,Dammam,26.4367416,50.0607492,مقهى فرجان الأول,26.462273,50.064516,Coffee Shop,7.5,0.92430786440046,Coffee Shop
6552,Al Athir Dist.,Dammam,26.4367416,50.0607492,Mado,26.462122,50.06728,Coffee Shop,7.4,0.7171902350102021,Coffee Shop
6553,Al Athir Dist.,Dammam,26.4367416,50.0607492,Café Liwan (قهوة الليوان),26.462581,50.064908,Café,7.3,0.9598338667412402,Coffee Shop
6554,Al Athir Dist.,Dammam,26.4367416,50.0607492,ستاربكس,26.433101,50.044451,Coffee Shop,6.6,0.941843001998985,Coffee Shop
6555,Al Athir Dist.,Dammam,26.4367416,50.0607492,أروما كافيه,26.445943,50.071318,Coffee Shop,6.5,0.921024557478586,Coffee Shop
6556,Al Athir Dist.,Dammam,26.4367416,50.0607492,مقهى دار المزاج,26.434344,50.05502,Café,,0.9427958860267844,Coffee Shop
6557,Al Athir Dist.,Dammam,26.4367416,50.0607492,مقهى ديوانية المجلس,26.43705,50.054068,Coffee Shop,5.5,0.8962910024961419,Coffee Shop
6558,Al Athir Dist.,Dammam,26.4367416,50.0607492,شاهي ابو نوره,26.428152,50.061098,Tea Room,,0.8971195973029239,Coffee Shop
6559,Al Athir Dist.,Dammam,26.4367416,50.0607492,مقهى وتين,26.442311,50.068725,Coffee Shop,,0.941335487679831,Coffee Shop
6560,Al Athir Dist.,Dammam,26.4367416,50.0607492,Daily Coffee,26.443111,50.068751,Coffee Shop,,0.9009829205895452,Coffee Shop
6561,Al Athir Dist.,Dammam,26.4367416,50.0607492,وادي القهوة,26.426443,50.059359,Coffee Shop,,0.9731120985199224,Coffee Shop
6562,Al Athir Dist.,Dammam,26.4367416,50.0607492,Seattle's Best Coffee & Cinnabon,26.429839,50.07054,Café,,0.9434484044371252,Coffee Shop
6563,Al Athir Dist.,Dammam,26.4367416,50.0607492,ديوانية المساء,26.434011,50.046165,Café,,0.5392184279485028,Coffee Shop
6564,Al Athir Dist.,Dammam,26.4367416,50.0607492,Damamm,26.4297,50.043278,Café,,0.9180623310443402,Coffee Shop
6565,Al Athir Dist.,Dammam,26.4367416,50.0607492,ديوانيتنا الجديدة,26.431509,50.079571,Café,,0.9003821893546282,Coffee Shop
6566,Al Athir Dist.,Dammam,26.4367416,50.0607492,Baba Karak (بابا كرك),26.433185,50.080016,Tea Room,,0.944235569503568,Coffee Shop
6567,Al Athir Dist.,Dammam,26.4367416,50.0607492,محمصة و قهوة قلم المختصة,26.439188,50.041122,Coffee Shop,,0.6484997255279703,Coffee Shop
6568,Al Athir Dist.,Dammam,26.4367416,50.0607492,أرت سويت,26.42691,50.04423,Coffee Shop,,0.99561880495914,Coffee Shop
6569,Al Athir Dist.,Dammam,26.4367416,50.0607492,N48 Cafe,26.432556,50.080952,Café,,0.9017079410454796,Coffee Shop
6570,Al Athir Dist.,Dammam,26.4367416,50.0607492,مركز أوراق الشاي الأخضر,26.455441,50.061821,Tea Room,,0.6687692259888761,Coffee Shop
6571,Al Athir Dist.,Dammam,26.4367416,50.0607492,قهوة وترويقة,26.427161,50.04235,Café,,0.950988617178842,Coffee Shop
6572,Al Athir Dist.,Dammam,26.4367416,50.0607492,Majlis & Dalla (مجلس و دلة),26.431603,50.039694,Café,,0.9032304840029416,Coffee Shop
6573,Al Athir Dist.,Dammam,26.4367416,50.0607492,Faisaliah,26.424469,50.042292,Tea Room,,0.9496525080529058,Coffee Shop
6574,Al Jalawiyah Dist.,Dammam,26.4361172,50.0727542,بن عفيف للقهوة والمكسرات,26.430661,50.078078,Coffee Shop,8.7,0.9834281038643592,Coffee Shop
6575,Al Jalawiyah Dist.,Dammam,26.4361172,50.0727542,Best Cafe,26.42899,50.068337,Coffee Shop,8.6,0.9896529223503092,Coffee Shop
6576,Al Jalawiyah Dist.,Dammam,26.4361172,50.0727542,Tim Hortons,26.430882,50.068133,Coffee Shop,8.4,0.991279039658619,Coffee Shop
6577,Al Jalawiyah Dist.,Dammam,26.4361172,50.0727542,Eleven Three Specilty Coffee,26.453003,50.080758,Coffee Shop,9.2,0.9832727423380874,Coffee Shop
6578,Al Jalawiyah Dist.,Dammam,26.4361172,50.0727542,Barnie's (بارنيز),26.420721,50.073482,Coffee Shop,8.5,0.9910097463464148,Coffee Shop
6579,Al Jalawiyah Dist.,Dammam,26.4361172,50.0727542,Émilien Cafe,26.456673,50.062232,Café,8.9,0.976043252648914,Coffee Shop
6580,Al Jalawiyah Dist.,Dammam,26.4361172,50.0727542,UMQ Coffee (قهوة عُمق),26.45869,50.08524,Coffee Shop,9.5,0.999906783084237,Coffee Shop
6581,Al Jalawiyah Dist.,Dammam,26.4361172,50.0727542,Starbucks (ستاربكس),26.431259,50.08409,Coffee Shop,7.9,0.9854270888357208,Coffee Shop
6582,Al Jalawiyah Dist.,Dammam,26.4361172,50.0727542,Dunkin' Donuts (دانكن دونتس),26.411861,50.072033,Coffee Shop,8.9,0.989342199297766,Coffee Shop
6583,Al Jalawiyah Dist.,Dammam,26.4361172,50.0727542,Starbucks (ستاربكس),26.412554,50.071022,Coffee Shop,8.7,0.9596785052149686,Coffee Shop
6584,Al Jalawiyah Dist.,Dammam,26.4361172,50.0727542,Starbucks (ستاربكس),26.461041,50.062709,Coffee Shop,8.9,0.9770893535924764,Coffee Shop
6585,Al Jalawiyah Dist.,Dammam,26.4361172,50.0727542,Starbucks (ستاربكس),26.462292,50.068479,Coffee Shop,8.9,0.9970067012604998,Coffee Shop
6586,Al Jalawiyah Dist.,Dammam,26.4361172,50.0727542,AQEEQ (عقيق),26.456635,50.081092,Tea Room,8.4,0.9854788760111446,Coffee Shop
6587,Al Jalawiyah Dist.,Dammam,26.4361172,50.0727542,8Oz COFFEE,26.453242,50.062816,Coffee Shop,8.2,0.974655356347554,Coffee Shop
6588,Al Jalawiyah Dist.,Dammam,26.4361172,50.0727542,Starbucks (ستاربكس),26.422585,50.091569,Coffee Shop,8.3,0.9801344395074004,Coffee Shop
6589,Al Jalawiyah Dist.,Dammam,26.4361172,50.0727542,ستاربكس,26.438295,50.08364,Coffee Shop,7.6,0.97508001118603,Coffee Shop
6590,Al Jalawiyah Dist.,Dammam,26.4361172,50.0727542,بوفية عزيز,26.423848,50.094082,Café,8.1,0.9648468653222716,Coffee Shop
6591,Al Jalawiyah Dist.,Dammam,26.4361172,50.0727542,TREEPICA Café,26.458456,50.080743,Coffee Shop,8.1,0.9546447917637676,Coffee Shop
6592,Al Jalawiyah Dist.,Dammam,26.4361172,50.0727542,Tim Hortons,26.414539,50.076121,Coffee Shop,7.9,0.9817087696402864,Coffee Shop
6593,Al Jalawiyah Dist.,Dammam,26.4361172,50.0727542,مجلس كرك وچباتي,26.443943,50.070307,Café,7.3,0.9481403225305284,Coffee Shop
6594,Al Jalawiyah Dist.,Dammam,26.4361172,50.0727542,bREw’s (بروز),26.421533,50.090762,Coffee Shop,7.8,0.9774518638204436,Coffee Shop
6595,Al Jalawiyah Dist.,Dammam,26.4361172,50.0727542,Verocci Cafe,26.454256,50.061719,Café,7.7,0.9654061668168494,Coffee Shop
6596,Al Jalawiyah Dist.,Dammam,26.4361172,50.0727542,Majlesi Karak & Chapati,26.443974,50.070418,Café,7.2,0.962889310091249,Coffee Shop
6597,Al Jalawiyah Dist.,Dammam,26.4361172,50.0727542,Brighton Cafe,26.417279,50.091732,Coffee Shop,7.8,0.9806212389563848,Coffee Shop
6598,Al Jalawiyah Dist.,Dammam,26.4361172,50.0727542,مقهى الأصايل,26.415575,50.065251,Café,7.5,0.964732933536339,Coffee Shop
6599,Al Jalawiyah Dist.,Dammam,26.4361172,50.0727542,ركن الشاهي,26.420883,50.097528,Tea Room,7.5,0.9583423960890324,Coffee Shop
6600,Al Jalawiyah Dist.,Dammam,26.4361172,50.0727542,Keen Cafe,26.461207,50.077944,Coffee Shop,7.4,0.9811080384053692,Coffee Shop
6601,Al Jalawiyah Dist.,Dammam,26.4361172,50.0727542,أروما كافيه,26.445943,50.071318,Coffee Shop,6.5,0.921024557478586,Coffee Shop
6602,Al Jalawiyah Dist.,Dammam,26.4361172,50.0727542,مستوصف الفارابي (مجمع الفارابي الطبي),26.413929,50.078945,Coffee Shop,6.8,0.9950491460294772,Coffee Shop
6603,Al Jalawiyah Dist.,Dammam,26.4361172,50.0727542,ستاربكس,26.433101,50.044451,Coffee Shop,6.6,0.941843001998985,Coffee Shop
6604,Al Jalawiyah Dist.,Dammam,26.4361172,50.0727542,Seattle's Best Coffee & Cinnabon,26.429839,50.07054,Café,,0.9434484044371252,Coffee Shop
6605,Al Jalawiyah Dist.,Dammam,26.4361172,50.0727542,مقهى وتين,26.442311,50.068725,Coffee Shop,,0.941335487679831,Coffee Shop
6606,Al Jalawiyah Dist.,Dammam,26.4361172,50.0727542,ديوانيتنا الجديدة,26.431509,50.079571,Café,,0.9003821893546282,Coffee Shop
6607,Al Jalawiyah Dist.,Dammam,26.4361172,50.0727542,Daily Coffee,26.443111,50.068751,Coffee Shop,,0.9009829205895452,Coffee Shop
6608,Al Jalawiyah Dist.,Dammam,26.4361172,50.0727542,N48 Cafe,26.432556,50.080952,Café,,0.9017079410454796,Coffee Shop
6609,Al Jalawiyah Dist.,Dammam,26.4361172,50.0727542,Rawaq Hajer (رواق هجر),26.45821,50.080808,Café,6.0,0.8785901459362604,Coffee Shop
6610,Al Jalawiyah Dist.,Dammam,26.4361172,50.0727542,شاهي ابو نوره,26.428152,50.061098,Tea Room,,0.8971195973029239,Coffee Shop
6611,Al Jalawiyah Dist.,Dammam,26.4361172,50.0727542,Kayan (كيان),26.435393,50.088411,Coffee Shop,,0.9834591761696132,Coffee Shop
6612,Al Jalawiyah Dist.,Dammam,26.4361172,50.0727542,وادي القهوة,26.426443,50.059359,Coffee Shop,,0.9731120985199224,Coffee Shop
6613,Al Jalawiyah Dist.,Dammam,26.4361172,50.0727542,مقهى دار المزاج,26.434344,50.05502,Café,,0.9427958860267844,Coffee Shop
6614,Al Jalawiyah Dist.,Dammam,26.4361172,50.0727542,Dunkin (ADNOC),26.44999,50.08405,Donut Shop,,0.9939409004754064,Coffee Shop
6615,Al Jalawiyah Dist.,Dammam,26.4361172,50.0727542,المذاق المغربي,26.44928,50.088435,Coffee Shop,,0.8750479031372671,Coffee Shop
6616,Al Jalawiyah Dist.,Dammam,26.4361172,50.0727542,Pianolla Cafe,26.449388,50.088466,Coffee Shop,,0.7420170069084092,Coffee Shop
6617,Al Jalawiyah Dist.,Dammam,26.4361172,50.0727542,مقهى فرجان الاول,26.457264,50.071643,Coffee Shop,,0.9524283006556256,Coffee Shop
6618,Al Jalawiyah Dist.,Dammam,26.4361172,50.0727542,Rochen Café,26.420432,50.092025,Café,,0.9105739054780474,Coffee Shop
6619,Al Jalawiyah Dist.,Dammam,26.4361172,50.0727542,ديوانية المساء,26.434011,50.046165,Café,,0.5392184279485028,Coffee Shop
6620,Al Jalawiyah Dist.,Dammam,26.4361172,50.0727542,Dose (دوز),26.447072,50.097542,Coffee Shop,,0.9713927642958498,Coffee Shop
6621,Al Jalawiyah Dist.,Dammam,26.4361172,50.0727542,Brighton Cafe,26.417295,50.091669,Coffee Shop,,0.9551523060829216,Coffee Shop
6622,Al Jalawiyah Dist.,Dammam,26.4361172,50.0727542,Les Galets Family Coffee Shop,26.456756,50.089895,Coffee Shop,,0.1828812312918828,Coffee Shop
6623,Al Jalawiyah Dist.,Dammam,26.4361172,50.0727542,Joffrey’S,26.425652,50.099228,Coffee Shop,,0.9449088027840784,Coffee Shop
6624,Al Nakhil Dist.,Dammam,26.4345188,50.0464963,دوز,26.429543,50.040595,Coffee Shop,8.3,0.9970688458710084,Coffee Shop
6625,Al Nakhil Dist.,Dammam,26.4345188,50.0464963,Ocaso Caffee,26.423561,50.030331,Coffee Shop,8.6,0.9853960165304664,Coffee Shop
6626,Al Nakhil Dist.,Dammam,26.4345188,50.0464963,Le 42 Cafe,26.423576,50.030267,Coffee Shop,8.6,0.9627650208702316,Coffee Shop
6627,Al Nakhil Dist.,Dammam,26.4345188,50.0464963,مجلس و دلة,26.431419,50.039743,Coffee Shop,7.8,0.9861417518565704,Coffee Shop
6628,Al Nakhil Dist.,Dammam,26.4345188,50.0464963,Tim Hortons (تيم هورتنز),26.414039,50.05423,Coffee Shop,9.0,0.99770064941118,Coffee Shop
6629,Al Nakhil Dist.,Dammam,26.4345188,50.0464963,Dip N Dip,26.423853,50.030312,Coffee Shop,8.5,0.9914965457953993,Coffee Shop
6630,Al Nakhil Dist.,Dammam,26.4345188,50.0464963,Tim Hortons,26.436701,50.033922,Coffee Shop,8.0,0.9998037384117038,Coffee Shop
6631,Al Nakhil Dist.,Dammam,26.4345188,50.0464963,One O One Cafe (101 Cafè),26.421524,50.026367,Coffee Shop,8.8,0.9977731514567733,Coffee Shop
6632,Al Nakhil Dist.,Dammam,26.4345188,50.0464963,Best Cafe,26.42899,50.068337,Coffee Shop,8.6,0.9896529223503092,Coffee Shop
6633,Al Nakhil Dist.,Dammam,26.4345188,50.0464963,Tim Hortons,26.430882,50.068133,Coffee Shop,8.4,0.991279039658619,Coffee Shop
6634,Al Nakhil Dist.,Dammam,26.4345188,50.0464963,Émilien Cafe,26.456673,50.062232,Café,8.9,0.976043252648914,Coffee Shop
6635,Al Nakhil Dist.,Dammam,26.4345188,50.0464963,Tim Hortons,26.427405,50.038187,Coffee Shop,7.7,0.9279226092450464,Coffee Shop
6636,Al Nakhil Dist.,Dammam,26.4345188,50.0464963,ستاربكس,26.428619,50.039654,Coffee Shop,7.5,0.6220571937565381,Coffee Shop
6637,Al Nakhil Dist.,Dammam,26.4345188,50.0464963,8Oz COFFEE,26.453242,50.062816,Coffee Shop,8.2,0.974655356347554,Coffee Shop
6638,Al Nakhil Dist.,Dammam,26.4345188,50.0464963,Dunkin Donuts (دانكن دونتس),26.429857,50.067426,Coffee Shop,7.9,0.9279536815503008,Coffee Shop
6639,Al Nakhil Dist.,Dammam,26.4345188,50.0464963,C House Cafe,26.411431,50.047636,Coffee Shop,8.0,0.9638939812944722,Coffee Shop
6640,Al Nakhil Dist.,Dammam,26.4345188,50.0464963,نويمي كافيه,26.421585,50.02564,Coffee Shop,7.8,0.9975660027550778,Coffee Shop
6641,Al Nakhil Dist.,Dammam,26.4345188,50.0464963,Verocci Cafe,26.454256,50.061719,Café,7.7,0.9654061668168494,Coffee Shop
6642,Al Nakhil Dist.,Dammam,26.4345188,50.0464963,مقهى الأصايل,26.415575,50.065251,Café,7.5,0.964732933536339,Coffee Shop
6643,Al Nakhil Dist.,Dammam,26.4345188,50.0464963,ستاربكس,26.433101,50.044451,Coffee Shop,6.6,0.941843001998985,Coffee Shop
6644,Al Nakhil Dist.,Dammam,26.4345188,50.0464963,مجلس كرك وچباتي,26.443943,50.070307,Café,7.3,0.9481403225305284,Coffee Shop
6645,Al Nakhil Dist.,Dammam,26.4345188,50.0464963,Majlesi Karak & Chapati,26.443974,50.070418,Café,7.2,0.962889310091249,Coffee Shop
6646,Al Nakhil Dist.,Dammam,26.4345188,50.0464963,ديوانية المساء,26.434011,50.046165,Café,,0.5392184279485028,Coffee Shop
6647,Al Nakhil Dist.,Dammam,26.4345188,50.0464963,أروما كافيه,26.445943,50.071318,Coffee Shop,6.5,0.921024557478586,Coffee Shop
6648,Al Nakhil Dist.,Dammam,26.4345188,50.0464963,Damamm,26.4297,50.043278,Café,,0.9180623310443402,Coffee Shop
6649,Al Nakhil Dist.,Dammam,26.4345188,50.0464963,محمصة و قهوة قلم المختصة,26.439188,50.041122,Coffee Shop,,0.6484997255279703,Coffee Shop
6650,Al Nakhil Dist.,Dammam,26.4345188,50.0464963,Majlis & Dalla (مجلس و دلة),26.431603,50.039694,Café,,0.9032304840029416,Coffee Shop
6651,Al Nakhil Dist.,Dammam,26.4345188,50.0464963,مقهى ديوانية المجلس,26.43705,50.054068,Coffee Shop,5.5,0.8962910024961419,Coffee Shop
6652,Al Nakhil Dist.,Dammam,26.4345188,50.0464963,مقهى دار المزاج,26.434344,50.05502,Café,,0.9427958860267844,Coffee Shop
6653,Al Nakhil Dist.,Dammam,26.4345188,50.0464963,أرت سويت,26.42691,50.04423,Coffee Shop,,0.99561880495914,Coffee Shop
6654,Al Nakhil Dist.,Dammam,26.4345188,50.0464963,قهوة وترويقة,26.427161,50.04235,Café,,0.950988617178842,Coffee Shop
6655,Al Nakhil Dist.,Dammam,26.4345188,50.0464963,La Maison Du Cafe,26.436486,50.058066,Café,,0.8890511553718837,Coffee Shop
6656,Al Nakhil Dist.,Dammam,26.4345188,50.0464963,Faisaliah,26.424469,50.042292,Tea Room,,0.9496525080529058,Coffee Shop
6657,Al Nakhil Dist.,Dammam,26.4345188,50.0464963,وادي القهوة,26.426907,50.036257,Café,,0.9725838693305988,Coffee Shop
6658,Al Nakhil Dist.,Dammam,26.4345188,50.0464963,5 O’clock Cafe,26.426307,50.036594,Café,,0.8939087924266435,Coffee Shop
6659,Al Nakhil Dist.,Dammam,26.4345188,50.0464963,Zawia,26.432137,50.032256,Coffee Shop,,0.5461393765208078,Coffee Shop
6660,Al Nakhil Dist.,Dammam,26.4345188,50.0464963,وادي القهوة,26.426443,50.059359,Coffee Shop,,0.9731120985199224,Coffee Shop
6661,Al Nakhil Dist.,Dammam,26.4345188,50.0464963,شاهي ابو نوره,26.428152,50.061098,Tea Room,,0.8971195973029239,Coffee Shop
6662,Al Nakhil Dist.,Dammam,26.4345188,50.0464963,Fluffy Clouds (فلفِي),26.423653,50.027433,Café,,0.9933919564159132,Coffee Shop
6663,Al Nakhil Dist.,Dammam,26.4345188,50.0464963,بارنز كافيه,26.42276,50.027962,Coffee Shop,,0.7322603030585506,Coffee Shop
6664,Al Nakhil Dist.,Dammam,26.4345188,50.0464963,Barn’s,26.422582,50.027884,Coffee Shop,,0.980569451780961,Coffee Shop
6665,Al Nakhil Dist.,Dammam,26.4345188,50.0464963,بارنز,26.422463,50.027913,Coffee Shop,,0.976136469564677,Coffee Shop
6666,Al Nakhil Dist.,Dammam,26.4345188,50.0464963,Bati Cafe,26.422834,50.027505,Café,,0.9393054304032148,Coffee Shop
6667,Al Nakhil Dist.,Dammam,26.4345188,50.0464963,Sahar Cafe,26.442426,50.068446,Coffee Shop,,0.5545060021336317,Coffee Shop
6668,Al Nakhil Dist.,Dammam,26.4345188,50.0464963,مقهى وتين,26.442311,50.068725,Coffee Shop,,0.941335487679831,Coffee Shop
6669,Al Nakhil Dist.,Dammam,26.4345188,50.0464963,تيم هورتنز,26.414039,50.05423,Coffee Shop,,0.9369750075091404,Coffee Shop
6670,Al Nakhil Dist.,Dammam,26.4345188,50.0464963,Daily Coffee,26.443111,50.068751,Coffee Shop,,0.9009829205895452,Coffee Shop
6671,Al Nakhil Dist.,Dammam,26.4345188,50.0464963,Seattle's Best Coffee & Cinnabon,26.429839,50.07054,Café,,0.9434484044371252,Coffee Shop
6672,Al Nakhil Dist.,Dammam,26.4345188,50.0464963,Kiwan (كيوان),26.425922,50.0237,Café,,0.7922801654532016,Coffee Shop
6673,Al Nakhil Dist.,Dammam,26.4345188,50.0464963,قهوه الدوانيه,26.418006,50.029727,Café,,0.9129146858072068,Coffee Shop
6674,Al Qazaz Dist.,Dammam,26.4360813,50.0949694,بن عفيف للقهوة والمكسرات,26.430661,50.078078,Coffee Shop,8.7,0.9834281038643592,Coffee Shop
6675,Al Qazaz Dist.,Dammam,26.4360813,50.0949694,Eleven Three Specilty Coffee,26.453003,50.080758,Coffee Shop,9.2,0.9832727423380874,Coffee Shop
6676,Al Qazaz Dist.,Dammam,26.4360813,50.0949694,Starbucks (ستاربكس),26.422585,50.091569,Coffee Shop,8.3,0.9801344395074004,Coffee Shop
6677,Al Qazaz Dist.,Dammam,26.4360813,50.0949694,dr.CAFE COFFEE | V12 Station | د.كيف كافيه (dr.CAFE COFFEE | د. كيف),26.45616,50.09686,Coffee Shop,9.0,0.9887621829330184,Coffee Shop
6678,Al Qazaz Dist.,Dammam,26.4360813,50.0949694,UMQ Coffee (قهوة عُمق),26.45869,50.08524,Coffee Shop,9.5,0.999906783084237,Coffee Shop
6679,Al Qazaz Dist.,Dammam,26.4360813,50.0949694,بوفية عزيز,26.423848,50.094082,Café,8.1,0.9648468653222716,Coffee Shop
6680,Al Qazaz Dist.,Dammam,26.4360813,50.0949694,CORE COFFEE & ROASTERY (Core Coffee & Roastery),26.458855,50.093134,Coffee Shop,9.0,0.9788397601218034,Coffee Shop
6681,Al Qazaz Dist.,Dammam,26.4360813,50.0949694,Starbucks (ستاربكس),26.411946,50.093566,Coffee Shop,9.1,0.9796062103180768,Coffee Shop
6682,Al Qazaz Dist.,Dammam,26.4360813,50.0949694,Starbucks (ستاربكس),26.45491,50.11388,Coffee Shop,9.2,0.99885032470559,Coffee Shop
6683,Al Qazaz Dist.,Dammam,26.4360813,50.0949694,Starbucks (ستاربكس),26.431259,50.08409,Coffee Shop,7.9,0.9854270888357208,Coffee Shop
6684,Al Qazaz Dist.,Dammam,26.4360813,50.0949694,Starbucks (ستاربكس),26.412921,50.100693,Coffee Shop,8.9,0.9922319236864184,Coffee Shop
6685,Al Qazaz Dist.,Dammam,26.4360813,50.0949694,Tim Hortons (تيم هورتنز),26.411544,50.092832,Coffee Shop,9.0,0.986846057442335,Coffee Shop
6686,Al Qazaz Dist.,Dammam,26.4360813,50.0949694,Location Coffee (لوكيشن كافيه),26.456777,50.101138,Coffee Shop,8.6,0.947518876425442,Coffee Shop
6687,Al Qazaz Dist.,Dammam,26.4360813,50.0949694,Caribou Coffee (كاريبو كوفي),26.458773,50.093211,Coffee Shop,8.5,0.9385286227718568,Coffee Shop
6688,Al Qazaz Dist.,Dammam,26.4360813,50.0949694,Zaffron Lounge (ديوانية زعفران),26.421009,50.100572,Café,8.0,0.9594609990781884,Coffee Shop
6689,Al Qazaz Dist.,Dammam,26.4360813,50.0949694,Best Cafe,26.42899,50.068337,Coffee Shop,8.6,0.9896529223503092,Coffee Shop
6690,Al Qazaz Dist.,Dammam,26.4360813,50.0949694,Barnie's (بارنيز),26.420721,50.073482,Coffee Shop,8.5,0.9910097463464148,Coffee Shop
6691,Al Qazaz Dist.,Dammam,26.4360813,50.0949694,قيصرية الواحة,26.429371,50.117122,Café,8.2,0.9948627121979512,Coffee Shop
6692,Al Qazaz Dist.,Dammam,26.4360813,50.0949694,AQEEQ (عقيق),26.456635,50.081092,Tea Room,8.4,0.9854788760111446,Coffee Shop
6693,Al Qazaz Dist.,Dammam,26.4360813,50.0949694,Tim Hortons,26.430882,50.068133,Coffee Shop,8.4,0.991279039658619,Coffee Shop
6694,Al Qazaz Dist.,Dammam,26.4360813,50.0949694,ستاربكس,26.438295,50.08364,Coffee Shop,7.6,0.97508001118603,Coffee Shop
6695,Al Qazaz Dist.,Dammam,26.4360813,50.0949694,bREw’s (بروز),26.421533,50.090762,Coffee Shop,7.8,0.9774518638204436,Coffee Shop
6696,Al Qazaz Dist.,Dammam,26.4360813,50.0949694,المذاق المغربي,26.459282,50.095385,Coffee Shop,8.2,0.9877885840350497,Coffee Shop
6697,Al Qazaz Dist.,Dammam,26.4360813,50.0949694,ستاربكس,26.428519,50.107585,Coffee Shop,7.7,0.9473220851588312,Coffee Shop
6698,Al Qazaz Dist.,Dammam,26.4360813,50.0949694,كاريبو,26.454459,50.105536,"Cafe, Coffee, and Tea House",8.0,0.9481817522708677,Coffee Shop
6699,Al Qazaz Dist.,Dammam,26.4360813,50.0949694,3.C Café,26.458341,50.092317,Café,8.0,0.9940134025209996,Coffee Shop
6700,Al Qazaz Dist.,Dammam,26.4360813,50.0949694,كوخ الكرك,26.46131,50.092482,Café,8.1,0.9412319133289831,Coffee Shop
6701,Al Qazaz Dist.,Dammam,26.4360813,50.0949694,Cafficha (كافيشا),26.461947,50.092263,Coffee Shop,8.1,0.9906161638131932,Coffee Shop
6702,Al Qazaz Dist.,Dammam,26.4360813,50.0949694,Morth Coffee (مورث),26.459396,50.088284,Coffee Shop,8.0,0.96330360749464,Coffee Shop
6703,Al Qazaz Dist.,Dammam,26.4360813,50.0949694,TREEPICA Café,26.458456,50.080743,Coffee Shop,8.1,0.9546447917637676,Coffee Shop
6704,Al Qazaz Dist.,Dammam,26.4360813,50.0949694,Brighton Cafe,26.417279,50.091732,Coffee Shop,7.8,0.9806212389563848,Coffee Shop
6705,Al Qazaz Dist.,Dammam,26.4360813,50.0949694,Avenue cafe,26.421009,50.101281,Café,7.7,0.9604035256709028,Coffee Shop
6706,Al Qazaz Dist.,Dammam,26.4360813,50.0949694,قهوة الطريق,26.439674,50.118311,Coffee Shop,7.8,0.9658515365254948,Coffee Shop
6707,Al Qazaz Dist.,Dammam,26.4360813,50.0949694,Tim Hortons,26.456027,50.105241,Coffee Shop,7.8,0.9518793565961324,Coffee Shop
6708,Al Qazaz Dist.,Dammam,26.4360813,50.0949694,ركن الشاهي,26.420883,50.097528,Tea Room,7.5,0.9583423960890324,Coffee Shop
6709,Al Qazaz Dist.,Dammam,26.4360813,50.0949694,مجلس كرك وچباتي,26.443943,50.070307,Café,7.3,0.9481403225305284,Coffee Shop
6710,Al Qazaz Dist.,Dammam,26.4360813,50.0949694,Majlesi Karak & Chapati,26.443974,50.070418,Café,7.2,0.962889310091249,Coffee Shop
6711,Al Qazaz Dist.,Dammam,26.4360813,50.0949694,مستوصف الفارابي (مجمع الفارابي الطبي),26.413929,50.078945,Coffee Shop,6.8,0.9950491460294772,Coffee Shop
6712,Al Qazaz Dist.,Dammam,26.4360813,50.0949694,Lulia (لوليا),26.4139,50.096175,Café,6.5,0.9513821997120632,Coffee Shop
6713,Al Qazaz Dist.,Dammam,26.4360813,50.0949694,وناسه كافيه,26.420415,50.107059,Café,6.4,0.9467524262291686,Coffee Shop
6714,Al Qazaz Dist.,Dammam,26.4360813,50.0949694,Dar Najd Ladies Center,26.441875,50.122287,Health and Beauty Service,6.4,0.9037897854975194,Coffee Shop
6715,Al Qazaz Dist.,Dammam,26.4360813,50.0949694,Kayan (كيان),26.435393,50.088411,Coffee Shop,,0.9834591761696132,Coffee Shop
6716,Al Qazaz Dist.,Dammam,26.4360813,50.0949694,Reds Caffe,26.438697,50.105965,Café,,0.8999575345161525,Coffee Shop
6717,Al Qazaz Dist.,Dammam,26.4360813,50.0949694,Joffrey’S,26.425652,50.099228,Coffee Shop,,0.9449088027840784,Coffee Shop
6718,Al Qazaz Dist.,Dammam,26.4360813,50.0949694,karak Cup,26.436514,50.10737,Café,,0.9248775233301224,Coffee Shop
6719,Al Qazaz Dist.,Dammam,26.4360813,50.0949694,Dose (دوز),26.447072,50.097542,Coffee Shop,,0.9713927642958498,Coffee Shop
6720,Al Qazaz Dist.,Dammam,26.4360813,50.0949694,Coffee eltgaa,26.44643,50.103275,Coffee Shop,,0.9780629524904452,Coffee Shop
6721,Al Qazaz Dist.,Dammam,26.4360813,50.0949694,انتقاء القهوة,26.446984,50.103129,Coffee Shop,,0.965012584283628,Coffee Shop
6722,Al Qazaz Dist.,Dammam,26.4360813,50.0949694,مقهى زمن الطيبين,26.4462,50.10446,Café,,0.9534536867290184,Coffee Shop
6723,Al Qazaz Dist.,Dammam,26.4360813,50.0949694,ديوانيتنا الجديدة,26.431509,50.079571,Café,,0.9003821893546282,Coffee Shop
6724,Al Badiyah Dist.,Dammam,26.4329024,50.0964462,Starbucks (ستاربكس),26.422585,50.091569,Coffee Shop,8.3,0.9801344395074004,Coffee Shop
6725,Al Badiyah Dist.,Dammam,26.4329024,50.0964462,بوفية عزيز,26.423848,50.094082,Café,8.1,0.9648468653222716,Coffee Shop
6726,Al Badiyah Dist.,Dammam,26.4329024,50.0964462,بن عفيف للقهوة والمكسرات,26.430661,50.078078,Coffee Shop,8.7,0.9834281038643592,Coffee Shop
6727,Al Badiyah Dist.,Dammam,26.4329024,50.0964462,Starbucks (ستاربكس),26.411946,50.093566,Coffee Shop,9.1,0.9796062103180768,Coffee Shop
6728,Al Badiyah Dist.,Dammam,26.4329024,50.0964462,Starbucks (ستاربكس),26.412921,50.100693,Coffee Shop,8.9,0.9922319236864184,Coffee Shop
6729,Al Badiyah Dist.,Dammam,26.4329024,50.0964462,Tim Hortons (تيم هورتنز),26.411544,50.092832,Coffee Shop,9.0,0.986846057442335,Coffee Shop
6730,Al Badiyah Dist.,Dammam,26.4329024,50.0964462,Eleven Three Specilty Coffee,26.453003,50.080758,Coffee Shop,9.2,0.9832727423380874,Coffee Shop
6731,Al Badiyah Dist.,Dammam,26.4329024,50.0964462,Starbucks (ستاربكس),26.411037,50.109414,Coffee Shop,9.2,0.9986846057442336,Coffee Shop
6732,Al Badiyah Dist.,Dammam,26.4329024,50.0964462,dr.CAFE COFFEE | V12 Station | د.كيف كافيه (dr.CAFE COFFEE | د. كيف),26.45616,50.09686,Coffee Shop,9.0,0.9887621829330184,Coffee Shop
6733,Al Badiyah Dist.,Dammam,26.4329024,50.0964462,Zaffron Lounge (ديوانية زعفران),26.421009,50.100572,Café,8.0,0.9594609990781884,Coffee Shop
6734,Al Badiyah Dist.,Dammam,26.4329024,50.0964462,Starbucks (ستاربكس),26.431259,50.08409,Coffee Shop,7.9,0.9854270888357208,Coffee Shop
6735,Al Badiyah Dist.,Dammam,26.4329024,50.0964462,Starbucks (ستاربكس),26.45491,50.11388,Coffee Shop,9.2,0.99885032470559,Coffee Shop
6736,Al Badiyah Dist.,Dammam,26.4329024,50.0964462,CORE COFFEE & ROASTERY (Core Coffee & Roastery),26.458855,50.093134,Coffee Shop,9.0,0.9788397601218034,Coffee Shop
6737,Al Badiyah Dist.,Dammam,26.4329024,50.0964462,قيصرية الواحة,26.429371,50.117122,Café,8.2,0.9948627121979512,Coffee Shop
6738,Al Badiyah Dist.,Dammam,26.4329024,50.0964462,Location Coffee (لوكيشن كافيه),26.456777,50.101138,Coffee Shop,8.6,0.947518876425442,Coffee Shop
6739,Al Badiyah Dist.,Dammam,26.4329024,50.0964462,Barnie's (بارنيز),26.420721,50.073482,Coffee Shop,8.5,0.9910097463464148,Coffee Shop
6740,Al Badiyah Dist.,Dammam,26.4329024,50.0964462,Best Cafe,26.42899,50.068337,Coffee Shop,8.6,0.9896529223503092,Coffee Shop
6741,Al Badiyah Dist.,Dammam,26.4329024,50.0964462,bREw’s (بروز),26.421533,50.090762,Coffee Shop,7.8,0.9774518638204436,Coffee Shop
6742,Al Badiyah Dist.,Dammam,26.4329024,50.0964462,ستاربكس,26.428519,50.107585,Coffee Shop,7.7,0.9473220851588312,Coffee Shop
6743,Al Badiyah Dist.,Dammam,26.4329024,50.0964462,Caribou Coffee (كاريبو كوفي),26.458773,50.093211,Coffee Shop,8.5,0.9385286227718568,Coffee Shop
6744,Al Badiyah Dist.,Dammam,26.4329024,50.0964462,Tim Hortons,26.430882,50.068133,Coffee Shop,8.4,0.991279039658619,Coffee Shop
6745,Al Badiyah Dist.,Dammam,26.4329024,50.0964462,Avenue cafe,26.421009,50.101281,Café,7.7,0.9604035256709028,Coffee Shop
6746,Al Badiyah Dist.,Dammam,26.4329024,50.0964462,Brighton Cafe,26.417279,50.091732,Coffee Shop,7.8,0.9806212389563848,Coffee Shop
6747,Al Badiyah Dist.,Dammam,26.4329024,50.0964462,ستاربكس,26.438295,50.08364,Coffee Shop,7.6,0.97508001118603,Coffee Shop
6748,Al Badiyah Dist.,Dammam,26.4329024,50.0964462,المذاق المغربي,26.459282,50.095385,Coffee Shop,8.2,0.9877885840350497,Coffee Shop
6749,Al Badiyah Dist.,Dammam,26.4329024,50.0964462,شغف,26.406726,50.103451,Coffee Shop,8.2,0.9665765569814292,Coffee Shop
6750,Al Badiyah Dist.,Dammam,26.4329024,50.0964462,ركن الشاهي,26.420883,50.097528,Tea Room,7.5,0.9583423960890324,Coffee Shop
6751,Al Badiyah Dist.,Dammam,26.4329024,50.0964462,كاريبو,26.454459,50.105536,"Cafe, Coffee, and Tea House",8.0,0.9481817522708677,Coffee Shop
6752,Al Badiyah Dist.,Dammam,26.4329024,50.0964462,قهوة الطريق,26.439674,50.118311,Coffee Shop,7.8,0.9658515365254948,Coffee Shop
6753,Al Badiyah Dist.,Dammam,26.4329024,50.0964462,3.C Café,26.458341,50.092317,Café,8.0,0.9940134025209996,Coffee Shop
6754,Al Badiyah Dist.,Dammam,26.4329024,50.0964462,Tim Hortons,26.456027,50.105241,Coffee Shop,7.8,0.9518793565961324,Coffee Shop
6755,Al Badiyah Dist.,Dammam,26.4329024,50.0964462,Tim Hortons,26.414539,50.076121,Coffee Shop,7.9,0.9817087696402864,Coffee Shop
6756,Al Badiyah Dist.,Dammam,26.4329024,50.0964462,مجلس كرك وچباتي,26.443943,50.070307,Café,7.3,0.9481403225305284,Coffee Shop
6757,Al Badiyah Dist.,Dammam,26.4329024,50.0964462,Majlesi Karak & Chapati,26.443974,50.070418,Café,7.2,0.962889310091249,Coffee Shop
6758,Al Badiyah Dist.,Dammam,26.4329024,50.0964462,مستوصف الفارابي (مجمع الفارابي الطبي),26.413929,50.078945,Coffee Shop,6.8,0.9950491460294772,Coffee Shop
6759,Al Badiyah Dist.,Dammam,26.4329024,50.0964462,Lulia (لوليا),26.4139,50.096175,Café,6.5,0.9513821997120632,Coffee Shop
6760,Al Badiyah Dist.,Dammam,26.4329024,50.0964462,وناسه كافيه,26.420415,50.107059,Café,6.4,0.9467524262291686,Coffee Shop
6761,Al Badiyah Dist.,Dammam,26.4329024,50.0964462,Dar Najd Ladies Center,26.441875,50.122287,Health and Beauty Service,6.4,0.9037897854975194,Coffee Shop
6762,Al Badiyah Dist.,Dammam,26.4329024,50.0964462,Coffee Valley (وادي القهوة),26.413057,50.115566,Coffee Shop,6.4,0.9368921480284622,Coffee Shop
6763,Al Badiyah Dist.,Dammam,26.4329024,50.0964462,Joffrey’S,26.425652,50.099228,Coffee Shop,,0.9449088027840784,Coffee Shop
6764,Al Badiyah Dist.,Dammam,26.4329024,50.0964462,Kayan (كيان),26.435393,50.088411,Coffee Shop,,0.9834591761696132,Coffee Shop
6765,Al Badiyah Dist.,Dammam,26.4329024,50.0964462,Reds Caffe,26.438697,50.105965,Café,,0.8999575345161525,Coffee Shop
6766,Al Badiyah Dist.,Dammam,26.4329024,50.0964462,karak Cup,26.436514,50.10737,Café,,0.9248775233301224,Coffee Shop
6767,Al Badiyah Dist.,Dammam,26.4329024,50.0964462,صبا كافيه,26.421007,50.097969,Coffee Shop,,0.9407554713150836,Coffee Shop
6768,Al Badiyah Dist.,Dammam,26.4329024,50.0964462,Rochen Café,26.420432,50.092025,Café,,0.9105739054780474,Coffee Shop
6769,Al Badiyah Dist.,Dammam,26.4329024,50.0964462,Dose (دوز),26.447072,50.097542,Coffee Shop,,0.9713927642958498,Coffee Shop
6770,Al Badiyah Dist.,Dammam,26.4329024,50.0964462,Coffee eltgaa,26.44643,50.103275,Coffee Shop,,0.9780629524904452,Coffee Shop
6771,Al Badiyah Dist.,Dammam,26.4329024,50.0964462,ديوانيتنا الجديدة,26.431509,50.079571,Café,,0.9003821893546282,Coffee Shop
6772,Al Badiyah Dist.,Dammam,26.4329024,50.0964462,مقهى زمن الطيبين,26.4462,50.10446,Café,,0.9534536867290184,Coffee Shop
6773,Al Badiyah Dist.,Dammam,26.4329024,50.0964462,انتقاء القهوة,26.446984,50.103129,Coffee Shop,,0.965012584283628,Coffee Shop
6774,Ad Dawasir Dist.,Dammam,26.4457598,50.1012853,dr.CAFE COFFEE | V12 Station | د.كيف كافيه (dr.CAFE COFFEE | د. كيف),26.45616,50.09686,Coffee Shop,9.0,0.9887621829330184,Coffee Shop
6775,Ad Dawasir Dist.,Dammam,26.4457598,50.1012853,Starbucks (ستاربكس),26.45491,50.11388,Coffee Shop,9.2,0.99885032470559,Coffee Shop
6776,Ad Dawasir Dist.,Dammam,26.4457598,50.1012853,Location Coffee (لوكيشن كافيه),26.456777,50.101138,Coffee Shop,8.6,0.947518876425442,Coffee Shop
6777,Ad Dawasir Dist.,Dammam,26.4457598,50.1012853,CORE COFFEE & ROASTERY (Core Coffee & Roastery),26.458855,50.093134,Coffee Shop,9.0,0.9788397601218034,Coffee Shop
6778,Ad Dawasir Dist.,Dammam,26.4457598,50.1012853,UMQ Coffee (قهوة عُمق),26.45869,50.08524,Coffee Shop,9.5,0.999906783084237,Coffee Shop
6779,Ad Dawasir Dist.,Dammam,26.4457598,50.1012853,Eleven Three Specilty Coffee,26.453003,50.080758,Coffee Shop,9.2,0.9832727423380874,Coffee Shop
6780,Ad Dawasir Dist.,Dammam,26.4457598,50.1012853,Caribou Coffee (كاريبو كوفي),26.458773,50.093211,Coffee Shop,8.5,0.9385286227718568,Coffee Shop
6781,Ad Dawasir Dist.,Dammam,26.4457598,50.1012853,كاريبو,26.454459,50.105536,"Cafe, Coffee, and Tea House",8.0,0.9481817522708677,Coffee Shop
6782,Ad Dawasir Dist.,Dammam,26.4457598,50.1012853,Habits (هابيتس),26.452591,50.124033,Coffee Shop,9.0,0.9546344343286828,Coffee Shop
6783,Ad Dawasir Dist.,Dammam,26.4457598,50.1012853,Troy (تروي),26.452454,50.124545,Café,9.0,0.9916208350164164,Coffee Shop
6784,Ad Dawasir Dist.,Dammam,26.4457598,50.1012853,Marsa Café,26.460289,50.112737,Café,8.5,0.9743032035546716,Coffee Shop
6785,Ad Dawasir Dist.,Dammam,26.4457598,50.1012853,المذاق المغربي,26.459282,50.095385,Coffee Shop,8.2,0.9877885840350497,Coffee Shop
6786,Ad Dawasir Dist.,Dammam,26.4457598,50.1012853,Tim Hortons (تيم هورتنز),26.459142,50.121581,Coffee Shop,8.8,0.991134035567432,Coffee Shop
6787,Ad Dawasir Dist.,Dammam,26.4457598,50.1012853,Ratio Speciality Coffee (ريشيو للقهوة المختصة),26.452074,50.130308,Coffee Shop,9.2,0.9975142155796538,Coffee Shop
6788,Ad Dawasir Dist.,Dammam,26.4457598,50.1012853,017 Cafe,26.451996,50.130228,Coffee Shop,9.1,0.9976695771059256,Coffee Shop
6789,Ad Dawasir Dist.,Dammam,26.4457598,50.1012853,Cereza Cafe & Roastery (مقهى ومحمصة سيريزا),26.464125,50.122635,Café,9.0,0.9341267128608272,Coffee Shop
6790,Ad Dawasir Dist.,Dammam,26.4457598,50.1012853,Coffee Address (عنوان القهوة),26.463766,50.121752,Coffee Shop,8.9,0.9958259536608356,Coffee Shop
6791,Ad Dawasir Dist.,Dammam,26.4457598,50.1012853,Tim Hortons,26.456027,50.105241,Coffee Shop,7.8,0.9518793565961324,Coffee Shop
6792,Ad Dawasir Dist.,Dammam,26.4457598,50.1012853,Dose (دوز),26.457896,50.120312,Coffee Shop,8.4,0.9737542594951786,Coffee Shop
6793,Ad Dawasir Dist.,Dammam,26.4457598,50.1012853,3.C Café,26.458341,50.092317,Café,8.0,0.9940134025209996,Coffee Shop
6794,Ad Dawasir Dist.,Dammam,26.4457598,50.1012853,AQEEQ (عقيق),26.456635,50.081092,Tea Room,8.4,0.9854788760111446,Coffee Shop
6795,Ad Dawasir Dist.,Dammam,26.4457598,50.1012853,بن عفيف للقهوة والمكسرات,26.430661,50.078078,Coffee Shop,8.7,0.9834281038643592,Coffee Shop
6796,Ad Dawasir Dist.,Dammam,26.4457598,50.1012853,كوخ الكرك,26.46131,50.092482,Café,8.1,0.9412319133289831,Coffee Shop
6797,Ad Dawasir Dist.,Dammam,26.4457598,50.1012853,Cafficha (كافيشا),26.461947,50.092263,Coffee Shop,8.1,0.9906161638131932,Coffee Shop
6798,Ad Dawasir Dist.,Dammam,26.4457598,50.1012853,Park Coffee,26.451734,50.127202,Coffee Shop,8.4,0.972811732902464,Coffee Shop
6799,Ad Dawasir Dist.,Dammam,26.4457598,50.1012853,Morth Coffee (مورث),26.459396,50.088284,Coffee Shop,8.0,0.96330360749464,Coffee Shop
6800,Ad Dawasir Dist.,Dammam,26.4457598,50.1012853,قيصرية الواحة,26.429371,50.117122,Café,8.2,0.9948627121979512,Coffee Shop
6801,Ad Dawasir Dist.,Dammam,26.4457598,50.1012853,Butlers Chocolate Cafe,26.461372,50.121171,Café,8.3,0.9433966172617012,Coffee Shop
6802,Ad Dawasir Dist.,Dammam,26.4457598,50.1012853,Starbucks (ستاربكس),26.422585,50.091569,Coffee Shop,8.3,0.9801344395074004,Coffee Shop
6803,Ad Dawasir Dist.,Dammam,26.4457598,50.1012853,قهوة الطريق,26.439674,50.118311,Coffee Shop,7.8,0.9658515365254948,Coffee Shop
6804,Ad Dawasir Dist.,Dammam,26.4457598,50.1012853,TREEPICA Café,26.458456,50.080743,Coffee Shop,8.1,0.9546447917637676,Coffee Shop
6805,Ad Dawasir Dist.,Dammam,26.4457598,50.1012853,Scarface,26.454049,50.120242,Coffee Shop,7.9,0.9734228215724658,Coffee Shop
6806,Ad Dawasir Dist.,Dammam,26.4457598,50.1012853,شاي عبق,26.434268,50.128406,Tea Room,8.3,0.991092605827093,Coffee Shop
6807,Ad Dawasir Dist.,Dammam,26.4457598,50.1012853,بوفية عزيز,26.423848,50.094082,Café,8.1,0.9648468653222716,Coffee Shop
6808,Ad Dawasir Dist.,Dammam,26.4457598,50.1012853,Starbucks (ستاربكس),26.431259,50.08409,Coffee Shop,7.9,0.9854270888357208,Coffee Shop
6809,Ad Dawasir Dist.,Dammam,26.4457598,50.1012853,View Cafe,26.451949,50.126317,Café,8.0,0.9710509689380522,Coffee Shop
6810,Ad Dawasir Dist.,Dammam,26.4457598,50.1012853,Zaffron Lounge (ديوانية زعفران),26.421009,50.100572,Café,8.0,0.9594609990781884,Coffee Shop
6811,Ad Dawasir Dist.,Dammam,26.4457598,50.1012853,Icons Coffee Couture,26.451596,50.127771,Coffee Shop,8.0,0.9775761530414608,Coffee Shop
6812,Ad Dawasir Dist.,Dammam,26.4457598,50.1012853,ستاربكس,26.428519,50.107585,Coffee Shop,7.7,0.9473220851588312,Coffee Shop
6813,Ad Dawasir Dist.,Dammam,26.4457598,50.1012853,ستاربكس,26.464957,50.091795,Coffee Shop,7.8,0.9753700193684036,Coffee Shop
6814,Ad Dawasir Dist.,Dammam,26.4457598,50.1012853,ستاربكس,26.438295,50.08364,Coffee Shop,7.6,0.97508001118603,Coffee Shop
6815,Ad Dawasir Dist.,Dammam,26.4457598,50.1012853,bREw’s (بروز),26.421533,50.090762,Coffee Shop,7.8,0.9774518638204436,Coffee Shop
6816,Ad Dawasir Dist.,Dammam,26.4457598,50.1012853,Avenue cafe,26.421009,50.101281,Café,7.7,0.9604035256709028,Coffee Shop
6817,Ad Dawasir Dist.,Dammam,26.4457598,50.1012853,Pianolla Cafe,26.463552,50.11385,General Contractor,8.1,0.9560741178054668,Coffee Shop
6818,Ad Dawasir Dist.,Dammam,26.4457598,50.1012853,ركن الشاهي,26.420883,50.097528,Tea Room,7.5,0.9583423960890324,Coffee Shop
6819,Ad Dawasir Dist.,Dammam,26.4457598,50.1012853,ستاربكس,26.440571,50.127659,Coffee Shop,7.4,0.9717656319589016,Coffee Shop
6820,Ad Dawasir Dist.,Dammam,26.4457598,50.1012853,Keen Cafe,26.461207,50.077944,Coffee Shop,7.4,0.9811080384053692,Coffee Shop
6821,Ad Dawasir Dist.,Dammam,26.4457598,50.1012853,Spar Cafe,26.460941,50.121048,Café,6.5,0.9186319899740027,Coffee Shop
6822,Ad Dawasir Dist.,Dammam,26.4457598,50.1012853,Dar Najd Ladies Center,26.441875,50.122287,Health and Beauty Service,6.4,0.9037897854975194,Coffee Shop
6823,Ad Dawasir Dist.,Dammam,26.4457598,50.1012853,Coffee eltgaa,26.44643,50.103275,Coffee Shop,,0.9780629524904452,Coffee Shop
6824,Ad Dabab Dist.,Dammam,26.4325765,50.0461296,دوز,26.429543,50.040595,Coffee Shop,8.3,0.9970688458710084,Coffee Shop
6825,Ad Dabab Dist.,Dammam,26.4325765,50.0461296,Ocaso Caffee,26.423561,50.030331,Coffee Shop,8.6,0.9853960165304664,Coffee Shop
6826,Ad Dabab Dist.,Dammam,26.4325765,50.0461296,Le 42 Cafe,26.423576,50.030267,Coffee Shop,8.6,0.9627650208702316,Coffee Shop
6827,Ad Dabab Dist.,Dammam,26.4325765,50.0461296,Tim Hortons (تيم هورتنز),26.414039,50.05423,Coffee Shop,9.0,0.99770064941118,Coffee Shop
6828,Ad Dabab Dist.,Dammam,26.4325765,50.0461296,مجلس و دلة,26.431419,50.039743,Coffee Shop,7.8,0.9861417518565704,Coffee Shop
6829,Ad Dabab Dist.,Dammam,26.4325765,50.0461296,Dip N Dip,26.423853,50.030312,Coffee Shop,8.5,0.9914965457953993,Coffee Shop
6830,Ad Dabab Dist.,Dammam,26.4325765,50.0461296,One O One Cafe (101 Cafè),26.421524,50.026367,Coffee Shop,8.8,0.9977731514567733,Coffee Shop
6831,Ad Dabab Dist.,Dammam,26.4325765,50.0461296,Tim Hortons,26.436701,50.033922,Coffee Shop,8.0,0.9998037384117038,Coffee Shop
6832,Ad Dabab Dist.,Dammam,26.4325765,50.0461296,Best Cafe,26.42899,50.068337,Coffee Shop,8.6,0.9896529223503092,Coffee Shop
6833,Ad Dabab Dist.,Dammam,26.4325765,50.0461296,Tim Hortons,26.430882,50.068133,Coffee Shop,8.4,0.991279039658619,Coffee Shop
6834,Ad Dabab Dist.,Dammam,26.4325765,50.0461296,Tim Hortons,26.427405,50.038187,Coffee Shop,7.7,0.9279226092450464,Coffee Shop
6835,Ad Dabab Dist.,Dammam,26.4325765,50.0461296,ستاربكس,26.428619,50.039654,Coffee Shop,7.5,0.6220571937565381,Coffee Shop
6836,Ad Dabab Dist.,Dammam,26.4325765,50.0461296,بكلو,26.408554,50.059054,Café,8.6,0.9811805404509628,Coffee Shop
6837,Ad Dabab Dist.,Dammam,26.4325765,50.0461296,C House Cafe,26.411431,50.047636,Coffee Shop,8.0,0.9638939812944722,Coffee Shop
6838,Ad Dabab Dist.,Dammam,26.4325765,50.0461296,Dunkin Donuts (دانكن دونتس),26.429857,50.067426,Coffee Shop,7.9,0.9279536815503008,Coffee Shop
6839,Ad Dabab Dist.,Dammam,26.4325765,50.0461296,8Oz COFFEE,26.453242,50.062816,Coffee Shop,8.2,0.974655356347554,Coffee Shop
6840,Ad Dabab Dist.,Dammam,26.4325765,50.0461296,نويمي كافيه,26.421585,50.02564,Coffee Shop,7.8,0.9975660027550778,Coffee Shop
6841,Ad Dabab Dist.,Dammam,26.4325765,50.0461296,Verocci Cafe,26.454256,50.061719,Café,7.7,0.9654061668168494,Coffee Shop
6842,Ad Dabab Dist.,Dammam,26.4325765,50.0461296,Coffee Valley,26.409276,50.058686,Coffee Shop,7.7,0.9973381391832128,Coffee Shop
6843,Ad Dabab Dist.,Dammam,26.4325765,50.0461296,مقهى الأصايل,26.415575,50.065251,Café,7.5,0.964732933536339,Coffee Shop
6844,Ad Dabab Dist.,Dammam,26.4325765,50.0461296,ستاربكس,26.433101,50.044451,Coffee Shop,6.6,0.941843001998985,Coffee Shop
6845,Ad Dabab Dist.,Dammam,26.4325765,50.0461296,مجلس كرك وچباتي,26.443943,50.070307,Café,7.3,0.9481403225305284,Coffee Shop
6846,Ad Dabab Dist.,Dammam,26.4325765,50.0461296,Majlesi Karak & Chapati,26.443974,50.070418,Café,7.2,0.962889310091249,Coffee Shop
6847,Ad Dabab Dist.,Dammam,26.4325765,50.0461296,BABA KARAK (بابا كرك),26.415721,50.023935,Tea Room,6.5,0.977659012522139,Coffee Shop
6848,Ad Dabab Dist.,Dammam,26.4325765,50.0461296,ديوانية المساء,26.434011,50.046165,Café,,0.5392184279485028,Coffee Shop
6849,Ad Dabab Dist.,Dammam,26.4325765,50.0461296,أروما كافيه,26.445943,50.071318,Coffee Shop,6.5,0.921024557478586,Coffee Shop
6850,Ad Dabab Dist.,Dammam,26.4325765,50.0461296,Damamm,26.4297,50.043278,Café,,0.9180623310443402,Coffee Shop
6851,Ad Dabab Dist.,Dammam,26.4325765,50.0461296,Majlis & Dalla (مجلس و دلة),26.431603,50.039694,Café,,0.9032304840029416,Coffee Shop
6852,Ad Dabab Dist.,Dammam,26.4325765,50.0461296,أرت سويت,26.42691,50.04423,Coffee Shop,,0.99561880495914,Coffee Shop
6853,Ad Dabab Dist.,Dammam,26.4325765,50.0461296,قهوة وترويقة,26.427161,50.04235,Café,,0.950988617178842,Coffee Shop
6854,Ad Dabab Dist.,Dammam,26.4325765,50.0461296,محمصة و قهوة قلم المختصة,26.439188,50.041122,Coffee Shop,,0.6484997255279703,Coffee Shop
6855,Ad Dabab Dist.,Dammam,26.4325765,50.0461296,مقهى دار المزاج,26.434344,50.05502,Café,,0.9427958860267844,Coffee Shop
6856,Ad Dabab Dist.,Dammam,26.4325765,50.0461296,مقهى ديوانية المجلس,26.43705,50.054068,Coffee Shop,5.5,0.8962910024961419,Coffee Shop
6857,Ad Dabab Dist.,Dammam,26.4325765,50.0461296,Faisaliah,26.424469,50.042292,Tea Room,,0.9496525080529058,Coffee Shop
6858,Ad Dabab Dist.,Dammam,26.4325765,50.0461296,وادي القهوة,26.426907,50.036257,Café,,0.9725838693305988,Coffee Shop
6859,Ad Dabab Dist.,Dammam,26.4325765,50.0461296,5 O’clock Cafe,26.426307,50.036594,Café,,0.8939087924266435,Coffee Shop
6860,Ad Dabab Dist.,Dammam,26.4325765,50.0461296,La Maison Du Cafe,26.436486,50.058066,Café,,0.8890511553718837,Coffee Shop
6861,Ad Dabab Dist.,Dammam,26.4325765,50.0461296,Zawia,26.432137,50.032256,Coffee Shop,,0.5461393765208078,Coffee Shop
6862,Ad Dabab Dist.,Dammam,26.4325765,50.0461296,وادي القهوة,26.426443,50.059359,Coffee Shop,,0.9731120985199224,Coffee Shop
6863,Ad Dabab Dist.,Dammam,26.4325765,50.0461296,شاهي ابو نوره,26.428152,50.061098,Tea Room,,0.8971195973029239,Coffee Shop
6864,Ad Dabab Dist.,Dammam,26.4325765,50.0461296,Fluffy Clouds (فلفِي),26.423653,50.027433,Café,,0.9933919564159132,Coffee Shop
6865,Ad Dabab Dist.,Dammam,26.4325765,50.0461296,بارنز كافيه,26.42276,50.027962,Coffee Shop,,0.7322603030585506,Coffee Shop
6866,Ad Dabab Dist.,Dammam,26.4325765,50.0461296,Barn’s,26.422582,50.027884,Coffee Shop,,0.980569451780961,Coffee Shop
6867,Ad Dabab Dist.,Dammam,26.4325765,50.0461296,بارنز,26.422463,50.027913,Coffee Shop,,0.976136469564677,Coffee Shop
6868,Ad Dabab Dist.,Dammam,26.4325765,50.0461296,Bati Cafe,26.422834,50.027505,Café,,0.9393054304032148,Coffee Shop
6869,Ad Dabab Dist.,Dammam,26.4325765,50.0461296,تيم هورتنز,26.414039,50.05423,Coffee Shop,,0.9369750075091404,Coffee Shop
6870,Ad Dabab Dist.,Dammam,26.4325765,50.0461296,قهوه الدوانيه,26.418006,50.029727,Café,,0.9129146858072068,Coffee Shop
6871,Ad Dabab Dist.,Dammam,26.4325765,50.0461296,Kiwan (كيوان),26.425922,50.0237,Café,,0.7922801654532016,Coffee Shop
6872,Ad Dabab Dist.,Dammam,26.4325765,50.0461296,Noimi91 Coffee,26.421905,50.025553,Café,,0.0380327575147612,Coffee Shop
6873,Ad Dabab Dist.,Dammam,26.4325765,50.0461296,Valley of Beauty,26.410753,50.046868,Hair Salon,,0.8060570280375767,Coffee Shop
6874,Al Anud Dist.,Dammam,26.4478875,50.0705546,Eleven Three Specilty Coffee,26.453003,50.080758,Coffee Shop,9.2,0.9832727423380874,Coffee Shop
6875,Al Anud Dist.,Dammam,26.4478875,50.0705546,Émilien Cafe,26.456673,50.062232,Café,8.9,0.976043252648914,Coffee Shop
6876,Al Anud Dist.,Dammam,26.4478875,50.0705546,Starbucks (ستاربكس),26.462292,50.068479,Coffee Shop,8.9,0.9970067012604998,Coffee Shop
6877,Al Anud Dist.,Dammam,26.4478875,50.0705546,UMQ Coffee (قهوة عُمق),26.45869,50.08524,Coffee Shop,9.5,0.999906783084237,Coffee Shop
6878,Al Anud Dist.,Dammam,26.4478875,50.0705546,Starbucks (ستاربكس),26.461041,50.062709,Coffee Shop,8.9,0.9770893535924764,Coffee Shop
6879,Al Anud Dist.,Dammam,26.4478875,50.0705546,8Oz COFFEE,26.453242,50.062816,Coffee Shop,8.2,0.974655356347554,Coffee Shop
6880,Al Anud Dist.,Dammam,26.4478875,50.0705546,AQEEQ (عقيق),26.456635,50.081092,Tea Room,8.4,0.9854788760111446,Coffee Shop
6881,Al Anud Dist.,Dammam,26.4478875,50.0705546,Kav Specialized Coffee,26.46298,50.063263,Coffee Shop,8.5,0.9751732281017929,Coffee Shop
6882,Al Anud Dist.,Dammam,26.4478875,50.0705546,بن عفيف للقهوة والمكسرات,26.430661,50.078078,Coffee Shop,8.7,0.9834281038643592,Coffee Shop
6883,Al Anud Dist.,Dammam,26.4478875,50.0705546,PappaRoti Cafe (باباروتي كافيه),26.462396,50.06472,Café,8.3,0.964691503796,Coffee Shop
6884,Al Anud Dist.,Dammam,26.4478875,50.0705546,Best Cafe,26.42899,50.068337,Coffee Shop,8.6,0.9896529223503092,Coffee Shop
6885,Al Anud Dist.,Dammam,26.4478875,50.0705546,CORE COFFEE & ROASTERY (Core Coffee & Roastery),26.458855,50.093134,Coffee Shop,9.0,0.9788397601218034,Coffee Shop
6886,Al Anud Dist.,Dammam,26.4478875,50.0705546,Tim Hortons,26.430882,50.068133,Coffee Shop,8.4,0.991279039658619,Coffee Shop
6887,Al Anud Dist.,Dammam,26.4478875,50.0705546,TREEPICA Café,26.458456,50.080743,Coffee Shop,8.1,0.9546447917637676,Coffee Shop
6888,Al Anud Dist.,Dammam,26.4478875,50.0705546,ACE (ايس),26.467515,50.059517,Coffee Shop,8.7,0.9618949963231106,Coffee Shop
6889,Al Anud Dist.,Dammam,26.4478875,50.0705546,Tim Hortons (تيم هورتنز),26.468223,50.060633,Coffee Shop,8.7,0.922132803032657,Coffee Shop
6890,Al Anud Dist.,Dammam,26.4478875,50.0705546,dr.CAFE COFFEE | V12 Station | د.كيف كافيه (dr.CAFE COFFEE | د. كيف),26.45616,50.09686,Coffee Shop,9.0,0.9887621829330184,Coffee Shop
6891,Al Anud Dist.,Dammam,26.4478875,50.0705546,Verocci Cafe,26.454256,50.061719,Café,7.7,0.9654061668168494,Coffee Shop
6892,Al Anud Dist.,Dammam,26.4478875,50.0705546,Caribou Coffee (كاريبو كوفي),26.458773,50.093211,Coffee Shop,8.5,0.9385286227718568,Coffee Shop
6893,Al Anud Dist.,Dammam,26.4478875,50.0705546,Morth Coffee (مورث),26.459396,50.088284,Coffee Shop,8.0,0.96330360749464,Coffee Shop
6894,Al Anud Dist.,Dammam,26.4478875,50.0705546,مجلس كرك وچباتي,26.443943,50.070307,Café,7.3,0.9481403225305284,Coffee Shop
6895,Al Anud Dist.,Dammam,26.4478875,50.0705546,Dunkin Donuts (دانكن دونتس),26.429857,50.067426,Coffee Shop,7.9,0.9279536815503008,Coffee Shop
6896,Al Anud Dist.,Dammam,26.4478875,50.0705546,Cafficha (كافيشا),26.461947,50.092263,Coffee Shop,8.1,0.9906161638131932,Coffee Shop
6897,Al Anud Dist.,Dammam,26.4478875,50.0705546,كوخ الكرك,26.46131,50.092482,Café,8.1,0.9412319133289831,Coffee Shop
6898,Al Anud Dist.,Dammam,26.4478875,50.0705546,Majlesi Karak & Chapati,26.443974,50.070418,Café,7.2,0.962889310091249,Coffee Shop
6899,Al Anud Dist.,Dammam,26.4478875,50.0705546,المذاق المغربي,26.459282,50.095385,Coffee Shop,8.2,0.9877885840350497,Coffee Shop
6900,Al Anud Dist.,Dammam,26.4478875,50.0705546,3.C Café,26.458341,50.092317,Café,8.0,0.9940134025209996,Coffee Shop
6901,Al Anud Dist.,Dammam,26.4478875,50.0705546,Starbucks (ستاربكس),26.431259,50.08409,Coffee Shop,7.9,0.9854270888357208,Coffee Shop
6902,Al Anud Dist.,Dammam,26.4478875,50.0705546,ستاربكس,26.438295,50.08364,Coffee Shop,7.6,0.97508001118603,Coffee Shop
6903,Al Anud Dist.,Dammam,26.4478875,50.0705546,مقهى فرجان الأول,26.462273,50.064516,Coffee Shop,7.5,0.92430786440046,Coffee Shop
6904,Al Anud Dist.,Dammam,26.4478875,50.0705546,Mado,26.462122,50.06728,Coffee Shop,7.4,0.7171902350102021,Coffee Shop
6905,Al Anud Dist.,Dammam,26.4478875,50.0705546,ستاربكس,26.464957,50.091795,Coffee Shop,7.8,0.9753700193684036,Coffee Shop
6906,Al Anud Dist.,Dammam,26.4478875,50.0705546,Keen Cafe,26.461207,50.077944,Coffee Shop,7.4,0.9811080384053692,Coffee Shop
6907,Al Anud Dist.,Dammam,26.4478875,50.0705546,Café Liwan (قهوة الليوان),26.462581,50.064908,Café,7.3,0.9598338667412402,Coffee Shop
6908,Al Anud Dist.,Dammam,26.4478875,50.0705546,أروما كافيه,26.445943,50.071318,Coffee Shop,6.5,0.921024557478586,Coffee Shop
6909,Al Anud Dist.,Dammam,26.4478875,50.0705546,18/11 (١٨/١١),26.467816,50.059567,Coffee Shop,7.1,0.4548467617479207,Coffee Shop
6910,Al Anud Dist.,Dammam,26.4478875,50.0705546,Derby Coffee (دربي كافية),26.464688,50.084722,Coffee Shop,6.4,0.6109643807807434,Coffee Shop
6911,Al Anud Dist.,Dammam,26.4478875,50.0705546,Daily Coffee,26.443111,50.068751,Coffee Shop,,0.9009829205895452,Coffee Shop
6912,Al Anud Dist.,Dammam,26.4478875,50.0705546,Rawaq Hajer (رواق هجر),26.45821,50.080808,Café,6.0,0.8785901459362604,Coffee Shop
6913,Al Anud Dist.,Dammam,26.4478875,50.0705546,مقهى وتين,26.442311,50.068725,Coffee Shop,,0.941335487679831,Coffee Shop
6914,Al Anud Dist.,Dammam,26.4478875,50.0705546,مقهى فرجان الاول,26.457264,50.071643,Coffee Shop,,0.9524283006556256,Coffee Shop
6915,Al Anud Dist.,Dammam,26.4478875,50.0705546,مركز أوراق الشاي الأخضر,26.455441,50.061821,Tea Room,,0.6687692259888761,Coffee Shop
6916,Al Anud Dist.,Dammam,26.4478875,50.0705546,Dunkin (ADNOC),26.44999,50.08405,Donut Shop,,0.9939409004754064,Coffee Shop
6917,Al Anud Dist.,Dammam,26.4478875,50.0705546,المذاق المغربي,26.44928,50.088435,Coffee Shop,,0.8750479031372671,Coffee Shop
6918,Al Anud Dist.,Dammam,26.4478875,50.0705546,Pianolla Cafe,26.449388,50.088466,Coffee Shop,,0.7420170069084092,Coffee Shop
6919,Al Anud Dist.,Dammam,26.4478875,50.0705546,شاي عزوز,26.462051,50.061742,Café,,0.9791919129146858,Coffee Shop
6920,Al Anud Dist.,Dammam,26.4478875,50.0705546,زيرو زون كافيه,26.463256,50.062361,Café,,0.7316077846482097,Coffee Shop
6921,Al Anud Dist.,Dammam,26.4478875,50.0705546,Coffee Valley (وادي القهوه),26.462855,50.061874,Café,,0.8904286942381588,Coffee Shop
6922,Al Anud Dist.,Dammam,26.4478875,50.0705546,Baba Karak (بابا كرك),26.433185,50.080016,Tea Room,,0.944235569503568,Coffee Shop
6923,Al Anud Dist.,Dammam,26.4478875,50.0705546,كوفي شوب الجوكر,26.463795,50.063225,Coffee Shop,,0.8934634227179982,Coffee Shop
6924,Ash Shati Al Gharbi Dist.,Dammam,26.4749444,50.1169935,Night Cafe,26.468101,50.121206,Café,8.7,0.9341992149064204,Coffee Shop
6925,Ash Shati Al Gharbi Dist.,Dammam,26.4749444,50.1169935,Drinks Aroma (نكهة المشروب),26.467662,50.123004,Coffee Shop,8.6,0.9604553128463268,Coffee Shop
6926,Ash Shati Al Gharbi Dist.,Dammam,26.4749444,50.1169935,Cereza Cafe & Roastery (مقهى ومحمصة سيريزا),26.464125,50.122635,Café,9.0,0.9341267128608272,Coffee Shop
6927,Ash Shati Al Gharbi Dist.,Dammam,26.4749444,50.1169935,Coffee Address (عنوان القهوة),26.463766,50.121752,Coffee Shop,8.9,0.9958259536608356,Coffee Shop
6928,Ash Shati Al Gharbi Dist.,Dammam,26.4749444,50.1169935,W Cafe,26.481548,50.126741,Coffee Shop,8.7,0.9456856104154368,Coffee Shop
6929,Ash Shati Al Gharbi Dist.,Dammam,26.4749444,50.1169935,Starbucks (ستاربكس),26.479495,50.13308,Coffee Shop,9.4,0.9983013806460967,Coffee Shop
6930,Ash Shati Al Gharbi Dist.,Dammam,26.4749444,50.1169935,Crafter (كرافتر),26.468162,50.123622,Coffee Shop,8.4,0.9868978446177588,Coffee Shop
6931,Ash Shati Al Gharbi Dist.,Dammam,26.4749444,50.1169935,Tim Hortons (تيم هورتنز),26.459142,50.121581,Coffee Shop,8.8,0.991134035567432,Coffee Shop
6932,Ash Shati Al Gharbi Dist.,Dammam,26.4749444,50.1169935,قهوة أبو حيان,26.463514,50.132736,Coffee Shop,9.1,0.9935473179421848,Coffee Shop
6933,Ash Shati Al Gharbi Dist.,Dammam,26.4749444,50.1169935,Starbucks (ستاربكس),26.45491,50.11388,Coffee Shop,9.2,0.99885032470559,Coffee Shop
6934,Ash Shati Al Gharbi Dist.,Dammam,26.4749444,50.1169935,Marsa Café,26.460289,50.112737,Café,8.5,0.9743032035546716,Coffee Shop
6935,Ash Shati Al Gharbi Dist.,Dammam,26.4749444,50.1169935,1/2 M (هاف مليون),26.490092,50.133491,Coffee Shop,9.2,0.9998549959088132,Coffee Shop
6936,Ash Shati Al Gharbi Dist.,Dammam,26.4749444,50.1169935,Butlers Chocolate Cafe,26.461372,50.121171,Café,8.3,0.9433966172617012,Coffee Shop
6937,Ash Shati Al Gharbi Dist.,Dammam,26.4749444,50.1169935,Estikanah Zaman (استكانة زمان),26.493727,50.124478,Café,8.8,0.998104340060866,Coffee Shop
6938,Ash Shati Al Gharbi Dist.,Dammam,26.4749444,50.1169935,Al Fishawi Cafe (مقهى الفيشاوي),26.476194,50.11821,Café,7.5,0.9877367968596256,Coffee Shop
6939,Ash Shati Al Gharbi Dist.,Dammam,26.4749444,50.1169935,Dose (دوز),26.457896,50.120312,Coffee Shop,8.4,0.9737542594951786,Coffee Shop
6940,Ash Shati Al Gharbi Dist.,Dammam,26.4749444,50.1169935,Habits (هابيتس),26.452591,50.124033,Coffee Shop,9.0,0.9546344343286828,Coffee Shop
6941,Ash Shati Al Gharbi Dist.,Dammam,26.4749444,50.1169935,Troy (تروي),26.452454,50.124545,Café,9.0,0.9916208350164164,Coffee Shop
6942,Ash Shati Al Gharbi Dist.,Dammam,26.4749444,50.1169935,Ratio Speciality Coffee (ريشيو للقهوة المختصة),26.452074,50.130308,Coffee Shop,9.2,0.9975142155796538,Coffee Shop
6943,Ash Shati Al Gharbi Dist.,Dammam,26.4749444,50.1169935,017 Cafe,26.451996,50.130228,Coffee Shop,9.1,0.9976695771059256,Coffee Shop
6944,Ash Shati Al Gharbi Dist.,Dammam,26.4749444,50.1169935,7 Grams | ٧ جرام (٧ جرام للقهوة المختصة),26.451182,50.131134,Coffee Shop,9.2,0.9967063356430412,Coffee Shop
6945,Ash Shati Al Gharbi Dist.,Dammam,26.4749444,50.1169935,Road Cafe (قهوة الطريق),26.463913,50.113734,General Contractor,7.9,0.8866896601725549,Coffee Shop
6946,Ash Shati Al Gharbi Dist.,Dammam,26.4749444,50.1169935,dr.CAFE COFFEE | V12 Station | د.كيف كافيه (dr.CAFE COFFEE | د. كيف),26.45616,50.09686,Coffee Shop,9.0,0.9887621829330184,Coffee Shop
6947,Ash Shati Al Gharbi Dist.,Dammam,26.4749444,50.1169935,Pianolla Cafe,26.463552,50.11385,General Contractor,8.1,0.9560741178054668,Coffee Shop
6948,Ash Shati Al Gharbi Dist.,Dammam,26.4749444,50.1169935,CORE COFFEE & ROASTERY (Core Coffee & Roastery),26.458855,50.093134,Coffee Shop,9.0,0.9788397601218034,Coffee Shop
6949,Ash Shati Al Gharbi Dist.,Dammam,26.4749444,50.1169935,Location Coffee (لوكيشن كافيه),26.456777,50.101138,Coffee Shop,8.6,0.947518876425442,Coffee Shop
6950,Ash Shati Al Gharbi Dist.,Dammam,26.4749444,50.1169935,Park Coffee,26.451734,50.127202,Coffee Shop,8.4,0.972811732902464,Coffee Shop
6951,Ash Shati Al Gharbi Dist.,Dammam,26.4749444,50.1169935,Caribou Coffee (كاريبو كوفي),26.458773,50.093211,Coffee Shop,8.5,0.9385286227718568,Coffee Shop
6952,Ash Shati Al Gharbi Dist.,Dammam,26.4749444,50.1169935,24 Cafe,26.451228,50.130944,Coffee Shop,8.3,0.9795854954479072,Coffee Shop
6953,Ash Shati Al Gharbi Dist.,Dammam,26.4749444,50.1169935,المذاق المغربي,26.459282,50.095385,Coffee Shop,8.2,0.9877885840350497,Coffee Shop
6954,Ash Shati Al Gharbi Dist.,Dammam,26.4749444,50.1169935,Scarface,26.454049,50.120242,Coffee Shop,7.9,0.9734228215724658,Coffee Shop
6955,Ash Shati Al Gharbi Dist.,Dammam,26.4749444,50.1169935,Cafficha (كافيشا),26.461947,50.092263,Coffee Shop,8.1,0.9906161638131932,Coffee Shop
6956,Ash Shati Al Gharbi Dist.,Dammam,26.4749444,50.1169935,كاريبو,26.454459,50.105536,"Cafe, Coffee, and Tea House",8.0,0.9481817522708677,Coffee Shop
6957,Ash Shati Al Gharbi Dist.,Dammam,26.4749444,50.1169935,كوخ الكرك,26.46131,50.092482,Café,8.1,0.9412319133289831,Coffee Shop
6958,Ash Shati Al Gharbi Dist.,Dammam,26.4749444,50.1169935,View Cafe,26.451949,50.126317,Café,8.0,0.9710509689380522,Coffee Shop
6959,Ash Shati Al Gharbi Dist.,Dammam,26.4749444,50.1169935,Tim Hortons,26.456027,50.105241,Coffee Shop,7.8,0.9518793565961324,Coffee Shop
6960,Ash Shati Al Gharbi Dist.,Dammam,26.4749444,50.1169935,Icons Coffee Couture,26.451596,50.127771,Coffee Shop,8.0,0.9775761530414608,Coffee Shop
6961,Ash Shati Al Gharbi Dist.,Dammam,26.4749444,50.1169935,ستاربكس,26.457594,50.132462,Coffee Shop,7.7,0.9260789857999564,Coffee Shop
6962,Ash Shati Al Gharbi Dist.,Dammam,26.4749444,50.1169935,ستاربكس,26.464957,50.091795,Coffee Shop,7.8,0.9753700193684036,Coffee Shop
6963,Ash Shati Al Gharbi Dist.,Dammam,26.4749444,50.1169935,Kefaf (كفاف),26.495487,50.132631,Coffee Shop,7.8,0.9594817139483578,Coffee Shop
6964,Ash Shati Al Gharbi Dist.,Dammam,26.4749444,50.1169935,Spar Cafe,26.460941,50.121048,Café,6.5,0.9186319899740027,Coffee Shop
6965,Ash Shati Al Gharbi Dist.,Dammam,26.4749444,50.1169935,زين,26.456455,50.129331,Coffee Shop,6.3,0.9752043004070472,Coffee Shop
6966,Ash Shati Al Gharbi Dist.,Dammam,26.4749444,50.1169935,Jolie Dame,26.461603,50.12259,Health and Beauty Service,6.0,0.9510611192244351,Coffee Shop
6967,Ash Shati Al Gharbi Dist.,Dammam,26.4749444,50.1169935,Perfect Coffee,26.47489,50.125242,Café,,0.4629048462438762,Coffee Shop
6968,Ash Shati Al Gharbi Dist.,Dammam,26.4749444,50.1169935,حلويات سعد الدين,26.471884,50.12435,Coffee Shop,,0.9410454794974572,Coffee Shop
6969,Ash Shati Al Gharbi Dist.,Dammam,26.4749444,50.1169935,القهوه المثاليه,26.474997,50.125272,Coffee Shop,,0.952086505297828,Coffee Shop
6970,Ash Shati Al Gharbi Dist.,Dammam,26.4749444,50.1169935,La Mode Coffe,26.467689,50.113884,Café,,0.1224455975722172,Coffee Shop
6971,Ash Shati Al Gharbi Dist.,Dammam,26.4749444,50.1169935,La’Abeille Caffee,26.467998,50.121348,Coffee Shop,,0.9585806170959824,Coffee Shop
6972,Ash Shati Al Gharbi Dist.,Dammam,26.4749444,50.1169935,Tea&more,26.478964,50.124848,Tea Room,,0.9579488135558112,Coffee Shop
6973,Ash Shati Al Gharbi Dist.,Dammam,26.4749444,50.1169935,Pronto,26.478703,50.124947,Café,,0.9924494298231986,Coffee Shop
6974,Al Manar Dist.,Dammam,26.3706334,50.0367607,قهوة الطريق,26.369966,50.027503,General Contractor,8.3,0.9998862181585488,Coffee Shop
6975,Al Manar Dist.,Dammam,26.3706334,50.0367607,Sekkat Alkaif (سِكة الكَّيف),26.370125,50.053228,Coffee Roaster,9.0,0.9969341992149064,Coffee Shop
6976,Al Manar Dist.,Dammam,26.3706334,50.0367607,Thermocup (ثيرموكب),26.370711,50.054375,Coffee Shop,8.9,0.9718795637448342,Coffee Shop
6977,Al Manar Dist.,Dammam,26.3706334,50.0367607,حار و بارد,26.360558,50.043741,Tea Room,8.4,0.9970999181762628,Coffee Shop
6978,Al Manar Dist.,Dammam,26.3706334,50.0367607,Piccolo (پكلو),26.390649,50.036907,Coffee Shop,9.4,0.9984463847372836,Coffee Shop
6979,Al Manar Dist.,Dammam,26.3706334,50.0367607,ADAM (ادم),26.370354,50.05709,Coffee Shop,9.0,0.983200240292494,Coffee Shop
6980,Al Manar Dist.,Dammam,26.3706334,50.0367607,رانش برجر,26.371054,50.047477,Social Club,8.1,0.9790779811287532,Coffee Shop
6981,Al Manar Dist.,Dammam,26.3706334,50.0367607,Zelebrity Cafe,26.378192,50.058436,Coffee Shop,9.3,0.9972863520077888,Coffee Shop
6982,Al Manar Dist.,Dammam,26.3706334,50.0367607,Dazzling Cafe (دازلنق كافيه),26.391126,50.038872,Café,9.2,0.995846668531005,Coffee Shop
6983,Al Manar Dist.,Dammam,26.3706334,50.0367607,Moroccan Taste (المذاق المغربي),26.360928,50.044353,Coffee Shop,8.2,0.997835296067282,Coffee Shop
6984,Al Manar Dist.,Dammam,26.3706334,50.0367607,شاي بخار,26.369921,50.05298,Tea Room,8.4,0.984764212990295,Coffee Shop
6985,Al Manar Dist.,Dammam,26.3706334,50.0367607,The Coffee Lab (مختبر القهوة),26.384123,50.054619,Coffee Shop,8.9,0.9980320873338926,Coffee Shop
6986,Al Manar Dist.,Dammam,26.3706334,50.0367607,3 Gram (٣ جرام),26.350862,50.040623,Coffee Shop,8.8,0.9942101937876104,Coffee Shop
6987,Al Manar Dist.,Dammam,26.3706334,50.0367607,Starbucks (ستاربكس),26.391992,50.037006,Coffee Shop,8.9,0.9992853369791505,Coffee Shop
6988,Al Manar Dist.,Dammam,26.3706334,50.0367607,بيت الكرك,26.392409,50.031289,Café,9.0,0.9999454885474416,Coffee Shop
6989,Al Manar Dist.,Dammam,26.3706334,50.0367607,Tim Hortons (تيم هورتنز),26.390998,50.039098,Coffee Shop,8.7,0.9971206330464324,Coffee Shop
6990,Al Manar Dist.,Dammam,26.3706334,50.0367607,Boho Specialty Coffee (مقهى بوهو للقهوة المختصة),26.390437,50.038466,Coffee Shop,8.7,0.9954841583030378,Coffee Shop
6991,Al Manar Dist.,Dammam,26.3706334,50.0367607,Starbucks (ستاربكس),26.391323,50.047295,Coffee Shop,9.0,0.9954945157381226,Coffee Shop
6992,Al Manar Dist.,Dammam,26.3706334,50.0367607,UMQ COFFEE (قهوة عُمق),26.347979,50.049508,Coffee Shop,9.5,0.9998860682140674,Coffee Shop
6993,Al Manar Dist.,Dammam,26.3706334,50.0367607,Road Café (قهوة الطريق),26.365835,50.026655,General Contractor,7.9,0.993401213070686,Coffee Shop
6994,Al Manar Dist.,Dammam,26.3706334,50.0367607,Starbucks (ستاربكس),26.356493,50.015745,Coffee Shop,9.0,0.9998637468174614,Coffee Shop
6995,Al Manar Dist.,Dammam,26.3706334,50.0367607,ستاربكس,26.377213,50.041764,Coffee Shop,7.8,0.9764782649224746,Coffee Shop
6996,Al Manar Dist.,Dammam,26.3706334,50.0367607,Arabia Cafe (ارابيا كافيه),26.396395,50.042434,Coffee Shop,9.3,0.982744513148764,Coffee Shop
6997,Al Manar Dist.,Dammam,26.3706334,50.0367607,Chemistry Coffee (كيمستري كوفي),26.345615,50.046554,Coffee Shop,9.1,0.9986224611337248,Coffee Shop
6998,Al Manar Dist.,Dammam,26.3706334,50.0367607,Road Café (قهوة الطريق),26.3781,50.059052,General Contractor,8.5,0.98592424571979,Coffee Shop
6999,Al Manar Dist.,Dammam,26.3706334,50.0367607,ستاربكس,26.345684,50.046775,Coffee Shop,8.9,0.987902515820982,Coffee Shop
7000,Al Manar Dist.,Dammam,26.3706334,50.0367607,Kafeena (كافينا),26.378439,50.04884,Coffee Shop,8.0,0.9919108431987904,Coffee Shop
7001,Al Manar Dist.,Dammam,26.3706334,50.0367607,شاي ابو شنب,26.381342,50.057009,Tea Room,8.4,0.9774104340801044,Coffee Shop
7002,Al Manar Dist.,Dammam,26.3706334,50.0367607,قهوة الطريق,26.376112,50.046317,Café,7.7,0.9913308268340428,Coffee Shop
7003,Al Manar Dist.,Dammam,26.3706334,50.0367607,Patchi Café,26.391421,50.038953,Café,8.2,0.9804140902546892,Coffee Shop
7004,Al Manar Dist.,Dammam,26.3706334,50.0367607,Dunkin’ Donuts Drive-Through,26.350529,50.018764,Coffee Shop,8.5,0.9999057119833198,Coffee Shop
7005,Al Manar Dist.,Dammam,26.3706334,50.0367607,ستاربكس,26.38441,50.031037,Coffee Shop,7.9,0.9875162411426842,Coffee Shop
7006,Al Manar Dist.,Dammam,26.3706334,50.0367607,Tutti Cafe (أنواع القهوة),26.390575,50.039118,Café,8.2,0.9940548322613388,Coffee Shop
7007,Al Manar Dist.,Dammam,26.3706334,50.0367607,Crépe & Dip,26.390482,50.03855,Café,8.1,0.989570062869631,Coffee Shop
7008,Al Manar Dist.,Dammam,26.3706334,50.0367607,كرك و چباتي Kark wa Shapaty,26.372248,50.063735,Coffee Shop,8.4,0.9878300137753888,Coffee Shop
7009,Al Manar Dist.,Dammam,26.3706334,50.0367607,Art Café,26.391894,50.036045,Coffee Shop,8.1,0.9953184393416814,Coffee Shop
7010,Al Manar Dist.,Dammam,26.3706334,50.0367607,L’ETO (لِتو),26.390649,50.036907,Café,8.1,0.9983635252566054,Coffee Shop
7011,Al Manar Dist.,Dammam,26.3706334,50.0367607,Molten Chocolate Cafe,26.392602,50.03645,Café,8.2,0.97577395933671,Coffee Shop
7012,Al Manar Dist.,Dammam,26.3706334,50.0367607,وادي القهوة,26.396111,50.03789,Coffee Shop,8.3,0.9924183575179444,Coffee Shop
7013,Al Manar Dist.,Dammam,26.3706334,50.0367607,barn’s (بارنز),26.382694,50.055268,Coffee Shop,7.9,0.9943448404437124,Coffee Shop
7014,Al Manar Dist.,Dammam,26.3706334,50.0367607,Dozeto coffee (جرعة القهوة),26.386485,50.060802,Coffee Shop,8.2,0.9826616536680856,Coffee Shop
7015,Al Manar Dist.,Dammam,26.3706334,50.0367607,Kyan (كيان),26.392297,50.031051,Coffee Shop,7.9,0.9995924619975394,Coffee Shop
7016,Al Manar Dist.,Dammam,26.3706334,50.0367607,ديوانية وقت القهوة,26.374046,50.043193,Café,7.2,0.979647640058416,Coffee Shop
7017,Al Manar Dist.,Dammam,26.3706334,50.0367607,مقهى ديوانية كيف النشاما,26.356911,50.060981,Coffee Shop,7.9,0.9737024723197548,Coffee Shop
7018,Al Manar Dist.,Dammam,26.3706334,50.0367607,مقهى بوهيثم,26.364224,50.028799,Café,7.3,0.996840422557918,Coffee Shop
7019,Al Manar Dist.,Dammam,26.3706334,50.0367607,Starbucks (ستاربكس),26.396443,50.043428,Coffee Shop,7.9,0.9991921200633876,Coffee Shop
7020,Al Manar Dist.,Dammam,26.3706334,50.0367607,Sever,26.369747,50.057648,Coffee Shop,7.6,0.8763115102176097,Coffee Shop
7021,Al Manar Dist.,Dammam,26.3706334,50.0367607,blue star Cafe,26.392161,50.037537,Café,7.4,0.98891754445929,Coffee Shop
7022,Al Manar Dist.,Dammam,26.3706334,50.0367607,Mêler Bakery & Coffee,26.378166,50.058582,Coffee Shop,7.3,0.944794870998146,Coffee Shop
7023,Al Manar Dist.,Dammam,26.3706334,50.0367607,Bogotá Café,26.349178,50.01883,Coffee Shop,7.3,0.9893629141679354,Coffee Shop
7024,An Nur Dist.,Dammam,26.4336569,50.0336658,Tim Hortons,26.436701,50.033922,Coffee Shop,8.0,0.9998037384117038,Coffee Shop
7025,An Nur Dist.,Dammam,26.4336569,50.0336658,Ocaso Caffee,26.423561,50.030331,Coffee Shop,8.6,0.9853960165304664,Coffee Shop
7026,An Nur Dist.,Dammam,26.4336569,50.0336658,Le 42 Cafe,26.423576,50.030267,Coffee Shop,8.6,0.9627650208702316,Coffee Shop
7027,An Nur Dist.,Dammam,26.4336569,50.0336658,دوز,26.429543,50.040595,Coffee Shop,8.3,0.9970688458710084,Coffee Shop
7028,An Nur Dist.,Dammam,26.4336569,50.0336658,Dip N Dip,26.423853,50.030312,Coffee Shop,8.5,0.9914965457953993,Coffee Shop
7029,An Nur Dist.,Dammam,26.4336569,50.0336658,One O One Cafe (101 Cafè),26.421524,50.026367,Coffee Shop,8.8,0.9977731514567733,Coffee Shop
7030,An Nur Dist.,Dammam,26.4336569,50.0336658,مجلس و دلة,26.431419,50.039743,Coffee Shop,7.8,0.9861417518565704,Coffee Shop
7031,An Nur Dist.,Dammam,26.4336569,50.0336658,Tim Hortons,26.427405,50.038187,Coffee Shop,7.7,0.9279226092450464,Coffee Shop
7032,An Nur Dist.,Dammam,26.4336569,50.0336658,Tim Hortons (تيم هورتنز),26.414039,50.05423,Coffee Shop,9.0,0.99770064941118,Coffee Shop
7033,An Nur Dist.,Dammam,26.4336569,50.0336658,ستاربكس,26.428619,50.039654,Coffee Shop,7.5,0.6220571937565381,Coffee Shop
7034,An Nur Dist.,Dammam,26.4336569,50.0336658,نويمي كافيه,26.421585,50.02564,Coffee Shop,7.8,0.9975660027550778,Coffee Shop
7035,An Nur Dist.,Dammam,26.4336569,50.0336658,C House Cafe,26.411431,50.047636,Coffee Shop,8.0,0.9638939812944722,Coffee Shop
7036,An Nur Dist.,Dammam,26.4336569,50.0336658,Tim Hortons,26.414039,50.05423,Coffee Shop,7.9,0.1599912997545287,Coffee Shop
7037,An Nur Dist.,Dammam,26.4336569,50.0336658,ستاربكس,26.433101,50.044451,Coffee Shop,6.6,0.941843001998985,Coffee Shop
7038,An Nur Dist.,Dammam,26.4336569,50.0336658,Cafanna,26.438299,50.056284,Café,6.7,0.8708220696226786,Coffee Shop
7039,An Nur Dist.,Dammam,26.4336569,50.0336658,قهوة الديوانيه,26.436835,50.054243,Café,6.6,0.9022465276698878,Coffee Shop
7040,An Nur Dist.,Dammam,26.4336569,50.0336658,BABA KARAK (بابا كرك),26.415721,50.023935,Tea Room,6.5,0.977659012522139,Coffee Shop
7041,An Nur Dist.,Dammam,26.4336569,50.0336658,Zawia,26.432137,50.032256,Coffee Shop,,0.5461393765208078,Coffee Shop
7042,An Nur Dist.,Dammam,26.4336569,50.0336658,Majlis & Dalla (مجلس و دلة),26.431603,50.039694,Café,,0.9032304840029416,Coffee Shop
7043,An Nur Dist.,Dammam,26.4336569,50.0336658,Sweet Evolution,26.431205,50.041103,Coffee Shop,,0.4283006556256408,Coffee Shop
7044,An Nur Dist.,Dammam,26.4336569,50.0336658,وادي القهوة,26.426907,50.036257,Café,,0.9725838693305988,Coffee Shop
7045,An Nur Dist.,Dammam,26.4336569,50.0336658,Damnam,26.429645,50.040476,Café,,0.3341204983997762,Coffee Shop
7046,An Nur Dist.,Dammam,26.4336569,50.0336658,Wacafe,26.429634,50.0406,Coffee Shop,,0.8974717500958063,Coffee Shop
7047,An Nur Dist.,Dammam,26.4336569,50.0336658,5 O’clock Cafe,26.426307,50.036594,Café,,0.8939087924266435,Coffee Shop
7048,An Nur Dist.,Dammam,26.4336569,50.0336658,محمصة و قهوة قلم المختصة,26.439188,50.041122,Coffee Shop,,0.6484997255279703,Coffee Shop
7049,An Nur Dist.,Dammam,26.4336569,50.0336658,Damamm,26.4297,50.043278,Café,,0.9180623310443402,Coffee Shop
7050,An Nur Dist.,Dammam,26.4336569,50.0336658,قهوة وترويقة,26.427161,50.04235,Café,,0.950988617178842,Coffee Shop
7051,An Nur Dist.,Dammam,26.4336569,50.0336658,ديوانية المساء,26.434011,50.046165,Café,,0.5392184279485028,Coffee Shop
7052,An Nur Dist.,Dammam,26.4336569,50.0336658,Fluffy Clouds (فلفِي),26.423653,50.027433,Café,,0.9933919564159132,Coffee Shop
7053,An Nur Dist.,Dammam,26.4336569,50.0336658,أرت سويت,26.42691,50.04423,Coffee Shop,,0.99561880495914,Coffee Shop
7054,An Nur Dist.,Dammam,26.4336569,50.0336658,Kiwan (كيوان),26.425922,50.0237,Café,,0.7922801654532016,Coffee Shop
7055,An Nur Dist.,Dammam,26.4336569,50.0336658,Noimi Coffee,26.424784,50.024794,Coffee Shop,,0.9535246094904642,Coffee Shop
7056,An Nur Dist.,Dammam,26.4336569,50.0336658,Faisaliah,26.424469,50.042292,Tea Room,,0.9496525080529058,Coffee Shop
7057,An Nur Dist.,Dammam,26.4336569,50.0336658,بارنز كافيه,26.42276,50.027962,Coffee Shop,,0.7322603030585506,Coffee Shop
7058,An Nur Dist.,Dammam,26.4336569,50.0336658,Bati Cafe,26.422834,50.027505,Café,,0.9393054304032148,Coffee Shop
7059,An Nur Dist.,Dammam,26.4336569,50.0336658,Barn’s,26.422582,50.027884,Coffee Shop,,0.980569451780961,Coffee Shop
7060,An Nur Dist.,Dammam,26.4336569,50.0336658,بارنز,26.422463,50.027913,Coffee Shop,,0.976136469564677,Coffee Shop
7061,An Nur Dist.,Dammam,26.4336569,50.0336658,مقهى أبو هيثم,26.437816,50.013521,Café,5.8,0.9832888296439488,Coffee Shop
7062,An Nur Dist.,Dammam,26.4336569,50.0336658,البشيري,26.421223,50.030949,Coffee Shop,,0.7229282540471678,Coffee Shop
7063,An Nur Dist.,Dammam,26.4336569,50.0336658,لقيمات ذوق,26.421971,50.026664,Café,,0.263607080342624,Coffee Shop
7064,An Nur Dist.,Dammam,26.4336569,50.0336658,Noimi91 Coffee,26.421905,50.025553,Café,,0.0380327575147612,Coffee Shop
7065,An Nur Dist.,Dammam,26.4336569,50.0336658,Dewanyt Subaie,26.422407,50.042482,Pet Café,,0.0389646707889258,Coffee Shop
7066,An Nur Dist.,Dammam,26.4336569,50.0336658,قهوه الدوانيه,26.418006,50.029727,Café,,0.9129146858072068,Coffee Shop
7067,An Nur Dist.,Dammam,26.4336569,50.0336658,ستاربكس,26.423894,50.017174,Coffee Shop,,0.9921267597407728,Coffee Shop
7068,An Nur Dist.,Dammam,26.4336569,50.0336658,مقهى ديوانية المجلس,26.43705,50.054068,Coffee Shop,5.5,0.8962910024961419,Coffee Shop
7069,An Nur Dist.,Dammam,26.4336569,50.0336658,مقهى دار المزاج,26.434344,50.05502,Café,,0.9427958860267844,Coffee Shop
7070,An Nur Dist.,Dammam,26.4336569,50.0336658,Cup And Dessert,26.418901,50.018957,Café,,0.9996501800061306,Coffee Shop
7071,An Nur Dist.,Dammam,26.4336569,50.0336658,الديوانية المخملية,26.438959,50.054984,Coffee Shop,,0.5989393986473189,Coffee Shop
7072,An Nur Dist.,Dammam,26.4336569,50.0336658,بيت سعود بن نايف للقهوه العربيه,26.416855,50.020909,Café,,0.8203917181949062,Coffee Shop
7073,An Nur Dist.,Dammam,26.4336569,50.0336658,مقهى وديوانية الركن المديني,26.42157,50.01498,Café,,0.997549911253472,Coffee Shop
7074,As Salam Dist.,Dammam,26.4522824,50.1046608,Starbucks (ستاربكس),26.45491,50.11388,Coffee Shop,9.2,0.99885032470559,Coffee Shop
7075,As Salam Dist.,Dammam,26.4522824,50.1046608,Location Coffee (لوكيشن كافيه),26.456777,50.101138,Coffee Shop,8.6,0.947518876425442,Coffee Shop
7076,As Salam Dist.,Dammam,26.4522824,50.1046608,dr.CAFE COFFEE | V12 Station | د.كيف كافيه (dr.CAFE COFFEE | د. كيف),26.45616,50.09686,Coffee Shop,9.0,0.9887621829330184,Coffee Shop
7077,As Salam Dist.,Dammam,26.4522824,50.1046608,كاريبو,26.454459,50.105536,"Cafe, Coffee, and Tea House",8.0,0.9481817522708677,Coffee Shop
7078,As Salam Dist.,Dammam,26.4522824,50.1046608,CORE COFFEE & ROASTERY (Core Coffee & Roastery),26.458855,50.093134,Coffee Shop,9.0,0.9788397601218034,Coffee Shop
7079,As Salam Dist.,Dammam,26.4522824,50.1046608,Marsa Café,26.460289,50.112737,Café,8.5,0.9743032035546716,Coffee Shop
7080,As Salam Dist.,Dammam,26.4522824,50.1046608,Caribou Coffee (كاريبو كوفي),26.458773,50.093211,Coffee Shop,8.5,0.9385286227718568,Coffee Shop
7081,As Salam Dist.,Dammam,26.4522824,50.1046608,UMQ Coffee (قهوة عُمق),26.45869,50.08524,Coffee Shop,9.5,0.999906783084237,Coffee Shop
7082,As Salam Dist.,Dammam,26.4522824,50.1046608,Tim Hortons,26.456027,50.105241,Coffee Shop,7.8,0.9518793565961324,Coffee Shop
7083,As Salam Dist.,Dammam,26.4522824,50.1046608,Habits (هابيتس),26.452591,50.124033,Coffee Shop,9.0,0.9546344343286828,Coffee Shop
7084,As Salam Dist.,Dammam,26.4522824,50.1046608,Tim Hortons (تيم هورتنز),26.459142,50.121581,Coffee Shop,8.8,0.991134035567432,Coffee Shop
7085,As Salam Dist.,Dammam,26.4522824,50.1046608,Troy (تروي),26.452454,50.124545,Café,9.0,0.9916208350164164,Coffee Shop
7086,As Salam Dist.,Dammam,26.4522824,50.1046608,المذاق المغربي,26.459282,50.095385,Coffee Shop,8.2,0.9877885840350497,Coffee Shop
7087,As Salam Dist.,Dammam,26.4522824,50.1046608,Coffee Address (عنوان القهوة),26.463766,50.121752,Coffee Shop,8.9,0.9958259536608356,Coffee Shop
7088,As Salam Dist.,Dammam,26.4522824,50.1046608,Cereza Cafe & Roastery (مقهى ومحمصة سيريزا),26.464125,50.122635,Café,9.0,0.9341267128608272,Coffee Shop
7089,As Salam Dist.,Dammam,26.4522824,50.1046608,Eleven Three Specilty Coffee,26.453003,50.080758,Coffee Shop,9.2,0.9832727423380874,Coffee Shop
7090,As Salam Dist.,Dammam,26.4522824,50.1046608,Dose (دوز),26.457896,50.120312,Coffee Shop,8.4,0.9737542594951786,Coffee Shop
7091,As Salam Dist.,Dammam,26.4522824,50.1046608,Ratio Speciality Coffee (ريشيو للقهوة المختصة),26.452074,50.130308,Coffee Shop,9.2,0.9975142155796538,Coffee Shop
7092,As Salam Dist.,Dammam,26.4522824,50.1046608,017 Cafe,26.451996,50.130228,Coffee Shop,9.1,0.9976695771059256,Coffee Shop
7093,As Salam Dist.,Dammam,26.4522824,50.1046608,7 Grams | ٧ جرام (٧ جرام للقهوة المختصة),26.451182,50.131134,Coffee Shop,9.2,0.9967063356430412,Coffee Shop
7094,As Salam Dist.,Dammam,26.4522824,50.1046608,3.C Café,26.458341,50.092317,Café,8.0,0.9940134025209996,Coffee Shop
7095,As Salam Dist.,Dammam,26.4522824,50.1046608,كوخ الكرك,26.46131,50.092482,Café,8.1,0.9412319133289831,Coffee Shop
7096,As Salam Dist.,Dammam,26.4522824,50.1046608,Night Cafe,26.468101,50.121206,Café,8.7,0.9341992149064204,Coffee Shop
7097,As Salam Dist.,Dammam,26.4522824,50.1046608,Cafficha (كافيشا),26.461947,50.092263,Coffee Shop,8.1,0.9906161638131932,Coffee Shop
7098,As Salam Dist.,Dammam,26.4522824,50.1046608,Butlers Chocolate Cafe,26.461372,50.121171,Café,8.3,0.9433966172617012,Coffee Shop
7099,As Salam Dist.,Dammam,26.4522824,50.1046608,Drinks Aroma (نكهة المشروب),26.467662,50.123004,Coffee Shop,8.6,0.9604553128463268,Coffee Shop
7100,As Salam Dist.,Dammam,26.4522824,50.1046608,Park Coffee,26.451734,50.127202,Coffee Shop,8.4,0.972811732902464,Coffee Shop
7101,As Salam Dist.,Dammam,26.4522824,50.1046608,AQEEQ (عقيق),26.456635,50.081092,Tea Room,8.4,0.9854788760111446,Coffee Shop
7102,As Salam Dist.,Dammam,26.4522824,50.1046608,Scarface,26.454049,50.120242,Coffee Shop,7.9,0.9734228215724658,Coffee Shop
7103,As Salam Dist.,Dammam,26.4522824,50.1046608,Morth Coffee (مورث),26.459396,50.088284,Coffee Shop,8.0,0.96330360749464,Coffee Shop
7104,As Salam Dist.,Dammam,26.4522824,50.1046608,Crafter (كرافتر),26.468162,50.123622,Coffee Shop,8.4,0.9868978446177588,Coffee Shop
7105,As Salam Dist.,Dammam,26.4522824,50.1046608,24 Cafe,26.451228,50.130944,Coffee Shop,8.3,0.9795854954479072,Coffee Shop
7106,As Salam Dist.,Dammam,26.4522824,50.1046608,Bastah Karak (بسطة كرك),26.450936,50.131199,Tea Room,8.2,0.979782286714518,Coffee Shop
7107,As Salam Dist.,Dammam,26.4522824,50.1046608,View Cafe,26.451949,50.126317,Café,8.0,0.9710509689380522,Coffee Shop
7108,As Salam Dist.,Dammam,26.4522824,50.1046608,TREEPICA Café,26.458456,50.080743,Coffee Shop,8.1,0.9546447917637676,Coffee Shop
7109,As Salam Dist.,Dammam,26.4522824,50.1046608,قيصرية الواحة,26.429371,50.117122,Café,8.2,0.9948627121979512,Coffee Shop
7110,As Salam Dist.,Dammam,26.4522824,50.1046608,Icons Coffee Couture,26.451596,50.127771,Coffee Shop,8.0,0.9775761530414608,Coffee Shop
7111,As Salam Dist.,Dammam,26.4522824,50.1046608,قهوة الطريق,26.439674,50.118311,Coffee Shop,7.8,0.9658515365254948,Coffee Shop
7112,As Salam Dist.,Dammam,26.4522824,50.1046608,ستاربكس,26.464957,50.091795,Coffee Shop,7.8,0.9753700193684036,Coffee Shop
7113,As Salam Dist.,Dammam,26.4522824,50.1046608,7Up COffee,26.472272,50.086213,Café,8.2,0.97831153093248,Coffee Shop
7114,As Salam Dist.,Dammam,26.4522824,50.1046608,Pianolla Cafe,26.463552,50.11385,General Contractor,8.1,0.9560741178054668,Coffee Shop
7115,As Salam Dist.,Dammam,26.4522824,50.1046608,ستاربكس,26.428519,50.107585,Coffee Shop,7.7,0.9473220851588312,Coffee Shop
7116,As Salam Dist.,Dammam,26.4522824,50.1046608,ستاربكس,26.457594,50.132462,Coffee Shop,7.7,0.9260789857999564,Coffee Shop
7117,As Salam Dist.,Dammam,26.4522824,50.1046608,ستاربكس,26.438295,50.08364,Coffee Shop,7.6,0.97508001118603,Coffee Shop
7118,As Salam Dist.,Dammam,26.4522824,50.1046608,Al Fishawi Cafe (مقهى الفيشاوي),26.476194,50.11821,Café,7.5,0.9877367968596256,Coffee Shop
7119,As Salam Dist.,Dammam,26.4522824,50.1046608,ستاربكس,26.440571,50.127659,Coffee Shop,7.4,0.9717656319589016,Coffee Shop
7120,As Salam Dist.,Dammam,26.4522824,50.1046608,Keen Cafe,26.461207,50.077944,Coffee Shop,7.4,0.9811080384053692,Coffee Shop
7121,As Salam Dist.,Dammam,26.4522824,50.1046608,Spar Cafe,26.460941,50.121048,Café,6.5,0.9186319899740027,Coffee Shop
7122,As Salam Dist.,Dammam,26.4522824,50.1046608,Dar Najd Ladies Center,26.441875,50.122287,Health and Beauty Service,6.4,0.9037897854975194,Coffee Shop
7123,As Salam Dist.,Dammam,26.4522824,50.1046608,Back Team Coffee,26.454762,50.105609,Coffee Shop,,0.9653647370765104,Coffee Shop
7124,Az Zuhur Dist.,Dammam,26.456129,50.0920752,CORE COFFEE & ROASTERY (Core Coffee & Roastery),26.458855,50.093134,Coffee Shop,9.0,0.9788397601218034,Coffee Shop
7125,Az Zuhur Dist.,Dammam,26.456129,50.0920752,dr.CAFE COFFEE | V12 Station | د.كيف كافيه (dr.CAFE COFFEE | د. كيف),26.45616,50.09686,Coffee Shop,9.0,0.9887621829330184,Coffee Shop
7126,Az Zuhur Dist.,Dammam,26.456129,50.0920752,UMQ Coffee (قهوة عُمق),26.45869,50.08524,Coffee Shop,9.5,0.999906783084237,Coffee Shop
7127,Az Zuhur Dist.,Dammam,26.456129,50.0920752,Caribou Coffee (كاريبو كوفي),26.458773,50.093211,Coffee Shop,8.5,0.9385286227718568,Coffee Shop
7128,Az Zuhur Dist.,Dammam,26.456129,50.0920752,Eleven Three Specilty Coffee,26.453003,50.080758,Coffee Shop,9.2,0.9832727423380874,Coffee Shop
7129,Az Zuhur Dist.,Dammam,26.456129,50.0920752,Location Coffee (لوكيشن كافيه),26.456777,50.101138,Coffee Shop,8.6,0.947518876425442,Coffee Shop
7130,Az Zuhur Dist.,Dammam,26.456129,50.0920752,3.C Café,26.458341,50.092317,Café,8.0,0.9940134025209996,Coffee Shop
7131,Az Zuhur Dist.,Dammam,26.456129,50.0920752,المذاق المغربي,26.459282,50.095385,Coffee Shop,8.2,0.9877885840350497,Coffee Shop
7132,Az Zuhur Dist.,Dammam,26.456129,50.0920752,كوخ الكرك,26.46131,50.092482,Café,8.1,0.9412319133289831,Coffee Shop
7133,Az Zuhur Dist.,Dammam,26.456129,50.0920752,Cafficha (كافيشا),26.461947,50.092263,Coffee Shop,8.1,0.9906161638131932,Coffee Shop
7134,Az Zuhur Dist.,Dammam,26.456129,50.0920752,Morth Coffee (مورث),26.459396,50.088284,Coffee Shop,8.0,0.96330360749464,Coffee Shop
7135,Az Zuhur Dist.,Dammam,26.456129,50.0920752,AQEEQ (عقيق),26.456635,50.081092,Tea Room,8.4,0.9854788760111446,Coffee Shop
7136,Az Zuhur Dist.,Dammam,26.456129,50.0920752,Starbucks (ستاربكس),26.45491,50.11388,Coffee Shop,9.2,0.99885032470559,Coffee Shop
7137,Az Zuhur Dist.,Dammam,26.456129,50.0920752,TREEPICA Café,26.458456,50.080743,Coffee Shop,8.1,0.9546447917637676,Coffee Shop
7138,Az Zuhur Dist.,Dammam,26.456129,50.0920752,Starbucks (ستاربكس),26.462292,50.068479,Coffee Shop,8.9,0.9970067012604998,Coffee Shop
7139,Az Zuhur Dist.,Dammam,26.456129,50.0920752,Marsa Café,26.460289,50.112737,Café,8.5,0.9743032035546716,Coffee Shop
7140,Az Zuhur Dist.,Dammam,26.456129,50.0920752,ستاربكس,26.464957,50.091795,Coffee Shop,7.8,0.9753700193684036,Coffee Shop
7141,Az Zuhur Dist.,Dammam,26.456129,50.0920752,كاريبو,26.454459,50.105536,"Cafe, Coffee, and Tea House",8.0,0.9481817522708677,Coffee Shop
7142,Az Zuhur Dist.,Dammam,26.456129,50.0920752,Émilien Cafe,26.456673,50.062232,Café,8.9,0.976043252648914,Coffee Shop
7143,Az Zuhur Dist.,Dammam,26.456129,50.0920752,7Up COffee,26.472272,50.086213,Café,8.2,0.97831153093248,Coffee Shop
7144,Az Zuhur Dist.,Dammam,26.456129,50.0920752,Starbucks (ستاربكس),26.461041,50.062709,Coffee Shop,8.9,0.9770893535924764,Coffee Shop
7145,Az Zuhur Dist.,Dammam,26.456129,50.0920752,Tim Hortons (تيم هورتنز),26.459142,50.121581,Coffee Shop,8.8,0.991134035567432,Coffee Shop
7146,Az Zuhur Dist.,Dammam,26.456129,50.0920752,Tim Hortons,26.456027,50.105241,Coffee Shop,7.8,0.9518793565961324,Coffee Shop
7147,Az Zuhur Dist.,Dammam,26.456129,50.0920752,Kav Specialized Coffee,26.46298,50.063263,Coffee Shop,8.5,0.9751732281017929,Coffee Shop
7148,Az Zuhur Dist.,Dammam,26.456129,50.0920752,Dose (دوز),26.457896,50.120312,Coffee Shop,8.4,0.9737542594951786,Coffee Shop
7149,Az Zuhur Dist.,Dammam,26.456129,50.0920752,PappaRoti Cafe (باباروتي كافيه),26.462396,50.06472,Café,8.3,0.964691503796,Coffee Shop
7150,Az Zuhur Dist.,Dammam,26.456129,50.0920752,Butlers Chocolate Cafe,26.461372,50.121171,Café,8.3,0.9433966172617012,Coffee Shop
7151,Az Zuhur Dist.,Dammam,26.456129,50.0920752,8Oz COFFEE,26.453242,50.062816,Coffee Shop,8.2,0.974655356347554,Coffee Shop
7152,Az Zuhur Dist.,Dammam,26.456129,50.0920752,Road Cafe (قهوة الطريق),26.463913,50.113734,General Contractor,7.9,0.8866896601725549,Coffee Shop
7153,Az Zuhur Dist.,Dammam,26.456129,50.0920752,Scarface,26.454049,50.120242,Coffee Shop,7.9,0.9734228215724658,Coffee Shop
7154,Az Zuhur Dist.,Dammam,26.456129,50.0920752,Starbucks (ستاربكس),26.431259,50.08409,Coffee Shop,7.9,0.9854270888357208,Coffee Shop
7155,Az Zuhur Dist.,Dammam,26.456129,50.0920752,ستاربكس,26.438295,50.08364,Coffee Shop,7.6,0.97508001118603,Coffee Shop
7156,Az Zuhur Dist.,Dammam,26.456129,50.0920752,Keen Cafe,26.461207,50.077944,Coffee Shop,7.4,0.9811080384053692,Coffee Shop
7157,Az Zuhur Dist.,Dammam,26.456129,50.0920752,Pianolla Cafe,26.463552,50.11385,General Contractor,8.1,0.9560741178054668,Coffee Shop
7158,Az Zuhur Dist.,Dammam,26.456129,50.0920752,مقهى فرجان الأول,26.462273,50.064516,Coffee Shop,7.5,0.92430786440046,Coffee Shop
7159,Az Zuhur Dist.,Dammam,26.456129,50.0920752,مجلس كرك وچباتي,26.443943,50.070307,Café,7.3,0.9481403225305284,Coffee Shop
7160,Az Zuhur Dist.,Dammam,26.456129,50.0920752,Majlesi Karak & Chapati,26.443974,50.070418,Café,7.2,0.962889310091249,Coffee Shop
7161,Az Zuhur Dist.,Dammam,26.456129,50.0920752,Café Liwan (قهوة الليوان),26.462581,50.064908,Café,7.3,0.9598338667412402,Coffee Shop
7162,Az Zuhur Dist.,Dammam,26.456129,50.0920752,أروما كافيه,26.445943,50.071318,Coffee Shop,6.5,0.921024557478586,Coffee Shop
7163,Az Zuhur Dist.,Dammam,26.456129,50.0920752,Spar Cafe,26.460941,50.121048,Café,6.5,0.9186319899740027,Coffee Shop
7164,Az Zuhur Dist.,Dammam,26.456129,50.0920752,Les Galets Family Coffee Shop,26.456756,50.089895,Coffee Shop,,0.1828812312918828,Coffee Shop
7165,Az Zuhur Dist.,Dammam,26.456129,50.0920752,Ben’s Cookies,26.458233,50.092459,Coffee Shop,,0.96445328278905,Coffee Shop
7166,Az Zuhur Dist.,Dammam,26.456129,50.0920752,Rawaq Hajer (رواق هجر),26.45821,50.080808,Café,6.0,0.8785901459362604,Coffee Shop
7167,Az Zuhur Dist.,Dammam,26.456129,50.0920752,Paradise Café (بارادايز كافيه),26.472918,50.086161,Café,6.2,0.9577934520295394,Coffee Shop
7168,Az Zuhur Dist.,Dammam,26.456129,50.0920752,حكايات,26.459292,50.09079,Café,,0.2037514629877057,Coffee Shop
7169,Az Zuhur Dist.,Dammam,26.456129,50.0920752,Griffiths | Café,26.454715,50.096413,Coffee Shop,,0.9302633895742058,Coffee Shop
7170,Az Zuhur Dist.,Dammam,26.456129,50.0920752,Pianolla Cafe,26.449388,50.088466,Coffee Shop,,0.7420170069084092,Coffee Shop
7171,Az Zuhur Dist.,Dammam,26.456129,50.0920752,المذاق المغربي,26.44928,50.088435,Coffee Shop,,0.8750479031372671,Coffee Shop
7172,Az Zuhur Dist.,Dammam,26.456129,50.0920752,Dunkin (ADNOC),26.44999,50.08405,Donut Shop,,0.9939409004754064,Coffee Shop
7173,Az Zuhur Dist.,Dammam,26.456129,50.0920752,Dose (دوز),26.447072,50.097542,Coffee Shop,,0.9713927642958498,Coffee Shop
7174,Al Muraikabat Dist.,Dammam,26.411557,50.1038408,Starbucks (ستاربكس),26.412921,50.100693,Coffee Shop,8.9,0.9922319236864184,Coffee Shop
7175,Al Muraikabat Dist.,Dammam,26.411557,50.1038408,Starbucks (ستاربكس),26.411037,50.109414,Coffee Shop,9.2,0.9986846057442336,Coffee Shop
7176,Al Muraikabat Dist.,Dammam,26.411557,50.1038408,All Day (اول دي),26.404895,50.102219,Café,9.4,0.991745124237434,Coffee Shop
7177,Al Muraikabat Dist.,Dammam,26.411557,50.1038408,Onda (اوندا),26.40564,50.101155,Coffee Shop,8.8,0.97646790748739,Coffee Shop
7178,Al Muraikabat Dist.,Dammam,26.411557,50.1038408,Mafaz (مَفَاز),26.406929,50.112725,Coffee Shop,9.4,0.9971620627867714,Coffee Shop
7179,Al Muraikabat Dist.,Dammam,26.411557,50.1038408,Ojair Coffee (اوجير كوفي),26.411095,50.114829,Coffee Shop,9.4,0.996996343825415,Coffee Shop
7180,Al Muraikabat Dist.,Dammam,26.411557,50.1038408,Starbucks (ستاربكس),26.411946,50.093566,Coffee Shop,9.1,0.9796062103180768,Coffee Shop
7181,Al Muraikabat Dist.,Dammam,26.411557,50.1038408,Tim Hortons (تيم هورتنز),26.411544,50.092832,Coffee Shop,9.0,0.986846057442335,Coffee Shop
7182,Al Muraikabat Dist.,Dammam,26.411557,50.1038408,شغف,26.406726,50.103451,Coffee Shop,8.2,0.9665765569814292,Coffee Shop
7183,Al Muraikabat Dist.,Dammam,26.411557,50.1038408,Starbucks (ستاربكس),26.399071,50.104867,Coffee Shop,9.0,0.988544676796238,Coffee Shop
7184,Al Muraikabat Dist.,Dammam,26.411557,50.1038408,Bitten (بيتن),26.400442,50.096558,Coffee Shop,8.7,0.9888036126733576,Coffee Shop
7185,Al Muraikabat Dist.,Dammam,26.411557,50.1038408,Starbucks (ستاربكس),26.401618,50.115742,Coffee Shop,8.9,0.9674258666583808,Coffee Shop
7186,Al Muraikabat Dist.,Dammam,26.411557,50.1038408,Alkarak (الكرك),26.414136,50.119659,Tea Room,8.8,0.96653512724109,Coffee Shop
7187,Al Muraikabat Dist.,Dammam,26.411557,50.1038408,UMQ Coffee (قهوة عُمق),26.397581,50.092256,Coffee Shop,9.6,0.9996374897720328,Coffee Shop
7188,Al Muraikabat Dist.,Dammam,26.411557,50.1038408,Pages Coffee,26.400216,50.0973,Coffee Shop,8.5,0.9913929714445516,Coffee Shop
7189,Al Muraikabat Dist.,Dammam,26.411557,50.1038408,Starbucks (ستاربكس),26.400343,50.117202,Coffee Shop,8.9,0.9902018664098022,Coffee Shop
7190,Al Muraikabat Dist.,Dammam,26.411557,50.1038408,Otten (اوتن),26.391985,50.104063,Coffee Shop,9.5,0.9999896425649152,Coffee Shop
7191,Al Muraikabat Dist.,Dammam,26.411557,50.1038408,Coffee Warehouse (مستودع القهوة),26.39495,50.104782,Coffee Shop,8.9,0.989425058778444,Coffee Shop
7192,Al Muraikabat Dist.,Dammam,26.411557,50.1038408,Zaffron Lounge (ديوانية زعفران),26.421009,50.100572,Café,8.0,0.9594609990781884,Coffee Shop
7193,Al Muraikabat Dist.,Dammam,26.411557,50.1038408,Tim Hortons (تيم هورتنز),26.400097,50.116794,Coffee Shop,8.5,0.9979595852882992,Coffee Shop
7194,Al Muraikabat Dist.,Dammam,26.411557,50.1038408,Karak Albait (كرك البيت),26.392967,50.09158,Café,9.0,0.956975214657842,Coffee Shop
7195,Al Muraikabat Dist.,Dammam,26.411557,50.1038408,Starbucks (ستاربكس),26.422585,50.091569,Coffee Shop,8.3,0.9801344395074004,Coffee Shop
7196,Al Muraikabat Dist.,Dammam,26.411557,50.1038408,Garden Gate (قاردن قيت),26.398221,50.127066,Coffee Shop,9.0,0.9819055609068972,Coffee Shop
7197,Al Muraikabat Dist.,Dammam,26.411557,50.1038408,Chart (تشارت),26.384994,50.100857,Coffee Shop,9.4,0.997876725807621,Coffee Shop
7198,Al Muraikabat Dist.,Dammam,26.411557,50.1038408,Road Cafe,26.389654,50.112863,Coffee Shop,8.8,0.9705227397487286,Coffee Shop
7199,Al Muraikabat Dist.,Dammam,26.411557,50.1038408,Black Tea (الشاي الاسود),26.398351,50.093591,Tea Room,8.2,0.9561259049808906,Coffee Shop
7200,Al Muraikabat Dist.,Dammam,26.411557,50.1038408,بوفية عزيز,26.423848,50.094082,Café,8.1,0.9648468653222716,Coffee Shop
7201,Al Muraikabat Dist.,Dammam,26.411557,50.1038408,كوستا كوفي - الشرقية,26.400957,50.116567,Coffee Shop,8.0,0.9910304612165844,Coffee Shop
7202,Al Muraikabat Dist.,Dammam,26.411557,50.1038408,Brighton Cafe,26.417279,50.091732,Coffee Shop,7.8,0.9806212389563848,Coffee Shop
7203,Al Muraikabat Dist.,Dammam,26.411557,50.1038408,Avenue cafe,26.421009,50.101281,Café,7.7,0.9604035256709028,Coffee Shop
7204,Al Muraikabat Dist.,Dammam,26.411557,50.1038408,Coach Cup (كوتش كب),26.395831,50.089747,Café,8.2,0.95684056800174,Coffee Shop
7205,Al Muraikabat Dist.,Dammam,26.411557,50.1038408,قيصرية الواحة,26.429371,50.117122,Café,8.2,0.9948627121979512,Coffee Shop
7206,Al Muraikabat Dist.,Dammam,26.411557,50.1038408,bREw’s (بروز),26.421533,50.090762,Coffee Shop,7.8,0.9774518638204436,Coffee Shop
7207,Al Muraikabat Dist.,Dammam,26.411557,50.1038408,ركن الشاهي,26.420883,50.097528,Tea Room,7.5,0.9583423960890324,Coffee Shop
7208,Al Muraikabat Dist.,Dammam,26.411557,50.1038408,Dunkin' Donuts (دانكن دونتس),26.403195,50.077633,Coffee Shop,8.0,0.9707609607556784,Coffee Shop
7209,Al Muraikabat Dist.,Dammam,26.411557,50.1038408,ستاربكس,26.428519,50.107585,Coffee Shop,7.7,0.9473220851588312,Coffee Shop
7210,Al Muraikabat Dist.,Dammam,26.411557,50.1038408,Starbucks (ستاربكس),26.431259,50.08409,Coffee Shop,7.9,0.9854270888357208,Coffee Shop
7211,Al Muraikabat Dist.,Dammam,26.411557,50.1038408,Tim Hortons,26.414539,50.076121,Coffee Shop,7.9,0.9817087696402864,Coffee Shop
7212,Al Muraikabat Dist.,Dammam,26.411557,50.1038408,Cafe Liwan (قهوة ليوان),26.401203,50.116266,Café,7.4,0.9221224455975722,Coffee Shop
7213,Al Muraikabat Dist.,Dammam,26.411557,50.1038408,Time Out Cafe,26.403023,50.105907,Coffee Shop,6.9,0.9479124589586636,Coffee Shop
7214,Al Muraikabat Dist.,Dammam,26.411557,50.1038408,Lulia (لوليا),26.4139,50.096175,Café,6.5,0.9513821997120632,Coffee Shop
7215,Al Muraikabat Dist.,Dammam,26.411557,50.1038408,Moroccan Taste,26.400759,50.115301,Tea Room,6.7,0.9730706687795834,Coffee Shop
7216,Al Muraikabat Dist.,Dammam,26.411557,50.1038408,وناسه كافيه,26.420415,50.107059,Café,6.4,0.9467524262291686,Coffee Shop
7217,Al Muraikabat Dist.,Dammam,26.411557,50.1038408,Coffee Valley (وادي القهوة),26.413057,50.115566,Coffee Shop,6.4,0.9368921480284622,Coffee Shop
7218,Al Muraikabat Dist.,Dammam,26.411557,50.1038408,مستوصف الفارابي (مجمع الفارابي الطبي),26.413929,50.078945,Coffee Shop,6.8,0.9950491460294772,Coffee Shop
7219,Al Muraikabat Dist.,Dammam,26.411557,50.1038408,شاهي جمر أبو حمامة,26.410972,50.104935,Tea Room,,0.8671244652974137,Coffee Shop
7220,Al Muraikabat Dist.,Dammam,26.411557,50.1038408,30Days Cafe,26.414911,50.108156,Coffee Shop,,0.942713026546106,Coffee Shop
7221,Al Muraikabat Dist.,Dammam,26.411557,50.1038408,Barn’s (بارنز),26.412571,50.110463,Coffee Shop,,0.9758671762524728,Coffee Shop
7222,Al Muraikabat Dist.,Dammam,26.411557,50.1038408,Joffrey's (جوفريز),26.406669,50.107963,Coffee Shop,,0.9190255725072244,Coffee Shop
7223,Al Muraikabat Dist.,Dammam,26.411557,50.1038408,Road Café (قهوة الطريق),26.416832,50.109514,Coffee Shop,,0.9434173321318708,Coffee Shop
7224,An Nahdah Dist.,Dammam,26.3777319,50.1481374,Cherry Coffee,26.378167,50.148073,Coffee Shop,8.0,0.9023708168909051,Coffee Shop
7225,An Nahdah Dist.,Dammam,26.3777319,50.1481374,كواليس,26.380289,50.148443,Coffee Shop,7.9,0.9521590073434216,Coffee Shop
7226,An Nahdah Dist.,Dammam,26.3777319,50.1481374,Coffee Valley (وادي القهوة),26.38801,50.149305,Coffee Shop,8.4,0.9350278097132028,Coffee Shop
7227,An Nahdah Dist.,Dammam,26.3777319,50.1481374,ستاربكس,26.380995,50.148118,Coffee Shop,7.7,0.9946348486260862,Coffee Shop
7228,An Nahdah Dist.,Dammam,26.3777319,50.1481374,Onda Coffee (اوندا كافيه),26.376212,50.122733,Coffee Shop,8.9,0.998291023211012,Coffee Shop
7229,An Nahdah Dist.,Dammam,26.3777319,50.1481374,Coffee Company,26.388844,50.154169,Coffee Shop,7.8,0.9913826140094668,Coffee Shop
7230,An Nahdah Dist.,Dammam,26.3777319,50.1481374,Tim Hortons,26.370732,50.174518,Coffee Shop,8.0,0.912583247884494,Coffee Shop
7231,An Nahdah Dist.,Dammam,26.3777319,50.1481374,Starbucks (ستاربكس),26.3612,50.160909,Coffee Shop,7.6,0.9250950294669028,Coffee Shop
7232,An Nahdah Dist.,Dammam,26.3777319,50.1481374,Paul,26.37856,50.170423,Coffee Shop,7.5,0.8875803995898456,Coffee Shop
7233,An Nahdah Dist.,Dammam,26.3777319,50.1481374,كوستا كوفي,26.371093,50.17491,Coffee Shop,6.8,0.8725828335870905,Coffee Shop
7234,An Nahdah Dist.,Dammam,26.3777319,50.1481374,Mix & Match,26.3782,50.148084,Coffee Shop,,0.9506778941262986,Coffee Shop
7235,An Nahdah Dist.,Dammam,26.3777319,50.1481374,Coffee Mania,26.379695,50.148952,Café,,0.8752757667091321,Coffee Shop
7236,An Nahdah Dist.,Dammam,26.3777319,50.1481374,ستاربكس,26.380989,50.148114,Coffee Shop,,0.76205864379745,Coffee Shop
7237,An Nahdah Dist.,Dammam,26.3777319,50.1481374,Sq Coffee Roasters,26.380798,50.144406,Coffee Shop,,0.9764471926172202,Coffee Shop
7238,An Nahdah Dist.,Dammam,26.3777319,50.1481374,Bikers House Coffee,26.373415,50.139492,Coffee Shop,,0.4158717335239101,Coffee Shop
7239,An Nahdah Dist.,Dammam,26.3777319,50.1481374,Costa Coffee (كوستا كوفي),26.384796,50.167527,Coffee Shop,5.9,0.9260064837543632,Coffee Shop
7240,An Nahdah Dist.,Dammam,26.3777319,50.1481374,Or Coffee,26.38349,50.140061,Coffee Shop,,0.9831588105521548,Coffee Shop
7241,An Nahdah Dist.,Dammam,26.3777319,50.1481374,Silent Crack Coffee Roasters,26.386515,50.144083,Coffee Shop,,0.0986545691824876,Coffee Shop
7242,An Nahdah Dist.,Dammam,26.3777319,50.1481374,Pianolla,26.388011,50.149542,Café,,0.44564935939264,Coffee Shop
7243,An Nahdah Dist.,Dammam,26.3777319,50.1481374,شدخل ام امك ويني,26.371093,50.138861,Tea Room,,0.0772768231675107,Coffee Shop
7244,An Nahdah Dist.,Dammam,26.3777319,50.1481374,شاي ام عبدالله,26.38072,50.162512,Tea Room,,0.9953495116469356,Coffee Shop
7245,An Nahdah Dist.,Dammam,26.3777319,50.1481374,زحله,26.382165,50.163196,Coffee Shop,,0.3525878051559312,Coffee Shop
7246,An Nahdah Dist.,Dammam,26.3777319,50.1481374,Scratch Cafe,26.384671,50.167316,Café,,0.1258842660203627,Coffee Shop
7247,An Nahdah Dist.,Dammam,26.3777319,50.1481374,OLABS (اولابز),26.384396,50.167753,Coffee Shop,,0.96538545194668,Coffee Shop
7248,An Nahdah Dist.,Dammam,26.3777319,50.1481374,مقهى سيراميك,26.366643,50.131107,Café,,0.8790976602554144,Coffee Shop
7249,An Nahdah Dist.,Dammam,26.3777319,50.1481374,Derby Coffee,26.396463,50.147908,Coffee Shop,,0.956011973194958,Coffee Shop
7250,An Nahdah Dist.,Dammam,26.3777319,50.1481374,joffrey's at DOB 3rd floor,26.384335,50.168003,Coffee Shop,,0.6082921625288713,Coffee Shop
7251,An Nahdah Dist.,Dammam,26.3777319,50.1481374,Cafe Jamoka,26.384658,50.167859,Coffee Shop,,0.9541994220551224,Coffee Shop
7252,An Nahdah Dist.,Dammam,26.3777319,50.1481374,طعيم | شاي مُختص,26.372916,50.127513,Tea Room,,0.9320966555842112,Coffee Shop
7253,An Nahdah Dist.,Dammam,26.3777319,50.1481374,Nespresso office in Dammam,26.392554,50.162118,Coffee Shop,,0.8759593574247273,Coffee Shop
7254,An Nahdah Dist.,Dammam,26.3777319,50.1481374,The Cafe,26.376607,50.170921,Coffee Shop,,0.8682223534164,Coffee Shop
7255,An Nahdah Dist.,Dammam,26.3777319,50.1481374,Mission POP UP,26.376607,50.170921,Coffee Shop,,0.952966887280034,Coffee Shop
7256,An Nahdah Dist.,Dammam,26.3777319,50.1481374,Varnda,26.374677,50.125266,Café,,0.6512548032605205,Coffee Shop
7257,An Nahdah Dist.,Dammam,26.3777319,50.1481374,Mai Ward Cafe,26.374677,50.125266,Café,,0.4486633730023097,Coffee Shop
7258,An Nahdah Dist.,Dammam,26.3777319,50.1481374,Tag,26.384157,50.125883,Coffee Shop,,0.4162342437518773,Coffee Shop
7259,An Nahdah Dist.,Dammam,26.3777319,50.1481374,Scratch Cafe,26.357353,50.140232,Café,,0.8763322250877793,Coffee Shop
7260,An Nahdah Dist.,Dammam,26.3777319,50.1481374,The Cafe (المقهى),26.377345,50.172381,Coffee Shop,,0.9156076189292484,Coffee Shop
7261,An Nahdah Dist.,Dammam,26.3777319,50.1481374,720 Cafè,26.372068,50.124125,Café,,0.8814177257144041,Coffee Shop
7262,An Nahdah Dist.,Dammam,26.3777319,50.1481374,Nasj,26.399351,50.138238,Coffee Shop,,0.9561776921563144,Coffee Shop
7263,An Nahdah Dist.,Dammam,26.3777319,50.1481374,Classique Café,26.372369,50.176052,Café,,0.9034583475748066,Coffee Shop
7264,An Nahdah Dist.,Dammam,26.3777319,50.1481374,Spark Coffee,26.352667,50.141761,Coffee Shop,,0.9077670405700732,Coffee Shop
7265,An Nahdah Dist.,Dammam,26.3777319,50.1481374,مقهى الكهف الاسود,26.402387,50.139299,Coffee Shop,,0.9901086494940392,Coffee Shop
7266,An Nahdah Dist.,Dammam,26.3777319,50.1481374,Dunkin' Donuts Drive-Through,26.374454,50.118347,Donut Shop,,0.899097867404116,Coffee Shop
7267,An Nahdah Dist.,Dammam,26.3777319,50.1481374,ستاربكس,26.359594,50.170134,Coffee Shop,,0.9524904452661342,Coffee Shop
7268,Dahiyat Al Malik Fahd Dist.,Dammam,26.4135893,50.001125,Marilyn House Cafe (مقهى بيت مارلين),26.419603,49.997131,Café,8.9,0.9956947404464672,Coffee Shop
7269,Dahiyat Al Malik Fahd Dist.,Dammam,26.4135893,50.001125,Coplant (كوبلانت),26.421752,50.003258,Coffee Shop,8.8,0.999738742029895,Coffee Shop
7270,Dahiyat Al Malik Fahd Dist.,Dammam,26.4135893,50.001125,Barn’s (بارنز),26.406767,50.014042,Coffee Shop,8.9,0.995473800867953,Coffee Shop
7271,Dahiyat Al Malik Fahd Dist.,Dammam,26.4135893,50.001125,GRAPH Cafe,26.412126,50.013902,Coffee Shop,8.7,0.998570673958301,Coffee Shop
7272,Dahiyat Al Malik Fahd Dist.,Dammam,26.4135893,50.001125,Road Coffee (قهوة الطريق),26.411859,50.013938,General Contractor,8.6,0.9947280655418492,Coffee Shop
7273,Dahiyat Al Malik Fahd Dist.,Dammam,26.4135893,50.001125,Camel Coffee Shop,26.400879,50.017201,Coffee Shop,8.4,0.9956084475240552,Coffee Shop
7274,Dahiyat Al Malik Fahd Dist.,Dammam,26.4135893,50.001125,One O One Cafe (101 Cafè),26.421524,50.026367,Coffee Shop,8.8,0.9977731514567733,Coffee Shop
7275,Dahiyat Al Malik Fahd Dist.,Dammam,26.4135893,50.001125,نويمي كافيه,26.421585,50.02564,Coffee Shop,7.8,0.9975660027550778,Coffee Shop
7276,Dahiyat Al Malik Fahd Dist.,Dammam,26.4135893,50.001125,BABA KARAK (بابا كرك),26.415721,50.023935,Tea Room,6.5,0.977659012522139,Coffee Shop
7277,Dahiyat Al Malik Fahd Dist.,Dammam,26.4135893,50.001125,Abu Haitham Hookabar (مقهى أبوهيثم),26.40146,50.015033,Hookah Bar,6.2,0.9370682244249036,Coffee Shop
7278,Dahiyat Al Malik Fahd Dist.,Dammam,26.4135893,50.001125,Graph,26.412417,49.997186,Café,,0.9992378576184782,Coffee Shop
7279,Dahiyat Al Malik Fahd Dist.,Dammam,26.4135893,50.001125,Marituyn Coffee,26.419573,49.997257,Coffee Shop,,0.1284770551192985,Coffee Shop
7280,Dahiyat Al Malik Fahd Dist.,Dammam,26.4135893,50.001125,هبره,26.420314,49.996698,Coffee Shop,,0.8154390583210193,Coffee Shop
7281,Dahiyat Al Malik Fahd Dist.,Dammam,26.4135893,50.001125,La Vanir (لا فانير),26.410827,50.011687,Coffee Shop,,0.929010139928948,Coffee Shop
7282,Dahiyat Al Malik Fahd Dist.,Dammam,26.4135893,50.001125,Dh,26.403464,49.996209,Coffee Shop,,0.688852292618256,Coffee Shop
7283,Dahiyat Al Malik Fahd Dist.,Dammam,26.4135893,50.001125,مقهى أبوهيثم,26.407482,49.990802,Hookah Bar,5.4,0.9918050607343344,Coffee Shop
7284,Dahiyat Al Malik Fahd Dist.,Dammam,26.4135893,50.001125,ديوانية ليالي الشعبية,26.406566,50.013681,Café,,0.0671161793493459,Coffee Shop
7285,Dahiyat Al Malik Fahd Dist.,Dammam,26.4135893,50.001125,ديوانية ليالي تراثيه,26.406551,50.013744,Café,,0.988140736827932,Coffee Shop
7286,Dahiyat Al Malik Fahd Dist.,Dammam,26.4135893,50.001125,Al Fanad Coffer (الفنار للقهوة),26.406921,50.014357,Coffee Shop,,0.9078188277454972,Coffee Shop
7287,Dahiyat Al Malik Fahd Dist.,Dammam,26.4135893,50.001125,مجلس ابو نايف,26.408231,50.015373,Café,,0.9275393841469098,Coffee Shop
7288,Dahiyat Al Malik Fahd Dist.,Dammam,26.4135893,50.001125,AHG Cafe,26.402222,50.010447,Coffee Shop,,0.9680990999388912,Coffee Shop
7289,Dahiyat Al Malik Fahd Dist.,Dammam,26.4135893,50.001125,Coffee Valley (وادي القهوة),26.407077,50.015382,Coffee Shop,,0.986058892375892,Coffee Shop
7290,Dahiyat Al Malik Fahd Dist.,Dammam,26.4135893,50.001125,Rzon (رزون),26.412388,50.017471,Coffee Shop,,0.9110192751866928,Coffee Shop
7291,Dahiyat Al Malik Fahd Dist.,Dammam,26.4135893,50.001125,مقهى وديوانية الركن المديني,26.42157,50.01498,Café,,0.997549911253472,Coffee Shop
7292,Dahiyat Al Malik Fahd Dist.,Dammam,26.4135893,50.001125,مقهى التراس الشرقي,26.40384,50.01629,Café,,0.9789329770375664,Coffee Shop
7293,Dahiyat Al Malik Fahd Dist.,Dammam,26.4135893,50.001125,Cup And Dessert,26.418901,50.018957,Café,,0.9996501800061306,Coffee Shop
7294,Dahiyat Al Malik Fahd Dist.,Dammam,26.4135893,50.001125,ستاربكس,26.423894,50.017174,Coffee Shop,,0.9921267597407728,Coffee Shop
7295,Dahiyat Al Malik Fahd Dist.,Dammam,26.4135893,50.001125,ليالي الخليج,26.402139,50.016275,Café,,0.9137225657438192,Coffee Shop
7296,Dahiyat Al Malik Fahd Dist.,Dammam,26.4135893,50.001125,بيت سعود بن نايف للقهوه العربيه,26.416855,50.020909,Café,,0.8203917181949062,Coffee Shop
7297,Dahiyat Al Malik Fahd Dist.,Dammam,26.4135893,50.001125,مقهى أبو هيثم,26.437816,50.013521,Café,5.8,0.9832888296439488,Coffee Shop
7298,Dahiyat Al Malik Fahd Dist.,Dammam,26.4135893,50.001125,Sequares Coffee House,26.396319,50.013432,Café,,0.9331892673515718,Coffee Shop
7299,Dahiyat Al Malik Fahd Dist.,Dammam,26.4135893,50.001125,مقهى رواقة,26.420751,50.02361,Coffee Shop,,0.7608517172698109,Coffee Shop
7300,Dahiyat Al Malik Fahd Dist.,Dammam,26.4135893,50.001125,PIANOLLA Café (بيانولا كافيه),26.397094,50.017137,Coffee Shop,,0.9998665207429184,Coffee Shop
7301,Dahiyat Al Malik Fahd Dist.,Dammam,26.4135893,50.001125,اصناف,26.397651,50.018648,Café,,0.111549314986743,Coffee Shop
7302,Dahiyat Al Malik Fahd Dist.,Dammam,26.4135893,50.001125,اسناف,26.397313,50.018856,Coffee Shop,,0.5797283054534739,Coffee Shop
7303,Dahiyat Al Malik Fahd Dist.,Dammam,26.4135893,50.001125,Noimi91 Coffee,26.421905,50.025553,Café,,0.0380327575147612,Coffee Shop
7304,Dahiyat Al Malik Fahd Dist.,Dammam,26.4135893,50.001125,Kiwan (كيوان),26.425922,50.0237,Café,,0.7922801654532016,Coffee Shop
7305,Dahiyat Al Malik Fahd Dist.,Dammam,26.4135893,50.001125,Noimi Coffee,26.424784,50.024794,Coffee Shop,,0.9535246094904642,Coffee Shop
7306,Dahiyat Al Malik Fahd Dist.,Dammam,26.4135893,50.001125,لقيمات ذوق,26.421971,50.026664,Café,,0.263607080342624,Coffee Shop
7307,Dahiyat Al Malik Fahd Dist.,Dammam,26.4135893,50.001125,ستاربكس,26.394829,50.019426,Coffee Shop,,0.8202341065841411,Coffee Shop
7308,Dahiyat Al Malik Fahd Dist.,Dammam,26.4135893,50.001125,Bati Cafe,26.422834,50.027505,Café,,0.9393054304032148,Coffee Shop
7309,Dahiyat Al Malik Fahd Dist.,Dammam,26.4135893,50.001125,بارنز,26.422463,50.027913,Coffee Shop,,0.976136469564677,Coffee Shop
7310,Dahiyat Al Malik Fahd Dist.,Dammam,26.4135893,50.001125,Barn’s,26.422582,50.027884,Coffee Shop,,0.980569451780961,Coffee Shop
7311,Dahiyat Al Malik Fahd Dist.,Dammam,26.4135893,50.001125,Fluffy Clouds (فلفِي),26.423653,50.027433,Café,,0.9933919564159132,Coffee Shop
7312,Dahiyat Al Malik Fahd Dist.,Dammam,26.4135893,50.001125,بارنز كافيه,26.42276,50.027962,Coffee Shop,,0.7322603030585506,Coffee Shop
7313,Dahiyat Al Malik Fahd Dist.,Dammam,26.4135893,50.001125,Brother’s Coffee,26.421796,49.973727,Coffee Shop,,0.9838570262831982,Coffee Shop
7314,Dahiyat Al Malik Fahd Dist.,Dammam,26.4135893,50.001125,كوستا كوفي,26.422729,50.028128,Coffee Shop,,0.9561362624159752,Coffee Shop
7315,Dahiyat Al Malik Fahd Dist.,Dammam,26.4135893,50.001125,قهوه الدوانيه,26.418006,50.029727,Café,,0.9129146858072068,Coffee Shop
7316,Dahiyat Al Malik Fahd Dist.,Dammam,26.4135893,50.001125,Dose Cafe,26.402912,50.028095,Coffee Shop,,0.9924908595635376,Coffee Shop
7317,As Saif Dist.,Dammam,26.3841951,50.2053587,Bling,26.362172,50.206266,Café,9.4,0.983806073975659,Coffee Shop
7318,As Saif Dist.,Dammam,26.3841951,50.2053587,TITLE (تايتل),26.360902,50.206339,Coffee Shop,9.3,0.9944975746712958,Coffee Shop
7319,As Saif Dist.,Dammam,26.3841951,50.2053587,Starbucks (ستاربكس),26.360292,50.20691,Coffee Shop,9.3,0.9961896644648608,Coffee Shop
7320,As Saif Dist.,Dammam,26.3841951,50.2053587,7Degrees Truck,26.381041,50.183935,Café,8.7,0.8679323452340263,Coffee Shop
7321,As Saif Dist.,Dammam,26.3841951,50.2053587,The HUB (ذا هب),26.360464,50.206327,Coffee Shop,9.2,0.995324818570372,Coffee Shop
7322,As Saif Dist.,Dammam,26.3841951,50.2053587,RATIO Speciality Coffee (ريشيو للقهوة المختصة),26.362719,50.198088,Coffee Shop,9.0,0.9952872165749596,Coffee Shop
7323,As Saif Dist.,Dammam,26.3841951,50.2053587,Ateej (عتيج),26.371895,50.229472,Tea Room,9.3,0.9999728715180078,Coffee Shop
7324,As Saif Dist.,Dammam,26.3841951,50.2053587,Blue Sky (بلو سكاي),26.362892,50.2063,Coffee Shop,8.7,0.9947733226376546,Coffee Shop
7325,As Saif Dist.,Dammam,26.3841951,50.2053587,Black Swan Cafe (مقهى بلاك سوان),26.388352,50.178233,Coffee Shop,9.0,0.9675294410092284,Coffee Shop
7326,As Saif Dist.,Dammam,26.3841951,50.2053587,8Oz Coffee,26.382682,50.178364,Coffee Shop,9.0,0.9917140519321797,Coffee Shop
7327,As Saif Dist.,Dammam,26.3841951,50.2053587,Hûge (هيوج),26.360886,50.206747,Coffee Shop,8.8,0.991852900993946,Coffee Shop
7328,As Saif Dist.,Dammam,26.3841951,50.2053587,ستاربكس,26.372478,50.178446,Coffee Shop,9.2,0.9980838745093163,Coffee Shop
7329,As Saif Dist.,Dammam,26.3841951,50.2053587,Repeat (ريبيت),26.361046,50.206477,Coffee Shop,8.7,0.9893461012997756,Coffee Shop
7330,As Saif Dist.,Dammam,26.3841951,50.2053587,Road Café (قهوة الطريق),26.361657,50.196232,General Contractor,8.8,0.9869897095872554,Coffee Shop
7331,As Saif Dist.,Dammam,26.3841951,50.2053587,Tim Hortons (تيم هورتنز),26.379411,50.181882,Coffee Shop,8.5,0.9378657469264312,Coffee Shop
7332,As Saif Dist.,Dammam,26.3841951,50.2053587,Ruba’a (رُباع),26.366799,50.195457,Tea Room,8.1,0.9919315580689598,Coffee Shop
7333,As Saif Dist.,Dammam,26.3841951,50.2053587,Kiara (كيارا),26.382683,50.212681,Coffee Shop,7.4,0.8384585677968377,Coffee Shop
7334,As Saif Dist.,Dammam,26.3841951,50.2053587,Maqadeer (مقادير),26.36124,50.206361,Bakery,8.2,0.860596869007182,Coffee Shop
7335,As Saif Dist.,Dammam,26.3841951,50.2053587,Ripoz Specialty Coffee (قهوة ومحمصة ريبوز),26.362829,50.198276,Coffee Shop,8.1,0.1891505709236303,Coffee Shop
7336,As Saif Dist.,Dammam,26.3841951,50.2053587,Lounge EXIT-7 (مقهى مخرج ٧),26.360069,50.206666,Café,8.2,0.9942092927064664,Coffee Shop
7337,As Saif Dist.,Dammam,26.3841951,50.2053587,4Squares Cafe (مقهى الأربعة مربعات),26.379854,50.178398,Café,8.1,0.9772654299889176,Coffee Shop
7338,As Saif Dist.,Dammam,26.3841951,50.2053587,Destination 35 (دستينيشن 35),26.360166,50.206765,Café,8.0,0.9171878721030796,Coffee Shop
7339,As Saif Dist.,Dammam,26.3841951,50.2053587,8Oz Speciality Coffee,26.38262,50.17838,Coffee Shop,8.0,0.3245813006866979,Coffee Shop
7340,As Saif Dist.,Dammam,26.3841951,50.2053587,Vedette (فيدت),26.361034,50.206318,Coffee Shop,7.9,0.4601105498665129,Coffee Shop
7341,As Saif Dist.,Dammam,26.3841951,50.2053587,Olabs,26.36298,50.198744,Coffee Shop,7.7,0.8973340185252497,Coffee Shop
7342,As Saif Dist.,Dammam,26.3841951,50.2053587,Seven Degrees Coffee,26.361687,50.195161,Coffee Shop,7.6,0.9618590426531968,Coffee Shop
7343,As Saif Dist.,Dammam,26.3841951,50.2053587,Joffrey's on MBO,26.373923,50.178657,Coffee Shop,7.7,0.9990678308423702,Coffee Shop
7344,As Saif Dist.,Dammam,26.3841951,50.2053587,Art Coffee,26.366803,50.195176,Coffee Shop,7.4,0.9439869910615336,Coffee Shop
7345,As Saif Dist.,Dammam,26.3841951,50.2053587,Joffrey's Cafe,26.390953,50.184816,Coffee Shop,7.1,0.7355130279699484,Coffee Shop
7346,As Saif Dist.,Dammam,26.3841951,50.2053587,The Piato,26.366828,50.185837,Café,7.2,0.5259194812996509,Coffee Shop
7347,As Saif Dist.,Dammam,26.3841951,50.2053587,Mana (مانا),26.388691,50.178498,Coffee Shop,7.2,0.3554671721094988,Coffee Shop
7348,As Saif Dist.,Dammam,26.3841951,50.2053587,Boulevard Coffee (بوليڤارد كوفي),26.387051,50.187141,Café,6.5,0.9761467605067836,Coffee Shop
7349,As Saif Dist.,Dammam,26.3841951,50.2053587,خادر,26.38157,50.21232,Tea Room,,0.8108836873969242,Coffee Shop
7350,As Saif Dist.,Dammam,26.3841951,50.2053587,Three Seeds,26.382547,50.212795,Coffee Shop,,0.9934053612344428,Coffee Shop
7351,As Saif Dist.,Dammam,26.3841951,50.2053587,8Oz Coffee,26.381662,50.212494,Coffee Shop,,0.9832650858599912,Coffee Shop
7352,As Saif Dist.,Dammam,26.3841951,50.2053587,August,26.380593,50.212048,Coffee Shop,,0.1746117617747727,Coffee Shop
7353,As Saif Dist.,Dammam,26.3841951,50.2053587,Jucie Bar Dahran Expo,26.381169,50.212867,Coffee Shop,,0.8247241502912812,Coffee Shop
7354,As Saif Dist.,Dammam,26.3841951,50.2053587,Wacafe,26.380455,50.212616,Coffee Shop,,0.9937538069900124,Coffee Shop
7355,As Saif Dist.,Dammam,26.3841951,50.2053587,Acuppa Tea,26.380409,50.212805,Bubble Tea Shop,,0.9742679477112508,Coffee Shop
7356,As Saif Dist.,Dammam,26.3841951,50.2053587,Nouveau Waffle,26.380256,50.212727,Café,,0.3806466529217387,Coffee Shop
7357,As Saif Dist.,Dammam,26.3841951,50.2053587,Rajokark,26.380917,50.213558,Café,,0.8008707835537777,Coffee Shop
7358,As Saif Dist.,Dammam,26.3841951,50.2053587,Suavis,26.380702,50.214913,Café,,0.5100598442606273,Coffee Shop
7359,As Saif Dist.,Dammam,26.3841951,50.2053587,Solin Coffee,26.385669,50.189749,Coffee Shop,,0.4899518113160634,Coffee Shop
7360,As Saif Dist.,Dammam,26.3841951,50.2053587,Nai (ناي),26.393831,50.193572,Café,,0.9994710963965816,Coffee Shop
7361,As Saif Dist.,Dammam,26.3841951,50.2053587,33 Speciality Coffee,26.386784,50.188795,Coffee Shop,,0.9831803666136948,Coffee Shop
7362,As Saif Dist.,Dammam,26.3841951,50.2053587,Cafe 88,26.393292,50.191055,Café,,0.9619565030674144,Coffee Shop
7363,As Saif Dist.,Dammam,26.3841951,50.2053587,Oaisis Cafee,26.366584,50.20711,Café,,0.9828268819843594,Coffee Shop
7364,As Saif Dist.,Dammam,26.3841951,50.2053587,Joffrey's | College of Engineering,26.387388,50.185517,Coffee Shop,,0.9555480226937642,Coffee Shop
7365,As Saif Dist.,Dammam,26.3841951,50.2053587,Leaves Cafe,26.390047,50.185941,Café,,0.970261355948206,Coffee Shop
7366,As Saif Dist.,Dammam,26.3841951,50.2053587,Choco Art,26.365133,50.20276,Coffee Shop,,0.3120840279257486,Coffee Shop
7367,As Sinaiyah Dist.,Dammam,26.4516938,50.0219097,Valen Specialty Coffee & Bakery,26.466374,50.03705,Coffee Shop,9.2,0.9985374796138746,Coffee Shop
7368,As Sinaiyah Dist.,Dammam,26.4516938,50.0219097,Boho Specialty Coffee (بوهو قهوة مختصة),26.467374,50.04036,Coffee Shop,9.1,0.99865680930624,Coffee Shop
7369,As Sinaiyah Dist.,Dammam,26.4516938,50.0219097,Starbucks (ستاربكس),26.466708,50.008118,Coffee Shop,8.6,0.9998334626771512,Coffee Shop
7370,As Sinaiyah Dist.,Dammam,26.4516938,50.0219097,Tim Hortons,26.436701,50.033922,Coffee Shop,8.0,0.9998037384117038,Coffee Shop
7371,As Sinaiyah Dist.,Dammam,26.4516938,50.0219097,Blue Sky,26.465265,50.0248,Coffee Shop,7.5,0.9957414390998026,Coffee Shop
7372,As Sinaiyah Dist.,Dammam,26.4516938,50.0219097,Jibal Speciality Coffee,26.4689,50.045131,Coffee Shop,7.9,0.9469877650800704,Coffee Shop
7373,As Sinaiyah Dist.,Dammam,26.4516938,50.0219097,مجلس و دلة,26.431419,50.039743,Coffee Shop,7.8,0.9861417518565704,Coffee Shop
7374,As Sinaiyah Dist.,Dammam,26.4516938,50.0219097,قهوة الطريق,26.456869,50.015941,General Contractor,6.8,0.6323548629394524,Coffee Shop
7375,As Sinaiyah Dist.,Dammam,26.4516938,50.0219097,Karak Time (وقت الكرك),26.458437,50.027556,Café,,0.9339556342434226,Coffee Shop
7376,As Sinaiyah Dist.,Dammam,26.4516938,50.0219097,Rainbow - Boofia,26.458316,50.016388,Café,,0.8188388475281334,Coffee Shop
7377,As Sinaiyah Dist.,Dammam,26.4516938,50.0219097,Halit Coffee,26.458285,50.01604,Café,,0.181735914916326,Coffee Shop
7378,As Sinaiyah Dist.,Dammam,26.4516938,50.0219097,مقهى أبو هيثم,26.437816,50.013521,Café,5.8,0.9832888296439488,Coffee Shop
7379,As Sinaiyah Dist.,Dammam,26.4516938,50.0219097,اوقات المزاج,26.461112,50.029944,Café,,0.5090689420999048,Coffee Shop
7380,As Sinaiyah Dist.,Dammam,26.4516938,50.0219097,مقهى أوقات المزاج,26.461196,50.030121,Café,,0.998444235000348,Coffee Shop
7381,As Sinaiyah Dist.,Dammam,26.4516938,50.0219097,Derby Coffee (دربي كافيه),26.463358,50.025068,Coffee Shop,,0.996317703026849,Coffee Shop
7382,As Sinaiyah Dist.,Dammam,26.4516938,50.0219097,أثيل للقهوة,26.465265,50.0248,Coffee Shop,,0.7323337785610936,Coffee Shop
7383,As Sinaiyah Dist.,Dammam,26.4516938,50.0219097,Coffee Puzzle,26.463471,50.030075,Café,,0.940551341860991,Coffee Shop
7384,As Sinaiyah Dist.,Dammam,26.4516938,50.0219097,بلو سكاي,26.465482,50.025013,Coffee Shop,,0.175222330761599,Coffee Shop
7385,As Sinaiyah Dist.,Dammam,26.4516938,50.0219097,Hexa Coffee,26.464064,50.03014,Coffee Shop,,0.7968229900905967,Coffee Shop
7386,As Sinaiyah Dist.,Dammam,26.4516938,50.0219097,Barn’s,26.467107,50.018323,Coffee Shop,,0.9718779691659098,Coffee Shop
7387,As Sinaiyah Dist.,Dammam,26.4516938,50.0219097,Manto Rose (مانتو روز),26.467348,50.018435,Coffee Shop,,0.999265418731046,Coffee Shop
7388,As Sinaiyah Dist.,Dammam,26.4516938,50.0219097,Joffrey's,26.467425,50.015634,Café,,0.1321139004331268,Coffee Shop
7389,As Sinaiyah Dist.,Dammam,26.4516938,50.0219097,دربي كافيه,26.466905,50.01921,Coffee Shop,5.4,0.7439271836932884,Coffee Shop
7390,As Sinaiyah Dist.,Dammam,26.4516938,50.0219097,بارنز,26.443905,50.004707,Coffee Shop,,0.9999185382074512,Coffee Shop
7391,As Sinaiyah Dist.,Dammam,26.4516938,50.0219097,محمصة و قهوة قلم المختصة,26.439188,50.041122,Coffee Shop,,0.6484997255279703,Coffee Shop
7392,As Sinaiyah Dist.,Dammam,26.4516938,50.0219097,Brunch,26.468617,50.036891,Coffee Shop,,0.3117829100488503,Coffee Shop
7393,As Sinaiyah Dist.,Dammam,26.4516938,50.0219097,Zawia,26.432137,50.032256,Coffee Shop,,0.5461393765208078,Coffee Shop
7394,As Sinaiyah Dist.,Dammam,26.4516938,50.0219097,Costiera Coffee,26.467667,50.04129,Coffee Shop,,0.9935686920012587,Coffee Shop
7395,As Sinaiyah Dist.,Dammam,26.4516938,50.0219097,Victoria Maple,26.467916,50.042151,Café,,0.9782236417594882,Coffee Shop
7396,As Sinaiyah Dist.,Dammam,26.4516938,50.0219097,Candyclub,26.467992,50.043277,Café,,0.9743468137203444,Coffee Shop
7397,As Sinaiyah Dist.,Dammam,26.4516938,50.0219097,Inno Store & Coffee,26.468316,50.043393,Coffee Shop,,0.9981187950118712,Coffee Shop
7398,As Sinaiyah Dist.,Dammam,26.4516938,50.0219097,Majlis & Dalla (مجلس و دلة),26.431603,50.039694,Café,,0.9032304840029416,Coffee Shop
7399,As Sinaiyah Dist.,Dammam,26.4516938,50.0219097,Kiwan (كيوان),26.425922,50.0237,Café,,0.7922801654532016,Coffee Shop
7400,As Sinaiyah Dist.,Dammam,26.4516938,50.0219097,Sweet Evolution,26.431205,50.041103,Coffee Shop,,0.4283006556256408,Coffee Shop
7401,As Sinaiyah Dist.,Dammam,26.4516938,50.0219097,Cup Of Karak,26.462324,50.049516,Café,,0.4183543776297417,Coffee Shop
7402,Uhud Dist.,Dammam,26.413333,50.0407401,Tim Hortons (تيم هورتنز),26.414039,50.05423,Coffee Shop,9.0,0.99770064941118,Coffee Shop
7403,Uhud Dist.,Dammam,26.413333,50.0407401,Arabia Cafe (ارابيا كافيه),26.396395,50.042434,Coffee Shop,9.3,0.982744513148764,Coffee Shop
7404,Uhud Dist.,Dammam,26.413333,50.0407401,Ocaso Caffee,26.423561,50.030331,Coffee Shop,8.6,0.9853960165304664,Coffee Shop
7405,Uhud Dist.,Dammam,26.413333,50.0407401,C House Cafe,26.411431,50.047636,Coffee Shop,8.0,0.9638939812944722,Coffee Shop
7406,Uhud Dist.,Dammam,26.413333,50.0407401,One O One Cafe (101 Cafè),26.421524,50.026367,Coffee Shop,8.8,0.9977731514567733,Coffee Shop
7407,Uhud Dist.,Dammam,26.413333,50.0407401,Black (بلاك),26.403736,50.053885,Café,8.8,0.9875089332877606,Coffee Shop
7408,Uhud Dist.,Dammam,26.413333,50.0407401,Road Cafe (قهوة الطريق),26.399002,50.04737,General Contractor,8.7,0.9837388269169024,Coffee Shop
7409,Uhud Dist.,Dammam,26.413333,50.0407401,VERDE (ڤيردي),26.398074,50.047147,Coffee Shop,8.8,0.9866803384809786,Coffee Shop
7410,Uhud Dist.,Dammam,26.413333,50.0407401,OTTO Cafe (اُتّو كافيه),26.405553,50.058367,Coffee Shop,9.0,0.9911236781323473,Coffee Shop
7411,Uhud Dist.,Dammam,26.413333,50.0407401,Dunkin’ Donuts,26.404963,50.05982,Donut Shop,9.1,0.9996892769474568,Coffee Shop
7412,Uhud Dist.,Dammam,26.413333,50.0407401,Suliman Tea (شاي سليمان),26.398181,50.047306,Tea Room,8.7,0.994831639892697,Coffee Shop
7413,Uhud Dist.,Dammam,26.413333,50.0407401,Dip N Dip,26.423853,50.030312,Coffee Shop,8.5,0.9914965457953993,Coffee Shop
7414,Uhud Dist.,Dammam,26.413333,50.0407401,Beyalah Al-Arab (بيالة العرب),26.400524,50.047263,Café,8.5,0.9886586085821708,Coffee Shop
7415,Uhud Dist.,Dammam,26.413333,50.0407401,Eltegaa Coffee,26.405181,50.060962,Coffee Shop,9.1,0.997275994572704,Coffee Shop
7416,Uhud Dist.,Dammam,26.413333,50.0407401,مقهى الفيشاوي,26.404134,50.054717,Café,8.5,0.9935369605071,Coffee Shop
7417,Uhud Dist.,Dammam,26.413333,50.0407401,بكلو,26.408554,50.059054,Café,8.6,0.9811805404509628,Coffee Shop
7418,Uhud Dist.,Dammam,26.413333,50.0407401,Piccolo (پكلو),26.390649,50.036907,Coffee Shop,9.4,0.9984463847372836,Coffee Shop
7419,Uhud Dist.,Dammam,26.413333,50.0407401,Dazzling Cafe (دازلنق كافيه),26.391126,50.038872,Café,9.2,0.995846668531005,Coffee Shop
7420,Uhud Dist.,Dammam,26.413333,50.0407401,Starbucks (ستاربكس),26.391992,50.037006,Coffee Shop,8.9,0.9992853369791505,Coffee Shop
7421,Uhud Dist.,Dammam,26.413333,50.0407401,بيت الكرك,26.392409,50.031289,Café,9.0,0.9999454885474416,Coffee Shop
7422,Uhud Dist.,Dammam,26.413333,50.0407401,Graph Cafe (جراف كافيه),26.407486,50.066796,Coffee Shop,9.2,0.9995339154211852,Coffee Shop
7423,Uhud Dist.,Dammam,26.413333,50.0407401,Starbucks (ستاربكس),26.391323,50.047295,Coffee Shop,9.0,0.9954945157381226,Coffee Shop
7424,Uhud Dist.,Dammam,26.413333,50.0407401,دوز,26.429543,50.040595,Coffee Shop,8.3,0.9970688458710084,Coffee Shop
7425,Uhud Dist.,Dammam,26.413333,50.0407401,Tim Hortons (تيم هورتنز),26.390998,50.039098,Coffee Shop,8.7,0.9971206330464324,Coffee Shop
7426,Uhud Dist.,Dammam,26.413333,50.0407401,Barn’s (بارنز),26.406767,50.014042,Coffee Shop,8.9,0.995473800867953,Coffee Shop
7427,Uhud Dist.,Dammam,26.413333,50.0407401,وادي القهوة,26.396111,50.03789,Coffee Shop,8.3,0.9924183575179444,Coffee Shop
7428,Uhud Dist.,Dammam,26.413333,50.0407401,Bogotá Café (بوقوتا كافيه),26.398316,50.046552,Coffee Shop,8.2,0.9890418336803074,Coffee Shop
7429,Uhud Dist.,Dammam,26.413333,50.0407401,Boho Specialty Coffee (مقهى بوهو للقهوة المختصة),26.390437,50.038466,Coffee Shop,8.7,0.9954841583030378,Coffee Shop
7430,Uhud Dist.,Dammam,26.413333,50.0407401,Karak Basha (كرك باشا),26.404832,50.059683,Tea Room,8.3,0.9830966659416462,Coffee Shop
7431,Uhud Dist.,Dammam,26.413333,50.0407401,dōrā Specialty Coffee (دورا),26.39837,50.046504,Coffee Shop,8.1,0.9715274109519518,Coffee Shop
7432,Uhud Dist.,Dammam,26.413333,50.0407401,GRAPH Cafe,26.412126,50.013902,Coffee Shop,8.7,0.998570673958301,Coffee Shop
7433,Uhud Dist.,Dammam,26.413333,50.0407401,Deera Lounge (ديوانية الديره),26.399248,50.047778,Café,8.1,0.9969756289552456,Coffee Shop
7434,Uhud Dist.,Dammam,26.413333,50.0407401,Road Coffee (قهوة الطريق),26.411859,50.013938,General Contractor,8.6,0.9947280655418492,Coffee Shop
7435,Uhud Dist.,Dammam,26.413333,50.0407401,Camel Coffee Shop,26.400879,50.017201,Coffee Shop,8.4,0.9956084475240552,Coffee Shop
7436,Uhud Dist.,Dammam,26.413333,50.0407401,COPLANT coffee & dessert (كوبلانت),26.398199,50.047318,Coffee Shop,7.9,0.9840599074045304,Coffee Shop
7437,Uhud Dist.,Dammam,26.413333,50.0407401,Starbucks (ستاربكس),26.396443,50.043428,Coffee Shop,7.9,0.9991921200633876,Coffee Shop
7438,Uhud Dist.,Dammam,26.413333,50.0407401,المجدوعي للسيارات,26.40056,50.050688,Coffee Shop,7.8,0.9934955307667608,Coffee Shop
7439,Uhud Dist.,Dammam,26.413333,50.0407401,Art Café,26.391894,50.036045,Coffee Shop,8.1,0.9953184393416814,Coffee Shop
7440,Uhud Dist.,Dammam,26.413333,50.0407401,Tutti Cafe (أنواع القهوة),26.390575,50.039118,Café,8.2,0.9940548322613388,Coffee Shop
7441,Uhud Dist.,Dammam,26.413333,50.0407401,Dunkin’donuts,26.404963,50.05982,Café,8.0,0.9317237879211592,Coffee Shop
7442,Uhud Dist.,Dammam,26.413333,50.0407401,Crépe & Dip,26.390482,50.03855,Café,8.1,0.989570062869631,Coffee Shop
7443,Uhud Dist.,Dammam,26.413333,50.0407401,نويمي كافيه,26.421585,50.02564,Coffee Shop,7.8,0.9975660027550778,Coffee Shop
7444,Uhud Dist.,Dammam,26.413333,50.0407401,L’ETO (لِتو),26.390649,50.036907,Café,8.1,0.9983635252566054,Coffee Shop
7445,Uhud Dist.,Dammam,26.413333,50.0407401,Luxurious (لكشرز),26.39806,50.046742,Coffee Shop,7.8,0.9710716838082216,Coffee Shop
7446,Uhud Dist.,Dammam,26.413333,50.0407401,مجلس و دلة,26.431419,50.039743,Coffee Shop,7.8,0.9861417518565704,Coffee Shop
7447,Uhud Dist.,Dammam,26.413333,50.0407401,Coffee Valley,26.409276,50.058686,Coffee Shop,7.7,0.9973381391832128,Coffee Shop
7448,Uhud Dist.,Dammam,26.413333,50.0407401,Tim Hortons,26.436701,50.033922,Coffee Shop,8.0,0.9998037384117038,Coffee Shop
7449,Uhud Dist.,Dammam,26.413333,50.0407401,Kyan (كيان),26.392297,50.031051,Coffee Shop,7.9,0.9995924619975394,Coffee Shop
7450,Uhud Dist.,Dammam,26.413333,50.0407401,90 Coffee,26.406862,50.05962,Coffee Shop,7.4,0.9252503909931744,Coffee Shop
7451,Uhud Dist.,Dammam,26.413333,50.0407401,Al Shathlya (ديوانية الشاذلية),26.406663,50.059732,Café,7.4,0.9074252452122756,Coffee Shop
7452,Badr Dist.,Dammam,26.4044007,50.0232268,Barn’s (بارنز),26.406767,50.014042,Coffee Shop,8.9,0.995473800867953,Coffee Shop
7453,Badr Dist.,Dammam,26.4044007,50.0232268,Camel Coffee Shop,26.400879,50.017201,Coffee Shop,8.4,0.9956084475240552,Coffee Shop
7454,Badr Dist.,Dammam,26.4044007,50.0232268,GRAPH Cafe,26.412126,50.013902,Coffee Shop,8.7,0.998570673958301,Coffee Shop
7455,Badr Dist.,Dammam,26.4044007,50.0232268,بيت الكرك,26.392409,50.031289,Café,9.0,0.9999454885474416,Coffee Shop
7456,Badr Dist.,Dammam,26.4044007,50.0232268,Road Coffee (قهوة الطريق),26.411859,50.013938,General Contractor,8.6,0.9947280655418492,Coffee Shop
7457,Badr Dist.,Dammam,26.4044007,50.0232268,Piccolo (پكلو),26.390649,50.036907,Coffee Shop,9.4,0.9984463847372836,Coffee Shop
7458,Badr Dist.,Dammam,26.4044007,50.0232268,Arabia Cafe (ارابيا كافيه),26.396395,50.042434,Coffee Shop,9.3,0.982744513148764,Coffee Shop
7459,Badr Dist.,Dammam,26.4044007,50.0232268,Starbucks (ستاربكس),26.391992,50.037006,Coffee Shop,8.9,0.9992853369791505,Coffee Shop
7460,Badr Dist.,Dammam,26.4044007,50.0232268,Dazzling Cafe (دازلنق كافيه),26.391126,50.038872,Café,9.2,0.995846668531005,Coffee Shop
7461,Badr Dist.,Dammam,26.4044007,50.0232268,One O One Cafe (101 Cafè),26.421524,50.026367,Coffee Shop,8.8,0.9977731514567733,Coffee Shop
7462,Badr Dist.,Dammam,26.4044007,50.0232268,Tim Hortons (تيم هورتنز),26.390998,50.039098,Coffee Shop,8.7,0.9971206330464324,Coffee Shop
7463,Badr Dist.,Dammam,26.4044007,50.0232268,Boho Specialty Coffee (مقهى بوهو للقهوة المختصة),26.390437,50.038466,Coffee Shop,8.7,0.9954841583030378,Coffee Shop
7464,Badr Dist.,Dammam,26.4044007,50.0232268,وادي القهوة,26.396111,50.03789,Coffee Shop,8.3,0.9924183575179444,Coffee Shop
7465,Badr Dist.,Dammam,26.4044007,50.0232268,Ocaso Caffee,26.423561,50.030331,Coffee Shop,8.6,0.9853960165304664,Coffee Shop
7466,Badr Dist.,Dammam,26.4044007,50.0232268,VERDE (ڤيردي),26.398074,50.047147,Coffee Shop,8.8,0.9866803384809786,Coffee Shop
7467,Badr Dist.,Dammam,26.4044007,50.0232268,Road Cafe (قهوة الطريق),26.399002,50.04737,General Contractor,8.7,0.9837388269169024,Coffee Shop
7468,Badr Dist.,Dammam,26.4044007,50.0232268,Suliman Tea (شاي سليمان),26.398181,50.047306,Tea Room,8.7,0.994831639892697,Coffee Shop
7469,Badr Dist.,Dammam,26.4044007,50.0232268,Starbucks (ستاربكس),26.391323,50.047295,Coffee Shop,9.0,0.9954945157381226,Coffee Shop
7470,Badr Dist.,Dammam,26.4044007,50.0232268,Dip N Dip,26.423853,50.030312,Coffee Shop,8.5,0.9914965457953993,Coffee Shop
7471,Badr Dist.,Dammam,26.4044007,50.0232268,Coplant (كوبلانت),26.421752,50.003258,Coffee Shop,8.8,0.999738742029895,Coffee Shop
7472,Badr Dist.,Dammam,26.4044007,50.0232268,Molten Chocolate Cafe,26.392602,50.03645,Café,8.2,0.97577395933671,Coffee Shop
7473,Badr Dist.,Dammam,26.4044007,50.0232268,Beyalah Al-Arab (بيالة العرب),26.400524,50.047263,Café,8.5,0.9886586085821708,Coffee Shop
7474,Badr Dist.,Dammam,26.4044007,50.0232268,Art Café,26.391894,50.036045,Coffee Shop,8.1,0.9953184393416814,Coffee Shop
7475,Badr Dist.,Dammam,26.4044007,50.0232268,Patchi Café,26.391421,50.038953,Café,8.2,0.9804140902546892,Coffee Shop
7476,Badr Dist.,Dammam,26.4044007,50.0232268,Kyan (كيان),26.392297,50.031051,Coffee Shop,7.9,0.9995924619975394,Coffee Shop
7477,Badr Dist.,Dammam,26.4044007,50.0232268,Tutti Cafe (أنواع القهوة),26.390575,50.039118,Café,8.2,0.9940548322613388,Coffee Shop
7478,Badr Dist.,Dammam,26.4044007,50.0232268,L’ETO (لِتو),26.390649,50.036907,Café,8.1,0.9983635252566054,Coffee Shop
7479,Badr Dist.,Dammam,26.4044007,50.0232268,Crépe & Dip,26.390482,50.03855,Café,8.1,0.989570062869631,Coffee Shop
7480,Badr Dist.,Dammam,26.4044007,50.0232268,Bogotá Café (بوقوتا كافيه),26.398316,50.046552,Coffee Shop,8.2,0.9890418336803074,Coffee Shop
7481,Badr Dist.,Dammam,26.4044007,50.0232268,dōrā Specialty Coffee (دورا),26.39837,50.046504,Coffee Shop,8.1,0.9715274109519518,Coffee Shop
7482,Badr Dist.,Dammam,26.4044007,50.0232268,Starbucks (ستاربكس),26.396443,50.043428,Coffee Shop,7.9,0.9991921200633876,Coffee Shop
7483,Badr Dist.,Dammam,26.4044007,50.0232268,Deera Lounge (ديوانية الديره),26.399248,50.047778,Café,8.1,0.9969756289552456,Coffee Shop
7484,Badr Dist.,Dammam,26.4044007,50.0232268,نويمي كافيه,26.421585,50.02564,Coffee Shop,7.8,0.9975660027550778,Coffee Shop
7485,Badr Dist.,Dammam,26.4044007,50.0232268,C House Cafe,26.411431,50.047636,Coffee Shop,8.0,0.9638939812944722,Coffee Shop
7486,Badr Dist.,Dammam,26.4044007,50.0232268,ستاربكس,26.38441,50.031037,Coffee Shop,7.9,0.9875162411426842,Coffee Shop
7487,Badr Dist.,Dammam,26.4044007,50.0232268,COPLANT coffee & dessert (كوبلانت),26.398199,50.047318,Coffee Shop,7.9,0.9840599074045304,Coffee Shop
7488,Badr Dist.,Dammam,26.4044007,50.0232268,Luxurious (لكشرز),26.39806,50.046742,Coffee Shop,7.8,0.9710716838082216,Coffee Shop
7489,Badr Dist.,Dammam,26.4044007,50.0232268,المجدوعي للسيارات,26.40056,50.050688,Coffee Shop,7.8,0.9934955307667608,Coffee Shop
7490,Badr Dist.,Dammam,26.4044007,50.0232268,Tim Hortons,26.427405,50.038187,Coffee Shop,7.7,0.9279226092450464,Coffee Shop
7491,Badr Dist.,Dammam,26.4044007,50.0232268,blue star Cafe,26.392161,50.037537,Café,7.4,0.98891754445929,Coffee Shop
7492,Badr Dist.,Dammam,26.4044007,50.0232268,Alfanar Cafe (كافيه الفنار),26.398103,50.042752,Café,7.1,0.9702948761768636,Coffee Shop
7493,Badr Dist.,Dammam,26.4044007,50.0232268,BABA KARAK (بابا كرك),26.415721,50.023935,Tea Room,6.5,0.977659012522139,Coffee Shop
7494,Badr Dist.,Dammam,26.4044007,50.0232268,ديوانية نايف للقهوة العربية,26.396375,50.039419,Café,6.6,0.971019896632798,Coffee Shop
7495,Badr Dist.,Dammam,26.4044007,50.0232268,Abu Haitham Hookabar (مقهى أبوهيثم),26.40146,50.015033,Hookah Bar,6.2,0.9370682244249036,Coffee Shop
7496,Badr Dist.,Dammam,26.4044007,50.0232268,Dose Cafe,26.402912,50.028095,Coffee Shop,,0.9924908595635376,Coffee Shop
7497,Badr Dist.,Dammam,26.4044007,50.0232268,مقهى التراس الشرقي,26.40384,50.01629,Café,,0.9789329770375664,Coffee Shop
7498,Badr Dist.,Dammam,26.4044007,50.0232268,ليالي الخليج,26.402139,50.016275,Café,,0.9137225657438192,Coffee Shop
7499,Badr Dist.,Dammam,26.4044007,50.0232268,Kahve Dünyasi,26.391037,50.038877,Café,6.0,0.9198645247490912,Coffee Shop
7500,Badr Dist.,Dammam,26.4044007,50.0232268,Coffee Valley (وادي القهوة),26.407077,50.015382,Coffee Shop,,0.986058892375892,Coffee Shop
7501,Badr Dist.,Dammam,26.4044007,50.0232268,اسناف,26.397313,50.018856,Coffee Shop,,0.5797283054534739,Coffee Shop
7502,Al Khalij Dist.,Dammam,26.4452769,50.0919874,Eleven Three Specilty Coffee,26.453003,50.080758,Coffee Shop,9.2,0.9832727423380874,Coffee Shop
7503,Al Khalij Dist.,Dammam,26.4452769,50.0919874,dr.CAFE COFFEE | V12 Station | د.كيف كافيه (dr.CAFE COFFEE | د. كيف),26.45616,50.09686,Coffee Shop,9.0,0.9887621829330184,Coffee Shop
7504,Al Khalij Dist.,Dammam,26.4452769,50.0919874,UMQ Coffee (قهوة عُمق),26.45869,50.08524,Coffee Shop,9.5,0.999906783084237,Coffee Shop
7505,Al Khalij Dist.,Dammam,26.4452769,50.0919874,CORE COFFEE & ROASTERY (Core Coffee & Roastery),26.458855,50.093134,Coffee Shop,9.0,0.9788397601218034,Coffee Shop
7506,Al Khalij Dist.,Dammam,26.4452769,50.0919874,Location Coffee (لوكيشن كافيه),26.456777,50.101138,Coffee Shop,8.6,0.947518876425442,Coffee Shop
7507,Al Khalij Dist.,Dammam,26.4452769,50.0919874,Caribou Coffee (كاريبو كوفي),26.458773,50.093211,Coffee Shop,8.5,0.9385286227718568,Coffee Shop
7508,Al Khalij Dist.,Dammam,26.4452769,50.0919874,Starbucks (ستاربكس),26.45491,50.11388,Coffee Shop,9.2,0.99885032470559,Coffee Shop
7509,Al Khalij Dist.,Dammam,26.4452769,50.0919874,AQEEQ (عقيق),26.456635,50.081092,Tea Room,8.4,0.9854788760111446,Coffee Shop
7510,Al Khalij Dist.,Dammam,26.4452769,50.0919874,بن عفيف للقهوة والمكسرات,26.430661,50.078078,Coffee Shop,8.7,0.9834281038643592,Coffee Shop
7511,Al Khalij Dist.,Dammam,26.4452769,50.0919874,المذاق المغربي,26.459282,50.095385,Coffee Shop,8.2,0.9877885840350497,Coffee Shop
7512,Al Khalij Dist.,Dammam,26.4452769,50.0919874,3.C Café,26.458341,50.092317,Café,8.0,0.9940134025209996,Coffee Shop
7513,Al Khalij Dist.,Dammam,26.4452769,50.0919874,Morth Coffee (مورث),26.459396,50.088284,Coffee Shop,8.0,0.96330360749464,Coffee Shop
7514,Al Khalij Dist.,Dammam,26.4452769,50.0919874,كوخ الكرك,26.46131,50.092482,Café,8.1,0.9412319133289831,Coffee Shop
7515,Al Khalij Dist.,Dammam,26.4452769,50.0919874,Cafficha (كافيشا),26.461947,50.092263,Coffee Shop,8.1,0.9906161638131932,Coffee Shop
7516,Al Khalij Dist.,Dammam,26.4452769,50.0919874,TREEPICA Café,26.458456,50.080743,Coffee Shop,8.1,0.9546447917637676,Coffee Shop
7517,Al Khalij Dist.,Dammam,26.4452769,50.0919874,كاريبو,26.454459,50.105536,"Cafe, Coffee, and Tea House",8.0,0.9481817522708677,Coffee Shop
7518,Al Khalij Dist.,Dammam,26.4452769,50.0919874,Marsa Café,26.460289,50.112737,Café,8.5,0.9743032035546716,Coffee Shop
7519,Al Khalij Dist.,Dammam,26.4452769,50.0919874,Best Cafe,26.42899,50.068337,Coffee Shop,8.6,0.9896529223503092,Coffee Shop
7520,Al Khalij Dist.,Dammam,26.4452769,50.0919874,Starbucks (ستاربكس),26.422585,50.091569,Coffee Shop,8.3,0.9801344395074004,Coffee Shop
7521,Al Khalij Dist.,Dammam,26.4452769,50.0919874,Starbucks (ستاربكس),26.431259,50.08409,Coffee Shop,7.9,0.9854270888357208,Coffee Shop
7522,Al Khalij Dist.,Dammam,26.4452769,50.0919874,Tim Hortons,26.430882,50.068133,Coffee Shop,8.4,0.991279039658619,Coffee Shop
7523,Al Khalij Dist.,Dammam,26.4452769,50.0919874,ستاربكس,26.438295,50.08364,Coffee Shop,7.6,0.97508001118603,Coffee Shop
7524,Al Khalij Dist.,Dammam,26.4452769,50.0919874,بوفية عزيز,26.423848,50.094082,Café,8.1,0.9648468653222716,Coffee Shop
7525,Al Khalij Dist.,Dammam,26.4452769,50.0919874,Tim Hortons,26.456027,50.105241,Coffee Shop,7.8,0.9518793565961324,Coffee Shop
7526,Al Khalij Dist.,Dammam,26.4452769,50.0919874,ستاربكس,26.464957,50.091795,Coffee Shop,7.8,0.9753700193684036,Coffee Shop
7527,Al Khalij Dist.,Dammam,26.4452769,50.0919874,Zaffron Lounge (ديوانية زعفران),26.421009,50.100572,Café,8.0,0.9594609990781884,Coffee Shop
7528,Al Khalij Dist.,Dammam,26.4452769,50.0919874,قهوة الطريق,26.439674,50.118311,Coffee Shop,7.8,0.9658515365254948,Coffee Shop
7529,Al Khalij Dist.,Dammam,26.4452769,50.0919874,Scarface,26.454049,50.120242,Coffee Shop,7.9,0.9734228215724658,Coffee Shop
7530,Al Khalij Dist.,Dammam,26.4452769,50.0919874,bREw’s (بروز),26.421533,50.090762,Coffee Shop,7.8,0.9774518638204436,Coffee Shop
7531,Al Khalij Dist.,Dammam,26.4452769,50.0919874,ستاربكس,26.428519,50.107585,Coffee Shop,7.7,0.9473220851588312,Coffee Shop
7532,Al Khalij Dist.,Dammam,26.4452769,50.0919874,Avenue cafe,26.421009,50.101281,Café,7.7,0.9604035256709028,Coffee Shop
7533,Al Khalij Dist.,Dammam,26.4452769,50.0919874,ركن الشاهي,26.420883,50.097528,Tea Room,7.5,0.9583423960890324,Coffee Shop
7534,Al Khalij Dist.,Dammam,26.4452769,50.0919874,Keen Cafe,26.461207,50.077944,Coffee Shop,7.4,0.9811080384053692,Coffee Shop
7535,Al Khalij Dist.,Dammam,26.4452769,50.0919874,Pianolla Cafe,26.463552,50.11385,General Contractor,8.1,0.9560741178054668,Coffee Shop
7536,Al Khalij Dist.,Dammam,26.4452769,50.0919874,مجلس كرك وچباتي,26.443943,50.070307,Café,7.3,0.9481403225305284,Coffee Shop
7537,Al Khalij Dist.,Dammam,26.4452769,50.0919874,Majlesi Karak & Chapati,26.443974,50.070418,Café,7.2,0.962889310091249,Coffee Shop
7538,Al Khalij Dist.,Dammam,26.4452769,50.0919874,أروما كافيه,26.445943,50.071318,Coffee Shop,6.5,0.921024557478586,Coffee Shop
7539,Al Khalij Dist.,Dammam,26.4452769,50.0919874,Dose (دوز),26.447072,50.097542,Coffee Shop,,0.9713927642958498,Coffee Shop
7540,Al Khalij Dist.,Dammam,26.4452769,50.0919874,Dunkin (ADNOC),26.44999,50.08405,Donut Shop,,0.9939409004754064,Coffee Shop
7541,Al Khalij Dist.,Dammam,26.4452769,50.0919874,انتقاء القهوة,26.446984,50.103129,Coffee Shop,,0.965012584283628,Coffee Shop
7542,Al Khalij Dist.,Dammam,26.4452769,50.0919874,Coffee eltgaa,26.44643,50.103275,Coffee Shop,,0.9780629524904452,Coffee Shop
7543,Al Khalij Dist.,Dammam,26.4452769,50.0919874,Griffiths | Café,26.454715,50.096413,Coffee Shop,,0.9302633895742058,Coffee Shop
7544,Al Khalij Dist.,Dammam,26.4452769,50.0919874,إلتقاء القهوة,26.447015,50.103239,Coffee Shop,,0.229261825601508,Coffee Shop
7545,Al Khalij Dist.,Dammam,26.4452769,50.0919874,Kayan (كيان),26.435393,50.088411,Coffee Shop,,0.9834591761696132,Coffee Shop
7546,Al Khalij Dist.,Dammam,26.4452769,50.0919874,مقهى زمن الطيبين,26.4462,50.10446,Café,,0.9534536867290184,Coffee Shop
7547,Al Khalij Dist.,Dammam,26.4452769,50.0919874,Ben’s Cookies,26.458233,50.092459,Coffee Shop,,0.96445328278905,Coffee Shop
7548,Al Khalij Dist.,Dammam,26.4452769,50.0919874,حكايات,26.459292,50.09079,Café,,0.2037514629877057,Coffee Shop
7549,Al Khalij Dist.,Dammam,26.4452769,50.0919874,Reds Caffe,26.438697,50.105965,Café,,0.8999575345161525,Coffee Shop
7550,Al Khalij Dist.,Dammam,26.4452769,50.0919874,Back Team Coffee,26.454762,50.105609,Coffee Shop,,0.9653647370765104,Coffee Shop
7551,Al Khalij Dist.,Dammam,26.4452769,50.0919874,Segafredo,26.454967,50.105817,Café,,0.0358885125687474,Coffee Shop
7552,Ar Rawdah Dist.,Dammam,26.4016312,50.0815576,Ghmr Coffee Roasters (محمصة ومقهى غمر),26.401439,50.075771,Coffee Shop,9.3,0.9739614081968742,Coffee Shop
7553,Ar Rawdah Dist.,Dammam,26.4016312,50.0815576,Maskob (مسكوب),26.399238,50.07546,Tea Room,9.2,0.9983117380811816,Coffee Shop
7554,Ar Rawdah Dist.,Dammam,26.4016312,50.0815576,Kiva Han Coffee,26.399323,50.075423,Coffee Shop,9.2,0.9994510559405068,Coffee Shop
7555,Ar Rawdah Dist.,Dammam,26.4016312,50.0815576,Kiva Han Coffee (كيفاهان كافيه),26.399511,50.075287,Coffee Shop,9.1,0.9994717708106764,Coffee Shop
7556,Ar Rawdah Dist.,Dammam,26.4016312,50.0815576,Wacafe (وكف),26.395581,50.077931,Coffee Shop,9.5,0.9999378553894912,Coffee Shop
7557,Ar Rawdah Dist.,Dammam,26.4016312,50.0815576,Piccolo (پكلو),26.400312,50.073604,Coffee Shop,9.3,0.998477457042538,Coffee Shop
7558,Ar Rawdah Dist.,Dammam,26.4016312,50.0815576,Starbucks (ستاربكس),26.400747,50.073338,Coffee Shop,9.2,0.9902743684553956,Coffee Shop
7559,Ar Rawdah Dist.,Dammam,26.4016312,50.0815576,Starbucks (ستاربكس),26.395243,50.078138,Coffee Shop,9.1,0.9934541010264218,Coffee Shop
7560,Ar Rawdah Dist.,Dammam,26.4016312,50.0815576,UMQ Coffee (قهوة عُمق),26.397581,50.092256,Coffee Shop,9.6,0.9996374897720328,Coffee Shop
7561,Ar Rawdah Dist.,Dammam,26.4016312,50.0815576,happiness Cups (أكواب السعادة),26.408046,50.071857,Coffee Shop,9.1,0.9955566603486312,Coffee Shop
7562,Ar Rawdah Dist.,Dammam,26.4016312,50.0815576,شاي بن بخار,26.408031,50.07192,Café,8.9,0.9699945105594052,Coffee Shop
7563,Ar Rawdah Dist.,Dammam,26.4016312,50.0815576,Gravity Cafe (قراڤيتي كافيه),26.393605,50.072297,Café,9.0,0.9810873235351998,Coffee Shop
7564,Ar Rawdah Dist.,Dammam,26.4016312,50.0815576,Shatea Teashop (الشاطئ شاي بخار),26.393422,50.072058,Tea Room,9.0,0.9961884638888026,Coffee Shop
7565,Ar Rawdah Dist.,Dammam,26.4016312,50.0815576,THiRD WAVE | Al-Faisaliyah (ثيردويڤ | الفيصلية),26.391714,50.072738,Coffee Roaster,9.1,0.9977110068462646,Coffee Shop
7566,Ar Rawdah Dist.,Dammam,26.4016312,50.0815576,Frieze Cafe (فريز كافيه),26.404999,50.070413,Coffee Shop,8.8,0.988047519912169,Coffee Shop
7567,Ar Rawdah Dist.,Dammam,26.4016312,50.0815576,Karak Albait (كرك البيت),26.392967,50.09158,Café,9.0,0.956975214657842,Coffee Shop
7568,Ar Rawdah Dist.,Dammam,26.4016312,50.0815576,Dunkin' Donuts (دانكن دونتس),26.403195,50.077633,Coffee Shop,8.0,0.9707609607556784,Coffee Shop
7569,Ar Rawdah Dist.,Dammam,26.4016312,50.0815576,Graph Cafe (جراف كافيه),26.407486,50.066796,Coffee Shop,9.2,0.9995339154211852,Coffee Shop
7570,Ar Rawdah Dist.,Dammam,26.4016312,50.0815576,Dunkin' Donuts (دانكن دونتس),26.411861,50.072033,Coffee Shop,8.9,0.989342199297766,Coffee Shop
7571,Ar Rawdah Dist.,Dammam,26.4016312,50.0815576,Starbucks (ستاربكس),26.411946,50.093566,Coffee Shop,9.1,0.9796062103180768,Coffee Shop
7572,Ar Rawdah Dist.,Dammam,26.4016312,50.0815576,Tim Hortons (تيم هورتنز),26.411544,50.092832,Coffee Shop,9.0,0.986846057442335,Coffee Shop
7573,Ar Rawdah Dist.,Dammam,26.4016312,50.0815576,Dose (دوز),26.399474,50.066841,Coffee Shop,8.7,0.9884307450103056,Coffee Shop
7574,Ar Rawdah Dist.,Dammam,26.4016312,50.0815576,Starbucks (ستاربكس),26.387181,50.075059,Coffee Shop,9.1,0.9935162456369304,Coffee Shop
7575,Ar Rawdah Dist.,Dammam,26.4016312,50.0815576,Bitten (بيتن),26.400442,50.096558,Coffee Shop,8.7,0.9888036126733576,Coffee Shop
7576,Ar Rawdah Dist.,Dammam,26.4016312,50.0815576,Brunswick (برانزويك),26.390273,50.065937,Bakery,9.5,0.9977938663269428,Coffee Shop
7577,Ar Rawdah Dist.,Dammam,26.4016312,50.0815576,Starbucks (ستاربكس),26.412554,50.071022,Coffee Shop,8.7,0.9596785052149686,Coffee Shop
7578,Ar Rawdah Dist.,Dammam,26.4016312,50.0815576,Lute,26.391378,50.073892,Coffee Shop,8.4,0.9750696537509452,Coffee Shop
7579,Ar Rawdah Dist.,Dammam,26.4016312,50.0815576,Coach Cup (كوتش كب),26.395831,50.089747,Café,8.2,0.95684056800174,Coffee Shop
7580,Ar Rawdah Dist.,Dammam,26.4016312,50.0815576,All Day (اول دي),26.404895,50.102219,Café,9.4,0.991745124237434,Coffee Shop
7581,Ar Rawdah Dist.,Dammam,26.4016312,50.0815576,Eltegaa Coffee,26.405181,50.060962,Coffee Shop,9.1,0.997275994572704,Coffee Shop
7582,Ar Rawdah Dist.,Dammam,26.4016312,50.0815576,Pages Coffee,26.400216,50.0973,Coffee Shop,8.5,0.9913929714445516,Coffee Shop
7583,Ar Rawdah Dist.,Dammam,26.4016312,50.0815576,Dunkin’ Donuts,26.404963,50.05982,Donut Shop,9.1,0.9996892769474568,Coffee Shop
7584,Ar Rawdah Dist.,Dammam,26.4016312,50.0815576,Black Tea (الشاي الاسود),26.398351,50.093591,Tea Room,8.2,0.9561259049808906,Coffee Shop
7585,Ar Rawdah Dist.,Dammam,26.4016312,50.0815576,Onda (اوندا),26.40564,50.101155,Coffee Shop,8.8,0.97646790748739,Coffee Shop
7586,Ar Rawdah Dist.,Dammam,26.4016312,50.0815576,Otten (اوتن),26.391985,50.104063,Coffee Shop,9.5,0.9999896425649152,Coffee Shop
7587,Ar Rawdah Dist.,Dammam,26.4016312,50.0815576,The Garden (ذا قاردن),26.38441,50.096408,Coffee Shop,9.2,0.9931951651493024,Coffee Shop
7588,Ar Rawdah Dist.,Dammam,26.4016312,50.0815576,Starbucks (ستاربكس),26.399071,50.104867,Coffee Shop,9.0,0.988544676796238,Coffee Shop
7589,Ar Rawdah Dist.,Dammam,26.4016312,50.0815576,OTTO Cafe (اُتّو كافيه),26.405553,50.058367,Coffee Shop,9.0,0.9911236781323473,Coffee Shop
7590,Ar Rawdah Dist.,Dammam,26.4016312,50.0815576,Starbucks (ستاربكس),26.412921,50.100693,Coffee Shop,8.9,0.9922319236864184,Coffee Shop
7591,Ar Rawdah Dist.,Dammam,26.4016312,50.0815576,Tim Hortons,26.379768,50.086661,Coffee Shop,9.0,0.9961573915835482,Coffee Shop
7592,Ar Rawdah Dist.,Dammam,26.4016312,50.0815576,Chart (تشارت),26.384994,50.100857,Coffee Shop,9.4,0.997876725807621,Coffee Shop
7593,Ar Rawdah Dist.,Dammam,26.4016312,50.0815576,Coffee Warehouse (مستودع القهوة),26.39495,50.104782,Coffee Shop,8.9,0.989425058778444,Coffee Shop
7594,Ar Rawdah Dist.,Dammam,26.4016312,50.0815576,Caffé Bene (كافيه بيني),26.387319,50.074964,Coffee Shop,8.2,0.98568602471284,Coffee Shop
7595,Ar Rawdah Dist.,Dammam,26.4016312,50.0815576,LAMBDA (لامدا),26.381123,50.098818,Coffee Shop,9.4,0.992656578524894,Coffee Shop
7596,Ar Rawdah Dist.,Dammam,26.4016312,50.0815576,Barnie's (بارنيز),26.420721,50.073482,Coffee Shop,8.5,0.9910097463464148,Coffee Shop
7597,Ar Rawdah Dist.,Dammam,26.4016312,50.0815576,Starbucks (ستاربكس),26.411037,50.109414,Coffee Shop,9.2,0.9986846057442336,Coffee Shop
7598,Ar Rawdah Dist.,Dammam,26.4016312,50.0815576,بكلو,26.408554,50.059054,Café,8.6,0.9811805404509628,Coffee Shop
7599,Ar Rawdah Dist.,Dammam,26.4016312,50.0815576,سقيفة شاي,26.392332,50.072689,Tea Room,7.9,0.9692487752333012,Coffee Shop
7600,Ar Rawdah Dist.,Dammam,26.4016312,50.0815576,Black (بلاك),26.403736,50.053885,Café,8.8,0.9875089332877606,Coffee Shop
7601,Ar Rawdah Dist.,Dammam,26.4016312,50.0815576,Road Café,26.377219,50.089819,Coffee Shop,8.8,0.9914861883603144,Coffee Shop
7602,Taibah Dist.,Dammam,26.3592377,50.0438144,حار و بارد,26.360558,50.043741,Tea Room,8.4,0.9970999181762628,Coffee Shop
7603,Taibah Dist.,Dammam,26.3592377,50.0438144,Moroccan Taste (المذاق المغربي),26.360928,50.044353,Coffee Shop,8.2,0.997835296067282,Coffee Shop
7604,Taibah Dist.,Dammam,26.3592377,50.0438144,Frieze Cafe (فريز كافيه),26.361303,50.045037,Café,8.2,0.889869392743581,Coffee Shop
7605,Taibah Dist.,Dammam,26.3592377,50.0438144,3 Gram (٣ جرام),26.350862,50.040623,Coffee Shop,8.8,0.9942101937876104,Coffee Shop
7606,Taibah Dist.,Dammam,26.3592377,50.0438144,UMQ COFFEE (قهوة عُمق),26.347979,50.049508,Coffee Shop,9.5,0.9998860682140674,Coffee Shop
7607,Taibah Dist.,Dammam,26.3592377,50.0438144,Chemistry Coffee (كيمستري كوفي),26.345615,50.046554,Coffee Shop,9.1,0.9986224611337248,Coffee Shop
7608,Taibah Dist.,Dammam,26.3592377,50.0438144,Sekkat Alkaif (سِكة الكَّيف),26.370125,50.053228,Coffee Roaster,9.0,0.9969341992149064,Coffee Shop
7609,Taibah Dist.,Dammam,26.3592377,50.0438144,ستاربكس,26.345684,50.046775,Coffee Shop,8.9,0.987902515820982,Coffee Shop
7610,Taibah Dist.,Dammam,26.3592377,50.0438144,Thermocup (ثيرموكب),26.370711,50.054375,Coffee Shop,8.9,0.9718795637448342,Coffee Shop
7611,Taibah Dist.,Dammam,26.3592377,50.0438144,ADAM (ادم),26.370354,50.05709,Coffee Shop,9.0,0.983200240292494,Coffee Shop
7612,Taibah Dist.,Dammam,26.3592377,50.0438144,شاي بخار,26.369921,50.05298,Tea Room,8.4,0.984764212990295,Coffee Shop
7613,Taibah Dist.,Dammam,26.3592377,50.0438144,Zelebrity Cafe,26.378192,50.058436,Coffee Shop,9.3,0.9972863520077888,Coffee Shop
7614,Taibah Dist.,Dammam,26.3592377,50.0438144,رانش برجر,26.371054,50.047477,Social Club,8.1,0.9790779811287532,Coffee Shop
7615,Taibah Dist.,Dammam,26.3592377,50.0438144,قهوة الطريق,26.369966,50.027503,General Contractor,8.3,0.9998862181585488,Coffee Shop
7616,Taibah Dist.,Dammam,26.3592377,50.0438144,Starbucks (ستاربكس),26.356493,50.015745,Coffee Shop,9.0,0.9998637468174614,Coffee Shop
7617,Taibah Dist.,Dammam,26.3592377,50.0438144,The Coffee Lab (مختبر القهوة),26.384123,50.054619,Coffee Shop,8.9,0.9980320873338926,Coffee Shop
7618,Taibah Dist.,Dammam,26.3592377,50.0438144,Alkarak,26.362895,50.072419,Restaurant,8.8,0.9957741664854116,Coffee Shop
7619,Taibah Dist.,Dammam,26.3592377,50.0438144,Road Café (قهوة الطريق),26.3781,50.059052,General Contractor,8.5,0.98592424571979,Coffee Shop
7620,Taibah Dist.,Dammam,26.3592377,50.0438144,Dunkin’ Donuts Drive-Through,26.350529,50.018764,Coffee Shop,8.5,0.9999057119833198,Coffee Shop
7621,Taibah Dist.,Dammam,26.3592377,50.0438144,كرك و چباتي Kark wa Shapaty,26.372248,50.063735,Coffee Shop,8.4,0.9878300137753888,Coffee Shop
7622,Taibah Dist.,Dammam,26.3592377,50.0438144,مقهى ديوانية كيف النشاما,26.356911,50.060981,Coffee Shop,7.9,0.9737024723197548,Coffee Shop
7623,Taibah Dist.,Dammam,26.3592377,50.0438144,شاي ابو شنب,26.381342,50.057009,Tea Room,8.4,0.9774104340801044,Coffee Shop
7624,Taibah Dist.,Dammam,26.3592377,50.0438144,Road Café (قهوة الطريق),26.365835,50.026655,General Contractor,7.9,0.993401213070686,Coffee Shop
7625,Taibah Dist.,Dammam,26.3592377,50.0438144,360 Coffee,26.363435,50.073519,Coffee Shop,8.5,0.2149789226196024,Coffee Shop
7626,Taibah Dist.,Dammam,26.3592377,50.0438144,Kafeena (كافينا),26.378439,50.04884,Coffee Shop,8.0,0.9919108431987904,Coffee Shop
7627,Taibah Dist.,Dammam,26.3592377,50.0438144,Checkmate (تشك ميت),26.36128,50.069598,Café,8.0,0.918859853545868,Coffee Shop
7628,Taibah Dist.,Dammam,26.3592377,50.0438144,ديوانية شبرا,26.340871,50.035391,Coffee Shop,7.9,0.9864110451687744,Coffee Shop
7629,Taibah Dist.,Dammam,26.3592377,50.0438144,قهوة الطريق,26.376112,50.046317,Café,7.7,0.9913308268340428,Coffee Shop
7630,Taibah Dist.,Dammam,26.3592377,50.0438144,ستاربكس,26.377213,50.041764,Coffee Shop,7.8,0.9764782649224746,Coffee Shop
7631,Taibah Dist.,Dammam,26.3592377,50.0438144,Manto Rose (مانتو روز),26.355189,50.070963,Coffee Shop,8.0,0.9661519021429532,Coffee Shop
7632,Taibah Dist.,Dammam,26.3592377,50.0438144,القهوة الشعبية,26.367614,50.050518,Coffee Shop,7.4,0.9049083884866752,Coffee Shop
7633,Taibah Dist.,Dammam,26.3592377,50.0438144,Sever,26.369747,50.057648,Coffee Shop,7.6,0.8763115102176097,Coffee Shop
7634,Taibah Dist.,Dammam,26.3592377,50.0438144,barn’s (بارنز),26.382694,50.055268,Coffee Shop,7.9,0.9943448404437124,Coffee Shop
7635,Taibah Dist.,Dammam,26.3592377,50.0438144,KYAN (كيان),26.360959,50.073285,Coffee Shop,7.8,0.9865456918248764,Coffee Shop
7636,Taibah Dist.,Dammam,26.3592377,50.0438144,مقهى بوهيثم,26.364224,50.028799,Café,7.3,0.996840422557918,Coffee Shop
7637,Taibah Dist.,Dammam,26.3592377,50.0438144,ديوانية وقت القهوة,26.374046,50.043193,Café,7.2,0.979647640058416,Coffee Shop
7638,Taibah Dist.,Dammam,26.3592377,50.0438144,Mêler Bakery & Coffee,26.378166,50.058582,Coffee Shop,7.3,0.944794870998146,Coffee Shop
7639,Taibah Dist.,Dammam,26.3592377,50.0438144,Bogotá Café,26.349178,50.01883,Coffee Shop,7.3,0.9893629141679354,Coffee Shop
7640,Taibah Dist.,Dammam,26.3592377,50.0438144,Road Café (قهوة الطريق),26.350577,50.019029,General Contractor,7.0,0.9870938919052148,Coffee Shop
7641,Taibah Dist.,Dammam,26.3592377,50.0438144,كيف النشاما,26.363351,50.040042,Café,6.2,0.956892355177164,Coffee Shop
7642,Taibah Dist.,Dammam,26.3592377,50.0438144,ديوانية الأجاويد,26.357805,50.062283,Coffee Shop,6.3,0.9554941014407192,Coffee Shop
7643,Taibah Dist.,Dammam,26.3592377,50.0438144,كيان,26.360741,50.042125,Coffee Shop,,0.9984049549969446,Coffee Shop
7644,Taibah Dist.,Dammam,26.3592377,50.0438144,رمث,26.361658,50.042679,Tea Room,,0.7106236211664544,Coffee Shop
7645,Taibah Dist.,Dammam,26.3592377,50.0438144,كوفي طرقي,26.362434,50.0436,Café,,0.8641622388631679,Coffee Shop
7646,Taibah Dist.,Dammam,26.3592377,50.0438144,بلياردو كوفي شوب,26.365961,50.037339,Coffee Shop,,0.9658826088307492,Coffee Shop
7647,Taibah Dist.,Dammam,26.3592377,50.0438144,Shai Rahy (شاهي راهي),26.351841,50.050056,Tea Room,,0.9961056044081243,Coffee Shop
7648,Taibah Dist.,Dammam,26.3592377,50.0438144,Blue Sky,26.34927,50.05166,Café,,0.9644014956136262,Coffee Shop
7649,Taibah Dist.,Dammam,26.3592377,50.0438144,كوڤ,26.347519,50.049471,Coffee Shop,,0.7705724554371356,Coffee Shop
7650,Taibah Dist.,Dammam,26.3592377,50.0438144,كوف,26.347242,50.049153,Coffee Shop,,0.8347781955276595,Coffee Shop
7651,Taibah Dist.,Dammam,26.3592377,50.0438144,Manto Rose (مانتو روز),26.346444,50.047498,Coffee Shop,,0.3119038001429326,Coffee Shop
7652,Al Jamiyin Dist.,Dammam,26.394435,50.097845,UMQ Coffee (قهوة عُمق),26.397581,50.092256,Coffee Shop,9.6,0.9996374897720328,Coffee Shop
7653,Al Jamiyin Dist.,Dammam,26.394435,50.097845,Otten (اوتن),26.391985,50.104063,Coffee Shop,9.5,0.9999896425649152,Coffee Shop
7654,Al Jamiyin Dist.,Dammam,26.394435,50.097845,Karak Albait (كرك البيت),26.392967,50.09158,Café,9.0,0.956975214657842,Coffee Shop
7655,Al Jamiyin Dist.,Dammam,26.394435,50.097845,Coffee Warehouse (مستودع القهوة),26.39495,50.104782,Coffee Shop,8.9,0.989425058778444,Coffee Shop
7656,Al Jamiyin Dist.,Dammam,26.394435,50.097845,Bitten (بيتن),26.400442,50.096558,Coffee Shop,8.7,0.9888036126733576,Coffee Shop
7657,Al Jamiyin Dist.,Dammam,26.394435,50.097845,Starbucks (ستاربكس),26.399071,50.104867,Coffee Shop,9.0,0.988544676796238,Coffee Shop
7658,Al Jamiyin Dist.,Dammam,26.394435,50.097845,Chart (تشارت),26.384994,50.100857,Coffee Shop,9.4,0.997876725807621,Coffee Shop
7659,Al Jamiyin Dist.,Dammam,26.394435,50.097845,Pages Coffee,26.400216,50.0973,Coffee Shop,8.5,0.9913929714445516,Coffee Shop
7660,Al Jamiyin Dist.,Dammam,26.394435,50.097845,The Garden (ذا قاردن),26.38441,50.096408,Coffee Shop,9.2,0.9931951651493024,Coffee Shop
7661,Al Jamiyin Dist.,Dammam,26.394435,50.097845,All Day (اول دي),26.404895,50.102219,Café,9.4,0.991745124237434,Coffee Shop
7662,Al Jamiyin Dist.,Dammam,26.394435,50.097845,LAMBDA (لامدا),26.381123,50.098818,Coffee Shop,9.4,0.992656578524894,Coffee Shop
7663,Al Jamiyin Dist.,Dammam,26.394435,50.097845,Black Tea (الشاي الاسود),26.398351,50.093591,Tea Room,8.2,0.9561259049808906,Coffee Shop
7664,Al Jamiyin Dist.,Dammam,26.394435,50.097845,Onda (اوندا),26.40564,50.101155,Coffee Shop,8.8,0.97646790748739,Coffee Shop
7665,Al Jamiyin Dist.,Dammam,26.394435,50.097845,Turkistachio (تركستاشيو),26.382325,50.103675,Café,8.8,0.973412464137381,Coffee Shop
7666,Al Jamiyin Dist.,Dammam,26.394435,50.097845,Coach Cup (كوتش كب),26.395831,50.089747,Café,8.2,0.95684056800174,Coffee Shop
7667,Al Jamiyin Dist.,Dammam,26.394435,50.097845,KYAN (كيان),26.383775,50.097323,Coffee Shop,8.4,0.9895907777398004,Coffee Shop
7668,Al Jamiyin Dist.,Dammam,26.394435,50.097845,Road Cafe,26.389654,50.112863,Coffee Shop,8.8,0.9705227397487286,Coffee Shop
7669,Al Jamiyin Dist.,Dammam,26.394435,50.097845,Park Coffee,26.382487,50.097539,Coffee Shop,8.5,0.9824337900962206,Coffee Shop
7670,Al Jamiyin Dist.,Dammam,26.394435,50.097845,Wacafe (وكف),26.395581,50.077931,Coffee Shop,9.5,0.9999378553894912,Coffee Shop
7671,Al Jamiyin Dist.,Dammam,26.394435,50.097845,Road Cafe (قهوة الطريق),26.380634,50.10353,General Contractor,8.7,0.9772032853784088,Coffee Shop
7672,Al Jamiyin Dist.,Dammam,26.394435,50.097845,Mafaz (مَفَاز),26.406929,50.112725,Coffee Shop,9.4,0.9971620627867714,Coffee Shop
7673,Al Jamiyin Dist.,Dammam,26.394435,50.097845,Starbucks (ستاربكس),26.395243,50.078138,Coffee Shop,9.1,0.9934541010264218,Coffee Shop
7674,Al Jamiyin Dist.,Dammam,26.394435,50.097845,Starbucks (ستاربكس),26.411946,50.093566,Coffee Shop,9.1,0.9796062103180768,Coffee Shop
7675,Al Jamiyin Dist.,Dammam,26.394435,50.097845,Tim Hortons,26.379768,50.086661,Coffee Shop,9.0,0.9961573915835482,Coffee Shop
7676,Al Jamiyin Dist.,Dammam,26.394435,50.097845,Starbucks (ستاربكس),26.401618,50.115742,Coffee Shop,8.9,0.9674258666583808,Coffee Shop
7677,Al Jamiyin Dist.,Dammam,26.394435,50.097845,Tim Hortons (تيم هورتنز),26.411544,50.092832,Coffee Shop,9.0,0.986846057442335,Coffee Shop
7678,Al Jamiyin Dist.,Dammam,26.394435,50.097845,Starbucks (ستاربكس),26.411037,50.109414,Coffee Shop,9.2,0.9986846057442336,Coffee Shop
7679,Al Jamiyin Dist.,Dammam,26.394435,50.097845,Starbucks (ستاربكس),26.400343,50.117202,Coffee Shop,8.9,0.9902018664098022,Coffee Shop
7680,Al Jamiyin Dist.,Dammam,26.394435,50.097845,Maskob (مسكوب),26.399238,50.07546,Tea Room,9.2,0.9983117380811816,Coffee Shop
7681,Al Jamiyin Dist.,Dammam,26.394435,50.097845,Ghmr Coffee Roasters (محمصة ومقهى غمر),26.401439,50.075771,Coffee Shop,9.3,0.9739614081968742,Coffee Shop
7682,Al Jamiyin Dist.,Dammam,26.394435,50.097845,Starbucks (ستاربكس),26.412921,50.100693,Coffee Shop,8.9,0.9922319236864184,Coffee Shop
7683,Al Jamiyin Dist.,Dammam,26.394435,50.097845,Kiva Han Coffee,26.399323,50.075423,Coffee Shop,9.2,0.9994510559405068,Coffee Shop
7684,Al Jamiyin Dist.,Dammam,26.394435,50.097845,Kiva Han Coffee (كيفاهان كافيه),26.399511,50.075287,Coffee Shop,9.1,0.9994717708106764,Coffee Shop
7685,Al Jamiyin Dist.,Dammam,26.394435,50.097845,Road Café,26.377219,50.089819,Coffee Shop,8.8,0.9914861883603144,Coffee Shop
7686,Al Jamiyin Dist.,Dammam,26.394435,50.097845,Ojair Coffee (اوجير كوفي),26.411095,50.114829,Coffee Shop,9.4,0.996996343825415,Coffee Shop
7687,Al Jamiyin Dist.,Dammam,26.394435,50.097845,Piccolo (پكلو),26.400312,50.073604,Coffee Shop,9.3,0.998477457042538,Coffee Shop
7688,Al Jamiyin Dist.,Dammam,26.394435,50.097845,8Oz Speciality Coffee,26.372696,50.099472,Coffee Shop,9.1,0.9978663683725362,Coffee Shop
7689,Al Jamiyin Dist.,Dammam,26.394435,50.097845,Starbucks (ستاربكس),26.387181,50.075059,Coffee Shop,9.1,0.9935162456369304,Coffee Shop
7690,Al Jamiyin Dist.,Dammam,26.394435,50.097845,Starbucks (ستاربكس),26.400747,50.073338,Coffee Shop,9.2,0.9902743684553956,Coffee Shop
7691,Al Jamiyin Dist.,Dammam,26.394435,50.097845,THiRD WAVE | Al-Faisaliyah (ثيردويڤ | الفيصلية),26.391714,50.072738,Coffee Roaster,9.1,0.9977110068462646,Coffee Shop
7692,Al Jamiyin Dist.,Dammam,26.394435,50.097845,شغف,26.406726,50.103451,Coffee Shop,8.2,0.9665765569814292,Coffee Shop
7693,Al Jamiyin Dist.,Dammam,26.394435,50.097845,Starbucks (ستاربكس),26.371507,50.095822,Coffee Shop,9.1,0.9977627940216884,Coffee Shop
7694,Al Jamiyin Dist.,Dammam,26.394435,50.097845,Tim Hortons (تيم هورتنز),26.400097,50.116794,Coffee Shop,8.5,0.9979595852882992,Coffee Shop
7695,Al Jamiyin Dist.,Dammam,26.394435,50.097845,Shatea Teashop (الشاطئ شاي بخار),26.393422,50.072058,Tea Room,9.0,0.9961884638888026,Coffee Shop
7696,Al Jamiyin Dist.,Dammam,26.394435,50.097845,Gravity Cafe (قراڤيتي كافيه),26.393605,50.072297,Café,9.0,0.9810873235351998,Coffee Shop
7697,Al Jamiyin Dist.,Dammam,26.394435,50.097845,Woods Café & Roastery (مقهى ومحمصة وودز),26.368026,50.092919,Coffee Shop,9.4,0.9988399672705052,Coffee Shop
7698,Al Jamiyin Dist.,Dammam,26.394435,50.097845,happiness Cups (أكواب السعادة),26.408046,50.071857,Coffee Shop,9.1,0.9955566603486312,Coffee Shop
7699,Al Jamiyin Dist.,Dammam,26.394435,50.097845,Garden Gate (قاردن قيت),26.398221,50.127066,Coffee Shop,9.0,0.9819055609068972,Coffee Shop
7700,Al Jamiyin Dist.,Dammam,26.394435,50.097845,Ratio Speciality Coffee (ريشيو للقهوة المختصة),26.37146,50.089934,Coffee Shop,8.7,0.9922215662513336,Coffee Shop
7701,Al Jamiyin Dist.,Dammam,26.394435,50.097845,شاي بن بخار,26.408031,50.07192,Café,8.9,0.9699945105594052,Coffee Shop
7702,Ar Rayyan Dist.,Dammam,26.4096148,50.0933662,Starbucks (ستاربكس),26.411946,50.093566,Coffee Shop,9.1,0.9796062103180768,Coffee Shop
7703,Ar Rayyan Dist.,Dammam,26.4096148,50.0933662,Tim Hortons (تيم هورتنز),26.411544,50.092832,Coffee Shop,9.0,0.986846057442335,Coffee Shop
7704,Ar Rayyan Dist.,Dammam,26.4096148,50.0933662,All Day (اول دي),26.404895,50.102219,Café,9.4,0.991745124237434,Coffee Shop
7705,Ar Rayyan Dist.,Dammam,26.4096148,50.0933662,Starbucks (ستاربكس),26.412921,50.100693,Coffee Shop,8.9,0.9922319236864184,Coffee Shop
7706,Ar Rayyan Dist.,Dammam,26.4096148,50.0933662,Onda (اوندا),26.40564,50.101155,Coffee Shop,8.8,0.97646790748739,Coffee Shop
7707,Ar Rayyan Dist.,Dammam,26.4096148,50.0933662,UMQ Coffee (قهوة عُمق),26.397581,50.092256,Coffee Shop,9.6,0.9996374897720328,Coffee Shop
7708,Ar Rayyan Dist.,Dammam,26.4096148,50.0933662,Bitten (بيتن),26.400442,50.096558,Coffee Shop,8.7,0.9888036126733576,Coffee Shop
7709,Ar Rayyan Dist.,Dammam,26.4096148,50.0933662,Starbucks (ستاربكس),26.411037,50.109414,Coffee Shop,9.2,0.9986846057442336,Coffee Shop
7710,Ar Rayyan Dist.,Dammam,26.4096148,50.0933662,Pages Coffee,26.400216,50.0973,Coffee Shop,8.5,0.9913929714445516,Coffee Shop
7711,Ar Rayyan Dist.,Dammam,26.4096148,50.0933662,Starbucks (ستاربكس),26.399071,50.104867,Coffee Shop,9.0,0.988544676796238,Coffee Shop
7712,Ar Rayyan Dist.,Dammam,26.4096148,50.0933662,Mafaz (مَفَاز),26.406929,50.112725,Coffee Shop,9.4,0.9971620627867714,Coffee Shop
7713,Ar Rayyan Dist.,Dammam,26.4096148,50.0933662,Ghmr Coffee Roasters (محمصة ومقهى غمر),26.401439,50.075771,Coffee Shop,9.3,0.9739614081968742,Coffee Shop
7714,Ar Rayyan Dist.,Dammam,26.4096148,50.0933662,Karak Albait (كرك البيت),26.392967,50.09158,Café,9.0,0.956975214657842,Coffee Shop
7715,Ar Rayyan Dist.,Dammam,26.4096148,50.0933662,شغف,26.406726,50.103451,Coffee Shop,8.2,0.9665765569814292,Coffee Shop
7716,Ar Rayyan Dist.,Dammam,26.4096148,50.0933662,Ojair Coffee (اوجير كوفي),26.411095,50.114829,Coffee Shop,9.4,0.996996343825415,Coffee Shop
7717,Ar Rayyan Dist.,Dammam,26.4096148,50.0933662,Wacafe (وكف),26.395581,50.077931,Coffee Shop,9.5,0.9999378553894912,Coffee Shop
7718,Ar Rayyan Dist.,Dammam,26.4096148,50.0933662,Maskob (مسكوب),26.399238,50.07546,Tea Room,9.2,0.9983117380811816,Coffee Shop
7719,Ar Rayyan Dist.,Dammam,26.4096148,50.0933662,Otten (اوتن),26.391985,50.104063,Coffee Shop,9.5,0.9999896425649152,Coffee Shop
7720,Ar Rayyan Dist.,Dammam,26.4096148,50.0933662,Kiva Han Coffee,26.399323,50.075423,Coffee Shop,9.2,0.9994510559405068,Coffee Shop
7721,Ar Rayyan Dist.,Dammam,26.4096148,50.0933662,Kiva Han Coffee (كيفاهان كافيه),26.399511,50.075287,Coffee Shop,9.1,0.9994717708106764,Coffee Shop
7722,Ar Rayyan Dist.,Dammam,26.4096148,50.0933662,Piccolo (پكلو),26.400312,50.073604,Coffee Shop,9.3,0.998477457042538,Coffee Shop
7723,Ar Rayyan Dist.,Dammam,26.4096148,50.0933662,happiness Cups (أكواب السعادة),26.408046,50.071857,Coffee Shop,9.1,0.9955566603486312,Coffee Shop
7724,Ar Rayyan Dist.,Dammam,26.4096148,50.0933662,Starbucks (ستاربكس),26.400747,50.073338,Coffee Shop,9.2,0.9902743684553956,Coffee Shop
7725,Ar Rayyan Dist.,Dammam,26.4096148,50.0933662,Coffee Warehouse (مستودع القهوة),26.39495,50.104782,Coffee Shop,8.9,0.989425058778444,Coffee Shop
7726,Ar Rayyan Dist.,Dammam,26.4096148,50.0933662,Starbucks (ستاربكس),26.395243,50.078138,Coffee Shop,9.1,0.9934541010264218,Coffee Shop
7727,Ar Rayyan Dist.,Dammam,26.4096148,50.0933662,Starbucks (ستاربكس),26.422585,50.091569,Coffee Shop,8.3,0.9801344395074004,Coffee Shop
7728,Ar Rayyan Dist.,Dammam,26.4096148,50.0933662,Black Tea (الشاي الاسود),26.398351,50.093591,Tea Room,8.2,0.9561259049808906,Coffee Shop
7729,Ar Rayyan Dist.,Dammam,26.4096148,50.0933662,شاي بن بخار,26.408031,50.07192,Café,8.9,0.9699945105594052,Coffee Shop
7730,Ar Rayyan Dist.,Dammam,26.4096148,50.0933662,Dunkin' Donuts (دانكن دونتس),26.411861,50.072033,Coffee Shop,8.9,0.989342199297766,Coffee Shop
7731,Ar Rayyan Dist.,Dammam,26.4096148,50.0933662,Starbucks (ستاربكس),26.401618,50.115742,Coffee Shop,8.9,0.9674258666583808,Coffee Shop
7732,Ar Rayyan Dist.,Dammam,26.4096148,50.0933662,Starbucks (ستاربكس),26.412554,50.071022,Coffee Shop,8.7,0.9596785052149686,Coffee Shop
7733,Ar Rayyan Dist.,Dammam,26.4096148,50.0933662,Graph Cafe (جراف كافيه),26.407486,50.066796,Coffee Shop,9.2,0.9995339154211852,Coffee Shop
7734,Ar Rayyan Dist.,Dammam,26.4096148,50.0933662,Frieze Cafe (فريز كافيه),26.404999,50.070413,Coffee Shop,8.8,0.988047519912169,Coffee Shop
7735,Ar Rayyan Dist.,Dammam,26.4096148,50.0933662,Coach Cup (كوتش كب),26.395831,50.089747,Café,8.2,0.95684056800174,Coffee Shop
7736,Ar Rayyan Dist.,Dammam,26.4096148,50.0933662,Brighton Cafe,26.417279,50.091732,Coffee Shop,7.8,0.9806212389563848,Coffee Shop
7737,Ar Rayyan Dist.,Dammam,26.4096148,50.0933662,Chart (تشارت),26.384994,50.100857,Coffee Shop,9.4,0.997876725807621,Coffee Shop
7738,Ar Rayyan Dist.,Dammam,26.4096148,50.0933662,Starbucks (ستاربكس),26.400343,50.117202,Coffee Shop,8.9,0.9902018664098022,Coffee Shop
7739,Ar Rayyan Dist.,Dammam,26.4096148,50.0933662,The Garden (ذا قاردن),26.38441,50.096408,Coffee Shop,9.2,0.9931951651493024,Coffee Shop
7740,Ar Rayyan Dist.,Dammam,26.4096148,50.0933662,بوفية عزيز,26.423848,50.094082,Café,8.1,0.9648468653222716,Coffee Shop
7741,Ar Rayyan Dist.,Dammam,26.4096148,50.0933662,THiRD WAVE | Al-Faisaliyah (ثيردويڤ | الفيصلية),26.391714,50.072738,Coffee Roaster,9.1,0.9977110068462646,Coffee Shop
7742,Ar Rayyan Dist.,Dammam,26.4096148,50.0933662,Shatea Teashop (الشاطئ شاي بخار),26.393422,50.072058,Tea Room,9.0,0.9961884638888026,Coffee Shop
7743,Ar Rayyan Dist.,Dammam,26.4096148,50.0933662,Zaffron Lounge (ديوانية زعفران),26.421009,50.100572,Café,8.0,0.9594609990781884,Coffee Shop
7744,Ar Rayyan Dist.,Dammam,26.4096148,50.0933662,Gravity Cafe (قراڤيتي كافيه),26.393605,50.072297,Café,9.0,0.9810873235351998,Coffee Shop
7745,Ar Rayyan Dist.,Dammam,26.4096148,50.0933662,Alkarak (الكرك),26.414136,50.119659,Tea Room,8.8,0.96653512724109,Coffee Shop
7746,Ar Rayyan Dist.,Dammam,26.4096148,50.0933662,Barnie's (بارنيز),26.420721,50.073482,Coffee Shop,8.5,0.9910097463464148,Coffee Shop
7747,Ar Rayyan Dist.,Dammam,26.4096148,50.0933662,Tim Hortons (تيم هورتنز),26.400097,50.116794,Coffee Shop,8.5,0.9979595852882992,Coffee Shop
7748,Ar Rayyan Dist.,Dammam,26.4096148,50.0933662,Dose (دوز),26.399474,50.066841,Coffee Shop,8.7,0.9884307450103056,Coffee Shop
7749,Ar Rayyan Dist.,Dammam,26.4096148,50.0933662,بن عفيف للقهوة والمكسرات,26.430661,50.078078,Coffee Shop,8.7,0.9834281038643592,Coffee Shop
7750,Ar Rayyan Dist.,Dammam,26.4096148,50.0933662,Road Cafe,26.389654,50.112863,Coffee Shop,8.8,0.9705227397487286,Coffee Shop
7751,Ar Rayyan Dist.,Dammam,26.4096148,50.0933662,Dunkin' Donuts (دانكن دونتس),26.403195,50.077633,Coffee Shop,8.0,0.9707609607556784,Coffee Shop
7752,Al Qadisiyah Dist.,Dammam,26.42087,50.07075,Barnie's (بارنيز),26.420721,50.073482,Coffee Shop,8.5,0.9910097463464148,Coffee Shop
7753,Al Qadisiyah Dist.,Dammam,26.42087,50.07075,Dunkin' Donuts (دانكن دونتس),26.411861,50.072033,Coffee Shop,8.9,0.989342199297766,Coffee Shop
7754,Al Qadisiyah Dist.,Dammam,26.42087,50.07075,Starbucks (ستاربكس),26.412554,50.071022,Coffee Shop,8.7,0.9596785052149686,Coffee Shop
7755,Al Qadisiyah Dist.,Dammam,26.42087,50.07075,Best Cafe,26.42899,50.068337,Coffee Shop,8.6,0.9896529223503092,Coffee Shop
7756,Al Qadisiyah Dist.,Dammam,26.42087,50.07075,happiness Cups (أكواب السعادة),26.408046,50.071857,Coffee Shop,9.1,0.9955566603486312,Coffee Shop
7757,Al Qadisiyah Dist.,Dammam,26.42087,50.07075,Graph Cafe (جراف كافيه),26.407486,50.066796,Coffee Shop,9.2,0.9995339154211852,Coffee Shop
7758,Al Qadisiyah Dist.,Dammam,26.42087,50.07075,شاي بن بخار,26.408031,50.07192,Café,8.9,0.9699945105594052,Coffee Shop
7759,Al Qadisiyah Dist.,Dammam,26.42087,50.07075,بن عفيف للقهوة والمكسرات,26.430661,50.078078,Coffee Shop,8.7,0.9834281038643592,Coffee Shop
7760,Al Qadisiyah Dist.,Dammam,26.42087,50.07075,Tim Hortons,26.430882,50.068133,Coffee Shop,8.4,0.991279039658619,Coffee Shop
7761,Al Qadisiyah Dist.,Dammam,26.42087,50.07075,Tim Hortons (تيم هورتنز),26.414039,50.05423,Coffee Shop,9.0,0.99770064941118,Coffee Shop
7762,Al Qadisiyah Dist.,Dammam,26.42087,50.07075,Frieze Cafe (فريز كافيه),26.404999,50.070413,Coffee Shop,8.8,0.988047519912169,Coffee Shop
7763,Al Qadisiyah Dist.,Dammam,26.42087,50.07075,Eltegaa Coffee,26.405181,50.060962,Coffee Shop,9.1,0.997275994572704,Coffee Shop
7764,Al Qadisiyah Dist.,Dammam,26.42087,50.07075,Dunkin’ Donuts,26.404963,50.05982,Donut Shop,9.1,0.9996892769474568,Coffee Shop
7765,Al Qadisiyah Dist.,Dammam,26.42087,50.07075,Ghmr Coffee Roasters (محمصة ومقهى غمر),26.401439,50.075771,Coffee Shop,9.3,0.9739614081968742,Coffee Shop
7766,Al Qadisiyah Dist.,Dammam,26.42087,50.07075,Starbucks (ستاربكس),26.400747,50.073338,Coffee Shop,9.2,0.9902743684553956,Coffee Shop
7767,Al Qadisiyah Dist.,Dammam,26.42087,50.07075,OTTO Cafe (اُتّو كافيه),26.405553,50.058367,Coffee Shop,9.0,0.9911236781323473,Coffee Shop
7768,Al Qadisiyah Dist.,Dammam,26.42087,50.07075,Piccolo (پكلو),26.400312,50.073604,Coffee Shop,9.3,0.998477457042538,Coffee Shop
7769,Al Qadisiyah Dist.,Dammam,26.42087,50.07075,بكلو,26.408554,50.059054,Café,8.6,0.9811805404509628,Coffee Shop
7770,Al Qadisiyah Dist.,Dammam,26.42087,50.07075,Maskob (مسكوب),26.399238,50.07546,Tea Room,9.2,0.9983117380811816,Coffee Shop
7771,Al Qadisiyah Dist.,Dammam,26.42087,50.07075,Kiva Han Coffee,26.399323,50.075423,Coffee Shop,9.2,0.9994510559405068,Coffee Shop
7772,Al Qadisiyah Dist.,Dammam,26.42087,50.07075,Kiva Han Coffee (كيفاهان كافيه),26.399511,50.075287,Coffee Shop,9.1,0.9994717708106764,Coffee Shop
7773,Al Qadisiyah Dist.,Dammam,26.42087,50.07075,Starbucks (ستاربكس),26.411946,50.093566,Coffee Shop,9.1,0.9796062103180768,Coffee Shop
7774,Al Qadisiyah Dist.,Dammam,26.42087,50.07075,Tim Hortons,26.414539,50.076121,Coffee Shop,7.9,0.9817087696402864,Coffee Shop
7775,Al Qadisiyah Dist.,Dammam,26.42087,50.07075,Tim Hortons (تيم هورتنز),26.411544,50.092832,Coffee Shop,9.0,0.986846057442335,Coffee Shop
7776,Al Qadisiyah Dist.,Dammam,26.42087,50.07075,Dose (دوز),26.399474,50.066841,Coffee Shop,8.7,0.9884307450103056,Coffee Shop
7777,Al Qadisiyah Dist.,Dammam,26.42087,50.07075,Wacafe (وكف),26.395581,50.077931,Coffee Shop,9.5,0.9999378553894912,Coffee Shop
7778,Al Qadisiyah Dist.,Dammam,26.42087,50.07075,Black (بلاك),26.403736,50.053885,Café,8.8,0.9875089332877606,Coffee Shop
7779,Al Qadisiyah Dist.,Dammam,26.42087,50.07075,Starbucks (ستاربكس),26.395243,50.078138,Coffee Shop,9.1,0.9934541010264218,Coffee Shop
7780,Al Qadisiyah Dist.,Dammam,26.42087,50.07075,Starbucks (ستاربكس),26.422585,50.091569,Coffee Shop,8.3,0.9801344395074004,Coffee Shop
7781,Al Qadisiyah Dist.,Dammam,26.42087,50.07075,Karak Basha (كرك باشا),26.404832,50.059683,Tea Room,8.3,0.9830966659416462,Coffee Shop
7782,Al Qadisiyah Dist.,Dammam,26.42087,50.07075,مقهى الفيشاوي,26.404134,50.054717,Café,8.5,0.9935369605071,Coffee Shop
7783,Al Qadisiyah Dist.,Dammam,26.42087,50.07075,Starbucks (ستاربكس),26.431259,50.08409,Coffee Shop,7.9,0.9854270888357208,Coffee Shop
7784,Al Qadisiyah Dist.,Dammam,26.42087,50.07075,مقهى الأصايل,26.415575,50.065251,Café,7.5,0.964732933536339,Coffee Shop
7785,Al Qadisiyah Dist.,Dammam,26.42087,50.07075,Dunkin' Donuts (دانكن دونتس),26.403195,50.077633,Coffee Shop,8.0,0.9707609607556784,Coffee Shop
7786,Al Qadisiyah Dist.,Dammam,26.42087,50.07075,بوفية عزيز,26.423848,50.094082,Café,8.1,0.9648468653222716,Coffee Shop
7787,Al Qadisiyah Dist.,Dammam,26.42087,50.07075,Dunkin’donuts,26.404963,50.05982,Café,8.0,0.9317237879211592,Coffee Shop
7788,Al Qadisiyah Dist.,Dammam,26.42087,50.07075,bREw’s (بروز),26.421533,50.090762,Coffee Shop,7.8,0.9774518638204436,Coffee Shop
7789,Al Qadisiyah Dist.,Dammam,26.42087,50.07075,C House Cafe,26.411431,50.047636,Coffee Shop,8.0,0.9638939812944722,Coffee Shop
7790,Al Qadisiyah Dist.,Dammam,26.42087,50.07075,Coffee Valley,26.409276,50.058686,Coffee Shop,7.7,0.9973381391832128,Coffee Shop
7791,Al Qadisiyah Dist.,Dammam,26.42087,50.07075,Brighton Cafe,26.417279,50.091732,Coffee Shop,7.8,0.9806212389563848,Coffee Shop
7792,Al Qadisiyah Dist.,Dammam,26.42087,50.07075,Zaffron Lounge (ديوانية زعفران),26.421009,50.100572,Café,8.0,0.9594609990781884,Coffee Shop
7793,Al Qadisiyah Dist.,Dammam,26.42087,50.07075,دلة الفيصلية للقهوة العربية,26.403124,50.0715,Café,7.6,0.9537540523464768,Coffee Shop
7794,Al Qadisiyah Dist.,Dammam,26.42087,50.07075,90 Coffee,26.406862,50.05962,Coffee Shop,7.4,0.9252503909931744,Coffee Shop
7795,Al Qadisiyah Dist.,Dammam,26.42087,50.07075,Al Shathlya (ديوانية الشاذلية),26.406663,50.059732,Café,7.4,0.9074252452122756,Coffee Shop
7796,Al Qadisiyah Dist.,Dammam,26.42087,50.07075,ركن الشاهي,26.420883,50.097528,Tea Room,7.5,0.9583423960890324,Coffee Shop
7797,Al Qadisiyah Dist.,Dammam,26.42087,50.07075,مجلس كرك وچباتي,26.443943,50.070307,Café,7.3,0.9481403225305284,Coffee Shop
7798,Al Qadisiyah Dist.,Dammam,26.42087,50.07075,Majlesi Karak & Chapati,26.443974,50.070418,Café,7.2,0.962889310091249,Coffee Shop
7799,Al Qadisiyah Dist.,Dammam,26.42087,50.07075,مستوصف الفارابي (مجمع الفارابي الطبي),26.413929,50.078945,Coffee Shop,6.8,0.9950491460294772,Coffee Shop
7800,Al Qadisiyah Dist.,Dammam,26.42087,50.07075,ستاربكس,26.433101,50.044451,Coffee Shop,6.6,0.941843001998985,Coffee Shop
7801,Al Qadisiyah Dist.,Dammam,26.42087,50.07075,Seattle's Best Coffee & Cinnabon,26.429839,50.07054,Café,,0.9434484044371252,Coffee Shop
7802,Prince Muhammed Ibn Saud Dist.,Dammam,26.4334814,50.1118311,قيصرية الواحة,26.429371,50.117122,Café,8.2,0.9948627121979512,Coffee Shop
7803,Prince Muhammed Ibn Saud Dist.,Dammam,26.4334814,50.1118311,Starbucks (ستاربكس),26.45491,50.11388,Coffee Shop,9.2,0.99885032470559,Coffee Shop
7804,Prince Muhammed Ibn Saud Dist.,Dammam,26.4334814,50.1118311,Ojair Coffee (اوجير كوفي),26.411095,50.114829,Coffee Shop,9.4,0.996996343825415,Coffee Shop
7805,Prince Muhammed Ibn Saud Dist.,Dammam,26.4334814,50.1118311,Starbucks (ستاربكس),26.411037,50.109414,Coffee Shop,9.2,0.9986846057442336,Coffee Shop
7806,Prince Muhammed Ibn Saud Dist.,Dammam,26.4334814,50.1118311,شاي عبق,26.434268,50.128406,Tea Room,8.3,0.991092605827093,Coffee Shop
7807,Prince Muhammed Ibn Saud Dist.,Dammam,26.4334814,50.1118311,Alkarak (الكرك),26.414136,50.119659,Tea Room,8.8,0.96653512724109,Coffee Shop
7808,Prince Muhammed Ibn Saud Dist.,Dammam,26.4334814,50.1118311,Troy (تروي),26.452454,50.124545,Café,9.0,0.9916208350164164,Coffee Shop
7809,Prince Muhammed Ibn Saud Dist.,Dammam,26.4334814,50.1118311,Habits (هابيتس),26.452591,50.124033,Coffee Shop,9.0,0.9546344343286828,Coffee Shop
7810,Prince Muhammed Ibn Saud Dist.,Dammam,26.4334814,50.1118311,قهوة الطريق,26.439674,50.118311,Coffee Shop,7.8,0.9658515365254948,Coffee Shop
7811,Prince Muhammed Ibn Saud Dist.,Dammam,26.4334814,50.1118311,7 Grams | ٧ جرام (٧ جرام للقهوة المختصة),26.451182,50.131134,Coffee Shop,9.2,0.9967063356430412,Coffee Shop
7812,Prince Muhammed Ibn Saud Dist.,Dammam,26.4334814,50.1118311,Ratio Speciality Coffee (ريشيو للقهوة المختصة),26.452074,50.130308,Coffee Shop,9.2,0.9975142155796538,Coffee Shop
7813,Prince Muhammed Ibn Saud Dist.,Dammam,26.4334814,50.1118311,017 Cafe,26.451996,50.130228,Coffee Shop,9.1,0.9976695771059256,Coffee Shop
7814,Prince Muhammed Ibn Saud Dist.,Dammam,26.4334814,50.1118311,ستاربكس,26.428519,50.107585,Coffee Shop,7.7,0.9473220851588312,Coffee Shop
7815,Prince Muhammed Ibn Saud Dist.,Dammam,26.4334814,50.1118311,Starbucks (ستاربكس),26.412921,50.100693,Coffee Shop,8.9,0.9922319236864184,Coffee Shop
7816,Prince Muhammed Ibn Saud Dist.,Dammam,26.4334814,50.1118311,Mafaz (مَفَاز),26.406929,50.112725,Coffee Shop,9.4,0.9971620627867714,Coffee Shop
7817,Prince Muhammed Ibn Saud Dist.,Dammam,26.4334814,50.1118311,dr.CAFE COFFEE | V12 Station | د.كيف كافيه (dr.CAFE COFFEE | د. كيف),26.45616,50.09686,Coffee Shop,9.0,0.9887621829330184,Coffee Shop
7818,Prince Muhammed Ibn Saud Dist.,Dammam,26.4334814,50.1118311,Zaffron Lounge (ديوانية زعفران),26.421009,50.100572,Café,8.0,0.9594609990781884,Coffee Shop
7819,Prince Muhammed Ibn Saud Dist.,Dammam,26.4334814,50.1118311,Starbucks (ستاربكس),26.422585,50.091569,Coffee Shop,8.3,0.9801344395074004,Coffee Shop
7820,Prince Muhammed Ibn Saud Dist.,Dammam,26.4334814,50.1118311,Location Coffee (لوكيشن كافيه),26.456777,50.101138,Coffee Shop,8.6,0.947518876425442,Coffee Shop
7821,Prince Muhammed Ibn Saud Dist.,Dammam,26.4334814,50.1118311,Park Coffee,26.451734,50.127202,Coffee Shop,8.4,0.972811732902464,Coffee Shop
7822,Prince Muhammed Ibn Saud Dist.,Dammam,26.4334814,50.1118311,Starbucks (ستاربكس),26.430711,50.13335,Coffee Shop,8.2,0.9940651896964235,Coffee Shop
7823,Prince Muhammed Ibn Saud Dist.,Dammam,26.4334814,50.1118311,بوفية عزيز,26.423848,50.094082,Café,8.1,0.9648468653222716,Coffee Shop
7824,Prince Muhammed Ibn Saud Dist.,Dammam,26.4334814,50.1118311,Marsa Café,26.460289,50.112737,Café,8.5,0.9743032035546716,Coffee Shop
7825,Prince Muhammed Ibn Saud Dist.,Dammam,26.4334814,50.1118311,Dose (دوز),26.457896,50.120312,Coffee Shop,8.4,0.9737542594951786,Coffee Shop
7826,Prince Muhammed Ibn Saud Dist.,Dammam,26.4334814,50.1118311,24 Cafe,26.451228,50.130944,Coffee Shop,8.3,0.9795854954479072,Coffee Shop
7827,Prince Muhammed Ibn Saud Dist.,Dammam,26.4334814,50.1118311,Bastah Karak (بسطة كرك),26.450936,50.131199,Tea Room,8.2,0.979782286714518,Coffee Shop
7828,Prince Muhammed Ibn Saud Dist.,Dammam,26.4334814,50.1118311,كاريبو,26.454459,50.105536,"Cafe, Coffee, and Tea House",8.0,0.9481817522708677,Coffee Shop
7829,Prince Muhammed Ibn Saud Dist.,Dammam,26.4334814,50.1118311,View Cafe,26.451949,50.126317,Café,8.0,0.9710509689380522,Coffee Shop
7830,Prince Muhammed Ibn Saud Dist.,Dammam,26.4334814,50.1118311,Icons Coffee Couture,26.451596,50.127771,Coffee Shop,8.0,0.9775761530414608,Coffee Shop
7831,Prince Muhammed Ibn Saud Dist.,Dammam,26.4334814,50.1118311,Scarface,26.454049,50.120242,Coffee Shop,7.9,0.9734228215724658,Coffee Shop
7832,Prince Muhammed Ibn Saud Dist.,Dammam,26.4334814,50.1118311,Avenue cafe,26.421009,50.101281,Café,7.7,0.9604035256709028,Coffee Shop
7833,Prince Muhammed Ibn Saud Dist.,Dammam,26.4334814,50.1118311,Starbucks (ستاربكس),26.431259,50.08409,Coffee Shop,7.9,0.9854270888357208,Coffee Shop
7834,Prince Muhammed Ibn Saud Dist.,Dammam,26.4334814,50.1118311,bREw’s (بروز),26.421533,50.090762,Coffee Shop,7.8,0.9774518638204436,Coffee Shop
7835,Prince Muhammed Ibn Saud Dist.,Dammam,26.4334814,50.1118311,Tim Hortons,26.456027,50.105241,Coffee Shop,7.8,0.9518793565961324,Coffee Shop
7836,Prince Muhammed Ibn Saud Dist.,Dammam,26.4334814,50.1118311,Brighton Cafe,26.417279,50.091732,Coffee Shop,7.8,0.9806212389563848,Coffee Shop
7837,Prince Muhammed Ibn Saud Dist.,Dammam,26.4334814,50.1118311,ركن الشاهي,26.420883,50.097528,Tea Room,7.5,0.9583423960890324,Coffee Shop
7838,Prince Muhammed Ibn Saud Dist.,Dammam,26.4334814,50.1118311,ستاربكس,26.440571,50.127659,Coffee Shop,7.4,0.9717656319589016,Coffee Shop
7839,Prince Muhammed Ibn Saud Dist.,Dammam,26.4334814,50.1118311,ستاربكس,26.438295,50.08364,Coffee Shop,7.6,0.97508001118603,Coffee Shop
7840,Prince Muhammed Ibn Saud Dist.,Dammam,26.4334814,50.1118311,Dar Najd Ladies Center,26.441875,50.122287,Health and Beauty Service,6.4,0.9037897854975194,Coffee Shop
7841,Prince Muhammed Ibn Saud Dist.,Dammam,26.4334814,50.1118311,وناسه كافيه,26.420415,50.107059,Café,6.4,0.9467524262291686,Coffee Shop
7842,Prince Muhammed Ibn Saud Dist.,Dammam,26.4334814,50.1118311,Coffee Valley (وادي القهوة),26.413057,50.115566,Coffee Shop,6.4,0.9368921480284622,Coffee Shop
7843,Prince Muhammed Ibn Saud Dist.,Dammam,26.4334814,50.1118311,Lulia (لوليا),26.4139,50.096175,Café,6.5,0.9513821997120632,Coffee Shop
7844,Prince Muhammed Ibn Saud Dist.,Dammam,26.4334814,50.1118311,karak Cup,26.436514,50.10737,Café,,0.9248775233301224,Coffee Shop
7845,Prince Muhammed Ibn Saud Dist.,Dammam,26.4334814,50.1118311,Joffreys (جوفريز),26.430124,50.116391,Coffee Shop,,0.9670633564304136,Coffee Shop
7846,Prince Muhammed Ibn Saud Dist.,Dammam,26.4334814,50.1118311,Ramisis Kennel,26.433386,50.119318,Pet Café,,0.9478606717832396,Coffee Shop
7847,Prince Muhammed Ibn Saud Dist.,Dammam,26.4334814,50.1118311,Reds Caffe,26.438697,50.105965,Café,,0.8999575345161525,Coffee Shop
7848,Prince Muhammed Ibn Saud Dist.,Dammam,26.4334814,50.1118311,ستاربكس,26.442515,50.111823,Coffee Shop,,0.965571885778206,Coffee Shop
7849,Prince Muhammed Ibn Saud Dist.,Dammam,26.4334814,50.1118311,شواهي,26.424465,50.115044,Tea Room,,0.9750903686211146,Coffee Shop
7850,Prince Muhammed Ibn Saud Dist.,Dammam,26.4334814,50.1118311,Joffrey’S,26.425652,50.099228,Coffee Shop,,0.9449088027840784,Coffee Shop
7851,Prince Muhammed Ibn Saud Dist.,Dammam,26.4334814,50.1118311,مقهى زمن الطيبين,26.4462,50.10446,Café,,0.9534536867290184,Coffee Shop
7852,Ghirnatah Dist.,Dammam,26.4247037,50.0794761,بن عفيف للقهوة والمكسرات,26.430661,50.078078,Coffee Shop,8.7,0.9834281038643592,Coffee Shop
7853,Ghirnatah Dist.,Dammam,26.4247037,50.0794761,Barnie's (بارنيز),26.420721,50.073482,Coffee Shop,8.5,0.9910097463464148,Coffee Shop
7854,Ghirnatah Dist.,Dammam,26.4247037,50.0794761,Best Cafe,26.42899,50.068337,Coffee Shop,8.6,0.9896529223503092,Coffee Shop
7855,Ghirnatah Dist.,Dammam,26.4247037,50.0794761,Dunkin' Donuts (دانكن دونتس),26.411861,50.072033,Coffee Shop,8.9,0.989342199297766,Coffee Shop
7856,Ghirnatah Dist.,Dammam,26.4247037,50.0794761,Starbucks (ستاربكس),26.412554,50.071022,Coffee Shop,8.7,0.9596785052149686,Coffee Shop
7857,Ghirnatah Dist.,Dammam,26.4247037,50.0794761,Tim Hortons,26.430882,50.068133,Coffee Shop,8.4,0.991279039658619,Coffee Shop
7858,Ghirnatah Dist.,Dammam,26.4247037,50.0794761,Starbucks (ستاربكس),26.422585,50.091569,Coffee Shop,8.3,0.9801344395074004,Coffee Shop
7859,Ghirnatah Dist.,Dammam,26.4247037,50.0794761,Starbucks (ستاربكس),26.411946,50.093566,Coffee Shop,9.1,0.9796062103180768,Coffee Shop
7860,Ghirnatah Dist.,Dammam,26.4247037,50.0794761,happiness Cups (أكواب السعادة),26.408046,50.071857,Coffee Shop,9.1,0.9955566603486312,Coffee Shop
7861,Ghirnatah Dist.,Dammam,26.4247037,50.0794761,Tim Hortons (تيم هورتنز),26.411544,50.092832,Coffee Shop,9.0,0.986846057442335,Coffee Shop
7862,Ghirnatah Dist.,Dammam,26.4247037,50.0794761,شاي بن بخار,26.408031,50.07192,Café,8.9,0.9699945105594052,Coffee Shop
7863,Ghirnatah Dist.,Dammam,26.4247037,50.0794761,Graph Cafe (جراف كافيه),26.407486,50.066796,Coffee Shop,9.2,0.9995339154211852,Coffee Shop
7864,Ghirnatah Dist.,Dammam,26.4247037,50.0794761,Starbucks (ستاربكس),26.431259,50.08409,Coffee Shop,7.9,0.9854270888357208,Coffee Shop
7865,Ghirnatah Dist.,Dammam,26.4247037,50.0794761,Ghmr Coffee Roasters (محمصة ومقهى غمر),26.401439,50.075771,Coffee Shop,9.3,0.9739614081968742,Coffee Shop
7866,Ghirnatah Dist.,Dammam,26.4247037,50.0794761,Frieze Cafe (فريز كافيه),26.404999,50.070413,Coffee Shop,8.8,0.988047519912169,Coffee Shop
7867,Ghirnatah Dist.,Dammam,26.4247037,50.0794761,Piccolo (پكلو),26.400312,50.073604,Coffee Shop,9.3,0.998477457042538,Coffee Shop
7868,Ghirnatah Dist.,Dammam,26.4247037,50.0794761,Starbucks (ستاربكس),26.400747,50.073338,Coffee Shop,9.2,0.9902743684553956,Coffee Shop
7869,Ghirnatah Dist.,Dammam,26.4247037,50.0794761,بوفية عزيز,26.423848,50.094082,Café,8.1,0.9648468653222716,Coffee Shop
7870,Ghirnatah Dist.,Dammam,26.4247037,50.0794761,Starbucks (ستاربكس),26.412921,50.100693,Coffee Shop,8.9,0.9922319236864184,Coffee Shop
7871,Ghirnatah Dist.,Dammam,26.4247037,50.0794761,Maskob (مسكوب),26.399238,50.07546,Tea Room,9.2,0.9983117380811816,Coffee Shop
7872,Ghirnatah Dist.,Dammam,26.4247037,50.0794761,Kiva Han Coffee,26.399323,50.075423,Coffee Shop,9.2,0.9994510559405068,Coffee Shop
7873,Ghirnatah Dist.,Dammam,26.4247037,50.0794761,Kiva Han Coffee (كيفاهان كافيه),26.399511,50.075287,Coffee Shop,9.1,0.9994717708106764,Coffee Shop
7874,Ghirnatah Dist.,Dammam,26.4247037,50.0794761,Eltegaa Coffee,26.405181,50.060962,Coffee Shop,9.1,0.997275994572704,Coffee Shop
7875,Ghirnatah Dist.,Dammam,26.4247037,50.0794761,Tim Hortons (تيم هورتنز),26.414039,50.05423,Coffee Shop,9.0,0.99770064941118,Coffee Shop
7876,Ghirnatah Dist.,Dammam,26.4247037,50.0794761,Tim Hortons,26.414539,50.076121,Coffee Shop,7.9,0.9817087696402864,Coffee Shop
7877,Ghirnatah Dist.,Dammam,26.4247037,50.0794761,Dunkin’ Donuts,26.404963,50.05982,Donut Shop,9.1,0.9996892769474568,Coffee Shop
7878,Ghirnatah Dist.,Dammam,26.4247037,50.0794761,OTTO Cafe (اُتّو كافيه),26.405553,50.058367,Coffee Shop,9.0,0.9911236781323473,Coffee Shop
7879,Ghirnatah Dist.,Dammam,26.4247037,50.0794761,bREw’s (بروز),26.421533,50.090762,Coffee Shop,7.8,0.9774518638204436,Coffee Shop
7880,Ghirnatah Dist.,Dammam,26.4247037,50.0794761,بكلو,26.408554,50.059054,Café,8.6,0.9811805404509628,Coffee Shop
7881,Ghirnatah Dist.,Dammam,26.4247037,50.0794761,Brighton Cafe,26.417279,50.091732,Coffee Shop,7.8,0.9806212389563848,Coffee Shop
7882,Ghirnatah Dist.,Dammam,26.4247037,50.0794761,Zaffron Lounge (ديوانية زعفران),26.421009,50.100572,Café,8.0,0.9594609990781884,Coffee Shop
7883,Ghirnatah Dist.,Dammam,26.4247037,50.0794761,Karak Basha (كرك باشا),26.404832,50.059683,Tea Room,8.3,0.9830966659416462,Coffee Shop
7884,Ghirnatah Dist.,Dammam,26.4247037,50.0794761,Dunkin' Donuts (دانكن دونتس),26.403195,50.077633,Coffee Shop,8.0,0.9707609607556784,Coffee Shop
7885,Ghirnatah Dist.,Dammam,26.4247037,50.0794761,ستاربكس,26.438295,50.08364,Coffee Shop,7.6,0.97508001118603,Coffee Shop
7886,Ghirnatah Dist.,Dammam,26.4247037,50.0794761,Dunkin’donuts,26.404963,50.05982,Café,8.0,0.9317237879211592,Coffee Shop
7887,Ghirnatah Dist.,Dammam,26.4247037,50.0794761,مقهى الأصايل,26.415575,50.065251,Café,7.5,0.964732933536339,Coffee Shop
7888,Ghirnatah Dist.,Dammam,26.4247037,50.0794761,Avenue cafe,26.421009,50.101281,Café,7.7,0.9604035256709028,Coffee Shop
7889,Ghirnatah Dist.,Dammam,26.4247037,50.0794761,ركن الشاهي,26.420883,50.097528,Tea Room,7.5,0.9583423960890324,Coffee Shop
7890,Ghirnatah Dist.,Dammam,26.4247037,50.0794761,Coffee Valley,26.409276,50.058686,Coffee Shop,7.7,0.9973381391832128,Coffee Shop
7891,Ghirnatah Dist.,Dammam,26.4247037,50.0794761,ستاربكس,26.428519,50.107585,Coffee Shop,7.7,0.9473220851588312,Coffee Shop
7892,Ghirnatah Dist.,Dammam,26.4247037,50.0794761,دلة الفيصلية للقهوة العربية,26.403124,50.0715,Café,7.6,0.9537540523464768,Coffee Shop
7893,Ghirnatah Dist.,Dammam,26.4247037,50.0794761,90 Coffee,26.406862,50.05962,Coffee Shop,7.4,0.9252503909931744,Coffee Shop
7894,Ghirnatah Dist.,Dammam,26.4247037,50.0794761,Al Shathlya (ديوانية الشاذلية),26.406663,50.059732,Café,7.4,0.9074252452122756,Coffee Shop
7895,Ghirnatah Dist.,Dammam,26.4247037,50.0794761,مجلس كرك وچباتي,26.443943,50.070307,Café,7.3,0.9481403225305284,Coffee Shop
7896,Ghirnatah Dist.,Dammam,26.4247037,50.0794761,Majlesi Karak & Chapati,26.443974,50.070418,Café,7.2,0.962889310091249,Coffee Shop
7897,Ghirnatah Dist.,Dammam,26.4247037,50.0794761,مستوصف الفارابي (مجمع الفارابي الطبي),26.413929,50.078945,Coffee Shop,6.8,0.9950491460294772,Coffee Shop
7898,Ghirnatah Dist.,Dammam,26.4247037,50.0794761,Raslan Café (رسلان للقهوة),26.40654,50.073083,Café,6.9,0.9140954334068712,Coffee Shop
7899,Ghirnatah Dist.,Dammam,26.4247037,50.0794761,Lulia (لوليا),26.4139,50.096175,Café,6.5,0.9513821997120632,Coffee Shop
7900,Ghirnatah Dist.,Dammam,26.4247037,50.0794761,وناسه كافيه,26.420415,50.107059,Café,6.4,0.9467524262291686,Coffee Shop
7901,Ghirnatah Dist.,Dammam,26.4247037,50.0794761,ديوانيتنا الجديدة,26.431509,50.079571,Café,,0.9003821893546282,Coffee Shop
7902,Al Adamah Dist.,Dammam,26.4328776,50.1045699,قيصرية الواحة,26.429371,50.117122,Café,8.2,0.9948627121979512,Coffee Shop
7903,Al Adamah Dist.,Dammam,26.4328776,50.1045699,Starbucks (ستاربكس),26.411037,50.109414,Coffee Shop,9.2,0.9986846057442336,Coffee Shop
7904,Al Adamah Dist.,Dammam,26.4328776,50.1045699,Starbucks (ستاربكس),26.412921,50.100693,Coffee Shop,8.9,0.9922319236864184,Coffee Shop
7905,Al Adamah Dist.,Dammam,26.4328776,50.1045699,Ojair Coffee (اوجير كوفي),26.411095,50.114829,Coffee Shop,9.4,0.996996343825415,Coffee Shop
7906,Al Adamah Dist.,Dammam,26.4328776,50.1045699,ستاربكس,26.428519,50.107585,Coffee Shop,7.7,0.9473220851588312,Coffee Shop
7907,Al Adamah Dist.,Dammam,26.4328776,50.1045699,Starbucks (ستاربكس),26.45491,50.11388,Coffee Shop,9.2,0.99885032470559,Coffee Shop
7908,Al Adamah Dist.,Dammam,26.4328776,50.1045699,Starbucks (ستاربكس),26.422585,50.091569,Coffee Shop,8.3,0.9801344395074004,Coffee Shop
7909,Al Adamah Dist.,Dammam,26.4328776,50.1045699,Starbucks (ستاربكس),26.411946,50.093566,Coffee Shop,9.1,0.9796062103180768,Coffee Shop
7910,Al Adamah Dist.,Dammam,26.4328776,50.1045699,بوفية عزيز,26.423848,50.094082,Café,8.1,0.9648468653222716,Coffee Shop
7911,Al Adamah Dist.,Dammam,26.4328776,50.1045699,Zaffron Lounge (ديوانية زعفران),26.421009,50.100572,Café,8.0,0.9594609990781884,Coffee Shop
7912,Al Adamah Dist.,Dammam,26.4328776,50.1045699,Tim Hortons (تيم هورتنز),26.411544,50.092832,Coffee Shop,9.0,0.986846057442335,Coffee Shop
7913,Al Adamah Dist.,Dammam,26.4328776,50.1045699,Alkarak (الكرك),26.414136,50.119659,Tea Room,8.8,0.96653512724109,Coffee Shop
7914,Al Adamah Dist.,Dammam,26.4328776,50.1045699,dr.CAFE COFFEE | V12 Station | د.كيف كافيه (dr.CAFE COFFEE | د. كيف),26.45616,50.09686,Coffee Shop,9.0,0.9887621829330184,Coffee Shop
7915,Al Adamah Dist.,Dammam,26.4328776,50.1045699,Mafaz (مَفَاز),26.406929,50.112725,Coffee Shop,9.4,0.9971620627867714,Coffee Shop
7916,Al Adamah Dist.,Dammam,26.4328776,50.1045699,Habits (هابيتس),26.452591,50.124033,Coffee Shop,9.0,0.9546344343286828,Coffee Shop
7917,Al Adamah Dist.,Dammam,26.4328776,50.1045699,Troy (تروي),26.452454,50.124545,Café,9.0,0.9916208350164164,Coffee Shop
7918,Al Adamah Dist.,Dammam,26.4328776,50.1045699,بن عفيف للقهوة والمكسرات,26.430661,50.078078,Coffee Shop,8.7,0.9834281038643592,Coffee Shop
7919,Al Adamah Dist.,Dammam,26.4328776,50.1045699,Location Coffee (لوكيشن كافيه),26.456777,50.101138,Coffee Shop,8.6,0.947518876425442,Coffee Shop
7920,Al Adamah Dist.,Dammam,26.4328776,50.1045699,شاي عبق,26.434268,50.128406,Tea Room,8.3,0.991092605827093,Coffee Shop
7921,Al Adamah Dist.,Dammam,26.4328776,50.1045699,قهوة الطريق,26.439674,50.118311,Coffee Shop,7.8,0.9658515365254948,Coffee Shop
7922,Al Adamah Dist.,Dammam,26.4328776,50.1045699,Avenue cafe,26.421009,50.101281,Café,7.7,0.9604035256709028,Coffee Shop
7923,Al Adamah Dist.,Dammam,26.4328776,50.1045699,Starbucks (ستاربكس),26.431259,50.08409,Coffee Shop,7.9,0.9854270888357208,Coffee Shop
7924,Al Adamah Dist.,Dammam,26.4328776,50.1045699,bREw’s (بروز),26.421533,50.090762,Coffee Shop,7.8,0.9774518638204436,Coffee Shop
7925,Al Adamah Dist.,Dammam,26.4328776,50.1045699,كاريبو,26.454459,50.105536,"Cafe, Coffee, and Tea House",8.0,0.9481817522708677,Coffee Shop
7926,Al Adamah Dist.,Dammam,26.4328776,50.1045699,شغف,26.406726,50.103451,Coffee Shop,8.2,0.9665765569814292,Coffee Shop
7927,Al Adamah Dist.,Dammam,26.4328776,50.1045699,Starbucks (ستاربكس),26.430711,50.13335,Coffee Shop,8.2,0.9940651896964235,Coffee Shop
7928,Al Adamah Dist.,Dammam,26.4328776,50.1045699,Brighton Cafe,26.417279,50.091732,Coffee Shop,7.8,0.9806212389563848,Coffee Shop
7929,Al Adamah Dist.,Dammam,26.4328776,50.1045699,ركن الشاهي,26.420883,50.097528,Tea Room,7.5,0.9583423960890324,Coffee Shop
7930,Al Adamah Dist.,Dammam,26.4328776,50.1045699,Scarface,26.454049,50.120242,Coffee Shop,7.9,0.9734228215724658,Coffee Shop
7931,Al Adamah Dist.,Dammam,26.4328776,50.1045699,Tim Hortons,26.456027,50.105241,Coffee Shop,7.8,0.9518793565961324,Coffee Shop
7932,Al Adamah Dist.,Dammam,26.4328776,50.1045699,ستاربكس,26.438295,50.08364,Coffee Shop,7.6,0.97508001118603,Coffee Shop
7933,Al Adamah Dist.,Dammam,26.4328776,50.1045699,ستاربكس,26.440571,50.127659,Coffee Shop,7.4,0.9717656319589016,Coffee Shop
7934,Al Adamah Dist.,Dammam,26.4328776,50.1045699,وناسه كافيه,26.420415,50.107059,Café,6.4,0.9467524262291686,Coffee Shop
7935,Al Adamah Dist.,Dammam,26.4328776,50.1045699,Lulia (لوليا),26.4139,50.096175,Café,6.5,0.9513821997120632,Coffee Shop
7936,Al Adamah Dist.,Dammam,26.4328776,50.1045699,Dar Najd Ladies Center,26.441875,50.122287,Health and Beauty Service,6.4,0.9037897854975194,Coffee Shop
7937,Al Adamah Dist.,Dammam,26.4328776,50.1045699,Coffee Valley (وادي القهوة),26.413057,50.115566,Coffee Shop,6.4,0.9368921480284622,Coffee Shop
7938,Al Adamah Dist.,Dammam,26.4328776,50.1045699,karak Cup,26.436514,50.10737,Café,,0.9248775233301224,Coffee Shop
7939,Al Adamah Dist.,Dammam,26.4328776,50.1045699,Reds Caffe,26.438697,50.105965,Café,,0.8999575345161525,Coffee Shop
7940,Al Adamah Dist.,Dammam,26.4328776,50.1045699,Joffrey’S,26.425652,50.099228,Coffee Shop,,0.9449088027840784,Coffee Shop
7941,Al Adamah Dist.,Dammam,26.4328776,50.1045699,Joffreys (جوفريز),26.430124,50.116391,Coffee Shop,,0.9670633564304136,Coffee Shop
7942,Al Adamah Dist.,Dammam,26.4328776,50.1045699,ستاربكس,26.442515,50.111823,Coffee Shop,,0.965571885778206,Coffee Shop
7943,Al Adamah Dist.,Dammam,26.4328776,50.1045699,شواهي,26.424465,50.115044,Tea Room,,0.9750903686211146,Coffee Shop
7944,Al Adamah Dist.,Dammam,26.4328776,50.1045699,Ramisis Kennel,26.433386,50.119318,Pet Café,,0.9478606717832396,Coffee Shop
7945,Al Adamah Dist.,Dammam,26.4328776,50.1045699,صبا كافيه,26.421007,50.097969,Coffee Shop,,0.9407554713150836,Coffee Shop
7946,Al Adamah Dist.,Dammam,26.4328776,50.1045699,مقهى زمن الطيبين,26.4462,50.10446,Café,,0.9534536867290184,Coffee Shop
7947,Al Adamah Dist.,Dammam,26.4328776,50.1045699,Coffee eltgaa,26.44643,50.103275,Coffee Shop,,0.9780629524904452,Coffee Shop
7948,Al Adamah Dist.,Dammam,26.4328776,50.1045699,انتقاء القهوة,26.446984,50.103129,Coffee Shop,,0.965012584283628,Coffee Shop
7949,Al Adamah Dist.,Dammam,26.4328776,50.1045699,Kayan (كيان),26.435393,50.088411,Coffee Shop,,0.9834591761696132,Coffee Shop
7950,Al Adamah Dist.,Dammam,26.4328776,50.1045699,Dose (دوز),26.447072,50.097542,Coffee Shop,,0.9713927642958498,Coffee Shop
7951,Al Adamah Dist.,Dammam,26.4328776,50.1045699,Road Café (قهوة الطريق),26.416832,50.109514,Coffee Shop,,0.9434173321318708,Coffee Shop
7952,At Tubayshi Dist.,Dammam,26.4310801,50.1189966,قيصرية الواحة,26.429371,50.117122,Café,8.2,0.9948627121979512,Coffee Shop
7953,At Tubayshi Dist.,Dammam,26.4310801,50.1189966,شاي عبق,26.434268,50.128406,Tea Room,8.3,0.991092605827093,Coffee Shop
7954,At Tubayshi Dist.,Dammam,26.4310801,50.1189966,Alkarak (الكرك),26.414136,50.119659,Tea Room,8.8,0.96653512724109,Coffee Shop
7955,At Tubayshi Dist.,Dammam,26.4310801,50.1189966,Ojair Coffee (اوجير كوفي),26.411095,50.114829,Coffee Shop,9.4,0.996996343825415,Coffee Shop
7956,At Tubayshi Dist.,Dammam,26.4310801,50.1189966,Starbucks (ستاربكس),26.411037,50.109414,Coffee Shop,9.2,0.9986846057442336,Coffee Shop
7957,At Tubayshi Dist.,Dammam,26.4310801,50.1189966,Starbucks (ستاربكس),26.430711,50.13335,Coffee Shop,8.2,0.9940651896964235,Coffee Shop
7958,At Tubayshi Dist.,Dammam,26.4310801,50.1189966,7 Grams | ٧ جرام (٧ جرام للقهوة المختصة),26.451182,50.131134,Coffee Shop,9.2,0.9967063356430412,Coffee Shop
7959,At Tubayshi Dist.,Dammam,26.4310801,50.1189966,Troy (تروي),26.452454,50.124545,Café,9.0,0.9916208350164164,Coffee Shop
7960,At Tubayshi Dist.,Dammam,26.4310801,50.1189966,Habits (هابيتس),26.452591,50.124033,Coffee Shop,9.0,0.9546344343286828,Coffee Shop
7961,At Tubayshi Dist.,Dammam,26.4310801,50.1189966,Ratio Speciality Coffee (ريشيو للقهوة المختصة),26.452074,50.130308,Coffee Shop,9.2,0.9975142155796538,Coffee Shop
7962,At Tubayshi Dist.,Dammam,26.4310801,50.1189966,017 Cafe,26.451996,50.130228,Coffee Shop,9.1,0.9976695771059256,Coffee Shop
7963,At Tubayshi Dist.,Dammam,26.4310801,50.1189966,Starbucks (ستاربكس),26.45491,50.11388,Coffee Shop,9.2,0.99885032470559,Coffee Shop
7964,At Tubayshi Dist.,Dammam,26.4310801,50.1189966,Mafaz (مَفَاز),26.406929,50.112725,Coffee Shop,9.4,0.9971620627867714,Coffee Shop
7965,At Tubayshi Dist.,Dammam,26.4310801,50.1189966,قهوة الطريق,26.439674,50.118311,Coffee Shop,7.8,0.9658515365254948,Coffee Shop
7966,At Tubayshi Dist.,Dammam,26.4310801,50.1189966,Starbucks (ستاربكس),26.412921,50.100693,Coffee Shop,8.9,0.9922319236864184,Coffee Shop
7967,At Tubayshi Dist.,Dammam,26.4310801,50.1189966,Park Coffee,26.451734,50.127202,Coffee Shop,8.4,0.972811732902464,Coffee Shop
7968,At Tubayshi Dist.,Dammam,26.4310801,50.1189966,ستاربكس,26.428519,50.107585,Coffee Shop,7.7,0.9473220851588312,Coffee Shop
7969,At Tubayshi Dist.,Dammam,26.4310801,50.1189966,24 Cafe,26.451228,50.130944,Coffee Shop,8.3,0.9795854954479072,Coffee Shop
7970,At Tubayshi Dist.,Dammam,26.4310801,50.1189966,Zaffron Lounge (ديوانية زعفران),26.421009,50.100572,Café,8.0,0.9594609990781884,Coffee Shop
7971,At Tubayshi Dist.,Dammam,26.4310801,50.1189966,Bastah Karak (بسطة كرك),26.450936,50.131199,Tea Room,8.2,0.979782286714518,Coffee Shop
7972,At Tubayshi Dist.,Dammam,26.4310801,50.1189966,Dose (دوز),26.457896,50.120312,Coffee Shop,8.4,0.9737542594951786,Coffee Shop
7973,At Tubayshi Dist.,Dammam,26.4310801,50.1189966,Starbucks (ستاربكس),26.422585,50.091569,Coffee Shop,8.3,0.9801344395074004,Coffee Shop
7974,At Tubayshi Dist.,Dammam,26.4310801,50.1189966,بوفية عزيز,26.423848,50.094082,Café,8.1,0.9648468653222716,Coffee Shop
7975,At Tubayshi Dist.,Dammam,26.4310801,50.1189966,View Cafe,26.451949,50.126317,Café,8.0,0.9710509689380522,Coffee Shop
7976,At Tubayshi Dist.,Dammam,26.4310801,50.1189966,Icons Coffee Couture,26.451596,50.127771,Coffee Shop,8.0,0.9775761530414608,Coffee Shop
7977,At Tubayshi Dist.,Dammam,26.4310801,50.1189966,Scarface,26.454049,50.120242,Coffee Shop,7.9,0.9734228215724658,Coffee Shop
7978,At Tubayshi Dist.,Dammam,26.4310801,50.1189966,كاريبو,26.454459,50.105536,"Cafe, Coffee, and Tea House",8.0,0.9481817522708677,Coffee Shop
7979,At Tubayshi Dist.,Dammam,26.4310801,50.1189966,Avenue cafe,26.421009,50.101281,Café,7.7,0.9604035256709028,Coffee Shop
7980,At Tubayshi Dist.,Dammam,26.4310801,50.1189966,ستاربكس,26.440571,50.127659,Coffee Shop,7.4,0.9717656319589016,Coffee Shop
7981,At Tubayshi Dist.,Dammam,26.4310801,50.1189966,ركن الشاهي,26.420883,50.097528,Tea Room,7.5,0.9583423960890324,Coffee Shop
7982,At Tubayshi Dist.,Dammam,26.4310801,50.1189966,Dar Najd Ladies Center,26.441875,50.122287,Health and Beauty Service,6.4,0.9037897854975194,Coffee Shop
7983,At Tubayshi Dist.,Dammam,26.4310801,50.1189966,وناسه كافيه,26.420415,50.107059,Café,6.4,0.9467524262291686,Coffee Shop
7984,At Tubayshi Dist.,Dammam,26.4310801,50.1189966,Coffee Valley (وادي القهوة),26.413057,50.115566,Coffee Shop,6.4,0.9368921480284622,Coffee Shop
7985,At Tubayshi Dist.,Dammam,26.4310801,50.1189966,Lulia (لوليا),26.4139,50.096175,Café,6.5,0.9513821997120632,Coffee Shop
7986,At Tubayshi Dist.,Dammam,26.4310801,50.1189966,Joffreys (جوفريز),26.430124,50.116391,Coffee Shop,,0.9670633564304136,Coffee Shop
7987,At Tubayshi Dist.,Dammam,26.4310801,50.1189966,Ramisis Kennel,26.433386,50.119318,Pet Café,,0.9478606717832396,Coffee Shop
7988,At Tubayshi Dist.,Dammam,26.4310801,50.1189966,شواهي,26.424465,50.115044,Tea Room,,0.9750903686211146,Coffee Shop
7989,At Tubayshi Dist.,Dammam,26.4310801,50.1189966,karak Cup,26.436514,50.10737,Café,,0.9248775233301224,Coffee Shop
7990,At Tubayshi Dist.,Dammam,26.4310801,50.1189966,Saadeddin Coffee,26.43696,50.130681,Café,,0.925032884856394,Coffee Shop
7991,At Tubayshi Dist.,Dammam,26.4310801,50.1189966,ستاربكس,26.442515,50.111823,Coffee Shop,,0.965571885778206,Coffee Shop
7992,At Tubayshi Dist.,Dammam,26.4310801,50.1189966,مقهى وناسة,26.421831,50.108579,Café,,0.9252918207335136,Coffee Shop
7993,At Tubayshi Dist.,Dammam,26.4310801,50.1189966,Reds Caffe,26.438697,50.105965,Café,,0.8999575345161525,Coffee Shop
7994,At Tubayshi Dist.,Dammam,26.4310801,50.1189966,Road Café (قهوة الطريق),26.416832,50.109514,Coffee Shop,,0.9434173321318708,Coffee Shop
7995,At Tubayshi Dist.,Dammam,26.4310801,50.1189966,Kuba,26.413668,50.1157,Coffee Shop,,0.960672818983107,Coffee Shop
7996,At Tubayshi Dist.,Dammam,26.4310801,50.1189966,دربي,26.413832,50.11473,Coffee Shop,,0.9471252938922206,Coffee Shop
7997,At Tubayshi Dist.,Dammam,26.4310801,50.1189966,Joffrey’S,26.425652,50.099228,Coffee Shop,,0.9449088027840784,Coffee Shop
7998,At Tubayshi Dist.,Dammam,26.4310801,50.1189966,30Days Cafe,26.414911,50.108156,Coffee Shop,,0.942713026546106,Coffee Shop
7999,At Tubayshi Dist.,Dammam,26.4310801,50.1189966,Café Le Chef,26.450914,50.118721,Café,,0.8717231664750541,Coffee Shop
8000,At Tubayshi Dist.,Dammam,26.4310801,50.1189966,Barn’s (بارنز),26.412571,50.110463,Coffee Shop,,0.9758671762524728,Coffee Shop
8001,At Tubayshi Dist.,Dammam,26.4310801,50.1189966,مقهى زمن الطيبين,26.4462,50.10446,Café,,0.9534536867290184,Coffee Shop
8002,Al Firdaws Dist.,Dammam,26.3776331,50.1183327,Onda Coffee (اوندا كافيه),26.376212,50.122733,Coffee Shop,8.9,0.998291023211012,Coffee Shop
8003,Al Firdaws Dist.,Dammam,26.3776331,50.1183327,Sofa Sugar (صفة قند),26.375387,50.113311,Coffee Shop,8.6,0.9827963003241876,Coffee Shop
8004,Al Firdaws Dist.,Dammam,26.3776331,50.1183327,Road Cafe,26.389654,50.112863,Coffee Shop,8.8,0.9705227397487286,Coffee Shop
8005,Al Firdaws Dist.,Dammam,26.3776331,50.1183327,Turkistachio (تركستاشيو),26.382325,50.103675,Café,8.8,0.973412464137381,Coffee Shop
8006,Al Firdaws Dist.,Dammam,26.3776331,50.1183327,Road Cafe (قهوة الطريق),26.380634,50.10353,General Contractor,8.7,0.9772032853784088,Coffee Shop
8007,Al Firdaws Dist.,Dammam,26.3776331,50.1183327,One Cup Speciality Coffee,26.377264,50.10152,Coffee Shop,8.9,0.9163844265606064,Coffee Shop
8008,Al Firdaws Dist.,Dammam,26.3776331,50.1183327,Chart (تشارت),26.384994,50.100857,Coffee Shop,9.4,0.997876725807621,Coffee Shop
8009,Al Firdaws Dist.,Dammam,26.3776331,50.1183327,LAMBDA (لامدا),26.381123,50.098818,Coffee Shop,9.4,0.992656578524894,Coffee Shop
8010,Al Firdaws Dist.,Dammam,26.3776331,50.1183327,8Oz Speciality Coffee,26.372696,50.099472,Coffee Shop,9.1,0.9978663683725362,Coffee Shop
8011,Al Firdaws Dist.,Dammam,26.3776331,50.1183327,Otten (اوتن),26.391985,50.104063,Coffee Shop,9.5,0.9999896425649152,Coffee Shop
8012,Al Firdaws Dist.,Dammam,26.3776331,50.1183327,The Garden (ذا قاردن),26.38441,50.096408,Coffee Shop,9.2,0.9931951651493024,Coffee Shop
8013,Al Firdaws Dist.,Dammam,26.3776331,50.1183327,Starbucks (ستاربكس),26.371507,50.095822,Coffee Shop,9.1,0.9977627940216884,Coffee Shop
8014,Al Firdaws Dist.,Dammam,26.3776331,50.1183327,Garden Gate (قاردن قيت),26.398221,50.127066,Coffee Shop,9.0,0.9819055609068972,Coffee Shop
8015,Al Firdaws Dist.,Dammam,26.3776331,50.1183327,Coffee Warehouse (مستودع القهوة),26.39495,50.104782,Coffee Shop,8.9,0.989425058778444,Coffee Shop
8016,Al Firdaws Dist.,Dammam,26.3776331,50.1183327,llama (لاما),26.366323,50.094173,Café,9.5,0.9999689276947455,Coffee Shop
8017,Al Firdaws Dist.,Dammam,26.3776331,50.1183327,22 Cafe,26.377774,50.103692,Coffee Shop,8.1,0.9551108763425824,Coffee Shop
8018,Al Firdaws Dist.,Dammam,26.3776331,50.1183327,Woods Café & Roastery (مقهى ومحمصة وودز),26.368026,50.092919,Coffee Shop,9.4,0.9988399672705052,Coffee Shop
8019,Al Firdaws Dist.,Dammam,26.3776331,50.1183327,Starbucks (ستاربكس),26.400343,50.117202,Coffee Shop,8.9,0.9902018664098022,Coffee Shop
8020,Al Firdaws Dist.,Dammam,26.3776331,50.1183327,Dunkin Donuts,26.372597,50.098943,Donut Shop,8.4,0.9993681964598288,Coffee Shop
8021,Al Firdaws Dist.,Dammam,26.3776331,50.1183327,Park Coffee,26.382487,50.097539,Coffee Shop,8.5,0.9824337900962206,Coffee Shop
8022,Al Firdaws Dist.,Dammam,26.3776331,50.1183327,Starbucks (ستاربكس),26.401618,50.115742,Coffee Shop,8.9,0.9674258666583808,Coffee Shop
8023,Al Firdaws Dist.,Dammam,26.3776331,50.1183327,Starbucks (ستاربكس),26.399071,50.104867,Coffee Shop,9.0,0.988544676796238,Coffee Shop
8024,Al Firdaws Dist.,Dammam,26.3776331,50.1183327,KYAN (كيان),26.383775,50.097323,Coffee Shop,8.4,0.9895907777398004,Coffee Shop
8025,Al Firdaws Dist.,Dammam,26.3776331,50.1183327,Labiba,26.367464,50.09336,Coffee Shop,8.7,0.9811494681457084,Coffee Shop
8026,Al Firdaws Dist.,Dammam,26.3776331,50.1183327,Tim Hortons (تيم هورتنز),26.400097,50.116794,Coffee Shop,8.5,0.9979595852882992,Coffee Shop
8027,Al Firdaws Dist.,Dammam,26.3776331,50.1183327,Road Café,26.377219,50.089819,Coffee Shop,8.8,0.9914861883603144,Coffee Shop
8028,Al Firdaws Dist.,Dammam,26.3776331,50.1183327,Ratio Speciality Coffee (ريشيو للقهوة المختصة),26.37146,50.089934,Coffee Shop,8.7,0.9922215662513336,Coffee Shop
8029,Al Firdaws Dist.,Dammam,26.3776331,50.1183327,MINA (مينا),26.373081,50.100454,Coffee Shop,8.1,0.9527908108835929,Coffee Shop
8030,Al Firdaws Dist.,Dammam,26.3776331,50.1183327,BRIGHT (برايت),26.372574,50.098952,Café,8.1,0.9292276460657284,Coffee Shop
8031,Al Firdaws Dist.,Dammam,26.3776331,50.1183327,CHIMNEY Roasting & Beans (محمصه مدخنه للقهوة المختصة),26.377618,50.101249,Coffee Shop,7.9,0.8991600120146247,Coffee Shop
8032,Al Firdaws Dist.,Dammam,26.3776331,50.1183327,مجلس المساء كافيه,26.365602,50.094777,Coffee Shop,8.3,0.9837906140923262,Coffee Shop
8033,Al Firdaws Dist.,Dammam,26.3776331,50.1183327,Operations (اوبيريشنز),26.383302,50.097029,Coffee Shop,7.9,0.8978653326290278,Coffee Shop
8034,Al Firdaws Dist.,Dammam,26.3776331,50.1183327,كوستا كوفي - الشرقية,26.400957,50.116567,Coffee Shop,8.0,0.9910304612165844,Coffee Shop
8035,Al Firdaws Dist.,Dammam,26.3776331,50.1183327,سينزيو,26.400281,50.116745,Coffee Shop,7.8,0.6322281950097878,Coffee Shop
8036,Al Firdaws Dist.,Dammam,26.3776331,50.1183327,dip n dip (Dip N Dip),26.40031,50.1152,Café,7.7,0.9221431604677418,Coffee Shop
8037,Al Firdaws Dist.,Dammam,26.3776331,50.1183327,ستاربكس,26.380995,50.148118,Coffee Shop,7.7,0.9946348486260862,Coffee Shop
8038,Al Firdaws Dist.,Dammam,26.3776331,50.1183327,Cafe Liwan (قهوة ليوان),26.401203,50.116266,Café,7.4,0.9221224455975722,Coffee Shop
8039,Al Firdaws Dist.,Dammam,26.3776331,50.1183327,Third (ثيرد),26.387555,50.104488,Coffee Shop,7.1,0.003780463805943,Coffee Shop
8040,Al Firdaws Dist.,Dammam,26.3776331,50.1183327,Moroccan Taste,26.400759,50.115301,Tea Room,6.7,0.9730706687795834,Coffee Shop
8041,Al Firdaws Dist.,Dammam,26.3776331,50.1183327,Coffee Valley (وادي القهوة),26.373408,50.091061,Coffee Shop,6.7,0.972034925271106,Coffee Shop
8042,Al Firdaws Dist.,Dammam,26.3776331,50.1183327,Dunkin' Donuts Drive-Through,26.374454,50.118347,Donut Shop,,0.899097867404116,Coffee Shop
8043,Al Firdaws Dist.,Dammam,26.3776331,50.1183327,Al Jood Cafe (قهوة الجود),26.379,50.099583,Café,6.0,0.9206931195558732,Coffee Shop
8044,Al Firdaws Dist.,Dammam,26.3776331,50.1183327,استراحة الجامعيين للمناسبات,26.377383,50.111484,Coffee Shop,,0.9660897575324446,Coffee Shop
8045,Al Firdaws Dist.,Dammam,26.3776331,50.1183327,Joffreys,26.37892,50.110606,Coffee Shop,,0.8471656878890511,Coffee Shop
8046,Al Firdaws Dist.,Dammam,26.3776331,50.1183327,Derby Coffee (دربي كوفي),26.385984,50.118029,Coffee Shop,,0.4952925457539694,Coffee Shop
8047,Al Firdaws Dist.,Dammam,26.3776331,50.1183327,مجلس نجد,26.378297,50.103673,Coffee Shop,,0.5483329708231054,Coffee Shop
8048,Al Firdaws Dist.,Dammam,26.3776331,50.1183327,Derbi Coffee (دربي كافيه),26.38308,50.1046,Coffee Shop,,0.0011911050347491,Coffee Shop
8049,Al Firdaws Dist.,Dammam,26.3776331,50.1183327,شاهي خالد,26.373666,50.102447,Tea Room,,0.9645361422697284,Coffee Shop
8050,Al Firdaws Dist.,Dammam,26.3776331,50.1183327,مهيّلة الجود,26.380293,50.101135,Café,,0.728500554122777,Coffee Shop
8051,Al Firdaws Dist.,Dammam,26.3776331,50.1183327,BRIGHTaa,26.372573,50.098949,Coffee Shop,,0.8525722690033041,Coffee Shop
8052,Ar Rabiyah Dist.,Dammam,26.4629072,50.0344304,Valen Specialty Coffee & Bakery,26.466374,50.03705,Coffee Shop,9.2,0.9985374796138746,Coffee Shop
8053,Ar Rabiyah Dist.,Dammam,26.4629072,50.0344304,Boho Specialty Coffee (بوهو قهوة مختصة),26.467374,50.04036,Coffee Shop,9.1,0.99865680930624,Coffee Shop
8054,Ar Rabiyah Dist.,Dammam,26.4629072,50.0344304,Sova,26.467984,50.046665,Coffee Shop,9.0,0.9998279402750944,Coffee Shop
8055,Ar Rabiyah Dist.,Dammam,26.4629072,50.0344304,Soren Coffee,26.471294,50.04801,Café,8.6,0.9894457736486136,Coffee Shop
8056,Ar Rabiyah Dist.,Dammam,26.4629072,50.0344304,1 Oak - One Of A Kind (ون اوف كايند),26.480316,50.043749,Coffee Shop,9.0,0.9837595417870718,Coffee Shop
8057,Ar Rabiyah Dist.,Dammam,26.4629072,50.0344304,Innovation Coffee,26.482686,50.044426,Coffee Shop,9.2,0.995888098271344,Coffee Shop
8058,Ar Rabiyah Dist.,Dammam,26.4629072,50.0344304,Beta Bakery & Coffee,26.476692,50.042964,Coffee Shop,8.3,0.996295384378906,Coffee Shop
8059,Ar Rabiyah Dist.,Dammam,26.4629072,50.0344304,Crepe Roll (كريب رول),26.468519,50.047048,Café,8.0,0.9915915957184334,Coffee Shop
8060,Ar Rabiyah Dist.,Dammam,26.4629072,50.0344304,Jibal Speciality Coffee,26.4689,50.045131,Coffee Shop,7.9,0.9469877650800704,Coffee Shop
8061,Ar Rabiyah Dist.,Dammam,26.4629072,50.0344304,ACE (ايس),26.467515,50.059517,Coffee Shop,8.7,0.9618949963231106,Coffee Shop
8062,Ar Rabiyah Dist.,Dammam,26.4629072,50.0344304,Émilien Cafe,26.456673,50.062232,Café,8.9,0.976043252648914,Coffee Shop
8063,Ar Rabiyah Dist.,Dammam,26.4629072,50.0344304,Starbucks (ستاربكس),26.461041,50.062709,Coffee Shop,8.9,0.9770893535924764,Coffee Shop
8064,Ar Rabiyah Dist.,Dammam,26.4629072,50.0344304,Tim Hortons (تيم هورتنز),26.468223,50.060633,Coffee Shop,8.7,0.922132803032657,Coffee Shop
8065,Ar Rabiyah Dist.,Dammam,26.4629072,50.0344304,Lagomera Coffee,26.479411,50.046063,Coffee Shop,8.3,0.908233125148888,Coffee Shop
8066,Ar Rabiyah Dist.,Dammam,26.4629072,50.0344304,Starbucks (ستاربكس),26.466708,50.008118,Coffee Shop,8.6,0.9998334626771512,Coffee Shop
8067,Ar Rabiyah Dist.,Dammam,26.4629072,50.0344304,Divided Coffee Lounge,26.482554,50.05163,Coffee Shop,8.6,0.9531222488063056,Coffee Shop
8068,Ar Rabiyah Dist.,Dammam,26.4629072,50.0344304,Delle Rose (café & Restaurant),26.472966,50.04842,Café,8.0,0.9616257030109064,Coffee Shop
8069,Ar Rabiyah Dist.,Dammam,26.4629072,50.0344304,شاي شنب,26.477438,50.042556,Tea Room,8.0,0.9971971391921438,Coffee Shop
8070,Ar Rabiyah Dist.,Dammam,26.4629072,50.0344304,Kav Specialized Coffee,26.46298,50.063263,Coffee Shop,8.5,0.9751732281017929,Coffee Shop
8071,Ar Rabiyah Dist.,Dammam,26.4629072,50.0344304,Blue Sky,26.465265,50.0248,Coffee Shop,7.5,0.9957414390998026,Coffee Shop
8072,Ar Rabiyah Dist.,Dammam,26.4629072,50.0344304,Tim Hortons,26.436701,50.033922,Coffee Shop,8.0,0.9998037384117038,Coffee Shop
8073,Ar Rabiyah Dist.,Dammam,26.4629072,50.0344304,Verocci Cafe,26.454256,50.061719,Café,7.7,0.9654061668168494,Coffee Shop
8074,Ar Rabiyah Dist.,Dammam,26.4629072,50.0344304,Starbucks (ستاربكس),26.47625,50.055786,Coffee Shop,7.6,0.9568509254368248,Coffee Shop
8075,Ar Rabiyah Dist.,Dammam,26.4629072,50.0344304,مقهى فرجان الأول,26.462273,50.064516,Coffee Shop,7.5,0.92430786440046,Coffee Shop
8076,Ar Rabiyah Dist.,Dammam,26.4629072,50.0344304,Lady Latte Cafe (مقهى ليدي لاتيه),26.482539,50.051931,Coffee Shop,7.4,0.8771608198945613,Coffee Shop
8077,Ar Rabiyah Dist.,Dammam,26.4629072,50.0344304,Newflavor,26.476411,50.04656,Café,7.0,0.1110109892386249,Coffee Shop
8078,Ar Rabiyah Dist.,Dammam,26.4629072,50.0344304,18/11 (١٨/١١),26.467816,50.059567,Coffee Shop,7.1,0.4548467617479207,Coffee Shop
8079,Ar Rabiyah Dist.,Dammam,26.4629072,50.0344304,Fontaine Bleue Coffe,26.477072,50.046208,Coffee Shop,6.9,0.9384457632911786,Coffee Shop
8080,Ar Rabiyah Dist.,Dammam,26.4629072,50.0344304,Hexa Coffee,26.464064,50.03014,Coffee Shop,,0.7968229900905967,Coffee Shop
8081,Ar Rabiyah Dist.,Dammam,26.4629072,50.0344304,مقهى أوقات المزاج,26.461196,50.030121,Café,,0.998444235000348,Coffee Shop
8082,Ar Rabiyah Dist.,Dammam,26.4629072,50.0344304,Brunch,26.468617,50.036891,Coffee Shop,,0.3117829100488503,Coffee Shop
8083,Ar Rabiyah Dist.,Dammam,26.4629072,50.0344304,Costiera Coffee,26.467667,50.04129,Coffee Shop,,0.9935686920012587,Coffee Shop
8084,Ar Rabiyah Dist.,Dammam,26.4629072,50.0344304,Derby Coffee (دربي كافيه),26.463358,50.025068,Coffee Shop,,0.996317703026849,Coffee Shop
8085,Ar Rabiyah Dist.,Dammam,26.4629072,50.0344304,Victoria Maple,26.467916,50.042151,Café,,0.9782236417594882,Coffee Shop
8086,Ar Rabiyah Dist.,Dammam,26.4629072,50.0344304,بلو سكاي,26.465482,50.025013,Coffee Shop,,0.175222330761599,Coffee Shop
8087,Ar Rabiyah Dist.,Dammam,26.4629072,50.0344304,Inno Store & Coffee,26.468316,50.043393,Coffee Shop,,0.9981187950118712,Coffee Shop
8088,Ar Rabiyah Dist.,Dammam,26.4629072,50.0344304,Coffee Time,26.473529,50.041101,Café,,0.0151526568797995,Coffee Shop
8089,Ar Rabiyah Dist.,Dammam,26.4629072,50.0344304,Sova,26.468062,50.046918,Coffee Shop,,0.2680060654806735,Coffee Shop
8090,Ar Rabiyah Dist.,Dammam,26.4629072,50.0344304,Kyan (كيان),26.465557,50.047956,Coffee Shop,,0.9868935076020192,Coffee Shop
8091,Ar Rabiyah Dist.,Dammam,26.4629072,50.0344304,Il Forno,26.465526,50.048718,Coffee Shop,,0.7426238204613649,Coffee Shop
8092,Ar Rabiyah Dist.,Dammam,26.4629072,50.0344304,Cup Of Karak,26.462324,50.049516,Café,,0.4183543776297417,Coffee Shop
8093,Ar Rabiyah Dist.,Dammam,26.4629072,50.0344304,La Rosetta (لا روزيتا),26.470267,50.047373,Coffee Shop,,0.9437694849247532,Coffee Shop
8094,Ar Rabiyah Dist.,Dammam,26.4629072,50.0344304,Razgi Cafe (رازقي كافيه),26.470027,50.047716,Café,,0.9276533159328424,Coffee Shop
8095,Ar Rabiyah Dist.,Dammam,26.4629072,50.0344304,Manto Rose (مانتو روز),26.467348,50.018435,Coffee Shop,,0.999265418731046,Coffee Shop
8096,Ar Rabiyah Dist.,Dammam,26.4629072,50.0344304,Nightowl.sa,26.468306,50.050304,Coffee Shop,,0.1471170079441527,Coffee Shop
8097,Ar Rabiyah Dist.,Dammam,26.4629072,50.0344304,Daily Sun Cafe,26.472643,50.047853,Restaurant,,0.6132533739344789,Coffee Shop
8098,Ar Rabiyah Dist.,Dammam,26.4629072,50.0344304,Halit Coffee,26.458285,50.01604,Café,,0.181735914916326,Coffee Shop
8099,Ar Rabiyah Dist.,Dammam,26.4629072,50.0344304,Joffrey's,26.467425,50.015634,Café,,0.1321139004331268,Coffee Shop
8100,Ar Rabiyah Dist.,Dammam,26.4629072,50.0344304,Fb Cafe,26.476842,50.046446,Café,,0.580886389294555,Coffee Shop
8101,Ar Rabiyah Dist.,Dammam,26.4629072,50.0344304,7Roofcafe,26.477641,50.045998,Coffee Shop,,0.0262457405048213,Coffee Shop
8102,Ad Danah Dist.,Dammam,26.4657741,50.0433283,Boho Specialty Coffee (بوهو قهوة مختصة),26.467374,50.04036,Coffee Shop,9.1,0.99865680930624,Coffee Shop
8103,Ad Danah Dist.,Dammam,26.4657741,50.0433283,Sova,26.467984,50.046665,Coffee Shop,9.0,0.9998279402750944,Coffee Shop
8104,Ad Danah Dist.,Dammam,26.4657741,50.0433283,Valen Specialty Coffee & Bakery,26.466374,50.03705,Coffee Shop,9.2,0.9985374796138746,Coffee Shop
8105,Ad Danah Dist.,Dammam,26.4657741,50.0433283,Soren Coffee,26.471294,50.04801,Café,8.6,0.9894457736486136,Coffee Shop
8106,Ad Danah Dist.,Dammam,26.4657741,50.0433283,Crepe Roll (كريب رول),26.468519,50.047048,Café,8.0,0.9915915957184334,Coffee Shop
8107,Ad Danah Dist.,Dammam,26.4657741,50.0433283,Jibal Speciality Coffee,26.4689,50.045131,Coffee Shop,7.9,0.9469877650800704,Coffee Shop
8108,Ad Danah Dist.,Dammam,26.4657741,50.0433283,1 Oak - One Of A Kind (ون اوف كايند),26.480316,50.043749,Coffee Shop,9.0,0.9837595417870718,Coffee Shop
8109,Ad Danah Dist.,Dammam,26.4657741,50.0433283,Innovation Coffee,26.482686,50.044426,Coffee Shop,9.2,0.995888098271344,Coffee Shop
8110,Ad Danah Dist.,Dammam,26.4657741,50.0433283,Beta Bakery & Coffee,26.476692,50.042964,Coffee Shop,8.3,0.996295384378906,Coffee Shop
8111,Ad Danah Dist.,Dammam,26.4657741,50.0433283,ACE (ايس),26.467515,50.059517,Coffee Shop,8.7,0.9618949963231106,Coffee Shop
8112,Ad Danah Dist.,Dammam,26.4657741,50.0433283,Tim Hortons (تيم هورتنز),26.468223,50.060633,Coffee Shop,8.7,0.922132803032657,Coffee Shop
8113,Ad Danah Dist.,Dammam,26.4657741,50.0433283,Starbucks (ستاربكس),26.461041,50.062709,Coffee Shop,8.9,0.9770893535924764,Coffee Shop
8114,Ad Danah Dist.,Dammam,26.4657741,50.0433283,Émilien Cafe,26.456673,50.062232,Café,8.9,0.976043252648914,Coffee Shop
8115,Ad Danah Dist.,Dammam,26.4657741,50.0433283,Delle Rose (café & Restaurant),26.472966,50.04842,Café,8.0,0.9616257030109064,Coffee Shop
8116,Ad Danah Dist.,Dammam,26.4657741,50.0433283,Lagomera Coffee,26.479411,50.046063,Coffee Shop,8.3,0.908233125148888,Coffee Shop
8117,Ad Danah Dist.,Dammam,26.4657741,50.0433283,Divided Coffee Lounge,26.482554,50.05163,Coffee Shop,8.6,0.9531222488063056,Coffee Shop
8118,Ad Danah Dist.,Dammam,26.4657741,50.0433283,Kav Specialized Coffee,26.46298,50.063263,Coffee Shop,8.5,0.9751732281017929,Coffee Shop
8119,Ad Danah Dist.,Dammam,26.4657741,50.0433283,Shajarah (شجرة),26.487185,50.051289,Tea Room,8.9,0.9766193944039862,Coffee Shop
8120,Ad Danah Dist.,Dammam,26.4657741,50.0433283,Starbucks (ستاربكس),26.462292,50.068479,Coffee Shop,8.9,0.9970067012604998,Coffee Shop
8121,Ad Danah Dist.,Dammam,26.4657741,50.0433283,شاي شنب,26.477438,50.042556,Tea Room,8.0,0.9971971391921438,Coffee Shop
8122,Ad Danah Dist.,Dammam,26.4657741,50.0433283,PappaRoti Cafe (باباروتي كافيه),26.462396,50.06472,Café,8.3,0.964691503796,Coffee Shop
8123,Ad Danah Dist.,Dammam,26.4657741,50.0433283,Dèjavu Coffee,26.484493,50.052658,Coffee Shop,8.4,0.9890729059855616,Coffee Shop
8124,Ad Danah Dist.,Dammam,26.4657741,50.0433283,8Oz COFFEE,26.453242,50.062816,Coffee Shop,8.2,0.974655356347554,Coffee Shop
8125,Ad Danah Dist.,Dammam,26.4657741,50.0433283,ستاربكس,26.490974,50.046496,Coffee Shop,8.4,0.9770026830203145,Coffee Shop
8126,Ad Danah Dist.,Dammam,26.4657741,50.0433283,Verocci Cafe Saihat5 ༄ ڤيروتشي كافيه,26.491997,50.046644,Café,8.3,0.984285166730548,Coffee Shop
8127,Ad Danah Dist.,Dammam,26.4657741,50.0433283,Starbucks (ستاربكس),26.47625,50.055786,Coffee Shop,7.6,0.9568509254368248,Coffee Shop
8128,Ad Danah Dist.,Dammam,26.4657741,50.0433283,Verocci Cafe,26.454256,50.061719,Café,7.7,0.9654061668168494,Coffee Shop
8129,Ad Danah Dist.,Dammam,26.4657741,50.0433283,Blue Sky,26.465265,50.0248,Coffee Shop,7.5,0.9957414390998026,Coffee Shop
8130,Ad Danah Dist.,Dammam,26.4657741,50.0433283,مقهى فرجان الأول,26.462273,50.064516,Coffee Shop,7.5,0.92430786440046,Coffee Shop
8131,Ad Danah Dist.,Dammam,26.4657741,50.0433283,Lady Latte Cafe (مقهى ليدي لاتيه),26.482539,50.051931,Coffee Shop,7.4,0.8771608198945613,Coffee Shop
8132,Ad Danah Dist.,Dammam,26.4657741,50.0433283,Once upon a time,26.492097,50.037669,Coffee Shop,7.6,0.8884630126485243,Coffee Shop
8133,Ad Danah Dist.,Dammam,26.4657741,50.0433283,Mado,26.462122,50.06728,Coffee Shop,7.4,0.7171902350102021,Coffee Shop
8134,Ad Danah Dist.,Dammam,26.4657741,50.0433283,Newflavor,26.476411,50.04656,Café,7.0,0.1110109892386249,Coffee Shop
8135,Ad Danah Dist.,Dammam,26.4657741,50.0433283,18/11 (١٨/١١),26.467816,50.059567,Coffee Shop,7.1,0.4548467617479207,Coffee Shop
8136,Ad Danah Dist.,Dammam,26.4657741,50.0433283,Café Liwan (قهوة الليوان),26.462581,50.064908,Café,7.3,0.9598338667412402,Coffee Shop
8137,Ad Danah Dist.,Dammam,26.4657741,50.0433283,Fontaine Bleue Coffe,26.477072,50.046208,Coffee Shop,6.9,0.9384457632911786,Coffee Shop
8138,Ad Danah Dist.,Dammam,26.4657741,50.0433283,iMint Cafe,26.488428,50.047114,Café,7.1,0.0360291299348409,Coffee Shop
8139,Ad Danah Dist.,Dammam,26.4657741,50.0433283,Victoria Maple,26.467916,50.042151,Café,,0.9782236417594882,Coffee Shop
8140,Ad Danah Dist.,Dammam,26.4657741,50.0433283,Inno Store & Coffee,26.468316,50.043393,Coffee Shop,,0.9981187950118712,Coffee Shop
8141,Ad Danah Dist.,Dammam,26.4657741,50.0433283,Costiera Coffee,26.467667,50.04129,Coffee Shop,,0.9935686920012587,Coffee Shop
8142,Ad Danah Dist.,Dammam,26.4657741,50.0433283,Kyan (كيان),26.465557,50.047956,Coffee Shop,,0.9868935076020192,Coffee Shop
8143,Ad Danah Dist.,Dammam,26.4657741,50.0433283,Il Forno,26.465526,50.048718,Coffee Shop,,0.7426238204613649,Coffee Shop
8144,Ad Danah Dist.,Dammam,26.4657741,50.0433283,Razgi Cafe (رازقي كافيه),26.470027,50.047716,Café,,0.9276533159328424,Coffee Shop
8145,Ad Danah Dist.,Dammam,26.4657741,50.0433283,La Rosetta (لا روزيتا),26.470267,50.047373,Coffee Shop,,0.9437694849247532,Coffee Shop
8146,Ad Danah Dist.,Dammam,26.4657741,50.0433283,Cup Of Karak,26.462324,50.049516,Café,,0.4183543776297417,Coffee Shop
8147,Ad Danah Dist.,Dammam,26.4657741,50.0433283,Brunch,26.468617,50.036891,Coffee Shop,,0.3117829100488503,Coffee Shop
8148,Ad Danah Dist.,Dammam,26.4657741,50.0433283,Coffee Time,26.473529,50.041101,Café,,0.0151526568797995,Coffee Shop
8149,Ad Danah Dist.,Dammam,26.4657741,50.0433283,Daily Sun Cafe,26.472643,50.047853,Restaurant,,0.6132533739344789,Coffee Shop
8150,Ad Danah Dist.,Dammam,26.4657741,50.0433283,Fb Cafe,26.476842,50.046446,Café,,0.580886389294555,Coffee Shop
8151,Ad Danah Dist.,Dammam,26.4657741,50.0433283,Hexa Coffee,26.464064,50.03014,Coffee Shop,,0.7968229900905967,Coffee Shop
8152,Al Mazruiyah Dist.,Dammam,26.4386933,50.1249994,شاي عبق,26.434268,50.128406,Tea Room,8.3,0.991092605827093,Coffee Shop
8153,Al Mazruiyah Dist.,Dammam,26.4386933,50.1249994,7 Grams | ٧ جرام (٧ جرام للقهوة المختصة),26.451182,50.131134,Coffee Shop,9.2,0.9967063356430412,Coffee Shop
8154,Al Mazruiyah Dist.,Dammam,26.4386933,50.1249994,Ratio Speciality Coffee (ريشيو للقهوة المختصة),26.452074,50.130308,Coffee Shop,9.2,0.9975142155796538,Coffee Shop
8155,Al Mazruiyah Dist.,Dammam,26.4386933,50.1249994,017 Cafe,26.451996,50.130228,Coffee Shop,9.1,0.9976695771059256,Coffee Shop
8156,Al Mazruiyah Dist.,Dammam,26.4386933,50.1249994,Troy (تروي),26.452454,50.124545,Café,9.0,0.9916208350164164,Coffee Shop
8157,Al Mazruiyah Dist.,Dammam,26.4386933,50.1249994,Habits (هابيتس),26.452591,50.124033,Coffee Shop,9.0,0.9546344343286828,Coffee Shop
8158,Al Mazruiyah Dist.,Dammam,26.4386933,50.1249994,Starbucks (ستاربكس),26.45491,50.11388,Coffee Shop,9.2,0.99885032470559,Coffee Shop
8159,Al Mazruiyah Dist.,Dammam,26.4386933,50.1249994,Park Coffee,26.451734,50.127202,Coffee Shop,8.4,0.972811732902464,Coffee Shop
8160,Al Mazruiyah Dist.,Dammam,26.4386933,50.1249994,قيصرية الواحة,26.429371,50.117122,Café,8.2,0.9948627121979512,Coffee Shop
8161,Al Mazruiyah Dist.,Dammam,26.4386933,50.1249994,Starbucks (ستاربكس),26.430711,50.13335,Coffee Shop,8.2,0.9940651896964235,Coffee Shop
8162,Al Mazruiyah Dist.,Dammam,26.4386933,50.1249994,قهوة الطريق,26.439674,50.118311,Coffee Shop,7.8,0.9658515365254948,Coffee Shop
8163,Al Mazruiyah Dist.,Dammam,26.4386933,50.1249994,24 Cafe,26.451228,50.130944,Coffee Shop,8.3,0.9795854954479072,Coffee Shop
8164,Al Mazruiyah Dist.,Dammam,26.4386933,50.1249994,Bastah Karak (بسطة كرك),26.450936,50.131199,Tea Room,8.2,0.979782286714518,Coffee Shop
8165,Al Mazruiyah Dist.,Dammam,26.4386933,50.1249994,Tim Hortons (تيم هورتنز),26.459142,50.121581,Coffee Shop,8.8,0.991134035567432,Coffee Shop
8166,Al Mazruiyah Dist.,Dammam,26.4386933,50.1249994,قهوة أبو حيان,26.463514,50.132736,Coffee Shop,9.1,0.9935473179421848,Coffee Shop
8167,Al Mazruiyah Dist.,Dammam,26.4386933,50.1249994,Cereza Cafe & Roastery (مقهى ومحمصة سيريزا),26.464125,50.122635,Café,9.0,0.9341267128608272,Coffee Shop
8168,Al Mazruiyah Dist.,Dammam,26.4386933,50.1249994,Coffee Address (عنوان القهوة),26.463766,50.121752,Coffee Shop,8.9,0.9958259536608356,Coffee Shop
8169,Al Mazruiyah Dist.,Dammam,26.4386933,50.1249994,Dose (دوز),26.457896,50.120312,Coffee Shop,8.4,0.9737542594951786,Coffee Shop
8170,Al Mazruiyah Dist.,Dammam,26.4386933,50.1249994,Icons Coffee Couture,26.451596,50.127771,Coffee Shop,8.0,0.9775761530414608,Coffee Shop
8171,Al Mazruiyah Dist.,Dammam,26.4386933,50.1249994,View Cafe,26.451949,50.126317,Café,8.0,0.9710509689380522,Coffee Shop
8172,Al Mazruiyah Dist.,Dammam,26.4386933,50.1249994,Alkarak (الكرك),26.414136,50.119659,Tea Room,8.8,0.96653512724109,Coffee Shop
8173,Al Mazruiyah Dist.,Dammam,26.4386933,50.1249994,ستاربكس,26.440571,50.127659,Coffee Shop,7.4,0.9717656319589016,Coffee Shop
8174,Al Mazruiyah Dist.,Dammam,26.4386933,50.1249994,مقهى شقاوة زمان,26.445632,50.118176,Coffee Shop,7.7,0.8863478648147572,Coffee Shop
8175,Al Mazruiyah Dist.,Dammam,26.4386933,50.1249994,Marsa Café,26.460289,50.112737,Café,8.5,0.9743032035546716,Coffee Shop
8176,Al Mazruiyah Dist.,Dammam,26.4386933,50.1249994,Scarface,26.454049,50.120242,Coffee Shop,7.9,0.9734228215724658,Coffee Shop
8177,Al Mazruiyah Dist.,Dammam,26.4386933,50.1249994,Butlers Chocolate Cafe,26.461372,50.121171,Café,8.3,0.9433966172617012,Coffee Shop
8178,Al Mazruiyah Dist.,Dammam,26.4386933,50.1249994,كاريبو,26.454459,50.105536,"Cafe, Coffee, and Tea House",8.0,0.9481817522708677,Coffee Shop
8179,Al Mazruiyah Dist.,Dammam,26.4386933,50.1249994,ستاربكس,26.428519,50.107585,Coffee Shop,7.7,0.9473220851588312,Coffee Shop
8180,Al Mazruiyah Dist.,Dammam,26.4386933,50.1249994,ستاربكس,26.457594,50.132462,Coffee Shop,7.7,0.9260789857999564,Coffee Shop
8181,Al Mazruiyah Dist.,Dammam,26.4386933,50.1249994,Tim Hortons,26.456027,50.105241,Coffee Shop,7.8,0.9518793565961324,Coffee Shop
8182,Al Mazruiyah Dist.,Dammam,26.4386933,50.1249994,Pianolla Cafe,26.463552,50.11385,General Contractor,8.1,0.9560741178054668,Coffee Shop
8183,Al Mazruiyah Dist.,Dammam,26.4386933,50.1249994,Dar Najd Ladies Center,26.441875,50.122287,Health and Beauty Service,6.4,0.9037897854975194,Coffee Shop
8184,Al Mazruiyah Dist.,Dammam,26.4386933,50.1249994,Spar Cafe,26.460941,50.121048,Café,6.5,0.9186319899740027,Coffee Shop
8185,Al Mazruiyah Dist.,Dammam,26.4386933,50.1249994,زين,26.456455,50.129331,Coffee Shop,6.3,0.9752043004070472,Coffee Shop
8186,Al Mazruiyah Dist.,Dammam,26.4386933,50.1249994,وناسه كافيه,26.420415,50.107059,Café,6.4,0.9467524262291686,Coffee Shop
8187,Al Mazruiyah Dist.,Dammam,26.4386933,50.1249994,Coffee Valley (وادي القهوة),26.413057,50.115566,Coffee Shop,6.4,0.9368921480284622,Coffee Shop
8188,Al Mazruiyah Dist.,Dammam,26.4386933,50.1249994,دوانية ابناء البخيت,26.434772,50.122384,Tea Room,,0.9021222384488704,Coffee Shop
8189,Al Mazruiyah Dist.,Dammam,26.4386933,50.1249994,Saadeddin Coffee,26.43696,50.130681,Café,,0.925032884856394,Coffee Shop
8190,Al Mazruiyah Dist.,Dammam,26.4386933,50.1249994,Ramisis Kennel,26.433386,50.119318,Pet Café,,0.9478606717832396,Coffee Shop
8191,Al Mazruiyah Dist.,Dammam,26.4386933,50.1249994,Coffee Moments,26.434707,50.117195,Coffee Shop,,0.0118178334317289,Coffee Shop
8192,Al Mazruiyah Dist.,Dammam,26.4386933,50.1249994,Jolie Dame,26.461603,50.12259,Health and Beauty Service,6.0,0.9510611192244351,Coffee Shop
8193,Al Mazruiyah Dist.,Dammam,26.4386933,50.1249994,Joffreys (جوفريز),26.430124,50.116391,Coffee Shop,,0.9670633564304136,Coffee Shop
8194,Al Mazruiyah Dist.,Dammam,26.4386933,50.1249994,ستاربكس,26.442515,50.111823,Coffee Shop,,0.965571885778206,Coffee Shop
8195,Al Mazruiyah Dist.,Dammam,26.4386933,50.1249994,Café Le Chef,26.450914,50.118721,Café,,0.8717231664750541,Coffee Shop
8196,Al Mazruiyah Dist.,Dammam,26.4386933,50.1249994,7 Grams,26.451074,50.131148,Coffee Shop,,0.8701074066018292,Coffee Shop
8197,Al Mazruiyah Dist.,Dammam,26.4386933,50.1249994,The Chimney Cake Cafe,26.451244,50.130881,Coffee Shop,,0.8692891692301319,Coffee Shop
8198,Al Mazruiyah Dist.,Dammam,26.4386933,50.1249994,360°,26.452455,50.124212,Pastry Shop,,0.1389657065324343,Coffee Shop
8199,Al Mazruiyah Dist.,Dammam,26.4386933,50.1249994,Joffrey's,26.452685,50.122573,Coffee Shop,,0.76459621539322,Coffee Shop
8200,Al Mazruiyah Dist.,Dammam,26.4386933,50.1249994,107 Specialty Coffee,26.451961,50.130416,Café,,0.519684305378616,Coffee Shop
8201,Al Mazruiyah Dist.,Dammam,26.4386933,50.1249994,Native,26.452915,50.121389,Coffee Shop,,0.907404530342106,Coffee Shop
8202,As Safa Dist.,Dammam,26.3858568,50.1824868,Black Swan Cafe (مقهى بلاك سوان),26.388352,50.178233,Coffee Shop,9.0,0.9675294410092284,Coffee Shop
8203,As Safa Dist.,Dammam,26.3858568,50.1824868,8Oz Coffee,26.382682,50.178364,Coffee Shop,9.0,0.9917140519321797,Coffee Shop
8204,As Safa Dist.,Dammam,26.3858568,50.1824868,7Degrees Truck,26.381041,50.183935,Café,8.7,0.8679323452340263,Coffee Shop
8205,As Safa Dist.,Dammam,26.3858568,50.1824868,Tim Hortons (تيم هورتنز),26.379411,50.181882,Coffee Shop,8.5,0.9378657469264312,Coffee Shop
8206,As Safa Dist.,Dammam,26.3858568,50.1824868,ستاربكس,26.372478,50.178446,Coffee Shop,9.2,0.9980838745093163,Coffee Shop
8207,As Safa Dist.,Dammam,26.3858568,50.1824868,8Oz Speciality Coffee,26.38262,50.17838,Coffee Shop,8.0,0.3245813006866979,Coffee Shop
8208,As Safa Dist.,Dammam,26.3858568,50.1824868,4Squares Cafe (مقهى الأربعة مربعات),26.379854,50.178398,Café,8.1,0.9772654299889176,Coffee Shop
8209,As Safa Dist.,Dammam,26.3858568,50.1824868,SKY by Archi (سكاي باي ارتشي),26.370253,50.177169,Coffee Shop,8.9,0.9982392360355882,Coffee Shop
8210,As Safa Dist.,Dammam,26.3858568,50.1824868,Sky Lounge (سكاي لاونج),26.367053,50.177803,Lounge,8.2,0.9562294793317384,Coffee Shop
8211,As Safa Dist.,Dammam,26.3858568,50.1824868,Ruba’a (رُباع),26.366799,50.195457,Tea Room,8.1,0.9919315580689598,Coffee Shop
8212,As Safa Dist.,Dammam,26.3858568,50.1824868,Joffrey's on MBO,26.373923,50.178657,Coffee Shop,7.7,0.9990678308423702,Coffee Shop
8213,As Safa Dist.,Dammam,26.3858568,50.1824868,Keep (كيب),26.406332,50.186919,Coffee Shop,7.9,0.9569774595652648,Coffee Shop
8214,As Safa Dist.,Dammam,26.3858568,50.1824868,Mana (مانا),26.388691,50.178498,Coffee Shop,7.2,0.3554671721094988,Coffee Shop
8215,As Safa Dist.,Dammam,26.3858568,50.1824868,Greenberry’s Coffee Co,26.405829,50.185635,Coffee Shop,7.8,0.9817995116109776,Coffee Shop
8216,As Safa Dist.,Dammam,26.3858568,50.1824868,Paul,26.37856,50.170423,Coffee Shop,7.5,0.8875803995898456,Coffee Shop
8217,As Safa Dist.,Dammam,26.3858568,50.1824868,Joffrey's Cafe,26.390953,50.184816,Coffee Shop,7.1,0.7355130279699484,Coffee Shop
8218,As Safa Dist.,Dammam,26.3858568,50.1824868,Coffee Company,26.388844,50.154169,Coffee Shop,7.8,0.9913826140094668,Coffee Shop
8219,As Safa Dist.,Dammam,26.3858568,50.1824868,Seven Degrees Coffee,26.361687,50.195161,Coffee Shop,7.6,0.9618590426531968,Coffee Shop
8220,As Safa Dist.,Dammam,26.3858568,50.1824868,Art Coffee,26.366803,50.195176,Coffee Shop,7.4,0.9439869910615336,Coffee Shop
8221,As Safa Dist.,Dammam,26.3858568,50.1824868,The Piato,26.366828,50.185837,Café,7.2,0.5259194812996509,Coffee Shop
8222,As Safa Dist.,Dammam,26.3858568,50.1824868,Boulevard Coffee (بوليڤارد كوفي),26.387051,50.187141,Café,6.5,0.9761467605067836,Coffee Shop
8223,As Safa Dist.,Dammam,26.3858568,50.1824868,كوستا كوفي,26.371093,50.17491,Coffee Shop,6.8,0.8725828335870905,Coffee Shop
8224,As Safa Dist.,Dammam,26.3858568,50.1824868,Kasbon,26.384147,50.184023,Coffee Shop,,0.1734248930594827,Coffee Shop
8225,As Safa Dist.,Dammam,26.3858568,50.1824868,Joffrey's | College of Engineering,26.387388,50.185517,Coffee Shop,,0.9555480226937642,Coffee Shop
8226,As Safa Dist.,Dammam,26.3858568,50.1824868,شاهي ابو قحط,26.386477,50.178134,Café,,0.8779894147013434,Coffee Shop
8227,As Safa Dist.,Dammam,26.3858568,50.1824868,Coffee 88,26.389493,50.184432,Coffee Shop,,0.0761058005707924,Coffee Shop
8228,As Safa Dist.,Dammam,26.3858568,50.1824868,مقهى جمريه,26.383819,50.178183,Café,,0.1334555510673336,Coffee Shop
8229,As Safa Dist.,Dammam,26.3858568,50.1824868,DUNKIN DOUNTS (دانكن دونتس),26.389019,50.17821,Donut Shop,,0.6534195071932387,Coffee Shop
8230,As Safa Dist.,Dammam,26.3858568,50.1824868,Costa Coffee (كوستا كوفي),26.384796,50.167527,Coffee Shop,5.9,0.9260064837543632,Coffee Shop
8231,As Safa Dist.,Dammam,26.3858568,50.1824868,Dunkin' Donuts,26.38926,50.178275,Donut Shop,,0.3122870252410693,Coffee Shop
8232,As Safa Dist.,Dammam,26.3858568,50.1824868,Leaves Cafe,26.390047,50.185941,Café,,0.970261355948206,Coffee Shop
8233,As Safa Dist.,Dammam,26.3858568,50.1824868,33 Speciality Coffee,26.386784,50.188795,Coffee Shop,,0.9831803666136948,Coffee Shop
8234,As Safa Dist.,Dammam,26.3858568,50.1824868,Segafredo Zanetti,26.391429,50.184987,Café,,0.5347832310861865,Coffee Shop
8235,As Safa Dist.,Dammam,26.3858568,50.1824868,Brain Coffee,26.379903,50.182225,Coffee Shop,,0.656630312069519,Coffee Shop
8236,As Safa Dist.,Dammam,26.3858568,50.1824868,Solin Coffee,26.385669,50.189749,Coffee Shop,,0.4899518113160634,Coffee Shop
8237,As Safa Dist.,Dammam,26.3858568,50.1824868,Swan Coffe,26.390842,50.177933,Coffee Shop,,0.8337010222788429,Coffee Shop
8238,As Safa Dist.,Dammam,26.3858568,50.1824868,كوستا كوفي,26.379323,50.182179,Coffee Shop,,0.7557406083957369,Coffee Shop
8239,As Safa Dist.,Dammam,26.3858568,50.1824868,"7864 King Saud Rd, As Safa, Dammam 34222, Saudi Arabia",26.392225,50.178397,Café,,0.9685030399071972,Coffee Shop
8240,As Safa Dist.,Dammam,26.3858568,50.1824868,ستاربكس,26.376188,50.183976,Coffee Shop,,0.0176801416897119,Coffee Shop
8241,As Safa Dist.,Dammam,26.3858568,50.1824868,Cafe 88,26.393292,50.191055,Café,,0.9619565030674144,Coffee Shop
8242,As Safa Dist.,Dammam,26.3858568,50.1824868,The Cafe (المقهى),26.377345,50.172381,Coffee Shop,,0.9156076189292484,Coffee Shop
8243,As Safa Dist.,Dammam,26.3858568,50.1824868,Nai (ناي),26.393831,50.193572,Café,,0.9994710963965816,Coffee Shop
8244,As Safa Dist.,Dammam,26.3858568,50.1824868,joffrey's at DOB 3rd floor,26.384335,50.168003,Coffee Shop,,0.6082921625288713,Coffee Shop
8245,As Safa Dist.,Dammam,26.3858568,50.1824868,Joffrey's (جوفريز),26.397602,50.175683,Coffee Shop,,0.5034645620358574,Coffee Shop
8246,As Safa Dist.,Dammam,26.3858568,50.1824868,Cafe Jamoka,26.384658,50.167859,Coffee Shop,,0.9541994220551224,Coffee Shop
8247,As Safa Dist.,Dammam,26.3858568,50.1824868,OLABS (اولابز),26.384396,50.167753,Coffee Shop,,0.96538545194668,Coffee Shop
8248,As Safa Dist.,Dammam,26.3858568,50.1824868,Sky9,26.372591,50.186273,Café,,0.9183109094863748,Coffee Shop
8249,As Safa Dist.,Dammam,26.3858568,50.1824868,Scratch Cafe,26.384671,50.167316,Café,,0.1258842660203627,Coffee Shop
8250,As Safa Dist.,Dammam,26.3858568,50.1824868,The Cafe,26.376607,50.170921,Coffee Shop,,0.8682223534164,Coffee Shop
8251,As Safa Dist.,Dammam,26.3858568,50.1824868,Mission POP UP,26.376607,50.170921,Coffee Shop,,0.952966887280034,Coffee Shop
8252,Al Muntazah Dist.,Dammam,26.384069,50.123824,Onda Coffee (اوندا كافيه),26.376212,50.122733,Coffee Shop,8.9,0.998291023211012,Coffee Shop
8253,Al Muntazah Dist.,Dammam,26.384069,50.123824,Road Cafe,26.389654,50.112863,Coffee Shop,8.8,0.9705227397487286,Coffee Shop
8254,Al Muntazah Dist.,Dammam,26.384069,50.123824,Garden Gate (قاردن قيت),26.398221,50.127066,Coffee Shop,9.0,0.9819055609068972,Coffee Shop
8255,Al Muntazah Dist.,Dammam,26.384069,50.123824,Sofa Sugar (صفة قند),26.375387,50.113311,Coffee Shop,8.6,0.9827963003241876,Coffee Shop
8256,Al Muntazah Dist.,Dammam,26.384069,50.123824,Otten (اوتن),26.391985,50.104063,Coffee Shop,9.5,0.9999896425649152,Coffee Shop
8257,Al Muntazah Dist.,Dammam,26.384069,50.123824,Starbucks (ستاربكس),26.400343,50.117202,Coffee Shop,8.9,0.9902018664098022,Coffee Shop
8258,Al Muntazah Dist.,Dammam,26.384069,50.123824,Chart (تشارت),26.384994,50.100857,Coffee Shop,9.4,0.997876725807621,Coffee Shop
8259,Al Muntazah Dist.,Dammam,26.384069,50.123824,Starbucks (ستاربكس),26.401618,50.115742,Coffee Shop,8.9,0.9674258666583808,Coffee Shop
8260,Al Muntazah Dist.,Dammam,26.384069,50.123824,Turkistachio (تركستاشيو),26.382325,50.103675,Café,8.8,0.973412464137381,Coffee Shop
8261,Al Muntazah Dist.,Dammam,26.384069,50.123824,Road Cafe (قهوة الطريق),26.380634,50.10353,General Contractor,8.7,0.9772032853784088,Coffee Shop
8262,Al Muntazah Dist.,Dammam,26.384069,50.123824,LAMBDA (لامدا),26.381123,50.098818,Coffee Shop,9.4,0.992656578524894,Coffee Shop
8263,Al Muntazah Dist.,Dammam,26.384069,50.123824,Coffee Warehouse (مستودع القهوة),26.39495,50.104782,Coffee Shop,8.9,0.989425058778444,Coffee Shop
8264,Al Muntazah Dist.,Dammam,26.384069,50.123824,Tim Hortons (تيم هورتنز),26.400097,50.116794,Coffee Shop,8.5,0.9979595852882992,Coffee Shop
8265,Al Muntazah Dist.,Dammam,26.384069,50.123824,One Cup Speciality Coffee,26.377264,50.10152,Coffee Shop,8.9,0.9163844265606064,Coffee Shop
8266,Al Muntazah Dist.,Dammam,26.384069,50.123824,Starbucks (ستاربكس),26.399071,50.104867,Coffee Shop,9.0,0.988544676796238,Coffee Shop
8267,Al Muntazah Dist.,Dammam,26.384069,50.123824,Mafaz (مَفَاز),26.406929,50.112725,Coffee Shop,9.4,0.9971620627867714,Coffee Shop
8268,Al Muntazah Dist.,Dammam,26.384069,50.123824,The Garden (ذا قاردن),26.38441,50.096408,Coffee Shop,9.2,0.9931951651493024,Coffee Shop
8269,Al Muntazah Dist.,Dammam,26.384069,50.123824,8Oz Speciality Coffee,26.372696,50.099472,Coffee Shop,9.1,0.9978663683725362,Coffee Shop
8270,Al Muntazah Dist.,Dammam,26.384069,50.123824,Starbucks (ستاربكس),26.406848,50.13808,Coffee Shop,9.3,0.9851474380884316,Coffee Shop
8271,Al Muntazah Dist.,Dammam,26.384069,50.123824,Park Coffee,26.382487,50.097539,Coffee Shop,8.5,0.9824337900962206,Coffee Shop
8272,Al Muntazah Dist.,Dammam,26.384069,50.123824,KYAN (كيان),26.383775,50.097323,Coffee Shop,8.4,0.9895907777398004,Coffee Shop
8273,Al Muntazah Dist.,Dammam,26.384069,50.123824,Coffee Valley (وادي القهوة),26.38801,50.149305,Coffee Shop,8.4,0.9350278097132028,Coffee Shop
8274,Al Muntazah Dist.,Dammam,26.384069,50.123824,22 Cafe,26.377774,50.103692,Coffee Shop,8.1,0.9551108763425824,Coffee Shop
8275,Al Muntazah Dist.,Dammam,26.384069,50.123824,كوستا كوفي - الشرقية,26.400957,50.116567,Coffee Shop,8.0,0.9910304612165844,Coffee Shop
8276,Al Muntazah Dist.,Dammam,26.384069,50.123824,Dunkin Donuts,26.372597,50.098943,Donut Shop,8.4,0.9993681964598288,Coffee Shop
8277,Al Muntazah Dist.,Dammam,26.384069,50.123824,سينزيو,26.400281,50.116745,Coffee Shop,7.8,0.6322281950097878,Coffee Shop
8278,Al Muntazah Dist.,Dammam,26.384069,50.123824,MINA (مينا),26.373081,50.100454,Coffee Shop,8.1,0.9527908108835929,Coffee Shop
8279,Al Muntazah Dist.,Dammam,26.384069,50.123824,BRIGHT (برايت),26.372574,50.098952,Café,8.1,0.9292276460657284,Coffee Shop
8280,Al Muntazah Dist.,Dammam,26.384069,50.123824,CHIMNEY Roasting & Beans (محمصه مدخنه للقهوة المختصة),26.377618,50.101249,Coffee Shop,7.9,0.8991600120146247,Coffee Shop
8281,Al Muntazah Dist.,Dammam,26.384069,50.123824,كواليس,26.380289,50.148443,Coffee Shop,7.9,0.9521590073434216,Coffee Shop
8282,Al Muntazah Dist.,Dammam,26.384069,50.123824,dip n dip (Dip N Dip),26.40031,50.1152,Café,7.7,0.9221431604677418,Coffee Shop
8283,Al Muntazah Dist.,Dammam,26.384069,50.123824,Operations (اوبيريشنز),26.383302,50.097029,Coffee Shop,7.9,0.8978653326290278,Coffee Shop
8284,Al Muntazah Dist.,Dammam,26.384069,50.123824,ستاربكس,26.380995,50.148118,Coffee Shop,7.7,0.9946348486260862,Coffee Shop
8285,Al Muntazah Dist.,Dammam,26.384069,50.123824,Cafe Liwan (قهوة ليوان),26.401203,50.116266,Café,7.4,0.9221224455975722,Coffee Shop
8286,Al Muntazah Dist.,Dammam,26.384069,50.123824,La Mode Cafe at Novotel Business Park,26.40754,50.138548,Café,7.5,0.9732363877409398,Coffee Shop
8287,Al Muntazah Dist.,Dammam,26.384069,50.123824,Third (ثيرد),26.387555,50.104488,Coffee Shop,7.1,0.003780463805943,Coffee Shop
8288,Al Muntazah Dist.,Dammam,26.384069,50.123824,Time Out Cafe,26.403023,50.105907,Coffee Shop,6.9,0.9479124589586636,Coffee Shop
8289,Al Muntazah Dist.,Dammam,26.384069,50.123824,Moroccan Taste,26.400759,50.115301,Tea Room,6.7,0.9730706687795834,Coffee Shop
8290,Al Muntazah Dist.,Dammam,26.384069,50.123824,Al Jood Cafe (قهوة الجود),26.379,50.099583,Café,6.0,0.9206931195558732,Coffee Shop
8291,Al Muntazah Dist.,Dammam,26.384069,50.123824,Dunkin' Donuts Drive-Through,26.374454,50.118347,Donut Shop,,0.899097867404116,Coffee Shop
8292,Al Muntazah Dist.,Dammam,26.384069,50.123824,استراحة الجامعيين للمناسبات,26.377383,50.111484,Coffee Shop,,0.9660897575324446,Coffee Shop
8293,Al Muntazah Dist.,Dammam,26.384069,50.123824,Joffreys,26.37892,50.110606,Coffee Shop,,0.8471656878890511,Coffee Shop
8294,Al Muntazah Dist.,Dammam,26.384069,50.123824,Stabucks,26.396269,50.116916,Coffee Shop,,0.916270494774674,Coffee Shop
8295,Al Muntazah Dist.,Dammam,26.384069,50.123824,Or Coffee,26.38349,50.140061,Coffee Shop,,0.9831588105521548,Coffee Shop
8296,Al Muntazah Dist.,Dammam,26.384069,50.123824,Qadooacafe (قدوع كافية),26.400097,50.116794,Coffee Shop,,0.8983521320780122,Coffee Shop
8297,Al Muntazah Dist.,Dammam,26.384069,50.123824,قدوع,26.400097,50.116794,Café,,0.9047012397849796,Coffee Shop
8298,Al Muntazah Dist.,Dammam,26.384069,50.123824,Segafredo,26.400005,50.116936,Café,,0.4341318915783695,Coffee Shop
8299,Al Muntazah Dist.,Dammam,26.384069,50.123824,Mycrepe,26.400251,50.117345,Café,,0.5079493314275653,Coffee Shop
8300,Al Muntazah Dist.,Dammam,26.384069,50.123824,Saadeddin Cafe,26.400607,50.117657,Coffee Shop,,0.9433862598266164,Coffee Shop
8301,Al Muntazah Dist.,Dammam,26.384069,50.123824,كيك وكرك,26.401111,50.116172,Café,,0.9483681861023936,Coffee Shop
8302,An Nuzhah Dist.,Dammam,26.3872185,50.1088207,Otten (اوتن),26.391985,50.104063,Coffee Shop,9.5,0.9999896425649152,Coffee Shop
8303,An Nuzhah Dist.,Dammam,26.3872185,50.1088207,Road Cafe,26.389654,50.112863,Coffee Shop,8.8,0.9705227397487286,Coffee Shop
8304,An Nuzhah Dist.,Dammam,26.3872185,50.1088207,Chart (تشارت),26.384994,50.100857,Coffee Shop,9.4,0.997876725807621,Coffee Shop
8305,An Nuzhah Dist.,Dammam,26.3872185,50.1088207,Turkistachio (تركستاشيو),26.382325,50.103675,Café,8.8,0.973412464137381,Coffee Shop
8306,An Nuzhah Dist.,Dammam,26.3872185,50.1088207,Coffee Warehouse (مستودع القهوة),26.39495,50.104782,Coffee Shop,8.9,0.989425058778444,Coffee Shop
8307,An Nuzhah Dist.,Dammam,26.3872185,50.1088207,LAMBDA (لامدا),26.381123,50.098818,Coffee Shop,9.4,0.992656578524894,Coffee Shop
8308,An Nuzhah Dist.,Dammam,26.3872185,50.1088207,Road Cafe (قهوة الطريق),26.380634,50.10353,General Contractor,8.7,0.9772032853784088,Coffee Shop
8309,An Nuzhah Dist.,Dammam,26.3872185,50.1088207,The Garden (ذا قاردن),26.38441,50.096408,Coffee Shop,9.2,0.9931951651493024,Coffee Shop
8310,An Nuzhah Dist.,Dammam,26.3872185,50.1088207,One Cup Speciality Coffee,26.377264,50.10152,Coffee Shop,8.9,0.9163844265606064,Coffee Shop
8311,An Nuzhah Dist.,Dammam,26.3872185,50.1088207,Starbucks (ستاربكس),26.399071,50.104867,Coffee Shop,9.0,0.988544676796238,Coffee Shop
8312,An Nuzhah Dist.,Dammam,26.3872185,50.1088207,Park Coffee,26.382487,50.097539,Coffee Shop,8.5,0.9824337900962206,Coffee Shop
8313,An Nuzhah Dist.,Dammam,26.3872185,50.1088207,Sofa Sugar (صفة قند),26.375387,50.113311,Coffee Shop,8.6,0.9827963003241876,Coffee Shop
8314,An Nuzhah Dist.,Dammam,26.3872185,50.1088207,KYAN (كيان),26.383775,50.097323,Coffee Shop,8.4,0.9895907777398004,Coffee Shop
8315,An Nuzhah Dist.,Dammam,26.3872185,50.1088207,Starbucks (ستاربكس),26.400343,50.117202,Coffee Shop,8.9,0.9902018664098022,Coffee Shop
8316,An Nuzhah Dist.,Dammam,26.3872185,50.1088207,Starbucks (ستاربكس),26.401618,50.115742,Coffee Shop,8.9,0.9674258666583808,Coffee Shop
8317,An Nuzhah Dist.,Dammam,26.3872185,50.1088207,8Oz Speciality Coffee,26.372696,50.099472,Coffee Shop,9.1,0.9978663683725362,Coffee Shop
8318,An Nuzhah Dist.,Dammam,26.3872185,50.1088207,UMQ Coffee (قهوة عُمق),26.397581,50.092256,Coffee Shop,9.6,0.9996374897720328,Coffee Shop
8319,An Nuzhah Dist.,Dammam,26.3872185,50.1088207,Karak Albait (كرك البيت),26.392967,50.09158,Café,9.0,0.956975214657842,Coffee Shop
8320,An Nuzhah Dist.,Dammam,26.3872185,50.1088207,All Day (اول دي),26.404895,50.102219,Café,9.4,0.991745124237434,Coffee Shop
8321,An Nuzhah Dist.,Dammam,26.3872185,50.1088207,Onda Coffee (اوندا كافيه),26.376212,50.122733,Coffee Shop,8.9,0.998291023211012,Coffee Shop
8322,An Nuzhah Dist.,Dammam,26.3872185,50.1088207,Mafaz (مَفَاز),26.406929,50.112725,Coffee Shop,9.4,0.9971620627867714,Coffee Shop
8323,An Nuzhah Dist.,Dammam,26.3872185,50.1088207,Tim Hortons (تيم هورتنز),26.400097,50.116794,Coffee Shop,8.5,0.9979595852882992,Coffee Shop
8324,An Nuzhah Dist.,Dammam,26.3872185,50.1088207,Starbucks (ستاربكس),26.371507,50.095822,Coffee Shop,9.1,0.9977627940216884,Coffee Shop
8325,An Nuzhah Dist.,Dammam,26.3872185,50.1088207,Bitten (بيتن),26.400442,50.096558,Coffee Shop,8.7,0.9888036126733576,Coffee Shop
8326,An Nuzhah Dist.,Dammam,26.3872185,50.1088207,22 Cafe,26.377774,50.103692,Coffee Shop,8.1,0.9551108763425824,Coffee Shop
8327,An Nuzhah Dist.,Dammam,26.3872185,50.1088207,Garden Gate (قاردن قيت),26.398221,50.127066,Coffee Shop,9.0,0.9819055609068972,Coffee Shop
8328,An Nuzhah Dist.,Dammam,26.3872185,50.1088207,Tim Hortons,26.379768,50.086661,Coffee Shop,9.0,0.9961573915835482,Coffee Shop
8329,An Nuzhah Dist.,Dammam,26.3872185,50.1088207,Pages Coffee,26.400216,50.0973,Coffee Shop,8.5,0.9913929714445516,Coffee Shop
8330,An Nuzhah Dist.,Dammam,26.3872185,50.1088207,Onda (اوندا),26.40564,50.101155,Coffee Shop,8.8,0.97646790748739,Coffee Shop
8331,An Nuzhah Dist.,Dammam,26.3872185,50.1088207,Road Café,26.377219,50.089819,Coffee Shop,8.8,0.9914861883603144,Coffee Shop
8332,An Nuzhah Dist.,Dammam,26.3872185,50.1088207,Woods Café & Roastery (مقهى ومحمصة وودز),26.368026,50.092919,Coffee Shop,9.4,0.9988399672705052,Coffee Shop
8333,An Nuzhah Dist.,Dammam,26.3872185,50.1088207,Starbucks (ستاربكس),26.411037,50.109414,Coffee Shop,9.2,0.9986846057442336,Coffee Shop
8334,An Nuzhah Dist.,Dammam,26.3872185,50.1088207,Ojair Coffee (اوجير كوفي),26.411095,50.114829,Coffee Shop,9.4,0.996996343825415,Coffee Shop
8335,An Nuzhah Dist.,Dammam,26.3872185,50.1088207,llama (لاما),26.366323,50.094173,Café,9.5,0.9999689276947455,Coffee Shop
8336,An Nuzhah Dist.,Dammam,26.3872185,50.1088207,Dunkin Donuts,26.372597,50.098943,Donut Shop,8.4,0.9993681964598288,Coffee Shop
8337,An Nuzhah Dist.,Dammam,26.3872185,50.1088207,Ratio Speciality Coffee (ريشيو للقهوة المختصة),26.37146,50.089934,Coffee Shop,8.7,0.9922215662513336,Coffee Shop
8338,An Nuzhah Dist.,Dammam,26.3872185,50.1088207,Labiba,26.367464,50.09336,Coffee Shop,8.7,0.9811494681457084,Coffee Shop
8339,An Nuzhah Dist.,Dammam,26.3872185,50.1088207,Black Tea (الشاي الاسود),26.398351,50.093591,Tea Room,8.2,0.9561259049808906,Coffee Shop
8340,An Nuzhah Dist.,Dammam,26.3872185,50.1088207,Starbucks (ستاربكس),26.412921,50.100693,Coffee Shop,8.9,0.9922319236864184,Coffee Shop
8341,An Nuzhah Dist.,Dammam,26.3872185,50.1088207,كوستا كوفي - الشرقية,26.400957,50.116567,Coffee Shop,8.0,0.9910304612165844,Coffee Shop
8342,An Nuzhah Dist.,Dammam,26.3872185,50.1088207,MINA (مينا),26.373081,50.100454,Coffee Shop,8.1,0.9527908108835929,Coffee Shop
8343,An Nuzhah Dist.,Dammam,26.3872185,50.1088207,Coach Cup (كوتش كب),26.395831,50.089747,Café,8.2,0.95684056800174,Coffee Shop
8344,An Nuzhah Dist.,Dammam,26.3872185,50.1088207,BRIGHT (برايت),26.372574,50.098952,Café,8.1,0.9292276460657284,Coffee Shop
8345,An Nuzhah Dist.,Dammam,26.3872185,50.1088207,شغف,26.406726,50.103451,Coffee Shop,8.2,0.9665765569814292,Coffee Shop
8346,An Nuzhah Dist.,Dammam,26.3872185,50.1088207,مجلس المساء كافيه,26.365602,50.094777,Coffee Shop,8.3,0.9837906140923262,Coffee Shop
8347,An Nuzhah Dist.,Dammam,26.3872185,50.1088207,dip n dip (Dip N Dip),26.40031,50.1152,Café,7.7,0.9221431604677418,Coffee Shop
8348,An Nuzhah Dist.,Dammam,26.3872185,50.1088207,Cafe Liwan (قهوة ليوان),26.401203,50.116266,Café,7.4,0.9221224455975722,Coffee Shop
8349,An Nuzhah Dist.,Dammam,26.3872185,50.1088207,Time Out Cafe,26.403023,50.105907,Coffee Shop,6.9,0.9479124589586636,Coffee Shop
8350,An Nuzhah Dist.,Dammam,26.3872185,50.1088207,Moroccan Taste,26.400759,50.115301,Tea Room,6.7,0.9730706687795834,Coffee Shop
8351,An Nuzhah Dist.,Dammam,26.3872185,50.1088207,Coffee Valley (وادي القهوة),26.373408,50.091061,Coffee Shop,6.7,0.972034925271106,Coffee Shop
8352,Qasr Al Khalij Dist.,Dammam,26.3644812,50.1385083,Onda Coffee (اوندا كافيه),26.376212,50.122733,Coffee Shop,8.9,0.998291023211012,Coffee Shop
8353,Qasr Al Khalij Dist.,Dammam,26.3644812,50.1385083,Brewhèmian Coffee (بروهيميان كوفي),26.345095,50.146177,Coffee Shop,9.2,0.9921904939460792,Coffee Shop
8354,Qasr Al Khalij Dist.,Dammam,26.3644812,50.1385083,Graph Cafe,26.348718,50.142632,Coffee Shop,8.4,0.9983531678215208,Coffee Shop
8355,Qasr Al Khalij Dist.,Dammam,26.3644812,50.1385083,Studenttainment Coffee,26.342945,50.148161,Coffee Shop,8.8,0.9453023853173,Coffee Shop
8356,Qasr Al Khalij Dist.,Dammam,26.3644812,50.1385083,Buzz Coffee,26.345095,50.146413,Coffee Shop,8.4,0.9909890314762452,Coffee Shop
8357,Qasr Al Khalij Dist.,Dammam,26.3644812,50.1385083,Yakah Café (ياكا),26.343459,50.148298,Coffee Shop,8.5,0.9067727268019348,Coffee Shop
8358,Qasr Al Khalij Dist.,Dammam,26.3644812,50.1385083,ستاربكس,26.344072,50.138527,Coffee Shop,8.3,0.9282436897326746,Coffee Shop
8359,Qasr Al Khalij Dist.,Dammam,26.3644812,50.1385083,Sofa Sugar (صفة قند),26.375387,50.113311,Coffee Shop,8.6,0.9827963003241876,Coffee Shop
8360,Qasr Al Khalij Dist.,Dammam,26.3644812,50.1385083,Cherry Coffee,26.378167,50.148073,Coffee Shop,8.0,0.9023708168909051,Coffee Shop
8361,Qasr Al Khalij Dist.,Dammam,26.3644812,50.1385083,Coffee Valley (وادي القهوة),26.38801,50.149305,Coffee Shop,8.4,0.9350278097132028,Coffee Shop
8362,Qasr Al Khalij Dist.,Dammam,26.3644812,50.1385083,Funzilla Play Cafe,26.343838,50.147829,Indoor Play Area,8.2,0.8987146423059793,Coffee Shop
8363,Qasr Al Khalij Dist.,Dammam,26.3644812,50.1385083,Third Coffee (قهوة ثيرد),26.343683,50.14773,Coffee Shop,8.1,0.870024547121151,Coffee Shop
8364,Qasr Al Khalij Dist.,Dammam,26.3644812,50.1385083,كواليس,26.380289,50.148443,Coffee Shop,7.9,0.9521590073434216,Coffee Shop
8365,Qasr Al Khalij Dist.,Dammam,26.3644812,50.1385083,ستاربكس,26.380995,50.148118,Coffee Shop,7.7,0.9946348486260862,Coffee Shop
8366,Qasr Al Khalij Dist.,Dammam,26.3644812,50.1385083,Majlis Cafe (مجلس كافيه),26.345095,50.146413,Café,7.8,0.9519932883820652,Coffee Shop
8367,Qasr Al Khalij Dist.,Dammam,26.3644812,50.1385083,Sunday Night (صنداي نايت),26.345325,50.146175,Coffee Shop,7.7,0.9661726170131228,Coffee Shop
8368,Qasr Al Khalij Dist.,Dammam,26.3644812,50.1385083,ستاربكس,26.346513,50.136052,Coffee Shop,7.5,0.9963852551554132,Coffee Shop
8369,Qasr Al Khalij Dist.,Dammam,26.3644812,50.1385083,Starbucks (ستاربكس),26.3612,50.160909,Coffee Shop,7.6,0.9250950294669028,Coffee Shop
8370,Qasr Al Khalij Dist.,Dammam,26.3644812,50.1385083,Glow Gate,26.343238,50.148379,Coffee Shop,7.5,0.6225957803809464,Coffee Shop
8371,Qasr Al Khalij Dist.,Dammam,26.3644812,50.1385083,شدخل ام امك ويني,26.371093,50.138861,Tea Room,,0.0772768231675107,Coffee Shop
8372,Qasr Al Khalij Dist.,Dammam,26.3644812,50.1385083,مقهى سيراميك,26.366643,50.131107,Café,,0.8790976602554144,Coffee Shop
8373,Qasr Al Khalij Dist.,Dammam,26.3644812,50.1385083,Scratch Cafe,26.357353,50.140232,Café,,0.8763322250877793,Coffee Shop
8374,Qasr Al Khalij Dist.,Dammam,26.3644812,50.1385083,كرك بلال,26.347364,50.141561,Tea Room,6.0,0.9835834653906308,Coffee Shop
8375,Qasr Al Khalij Dist.,Dammam,26.3644812,50.1385083,Spark Coffee,26.352667,50.141761,Coffee Shop,,0.9077670405700732,Coffee Shop
8376,Qasr Al Khalij Dist.,Dammam,26.3644812,50.1385083,طعيم | شاي مُختص,26.372916,50.127513,Tea Room,,0.9320966555842112,Coffee Shop
8377,Qasr Al Khalij Dist.,Dammam,26.3644812,50.1385083,720 Cafè,26.372068,50.124125,Café,,0.8814177257144041,Coffee Shop
8378,Qasr Al Khalij Dist.,Dammam,26.3644812,50.1385083,Varnda,26.374677,50.125266,Café,,0.6512548032605205,Coffee Shop
8379,Qasr Al Khalij Dist.,Dammam,26.3644812,50.1385083,Mix & Match,26.3782,50.148084,Coffee Shop,,0.9506778941262986,Coffee Shop
8380,Qasr Al Khalij Dist.,Dammam,26.3644812,50.1385083,Dantella,26.348194,50.143148,Café,,0.3476265937503237,Coffee Shop
8381,Qasr Al Khalij Dist.,Dammam,26.3644812,50.1385083,مقهى ديواني,26.347794,50.140975,Café,,0.0880899853960165,Coffee Shop
8382,Qasr Al Khalij Dist.,Dammam,26.3644812,50.1385083,Sq Coffee Roasters,26.380798,50.144406,Coffee Shop,,0.9764471926172202,Coffee Shop
8383,Qasr Al Khalij Dist.,Dammam,26.3644812,50.1385083,Lenore Store,26.347567,50.141256,Coffee Shop,,0.961366767133787,Coffee Shop
8384,Qasr Al Khalij Dist.,Dammam,26.3644812,50.1385083,قهوة ديوانيتي,26.347656,50.141071,Café,,0.1093745144952304,Coffee Shop
8385,Qasr Al Khalij Dist.,Dammam,26.3644812,50.1385083,Care Coffee,26.347702,50.141354,Café,,0.8875700421547608,Coffee Shop
8386,Qasr Al Khalij Dist.,Dammam,26.3644812,50.1385083,Coffee Mania,26.379695,50.148952,Café,,0.8752757667091321,Coffee Shop
8387,Qasr Al Khalij Dist.,Dammam,26.3644812,50.1385083,Caffe Latte,26.375052,50.11683,Café,5.7,0.1692404892852334,Coffee Shop
8388,Qasr Al Khalij Dist.,Dammam,26.3644812,50.1385083,ستاربكس,26.380989,50.148114,Coffee Shop,,0.76205864379745,Coffee Shop
8389,Qasr Al Khalij Dist.,Dammam,26.3644812,50.1385083,Or Coffee,26.38349,50.140061,Coffee Shop,,0.9831588105521548,Coffee Shop
8390,Qasr Al Khalij Dist.,Dammam,26.3644812,50.1385083,ركن القهوة العربية الاصيلة,26.3455,50.137619,Coffee Shop,,0.6377279930398037,Coffee Shop
8391,Qasr Al Khalij Dist.,Dammam,26.3644812,50.1385083,I Sweet Cafe,26.346078,50.145446,Café,,0.9027851142942962,Coffee Shop
8392,Qasr Al Khalij Dist.,Dammam,26.3644812,50.1385083,COFFEE Atoms,26.34484,50.138443,Café,,0.4058664512320169,Coffee Shop
8393,Qasr Al Khalij Dist.,Dammam,26.3644812,50.1385083,Rossete,26.347472,50.128057,Café,,0.913639706263141,Coffee Shop
8394,Qasr Al Khalij Dist.,Dammam,26.3644812,50.1385083,Dunkin' Donuts Drive-Through,26.374454,50.118347,Donut Shop,,0.899097867404116,Coffee Shop
8395,Qasr Al Khalij Dist.,Dammam,26.3644812,50.1385083,Flat White (فلات وايت),26.345249,50.146255,Coffee Shop,,0.5177992521931869,Coffee Shop
8396,Qasr Al Khalij Dist.,Dammam,26.3644812,50.1385083,3 Quarters Cafe,26.346406,50.151209,Coffee Shop,,0.2630892085883852,Coffee Shop
8397,Qasr Al Khalij Dist.,Dammam,26.3644812,50.1385083,Trending,26.34331,50.134826,Café,,0.5022320272607691,Coffee Shop
8398,Qasr Al Khalij Dist.,Dammam,26.3644812,50.1385083,Coffee Latte,26.374918,50.116884,Coffee Shop,,0.4365658888232918,Coffee Shop
8399,Qasr Al Khalij Dist.,Dammam,26.3644812,50.1385083,Silent Crack Coffee Roasters,26.386515,50.144083,Coffee Shop,,0.0986545691824876,Coffee Shop
8400,Qasr Al Khalij Dist.,Dammam,26.3644812,50.1385083,Tag,26.384157,50.125883,Coffee Shop,,0.4162342437518773,Coffee Shop
8401,Qasr Al Khalij Dist.,Dammam,26.3644812,50.1385083,Caf Dealer,26.343152,50.148477,Coffee Shop,,0.5068825156138334,Coffee Shop
8402,2nd Industrial City,Dammam,26.2502021,49.9857523,Caffe Vergnano 1882,26.234771,49.988839,Coffee Shop,7.5,0.9963476308831556,Coffee Shop
8403,2nd Industrial City,Dammam,26.2502021,49.9857523,كافيه فيرنيانو,26.235139,49.988742,Café,,0.9423935846484348,Coffee Shop
8404,2nd Industrial City,Dammam,26.2502021,49.9857523,سايبم,26.249342,50.00411,Coffee Shop,,0.5554626163283177,Coffee Shop
8405,2nd Industrial City,Dammam,26.2502021,49.9857523,سايبم,26.249424,50.00432,Coffee Shop,,0.3236615459748242,Coffee Shop
8406,King Fahd International Airport,Dammam,26.4765499,49.7965219,Starbucks (ستاربكس),26.469472,49.796828,Coffee Shop,8.7,0.9941637626339264,Coffee Shop
8407,King Fahd International Airport,Dammam,26.4765499,49.7965219,Tim Hortons (تيم هورتنز),26.469627,49.797143,Coffee Shop,7.8,0.9671009132449724,Coffee Shop
8408,King Fahd International Airport,Dammam,26.4765499,49.7965219,Dose,26.467214,49.796126,Café,7.8,0.9907956063565648,Coffee Shop
8409,King Fahd International Airport,Dammam,26.4765499,49.7965219,ستاربكس,26.468302,49.797379,Coffee Shop,7.6,0.6016570260032608,Coffee Shop
8410,King Fahd International Airport,Dammam,26.4765499,49.7965219,ستاربكس,26.468719,49.797802,Coffee Shop,7.4,0.6244981389886802,Coffee Shop
8411,King Fahd International Airport,Dammam,26.4765499,49.7965219,Costa Coffee (كوستا كوفي),26.468502,49.797266,Café,7.2,0.3142578114313468,Coffee Shop
8412,King Fahd International Airport,Dammam,26.4765499,49.7965219,Segafredo Zanetti,26.469472,49.796828,Coffee Shop,7.1,0.6812626806884782,Coffee Shop
8413,King Fahd International Airport,Dammam,26.4765499,49.7965219,Tim Hortons,26.467421,49.796247,Coffee Shop,7.1,0.9644618412833657,Coffee Shop
8414,King Fahd International Airport,Dammam,26.4765499,49.7965219,dr. CAFE COFFEE (د. كيف كوفي),26.468237,49.796207,Café,6.6,0.734160981073812,Coffee Shop
8415,King Fahd International Airport,Dammam,26.4765499,49.7965219,Palma Specialty Coffee,26.468005,49.795971,Coffee Shop,6.6,0.0447923557740085,Coffee Shop
8416,King Fahd International Airport,Dammam,26.4765499,49.7965219,Segafredo Zanetti Espresso,26.467266,49.796169,Café,6.1,0.9893276653638124,Coffee Shop
8417,King Fahd International Airport,Dammam,26.4765499,49.7965219,Brioche Dorée,26.468672,49.797518,Café,6.0,0.2099322055163197,Coffee Shop
8418,King Fahd International Airport,Dammam,26.4765499,49.7965219,Starbucks (ستاربكس),26.46587,49.792617,Coffee Shop,5.8,0.8236868294146547,Coffee Shop
8419,King Fahd International Airport,Dammam,26.4765499,49.7965219,CoffeeTalk,26.470453,49.7949,Coffee Shop,,0.7890815240150052,Coffee Shop
8420,King Fahd International Airport,Dammam,26.4765499,49.7965219,Segfaredo,26.469888,49.797014,Café,,0.7199644123178068,Coffee Shop
8421,King Fahd International Airport,Dammam,26.4765499,49.7965219,Carvel,26.469923,49.798551,Café,,0.2922156653241122,Coffee Shop
8422,King Fahd International Airport,Dammam,26.4765499,49.7965219,Segafredo,26.468564,49.797487,Café,,0.612129561659973,Coffee Shop
8423,King Fahd International Airport,Dammam,26.4765499,49.7965219,Zn Caffe,26.468391,49.796047,Coffee Shop,,0.93492874765282,Coffee Shop
8424,King Fahd International Airport,Dammam,26.4765499,49.7965219,مقهى نجر ومحماس,26.468284,49.796491,Café,,0.4795585488501633,Coffee Shop
8425,King Fahd International Airport,Dammam,26.4765499,49.7965219,Prayer Room (المصلى),26.468189,49.795446,Coffee Shop,,0.700413836594668,Coffee Shop
8426,King Fahd International Airport,Dammam,26.4765499,49.7965219,dipNdip,26.468021,49.795908,Coffee Shop,,0.9896746350856526,Coffee Shop
8427,King Fahd International Airport,Dammam,26.4765499,49.7965219,Palma (بالما),26.468113,49.796002,Coffee Shop,,0.250750340473901,Coffee Shop
8428,King Fahd International Airport,Dammam,26.4765499,49.7965219,Segafredo Cafe (سيجافريدو كافيه),26.467923,49.794149,Café,,0.940133191684993,Coffee Shop
8429,King Fahd International Airport,Dammam,26.4765499,49.7965219,كوفي توك,26.467251,49.796233,Café,,0.6086397852930798,Coffee Shop
8430,King Fahd International Airport,Dammam,26.4765499,49.7965219,Joffrey’s,26.477713,49.813416,Coffee Shop,,0.9875611074782868,Coffee Shop
8431,King Fahd International Airport,Dammam,26.4765499,49.7965219,Coffee Talk (كوفي توك),26.468237,49.796207,Café,4.9,0.0305479431660847,Coffee Shop
8432,King Fahd International Airport,Dammam,26.4765499,49.7965219,Al Dallah Cafe,26.458006,49.802334,Café,,0.9489197150898618,Coffee Shop
8433,King Fahd International Airport,Dammam,26.4765499,49.7965219,بارنز كافيه,26.451736,49.802662,Café,,0.3255013202230999,Coffee Shop
8434,King Fahd International Airport,Dammam,26.4765499,49.7965219,بارنيز,26.451747,49.802741,Coffee Shop,,0.6481551423424579,Coffee Shop
8435,King Fahd International Airport,Dammam,26.4765499,49.7965219,بارنز (بارنز كافيه),26.451671,49.802623,Coffee Shop,,0.9554960306780886,Coffee Shop
8436,King Fahd International Airport,Dammam,26.4765499,49.7965219,Derby Coffee,26.451566,49.802987,Coffee Shop,,0.9626356567249432,Coffee Shop
8437,Al Kuthriah Dist.,Dammam,26.4479518,50.0474069,Émilien Cafe,26.456673,50.062232,Café,8.9,0.976043252648914,Coffee Shop
8438,Al Kuthriah Dist.,Dammam,26.4479518,50.0474069,Starbucks (ستاربكس),26.461041,50.062709,Coffee Shop,8.9,0.9770893535924764,Coffee Shop
8439,Al Kuthriah Dist.,Dammam,26.4479518,50.0474069,Valen Specialty Coffee & Bakery,26.466374,50.03705,Coffee Shop,9.2,0.9985374796138746,Coffee Shop
8440,Al Kuthriah Dist.,Dammam,26.4479518,50.0474069,Boho Specialty Coffee (بوهو قهوة مختصة),26.467374,50.04036,Coffee Shop,9.1,0.99865680930624,Coffee Shop
8441,Al Kuthriah Dist.,Dammam,26.4479518,50.0474069,Sova,26.467984,50.046665,Coffee Shop,9.0,0.9998279402750944,Coffee Shop
8442,Al Kuthriah Dist.,Dammam,26.4479518,50.0474069,8Oz COFFEE,26.453242,50.062816,Coffee Shop,8.2,0.974655356347554,Coffee Shop
8443,Al Kuthriah Dist.,Dammam,26.4479518,50.0474069,Starbucks (ستاربكس),26.462292,50.068479,Coffee Shop,8.9,0.9970067012604998,Coffee Shop
8444,Al Kuthriah Dist.,Dammam,26.4479518,50.0474069,ACE (ايس),26.467515,50.059517,Coffee Shop,8.7,0.9618949963231106,Coffee Shop
8445,Al Kuthriah Dist.,Dammam,26.4479518,50.0474069,Kav Specialized Coffee,26.46298,50.063263,Coffee Shop,8.5,0.9751732281017929,Coffee Shop
8446,Al Kuthriah Dist.,Dammam,26.4479518,50.0474069,Tim Hortons (تيم هورتنز),26.468223,50.060633,Coffee Shop,8.7,0.922132803032657,Coffee Shop
8447,Al Kuthriah Dist.,Dammam,26.4479518,50.0474069,Soren Coffee,26.471294,50.04801,Café,8.6,0.9894457736486136,Coffee Shop
8448,Al Kuthriah Dist.,Dammam,26.4479518,50.0474069,دوز,26.429543,50.040595,Coffee Shop,8.3,0.9970688458710084,Coffee Shop
8449,Al Kuthriah Dist.,Dammam,26.4479518,50.0474069,PappaRoti Cafe (باباروتي كافيه),26.462396,50.06472,Café,8.3,0.964691503796,Coffee Shop
8450,Al Kuthriah Dist.,Dammam,26.4479518,50.0474069,Tim Hortons,26.436701,50.033922,Coffee Shop,8.0,0.9998037384117038,Coffee Shop
8451,Al Kuthriah Dist.,Dammam,26.4479518,50.0474069,Best Cafe,26.42899,50.068337,Coffee Shop,8.6,0.9896529223503092,Coffee Shop
8452,Al Kuthriah Dist.,Dammam,26.4479518,50.0474069,Tim Hortons,26.430882,50.068133,Coffee Shop,8.4,0.991279039658619,Coffee Shop
8453,Al Kuthriah Dist.,Dammam,26.4479518,50.0474069,Verocci Cafe,26.454256,50.061719,Café,7.7,0.9654061668168494,Coffee Shop
8454,Al Kuthriah Dist.,Dammam,26.4479518,50.0474069,Crepe Roll (كريب رول),26.468519,50.047048,Café,8.0,0.9915915957184334,Coffee Shop
8455,Al Kuthriah Dist.,Dammam,26.4479518,50.0474069,مجلس و دلة,26.431419,50.039743,Coffee Shop,7.8,0.9861417518565704,Coffee Shop
8456,Al Kuthriah Dist.,Dammam,26.4479518,50.0474069,Jibal Speciality Coffee,26.4689,50.045131,Coffee Shop,7.9,0.9469877650800704,Coffee Shop
8457,Al Kuthriah Dist.,Dammam,26.4479518,50.0474069,Delle Rose (café & Restaurant),26.472966,50.04842,Café,8.0,0.9616257030109064,Coffee Shop
8458,Al Kuthriah Dist.,Dammam,26.4479518,50.0474069,Dunkin Donuts (دانكن دونتس),26.429857,50.067426,Coffee Shop,7.9,0.9279536815503008,Coffee Shop
8459,Al Kuthriah Dist.,Dammam,26.4479518,50.0474069,Tim Hortons,26.427405,50.038187,Coffee Shop,7.7,0.9279226092450464,Coffee Shop
8460,Al Kuthriah Dist.,Dammam,26.4479518,50.0474069,ستاربكس,26.428619,50.039654,Coffee Shop,7.5,0.6220571937565381,Coffee Shop
8461,Al Kuthriah Dist.,Dammam,26.4479518,50.0474069,مقهى فرجان الأول,26.462273,50.064516,Coffee Shop,7.5,0.92430786440046,Coffee Shop
8462,Al Kuthriah Dist.,Dammam,26.4479518,50.0474069,Blue Sky,26.465265,50.0248,Coffee Shop,7.5,0.9957414390998026,Coffee Shop
8463,Al Kuthriah Dist.,Dammam,26.4479518,50.0474069,Mado,26.462122,50.06728,Coffee Shop,7.4,0.7171902350102021,Coffee Shop
8464,Al Kuthriah Dist.,Dammam,26.4479518,50.0474069,مجلس كرك وچباتي,26.443943,50.070307,Café,7.3,0.9481403225305284,Coffee Shop
8465,Al Kuthriah Dist.,Dammam,26.4479518,50.0474069,Café Liwan (قهوة الليوان),26.462581,50.064908,Café,7.3,0.9598338667412402,Coffee Shop
8466,Al Kuthriah Dist.,Dammam,26.4479518,50.0474069,Majlesi Karak & Chapati,26.443974,50.070418,Café,7.2,0.962889310091249,Coffee Shop
8467,Al Kuthriah Dist.,Dammam,26.4479518,50.0474069,18/11 (١٨/١١),26.467816,50.059567,Coffee Shop,7.1,0.4548467617479207,Coffee Shop
8468,Al Kuthriah Dist.,Dammam,26.4479518,50.0474069,ستاربكس,26.433101,50.044451,Coffee Shop,6.6,0.941843001998985,Coffee Shop
8469,Al Kuthriah Dist.,Dammam,26.4479518,50.0474069,أروما كافيه,26.445943,50.071318,Coffee Shop,6.5,0.921024557478586,Coffee Shop
8470,Al Kuthriah Dist.,Dammam,26.4479518,50.0474069,محمصة و قهوة قلم المختصة,26.439188,50.041122,Coffee Shop,,0.6484997255279703,Coffee Shop
8471,Al Kuthriah Dist.,Dammam,26.4479518,50.0474069,مقهى ديوانية المجلس,26.43705,50.054068,Coffee Shop,5.5,0.8962910024961419,Coffee Shop
8472,Al Kuthriah Dist.,Dammam,26.4479518,50.0474069,ديوانية المساء,26.434011,50.046165,Café,,0.5392184279485028,Coffee Shop
8473,Al Kuthriah Dist.,Dammam,26.4479518,50.0474069,Cup Of Karak,26.462324,50.049516,Café,,0.4183543776297417,Coffee Shop
8474,Al Kuthriah Dist.,Dammam,26.4479518,50.0474069,مركز أوراق الشاي الأخضر,26.455441,50.061821,Tea Room,,0.6687692259888761,Coffee Shop
8475,Al Kuthriah Dist.,Dammam,26.4479518,50.0474069,مقهى دار المزاج,26.434344,50.05502,Café,,0.9427958860267844,Coffee Shop
8476,Al Kuthriah Dist.,Dammam,26.4479518,50.0474069,Quill (كويل),26.456087,50.061768,Coffee Shop,,0.8756900641125231,Coffee Shop
8477,Al Kuthriah Dist.,Dammam,26.4479518,50.0474069,تمور القيصرية,26.450953,50.066296,Café,,0.4634952200437083,Coffee Shop
8478,Al Kuthriah Dist.,Dammam,26.4479518,50.0474069,Kyan (كيان),26.465557,50.047956,Coffee Shop,,0.9868935076020192,Coffee Shop
8479,Al Kuthriah Dist.,Dammam,26.4479518,50.0474069,Majlis & Dalla (مجلس و دلة),26.431603,50.039694,Café,,0.9032304840029416,Coffee Shop
8480,Al Kuthriah Dist.,Dammam,26.4479518,50.0474069,Damamm,26.4297,50.043278,Café,,0.9180623310443402,Coffee Shop
8481,Al Kuthriah Dist.,Dammam,26.4479518,50.0474069,شاي عزوز,26.462051,50.061742,Café,,0.9791919129146858,Coffee Shop
8482,Al Kuthriah Dist.,Dammam,26.4479518,50.0474069,Daily Coffee,26.443111,50.068751,Coffee Shop,,0.9009829205895452,Coffee Shop
8483,Al Kuthriah Dist.,Dammam,26.4479518,50.0474069,Sahar Cafe,26.442426,50.068446,Coffee Shop,,0.5545060021336317,Coffee Shop
8484,Al Kuthriah Dist.,Dammam,26.4479518,50.0474069,مقهى وتين,26.442311,50.068725,Coffee Shop,,0.941335487679831,Coffee Shop
8485,Al Kuthriah Dist.,Dammam,26.4479518,50.0474069,Coffee Valley (وادي القهوه),26.462855,50.061874,Café,,0.8904286942381588,Coffee Shop
8486,Al Kuthriah Dist.,Dammam,26.4479518,50.0474069,زيرو زون كافيه,26.463256,50.062361,Café,,0.7316077846482097,Coffee Shop
8487,Madinat Al Ummal Dist.,Dammam,26.4230893,50.1098301,Starbucks (ستاربكس),26.411037,50.109414,Coffee Shop,9.2,0.9986846057442336,Coffee Shop
8488,Madinat Al Ummal Dist.,Dammam,26.4230893,50.1098301,Ojair Coffee (اوجير كوفي),26.411095,50.114829,Coffee Shop,9.4,0.996996343825415,Coffee Shop
8489,Madinat Al Ummal Dist.,Dammam,26.4230893,50.1098301,Alkarak (الكرك),26.414136,50.119659,Tea Room,8.8,0.96653512724109,Coffee Shop
8490,Madinat Al Ummal Dist.,Dammam,26.4230893,50.1098301,Starbucks (ستاربكس),26.412921,50.100693,Coffee Shop,8.9,0.9922319236864184,Coffee Shop
8491,Madinat Al Ummal Dist.,Dammam,26.4230893,50.1098301,Mafaz (مَفَاز),26.406929,50.112725,Coffee Shop,9.4,0.9971620627867714,Coffee Shop
8492,Madinat Al Ummal Dist.,Dammam,26.4230893,50.1098301,قيصرية الواحة,26.429371,50.117122,Café,8.2,0.9948627121979512,Coffee Shop
8493,Madinat Al Ummal Dist.,Dammam,26.4230893,50.1098301,Starbucks (ستاربكس),26.411946,50.093566,Coffee Shop,9.1,0.9796062103180768,Coffee Shop
8494,Madinat Al Ummal Dist.,Dammam,26.4230893,50.1098301,All Day (اول دي),26.404895,50.102219,Café,9.4,0.991745124237434,Coffee Shop
8495,Madinat Al Ummal Dist.,Dammam,26.4230893,50.1098301,Zaffron Lounge (ديوانية زعفران),26.421009,50.100572,Café,8.0,0.9594609990781884,Coffee Shop
8496,Madinat Al Ummal Dist.,Dammam,26.4230893,50.1098301,Tim Hortons (تيم هورتنز),26.411544,50.092832,Coffee Shop,9.0,0.986846057442335,Coffee Shop
8497,Madinat Al Ummal Dist.,Dammam,26.4230893,50.1098301,Onda (اوندا),26.40564,50.101155,Coffee Shop,8.8,0.97646790748739,Coffee Shop
8498,Madinat Al Ummal Dist.,Dammam,26.4230893,50.1098301,Starbucks (ستاربكس),26.401618,50.115742,Coffee Shop,8.9,0.9674258666583808,Coffee Shop
8499,Madinat Al Ummal Dist.,Dammam,26.4230893,50.1098301,ستاربكس,26.428519,50.107585,Coffee Shop,7.7,0.9473220851588312,Coffee Shop
8500,Madinat Al Ummal Dist.,Dammam,26.4230893,50.1098301,Starbucks (ستاربكس),26.422585,50.091569,Coffee Shop,8.3,0.9801344395074004,Coffee Shop
8501,Madinat Al Ummal Dist.,Dammam,26.4230893,50.1098301,بوفية عزيز,26.423848,50.094082,Café,8.1,0.9648468653222716,Coffee Shop
8502,Madinat Al Ummal Dist.,Dammam,26.4230893,50.1098301,Starbucks (ستاربكس),26.400343,50.117202,Coffee Shop,8.9,0.9902018664098022,Coffee Shop
8503,Madinat Al Ummal Dist.,Dammam,26.4230893,50.1098301,Starbucks (ستاربكس),26.399071,50.104867,Coffee Shop,9.0,0.988544676796238,Coffee Shop
8504,Madinat Al Ummal Dist.,Dammam,26.4230893,50.1098301,شغف,26.406726,50.103451,Coffee Shop,8.2,0.9665765569814292,Coffee Shop
8505,Madinat Al Ummal Dist.,Dammam,26.4230893,50.1098301,Avenue cafe,26.421009,50.101281,Café,7.7,0.9604035256709028,Coffee Shop
8506,Madinat Al Ummal Dist.,Dammam,26.4230893,50.1098301,شاي عبق,26.434268,50.128406,Tea Room,8.3,0.991092605827093,Coffee Shop
8507,Madinat Al Ummal Dist.,Dammam,26.4230893,50.1098301,Bitten (بيتن),26.400442,50.096558,Coffee Shop,8.7,0.9888036126733576,Coffee Shop
8508,Madinat Al Ummal Dist.,Dammam,26.4230893,50.1098301,Tim Hortons (تيم هورتنز),26.400097,50.116794,Coffee Shop,8.5,0.9979595852882992,Coffee Shop
8509,Madinat Al Ummal Dist.,Dammam,26.4230893,50.1098301,Pages Coffee,26.400216,50.0973,Coffee Shop,8.5,0.9913929714445516,Coffee Shop
8510,Madinat Al Ummal Dist.,Dammam,26.4230893,50.1098301,Starbucks (ستاربكس),26.430711,50.13335,Coffee Shop,8.2,0.9940651896964235,Coffee Shop
8511,Madinat Al Ummal Dist.,Dammam,26.4230893,50.1098301,bREw’s (بروز),26.421533,50.090762,Coffee Shop,7.8,0.9774518638204436,Coffee Shop
8512,Madinat Al Ummal Dist.,Dammam,26.4230893,50.1098301,ركن الشاهي,26.420883,50.097528,Tea Room,7.5,0.9583423960890324,Coffee Shop
8513,Madinat Al Ummal Dist.,Dammam,26.4230893,50.1098301,Brighton Cafe,26.417279,50.091732,Coffee Shop,7.8,0.9806212389563848,Coffee Shop
8514,Madinat Al Ummal Dist.,Dammam,26.4230893,50.1098301,قهوة الطريق,26.439674,50.118311,Coffee Shop,7.8,0.9658515365254948,Coffee Shop
8515,Madinat Al Ummal Dist.,Dammam,26.4230893,50.1098301,كوستا كوفي - الشرقية,26.400957,50.116567,Coffee Shop,8.0,0.9910304612165844,Coffee Shop
8516,Madinat Al Ummal Dist.,Dammam,26.4230893,50.1098301,Starbucks (ستاربكس),26.431259,50.08409,Coffee Shop,7.9,0.9854270888357208,Coffee Shop
8517,Madinat Al Ummal Dist.,Dammam,26.4230893,50.1098301,dip n dip (Dip N Dip),26.40031,50.1152,Café,7.7,0.9221431604677418,Coffee Shop
8518,Madinat Al Ummal Dist.,Dammam,26.4230893,50.1098301,Cafe Liwan (قهوة ليوان),26.401203,50.116266,Café,7.4,0.9221224455975722,Coffee Shop
8519,Madinat Al Ummal Dist.,Dammam,26.4230893,50.1098301,ستاربكس,26.440571,50.127659,Coffee Shop,7.4,0.9717656319589016,Coffee Shop
8520,Madinat Al Ummal Dist.,Dammam,26.4230893,50.1098301,وناسه كافيه,26.420415,50.107059,Café,6.4,0.9467524262291686,Coffee Shop
8521,Madinat Al Ummal Dist.,Dammam,26.4230893,50.1098301,Time Out Cafe,26.403023,50.105907,Coffee Shop,6.9,0.9479124589586636,Coffee Shop
8522,Madinat Al Ummal Dist.,Dammam,26.4230893,50.1098301,Coffee Valley (وادي القهوة),26.413057,50.115566,Coffee Shop,6.4,0.9368921480284622,Coffee Shop
8523,Madinat Al Ummal Dist.,Dammam,26.4230893,50.1098301,Lulia (لوليا),26.4139,50.096175,Café,6.5,0.9513821997120632,Coffee Shop
8524,Madinat Al Ummal Dist.,Dammam,26.4230893,50.1098301,Moroccan Taste,26.400759,50.115301,Tea Room,6.7,0.9730706687795834,Coffee Shop
8525,Madinat Al Ummal Dist.,Dammam,26.4230893,50.1098301,Dar Najd Ladies Center,26.441875,50.122287,Health and Beauty Service,6.4,0.9037897854975194,Coffee Shop
8526,Madinat Al Ummal Dist.,Dammam,26.4230893,50.1098301,شواهي,26.424465,50.115044,Tea Room,,0.9750903686211146,Coffee Shop
8527,Madinat Al Ummal Dist.,Dammam,26.4230893,50.1098301,Road Café (قهوة الطريق),26.416832,50.109514,Coffee Shop,,0.9434173321318708,Coffee Shop
8528,Madinat Al Ummal Dist.,Dammam,26.4230893,50.1098301,30Days Cafe,26.414911,50.108156,Coffee Shop,,0.942713026546106,Coffee Shop
8529,Madinat Al Ummal Dist.,Dammam,26.4230893,50.1098301,Joffreys (جوفريز),26.430124,50.116391,Coffee Shop,,0.9670633564304136,Coffee Shop
8530,Madinat Al Ummal Dist.,Dammam,26.4230893,50.1098301,Joffrey’S,26.425652,50.099228,Coffee Shop,,0.9449088027840784,Coffee Shop
8531,Madinat Al Ummal Dist.,Dammam,26.4230893,50.1098301,دربي,26.413832,50.11473,Coffee Shop,,0.9471252938922206,Coffee Shop
8532,Madinat Al Ummal Dist.,Dammam,26.4230893,50.1098301,Barn’s (بارنز),26.412571,50.110463,Coffee Shop,,0.9758671762524728,Coffee Shop
8533,Madinat Al Ummal Dist.,Dammam,26.4230893,50.1098301,Kuba,26.413668,50.1157,Coffee Shop,,0.960672818983107,Coffee Shop
8534,Madinat Al Ummal Dist.,Dammam,26.4230893,50.1098301,صبا كافيه,26.421007,50.097969,Coffee Shop,,0.9407554713150836,Coffee Shop
8535,Madinat Al Ummal Dist.,Dammam,26.4230893,50.1098301,شاهي جمر أبو حمامة,26.410972,50.104935,Tea Room,,0.8671244652974137,Coffee Shop
8536,Madinat Al Ummal Dist.,Dammam,26.4230893,50.1098301,شاي ابو حمامة,26.41071,50.10459,Café,,0.8829402686718661,Coffee Shop
8537,Al Amamrah Dist.,Dammam,26.4449583,50.1113241,Starbucks (ستاربكس),26.45491,50.11388,Coffee Shop,9.2,0.99885032470559,Coffee Shop
8538,Al Amamrah Dist.,Dammam,26.4449583,50.1113241,Habits (هابيتس),26.452591,50.124033,Coffee Shop,9.0,0.9546344343286828,Coffee Shop
8539,Al Amamrah Dist.,Dammam,26.4449583,50.1113241,Troy (تروي),26.452454,50.124545,Café,9.0,0.9916208350164164,Coffee Shop
8540,Al Amamrah Dist.,Dammam,26.4449583,50.1113241,dr.CAFE COFFEE | V12 Station | د.كيف كافيه (dr.CAFE COFFEE | د. كيف),26.45616,50.09686,Coffee Shop,9.0,0.9887621829330184,Coffee Shop
8541,Al Amamrah Dist.,Dammam,26.4449583,50.1113241,Ratio Speciality Coffee (ريشيو للقهوة المختصة),26.452074,50.130308,Coffee Shop,9.2,0.9975142155796538,Coffee Shop
8542,Al Amamrah Dist.,Dammam,26.4449583,50.1113241,017 Cafe,26.451996,50.130228,Coffee Shop,9.1,0.9976695771059256,Coffee Shop
8543,Al Amamrah Dist.,Dammam,26.4449583,50.1113241,7 Grams | ٧ جرام (٧ جرام للقهوة المختصة),26.451182,50.131134,Coffee Shop,9.2,0.9967063356430412,Coffee Shop
8544,Al Amamrah Dist.,Dammam,26.4449583,50.1113241,Tim Hortons (تيم هورتنز),26.459142,50.121581,Coffee Shop,8.8,0.991134035567432,Coffee Shop
8545,Al Amamrah Dist.,Dammam,26.4449583,50.1113241,Location Coffee (لوكيشن كافيه),26.456777,50.101138,Coffee Shop,8.6,0.947518876425442,Coffee Shop
8546,Al Amamrah Dist.,Dammam,26.4449583,50.1113241,Marsa Café,26.460289,50.112737,Café,8.5,0.9743032035546716,Coffee Shop
8547,Al Amamrah Dist.,Dammam,26.4449583,50.1113241,Dose (دوز),26.457896,50.120312,Coffee Shop,8.4,0.9737542594951786,Coffee Shop
8548,Al Amamrah Dist.,Dammam,26.4449583,50.1113241,CORE COFFEE & ROASTERY (Core Coffee & Roastery),26.458855,50.093134,Coffee Shop,9.0,0.9788397601218034,Coffee Shop
8549,Al Amamrah Dist.,Dammam,26.4449583,50.1113241,Cereza Cafe & Roastery (مقهى ومحمصة سيريزا),26.464125,50.122635,Café,9.0,0.9341267128608272,Coffee Shop
8550,Al Amamrah Dist.,Dammam,26.4449583,50.1113241,Park Coffee,26.451734,50.127202,Coffee Shop,8.4,0.972811732902464,Coffee Shop
8551,Al Amamrah Dist.,Dammam,26.4449583,50.1113241,Coffee Address (عنوان القهوة),26.463766,50.121752,Coffee Shop,8.9,0.9958259536608356,Coffee Shop
8552,Al Amamrah Dist.,Dammam,26.4449583,50.1113241,قهوة الطريق,26.439674,50.118311,Coffee Shop,7.8,0.9658515365254948,Coffee Shop
8553,Al Amamrah Dist.,Dammam,26.4449583,50.1113241,كاريبو,26.454459,50.105536,"Cafe, Coffee, and Tea House",8.0,0.9481817522708677,Coffee Shop
8554,Al Amamrah Dist.,Dammam,26.4449583,50.1113241,قيصرية الواحة,26.429371,50.117122,Café,8.2,0.9948627121979512,Coffee Shop
8555,Al Amamrah Dist.,Dammam,26.4449583,50.1113241,Scarface,26.454049,50.120242,Coffee Shop,7.9,0.9734228215724658,Coffee Shop
8556,Al Amamrah Dist.,Dammam,26.4449583,50.1113241,شاي عبق,26.434268,50.128406,Tea Room,8.3,0.991092605827093,Coffee Shop
8557,Al Amamrah Dist.,Dammam,26.4449583,50.1113241,قهوة أبو حيان,26.463514,50.132736,Coffee Shop,9.1,0.9935473179421848,Coffee Shop
8558,Al Amamrah Dist.,Dammam,26.4449583,50.1113241,24 Cafe,26.451228,50.130944,Coffee Shop,8.3,0.9795854954479072,Coffee Shop
8559,Al Amamrah Dist.,Dammam,26.4449583,50.1113241,Caribou Coffee (كاريبو كوفي),26.458773,50.093211,Coffee Shop,8.5,0.9385286227718568,Coffee Shop
8560,Al Amamrah Dist.,Dammam,26.4449583,50.1113241,Butlers Chocolate Cafe,26.461372,50.121171,Café,8.3,0.9433966172617012,Coffee Shop
8561,Al Amamrah Dist.,Dammam,26.4449583,50.1113241,Night Cafe,26.468101,50.121206,Café,8.7,0.9341992149064204,Coffee Shop
8562,Al Amamrah Dist.,Dammam,26.4449583,50.1113241,Bastah Karak (بسطة كرك),26.450936,50.131199,Tea Room,8.2,0.979782286714518,Coffee Shop
8563,Al Amamrah Dist.,Dammam,26.4449583,50.1113241,View Cafe,26.451949,50.126317,Café,8.0,0.9710509689380522,Coffee Shop
8564,Al Amamrah Dist.,Dammam,26.4449583,50.1113241,Tim Hortons,26.456027,50.105241,Coffee Shop,7.8,0.9518793565961324,Coffee Shop
8565,Al Amamrah Dist.,Dammam,26.4449583,50.1113241,Drinks Aroma (نكهة المشروب),26.467662,50.123004,Coffee Shop,8.6,0.9604553128463268,Coffee Shop
8566,Al Amamrah Dist.,Dammam,26.4449583,50.1113241,Icons Coffee Couture,26.451596,50.127771,Coffee Shop,8.0,0.9775761530414608,Coffee Shop
8567,Al Amamrah Dist.,Dammam,26.4449583,50.1113241,المذاق المغربي,26.459282,50.095385,Coffee Shop,8.2,0.9877885840350497,Coffee Shop
8568,Al Amamrah Dist.,Dammam,26.4449583,50.1113241,Crafter (كرافتر),26.468162,50.123622,Coffee Shop,8.4,0.9868978446177588,Coffee Shop
8569,Al Amamrah Dist.,Dammam,26.4449583,50.1113241,Starbucks (ستاربكس),26.430711,50.13335,Coffee Shop,8.2,0.9940651896964235,Coffee Shop
8570,Al Amamrah Dist.,Dammam,26.4449583,50.1113241,3.C Café,26.458341,50.092317,Café,8.0,0.9940134025209996,Coffee Shop
8571,Al Amamrah Dist.,Dammam,26.4449583,50.1113241,كوخ الكرك,26.46131,50.092482,Café,8.1,0.9412319133289831,Coffee Shop
8572,Al Amamrah Dist.,Dammam,26.4449583,50.1113241,Cafficha (كافيشا),26.461947,50.092263,Coffee Shop,8.1,0.9906161638131932,Coffee Shop
8573,Al Amamrah Dist.,Dammam,26.4449583,50.1113241,بوفية عزيز,26.423848,50.094082,Café,8.1,0.9648468653222716,Coffee Shop
8574,Al Amamrah Dist.,Dammam,26.4449583,50.1113241,ستاربكس,26.428519,50.107585,Coffee Shop,7.7,0.9473220851588312,Coffee Shop
8575,Al Amamrah Dist.,Dammam,26.4449583,50.1113241,Morth Coffee (مورث),26.459396,50.088284,Coffee Shop,8.0,0.96330360749464,Coffee Shop
8576,Al Amamrah Dist.,Dammam,26.4449583,50.1113241,Zaffron Lounge (ديوانية زعفران),26.421009,50.100572,Café,8.0,0.9594609990781884,Coffee Shop
8577,Al Amamrah Dist.,Dammam,26.4449583,50.1113241,ستاربكس,26.457594,50.132462,Coffee Shop,7.7,0.9260789857999564,Coffee Shop
8578,Al Amamrah Dist.,Dammam,26.4449583,50.1113241,ستاربكس,26.464957,50.091795,Coffee Shop,7.8,0.9753700193684036,Coffee Shop
8579,Al Amamrah Dist.,Dammam,26.4449583,50.1113241,Pianolla Cafe,26.463552,50.11385,General Contractor,8.1,0.9560741178054668,Coffee Shop
8580,Al Amamrah Dist.,Dammam,26.4449583,50.1113241,ستاربكس,26.440571,50.127659,Coffee Shop,7.4,0.9717656319589016,Coffee Shop
8581,Al Amamrah Dist.,Dammam,26.4449583,50.1113241,Avenue cafe,26.421009,50.101281,Café,7.7,0.9604035256709028,Coffee Shop
8582,Al Amamrah Dist.,Dammam,26.4449583,50.1113241,ستاربكس,26.438295,50.08364,Coffee Shop,7.6,0.97508001118603,Coffee Shop
8583,Al Amamrah Dist.,Dammam,26.4449583,50.1113241,Dar Najd Ladies Center,26.441875,50.122287,Health and Beauty Service,6.4,0.9037897854975194,Coffee Shop
8584,Al Amamrah Dist.,Dammam,26.4449583,50.1113241,Spar Cafe,26.460941,50.121048,Café,6.5,0.9186319899740027,Coffee Shop
8585,Al Amamrah Dist.,Dammam,26.4449583,50.1113241,ستاربكس,26.442515,50.111823,Coffee Shop,,0.965571885778206,Coffee Shop
8586,Al Amamrah Dist.,Dammam,26.4449583,50.1113241,زين,26.456455,50.129331,Coffee Shop,6.3,0.9752043004070472,Coffee Shop
8587,Al Badi Dist.,Dammam,26.4514194,50.1127031,Starbucks (ستاربكس),26.45491,50.11388,Coffee Shop,9.2,0.99885032470559,Coffee Shop
8588,Al Badi Dist.,Dammam,26.4514194,50.1127031,Habits (هابيتس),26.452591,50.124033,Coffee Shop,9.0,0.9546344343286828,Coffee Shop
8589,Al Badi Dist.,Dammam,26.4514194,50.1127031,Troy (تروي),26.452454,50.124545,Café,9.0,0.9916208350164164,Coffee Shop
8590,Al Badi Dist.,Dammam,26.4514194,50.1127031,Tim Hortons (تيم هورتنز),26.459142,50.121581,Coffee Shop,8.8,0.991134035567432,Coffee Shop
8591,Al Badi Dist.,Dammam,26.4514194,50.1127031,Marsa Café,26.460289,50.112737,Café,8.5,0.9743032035546716,Coffee Shop
8592,Al Badi Dist.,Dammam,26.4514194,50.1127031,Dose (دوز),26.457896,50.120312,Coffee Shop,8.4,0.9737542594951786,Coffee Shop
8593,Al Badi Dist.,Dammam,26.4514194,50.1127031,Location Coffee (لوكيشن كافيه),26.456777,50.101138,Coffee Shop,8.6,0.947518876425442,Coffee Shop
8594,Al Badi Dist.,Dammam,26.4514194,50.1127031,Ratio Speciality Coffee (ريشيو للقهوة المختصة),26.452074,50.130308,Coffee Shop,9.2,0.9975142155796538,Coffee Shop
8595,Al Badi Dist.,Dammam,26.4514194,50.1127031,017 Cafe,26.451996,50.130228,Coffee Shop,9.1,0.9976695771059256,Coffee Shop
8596,Al Badi Dist.,Dammam,26.4514194,50.1127031,dr.CAFE COFFEE | V12 Station | د.كيف كافيه (dr.CAFE COFFEE | د. كيف),26.45616,50.09686,Coffee Shop,9.0,0.9887621829330184,Coffee Shop
8597,Al Badi Dist.,Dammam,26.4514194,50.1127031,Coffee Address (عنوان القهوة),26.463766,50.121752,Coffee Shop,8.9,0.9958259536608356,Coffee Shop
8598,Al Badi Dist.,Dammam,26.4514194,50.1127031,7 Grams | ٧ جرام (٧ جرام للقهوة المختصة),26.451182,50.131134,Coffee Shop,9.2,0.9967063356430412,Coffee Shop
8599,Al Badi Dist.,Dammam,26.4514194,50.1127031,Cereza Cafe & Roastery (مقهى ومحمصة سيريزا),26.464125,50.122635,Café,9.0,0.9341267128608272,Coffee Shop
8600,Al Badi Dist.,Dammam,26.4514194,50.1127031,كاريبو,26.454459,50.105536,"Cafe, Coffee, and Tea House",8.0,0.9481817522708677,Coffee Shop
8601,Al Badi Dist.,Dammam,26.4514194,50.1127031,Park Coffee,26.451734,50.127202,Coffee Shop,8.4,0.972811732902464,Coffee Shop
8602,Al Badi Dist.,Dammam,26.4514194,50.1127031,CORE COFFEE & ROASTERY (Core Coffee & Roastery),26.458855,50.093134,Coffee Shop,9.0,0.9788397601218034,Coffee Shop
8603,Al Badi Dist.,Dammam,26.4514194,50.1127031,Scarface,26.454049,50.120242,Coffee Shop,7.9,0.9734228215724658,Coffee Shop
8604,Al Badi Dist.,Dammam,26.4514194,50.1127031,Butlers Chocolate Cafe,26.461372,50.121171,Café,8.3,0.9433966172617012,Coffee Shop
8605,Al Badi Dist.,Dammam,26.4514194,50.1127031,قهوة أبو حيان,26.463514,50.132736,Coffee Shop,9.1,0.9935473179421848,Coffee Shop
8606,Al Badi Dist.,Dammam,26.4514194,50.1127031,Night Cafe,26.468101,50.121206,Café,8.7,0.9341992149064204,Coffee Shop
8607,Al Badi Dist.,Dammam,26.4514194,50.1127031,Drinks Aroma (نكهة المشروب),26.467662,50.123004,Coffee Shop,8.6,0.9604553128463268,Coffee Shop
8608,Al Badi Dist.,Dammam,26.4514194,50.1127031,Tim Hortons,26.456027,50.105241,Coffee Shop,7.8,0.9518793565961324,Coffee Shop
8609,Al Badi Dist.,Dammam,26.4514194,50.1127031,UMQ Coffee (قهوة عُمق),26.45869,50.08524,Coffee Shop,9.5,0.999906783084237,Coffee Shop
8610,Al Badi Dist.,Dammam,26.4514194,50.1127031,24 Cafe,26.451228,50.130944,Coffee Shop,8.3,0.9795854954479072,Coffee Shop
8611,Al Badi Dist.,Dammam,26.4514194,50.1127031,Caribou Coffee (كاريبو كوفي),26.458773,50.093211,Coffee Shop,8.5,0.9385286227718568,Coffee Shop
8612,Al Badi Dist.,Dammam,26.4514194,50.1127031,View Cafe,26.451949,50.126317,Café,8.0,0.9710509689380522,Coffee Shop
8613,Al Badi Dist.,Dammam,26.4514194,50.1127031,Bastah Karak (بسطة كرك),26.450936,50.131199,Tea Room,8.2,0.979782286714518,Coffee Shop
8614,Al Badi Dist.,Dammam,26.4514194,50.1127031,Crafter (كرافتر),26.468162,50.123622,Coffee Shop,8.4,0.9868978446177588,Coffee Shop
8615,Al Badi Dist.,Dammam,26.4514194,50.1127031,Icons Coffee Couture,26.451596,50.127771,Coffee Shop,8.0,0.9775761530414608,Coffee Shop
8616,Al Badi Dist.,Dammam,26.4514194,50.1127031,المذاق المغربي,26.459282,50.095385,Coffee Shop,8.2,0.9877885840350497,Coffee Shop
8617,Al Badi Dist.,Dammam,26.4514194,50.1127031,قهوة الطريق,26.439674,50.118311,Coffee Shop,7.8,0.9658515365254948,Coffee Shop
8618,Al Badi Dist.,Dammam,26.4514194,50.1127031,شاي عبق,26.434268,50.128406,Tea Room,8.3,0.991092605827093,Coffee Shop
8619,Al Badi Dist.,Dammam,26.4514194,50.1127031,قيصرية الواحة,26.429371,50.117122,Café,8.2,0.9948627121979512,Coffee Shop
8620,Al Badi Dist.,Dammam,26.4514194,50.1127031,كوخ الكرك,26.46131,50.092482,Café,8.1,0.9412319133289831,Coffee Shop
8621,Al Badi Dist.,Dammam,26.4514194,50.1127031,Cafficha (كافيشا),26.461947,50.092263,Coffee Shop,8.1,0.9906161638131932,Coffee Shop
8622,Al Badi Dist.,Dammam,26.4514194,50.1127031,3.C Café,26.458341,50.092317,Café,8.0,0.9940134025209996,Coffee Shop
8623,Al Badi Dist.,Dammam,26.4514194,50.1127031,Morth Coffee (مورث),26.459396,50.088284,Coffee Shop,8.0,0.96330360749464,Coffee Shop
8624,Al Badi Dist.,Dammam,26.4514194,50.1127031,ستاربكس,26.457594,50.132462,Coffee Shop,7.7,0.9260789857999564,Coffee Shop
8625,Al Badi Dist.,Dammam,26.4514194,50.1127031,Pianolla Cafe,26.463552,50.11385,General Contractor,8.1,0.9560741178054668,Coffee Shop
8626,Al Badi Dist.,Dammam,26.4514194,50.1127031,ستاربكس,26.464957,50.091795,Coffee Shop,7.8,0.9753700193684036,Coffee Shop
8627,Al Badi Dist.,Dammam,26.4514194,50.1127031,ستاربكس,26.428519,50.107585,Coffee Shop,7.7,0.9473220851588312,Coffee Shop
8628,Al Badi Dist.,Dammam,26.4514194,50.1127031,ستاربكس,26.440571,50.127659,Coffee Shop,7.4,0.9717656319589016,Coffee Shop
8629,Al Badi Dist.,Dammam,26.4514194,50.1127031,Al Fishawi Cafe (مقهى الفيشاوي),26.476194,50.11821,Café,7.5,0.9877367968596256,Coffee Shop
8630,Al Badi Dist.,Dammam,26.4514194,50.1127031,Spar Cafe,26.460941,50.121048,Café,6.5,0.9186319899740027,Coffee Shop
8631,Al Badi Dist.,Dammam,26.4514194,50.1127031,Dar Najd Ladies Center,26.441875,50.122287,Health and Beauty Service,6.4,0.9037897854975194,Coffee Shop
8632,Al Badi Dist.,Dammam,26.4514194,50.1127031,زين,26.456455,50.129331,Coffee Shop,6.3,0.9752043004070472,Coffee Shop
8633,Al Badi Dist.,Dammam,26.4514194,50.1127031,Jolie Dame,26.461603,50.12259,Health and Beauty Service,6.0,0.9510611192244351,Coffee Shop
8634,Al Badi Dist.,Dammam,26.4514194,50.1127031,Café Le Chef,26.450914,50.118721,Café,,0.8717231664750541,Coffee Shop
8635,Al Badi Dist.,Dammam,26.4514194,50.1127031,Kayan,26.456125,50.116845,Coffee Shop,,0.9855099483163988,Coffee Shop
8636,Al Badi Dist.,Dammam,26.4514194,50.1127031,Coffee Valley,26.456573,50.117939,Coffee Shop,,0.933577768801334,Coffee Shop
8637,Ash Shati Ash Sharqi Dist.,Dammam,26.478145,50.1325441,Starbucks (ستاربكس),26.479495,50.13308,Coffee Shop,9.4,0.9983013806460967,Coffee Shop
8638,Ash Shati Ash Sharqi Dist.,Dammam,26.478145,50.1325441,W Cafe,26.481548,50.126741,Coffee Shop,8.7,0.9456856104154368,Coffee Shop
8639,Ash Shati Ash Sharqi Dist.,Dammam,26.478145,50.1325441,1/2 M (هاف مليون),26.490092,50.133491,Coffee Shop,9.2,0.9998549959088132,Coffee Shop
8640,Ash Shati Ash Sharqi Dist.,Dammam,26.478145,50.1325441,Pianolla Cafe,26.463552,50.11385,General Contractor,8.1,0.9560741178054668,Coffee Shop
8641,Ash Shati Ash Sharqi Dist.,Dammam,26.478145,50.1325441,قهوة أبو حيان,26.463514,50.132736,Coffee Shop,9.1,0.9935473179421848,Coffee Shop
8642,Ash Shati Ash Sharqi Dist.,Dammam,26.478145,50.1325441,Cereza Cafe & Roastery (مقهى ومحمصة سيريزا),26.464125,50.122635,Café,9.0,0.9341267128608272,Coffee Shop
8643,Ash Shati Ash Sharqi Dist.,Dammam,26.478145,50.1325441,Night Cafe,26.468101,50.121206,Café,8.7,0.9341992149064204,Coffee Shop
8644,Ash Shati Ash Sharqi Dist.,Dammam,26.478145,50.1325441,Drinks Aroma (نكهة المشروب),26.467662,50.123004,Coffee Shop,8.6,0.9604553128463268,Coffee Shop
8645,Ash Shati Ash Sharqi Dist.,Dammam,26.478145,50.1325441,Coffee Address (عنوان القهوة),26.463766,50.121752,Coffee Shop,8.9,0.9958259536608356,Coffee Shop
8646,Ash Shati Ash Sharqi Dist.,Dammam,26.478145,50.1325441,Crafter (كرافتر),26.468162,50.123622,Coffee Shop,8.4,0.9868978446177588,Coffee Shop
8647,Ash Shati Ash Sharqi Dist.,Dammam,26.478145,50.1325441,Estikanah Zaman (استكانة زمان),26.493727,50.124478,Café,8.8,0.998104340060866,Coffee Shop
8648,Ash Shati Ash Sharqi Dist.,Dammam,26.478145,50.1325441,Repeat By The Sea,26.49695,50.134677,Coffee Shop,9.0,0.9984497574024046,Coffee Shop
8649,Ash Shati Ash Sharqi Dist.,Dammam,26.478145,50.1325441,Ceven Specialty coffee,26.479403,50.133121,Coffee Shop,7.6,0.8763943696982879,Coffee Shop
8650,Ash Shati Ash Sharqi Dist.,Dammam,26.478145,50.1325441,مطعم وكوفي كمان,26.477306,50.13283,Hookah Bar,7.5,0.9235932013796104,Coffee Shop
8651,Ash Shati Ash Sharqi Dist.,Dammam,26.478145,50.1325441,Tim Hortons (تيم هورتنز),26.459142,50.121581,Coffee Shop,8.8,0.991134035567432,Coffee Shop
8652,Ash Shati Ash Sharqi Dist.,Dammam,26.478145,50.1325441,Ratio Speciality Coffee (ريشيو للقهوة المختصة),26.452074,50.130308,Coffee Shop,9.2,0.9975142155796538,Coffee Shop
8653,Ash Shati Ash Sharqi Dist.,Dammam,26.478145,50.1325441,017 Cafe,26.451996,50.130228,Coffee Shop,9.1,0.9976695771059256,Coffee Shop
8654,Ash Shati Ash Sharqi Dist.,Dammam,26.478145,50.1325441,7 Grams | ٧ جرام (٧ جرام للقهوة المختصة),26.451182,50.131134,Coffee Shop,9.2,0.9967063356430412,Coffee Shop
8655,Ash Shati Ash Sharqi Dist.,Dammam,26.478145,50.1325441,Troy (تروي),26.452454,50.124545,Café,9.0,0.9916208350164164,Coffee Shop
8656,Ash Shati Ash Sharqi Dist.,Dammam,26.478145,50.1325441,Habits (هابيتس),26.452591,50.124033,Coffee Shop,9.0,0.9546344343286828,Coffee Shop
8657,Ash Shati Ash Sharqi Dist.,Dammam,26.478145,50.1325441,Butlers Chocolate Cafe,26.461372,50.121171,Café,8.3,0.9433966172617012,Coffee Shop
8658,Ash Shati Ash Sharqi Dist.,Dammam,26.478145,50.1325441,Dose (دوز),26.457896,50.120312,Coffee Shop,8.4,0.9737542594951786,Coffee Shop
8659,Ash Shati Ash Sharqi Dist.,Dammam,26.478145,50.1325441,Marsa Café,26.460289,50.112737,Café,8.5,0.9743032035546716,Coffee Shop
8660,Ash Shati Ash Sharqi Dist.,Dammam,26.478145,50.1325441,Park Coffee,26.451734,50.127202,Coffee Shop,8.4,0.972811732902464,Coffee Shop
8661,Ash Shati Ash Sharqi Dist.,Dammam,26.478145,50.1325441,24 Cafe,26.451228,50.130944,Coffee Shop,8.3,0.9795854954479072,Coffee Shop
8662,Ash Shati Ash Sharqi Dist.,Dammam,26.478145,50.1325441,Sweet Evolution (سويت ايفلوشن),26.455512,50.118751,Café,8.2,0.8632404271406229,Coffee Shop
8663,Ash Shati Ash Sharqi Dist.,Dammam,26.478145,50.1325441,Kefaf (كفاف),26.495487,50.132631,Coffee Shop,7.8,0.9594817139483578,Coffee Shop
8664,Ash Shati Ash Sharqi Dist.,Dammam,26.478145,50.1325441,Al Fishawi Cafe (مقهى الفيشاوي),26.476194,50.11821,Café,7.5,0.9877367968596256,Coffee Shop
8665,Ash Shati Ash Sharqi Dist.,Dammam,26.478145,50.1325441,Road Cafe (قهوة الطريق),26.463913,50.113734,General Contractor,7.9,0.8866896601725549,Coffee Shop
8666,Ash Shati Ash Sharqi Dist.,Dammam,26.478145,50.1325441,View Cafe,26.451949,50.126317,Café,8.0,0.9710509689380522,Coffee Shop
8667,Ash Shati Ash Sharqi Dist.,Dammam,26.478145,50.1325441,Icons Coffee Couture,26.451596,50.127771,Coffee Shop,8.0,0.9775761530414608,Coffee Shop
8668,Ash Shati Ash Sharqi Dist.,Dammam,26.478145,50.1325441,Berries Tree,26.462541,50.12181,Coffee Shop,7.6,0.9019358046173446,Coffee Shop
8669,Ash Shati Ash Sharqi Dist.,Dammam,26.478145,50.1325441,ستاربكس,26.457594,50.132462,Coffee Shop,7.7,0.9260789857999564,Coffee Shop
8670,Ash Shati Ash Sharqi Dist.,Dammam,26.478145,50.1325441,Scarface,26.454049,50.120242,Coffee Shop,7.9,0.9734228215724658,Coffee Shop
8671,Ash Shati Ash Sharqi Dist.,Dammam,26.478145,50.1325441,Love and Peace Land,26.496371,50.121413,Café,7.4,0.9381905022573772,Coffee Shop
8672,Ash Shati Ash Sharqi Dist.,Dammam,26.478145,50.1325441,Kunefeci (كنافجي),26.454913,50.120743,Café,7.4,0.874820039565402,Coffee Shop
8673,Ash Shati Ash Sharqi Dist.,Dammam,26.478145,50.1325441,ستاربكس (سباركيز),26.452426,50.128381,Coffee Shop,7.4,0.1104724026142166,Coffee Shop
8674,Ash Shati Ash Sharqi Dist.,Dammam,26.478145,50.1325441,Jalstna Cafe (مقهى جلستنا),26.47023,50.123807,Café,6.8,0.9055505494619313,Coffee Shop
8675,Ash Shati Ash Sharqi Dist.,Dammam,26.478145,50.1325441,مقهى سبورت تايم (مقهى سبورت تايم) (مقهى سبورت تايم),26.475966,50.124603,Café,6.2,0.8654258459435106,Coffee Shop
8676,Ash Shati Ash Sharqi Dist.,Dammam,26.478145,50.1325441,Spar Cafe,26.460941,50.121048,Café,6.5,0.9186319899740027,Coffee Shop
8677,Ash Shati Ash Sharqi Dist.,Dammam,26.478145,50.1325441,Saad tea (شاي سعد),26.478337,50.133564,Tea Room,,0.918114118219764,Coffee Shop
8678,Ash Shati Ash Sharqi Dist.,Dammam,26.478145,50.1325441,زين,26.456455,50.129331,Coffee Shop,6.3,0.9752043004070472,Coffee Shop
8679,Ash Shati Ash Sharqi Dist.,Dammam,26.478145,50.1325441,Pronto,26.478703,50.124947,Café,,0.9924494298231986,Coffee Shop
8680,Ash Shati Ash Sharqi Dist.,Dammam,26.478145,50.1325441,Tea&more,26.478964,50.124848,Tea Room,,0.9579488135558112,Coffee Shop
8681,Ash Shati Ash Sharqi Dist.,Dammam,26.478145,50.1325441,كافيه منظر البحر كورنيش الدمام,26.485071,50.133802,Café,,0.8841935183171239,Coffee Shop
8682,Ash Shati Ash Sharqi Dist.,Dammam,26.478145,50.1325441,Tea Club,26.485318,50.133974,Tea Room,,0.3389574205843665,Coffee Shop
8683,Ash Shati Ash Sharqi Dist.,Dammam,26.478145,50.1325441,القهوه المثاليه,26.474997,50.125272,Coffee Shop,,0.952086505297828,Coffee Shop
8684,Ash Shati Ash Sharqi Dist.,Dammam,26.478145,50.1325441,Perfect Coffee,26.47489,50.125242,Café,,0.4629048462438762,Coffee Shop
8685,Ash Shati Ash Sharqi Dist.,Dammam,26.478145,50.1325441,Jolie Dame,26.461603,50.12259,Health and Beauty Service,6.0,0.9510611192244351,Coffee Shop
8686,Ash Shati Ash Sharqi Dist.,Dammam,26.478145,50.1325441,Mammoth Cafe,26.484701,50.127508,Café,,0.3164714290153186,Coffee Shop
8687,Al Fayha Dist.,Dammam,26.4381138,50.0385343,Tim Hortons,26.436701,50.033922,Coffee Shop,8.0,0.9998037384117038,Coffee Shop
8688,Al Fayha Dist.,Dammam,26.4381138,50.0385343,دوز,26.429543,50.040595,Coffee Shop,8.3,0.9970688458710084,Coffee Shop
8689,Al Fayha Dist.,Dammam,26.4381138,50.0385343,Ocaso Caffee,26.423561,50.030331,Coffee Shop,8.6,0.9853960165304664,Coffee Shop
8690,Al Fayha Dist.,Dammam,26.4381138,50.0385343,Le 42 Cafe,26.423576,50.030267,Coffee Shop,8.6,0.9627650208702316,Coffee Shop
8691,Al Fayha Dist.,Dammam,26.4381138,50.0385343,Dip N Dip,26.423853,50.030312,Coffee Shop,8.5,0.9914965457953993,Coffee Shop
8692,Al Fayha Dist.,Dammam,26.4381138,50.0385343,One O One Cafe (101 Cafè),26.421524,50.026367,Coffee Shop,8.8,0.9977731514567733,Coffee Shop
8693,Al Fayha Dist.,Dammam,26.4381138,50.0385343,مجلس و دلة,26.431419,50.039743,Coffee Shop,7.8,0.9861417518565704,Coffee Shop
8694,Al Fayha Dist.,Dammam,26.4381138,50.0385343,Tim Hortons,26.427405,50.038187,Coffee Shop,7.7,0.9279226092450464,Coffee Shop
8695,Al Fayha Dist.,Dammam,26.4381138,50.0385343,ستاربكس,26.428619,50.039654,Coffee Shop,7.5,0.6220571937565381,Coffee Shop
8696,Al Fayha Dist.,Dammam,26.4381138,50.0385343,8Oz COFFEE,26.453242,50.062816,Coffee Shop,8.2,0.974655356347554,Coffee Shop
8697,Al Fayha Dist.,Dammam,26.4381138,50.0385343,نويمي كافيه,26.421585,50.02564,Coffee Shop,7.8,0.9975660027550778,Coffee Shop
8698,Al Fayha Dist.,Dammam,26.4381138,50.0385343,Verocci Cafe,26.454256,50.061719,Café,7.7,0.9654061668168494,Coffee Shop
8699,Al Fayha Dist.,Dammam,26.4381138,50.0385343,ستاربكس,26.433101,50.044451,Coffee Shop,6.6,0.941843001998985,Coffee Shop
8700,Al Fayha Dist.,Dammam,26.4381138,50.0385343,BABA KARAK (بابا كرك),26.415721,50.023935,Tea Room,6.5,0.977659012522139,Coffee Shop
8701,Al Fayha Dist.,Dammam,26.4381138,50.0385343,محمصة و قهوة قلم المختصة,26.439188,50.041122,Coffee Shop,,0.6484997255279703,Coffee Shop
8702,Al Fayha Dist.,Dammam,26.4381138,50.0385343,Majlis & Dalla (مجلس و دلة),26.431603,50.039694,Café,,0.9032304840029416,Coffee Shop
8703,Al Fayha Dist.,Dammam,26.4381138,50.0385343,ديوانية المساء,26.434011,50.046165,Café,,0.5392184279485028,Coffee Shop
8704,Al Fayha Dist.,Dammam,26.4381138,50.0385343,Zawia,26.432137,50.032256,Coffee Shop,,0.5461393765208078,Coffee Shop
8705,Al Fayha Dist.,Dammam,26.4381138,50.0385343,Damamm,26.4297,50.043278,Café,,0.9180623310443402,Coffee Shop
8706,Al Fayha Dist.,Dammam,26.4381138,50.0385343,وادي القهوة,26.426907,50.036257,Café,,0.9725838693305988,Coffee Shop
8707,Al Fayha Dist.,Dammam,26.4381138,50.0385343,قهوة وترويقة,26.427161,50.04235,Café,,0.950988617178842,Coffee Shop
8708,Al Fayha Dist.,Dammam,26.4381138,50.0385343,5 O’clock Cafe,26.426307,50.036594,Café,,0.8939087924266435,Coffee Shop
8709,Al Fayha Dist.,Dammam,26.4381138,50.0385343,أرت سويت,26.42691,50.04423,Coffee Shop,,0.99561880495914,Coffee Shop
8710,Al Fayha Dist.,Dammam,26.4381138,50.0385343,مقهى ديوانية المجلس,26.43705,50.054068,Coffee Shop,5.5,0.8962910024961419,Coffee Shop
8711,Al Fayha Dist.,Dammam,26.4381138,50.0385343,Faisaliah,26.424469,50.042292,Tea Room,,0.9496525080529058,Coffee Shop
8712,Al Fayha Dist.,Dammam,26.4381138,50.0385343,مقهى دار المزاج,26.434344,50.05502,Café,,0.9427958860267844,Coffee Shop
8713,Al Fayha Dist.,Dammam,26.4381138,50.0385343,La Maison Du Cafe,26.436486,50.058066,Café,,0.8890511553718837,Coffee Shop
8714,Al Fayha Dist.,Dammam,26.4381138,50.0385343,Fluffy Clouds (فلفِي),26.423653,50.027433,Café,,0.9933919564159132,Coffee Shop
8715,Al Fayha Dist.,Dammam,26.4381138,50.0385343,Kiwan (كيوان),26.425922,50.0237,Café,,0.7922801654532016,Coffee Shop
8716,Al Fayha Dist.,Dammam,26.4381138,50.0385343,بارنز كافيه,26.42276,50.027962,Coffee Shop,,0.7322603030585506,Coffee Shop
8717,Al Fayha Dist.,Dammam,26.4381138,50.0385343,Bati Cafe,26.422834,50.027505,Café,,0.9393054304032148,Coffee Shop
8718,Al Fayha Dist.,Dammam,26.4381138,50.0385343,Barn’s,26.422582,50.027884,Coffee Shop,,0.980569451780961,Coffee Shop
8719,Al Fayha Dist.,Dammam,26.4381138,50.0385343,بارنز,26.422463,50.027913,Coffee Shop,,0.976136469564677,Coffee Shop
8720,Al Fayha Dist.,Dammam,26.4381138,50.0385343,البشيري,26.421223,50.030949,Coffee Shop,,0.7229282540471678,Coffee Shop
8721,Al Fayha Dist.,Dammam,26.4381138,50.0385343,لقيمات ذوق,26.421971,50.026664,Café,,0.263607080342624,Coffee Shop
8722,Al Fayha Dist.,Dammam,26.4381138,50.0385343,Noimi91 Coffee,26.421905,50.025553,Café,,0.0380327575147612,Coffee Shop
8723,Al Fayha Dist.,Dammam,26.4381138,50.0385343,قهوه الدوانيه,26.418006,50.029727,Café,,0.9129146858072068,Coffee Shop
8724,Al Fayha Dist.,Dammam,26.4381138,50.0385343,وادي القهوة,26.426443,50.059359,Coffee Shop,,0.9731120985199224,Coffee Shop
8725,Al Fayha Dist.,Dammam,26.4381138,50.0385343,Karak Time (وقت الكرك),26.458437,50.027556,Café,,0.9339556342434226,Coffee Shop
8726,Al Fayha Dist.,Dammam,26.4381138,50.0385343,شاهي ابو نوره,26.428152,50.061098,Tea Room,,0.8971195973029239,Coffee Shop
8727,Al Fayha Dist.,Dammam,26.4381138,50.0385343,ستاربكس,26.423894,50.017174,Coffee Shop,,0.9921267597407728,Coffee Shop
8728,Al Fayha Dist.,Dammam,26.4381138,50.0385343,مقهى أوقات المزاج,26.461196,50.030121,Café,,0.998444235000348,Coffee Shop
8729,Al Fayha Dist.,Dammam,26.4381138,50.0385343,الملحق,26.413768,50.046781,Tea Room,,0.6301774228630022,Coffee Shop
8730,Al Fayha Dist.,Dammam,26.4381138,50.0385343,كنافة المملكة,26.441602,50.067373,Café,,0.1310629835627505,Coffee Shop
8731,Al Fayha Dist.,Dammam,26.4381138,50.0385343,Cup And Dessert,26.418901,50.018957,Café,,0.9996501800061306,Coffee Shop
8732,Al Fayha Dist.,Dammam,26.4381138,50.0385343,Cup Of Karak,26.462324,50.049516,Café,,0.4183543776297417,Coffee Shop
8733,Al Fayha Dist.,Dammam,26.4381138,50.0385343,بيت سعود بن نايف للقهوه العربيه,26.416855,50.020909,Café,,0.8203917181949062,Coffee Shop
8734,Al Fayha Dist.,Dammam,26.4381138,50.0385343,مقهى وديوانية الركن المديني,26.42157,50.01498,Café,,0.997549911253472,Coffee Shop
8735,Al Itisalat Dist.,Dammam,26.4133291,50.0821758,Starbucks (ستاربكس),26.411946,50.093566,Coffee Shop,9.1,0.9796062103180768,Coffee Shop
8736,Al Itisalat Dist.,Dammam,26.4133291,50.0821758,Dunkin' Donuts (دانكن دونتس),26.411861,50.072033,Coffee Shop,8.9,0.989342199297766,Coffee Shop
8737,Al Itisalat Dist.,Dammam,26.4133291,50.0821758,Tim Hortons (تيم هورتنز),26.411544,50.092832,Coffee Shop,9.0,0.986846057442335,Coffee Shop
8738,Al Itisalat Dist.,Dammam,26.4133291,50.0821758,happiness Cups (أكواب السعادة),26.408046,50.071857,Coffee Shop,9.1,0.9955566603486312,Coffee Shop
8739,Al Itisalat Dist.,Dammam,26.4133291,50.0821758,شاي بن بخار,26.408031,50.07192,Café,8.9,0.9699945105594052,Coffee Shop
8740,Al Itisalat Dist.,Dammam,26.4133291,50.0821758,Starbucks (ستاربكس),26.412554,50.071022,Coffee Shop,8.7,0.9596785052149686,Coffee Shop
8741,Al Itisalat Dist.,Dammam,26.4133291,50.0821758,Ghmr Coffee Roasters (محمصة ومقهى غمر),26.401439,50.075771,Coffee Shop,9.3,0.9739614081968742,Coffee Shop
8742,Al Itisalat Dist.,Dammam,26.4133291,50.0821758,Piccolo (پكلو),26.400312,50.073604,Coffee Shop,9.3,0.998477457042538,Coffee Shop
8743,Al Itisalat Dist.,Dammam,26.4133291,50.0821758,Starbucks (ستاربكس),26.400747,50.073338,Coffee Shop,9.2,0.9902743684553956,Coffee Shop
8744,Al Itisalat Dist.,Dammam,26.4133291,50.0821758,Graph Cafe (جراف كافيه),26.407486,50.066796,Coffee Shop,9.2,0.9995339154211852,Coffee Shop
8745,Al Itisalat Dist.,Dammam,26.4133291,50.0821758,Barnie's (بارنيز),26.420721,50.073482,Coffee Shop,8.5,0.9910097463464148,Coffee Shop
8746,Al Itisalat Dist.,Dammam,26.4133291,50.0821758,Maskob (مسكوب),26.399238,50.07546,Tea Room,9.2,0.9983117380811816,Coffee Shop
8747,Al Itisalat Dist.,Dammam,26.4133291,50.0821758,Kiva Han Coffee,26.399323,50.075423,Coffee Shop,9.2,0.9994510559405068,Coffee Shop
8748,Al Itisalat Dist.,Dammam,26.4133291,50.0821758,Kiva Han Coffee (كيفاهان كافيه),26.399511,50.075287,Coffee Shop,9.1,0.9994717708106764,Coffee Shop
8749,Al Itisalat Dist.,Dammam,26.4133291,50.0821758,Frieze Cafe (فريز كافيه),26.404999,50.070413,Coffee Shop,8.8,0.988047519912169,Coffee Shop
8750,Al Itisalat Dist.,Dammam,26.4133291,50.0821758,UMQ Coffee (قهوة عُمق),26.397581,50.092256,Coffee Shop,9.6,0.9996374897720328,Coffee Shop
8751,Al Itisalat Dist.,Dammam,26.4133291,50.0821758,Wacafe (وكف),26.395581,50.077931,Coffee Shop,9.5,0.9999378553894912,Coffee Shop
8752,Al Itisalat Dist.,Dammam,26.4133291,50.0821758,Starbucks (ستاربكس),26.412921,50.100693,Coffee Shop,8.9,0.9922319236864184,Coffee Shop
8753,Al Itisalat Dist.,Dammam,26.4133291,50.0821758,Starbucks (ستاربكس),26.395243,50.078138,Coffee Shop,9.1,0.9934541010264218,Coffee Shop
8754,Al Itisalat Dist.,Dammam,26.4133291,50.0821758,Tim Hortons,26.414539,50.076121,Coffee Shop,7.9,0.9817087696402864,Coffee Shop
8755,Al Itisalat Dist.,Dammam,26.4133291,50.0821758,All Day (اول دي),26.404895,50.102219,Café,9.4,0.991745124237434,Coffee Shop
8756,Al Itisalat Dist.,Dammam,26.4133291,50.0821758,Starbucks (ستاربكس),26.422585,50.091569,Coffee Shop,8.3,0.9801344395074004,Coffee Shop
8757,Al Itisalat Dist.,Dammam,26.4133291,50.0821758,Eltegaa Coffee,26.405181,50.060962,Coffee Shop,9.1,0.997275994572704,Coffee Shop
8758,Al Itisalat Dist.,Dammam,26.4133291,50.0821758,Onda (اوندا),26.40564,50.101155,Coffee Shop,8.8,0.97646790748739,Coffee Shop
8759,Al Itisalat Dist.,Dammam,26.4133291,50.0821758,بن عفيف للقهوة والمكسرات,26.430661,50.078078,Coffee Shop,8.7,0.9834281038643592,Coffee Shop
8760,Al Itisalat Dist.,Dammam,26.4133291,50.0821758,Bitten (بيتن),26.400442,50.096558,Coffee Shop,8.7,0.9888036126733576,Coffee Shop
8761,Al Itisalat Dist.,Dammam,26.4133291,50.0821758,Dunkin’ Donuts,26.404963,50.05982,Donut Shop,9.1,0.9996892769474568,Coffee Shop
8762,Al Itisalat Dist.,Dammam,26.4133291,50.0821758,Dose (دوز),26.399474,50.066841,Coffee Shop,8.7,0.9884307450103056,Coffee Shop
8763,Al Itisalat Dist.,Dammam,26.4133291,50.0821758,Shatea Teashop (الشاطئ شاي بخار),26.393422,50.072058,Tea Room,9.0,0.9961884638888026,Coffee Shop
8764,Al Itisalat Dist.,Dammam,26.4133291,50.0821758,Gravity Cafe (قراڤيتي كافيه),26.393605,50.072297,Café,9.0,0.9810873235351998,Coffee Shop
8765,Al Itisalat Dist.,Dammam,26.4133291,50.0821758,Karak Albait (كرك البيت),26.392967,50.09158,Café,9.0,0.956975214657842,Coffee Shop
8766,Al Itisalat Dist.,Dammam,26.4133291,50.0821758,THiRD WAVE | Al-Faisaliyah (ثيردويڤ | الفيصلية),26.391714,50.072738,Coffee Roaster,9.1,0.9977110068462646,Coffee Shop
8767,Al Itisalat Dist.,Dammam,26.4133291,50.0821758,Dunkin' Donuts (دانكن دونتس),26.403195,50.077633,Coffee Shop,8.0,0.9707609607556784,Coffee Shop
8768,Al Itisalat Dist.,Dammam,26.4133291,50.0821758,OTTO Cafe (اُتّو كافيه),26.405553,50.058367,Coffee Shop,9.0,0.9911236781323473,Coffee Shop
8769,Al Itisalat Dist.,Dammam,26.4133291,50.0821758,Starbucks (ستاربكس),26.411037,50.109414,Coffee Shop,9.2,0.9986846057442336,Coffee Shop
8770,Al Itisalat Dist.,Dammam,26.4133291,50.0821758,Best Cafe,26.42899,50.068337,Coffee Shop,8.6,0.9896529223503092,Coffee Shop
8771,Al Itisalat Dist.,Dammam,26.4133291,50.0821758,Pages Coffee,26.400216,50.0973,Coffee Shop,8.5,0.9913929714445516,Coffee Shop
8772,Al Itisalat Dist.,Dammam,26.4133291,50.0821758,Starbucks (ستاربكس),26.399071,50.104867,Coffee Shop,9.0,0.988544676796238,Coffee Shop
8773,Al Itisalat Dist.,Dammam,26.4133291,50.0821758,Tim Hortons (تيم هورتنز),26.414039,50.05423,Coffee Shop,9.0,0.99770064941118,Coffee Shop
8774,Al Itisalat Dist.,Dammam,26.4133291,50.0821758,بكلو,26.408554,50.059054,Café,8.6,0.9811805404509628,Coffee Shop
8775,Al Itisalat Dist.,Dammam,26.4133291,50.0821758,بوفية عزيز,26.423848,50.094082,Café,8.1,0.9648468653222716,Coffee Shop
8776,Al Itisalat Dist.,Dammam,26.4133291,50.0821758,Brighton Cafe,26.417279,50.091732,Coffee Shop,7.8,0.9806212389563848,Coffee Shop
8777,Al Itisalat Dist.,Dammam,26.4133291,50.0821758,Starbucks (ستاربكس),26.387181,50.075059,Coffee Shop,9.1,0.9935162456369304,Coffee Shop
8778,Al Itisalat Dist.,Dammam,26.4133291,50.0821758,Tim Hortons,26.430882,50.068133,Coffee Shop,8.4,0.991279039658619,Coffee Shop
8779,Al Itisalat Dist.,Dammam,26.4133291,50.0821758,Black Tea (الشاي الاسود),26.398351,50.093591,Tea Room,8.2,0.9561259049808906,Coffee Shop
8780,Al Itisalat Dist.,Dammam,26.4133291,50.0821758,bREw’s (بروز),26.421533,50.090762,Coffee Shop,7.8,0.9774518638204436,Coffee Shop
8781,Al Itisalat Dist.,Dammam,26.4133291,50.0821758,Coach Cup (كوتش كب),26.395831,50.089747,Café,8.2,0.95684056800174,Coffee Shop
8782,Al Itisalat Dist.,Dammam,26.4133291,50.0821758,Lute,26.391378,50.073892,Coffee Shop,8.4,0.9750696537509452,Coffee Shop
8783,Al Itisalat Dist.,Dammam,26.4133291,50.0821758,Karak Basha (كرك باشا),26.404832,50.059683,Tea Room,8.3,0.9830966659416462,Coffee Shop
8784,Al Itisalat Dist.,Dammam,26.4133291,50.0821758,شغف,26.406726,50.103451,Coffee Shop,8.2,0.9665765569814292,Coffee Shop
8785,Ibn Khaldun Dist.,Dammam,26.4205917,50.0965592,Starbucks (ستاربكس),26.411946,50.093566,Coffee Shop,9.1,0.9796062103180768,Coffee Shop
8786,Ibn Khaldun Dist.,Dammam,26.4205917,50.0965592,Starbucks (ستاربكس),26.412921,50.100693,Coffee Shop,8.9,0.9922319236864184,Coffee Shop
8787,Ibn Khaldun Dist.,Dammam,26.4205917,50.0965592,Tim Hortons (تيم هورتنز),26.411544,50.092832,Coffee Shop,9.0,0.986846057442335,Coffee Shop
8788,Ibn Khaldun Dist.,Dammam,26.4205917,50.0965592,Starbucks (ستاربكس),26.422585,50.091569,Coffee Shop,8.3,0.9801344395074004,Coffee Shop
8789,Ibn Khaldun Dist.,Dammam,26.4205917,50.0965592,بوفية عزيز,26.423848,50.094082,Café,8.1,0.9648468653222716,Coffee Shop
8790,Ibn Khaldun Dist.,Dammam,26.4205917,50.0965592,Zaffron Lounge (ديوانية زعفران),26.421009,50.100572,Café,8.0,0.9594609990781884,Coffee Shop
8791,Ibn Khaldun Dist.,Dammam,26.4205917,50.0965592,Starbucks (ستاربكس),26.411037,50.109414,Coffee Shop,9.2,0.9986846057442336,Coffee Shop
8792,Ibn Khaldun Dist.,Dammam,26.4205917,50.0965592,All Day (اول دي),26.404895,50.102219,Café,9.4,0.991745124237434,Coffee Shop
8793,Ibn Khaldun Dist.,Dammam,26.4205917,50.0965592,Onda (اوندا),26.40564,50.101155,Coffee Shop,8.8,0.97646790748739,Coffee Shop
8794,Ibn Khaldun Dist.,Dammam,26.4205917,50.0965592,Ojair Coffee (اوجير كوفي),26.411095,50.114829,Coffee Shop,9.4,0.996996343825415,Coffee Shop
8795,Ibn Khaldun Dist.,Dammam,26.4205917,50.0965592,Mafaz (مَفَاز),26.406929,50.112725,Coffee Shop,9.4,0.9971620627867714,Coffee Shop
8796,Ibn Khaldun Dist.,Dammam,26.4205917,50.0965592,bREw’s (بروز),26.421533,50.090762,Coffee Shop,7.8,0.9774518638204436,Coffee Shop
8797,Ibn Khaldun Dist.,Dammam,26.4205917,50.0965592,Brighton Cafe,26.417279,50.091732,Coffee Shop,7.8,0.9806212389563848,Coffee Shop
8798,Ibn Khaldun Dist.,Dammam,26.4205917,50.0965592,ركن الشاهي,26.420883,50.097528,Tea Room,7.5,0.9583423960890324,Coffee Shop
8799,Ibn Khaldun Dist.,Dammam,26.4205917,50.0965592,UMQ Coffee (قهوة عُمق),26.397581,50.092256,Coffee Shop,9.6,0.9996374897720328,Coffee Shop
8800,Ibn Khaldun Dist.,Dammam,26.4205917,50.0965592,Avenue cafe,26.421009,50.101281,Café,7.7,0.9604035256709028,Coffee Shop
8801,Ibn Khaldun Dist.,Dammam,26.4205917,50.0965592,بن عفيف للقهوة والمكسرات,26.430661,50.078078,Coffee Shop,8.7,0.9834281038643592,Coffee Shop
8802,Ibn Khaldun Dist.,Dammam,26.4205917,50.0965592,Bitten (بيتن),26.400442,50.096558,Coffee Shop,8.7,0.9888036126733576,Coffee Shop
8803,Ibn Khaldun Dist.,Dammam,26.4205917,50.0965592,Alkarak (الكرك),26.414136,50.119659,Tea Room,8.8,0.96653512724109,Coffee Shop
8804,Ibn Khaldun Dist.,Dammam,26.4205917,50.0965592,Starbucks (ستاربكس),26.399071,50.104867,Coffee Shop,9.0,0.988544676796238,Coffee Shop
8805,Ibn Khaldun Dist.,Dammam,26.4205917,50.0965592,شغف,26.406726,50.103451,Coffee Shop,8.2,0.9665765569814292,Coffee Shop
8806,Ibn Khaldun Dist.,Dammam,26.4205917,50.0965592,Dunkin' Donuts (دانكن دونتس),26.411861,50.072033,Coffee Shop,8.9,0.989342199297766,Coffee Shop
8807,Ibn Khaldun Dist.,Dammam,26.4205917,50.0965592,happiness Cups (أكواب السعادة),26.408046,50.071857,Coffee Shop,9.1,0.9955566603486312,Coffee Shop
8808,Ibn Khaldun Dist.,Dammam,26.4205917,50.0965592,Ghmr Coffee Roasters (محمصة ومقهى غمر),26.401439,50.075771,Coffee Shop,9.3,0.9739614081968742,Coffee Shop
8809,Ibn Khaldun Dist.,Dammam,26.4205917,50.0965592,Barnie's (بارنيز),26.420721,50.073482,Coffee Shop,8.5,0.9910097463464148,Coffee Shop
8810,Ibn Khaldun Dist.,Dammam,26.4205917,50.0965592,Pages Coffee,26.400216,50.0973,Coffee Shop,8.5,0.9913929714445516,Coffee Shop
8811,Ibn Khaldun Dist.,Dammam,26.4205917,50.0965592,شاي بن بخار,26.408031,50.07192,Café,8.9,0.9699945105594052,Coffee Shop
8812,Ibn Khaldun Dist.,Dammam,26.4205917,50.0965592,Starbucks (ستاربكس),26.401618,50.115742,Coffee Shop,8.9,0.9674258666583808,Coffee Shop
8813,Ibn Khaldun Dist.,Dammam,26.4205917,50.0965592,Starbucks (ستاربكس),26.412554,50.071022,Coffee Shop,8.7,0.9596785052149686,Coffee Shop
8814,Ibn Khaldun Dist.,Dammam,26.4205917,50.0965592,Coffee Warehouse (مستودع القهوة),26.39495,50.104782,Coffee Shop,8.9,0.989425058778444,Coffee Shop
8815,Ibn Khaldun Dist.,Dammam,26.4205917,50.0965592,قيصرية الواحة,26.429371,50.117122,Café,8.2,0.9948627121979512,Coffee Shop
8816,Ibn Khaldun Dist.,Dammam,26.4205917,50.0965592,Best Cafe,26.42899,50.068337,Coffee Shop,8.6,0.9896529223503092,Coffee Shop
8817,Ibn Khaldun Dist.,Dammam,26.4205917,50.0965592,Starbucks (ستاربكس),26.431259,50.08409,Coffee Shop,7.9,0.9854270888357208,Coffee Shop
8818,Ibn Khaldun Dist.,Dammam,26.4205917,50.0965592,Black Tea (الشاي الاسود),26.398351,50.093591,Tea Room,8.2,0.9561259049808906,Coffee Shop
8819,Ibn Khaldun Dist.,Dammam,26.4205917,50.0965592,ستاربكس,26.428519,50.107585,Coffee Shop,7.7,0.9473220851588312,Coffee Shop
8820,Ibn Khaldun Dist.,Dammam,26.4205917,50.0965592,Coach Cup (كوتش كب),26.395831,50.089747,Café,8.2,0.95684056800174,Coffee Shop
8821,Ibn Khaldun Dist.,Dammam,26.4205917,50.0965592,Tim Hortons,26.414539,50.076121,Coffee Shop,7.9,0.9817087696402864,Coffee Shop
8822,Ibn Khaldun Dist.,Dammam,26.4205917,50.0965592,Dunkin' Donuts (دانكن دونتس),26.403195,50.077633,Coffee Shop,8.0,0.9707609607556784,Coffee Shop
8823,Ibn Khaldun Dist.,Dammam,26.4205917,50.0965592,كوستا كوفي - الشرقية,26.400957,50.116567,Coffee Shop,8.0,0.9910304612165844,Coffee Shop
8824,Ibn Khaldun Dist.,Dammam,26.4205917,50.0965592,ستاربكس,26.438295,50.08364,Coffee Shop,7.6,0.97508001118603,Coffee Shop
8825,Ibn Khaldun Dist.,Dammam,26.4205917,50.0965592,Cafe Liwan (قهوة ليوان),26.401203,50.116266,Café,7.4,0.9221224455975722,Coffee Shop
8826,Ibn Khaldun Dist.,Dammam,26.4205917,50.0965592,Lulia (لوليا),26.4139,50.096175,Café,6.5,0.9513821997120632,Coffee Shop
8827,Ibn Khaldun Dist.,Dammam,26.4205917,50.0965592,Time Out Cafe,26.403023,50.105907,Coffee Shop,6.9,0.9479124589586636,Coffee Shop
8828,Ibn Khaldun Dist.,Dammam,26.4205917,50.0965592,مستوصف الفارابي (مجمع الفارابي الطبي),26.413929,50.078945,Coffee Shop,6.8,0.9950491460294772,Coffee Shop
8829,Ibn Khaldun Dist.,Dammam,26.4205917,50.0965592,وناسه كافيه,26.420415,50.107059,Café,6.4,0.9467524262291686,Coffee Shop
8830,Ibn Khaldun Dist.,Dammam,26.4205917,50.0965592,Moroccan Taste,26.400759,50.115301,Tea Room,6.7,0.9730706687795834,Coffee Shop
8831,Ibn Khaldun Dist.,Dammam,26.4205917,50.0965592,Coffee Valley (وادي القهوة),26.413057,50.115566,Coffee Shop,6.4,0.9368921480284622,Coffee Shop
8832,Ibn Khaldun Dist.,Dammam,26.4205917,50.0965592,صبا كافيه,26.421007,50.097969,Coffee Shop,,0.9407554713150836,Coffee Shop
8833,Ibn Khaldun Dist.,Dammam,26.4205917,50.0965592,Rochen Café,26.420432,50.092025,Café,,0.9105739054780474,Coffee Shop
8834,Ibn Khaldun Dist.,Dammam,26.4205917,50.0965592,Brighton Cafe,26.417295,50.091669,Coffee Shop,,0.9551523060829216,Coffee Shop
8835,As Suq Dist.,Dammam,26.4396561,50.1014184,dr.CAFE COFFEE | V12 Station | د.كيف كافيه (dr.CAFE COFFEE | د. كيف),26.45616,50.09686,Coffee Shop,9.0,0.9887621829330184,Coffee Shop
8836,As Suq Dist.,Dammam,26.4396561,50.1014184,Starbucks (ستاربكس),26.45491,50.11388,Coffee Shop,9.2,0.99885032470559,Coffee Shop
8837,As Suq Dist.,Dammam,26.4396561,50.1014184,CORE COFFEE & ROASTERY (Core Coffee & Roastery),26.458855,50.093134,Coffee Shop,9.0,0.9788397601218034,Coffee Shop
8838,As Suq Dist.,Dammam,26.4396561,50.1014184,Location Coffee (لوكيشن كافيه),26.456777,50.101138,Coffee Shop,8.6,0.947518876425442,Coffee Shop
8839,As Suq Dist.,Dammam,26.4396561,50.1014184,Eleven Three Specilty Coffee,26.453003,50.080758,Coffee Shop,9.2,0.9832727423380874,Coffee Shop
8840,As Suq Dist.,Dammam,26.4396561,50.1014184,UMQ Coffee (قهوة عُمق),26.45869,50.08524,Coffee Shop,9.5,0.999906783084237,Coffee Shop
8841,As Suq Dist.,Dammam,26.4396561,50.1014184,Habits (هابيتس),26.452591,50.124033,Coffee Shop,9.0,0.9546344343286828,Coffee Shop
8842,As Suq Dist.,Dammam,26.4396561,50.1014184,Troy (تروي),26.452454,50.124545,Café,9.0,0.9916208350164164,Coffee Shop
8843,As Suq Dist.,Dammam,26.4396561,50.1014184,Caribou Coffee (كاريبو كوفي),26.458773,50.093211,Coffee Shop,8.5,0.9385286227718568,Coffee Shop
8844,As Suq Dist.,Dammam,26.4396561,50.1014184,بن عفيف للقهوة والمكسرات,26.430661,50.078078,Coffee Shop,8.7,0.9834281038643592,Coffee Shop
8845,As Suq Dist.,Dammam,26.4396561,50.1014184,قيصرية الواحة,26.429371,50.117122,Café,8.2,0.9948627121979512,Coffee Shop
8846,As Suq Dist.,Dammam,26.4396561,50.1014184,Starbucks (ستاربكس),26.422585,50.091569,Coffee Shop,8.3,0.9801344395074004,Coffee Shop
8847,As Suq Dist.,Dammam,26.4396561,50.1014184,Starbucks (ستاربكس),26.412921,50.100693,Coffee Shop,8.9,0.9922319236864184,Coffee Shop
8848,As Suq Dist.,Dammam,26.4396561,50.1014184,Tim Hortons (تيم هورتنز),26.459142,50.121581,Coffee Shop,8.8,0.991134035567432,Coffee Shop
8849,As Suq Dist.,Dammam,26.4396561,50.1014184,Marsa Café,26.460289,50.112737,Café,8.5,0.9743032035546716,Coffee Shop
8850,As Suq Dist.,Dammam,26.4396561,50.1014184,بوفية عزيز,26.423848,50.094082,Café,8.1,0.9648468653222716,Coffee Shop
8851,As Suq Dist.,Dammam,26.4396561,50.1014184,كاريبو,26.454459,50.105536,"Cafe, Coffee, and Tea House",8.0,0.9481817522708677,Coffee Shop
8852,As Suq Dist.,Dammam,26.4396561,50.1014184,المذاق المغربي,26.459282,50.095385,Coffee Shop,8.2,0.9877885840350497,Coffee Shop
8853,As Suq Dist.,Dammam,26.4396561,50.1014184,Dose (دوز),26.457896,50.120312,Coffee Shop,8.4,0.9737542594951786,Coffee Shop
8854,As Suq Dist.,Dammam,26.4396561,50.1014184,Zaffron Lounge (ديوانية زعفران),26.421009,50.100572,Café,8.0,0.9594609990781884,Coffee Shop
8855,As Suq Dist.,Dammam,26.4396561,50.1014184,AQEEQ (عقيق),26.456635,50.081092,Tea Room,8.4,0.9854788760111446,Coffee Shop
8856,As Suq Dist.,Dammam,26.4396561,50.1014184,قهوة الطريق,26.439674,50.118311,Coffee Shop,7.8,0.9658515365254948,Coffee Shop
8857,As Suq Dist.,Dammam,26.4396561,50.1014184,شاي عبق,26.434268,50.128406,Tea Room,8.3,0.991092605827093,Coffee Shop
8858,As Suq Dist.,Dammam,26.4396561,50.1014184,ستاربكس,26.428519,50.107585,Coffee Shop,7.7,0.9473220851588312,Coffee Shop
8859,As Suq Dist.,Dammam,26.4396561,50.1014184,Park Coffee,26.451734,50.127202,Coffee Shop,8.4,0.972811732902464,Coffee Shop
8860,As Suq Dist.,Dammam,26.4396561,50.1014184,Starbucks (ستاربكس),26.431259,50.08409,Coffee Shop,7.9,0.9854270888357208,Coffee Shop
8861,As Suq Dist.,Dammam,26.4396561,50.1014184,3.C Café,26.458341,50.092317,Café,8.0,0.9940134025209996,Coffee Shop
8862,As Suq Dist.,Dammam,26.4396561,50.1014184,Tim Hortons,26.456027,50.105241,Coffee Shop,7.8,0.9518793565961324,Coffee Shop
8863,As Suq Dist.,Dammam,26.4396561,50.1014184,كوخ الكرك,26.46131,50.092482,Café,8.1,0.9412319133289831,Coffee Shop
8864,As Suq Dist.,Dammam,26.4396561,50.1014184,Cafficha (كافيشا),26.461947,50.092263,Coffee Shop,8.1,0.9906161638131932,Coffee Shop
8865,As Suq Dist.,Dammam,26.4396561,50.1014184,Morth Coffee (مورث),26.459396,50.088284,Coffee Shop,8.0,0.96330360749464,Coffee Shop
8866,As Suq Dist.,Dammam,26.4396561,50.1014184,Scarface,26.454049,50.120242,Coffee Shop,7.9,0.9734228215724658,Coffee Shop
8867,As Suq Dist.,Dammam,26.4396561,50.1014184,TREEPICA Café,26.458456,50.080743,Coffee Shop,8.1,0.9546447917637676,Coffee Shop
8868,As Suq Dist.,Dammam,26.4396561,50.1014184,bREw’s (بروز),26.421533,50.090762,Coffee Shop,7.8,0.9774518638204436,Coffee Shop
8869,As Suq Dist.,Dammam,26.4396561,50.1014184,View Cafe,26.451949,50.126317,Café,8.0,0.9710509689380522,Coffee Shop
8870,As Suq Dist.,Dammam,26.4396561,50.1014184,ستاربكس,26.438295,50.08364,Coffee Shop,7.6,0.97508001118603,Coffee Shop
8871,As Suq Dist.,Dammam,26.4396561,50.1014184,Icons Coffee Couture,26.451596,50.127771,Coffee Shop,8.0,0.9775761530414608,Coffee Shop
8872,As Suq Dist.,Dammam,26.4396561,50.1014184,Avenue cafe,26.421009,50.101281,Café,7.7,0.9604035256709028,Coffee Shop
8873,As Suq Dist.,Dammam,26.4396561,50.1014184,Brighton Cafe,26.417279,50.091732,Coffee Shop,7.8,0.9806212389563848,Coffee Shop
8874,As Suq Dist.,Dammam,26.4396561,50.1014184,ستاربكس,26.464957,50.091795,Coffee Shop,7.8,0.9753700193684036,Coffee Shop
8875,As Suq Dist.,Dammam,26.4396561,50.1014184,ركن الشاهي,26.420883,50.097528,Tea Room,7.5,0.9583423960890324,Coffee Shop
8876,As Suq Dist.,Dammam,26.4396561,50.1014184,Pianolla Cafe,26.463552,50.11385,General Contractor,8.1,0.9560741178054668,Coffee Shop
8877,As Suq Dist.,Dammam,26.4396561,50.1014184,ستاربكس,26.440571,50.127659,Coffee Shop,7.4,0.9717656319589016,Coffee Shop
8878,As Suq Dist.,Dammam,26.4396561,50.1014184,Dar Najd Ladies Center,26.441875,50.122287,Health and Beauty Service,6.4,0.9037897854975194,Coffee Shop
8879,As Suq Dist.,Dammam,26.4396561,50.1014184,وناسه كافيه,26.420415,50.107059,Café,6.4,0.9467524262291686,Coffee Shop
8880,As Suq Dist.,Dammam,26.4396561,50.1014184,Lulia (لوليا),26.4139,50.096175,Café,6.5,0.9513821997120632,Coffee Shop
8881,As Suq Dist.,Dammam,26.4396561,50.1014184,Reds Caffe,26.438697,50.105965,Café,,0.8999575345161525,Coffee Shop
8882,As Suq Dist.,Dammam,26.4396561,50.1014184,karak Cup,26.436514,50.10737,Café,,0.9248775233301224,Coffee Shop
8883,As Suq Dist.,Dammam,26.4396561,50.1014184,Coffee eltgaa,26.44643,50.103275,Coffee Shop,,0.9780629524904452,Coffee Shop
8884,As Suq Dist.,Dammam,26.4396561,50.1014184,مقهى زمن الطيبين,26.4462,50.10446,Café,,0.9534536867290184,Coffee Shop
8885,Ash Shifa Dist.,Dammam,26.4073754,50.1179003,Ojair Coffee (اوجير كوفي),26.411095,50.114829,Coffee Shop,9.4,0.996996343825415,Coffee Shop
8886,Ash Shifa Dist.,Dammam,26.4073754,50.1179003,Mafaz (مَفَاز),26.406929,50.112725,Coffee Shop,9.4,0.9971620627867714,Coffee Shop
8887,Ash Shifa Dist.,Dammam,26.4073754,50.1179003,Starbucks (ستاربكس),26.401618,50.115742,Coffee Shop,8.9,0.9674258666583808,Coffee Shop
8888,Ash Shifa Dist.,Dammam,26.4073754,50.1179003,Starbucks (ستاربكس),26.411037,50.109414,Coffee Shop,9.2,0.9986846057442336,Coffee Shop
8889,Ash Shifa Dist.,Dammam,26.4073754,50.1179003,Alkarak (الكرك),26.414136,50.119659,Tea Room,8.8,0.96653512724109,Coffee Shop
8890,Ash Shifa Dist.,Dammam,26.4073754,50.1179003,Starbucks (ستاربكس),26.400343,50.117202,Coffee Shop,8.9,0.9902018664098022,Coffee Shop
8891,Ash Shifa Dist.,Dammam,26.4073754,50.1179003,Tim Hortons (تيم هورتنز),26.400097,50.116794,Coffee Shop,8.5,0.9979595852882992,Coffee Shop
8892,Ash Shifa Dist.,Dammam,26.4073754,50.1179003,Garden Gate (قاردن قيت),26.398221,50.127066,Coffee Shop,9.0,0.9819055609068972,Coffee Shop
8893,Ash Shifa Dist.,Dammam,26.4073754,50.1179003,All Day (اول دي),26.404895,50.102219,Café,9.4,0.991745124237434,Coffee Shop
8894,Ash Shifa Dist.,Dammam,26.4073754,50.1179003,Starbucks (ستاربكس),26.399071,50.104867,Coffee Shop,9.0,0.988544676796238,Coffee Shop
8895,Ash Shifa Dist.,Dammam,26.4073754,50.1179003,كوستا كوفي - الشرقية,26.400957,50.116567,Coffee Shop,8.0,0.9910304612165844,Coffee Shop
8896,Ash Shifa Dist.,Dammam,26.4073754,50.1179003,Onda (اوندا),26.40564,50.101155,Coffee Shop,8.8,0.97646790748739,Coffee Shop
8897,Ash Shifa Dist.,Dammam,26.4073754,50.1179003,Starbucks (ستاربكس),26.406848,50.13808,Coffee Shop,9.3,0.9851474380884316,Coffee Shop
8898,Ash Shifa Dist.,Dammam,26.4073754,50.1179003,Starbucks (ستاربكس),26.412921,50.100693,Coffee Shop,8.9,0.9922319236864184,Coffee Shop
8899,Ash Shifa Dist.,Dammam,26.4073754,50.1179003,Otten (اوتن),26.391985,50.104063,Coffee Shop,9.5,0.9999896425649152,Coffee Shop
8900,Ash Shifa Dist.,Dammam,26.4073754,50.1179003,Coffee Warehouse (مستودع القهوة),26.39495,50.104782,Coffee Shop,8.9,0.989425058778444,Coffee Shop
8901,Ash Shifa Dist.,Dammam,26.4073754,50.1179003,Road Cafe,26.389654,50.112863,Coffee Shop,8.8,0.9705227397487286,Coffee Shop
8902,Ash Shifa Dist.,Dammam,26.4073754,50.1179003,Starbucks (ستاربكس),26.411946,50.093566,Coffee Shop,9.1,0.9796062103180768,Coffee Shop
8903,Ash Shifa Dist.,Dammam,26.4073754,50.1179003,شغف,26.406726,50.103451,Coffee Shop,8.2,0.9665765569814292,Coffee Shop
8904,Ash Shifa Dist.,Dammam,26.4073754,50.1179003,UMQ Coffee (قهوة عُمق),26.397581,50.092256,Coffee Shop,9.6,0.9996374897720328,Coffee Shop
8905,Ash Shifa Dist.,Dammam,26.4073754,50.1179003,Bitten (بيتن),26.400442,50.096558,Coffee Shop,8.7,0.9888036126733576,Coffee Shop
8906,Ash Shifa Dist.,Dammam,26.4073754,50.1179003,Tim Hortons (تيم هورتنز),26.411544,50.092832,Coffee Shop,9.0,0.986846057442335,Coffee Shop
8907,Ash Shifa Dist.,Dammam,26.4073754,50.1179003,Pages Coffee,26.400216,50.0973,Coffee Shop,8.5,0.9913929714445516,Coffee Shop
8908,Ash Shifa Dist.,Dammam,26.4073754,50.1179003,dip n dip (Dip N Dip),26.40031,50.1152,Café,7.7,0.9221431604677418,Coffee Shop
8909,Ash Shifa Dist.,Dammam,26.4073754,50.1179003,قيصرية الواحة,26.429371,50.117122,Café,8.2,0.9948627121979512,Coffee Shop
8910,Ash Shifa Dist.,Dammam,26.4073754,50.1179003,Cafe Liwan (قهوة ليوان),26.401203,50.116266,Café,7.4,0.9221224455975722,Coffee Shop
8911,Ash Shifa Dist.,Dammam,26.4073754,50.1179003,Zaffron Lounge (ديوانية زعفران),26.421009,50.100572,Café,8.0,0.9594609990781884,Coffee Shop
8912,Ash Shifa Dist.,Dammam,26.4073754,50.1179003,Black Tea (الشاي الاسود),26.398351,50.093591,Tea Room,8.2,0.9561259049808906,Coffee Shop
8913,Ash Shifa Dist.,Dammam,26.4073754,50.1179003,بوفية عزيز,26.423848,50.094082,Café,8.1,0.9648468653222716,Coffee Shop
8914,Ash Shifa Dist.,Dammam,26.4073754,50.1179003,La Paniere,26.412856,50.096924,Café,7.8,0.9168919408797606,Coffee Shop
8915,Ash Shifa Dist.,Dammam,26.4073754,50.1179003,Avenue cafe,26.421009,50.101281,Café,7.7,0.9604035256709028,Coffee Shop
8916,Ash Shifa Dist.,Dammam,26.4073754,50.1179003,Brighton Cafe,26.417279,50.091732,Coffee Shop,7.8,0.9806212389563848,Coffee Shop
8917,Ash Shifa Dist.,Dammam,26.4073754,50.1179003,ستاربكس,26.428519,50.107585,Coffee Shop,7.7,0.9473220851588312,Coffee Shop
8918,Ash Shifa Dist.,Dammam,26.4073754,50.1179003,La Mode Cafe at Novotel Business Park,26.40754,50.138548,Café,7.5,0.9732363877409398,Coffee Shop
8919,Ash Shifa Dist.,Dammam,26.4073754,50.1179003,ركن الشاهي,26.420883,50.097528,Tea Room,7.5,0.9583423960890324,Coffee Shop
8920,Ash Shifa Dist.,Dammam,26.4073754,50.1179003,Time Out Cafe,26.403023,50.105907,Coffee Shop,6.9,0.9479124589586636,Coffee Shop
8921,Ash Shifa Dist.,Dammam,26.4073754,50.1179003,Moroccan Taste,26.400759,50.115301,Tea Room,6.7,0.9730706687795834,Coffee Shop
8922,Ash Shifa Dist.,Dammam,26.4073754,50.1179003,Coffee Valley (وادي القهوة),26.413057,50.115566,Coffee Shop,6.4,0.9368921480284622,Coffee Shop
8923,Ash Shifa Dist.,Dammam,26.4073754,50.1179003,وناسه كافيه,26.420415,50.107059,Café,6.4,0.9467524262291686,Coffee Shop
8924,Ash Shifa Dist.,Dammam,26.4073754,50.1179003,Lulia (لوليا),26.4139,50.096175,Café,6.5,0.9513821997120632,Coffee Shop
8925,Ash Shifa Dist.,Dammam,26.4073754,50.1179003,Segafredo Zantti Espresso,26.40411,50.117096,Café,,0.9441112802825508,Coffee Shop
8926,Ash Shifa Dist.,Dammam,26.4073754,50.1179003,محمصة وقهوة قلم المختصة,26.406494,50.113055,Café,,0.871547090078613,Coffee Shop
8927,Ash Shifa Dist.,Dammam,26.4073754,50.1179003,بيت حلو بيت,26.40335,50.120207,Tea Room,,0.9435519787879728,Coffee Shop
8928,Ash Shifa Dist.,Dammam,26.4073754,50.1179003,NOON Café,26.407082,50.123352,Coffee Shop,,0.9302219598338668,Coffee Shop
8929,Ash Shifa Dist.,Dammam,26.4073754,50.1179003,Star,26.401555,50.115903,Coffee Shop,,0.9554008845249562,Coffee Shop
8930,Ash Shifa Dist.,Dammam,26.4073754,50.1179003,Kuba,26.413668,50.1157,Coffee Shop,,0.960672818983107,Coffee Shop
8931,Ash Shifa Dist.,Dammam,26.4073754,50.1179003,Saadeddin Cafe,26.400607,50.117657,Coffee Shop,,0.9433862598266164,Coffee Shop
8932,Ash Shifa Dist.,Dammam,26.4073754,50.1179003,دربي,26.413832,50.11473,Coffee Shop,,0.9471252938922206,Coffee Shop
8933,Ash Shifa Dist.,Dammam,26.4073754,50.1179003,Mycrepe,26.400251,50.117345,Café,,0.5079493314275653,Coffee Shop
8934,Ash Shifa Dist.,Dammam,26.4073754,50.1179003,قدوع,26.400097,50.116794,Café,,0.9047012397849796,Coffee Shop
8935,Ar Rabie Dist.,Dammam,26.4410902,50.1106308,Starbucks (ستاربكس),26.45491,50.11388,Coffee Shop,9.2,0.99885032470559,Coffee Shop
8936,Ar Rabie Dist.,Dammam,26.4410902,50.1106308,Habits (هابيتس),26.452591,50.124033,Coffee Shop,9.0,0.9546344343286828,Coffee Shop
8937,Ar Rabie Dist.,Dammam,26.4410902,50.1106308,Troy (تروي),26.452454,50.124545,Café,9.0,0.9916208350164164,Coffee Shop
8938,Ar Rabie Dist.,Dammam,26.4410902,50.1106308,Ratio Speciality Coffee (ريشيو للقهوة المختصة),26.452074,50.130308,Coffee Shop,9.2,0.9975142155796538,Coffee Shop
8939,Ar Rabie Dist.,Dammam,26.4410902,50.1106308,7 Grams | ٧ جرام (٧ جرام للقهوة المختصة),26.451182,50.131134,Coffee Shop,9.2,0.9967063356430412,Coffee Shop
8940,Ar Rabie Dist.,Dammam,26.4410902,50.1106308,017 Cafe,26.451996,50.130228,Coffee Shop,9.1,0.9976695771059256,Coffee Shop
8941,Ar Rabie Dist.,Dammam,26.4410902,50.1106308,dr.CAFE COFFEE | V12 Station | د.كيف كافيه (dr.CAFE COFFEE | د. كيف),26.45616,50.09686,Coffee Shop,9.0,0.9887621829330184,Coffee Shop
8942,Ar Rabie Dist.,Dammam,26.4410902,50.1106308,قيصرية الواحة,26.429371,50.117122,Café,8.2,0.9948627121979512,Coffee Shop
8943,Ar Rabie Dist.,Dammam,26.4410902,50.1106308,قهوة الطريق,26.439674,50.118311,Coffee Shop,7.8,0.9658515365254948,Coffee Shop
8944,Ar Rabie Dist.,Dammam,26.4410902,50.1106308,Location Coffee (لوكيشن كافيه),26.456777,50.101138,Coffee Shop,8.6,0.947518876425442,Coffee Shop
8945,Ar Rabie Dist.,Dammam,26.4410902,50.1106308,Tim Hortons (تيم هورتنز),26.459142,50.121581,Coffee Shop,8.8,0.991134035567432,Coffee Shop
8946,Ar Rabie Dist.,Dammam,26.4410902,50.1106308,CORE COFFEE & ROASTERY (Core Coffee & Roastery),26.458855,50.093134,Coffee Shop,9.0,0.9788397601218034,Coffee Shop
8947,Ar Rabie Dist.,Dammam,26.4410902,50.1106308,Marsa Café,26.460289,50.112737,Café,8.5,0.9743032035546716,Coffee Shop
8948,Ar Rabie Dist.,Dammam,26.4410902,50.1106308,شاي عبق,26.434268,50.128406,Tea Room,8.3,0.991092605827093,Coffee Shop
8949,Ar Rabie Dist.,Dammam,26.4410902,50.1106308,Park Coffee,26.451734,50.127202,Coffee Shop,8.4,0.972811732902464,Coffee Shop
8950,Ar Rabie Dist.,Dammam,26.4410902,50.1106308,Dose (دوز),26.457896,50.120312,Coffee Shop,8.4,0.9737542594951786,Coffee Shop
8951,Ar Rabie Dist.,Dammam,26.4410902,50.1106308,Cereza Cafe & Roastery (مقهى ومحمصة سيريزا),26.464125,50.122635,Café,9.0,0.9341267128608272,Coffee Shop
8952,Ar Rabie Dist.,Dammam,26.4410902,50.1106308,Coffee Address (عنوان القهوة),26.463766,50.121752,Coffee Shop,8.9,0.9958259536608356,Coffee Shop
8953,Ar Rabie Dist.,Dammam,26.4410902,50.1106308,كاريبو,26.454459,50.105536,"Cafe, Coffee, and Tea House",8.0,0.9481817522708677,Coffee Shop
8954,Ar Rabie Dist.,Dammam,26.4410902,50.1106308,24 Cafe,26.451228,50.130944,Coffee Shop,8.3,0.9795854954479072,Coffee Shop
8955,Ar Rabie Dist.,Dammam,26.4410902,50.1106308,Caribou Coffee (كاريبو كوفي),26.458773,50.093211,Coffee Shop,8.5,0.9385286227718568,Coffee Shop
8956,Ar Rabie Dist.,Dammam,26.4410902,50.1106308,Scarface,26.454049,50.120242,Coffee Shop,7.9,0.9734228215724658,Coffee Shop
8957,Ar Rabie Dist.,Dammam,26.4410902,50.1106308,Bastah Karak (بسطة كرك),26.450936,50.131199,Tea Room,8.2,0.979782286714518,Coffee Shop
8958,Ar Rabie Dist.,Dammam,26.4410902,50.1106308,Butlers Chocolate Cafe,26.461372,50.121171,Café,8.3,0.9433966172617012,Coffee Shop
8959,Ar Rabie Dist.,Dammam,26.4410902,50.1106308,View Cafe,26.451949,50.126317,Café,8.0,0.9710509689380522,Coffee Shop
8960,Ar Rabie Dist.,Dammam,26.4410902,50.1106308,Icons Coffee Couture,26.451596,50.127771,Coffee Shop,8.0,0.9775761530414608,Coffee Shop
8961,Ar Rabie Dist.,Dammam,26.4410902,50.1106308,Starbucks (ستاربكس),26.422585,50.091569,Coffee Shop,8.3,0.9801344395074004,Coffee Shop
8962,Ar Rabie Dist.,Dammam,26.4410902,50.1106308,Tim Hortons,26.456027,50.105241,Coffee Shop,7.8,0.9518793565961324,Coffee Shop
8963,Ar Rabie Dist.,Dammam,26.4410902,50.1106308,المذاق المغربي,26.459282,50.095385,Coffee Shop,8.2,0.9877885840350497,Coffee Shop
8964,Ar Rabie Dist.,Dammam,26.4410902,50.1106308,Starbucks (ستاربكس),26.430711,50.13335,Coffee Shop,8.2,0.9940651896964235,Coffee Shop
8965,Ar Rabie Dist.,Dammam,26.4410902,50.1106308,ستاربكس,26.428519,50.107585,Coffee Shop,7.7,0.9473220851588312,Coffee Shop
8966,Ar Rabie Dist.,Dammam,26.4410902,50.1106308,بوفية عزيز,26.423848,50.094082,Café,8.1,0.9648468653222716,Coffee Shop
8967,Ar Rabie Dist.,Dammam,26.4410902,50.1106308,Zaffron Lounge (ديوانية زعفران),26.421009,50.100572,Café,8.0,0.9594609990781884,Coffee Shop
8968,Ar Rabie Dist.,Dammam,26.4410902,50.1106308,3.C Café,26.458341,50.092317,Café,8.0,0.9940134025209996,Coffee Shop
8969,Ar Rabie Dist.,Dammam,26.4410902,50.1106308,كوخ الكرك,26.46131,50.092482,Café,8.1,0.9412319133289831,Coffee Shop
8970,Ar Rabie Dist.,Dammam,26.4410902,50.1106308,Cafficha (كافيشا),26.461947,50.092263,Coffee Shop,8.1,0.9906161638131932,Coffee Shop
8971,Ar Rabie Dist.,Dammam,26.4410902,50.1106308,Starbucks (ستاربكس),26.431259,50.08409,Coffee Shop,7.9,0.9854270888357208,Coffee Shop
8972,Ar Rabie Dist.,Dammam,26.4410902,50.1106308,Avenue cafe,26.421009,50.101281,Café,7.7,0.9604035256709028,Coffee Shop
8973,Ar Rabie Dist.,Dammam,26.4410902,50.1106308,bREw’s (بروز),26.421533,50.090762,Coffee Shop,7.8,0.9774518638204436,Coffee Shop
8974,Ar Rabie Dist.,Dammam,26.4410902,50.1106308,ستاربكس,26.457594,50.132462,Coffee Shop,7.7,0.9260789857999564,Coffee Shop
8975,Ar Rabie Dist.,Dammam,26.4410902,50.1106308,ستاربكس,26.440571,50.127659,Coffee Shop,7.4,0.9717656319589016,Coffee Shop
8976,Ar Rabie Dist.,Dammam,26.4410902,50.1106308,Pianolla Cafe,26.463552,50.11385,General Contractor,8.1,0.9560741178054668,Coffee Shop
8977,Ar Rabie Dist.,Dammam,26.4410902,50.1106308,ستاربكس,26.438295,50.08364,Coffee Shop,7.6,0.97508001118603,Coffee Shop
8978,Ar Rabie Dist.,Dammam,26.4410902,50.1106308,ركن الشاهي,26.420883,50.097528,Tea Room,7.5,0.9583423960890324,Coffee Shop
8979,Ar Rabie Dist.,Dammam,26.4410902,50.1106308,Dar Najd Ladies Center,26.441875,50.122287,Health and Beauty Service,6.4,0.9037897854975194,Coffee Shop
8980,Ar Rabie Dist.,Dammam,26.4410902,50.1106308,Spar Cafe,26.460941,50.121048,Café,6.5,0.9186319899740027,Coffee Shop
8981,Ar Rabie Dist.,Dammam,26.4410902,50.1106308,وناسه كافيه,26.420415,50.107059,Café,6.4,0.9467524262291686,Coffee Shop
8982,Ar Rabie Dist.,Dammam,26.4410902,50.1106308,ستاربكس,26.442515,50.111823,Coffee Shop,,0.965571885778206,Coffee Shop
8983,Ar Rabie Dist.,Dammam,26.4410902,50.1106308,زين,26.456455,50.129331,Coffee Shop,6.3,0.9752043004070472,Coffee Shop
8984,Ar Rabie Dist.,Dammam,26.4410902,50.1106308,Reds Caffe,26.438697,50.105965,Café,,0.8999575345161525,Coffee Shop
8985,Al Hamra Dist.,Dammam,26.471399,50.0923526,CORE COFFEE & ROASTERY (Core Coffee & Roastery),26.458855,50.093134,Coffee Shop,9.0,0.9788397601218034,Coffee Shop
8986,Al Hamra Dist.,Dammam,26.471399,50.0923526,UMQ Coffee (قهوة عُمق),26.45869,50.08524,Coffee Shop,9.5,0.999906783084237,Coffee Shop
8987,Al Hamra Dist.,Dammam,26.471399,50.0923526,7Up COffee,26.472272,50.086213,Café,8.2,0.97831153093248,Coffee Shop
8988,Al Hamra Dist.,Dammam,26.471399,50.0923526,dr.CAFE COFFEE | V12 Station | د.كيف كافيه (dr.CAFE COFFEE | د. كيف),26.45616,50.09686,Coffee Shop,9.0,0.9887621829330184,Coffee Shop
8989,Al Hamra Dist.,Dammam,26.471399,50.0923526,Caribou Coffee (كاريبو كوفي),26.458773,50.093211,Coffee Shop,8.5,0.9385286227718568,Coffee Shop
8990,Al Hamra Dist.,Dammam,26.471399,50.0923526,Cafficha (كافيشا),26.461947,50.092263,Coffee Shop,8.1,0.9906161638131932,Coffee Shop
8991,Al Hamra Dist.,Dammam,26.471399,50.0923526,كوخ الكرك,26.46131,50.092482,Café,8.1,0.9412319133289831,Coffee Shop
8992,Al Hamra Dist.,Dammam,26.471399,50.0923526,Location Coffee (لوكيشن كافيه),26.456777,50.101138,Coffee Shop,8.6,0.947518876425442,Coffee Shop
8993,Al Hamra Dist.,Dammam,26.471399,50.0923526,Eleven Three Specilty Coffee,26.453003,50.080758,Coffee Shop,9.2,0.9832727423380874,Coffee Shop
8994,Al Hamra Dist.,Dammam,26.471399,50.0923526,المذاق المغربي,26.459282,50.095385,Coffee Shop,8.2,0.9877885840350497,Coffee Shop
8995,Al Hamra Dist.,Dammam,26.471399,50.0923526,ستاربكس,26.464957,50.091795,Coffee Shop,7.8,0.9753700193684036,Coffee Shop
8996,Al Hamra Dist.,Dammam,26.471399,50.0923526,Morth Coffee (مورث),26.459396,50.088284,Coffee Shop,8.0,0.96330360749464,Coffee Shop
8997,Al Hamra Dist.,Dammam,26.471399,50.0923526,Starbucks (ستاربكس),26.462292,50.068479,Coffee Shop,8.9,0.9970067012604998,Coffee Shop
8998,Al Hamra Dist.,Dammam,26.471399,50.0923526,Starbucks (ستاربكس),26.45491,50.11388,Coffee Shop,9.2,0.99885032470559,Coffee Shop
8999,Al Hamra Dist.,Dammam,26.471399,50.0923526,AQEEQ (عقيق),26.456635,50.081092,Tea Room,8.4,0.9854788760111446,Coffee Shop
9000,Al Hamra Dist.,Dammam,26.471399,50.0923526,3.C Café,26.458341,50.092317,Café,8.0,0.9940134025209996,Coffee Shop
9001,Al Hamra Dist.,Dammam,26.471399,50.0923526,Marsa Café,26.460289,50.112737,Café,8.5,0.9743032035546716,Coffee Shop
9002,Al Hamra Dist.,Dammam,26.471399,50.0923526,TREEPICA Café,26.458456,50.080743,Coffee Shop,8.1,0.9546447917637676,Coffee Shop
9003,Al Hamra Dist.,Dammam,26.471399,50.0923526,Night Cafe,26.468101,50.121206,Café,8.7,0.9341992149064204,Coffee Shop
9004,Al Hamra Dist.,Dammam,26.471399,50.0923526,PappaRoti Cafe (باباروتي كافيه),26.462396,50.06472,Café,8.3,0.964691503796,Coffee Shop
9005,Al Hamra Dist.,Dammam,26.471399,50.0923526,كاريبو,26.454459,50.105536,"Cafe, Coffee, and Tea House",8.0,0.9481817522708677,Coffee Shop
9006,Al Hamra Dist.,Dammam,26.471399,50.0923526,Tim Hortons,26.456027,50.105241,Coffee Shop,7.8,0.9518793565961324,Coffee Shop
9007,Al Hamra Dist.,Dammam,26.471399,50.0923526,Road Cafe (قهوة الطريق),26.463913,50.113734,General Contractor,7.9,0.8866896601725549,Coffee Shop
9008,Al Hamra Dist.,Dammam,26.471399,50.0923526,Pianolla Cafe,26.463552,50.11385,General Contractor,8.1,0.9560741178054668,Coffee Shop
9009,Al Hamra Dist.,Dammam,26.471399,50.0923526,Keen Cafe,26.461207,50.077944,Coffee Shop,7.4,0.9811080384053692,Coffee Shop
9010,Al Hamra Dist.,Dammam,26.471399,50.0923526,Al Fishawi Cafe (مقهى الفيشاوي),26.476194,50.11821,Café,7.5,0.9877367968596256,Coffee Shop
9011,Al Hamra Dist.,Dammam,26.471399,50.0923526,مقهى فرجان الأول,26.462273,50.064516,Coffee Shop,7.5,0.92430786440046,Coffee Shop
9012,Al Hamra Dist.,Dammam,26.471399,50.0923526,Café Liwan (قهوة الليوان),26.462581,50.064908,Café,7.3,0.9598338667412402,Coffee Shop
9013,Al Hamra Dist.,Dammam,26.471399,50.0923526,Atayib Almagrib café,26.472103,50.086199,Café,6.5,0.85022113123906,Coffee Shop
9014,Al Hamra Dist.,Dammam,26.471399,50.0923526,Derby Coffee (دربي كافية),26.464688,50.084722,Coffee Shop,6.4,0.6109643807807434,Coffee Shop
9015,Al Hamra Dist.,Dammam,26.471399,50.0923526,Paradise Café (بارادايز كافيه),26.472918,50.086161,Café,6.2,0.9577934520295394,Coffee Shop
9016,Al Hamra Dist.,Dammam,26.471399,50.0923526,Rawaq Hajer (رواق هجر),26.45821,50.080808,Café,6.0,0.8785901459362604,Coffee Shop
9017,Al Hamra Dist.,Dammam,26.471399,50.0923526,Crystal Caffe,26.459402,50.091091,Café,,0.4404395695449978,Coffee Shop
9018,Al Hamra Dist.,Dammam,26.471399,50.0923526,حكايات,26.459292,50.09079,Café,,0.2037514629877057,Coffee Shop
9019,Al Hamra Dist.,Dammam,26.471399,50.0923526,Ben’s Cookies,26.458233,50.092459,Coffee Shop,,0.96445328278905,Coffee Shop
9020,Al Hamra Dist.,Dammam,26.471399,50.0923526,Les Galets Family Coffee Shop,26.456756,50.089895,Coffee Shop,,0.1828812312918828,Coffee Shop
9021,Al Hamra Dist.,Dammam,26.471399,50.0923526,كوفي اكسبيرينس,26.457634,50.099415,Café,,0.2296036209593056,Coffee Shop
9022,Al Hamra Dist.,Dammam,26.471399,50.0923526,Durbai Coffee (دربي كافيه),26.480687,50.064328,Coffee Shop,5.9,0.8946441703176625,Coffee Shop
9023,Al Hamra Dist.,Dammam,26.471399,50.0923526,Snow Cafe,26.455256,50.096849,Café,,0.9167987239639976,Coffee Shop
9024,Al Hamra Dist.,Dammam,26.471399,50.0923526,Griffiths | Café,26.454715,50.096413,Coffee Shop,,0.9302633895742058,Coffee Shop
9025,Al Hamra Dist.,Dammam,26.471399,50.0923526,Verocci cafe,26.455495,50.10499,Café,,0.940134025209997,Coffee Shop
9026,Al Hamra Dist.,Dammam,26.471399,50.0923526,Joffrey's,26.455564,50.105398,Coffee Shop,,0.9529047426695252,Coffee Shop
9027,Al Hamra Dist.,Dammam,26.471399,50.0923526,La Mode Coffe,26.467689,50.113884,Café,,0.1224455975722172,Coffee Shop
9028,Al Hamra Dist.,Dammam,26.471399,50.0923526,The Coffee Street,26.456598,50.107635,Coffee Shop,,0.9255300417404634,Coffee Shop
9029,Al Hamra Dist.,Dammam,26.471399,50.0923526,Cariban Coffee,26.455398,50.106413,Coffee Shop,,0.970046297734829,Coffee Shop
9030,Al Hamra Dist.,Dammam,26.471399,50.0923526,Segafredo,26.454967,50.105817,Café,,0.0358885125687474,Coffee Shop
9031,Al Hamra Dist.,Dammam,26.471399,50.0923526,Back Team Coffee,26.454762,50.105609,Coffee Shop,,0.9653647370765104,Coffee Shop
9032,Al Hamra Dist.,Dammam,26.471399,50.0923526,Durbaie,26.461983,50.113909,Coffee Shop,,0.2426850614713772,Coffee Shop
9033,Al Hamra Dist.,Dammam,26.471399,50.0923526,Pianolla Cafe,26.449388,50.088466,Coffee Shop,,0.7420170069084092,Coffee Shop
9034,Al Hamra Dist.,Dammam,26.471399,50.0923526,المذاق المغربي,26.44928,50.088435,Coffee Shop,,0.8750479031372671,Coffee Shop
9035,Al Buhayrah Dist.,Dammam,26.4703883,50.0627857,Tim Hortons (تيم هورتنز),26.468223,50.060633,Coffee Shop,8.7,0.922132803032657,Coffee Shop
9036,Al Buhayrah Dist.,Dammam,26.4703883,50.0627857,ACE (ايس),26.467515,50.059517,Coffee Shop,8.7,0.9618949963231106,Coffee Shop
9037,Al Buhayrah Dist.,Dammam,26.4703883,50.0627857,Starbucks (ستاربكس),26.461041,50.062709,Coffee Shop,8.9,0.9770893535924764,Coffee Shop
9038,Al Buhayrah Dist.,Dammam,26.4703883,50.0627857,Starbucks (ستاربكس),26.462292,50.068479,Coffee Shop,8.9,0.9970067012604998,Coffee Shop
9039,Al Buhayrah Dist.,Dammam,26.4703883,50.0627857,Kav Specialized Coffee,26.46298,50.063263,Coffee Shop,8.5,0.9751732281017929,Coffee Shop
9040,Al Buhayrah Dist.,Dammam,26.4703883,50.0627857,PappaRoti Cafe (باباروتي كافيه),26.462396,50.06472,Café,8.3,0.964691503796,Coffee Shop
9041,Al Buhayrah Dist.,Dammam,26.4703883,50.0627857,Émilien Cafe,26.456673,50.062232,Café,8.9,0.976043252648914,Coffee Shop
9042,Al Buhayrah Dist.,Dammam,26.4703883,50.0627857,Sova,26.467984,50.046665,Coffee Shop,9.0,0.9998279402750944,Coffee Shop
9043,Al Buhayrah Dist.,Dammam,26.4703883,50.0627857,Soren Coffee,26.471294,50.04801,Café,8.6,0.9894457736486136,Coffee Shop
9044,Al Buhayrah Dist.,Dammam,26.4703883,50.0627857,Divided Coffee Lounge,26.482554,50.05163,Coffee Shop,8.6,0.9531222488063056,Coffee Shop
9045,Al Buhayrah Dist.,Dammam,26.4703883,50.0627857,Innovation Coffee,26.482686,50.044426,Coffee Shop,9.2,0.995888098271344,Coffee Shop
9046,Al Buhayrah Dist.,Dammam,26.4703883,50.0627857,1 Oak - One Of A Kind (ون اوف كايند),26.480316,50.043749,Coffee Shop,9.0,0.9837595417870718,Coffee Shop
9047,Al Buhayrah Dist.,Dammam,26.4703883,50.0627857,Boho Specialty Coffee (بوهو قهوة مختصة),26.467374,50.04036,Coffee Shop,9.1,0.99865680930624,Coffee Shop
9048,Al Buhayrah Dist.,Dammam,26.4703883,50.0627857,Shajarah (شجرة),26.487185,50.051289,Tea Room,8.9,0.9766193944039862,Coffee Shop
9049,Al Buhayrah Dist.,Dammam,26.4703883,50.0627857,UMQ Coffee (قهوة عُمق),26.45869,50.08524,Coffee Shop,9.5,0.999906783084237,Coffee Shop
9050,Al Buhayrah Dist.,Dammam,26.4703883,50.0627857,Valen Specialty Coffee & Bakery,26.466374,50.03705,Coffee Shop,9.2,0.9985374796138746,Coffee Shop
9051,Al Buhayrah Dist.,Dammam,26.4703883,50.0627857,Eleven Three Specilty Coffee,26.453003,50.080758,Coffee Shop,9.2,0.9832727423380874,Coffee Shop
9052,Al Buhayrah Dist.,Dammam,26.4703883,50.0627857,Dèjavu Coffee,26.484493,50.052658,Coffee Shop,8.4,0.9890729059855616,Coffee Shop
9053,Al Buhayrah Dist.,Dammam,26.4703883,50.0627857,Lagomera Coffee,26.479411,50.046063,Coffee Shop,8.3,0.908233125148888,Coffee Shop
9054,Al Buhayrah Dist.,Dammam,26.4703883,50.0627857,Beta Bakery & Coffee,26.476692,50.042964,Coffee Shop,8.3,0.996295384378906,Coffee Shop
9055,Al Buhayrah Dist.,Dammam,26.4703883,50.0627857,Delle Rose (café & Restaurant),26.472966,50.04842,Café,8.0,0.9616257030109064,Coffee Shop
9056,Al Buhayrah Dist.,Dammam,26.4703883,50.0627857,8Oz COFFEE,26.453242,50.062816,Coffee Shop,8.2,0.974655356347554,Coffee Shop
9057,Al Buhayrah Dist.,Dammam,26.4703883,50.0627857,Crepe Roll (كريب رول),26.468519,50.047048,Café,8.0,0.9915915957184334,Coffee Shop
9058,Al Buhayrah Dist.,Dammam,26.4703883,50.0627857,AQEEQ (عقيق),26.456635,50.081092,Tea Room,8.4,0.9854788760111446,Coffee Shop
9059,Al Buhayrah Dist.,Dammam,26.4703883,50.0627857,Starbucks (ستاربكس),26.47625,50.055786,Coffee Shop,7.6,0.9568509254368248,Coffee Shop
9060,Al Buhayrah Dist.,Dammam,26.4703883,50.0627857,Jibal Speciality Coffee,26.4689,50.045131,Coffee Shop,7.9,0.9469877650800704,Coffee Shop
9061,Al Buhayrah Dist.,Dammam,26.4703883,50.0627857,ستاربكس,26.490974,50.046496,Coffee Shop,8.4,0.9770026830203145,Coffee Shop
9062,Al Buhayrah Dist.,Dammam,26.4703883,50.0627857,7Up COffee,26.472272,50.086213,Café,8.2,0.97831153093248,Coffee Shop
9063,Al Buhayrah Dist.,Dammam,26.4703883,50.0627857,TREEPICA Café,26.458456,50.080743,Coffee Shop,8.1,0.9546447917637676,Coffee Shop
9064,Al Buhayrah Dist.,Dammam,26.4703883,50.0627857,مقهى فرجان الأول,26.462273,50.064516,Coffee Shop,7.5,0.92430786440046,Coffee Shop
9065,Al Buhayrah Dist.,Dammam,26.4703883,50.0627857,شاي شنب,26.477438,50.042556,Tea Room,8.0,0.9971971391921438,Coffee Shop
9066,Al Buhayrah Dist.,Dammam,26.4703883,50.0627857,Verocci Cafe Saihat5 ༄ ڤيروتشي كافيه,26.491997,50.046644,Café,8.3,0.984285166730548,Coffee Shop
9067,Al Buhayrah Dist.,Dammam,26.4703883,50.0627857,Verocci Cafe,26.454256,50.061719,Café,7.7,0.9654061668168494,Coffee Shop
9068,Al Buhayrah Dist.,Dammam,26.4703883,50.0627857,Mado,26.462122,50.06728,Coffee Shop,7.4,0.7171902350102021,Coffee Shop
9069,Al Buhayrah Dist.,Dammam,26.4703883,50.0627857,18/11 (١٨/١١),26.467816,50.059567,Coffee Shop,7.1,0.4548467617479207,Coffee Shop
9070,Al Buhayrah Dist.,Dammam,26.4703883,50.0627857,Morth Coffee (مورث),26.459396,50.088284,Coffee Shop,8.0,0.96330360749464,Coffee Shop
9071,Al Buhayrah Dist.,Dammam,26.4703883,50.0627857,Café Liwan (قهوة الليوان),26.462581,50.064908,Café,7.3,0.9598338667412402,Coffee Shop
9072,Al Buhayrah Dist.,Dammam,26.4703883,50.0627857,ستاربكس,26.464957,50.091795,Coffee Shop,7.8,0.9753700193684036,Coffee Shop
9073,Al Buhayrah Dist.,Dammam,26.4703883,50.0627857,Lady Latte Cafe (مقهى ليدي لاتيه),26.482539,50.051931,Coffee Shop,7.4,0.8771608198945613,Coffee Shop
9074,Al Buhayrah Dist.,Dammam,26.4703883,50.0627857,Keen Cafe,26.461207,50.077944,Coffee Shop,7.4,0.9811080384053692,Coffee Shop
9075,Al Buhayrah Dist.,Dammam,26.4703883,50.0627857,Fontaine Bleue Coffe,26.477072,50.046208,Coffee Shop,6.9,0.9384457632911786,Coffee Shop
9076,Al Buhayrah Dist.,Dammam,26.4703883,50.0627857,iMint Cafe,26.488428,50.047114,Café,7.1,0.0360291299348409,Coffee Shop
9077,Al Buhayrah Dist.,Dammam,26.4703883,50.0627857,Atayib Almagrib café,26.472103,50.086199,Café,6.5,0.85022113123906,Coffee Shop
9078,Al Buhayrah Dist.,Dammam,26.4703883,50.0627857,Derby Coffee (دربي كافية),26.464688,50.084722,Coffee Shop,6.4,0.6109643807807434,Coffee Shop
9079,Al Buhayrah Dist.,Dammam,26.4703883,50.0627857,أروما كافيه,26.445943,50.071318,Coffee Shop,6.5,0.921024557478586,Coffee Shop
9080,Al Buhayrah Dist.,Dammam,26.4703883,50.0627857,Durbai Coffee (دربي كافيه),26.480687,50.064328,Coffee Shop,5.9,0.8946441703176625,Coffee Shop
9081,Al Buhayrah Dist.,Dammam,26.4703883,50.0627857,1/OAK Coffe,26.468746,50.060118,Café,,0.765932324519156,Coffee Shop
9082,Al Buhayrah Dist.,Dammam,26.4703883,50.0627857,باستري شوب,26.467761,50.059452,Café,,0.8602160560958684,Coffee Shop
9083,Al Buhayrah Dist.,Dammam,26.4703883,50.0627857,باستري شوب,26.467761,50.059452,Café,,0.8682430682865695,Coffee Shop
9084,Al Buhayrah Dist.,Dammam,26.4703883,50.0627857,Levels Cafe,26.467848,50.05947,Coffee Shop,,0.9664211954551576,Coffee Shop
9085,Al Jawharah Dist.,Dammam,26.4625855,50.078924,UMQ Coffee (قهوة عُمق),26.45869,50.08524,Coffee Shop,9.5,0.999906783084237,Coffee Shop
9086,Al Jawharah Dist.,Dammam,26.4625855,50.078924,Eleven Three Specilty Coffee,26.453003,50.080758,Coffee Shop,9.2,0.9832727423380874,Coffee Shop
9087,Al Jawharah Dist.,Dammam,26.4625855,50.078924,Starbucks (ستاربكس),26.462292,50.068479,Coffee Shop,8.9,0.9970067012604998,Coffee Shop
9088,Al Jawharah Dist.,Dammam,26.4625855,50.078924,AQEEQ (عقيق),26.456635,50.081092,Tea Room,8.4,0.9854788760111446,Coffee Shop
9089,Al Jawharah Dist.,Dammam,26.4625855,50.078924,TREEPICA Café,26.458456,50.080743,Coffee Shop,8.1,0.9546447917637676,Coffee Shop
9090,Al Jawharah Dist.,Dammam,26.4625855,50.078924,CORE COFFEE & ROASTERY (Core Coffee & Roastery),26.458855,50.093134,Coffee Shop,9.0,0.9788397601218034,Coffee Shop
9091,Al Jawharah Dist.,Dammam,26.4625855,50.078924,Starbucks (ستاربكس),26.461041,50.062709,Coffee Shop,8.9,0.9770893535924764,Coffee Shop
9092,Al Jawharah Dist.,Dammam,26.4625855,50.078924,Émilien Cafe,26.456673,50.062232,Café,8.9,0.976043252648914,Coffee Shop
9093,Al Jawharah Dist.,Dammam,26.4625855,50.078924,dr.CAFE COFFEE | V12 Station | د.كيف كافيه (dr.CAFE COFFEE | د. كيف),26.45616,50.09686,Coffee Shop,9.0,0.9887621829330184,Coffee Shop
9094,Al Jawharah Dist.,Dammam,26.4625855,50.078924,Caribou Coffee (كاريبو كوفي),26.458773,50.093211,Coffee Shop,8.5,0.9385286227718568,Coffee Shop
9095,Al Jawharah Dist.,Dammam,26.4625855,50.078924,Kav Specialized Coffee,26.46298,50.063263,Coffee Shop,8.5,0.9751732281017929,Coffee Shop
9096,Al Jawharah Dist.,Dammam,26.4625855,50.078924,PappaRoti Cafe (باباروتي كافيه),26.462396,50.06472,Café,8.3,0.964691503796,Coffee Shop
9097,Al Jawharah Dist.,Dammam,26.4625855,50.078924,Morth Coffee (مورث),26.459396,50.088284,Coffee Shop,8.0,0.96330360749464,Coffee Shop
9098,Al Jawharah Dist.,Dammam,26.4625855,50.078924,Tim Hortons (تيم هورتنز),26.468223,50.060633,Coffee Shop,8.7,0.922132803032657,Coffee Shop
9099,Al Jawharah Dist.,Dammam,26.4625855,50.078924,ACE (ايس),26.467515,50.059517,Coffee Shop,8.7,0.9618949963231106,Coffee Shop
9100,Al Jawharah Dist.,Dammam,26.4625855,50.078924,7Up COffee,26.472272,50.086213,Café,8.2,0.97831153093248,Coffee Shop
9101,Al Jawharah Dist.,Dammam,26.4625855,50.078924,Cafficha (كافيشا),26.461947,50.092263,Coffee Shop,8.1,0.9906161638131932,Coffee Shop
9102,Al Jawharah Dist.,Dammam,26.4625855,50.078924,كوخ الكرك,26.46131,50.092482,Café,8.1,0.9412319133289831,Coffee Shop
9103,Al Jawharah Dist.,Dammam,26.4625855,50.078924,Location Coffee (لوكيشن كافيه),26.456777,50.101138,Coffee Shop,8.6,0.947518876425442,Coffee Shop
9104,Al Jawharah Dist.,Dammam,26.4625855,50.078924,المذاق المغربي,26.459282,50.095385,Coffee Shop,8.2,0.9877885840350497,Coffee Shop
9105,Al Jawharah Dist.,Dammam,26.4625855,50.078924,3.C Café,26.458341,50.092317,Café,8.0,0.9940134025209996,Coffee Shop
9106,Al Jawharah Dist.,Dammam,26.4625855,50.078924,Keen Cafe,26.461207,50.077944,Coffee Shop,7.4,0.9811080384053692,Coffee Shop
9107,Al Jawharah Dist.,Dammam,26.4625855,50.078924,8Oz COFFEE,26.453242,50.062816,Coffee Shop,8.2,0.974655356347554,Coffee Shop
9108,Al Jawharah Dist.,Dammam,26.4625855,50.078924,ستاربكس,26.464957,50.091795,Coffee Shop,7.8,0.9753700193684036,Coffee Shop
9109,Al Jawharah Dist.,Dammam,26.4625855,50.078924,Verocci Cafe,26.454256,50.061719,Café,7.7,0.9654061668168494,Coffee Shop
9110,Al Jawharah Dist.,Dammam,26.4625855,50.078924,Mado,26.462122,50.06728,Coffee Shop,7.4,0.7171902350102021,Coffee Shop
9111,Al Jawharah Dist.,Dammam,26.4625855,50.078924,مقهى فرجان الأول,26.462273,50.064516,Coffee Shop,7.5,0.92430786440046,Coffee Shop
9112,Al Jawharah Dist.,Dammam,26.4625855,50.078924,كاريبو,26.454459,50.105536,"Cafe, Coffee, and Tea House",8.0,0.9481817522708677,Coffee Shop
9113,Al Jawharah Dist.,Dammam,26.4625855,50.078924,Tim Hortons,26.456027,50.105241,Coffee Shop,7.8,0.9518793565961324,Coffee Shop
9114,Al Jawharah Dist.,Dammam,26.4625855,50.078924,Café Liwan (قهوة الليوان),26.462581,50.064908,Café,7.3,0.9598338667412402,Coffee Shop
9115,Al Jawharah Dist.,Dammam,26.4625855,50.078924,ستاربكس,26.438295,50.08364,Coffee Shop,7.6,0.97508001118603,Coffee Shop
9116,Al Jawharah Dist.,Dammam,26.4625855,50.078924,Starbucks (ستاربكس),26.47625,50.055786,Coffee Shop,7.6,0.9568509254368248,Coffee Shop
9117,Al Jawharah Dist.,Dammam,26.4625855,50.078924,مجلس كرك وچباتي,26.443943,50.070307,Café,7.3,0.9481403225305284,Coffee Shop
9118,Al Jawharah Dist.,Dammam,26.4625855,50.078924,Majlesi Karak & Chapati,26.443974,50.070418,Café,7.2,0.962889310091249,Coffee Shop
9119,Al Jawharah Dist.,Dammam,26.4625855,50.078924,18/11 (١٨/١١),26.467816,50.059567,Coffee Shop,7.1,0.4548467617479207,Coffee Shop
9120,Al Jawharah Dist.,Dammam,26.4625855,50.078924,Derby Coffee (دربي كافية),26.464688,50.084722,Coffee Shop,6.4,0.6109643807807434,Coffee Shop
9121,Al Jawharah Dist.,Dammam,26.4625855,50.078924,Derby Coffee (دربي كافيه),26.459929,50.098411,Coffee Shop,6.7,0.8672487545184311,Coffee Shop
9122,Al Jawharah Dist.,Dammam,26.4625855,50.078924,Atayib Almagrib café,26.472103,50.086199,Café,6.5,0.85022113123906,Coffee Shop
9123,Al Jawharah Dist.,Dammam,26.4625855,50.078924,Rawaq Hajer (رواق هجر),26.45821,50.080808,Café,6.0,0.8785901459362604,Coffee Shop
9124,Al Jawharah Dist.,Dammam,26.4625855,50.078924,أروما كافيه,26.445943,50.071318,Coffee Shop,6.5,0.921024557478586,Coffee Shop
9125,Al Jawharah Dist.,Dammam,26.4625855,50.078924,Paradise Café (بارادايز كافيه),26.472918,50.086161,Café,6.2,0.9577934520295394,Coffee Shop
9126,Al Jawharah Dist.,Dammam,26.4625855,50.078924,Western Corner,26.464688,50.084722,Coffee Shop,,0.6240251064226455,Coffee Shop
9127,Al Jawharah Dist.,Dammam,26.4625855,50.078924,مقهى فرجان الاول,26.457264,50.071643,Coffee Shop,,0.9524283006556256,Coffee Shop
9128,Al Jawharah Dist.,Dammam,26.4625855,50.078924,حكايات,26.459292,50.09079,Café,,0.2037514629877057,Coffee Shop
9129,Al Jawharah Dist.,Dammam,26.4625855,50.078924,Crystal Caffe,26.459402,50.091091,Café,,0.4404395695449978,Coffee Shop
9130,Al Jawharah Dist.,Dammam,26.4625855,50.078924,Les Galets Family Coffee Shop,26.456756,50.089895,Coffee Shop,,0.1828812312918828,Coffee Shop
9131,Al Jawharah Dist.,Dammam,26.4625855,50.078924,Durbai Coffee (دربي كافيه),26.480687,50.064328,Coffee Shop,5.9,0.8946441703176625,Coffee Shop
9132,Al Jawharah Dist.,Dammam,26.4625855,50.078924,Ben’s Cookies,26.458233,50.092459,Coffee Shop,,0.96445328278905,Coffee Shop
9133,Al Jawharah Dist.,Dammam,26.4625855,50.078924,مقهى و محمصة كور,26.458567,50.092904,Coffee Shop,,0.4769288133486623,Coffee Shop
9134,Al Jawharah Dist.,Dammam,26.4625855,50.078924,Dunkin (ADNOC),26.44999,50.08405,Donut Shop,,0.9939409004754064,Coffee Shop
9135,Al Hussam Dist.,Dammam,26.3710813,50.176765,ستاربكس,26.372478,50.178446,Coffee Shop,9.2,0.9980838745093163,Coffee Shop
9136,Al Hussam Dist.,Dammam,26.3710813,50.176765,SKY by Archi (سكاي باي ارتشي),26.370253,50.177169,Coffee Shop,8.9,0.9982392360355882,Coffee Shop
9137,Al Hussam Dist.,Dammam,26.3710813,50.176765,Sky Lounge (سكاي لاونج),26.367053,50.177803,Lounge,8.2,0.9562294793317384,Coffee Shop
9138,Al Hussam Dist.,Dammam,26.3710813,50.176765,8Oz Coffee,26.382682,50.178364,Coffee Shop,9.0,0.9917140519321797,Coffee Shop
9139,Al Hussam Dist.,Dammam,26.3710813,50.176765,Tim Hortons (تيم هورتنز),26.379411,50.181882,Coffee Shop,8.5,0.9378657469264312,Coffee Shop
9140,Al Hussam Dist.,Dammam,26.3710813,50.176765,7Degrees Truck,26.381041,50.183935,Café,8.7,0.8679323452340263,Coffee Shop
9141,Al Hussam Dist.,Dammam,26.3710813,50.176765,Black Swan Cafe (مقهى بلاك سوان),26.388352,50.178233,Coffee Shop,9.0,0.9675294410092284,Coffee Shop
9142,Al Hussam Dist.,Dammam,26.3710813,50.176765,4Squares Cafe (مقهى الأربعة مربعات),26.379854,50.178398,Café,8.1,0.9772654299889176,Coffee Shop
9143,Al Hussam Dist.,Dammam,26.3710813,50.176765,Joffrey's on MBO,26.373923,50.178657,Coffee Shop,7.7,0.9990678308423702,Coffee Shop
9144,Al Hussam Dist.,Dammam,26.3710813,50.176765,RATIO Speciality Coffee (ريشيو للقهوة المختصة),26.362719,50.198088,Coffee Shop,9.0,0.9952872165749596,Coffee Shop
9145,Al Hussam Dist.,Dammam,26.3710813,50.176765,Road Café (قهوة الطريق),26.361657,50.196232,General Contractor,8.8,0.9869897095872554,Coffee Shop
9146,Al Hussam Dist.,Dammam,26.3710813,50.176765,Grambon,26.3594,50.189979,Coffee Shop,8.4,0.971685697454345,Coffee Shop
9147,Al Hussam Dist.,Dammam,26.3710813,50.176765,8Oz Speciality Coffee,26.38262,50.17838,Coffee Shop,8.0,0.3245813006866979,Coffee Shop
9148,Al Hussam Dist.,Dammam,26.3710813,50.176765,Ruba’a (رُباع),26.366799,50.195457,Tea Room,8.1,0.9919315580689598,Coffee Shop
9149,Al Hussam Dist.,Dammam,26.3710813,50.176765,Ripoz Specialty Coffee (قهوة ومحمصة ريبوز),26.362829,50.198276,Coffee Shop,8.1,0.1891505709236303,Coffee Shop
9150,Al Hussam Dist.,Dammam,26.3710813,50.176765,Paul,26.37856,50.170423,Coffee Shop,7.5,0.8875803995898456,Coffee Shop
9151,Al Hussam Dist.,Dammam,26.3710813,50.176765,Olabs,26.36298,50.198744,Coffee Shop,7.7,0.8973340185252497,Coffee Shop
9152,Al Hussam Dist.,Dammam,26.3710813,50.176765,Starbucks (ستاربكس),26.3612,50.160909,Coffee Shop,7.6,0.9250950294669028,Coffee Shop
9153,Al Hussam Dist.,Dammam,26.3710813,50.176765,Seven Degrees Coffee,26.361687,50.195161,Coffee Shop,7.6,0.9618590426531968,Coffee Shop
9154,Al Hussam Dist.,Dammam,26.3710813,50.176765,The Piato,26.366828,50.185837,Café,7.2,0.5259194812996509,Coffee Shop
9155,Al Hussam Dist.,Dammam,26.3710813,50.176765,كواليس,26.380289,50.148443,Coffee Shop,7.9,0.9521590073434216,Coffee Shop
9156,Al Hussam Dist.,Dammam,26.3710813,50.176765,كوستا كوفي,26.371093,50.17491,Coffee Shop,6.8,0.8725828335870905,Coffee Shop
9157,Al Hussam Dist.,Dammam,26.3710813,50.176765,Coffee Company,26.388844,50.154169,Coffee Shop,7.8,0.9913826140094668,Coffee Shop
9158,Al Hussam Dist.,Dammam,26.3710813,50.176765,Art Coffee,26.366803,50.195176,Coffee Shop,7.4,0.9439869910615336,Coffee Shop
9159,Al Hussam Dist.,Dammam,26.3710813,50.176765,Mana (مانا),26.388691,50.178498,Coffee Shop,7.2,0.3554671721094988,Coffee Shop
9160,Al Hussam Dist.,Dammam,26.3710813,50.176765,Canary Resto-Cafe,26.348713,50.186756,Café,7.3,0.8635423586478322,Coffee Shop
9161,Al Hussam Dist.,Dammam,26.3710813,50.176765,Derby Coffee (دربي كافيه),26.355645,50.189483,Coffee Shop,7.1,0.9364150257573668,Coffee Shop
9162,Al Hussam Dist.,Dammam,26.3710813,50.176765,Lark,26.354638,50.200259,Coffee Shop,7.2,0.9692917037464122,Coffee Shop
9163,Al Hussam Dist.,Dammam,26.3710813,50.176765,Oasis Cafe | Pearl Residential Compound,26.346887,50.190011,Coffee Shop,6.8,0.8756752691676172,Coffee Shop
9164,Al Hussam Dist.,Dammam,26.3710813,50.176765,Blue K,26.367045,50.177151,Café,,0.207935866761955,Coffee Shop
9165,Al Hussam Dist.,Dammam,26.3710813,50.176765,Costa Coffee (كوستا كوفي),26.384796,50.167527,Coffee Shop,5.9,0.9260064837543632,Coffee Shop
9166,Al Hussam Dist.,Dammam,26.3710813,50.176765,Mission POP UP,26.376607,50.170921,Coffee Shop,,0.952966887280034,Coffee Shop
9167,Al Hussam Dist.,Dammam,26.3710813,50.176765,The Cafe,26.376607,50.170921,Coffee Shop,,0.8682223534164,Coffee Shop
9168,Al Hussam Dist.,Dammam,26.3710813,50.176765,Coffee Juniors,26.368856,50.185068,Coffee Shop,,0.3499570166443981,Coffee Shop
9169,Al Hussam Dist.,Dammam,26.3710813,50.176765,Road Cafe,26.362929,50.178046,Coffee Shop,,0.900019679126661,Coffee Shop
9170,Al Hussam Dist.,Dammam,26.3710813,50.176765,ستاربكس,26.376188,50.183976,Coffee Shop,,0.0176801416897119,Coffee Shop
9171,Al Hussam Dist.,Dammam,26.3710813,50.176765,كوستا كوفي,26.379323,50.182179,Coffee Shop,,0.7557406083957369,Coffee Shop
9172,Al Hussam Dist.,Dammam,26.3710813,50.176765,Brain Coffee,26.379903,50.182225,Coffee Shop,,0.656630312069519,Coffee Shop
9173,Al Hussam Dist.,Dammam,26.3710813,50.176765,مقهى جمريه,26.383819,50.178183,Café,,0.1334555510673336,Coffee Shop
9174,Al Hussam Dist.,Dammam,26.3710813,50.176765,ستاربكس,26.359594,50.170134,Coffee Shop,,0.9524904452661342,Coffee Shop
9175,Al Hussam Dist.,Dammam,26.3710813,50.176765,Kasbon (كاسبُن),26.357303,50.176997,Coffee Shop,,0.8920858838517229,Coffee Shop
9176,Al Hussam Dist.,Dammam,26.3710813,50.176765,Kasbon,26.384147,50.184023,Coffee Shop,,0.1734248930594827,Coffee Shop
9177,Al Hussam Dist.,Dammam,26.3710813,50.176765,joffrey's at DOB 3rd floor,26.384335,50.168003,Coffee Shop,,0.6082921625288713,Coffee Shop
9178,Al Hussam Dist.,Dammam,26.3710813,50.176765,شاهي ابو قحط,26.386477,50.178134,Café,,0.8779894147013434,Coffee Shop
9179,Al Hussam Dist.,Dammam,26.3710813,50.176765,OLABS (اولابز),26.384396,50.167753,Coffee Shop,,0.96538545194668,Coffee Shop
9180,Al Hussam Dist.,Dammam,26.3710813,50.176765,Cafe Jamoka,26.384658,50.167859,Coffee Shop,,0.9541994220551224,Coffee Shop
9181,Al Hussam Dist.,Dammam,26.3710813,50.176765,Derby Rakah,26.358763,50.188251,Coffee Shop,,0.8877204416981062,Coffee Shop
9182,Al Hussam Dist.,Dammam,26.3710813,50.176765,Seattle’S Best Coffee & Cinnabon,26.359749,50.189429,Café,,0.4989910131230964,Coffee Shop
9183,Al Hussam Dist.,Dammam,26.3710813,50.176765,شاي ام عبدالله,26.38072,50.162512,Tea Room,,0.9953495116469356,Coffee Shop
9184,Al Hussam Dist.,Dammam,26.3710813,50.176765,زحله,26.382165,50.163196,Coffee Shop,,0.3525878051559312,Coffee Shop
9185,Ar Rakah Ash Shamaliyah Dist.,Dammam,26.3687798,50.1942869,RATIO Speciality Coffee (ريشيو للقهوة المختصة),26.362719,50.198088,Coffee Shop,9.0,0.9952872165749596,Coffee Shop
9186,Ar Rakah Ash Shamaliyah Dist.,Dammam,26.3687798,50.1942869,Road Café (قهوة الطريق),26.361657,50.196232,General Contractor,8.8,0.9869897095872554,Coffee Shop
9187,Ar Rakah Ash Shamaliyah Dist.,Dammam,26.3687798,50.1942869,Ruba’a (رُباع),26.366799,50.195457,Tea Room,8.1,0.9919315580689598,Coffee Shop
9188,Ar Rakah Ash Shamaliyah Dist.,Dammam,26.3687798,50.1942869,Bling,26.362172,50.206266,Café,9.4,0.983806073975659,Coffee Shop
9189,Ar Rakah Ash Shamaliyah Dist.,Dammam,26.3687798,50.1942869,TITLE (تايتل),26.360902,50.206339,Coffee Shop,9.3,0.9944975746712958,Coffee Shop
9190,Ar Rakah Ash Shamaliyah Dist.,Dammam,26.3687798,50.1942869,The HUB (ذا هب),26.360464,50.206327,Coffee Shop,9.2,0.995324818570372,Coffee Shop
9191,Ar Rakah Ash Shamaliyah Dist.,Dammam,26.3687798,50.1942869,Starbucks (ستاربكس),26.360292,50.20691,Coffee Shop,9.3,0.9961896644648608,Coffee Shop
9192,Ar Rakah Ash Shamaliyah Dist.,Dammam,26.3687798,50.1942869,ستاربكس,26.372478,50.178446,Coffee Shop,9.2,0.9980838745093163,Coffee Shop
9193,Ar Rakah Ash Shamaliyah Dist.,Dammam,26.3687798,50.1942869,Blue Sky (بلو سكاي),26.362892,50.2063,Coffee Shop,8.7,0.9947733226376546,Coffee Shop
9194,Ar Rakah Ash Shamaliyah Dist.,Dammam,26.3687798,50.1942869,Hûge (هيوج),26.360886,50.206747,Coffee Shop,8.8,0.991852900993946,Coffee Shop
9195,Ar Rakah Ash Shamaliyah Dist.,Dammam,26.3687798,50.1942869,Ripoz Specialty Coffee (قهوة ومحمصة ريبوز),26.362829,50.198276,Coffee Shop,8.1,0.1891505709236303,Coffee Shop
9196,Ar Rakah Ash Shamaliyah Dist.,Dammam,26.3687798,50.1942869,Grambon,26.3594,50.189979,Coffee Shop,8.4,0.971685697454345,Coffee Shop
9197,Ar Rakah Ash Shamaliyah Dist.,Dammam,26.3687798,50.1942869,Repeat (ريبيت),26.361046,50.206477,Coffee Shop,8.7,0.9893461012997756,Coffee Shop
9198,Ar Rakah Ash Shamaliyah Dist.,Dammam,26.3687798,50.1942869,SKY by Archi (سكاي باي ارتشي),26.370253,50.177169,Coffee Shop,8.9,0.9982392360355882,Coffee Shop
9199,Ar Rakah Ash Shamaliyah Dist.,Dammam,26.3687798,50.1942869,7Degrees Truck,26.381041,50.183935,Café,8.7,0.8679323452340263,Coffee Shop
9200,Ar Rakah Ash Shamaliyah Dist.,Dammam,26.3687798,50.1942869,Caribou Coffee (كاريبو كوفي),26.354229,50.209282,"Cafe, Coffee, and Tea House",9.3,0.9730895052830804,Coffee Shop
9201,Ar Rakah Ash Shamaliyah Dist.,Dammam,26.3687798,50.1942869,8Oz Coffee,26.382682,50.178364,Coffee Shop,9.0,0.9917140519321797,Coffee Shop
9202,Ar Rakah Ash Shamaliyah Dist.,Dammam,26.3687798,50.1942869,Maqadeer (مقادير),26.36124,50.206361,Bakery,8.2,0.860596869007182,Coffee Shop
9203,Ar Rakah Ash Shamaliyah Dist.,Dammam,26.3687798,50.1942869,Detective Cafe,26.35211,50.211592,Coffee Shop,9.2,0.9666595640675332,Coffee Shop
9204,Ar Rakah Ash Shamaliyah Dist.,Dammam,26.3687798,50.1942869,Wogard Coffee Roasters (محمصة ومقهى ووقارد),26.346074,50.191229,Coffee Shop,9.1,0.9584121930737124,Coffee Shop
9205,Ar Rakah Ash Shamaliyah Dist.,Dammam,26.3687798,50.1942869,ستاربكس,26.345831,50.19578,Coffee Shop,9.1,0.9816502262386724,Coffee Shop
9206,Ar Rakah Ash Shamaliyah Dist.,Dammam,26.3687798,50.1942869,Lounge EXIT-7 (مقهى مخرج ٧),26.360069,50.206666,Café,8.2,0.9942092927064664,Coffee Shop
9207,Ar Rakah Ash Shamaliyah Dist.,Dammam,26.3687798,50.1942869,Sky Lounge (سكاي لاونج),26.367053,50.177803,Lounge,8.2,0.9562294793317384,Coffee Shop
9208,Ar Rakah Ash Shamaliyah Dist.,Dammam,26.3687798,50.1942869,Black Swan Cafe (مقهى بلاك سوان),26.388352,50.178233,Coffee Shop,9.0,0.9675294410092284,Coffee Shop
9209,Ar Rakah Ash Shamaliyah Dist.,Dammam,26.3687798,50.1942869,Olabs,26.36298,50.198744,Coffee Shop,7.7,0.8973340185252497,Coffee Shop
9210,Ar Rakah Ash Shamaliyah Dist.,Dammam,26.3687798,50.1942869,Café Quindío (كافيه كينديو),26.351217,50.211122,Café,8.9,0.967023050023188,Coffee Shop
9211,Ar Rakah Ash Shamaliyah Dist.,Dammam,26.3687798,50.1942869,Kashida (كشيدة),26.351955,50.211275,Café,8.8,0.9724001353671836,Coffee Shop
9212,Ar Rakah Ash Shamaliyah Dist.,Dammam,26.3687798,50.1942869,Lapro Cafe,26.350858,50.211908,Coffee Shop,8.9,0.9839439479588384,Coffee Shop
9213,Ar Rakah Ash Shamaliyah Dist.,Dammam,26.3687798,50.1942869,WEBREW (ويبرو),26.343517,50.203178,Coffee Shop,9.5,0.9996866500382288,Coffee Shop
9214,Ar Rakah Ash Shamaliyah Dist.,Dammam,26.3687798,50.1942869,Mocha Coffee Roasters (مقهى ومحمصة مخا),26.352279,50.211451,Coffee Shop,8.7,0.9692415677525288,Coffee Shop
9215,Ar Rakah Ash Shamaliyah Dist.,Dammam,26.3687798,50.1942869,SWAJ Coffee Roasters (محمصة و مقهى سُواج),26.343818,50.203197,Coffee Shop,9.1,0.9945853126605918,Coffee Shop
9216,Ar Rakah Ash Shamaliyah Dist.,Dammam,26.3687798,50.1942869,Carpet (كاربت),26.35154,50.211723,Coffee Shop,8.8,0.9736159332188562,Coffee Shop
9217,Ar Rakah Ash Shamaliyah Dist.,Dammam,26.3687798,50.1942869,Art Coffee,26.366803,50.195176,Coffee Shop,7.4,0.9439869910615336,Coffee Shop
9218,Ar Rakah Ash Shamaliyah Dist.,Dammam,26.3687798,50.1942869,AlZaman AlJameel Cafe (مقهى الزمن الجميل),26.343926,50.195572,Lounge,8.8,0.9858115137309952,Coffee Shop
9219,Ar Rakah Ash Shamaliyah Dist.,Dammam,26.3687798,50.1942869,Woods,26.351737,50.211276,Coffee Shop,8.6,0.9064587694120302,Coffee Shop
9220,Ar Rakah Ash Shamaliyah Dist.,Dammam,26.3687798,50.1942869,Onda,26.343997,50.185243,Coffee Shop,8.9,0.9897722572477846,Coffee Shop
9221,Ar Rakah Ash Shamaliyah Dist.,Dammam,26.3687798,50.1942869,Seven Degrees Coffee,26.361687,50.195161,Coffee Shop,7.6,0.9618590426531968,Coffee Shop
9222,Ar Rakah Ash Shamaliyah Dist.,Dammam,26.3687798,50.1942869,4Squares Cafe (مقهى الأربعة مربعات),26.379854,50.178398,Café,8.1,0.9772654299889176,Coffee Shop
9223,Ar Rakah Ash Shamaliyah Dist.,Dammam,26.3687798,50.1942869,8Oz Speciality Coffee,26.38262,50.17838,Coffee Shop,8.0,0.3245813006866979,Coffee Shop
9224,Ar Rakah Ash Shamaliyah Dist.,Dammam,26.3687798,50.1942869,Joffrey's on MBO,26.373923,50.178657,Coffee Shop,7.7,0.9990678308423702,Coffee Shop
9225,Ar Rakah Ash Shamaliyah Dist.,Dammam,26.3687798,50.1942869,Warqat Shay (ورقة شاي بخار),26.343561,50.203458,Tea Room,8.2,0.8940375769274156,Coffee Shop
9226,Ar Rakah Ash Shamaliyah Dist.,Dammam,26.3687798,50.1942869,The Geeks Club,26.343993,50.203584,Coffee Shop,8.0,0.9673238659864885,Coffee Shop
9227,Ar Rakah Ash Shamaliyah Dist.,Dammam,26.3687798,50.1942869,Paul,26.37856,50.170423,Coffee Shop,7.5,0.8875803995898456,Coffee Shop
9228,Ar Rakah Ash Shamaliyah Dist.,Dammam,26.3687798,50.1942869,Lark,26.354638,50.200259,Coffee Shop,7.2,0.9692917037464122,Coffee Shop
9229,Ar Rakah Ash Shamaliyah Dist.,Dammam,26.3687798,50.1942869,Canary Resto-Cafe,26.348713,50.186756,Café,7.3,0.8635423586478322,Coffee Shop
9230,Ar Rakah Ash Shamaliyah Dist.,Dammam,26.3687798,50.1942869,كوستا كوفي,26.371093,50.17491,Coffee Shop,6.8,0.8725828335870905,Coffee Shop
9231,Ar Rakah Ash Shamaliyah Dist.,Dammam,26.3687798,50.1942869,Oasis Cafe | Pearl Residential Compound,26.346887,50.190011,Coffee Shop,6.8,0.8756752691676172,Coffee Shop
9232,Ar Rakah Ash Shamaliyah Dist.,Dammam,26.3687798,50.1942869,Atia Cafe,26.367219,50.195217,Café,,0.9585081150503888,Coffee Shop
9233,Ar Rakah Ash Shamaliyah Dist.,Dammam,26.3687798,50.1942869,Coffee Juniors,26.368856,50.185068,Coffee Shop,,0.3499570166443981,Coffee Shop
9234,Ar Rakah Ash Shamaliyah Dist.,Dammam,26.3687798,50.1942869,بارنز,26.360357,50.192933,Café,,0.3403105924821077,Coffee Shop
9235,An Nawras Dist.,Dammam,26.4059952,50.184819,Keep (كيب),26.406332,50.186919,Coffee Shop,7.9,0.9569774595652648,Coffee Shop
9236,An Nawras Dist.,Dammam,26.4059952,50.184819,Boss Cafe,26.412653,50.173107,Café,9.0,0.9951009332049012,Coffee Shop
9237,An Nawras Dist.,Dammam,26.4059952,50.184819,Greenberry’s Coffee Co,26.405829,50.185635,Coffee Shop,7.8,0.9817995116109776,Coffee Shop
9238,An Nawras Dist.,Dammam,26.4059952,50.184819,Black Swan Cafe (مقهى بلاك سوان),26.388352,50.178233,Coffee Shop,9.0,0.9675294410092284,Coffee Shop
9239,An Nawras Dist.,Dammam,26.4059952,50.184819,8Oz Coffee,26.382682,50.178364,Coffee Shop,9.0,0.9917140519321797,Coffee Shop
9240,An Nawras Dist.,Dammam,26.4059952,50.184819,7Degrees Truck,26.381041,50.183935,Café,8.7,0.8679323452340263,Coffee Shop
9241,An Nawras Dist.,Dammam,26.4059952,50.184819,ستاربكس,26.411754,50.169067,Coffee Shop,7.9,0.8923655345990119,Coffee Shop
9242,An Nawras Dist.,Dammam,26.4059952,50.184819,Tim Hortons (تيم هورتنز),26.379411,50.181882,Coffee Shop,8.5,0.9378657469264312,Coffee Shop
9243,An Nawras Dist.,Dammam,26.4059952,50.184819,4Squares Cafe (مقهى الأربعة مربعات),26.379854,50.178398,Café,8.1,0.9772654299889176,Coffee Shop
9244,An Nawras Dist.,Dammam,26.4059952,50.184819,8Oz Speciality Coffee,26.38262,50.17838,Coffee Shop,8.0,0.3245813006866979,Coffee Shop
9245,An Nawras Dist.,Dammam,26.4059952,50.184819,Road Café,26.410302,50.155617,Coffee Shop,7.6,0.8808169944794871,Coffee Shop
9246,An Nawras Dist.,Dammam,26.4059952,50.184819,Joffrey's Cafe,26.390953,50.184816,Coffee Shop,7.1,0.7355130279699484,Coffee Shop
9247,An Nawras Dist.,Dammam,26.4059952,50.184819,Mana (مانا),26.388691,50.178498,Coffee Shop,7.2,0.3554671721094988,Coffee Shop
9248,An Nawras Dist.,Dammam,26.4059952,50.184819,قهوه الطريق,26.410087,50.156028,Coffee Shop,7.1,0.9400615231644036,Coffee Shop
9249,An Nawras Dist.,Dammam,26.4059952,50.184819,Boulevard Coffee (بوليڤارد كوفي),26.387051,50.187141,Café,6.5,0.9761467605067836,Coffee Shop
9250,An Nawras Dist.,Dammam,26.4059952,50.184819,Oslo,26.405622,50.185532,Coffee Shop,,0.6018204585655065,Coffee Shop
9251,An Nawras Dist.,Dammam,26.4059952,50.184819,Söt Kanel (سُوت كانيل),26.406255,50.186542,Café,,0.7688271601403708,Coffee Shop
9252,An Nawras Dist.,Dammam,26.4059952,50.184819,Hokm,26.406324,50.186832,Coffee Shop,,0.9989570549258872,Coffee Shop
9253,An Nawras Dist.,Dammam,26.4059952,50.184819,HOKM Cafe مقهى حُكم,26.406018,50.186901,Café,,0.1473257513552471,Coffee Shop
9254,An Nawras Dist.,Dammam,26.4059952,50.184819,Cafe 88 Dental College UOD,26.409084,50.177689,Café,,0.8750375457021823,Coffee Shop
9255,An Nawras Dist.,Dammam,26.4059952,50.184819,ESSSE Café,26.409114,50.177799,Café,,0.6599446912966473,Coffee Shop
9256,An Nawras Dist.,Dammam,26.4059952,50.184819,كوستا كوفي,26.390247,50.186065,Coffee Shop,5.8,0.9374838383849952,Coffee Shop
9257,An Nawras Dist.,Dammam,26.4059952,50.184819,Joffrey's (جوفريز),26.397602,50.175683,Coffee Shop,,0.5034645620358574,Coffee Shop
9258,An Nawras Dist.,Dammam,26.4059952,50.184819,اولدن,26.413507,50.17321,Coffee Shop,,0.8672073247780919,Coffee Shop
9259,An Nawras Dist.,Dammam,26.4059952,50.184819,Café Jamoka by pattis france,26.386837,50.188733,Coffee Shop,5.8,0.1177790425859907,Coffee Shop
9260,An Nawras Dist.,Dammam,26.4059952,50.184819,Al Shathlya (ديوانية الشاذلية),26.406525,50.200045,Café,,0.3377180187708227,Coffee Shop
9261,An Nawras Dist.,Dammam,26.4059952,50.184819,Cafe 88,26.393292,50.191055,Café,,0.9619565030674144,Coffee Shop
9262,An Nawras Dist.,Dammam,26.4059952,50.184819,Nai (ناي),26.393831,50.193572,Café,,0.9994710963965816,Coffee Shop
9263,An Nawras Dist.,Dammam,26.4059952,50.184819,Segafredo Zanetti,26.391429,50.184987,Café,,0.5347832310861865,Coffee Shop
9264,An Nawras Dist.,Dammam,26.4059952,50.184819,"7864 King Saud Rd, As Safa, Dammam 34222, Saudi Arabia",26.392225,50.178397,Café,,0.9685030399071972,Coffee Shop
9265,An Nawras Dist.,Dammam,26.4059952,50.184819,Costa Coffee (كوستا كوفي),26.384796,50.167527,Coffee Shop,5.9,0.9260064837543632,Coffee Shop
9266,An Nawras Dist.,Dammam,26.4059952,50.184819,Del Monte,26.41137,50.168991,Coffee Shop,,0.8598742607380708,Coffee Shop
9267,An Nawras Dist.,Dammam,26.4059952,50.184819,Cofféa,26.411983,50.169112,Coffee Shop,,0.3122145231954759,Coffee Shop
9268,An Nawras Dist.,Dammam,26.4059952,50.184819,Solin Caffe,26.390647,50.187733,Coffee Shop,,0.1116396075328109,Coffee Shop
9269,An Nawras Dist.,Dammam,26.4059952,50.184819,11:11 Make A Wish (١١:١١ ميك أ وش),26.391426,50.178134,Café,,0.5456814674414028,Coffee Shop
9270,An Nawras Dist.,Dammam,26.4059952,50.184819,كاسبُن Kasbon,26.390247,50.186065,Coffee Shop,,0.805859650314885,Coffee Shop
9271,An Nawras Dist.,Dammam,26.4059952,50.184819,Leaves Cafe,26.390047,50.185941,Café,,0.970261355948206,Coffee Shop
9272,An Nawras Dist.,Dammam,26.4059952,50.184819,Verocci Cafe,26.415074,50.170322,Café,,0.9936198199877784,Coffee Shop
9273,An Nawras Dist.,Dammam,26.4059952,50.184819,Swan Coffe,26.390842,50.177933,Coffee Shop,,0.8337010222788429,Coffee Shop
9274,An Nawras Dist.,Dammam,26.4059952,50.184819,Coffee 88,26.389493,50.184432,Coffee Shop,,0.0761058005707924,Coffee Shop
9275,An Nawras Dist.,Dammam,26.4059952,50.184819,Dunkin' Donuts,26.38926,50.178275,Donut Shop,,0.3122870252410693,Coffee Shop
9276,An Nawras Dist.,Dammam,26.4059952,50.184819,DUNKIN DOUNTS (دانكن دونتس),26.389019,50.17821,Donut Shop,,0.6534195071932387,Coffee Shop
9277,An Nawras Dist.,Dammam,26.4059952,50.184819,Joffrey's | College of Engineering,26.387388,50.185517,Coffee Shop,,0.9555480226937642,Coffee Shop
9278,An Nawras Dist.,Dammam,26.4059952,50.184819,Bonheur Caffee (مقهى بونور),26.387128,50.187062,Coffee Shop,,0.9350412316025438,Coffee Shop
9279,An Nawras Dist.,Dammam,26.4059952,50.184819,Fresh Berry,26.401876,50.16391,Café,,0.8911329998239236,Coffee Shop
9280,An Nawras Dist.,Dammam,26.4059952,50.184819,UD - Miss Chuao,26.386898,50.188717,Coffee Shop,,0.4116808983039481,Coffee Shop
9281,An Nawras Dist.,Dammam,26.4059952,50.184819,33 Speciality Coffee,26.386784,50.188795,Coffee Shop,,0.9831803666136948,Coffee Shop
9282,An Nawras Dist.,Dammam,26.4059952,50.184819,Arabia,26.386652,50.188782,Coffee Shop,,0.8614855337878754,Coffee Shop
9283,An Nawras Dist.,Dammam,26.4059952,50.184819,شاهي ابو قحط,26.386477,50.178134,Café,,0.8779894147013434,Coffee Shop
9284,An Nawras Dist.,Dammam,26.4059952,50.184819,Solin Coffee,26.385669,50.189749,Coffee Shop,,0.4899518113160634,Coffee Shop
9285,Al Faisaliyah Dist.,Dammam,26.393687,50.0714033,Shatea Teashop (الشاطئ شاي بخار),26.393422,50.072058,Tea Room,9.0,0.9961884638888026,Coffee Shop
9286,Al Faisaliyah Dist.,Dammam,26.393687,50.0714033,Gravity Cafe (قراڤيتي كافيه),26.393605,50.072297,Café,9.0,0.9810873235351998,Coffee Shop
9287,Al Faisaliyah Dist.,Dammam,26.393687,50.0714033,THiRD WAVE | Al-Faisaliyah (ثيردويڤ | الفيصلية),26.391714,50.072738,Coffee Roaster,9.1,0.9977110068462646,Coffee Shop
9288,Al Faisaliyah Dist.,Dammam,26.393687,50.0714033,Brunswick (برانزويك),26.390273,50.065937,Bakery,9.5,0.9977938663269428,Coffee Shop
9289,Al Faisaliyah Dist.,Dammam,26.393687,50.0714033,Wacafe (وكف),26.395581,50.077931,Coffee Shop,9.5,0.9999378553894912,Coffee Shop
9290,Al Faisaliyah Dist.,Dammam,26.393687,50.0714033,Starbucks (ستاربكس),26.395243,50.078138,Coffee Shop,9.1,0.9934541010264218,Coffee Shop
9291,Al Faisaliyah Dist.,Dammam,26.393687,50.0714033,Maskob (مسكوب),26.399238,50.07546,Tea Room,9.2,0.9983117380811816,Coffee Shop
9292,Al Faisaliyah Dist.,Dammam,26.393687,50.0714033,Piccolo (پكلو),26.400312,50.073604,Coffee Shop,9.3,0.998477457042538,Coffee Shop
9293,Al Faisaliyah Dist.,Dammam,26.393687,50.0714033,Kiva Han Coffee,26.399323,50.075423,Coffee Shop,9.2,0.9994510559405068,Coffee Shop
9294,Al Faisaliyah Dist.,Dammam,26.393687,50.0714033,Kiva Han Coffee (كيفاهان كافيه),26.399511,50.075287,Coffee Shop,9.1,0.9994717708106764,Coffee Shop
9295,Al Faisaliyah Dist.,Dammam,26.393687,50.0714033,Starbucks (ستاربكس),26.400747,50.073338,Coffee Shop,9.2,0.9902743684553956,Coffee Shop
9296,Al Faisaliyah Dist.,Dammam,26.393687,50.0714033,Lute,26.391378,50.073892,Coffee Shop,8.4,0.9750696537509452,Coffee Shop
9297,Al Faisaliyah Dist.,Dammam,26.393687,50.0714033,Starbucks (ستاربكس),26.387181,50.075059,Coffee Shop,9.1,0.9935162456369304,Coffee Shop
9298,Al Faisaliyah Dist.,Dammam,26.393687,50.0714033,Ghmr Coffee Roasters (محمصة ومقهى غمر),26.401439,50.075771,Coffee Shop,9.3,0.9739614081968742,Coffee Shop
9299,Al Faisaliyah Dist.,Dammam,26.393687,50.0714033,Dose (دوز),26.399474,50.066841,Coffee Shop,8.7,0.9884307450103056,Coffee Shop
9300,Al Faisaliyah Dist.,Dammam,26.393687,50.0714033,سقيفة شاي,26.392332,50.072689,Tea Room,7.9,0.9692487752333012,Coffee Shop
9301,Al Faisaliyah Dist.,Dammam,26.393687,50.0714033,Frieze Cafe (فريز كافيه),26.404999,50.070413,Coffee Shop,8.8,0.988047519912169,Coffee Shop
9302,Al Faisaliyah Dist.,Dammam,26.393687,50.0714033,Graph Cafe (جراف كافيه),26.407486,50.066796,Coffee Shop,9.2,0.9995339154211852,Coffee Shop
9303,Al Faisaliyah Dist.,Dammam,26.393687,50.0714033,Caffé Bene (كافيه بيني),26.387319,50.074964,Coffee Shop,8.2,0.98568602471284,Coffee Shop
9304,Al Faisaliyah Dist.,Dammam,26.393687,50.0714033,happiness Cups (أكواب السعادة),26.408046,50.071857,Coffee Shop,9.1,0.9955566603486312,Coffee Shop
9305,Al Faisaliyah Dist.,Dammam,26.393687,50.0714033,Eltegaa Coffee,26.405181,50.060962,Coffee Shop,9.1,0.997275994572704,Coffee Shop
9306,Al Faisaliyah Dist.,Dammam,26.393687,50.0714033,Dunkin’ Donuts,26.404963,50.05982,Donut Shop,9.1,0.9996892769474568,Coffee Shop
9307,Al Faisaliyah Dist.,Dammam,26.393687,50.0714033,شاي بن بخار,26.408031,50.07192,Café,8.9,0.9699945105594052,Coffee Shop
9308,Al Faisaliyah Dist.,Dammam,26.393687,50.0714033,Three Grams (٣ جرام),26.394154,50.078638,Coffee Shop,8.1,0.9527183088379994,Coffee Shop
9309,Al Faisaliyah Dist.,Dammam,26.393687,50.0714033,OTTO Cafe (اُتّو كافيه),26.405553,50.058367,Coffee Shop,9.0,0.9911236781323473,Coffee Shop
9310,Al Faisaliyah Dist.,Dammam,26.393687,50.0714033,UMQ Coffee (قهوة عُمق),26.397581,50.092256,Coffee Shop,9.6,0.9996374897720328,Coffee Shop
9311,Al Faisaliyah Dist.,Dammam,26.393687,50.0714033,Karak Albait (كرك البيت),26.392967,50.09158,Café,9.0,0.956975214657842,Coffee Shop
9312,Al Faisaliyah Dist.,Dammam,26.393687,50.0714033,Zelebrity Cafe,26.378192,50.058436,Coffee Shop,9.3,0.9972863520077888,Coffee Shop
9313,Al Faisaliyah Dist.,Dammam,26.393687,50.0714033,The Coffee Lab (مختبر القهوة),26.384123,50.054619,Coffee Shop,8.9,0.9980320873338926,Coffee Shop
9314,Al Faisaliyah Dist.,Dammam,26.393687,50.0714033,Dunkin' Donuts (دانكن دونتس),26.411861,50.072033,Coffee Shop,8.9,0.989342199297766,Coffee Shop
9315,Al Faisaliyah Dist.,Dammam,26.393687,50.0714033,Tim Hortons,26.379768,50.086661,Coffee Shop,9.0,0.9961573915835482,Coffee Shop
9316,Al Faisaliyah Dist.,Dammam,26.393687,50.0714033,Dozeto coffee (جرعة القهوة),26.386485,50.060802,Coffee Shop,8.2,0.9826616536680856,Coffee Shop
9317,Al Faisaliyah Dist.,Dammam,26.393687,50.0714033,Black (بلاك),26.403736,50.053885,Café,8.8,0.9875089332877606,Coffee Shop
9318,Al Faisaliyah Dist.,Dammam,26.393687,50.0714033,Starbucks (ستاربكس),26.412554,50.071022,Coffee Shop,8.7,0.9596785052149686,Coffee Shop
9319,Al Faisaliyah Dist.,Dammam,26.393687,50.0714033,Starbucks (ستاربكس),26.391323,50.047295,Coffee Shop,9.0,0.9954945157381226,Coffee Shop
9320,Al Faisaliyah Dist.,Dammam,26.393687,50.0714033,بكلو,26.408554,50.059054,Café,8.6,0.9811805404509628,Coffee Shop
9321,Al Faisaliyah Dist.,Dammam,26.393687,50.0714033,Karak Basha (كرك باشا),26.404832,50.059683,Tea Room,8.3,0.9830966659416462,Coffee Shop
9322,Al Faisaliyah Dist.,Dammam,26.393687,50.0714033,Dunkin' Donuts (دانكن دونتس),26.403195,50.077633,Coffee Shop,8.0,0.9707609607556784,Coffee Shop
9323,Al Faisaliyah Dist.,Dammam,26.393687,50.0714033,مقهى الفيشاوي,26.404134,50.054717,Café,8.5,0.9935369605071,Coffee Shop
9324,Al Faisaliyah Dist.,Dammam,26.393687,50.0714033,The Garden (ذا قاردن),26.38441,50.096408,Coffee Shop,9.2,0.9931951651493024,Coffee Shop
9325,Al Faisaliyah Dist.,Dammam,26.393687,50.0714033,Road Café (قهوة الطريق),26.3781,50.059052,General Contractor,8.5,0.98592424571979,Coffee Shop
9326,Al Faisaliyah Dist.,Dammam,26.393687,50.0714033,شاي ابو شنب,26.381342,50.057009,Tea Room,8.4,0.9774104340801044,Coffee Shop
9327,Al Faisaliyah Dist.,Dammam,26.393687,50.0714033,Arabia Cafe (ارابيا كافيه),26.396395,50.042434,Coffee Shop,9.3,0.982744513148764,Coffee Shop
9328,Al Faisaliyah Dist.,Dammam,26.393687,50.0714033,Road Cafe (قهوة الطريق),26.399002,50.04737,General Contractor,8.7,0.9837388269169024,Coffee Shop
9329,Al Faisaliyah Dist.,Dammam,26.393687,50.0714033,Suliman Tea (شاي سليمان),26.398181,50.047306,Tea Room,8.7,0.994831639892697,Coffee Shop
9330,Al Faisaliyah Dist.,Dammam,26.393687,50.0714033,Road Café,26.377219,50.089819,Coffee Shop,8.8,0.9914861883603144,Coffee Shop
9331,Al Faisaliyah Dist.,Dammam,26.393687,50.0714033,Tim Hortons (تيم هورتنز),26.414039,50.05423,Coffee Shop,9.0,0.99770064941118,Coffee Shop
9332,Al Faisaliyah Dist.,Dammam,26.393687,50.0714033,Starbucks (ستاربكس),26.411946,50.093566,Coffee Shop,9.1,0.9796062103180768,Coffee Shop
9333,Al Faisaliyah Dist.,Dammam,26.393687,50.0714033,Bitten (بيتن),26.400442,50.096558,Coffee Shop,8.7,0.9888036126733576,Coffee Shop
9334,Al Faisaliyah Dist.,Dammam,26.393687,50.0714033,Coach Cup (كوتش كب),26.395831,50.089747,Café,8.2,0.95684056800174,Coffee Shop
9335,Al Muhammadiyah Dist.,Dammam,26.4596167,50.0553981,Émilien Cafe,26.456673,50.062232,Café,8.9,0.976043252648914,Coffee Shop
9336,Al Muhammadiyah Dist.,Dammam,26.4596167,50.0553981,Starbucks (ستاربكس),26.461041,50.062709,Coffee Shop,8.9,0.9770893535924764,Coffee Shop
9337,Al Muhammadiyah Dist.,Dammam,26.4596167,50.0553981,ACE (ايس),26.467515,50.059517,Coffee Shop,8.7,0.9618949963231106,Coffee Shop
9338,Al Muhammadiyah Dist.,Dammam,26.4596167,50.0553981,Kav Specialized Coffee,26.46298,50.063263,Coffee Shop,8.5,0.9751732281017929,Coffee Shop
9339,Al Muhammadiyah Dist.,Dammam,26.4596167,50.0553981,Sova,26.467984,50.046665,Coffee Shop,9.0,0.9998279402750944,Coffee Shop
9340,Al Muhammadiyah Dist.,Dammam,26.4596167,50.0553981,Tim Hortons (تيم هورتنز),26.468223,50.060633,Coffee Shop,8.7,0.922132803032657,Coffee Shop
9341,Al Muhammadiyah Dist.,Dammam,26.4596167,50.0553981,Starbucks (ستاربكس),26.462292,50.068479,Coffee Shop,8.9,0.9970067012604998,Coffee Shop
9342,Al Muhammadiyah Dist.,Dammam,26.4596167,50.0553981,PappaRoti Cafe (باباروتي كافيه),26.462396,50.06472,Café,8.3,0.964691503796,Coffee Shop
9343,Al Muhammadiyah Dist.,Dammam,26.4596167,50.0553981,Boho Specialty Coffee (بوهو قهوة مختصة),26.467374,50.04036,Coffee Shop,9.1,0.99865680930624,Coffee Shop
9344,Al Muhammadiyah Dist.,Dammam,26.4596167,50.0553981,Soren Coffee,26.471294,50.04801,Café,8.6,0.9894457736486136,Coffee Shop
9345,Al Muhammadiyah Dist.,Dammam,26.4596167,50.0553981,8Oz COFFEE,26.453242,50.062816,Coffee Shop,8.2,0.974655356347554,Coffee Shop
9346,Al Muhammadiyah Dist.,Dammam,26.4596167,50.0553981,Valen Specialty Coffee & Bakery,26.466374,50.03705,Coffee Shop,9.2,0.9985374796138746,Coffee Shop
9347,Al Muhammadiyah Dist.,Dammam,26.4596167,50.0553981,Eleven Three Specilty Coffee,26.453003,50.080758,Coffee Shop,9.2,0.9832727423380874,Coffee Shop
9348,Al Muhammadiyah Dist.,Dammam,26.4596167,50.0553981,Crepe Roll (كريب رول),26.468519,50.047048,Café,8.0,0.9915915957184334,Coffee Shop
9349,Al Muhammadiyah Dist.,Dammam,26.4596167,50.0553981,1 Oak - One Of A Kind (ون اوف كايند),26.480316,50.043749,Coffee Shop,9.0,0.9837595417870718,Coffee Shop
9350,Al Muhammadiyah Dist.,Dammam,26.4596167,50.0553981,Innovation Coffee,26.482686,50.044426,Coffee Shop,9.2,0.995888098271344,Coffee Shop
9351,Al Muhammadiyah Dist.,Dammam,26.4596167,50.0553981,Verocci Cafe,26.454256,50.061719,Café,7.7,0.9654061668168494,Coffee Shop
9352,Al Muhammadiyah Dist.,Dammam,26.4596167,50.0553981,UMQ Coffee (قهوة عُمق),26.45869,50.08524,Coffee Shop,9.5,0.999906783084237,Coffee Shop
9353,Al Muhammadiyah Dist.,Dammam,26.4596167,50.0553981,Divided Coffee Lounge,26.482554,50.05163,Coffee Shop,8.6,0.9531222488063056,Coffee Shop
9354,Al Muhammadiyah Dist.,Dammam,26.4596167,50.0553981,Jibal Speciality Coffee,26.4689,50.045131,Coffee Shop,7.9,0.9469877650800704,Coffee Shop
9355,Al Muhammadiyah Dist.,Dammam,26.4596167,50.0553981,Beta Bakery & Coffee,26.476692,50.042964,Coffee Shop,8.3,0.996295384378906,Coffee Shop
9356,Al Muhammadiyah Dist.,Dammam,26.4596167,50.0553981,Delle Rose (café & Restaurant),26.472966,50.04842,Café,8.0,0.9616257030109064,Coffee Shop
9357,Al Muhammadiyah Dist.,Dammam,26.4596167,50.0553981,Lagomera Coffee,26.479411,50.046063,Coffee Shop,8.3,0.908233125148888,Coffee Shop
9358,Al Muhammadiyah Dist.,Dammam,26.4596167,50.0553981,AQEEQ (عقيق),26.456635,50.081092,Tea Room,8.4,0.9854788760111446,Coffee Shop
9359,Al Muhammadiyah Dist.,Dammam,26.4596167,50.0553981,Dèjavu Coffee,26.484493,50.052658,Coffee Shop,8.4,0.9890729059855616,Coffee Shop
9360,Al Muhammadiyah Dist.,Dammam,26.4596167,50.0553981,مقهى فرجان الأول,26.462273,50.064516,Coffee Shop,7.5,0.92430786440046,Coffee Shop
9361,Al Muhammadiyah Dist.,Dammam,26.4596167,50.0553981,TREEPICA Café,26.458456,50.080743,Coffee Shop,8.1,0.9546447917637676,Coffee Shop
9362,Al Muhammadiyah Dist.,Dammam,26.4596167,50.0553981,شاي شنب,26.477438,50.042556,Tea Room,8.0,0.9971971391921438,Coffee Shop
9363,Al Muhammadiyah Dist.,Dammam,26.4596167,50.0553981,Starbucks (ستاربكس),26.47625,50.055786,Coffee Shop,7.6,0.9568509254368248,Coffee Shop
9364,Al Muhammadiyah Dist.,Dammam,26.4596167,50.0553981,Café Liwan (قهوة الليوان),26.462581,50.064908,Café,7.3,0.9598338667412402,Coffee Shop
9365,Al Muhammadiyah Dist.,Dammam,26.4596167,50.0553981,18/11 (١٨/١١),26.467816,50.059567,Coffee Shop,7.1,0.4548467617479207,Coffee Shop
9366,Al Muhammadiyah Dist.,Dammam,26.4596167,50.0553981,Keen Cafe,26.461207,50.077944,Coffee Shop,7.4,0.9811080384053692,Coffee Shop
9367,Al Muhammadiyah Dist.,Dammam,26.4596167,50.0553981,Lady Latte Cafe (مقهى ليدي لاتيه),26.482539,50.051931,Coffee Shop,7.4,0.8771608198945613,Coffee Shop
9368,Al Muhammadiyah Dist.,Dammam,26.4596167,50.0553981,مجلس كرك وچباتي,26.443943,50.070307,Café,7.3,0.9481403225305284,Coffee Shop
9369,Al Muhammadiyah Dist.,Dammam,26.4596167,50.0553981,Majlesi Karak & Chapati,26.443974,50.070418,Café,7.2,0.962889310091249,Coffee Shop
9370,Al Muhammadiyah Dist.,Dammam,26.4596167,50.0553981,Fontaine Bleue Coffe,26.477072,50.046208,Coffee Shop,6.9,0.9384457632911786,Coffee Shop
9371,Al Muhammadiyah Dist.,Dammam,26.4596167,50.0553981,أروما كافيه,26.445943,50.071318,Coffee Shop,6.5,0.921024557478586,Coffee Shop
9372,Al Muhammadiyah Dist.,Dammam,26.4596167,50.0553981,Derby Coffee (دربي كافية),26.464688,50.084722,Coffee Shop,6.4,0.6109643807807434,Coffee Shop
9373,Al Muhammadiyah Dist.,Dammam,26.4596167,50.0553981,شاي عزوز,26.462051,50.061742,Café,,0.9791919129146858,Coffee Shop
9374,Al Muhammadiyah Dist.,Dammam,26.4596167,50.0553981,Coffee Valley (وادي القهوه),26.462855,50.061874,Café,,0.8904286942381588,Coffee Shop
9375,Al Muhammadiyah Dist.,Dammam,26.4596167,50.0553981,مركز أوراق الشاي الأخضر,26.455441,50.061821,Tea Room,,0.6687692259888761,Coffee Shop
9376,Al Muhammadiyah Dist.,Dammam,26.4596167,50.0553981,Country Way,26.464711,50.062922,Coffee Shop,,0.2818568809619985,Coffee Shop
9377,Al Muhammadiyah Dist.,Dammam,26.4596167,50.0553981,سكبة,26.467757,50.059089,Tea Room,,0.9682648189002476,Coffee Shop
9378,Al Muhammadiyah Dist.,Dammam,26.4596167,50.0553981,Levels Cafe,26.467848,50.05947,Coffee Shop,,0.9664211954551576,Coffee Shop
9379,Al Muhammadiyah Dist.,Dammam,26.4596167,50.0553981,باستري شوب,26.467761,50.059452,Café,,0.8602160560958684,Coffee Shop
9380,Al Muhammadiyah Dist.,Dammam,26.4596167,50.0553981,باستري شوب,26.467761,50.059452,Café,,0.8682430682865695,Coffee Shop
9381,Al Muhammadiyah Dist.,Dammam,26.4596167,50.0553981,1/OAK Coffe,26.468746,50.060118,Café,,0.765932324519156,Coffee Shop
9382,Al Muhammadiyah Dist.,Dammam,26.4596167,50.0553981,Durbai Coffee (دربي كافيه),26.480687,50.064328,Coffee Shop,5.9,0.8946441703176625,Coffee Shop
9383,Al Muhammadiyah Dist.,Dammam,26.4596167,50.0553981,Rawaq Hajer (رواق هجر),26.45821,50.080808,Café,6.0,0.8785901459362604,Coffee Shop
9384,Al Muhammadiyah Dist.,Dammam,26.4596167,50.0553981,Razgi Cafe (رازقي كافيه),26.470027,50.047716,Café,,0.9276533159328424,Coffee Shop
9385,Al Aziziyah Dist.,Dammam,26.4574263,50.0717643,Starbucks (ستاربكس),26.462292,50.068479,Coffee Shop,8.9,0.9970067012604998,Coffee Shop
9386,Al Aziziyah Dist.,Dammam,26.4574263,50.0717643,Eleven Three Specilty Coffee,26.453003,50.080758,Coffee Shop,9.2,0.9832727423380874,Coffee Shop
9387,Al Aziziyah Dist.,Dammam,26.4574263,50.0717643,Émilien Cafe,26.456673,50.062232,Café,8.9,0.976043252648914,Coffee Shop
9388,Al Aziziyah Dist.,Dammam,26.4574263,50.0717643,Starbucks (ستاربكس),26.461041,50.062709,Coffee Shop,8.9,0.9770893535924764,Coffee Shop
9389,Al Aziziyah Dist.,Dammam,26.4574263,50.0717643,UMQ Coffee (قهوة عُمق),26.45869,50.08524,Coffee Shop,9.5,0.999906783084237,Coffee Shop
9390,Al Aziziyah Dist.,Dammam,26.4574263,50.0717643,Kav Specialized Coffee,26.46298,50.063263,Coffee Shop,8.5,0.9751732281017929,Coffee Shop
9391,Al Aziziyah Dist.,Dammam,26.4574263,50.0717643,AQEEQ (عقيق),26.456635,50.081092,Tea Room,8.4,0.9854788760111446,Coffee Shop
9392,Al Aziziyah Dist.,Dammam,26.4574263,50.0717643,PappaRoti Cafe (باباروتي كافيه),26.462396,50.06472,Café,8.3,0.964691503796,Coffee Shop
9393,Al Aziziyah Dist.,Dammam,26.4574263,50.0717643,8Oz COFFEE,26.453242,50.062816,Coffee Shop,8.2,0.974655356347554,Coffee Shop
9394,Al Aziziyah Dist.,Dammam,26.4574263,50.0717643,Tim Hortons (تيم هورتنز),26.468223,50.060633,Coffee Shop,8.7,0.922132803032657,Coffee Shop
9395,Al Aziziyah Dist.,Dammam,26.4574263,50.0717643,ACE (ايس),26.467515,50.059517,Coffee Shop,8.7,0.9618949963231106,Coffee Shop
9396,Al Aziziyah Dist.,Dammam,26.4574263,50.0717643,TREEPICA Café,26.458456,50.080743,Coffee Shop,8.1,0.9546447917637676,Coffee Shop
9397,Al Aziziyah Dist.,Dammam,26.4574263,50.0717643,CORE COFFEE & ROASTERY (Core Coffee & Roastery),26.458855,50.093134,Coffee Shop,9.0,0.9788397601218034,Coffee Shop
9398,Al Aziziyah Dist.,Dammam,26.4574263,50.0717643,dr.CAFE COFFEE | V12 Station | د.كيف كافيه (dr.CAFE COFFEE | د. كيف),26.45616,50.09686,Coffee Shop,9.0,0.9887621829330184,Coffee Shop
9399,Al Aziziyah Dist.,Dammam,26.4574263,50.0717643,Caribou Coffee (كاريبو كوفي),26.458773,50.093211,Coffee Shop,8.5,0.9385286227718568,Coffee Shop
9400,Al Aziziyah Dist.,Dammam,26.4574263,50.0717643,Sova,26.467984,50.046665,Coffee Shop,9.0,0.9998279402750944,Coffee Shop
9401,Al Aziziyah Dist.,Dammam,26.4574263,50.0717643,Verocci Cafe,26.454256,50.061719,Café,7.7,0.9654061668168494,Coffee Shop
9402,Al Aziziyah Dist.,Dammam,26.4574263,50.0717643,Morth Coffee (مورث),26.459396,50.088284,Coffee Shop,8.0,0.96330360749464,Coffee Shop
9403,Al Aziziyah Dist.,Dammam,26.4574263,50.0717643,Soren Coffee,26.471294,50.04801,Café,8.6,0.9894457736486136,Coffee Shop
9404,Al Aziziyah Dist.,Dammam,26.4574263,50.0717643,Cafficha (كافيشا),26.461947,50.092263,Coffee Shop,8.1,0.9906161638131932,Coffee Shop
9405,Al Aziziyah Dist.,Dammam,26.4574263,50.0717643,Location Coffee (لوكيشن كافيه),26.456777,50.101138,Coffee Shop,8.6,0.947518876425442,Coffee Shop
9406,Al Aziziyah Dist.,Dammam,26.4574263,50.0717643,7Up COffee,26.472272,50.086213,Café,8.2,0.97831153093248,Coffee Shop
9407,Al Aziziyah Dist.,Dammam,26.4574263,50.0717643,كوخ الكرك,26.46131,50.092482,Café,8.1,0.9412319133289831,Coffee Shop
9408,Al Aziziyah Dist.,Dammam,26.4574263,50.0717643,المذاق المغربي,26.459282,50.095385,Coffee Shop,8.2,0.9877885840350497,Coffee Shop
9409,Al Aziziyah Dist.,Dammam,26.4574263,50.0717643,3.C Café,26.458341,50.092317,Café,8.0,0.9940134025209996,Coffee Shop
9410,Al Aziziyah Dist.,Dammam,26.4574263,50.0717643,مقهى فرجان الأول,26.462273,50.064516,Coffee Shop,7.5,0.92430786440046,Coffee Shop
9411,Al Aziziyah Dist.,Dammam,26.4574263,50.0717643,Tim Hortons,26.430882,50.068133,Coffee Shop,8.4,0.991279039658619,Coffee Shop
9412,Al Aziziyah Dist.,Dammam,26.4574263,50.0717643,Keen Cafe,26.461207,50.077944,Coffee Shop,7.4,0.9811080384053692,Coffee Shop
9413,Al Aziziyah Dist.,Dammam,26.4574263,50.0717643,ستاربكس,26.464957,50.091795,Coffee Shop,7.8,0.9753700193684036,Coffee Shop
9414,Al Aziziyah Dist.,Dammam,26.4574263,50.0717643,Crepe Roll (كريب رول),26.468519,50.047048,Café,8.0,0.9915915957184334,Coffee Shop
9415,Al Aziziyah Dist.,Dammam,26.4574263,50.0717643,Café Liwan (قهوة الليوان),26.462581,50.064908,Café,7.3,0.9598338667412402,Coffee Shop
9416,Al Aziziyah Dist.,Dammam,26.4574263,50.0717643,Delle Rose (café & Restaurant),26.472966,50.04842,Café,8.0,0.9616257030109064,Coffee Shop
9417,Al Aziziyah Dist.,Dammam,26.4574263,50.0717643,Jibal Speciality Coffee,26.4689,50.045131,Coffee Shop,7.9,0.9469877650800704,Coffee Shop
9418,Al Aziziyah Dist.,Dammam,26.4574263,50.0717643,ستاربكس,26.438295,50.08364,Coffee Shop,7.6,0.97508001118603,Coffee Shop
9419,Al Aziziyah Dist.,Dammam,26.4574263,50.0717643,مجلس كرك وچباتي,26.443943,50.070307,Café,7.3,0.9481403225305284,Coffee Shop
9420,Al Aziziyah Dist.,Dammam,26.4574263,50.0717643,Starbucks (ستاربكس),26.47625,50.055786,Coffee Shop,7.6,0.9568509254368248,Coffee Shop
9421,Al Aziziyah Dist.,Dammam,26.4574263,50.0717643,Majlesi Karak & Chapati,26.443974,50.070418,Café,7.2,0.962889310091249,Coffee Shop
9422,Al Aziziyah Dist.,Dammam,26.4574263,50.0717643,18/11 (١٨/١١),26.467816,50.059567,Coffee Shop,7.1,0.4548467617479207,Coffee Shop
9423,Al Aziziyah Dist.,Dammam,26.4574263,50.0717643,أروما كافيه,26.445943,50.071318,Coffee Shop,6.5,0.921024557478586,Coffee Shop
9424,Al Aziziyah Dist.,Dammam,26.4574263,50.0717643,Derby Coffee (دربي كافية),26.464688,50.084722,Coffee Shop,6.4,0.6109643807807434,Coffee Shop
9425,Al Aziziyah Dist.,Dammam,26.4574263,50.0717643,Atayib Almagrib café,26.472103,50.086199,Café,6.5,0.85022113123906,Coffee Shop
9426,Al Aziziyah Dist.,Dammam,26.4574263,50.0717643,مقهى فرجان الاول,26.457264,50.071643,Coffee Shop,,0.9524283006556256,Coffee Shop
9427,Al Aziziyah Dist.,Dammam,26.4574263,50.0717643,Rawaq Hajer (رواق هجر),26.45821,50.080808,Café,6.0,0.8785901459362604,Coffee Shop
9428,Al Aziziyah Dist.,Dammam,26.4574263,50.0717643,Paradise Café (بارادايز كافيه),26.472918,50.086161,Café,6.2,0.9577934520295394,Coffee Shop
9429,Al Aziziyah Dist.,Dammam,26.4574263,50.0717643,مركز أوراق الشاي الأخضر,26.455441,50.061821,Tea Room,,0.6687692259888761,Coffee Shop
9430,Al Aziziyah Dist.,Dammam,26.4574263,50.0717643,شاي عزوز,26.462051,50.061742,Café,,0.9791919129146858,Coffee Shop
9431,Al Aziziyah Dist.,Dammam,26.4574263,50.0717643,Coffee Valley (وادي القهوه),26.462855,50.061874,Café,,0.8904286942381588,Coffee Shop
9432,Al Aziziyah Dist.,Dammam,26.4574263,50.0717643,Country Way,26.464711,50.062922,Coffee Shop,,0.2818568809619985,Coffee Shop
9433,Al Aziziyah Dist.,Dammam,26.4574263,50.0717643,Dunkin (ADNOC),26.44999,50.08405,Donut Shop,,0.9939409004754064,Coffee Shop
9434,Al Aziziyah Dist.,Dammam,26.4574263,50.0717643,Durbai Coffee (دربي كافيه),26.480687,50.064328,Coffee Shop,5.9,0.8946441703176625,Coffee Shop
9435,Al Wahah Dist.,Dammam,26.38088,50.1004303,LAMBDA (لامدا),26.381123,50.098818,Coffee Shop,9.4,0.992656578524894,Coffee Shop
9436,Al Wahah Dist.,Dammam,26.38088,50.1004303,Chart (تشارت),26.384994,50.100857,Coffee Shop,9.4,0.997876725807621,Coffee Shop
9437,Al Wahah Dist.,Dammam,26.38088,50.1004303,One Cup Speciality Coffee,26.377264,50.10152,Coffee Shop,8.9,0.9163844265606064,Coffee Shop
9438,Al Wahah Dist.,Dammam,26.38088,50.1004303,Turkistachio (تركستاشيو),26.382325,50.103675,Café,8.8,0.973412464137381,Coffee Shop
9439,Al Wahah Dist.,Dammam,26.38088,50.1004303,Road Cafe (قهوة الطريق),26.380634,50.10353,General Contractor,8.7,0.9772032853784088,Coffee Shop
9440,Al Wahah Dist.,Dammam,26.38088,50.1004303,The Garden (ذا قاردن),26.38441,50.096408,Coffee Shop,9.2,0.9931951651493024,Coffee Shop
9441,Al Wahah Dist.,Dammam,26.38088,50.1004303,Park Coffee,26.382487,50.097539,Coffee Shop,8.5,0.9824337900962206,Coffee Shop
9442,Al Wahah Dist.,Dammam,26.38088,50.1004303,8Oz Speciality Coffee,26.372696,50.099472,Coffee Shop,9.1,0.9978663683725362,Coffee Shop
9443,Al Wahah Dist.,Dammam,26.38088,50.1004303,KYAN (كيان),26.383775,50.097323,Coffee Shop,8.4,0.9895907777398004,Coffee Shop
9444,Al Wahah Dist.,Dammam,26.38088,50.1004303,Starbucks (ستاربكس),26.371507,50.095822,Coffee Shop,9.1,0.9977627940216884,Coffee Shop
9445,Al Wahah Dist.,Dammam,26.38088,50.1004303,Otten (اوتن),26.391985,50.104063,Coffee Shop,9.5,0.9999896425649152,Coffee Shop
9446,Al Wahah Dist.,Dammam,26.38088,50.1004303,Road Café,26.377219,50.089819,Coffee Shop,8.8,0.9914861883603144,Coffee Shop
9447,Al Wahah Dist.,Dammam,26.38088,50.1004303,22 Cafe,26.377774,50.103692,Coffee Shop,8.1,0.9551108763425824,Coffee Shop
9448,Al Wahah Dist.,Dammam,26.38088,50.1004303,Tim Hortons,26.379768,50.086661,Coffee Shop,9.0,0.9961573915835482,Coffee Shop
9449,Al Wahah Dist.,Dammam,26.38088,50.1004303,Dunkin Donuts,26.372597,50.098943,Donut Shop,8.4,0.9993681964598288,Coffee Shop
9450,Al Wahah Dist.,Dammam,26.38088,50.1004303,Woods Café & Roastery (مقهى ومحمصة وودز),26.368026,50.092919,Coffee Shop,9.4,0.9988399672705052,Coffee Shop
9451,Al Wahah Dist.,Dammam,26.38088,50.1004303,llama (لاما),26.366323,50.094173,Café,9.5,0.9999689276947455,Coffee Shop
9452,Al Wahah Dist.,Dammam,26.38088,50.1004303,Karak Albait (كرك البيت),26.392967,50.09158,Café,9.0,0.956975214657842,Coffee Shop
9453,Al Wahah Dist.,Dammam,26.38088,50.1004303,Ratio Speciality Coffee (ريشيو للقهوة المختصة),26.37146,50.089934,Coffee Shop,8.7,0.9922215662513336,Coffee Shop
9454,Al Wahah Dist.,Dammam,26.38088,50.1004303,Coffee Warehouse (مستودع القهوة),26.39495,50.104782,Coffee Shop,8.9,0.989425058778444,Coffee Shop
9455,Al Wahah Dist.,Dammam,26.38088,50.1004303,Road Cafe,26.389654,50.112863,Coffee Shop,8.8,0.9705227397487286,Coffee Shop
9456,Al Wahah Dist.,Dammam,26.38088,50.1004303,Sofa Sugar (صفة قند),26.375387,50.113311,Coffee Shop,8.6,0.9827963003241876,Coffee Shop
9457,Al Wahah Dist.,Dammam,26.38088,50.1004303,UMQ Coffee (قهوة عُمق),26.397581,50.092256,Coffee Shop,9.6,0.9996374897720328,Coffee Shop
9458,Al Wahah Dist.,Dammam,26.38088,50.1004303,Labiba,26.367464,50.09336,Coffee Shop,8.7,0.9811494681457084,Coffee Shop
9459,Al Wahah Dist.,Dammam,26.38088,50.1004303,MINA (مينا),26.373081,50.100454,Coffee Shop,8.1,0.9527908108835929,Coffee Shop
9460,Al Wahah Dist.,Dammam,26.38088,50.1004303,BRIGHT (برايت),26.372574,50.098952,Café,8.1,0.9292276460657284,Coffee Shop
9461,Al Wahah Dist.,Dammam,26.38088,50.1004303,Starbucks (ستاربكس),26.399071,50.104867,Coffee Shop,9.0,0.988544676796238,Coffee Shop
9462,Al Wahah Dist.,Dammam,26.38088,50.1004303,Onda Coffee (اوندا كافيه),26.376212,50.122733,Coffee Shop,8.9,0.998291023211012,Coffee Shop
9463,Al Wahah Dist.,Dammam,26.38088,50.1004303,Bitten (بيتن),26.400442,50.096558,Coffee Shop,8.7,0.9888036126733576,Coffee Shop
9464,Al Wahah Dist.,Dammam,26.38088,50.1004303,All Day (اول دي),26.404895,50.102219,Café,9.4,0.991745124237434,Coffee Shop
9465,Al Wahah Dist.,Dammam,26.38088,50.1004303,Wacafe (وكف),26.395581,50.077931,Coffee Shop,9.5,0.9999378553894912,Coffee Shop
9466,Al Wahah Dist.,Dammam,26.38088,50.1004303,مجلس المساء كافيه,26.365602,50.094777,Coffee Shop,8.3,0.9837906140923262,Coffee Shop
9467,Al Wahah Dist.,Dammam,26.38088,50.1004303,Starbucks (ستاربكس),26.387181,50.075059,Coffee Shop,9.1,0.9935162456369304,Coffee Shop
9468,Al Wahah Dist.,Dammam,26.38088,50.1004303,Starbucks (ستاربكس),26.395243,50.078138,Coffee Shop,9.1,0.9934541010264218,Coffee Shop
9469,Al Wahah Dist.,Dammam,26.38088,50.1004303,Pages Coffee,26.400216,50.0973,Coffee Shop,8.5,0.9913929714445516,Coffee Shop
9470,Al Wahah Dist.,Dammam,26.38088,50.1004303,Starbucks (ستاربكس),26.400343,50.117202,Coffee Shop,8.9,0.9902018664098022,Coffee Shop
9471,Al Wahah Dist.,Dammam,26.38088,50.1004303,Starbucks (ستاربكس),26.401618,50.115742,Coffee Shop,8.9,0.9674258666583808,Coffee Shop
9472,Al Wahah Dist.,Dammam,26.38088,50.1004303,Tilio (تِليو),26.368964,50.08007,Café,8.6,0.9818330588613036,Coffee Shop
9473,Al Wahah Dist.,Dammam,26.38088,50.1004303,Onda (اوندا),26.40564,50.101155,Coffee Shop,8.8,0.97646790748739,Coffee Shop
9474,Al Wahah Dist.,Dammam,26.38088,50.1004303,Coach Cup (كوتش كب),26.395831,50.089747,Café,8.2,0.95684056800174,Coffee Shop
9475,Al Wahah Dist.,Dammam,26.38088,50.1004303,Black Tea (الشاي الاسود),26.398351,50.093591,Tea Room,8.2,0.9561259049808906,Coffee Shop
9476,Al Wahah Dist.,Dammam,26.38088,50.1004303,Tim Hortons (تيم هورتنز),26.400097,50.116794,Coffee Shop,8.5,0.9979595852882992,Coffee Shop
9477,Al Wahah Dist.,Dammam,26.38088,50.1004303,Lute,26.391378,50.073892,Coffee Shop,8.4,0.9750696537509452,Coffee Shop
9478,Al Wahah Dist.,Dammam,26.38088,50.1004303,Caffé Bene (كافيه بيني),26.387319,50.074964,Coffee Shop,8.2,0.98568602471284,Coffee Shop
9479,Al Wahah Dist.,Dammam,26.38088,50.1004303,شغف,26.406726,50.103451,Coffee Shop,8.2,0.9665765569814292,Coffee Shop
9480,Al Wahah Dist.,Dammam,26.38088,50.1004303,Three Grams (٣ جرام),26.394154,50.078638,Coffee Shop,8.1,0.9527183088379994,Coffee Shop
9481,Al Wahah Dist.,Dammam,26.38088,50.1004303,كوستا كوفي - الشرقية,26.400957,50.116567,Coffee Shop,8.0,0.9910304612165844,Coffee Shop
9482,Al Wahah Dist.,Dammam,26.38088,50.1004303,Sikkat Karak (سكة كرك),26.366198,50.075701,Café,7.9,0.995059503464562,Coffee Shop
9483,Al Wahah Dist.,Dammam,26.38088,50.1004303,ICONS Coffee Couture,26.38818,50.074973,Coffee Shop,7.6,0.987488218417591,Coffee Shop
9484,Al Wahah Dist.,Dammam,26.38088,50.1004303,Cafe Liwan (قهوة ليوان),26.401203,50.116266,Café,7.4,0.9221224455975722,Coffee Shop
9485,Al Basatin Dist.,Dammam,26.389616,50.1272901,Garden Gate (قاردن قيت),26.398221,50.127066,Coffee Shop,9.0,0.9819055609068972,Coffee Shop
9486,Al Basatin Dist.,Dammam,26.389616,50.1272901,Road Cafe,26.389654,50.112863,Coffee Shop,8.8,0.9705227397487286,Coffee Shop
9487,Al Basatin Dist.,Dammam,26.389616,50.1272901,Onda Coffee (اوندا كافيه),26.376212,50.122733,Coffee Shop,8.9,0.998291023211012,Coffee Shop
9488,Al Basatin Dist.,Dammam,26.389616,50.1272901,Starbucks (ستاربكس),26.400343,50.117202,Coffee Shop,8.9,0.9902018664098022,Coffee Shop
9489,Al Basatin Dist.,Dammam,26.389616,50.1272901,Starbucks (ستاربكس),26.401618,50.115742,Coffee Shop,8.9,0.9674258666583808,Coffee Shop
9490,Al Basatin Dist.,Dammam,26.389616,50.1272901,Tim Hortons (تيم هورتنز),26.400097,50.116794,Coffee Shop,8.5,0.9979595852882992,Coffee Shop
9491,Al Basatin Dist.,Dammam,26.389616,50.1272901,Starbucks (ستاربكس),26.406848,50.13808,Coffee Shop,9.3,0.9851474380884316,Coffee Shop
9492,Al Basatin Dist.,Dammam,26.389616,50.1272901,Otten (اوتن),26.391985,50.104063,Coffee Shop,9.5,0.9999896425649152,Coffee Shop
9493,Al Basatin Dist.,Dammam,26.389616,50.1272901,Mafaz (مَفَاز),26.406929,50.112725,Coffee Shop,9.4,0.9971620627867714,Coffee Shop
9494,Al Basatin Dist.,Dammam,26.389616,50.1272901,Coffee Warehouse (مستودع القهوة),26.39495,50.104782,Coffee Shop,8.9,0.989425058778444,Coffee Shop
9495,Al Basatin Dist.,Dammam,26.389616,50.1272901,Ojair Coffee (اوجير كوفي),26.411095,50.114829,Coffee Shop,9.4,0.996996343825415,Coffee Shop
9496,Al Basatin Dist.,Dammam,26.389616,50.1272901,Chart (تشارت),26.384994,50.100857,Coffee Shop,9.4,0.997876725807621,Coffee Shop
9497,Al Basatin Dist.,Dammam,26.389616,50.1272901,Starbucks (ستاربكس),26.399071,50.104867,Coffee Shop,9.0,0.988544676796238,Coffee Shop
9498,Al Basatin Dist.,Dammam,26.389616,50.1272901,Sofa Sugar (صفة قند),26.375387,50.113311,Coffee Shop,8.6,0.9827963003241876,Coffee Shop
9499,Al Basatin Dist.,Dammam,26.389616,50.1272901,Turkistachio (تركستاشيو),26.382325,50.103675,Café,8.8,0.973412464137381,Coffee Shop
9500,Al Basatin Dist.,Dammam,26.389616,50.1272901,LAMBDA (لامدا),26.381123,50.098818,Coffee Shop,9.4,0.992656578524894,Coffee Shop
9501,Al Basatin Dist.,Dammam,26.389616,50.1272901,Starbucks (ستاربكس),26.411037,50.109414,Coffee Shop,9.2,0.9986846057442336,Coffee Shop
9502,Al Basatin Dist.,Dammam,26.389616,50.1272901,Road Cafe (قهوة الطريق),26.380634,50.10353,General Contractor,8.7,0.9772032853784088,Coffee Shop
9503,Al Basatin Dist.,Dammam,26.389616,50.1272901,Coffee Valley (وادي القهوة),26.38801,50.149305,Coffee Shop,8.4,0.9350278097132028,Coffee Shop
9504,Al Basatin Dist.,Dammam,26.389616,50.1272901,Alkarak (الكرك),26.414136,50.119659,Tea Room,8.8,0.96653512724109,Coffee Shop
9505,Al Basatin Dist.,Dammam,26.389616,50.1272901,One Cup Speciality Coffee,26.377264,50.10152,Coffee Shop,8.9,0.9163844265606064,Coffee Shop
9506,Al Basatin Dist.,Dammam,26.389616,50.1272901,كوستا كوفي - الشرقية,26.400957,50.116567,Coffee Shop,8.0,0.9910304612165844,Coffee Shop
9507,Al Basatin Dist.,Dammam,26.389616,50.1272901,سينزيو,26.400281,50.116745,Coffee Shop,7.8,0.6322281950097878,Coffee Shop
9508,Al Basatin Dist.,Dammam,26.389616,50.1272901,22 Cafe,26.377774,50.103692,Coffee Shop,8.1,0.9551108763425824,Coffee Shop
9509,Al Basatin Dist.,Dammam,26.389616,50.1272901,dip n dip (Dip N Dip),26.40031,50.1152,Café,7.7,0.9221431604677418,Coffee Shop
9510,Al Basatin Dist.,Dammam,26.389616,50.1272901,كواليس,26.380289,50.148443,Coffee Shop,7.9,0.9521590073434216,Coffee Shop
9511,Al Basatin Dist.,Dammam,26.389616,50.1272901,ستاربكس,26.380995,50.148118,Coffee Shop,7.7,0.9946348486260862,Coffee Shop
9512,Al Basatin Dist.,Dammam,26.389616,50.1272901,CHIMNEY Roasting & Beans (محمصه مدخنه للقهوة المختصة),26.377618,50.101249,Coffee Shop,7.9,0.8991600120146247,Coffee Shop
9513,Al Basatin Dist.,Dammam,26.389616,50.1272901,Coffee Company,26.388844,50.154169,Coffee Shop,7.8,0.9913826140094668,Coffee Shop
9514,Al Basatin Dist.,Dammam,26.389616,50.1272901,Cafe Liwan (قهوة ليوان),26.401203,50.116266,Café,7.4,0.9221224455975722,Coffee Shop
9515,Al Basatin Dist.,Dammam,26.389616,50.1272901,La Mode Cafe at Novotel Business Park,26.40754,50.138548,Café,7.5,0.9732363877409398,Coffee Shop
9516,Al Basatin Dist.,Dammam,26.389616,50.1272901,Third (ثيرد),26.387555,50.104488,Coffee Shop,7.1,0.003780463805943,Coffee Shop
9517,Al Basatin Dist.,Dammam,26.389616,50.1272901,Moroccan Taste,26.400759,50.115301,Tea Room,6.7,0.9730706687795834,Coffee Shop
9518,Al Basatin Dist.,Dammam,26.389616,50.1272901,Time Out Cafe,26.403023,50.105907,Coffee Shop,6.9,0.9479124589586636,Coffee Shop
9519,Al Basatin Dist.,Dammam,26.389616,50.1272901,Coffee Valley (وادي القهوة),26.413057,50.115566,Coffee Shop,6.4,0.9368921480284622,Coffee Shop
9520,Al Basatin Dist.,Dammam,26.389616,50.1272901,Derby Coffee (دربي كوفي),26.385984,50.118029,Coffee Shop,,0.4952925457539694,Coffee Shop
9521,Al Basatin Dist.,Dammam,26.389616,50.1272901,Roma House Cafe,26.396363,50.119375,Café,,0.4682699976177899,Coffee Shop
9522,Al Basatin Dist.,Dammam,26.389616,50.1272901,Stabucks,26.396269,50.116916,Coffee Shop,,0.916270494774674,Coffee Shop
9523,Al Basatin Dist.,Dammam,26.389616,50.1272901,Al Jood Cafe (قهوة الجود),26.379,50.099583,Café,6.0,0.9206931195558732,Coffee Shop
9524,Al Basatin Dist.,Dammam,26.389616,50.1272901,Or Coffee,26.38349,50.140061,Coffee Shop,,0.9831588105521548,Coffee Shop
9525,Al Basatin Dist.,Dammam,26.389616,50.1272901,Nasj,26.399351,50.138238,Coffee Shop,,0.9561776921563144,Coffee Shop
9526,Al Basatin Dist.,Dammam,26.389616,50.1272901,Mycrepe,26.400251,50.117345,Café,,0.5079493314275653,Coffee Shop
9527,Al Basatin Dist.,Dammam,26.389616,50.1272901,Saadeddin Cafe,26.400607,50.117657,Coffee Shop,,0.9433862598266164,Coffee Shop
9528,Al Basatin Dist.,Dammam,26.389616,50.1272901,Qadooacafe (قدوع كافية),26.400097,50.116794,Coffee Shop,,0.8983521320780122,Coffee Shop
9529,Al Basatin Dist.,Dammam,26.389616,50.1272901,قدوع,26.400097,50.116794,Café,,0.9047012397849796,Coffee Shop
9530,Al Basatin Dist.,Dammam,26.389616,50.1272901,Segafredo,26.400005,50.116936,Café,,0.4341318915783695,Coffee Shop
9531,Al Basatin Dist.,Dammam,26.389616,50.1272901,كيك وكرك,26.401111,50.116172,Café,,0.9483681861023936,Coffee Shop
9532,Al Basatin Dist.,Dammam,26.389616,50.1272901,بيت حلو بيت,26.40335,50.120207,Tea Room,,0.9435519787879728,Coffee Shop
9533,Al Basatin Dist.,Dammam,26.389616,50.1272901,Star,26.401555,50.115903,Coffee Shop,,0.9554008845249562,Coffee Shop
9534,Al Basatin Dist.,Dammam,26.389616,50.1272901,مقهى الكهف الاسود,26.402387,50.139299,Coffee Shop,,0.9901086494940392,Coffee Shop
9535,Al Iskan Dist.,Dammam,26.4199992,50.1159655,Alkarak (الكرك),26.414136,50.119659,Tea Room,8.8,0.96653512724109,Coffee Shop
9536,Al Iskan Dist.,Dammam,26.4199992,50.1159655,Ojair Coffee (اوجير كوفي),26.411095,50.114829,Coffee Shop,9.4,0.996996343825415,Coffee Shop
9537,Al Iskan Dist.,Dammam,26.4199992,50.1159655,Starbucks (ستاربكس),26.411037,50.109414,Coffee Shop,9.2,0.9986846057442336,Coffee Shop
9538,Al Iskan Dist.,Dammam,26.4199992,50.1159655,Mafaz (مَفَاز),26.406929,50.112725,Coffee Shop,9.4,0.9971620627867714,Coffee Shop
9539,Al Iskan Dist.,Dammam,26.4199992,50.1159655,Starbucks (ستاربكس),26.412921,50.100693,Coffee Shop,8.9,0.9922319236864184,Coffee Shop
9540,Al Iskan Dist.,Dammam,26.4199992,50.1159655,قيصرية الواحة,26.429371,50.117122,Café,8.2,0.9948627121979512,Coffee Shop
9541,Al Iskan Dist.,Dammam,26.4199992,50.1159655,All Day (اول دي),26.404895,50.102219,Café,9.4,0.991745124237434,Coffee Shop
9542,Al Iskan Dist.,Dammam,26.4199992,50.1159655,Starbucks (ستاربكس),26.401618,50.115742,Coffee Shop,8.9,0.9674258666583808,Coffee Shop
9543,Al Iskan Dist.,Dammam,26.4199992,50.1159655,Starbucks (ستاربكس),26.400343,50.117202,Coffee Shop,8.9,0.9902018664098022,Coffee Shop
9544,Al Iskan Dist.,Dammam,26.4199992,50.1159655,Starbucks (ستاربكس),26.411946,50.093566,Coffee Shop,9.1,0.9796062103180768,Coffee Shop
9545,Al Iskan Dist.,Dammam,26.4199992,50.1159655,Onda (اوندا),26.40564,50.101155,Coffee Shop,8.8,0.97646790748739,Coffee Shop
9546,Al Iskan Dist.,Dammam,26.4199992,50.1159655,Starbucks (ستاربكس),26.406848,50.13808,Coffee Shop,9.3,0.9851474380884316,Coffee Shop
9547,Al Iskan Dist.,Dammam,26.4199992,50.1159655,Tim Hortons (تيم هورتنز),26.411544,50.092832,Coffee Shop,9.0,0.986846057442335,Coffee Shop
9548,Al Iskan Dist.,Dammam,26.4199992,50.1159655,Starbucks (ستاربكس),26.399071,50.104867,Coffee Shop,9.0,0.988544676796238,Coffee Shop
9549,Al Iskan Dist.,Dammam,26.4199992,50.1159655,Garden Gate (قاردن قيت),26.398221,50.127066,Coffee Shop,9.0,0.9819055609068972,Coffee Shop
9550,Al Iskan Dist.,Dammam,26.4199992,50.1159655,Tim Hortons (تيم هورتنز),26.400097,50.116794,Coffee Shop,8.5,0.9979595852882992,Coffee Shop
9551,Al Iskan Dist.,Dammam,26.4199992,50.1159655,شاي عبق,26.434268,50.128406,Tea Room,8.3,0.991092605827093,Coffee Shop
9552,Al Iskan Dist.,Dammam,26.4199992,50.1159655,Zaffron Lounge (ديوانية زعفران),26.421009,50.100572,Café,8.0,0.9594609990781884,Coffee Shop
9553,Al Iskan Dist.,Dammam,26.4199992,50.1159655,شغف,26.406726,50.103451,Coffee Shop,8.2,0.9665765569814292,Coffee Shop
9554,Al Iskan Dist.,Dammam,26.4199992,50.1159655,Coffee Warehouse (مستودع القهوة),26.39495,50.104782,Coffee Shop,8.9,0.989425058778444,Coffee Shop
9555,Al Iskan Dist.,Dammam,26.4199992,50.1159655,Bitten (بيتن),26.400442,50.096558,Coffee Shop,8.7,0.9888036126733576,Coffee Shop
9556,Al Iskan Dist.,Dammam,26.4199992,50.1159655,Starbucks (ستاربكس),26.430711,50.13335,Coffee Shop,8.2,0.9940651896964235,Coffee Shop
9557,Al Iskan Dist.,Dammam,26.4199992,50.1159655,Starbucks (ستاربكس),26.422585,50.091569,Coffee Shop,8.3,0.9801344395074004,Coffee Shop
9558,Al Iskan Dist.,Dammam,26.4199992,50.1159655,Pages Coffee,26.400216,50.0973,Coffee Shop,8.5,0.9913929714445516,Coffee Shop
9559,Al Iskan Dist.,Dammam,26.4199992,50.1159655,بوفية عزيز,26.423848,50.094082,Café,8.1,0.9648468653222716,Coffee Shop
9560,Al Iskan Dist.,Dammam,26.4199992,50.1159655,ستاربكس,26.428519,50.107585,Coffee Shop,7.7,0.9473220851588312,Coffee Shop
9561,Al Iskan Dist.,Dammam,26.4199992,50.1159655,كوستا كوفي - الشرقية,26.400957,50.116567,Coffee Shop,8.0,0.9910304612165844,Coffee Shop
9562,Al Iskan Dist.,Dammam,26.4199992,50.1159655,Avenue cafe,26.421009,50.101281,Café,7.7,0.9604035256709028,Coffee Shop
9563,Al Iskan Dist.,Dammam,26.4199992,50.1159655,قهوة الطريق,26.439674,50.118311,Coffee Shop,7.8,0.9658515365254948,Coffee Shop
9564,Al Iskan Dist.,Dammam,26.4199992,50.1159655,dip n dip (Dip N Dip),26.40031,50.1152,Café,7.7,0.9221431604677418,Coffee Shop
9565,Al Iskan Dist.,Dammam,26.4199992,50.1159655,Brighton Cafe,26.417279,50.091732,Coffee Shop,7.8,0.9806212389563848,Coffee Shop
9566,Al Iskan Dist.,Dammam,26.4199992,50.1159655,bREw’s (بروز),26.421533,50.090762,Coffee Shop,7.8,0.9774518638204436,Coffee Shop
9567,Al Iskan Dist.,Dammam,26.4199992,50.1159655,ركن الشاهي,26.420883,50.097528,Tea Room,7.5,0.9583423960890324,Coffee Shop
9568,Al Iskan Dist.,Dammam,26.4199992,50.1159655,Cafe Liwan (قهوة ليوان),26.401203,50.116266,Café,7.4,0.9221224455975722,Coffee Shop
9569,Al Iskan Dist.,Dammam,26.4199992,50.1159655,La Mode Cafe at Novotel Business Park,26.40754,50.138548,Café,7.5,0.9732363877409398,Coffee Shop
9570,Al Iskan Dist.,Dammam,26.4199992,50.1159655,ستاربكس,26.440571,50.127659,Coffee Shop,7.4,0.9717656319589016,Coffee Shop
9571,Al Iskan Dist.,Dammam,26.4199992,50.1159655,Time Out Cafe,26.403023,50.105907,Coffee Shop,6.9,0.9479124589586636,Coffee Shop
9572,Al Iskan Dist.,Dammam,26.4199992,50.1159655,Coffee Valley (وادي القهوة),26.413057,50.115566,Coffee Shop,6.4,0.9368921480284622,Coffee Shop
9573,Al Iskan Dist.,Dammam,26.4199992,50.1159655,وناسه كافيه,26.420415,50.107059,Café,6.4,0.9467524262291686,Coffee Shop
9574,Al Iskan Dist.,Dammam,26.4199992,50.1159655,Moroccan Taste,26.400759,50.115301,Tea Room,6.7,0.9730706687795834,Coffee Shop
9575,Al Iskan Dist.,Dammam,26.4199992,50.1159655,Lulia (لوليا),26.4139,50.096175,Café,6.5,0.9513821997120632,Coffee Shop
9576,Al Iskan Dist.,Dammam,26.4199992,50.1159655,Dar Najd Ladies Center,26.441875,50.122287,Health and Beauty Service,6.4,0.9037897854975194,Coffee Shop
9577,Al Iskan Dist.,Dammam,26.4199992,50.1159655,شواهي,26.424465,50.115044,Tea Room,,0.9750903686211146,Coffee Shop
9578,Al Iskan Dist.,Dammam,26.4199992,50.1159655,دربي,26.413832,50.11473,Coffee Shop,,0.9471252938922206,Coffee Shop
9579,Al Iskan Dist.,Dammam,26.4199992,50.1159655,Kuba,26.413668,50.1157,Coffee Shop,,0.960672818983107,Coffee Shop
9580,Al Iskan Dist.,Dammam,26.4199992,50.1159655,Road Café (قهوة الطريق),26.416832,50.109514,Coffee Shop,,0.9434173321318708,Coffee Shop
9581,Al Iskan Dist.,Dammam,26.4199992,50.1159655,مقهى وناسة,26.421831,50.108579,Café,,0.9252918207335136,Coffee Shop
9582,Al Iskan Dist.,Dammam,26.4199992,50.1159655,30Days Cafe,26.414911,50.108156,Coffee Shop,,0.942713026546106,Coffee Shop
9583,Al Iskan Dist.,Dammam,26.4199992,50.1159655,Barn’s (بارنز),26.412571,50.110463,Coffee Shop,,0.9758671762524728,Coffee Shop
9584,Al Iskan Dist.,Dammam,26.4199992,50.1159655,Joffreys (جوفريز),26.430124,50.116391,Coffee Shop,,0.9670633564304136,Coffee Shop
9585,King Faisal University,Dammam,26.3952031,50.1943053,Black Swan Cafe (مقهى بلاك سوان),26.388352,50.178233,Coffee Shop,9.0,0.9675294410092284,Coffee Shop
9586,King Faisal University,Dammam,26.3952031,50.1943053,8Oz Coffee,26.382682,50.178364,Coffee Shop,9.0,0.9917140519321797,Coffee Shop
9587,King Faisal University,Dammam,26.3952031,50.1943053,7Degrees Truck,26.381041,50.183935,Café,8.7,0.8679323452340263,Coffee Shop
9588,King Faisal University,Dammam,26.3952031,50.1943053,Tim Hortons (تيم هورتنز),26.379411,50.181882,Coffee Shop,8.5,0.9378657469264312,Coffee Shop
9589,King Faisal University,Dammam,26.3952031,50.1943053,ستاربكس,26.372478,50.178446,Coffee Shop,9.2,0.9980838745093163,Coffee Shop
9590,King Faisal University,Dammam,26.3952031,50.1943053,Boss Cafe,26.412653,50.173107,Café,9.0,0.9951009332049012,Coffee Shop
9591,King Faisal University,Dammam,26.3952031,50.1943053,Keep (كيب),26.406332,50.186919,Coffee Shop,7.9,0.9569774595652648,Coffee Shop
9592,King Faisal University,Dammam,26.3952031,50.1943053,Greenberry’s Coffee Co,26.405829,50.185635,Coffee Shop,7.8,0.9817995116109776,Coffee Shop
9593,King Faisal University,Dammam,26.3952031,50.1943053,4Squares Cafe (مقهى الأربعة مربعات),26.379854,50.178398,Café,8.1,0.9772654299889176,Coffee Shop
9594,King Faisal University,Dammam,26.3952031,50.1943053,8Oz Speciality Coffee,26.38262,50.17838,Coffee Shop,8.0,0.3245813006866979,Coffee Shop
9595,King Faisal University,Dammam,26.3952031,50.1943053,Joffrey's Cafe,26.390953,50.184816,Coffee Shop,7.1,0.7355130279699484,Coffee Shop
9596,King Faisal University,Dammam,26.3952031,50.1943053,Joffrey's on MBO,26.373923,50.178657,Coffee Shop,7.7,0.9990678308423702,Coffee Shop
9597,King Faisal University,Dammam,26.3952031,50.1943053,Kiara (كيارا),26.382683,50.212681,Coffee Shop,7.4,0.8384585677968377,Coffee Shop
9598,King Faisal University,Dammam,26.3952031,50.1943053,Mana (مانا),26.388691,50.178498,Coffee Shop,7.2,0.3554671721094988,Coffee Shop
9599,King Faisal University,Dammam,26.3952031,50.1943053,Boulevard Coffee (بوليڤارد كوفي),26.387051,50.187141,Café,6.5,0.9761467605067836,Coffee Shop
9600,King Faisal University,Dammam,26.3952031,50.1943053,Nai (ناي),26.393831,50.193572,Café,,0.9994710963965816,Coffee Shop
9601,King Faisal University,Dammam,26.3952031,50.1943053,Cafe 88,26.393292,50.191055,Café,,0.9619565030674144,Coffee Shop
9602,King Faisal University,Dammam,26.3952031,50.1943053,كوستا كوفي,26.390247,50.186065,Coffee Shop,5.8,0.9374838383849952,Coffee Shop
9603,King Faisal University,Dammam,26.3952031,50.1943053,Café Jamoka by pattis france,26.386837,50.188733,Coffee Shop,5.8,0.1177790425859907,Coffee Shop
9604,King Faisal University,Dammam,26.3952031,50.1943053,Solin Caffe,26.390647,50.187733,Coffee Shop,,0.1116396075328109,Coffee Shop
9605,King Faisal University,Dammam,26.3952031,50.1943053,كاسبُن Kasbon,26.390247,50.186065,Coffee Shop,,0.805859650314885,Coffee Shop
9606,King Faisal University,Dammam,26.3952031,50.1943053,Segafredo Zanetti,26.391429,50.184987,Café,,0.5347832310861865,Coffee Shop
9607,King Faisal University,Dammam,26.3952031,50.1943053,Leaves Cafe,26.390047,50.185941,Café,,0.970261355948206,Coffee Shop
9608,King Faisal University,Dammam,26.3952031,50.1943053,UD - Miss Chuao,26.386898,50.188717,Coffee Shop,,0.4116808983039481,Coffee Shop
9609,King Faisal University,Dammam,26.3952031,50.1943053,Arabia,26.386652,50.188782,Coffee Shop,,0.8614855337878754,Coffee Shop
9610,King Faisal University,Dammam,26.3952031,50.1943053,33 Speciality Coffee,26.386784,50.188795,Coffee Shop,,0.9831803666136948,Coffee Shop
9611,King Faisal University,Dammam,26.3952031,50.1943053,Bonheur Caffee (مقهى بونور),26.387128,50.187062,Coffee Shop,,0.9350412316025438,Coffee Shop
9612,King Faisal University,Dammam,26.3952031,50.1943053,Coffee 88,26.389493,50.184432,Coffee Shop,,0.0761058005707924,Coffee Shop
9613,King Faisal University,Dammam,26.3952031,50.1943053,Solin Coffee,26.385669,50.189749,Coffee Shop,,0.4899518113160634,Coffee Shop
9614,King Faisal University,Dammam,26.3952031,50.1943053,Joffrey's | College of Engineering,26.387388,50.185517,Coffee Shop,,0.9555480226937642,Coffee Shop
9615,King Faisal University,Dammam,26.3952031,50.1943053,Al Shathlya (ديوانية الشاذلية),26.406525,50.200045,Café,,0.3377180187708227,Coffee Shop
9616,King Faisal University,Dammam,26.3952031,50.1943053,HOKM Cafe مقهى حُكم,26.406018,50.186901,Café,,0.1473257513552471,Coffee Shop
9617,King Faisal University,Dammam,26.3952031,50.1943053,Hokm,26.406324,50.186832,Coffee Shop,,0.9989570549258872,Coffee Shop
9618,King Faisal University,Dammam,26.3952031,50.1943053,Oslo,26.405622,50.185532,Coffee Shop,,0.6018204585655065,Coffee Shop
9619,King Faisal University,Dammam,26.3952031,50.1943053,Söt Kanel (سُوت كانيل),26.406255,50.186542,Café,,0.7688271601403708,Coffee Shop
9620,King Faisal University,Dammam,26.3952031,50.1943053,Kasbon,26.384635,50.183867,Coffee Shop,,0.4293156842639489,Coffee Shop
9621,King Faisal University,Dammam,26.3952031,50.1943053,Kasbon,26.384147,50.184023,Coffee Shop,,0.1734248930594827,Coffee Shop
9622,King Faisal University,Dammam,26.3952031,50.1943053,"7864 King Saud Rd, As Safa, Dammam 34222, Saudi Arabia",26.392225,50.178397,Café,,0.9685030399071972,Coffee Shop
9623,King Faisal University,Dammam,26.3952031,50.1943053,Costa Coffee (كوستا كوفي),26.384796,50.167527,Coffee Shop,5.9,0.9260064837543632,Coffee Shop
9624,King Faisal University,Dammam,26.3952031,50.1943053,11:11 Make A Wish (١١:١١ ميك أ وش),26.391426,50.178134,Café,,0.5456814674414028,Coffee Shop
9625,King Faisal University,Dammam,26.3952031,50.1943053,Swan Coffe,26.390842,50.177933,Coffee Shop,,0.8337010222788429,Coffee Shop
9626,King Faisal University,Dammam,26.3952031,50.1943053,Dunkin' Donuts,26.38926,50.178275,Donut Shop,,0.3122870252410693,Coffee Shop
9627,King Faisal University,Dammam,26.3952031,50.1943053,DUNKIN DOUNTS (دانكن دونتس),26.389019,50.17821,Donut Shop,,0.6534195071932387,Coffee Shop
9628,King Faisal University,Dammam,26.3952031,50.1943053,شاهي ابو قحط,26.386477,50.178134,Café,,0.8779894147013434,Coffee Shop
9629,King Faisal University,Dammam,26.3952031,50.1943053,Joffrey's (جوفريز),26.397602,50.175683,Coffee Shop,,0.5034645620358574,Coffee Shop
9630,King Faisal University,Dammam,26.3952031,50.1943053,مقهى جمريه,26.383819,50.178183,Café,,0.1334555510673336,Coffee Shop
9631,King Faisal University,Dammam,26.3952031,50.1943053,تيم حورتنز,26.380173,50.18214,Coffee Shop,,0.7308931216273602,Coffee Shop
9632,King Faisal University,Dammam,26.3952031,50.1943053,Brain Coffee,26.379903,50.182225,Coffee Shop,,0.656630312069519,Coffee Shop
9633,King Faisal University,Dammam,26.3952031,50.1943053,كوستا كوفي,26.379323,50.182179,Coffee Shop,,0.7557406083957369,Coffee Shop
9634,King Faisal University,Dammam,26.3952031,50.1943053,Brain Coffee,26.379518,50.181913,Coffee Shop,,0.8250525639830553,Coffee Shop
9635,Al Khalidiyah Al Janubiyah Dist.,Dammam,26.4032701,50.1635731,Boss Cafe,26.412653,50.173107,Café,9.0,0.9951009332049012,Coffee Shop
9636,Al Khalidiyah Al Janubiyah Dist.,Dammam,26.4032701,50.1635731,Black Swan Cafe (مقهى بلاك سوان),26.388352,50.178233,Coffee Shop,9.0,0.9675294410092284,Coffee Shop
9637,Al Khalidiyah Al Janubiyah Dist.,Dammam,26.4032701,50.1635731,Starbucks (ستاربكس),26.406848,50.13808,Coffee Shop,9.3,0.9851474380884316,Coffee Shop
9638,Al Khalidiyah Al Janubiyah Dist.,Dammam,26.4032701,50.1635731,ستاربكس,26.411754,50.169067,Coffee Shop,7.9,0.8923655345990119,Coffee Shop
9639,Al Khalidiyah Al Janubiyah Dist.,Dammam,26.4032701,50.1635731,8Oz Coffee,26.382682,50.178364,Coffee Shop,9.0,0.9917140519321797,Coffee Shop
9640,Al Khalidiyah Al Janubiyah Dist.,Dammam,26.4032701,50.1635731,Coffee Valley (وادي القهوة),26.38801,50.149305,Coffee Shop,8.4,0.9350278097132028,Coffee Shop
9641,Al Khalidiyah Al Janubiyah Dist.,Dammam,26.4032701,50.1635731,Road Café,26.410302,50.155617,Coffee Shop,7.6,0.8808169944794871,Coffee Shop
9642,Al Khalidiyah Al Janubiyah Dist.,Dammam,26.4032701,50.1635731,dr.CAFE COFFEE | د. كيف,26.407708,50.137617,Coffee Shop,8.3,0.7110482760049301,Coffee Shop
9643,Al Khalidiyah Al Janubiyah Dist.,Dammam,26.4032701,50.1635731,Coffee Company,26.388844,50.154169,Coffee Shop,7.8,0.9913826140094668,Coffee Shop
9644,Al Khalidiyah Al Janubiyah Dist.,Dammam,26.4032701,50.1635731,Keep (كيب),26.406332,50.186919,Coffee Shop,7.9,0.9569774595652648,Coffee Shop
9645,Al Khalidiyah Al Janubiyah Dist.,Dammam,26.4032701,50.1635731,4Squares Cafe (مقهى الأربعة مربعات),26.379854,50.178398,Café,8.1,0.9772654299889176,Coffee Shop
9646,Al Khalidiyah Al Janubiyah Dist.,Dammam,26.4032701,50.1635731,Greenberry’s Coffee Co,26.405829,50.185635,Coffee Shop,7.8,0.9817995116109776,Coffee Shop
9647,Al Khalidiyah Al Janubiyah Dist.,Dammam,26.4032701,50.1635731,8Oz Speciality Coffee,26.38262,50.17838,Coffee Shop,8.0,0.3245813006866979,Coffee Shop
9648,Al Khalidiyah Al Janubiyah Dist.,Dammam,26.4032701,50.1635731,كواليس,26.380289,50.148443,Coffee Shop,7.9,0.9521590073434216,Coffee Shop
9649,Al Khalidiyah Al Janubiyah Dist.,Dammam,26.4032701,50.1635731,ستاربكس,26.380995,50.148118,Coffee Shop,7.7,0.9946348486260862,Coffee Shop
9650,Al Khalidiyah Al Janubiyah Dist.,Dammam,26.4032701,50.1635731,قهوه الطريق,26.410087,50.156028,Coffee Shop,7.1,0.9400615231644036,Coffee Shop
9651,Al Khalidiyah Al Janubiyah Dist.,Dammam,26.4032701,50.1635731,La Mode Cafe at Novotel Business Park,26.40754,50.138548,Café,7.5,0.9732363877409398,Coffee Shop
9652,Al Khalidiyah Al Janubiyah Dist.,Dammam,26.4032701,50.1635731,Paul,26.37856,50.170423,Coffee Shop,7.5,0.8875803995898456,Coffee Shop
9653,Al Khalidiyah Al Janubiyah Dist.,Dammam,26.4032701,50.1635731,Mana (مانا),26.388691,50.178498,Coffee Shop,7.2,0.3554671721094988,Coffee Shop
9654,Al Khalidiyah Al Janubiyah Dist.,Dammam,26.4032701,50.1635731,Joffrey's Cafe,26.390953,50.184816,Coffee Shop,7.1,0.7355130279699484,Coffee Shop
9655,Al Khalidiyah Al Janubiyah Dist.,Dammam,26.4032701,50.1635731,Boulevard Coffee (بوليڤارد كوفي),26.387051,50.187141,Café,6.5,0.9761467605067836,Coffee Shop
9656,Al Khalidiyah Al Janubiyah Dist.,Dammam,26.4032701,50.1635731,Fresh Berry,26.401876,50.16391,Café,,0.8911329998239236,Coffee Shop
9657,Al Khalidiyah Al Janubiyah Dist.,Dammam,26.4032701,50.1635731,Costa Coffee (كوستا كوفي),26.384796,50.167527,Coffee Shop,5.9,0.9260064837543632,Coffee Shop
9658,Al Khalidiyah Al Janubiyah Dist.,Dammam,26.4032701,50.1635731,Del Monte,26.41137,50.168991,Coffee Shop,,0.8598742607380708,Coffee Shop
9659,Al Khalidiyah Al Janubiyah Dist.,Dammam,26.4032701,50.1635731,Road Cafe,26.409934,50.156187,Coffee Shop,,0.9243389367057142,Coffee Shop
9660,Al Khalidiyah Al Janubiyah Dist.,Dammam,26.4032701,50.1635731,Cofféa,26.411983,50.169112,Coffee Shop,,0.3122145231954759,Coffee Shop
9661,Al Khalidiyah Al Janubiyah Dist.,Dammam,26.4032701,50.1635731,Novetel Hotel Cafe,26.40754,50.138548,Café,6.0,0.8921169561569773,Coffee Shop
9662,Al Khalidiyah Al Janubiyah Dist.,Dammam,26.4032701,50.1635731,Nespresso office in Dammam,26.392554,50.162118,Coffee Shop,,0.8759593574247273,Coffee Shop
9663,Al Khalidiyah Al Janubiyah Dist.,Dammam,26.4032701,50.1635731,Joffrey's (جوفريز),26.397602,50.175683,Coffee Shop,,0.5034645620358574,Coffee Shop
9664,Al Khalidiyah Al Janubiyah Dist.,Dammam,26.4032701,50.1635731,Verocci Cafe,26.415074,50.170322,Café,,0.9936198199877784,Coffee Shop
9665,Al Khalidiyah Al Janubiyah Dist.,Dammam,26.4032701,50.1635731,اولدن,26.413507,50.17321,Coffee Shop,,0.8672073247780919,Coffee Shop
9666,Al Khalidiyah Al Janubiyah Dist.,Dammam,26.4032701,50.1635731,ESSSE Café,26.409114,50.177799,Café,,0.6599446912966473,Coffee Shop
9667,Al Khalidiyah Al Janubiyah Dist.,Dammam,26.4032701,50.1635731,Cafe 88 Dental College UOD,26.409084,50.177689,Café,,0.8750375457021823,Coffee Shop
9668,Al Khalidiyah Al Janubiyah Dist.,Dammam,26.4032701,50.1635731,Derby Coffee,26.396463,50.147908,Coffee Shop,,0.956011973194958,Coffee Shop
9669,Al Khalidiyah Al Janubiyah Dist.,Dammam,26.4032701,50.1635731,"7864 King Saud Rd, As Safa, Dammam 34222, Saudi Arabia",26.392225,50.178397,Café,,0.9685030399071972,Coffee Shop
9670,Al Khalidiyah Al Janubiyah Dist.,Dammam,26.4032701,50.1635731,11:11 Make A Wish (١١:١١ ميك أ وش),26.391426,50.178134,Café,,0.5456814674414028,Coffee Shop
9671,Al Khalidiyah Al Janubiyah Dist.,Dammam,26.4032701,50.1635731,Swan Coffe,26.390842,50.177933,Coffee Shop,,0.8337010222788429,Coffee Shop
9672,Al Khalidiyah Al Janubiyah Dist.,Dammam,26.4032701,50.1635731,كوستا كوفي,26.390247,50.186065,Coffee Shop,5.8,0.9374838383849952,Coffee Shop
9673,Al Khalidiyah Al Janubiyah Dist.,Dammam,26.4032701,50.1635731,Scratch Cafe,26.384671,50.167316,Café,,0.1258842660203627,Coffee Shop
9674,Al Khalidiyah Al Janubiyah Dist.,Dammam,26.4032701,50.1635731,Cafe Jamoka,26.384658,50.167859,Coffee Shop,,0.9541994220551224,Coffee Shop
9675,Al Khalidiyah Al Janubiyah Dist.,Dammam,26.4032701,50.1635731,Dunkin' Donuts,26.38926,50.178275,Donut Shop,,0.3122870252410693,Coffee Shop
9676,Al Khalidiyah Al Janubiyah Dist.,Dammam,26.4032701,50.1635731,OLABS (اولابز),26.384396,50.167753,Coffee Shop,,0.96538545194668,Coffee Shop
9677,Al Khalidiyah Al Janubiyah Dist.,Dammam,26.4032701,50.1635731,DUNKIN DOUNTS (دانكن دونتس),26.389019,50.17821,Donut Shop,,0.6534195071932387,Coffee Shop
9678,Al Khalidiyah Al Janubiyah Dist.,Dammam,26.4032701,50.1635731,joffrey's at DOB 3rd floor,26.384335,50.168003,Coffee Shop,,0.6082921625288713,Coffee Shop
9679,Al Khalidiyah Al Janubiyah Dist.,Dammam,26.4032701,50.1635731,Pianolla,26.388011,50.149542,Café,,0.44564935939264,Coffee Shop
9680,Al Khalidiyah Al Janubiyah Dist.,Dammam,26.4032701,50.1635731,Oslo,26.405622,50.185532,Coffee Shop,,0.6018204585655065,Coffee Shop
9681,Al Khalidiyah Al Janubiyah Dist.,Dammam,26.4032701,50.1635731,Söt Kanel (سُوت كانيل),26.406255,50.186542,Café,,0.7688271601403708,Coffee Shop
9682,Al Khalidiyah Al Janubiyah Dist.,Dammam,26.4032701,50.1635731,زحله,26.382165,50.163196,Coffee Shop,,0.3525878051559312,Coffee Shop
9683,Al Khalidiyah Al Janubiyah Dist.,Dammam,26.4032701,50.1635731,Hokm,26.406324,50.186832,Coffee Shop,,0.9989570549258872,Coffee Shop
9684,Al Khalidiyah Al Janubiyah Dist.,Dammam,26.4032701,50.1635731,HOKM Cafe مقهى حُكم,26.406018,50.186901,Café,,0.1473257513552471,Coffee Shop
9685,Ash Shulah Dist.,Dammam,26.3514743,50.0995754,llama (لاما),26.366323,50.094173,Café,9.5,0.9999689276947455,Coffee Shop
9686,Ash Shulah Dist.,Dammam,26.3514743,50.0995754,Woods Café & Roastery (مقهى ومحمصة وودز),26.368026,50.092919,Coffee Shop,9.4,0.9988399672705052,Coffee Shop
9687,Ash Shulah Dist.,Dammam,26.3514743,50.0995754,Labiba,26.367464,50.09336,Coffee Shop,8.7,0.9811494681457084,Coffee Shop
9688,Ash Shulah Dist.,Dammam,26.3514743,50.0995754,Starbucks (ستاربكس),26.371507,50.095822,Coffee Shop,9.1,0.9977627940216884,Coffee Shop
9689,Ash Shulah Dist.,Dammam,26.3514743,50.0995754,8Oz Speciality Coffee,26.372696,50.099472,Coffee Shop,9.1,0.9978663683725362,Coffee Shop
9690,Ash Shulah Dist.,Dammam,26.3514743,50.0995754,مجلس المساء كافيه,26.365602,50.094777,Coffee Shop,8.3,0.9837906140923262,Coffee Shop
9691,Ash Shulah Dist.,Dammam,26.3514743,50.0995754,Nass (نص إثراء),26.335985,50.120734,Coffee Shop,9.5,0.9990989031476244,Coffee Shop
9692,Ash Shulah Dist.,Dammam,26.3514743,50.0995754,Ratio Speciality Coffee (ريشيو للقهوة المختصة),26.37146,50.089934,Coffee Shop,8.7,0.9922215662513336,Coffee Shop
9693,Ash Shulah Dist.,Dammam,26.3514743,50.0995754,One Cup Speciality Coffee,26.377264,50.10152,Coffee Shop,8.9,0.9163844265606064,Coffee Shop
9694,Ash Shulah Dist.,Dammam,26.3514743,50.0995754,Dunkin Donuts,26.372597,50.098943,Donut Shop,8.4,0.9993681964598288,Coffee Shop
9695,Ash Shulah Dist.,Dammam,26.3514743,50.0995754,Road Café (قهوة الطريق),26.331924,50.090058,General Contractor,8.4,0.9665415219103848,Coffee Shop
9696,Ash Shulah Dist.,Dammam,26.3514743,50.0995754,Tilio (تِليو),26.368964,50.08007,Café,8.6,0.9818330588613036,Coffee Shop
9697,Ash Shulah Dist.,Dammam,26.3514743,50.0995754,Alkarak,26.362895,50.072419,Restaurant,8.8,0.9957741664854116,Coffee Shop
9698,Ash Shulah Dist.,Dammam,26.3514743,50.0995754,Blanco,26.360792,50.07441,Coffee Shop,8.4,0.998933184186268,Coffee Shop
9699,Ash Shulah Dist.,Dammam,26.3514743,50.0995754,Sofa Sugar (صفة قند),26.375387,50.113311,Coffee Shop,8.6,0.9827963003241876,Coffee Shop
9700,Ash Shulah Dist.,Dammam,26.3514743,50.0995754,Three Sixty Coffee Lounge,26.363435,50.073519,Coffee Shop,8.6,0.9791504831743468,Coffee Shop
9701,Ash Shulah Dist.,Dammam,26.3514743,50.0995754,360 Coffee,26.363435,50.073519,Coffee Shop,8.5,0.2149789226196024,Coffee Shop
9702,Ash Shulah Dist.,Dammam,26.3514743,50.0995754,Pattis France,26.335519,50.120624,Café,8.4,0.8675491201358896,Coffee Shop
9703,Ash Shulah Dist.,Dammam,26.3514743,50.0995754,Blue Sky,26.353892,50.077517,Coffee Shop,8.0,0.9857274544531792,Coffee Shop
9704,Ash Shulah Dist.,Dammam,26.3514743,50.0995754,BRIGHT (برايت),26.372574,50.098952,Café,8.1,0.9292276460657284,Coffee Shop
9705,Ash Shulah Dist.,Dammam,26.3514743,50.0995754,MINA (مينا),26.373081,50.100454,Coffee Shop,8.1,0.9527908108835929,Coffee Shop
9706,Ash Shulah Dist.,Dammam,26.3514743,50.0995754,مقهى ميلان,26.366878,50.093681,Coffee Shop,7.8,0.4379227128193974,Coffee Shop
9707,Ash Shulah Dist.,Dammam,26.3514743,50.0995754,Joffrey's (جوفريز),26.328878,50.109073,Coffee Shop,8.0,0.9919922116316802,Coffee Shop
9708,Ash Shulah Dist.,Dammam,26.3514743,50.0995754,22 Cafe,26.377774,50.103692,Coffee Shop,8.1,0.9551108763425824,Coffee Shop
9709,Ash Shulah Dist.,Dammam,26.3514743,50.0995754,Manto Rose (مانتو روز),26.355189,50.070963,Coffee Shop,8.0,0.9661519021429532,Coffee Shop
9710,Ash Shulah Dist.,Dammam,26.3514743,50.0995754,Sikkat Karak (سكة كرك),26.366198,50.075701,Café,7.9,0.995059503464562,Coffee Shop
9711,Ash Shulah Dist.,Dammam,26.3514743,50.0995754,CHIMNEY Roasting & Beans (محمصه مدخنه للقهوة المختصة),26.377618,50.101249,Coffee Shop,7.9,0.8991600120146247,Coffee Shop
9712,Ash Shulah Dist.,Dammam,26.3514743,50.0995754,ستاربكس,26.32877,50.109278,Coffee Shop,7.7,0.165489822429325,Coffee Shop
9713,Ash Shulah Dist.,Dammam,26.3514743,50.0995754,KYAN (كيان),26.360959,50.073285,Coffee Shop,7.8,0.9865456918248764,Coffee Shop
9714,Ash Shulah Dist.,Dammam,26.3514743,50.0995754,Beano,26.334877,50.121418,Café,7.7,0.8750789754425214,Coffee Shop
9715,Ash Shulah Dist.,Dammam,26.3514743,50.0995754,Twenty Two Cafe,26.377743,50.103582,Coffee Shop,7.7,0.6476918455913577,Coffee Shop
9716,Ash Shulah Dist.,Dammam,26.3514743,50.0995754,Road Café (قهوة الطريق),26.331847,50.090137,General Contractor,7.3,0.9789625493342008,Coffee Shop
9717,Ash Shulah Dist.,Dammam,26.3514743,50.0995754,10°,26.335103,50.122491,Coffee Shop,7.4,0.9497042952283296,Coffee Shop
9718,Ash Shulah Dist.,Dammam,26.3514743,50.0995754,NORM | Specialty Coffee,26.371546,50.089955,Coffee Shop,7.1,0.7059731328133901,Coffee Shop
9719,Ash Shulah Dist.,Dammam,26.3514743,50.0995754,Razonah Cafe,26.378036,50.103564,Café,7.2,0.4532102870045262,Coffee Shop
9720,Ash Shulah Dist.,Dammam,26.3514743,50.0995754,INNER CIRCLE (إنِر سيركل),26.335506,50.12296,Coffee Shop,7.0,0.900485763705476,Coffee Shop
9721,Ash Shulah Dist.,Dammam,26.3514743,50.0995754,Starbucks (ستاربكس),26.334401,50.122599,Coffee Shop,7.0,0.7741146982361288,Coffee Shop
9722,Ash Shulah Dist.,Dammam,26.3514743,50.0995754,oosha’s Coffee Bar ️️,26.360322,50.079725,Coffee Shop,6.7,0.924121430568934,Coffee Shop
9723,Ash Shulah Dist.,Dammam,26.3514743,50.0995754,Coffee Valley (وادي القهوة),26.373408,50.091061,Coffee Shop,6.7,0.972034925271106,Coffee Shop
9724,Ash Shulah Dist.,Dammam,26.3514743,50.0995754,Paul,26.328863,50.109372,Café,6.6,0.9356631253309148,Coffee Shop
9725,Ash Shulah Dist.,Dammam,26.3514743,50.0995754,بارنز,26.354367,50.099683,Coffee Shop,,0.9777625868729868,Coffee Shop
9726,Ash Shulah Dist.,Dammam,26.3514743,50.0995754,شاهي,26.352615,50.096023,Tea Room,,0.9797201421040094,Coffee Shop
9727,Ash Shulah Dist.,Dammam,26.3514743,50.0995754,Play Cafe,26.351299,50.093857,Café,,0.0177422863002206,Coffee Shop
9728,Ash Shulah Dist.,Dammam,26.3514743,50.0995754,Caffee Valley,26.364311,50.095591,Café,,0.9135050596070388,Coffee Shop
9729,Ash Shulah Dist.,Dammam,26.3514743,50.0995754,1 مليون,26.366769,50.093759,Coffee Shop,,0.4714083004484769,Coffee Shop
9730,Ash Shulah Dist.,Dammam,26.3514743,50.0995754,حلم,26.367854,50.098909,Café,,0.9604345979761572,Coffee Shop
9731,Ash Shulah Dist.,Dammam,26.3514743,50.0995754,Season Coffee (الزمن المناسب),26.367337,50.09355,Coffee Shop,,0.8721167490082756,Coffee Shop
9732,Ash Shulah Dist.,Dammam,26.3514743,50.0995754,Blue Brown Coffee,26.361146,50.08072,Coffee Shop,,0.3301432433272224,Coffee Shop
9733,Ash Shulah Dist.,Dammam,26.3514743,50.0995754,شاهي ابو نوره,26.343069,50.079428,Tea Room,,0.9190359299423092,Coffee Shop
9734,Ash Shulah Dist.,Dammam,26.3514743,50.0995754,دلة السلطان,26.332385,50.090291,Coffee Shop,,0.7226683025192205,Coffee Shop
9735,Al Anwar Dist.,Dammam,26.4307652,50.016583,One O One Cafe (101 Cafè),26.421524,50.026367,Coffee Shop,8.8,0.9977731514567733,Coffee Shop
9736,Al Anwar Dist.,Dammam,26.4307652,50.016583,Coplant (كوبلانت),26.421752,50.003258,Coffee Shop,8.8,0.999738742029895,Coffee Shop
9737,Al Anwar Dist.,Dammam,26.4307652,50.016583,Ocaso Caffee,26.423561,50.030331,Coffee Shop,8.6,0.9853960165304664,Coffee Shop
9738,Al Anwar Dist.,Dammam,26.4307652,50.016583,Le 42 Cafe,26.423576,50.030267,Coffee Shop,8.6,0.9627650208702316,Coffee Shop
9739,Al Anwar Dist.,Dammam,26.4307652,50.016583,Dip N Dip,26.423853,50.030312,Coffee Shop,8.5,0.9914965457953993,Coffee Shop
9740,Al Anwar Dist.,Dammam,26.4307652,50.016583,Marilyn House Cafe (مقهى بيت مارلين),26.419603,49.997131,Café,8.9,0.9956947404464672,Coffee Shop
9741,Al Anwar Dist.,Dammam,26.4307652,50.016583,GRAPH Cafe,26.412126,50.013902,Coffee Shop,8.7,0.998570673958301,Coffee Shop
9742,Al Anwar Dist.,Dammam,26.4307652,50.016583,Road Coffee (قهوة الطريق),26.411859,50.013938,General Contractor,8.6,0.9947280655418492,Coffee Shop
9743,Al Anwar Dist.,Dammam,26.4307652,50.016583,Barn’s (بارنز),26.406767,50.014042,Coffee Shop,8.9,0.995473800867953,Coffee Shop
9744,Al Anwar Dist.,Dammam,26.4307652,50.016583,Tim Hortons,26.436701,50.033922,Coffee Shop,8.0,0.9998037384117038,Coffee Shop
9745,Al Anwar Dist.,Dammam,26.4307652,50.016583,نويمي كافيه,26.421585,50.02564,Coffee Shop,7.8,0.9975660027550778,Coffee Shop
9746,Al Anwar Dist.,Dammam,26.4307652,50.016583,دوز,26.429543,50.040595,Coffee Shop,8.3,0.9970688458710084,Coffee Shop
9747,Al Anwar Dist.,Dammam,26.4307652,50.016583,مجلس و دلة,26.431419,50.039743,Coffee Shop,7.8,0.9861417518565704,Coffee Shop
9748,Al Anwar Dist.,Dammam,26.4307652,50.016583,Tim Hortons,26.427405,50.038187,Coffee Shop,7.7,0.9279226092450464,Coffee Shop
9749,Al Anwar Dist.,Dammam,26.4307652,50.016583,ستاربكس,26.428619,50.039654,Coffee Shop,7.5,0.6220571937565381,Coffee Shop
9750,Al Anwar Dist.,Dammam,26.4307652,50.016583,قهوة الطريق,26.456869,50.015941,General Contractor,6.8,0.6323548629394524,Coffee Shop
9751,Al Anwar Dist.,Dammam,26.4307652,50.016583,BABA KARAK (بابا كرك),26.415721,50.023935,Tea Room,6.5,0.977659012522139,Coffee Shop
9752,Al Anwar Dist.,Dammam,26.4307652,50.016583,ستاربكس,26.433101,50.044451,Coffee Shop,6.6,0.941843001998985,Coffee Shop
9753,Al Anwar Dist.,Dammam,26.4307652,50.016583,مقهى أبو هيثم,26.437816,50.013521,Café,5.8,0.9832888296439488,Coffee Shop
9754,Al Anwar Dist.,Dammam,26.4307652,50.016583,ستاربكس,26.423894,50.017174,Coffee Shop,,0.9921267597407728,Coffee Shop
9755,Al Anwar Dist.,Dammam,26.4307652,50.016583,Kiwan (كيوان),26.425922,50.0237,Café,,0.7922801654532016,Coffee Shop
9756,Al Anwar Dist.,Dammam,26.4307652,50.016583,مقهى وديوانية الركن المديني,26.42157,50.01498,Café,,0.997549911253472,Coffee Shop
9757,Al Anwar Dist.,Dammam,26.4307652,50.016583,Noimi Coffee,26.424784,50.024794,Coffee Shop,,0.9535246094904642,Coffee Shop
9758,Al Anwar Dist.,Dammam,26.4307652,50.016583,مقهى رواقة,26.420751,50.02361,Coffee Shop,,0.7608517172698109,Coffee Shop
9759,Al Anwar Dist.,Dammam,26.4307652,50.016583,Noimi91 Coffee,26.421905,50.025553,Café,,0.0380327575147612,Coffee Shop
9760,Al Anwar Dist.,Dammam,26.4307652,50.016583,Fluffy Clouds (فلفِي),26.423653,50.027433,Café,,0.9933919564159132,Coffee Shop
9761,Al Anwar Dist.,Dammam,26.4307652,50.016583,Cup And Dessert,26.418901,50.018957,Café,,0.9996501800061306,Coffee Shop
9762,Al Anwar Dist.,Dammam,26.4307652,50.016583,Bati Cafe,26.422834,50.027505,Café,,0.9393054304032148,Coffee Shop
9763,Al Anwar Dist.,Dammam,26.4307652,50.016583,لقيمات ذوق,26.421971,50.026664,Café,,0.263607080342624,Coffee Shop
9764,Al Anwar Dist.,Dammam,26.4307652,50.016583,بارنز كافيه,26.42276,50.027962,Coffee Shop,,0.7322603030585506,Coffee Shop
9765,Al Anwar Dist.,Dammam,26.4307652,50.016583,Barn’s,26.422582,50.027884,Coffee Shop,,0.980569451780961,Coffee Shop
9766,Al Anwar Dist.,Dammam,26.4307652,50.016583,كوستا كوفي,26.422729,50.028128,Coffee Shop,,0.9561362624159752,Coffee Shop
9767,Al Anwar Dist.,Dammam,26.4307652,50.016583,بارنز,26.422463,50.027913,Coffee Shop,,0.976136469564677,Coffee Shop
9768,Al Anwar Dist.,Dammam,26.4307652,50.016583,Zawia,26.432137,50.032256,Coffee Shop,,0.5461393765208078,Coffee Shop
9769,Al Anwar Dist.,Dammam,26.4307652,50.016583,بيت سعود بن نايف للقهوه العربيه,26.416855,50.020909,Café,,0.8203917181949062,Coffee Shop
9770,Al Anwar Dist.,Dammam,26.4307652,50.016583,الكرات الملونة,26.423964,50.032712,Coffee Shop,,0.8971920993485173,Coffee Shop
9771,Al Anwar Dist.,Dammam,26.4307652,50.016583,البشيري,26.421223,50.030949,Coffee Shop,,0.7229282540471678,Coffee Shop
9772,Al Anwar Dist.,Dammam,26.4307652,50.016583,Tea Melody (شاي لحن),26.424697,50.03417,Tea Room,,0.9790261939533292,Coffee Shop
9773,Al Anwar Dist.,Dammam,26.4307652,50.016583,بارنز,26.443905,50.004707,Coffee Shop,,0.9999185382074512,Coffee Shop
9774,Al Anwar Dist.,Dammam,26.4307652,50.016583,قهوه الدوانيه,26.418006,50.029727,Café,,0.9129146858072068,Coffee Shop
9775,Al Anwar Dist.,Dammam,26.4307652,50.016583,وادي القهوة,26.426907,50.036257,Café,,0.9725838693305988,Coffee Shop
9776,Al Anwar Dist.,Dammam,26.4307652,50.016583,5 O’clock Cafe,26.426307,50.036594,Café,,0.8939087924266435,Coffee Shop
9777,Al Anwar Dist.,Dammam,26.4307652,50.016583,Rzon (رزون),26.412388,50.017471,Coffee Shop,,0.9110192751866928,Coffee Shop
9778,Al Anwar Dist.,Dammam,26.4307652,50.016583,La Vanir (لا فانير),26.410827,50.011687,Coffee Shop,,0.929010139928948,Coffee Shop
9779,Al Anwar Dist.,Dammam,26.4307652,50.016583,Marituyn Coffee,26.419573,49.997257,Coffee Shop,,0.1284770551192985,Coffee Shop
9780,Al Anwar Dist.,Dammam,26.4307652,50.016583,هبره,26.420314,49.996698,Coffee Shop,,0.8154390583210193,Coffee Shop
9781,Al Anwar Dist.,Dammam,26.4307652,50.016583,Majlis & Dalla (مجلس و دلة),26.431603,50.039694,Café,,0.9032304840029416,Coffee Shop
9782,Al Anwar Dist.,Dammam,26.4307652,50.016583,Damnam,26.429645,50.040476,Café,,0.3341204983997762,Coffee Shop
9783,Al Anwar Dist.,Dammam,26.4307652,50.016583,Wacafe,26.429634,50.0406,Coffee Shop,,0.8974717500958063,Coffee Shop
9784,Al Anwar Dist.,Dammam,26.4307652,50.016583,Sweet Evolution,26.431205,50.041103,Coffee Shop,,0.4283006556256408,Coffee Shop
9785,Al Amal Dist.,Dammam,26.3439661,50.0234527,Dunkin’ Donuts Drive-Through,26.350529,50.018764,Coffee Shop,8.5,0.9999057119833198,Coffee Shop
9786,Al Amal Dist.,Dammam,26.3439661,50.0234527,Starbucks (ستاربكس),26.356493,50.015745,Coffee Shop,9.0,0.9998637468174614,Coffee Shop
9787,Al Amal Dist.,Dammam,26.3439661,50.0234527,3 Gram (٣ جرام),26.350862,50.040623,Coffee Shop,8.8,0.9942101937876104,Coffee Shop
9788,Al Amal Dist.,Dammam,26.3439661,50.0234527,Chemistry Coffee (كيمستري كوفي),26.345615,50.046554,Coffee Shop,9.1,0.9986224611337248,Coffee Shop
9789,Al Amal Dist.,Dammam,26.3439661,50.0234527,ستاربكس,26.345684,50.046775,Coffee Shop,8.9,0.987902515820982,Coffee Shop
9790,Al Amal Dist.,Dammam,26.3439661,50.0234527,UMQ COFFEE (قهوة عُمق),26.347979,50.049508,Coffee Shop,9.5,0.9998860682140674,Coffee Shop
9791,Al Amal Dist.,Dammam,26.3439661,50.0234527,ديوانية شبرا,26.340871,50.035391,Coffee Shop,7.9,0.9864110451687744,Coffee Shop
9792,Al Amal Dist.,Dammam,26.3439661,50.0234527,ستاربكس,26.34306,49.99533,Coffee Shop,8.7,0.9999348254761896,Coffee Shop
9793,Al Amal Dist.,Dammam,26.3439661,50.0234527,حار و بارد,26.360558,50.043741,Tea Room,8.4,0.9970999181762628,Coffee Shop
9794,Al Amal Dist.,Dammam,26.3439661,50.0234527,قهوة الطريق,26.369966,50.027503,General Contractor,8.3,0.9998862181585488,Coffee Shop
9795,Al Amal Dist.,Dammam,26.3439661,50.0234527,Moroccan Taste (المذاق المغربي),26.360928,50.044353,Coffee Shop,8.2,0.997835296067282,Coffee Shop
9796,Al Amal Dist.,Dammam,26.3439661,50.0234527,Tim Hortons,26.321822,50.021235,Coffee Shop,8.0,0.3562129074356026,Coffee Shop
9797,Al Amal Dist.,Dammam,26.3439661,50.0234527,Bogotá Café,26.349178,50.01883,Coffee Shop,7.3,0.9893629141679354,Coffee Shop
9798,Al Amal Dist.,Dammam,26.3439661,50.0234527,Frieze Cafe (فريز كافيه),26.361303,50.045037,Café,8.2,0.889869392743581,Coffee Shop
9799,Al Amal Dist.,Dammam,26.3439661,50.0234527,Road Café (قهوة الطريق),26.365835,50.026655,General Contractor,7.9,0.993401213070686,Coffee Shop
9800,Al Amal Dist.,Dammam,26.3439661,50.0234527,Starbucks (ستاربكس),26.366077,50.023986,Coffee Shop,7.9,0.6399328964527983,Coffee Shop
9801,Al Amal Dist.,Dammam,26.3439661,50.0234527,Tim Hortons - KFMMC,26.320817,50.021526,Café,7.9,0.999658018254211,Coffee Shop
9802,Al Amal Dist.,Dammam,26.3439661,50.0234527,Road Café (قهوة الطريق),26.350577,50.019029,General Contractor,7.0,0.9870938919052148,Coffee Shop
9803,Al Amal Dist.,Dammam,26.3439661,50.0234527,مقهى بوهيثم,26.364224,50.028799,Café,7.3,0.996840422557918,Coffee Shop
9804,Al Amal Dist.,Dammam,26.3439661,50.0234527,ديربي,26.361465,50.034502,Café,7.2,0.9253539653440224,Coffee Shop
9805,Al Amal Dist.,Dammam,26.3439661,50.0234527,Dose,26.321856,50.017809,Coffee Shop,6.5,0.9597988471413108,Coffee Shop
9806,Al Amal Dist.,Dammam,26.3439661,50.0234527,كيف النشاما,26.363351,50.040042,Café,6.2,0.956892355177164,Coffee Shop
9807,Al Amal Dist.,Dammam,26.3439661,50.0234527,Moroccan Taste (المذاق المغربي),26.350481,50.018694,Café,,0.6574173557899141,Coffee Shop
9808,Al Amal Dist.,Dammam,26.3439661,50.0234527,دانكن,26.35053,50.018749,Coffee Shop,,0.9793545635336453,Coffee Shop
9809,Al Amal Dist.,Dammam,26.3439661,50.0234527,Dunkin’,26.350656,50.018905,Coffee Shop,,0.5017491635914904,Coffee Shop
9810,Al Amal Dist.,Dammam,26.3439661,50.0234527,Morocan Taste,26.350569,50.018728,Tea Room,,0.9537484067424712,Coffee Shop
9811,Al Amal Dist.,Dammam,26.3439661,50.0234527,Barn’s (بارنز),26.350477,50.018443,Coffee Shop,,0.9982292176041452,Coffee Shop
9812,Al Amal Dist.,Dammam,26.3439661,50.0234527,شاي بخار علي القرعاوي,26.351222,50.018503,Tea Room,,0.4502784932087815,Coffee Shop
9813,Al Amal Dist.,Dammam,26.3439661,50.0234527,ديوانية ال مطارد,26.345946,50.034878,Café,,0.1167800805808449,Coffee Shop
9814,Al Amal Dist.,Dammam,26.3439661,50.0234527,Dose Cafe,26.347549,50.036009,Coffee Shop,,0.527856321660504,Coffee Shop
9815,Al Amal Dist.,Dammam,26.3439661,50.0234527,Bogota Cafe,26.346532,50.007476,Coffee Shop,,0.2030266835087205,Coffee Shop
9816,Al Amal Dist.,Dammam,26.3439661,50.0234527,شاي استكانة مزاج,26.34374,50.040029,Tea Room,,0.9778350889185802,Coffee Shop
9817,Al Amal Dist.,Dammam,26.3439661,50.0234527,مقهي نغُم بيروت,26.363684,50.028308,Coffee Shop,,0.9471164090542454,Coffee Shop
9818,Al Amal Dist.,Dammam,26.3439661,50.0234527,Tea four hundred,26.347749,50.046216,Coffee Shop,,0.5198085945996334,Coffee Shop
9819,Al Amal Dist.,Dammam,26.3439661,50.0234527,Prince Sultan Cafè,26.323138,50.020371,Coffee Shop,,0.9634486115858268,Coffee Shop
9820,Al Amal Dist.,Dammam,26.3439661,50.0234527,ستاربكس,26.345893,50.046729,Coffee Shop,,0.1349366642844566,Coffee Shop
9821,Al Amal Dist.,Dammam,26.3439661,50.0234527,Manto Rose (مانتو روز),26.346444,50.047498,Coffee Shop,,0.3119038001429326,Coffee Shop
9822,Al Amal Dist.,Dammam,26.3439661,50.0234527,Home,26.350735,49.999826,Coffee Shop,,0.2771847048804164,Coffee Shop
9823,Al Amal Dist.,Dammam,26.3439661,50.0234527,48Avenue- قهوة ٤٨,26.321977,50.019379,Coffee Shop,,0.9815048138422444,Coffee Shop
9824,Al Amal Dist.,Dammam,26.3439661,50.0234527,THiRD WAVE | KFMMC (ثيرد ويڤ - مدينة الملك فهد الطبية),26.3216,50.018975,Coffee Roaster,,0.9996629807814046,Coffee Shop
9825,Al Amal Dist.,Dammam,26.3439661,50.0234527,كوف,26.347242,50.049153,Coffee Shop,,0.8347781955276595,Coffee Shop
9826,Al Amal Dist.,Dammam,26.3439661,50.0234527,كوڤ,26.347504,50.049385,Café,,0.2516856725600472,Coffee Shop
9827,Al Amal Dist.,Dammam,26.3439661,50.0234527,Coffeekov Roasters | Bakery,26.347926,50.049313,Coffee Shop,,0.2690654486323007,Coffee Shop
9828,Al Amal Dist.,Dammam,26.3439661,50.0234527,CoffeeKov,26.347528,50.049394,Coffee Shop,,0.1039057887704688,Coffee Shop
9829,Al Amal Dist.,Dammam,26.3439661,50.0234527,كوڤ,26.347519,50.049471,Coffee Shop,,0.7705724554371356,Coffee Shop
9830,Al Amal Dist.,Dammam,26.3439661,50.0234527,تكية كرك,26.356586,50.045722,Coffee Shop,,0.90029932987395,Coffee Shop
9831,Al Amal Dist.,Dammam,26.3439661,50.0234527,كيان,26.360741,50.042125,Coffee Shop,,0.9984049549969446,Coffee Shop
9832,Al Amal Dist.,Dammam,26.3439661,50.0234527,Coffeekov Roasters (‏ مقهى ومحمصة كوڤ),26.347705,50.049665,Coffee Shop,,0.1127924680732063,Coffee Shop
9833,Al Amal Dist.,Dammam,26.3439661,50.0234527,ديوانية سلال البركة,26.358437,50.04442,Coffee Shop,,0.9075495344332928,Coffee Shop
9834,Al Amal Dist.,Dammam,26.3439661,50.0234527,شاي المزاج,26.358192,50.045195,Café,,0.821189240696434,Coffee Shop
9835,Ash Sharq Dist.,Dammam,26.3668566,49.9697092,Monroe (مونرو),26.372156,49.969886,Coffee Shop,9.2,0.9996578401122092,Coffee Shop
9836,Ash Sharq Dist.,Dammam,26.3668566,49.9697092,ستاربكس,26.372364,49.970428,Coffee Shop,9.3,0.9997006196415044,Coffee Shop
9837,Ash Sharq Dist.,Dammam,26.3668566,49.9697092,dr.CAFE COFFEE | د. كيف,26.373405,49.975118,Coffee Shop,8.4,0.3500629541110021,Coffee Shop
9838,Ash Sharq Dist.,Dammam,26.3668566,49.9697092,Coffee Valley,26.35913,49.966586,Coffee Shop,8.4,0.9993484838016112,Coffee Shop
9839,Ash Sharq Dist.,Dammam,26.3668566,49.9697092,Dr.cafe,26.373247,49.976353,Coffee Shop,8.1,0.8105458538148919,Coffee Shop
9840,Ash Sharq Dist.,Dammam,26.3668566,49.9697092,Coffee Line (كوفي لاين),26.373943,49.963662,Coffee Shop,7.9,0.9989833181467276,Coffee Shop
9841,Ash Sharq Dist.,Dammam,26.3668566,49.9697092,Starbucks (ستاربكس),26.34063,49.966884,Coffee Shop,9.1,0.998682919833936,Coffee Shop
9842,Ash Sharq Dist.,Dammam,26.3668566,49.9697092,Equal,26.341846,49.97053,Coffee Shop,8.9,0.9999634808896258,Coffee Shop
9843,Ash Sharq Dist.,Dammam,26.3668566,49.9697092,3/4 Cafe,26.373216,49.976243,Café,7.7,0.9788701190841108,Coffee Shop
9844,Ash Sharq Dist.,Dammam,26.3668566,49.9697092,Repeat,26.373668,49.975842,Coffee Shop,7.5,0.995520364875538,Coffee Shop
9845,Ash Sharq Dist.,Dammam,26.3668566,49.9697092,ديوانية نايف للقهوة العربية,26.342337,49.971279,Coffee Shop,8.2,0.9996679433085984,Coffee Shop
9846,Ash Sharq Dist.,Dammam,26.3668566,49.9697092,Tim Hortons (تيم هورتونز),26.378271,49.991405,Coffee Shop,7.7,0.0565893008677169,Coffee Shop
9847,Ash Sharq Dist.,Dammam,26.3668566,49.9697092,Starbucks,26.378156,49.991821,Coffee Shop,7.4,0.9463534523092866,Coffee Shop
9848,Ash Sharq Dist.,Dammam,26.3668566,49.9697092,شقة بنو قحطان,26.366576,49.965558,Café,,0.8199348025722178,Coffee Shop
9849,Ash Sharq Dist.,Dammam,26.3668566,49.9697092,ديوانية تشاليت,26.36177,49.970686,Café,,0.5738096646871272,Coffee Shop
9850,Ash Sharq Dist.,Dammam,26.3668566,49.9697092,سكن طلاب جامعة الاصاله,26.372233,49.970043,Café,,0.9389561311323634,Coffee Shop
9851,Ash Sharq Dist.,Dammam,26.3668566,49.9697092,ترك سهل,26.372373,49.970338,Bubble Tea Shop,,0.9474589761237548,Coffee Shop
9852,Ash Sharq Dist.,Dammam,26.3668566,49.9697092,Monroe,26.372526,49.970025,Coffee Shop,,0.9441056565302596,Coffee Shop
9853,Ash Sharq Dist.,Dammam,26.3668566,49.9697092,مقهى قبل الوعد,26.361124,49.970739,Coffee Shop,,0.998843273084436,Coffee Shop
9854,Ash Sharq Dist.,Dammam,26.3668566,49.9697092,شاهي سهيل,26.372826,49.96898,Tea Room,,0.9329397667535873,Coffee Shop
9855,Ash Sharq Dist.,Dammam,26.3668566,49.9697092,Fuel cafe,26.373375,49.971281,Café,,0.7146863701900228,Coffee Shop
9856,Ash Sharq Dist.,Dammam,26.3668566,49.9697092,داون تاون الامانه,26.373617,49.970469,Café,,0.912893574532514,Coffee Shop
9857,Ash Sharq Dist.,Dammam,26.3668566,49.9697092,شاي مقانيص,26.373709,49.969856,Café,,0.9885054382299608,Coffee Shop
9858,Ash Sharq Dist.,Dammam,26.3668566,49.9697092,Black Vibes - Alasala University,26.373195,49.9737,Coffee Shop,,0.9917667347550848,Coffee Shop
9859,Ash Sharq Dist.,Dammam,26.3668566,49.9697092,Cf | Coffee Fix,26.373013,49.974933,Coffee Shop,,0.9810794616396012,Coffee Shop
9860,Ash Sharq Dist.,Dammam,26.3668566,49.9697092,The Third Cup,26.359407,49.966394,Coffee Shop,,0.989396122790228,Coffee Shop
9861,Ash Sharq Dist.,Dammam,26.3668566,49.9697092,Pink Box,26.372646,49.976216,Coffee Shop,,0.9756408881193156,Coffee Shop
9862,Ash Sharq Dist.,Dammam,26.3668566,49.9697092,Repeat Movement,26.373545,49.975751,Coffee Shop,,0.3792007251906406,Coffee Shop
9863,Ash Sharq Dist.,Dammam,26.3668566,49.9697092,In Case,26.37372,49.975574,Coffee Shop,,0.7612337046194384,Coffee Shop
9864,Ash Sharq Dist.,Dammam,26.3668566,49.9697092,Effect Coffee,26.373566,49.975872,Coffee Shop,,0.0196496226761534,Coffee Shop
9865,Ash Sharq Dist.,Dammam,26.3668566,49.9697092,Repeat,26.373648,49.975877,Coffee Shop,,0.3812394077083825,Coffee Shop
9866,Ash Sharq Dist.,Dammam,26.3668566,49.9697092,Eeffect,26.373653,49.97597,Coffee Shop,,0.1845167624625281,Coffee Shop
9867,Ash Sharq Dist.,Dammam,26.3668566,49.9697092,شاهي قناد,26.37465,49.964594,Tea Room,,0.4999104581952255,Coffee Shop
9868,Ash Sharq Dist.,Dammam,26.3668566,49.9697092,شاهي قناد,26.374797,49.964611,Tea Room,,0.9861513680224164,Coffee Shop
9869,Ash Sharq Dist.,Dammam,26.3668566,49.9697092,Manto Rose (مانتو روز),26.357223,49.967329,Coffee Shop,,0.999503772729488,Coffee Shop
9870,Ash Sharq Dist.,Dammam,26.3668566,49.9697092,Modo (مودو),26.34186,49.971346,Café,6.1,0.987745204512744,Coffee Shop
9871,Ash Sharq Dist.,Dammam,26.3668566,49.9697092,Dakkat Saaf (دكة سعف),26.37581,49.962586,Tea Room,,0.9860320637789084,Coffee Shop
9872,Ash Sharq Dist.,Dammam,26.3668566,49.9697092,دكة سعف,26.375783,49.962525,Coffee Shop,,0.6591370623289599,Coffee Shop
9873,Ash Sharq Dist.,Dammam,26.3668566,49.9697092,ديوانية تراث الفرسان,26.355302,49.968372,Café,,0.9696345760392135,Coffee Shop
9874,Ash Sharq Dist.,Dammam,26.3668566,49.9697092,ستاربكس,26.378032,49.991617,Coffee Shop,,0.548113622531604,Coffee Shop
9875,Ash Sharq Dist.,Dammam,26.3668566,49.9697092,Kasbon,26.378125,49.991711,Coffee Shop,,0.0193144612241485,Coffee Shop
9876,Ash Sharq Dist.,Dammam,26.3668566,49.9697092,Dutch Bros,26.385374,49.984811,Coffee Shop,,0.9997431192333684,Coffee Shop
9877,Ash Sharq Dist.,Dammam,26.3668566,49.9697092,ديوانية جوي,26.342371,49.970978,Coffee Shop,,0.5388560407761952,Coffee Shop
9878,Ash Sharq Dist.,Dammam,26.3668566,49.9697092,ايكوال,26.342335,49.96974,Coffee Shop,,0.9365386423721694,Coffee Shop
9879,Ash Sharq Dist.,Dammam,26.3668566,49.9697092,Blue Sky,26.342052,49.97049,Coffee Shop,,0.9961332242595304,Coffee Shop
9880,Ash Sharq Dist.,Dammam,26.3668566,49.9697092,8Oz Specialty Coffee,26.341883,49.97074,Coffee Shop,,0.9983042153869136,Coffee Shop
9881,Ash Sharq Dist.,Dammam,26.3668566,49.9697092,الشاهي الممتاز,26.380351,49.944946,Café,,0.796549643913225,Coffee Shop
9882,Al Hadabah Dist.,Dammam,26.3447989,49.941152,Barns’sبارنز,26.338796,49.957759,Coffee Shop,8.7,0.999545152571626,Coffee Shop
9883,Al Hadabah Dist.,Dammam,26.3447989,49.941152,Starbucks (ستاربكس),26.34063,49.966884,Coffee Shop,9.1,0.998682919833936,Coffee Shop
9884,Al Hadabah Dist.,Dammam,26.3447989,49.941152,Equal,26.341846,49.97053,Coffee Shop,8.9,0.9999634808896258,Coffee Shop
9885,Al Hadabah Dist.,Dammam,26.3447989,49.941152,Coffee Valley,26.35913,49.966586,Coffee Shop,8.4,0.9993484838016112,Coffee Shop
9886,Al Hadabah Dist.,Dammam,26.3447989,49.941152,كرك - قهوة عربية - شاهي على الجمر,26.337425,49.957234,Café,,0.9888005940781271,Coffee Shop
9887,Al Hadabah Dist.,Dammam,26.3447989,49.941152,Road Cafe,26.337819,49.957503,Café,,0.9982910074299212,Coffee Shop
9888,Al Hadabah Dist.,Dammam,26.3447989,49.941152,Abu Turki Tea (شاي أبو تركي),26.337549,49.957438,Tea Room,,0.97541011788038,Coffee Shop
9889,Al Hadabah Dist.,Dammam,26.3447989,49.941152,شاي نبيل,26.337143,49.95733,Tea Room,,0.2975932379332016,Coffee Shop
9890,Al Hadabah Dist.,Dammam,26.3447989,49.941152,كوفي لاين,26.338628,49.958219,Café,,0.9977125549011382,Coffee Shop
9891,Al Hadabah Dist.,Dammam,26.3447989,49.941152,Kyan,26.337745,49.957988,Café,,0.9976408909186898,Coffee Shop
9892,Al Hadabah Dist.,Dammam,26.3447989,49.941152,دانكن دونتس - الفرسان طريق الرياض,26.338232,49.960237,Coffee Shop,,0.9627969006854522,Coffee Shop
9893,Al Hadabah Dist.,Dammam,26.3447989,49.941152,ايكوال,26.342335,49.96974,Coffee Shop,,0.9365386423721694,Coffee Shop
9894,Al Hadabah Dist.,Dammam,26.3447989,49.941152,ديوانية تراث الفرسان,26.355302,49.968372,Café,,0.9696345760392135,Coffee Shop
9895,Al Hadabah Dist.,Dammam,26.3447989,49.941152,Blue Sky,26.342052,49.97049,Coffee Shop,,0.9961332242595304,Coffee Shop
9896,Al Hadabah Dist.,Dammam,26.3447989,49.941152,Manto Rose (مانتو روز),26.357223,49.967329,Coffee Shop,,0.999503772729488,Coffee Shop
9897,Al Hadabah Dist.,Dammam,26.3447989,49.941152,8Oz Specialty Coffee,26.341883,49.97074,Coffee Shop,,0.9983042153869136,Coffee Shop
9898,Al Hadabah Dist.,Dammam,26.3447989,49.941152,ديوانية جوي,26.342371,49.970978,Coffee Shop,,0.5388560407761952,Coffee Shop
9899,Al Hadabah Dist.,Dammam,26.3447989,49.941152,The Third Cup,26.359407,49.966394,Coffee Shop,,0.989396122790228,Coffee Shop
9900,Al Matar Dist.,Dammam,26.380508,49.9443549,Monroe (مونرو),26.372156,49.969886,Coffee Shop,9.2,0.9996578401122092,Coffee Shop
9901,Al Matar Dist.,Dammam,26.380508,49.9443549,ستاربكس,26.372364,49.970428,Coffee Shop,9.3,0.9997006196415044,Coffee Shop
9902,Al Matar Dist.,Dammam,26.380508,49.9443549,Coffee Line (كوفي لاين),26.373943,49.963662,Coffee Shop,7.9,0.9989833181467276,Coffee Shop
9903,Al Matar Dist.,Dammam,26.380508,49.9443549,الشاهي الممتاز,26.380351,49.944946,Café,,0.796549643913225,Coffee Shop
9904,Al Matar Dist.,Dammam,26.380508,49.9443549,دكة سعف,26.375783,49.962525,Coffee Shop,,0.6591370623289599,Coffee Shop
9905,Al Matar Dist.,Dammam,26.380508,49.9443549,Dakkat Saaf (دكة سعف),26.37581,49.962586,Tea Room,,0.9860320637789084,Coffee Shop
9906,Al Matar Dist.,Dammam,26.380508,49.9443549,شاهي قناد,26.374797,49.964611,Tea Room,,0.9861513680224164,Coffee Shop
9907,Al Matar Dist.,Dammam,26.380508,49.9443549,شاهي قناد,26.37465,49.964594,Tea Room,,0.4999104581952255,Coffee Shop
9908,Al Matar Dist.,Dammam,26.380508,49.9443549,شاهي سهيل,26.372826,49.96898,Tea Room,,0.9329397667535873,Coffee Shop
9909,Al Matar Dist.,Dammam,26.380508,49.9443549,شقة بنو قحطان,26.366576,49.965558,Café,,0.8199348025722178,Coffee Shop
9910,Al Matar Dist.,Dammam,26.380508,49.9443549,شاي مقانيص,26.373709,49.969856,Café,,0.9885054382299608,Coffee Shop
9911,Al Matar Dist.,Dammam,26.380508,49.9443549,Monroe,26.372526,49.970025,Coffee Shop,,0.9441056565302596,Coffee Shop
9912,Al Matar Dist.,Dammam,26.380508,49.9443549,داون تاون الامانه,26.373617,49.970469,Café,,0.912893574532514,Coffee Shop
9913,Al Matar Dist.,Dammam,26.380508,49.9443549,سكن طلاب جامعة الاصاله,26.372233,49.970043,Café,,0.9389561311323634,Coffee Shop
9914,Al Matar Dist.,Dammam,26.380508,49.9443549,ترك سهل,26.372373,49.970338,Bubble Tea Shop,,0.9474589761237548,Coffee Shop
9915,Al Matar Dist.,Dammam,26.380508,49.9443549,Fuel cafe,26.373375,49.971281,Café,,0.7146863701900228,Coffee Shop
9916,Al Amanah Dist.,Dammam,26.3833898,49.9737462,ستاربكس,26.372364,49.970428,Coffee Shop,9.3,0.9997006196415044,Coffee Shop
9917,Al Amanah Dist.,Dammam,26.3833898,49.9737462,Monroe (مونرو),26.372156,49.969886,Coffee Shop,9.2,0.9996578401122092,Coffee Shop
9918,Al Amanah Dist.,Dammam,26.3833898,49.9737462,dr.CAFE COFFEE | د. كيف,26.373405,49.975118,Coffee Shop,8.4,0.3500629541110021,Coffee Shop
9919,Al Amanah Dist.,Dammam,26.3833898,49.9737462,Dr.cafe,26.373247,49.976353,Coffee Shop,8.1,0.8105458538148919,Coffee Shop
9920,Al Amanah Dist.,Dammam,26.3833898,49.9737462,Coffee Line (كوفي لاين),26.373943,49.963662,Coffee Shop,7.9,0.9989833181467276,Coffee Shop
9921,Al Amanah Dist.,Dammam,26.3833898,49.9737462,3/4 Cafe,26.373216,49.976243,Café,7.7,0.9788701190841108,Coffee Shop
9922,Al Amanah Dist.,Dammam,26.3833898,49.9737462,Coffee Valley,26.35913,49.966586,Coffee Shop,8.4,0.9993484838016112,Coffee Shop
9923,Al Amanah Dist.,Dammam,26.3833898,49.9737462,Repeat,26.373668,49.975842,Coffee Shop,7.5,0.995520364875538,Coffee Shop
9924,Al Amanah Dist.,Dammam,26.3833898,49.9737462,Tim Hortons (تيم هورتونز),26.378271,49.991405,Coffee Shop,7.7,0.0565893008677169,Coffee Shop
9925,Al Amanah Dist.,Dammam,26.3833898,49.9737462,Starbucks,26.378156,49.991821,Coffee Shop,7.4,0.9463534523092866,Coffee Shop
9926,Al Amanah Dist.,Dammam,26.3833898,49.9737462,In Case,26.37372,49.975574,Coffee Shop,,0.7612337046194384,Coffee Shop
9927,Al Amanah Dist.,Dammam,26.3833898,49.9737462,Repeat,26.373648,49.975877,Coffee Shop,,0.3812394077083825,Coffee Shop
9928,Al Amanah Dist.,Dammam,26.3833898,49.9737462,Eeffect,26.373653,49.97597,Coffee Shop,,0.1845167624625281,Coffee Shop
9929,Al Amanah Dist.,Dammam,26.3833898,49.9737462,Effect Coffee,26.373566,49.975872,Coffee Shop,,0.0196496226761534,Coffee Shop
9930,Al Amanah Dist.,Dammam,26.3833898,49.9737462,Repeat Movement,26.373545,49.975751,Coffee Shop,,0.3792007251906406,Coffee Shop
9931,Al Amanah Dist.,Dammam,26.3833898,49.9737462,Black Vibes - Alasala University,26.373195,49.9737,Coffee Shop,,0.9917667347550848,Coffee Shop
9932,Al Amanah Dist.,Dammam,26.3833898,49.9737462,Dutch Bros,26.385374,49.984811,Coffee Shop,,0.9997431192333684,Coffee Shop
9933,Al Amanah Dist.,Dammam,26.3833898,49.9737462,داون تاون الامانه,26.373617,49.970469,Café,,0.912893574532514,Coffee Shop
9934,Al Amanah Dist.,Dammam,26.3833898,49.9737462,Fuel cafe,26.373375,49.971281,Café,,0.7146863701900228,Coffee Shop
9935,Al Amanah Dist.,Dammam,26.3833898,49.9737462,شاي مقانيص,26.373709,49.969856,Café,,0.9885054382299608,Coffee Shop
9936,Al Amanah Dist.,Dammam,26.3833898,49.9737462,Cf | Coffee Fix,26.373013,49.974933,Coffee Shop,,0.9810794616396012,Coffee Shop
9937,Al Amanah Dist.,Dammam,26.3833898,49.9737462,Pink Box,26.372646,49.976216,Coffee Shop,,0.9756408881193156,Coffee Shop
9938,Al Amanah Dist.,Dammam,26.3833898,49.9737462,شاهي سهيل,26.372826,49.96898,Tea Room,,0.9329397667535873,Coffee Shop
9939,Al Amanah Dist.,Dammam,26.3833898,49.9737462,ترك سهل,26.372373,49.970338,Bubble Tea Shop,,0.9474589761237548,Coffee Shop
9940,Al Amanah Dist.,Dammam,26.3833898,49.9737462,Monroe,26.372526,49.970025,Coffee Shop,,0.9441056565302596,Coffee Shop
9941,Al Amanah Dist.,Dammam,26.3833898,49.9737462,سكن طلاب جامعة الاصاله,26.372233,49.970043,Café,,0.9389561311323634,Coffee Shop
9942,Al Amanah Dist.,Dammam,26.3833898,49.9737462,شاهي قناد,26.374797,49.964611,Tea Room,,0.9861513680224164,Coffee Shop
9943,Al Amanah Dist.,Dammam,26.3833898,49.9737462,شاهي قناد,26.37465,49.964594,Tea Room,,0.4999104581952255,Coffee Shop
9944,Al Amanah Dist.,Dammam,26.3833898,49.9737462,Dakkat Saaf (دكة سعف),26.37581,49.962586,Tea Room,,0.9860320637789084,Coffee Shop
9945,Al Amanah Dist.,Dammam,26.3833898,49.9737462,دكة سعف,26.375783,49.962525,Coffee Shop,,0.6591370623289599,Coffee Shop
9946,Al Amanah Dist.,Dammam,26.3833898,49.9737462,Kasbon,26.378125,49.991711,Coffee Shop,,0.0193144612241485,Coffee Shop
9947,Al Amanah Dist.,Dammam,26.3833898,49.9737462,ستاربكس,26.378032,49.991617,Coffee Shop,,0.548113622531604,Coffee Shop
9948,Al Amanah Dist.,Dammam,26.3833898,49.9737462,شقة بنو قحطان,26.366576,49.965558,Café,,0.8199348025722178,Coffee Shop
9949,Al Amanah Dist.,Dammam,26.3833898,49.9737462,ديوانية تشاليت,26.36177,49.970686,Café,,0.5738096646871272,Coffee Shop
9950,Al Amanah Dist.,Dammam,26.3833898,49.9737462,مقهى قبل الوعد,26.361124,49.970739,Coffee Shop,,0.998843273084436,Coffee Shop
9951,Al Amanah Dist.,Dammam,26.3833898,49.9737462,The Third Cup,26.359407,49.966394,Coffee Shop,,0.989396122790228,Coffee Shop
9952,Al Amanah Dist.,Dammam,26.3833898,49.9737462,الشاهي الممتاز,26.380351,49.944946,Café,,0.796549643913225,Coffee Shop
9953,Al Amanah Dist.,Dammam,26.3833898,49.9737462,Manto Rose (مانتو روز),26.357223,49.967329,Coffee Shop,,0.999503772729488,Coffee Shop
9954,Al Fursan Dist.,Dammam,26.3584472,49.9664597,Coffee Valley,26.35913,49.966586,Coffee Shop,8.4,0.9993484838016112,Coffee Shop
9955,Al Fursan Dist.,Dammam,26.3584472,49.9664597,Monroe (مونرو),26.372156,49.969886,Coffee Shop,9.2,0.9996578401122092,Coffee Shop
9956,Al Fursan Dist.,Dammam,26.3584472,49.9664597,ستاربكس,26.372364,49.970428,Coffee Shop,9.3,0.9997006196415044,Coffee Shop
9957,Al Fursan Dist.,Dammam,26.3584472,49.9664597,Starbucks (ستاربكس),26.34063,49.966884,Coffee Shop,9.1,0.998682919833936,Coffee Shop
9958,Al Fursan Dist.,Dammam,26.3584472,49.9664597,Equal,26.341846,49.97053,Coffee Shop,8.9,0.9999634808896258,Coffee Shop
9959,Al Fursan Dist.,Dammam,26.3584472,49.9664597,dr.CAFE COFFEE | د. كيف,26.373405,49.975118,Coffee Shop,8.4,0.3500629541110021,Coffee Shop
9960,Al Fursan Dist.,Dammam,26.3584472,49.9664597,Barns’sبارنز,26.338796,49.957759,Coffee Shop,8.7,0.999545152571626,Coffee Shop
9961,Al Fursan Dist.,Dammam,26.3584472,49.9664597,ديوانية نايف للقهوة العربية,26.342337,49.971279,Coffee Shop,8.2,0.9996679433085984,Coffee Shop
9962,Al Fursan Dist.,Dammam,26.3584472,49.9664597,Dr.cafe,26.373247,49.976353,Coffee Shop,8.1,0.8105458538148919,Coffee Shop
9963,Al Fursan Dist.,Dammam,26.3584472,49.9664597,Coffee Line (كوفي لاين),26.373943,49.963662,Coffee Shop,7.9,0.9989833181467276,Coffee Shop
9964,Al Fursan Dist.,Dammam,26.3584472,49.9664597,3/4 Cafe,26.373216,49.976243,Café,7.7,0.9788701190841108,Coffee Shop
9965,Al Fursan Dist.,Dammam,26.3584472,49.9664597,Repeat,26.373668,49.975842,Coffee Shop,7.5,0.995520364875538,Coffee Shop
9966,Al Fursan Dist.,Dammam,26.3584472,49.9664597,The Third Cup,26.359407,49.966394,Coffee Shop,,0.989396122790228,Coffee Shop
9967,Al Fursan Dist.,Dammam,26.3584472,49.9664597,Manto Rose (مانتو روز),26.357223,49.967329,Coffee Shop,,0.999503772729488,Coffee Shop
9968,Al Fursan Dist.,Dammam,26.3584472,49.9664597,ديوانية تراث الفرسان,26.355302,49.968372,Café,,0.9696345760392135,Coffee Shop
9969,Al Fursan Dist.,Dammam,26.3584472,49.9664597,Modo (مودو),26.34186,49.971346,Café,6.1,0.987745204512744,Coffee Shop
9970,Al Fursan Dist.,Dammam,26.3584472,49.9664597,مقهى قبل الوعد,26.361124,49.970739,Coffee Shop,,0.998843273084436,Coffee Shop
9971,Al Fursan Dist.,Dammam,26.3584472,49.9664597,ديوانية تشاليت,26.36177,49.970686,Café,,0.5738096646871272,Coffee Shop
9972,Al Fursan Dist.,Dammam,26.3584472,49.9664597,شقة بنو قحطان,26.366576,49.965558,Café,,0.8199348025722178,Coffee Shop
9973,Al Fursan Dist.,Dammam,26.3584472,49.9664597,سكن طلاب جامعة الاصاله,26.372233,49.970043,Café,,0.9389561311323634,Coffee Shop
9974,Al Fursan Dist.,Dammam,26.3584472,49.9664597,ترك سهل,26.372373,49.970338,Bubble Tea Shop,,0.9474589761237548,Coffee Shop
9975,Al Fursan Dist.,Dammam,26.3584472,49.9664597,Monroe,26.372526,49.970025,Coffee Shop,,0.9441056565302596,Coffee Shop
9976,Al Fursan Dist.,Dammam,26.3584472,49.9664597,شاهي سهيل,26.372826,49.96898,Tea Room,,0.9329397667535873,Coffee Shop
9977,Al Fursan Dist.,Dammam,26.3584472,49.9664597,Fuel cafe,26.373375,49.971281,Café,,0.7146863701900228,Coffee Shop
9978,Al Fursan Dist.,Dammam,26.3584472,49.9664597,شاي مقانيص,26.373709,49.969856,Café,,0.9885054382299608,Coffee Shop
9979,Al Fursan Dist.,Dammam,26.3584472,49.9664597,داون تاون الامانه,26.373617,49.970469,Café,,0.912893574532514,Coffee Shop
9980,Al Fursan Dist.,Dammam,26.3584472,49.9664597,Black Vibes - Alasala University,26.373195,49.9737,Coffee Shop,,0.9917667347550848,Coffee Shop
9981,Al Fursan Dist.,Dammam,26.3584472,49.9664597,شاهي قناد,26.37465,49.964594,Tea Room,,0.4999104581952255,Coffee Shop
9982,Al Fursan Dist.,Dammam,26.3584472,49.9664597,ايكوال,26.342335,49.96974,Coffee Shop,,0.9365386423721694,Coffee Shop
9983,Al Fursan Dist.,Dammam,26.3584472,49.9664597,شاهي قناد,26.374797,49.964611,Tea Room,,0.9861513680224164,Coffee Shop
9984,Al Fursan Dist.,Dammam,26.3584472,49.9664597,Cf | Coffee Fix,26.373013,49.974933,Coffee Shop,,0.9810794616396012,Coffee Shop
9985,Al Fursan Dist.,Dammam,26.3584472,49.9664597,ديوانية جوي,26.342371,49.970978,Coffee Shop,,0.5388560407761952,Coffee Shop
9986,Al Fursan Dist.,Dammam,26.3584472,49.9664597,Blue Sky,26.342052,49.97049,Coffee Shop,,0.9961332242595304,Coffee Shop
9987,Al Fursan Dist.,Dammam,26.3584472,49.9664597,Pink Box,26.372646,49.976216,Coffee Shop,,0.9756408881193156,Coffee Shop
9988,Al Fursan Dist.,Dammam,26.3584472,49.9664597,8Oz Specialty Coffee,26.341883,49.97074,Coffee Shop,,0.9983042153869136,Coffee Shop
9989,Al Fursan Dist.,Dammam,26.3584472,49.9664597,Repeat Movement,26.373545,49.975751,Coffee Shop,,0.3792007251906406,Coffee Shop
9990,Al Fursan Dist.,Dammam,26.3584472,49.9664597,Effect Coffee,26.373566,49.975872,Coffee Shop,,0.0196496226761534,Coffee Shop
9991,Al Fursan Dist.,Dammam,26.3584472,49.9664597,In Case,26.37372,49.975574,Coffee Shop,,0.7612337046194384,Coffee Shop
9992,Al Fursan Dist.,Dammam,26.3584472,49.9664597,Repeat,26.373648,49.975877,Coffee Shop,,0.3812394077083825,Coffee Shop
9993,Al Fursan Dist.,Dammam,26.3584472,49.9664597,Eeffect,26.373653,49.97597,Coffee Shop,,0.1845167624625281,Coffee Shop
9994,Al Fursan Dist.,Dammam,26.3584472,49.9664597,دكة سعف,26.375783,49.962525,Coffee Shop,,0.6591370623289599,Coffee Shop
9995,Al Fursan Dist.,Dammam,26.3584472,49.9664597,Dakkat Saaf (دكة سعف),26.37581,49.962586,Tea Room,,0.9860320637789084,Coffee Shop
9996,Al Fursan Dist.,Dammam,26.3584472,49.9664597,دانكن دونتس - الفرسان طريق الرياض,26.338232,49.960237,Coffee Shop,,0.9627969006854522,Coffee Shop
9997,Al Fursan Dist.,Dammam,26.3584472,49.9664597,كوفي لاين,26.338628,49.958219,Café,,0.9977125549011382,Coffee Shop
9998,Al Fursan Dist.,Dammam,26.3584472,49.9664597,Kyan,26.337745,49.957988,Café,,0.9976408909186898,Coffee Shop
9999,Al Fursan Dist.,Dammam,26.3584472,49.9664597,Road Cafe,26.337819,49.957503,Café,,0.9982910074299212,Coffee Shop
10000,Al Fursan Dist.,Dammam,26.3584472,49.9664597,Abu Turki Tea (شاي أبو تركي),26.337549,49.957438,Tea Room,,0.97541011788038,Coffee Shop
10001,Al Fursan Dist.,Dammam,26.3584472,49.9664597,كرك - قهوة عربية - شاهي على الجمر,26.337425,49.957234,Café,,0.9888005940781271,Coffee Shop
10002,Al Fursan Dist.,Dammam,26.3584472,49.9664597,شاي نبيل,26.337143,49.95733,Tea Room,,0.2975932379332016,Coffee Shop
10003,An Nada Dist.,Dammam,26.380109,50.0809608,Tim Hortons,26.379768,50.086661,Coffee Shop,9.0,0.9961573915835482,Coffee Shop
10004,An Nada Dist.,Dammam,26.380109,50.0809608,Starbucks (ستاربكس),26.387181,50.075059,Coffee Shop,9.1,0.9935162456369304,Coffee Shop
10005,An Nada Dist.,Dammam,26.380109,50.0809608,Road Café,26.377219,50.089819,Coffee Shop,8.8,0.9914861883603144,Coffee Shop
10006,An Nada Dist.,Dammam,26.380109,50.0809608,THiRD WAVE | Al-Faisaliyah (ثيردويڤ | الفيصلية),26.391714,50.072738,Coffee Roaster,9.1,0.9977110068462646,Coffee Shop
10007,An Nada Dist.,Dammam,26.380109,50.0809608,Ratio Speciality Coffee (ريشيو للقهوة المختصة),26.37146,50.089934,Coffee Shop,8.7,0.9922215662513336,Coffee Shop
10008,An Nada Dist.,Dammam,26.380109,50.0809608,The Garden (ذا قاردن),26.38441,50.096408,Coffee Shop,9.2,0.9931951651493024,Coffee Shop
10009,An Nada Dist.,Dammam,26.380109,50.0809608,Tilio (تِليو),26.368964,50.08007,Café,8.6,0.9818330588613036,Coffee Shop
10010,An Nada Dist.,Dammam,26.380109,50.0809608,Wacafe (وكف),26.395581,50.077931,Coffee Shop,9.5,0.9999378553894912,Coffee Shop
10011,An Nada Dist.,Dammam,26.380109,50.0809608,LAMBDA (لامدا),26.381123,50.098818,Coffee Shop,9.4,0.992656578524894,Coffee Shop
10012,An Nada Dist.,Dammam,26.380109,50.0809608,Starbucks (ستاربكس),26.395243,50.078138,Coffee Shop,9.1,0.9934541010264218,Coffee Shop
10013,An Nada Dist.,Dammam,26.380109,50.0809608,Woods Café & Roastery (مقهى ومحمصة وودز),26.368026,50.092919,Coffee Shop,9.4,0.9988399672705052,Coffee Shop
10014,An Nada Dist.,Dammam,26.380109,50.0809608,Starbucks (ستاربكس),26.371507,50.095822,Coffee Shop,9.1,0.9977627940216884,Coffee Shop
10015,An Nada Dist.,Dammam,26.380109,50.0809608,Brunswick (برانزويك),26.390273,50.065937,Bakery,9.5,0.9977938663269428,Coffee Shop
10016,An Nada Dist.,Dammam,26.380109,50.0809608,Shatea Teashop (الشاطئ شاي بخار),26.393422,50.072058,Tea Room,9.0,0.9961884638888026,Coffee Shop
10017,An Nada Dist.,Dammam,26.380109,50.0809608,Karak Albait (كرك البيت),26.392967,50.09158,Café,9.0,0.956975214657842,Coffee Shop
10018,An Nada Dist.,Dammam,26.380109,50.0809608,Gravity Cafe (قراڤيتي كافيه),26.393605,50.072297,Café,9.0,0.9810873235351998,Coffee Shop
10019,An Nada Dist.,Dammam,26.380109,50.0809608,Caffé Bene (كافيه بيني),26.387319,50.074964,Coffee Shop,8.2,0.98568602471284,Coffee Shop
10020,An Nada Dist.,Dammam,26.380109,50.0809608,llama (لاما),26.366323,50.094173,Café,9.5,0.9999689276947455,Coffee Shop
10021,An Nada Dist.,Dammam,26.380109,50.0809608,Chart (تشارت),26.384994,50.100857,Coffee Shop,9.4,0.997876725807621,Coffee Shop
10022,An Nada Dist.,Dammam,26.380109,50.0809608,Lute,26.391378,50.073892,Coffee Shop,8.4,0.9750696537509452,Coffee Shop
10023,An Nada Dist.,Dammam,26.380109,50.0809608,8Oz Speciality Coffee,26.372696,50.099472,Coffee Shop,9.1,0.9978663683725362,Coffee Shop
10024,An Nada Dist.,Dammam,26.380109,50.0809608,UMQ Coffee (قهوة عُمق),26.397581,50.092256,Coffee Shop,9.6,0.9996374897720328,Coffee Shop
10025,An Nada Dist.,Dammam,26.380109,50.0809608,Maskob (مسكوب),26.399238,50.07546,Tea Room,9.2,0.9983117380811816,Coffee Shop
10026,An Nada Dist.,Dammam,26.380109,50.0809608,Zelebrity Cafe,26.378192,50.058436,Coffee Shop,9.3,0.9972863520077888,Coffee Shop
10027,An Nada Dist.,Dammam,26.380109,50.0809608,Labiba,26.367464,50.09336,Coffee Shop,8.7,0.9811494681457084,Coffee Shop
10028,An Nada Dist.,Dammam,26.380109,50.0809608,Kiva Han Coffee,26.399323,50.075423,Coffee Shop,9.2,0.9994510559405068,Coffee Shop
10029,An Nada Dist.,Dammam,26.380109,50.0809608,Kiva Han Coffee (كيفاهان كافيه),26.399511,50.075287,Coffee Shop,9.1,0.9994717708106764,Coffee Shop
10030,An Nada Dist.,Dammam,26.380109,50.0809608,Park Coffee,26.382487,50.097539,Coffee Shop,8.5,0.9824337900962206,Coffee Shop
10031,An Nada Dist.,Dammam,26.380109,50.0809608,Piccolo (پكلو),26.400312,50.073604,Coffee Shop,9.3,0.998477457042538,Coffee Shop
10032,An Nada Dist.,Dammam,26.380109,50.0809608,Ghmr Coffee Roasters (محمصة ومقهى غمر),26.401439,50.075771,Coffee Shop,9.3,0.9739614081968742,Coffee Shop
10033,An Nada Dist.,Dammam,26.380109,50.0809608,Alkarak,26.362895,50.072419,Restaurant,8.8,0.9957741664854116,Coffee Shop
10034,An Nada Dist.,Dammam,26.380109,50.0809608,KYAN (كيان),26.383775,50.097323,Coffee Shop,8.4,0.9895907777398004,Coffee Shop
10035,An Nada Dist.,Dammam,26.380109,50.0809608,Starbucks (ستاربكس),26.400747,50.073338,Coffee Shop,9.2,0.9902743684553956,Coffee Shop
10036,An Nada Dist.,Dammam,26.380109,50.0809608,Otten (اوتن),26.391985,50.104063,Coffee Shop,9.5,0.9999896425649152,Coffee Shop
10037,An Nada Dist.,Dammam,26.380109,50.0809608,Turkistachio (تركستاشيو),26.382325,50.103675,Café,8.8,0.973412464137381,Coffee Shop
10038,An Nada Dist.,Dammam,26.380109,50.0809608,Road Cafe (قهوة الطريق),26.380634,50.10353,General Contractor,8.7,0.9772032853784088,Coffee Shop
10039,An Nada Dist.,Dammam,26.380109,50.0809608,Dunkin Donuts,26.372597,50.098943,Donut Shop,8.4,0.9993681964598288,Coffee Shop
10040,An Nada Dist.,Dammam,26.380109,50.0809608,ADAM (ادم),26.370354,50.05709,Coffee Shop,9.0,0.983200240292494,Coffee Shop
10041,An Nada Dist.,Dammam,26.380109,50.0809608,كرك و چباتي Kark wa Shapaty,26.372248,50.063735,Coffee Shop,8.4,0.9878300137753888,Coffee Shop
10042,An Nada Dist.,Dammam,26.380109,50.0809608,Road Café (قهوة الطريق),26.3781,50.059052,General Contractor,8.5,0.98592424571979,Coffee Shop
10043,An Nada Dist.,Dammam,26.380109,50.0809608,The Coffee Lab (مختبر القهوة),26.384123,50.054619,Coffee Shop,8.9,0.9980320873338926,Coffee Shop
10044,An Nada Dist.,Dammam,26.380109,50.0809608,Dose (دوز),26.399474,50.066841,Coffee Shop,8.7,0.9884307450103056,Coffee Shop
10045,An Nada Dist.,Dammam,26.380109,50.0809608,Three Grams (٣ جرام),26.394154,50.078638,Coffee Shop,8.1,0.9527183088379994,Coffee Shop
10046,An Nada Dist.,Dammam,26.380109,50.0809608,Blanco,26.360792,50.07441,Coffee Shop,8.4,0.998933184186268,Coffee Shop
10047,An Nada Dist.,Dammam,26.380109,50.0809608,Sekkat Alkaif (سِكة الكَّيف),26.370125,50.053228,Coffee Roaster,9.0,0.9969341992149064,Coffee Shop
10048,An Nada Dist.,Dammam,26.380109,50.0809608,مجلس المساء كافيه,26.365602,50.094777,Coffee Shop,8.3,0.9837906140923262,Coffee Shop
10049,An Nada Dist.,Dammam,26.380109,50.0809608,Thermocup (ثيرموكب),26.370711,50.054375,Coffee Shop,8.9,0.9718795637448342,Coffee Shop
10050,An Nada Dist.,Dammam,26.380109,50.0809608,Coffee Warehouse (مستودع القهوة),26.39495,50.104782,Coffee Shop,8.9,0.989425058778444,Coffee Shop
10051,An Nada Dist.,Dammam,26.380109,50.0809608,Bitten (بيتن),26.400442,50.096558,Coffee Shop,8.7,0.9888036126733576,Coffee Shop
10052,An Nada Dist.,Dammam,26.380109,50.0809608,Coach Cup (كوتش كب),26.395831,50.089747,Café,8.2,0.95684056800174,Coffee Shop
10053,3rd Industrial City,Dammam,26.2502021,49.9857523,Caffe Vergnano 1882,26.234771,49.988839,Coffee Shop,7.5,0.9963476308831556,Coffee Shop
10054,3rd Industrial City,Dammam,26.2502021,49.9857523,كافيه فيرنيانو,26.235139,49.988742,Café,,0.9423935846484348,Coffee Shop
10055,3rd Industrial City,Dammam,26.2502021,49.9857523,سايبم,26.249342,50.00411,Coffee Shop,,0.5554626163283177,Coffee Shop
10056,3rd Industrial City,Dammam,26.2502021,49.9857523,سايبم,26.249424,50.00432,Coffee Shop,,0.3236615459748242,Coffee Shop
10057,King Salman Energy Park,Dammam,26.4206828,50.0887943,Starbucks (ستاربكس),26.422585,50.091569,Coffee Shop,8.3,0.9801344395074004,Coffee Shop
10058,King Salman Energy Park,Dammam,26.4206828,50.0887943,Starbucks (ستاربكس),26.411946,50.093566,Coffee Shop,9.1,0.9796062103180768,Coffee Shop
10059,King Salman Energy Park,Dammam,26.4206828,50.0887943,Tim Hortons (تيم هورتنز),26.411544,50.092832,Coffee Shop,9.0,0.986846057442335,Coffee Shop
10060,King Salman Energy Park,Dammam,26.4206828,50.0887943,بوفية عزيز,26.423848,50.094082,Café,8.1,0.9648468653222716,Coffee Shop
10061,King Salman Energy Park,Dammam,26.4206828,50.0887943,Starbucks (ستاربكس),26.412921,50.100693,Coffee Shop,8.9,0.9922319236864184,Coffee Shop
10062,King Salman Energy Park,Dammam,26.4206828,50.0887943,bREw’s (بروز),26.421533,50.090762,Coffee Shop,7.8,0.9774518638204436,Coffee Shop
10063,King Salman Energy Park,Dammam,26.4206828,50.0887943,بن عفيف للقهوة والمكسرات,26.430661,50.078078,Coffee Shop,8.7,0.9834281038643592,Coffee Shop
10064,King Salman Energy Park,Dammam,26.4206828,50.0887943,Barnie's (بارنيز),26.420721,50.073482,Coffee Shop,8.5,0.9910097463464148,Coffee Shop
10065,King Salman Energy Park,Dammam,26.4206828,50.0887943,Brighton Cafe,26.417279,50.091732,Coffee Shop,7.8,0.9806212389563848,Coffee Shop
10066,King Salman Energy Park,Dammam,26.4206828,50.0887943,All Day (اول دي),26.404895,50.102219,Café,9.4,0.991745124237434,Coffee Shop
10067,King Salman Energy Park,Dammam,26.4206828,50.0887943,Dunkin' Donuts (دانكن دونتس),26.411861,50.072033,Coffee Shop,8.9,0.989342199297766,Coffee Shop
10068,King Salman Energy Park,Dammam,26.4206828,50.0887943,happiness Cups (أكواب السعادة),26.408046,50.071857,Coffee Shop,9.1,0.9955566603486312,Coffee Shop
10069,King Salman Energy Park,Dammam,26.4206828,50.0887943,Starbucks (ستاربكس),26.411037,50.109414,Coffee Shop,9.2,0.9986846057442336,Coffee Shop
10070,King Salman Energy Park,Dammam,26.4206828,50.0887943,Starbucks (ستاربكس),26.412554,50.071022,Coffee Shop,8.7,0.9596785052149686,Coffee Shop
10071,King Salman Energy Park,Dammam,26.4206828,50.0887943,شاي بن بخار,26.408031,50.07192,Café,8.9,0.9699945105594052,Coffee Shop
10072,King Salman Energy Park,Dammam,26.4206828,50.0887943,Onda (اوندا),26.40564,50.101155,Coffee Shop,8.8,0.97646790748739,Coffee Shop
10073,King Salman Energy Park,Dammam,26.4206828,50.0887943,Ghmr Coffee Roasters (محمصة ومقهى غمر),26.401439,50.075771,Coffee Shop,9.3,0.9739614081968742,Coffee Shop
10074,King Salman Energy Park,Dammam,26.4206828,50.0887943,UMQ Coffee (قهوة عُمق),26.397581,50.092256,Coffee Shop,9.6,0.9996374897720328,Coffee Shop
10075,King Salman Energy Park,Dammam,26.4206828,50.0887943,Zaffron Lounge (ديوانية زعفران),26.421009,50.100572,Café,8.0,0.9594609990781884,Coffee Shop
10076,King Salman Energy Park,Dammam,26.4206828,50.0887943,Graph Cafe (جراف كافيه),26.407486,50.066796,Coffee Shop,9.2,0.9995339154211852,Coffee Shop
10077,King Salman Energy Park,Dammam,26.4206828,50.0887943,Piccolo (پكلو),26.400312,50.073604,Coffee Shop,9.3,0.998477457042538,Coffee Shop
10078,King Salman Energy Park,Dammam,26.4206828,50.0887943,Starbucks (ستاربكس),26.400747,50.073338,Coffee Shop,9.2,0.9902743684553956,Coffee Shop
10079,King Salman Energy Park,Dammam,26.4206828,50.0887943,Ojair Coffee (اوجير كوفي),26.411095,50.114829,Coffee Shop,9.4,0.996996343825415,Coffee Shop
10080,King Salman Energy Park,Dammam,26.4206828,50.0887943,Maskob (مسكوب),26.399238,50.07546,Tea Room,9.2,0.9983117380811816,Coffee Shop
10081,King Salman Energy Park,Dammam,26.4206828,50.0887943,Kiva Han Coffee,26.399323,50.075423,Coffee Shop,9.2,0.9994510559405068,Coffee Shop
10082,King Salman Energy Park,Dammam,26.4206828,50.0887943,Mafaz (مَفَاز),26.406929,50.112725,Coffee Shop,9.4,0.9971620627867714,Coffee Shop
10083,King Salman Energy Park,Dammam,26.4206828,50.0887943,Best Cafe,26.42899,50.068337,Coffee Shop,8.6,0.9896529223503092,Coffee Shop
10084,King Salman Energy Park,Dammam,26.4206828,50.0887943,Kiva Han Coffee (كيفاهان كافيه),26.399511,50.075287,Coffee Shop,9.1,0.9994717708106764,Coffee Shop
10085,King Salman Energy Park,Dammam,26.4206828,50.0887943,Bitten (بيتن),26.400442,50.096558,Coffee Shop,8.7,0.9888036126733576,Coffee Shop
10086,King Salman Energy Park,Dammam,26.4206828,50.0887943,Frieze Cafe (فريز كافيه),26.404999,50.070413,Coffee Shop,8.8,0.988047519912169,Coffee Shop
10087,King Salman Energy Park,Dammam,26.4206828,50.0887943,Wacafe (وكف),26.395581,50.077931,Coffee Shop,9.5,0.9999378553894912,Coffee Shop
10088,King Salman Energy Park,Dammam,26.4206828,50.0887943,Starbucks (ستاربكس),26.431259,50.08409,Coffee Shop,7.9,0.9854270888357208,Coffee Shop
10089,King Salman Energy Park,Dammam,26.4206828,50.0887943,Starbucks (ستاربكس),26.399071,50.104867,Coffee Shop,9.0,0.988544676796238,Coffee Shop
10090,King Salman Energy Park,Dammam,26.4206828,50.0887943,Pages Coffee,26.400216,50.0973,Coffee Shop,8.5,0.9913929714445516,Coffee Shop
10091,King Salman Energy Park,Dammam,26.4206828,50.0887943,Tim Hortons,26.430882,50.068133,Coffee Shop,8.4,0.991279039658619,Coffee Shop
10092,King Salman Energy Park,Dammam,26.4206828,50.0887943,Tim Hortons,26.414539,50.076121,Coffee Shop,7.9,0.9817087696402864,Coffee Shop
10093,King Salman Energy Park,Dammam,26.4206828,50.0887943,شغف,26.406726,50.103451,Coffee Shop,8.2,0.9665765569814292,Coffee Shop
10094,King Salman Energy Park,Dammam,26.4206828,50.0887943,ركن الشاهي,26.420883,50.097528,Tea Room,7.5,0.9583423960890324,Coffee Shop
10095,King Salman Energy Park,Dammam,26.4206828,50.0887943,Avenue cafe,26.421009,50.101281,Café,7.7,0.9604035256709028,Coffee Shop
10096,King Salman Energy Park,Dammam,26.4206828,50.0887943,Black Tea (الشاي الاسود),26.398351,50.093591,Tea Room,8.2,0.9561259049808906,Coffee Shop
10097,King Salman Energy Park,Dammam,26.4206828,50.0887943,Dunkin' Donuts (دانكن دونتس),26.403195,50.077633,Coffee Shop,8.0,0.9707609607556784,Coffee Shop
10098,King Salman Energy Park,Dammam,26.4206828,50.0887943,Coach Cup (كوتش كب),26.395831,50.089747,Café,8.2,0.95684056800174,Coffee Shop
10099,King Salman Energy Park,Dammam,26.4206828,50.0887943,قيصرية الواحة,26.429371,50.117122,Café,8.2,0.9948627121979512,Coffee Shop
10100,King Salman Energy Park,Dammam,26.4206828,50.0887943,ستاربكس,26.428519,50.107585,Coffee Shop,7.7,0.9473220851588312,Coffee Shop
10101,King Salman Energy Park,Dammam,26.4206828,50.0887943,دلة الفيصلية للقهوة العربية,26.403124,50.0715,Café,7.6,0.9537540523464768,Coffee Shop
10102,King Salman Energy Park,Dammam,26.4206828,50.0887943,مقهى الأصايل,26.415575,50.065251,Café,7.5,0.964732933536339,Coffee Shop
10103,King Salman Energy Park,Dammam,26.4206828,50.0887943,مستوصف الفارابي (مجمع الفارابي الطبي),26.413929,50.078945,Coffee Shop,6.8,0.9950491460294772,Coffee Shop
10104,King Salman Energy Park,Dammam,26.4206828,50.0887943,Lulia (لوليا),26.4139,50.096175,Café,6.5,0.9513821997120632,Coffee Shop
10105,King Salman Energy Park,Dammam,26.4206828,50.0887943,Time Out Cafe,26.403023,50.105907,Coffee Shop,6.9,0.9479124589586636,Coffee Shop
10106,King Salman Energy Park,Dammam,26.4206828,50.0887943,وناسه كافيه,26.420415,50.107059,Café,6.4,0.9467524262291686,Coffee Shop
10107,Al Iskan Al Janubi Dist.,Dammam,26.4199992,50.1159655,Alkarak (الكرك),26.414136,50.119659,Tea Room,8.8,0.96653512724109,Coffee Shop
10108,Al Iskan Al Janubi Dist.,Dammam,26.4199992,50.1159655,Ojair Coffee (اوجير كوفي),26.411095,50.114829,Coffee Shop,9.4,0.996996343825415,Coffee Shop
10109,Al Iskan Al Janubi Dist.,Dammam,26.4199992,50.1159655,Starbucks (ستاربكس),26.411037,50.109414,Coffee Shop,9.2,0.9986846057442336,Coffee Shop
10110,Al Iskan Al Janubi Dist.,Dammam,26.4199992,50.1159655,Mafaz (مَفَاز),26.406929,50.112725,Coffee Shop,9.4,0.9971620627867714,Coffee Shop
10111,Al Iskan Al Janubi Dist.,Dammam,26.4199992,50.1159655,Starbucks (ستاربكس),26.412921,50.100693,Coffee Shop,8.9,0.9922319236864184,Coffee Shop
10112,Al Iskan Al Janubi Dist.,Dammam,26.4199992,50.1159655,قيصرية الواحة,26.429371,50.117122,Café,8.2,0.9948627121979512,Coffee Shop
10113,Al Iskan Al Janubi Dist.,Dammam,26.4199992,50.1159655,All Day (اول دي),26.404895,50.102219,Café,9.4,0.991745124237434,Coffee Shop
10114,Al Iskan Al Janubi Dist.,Dammam,26.4199992,50.1159655,Starbucks (ستاربكس),26.401618,50.115742,Coffee Shop,8.9,0.9674258666583808,Coffee Shop
10115,Al Iskan Al Janubi Dist.,Dammam,26.4199992,50.1159655,Starbucks (ستاربكس),26.400343,50.117202,Coffee Shop,8.9,0.9902018664098022,Coffee Shop
10116,Al Iskan Al Janubi Dist.,Dammam,26.4199992,50.1159655,Starbucks (ستاربكس),26.411946,50.093566,Coffee Shop,9.1,0.9796062103180768,Coffee Shop
10117,Al Iskan Al Janubi Dist.,Dammam,26.4199992,50.1159655,Onda (اوندا),26.40564,50.101155,Coffee Shop,8.8,0.97646790748739,Coffee Shop
10118,Al Iskan Al Janubi Dist.,Dammam,26.4199992,50.1159655,Starbucks (ستاربكس),26.406848,50.13808,Coffee Shop,9.3,0.9851474380884316,Coffee Shop
10119,Al Iskan Al Janubi Dist.,Dammam,26.4199992,50.1159655,Tim Hortons (تيم هورتنز),26.411544,50.092832,Coffee Shop,9.0,0.986846057442335,Coffee Shop
10120,Al Iskan Al Janubi Dist.,Dammam,26.4199992,50.1159655,Starbucks (ستاربكس),26.399071,50.104867,Coffee Shop,9.0,0.988544676796238,Coffee Shop
10121,Al Iskan Al Janubi Dist.,Dammam,26.4199992,50.1159655,Garden Gate (قاردن قيت),26.398221,50.127066,Coffee Shop,9.0,0.9819055609068972,Coffee Shop
10122,Al Iskan Al Janubi Dist.,Dammam,26.4199992,50.1159655,Tim Hortons (تيم هورتنز),26.400097,50.116794,Coffee Shop,8.5,0.9979595852882992,Coffee Shop
10123,Al Iskan Al Janubi Dist.,Dammam,26.4199992,50.1159655,شاي عبق,26.434268,50.128406,Tea Room,8.3,0.991092605827093,Coffee Shop
10124,Al Iskan Al Janubi Dist.,Dammam,26.4199992,50.1159655,Zaffron Lounge (ديوانية زعفران),26.421009,50.100572,Café,8.0,0.9594609990781884,Coffee Shop
10125,Al Iskan Al Janubi Dist.,Dammam,26.4199992,50.1159655,شغف,26.406726,50.103451,Coffee Shop,8.2,0.9665765569814292,Coffee Shop
10126,Al Iskan Al Janubi Dist.,Dammam,26.4199992,50.1159655,Coffee Warehouse (مستودع القهوة),26.39495,50.104782,Coffee Shop,8.9,0.989425058778444,Coffee Shop
10127,Al Iskan Al Janubi Dist.,Dammam,26.4199992,50.1159655,Bitten (بيتن),26.400442,50.096558,Coffee Shop,8.7,0.9888036126733576,Coffee Shop
10128,Al Iskan Al Janubi Dist.,Dammam,26.4199992,50.1159655,Starbucks (ستاربكس),26.430711,50.13335,Coffee Shop,8.2,0.9940651896964235,Coffee Shop
10129,Al Iskan Al Janubi Dist.,Dammam,26.4199992,50.1159655,Starbucks (ستاربكس),26.422585,50.091569,Coffee Shop,8.3,0.9801344395074004,Coffee Shop
10130,Al Iskan Al Janubi Dist.,Dammam,26.4199992,50.1159655,Pages Coffee,26.400216,50.0973,Coffee Shop,8.5,0.9913929714445516,Coffee Shop
10131,Al Iskan Al Janubi Dist.,Dammam,26.4199992,50.1159655,بوفية عزيز,26.423848,50.094082,Café,8.1,0.9648468653222716,Coffee Shop
10132,Al Iskan Al Janubi Dist.,Dammam,26.4199992,50.1159655,ستاربكس,26.428519,50.107585,Coffee Shop,7.7,0.9473220851588312,Coffee Shop
10133,Al Iskan Al Janubi Dist.,Dammam,26.4199992,50.1159655,كوستا كوفي - الشرقية,26.400957,50.116567,Coffee Shop,8.0,0.9910304612165844,Coffee Shop
10134,Al Iskan Al Janubi Dist.,Dammam,26.4199992,50.1159655,Avenue cafe,26.421009,50.101281,Café,7.7,0.9604035256709028,Coffee Shop
10135,Al Iskan Al Janubi Dist.,Dammam,26.4199992,50.1159655,قهوة الطريق,26.439674,50.118311,Coffee Shop,7.8,0.9658515365254948,Coffee Shop
10136,Al Iskan Al Janubi Dist.,Dammam,26.4199992,50.1159655,dip n dip (Dip N Dip),26.40031,50.1152,Café,7.7,0.9221431604677418,Coffee Shop
10137,Al Iskan Al Janubi Dist.,Dammam,26.4199992,50.1159655,Brighton Cafe,26.417279,50.091732,Coffee Shop,7.8,0.9806212389563848,Coffee Shop
10138,Al Iskan Al Janubi Dist.,Dammam,26.4199992,50.1159655,bREw’s (بروز),26.421533,50.090762,Coffee Shop,7.8,0.9774518638204436,Coffee Shop
10139,Al Iskan Al Janubi Dist.,Dammam,26.4199992,50.1159655,ركن الشاهي,26.420883,50.097528,Tea Room,7.5,0.9583423960890324,Coffee Shop
10140,Al Iskan Al Janubi Dist.,Dammam,26.4199992,50.1159655,Cafe Liwan (قهوة ليوان),26.401203,50.116266,Café,7.4,0.9221224455975722,Coffee Shop
10141,Al Iskan Al Janubi Dist.,Dammam,26.4199992,50.1159655,La Mode Cafe at Novotel Business Park,26.40754,50.138548,Café,7.5,0.9732363877409398,Coffee Shop
10142,Al Iskan Al Janubi Dist.,Dammam,26.4199992,50.1159655,ستاربكس,26.440571,50.127659,Coffee Shop,7.4,0.9717656319589016,Coffee Shop
10143,Al Iskan Al Janubi Dist.,Dammam,26.4199992,50.1159655,Time Out Cafe,26.403023,50.105907,Coffee Shop,6.9,0.9479124589586636,Coffee Shop
10144,Al Iskan Al Janubi Dist.,Dammam,26.4199992,50.1159655,Coffee Valley (وادي القهوة),26.413057,50.115566,Coffee Shop,6.4,0.9368921480284622,Coffee Shop
10145,Al Iskan Al Janubi Dist.,Dammam,26.4199992,50.1159655,وناسه كافيه,26.420415,50.107059,Café,6.4,0.9467524262291686,Coffee Shop
10146,Al Iskan Al Janubi Dist.,Dammam,26.4199992,50.1159655,Moroccan Taste,26.400759,50.115301,Tea Room,6.7,0.9730706687795834,Coffee Shop
10147,Al Iskan Al Janubi Dist.,Dammam,26.4199992,50.1159655,Lulia (لوليا),26.4139,50.096175,Café,6.5,0.9513821997120632,Coffee Shop
10148,Al Iskan Al Janubi Dist.,Dammam,26.4199992,50.1159655,Dar Najd Ladies Center,26.441875,50.122287,Health and Beauty Service,6.4,0.9037897854975194,Coffee Shop
10149,Al Iskan Al Janubi Dist.,Dammam,26.4199992,50.1159655,شواهي,26.424465,50.115044,Tea Room,,0.9750903686211146,Coffee Shop
10150,Al Iskan Al Janubi Dist.,Dammam,26.4199992,50.1159655,دربي,26.413832,50.11473,Coffee Shop,,0.9471252938922206,Coffee Shop
10151,Al Iskan Al Janubi Dist.,Dammam,26.4199992,50.1159655,Kuba,26.413668,50.1157,Coffee Shop,,0.960672818983107,Coffee Shop
10152,Al Iskan Al Janubi Dist.,Dammam,26.4199992,50.1159655,Road Café (قهوة الطريق),26.416832,50.109514,Coffee Shop,,0.9434173321318708,Coffee Shop
10153,Al Iskan Al Janubi Dist.,Dammam,26.4199992,50.1159655,مقهى وناسة,26.421831,50.108579,Café,,0.9252918207335136,Coffee Shop
10154,Al Iskan Al Janubi Dist.,Dammam,26.4199992,50.1159655,30Days Cafe,26.414911,50.108156,Coffee Shop,,0.942713026546106,Coffee Shop
10155,Al Iskan Al Janubi Dist.,Dammam,26.4199992,50.1159655,Barn’s (بارنز),26.412571,50.110463,Coffee Shop,,0.9758671762524728,Coffee Shop
10156,Al Iskan Al Janubi Dist.,Dammam,26.4199992,50.1159655,Joffreys (جوفريز),26.430124,50.116391,Coffee Shop,,0.9670633564304136,Coffee Shop
10157,Al Urubah Dist.,Dammam,26.3417013,50.0016835,ستاربكس,26.34306,49.99533,Coffee Shop,8.7,0.9999348254761896,Coffee Shop
10158,Al Urubah Dist.,Dammam,26.3417013,50.0016835,Starbucks (ستاربكس),26.356493,50.015745,Coffee Shop,9.0,0.9998637468174614,Coffee Shop
10159,Al Urubah Dist.,Dammam,26.3417013,50.0016835,Dunkin’ Donuts Drive-Through,26.350529,50.018764,Coffee Shop,8.5,0.9999057119833198,Coffee Shop
10160,Al Urubah Dist.,Dammam,26.3417013,50.0016835,Tim Hortons,26.321822,50.021235,Coffee Shop,8.0,0.3562129074356026,Coffee Shop
10161,Al Urubah Dist.,Dammam,26.3417013,50.0016835,Bogotá Café,26.349178,50.01883,Coffee Shop,7.3,0.9893629141679354,Coffee Shop
10162,Al Urubah Dist.,Dammam,26.3417013,50.0016835,Road Café (قهوة الطريق),26.350577,50.019029,General Contractor,7.0,0.9870938919052148,Coffee Shop
10163,Al Urubah Dist.,Dammam,26.3417013,50.0016835,Dose,26.321856,50.017809,Coffee Shop,6.5,0.9597988471413108,Coffee Shop
10164,Al Urubah Dist.,Dammam,26.3417013,50.0016835,ستاربكس,26.342979,49.995412,Coffee Shop,,0.4749973246888654,Coffee Shop
10165,Al Urubah Dist.,Dammam,26.3417013,50.0016835,Bogota Cafe,26.346532,50.007476,Coffee Shop,,0.2030266835087205,Coffee Shop
10166,Al Urubah Dist.,Dammam,26.3417013,50.0016835,Home,26.350735,49.999826,Coffee Shop,,0.2771847048804164,Coffee Shop
10167,Al Urubah Dist.,Dammam,26.3417013,50.0016835,Barn’s (بارنز),26.350477,50.018443,Coffee Shop,,0.9982292176041452,Coffee Shop
10168,Al Urubah Dist.,Dammam,26.3417013,50.0016835,Moroccan Taste (المذاق المغربي),26.350481,50.018694,Café,,0.6574173557899141,Coffee Shop
10169,Al Urubah Dist.,Dammam,26.3417013,50.0016835,دانكن,26.35053,50.018749,Coffee Shop,,0.9793545635336453,Coffee Shop
10170,Al Urubah Dist.,Dammam,26.3417013,50.0016835,Morocan Taste,26.350569,50.018728,Tea Room,,0.9537484067424712,Coffee Shop
10171,Al Urubah Dist.,Dammam,26.3417013,50.0016835,شاي بخار علي القرعاوي,26.351222,50.018503,Tea Room,,0.4502784932087815,Coffee Shop
10172,Al Urubah Dist.,Dammam,26.3417013,50.0016835,Dunkin’,26.350656,50.018905,Coffee Shop,,0.5017491635914904,Coffee Shop
10173,Al Urubah Dist.,Dammam,26.3417013,50.0016835,Brioche,26.320529,50.016148,Café,,0.144944018239705,Coffee Shop
10174,Al Urubah Dist.,Dammam,26.3417013,50.0016835,Prince Sultan Cafè,26.323138,50.020371,Coffee Shop,,0.9634486115858268,Coffee Shop
10175,Al Urubah Dist.,Dammam,26.3417013,50.0016835,48Avenue- قهوة ٤٨,26.321977,50.019379,Coffee Shop,,0.9815048138422444,Coffee Shop
10176,Al Urubah Dist.,Dammam,26.3417013,50.0016835,THiRD WAVE | KFMMC (ثيرد ويڤ - مدينة الملك فهد الطبية),26.3216,50.018975,Coffee Roaster,,0.9996629807814046,Coffee Shop
10177,Al Iskan Northren Dist.,Dammam,26.3457181,49.9731045,Equal,26.341846,49.97053,Coffee Shop,8.9,0.9999634808896258,Coffee Shop
10178,Al Iskan Northren Dist.,Dammam,26.3457181,49.9731045,Starbucks (ستاربكس),26.34063,49.966884,Coffee Shop,9.1,0.998682919833936,Coffee Shop
10179,Al Iskan Northren Dist.,Dammam,26.3457181,49.9731045,ديوانية نايف للقهوة العربية,26.342337,49.971279,Coffee Shop,8.2,0.9996679433085984,Coffee Shop
10180,Al Iskan Northren Dist.,Dammam,26.3457181,49.9731045,Barns’sبارنز,26.338796,49.957759,Coffee Shop,8.7,0.999545152571626,Coffee Shop
10181,Al Iskan Northren Dist.,Dammam,26.3457181,49.9731045,Coffee Valley,26.35913,49.966586,Coffee Shop,8.4,0.9993484838016112,Coffee Shop
10182,Al Iskan Northren Dist.,Dammam,26.3457181,49.9731045,ستاربكس,26.34306,49.99533,Coffee Shop,8.7,0.9999348254761896,Coffee Shop
10183,Al Iskan Northren Dist.,Dammam,26.3457181,49.9731045,ستاربكس,26.372364,49.970428,Coffee Shop,9.3,0.9997006196415044,Coffee Shop
10184,Al Iskan Northren Dist.,Dammam,26.3457181,49.9731045,Monroe (مونرو),26.372156,49.969886,Coffee Shop,9.2,0.9996578401122092,Coffee Shop
10185,Al Iskan Northren Dist.,Dammam,26.3457181,49.9731045,Modo (مودو),26.34186,49.971346,Café,6.1,0.987745204512744,Coffee Shop
10186,Al Iskan Northren Dist.,Dammam,26.3457181,49.9731045,ديوانية جوي,26.342371,49.970978,Coffee Shop,,0.5388560407761952,Coffee Shop
10187,Al Iskan Northren Dist.,Dammam,26.3457181,49.9731045,Blue Sky,26.342052,49.97049,Coffee Shop,,0.9961332242595304,Coffee Shop
10188,Al Iskan Northren Dist.,Dammam,26.3457181,49.9731045,8Oz Specialty Coffee,26.341883,49.97074,Coffee Shop,,0.9983042153869136,Coffee Shop
10189,Al Iskan Northren Dist.,Dammam,26.3457181,49.9731045,ايكوال,26.342335,49.96974,Coffee Shop,,0.9365386423721694,Coffee Shop
10190,Al Iskan Northren Dist.,Dammam,26.3457181,49.9731045,ديوانية تراث الفرسان,26.355302,49.968372,Café,,0.9696345760392135,Coffee Shop
10191,Al Iskan Northren Dist.,Dammam,26.3457181,49.9731045,Manto Rose (مانتو روز),26.357223,49.967329,Coffee Shop,,0.999503772729488,Coffee Shop
10192,Al Iskan Northren Dist.,Dammam,26.3457181,49.9731045,دانكن دونتس - الفرسان طريق الرياض,26.338232,49.960237,Coffee Shop,,0.9627969006854522,Coffee Shop
10193,Al Iskan Northren Dist.,Dammam,26.3457181,49.9731045,The Third Cup,26.359407,49.966394,Coffee Shop,,0.989396122790228,Coffee Shop
10194,Al Iskan Northren Dist.,Dammam,26.3457181,49.9731045,كوفي لاين,26.338628,49.958219,Café,,0.9977125549011382,Coffee Shop
10195,Al Iskan Northren Dist.,Dammam,26.3457181,49.9731045,مقهى قبل الوعد,26.361124,49.970739,Coffee Shop,,0.998843273084436,Coffee Shop
10196,Al Iskan Northren Dist.,Dammam,26.3457181,49.9731045,Kyan,26.337745,49.957988,Café,,0.9976408909186898,Coffee Shop
10197,Al Iskan Northren Dist.,Dammam,26.3457181,49.9731045,Road Cafe,26.337819,49.957503,Café,,0.9982910074299212,Coffee Shop
10198,Al Iskan Northren Dist.,Dammam,26.3457181,49.9731045,Abu Turki Tea (شاي أبو تركي),26.337549,49.957438,Tea Room,,0.97541011788038,Coffee Shop
10199,Al Iskan Northren Dist.,Dammam,26.3457181,49.9731045,ديوانية تشاليت,26.36177,49.970686,Café,,0.5738096646871272,Coffee Shop
10200,Al Iskan Northren Dist.,Dammam,26.3457181,49.9731045,شاي نبيل,26.337143,49.95733,Tea Room,,0.2975932379332016,Coffee Shop
10201,Al Iskan Northren Dist.,Dammam,26.3457181,49.9731045,كرك - قهوة عربية - شاهي على الجمر,26.337425,49.957234,Café,,0.9888005940781271,Coffee Shop
10202,Al Iskan Northren Dist.,Dammam,26.3457181,49.9731045,ستاربكس,26.342979,49.995412,Coffee Shop,,0.4749973246888654,Coffee Shop
10203,Al Iskan Northren Dist.,Dammam,26.3457181,49.9731045,شقة بنو قحطان,26.366576,49.965558,Café,,0.8199348025722178,Coffee Shop
10204,Al Iskan Northren Dist.,Dammam,26.3457181,49.9731045,Home,26.350735,49.999826,Coffee Shop,,0.2771847048804164,Coffee Shop
10205,Al Iskan Northren Dist.,Dammam,26.3457181,49.9731045,سكن طلاب جامعة الاصاله,26.372233,49.970043,Café,,0.9389561311323634,Coffee Shop
10206,Al Iskan Northren Dist.,Dammam,26.3457181,49.9731045,ترك سهل,26.372373,49.970338,Bubble Tea Shop,,0.9474589761237548,Coffee Shop
10207,Al Iskan Northren Dist.,Dammam,26.3457181,49.9731045,Monroe,26.372526,49.970025,Coffee Shop,,0.9441056565302596,Coffee Shop
10208,Al Jud Dist.,Dammam,26.3790157,50.0995328,LAMBDA (لامدا),26.381123,50.098818,Coffee Shop,9.4,0.992656578524894,Coffee Shop
10209,Al Jud Dist.,Dammam,26.3790157,50.0995328,One Cup Speciality Coffee,26.377264,50.10152,Coffee Shop,8.9,0.9163844265606064,Coffee Shop
10210,Al Jud Dist.,Dammam,26.3790157,50.0995328,Chart (تشارت),26.384994,50.100857,Coffee Shop,9.4,0.997876725807621,Coffee Shop
10211,Al Jud Dist.,Dammam,26.3790157,50.0995328,The Garden (ذا قاردن),26.38441,50.096408,Coffee Shop,9.2,0.9931951651493024,Coffee Shop
10212,Al Jud Dist.,Dammam,26.3790157,50.0995328,Road Cafe (قهوة الطريق),26.380634,50.10353,General Contractor,8.7,0.9772032853784088,Coffee Shop
10213,Al Jud Dist.,Dammam,26.3790157,50.0995328,8Oz Speciality Coffee,26.372696,50.099472,Coffee Shop,9.1,0.9978663683725362,Coffee Shop
10214,Al Jud Dist.,Dammam,26.3790157,50.0995328,Turkistachio (تركستاشيو),26.382325,50.103675,Café,8.8,0.973412464137381,Coffee Shop
10215,Al Jud Dist.,Dammam,26.3790157,50.0995328,Park Coffee,26.382487,50.097539,Coffee Shop,8.5,0.9824337900962206,Coffee Shop
10216,Al Jud Dist.,Dammam,26.3790157,50.0995328,Starbucks (ستاربكس),26.371507,50.095822,Coffee Shop,9.1,0.9977627940216884,Coffee Shop
10217,Al Jud Dist.,Dammam,26.3790157,50.0995328,KYAN (كيان),26.383775,50.097323,Coffee Shop,8.4,0.9895907777398004,Coffee Shop
10218,Al Jud Dist.,Dammam,26.3790157,50.0995328,Road Café,26.377219,50.089819,Coffee Shop,8.8,0.9914861883603144,Coffee Shop
10219,Al Jud Dist.,Dammam,26.3790157,50.0995328,Dunkin Donuts,26.372597,50.098943,Donut Shop,8.4,0.9993681964598288,Coffee Shop
10220,Al Jud Dist.,Dammam,26.3790157,50.0995328,Woods Café & Roastery (مقهى ومحمصة وودز),26.368026,50.092919,Coffee Shop,9.4,0.9988399672705052,Coffee Shop
10221,Al Jud Dist.,Dammam,26.3790157,50.0995328,Tim Hortons,26.379768,50.086661,Coffee Shop,9.0,0.9961573915835482,Coffee Shop
10222,Al Jud Dist.,Dammam,26.3790157,50.0995328,22 Cafe,26.377774,50.103692,Coffee Shop,8.1,0.9551108763425824,Coffee Shop
10223,Al Jud Dist.,Dammam,26.3790157,50.0995328,Otten (اوتن),26.391985,50.104063,Coffee Shop,9.5,0.9999896425649152,Coffee Shop
10224,Al Jud Dist.,Dammam,26.3790157,50.0995328,llama (لاما),26.366323,50.094173,Café,9.5,0.9999689276947455,Coffee Shop
10225,Al Jud Dist.,Dammam,26.3790157,50.0995328,Ratio Speciality Coffee (ريشيو للقهوة المختصة),26.37146,50.089934,Coffee Shop,8.7,0.9922215662513336,Coffee Shop
10226,Al Jud Dist.,Dammam,26.3790157,50.0995328,Labiba,26.367464,50.09336,Coffee Shop,8.7,0.9811494681457084,Coffee Shop
10227,Al Jud Dist.,Dammam,26.3790157,50.0995328,MINA (مينا),26.373081,50.100454,Coffee Shop,8.1,0.9527908108835929,Coffee Shop
10228,Al Jud Dist.,Dammam,26.3790157,50.0995328,Karak Albait (كرك البيت),26.392967,50.09158,Café,9.0,0.956975214657842,Coffee Shop
10229,Al Jud Dist.,Dammam,26.3790157,50.0995328,BRIGHT (برايت),26.372574,50.098952,Café,8.1,0.9292276460657284,Coffee Shop
10230,Al Jud Dist.,Dammam,26.3790157,50.0995328,Sofa Sugar (صفة قند),26.375387,50.113311,Coffee Shop,8.6,0.9827963003241876,Coffee Shop
10231,Al Jud Dist.,Dammam,26.3790157,50.0995328,Road Cafe,26.389654,50.112863,Coffee Shop,8.8,0.9705227397487286,Coffee Shop
10232,Al Jud Dist.,Dammam,26.3790157,50.0995328,Coffee Warehouse (مستودع القهوة),26.39495,50.104782,Coffee Shop,8.9,0.989425058778444,Coffee Shop
10233,Al Jud Dist.,Dammam,26.3790157,50.0995328,UMQ Coffee (قهوة عُمق),26.397581,50.092256,Coffee Shop,9.6,0.9996374897720328,Coffee Shop
10234,Al Jud Dist.,Dammam,26.3790157,50.0995328,مجلس المساء كافيه,26.365602,50.094777,Coffee Shop,8.3,0.9837906140923262,Coffee Shop
10235,Al Jud Dist.,Dammam,26.3790157,50.0995328,Starbucks (ستاربكس),26.399071,50.104867,Coffee Shop,9.0,0.988544676796238,Coffee Shop
10236,Al Jud Dist.,Dammam,26.3790157,50.0995328,Onda Coffee (اوندا كافيه),26.376212,50.122733,Coffee Shop,8.9,0.998291023211012,Coffee Shop
10237,Al Jud Dist.,Dammam,26.3790157,50.0995328,Starbucks (ستاربكس),26.387181,50.075059,Coffee Shop,9.1,0.9935162456369304,Coffee Shop
10238,Al Jud Dist.,Dammam,26.3790157,50.0995328,Wacafe (وكف),26.395581,50.077931,Coffee Shop,9.5,0.9999378553894912,Coffee Shop
10239,Al Jud Dist.,Dammam,26.3790157,50.0995328,Tilio (تِليو),26.368964,50.08007,Café,8.6,0.9818330588613036,Coffee Shop
10240,Al Jud Dist.,Dammam,26.3790157,50.0995328,Bitten (بيتن),26.400442,50.096558,Coffee Shop,8.7,0.9888036126733576,Coffee Shop
10241,Al Jud Dist.,Dammam,26.3790157,50.0995328,Starbucks (ستاربكس),26.395243,50.078138,Coffee Shop,9.1,0.9934541010264218,Coffee Shop
10242,Al Jud Dist.,Dammam,26.3790157,50.0995328,All Day (اول دي),26.404895,50.102219,Café,9.4,0.991745124237434,Coffee Shop
10243,Al Jud Dist.,Dammam,26.3790157,50.0995328,Pages Coffee,26.400216,50.0973,Coffee Shop,8.5,0.9913929714445516,Coffee Shop
10244,Al Jud Dist.,Dammam,26.3790157,50.0995328,Starbucks (ستاربكس),26.400343,50.117202,Coffee Shop,8.9,0.9902018664098022,Coffee Shop
10245,Al Jud Dist.,Dammam,26.3790157,50.0995328,Starbucks (ستاربكس),26.401618,50.115742,Coffee Shop,8.9,0.9674258666583808,Coffee Shop
10246,Al Jud Dist.,Dammam,26.3790157,50.0995328,Onda (اوندا),26.40564,50.101155,Coffee Shop,8.8,0.97646790748739,Coffee Shop
10247,Al Jud Dist.,Dammam,26.3790157,50.0995328,Coach Cup (كوتش كب),26.395831,50.089747,Café,8.2,0.95684056800174,Coffee Shop
10248,Al Jud Dist.,Dammam,26.3790157,50.0995328,Black Tea (الشاي الاسود),26.398351,50.093591,Tea Room,8.2,0.9561259049808906,Coffee Shop
10249,Al Jud Dist.,Dammam,26.3790157,50.0995328,Tim Hortons (تيم هورتنز),26.400097,50.116794,Coffee Shop,8.5,0.9979595852882992,Coffee Shop
10250,Al Jud Dist.,Dammam,26.3790157,50.0995328,Lute,26.391378,50.073892,Coffee Shop,8.4,0.9750696537509452,Coffee Shop
10251,Al Jud Dist.,Dammam,26.3790157,50.0995328,Caffé Bene (كافيه بيني),26.387319,50.074964,Coffee Shop,8.2,0.98568602471284,Coffee Shop
10252,Al Jud Dist.,Dammam,26.3790157,50.0995328,Three Grams (٣ جرام),26.394154,50.078638,Coffee Shop,8.1,0.9527183088379994,Coffee Shop
10253,Al Jud Dist.,Dammam,26.3790157,50.0995328,كوستا كوفي - الشرقية,26.400957,50.116567,Coffee Shop,8.0,0.9910304612165844,Coffee Shop
10254,Al Jud Dist.,Dammam,26.3790157,50.0995328,Sikkat Karak (سكة كرك),26.366198,50.075701,Café,7.9,0.995059503464562,Coffee Shop
10255,Al Jud Dist.,Dammam,26.3790157,50.0995328,dip n dip (Dip N Dip),26.40031,50.1152,Café,7.7,0.9221431604677418,Coffee Shop
10256,Al Jud Dist.,Dammam,26.3790157,50.0995328,ICONS Coffee Couture,26.38818,50.074973,Coffee Shop,7.6,0.987488218417591,Coffee Shop
10257,Al Jud Dist.,Dammam,26.3790157,50.0995328,Cafe Liwan (قهوة ليوان),26.401203,50.116266,Café,7.4,0.9221224455975722,Coffee Shop
10258,An Nasriyah Dist.,Dammam,26.4266762,50.1199443,قيصرية الواحة,26.429371,50.117122,Café,8.2,0.9948627121979512,Coffee Shop
10259,An Nasriyah Dist.,Dammam,26.4266762,50.1199443,Alkarak (الكرك),26.414136,50.119659,Tea Room,8.8,0.96653512724109,Coffee Shop
10260,An Nasriyah Dist.,Dammam,26.4266762,50.1199443,Ojair Coffee (اوجير كوفي),26.411095,50.114829,Coffee Shop,9.4,0.996996343825415,Coffee Shop
10261,An Nasriyah Dist.,Dammam,26.4266762,50.1199443,شاي عبق,26.434268,50.128406,Tea Room,8.3,0.991092605827093,Coffee Shop
10262,An Nasriyah Dist.,Dammam,26.4266762,50.1199443,Starbucks (ستاربكس),26.411037,50.109414,Coffee Shop,9.2,0.9986846057442336,Coffee Shop
10263,An Nasriyah Dist.,Dammam,26.4266762,50.1199443,Mafaz (مَفَاز),26.406929,50.112725,Coffee Shop,9.4,0.9971620627867714,Coffee Shop
10264,An Nasriyah Dist.,Dammam,26.4266762,50.1199443,Starbucks (ستاربكس),26.430711,50.13335,Coffee Shop,8.2,0.9940651896964235,Coffee Shop
10265,An Nasriyah Dist.,Dammam,26.4266762,50.1199443,Starbucks (ستاربكس),26.412921,50.100693,Coffee Shop,8.9,0.9922319236864184,Coffee Shop
10266,An Nasriyah Dist.,Dammam,26.4266762,50.1199443,Starbucks (ستاربكس),26.406848,50.13808,Coffee Shop,9.3,0.9851474380884316,Coffee Shop
10267,An Nasriyah Dist.,Dammam,26.4266762,50.1199443,All Day (اول دي),26.404895,50.102219,Café,9.4,0.991745124237434,Coffee Shop
10268,An Nasriyah Dist.,Dammam,26.4266762,50.1199443,7 Grams | ٧ جرام (٧ جرام للقهوة المختصة),26.451182,50.131134,Coffee Shop,9.2,0.9967063356430412,Coffee Shop
10269,An Nasriyah Dist.,Dammam,26.4266762,50.1199443,017 Cafe,26.451996,50.130228,Coffee Shop,9.1,0.9976695771059256,Coffee Shop
10270,An Nasriyah Dist.,Dammam,26.4266762,50.1199443,Troy (تروي),26.452454,50.124545,Café,9.0,0.9916208350164164,Coffee Shop
10271,An Nasriyah Dist.,Dammam,26.4266762,50.1199443,Starbucks (ستاربكس),26.401618,50.115742,Coffee Shop,8.9,0.9674258666583808,Coffee Shop
10272,An Nasriyah Dist.,Dammam,26.4266762,50.1199443,Habits (هابيتس),26.452591,50.124033,Coffee Shop,9.0,0.9546344343286828,Coffee Shop
10273,An Nasriyah Dist.,Dammam,26.4266762,50.1199443,Starbucks (ستاربكس),26.400343,50.117202,Coffee Shop,8.9,0.9902018664098022,Coffee Shop
10274,An Nasriyah Dist.,Dammam,26.4266762,50.1199443,Onda (اوندا),26.40564,50.101155,Coffee Shop,8.8,0.97646790748739,Coffee Shop
10275,An Nasriyah Dist.,Dammam,26.4266762,50.1199443,قهوة الطريق,26.439674,50.118311,Coffee Shop,7.8,0.9658515365254948,Coffee Shop
10276,An Nasriyah Dist.,Dammam,26.4266762,50.1199443,Zaffron Lounge (ديوانية زعفران),26.421009,50.100572,Café,8.0,0.9594609990781884,Coffee Shop
10277,An Nasriyah Dist.,Dammam,26.4266762,50.1199443,ستاربكس,26.428519,50.107585,Coffee Shop,7.7,0.9473220851588312,Coffee Shop
10278,An Nasriyah Dist.,Dammam,26.4266762,50.1199443,Tim Hortons (تيم هورتنز),26.400097,50.116794,Coffee Shop,8.5,0.9979595852882992,Coffee Shop
10279,An Nasriyah Dist.,Dammam,26.4266762,50.1199443,Park Coffee,26.451734,50.127202,Coffee Shop,8.4,0.972811732902464,Coffee Shop
10280,An Nasriyah Dist.,Dammam,26.4266762,50.1199443,Starbucks (ستاربكس),26.422585,50.091569,Coffee Shop,8.3,0.9801344395074004,Coffee Shop
10281,An Nasriyah Dist.,Dammam,26.4266762,50.1199443,24 Cafe,26.451228,50.130944,Coffee Shop,8.3,0.9795854954479072,Coffee Shop
10282,An Nasriyah Dist.,Dammam,26.4266762,50.1199443,بوفية عزيز,26.423848,50.094082,Café,8.1,0.9648468653222716,Coffee Shop
10283,An Nasriyah Dist.,Dammam,26.4266762,50.1199443,شغف,26.406726,50.103451,Coffee Shop,8.2,0.9665765569814292,Coffee Shop
10284,An Nasriyah Dist.,Dammam,26.4266762,50.1199443,Bastah Karak (بسطة كرك),26.450936,50.131199,Tea Room,8.2,0.979782286714518,Coffee Shop
10285,An Nasriyah Dist.,Dammam,26.4266762,50.1199443,كوستا كوفي - الشرقية,26.400957,50.116567,Coffee Shop,8.0,0.9910304612165844,Coffee Shop
10286,An Nasriyah Dist.,Dammam,26.4266762,50.1199443,View Cafe,26.451949,50.126317,Café,8.0,0.9710509689380522,Coffee Shop
10287,An Nasriyah Dist.,Dammam,26.4266762,50.1199443,Icons Coffee Couture,26.451596,50.127771,Coffee Shop,8.0,0.9775761530414608,Coffee Shop
10288,An Nasriyah Dist.,Dammam,26.4266762,50.1199443,Avenue cafe,26.421009,50.101281,Café,7.7,0.9604035256709028,Coffee Shop
10289,An Nasriyah Dist.,Dammam,26.4266762,50.1199443,bREw’s (بروز),26.421533,50.090762,Coffee Shop,7.8,0.9774518638204436,Coffee Shop
10290,An Nasriyah Dist.,Dammam,26.4266762,50.1199443,Brighton Cafe,26.417279,50.091732,Coffee Shop,7.8,0.9806212389563848,Coffee Shop
10291,An Nasriyah Dist.,Dammam,26.4266762,50.1199443,ستاربكس,26.440571,50.127659,Coffee Shop,7.4,0.9717656319589016,Coffee Shop
10292,An Nasriyah Dist.,Dammam,26.4266762,50.1199443,ركن الشاهي,26.420883,50.097528,Tea Room,7.5,0.9583423960890324,Coffee Shop
10293,An Nasriyah Dist.,Dammam,26.4266762,50.1199443,dip n dip (Dip N Dip),26.40031,50.1152,Café,7.7,0.9221431604677418,Coffee Shop
10294,An Nasriyah Dist.,Dammam,26.4266762,50.1199443,La Mode Cafe at Novotel Business Park,26.40754,50.138548,Café,7.5,0.9732363877409398,Coffee Shop
10295,An Nasriyah Dist.,Dammam,26.4266762,50.1199443,Cafe Liwan (قهوة ليوان),26.401203,50.116266,Café,7.4,0.9221224455975722,Coffee Shop
10296,An Nasriyah Dist.,Dammam,26.4266762,50.1199443,Time Out Cafe,26.403023,50.105907,Coffee Shop,6.9,0.9479124589586636,Coffee Shop
10297,An Nasriyah Dist.,Dammam,26.4266762,50.1199443,وناسه كافيه,26.420415,50.107059,Café,6.4,0.9467524262291686,Coffee Shop
10298,An Nasriyah Dist.,Dammam,26.4266762,50.1199443,Coffee Valley (وادي القهوة),26.413057,50.115566,Coffee Shop,6.4,0.9368921480284622,Coffee Shop
10299,An Nasriyah Dist.,Dammam,26.4266762,50.1199443,Dar Najd Ladies Center,26.441875,50.122287,Health and Beauty Service,6.4,0.9037897854975194,Coffee Shop
10300,An Nasriyah Dist.,Dammam,26.4266762,50.1199443,Moroccan Taste,26.400759,50.115301,Tea Room,6.7,0.9730706687795834,Coffee Shop
10301,An Nasriyah Dist.,Dammam,26.4266762,50.1199443,Lulia (لوليا),26.4139,50.096175,Café,6.5,0.9513821997120632,Coffee Shop
10302,An Nasriyah Dist.,Dammam,26.4266762,50.1199443,Joffreys (جوفريز),26.430124,50.116391,Coffee Shop,,0.9670633564304136,Coffee Shop
10303,An Nasriyah Dist.,Dammam,26.4266762,50.1199443,شواهي,26.424465,50.115044,Tea Room,,0.9750903686211146,Coffee Shop
10304,An Nasriyah Dist.,Dammam,26.4266762,50.1199443,Ramisis Kennel,26.433386,50.119318,Pet Café,,0.9478606717832396,Coffee Shop
10305,An Nasriyah Dist.,Dammam,26.4266762,50.1199443,دوانية ابناء البخيت,26.434772,50.122384,Tea Room,,0.9021222384488704,Coffee Shop
10306,An Nasriyah Dist.,Dammam,26.4266762,50.1199443,مقهى وناسة,26.421831,50.108579,Café,,0.9252918207335136,Coffee Shop
10307,An Nasriyah Dist.,Dammam,26.4266762,50.1199443,Kuba,26.413668,50.1157,Coffee Shop,,0.960672818983107,Coffee Shop
10308,Al Maha Dist.,Khobar,26.1887355,50.1303311,A PLUS (اي بلس),26.18675,50.159541,Coffee Shop,9.2,0.9999292776252756,Coffee Shop
10309,Al Maha Dist.,Khobar,26.1887355,50.1303311,شاي جمر - طريق الخالدية,26.173941,50.120283,Coffee Shop,,0.3706104379252106,Coffee Shop
10310,Al Maha Dist.,Khobar,26.1887355,50.1303311,N'storeis cafe,26.184444,50.15848,Café,,0.9970642961564972,Coffee Shop
10311,Al Maha Dist.,Khobar,26.1887355,50.1303311,ارياف التوت,26.174006,50.153909,Café,,0.9834545780522184,Coffee Shop
10312,Al Maha Dist.,Khobar,26.1887355,50.1303311,Rahal Tea,26.17904,50.157268,Tea Room,,0.9454976326836622,Coffee Shop
10313,Al Maha Dist.,Khobar,26.1887355,50.1303311,حارة الشاي,26.181601,50.158439,Tea Room,,0.9976510959105086,Coffee Shop
10314,Al Maha Dist.,Khobar,26.1887355,50.1303311,Stay Tuned (قريبًا),26.186678,50.159556,Coffee Shop,,0.4998977337665238,Coffee Shop
10315,Al Maha Dist.,Khobar,26.1887355,50.1303311,بارنز,26.186395,50.159646,Coffee Shop,,0.9960306908130516,Coffee Shop
10316,As Sadafah Dist.,Khobar,26.3741035,50.2172372,Ateej (عتيج),26.371895,50.229472,Tea Room,9.3,0.9999728715180078,Coffee Shop
10317,As Sadafah Dist.,Khobar,26.3741035,50.2172372,Bling,26.362172,50.206266,Café,9.4,0.983806073975659,Coffee Shop
10318,As Sadafah Dist.,Khobar,26.3741035,50.2172372,TITLE (تايتل),26.360902,50.206339,Coffee Shop,9.3,0.9944975746712958,Coffee Shop
10319,As Sadafah Dist.,Khobar,26.3741035,50.2172372,Starbucks (ستاربكس),26.360292,50.20691,Coffee Shop,9.3,0.9961896644648608,Coffee Shop
10320,As Sadafah Dist.,Khobar,26.3741035,50.2172372,The HUB (ذا هب),26.360464,50.206327,Coffee Shop,9.2,0.995324818570372,Coffee Shop
10321,As Sadafah Dist.,Khobar,26.3741035,50.2172372,Blue Sky (بلو سكاي),26.362892,50.2063,Coffee Shop,8.7,0.9947733226376546,Coffee Shop
10322,As Sadafah Dist.,Khobar,26.3741035,50.2172372,Hûge (هيوج),26.360886,50.206747,Coffee Shop,8.8,0.991852900993946,Coffee Shop
10323,As Sadafah Dist.,Khobar,26.3741035,50.2172372,Repeat (ريبيت),26.361046,50.206477,Coffee Shop,8.7,0.9893461012997756,Coffee Shop
10324,As Sadafah Dist.,Khobar,26.3741035,50.2172372,Caribou Coffee (كاريبو كوفي),26.354229,50.209282,"Cafe, Coffee, and Tea House",9.3,0.9730895052830804,Coffee Shop
10325,As Sadafah Dist.,Khobar,26.3741035,50.2172372,RATIO Speciality Coffee (ريشيو للقهوة المختصة),26.362719,50.198088,Coffee Shop,9.0,0.9952872165749596,Coffee Shop
10326,As Sadafah Dist.,Khobar,26.3741035,50.2172372,Detective Cafe,26.35211,50.211592,Coffee Shop,9.2,0.9666595640675332,Coffee Shop
10327,As Sadafah Dist.,Khobar,26.3741035,50.2172372,Lapro Cafe,26.350858,50.211908,Coffee Shop,8.9,0.9839439479588384,Coffee Shop
10328,As Sadafah Dist.,Khobar,26.3741035,50.2172372,Kashida (كشيدة),26.351955,50.211275,Café,8.8,0.9724001353671836,Coffee Shop
10329,As Sadafah Dist.,Khobar,26.3741035,50.2172372,Road Café (قهوة الطريق),26.361657,50.196232,General Contractor,8.8,0.9869897095872554,Coffee Shop
10330,As Sadafah Dist.,Khobar,26.3741035,50.2172372,Café Quindío (كافيه كينديو),26.351217,50.211122,Café,8.9,0.967023050023188,Coffee Shop
10331,As Sadafah Dist.,Khobar,26.3741035,50.2172372,Mocha Coffee Roasters (مقهى ومحمصة مخا),26.352279,50.211451,Coffee Shop,8.7,0.9692415677525288,Coffee Shop
10332,As Sadafah Dist.,Khobar,26.3741035,50.2172372,Maqadeer (مقادير),26.36124,50.206361,Bakery,8.2,0.860596869007182,Coffee Shop
10333,As Sadafah Dist.,Khobar,26.3741035,50.2172372,Carpet (كاربت),26.35154,50.211723,Coffee Shop,8.8,0.9736159332188562,Coffee Shop
10334,As Sadafah Dist.,Khobar,26.3741035,50.2172372,Lounge EXIT-7 (مقهى مخرج ٧),26.360069,50.206666,Café,8.2,0.9942092927064664,Coffee Shop
10335,As Sadafah Dist.,Khobar,26.3741035,50.2172372,Woods,26.351737,50.211276,Coffee Shop,8.6,0.9064587694120302,Coffee Shop
10336,As Sadafah Dist.,Khobar,26.3741035,50.2172372,Destination 35 (دستينيشن 35),26.360166,50.206765,Café,8.0,0.9171878721030796,Coffee Shop
10337,As Sadafah Dist.,Khobar,26.3741035,50.2172372,Light (لايت),26.352009,50.21164,Coffee Shop,8.3,0.918767155910407,Coffee Shop
10338,As Sadafah Dist.,Khobar,26.3741035,50.2172372,Ripoz Specialty Coffee (قهوة ومحمصة ريبوز),26.362829,50.198276,Coffee Shop,8.1,0.1891505709236303,Coffee Shop
10339,As Sadafah Dist.,Khobar,26.3741035,50.2172372,Ruba’a (رُباع),26.366799,50.195457,Tea Room,8.1,0.9919315580689598,Coffee Shop
10340,As Sadafah Dist.,Khobar,26.3741035,50.2172372,Vedette (فيدت),26.361034,50.206318,Coffee Shop,7.9,0.4601105498665129,Coffee Shop
10341,As Sadafah Dist.,Khobar,26.3741035,50.2172372,Kiara (كيارا),26.382683,50.212681,Coffee Shop,7.4,0.8384585677968377,Coffee Shop
10342,As Sadafah Dist.,Khobar,26.3741035,50.2172372,Olabs,26.36298,50.198744,Coffee Shop,7.7,0.8973340185252497,Coffee Shop
10343,As Sadafah Dist.,Khobar,26.3741035,50.2172372,Sunrise Pastry (سنرايز باستري),26.353518,50.202738,Café,7.8,0.918002582003685,Coffee Shop
10344,As Sadafah Dist.,Khobar,26.3741035,50.2172372,Seven Degrees Coffee,26.361687,50.195161,Coffee Shop,7.6,0.9618590426531968,Coffee Shop
10345,As Sadafah Dist.,Khobar,26.3741035,50.2172372,Art Coffee,26.366803,50.195176,Coffee Shop,7.4,0.9439869910615336,Coffee Shop
10346,As Sadafah Dist.,Khobar,26.3741035,50.2172372,Lark,26.354638,50.200259,Coffee Shop,7.2,0.9692917037464122,Coffee Shop
10347,As Sadafah Dist.,Khobar,26.3741035,50.2172372,Fliter Roastery (محمصة فلتر),26.360955,50.207554,Coffee Shop,6.5,0.6468921950791522,Coffee Shop
10348,As Sadafah Dist.,Khobar,26.3741035,50.2172372,Suavis,26.380702,50.214913,Café,,0.5100598442606273,Coffee Shop
10349,As Sadafah Dist.,Khobar,26.3741035,50.2172372,Nouveau Waffle,26.380256,50.212727,Café,,0.3806466529217387,Coffee Shop
10350,As Sadafah Dist.,Khobar,26.3741035,50.2172372,Acuppa Tea,26.380409,50.212805,Bubble Tea Shop,,0.9742679477112508,Coffee Shop
10351,As Sadafah Dist.,Khobar,26.3741035,50.2172372,Speel,26.380179,50.21257,Coffee Shop,,0.9441340829039792,Coffee Shop
10352,As Sadafah Dist.,Khobar,26.3741035,50.2172372,Rajokark,26.380917,50.213558,Café,,0.8008707835537777,Coffee Shop
10353,As Sadafah Dist.,Khobar,26.3741035,50.2172372,Wacafe,26.380455,50.212616,Coffee Shop,,0.9937538069900124,Coffee Shop
10354,As Sadafah Dist.,Khobar,26.3741035,50.2172372,August,26.380593,50.212048,Coffee Shop,,0.1746117617747727,Coffee Shop
10355,As Sadafah Dist.,Khobar,26.3741035,50.2172372,Jucie Bar Dahran Expo,26.381169,50.212867,Coffee Shop,,0.8247241502912812,Coffee Shop
10356,As Sadafah Dist.,Khobar,26.3741035,50.2172372,خادر,26.38157,50.21232,Tea Room,,0.8108836873969242,Coffee Shop
10357,As Sadafah Dist.,Khobar,26.3741035,50.2172372,8Oz Coffee,26.381662,50.212494,Coffee Shop,,0.9832650858599912,Coffee Shop
10358,As Sadafah Dist.,Khobar,26.3741035,50.2172372,Three Seeds,26.382547,50.212795,Coffee Shop,,0.9934053612344428,Coffee Shop
10359,As Sadafah Dist.,Khobar,26.3741035,50.2172372,Charcoal Tea (The Prince),26.364601,50.212996,Tea Room,,0.4677061529398493,Coffee Shop
10360,As Sadafah Dist.,Khobar,26.3741035,50.2172372,شاهي جمر (البرنس),26.364447,50.212919,Tea Room,,0.9527844277602998,Coffee Shop
10361,As Sadafah Dist.,Khobar,26.3741035,50.2172372,Oaisis Cafee,26.366584,50.20711,Café,,0.9828268819843594,Coffee Shop
10362,As Sadafah Dist.,Khobar,26.3741035,50.2172372,دانكن,26.364537,50.208526,Coffee Shop,,0.6372034142611834,Coffee Shop
10363,As Sadafah Dist.,Khobar,26.3741035,50.2172372,Fun&Art,26.364742,50.207573,Coffee Shop,,0.9609189927678828,Coffee Shop
10364,As Sadafah Dist.,Khobar,26.3741035,50.2172372,شاهي سَفح,26.377584,50.233351,Tea Room,,0.964226541147812,Coffee Shop
10365,As Sadafah Dist.,Khobar,26.3741035,50.2172372,شاهي الراكة,26.375895,50.234292,Tea Room,,0.1937912422592528,Coffee Shop
10366,At Tahliyah Dist.,Khobar,26.1894944,50.1899946,Tea Time (وقت الشاي),26.193107,50.189713,Tea Room,9.0,0.9952245465826052,Coffee Shop
10367,At Tahliyah Dist.,Khobar,26.1894944,50.1899946,Bakerista (بيكريستا),26.192277,50.189341,Coffee Shop,8.6,0.611383377411228,Coffee Shop
10368,At Tahliyah Dist.,Khobar,26.1894944,50.1899946,ديوانية اللقاء,26.189311,50.188527,Café,8.4,0.938871689457654,Coffee Shop
10369,At Tahliyah Dist.,Khobar,26.1894944,50.1899946,La Prep (لا بريب),26.187943,50.187529,Coffee Shop,8.5,0.9608813907724704,Coffee Shop
10370,At Tahliyah Dist.,Khobar,26.1894944,50.1899946,Half Million (هاف مليون),26.184086,50.183927,Coffee Shop,9.2,0.9987466001529148,Coffee Shop
10371,At Tahliyah Dist.,Khobar,26.1894944,50.1899946,Al-Seef Cafe (السيف كافيه),26.183073,50.184394,Café,9.0,0.980233884411466,Coffee Shop
10372,At Tahliyah Dist.,Khobar,26.1894944,50.1899946,ALDEERAH COFFEE (ديوانية الديرة),26.196845,50.193274,Café,8.8,0.990160811200381,Coffee Shop
10373,At Tahliyah Dist.,Khobar,26.1894944,50.1899946,Blue Sky,26.191371,50.189756,Coffee Shop,8.1,0.9796698544802778,Coffee Shop
10374,At Tahliyah Dist.,Khobar,26.1894944,50.1899946,Pastel (باستيل),26.191002,50.189381,Coffee Shop,7.9,0.9541757015905644,Coffee Shop
10375,At Tahliyah Dist.,Khobar,26.1894944,50.1899946,3 Degrees Coffee,26.185528,50.185863,Coffee Shop,8.2,0.9148314803905594,Coffee Shop
10376,At Tahliyah Dist.,Khobar,26.1894944,50.1899946,UMQ Coffee (قهوة عُمق),26.201283,50.198941,Coffee Shop,9.2,0.9997242520336412,Coffee Shop
10377,At Tahliyah Dist.,Khobar,26.1894944,50.1899946,Starbucks (ستاربكس),26.201824,50.19527,Coffee Shop,8.9,0.8868555958036173,Coffee Shop
10378,At Tahliyah Dist.,Khobar,26.1894944,50.1899946,Starbucks (ستاربكس),26.205635,50.19663,Coffee Shop,9.2,0.9931564368349148,Coffee Shop
10379,At Tahliyah Dist.,Khobar,26.1894944,50.1899946,Dose Coffee Roasters (محمصة و مقهى دوز),26.202823,50.195657,Coffee Shop,8.7,0.9839564819573092,Coffee Shop
10380,At Tahliyah Dist.,Khobar,26.1894944,50.1899946,Tea Leaves (ورق الشاي),26.201635,50.201512,Café,8.7,0.9490242282190442,Coffee Shop
10381,At Tahliyah Dist.,Khobar,26.1894944,50.1899946,ستاربكس,26.209074,50.195728,Coffee Shop,8.9,0.9980822982339596,Coffee Shop
10382,At Tahliyah Dist.,Khobar,26.1894944,50.1899946,KYAN (كيان),26.203972,50.196309,Coffee Shop,8.4,0.8953912487622676,Coffee Shop
10383,At Tahliyah Dist.,Khobar,26.1894944,50.1899946,Compass Cafe (بوصلة القهوة),26.208436,50.190999,Coffee Shop,8.7,0.9602922928443404,Coffee Shop
10384,At Tahliyah Dist.,Khobar,26.1894944,50.1899946,Whole Bean (هول بين),26.208876,50.187166,Coffee Shop,8.8,0.994735720642242,Coffee Shop
10385,At Tahliyah Dist.,Khobar,26.1894944,50.1899946,Moroccan Taste (المذاق المغربي),26.203164,50.197101,Tea Room,8.2,0.9892834313074214,Coffee Shop
10386,At Tahliyah Dist.,Khobar,26.1894944,50.1899946,ستاربكس,26.178883,50.16414,Coffee Shop,9.1,0.9998102787680564,Coffee Shop
10387,At Tahliyah Dist.,Khobar,26.1894944,50.1899946,ديوانية المتكى الشعبي,26.2045,50.197517,Café,8.1,0.9819635762004436,Coffee Shop
10388,At Tahliyah Dist.,Khobar,26.1894944,50.1899946,The Coffeze (مقهى القهوات),26.208865,50.208698,Coffee Shop,8.8,0.9910381910933408,Coffee Shop
10389,At Tahliyah Dist.,Khobar,26.1894944,50.1899946,كيف الشرق,26.184672,50.164675,Café,8.5,0.9977103917482588,Coffee Shop
10390,At Tahliyah Dist.,Khobar,26.1894944,50.1899946,Almssa'a Steam Tea (المَساء لشايّ البُخار),26.204044,50.209137,Tea Room,8.4,0.9875412055199728,Coffee Shop
10391,At Tahliyah Dist.,Khobar,26.1894944,50.1899946,Handel (مقبض),26.216266,50.193329,Coffee Shop,8.5,0.9836807339909504,Coffee Shop
10392,At Tahliyah Dist.,Khobar,26.1894944,50.1899946,شاهي وذذ نكهة,26.184033,50.164815,Café,8.2,0.9955524813335812,Coffee Shop
10393,At Tahliyah Dist.,Khobar,26.1894944,50.1899946,ديوانية مشار,26.210951,50.197949,Café,8.1,0.9679254979130892,Coffee Shop
10394,At Tahliyah Dist.,Khobar,26.1894944,50.1899946,Maa Ward,26.196442,50.19833,Café,7.5,0.8606595389995363,Coffee Shop
10395,At Tahliyah Dist.,Khobar,26.1894944,50.1899946,The lake cafe (مقهى البحيرة),26.183352,50.165139,Café,8.0,0.9808083295128236,Coffee Shop
10396,At Tahliyah Dist.,Khobar,26.1894944,50.1899946,63 Coffee,26.206177,50.208401,Coffee Shop,7.6,0.906985197347806,Coffee Shop
10397,At Tahliyah Dist.,Khobar,26.1894944,50.1899946,ستاربكس,26.184758,50.161466,Coffee Shop,7.5,0.9827846877787842,Coffee Shop
10398,At Tahliyah Dist.,Khobar,26.1894944,50.1899946,اوتار,26.20067,50.212144,Coffee Shop,7.3,0.945815524610506,Coffee Shop
10399,At Tahliyah Dist.,Khobar,26.1894944,50.1899946,AWTAR (أوتار),26.200563,50.212349,Hookah Bar,7.0,0.8708246117593974,Coffee Shop
10400,At Tahliyah Dist.,Khobar,26.1894944,50.1899946,Coffee & Tea (قهوة وشاي),26.185573,50.184967,Coffee Shop,5.9,0.8289109208728677,Coffee Shop
10401,At Tahliyah Dist.,Khobar,26.1894944,50.1899946,24 Cafe,26.191456,50.190312,Café,,0.3874258927340411,Coffee Shop
10402,At Tahliyah Dist.,Khobar,26.1894944,50.1899946,Coffee Location,26.188295,50.18726,Coffee Shop,,0.5532130905080029,Coffee Shop
10403,At Tahliyah Dist.,Khobar,26.1894944,50.1899946,Gacela Café (جاسيلا كافيه),26.216299,50.193428,Coffee Shop,6.4,0.9491495682037526,Coffee Shop
10404,At Tahliyah Dist.,Khobar,26.1894944,50.1899946,Perfect Coffee,26.18831,50.186725,Coffee Shop,,0.8717771956431821,Coffee Shop
10405,At Tahliyah Dist.,Khobar,26.1894944,50.1899946,After Caf,26.185433,50.186353,Café,,0.7033202561949288,Coffee Shop
10406,At Tahliyah Dist.,Khobar,26.1894944,50.1899946,Coffee Valley (وادي القهوة),26.185603,50.184841,Coffee Shop,,0.928869558677914,Coffee Shop
10407,At Tahliyah Dist.,Khobar,26.1894944,50.1899946,شاهي ابو عبدالعزيز,26.184881,50.184499,Tea Room,,0.0852061216048531,Coffee Shop
10408,At Tahliyah Dist.,Khobar,26.1894944,50.1899946,Barista Kurdi,26.188669,50.181677,Café,,0.8917939912011331,Coffee Shop
10409,At Tahliyah Dist.,Khobar,26.1894944,50.1899946,Nada stories Cafe,26.183888,50.164586,Café,6.1,0.9501880097962832,Coffee Shop
10410,At Tahliyah Dist.,Khobar,26.1894944,50.1899946,قهوة الطريق,26.197467,50.197829,Water Park,,0.5877317222967299,Coffee Shop
10411,At Tahliyah Dist.,Khobar,26.1894944,50.1899946,Vial (فِيال),26.201666,50.195187,Tea Room,,0.9712971435017485,Coffee Shop
10412,At Tahliyah Dist.,Khobar,26.1894944,50.1899946,Nadia's Kitchen,26.177487,50.196995,Coffee Shop,,0.5393630221977113,Coffee Shop
10413,At Tahliyah Dist.,Khobar,26.1894944,50.1899946,فيلوتشي,26.202538,50.195739,Coffee Shop,,0.4087211561360189,Coffee Shop
10414,At Tahliyah Dist.,Khobar,26.1894944,50.1899946,Veloce,26.202528,50.195854,Café,,0.9582743190905332,Coffee Shop
10415,At Tahliyah Dist.,Khobar,26.1894944,50.1899946,Caffè Vergnano 1882,26.202654,50.195642,Coffee Shop,,0.8916686512164246,Coffee Shop
10416,Ibn Sina Dist.,Khobar,26.2416689,50.198837,Coffee Valley (وادي القهوة),26.250352,50.202656,Coffee Shop,8.5,0.9833924520261208,Coffee Shop
10417,Ibn Sina Dist.,Khobar,26.2416689,50.198837,Espresso Station (اسبريسو ستيشن),26.241778,50.214466,Coffee Shop,8.7,0.9679129639146185,Coffee Shop
10418,Ibn Sina Dist.,Khobar,26.2416689,50.198837,Tim Hortons,26.231281,50.194123,Coffee Shop,8.1,0.9975809382951256,Coffee Shop
10419,Ibn Sina Dist.,Khobar,26.2416689,50.198837,Buna (بُنة),26.220496,50.212667,Coffee Shop,9.2,0.9976436082874798,Coffee Shop
10420,Ibn Sina Dist.,Khobar,26.2416689,50.198837,Starbucks (ستاربكس),26.220389,50.212872,Coffee Shop,9.3,0.9939962147324618,Coffee Shop
10421,Ibn Sina Dist.,Khobar,26.2416689,50.198837,كيان,26.22556,50.213289,Coffee Shop,8.6,0.9872654575536142,Coffee Shop
10422,Ibn Sina Dist.,Khobar,26.2416689,50.198837,Al Seef Cafe (السيف كافيه),26.222482,50.219322,Café,9.4,0.994322098692704,Coffee Shop
10423,Ibn Sina Dist.,Khobar,26.2416689,50.198837,Cesario Coffee,26.255965,50.220532,Coffee Shop,8.6,0.9915896870260582,Coffee Shop
10424,Ibn Sina Dist.,Khobar,26.2416689,50.198837,Handel (مقبض),26.216266,50.193329,Coffee Shop,8.5,0.9836807339909504,Coffee Shop
10425,Ibn Sina Dist.,Khobar,26.2416689,50.198837,Barn's (بارن كافيه),26.266281,50.203846,Coffee Shop,8.4,0.9807979143426544,Coffee Shop
10426,Ibn Sina Dist.,Khobar,26.2416689,50.198837,الموفنبيك العزيزيه,26.218395,50.185732,Café,8.4,0.9875913415138564,Coffee Shop
10427,Ibn Sina Dist.,Khobar,26.2416689,50.198837,ELK Specialty Coffee,26.217432,50.207278,Coffee Shop,8.1,0.9628366945339232,Coffee Shop
10428,Ibn Sina Dist.,Khobar,26.2416689,50.198837,3nb W Teen (عنب و تين),26.222911,50.215749,Café,8.0,0.965055212263264,Coffee Shop
10429,Ibn Sina Dist.,Khobar,26.2416689,50.198837,LEAVES (ليڤز),26.216535,50.192866,Coffee Shop,7.5,0.898750360352456,Coffee Shop
10430,Ibn Sina Dist.,Khobar,26.2416689,50.198837,مقادير,26.220527,50.212721,Coffee Shop,7.4,0.2794580299061203,Coffee Shop
10431,Ibn Sina Dist.,Khobar,26.2416689,50.198837,Road café (قهوة الطريق),26.216464,50.18848,Coffee Shop,7.4,0.8773548249627113,Coffee Shop
10432,Ibn Sina Dist.,Khobar,26.2416689,50.198837,PAUSE (بوز),26.219945,50.212449,Coffee Shop,7.3,0.9874158655352644,Coffee Shop
10433,Ibn Sina Dist.,Khobar,26.2416689,50.198837,Derby Cafe (مقهى دربي),26.22408,50.196451,Coffee Shop,7.0,0.9638394144115916,Coffee Shop
10434,Ibn Sina Dist.,Khobar,26.2416689,50.198837,Gacela Café (جاسيلا كافيه),26.216299,50.193428,Coffee Shop,6.4,0.9491495682037526,Coffee Shop
10435,Ibn Sina Dist.,Khobar,26.2416689,50.198837,Sun Room Cafe & Restaurant,26.255705,50.220895,Café,6.2,0.6812854868831706,Coffee Shop
10436,Ibn Sina Dist.,Khobar,26.2416689,50.198837,Moroccan Taste (المذاق المغربي),26.231637,50.194252,Coffee Shop,,0.3313613175739192,Coffee Shop
10437,Ibn Sina Dist.,Khobar,26.2416689,50.198837,Barn’s (بارنز),26.231466,50.194055,Coffee Shop,,0.9788676785781432,Coffee Shop
10438,Ibn Sina Dist.,Khobar,26.2416689,50.198837,Moroccan Taste,26.231445,50.194065,Tea Room,,0.6514295025256007,Coffee Shop
10439,Ibn Sina Dist.,Khobar,26.2416689,50.198837,Road Cafe,26.23006,50.19547,Coffee Shop,,0.9339458280586088,Coffee Shop
10440,Ibn Sina Dist.,Khobar,26.2416689,50.198837,Darts Cafe (دارتس كافيه),26.255207,50.203506,Coffee Shop,,0.9558677913841296,Coffee Shop
10441,Ibn Sina Dist.,Khobar,26.2416689,50.198837,كافيه ذكريات,26.254626,50.209183,Café,,0.2496772495393755,Coffee Shop
10442,Ibn Sina Dist.,Khobar,26.2416689,50.198837,//maps.app.goo.gl/gjsuy2dvwhrx9quv8?g_st=ic (eastern mood cafe استرن مود كافيه 059 000 1215 https),26.22511,50.197357,Café,,0.6951480891919332,Coffee Shop
10443,Ibn Sina Dist.,Khobar,26.2416689,50.198837,Art,26.254266,50.212366,Café,,0.2053068949525588,Coffee Shop
10444,Ibn Sina Dist.,Khobar,26.2416689,50.198837,Flat White (فلات وايت),26.22408,50.196317,Coffee Shop,,0.0517152776907361,Coffee Shop
10445,Ibn Sina Dist.,Khobar,26.2416689,50.198837,Al-Kharj international Coffee House (مقهى الخرج العالمي),26.260022,50.197641,Coffee Shop,,0.9332188561472996,Coffee Shop
10446,Ibn Sina Dist.,Khobar,26.2416689,50.198837,الرواف,26.259432,50.204581,Café,,0.6226890440319366,Coffee Shop
10447,Ibn Sina Dist.,Khobar,26.2416689,50.198837,Blue Sky,26.254914,50.214438,Coffee Shop,,0.9633129864758156,Coffee Shop
10448,Ibn Sina Dist.,Khobar,26.2416689,50.198837,Erorr,26.233959,50.220225,Café,,0.0383289673238659,Coffee Shop
10449,Ibn Sina Dist.,Khobar,26.2416689,50.198837,Aquab cafe Ramada Hotel,26.255103,50.218399,Café,,0.6609428073649775,Coffee Shop
10450,Ibn Sina Dist.,Khobar,26.2416689,50.198837,ابو هيثم Abo Haitham VIP الطابق الأول,26.222725,50.184713,Café,,0.8640061165912538,Coffee Shop
10451,Ibn Sina Dist.,Khobar,26.2416689,50.198837,Al Montazah,26.221926,50.184923,Café,,0.6344835365930085,Coffee Shop
10452,Ibn Sina Dist.,Khobar,26.2416689,50.198837,مقهى الامازون,26.222615,50.183503,Hookah Bar,,0.725430229497512,Coffee Shop
10453,Ibn Sina Dist.,Khobar,26.2416689,50.198837,Ceasario,26.255672,50.220532,Café,,0.8878583156812855,Coffee Shop
10454,Ibn Sina Dist.,Khobar,26.2416689,50.198837,Mq Cafe,26.220757,50.212734,Café,,0.0473785142198212,Coffee Shop
10455,Ibn Sina Dist.,Khobar,26.2416689,50.198837,Aziz Bar,26.220498,50.212856,Restaurant,,0.4728450923128987,Coffee Shop
10456,Ibn Sina Dist.,Khobar,26.2416689,50.198837,Road Café (قهوة الطريق),26.21837,50.208501,Coffee Shop,,0.9835177920108292,Coffee Shop
10457,Ibn Sina Dist.,Khobar,26.2416689,50.198837,ديوانية زمان البركة,26.217195,50.203506,Coffee Shop,,0.939786671346026,Coffee Shop
10458,Ibn Sina Dist.,Khobar,26.2416689,50.198837,Love Coffe,26.266142,50.203234,Coffee Shop,,0.7732975696576965,Coffee Shop
10459,Ibn Sina Dist.,Khobar,26.2416689,50.198837,ديوانية شاله,26.217911,50.190106,Café,,0.4070666683378665,Coffee Shop
10460,Ibn Sina Dist.,Khobar,26.2416689,50.198837,بوفية شلالات صنعاء,26.266906,50.199611,Coffee Shop,,0.8729052555055589,Coffee Shop
10461,Ibn Sina Dist.,Khobar,26.2416689,50.198837,Gracela Cafe,26.216802,50.192583,Café,,0.8280210069814371,Coffee Shop
10462,Ibn Sina Dist.,Khobar,26.2416689,50.198837,الشبة,26.26673,50.19417,Café,,0.8833962122256621,Coffee Shop
10463,Ibn Sina Dist.,Khobar,26.2416689,50.198837,بيت الكيف للقهوة,26.265413,50.209797,Coffee Shop,,0.8826692403143527,Coffee Shop
10464,Ibn Sina Dist.,Khobar,26.2416689,50.198837,مقهى رصه للترفيه,26.216528,50.192872,Café,,0.4645726533221363,Coffee Shop
10465,Ibn Sina Dist.,Khobar,26.2416689,50.198837,رصه,26.216501,50.192943,Tea Room,,0.9595778549315016,Coffee Shop
10466,Al Hizam Al Akhdar Dist.,Khobar,26.3094552,50.1972497,Olden (اولدن),26.301878,50.201303,Coffee Shop,9.6,0.9994610380657534,Coffee Shop
10467,Al Hizam Al Akhdar Dist.,Khobar,26.3094552,50.1972497,ATYPICAL (اتيبكل),26.30599,50.190239,Coffee Shop,9.0,0.9997743880275246,Coffee Shop
10468,Al Hizam Al Akhdar Dist.,Khobar,26.3094552,50.1972497,Shatea Teashop (الشاطئ شاي بخار),26.30082,50.197794,Tea Room,9.0,0.994823458631538,Coffee Shop
10469,Al Hizam Al Akhdar Dist.,Khobar,26.3094552,50.1972497,Urth Caffe (ايرث كافيه),26.317849,50.20377,Café,9.5,0.9998997280122331,Coffee Shop
10470,Al Hizam Al Akhdar Dist.,Khobar,26.3094552,50.1972497,Tea Time (وقت الشاي),26.299792,50.198477,Tea Room,9.2,0.996853966383816,Coffee Shop
10471,Al Hizam Al Akhdar Dist.,Khobar,26.3094552,50.1972497,La Panetière,26.318069,50.194271,Coffee Shop,9.0,0.999147688103982,Coffee Shop
10472,Al Hizam Al Akhdar Dist.,Khobar,26.3094552,50.1972497,مُر,26.316915,50.204099,Coffee Shop,9.0,0.9989972801223318,Coffee Shop
10473,Al Hizam Al Akhdar Dist.,Khobar,26.3094552,50.1972497,Dose (دوز),26.317878,50.203825,Coffee Shop,9.0,0.9959891204893272,Coffee Shop
10474,Al Hizam Al Akhdar Dist.,Khobar,26.3094552,50.1972497,RASMAT SHAI (رسمة شاي),26.302376,50.197158,Tea Room,8.5,0.99338204880739,Coffee Shop
10475,Al Hizam Al Akhdar Dist.,Khobar,26.3094552,50.1972497,the usual (ذي يوجول),26.305565,50.183432,Coffee Shop,9.4,0.9961395284709776,Coffee Shop
10476,Al Hizam Al Akhdar Dist.,Khobar,26.3094552,50.1972497,ARCHI (ارتشي),26.298652,50.189677,Coffee Shop,9.2,0.9906245691438026,Coffee Shop
10477,Al Hizam Al Akhdar Dist.,Khobar,26.3094552,50.1972497,7 Grams (٧ جرام),26.305571,50.183189,Coffee Shop,9.3,0.9943973026835292,Coffee Shop
10478,Al Hizam Al Akhdar Dist.,Khobar,26.3094552,50.1972497,Nass (نَصّ),26.302977,50.211757,Coffee Shop,9.4,0.9997117180351704,Coffee Shop
10479,Al Hizam Al Akhdar Dist.,Khobar,26.3094552,50.1972497,Messier82 (ميسيير٨٢),26.300081,50.210795,Coffee Roaster,9.3,0.9974430643119462,Coffee Shop
10480,Al Hizam Al Akhdar Dist.,Khobar,26.3094552,50.1972497,ZOLIEA (زُولِية),26.298005,50.209832,Coffee Shop,9.4,0.995851246506148,Coffee Shop
10481,Al Hizam Al Akhdar Dist.,Khobar,26.3094552,50.1972497,Organico Speciality Coffee (قهوة اورقانيكو المختصة),26.303736,50.210663,Coffee Shop,8.8,0.9811488662998384,Coffee Shop
10482,Al Hizam Al Akhdar Dist.,Khobar,26.3094552,50.1972497,llama (لاما),26.303217,50.181088,Coffee Shop,9.2,0.9985335221789104,Coffee Shop
10483,Al Hizam Al Akhdar Dist.,Khobar,26.3094552,50.1972497,OLABS (اولابز),26.303277,50.206322,Coffee Shop,8.4,0.9851848138074528,Coffee Shop
10484,Al Hizam Al Akhdar Dist.,Khobar,26.3094552,50.1972497,Mound,26.305497,50.178332,Coffee Shop,9.3,0.9937956707569282,Coffee Shop
10485,Al Hizam Al Akhdar Dist.,Khobar,26.3094552,50.1972497,Maramia Villa (مرَاميّة ڤيلا),26.298142,50.212785,Tea Room,9.5,0.9863254076683002,Coffee Shop
10486,Al Hizam Al Akhdar Dist.,Khobar,26.3094552,50.1972497,Olden (اولدن),26.31523,50.216146,Coffee Shop,9.5,0.9997618540290538,Coffee Shop
10487,Al Hizam Al Akhdar Dist.,Khobar,26.3094552,50.1972497,UMQ Coffee (قهوة عُمق),26.321786,50.211889,Coffee Shop,9.4,0.9994234360703408,Coffee Shop
10488,Al Hizam Al Akhdar Dist.,Khobar,26.3094552,50.1972497,UMQ Coffee (قهوة عُمق),26.297826,50.212496,Coffee Shop,9.3,0.9927428148853766,Coffee Shop
10489,Al Hizam Al Akhdar Dist.,Khobar,26.3094552,50.1972497,COSMO (DRIVE THRU) (كوزمو),26.325143,50.207918,Coffee Shop,9.3,0.9963150044495694,Coffee Shop
10490,Al Hizam Al Akhdar Dist.,Khobar,26.3094552,50.1972497,Balancd Coffee (بالنسد كوفي),26.305186,50.217246,Coffee Shop,9.3,0.9993482320795156,Coffee Shop
10491,Al Hizam Al Akhdar Dist.,Khobar,26.3094552,50.1972497,chaichi (چايچي),26.296435,50.208783,Tea Room,8.8,0.98396901595578,Coffee Shop
10492,Al Hizam Al Akhdar Dist.,Khobar,26.3094552,50.1972497,Caffeination (كافينيشن),26.307375,50.178835,Coffee Shop,8.8,0.9934196508028026,Coffee Shop
10493,Al Hizam Al Akhdar Dist.,Khobar,26.3094552,50.1972497,MYLK (ميلك),26.302492,50.21375,Coffee Shop,8.7,0.9922539889450134,Coffee Shop
10494,Al Hizam Al Akhdar Dist.,Khobar,26.3094552,50.1972497,CAVO (كاڤو),26.314479,50.217111,Coffee Shop,9.0,0.9951869445871928,Coffee Shop
10495,Al Hizam Al Akhdar Dist.,Khobar,26.3094552,50.1972497,Equal (إيكول),26.31984,50.216692,Coffee Shop,9.3,0.9988343381422108,Coffee Shop
10496,Al Hizam Al Akhdar Dist.,Khobar,26.3094552,50.1972497,Gravity Lounge,26.307034,50.176208,Café,9.0,0.9977438802752466,Coffee Shop
10497,Al Hizam Al Akhdar Dist.,Khobar,26.3094552,50.1972497,Dunkin' Donuts (دانكن دونتس),26.308587,50.176686,"Cafe, Coffee, and Tea House",8.9,0.991689959013825,Coffee Shop
10498,Al Hizam Al Akhdar Dist.,Khobar,26.3094552,50.1972497,Boad Coffee Roasters (مقهى و محمصة بُعد),26.305397,50.178167,Coffee Shop,8.8,0.994071418723287,Coffee Shop
10499,Al Hizam Al Akhdar Dist.,Khobar,26.3094552,50.1972497,Core Coffee & Roastery,26.325143,50.207633,Coffee Shop,8.9,0.9945351766667084,Coffee Shop
10500,Al Hizam Al Akhdar Dist.,Khobar,26.3094552,50.1972497,Vial (فِيال),26.300346,50.216621,Tea Room,9.1,0.992379328929722,Coffee Shop
10501,Al Hizam Al Akhdar Dist.,Khobar,26.3094552,50.1972497,Shahil (شهل),26.291851,50.20881,Tea Room,9.1,0.9855733677600492,Coffee Shop
10502,Al Hizam Al Akhdar Dist.,Khobar,26.3094552,50.1972497,ستاربكس,26.300423,50.215308,Coffee Shop,8.8,0.9884937894037577,Coffee Shop
10503,Al Hizam Al Akhdar Dist.,Khobar,26.3094552,50.1972497,sdf (سدف),26.298113,50.21815,Tea Room,9.5,0.9950992065978967,Coffee Shop
10504,Al Hizam Al Akhdar Dist.,Khobar,26.3094552,50.1972497,LLuvia (يوڤيا),26.309265,50.220214,Coffee Shop,9.1,0.9969041023776996,Coffee Shop
10505,Al Hizam Al Akhdar Dist.,Khobar,26.3094552,50.1972497,Wacafe (وكف),26.319811,50.216804,Coffee Shop,9.0,0.9970169083639372,Coffee Shop
10506,Al Hizam Al Akhdar Dist.,Khobar,26.3094552,50.1972497,Andes Coffee Roasters (محمصة و مقهى أنديز),26.29783,50.219115,Coffee Shop,9.6,0.9987089981575022,Coffee Shop
10507,Al Hizam Al Akhdar Dist.,Khobar,26.3094552,50.1972497,Specialty Bean Cafe (محمصة سبيشلتي بين),26.300319,50.219761,Coffee Shop,9.2,0.9932567088226816,Coffee Shop
10508,Al Hizam Al Akhdar Dist.,Khobar,26.3094552,50.1972497,شاي بخار,26.300059,50.220596,Tea Room,9.4,0.9970419763608788,Coffee Shop
10509,Al Hizam Al Akhdar Dist.,Khobar,26.3094552,50.1972497,شاهي T1,26.2968,50.217331,Café,9.2,0.982439868142336,Coffee Shop
10510,Al Hizam Al Akhdar Dist.,Khobar,26.3094552,50.1972497,Bohemia (بوهيميا),26.299565,50.214963,Coffee Shop,8.7,0.9957259065214394,Coffee Shop
10511,Al Hizam Al Akhdar Dist.,Khobar,26.3094552,50.1972497,كيف التوأم,26.296096,50.21861,Tea Room,9.5,0.9989095421330358,Coffee Shop
10512,Al Hizam Al Akhdar Dist.,Khobar,26.3094552,50.1972497,Shrq Coffee Roasters (مقهى ومحمصة شرق),26.311596,50.223059,Coffee Shop,9.3,0.9994485040672824,Coffee Shop
10513,Al Hizam Al Akhdar Dist.,Khobar,26.3094552,50.1972497,A Plus (آي بلس),26.299565,50.174274,Coffee Shop,9.2,0.999059950114686,Coffee Shop
10514,Al Hizam Al Akhdar Dist.,Khobar,26.3094552,50.1972497,Line Espresso Bar (لاين اسبريسو بار),26.296109,50.21903,Coffee Shop,9.3,0.9976060062920672,Coffee Shop
10515,Al Hizam Al Akhdar Dist.,Khobar,26.3094552,50.1972497,Barn's (بارن كافيه),26.322756,50.179696,Coffee Shop,8.8,0.9936076607798654,Coffee Shop
10516,Sinaiyah Ath Thuqbah Dist.,Khobar,26.2541898,50.1987797,Coffee Valley (وادي القهوة),26.250352,50.202656,Coffee Shop,8.5,0.9833924520261208,Coffee Shop
10517,Sinaiyah Ath Thuqbah Dist.,Khobar,26.2541898,50.1987797,Barn's (بارن كافيه),26.266281,50.203846,Coffee Shop,8.4,0.9807979143426544,Coffee Shop
10518,Sinaiyah Ath Thuqbah Dist.,Khobar,26.2541898,50.1987797,Starbucks (ستاربكس),26.268738,50.216005,Coffee Shop,9.1,0.9853352217891028,Coffee Shop
10519,Sinaiyah Ath Thuqbah Dist.,Khobar,26.2541898,50.1987797,Espresso Station (اسبريسو ستيشن),26.241778,50.214466,Coffee Shop,8.7,0.9679129639146185,Coffee Shop
10520,Sinaiyah Ath Thuqbah Dist.,Khobar,26.2541898,50.1987797,Cesario Coffee,26.255965,50.220532,Coffee Shop,8.6,0.9915896870260582,Coffee Shop
10521,Sinaiyah Ath Thuqbah Dist.,Khobar,26.2541898,50.1987797,Vicoli Boutique (ڤيكولي بوتيك),26.272916,50.216325,Café,8.8,0.9573342692052192,Coffee Shop
10522,Sinaiyah Ath Thuqbah Dist.,Khobar,26.2541898,50.1987797,ستاربكس,26.266237,50.213014,Coffee Shop,8.1,0.993645262775278,Coffee Shop
10523,Sinaiyah Ath Thuqbah Dist.,Khobar,26.2541898,50.1987797,Caffè Nero,26.274295,50.200446,Coffee Shop,8.2,0.9851096098166277,Coffee Shop
10524,Sinaiyah Ath Thuqbah Dist.,Khobar,26.2541898,50.1987797,Tea time,26.277549,50.211453,Coffee Shop,8.5,0.975671508968076,Coffee Shop
10525,Sinaiyah Ath Thuqbah Dist.,Khobar,26.2541898,50.1987797,Sea Rock (صخر البحر),26.261907,50.219034,Café,8.0,0.9377812315906896,Coffee Shop
10526,Sinaiyah Ath Thuqbah Dist.,Khobar,26.2541898,50.1987797,Tim Hortons,26.231281,50.194123,Coffee Shop,8.1,0.9975809382951256,Coffee Shop
10527,Sinaiyah Ath Thuqbah Dist.,Khobar,26.2541898,50.1987797,ستاربكس,26.272397,50.206836,Coffee Shop,7.9,0.8853765839840567,Coffee Shop
10528,Sinaiyah Ath Thuqbah Dist.,Khobar,26.2541898,50.1987797,شاي جمر,26.274829,50.185198,Tea Room,7.6,0.9927177468884348,Coffee Shop
10529,Sinaiyah Ath Thuqbah Dist.,Khobar,26.2541898,50.1987797,SunRoom Cafe and Restaurant,26.271953,50.221238,Café,7.6,0.9772382587769324,Coffee Shop
10530,Sinaiyah Ath Thuqbah Dist.,Khobar,26.2541898,50.1987797,Sun Room Cafe & Restaurant,26.255705,50.220895,Café,6.2,0.6812854868831706,Coffee Shop
10531,Sinaiyah Ath Thuqbah Dist.,Khobar,26.2541898,50.1987797,Darts Cafe (دارتس كافيه),26.255207,50.203506,Coffee Shop,,0.9558677913841296,Coffee Shop
10532,Sinaiyah Ath Thuqbah Dist.,Khobar,26.2541898,50.1987797,Azeem Cafeteria,26.277812,50.213213,Tea Room,6.4,0.921812917538824,Coffee Shop
10533,Sinaiyah Ath Thuqbah Dist.,Khobar,26.2541898,50.1987797,Al-Kharj international Coffee House (مقهى الخرج العالمي),26.260022,50.197641,Coffee Shop,,0.9332188561472996,Coffee Shop
10534,Sinaiyah Ath Thuqbah Dist.,Khobar,26.2541898,50.1987797,الرواف,26.259432,50.204581,Café,,0.6226890440319366,Coffee Shop
10535,Sinaiyah Ath Thuqbah Dist.,Khobar,26.2541898,50.1987797,كافيه ذكريات,26.254626,50.209183,Café,,0.2496772495393755,Coffee Shop
10536,Sinaiyah Ath Thuqbah Dist.,Khobar,26.2541898,50.1987797,Art,26.254266,50.212366,Café,,0.2053068949525588,Coffee Shop
10537,Sinaiyah Ath Thuqbah Dist.,Khobar,26.2541898,50.1987797,الشبة,26.26673,50.19417,Café,,0.8833962122256621,Coffee Shop
10538,Sinaiyah Ath Thuqbah Dist.,Khobar,26.2541898,50.1987797,Blue Sky,26.254914,50.214438,Coffee Shop,,0.9633129864758156,Coffee Shop
10539,Sinaiyah Ath Thuqbah Dist.,Khobar,26.2541898,50.1987797,بيت الكيف للقهوة,26.265413,50.209797,Coffee Shop,,0.8826692403143527,Coffee Shop
10540,Sinaiyah Ath Thuqbah Dist.,Khobar,26.2541898,50.1987797,ديوانية المشراق,26.265613,50.210393,Café,,0.9581239111088828,Coffee Shop
10541,Sinaiyah Ath Thuqbah Dist.,Khobar,26.2541898,50.1987797,ديوانية فن الزعفران,26.269137,50.19041,Coffee Shop,,0.3992454532920547,Coffee Shop
10542,Sinaiyah Ath Thuqbah Dist.,Khobar,26.2541898,50.1987797,Deawaniyat Gdoe (ديوانية قدوع),26.269075,50.19019,Coffee Shop,,0.3944574658761892,Coffee Shop
10543,Sinaiyah Ath Thuqbah Dist.,Khobar,26.2541898,50.1987797,قهوة الشيوخ,26.270306,50.192228,Café,,0.475276688016244,Coffee Shop
10544,Sinaiyah Ath Thuqbah Dist.,Khobar,26.2541898,50.1987797,ديوانية وقت القهوة,26.271939,50.195694,Café,,0.3334795633154933,Coffee Shop
10545,Sinaiyah Ath Thuqbah Dist.,Khobar,26.2541898,50.1987797,Coffee Only,26.273196,50.200791,Coffee Shop,,0.8704485918052718,Coffee Shop
10546,Sinaiyah Ath Thuqbah Dist.,Khobar,26.2541898,50.1987797,La mode coffee,26.267111,50.215659,Coffee Shop,,0.8624268327839264,Coffee Shop
10547,Sinaiyah Ath Thuqbah Dist.,Khobar,26.2541898,50.1987797,Density,26.274618,50.205582,Coffee Shop,,0.4772946617700512,Coffee Shop
10548,Sinaiyah Ath Thuqbah Dist.,Khobar,26.2541898,50.1987797,مقهى ومحمصة شرق,26.274785,50.205435,Coffee Shop,,0.947846032362784,Coffee Shop
10549,Sinaiyah Ath Thuqbah Dist.,Khobar,26.2541898,50.1987797,Moroccan Taste (المذاق المغربي),26.231637,50.194252,Coffee Shop,,0.3313613175739192,Coffee Shop
10550,Sinaiyah Ath Thuqbah Dist.,Khobar,26.2541898,50.1987797,Al-Taam Coffee and Flour Mill (مطاحن وبن التام),26.273722,50.185155,Café,,0.943935424839878,Coffee Shop
10551,Sinaiyah Ath Thuqbah Dist.,Khobar,26.2541898,50.1987797,Barn’s (بارنز),26.231466,50.194055,Coffee Shop,,0.9788676785781432,Coffee Shop
10552,Sinaiyah Ath Thuqbah Dist.,Khobar,26.2541898,50.1987797,Moroccan Taste,26.231445,50.194065,Tea Room,,0.6514295025256007,Coffee Shop
10553,Sinaiyah Ath Thuqbah Dist.,Khobar,26.2541898,50.1987797,اوراق الشاي الفاخرة,26.274264,50.184789,Tea Room,,0.9560307333642504,Coffee Shop
10554,Sinaiyah Ath Thuqbah Dist.,Khobar,26.2541898,50.1987797,دربي كافيه,26.278119,50.200092,Coffee Shop,,0.9198450797789004,Coffee Shop
10555,Sinaiyah Ath Thuqbah Dist.,Khobar,26.2541898,50.1987797,Road Cafe,26.23006,50.19547,Coffee Shop,,0.9339458280586088,Coffee Shop
10556,Sinaiyah Ath Thuqbah Dist.,Khobar,26.2541898,50.1987797,كرك وجباتي,26.27835,50.200798,Coffee Shop,,0.9458029906120352,Coffee Shop
10557,Sinaiyah Ath Thuqbah Dist.,Khobar,26.2541898,50.1987797,ديوانية نايف للقهوة الغربية,26.278381,50.200672,Café,,0.4304175074890641,Coffee Shop
10558,Sinaiyah Ath Thuqbah Dist.,Khobar,26.2541898,50.1987797,Derby Coffee International,26.279088,50.201313,Coffee Shop,,0.0085105849617086,Coffee Shop
10559,Sinaiyah Ath Thuqbah Dist.,Khobar,26.2541898,50.1987797,Otranto Coffee,26.27915,50.201297,Coffee Shop,,0.899176516300465,Coffee Shop
10560,Sinaiyah Ath Thuqbah Dist.,Khobar,26.2541898,50.1987797,Iraqi Tea (جاي عراقي),26.274384,50.215571,Tea Room,,0.7077447576551396,Coffee Shop
10561,Sinaiyah Ath Thuqbah Dist.,Khobar,26.2541898,50.1987797,شوكلت لاونج,26.274332,50.180842,Café,,0.3664189112968928,Coffee Shop
10562,Sinaiyah Ath Thuqbah Dist.,Khobar,26.2541898,50.1987797,برنس الشرق,26.279398,50.190786,Café,,0.9723625333717708,Coffee Shop
10563,Sinaiyah Ath Thuqbah Dist.,Khobar,26.2541898,50.1987797,Woods,26.278907,50.209022,Café,,0.8729804594963839,Coffee Shop
10564,Sinaiyah Ath Thuqbah Dist.,Khobar,26.2541898,50.1987797,كرك الصبيخه,26.277397,50.213026,Café,,0.2991614755023,Coffee Shop
10565,Sinaiyah Ath Thuqbah Dist.,Khobar,26.2541898,50.1987797,Golden Tea (كرك الذهبي),26.277475,50.212968,Coffee Shop,,0.908251131193362,Coffee Shop
10566,At Taawun Dist.,Khobar,26.220405,50.1926433,Handel (مقبض),26.216266,50.193329,Coffee Shop,8.5,0.9836807339909504,Coffee Shop
10567,At Taawun Dist.,Khobar,26.220405,50.1926433,الموفنبيك العزيزيه,26.218395,50.185732,Café,8.4,0.9875913415138564,Coffee Shop
10568,At Taawun Dist.,Khobar,26.220405,50.1926433,ستاربكس,26.209074,50.195728,Coffee Shop,8.9,0.9980822982339596,Coffee Shop
10569,At Taawun Dist.,Khobar,26.220405,50.1926433,Compass Cafe (بوصلة القهوة),26.208436,50.190999,Coffee Shop,8.7,0.9602922928443404,Coffee Shop
10570,At Taawun Dist.,Khobar,26.220405,50.1926433,Whole Bean (هول بين),26.208876,50.187166,Coffee Shop,8.8,0.994735720642242,Coffee Shop
10571,At Taawun Dist.,Khobar,26.220405,50.1926433,Starbucks (ستاربكس),26.205635,50.19663,Coffee Shop,9.2,0.9931564368349148,Coffee Shop
10572,At Taawun Dist.,Khobar,26.220405,50.1926433,Buna (بُنة),26.220496,50.212667,Coffee Shop,9.2,0.9976436082874798,Coffee Shop
10573,At Taawun Dist.,Khobar,26.220405,50.1926433,Starbucks (ستاربكس),26.220389,50.212872,Coffee Shop,9.3,0.9939962147324618,Coffee Shop
10574,At Taawun Dist.,Khobar,26.220405,50.1926433,The Sky Cafè,26.217394,50.21289,Coffee Shop,9.0,0.965995262148578,Coffee Shop
10575,At Taawun Dist.,Khobar,26.220405,50.1926433,UMQ Coffee (قهوة عُمق),26.201283,50.198941,Coffee Shop,9.2,0.9997242520336412,Coffee Shop
10576,At Taawun Dist.,Khobar,26.220405,50.1926433,The Coffeze (مقهى القهوات),26.208865,50.208698,Coffee Shop,8.8,0.9910381910933408,Coffee Shop
10577,At Taawun Dist.,Khobar,26.220405,50.1926433,Starbucks (ستاربكس),26.201824,50.19527,Coffee Shop,8.9,0.8868555958036173,Coffee Shop
10578,At Taawun Dist.,Khobar,26.220405,50.1926433,Dose Coffee Roasters (محمصة و مقهى دوز),26.202823,50.195657,Coffee Shop,8.7,0.9839564819573092,Coffee Shop
10579,At Taawun Dist.,Khobar,26.220405,50.1926433,ديوانية مشار,26.210951,50.197949,Café,8.1,0.9679254979130892,Coffee Shop
10580,At Taawun Dist.,Khobar,26.220405,50.1926433,Tim Hortons,26.231281,50.194123,Coffee Shop,8.1,0.9975809382951256,Coffee Shop
10581,At Taawun Dist.,Khobar,26.220405,50.1926433,Boston’s Cafe (بوسطن كافيه),26.211082,50.212599,Coffee Shop,8.8,0.9260744770189138,Coffee Shop
10582,At Taawun Dist.,Khobar,26.220405,50.1926433,Al Seef Cafe (السيف كافيه),26.222482,50.219322,Café,9.4,0.994322098692704,Coffee Shop
10583,At Taawun Dist.,Khobar,26.220405,50.1926433,KYAN (كيان),26.203972,50.196309,Coffee Shop,8.4,0.8953912487622676,Coffee Shop
10584,At Taawun Dist.,Khobar,26.220405,50.1926433,Tea Leaves (ورق الشاي),26.201635,50.201512,Café,8.7,0.9490242282190442,Coffee Shop
10585,At Taawun Dist.,Khobar,26.220405,50.1926433,كيان,26.22556,50.213289,Coffee Shop,8.6,0.9872654575536142,Coffee Shop
10586,At Taawun Dist.,Khobar,26.220405,50.1926433,Worthy Coffee,26.211083,50.212834,Coffee Shop,8.7,0.9747189250842913,Coffee Shop
10587,At Taawun Dist.,Khobar,26.220405,50.1926433,LEAVES (ليڤز),26.216535,50.192866,Coffee Shop,7.5,0.898750360352456,Coffee Shop
10588,At Taawun Dist.,Khobar,26.220405,50.1926433,ALDEERAH COFFEE (ديوانية الديرة),26.196845,50.193274,Café,8.8,0.990160811200381,Coffee Shop
10589,At Taawun Dist.,Khobar,26.220405,50.1926433,ديوانية المتكى الشعبي,26.2045,50.197517,Café,8.1,0.9819635762004436,Coffee Shop
10590,At Taawun Dist.,Khobar,26.220405,50.1926433,Moroccan Taste (المذاق المغربي),26.203164,50.197101,Tea Room,8.2,0.9892834313074214,Coffee Shop
10591,At Taawun Dist.,Khobar,26.220405,50.1926433,Almssa'a Steam Tea (المَساء لشايّ البُخار),26.204044,50.209137,Tea Room,8.4,0.9875412055199728,Coffee Shop
10592,At Taawun Dist.,Khobar,26.220405,50.1926433,24 Cafe,26.21698,50.184451,Coffee Shop,7.6,0.9862126016820626,Coffee Shop
10593,At Taawun Dist.,Khobar,26.220405,50.1926433,Road café (قهوة الطريق),26.216464,50.18848,Coffee Shop,7.4,0.8773548249627113,Coffee Shop
10594,At Taawun Dist.,Khobar,26.220405,50.1926433,3nb W Teen (عنب و تين),26.222911,50.215749,Café,8.0,0.965055212263264,Coffee Shop
10595,At Taawun Dist.,Khobar,26.220405,50.1926433,Bon cafe,26.215957,50.179174,Café,7.5,0.937283174144368,Coffee Shop
10596,At Taawun Dist.,Khobar,26.220405,50.1926433,63 Coffee,26.206177,50.208401,Coffee Shop,7.6,0.906985197347806,Coffee Shop
10597,At Taawun Dist.,Khobar,26.220405,50.1926433,مقهى الصحراء,26.217504,50.17682,Hookah Bar,7.4,0.9990312128963612,Coffee Shop
10598,At Taawun Dist.,Khobar,26.220405,50.1926433,Derby Cafe (مقهى دربي),26.22408,50.196451,Coffee Shop,7.0,0.9638394144115916,Coffee Shop
10599,At Taawun Dist.,Khobar,26.220405,50.1926433,مقادير,26.220527,50.212721,Coffee Shop,7.4,0.2794580299061203,Coffee Shop
10600,At Taawun Dist.,Khobar,26.220405,50.1926433,PAUSE (بوز),26.219945,50.212449,Coffee Shop,7.3,0.9874158655352644,Coffee Shop
10601,At Taawun Dist.,Khobar,26.220405,50.1926433,Maa Ward,26.196442,50.19833,Café,7.5,0.8606595389995363,Coffee Shop
10602,At Taawun Dist.,Khobar,26.220405,50.1926433,اوتار,26.20067,50.212144,Coffee Shop,7.3,0.945815524610506,Coffee Shop
10603,At Taawun Dist.,Khobar,26.220405,50.1926433,Gacela Café (جاسيلا كافيه),26.216299,50.193428,Coffee Shop,6.4,0.9491495682037526,Coffee Shop
10604,At Taawun Dist.,Khobar,26.220405,50.1926433,Le Paumé Café,26.217517,50.212858,Café,6.9,0.0674329117731847,Coffee Shop
10605,At Taawun Dist.,Khobar,26.220405,50.1926433,AWTAR (أوتار),26.200563,50.212349,Hookah Bar,7.0,0.8708246117593974,Coffee Shop
10606,At Taawun Dist.,Khobar,26.220405,50.1926433,ديوانية شاله,26.217911,50.190106,Café,,0.4070666683378665,Coffee Shop
10607,At Taawun Dist.,Khobar,26.220405,50.1926433,Gracela Cafe,26.216802,50.192583,Café,,0.8280210069814371,Coffee Shop
10608,At Taawun Dist.,Khobar,26.220405,50.1926433,مقهى رصه للترفيه,26.216528,50.192872,Café,,0.4645726533221363,Coffee Shop
10609,At Taawun Dist.,Khobar,26.220405,50.1926433,رصه,26.216501,50.192943,Tea Room,,0.9595778549315016,Coffee Shop
10610,At Taawun Dist.,Khobar,26.220405,50.1926433,Flat White (فلات وايت),26.22408,50.196317,Coffee Shop,,0.0517152776907361,Coffee Shop
10611,At Taawun Dist.,Khobar,26.220405,50.1926433,//maps.app.goo.gl/gjsuy2dvwhrx9quv8?g_st=ic (eastern mood cafe استرن مود كافيه 059 000 1215 https),26.22511,50.197357,Café,,0.6951480891919332,Coffee Shop
10612,At Taawun Dist.,Khobar,26.220405,50.1926433,Al Montazah,26.221926,50.184923,Café,,0.6344835365930085,Coffee Shop
10613,At Taawun Dist.,Khobar,26.220405,50.1926433,ابو هيثم Abo Haitham VIP الطابق الأول,26.222725,50.184713,Café,,0.8640061165912538,Coffee Shop
10614,At Taawun Dist.,Khobar,26.220405,50.1926433,Barn's  (بارنز),26.217048,50.184841,Coffee Shop,,0.9916272890214708,Coffee Shop
10615,At Taawun Dist.,Khobar,26.220405,50.1926433,مقهى الامازون,26.222615,50.183503,Hookah Bar,,0.725430229497512,Coffee Shop
10616,Ar Rakah Al Janubiyah Dist.,Khobar,26.351041,50.1976476,ستاربكس,26.345831,50.19578,Coffee Shop,9.1,0.9816502262386724,Coffee Shop
10617,Ar Rakah Al Janubiyah Dist.,Khobar,26.351041,50.1976476,Wogard Coffee Roasters (محمصة ومقهى ووقارد),26.346074,50.191229,Coffee Shop,9.1,0.9584121930737124,Coffee Shop
10618,Ar Rakah Al Janubiyah Dist.,Khobar,26.351041,50.1976476,WEBREW (ويبرو),26.343517,50.203178,Coffee Shop,9.5,0.9996866500382288,Coffee Shop
10619,Ar Rakah Al Janubiyah Dist.,Khobar,26.351041,50.1976476,SWAJ Coffee Roasters (محمصة و مقهى سُواج),26.343818,50.203197,Coffee Shop,9.1,0.9945853126605918,Coffee Shop
10620,Ar Rakah Al Janubiyah Dist.,Khobar,26.351041,50.1976476,AlZaman AlJameel Cafe (مقهى الزمن الجميل),26.343926,50.195572,Lounge,8.8,0.9858115137309952,Coffee Shop
10621,Ar Rakah Al Janubiyah Dist.,Khobar,26.351041,50.1976476,Caribou Coffee (كاريبو كوفي),26.354229,50.209282,"Cafe, Coffee, and Tea House",9.3,0.9730895052830804,Coffee Shop
10622,Ar Rakah Al Janubiyah Dist.,Khobar,26.351041,50.1976476,Starbucks (ستاربكس),26.360292,50.20691,Coffee Shop,9.3,0.9961896644648608,Coffee Shop
10623,Ar Rakah Al Janubiyah Dist.,Khobar,26.351041,50.1976476,The HUB (ذا هب),26.360464,50.206327,Coffee Shop,9.2,0.995324818570372,Coffee Shop
10624,Ar Rakah Al Janubiyah Dist.,Khobar,26.351041,50.1976476,TITLE (تايتل),26.360902,50.206339,Coffee Shop,9.3,0.9944975746712958,Coffee Shop
10625,Ar Rakah Al Janubiyah Dist.,Khobar,26.351041,50.1976476,Detective Cafe,26.35211,50.211592,Coffee Shop,9.2,0.9666595640675332,Coffee Shop
10626,Ar Rakah Al Janubiyah Dist.,Khobar,26.351041,50.1976476,RATIO Speciality Coffee (ريشيو للقهوة المختصة),26.362719,50.198088,Coffee Shop,9.0,0.9952872165749596,Coffee Shop
10627,Ar Rakah Al Janubiyah Dist.,Khobar,26.351041,50.1976476,Bling,26.362172,50.206266,Café,9.4,0.983806073975659,Coffee Shop
10628,Ar Rakah Al Janubiyah Dist.,Khobar,26.351041,50.1976476,Road Café (قهوة الطريق),26.361657,50.196232,General Contractor,8.8,0.9869897095872554,Coffee Shop
10629,Ar Rakah Al Janubiyah Dist.,Khobar,26.351041,50.1976476,Café Quindío (كافيه كينديو),26.351217,50.211122,Café,8.9,0.967023050023188,Coffee Shop
10630,Ar Rakah Al Janubiyah Dist.,Khobar,26.351041,50.1976476,Lapro Cafe,26.350858,50.211908,Coffee Shop,8.9,0.9839439479588384,Coffee Shop
10631,Ar Rakah Al Janubiyah Dist.,Khobar,26.351041,50.1976476,Knock (نوك),26.337298,50.201441,Coffee Shop,9.2,0.9978441522630134,Coffee Shop
10632,Ar Rakah Al Janubiyah Dist.,Khobar,26.351041,50.1976476,Kashida (كشيدة),26.351955,50.211275,Café,8.8,0.9724001353671836,Coffee Shop
10633,Ar Rakah Al Janubiyah Dist.,Khobar,26.351041,50.1976476,Hûge (هيوج),26.360886,50.206747,Coffee Shop,8.8,0.991852900993946,Coffee Shop
10634,Ar Rakah Al Janubiyah Dist.,Khobar,26.351041,50.1976476,Onda,26.343997,50.185243,Coffee Shop,8.9,0.9897722572477846,Coffee Shop
10635,Ar Rakah Al Janubiyah Dist.,Khobar,26.351041,50.1976476,Soulaf (سُلاف),26.337207,50.201602,Coffee Shop,9.1,0.9903738891743856,Coffee Shop
10636,Ar Rakah Al Janubiyah Dist.,Khobar,26.351041,50.1976476,Carpet (كاربت),26.35154,50.211723,Coffee Shop,8.8,0.9736159332188562,Coffee Shop
10637,Ar Rakah Al Janubiyah Dist.,Khobar,26.351041,50.1976476,Mocha Coffee Roasters (مقهى ومحمصة مخا),26.352279,50.211451,Coffee Shop,8.7,0.9692415677525288,Coffee Shop
10638,Ar Rakah Al Janubiyah Dist.,Khobar,26.351041,50.1976476,Repeat (ريبيت),26.361046,50.206477,Coffee Shop,8.7,0.9893461012997756,Coffee Shop
10639,Ar Rakah Al Janubiyah Dist.,Khobar,26.351041,50.1976476,شاي أبو سيف,26.338552,50.20833,Tea Room,9.1,0.997718812278305,Coffee Shop
10640,Ar Rakah Al Janubiyah Dist.,Khobar,26.351041,50.1976476,Grambon,26.3594,50.189979,Coffee Shop,8.4,0.971685697454345,Coffee Shop
10641,Ar Rakah Al Janubiyah Dist.,Khobar,26.351041,50.1976476,Blue Sky (بلو سكاي),26.362892,50.2063,Coffee Shop,8.7,0.9947733226376546,Coffee Shop
10642,Ar Rakah Al Janubiyah Dist.,Khobar,26.351041,50.1976476,The Barking Lot,26.335582,50.193452,Pet Café,8.8,0.972525475351892,Coffee Shop
10643,Ar Rakah Al Janubiyah Dist.,Khobar,26.351041,50.1976476,Double A (دبل اي),26.34224,50.180956,Coffee Shop,8.9,0.9689156837922864,Coffee Shop
10644,Ar Rakah Al Janubiyah Dist.,Khobar,26.351041,50.1976476,Elegant Garden,26.338082,50.208264,Café,8.7,0.989057819334946,Coffee Shop
10645,Ar Rakah Al Janubiyah Dist.,Khobar,26.351041,50.1976476,The HUB (ذا هب),26.334396,50.189335,Coffee Shop,8.9,0.9473321384254793,Coffee Shop
10646,Ar Rakah Al Janubiyah Dist.,Khobar,26.351041,50.1976476,The Geeks Club,26.343993,50.203584,Coffee Shop,8.0,0.9673238659864885,Coffee Shop
10647,Ar Rakah Al Janubiyah Dist.,Khobar,26.351041,50.1976476,Lounge EXIT-7 (مقهى مخرج ٧),26.360069,50.206666,Café,8.2,0.9942092927064664,Coffee Shop
10648,Ar Rakah Al Janubiyah Dist.,Khobar,26.351041,50.1976476,Starbucks (ستاربكس),26.334167,50.212065,Coffee Shop,8.9,0.9915395510321748,Coffee Shop
10649,Ar Rakah Al Janubiyah Dist.,Khobar,26.351041,50.1976476,10° Coffee House (تن دقريز بيت القهوة),26.330281,50.212671,Coffee Shop,8.9,0.992291590940426,Coffee Shop
10650,Ar Rakah Al Janubiyah Dist.,Khobar,26.351041,50.1976476,Dose (دوز كافيه),26.338543,50.208261,Coffee Shop,8.2,0.9890954213303584,Coffee Shop
10651,Ar Rakah Al Janubiyah Dist.,Khobar,26.351041,50.1976476,Ruba’a (رُباع),26.366799,50.195457,Tea Room,8.1,0.9919315580689598,Coffee Shop
10652,Ar Rakah Al Janubiyah Dist.,Khobar,26.351041,50.1976476,SKY by Archi (سكاي باي ارتشي),26.370253,50.177169,Coffee Shop,8.9,0.9982392360355882,Coffee Shop
10653,Ar Rakah Al Janubiyah Dist.,Khobar,26.351041,50.1976476,Dallat Alfaris Cafe (مقهى دلة الفارس),26.342778,50.182055,Café,8.0,0.983469533604698,Coffee Shop
10654,Ar Rakah Al Janubiyah Dist.,Khobar,26.351041,50.1976476,Note Music Center & Cafe (مركز ومقهى نوت للموسيقى),26.336032,50.192987,Café,7.9,0.8971084065527744,Coffee Shop
10655,Ar Rakah Al Janubiyah Dist.,Khobar,26.351041,50.1976476,Seven Degrees Coffee,26.361687,50.195161,Coffee Shop,7.6,0.9618590426531968,Coffee Shop
10656,Ar Rakah Al Janubiyah Dist.,Khobar,26.351041,50.1976476,Sky Lounge (سكاي لاونج),26.367053,50.177803,Lounge,8.2,0.9562294793317384,Coffee Shop
10657,Ar Rakah Al Janubiyah Dist.,Khobar,26.351041,50.1976476,La Mode Co,26.336461,50.197177,Coffee Shop,7.8,0.9536492736547886,Coffee Shop
10658,Ar Rakah Al Janubiyah Dist.,Khobar,26.351041,50.1976476,Madame Banquet (مدام بانكويت),26.334297,50.188749,Restaurant,7.9,0.9979193562538384,Coffee Shop
10659,Ar Rakah Al Janubiyah Dist.,Khobar,26.351041,50.1976476,Lark,26.354638,50.200259,Coffee Shop,7.2,0.9692917037464122,Coffee Shop
10660,Ar Rakah Al Janubiyah Dist.,Khobar,26.351041,50.1976476,Canary Resto-Cafe,26.348713,50.186756,Café,7.3,0.8635423586478322,Coffee Shop
10661,Ar Rakah Al Janubiyah Dist.,Khobar,26.351041,50.1976476,Derby Coffee,26.335396,50.191847,Coffee Shop,7.5,0.9379692415677524,Coffee Shop
10662,Ar Rakah Al Janubiyah Dist.,Khobar,26.351041,50.1976476,Art Coffee,26.366803,50.195176,Coffee Shop,7.4,0.9439869910615336,Coffee Shop
10663,Ar Rakah Al Janubiyah Dist.,Khobar,26.351041,50.1976476,Dose Cafe,26.332859,50.212547,Coffee Shop,7.5,0.9526716217740622,Coffee Shop
10664,Ar Rakah Al Janubiyah Dist.,Khobar,26.351041,50.1976476,Motion Cafe,26.334797,50.191473,Coffee Shop,7.3,0.9354123058796988,Coffee Shop
10665,Ar Rakah Al Janubiyah Dist.,Khobar,26.351041,50.1976476,ستاربكس,26.328859,50.20053,Coffee Shop,7.4,0.9113470288156624,Coffee Shop
10666,Al Khubar Ash Shamaliyah Dist.,Khobar,26.2912026,50.2136494,Shahil (شهل),26.291851,50.20881,Tea Room,9.1,0.9855733677600492,Coffee Shop
10667,Al Khubar Ash Shamaliyah Dist.,Khobar,26.2912026,50.2136494,Dyjor Roasters (محمصة دَيْجُور),26.288549,50.21758,Coffee Shop,9.1,0.9940463507263452,Coffee Shop
10668,Al Khubar Ash Shamaliyah Dist.,Khobar,26.2912026,50.2136494,Maskob (مسكُوب),26.288521,50.21792,Tea Room,9.1,0.9954626925535516,Coffee Shop
10669,Al Khubar Ash Shamaliyah Dist.,Khobar,26.2912026,50.2136494,Starbucks (ستاربكس),26.288657,50.216227,Coffee Shop,8.8,0.9818006342203226,Coffee Shop
10670,Al Khubar Ash Shamaliyah Dist.,Khobar,26.2912026,50.2136494,كيف التوأم,26.296096,50.21861,Tea Room,9.5,0.9989095421330358,Coffee Shop
10671,Al Khubar Ash Shamaliyah Dist.,Khobar,26.2912026,50.2136494,Maramia Villa (مرَاميّة ڤيلا),26.298142,50.212785,Tea Room,9.5,0.9863254076683002,Coffee Shop
10672,Al Khubar Ash Shamaliyah Dist.,Khobar,26.2912026,50.2136494,UMQ Coffee (قهوة عُمق),26.297826,50.212496,Coffee Shop,9.3,0.9927428148853766,Coffee Shop
10673,Al Khubar Ash Shamaliyah Dist.,Khobar,26.2912026,50.2136494,Iraqi Tea (جاي عراقي),26.293538,50.219764,Coffee Shop,9.0,0.994647982652946,Coffee Shop
10674,Al Khubar Ash Shamaliyah Dist.,Khobar,26.2912026,50.2136494,Line Espresso Bar (لاين اسبريسو بار),26.296109,50.21903,Coffee Shop,9.3,0.9976060062920672,Coffee Shop
10675,Al Khubar Ash Shamaliyah Dist.,Khobar,26.2912026,50.2136494,شاهي T1,26.2968,50.217331,Café,9.2,0.982439868142336,Coffee Shop
10676,Al Khubar Ash Shamaliyah Dist.,Khobar,26.2912026,50.2136494,ZOLIEA (زُولِية),26.298005,50.209832,Coffee Shop,9.4,0.995851246506148,Coffee Shop
10677,Al Khubar Ash Shamaliyah Dist.,Khobar,26.2912026,50.2136494,sdf (سدف),26.298113,50.21815,Tea Room,9.5,0.9950992065978967,Coffee Shop
10678,Al Khubar Ash Shamaliyah Dist.,Khobar,26.2912026,50.2136494,Andes Coffee Roasters (محمصة و مقهى أنديز),26.29783,50.219115,Coffee Shop,9.6,0.9987089981575022,Coffee Shop
10679,Al Khubar Ash Shamaliyah Dist.,Khobar,26.2912026,50.2136494,24 Cafe (قهوة ٢٤),26.284406,50.218504,Coffee Shop,9.2,0.9969918403669956,Coffee Shop
10680,Al Khubar Ash Shamaliyah Dist.,Khobar,26.2912026,50.2136494,Half Million (هاف مليون),26.295131436248678,50.22073713345232,Coffee Shop,9.0,0.999235426093278,Coffee Shop
10681,Al Khubar Ash Shamaliyah Dist.,Khobar,26.2912026,50.2136494,Black Horse Coffee Roasters (محمصة الخيل الأسود),26.28542,50.218593,Coffee Shop,8.9,0.9783913866362508,Coffee Shop
10682,Al Khubar Ash Shamaliyah Dist.,Khobar,26.2912026,50.2136494,chaichi (چايچي),26.296435,50.208783,Tea Room,8.8,0.98396901595578,Coffee Shop
10683,Al Khubar Ash Shamaliyah Dist.,Khobar,26.2912026,50.2136494,Messier82 (ميسيير٨٢),26.300081,50.210795,Coffee Roaster,9.3,0.9974430643119462,Coffee Shop
10684,Al Khubar Ash Shamaliyah Dist.,Khobar,26.2912026,50.2136494,Starbucks Reserve (ستاربكس ريزيرڤ),26.28304,50.219394,Coffee Shop,9.4,0.9891956933181254,Coffee Shop
10685,Al Khubar Ash Shamaliyah Dist.,Khobar,26.2912026,50.2136494,Koffiqa Coffee Roasters (مقهى و محمصة كوفيكا),26.283817,50.220222,Coffee Shop,9.2,0.994572778662121,Coffee Shop
10686,Al Khubar Ash Shamaliyah Dist.,Khobar,26.2912026,50.2136494,Balalet (بلاليط),26.297512,50.212848,Tea Room,8.6,0.9791559605429728,Coffee Shop
10687,Al Khubar Ash Shamaliyah Dist.,Khobar,26.2912026,50.2136494,QAF Coffee Roasters (محمصة ومقهى قاف),26.283475,50.220952,Coffee Shop,9.4,0.9883433814221074,Coffee Shop
10688,Al Khubar Ash Shamaliyah Dist.,Khobar,26.2912026,50.2136494,Vial (فِيال),26.300346,50.216621,Tea Room,9.1,0.992379328929722,Coffee Shop
10689,Al Khubar Ash Shamaliyah Dist.,Khobar,26.2912026,50.2136494,شاي بخار,26.300059,50.220596,Tea Room,9.4,0.9970419763608788,Coffee Shop
10690,Al Khubar Ash Shamaliyah Dist.,Khobar,26.2912026,50.2136494,Specialty Bean Cafe (محمصة سبيشلتي بين),26.300319,50.219761,Coffee Shop,9.2,0.9932567088226816,Coffee Shop
10691,Al Khubar Ash Shamaliyah Dist.,Khobar,26.2912026,50.2136494,Bohemia (بوهيميا),26.299565,50.214963,Coffee Shop,8.7,0.9957259065214394,Coffee Shop
10692,Al Khubar Ash Shamaliyah Dist.,Khobar,26.2912026,50.2136494,ستاربكس,26.300423,50.215308,Coffee Shop,8.8,0.9884937894037577,Coffee Shop
10693,Al Khubar Ash Shamaliyah Dist.,Khobar,26.2912026,50.2136494,Nass (نَصّ),26.302977,50.211757,Coffee Shop,9.4,0.9997117180351704,Coffee Shop
10694,Al Khubar Ash Shamaliyah Dist.,Khobar,26.2912026,50.2136494,Sensations Coffee & Co (سنسيشنز كوفي آند كو),26.299705,50.220394,Coffee Shop,9.0,0.9870649135780806,Coffee Shop
10695,Al Khubar Ash Shamaliyah Dist.,Khobar,26.2912026,50.2136494,Tea Time (وقت الشاي),26.282608,50.217619,Tea Room,8.8,0.98940877129213,Coffee Shop
10696,Al Khubar Ash Shamaliyah Dist.,Khobar,26.2912026,50.2136494,صهوه,26.297769,50.219131,Tea Room,8.6,0.987365729541381,Coffee Shop
10697,Al Khubar Ash Shamaliyah Dist.,Khobar,26.2912026,50.2136494,MYLK (ميلك),26.302492,50.21375,Coffee Shop,8.7,0.9922539889450134,Coffee Shop
10698,Al Khubar Ash Shamaliyah Dist.,Khobar,26.2912026,50.2136494,Balancd Coffee (بالنسد كوفي),26.305186,50.217246,Coffee Shop,9.3,0.9993482320795156,Coffee Shop
10699,Al Khubar Ash Shamaliyah Dist.,Khobar,26.2912026,50.2136494,ALMASAA TEA (شاي المساء),26.284622,50.218689,Tea Room,8.3,0.9914518130428788,Coffee Shop
10700,Al Khubar Ash Shamaliyah Dist.,Khobar,26.2912026,50.2136494,Olden (اولدن),26.301878,50.201303,Coffee Shop,9.6,0.9994610380657534,Coffee Shop
10701,Al Khubar Ash Shamaliyah Dist.,Khobar,26.2912026,50.2136494,Owl bakehouse,26.29947,50.215326,Coffee Shop,8.3,0.9900480052141434,Coffee Shop
10702,Al Khubar Ash Shamaliyah Dist.,Khobar,26.2912026,50.2136494,Organico Speciality Coffee (قهوة اورقانيكو المختصة),26.303736,50.210663,Coffee Shop,8.8,0.9811488662998384,Coffee Shop
10703,Al Khubar Ash Shamaliyah Dist.,Khobar,26.2912026,50.2136494,Danube Le Gourmet,26.304514,50.222378,Café,9.1,0.9962774024541567,Coffee Shop
10704,Al Khubar Ash Shamaliyah Dist.,Khobar,26.2912026,50.2136494,Madeleine (مادلين),26.306362,50.210033,Bakery,9.1,0.9793565045185064,Coffee Shop
10705,Al Khubar Ash Shamaliyah Dist.,Khobar,26.2912026,50.2136494,Tea Time (وقت الشاي),26.299792,50.198477,Tea Room,9.2,0.996853966383816,Coffee Shop
10706,Al Khubar Ash Shamaliyah Dist.,Khobar,26.2912026,50.2136494,Tulum (تولوم),26.303594,50.223328,Coffee Shop,8.9,0.99617713046639,Coffee Shop
10707,Al Khubar Ash Shamaliyah Dist.,Khobar,26.2912026,50.2136494,Panama (بنما),26.299744,50.212176,Coffee Shop,8.2,0.996101926475565,Coffee Shop
10708,Al Khubar Ash Shamaliyah Dist.,Khobar,26.2912026,50.2136494,Shatea Teashop (الشاطئ شاي بخار),26.30082,50.197794,Tea Room,9.0,0.994823458631538,Coffee Shop
10709,Al Khubar Ash Shamaliyah Dist.,Khobar,26.2912026,50.2136494,Chemistry Coffee (كيمستري كوفي),26.302902,50.222152,Coffee Shop,8.6,0.9873782635398518,Coffee Shop
10710,Al Khubar Ash Shamaliyah Dist.,Khobar,26.2912026,50.2136494,‏Sikkat Karak (سكة كرك),26.300735,50.214888,Tea Room,8.2,0.985498163769224,Coffee Shop
10711,Al Khubar Ash Shamaliyah Dist.,Khobar,26.2912026,50.2136494,Tea time,26.277549,50.211453,Coffee Shop,8.5,0.975671508968076,Coffee Shop
10712,Al Khubar Ash Shamaliyah Dist.,Khobar,26.2912026,50.2136494,HOBRA (هوبرا),26.309177,50.214547,Coffee Shop,8.9,0.9904490931652108,Coffee Shop
10713,Al Khubar Ash Shamaliyah Dist.,Khobar,26.2912026,50.2136494,Cafe De Paris,26.278431,50.218478,Restaurant,8.4,0.9841570259328428,Coffee Shop
10714,Al Khubar Ash Shamaliyah Dist.,Khobar,26.2912026,50.2136494,Starbucks (ستاربكس),26.30457,50.199171,Coffee Shop,9.0,0.9852224158028652,Coffee Shop
10715,Al Khubar Ash Shamaliyah Dist.,Khobar,26.2912026,50.2136494,LLuvia (يوڤيا),26.309265,50.220214,Coffee Shop,9.1,0.9969041023776996,Coffee Shop
10716,Madinat Al Ummal Dist.,Khobar,26.2949245,50.2041449,ZOLIEA (زُولِية),26.298005,50.209832,Coffee Shop,9.4,0.995851246506148,Coffee Shop
10717,Madinat Al Ummal Dist.,Khobar,26.2949245,50.2041449,Shahil (شهل),26.291851,50.20881,Tea Room,9.1,0.9855733677600492,Coffee Shop
10718,Madinat Al Ummal Dist.,Khobar,26.2949245,50.2041449,chaichi (چايچي),26.296435,50.208783,Tea Room,8.8,0.98396901595578,Coffee Shop
10719,Madinat Al Ummal Dist.,Khobar,26.2949245,50.2041449,Olden (اولدن),26.301878,50.201303,Coffee Shop,9.6,0.9994610380657534,Coffee Shop
10720,Madinat Al Ummal Dist.,Khobar,26.2949245,50.2041449,Tea Time (وقت الشاي),26.299792,50.198477,Tea Room,9.2,0.996853966383816,Coffee Shop
10721,Madinat Al Ummal Dist.,Khobar,26.2949245,50.2041449,Messier82 (ميسيير٨٢),26.300081,50.210795,Coffee Roaster,9.3,0.9974430643119462,Coffee Shop
10722,Madinat Al Ummal Dist.,Khobar,26.2949245,50.2041449,UMQ Coffee (قهوة عُمق),26.297826,50.212496,Coffee Shop,9.3,0.9927428148853766,Coffee Shop
10723,Madinat Al Ummal Dist.,Khobar,26.2949245,50.2041449,Maramia Villa (مرَاميّة ڤيلا),26.298142,50.212785,Tea Room,9.5,0.9863254076683002,Coffee Shop
10724,Madinat Al Ummal Dist.,Khobar,26.2949245,50.2041449,Shatea Teashop (الشاطئ شاي بخار),26.30082,50.197794,Tea Room,9.0,0.994823458631538,Coffee Shop
10725,Madinat Al Ummal Dist.,Khobar,26.2949245,50.2041449,Nass (نَصّ),26.302977,50.211757,Coffee Shop,9.4,0.9997117180351704,Coffee Shop
10726,Madinat Al Ummal Dist.,Khobar,26.2949245,50.2041449,شاهي T1,26.2968,50.217331,Café,9.2,0.982439868142336,Coffee Shop
10727,Madinat Al Ummal Dist.,Khobar,26.2949245,50.2041449,sdf (سدف),26.298113,50.21815,Tea Room,9.5,0.9950992065978967,Coffee Shop
10728,Madinat Al Ummal Dist.,Khobar,26.2949245,50.2041449,كيف التوأم,26.296096,50.21861,Tea Room,9.5,0.9989095421330358,Coffee Shop
10729,Madinat Al Ummal Dist.,Khobar,26.2949245,50.2041449,Organico Speciality Coffee (قهوة اورقانيكو المختصة),26.303736,50.210663,Coffee Shop,8.8,0.9811488662998384,Coffee Shop
10730,Madinat Al Ummal Dist.,Khobar,26.2949245,50.2041449,Andes Coffee Roasters (محمصة و مقهى أنديز),26.29783,50.219115,Coffee Shop,9.6,0.9987089981575022,Coffee Shop
10731,Madinat Al Ummal Dist.,Khobar,26.2949245,50.2041449,Line Espresso Bar (لاين اسبريسو بار),26.296109,50.21903,Coffee Shop,9.3,0.9976060062920672,Coffee Shop
10732,Madinat Al Ummal Dist.,Khobar,26.2949245,50.2041449,Vial (فِيال),26.300346,50.216621,Tea Room,9.1,0.992379328929722,Coffee Shop
10733,Madinat Al Ummal Dist.,Khobar,26.2949245,50.2041449,ستاربكس,26.300423,50.215308,Coffee Shop,8.8,0.9884937894037577,Coffee Shop
10734,Madinat Al Ummal Dist.,Khobar,26.2949245,50.2041449,ARCHI (ارتشي),26.298652,50.189677,Coffee Shop,9.2,0.9906245691438026,Coffee Shop
10735,Madinat Al Ummal Dist.,Khobar,26.2949245,50.2041449,Bohemia (بوهيميا),26.299565,50.214963,Coffee Shop,8.7,0.9957259065214394,Coffee Shop
10736,Madinat Al Ummal Dist.,Khobar,26.2949245,50.2041449,MYLK (ميلك),26.302492,50.21375,Coffee Shop,8.7,0.9922539889450134,Coffee Shop
10737,Madinat Al Ummal Dist.,Khobar,26.2949245,50.2041449,Dyjor Roasters (محمصة دَيْجُور),26.288549,50.21758,Coffee Shop,9.1,0.9940463507263452,Coffee Shop
10738,Madinat Al Ummal Dist.,Khobar,26.2949245,50.2041449,Maskob (مسكُوب),26.288521,50.21792,Tea Room,9.1,0.9954626925535516,Coffee Shop
10739,Madinat Al Ummal Dist.,Khobar,26.2949245,50.2041449,OLABS (اولابز),26.303277,50.206322,Coffee Shop,8.4,0.9851848138074528,Coffee Shop
10740,Madinat Al Ummal Dist.,Khobar,26.2949245,50.2041449,Iraqi Tea (جاي عراقي),26.293538,50.219764,Coffee Shop,9.0,0.994647982652946,Coffee Shop
10741,Madinat Al Ummal Dist.,Khobar,26.2949245,50.2041449,شاي بخار,26.300059,50.220596,Tea Room,9.4,0.9970419763608788,Coffee Shop
10742,Madinat Al Ummal Dist.,Khobar,26.2949245,50.2041449,RASMAT SHAI (رسمة شاي),26.302376,50.197158,Tea Room,8.5,0.99338204880739,Coffee Shop
10743,Madinat Al Ummal Dist.,Khobar,26.2949245,50.2041449,Specialty Bean Cafe (محمصة سبيشلتي بين),26.300319,50.219761,Coffee Shop,9.2,0.9932567088226816,Coffee Shop
10744,Madinat Al Ummal Dist.,Khobar,26.2949245,50.2041449,Balancd Coffee (بالنسد كوفي),26.305186,50.217246,Coffee Shop,9.3,0.9993482320795156,Coffee Shop
10745,Madinat Al Ummal Dist.,Khobar,26.2949245,50.2041449,Half Million (هاف مليون),26.295131436248678,50.22073713345232,Coffee Shop,9.0,0.999235426093278,Coffee Shop
10746,Madinat Al Ummal Dist.,Khobar,26.2949245,50.2041449,Sensations Coffee & Co (سنسيشنز كوفي آند كو),26.299705,50.220394,Coffee Shop,9.0,0.9870649135780806,Coffee Shop
10747,Madinat Al Ummal Dist.,Khobar,26.2949245,50.2041449,24 Cafe (قهوة ٢٤),26.284406,50.218504,Coffee Shop,9.2,0.9969918403669956,Coffee Shop
10748,Madinat Al Ummal Dist.,Khobar,26.2949245,50.2041449,Panama (بنما),26.299744,50.212176,Coffee Shop,8.2,0.996101926475565,Coffee Shop
10749,Madinat Al Ummal Dist.,Khobar,26.2949245,50.2041449,Starbucks Reserve (ستاربكس ريزيرڤ),26.28304,50.219394,Coffee Shop,9.4,0.9891956933181254,Coffee Shop
10750,Madinat Al Ummal Dist.,Khobar,26.2949245,50.2041449,ATYPICAL (اتيبكل),26.30599,50.190239,Coffee Shop,9.0,0.9997743880275246,Coffee Shop
10751,Madinat Al Ummal Dist.,Khobar,26.2949245,50.2041449,Owl bakehouse,26.29947,50.215326,Coffee Shop,8.3,0.9900480052141434,Coffee Shop
10752,Madinat Al Ummal Dist.,Khobar,26.2949245,50.2041449,صهوه,26.297769,50.219131,Tea Room,8.6,0.987365729541381,Coffee Shop
10753,Madinat Al Ummal Dist.,Khobar,26.2949245,50.2041449,Koffiqa Coffee Roasters (مقهى و محمصة كوفيكا),26.283817,50.220222,Coffee Shop,9.2,0.994572778662121,Coffee Shop
10754,Madinat Al Ummal Dist.,Khobar,26.2949245,50.2041449,QAF Coffee Roasters (محمصة ومقهى قاف),26.283475,50.220952,Coffee Shop,9.4,0.9883433814221074,Coffee Shop
10755,Madinat Al Ummal Dist.,Khobar,26.2949245,50.2041449,Danube Le Gourmet,26.304514,50.222378,Café,9.1,0.9962774024541567,Coffee Shop
10756,Madinat Al Ummal Dist.,Khobar,26.2949245,50.2041449,Club Lounge,26.286307,50.187673,Tea Room,8.8,0.9833423160322374,Coffee Shop
10757,Madinat Al Ummal Dist.,Khobar,26.2949245,50.2041449,Tea Time (وقت الشاي),26.282608,50.217619,Tea Room,8.8,0.98940877129213,Coffee Shop
10758,Madinat Al Ummal Dist.,Khobar,26.2949245,50.2041449,the usual (ذي يوجول),26.305565,50.183432,Coffee Shop,9.4,0.9961395284709776,Coffee Shop
10759,Madinat Al Ummal Dist.,Khobar,26.2949245,50.2041449,‏Sikkat Karak (سكة كرك),26.300735,50.214888,Tea Room,8.2,0.985498163769224,Coffee Shop
10760,Madinat Al Ummal Dist.,Khobar,26.2949245,50.2041449,LLuvia (يوڤيا),26.309265,50.220214,Coffee Shop,9.1,0.9969041023776996,Coffee Shop
10761,Madinat Al Ummal Dist.,Khobar,26.2949245,50.2041449,Tulum (تولوم),26.303594,50.223328,Coffee Shop,8.9,0.99617713046639,Coffee Shop
10762,Madinat Al Ummal Dist.,Khobar,26.2949245,50.2041449,7 Grams (٧ جرام),26.305571,50.183189,Coffee Shop,9.3,0.9943973026835292,Coffee Shop
10763,Madinat Al Ummal Dist.,Khobar,26.2949245,50.2041449,Urth Caffe (ايرث كافيه),26.317849,50.20377,Café,9.5,0.9998997280122331,Coffee Shop
10764,Madinat Al Ummal Dist.,Khobar,26.2949245,50.2041449,llama (لاما),26.303217,50.181088,Coffee Shop,9.2,0.9985335221789104,Coffee Shop
10765,Madinat Al Ummal Dist.,Khobar,26.2949245,50.2041449,Olden (اولدن),26.31523,50.216146,Coffee Shop,9.5,0.9997618540290538,Coffee Shop
10766,Al Aqrabiyah Dist.,Khobar,26.3033934,50.1856479,the usual (ذي يوجول),26.305565,50.183432,Coffee Shop,9.4,0.9961395284709776,Coffee Shop
10767,Al Aqrabiyah Dist.,Khobar,26.3033934,50.1856479,7 Grams (٧ جرام),26.305571,50.183189,Coffee Shop,9.3,0.9943973026835292,Coffee Shop
10768,Al Aqrabiyah Dist.,Khobar,26.3033934,50.1856479,llama (لاما),26.303217,50.181088,Coffee Shop,9.2,0.9985335221789104,Coffee Shop
10769,Al Aqrabiyah Dist.,Khobar,26.3033934,50.1856479,ATYPICAL (اتيبكل),26.30599,50.190239,Coffee Shop,9.0,0.9997743880275246,Coffee Shop
10770,Al Aqrabiyah Dist.,Khobar,26.3033934,50.1856479,ARCHI (ارتشي),26.298652,50.189677,Coffee Shop,9.2,0.9906245691438026,Coffee Shop
10771,Al Aqrabiyah Dist.,Khobar,26.3033934,50.1856479,Tim Hortons,26.299082,50.181486,Coffee Shop,9.1,0.985234949801336,Coffee Shop
10772,Al Aqrabiyah Dist.,Khobar,26.3033934,50.1856479,Mound,26.305497,50.178332,Coffee Shop,9.3,0.9937956707569282,Coffee Shop
10773,Al Aqrabiyah Dist.,Khobar,26.3033934,50.1856479,Abu Saif Tea,26.29994,50.193362,Tea Room,9.1,0.9885689933945828,Coffee Shop
10774,Al Aqrabiyah Dist.,Khobar,26.3033934,50.1856479,Boad Coffee Roasters (مقهى و محمصة بُعد),26.305397,50.178167,Coffee Shop,8.8,0.994071418723287,Coffee Shop
10775,Al Aqrabiyah Dist.,Khobar,26.3033934,50.1856479,Caffeination (كافينيشن),26.307375,50.178835,Coffee Shop,8.8,0.9934196508028026,Coffee Shop
10776,Al Aqrabiyah Dist.,Khobar,26.3033934,50.1856479,Gravity Lounge,26.307034,50.176208,Café,9.0,0.9977438802752466,Coffee Shop
10777,Al Aqrabiyah Dist.,Khobar,26.3033934,50.1856479,Dunkin' Donuts (دانكن دونتس),26.308587,50.176686,"Cafe, Coffee, and Tea House",8.9,0.991689959013825,Coffee Shop
10778,Al Aqrabiyah Dist.,Khobar,26.3033934,50.1856479,A Plus (آي بلس),26.299565,50.174274,Coffee Shop,9.2,0.999059950114686,Coffee Shop
10779,Al Aqrabiyah Dist.,Khobar,26.3033934,50.1856479,Starbucks (ستاربكس),26.30203,50.17745,Coffee Shop,8.6,0.9869270395949012,Coffee Shop
10780,Al Aqrabiyah Dist.,Khobar,26.3033934,50.1856479,Shatea Teashop (الشاطئ شاي بخار),26.30082,50.197794,Tea Room,9.0,0.994823458631538,Coffee Shop
10781,Al Aqrabiyah Dist.,Khobar,26.3033934,50.1856479,Tea Time (وقت الشاي),26.299792,50.198477,Tea Room,9.2,0.996853966383816,Coffee Shop
10782,Al Aqrabiyah Dist.,Khobar,26.3033934,50.1856479,Starbucks (ستاربكس),26.30457,50.199171,Coffee Shop,9.0,0.9852224158028652,Coffee Shop
10783,Al Aqrabiyah Dist.,Khobar,26.3033934,50.1856479,Olden (اولدن),26.301878,50.201303,Coffee Shop,9.6,0.9994610380657534,Coffee Shop
10784,Al Aqrabiyah Dist.,Khobar,26.3033934,50.1856479,Starbucks (ستاربكس),26.307338,50.173058,Coffee Shop,8.8,0.9931815048318564,Coffee Shop
10785,Al Aqrabiyah Dist.,Khobar,26.3033934,50.1856479,8Oz Coffee,26.304103,50.168187,Coffee Shop,9.3,0.9954376245566098,Coffee Shop
10786,Al Aqrabiyah Dist.,Khobar,26.3033934,50.1856479,ZOYA (زويا),26.303561,50.169328,Coffee Shop,9.0,0.9972801223318252,Coffee Shop
10787,Al Aqrabiyah Dist.,Khobar,26.3033934,50.1856479,RASMAT SHAI (رسمة شاي),26.302376,50.197158,Tea Room,8.5,0.99338204880739,Coffee Shop
10788,Al Aqrabiyah Dist.,Khobar,26.3033934,50.1856479,Caribou Coffee (كاريبو),26.303928,50.202763,"Cafe, Coffee, and Tea House",9.1,0.9834300540215334,Coffee Shop
10789,Al Aqrabiyah Dist.,Khobar,26.3033934,50.1856479,7 Grams (٧ جرام),26.290708,50.18091,Coffee Shop,8.6,0.9936327287768072,Coffee Shop
10790,Al Aqrabiyah Dist.,Khobar,26.3033934,50.1856479,La Panetière,26.318069,50.194271,Coffee Shop,9.0,0.999147688103982,Coffee Shop
10791,Al Aqrabiyah Dist.,Khobar,26.3033934,50.1856479,Marks & Spencer Coffee (ماركس & سبنسر كافيه),26.307846,50.17381,Coffee Shop,8.3,0.9929809608563228,Coffee Shop
10792,Al Aqrabiyah Dist.,Khobar,26.3033934,50.1856479,Ben’s Cookies,26.303537,50.170626,Coffee Shop,8.5,0.9948610606269506,Coffee Shop
10793,Al Aqrabiyah Dist.,Khobar,26.3033934,50.1856479,Club Lounge,26.286307,50.187673,Tea Room,8.8,0.9833423160322374,Coffee Shop
10794,Al Aqrabiyah Dist.,Khobar,26.3033934,50.1856479,Urth Caffe (ايرث كافيه),26.317849,50.20377,Café,9.5,0.9998997280122331,Coffee Shop
10795,Al Aqrabiyah Dist.,Khobar,26.3033934,50.1856479,Tulum (تولوم),26.308906,50.169742,Coffee Shop,8.5,0.9908627151147488,Coffee Shop
10796,Al Aqrabiyah Dist.,Khobar,26.3033934,50.1856479,ZOLIEA (زُولِية),26.298005,50.209832,Coffee Shop,9.4,0.995851246506148,Coffee Shop
10797,Al Aqrabiyah Dist.,Khobar,26.3033934,50.1856479,مُر,26.316915,50.204099,Coffee Shop,9.0,0.9989972801223318,Coffee Shop
10798,Al Aqrabiyah Dist.,Khobar,26.3033934,50.1856479,Messier82 (ميسيير٨٢),26.300081,50.210795,Coffee Roaster,9.3,0.9974430643119462,Coffee Shop
10799,Al Aqrabiyah Dist.,Khobar,26.3033934,50.1856479,Nass (نَصّ),26.302977,50.211757,Coffee Shop,9.4,0.9997117180351704,Coffee Shop
10800,Al Aqrabiyah Dist.,Khobar,26.3033934,50.1856479,Madeleine (مادلين),26.306362,50.210033,Bakery,9.1,0.9793565045185064,Coffee Shop
10801,Al Aqrabiyah Dist.,Khobar,26.3033934,50.1856479,Barn's (بارن كافيه),26.322756,50.179696,Coffee Shop,8.8,0.9936076607798654,Coffee Shop
10802,Al Aqrabiyah Dist.,Khobar,26.3033934,50.1856479,Ojar (أوجَار),26.30042,50.20838,Tea Room,8.8,0.9897471892508428,Coffee Shop
10803,Al Aqrabiyah Dist.,Khobar,26.3033934,50.1856479,Dose (دوز),26.317878,50.203825,Coffee Shop,9.0,0.9959891204893272,Coffee Shop
10804,Al Aqrabiyah Dist.,Khobar,26.3033934,50.1856479,Maramia Villa (مرَاميّة ڤيلا),26.298142,50.212785,Tea Room,9.5,0.9863254076683002,Coffee Shop
10805,Al Aqrabiyah Dist.,Khobar,26.3033934,50.1856479,Shahil (شهل),26.291851,50.20881,Tea Room,9.1,0.9855733677600492,Coffee Shop
10806,Al Aqrabiyah Dist.,Khobar,26.3033934,50.1856479,UMQ Coffee (قهوة عُمق),26.297826,50.212496,Coffee Shop,9.3,0.9927428148853766,Coffee Shop
10807,Al Aqrabiyah Dist.,Khobar,26.3033934,50.1856479,chaichi (چايچي),26.296435,50.208783,Tea Room,8.8,0.98396901595578,Coffee Shop
10808,Al Aqrabiyah Dist.,Khobar,26.3033934,50.1856479,Organico Speciality Coffee (قهوة اورقانيكو المختصة),26.303736,50.210663,Coffee Shop,8.8,0.9811488662998384,Coffee Shop
10809,Al Aqrabiyah Dist.,Khobar,26.3033934,50.1856479,Density Coffee Roasters (محمصة ومقهى دينسيتي),26.328687,50.180382,Coffee Shop,9.1,0.9964779464296906,Coffee Shop
10810,Al Aqrabiyah Dist.,Khobar,26.3033934,50.1856479,Beyond,26.32838,50.180226,Coffee Shop,9.1,0.9967536943960492,Coffee Shop
10811,Al Aqrabiyah Dist.,Khobar,26.3033934,50.1856479,OLABS (اولابز),26.303277,50.206322,Coffee Shop,8.4,0.9851848138074528,Coffee Shop
10812,Al Aqrabiyah Dist.,Khobar,26.3033934,50.1856479,HOBRA (هوبرا),26.309177,50.214547,Coffee Shop,8.9,0.9904490931652108,Coffee Shop
10813,Al Aqrabiyah Dist.,Khobar,26.3033934,50.1856479,MYLK (ميلك),26.302492,50.21375,Coffee Shop,8.7,0.9922539889450134,Coffee Shop
10814,Al Aqrabiyah Dist.,Khobar,26.3033934,50.1856479,ستاربكس,26.300423,50.215308,Coffee Shop,8.8,0.9884937894037577,Coffee Shop
10815,Al Aqrabiyah Dist.,Khobar,26.3033934,50.1856479,Balalet (بلاليط),26.297512,50.212848,Tea Room,8.6,0.9791559605429728,Coffee Shop
10816,Al Khubar Al Janubiyah Dist.,Khobar,26.2747197,50.2055189,Unleash Coffee,26.281435,50.20057,Coffee Shop,8.8,0.9731897772708472,Coffee Shop
10817,Al Khubar Al Janubiyah Dist.,Khobar,26.2747197,50.2055189,ارابيا كافيه,26.28406,50.210689,Coffee Shop,9.4,0.9851221438150984,Coffee Shop
10818,Al Khubar Al Janubiyah Dist.,Khobar,26.2747197,50.2055189,Tea time,26.277549,50.211453,Coffee Shop,8.5,0.975671508968076,Coffee Shop
10819,Al Khubar Al Janubiyah Dist.,Khobar,26.2747197,50.2055189,Starbucks (ستاربكس),26.268738,50.216005,Coffee Shop,9.1,0.9853352217891028,Coffee Shop
10820,Al Khubar Al Janubiyah Dist.,Khobar,26.2747197,50.2055189,Caffè Nero,26.274295,50.200446,Coffee Shop,8.2,0.9851096098166277,Coffee Shop
10821,Al Khubar Al Janubiyah Dist.,Khobar,26.2747197,50.2055189,Shathrat Cafe (شذرات كافيه),26.275161,50.218922,Café,8.9,0.9707957835629144,Coffee Shop
10822,Al Khubar Al Janubiyah Dist.,Khobar,26.2747197,50.2055189,Barn's (بارن كافيه),26.266281,50.203846,Coffee Shop,8.4,0.9807979143426544,Coffee Shop
10823,Al Khubar Al Janubiyah Dist.,Khobar,26.2747197,50.2055189,Starbucks Reserve (ستاربكس ريزيرڤ),26.28304,50.219394,Coffee Shop,9.4,0.9891956933181254,Coffee Shop
10824,Al Khubar Al Janubiyah Dist.,Khobar,26.2747197,50.2055189,24 Cafe (قهوة ٢٤),26.284406,50.218504,Coffee Shop,9.2,0.9969918403669956,Coffee Shop
10825,Al Khubar Al Janubiyah Dist.,Khobar,26.2747197,50.2055189,QAF Coffee Roasters (محمصة ومقهى قاف),26.283475,50.220952,Coffee Shop,9.4,0.9883433814221074,Coffee Shop
10826,Al Khubar Al Janubiyah Dist.,Khobar,26.2747197,50.2055189,Koffiqa Coffee Roasters (مقهى و محمصة كوفيكا),26.283817,50.220222,Coffee Shop,9.2,0.994572778662121,Coffee Shop
10827,Al Khubar Al Janubiyah Dist.,Khobar,26.2747197,50.2055189,Tea Time (وقت الشاي),26.282608,50.217619,Tea Room,8.8,0.98940877129213,Coffee Shop
10828,Al Khubar Al Janubiyah Dist.,Khobar,26.2747197,50.2055189,Methods (ميثودز),26.282662,50.220466,Coffee Shop,9.0,0.9525462817893536,Coffee Shop
10829,Al Khubar Al Janubiyah Dist.,Khobar,26.2747197,50.2055189,Maramia (مرَاميّه),26.289403,50.216415,Tea Room,9.3,0.9648296002907888,Coffee Shop
10830,Al Khubar Al Janubiyah Dist.,Khobar,26.2747197,50.2055189,Black Horse Coffee Roasters (محمصة الخيل الأسود),26.28542,50.218593,Coffee Shop,8.9,0.9783913866362508,Coffee Shop
10831,Al Khubar Al Janubiyah Dist.,Khobar,26.2747197,50.2055189,Shahil (شهل),26.291851,50.20881,Tea Room,9.1,0.9855733677600492,Coffee Shop
10832,Al Khubar Al Janubiyah Dist.,Khobar,26.2747197,50.2055189,Maskob (مسكُوب),26.288521,50.21792,Tea Room,9.1,0.9954626925535516,Coffee Shop
10833,Al Khubar Al Janubiyah Dist.,Khobar,26.2747197,50.2055189,Dyjor Roasters (محمصة دَيْجُور),26.288549,50.21758,Coffee Shop,9.1,0.9940463507263452,Coffee Shop
10834,Al Khubar Al Janubiyah Dist.,Khobar,26.2747197,50.2055189,Cafe De Paris,26.278431,50.218478,Restaurant,8.4,0.9841570259328428,Coffee Shop
10835,Al Khubar Al Janubiyah Dist.,Khobar,26.2747197,50.2055189,Starbucks (ستاربكس),26.288657,50.216227,Coffee Shop,8.8,0.9818006342203226,Coffee Shop
10836,Al Khubar Al Janubiyah Dist.,Khobar,26.2747197,50.2055189,Blue Sky,26.285347,50.194241,Coffee Shop,8.4,0.9851973478059236,Coffee Shop
10837,Al Khubar Al Janubiyah Dist.,Khobar,26.2747197,50.2055189,ستاربكس,26.266237,50.213014,Coffee Shop,8.1,0.993645262775278,Coffee Shop
10838,Al Khubar Al Janubiyah Dist.,Khobar,26.2747197,50.2055189,Club Lounge,26.286307,50.187673,Tea Room,8.8,0.9833423160322374,Coffee Shop
10839,Al Khubar Al Janubiyah Dist.,Khobar,26.2747197,50.2055189,ZOLIEA (زُولِية),26.298005,50.209832,Coffee Shop,9.4,0.995851246506148,Coffee Shop
10840,Al Khubar Al Janubiyah Dist.,Khobar,26.2747197,50.2055189,ALMASAA TEA (شاي المساء),26.284622,50.218689,Tea Room,8.3,0.9914518130428788,Coffee Shop
10841,Al Khubar Al Janubiyah Dist.,Khobar,26.2747197,50.2055189,Maramia Villa (مرَاميّة ڤيلا),26.298142,50.212785,Tea Room,9.5,0.9863254076683002,Coffee Shop
10842,Al Khubar Al Janubiyah Dist.,Khobar,26.2747197,50.2055189,UMQ Coffee (قهوة عُمق),26.297826,50.212496,Coffee Shop,9.3,0.9927428148853766,Coffee Shop
10843,Al Khubar Al Janubiyah Dist.,Khobar,26.2747197,50.2055189,كيف التوأم,26.296096,50.21861,Tea Room,9.5,0.9989095421330358,Coffee Shop
10844,Al Khubar Al Janubiyah Dist.,Khobar,26.2747197,50.2055189,Iraqi Tea (جاي عراقي),26.293538,50.219764,Coffee Shop,9.0,0.994647982652946,Coffee Shop
10845,Al Khubar Al Janubiyah Dist.,Khobar,26.2747197,50.2055189,Sallel (صليل),26.29815,50.212928,Tea Room,9.4,0.9714726194803404,Coffee Shop
10846,Al Khubar Al Janubiyah Dist.,Khobar,26.2747197,50.2055189,Line Espresso Bar (لاين اسبريسو بار),26.296109,50.21903,Coffee Shop,9.3,0.9976060062920672,Coffee Shop
10847,Al Khubar Al Janubiyah Dist.,Khobar,26.2747197,50.2055189,Meem Coffee (مِيم),26.289472,50.216453,Coffee Shop,8.4,0.9644410463381924,Coffee Shop
10848,Al Khubar Al Janubiyah Dist.,Khobar,26.2747197,50.2055189,Tell A Tale (تيل ا تيل),26.296472,50.219226,Café,9.3,0.9840818219420178,Coffee Shop
10849,Al Khubar Al Janubiyah Dist.,Khobar,26.2747197,50.2055189,chaichi (چايچي),26.296435,50.208783,Tea Room,8.8,0.98396901595578,Coffee Shop
10850,Al Khubar Al Janubiyah Dist.,Khobar,26.2747197,50.2055189,شاهي T1,26.2968,50.217331,Café,9.2,0.982439868142336,Coffee Shop
10851,Al Khubar Al Janubiyah Dist.,Khobar,26.2747197,50.2055189,Andes Coffee Roasters (محمصة و مقهى أنديز),26.29783,50.219115,Coffee Shop,9.6,0.9987089981575022,Coffee Shop
10852,Al Khubar Al Janubiyah Dist.,Khobar,26.2747197,50.2055189,sdf (سدف),26.298113,50.21815,Tea Room,9.5,0.9950992065978967,Coffee Shop
10853,Al Khubar Al Janubiyah Dist.,Khobar,26.2747197,50.2055189,Messier82 (ميسيير٨٢),26.300081,50.210795,Coffee Roaster,9.3,0.9974430643119462,Coffee Shop
10854,Al Khubar Al Janubiyah Dist.,Khobar,26.2747197,50.2055189,Aged Coffee House,26.299294,50.202342,Coffee Shop,9.1,0.9773761327601118,Coffee Shop
10855,Al Khubar Al Janubiyah Dist.,Khobar,26.2747197,50.2055189,Half Million (هاف مليون),26.295131436248678,50.22073713345232,Coffee Shop,9.0,0.999235426093278,Coffee Shop
10856,Al Khubar Al Janubiyah Dist.,Khobar,26.2747197,50.2055189,Tea Time (وقت الشاي),26.299792,50.198477,Tea Room,9.2,0.996853966383816,Coffee Shop
10857,Al Khubar Al Janubiyah Dist.,Khobar,26.2747197,50.2055189,Cesario Coffee,26.255965,50.220532,Coffee Shop,8.6,0.9915896870260582,Coffee Shop
10858,Al Khubar Al Janubiyah Dist.,Khobar,26.2747197,50.2055189,Balalet (بلاليط),26.297512,50.212848,Tea Room,8.6,0.9791559605429728,Coffee Shop
10859,Al Khubar Al Janubiyah Dist.,Khobar,26.2747197,50.2055189,Ojar (أوجَار),26.30042,50.20838,Tea Room,8.8,0.9897471892508428,Coffee Shop
10860,Al Khubar Al Janubiyah Dist.,Khobar,26.2747197,50.2055189,ستاربكس,26.289013,50.21912,Coffee Shop,8.2,0.9749570710552372,Coffee Shop
10861,Al Khubar Al Janubiyah Dist.,Khobar,26.2747197,50.2055189,Bohemia (بوهيميا),26.299565,50.214963,Coffee Shop,8.7,0.9957259065214394,Coffee Shop
10862,Al Khubar Al Janubiyah Dist.,Khobar,26.2747197,50.2055189,Coffee Valley (وادي القهوة),26.250352,50.202656,Coffee Shop,8.5,0.9833924520261208,Coffee Shop
10863,Al Khubar Al Janubiyah Dist.,Khobar,26.2747197,50.2055189,صهوه,26.297769,50.219131,Tea Room,8.6,0.987365729541381,Coffee Shop
10864,Al Khubar Al Janubiyah Dist.,Khobar,26.2747197,50.2055189,Golden Karak (كرك الذهبي),26.299223,50.198449,Tea Room,8.4,0.981261672286076,Coffee Shop
10865,Al Khubar Al Janubiyah Dist.,Khobar,26.2747197,50.2055189,Owl bakehouse,26.29947,50.215326,Coffee Shop,8.3,0.9900480052141434,Coffee Shop
10866,Ar Rawabi Dist.,Khobar,26.3316231,50.2098898,10° Coffee House (تن دقريز بيت القهوة),26.330281,50.212671,Coffee Shop,8.9,0.992291590940426,Coffee Shop
10867,Ar Rawabi Dist.,Khobar,26.3316231,50.2098898,Starbucks (ستاربكس),26.334167,50.212065,Coffee Shop,8.9,0.9915395510321748,Coffee Shop
10868,Ar Rawabi Dist.,Khobar,26.3316231,50.2098898,COSMO (DRIVE THRU) (كوزمو),26.325143,50.207918,Coffee Shop,9.3,0.9963150044495694,Coffee Shop
10869,Ar Rawabi Dist.,Khobar,26.3316231,50.2098898,شاي أبو سيف,26.338552,50.20833,Tea Room,9.1,0.997718812278305,Coffee Shop
10870,Ar Rawabi Dist.,Khobar,26.3316231,50.2098898,Blue Star Cafe (بلو ستار كافيه),26.32715,50.215145,Coffee Shop,8.8,0.9917024930122958,Coffee Shop
10871,Ar Rawabi Dist.,Khobar,26.3316231,50.2098898,Core Coffee & Roastery,26.325143,50.207633,Coffee Shop,8.9,0.9945351766667084,Coffee Shop
10872,Ar Rawabi Dist.,Khobar,26.3316231,50.2098898,UMQ Coffee (قهوة عُمق),26.321786,50.211889,Coffee Shop,9.4,0.9994234360703408,Coffee Shop
10873,Ar Rawabi Dist.,Khobar,26.3316231,50.2098898,Knock (نوك),26.337298,50.201441,Coffee Shop,9.2,0.9978441522630134,Coffee Shop
10874,Ar Rawabi Dist.,Khobar,26.3316231,50.2098898,Elegant Garden,26.338082,50.208264,Café,8.7,0.989057819334946,Coffee Shop
10875,Ar Rawabi Dist.,Khobar,26.3316231,50.2098898,Cofféa (كوفيا),26.324793,50.206615,Coffee Shop,8.5,0.9637391424238246,Coffee Shop
10876,Ar Rawabi Dist.,Khobar,26.3316231,50.2098898,WEBREW (ويبرو),26.343517,50.203178,Coffee Shop,9.5,0.9996866500382288,Coffee Shop
10877,Ar Rawabi Dist.,Khobar,26.3316231,50.2098898,Equal (إيكول),26.31984,50.216692,Coffee Shop,9.3,0.9988343381422108,Coffee Shop
10878,Ar Rawabi Dist.,Khobar,26.3316231,50.2098898,تّل,26.321884,50.220768,Coffee Shop,9.3,0.9967160924006369,Coffee Shop
10879,Ar Rawabi Dist.,Khobar,26.3316231,50.2098898,SWAJ Coffee Roasters (محمصة و مقهى سُواج),26.343818,50.203197,Coffee Shop,9.1,0.9945853126605918,Coffee Shop
10880,Ar Rawabi Dist.,Khobar,26.3316231,50.2098898,Urth Caffe (ايرث كافيه),26.317849,50.20377,Café,9.5,0.9998997280122331,Coffee Shop
10881,Ar Rawabi Dist.,Khobar,26.3316231,50.2098898,Wacafe (وكف),26.319811,50.216804,Coffee Shop,9.0,0.9970169083639372,Coffee Shop
10882,Ar Rawabi Dist.,Khobar,26.3316231,50.2098898,VARDØ (Vardø),26.321546,50.219743,Coffee Shop,8.9,0.9874910695260896,Coffee Shop
10883,Ar Rawabi Dist.,Khobar,26.3316231,50.2098898,Dose (دوز كافيه),26.338543,50.208261,Coffee Shop,8.2,0.9890954213303584,Coffee Shop
10884,Ar Rawabi Dist.,Khobar,26.3316231,50.2098898,Dose (دوز),26.317878,50.203825,Coffee Shop,9.0,0.9959891204893272,Coffee Shop
10885,Ar Rawabi Dist.,Khobar,26.3316231,50.2098898,Namq (نمق),26.319378,50.22272,Coffee Shop,9.4,0.9998621260168208,Coffee Shop
10886,Ar Rawabi Dist.,Khobar,26.3316231,50.2098898,مُر,26.316915,50.204099,Coffee Shop,9.0,0.9989972801223318,Coffee Shop
10887,Ar Rawabi Dist.,Khobar,26.3316231,50.2098898,Olden (اولدن),26.31523,50.216146,Coffee Shop,9.5,0.9997618540290538,Coffee Shop
10888,Ar Rawabi Dist.,Khobar,26.3316231,50.2098898,Density Coffee Roasters (محمصة و مقهى دينستي),26.319682,50.222786,Coffee Shop,9.2,0.9982577742125516,Coffee Shop
10889,Ar Rawabi Dist.,Khobar,26.3316231,50.2098898,OTOÑO (أوتونيو),26.320071,50.222049,Coffee Shop,9.0,0.9971923843425292,Coffee Shop
10890,Ar Rawabi Dist.,Khobar,26.3316231,50.2098898,QASHA (‎قَشة),26.318468,50.222844,Coffee Shop,9.4,0.9966910244036952,Coffee Shop
10891,Ar Rawabi Dist.,Khobar,26.3316231,50.2098898,Willow,26.318095,50.222335,Café,9.3,0.9939084767431658,Coffee Shop
10892,Ar Rawabi Dist.,Khobar,26.3316231,50.2098898,The Barking Lot,26.335582,50.193452,Pet Café,8.8,0.972525475351892,Coffee Shop
10893,Ar Rawabi Dist.,Khobar,26.3316231,50.2098898,Veloce (فيلوتشي),26.319932,50.222584,Café,8.9,0.991100861085695,Coffee Shop
10894,Ar Rawabi Dist.,Khobar,26.3316231,50.2098898,Starbucks (ستاربكس),26.316542,50.223297,Coffee Shop,9.4,0.9966659564067534,Coffee Shop
10895,Ar Rawabi Dist.,Khobar,26.3316231,50.2098898,RAMLA (رملا),26.317157,50.223023,Coffee Shop,9.1,0.9855106977676948,Coffee Shop
10896,Ar Rawabi Dist.,Khobar,26.3316231,50.2098898,CAVO (كاڤو),26.314479,50.217111,Coffee Shop,9.0,0.9951869445871928,Coffee Shop
10897,Ar Rawabi Dist.,Khobar,26.3316231,50.2098898,ستاربكس,26.345831,50.19578,Coffee Shop,9.1,0.9816502262386724,Coffee Shop
10898,Ar Rawabi Dist.,Khobar,26.3316231,50.2098898,AlZaman AlJameel Cafe (مقهى الزمن الجميل),26.343926,50.195572,Lounge,8.8,0.9858115137309952,Coffee Shop
10899,Ar Rawabi Dist.,Khobar,26.3316231,50.2098898,Detective Cafe,26.35211,50.211592,Coffee Shop,9.2,0.9666595640675332,Coffee Shop
10900,Ar Rawabi Dist.,Khobar,26.3316231,50.2098898,La Panetière,26.318069,50.194271,Coffee Shop,9.0,0.999147688103982,Coffee Shop
10901,Ar Rawabi Dist.,Khobar,26.3316231,50.2098898,Lapro Cafe,26.350858,50.211908,Coffee Shop,8.9,0.9839439479588384,Coffee Shop
10902,Ar Rawabi Dist.,Khobar,26.3316231,50.2098898,Café Quindío (كافيه كينديو),26.351217,50.211122,Café,8.9,0.967023050023188,Coffee Shop
10903,Ar Rawabi Dist.,Khobar,26.3316231,50.2098898,Ballet Coffee (باليه كافيه),26.317294,50.222958,Coffee Shop,8.7,0.9969542383715828,Coffee Shop
10904,Ar Rawabi Dist.,Khobar,26.3316231,50.2098898,Soil Coffee Roasters (محمصة سويل),26.313661,50.223513,Coffee Roaster,9.1,0.9992103580963364,Coffee Shop
10905,Ar Rawabi Dist.,Khobar,26.3316231,50.2098898,Caribou Coffee (كاريبو كوفي),26.354229,50.209282,"Cafe, Coffee, and Tea House",9.3,0.9730895052830804,Coffee Shop
10906,Ar Rawabi Dist.,Khobar,26.3316231,50.2098898,Wogard Coffee Roasters (محمصة ومقهى ووقارد),26.346074,50.191229,Coffee Shop,9.1,0.9584121930737124,Coffee Shop
10907,Ar Rawabi Dist.,Khobar,26.3316231,50.2098898,Shrq Coffee Roasters (مقهى ومحمصة شرق),26.311596,50.223059,Coffee Shop,9.3,0.9994485040672824,Coffee Shop
10908,Ar Rawabi Dist.,Khobar,26.3316231,50.2098898,Kashida (كشيدة),26.351955,50.211275,Café,8.8,0.9724001353671836,Coffee Shop
10909,Ar Rawabi Dist.,Khobar,26.3316231,50.2098898,SEQUENCE (سيكونس),26.314555,50.217032,Coffee Shop,8.6,0.9888322073624708,Coffee Shop
10910,Ar Rawabi Dist.,Khobar,26.3316231,50.2098898,Carpet (كاربت),26.35154,50.211723,Coffee Shop,8.8,0.9736159332188562,Coffee Shop
10911,Ar Rawabi Dist.,Khobar,26.3316231,50.2098898,Arabia Coffee,26.314734,50.210611,Coffee Shop,8.4,0.9784540566286052,Coffee Shop
10912,Ar Rawabi Dist.,Khobar,26.3316231,50.2098898,HOBRA (هوبرا),26.309177,50.214547,Coffee Shop,8.9,0.9904490931652108,Coffee Shop
10913,Ar Rawabi Dist.,Khobar,26.3316231,50.2098898,The BLK. (The BLK),26.31012,50.224268,Coffee Shop,9.3,0.9929308248624392,Coffee Shop
10914,Ar Rawabi Dist.,Khobar,26.3316231,50.2098898,INSIDE (ان سايد),26.310537,50.224136,Coffee Shop,9.1,0.994146622714112,Coffee Shop
10915,Ar Rawabi Dist.,Khobar,26.3316231,50.2098898,Sharik Café (شارك كافيه),26.309689,50.223518,Coffee Shop,9.2,0.9958387125076772,Coffee Shop
10916,Al Yarmok Dist.,Khobar,26.3178244,50.2198517,Willow,26.318095,50.222335,Café,9.3,0.9939084767431658,Coffee Shop
10917,Al Yarmok Dist.,Khobar,26.3178244,50.2198517,QASHA (‎قَشة),26.318468,50.222844,Coffee Shop,9.4,0.9966910244036952,Coffee Shop
10918,Al Yarmok Dist.,Khobar,26.3178244,50.2198517,Namq (نمق),26.319378,50.22272,Coffee Shop,9.4,0.9998621260168208,Coffee Shop
10919,Al Yarmok Dist.,Khobar,26.3178244,50.2198517,Starbucks (ستاربكس),26.316542,50.223297,Coffee Shop,9.4,0.9966659564067534,Coffee Shop
10920,Al Yarmok Dist.,Khobar,26.3178244,50.2198517,Equal (إيكول),26.31984,50.216692,Coffee Shop,9.3,0.9988343381422108,Coffee Shop
10921,Al Yarmok Dist.,Khobar,26.3178244,50.2198517,RAMLA (رملا),26.317157,50.223023,Coffee Shop,9.1,0.9855106977676948,Coffee Shop
10922,Al Yarmok Dist.,Khobar,26.3178244,50.2198517,Density Coffee Roasters (محمصة و مقهى دينستي),26.319682,50.222786,Coffee Shop,9.2,0.9982577742125516,Coffee Shop
10923,Al Yarmok Dist.,Khobar,26.3178244,50.2198517,Olden (اولدن),26.31523,50.216146,Coffee Shop,9.5,0.9997618540290538,Coffee Shop
10924,Al Yarmok Dist.,Khobar,26.3178244,50.2198517,OTOÑO (أوتونيو),26.320071,50.222049,Coffee Shop,9.0,0.9971923843425292,Coffee Shop
10925,Al Yarmok Dist.,Khobar,26.3178244,50.2198517,تّل,26.321884,50.220768,Coffee Shop,9.3,0.9967160924006369,Coffee Shop
10926,Al Yarmok Dist.,Khobar,26.3178244,50.2198517,Wacafe (وكف),26.319811,50.216804,Coffee Shop,9.0,0.9970169083639372,Coffee Shop
10927,Al Yarmok Dist.,Khobar,26.3178244,50.2198517,Veloce (فيلوتشي),26.319932,50.222584,Café,8.9,0.991100861085695,Coffee Shop
10928,Al Yarmok Dist.,Khobar,26.3178244,50.2198517,VARDØ (Vardø),26.321546,50.219743,Coffee Shop,8.9,0.9874910695260896,Coffee Shop
10929,Al Yarmok Dist.,Khobar,26.3178244,50.2198517,Ballet Coffee (باليه كافيه),26.317294,50.222958,Coffee Shop,8.7,0.9969542383715828,Coffee Shop
10930,Al Yarmok Dist.,Khobar,26.3178244,50.2198517,CAVO (كاڤو),26.314479,50.217111,Coffee Shop,9.0,0.9951869445871928,Coffee Shop
10931,Al Yarmok Dist.,Khobar,26.3178244,50.2198517,Soil Coffee Roasters (محمصة سويل),26.313661,50.223513,Coffee Roaster,9.1,0.9992103580963364,Coffee Shop
10932,Al Yarmok Dist.,Khobar,26.3178244,50.2198517,Shrq Coffee Roasters (مقهى ومحمصة شرق),26.311596,50.223059,Coffee Shop,9.3,0.9994485040672824,Coffee Shop
10933,Al Yarmok Dist.,Khobar,26.3178244,50.2198517,SEQUENCE (سيكونس),26.314555,50.217032,Coffee Shop,8.6,0.9888322073624708,Coffee Shop
10934,Al Yarmok Dist.,Khobar,26.3178244,50.2198517,UMQ Coffee (قهوة عُمق),26.321786,50.211889,Coffee Shop,9.4,0.9994234360703408,Coffee Shop
10935,Al Yarmok Dist.,Khobar,26.3178244,50.2198517,EL-GAMALEYA (الجمّالية),26.313295,50.223627,Tea Room,8.7,0.9863379416667712,Coffee Shop
10936,Al Yarmok Dist.,Khobar,26.3178244,50.2198517,INSIDE (ان سايد),26.310537,50.224136,Coffee Shop,9.1,0.994146622714112,Coffee Shop
10937,Al Yarmok Dist.,Khobar,26.3178244,50.2198517,The BLK. (The BLK),26.31012,50.224268,Coffee Shop,9.3,0.9929308248624392,Coffee Shop
10938,Al Yarmok Dist.,Khobar,26.3178244,50.2198517,Sharik Café (شارك كافيه),26.309689,50.223518,Coffee Shop,9.2,0.9958387125076772,Coffee Shop
10939,Al Yarmok Dist.,Khobar,26.3178244,50.2198517,LLuvia (يوڤيا),26.309265,50.220214,Coffee Shop,9.1,0.9969041023776996,Coffee Shop
10940,Al Yarmok Dist.,Khobar,26.3178244,50.2198517,Eclipse (إكلبس),26.309511,50.223659,Coffee Shop,9.1,0.9992980960856322,Coffee Shop
10941,Al Yarmok Dist.,Khobar,26.3178244,50.2198517,Peek-A-Brew (بيك-أ-برو),26.3092,50.219423,Coffee Shop,8.9,0.9887820713685872,Coffee Shop
10942,Al Yarmok Dist.,Khobar,26.3178244,50.2198517,OOB (او او بي),26.310512,50.224067,Coffee Shop,8.8,0.9972550543348834,Coffee Shop
10943,Al Yarmok Dist.,Khobar,26.3178244,50.2198517,Crafter (كرافتر),26.317755,50.223038,Coffee Shop,8.2,0.9933319128135066,Coffee Shop
10944,Al Yarmok Dist.,Khobar,26.3178244,50.2198517,COSMO (كوزمو),26.310797,50.223505,Coffee Shop,8.7,0.9948735946254216,Coffee Shop
10945,Al Yarmok Dist.,Khobar,26.3178244,50.2198517,ARCHI (ارتشي),26.309359,50.222512,Coffee Shop,8.9,0.9985711241743228,Coffee Shop
10946,Al Yarmok Dist.,Khobar,26.3178244,50.2198517,HOBRA (هوبرا),26.309177,50.214547,Coffee Shop,8.9,0.9904490931652108,Coffee Shop
10947,Al Yarmok Dist.,Khobar,26.3178244,50.2198517,Blue Star Cafe (بلو ستار كافيه),26.32715,50.215145,Coffee Shop,8.8,0.9917024930122958,Coffee Shop
10948,Al Yarmok Dist.,Khobar,26.3178244,50.2198517,COSMO (DRIVE THRU) (كوزمو),26.325143,50.207918,Coffee Shop,9.3,0.9963150044495694,Coffee Shop
10949,Al Yarmok Dist.,Khobar,26.3178244,50.2198517,Balancd Coffee (بالنسد كوفي),26.305186,50.217246,Coffee Shop,9.3,0.9993482320795156,Coffee Shop
10950,Al Yarmok Dist.,Khobar,26.3178244,50.2198517,Antr (عنتر),26.313774,50.229104,Tea Room,8.6,0.9932441748242108,Coffee Shop
10951,Al Yarmok Dist.,Khobar,26.3178244,50.2198517,Monroe (مونرو),26.306498,50.224632,Coffee Shop,9.0,0.9840692879435468,Coffee Shop
10952,Al Yarmok Dist.,Khobar,26.3178244,50.2198517,Danube Le Gourmet,26.304514,50.222378,Café,9.1,0.9962774024541567,Coffee Shop
10953,Al Yarmok Dist.,Khobar,26.3178244,50.2198517,Urth Caffe (ايرث كافيه),26.317849,50.20377,Café,9.5,0.9998997280122331,Coffee Shop
10954,Al Yarmok Dist.,Khobar,26.3178244,50.2198517,Madeleine (مادلين),26.306362,50.210033,Bakery,9.1,0.9793565045185064,Coffee Shop
10955,Al Yarmok Dist.,Khobar,26.3178244,50.2198517,مُر,26.316915,50.204099,Coffee Shop,9.0,0.9989972801223318,Coffee Shop
10956,Al Yarmok Dist.,Khobar,26.3178244,50.2198517,Core Coffee & Roastery,26.325143,50.207633,Coffee Shop,8.9,0.9945351766667084,Coffee Shop
10957,Al Yarmok Dist.,Khobar,26.3178244,50.2198517,10° Coffee House (تن دقريز بيت القهوة),26.330281,50.212671,Coffee Shop,8.9,0.992291590940426,Coffee Shop
10958,Al Yarmok Dist.,Khobar,26.3178244,50.2198517,Dose (دوز),26.317878,50.203825,Coffee Shop,9.0,0.9959891204893272,Coffee Shop
10959,Al Yarmok Dist.,Khobar,26.3178244,50.2198517,Nass (نَصّ),26.302977,50.211757,Coffee Shop,9.4,0.9997117180351704,Coffee Shop
10960,Al Yarmok Dist.,Khobar,26.3178244,50.2198517,NESPRESSO (نسبريسو),26.302641,50.22228,Coffee Shop,9.1,0.9818758382111478,Coffee Shop
10961,Al Yarmok Dist.,Khobar,26.3178244,50.2198517,Tulum (تولوم),26.303594,50.223328,Coffee Shop,8.9,0.99617713046639,Coffee Shop
10962,Al Yarmok Dist.,Khobar,26.3178244,50.2198517,شاي بخار,26.300059,50.220596,Tea Room,9.4,0.9970419763608788,Coffee Shop
10963,Al Yarmok Dist.,Khobar,26.3178244,50.2198517,Specialty Bean Cafe (محمصة سبيشلتي بين),26.300319,50.219761,Coffee Shop,9.2,0.9932567088226816,Coffee Shop
10964,Al Yarmok Dist.,Khobar,26.3178244,50.2198517,Vial (فِيال),26.300346,50.216621,Tea Room,9.1,0.992379328929722,Coffee Shop
10965,Al Yarmok Dist.,Khobar,26.3178244,50.2198517,sdf (سدف),26.298113,50.21815,Tea Room,9.5,0.9950992065978967,Coffee Shop
10966,Al Khawr Dist.,Khobar,26.2290114,50.2140336,كيان,26.22556,50.213289,Coffee Shop,8.6,0.9872654575536142,Coffee Shop
10967,Al Khawr Dist.,Khobar,26.2290114,50.2140336,Al Seef Cafe (السيف كافيه),26.222482,50.219322,Café,9.4,0.994322098692704,Coffee Shop
10968,Al Khawr Dist.,Khobar,26.2290114,50.2140336,Starbucks (ستاربكس),26.220389,50.212872,Coffee Shop,9.3,0.9939962147324618,Coffee Shop
10969,Al Khawr Dist.,Khobar,26.2290114,50.2140336,Buna (بُنة),26.220496,50.212667,Coffee Shop,9.2,0.9976436082874798,Coffee Shop
10970,Al Khawr Dist.,Khobar,26.2290114,50.2140336,The Sky Cafè,26.217394,50.21289,Coffee Shop,9.0,0.965995262148578,Coffee Shop
10971,Al Khawr Dist.,Khobar,26.2290114,50.2140336,Espresso Station (اسبريسو ستيشن),26.241778,50.214466,Coffee Shop,8.7,0.9679129639146185,Coffee Shop
10972,Al Khawr Dist.,Khobar,26.2290114,50.2140336,3nb W Teen (عنب و تين),26.222911,50.215749,Café,8.0,0.965055212263264,Coffee Shop
10973,Al Khawr Dist.,Khobar,26.2290114,50.2140336,Boston’s Cafe (بوسطن كافيه),26.211082,50.212599,Coffee Shop,8.8,0.9260744770189138,Coffee Shop
10974,Al Khawr Dist.,Khobar,26.2290114,50.2140336,Worthy Coffee,26.211083,50.212834,Coffee Shop,8.7,0.9747189250842913,Coffee Shop
10975,Al Khawr Dist.,Khobar,26.2290114,50.2140336,The Coffeze (مقهى القهوات),26.208865,50.208698,Coffee Shop,8.8,0.9910381910933408,Coffee Shop
10976,Al Khawr Dist.,Khobar,26.2290114,50.2140336,ELK Specialty Coffee,26.217432,50.207278,Coffee Shop,8.1,0.9628366945339232,Coffee Shop
10977,Al Khawr Dist.,Khobar,26.2290114,50.2140336,ستاربكس,26.209074,50.195728,Coffee Shop,8.9,0.9980822982339596,Coffee Shop
10978,Al Khawr Dist.,Khobar,26.2290114,50.2140336,Handel (مقبض),26.216266,50.193329,Coffee Shop,8.5,0.9836807339909504,Coffee Shop
10979,Al Khawr Dist.,Khobar,26.2290114,50.2140336,Coffee Valley (وادي القهوة),26.250352,50.202656,Coffee Shop,8.5,0.9833924520261208,Coffee Shop
10980,Al Khawr Dist.,Khobar,26.2290114,50.2140336,Tim Hortons,26.231281,50.194123,Coffee Shop,8.1,0.9975809382951256,Coffee Shop
10981,Al Khawr Dist.,Khobar,26.2290114,50.2140336,Almssa'a Steam Tea (المَساء لشايّ البُخار),26.204044,50.209137,Tea Room,8.4,0.9875412055199728,Coffee Shop
10982,Al Khawr Dist.,Khobar,26.2290114,50.2140336,ديوانية مشار,26.210951,50.197949,Café,8.1,0.9679254979130892,Coffee Shop
10983,Al Khawr Dist.,Khobar,26.2290114,50.2140336,مقادير,26.220527,50.212721,Coffee Shop,7.4,0.2794580299061203,Coffee Shop
10984,Al Khawr Dist.,Khobar,26.2290114,50.2140336,PAUSE (بوز),26.219945,50.212449,Coffee Shop,7.3,0.9874158655352644,Coffee Shop
10985,Al Khawr Dist.,Khobar,26.2290114,50.2140336,63 Coffee,26.206177,50.208401,Coffee Shop,7.6,0.906985197347806,Coffee Shop
10986,Al Khawr Dist.,Khobar,26.2290114,50.2140336,LEAVES (ليڤز),26.216535,50.192866,Coffee Shop,7.5,0.898750360352456,Coffee Shop
10987,Al Khawr Dist.,Khobar,26.2290114,50.2140336,Road café (قهوة الطريق),26.216464,50.18848,Coffee Shop,7.4,0.8773548249627113,Coffee Shop
10988,Al Khawr Dist.,Khobar,26.2290114,50.2140336,Le Paumé Café,26.217517,50.212858,Café,6.9,0.0674329117731847,Coffee Shop
10989,Al Khawr Dist.,Khobar,26.2290114,50.2140336,Derby Cafe (مقهى دربي),26.22408,50.196451,Coffee Shop,7.0,0.9638394144115916,Coffee Shop
10990,Al Khawr Dist.,Khobar,26.2290114,50.2140336,Gacela Café (جاسيلا كافيه),26.216299,50.193428,Coffee Shop,6.4,0.9491495682037526,Coffee Shop
10991,Al Khawr Dist.,Khobar,26.2290114,50.2140336,Erorr,26.233959,50.220225,Café,,0.0383289673238659,Coffee Shop
10992,Al Khawr Dist.,Khobar,26.2290114,50.2140336,Mq Cafe,26.220757,50.212734,Café,,0.0473785142198212,Coffee Shop
10993,Al Khawr Dist.,Khobar,26.2290114,50.2140336,Aziz Bar,26.220498,50.212856,Restaurant,,0.4728450923128987,Coffee Shop
10994,Al Khawr Dist.,Khobar,26.2290114,50.2140336,شاهي وكرك وجباتي,26.218035,50.214424,Café,,0.9715728914681072,Coffee Shop
10995,Al Khawr Dist.,Khobar,26.2290114,50.2140336,كوفي ماله أسم,26.219706,50.221538,Coffee Shop,,0.3884113792529971,Coffee Shop
10996,Al Khawr Dist.,Khobar,26.2290114,50.2140336,Road Café (قهوة الطريق),26.21837,50.208501,Coffee Shop,,0.9835177920108292,Coffee Shop
10997,Al Khawr Dist.,Khobar,26.2290114,50.2140336,شاي المساء,26.21683,50.215456,Tea Room,,0.8699096298710252,Coffee Shop
10998,Al Khawr Dist.,Khobar,26.2290114,50.2140336,Barn’s,26.215248,50.212912,Coffee Shop,,0.933018312171766,Coffee Shop
10999,Al Khawr Dist.,Khobar,26.2290114,50.2140336,ديوانية زمان البركة,26.217195,50.203506,Coffee Shop,,0.939786671346026,Coffee Shop
11000,Al Khawr Dist.,Khobar,26.2290114,50.2140336,Coffee Vally,26.215078,50.207103,Coffee Shop,,0.9935449907875112,Coffee Shop
11001,Al Khawr Dist.,Khobar,26.2290114,50.2140336,Barn’s,26.215015,50.206951,Coffee Shop,,0.9745434491056992,Coffee Shop
11002,Al Khawr Dist.,Khobar,26.2290114,50.2140336,//maps.app.goo.gl/gjsuy2dvwhrx9quv8?g_st=ic (eastern mood cafe استرن مود كافيه 059 000 1215 https),26.22511,50.197357,Café,,0.6951480891919332,Coffee Shop
11003,Al Khawr Dist.,Khobar,26.2290114,50.2140336,ورقة ربيع,26.213501,50.207837,Coffee Shop,,0.7362094681824449,Coffee Shop
11004,Al Khawr Dist.,Khobar,26.2290114,50.2140336,Flat White (فلات وايت),26.22408,50.196317,Coffee Shop,,0.0517152776907361,Coffee Shop
11005,Al Khawr Dist.,Khobar,26.2290114,50.2140336,Road Cafe,26.23006,50.19547,Coffee Shop,,0.9339458280586088,Coffee Shop
11006,Al Khawr Dist.,Khobar,26.2290114,50.2140336,Gfs,26.211021,50.212851,Coffee Shop,,0.1324843638369076,Coffee Shop
11007,Al Khawr Dist.,Khobar,26.2290114,50.2140336,Moroccan Taste (المذاق المغربي),26.231637,50.194252,Coffee Shop,,0.3313613175739192,Coffee Shop
11008,Al Khawr Dist.,Khobar,26.2290114,50.2140336,Moroccan Taste,26.231445,50.194065,Tea Room,,0.6514295025256007,Coffee Shop
11009,Al Khawr Dist.,Khobar,26.2290114,50.2140336,Barn’s (بارنز),26.231466,50.194055,Coffee Shop,,0.9788676785781432,Coffee Shop
11010,Al Khawr Dist.,Khobar,26.2290114,50.2140336,زاوية شاي بخار,26.213557,50.202575,Tea Room,,0.8661368963312986,Coffee Shop
11011,Al Khawr Dist.,Khobar,26.2290114,50.2140336,سنقيلي,26.209927,50.220798,Café,,0.9708584535552688,Coffee Shop
11012,Al Khawr Dist.,Khobar,26.2290114,50.2140336,حي الجسر للعطارة,26.210258,50.206033,Coffee Shop,,0.4157276612812253,Coffee Shop
11013,Al Khawr Dist.,Khobar,26.2290114,50.2140336,دكان وافل,26.210136,50.203625,Café,,0.9566448992893224,Coffee Shop
11014,Al Khawr Dist.,Khobar,26.2290114,50.2140336,Mare Cafe,26.216288,50.193657,Café,,0.232593409623604,Coffee Shop
11015,Al Khawr Dist.,Khobar,26.2290114,50.2140336,رصه,26.216501,50.192943,Tea Room,,0.9595778549315016,Coffee Shop
11016,Qurtubah Dist.,Khobar,26.3442121,50.1861232,Onda,26.343997,50.185243,Coffee Shop,8.9,0.9897722572477846,Coffee Shop
11017,Qurtubah Dist.,Khobar,26.3442121,50.1861232,Wogard Coffee Roasters (محمصة ومقهى ووقارد),26.346074,50.191229,Coffee Shop,9.1,0.9584121930737124,Coffee Shop
11018,Qurtubah Dist.,Khobar,26.3442121,50.1861232,Double A (دبل اي),26.34224,50.180956,Coffee Shop,8.9,0.9689156837922864,Coffee Shop
11019,Qurtubah Dist.,Khobar,26.3442121,50.1861232,ستاربكس,26.345831,50.19578,Coffee Shop,9.1,0.9816502262386724,Coffee Shop
11020,Qurtubah Dist.,Khobar,26.3442121,50.1861232,AlZaman AlJameel Cafe (مقهى الزمن الجميل),26.343926,50.195572,Lounge,8.8,0.9858115137309952,Coffee Shop
11021,Qurtubah Dist.,Khobar,26.3442121,50.1861232,The HUB (ذا هب),26.334396,50.189335,Coffee Shop,8.9,0.9473321384254793,Coffee Shop
11022,Qurtubah Dist.,Khobar,26.3442121,50.1861232,The Barking Lot,26.335582,50.193452,Pet Café,8.8,0.972525475351892,Coffee Shop
11023,Qurtubah Dist.,Khobar,26.3442121,50.1861232,WEBREW (ويبرو),26.343517,50.203178,Coffee Shop,9.5,0.9996866500382288,Coffee Shop
11024,Qurtubah Dist.,Khobar,26.3442121,50.1861232,Dallat Alfaris Cafe (مقهى دلة الفارس),26.342778,50.182055,Café,8.0,0.983469533604698,Coffee Shop
11025,Qurtubah Dist.,Khobar,26.3442121,50.1861232,Knock (نوك),26.337298,50.201441,Coffee Shop,9.2,0.9978441522630134,Coffee Shop
11026,Qurtubah Dist.,Khobar,26.3442121,50.1861232,SWAJ Coffee Roasters (محمصة و مقهى سُواج),26.343818,50.203197,Coffee Shop,9.1,0.9945853126605918,Coffee Shop
11027,Qurtubah Dist.,Khobar,26.3442121,50.1861232,Soulaf (سُلاف),26.337207,50.201602,Coffee Shop,9.1,0.9903738891743856,Coffee Shop
11028,Qurtubah Dist.,Khobar,26.3442121,50.1861232,Density Coffee Roasters (محمصة ومقهى دينسيتي),26.328687,50.180382,Coffee Shop,9.1,0.9964779464296906,Coffee Shop
11029,Qurtubah Dist.,Khobar,26.3442121,50.1861232,Beyond,26.32838,50.180226,Coffee Shop,9.1,0.9967536943960492,Coffee Shop
11030,Qurtubah Dist.,Khobar,26.3442121,50.1861232,شاي أبو سيف,26.338552,50.20833,Tea Room,9.1,0.997718812278305,Coffee Shop
11031,Qurtubah Dist.,Khobar,26.3442121,50.1861232,Grambon,26.3594,50.189979,Coffee Shop,8.4,0.971685697454345,Coffee Shop
11032,Qurtubah Dist.,Khobar,26.3442121,50.1861232,Road Café (قهوة الطريق),26.361657,50.196232,General Contractor,8.8,0.9869897095872554,Coffee Shop
11033,Qurtubah Dist.,Khobar,26.3442121,50.1861232,Caribou Coffee (كاريبو كوفي),26.354229,50.209282,"Cafe, Coffee, and Tea House",9.3,0.9730895052830804,Coffee Shop
11034,Qurtubah Dist.,Khobar,26.3442121,50.1861232,RATIO Speciality Coffee (ريشيو للقهوة المختصة),26.362719,50.198088,Coffee Shop,9.0,0.9952872165749596,Coffee Shop
11035,Qurtubah Dist.,Khobar,26.3442121,50.1861232,Starbucks (ستاربكس),26.360292,50.20691,Coffee Shop,9.3,0.9961896644648608,Coffee Shop
11036,Qurtubah Dist.,Khobar,26.3442121,50.1861232,The HUB (ذا هب),26.360464,50.206327,Coffee Shop,9.2,0.995324818570372,Coffee Shop
11037,Qurtubah Dist.,Khobar,26.3442121,50.1861232,Detective Cafe,26.35211,50.211592,Coffee Shop,9.2,0.9666595640675332,Coffee Shop
11038,Qurtubah Dist.,Khobar,26.3442121,50.1861232,TITLE (تايتل),26.360902,50.206339,Coffee Shop,9.3,0.9944975746712958,Coffee Shop
11039,Qurtubah Dist.,Khobar,26.3442121,50.1861232,Bling,26.362172,50.206266,Café,9.4,0.983806073975659,Coffee Shop
11040,Qurtubah Dist.,Khobar,26.3442121,50.1861232,Elegant Garden,26.338082,50.208264,Café,8.7,0.989057819334946,Coffee Shop
11041,Qurtubah Dist.,Khobar,26.3442121,50.1861232,Barn's (بارن كافيه),26.322756,50.179696,Coffee Shop,8.8,0.9936076607798654,Coffee Shop
11042,Qurtubah Dist.,Khobar,26.3442121,50.1861232,Madame Banquet (مدام بانكويت),26.334297,50.188749,Restaurant,7.9,0.9979193562538384,Coffee Shop
11043,Qurtubah Dist.,Khobar,26.3442121,50.1861232,Café Quindío (كافيه كينديو),26.351217,50.211122,Café,8.9,0.967023050023188,Coffee Shop
11044,Qurtubah Dist.,Khobar,26.3442121,50.1861232,Lapro Cafe,26.350858,50.211908,Coffee Shop,8.9,0.9839439479588384,Coffee Shop
11045,Qurtubah Dist.,Khobar,26.3442121,50.1861232,Note Music Center & Cafe (مركز ومقهى نوت للموسيقى),26.336032,50.192987,Café,7.9,0.8971084065527744,Coffee Shop
11046,Qurtubah Dist.,Khobar,26.3442121,50.1861232,Kashida (كشيدة),26.351955,50.211275,Café,8.8,0.9724001353671836,Coffee Shop
11047,Qurtubah Dist.,Khobar,26.3442121,50.1861232,Carpet (كاربت),26.35154,50.211723,Coffee Shop,8.8,0.9736159332188562,Coffee Shop
11048,Qurtubah Dist.,Khobar,26.3442121,50.1861232,Hûge (هيوج),26.360886,50.206747,Coffee Shop,8.8,0.991852900993946,Coffee Shop
11049,Qurtubah Dist.,Khobar,26.3442121,50.1861232,Starbucks (ستاربكس),26.334167,50.212065,Coffee Shop,8.9,0.9915395510321748,Coffee Shop
11050,Qurtubah Dist.,Khobar,26.3442121,50.1861232,Mocha Coffee Roasters (مقهى ومحمصة مخا),26.352279,50.211451,Coffee Shop,8.7,0.9692415677525288,Coffee Shop
11051,Qurtubah Dist.,Khobar,26.3442121,50.1861232,Repeat (ريبيت),26.361046,50.206477,Coffee Shop,8.7,0.9893461012997756,Coffee Shop
11052,Qurtubah Dist.,Khobar,26.3442121,50.1861232,Starbucks (ستاربكس),26.33079,50.162701,Coffee Shop,8.7,0.9804469623854706,Coffee Shop
11053,Qurtubah Dist.,Khobar,26.3442121,50.1861232,Blue Sky (بلو سكاي),26.362892,50.2063,Coffee Shop,8.7,0.9947733226376546,Coffee Shop
11054,Qurtubah Dist.,Khobar,26.3442121,50.1861232,The Geeks Club,26.343993,50.203584,Coffee Shop,8.0,0.9673238659864885,Coffee Shop
11055,Qurtubah Dist.,Khobar,26.3442121,50.1861232,Toast & Tonic (توست آند تونك),26.328825,50.18005,Café,8.0,0.2265018863667698,Coffee Shop
11056,Qurtubah Dist.,Khobar,26.3442121,50.1861232,La Mode Co,26.336461,50.197177,Coffee Shop,7.8,0.9536492736547886,Coffee Shop
11057,Qurtubah Dist.,Khobar,26.3442121,50.1861232,Dose (دوز كافيه),26.338543,50.208261,Coffee Shop,8.2,0.9890954213303584,Coffee Shop
11058,Qurtubah Dist.,Khobar,26.3442121,50.1861232,Spark Coffee Drive Thru,26.332617,50.161098,Coffee Shop,8.4,0.9948986626223632,Coffee Shop
11059,Qurtubah Dist.,Khobar,26.3442121,50.1861232,Canary Resto-Cafe,26.348713,50.186756,Café,7.3,0.8635423586478322,Coffee Shop
11060,Qurtubah Dist.,Khobar,26.3442121,50.1861232,Cofféa (كوفيا),26.324793,50.206615,Coffee Shop,8.5,0.9637391424238246,Coffee Shop
11061,Qurtubah Dist.,Khobar,26.3442121,50.1861232,Sky Lounge (سكاي لاونج),26.367053,50.177803,Lounge,8.2,0.9562294793317384,Coffee Shop
11062,Qurtubah Dist.,Khobar,26.3442121,50.1861232,Lounge EXIT-7 (مقهى مخرج ٧),26.360069,50.206666,Café,8.2,0.9942092927064664,Coffee Shop
11063,Qurtubah Dist.,Khobar,26.3442121,50.1861232,Ruba’a (رُباع),26.366799,50.195457,Tea Room,8.1,0.9919315580689598,Coffee Shop
11064,Qurtubah Dist.,Khobar,26.3442121,50.1861232,Derby Coffee,26.335396,50.191847,Coffee Shop,7.5,0.9379692415677524,Coffee Shop
11065,Qurtubah Dist.,Khobar,26.3442121,50.1861232,KYAN (كيان),26.330769,50.161804,Coffee Shop,8.1,0.9780780366744796,Coffee Shop
11066,Al Jawharah Dist.,Khobar,26.3343974,50.2001282,Knock (نوك),26.337298,50.201441,Coffee Shop,9.2,0.9978441522630134,Coffee Shop
11067,Al Jawharah Dist.,Khobar,26.3343974,50.2001282,The Barking Lot,26.335582,50.193452,Pet Café,8.8,0.972525475351892,Coffee Shop
11068,Al Jawharah Dist.,Khobar,26.3343974,50.2001282,WEBREW (ويبرو),26.343517,50.203178,Coffee Shop,9.5,0.9996866500382288,Coffee Shop
11069,Al Jawharah Dist.,Khobar,26.3343974,50.2001282,شاي أبو سيف,26.338552,50.20833,Tea Room,9.1,0.997718812278305,Coffee Shop
11070,Al Jawharah Dist.,Khobar,26.3343974,50.2001282,SWAJ Coffee Roasters (محمصة و مقهى سُواج),26.343818,50.203197,Coffee Shop,9.1,0.9945853126605918,Coffee Shop
11071,Al Jawharah Dist.,Khobar,26.3343974,50.2001282,Elegant Garden,26.338082,50.208264,Café,8.7,0.989057819334946,Coffee Shop
11072,Al Jawharah Dist.,Khobar,26.3343974,50.2001282,COSMO (DRIVE THRU) (كوزمو),26.325143,50.207918,Coffee Shop,9.3,0.9963150044495694,Coffee Shop
11073,Al Jawharah Dist.,Khobar,26.3343974,50.2001282,AlZaman AlJameel Cafe (مقهى الزمن الجميل),26.343926,50.195572,Lounge,8.8,0.9858115137309952,Coffee Shop
11074,Al Jawharah Dist.,Khobar,26.3343974,50.2001282,Starbucks (ستاربكس),26.334167,50.212065,Coffee Shop,8.9,0.9915395510321748,Coffee Shop
11075,Al Jawharah Dist.,Khobar,26.3343974,50.2001282,ستاربكس,26.345831,50.19578,Coffee Shop,9.1,0.9816502262386724,Coffee Shop
11076,Al Jawharah Dist.,Khobar,26.3343974,50.2001282,Core Coffee & Roastery,26.325143,50.207633,Coffee Shop,8.9,0.9945351766667084,Coffee Shop
11077,Al Jawharah Dist.,Khobar,26.3343974,50.2001282,10° Coffee House (تن دقريز بيت القهوة),26.330281,50.212671,Coffee Shop,8.9,0.992291590940426,Coffee Shop
11078,Al Jawharah Dist.,Khobar,26.3343974,50.2001282,UMQ Coffee (قهوة عُمق),26.321786,50.211889,Coffee Shop,9.4,0.9994234360703408,Coffee Shop
11079,Al Jawharah Dist.,Khobar,26.3343974,50.2001282,Urth Caffe (ايرث كافيه),26.317849,50.20377,Café,9.5,0.9998997280122331,Coffee Shop
11080,Al Jawharah Dist.,Khobar,26.3343974,50.2001282,Blue Star Cafe (بلو ستار كافيه),26.32715,50.215145,Coffee Shop,8.8,0.9917024930122958,Coffee Shop
11081,Al Jawharah Dist.,Khobar,26.3343974,50.2001282,Dose (دوز كافيه),26.338543,50.208261,Coffee Shop,8.2,0.9890954213303584,Coffee Shop
11082,Al Jawharah Dist.,Khobar,26.3343974,50.2001282,Dose (دوز),26.317878,50.203825,Coffee Shop,9.0,0.9959891204893272,Coffee Shop
11083,Al Jawharah Dist.,Khobar,26.3343974,50.2001282,Onda,26.343997,50.185243,Coffee Shop,8.9,0.9897722572477846,Coffee Shop
11084,Al Jawharah Dist.,Khobar,26.3343974,50.2001282,La Panetière,26.318069,50.194271,Coffee Shop,9.0,0.999147688103982,Coffee Shop
11085,Al Jawharah Dist.,Khobar,26.3343974,50.2001282,مُر,26.316915,50.204099,Coffee Shop,9.0,0.9989972801223318,Coffee Shop
11086,Al Jawharah Dist.,Khobar,26.3343974,50.2001282,Density Coffee Roasters (محمصة ومقهى دينسيتي),26.328687,50.180382,Coffee Shop,9.1,0.9964779464296906,Coffee Shop
11087,Al Jawharah Dist.,Khobar,26.3343974,50.2001282,Beyond,26.32838,50.180226,Coffee Shop,9.1,0.9967536943960492,Coffee Shop
11088,Al Jawharah Dist.,Khobar,26.3343974,50.2001282,Equal (إيكول),26.31984,50.216692,Coffee Shop,9.3,0.9988343381422108,Coffee Shop
11089,Al Jawharah Dist.,Khobar,26.3343974,50.2001282,Caribou Coffee (كاريبو كوفي),26.354229,50.209282,"Cafe, Coffee, and Tea House",9.3,0.9730895052830804,Coffee Shop
11090,Al Jawharah Dist.,Khobar,26.3343974,50.2001282,Lapro Cafe,26.350858,50.211908,Coffee Shop,8.9,0.9839439479588384,Coffee Shop
11091,Al Jawharah Dist.,Khobar,26.3343974,50.2001282,Café Quindío (كافيه كينديو),26.351217,50.211122,Café,8.9,0.967023050023188,Coffee Shop
11092,Al Jawharah Dist.,Khobar,26.3343974,50.2001282,تّل,26.321884,50.220768,Coffee Shop,9.3,0.9967160924006369,Coffee Shop
11093,Al Jawharah Dist.,Khobar,26.3343974,50.2001282,Wacafe (وكف),26.319811,50.216804,Coffee Shop,9.0,0.9970169083639372,Coffee Shop
11094,Al Jawharah Dist.,Khobar,26.3343974,50.2001282,Kashida (كشيدة),26.351955,50.211275,Café,8.8,0.9724001353671836,Coffee Shop
11095,Al Jawharah Dist.,Khobar,26.3343974,50.2001282,Olden (اولدن),26.31523,50.216146,Coffee Shop,9.5,0.9997618540290538,Coffee Shop
11096,Al Jawharah Dist.,Khobar,26.3343974,50.2001282,Carpet (كاربت),26.35154,50.211723,Coffee Shop,8.8,0.9736159332188562,Coffee Shop
11097,Al Jawharah Dist.,Khobar,26.3343974,50.2001282,VARDØ (Vardø),26.321546,50.219743,Coffee Shop,8.9,0.9874910695260896,Coffee Shop
11098,Al Jawharah Dist.,Khobar,26.3343974,50.2001282,Barn's (بارن كافيه),26.322756,50.179696,Coffee Shop,8.8,0.9936076607798654,Coffee Shop
11099,Al Jawharah Dist.,Khobar,26.3343974,50.2001282,Namq (نمق),26.319378,50.22272,Coffee Shop,9.4,0.9998621260168208,Coffee Shop
11100,Al Jawharah Dist.,Khobar,26.3343974,50.2001282,QASHA (‎قَشة),26.318468,50.222844,Coffee Shop,9.4,0.9966910244036952,Coffee Shop
11101,Al Jawharah Dist.,Khobar,26.3343974,50.2001282,Density Coffee Roasters (محمصة و مقهى دينستي),26.319682,50.222786,Coffee Shop,9.2,0.9982577742125516,Coffee Shop
11102,Al Jawharah Dist.,Khobar,26.3343974,50.2001282,Willow,26.318095,50.222335,Café,9.3,0.9939084767431658,Coffee Shop
11103,Al Jawharah Dist.,Khobar,26.3343974,50.2001282,Madame Banquet (مدام بانكويت),26.334297,50.188749,Restaurant,7.9,0.9979193562538384,Coffee Shop
11104,Al Jawharah Dist.,Khobar,26.3343974,50.2001282,OTOÑO (أوتونيو),26.320071,50.222049,Coffee Shop,9.0,0.9971923843425292,Coffee Shop
11105,Al Jawharah Dist.,Khobar,26.3343974,50.2001282,Starbucks (ستاربكس),26.360292,50.20691,Coffee Shop,9.3,0.9961896644648608,Coffee Shop
11106,Al Jawharah Dist.,Khobar,26.3343974,50.2001282,CAVO (كاڤو),26.314479,50.217111,Coffee Shop,9.0,0.9951869445871928,Coffee Shop
11107,Al Jawharah Dist.,Khobar,26.3343974,50.2001282,The HUB (ذا هب),26.360464,50.206327,Coffee Shop,9.2,0.995324818570372,Coffee Shop
11108,Al Jawharah Dist.,Khobar,26.3343974,50.2001282,Veloce (فيلوتشي),26.319932,50.222584,Café,8.9,0.991100861085695,Coffee Shop
11109,Al Jawharah Dist.,Khobar,26.3343974,50.2001282,RAMLA (رملا),26.317157,50.223023,Coffee Shop,9.1,0.9855106977676948,Coffee Shop
11110,Al Jawharah Dist.,Khobar,26.3343974,50.2001282,Arabia Coffee,26.314734,50.210611,Coffee Shop,8.4,0.9784540566286052,Coffee Shop
11111,Al Jawharah Dist.,Khobar,26.3343974,50.2001282,Ballet Coffee (باليه كافيه),26.317294,50.222958,Coffee Shop,8.7,0.9969542383715828,Coffee Shop
11112,Al Jawharah Dist.,Khobar,26.3343974,50.2001282,SEQUENCE (سيكونس),26.314555,50.217032,Coffee Shop,8.6,0.9888322073624708,Coffee Shop
11113,Al Jawharah Dist.,Khobar,26.3343974,50.2001282,Dallat Alfaris Cafe (مقهى دلة الفارس),26.342778,50.182055,Café,8.0,0.983469533604698,Coffee Shop
11114,Al Jawharah Dist.,Khobar,26.3343974,50.2001282,Grambon,26.3594,50.189979,Coffee Shop,8.4,0.971685697454345,Coffee Shop
11115,Al Jawharah Dist.,Khobar,26.3343974,50.2001282,Lounge EXIT-7 (مقهى مخرج ٧),26.360069,50.206666,Café,8.2,0.9942092927064664,Coffee Shop
11116,Al Hizam Adh Dhahabi Dist.,Khobar,26.3177285,50.200866,Urth Caffe (ايرث كافيه),26.317849,50.20377,Café,9.5,0.9998997280122331,Coffee Shop
11117,Al Hizam Adh Dhahabi Dist.,Khobar,26.3177285,50.200866,Dose (دوز),26.317878,50.203825,Coffee Shop,9.0,0.9959891204893272,Coffee Shop
11118,Al Hizam Adh Dhahabi Dist.,Khobar,26.3177285,50.200866,مُر,26.316915,50.204099,Coffee Shop,9.0,0.9989972801223318,Coffee Shop
11119,Al Hizam Adh Dhahabi Dist.,Khobar,26.3177285,50.200866,La Panetière,26.318069,50.194271,Coffee Shop,9.0,0.999147688103982,Coffee Shop
11120,Al Hizam Adh Dhahabi Dist.,Khobar,26.3177285,50.200866,COSMO (DRIVE THRU) (كوزمو),26.325143,50.207918,Coffee Shop,9.3,0.9963150044495694,Coffee Shop
11121,Al Hizam Adh Dhahabi Dist.,Khobar,26.3177285,50.200866,UMQ Coffee (قهوة عُمق),26.321786,50.211889,Coffee Shop,9.4,0.9994234360703408,Coffee Shop
11122,Al Hizam Adh Dhahabi Dist.,Khobar,26.3177285,50.200866,Core Coffee & Roastery,26.325143,50.207633,Coffee Shop,8.9,0.9945351766667084,Coffee Shop
11123,Al Hizam Adh Dhahabi Dist.,Khobar,26.3177285,50.200866,Olden (اولدن),26.31523,50.216146,Coffee Shop,9.5,0.9997618540290538,Coffee Shop
11124,Al Hizam Adh Dhahabi Dist.,Khobar,26.3177285,50.200866,Equal (إيكول),26.31984,50.216692,Coffee Shop,9.3,0.9988343381422108,Coffee Shop
11125,Al Hizam Adh Dhahabi Dist.,Khobar,26.3177285,50.200866,Starbucks (ستاربكس),26.30457,50.199171,Coffee Shop,9.0,0.9852224158028652,Coffee Shop
11126,Al Hizam Adh Dhahabi Dist.,Khobar,26.3177285,50.200866,Olden (اولدن),26.301878,50.201303,Coffee Shop,9.6,0.9994610380657534,Coffee Shop
11127,Al Hizam Adh Dhahabi Dist.,Khobar,26.3177285,50.200866,Wacafe (وكف),26.319811,50.216804,Coffee Shop,9.0,0.9970169083639372,Coffee Shop
11128,Al Hizam Adh Dhahabi Dist.,Khobar,26.3177285,50.200866,CAVO (كاڤو),26.314479,50.217111,Coffee Shop,9.0,0.9951869445871928,Coffee Shop
11129,Al Hizam Adh Dhahabi Dist.,Khobar,26.3177285,50.200866,HOBRA (هوبرا),26.309177,50.214547,Coffee Shop,8.9,0.9904490931652108,Coffee Shop
11130,Al Hizam Adh Dhahabi Dist.,Khobar,26.3177285,50.200866,ATYPICAL (اتيبكل),26.30599,50.190239,Coffee Shop,9.0,0.9997743880275246,Coffee Shop
11131,Al Hizam Adh Dhahabi Dist.,Khobar,26.3177285,50.200866,Nass (نَصّ),26.302977,50.211757,Coffee Shop,9.4,0.9997117180351704,Coffee Shop
11132,Al Hizam Adh Dhahabi Dist.,Khobar,26.3177285,50.200866,10° Coffee House (تن دقريز بيت القهوة),26.330281,50.212671,Coffee Shop,8.9,0.992291590940426,Coffee Shop
11133,Al Hizam Adh Dhahabi Dist.,Khobar,26.3177285,50.200866,تّل,26.321884,50.220768,Coffee Shop,9.3,0.9967160924006369,Coffee Shop
11134,Al Hizam Adh Dhahabi Dist.,Khobar,26.3177285,50.200866,Blue Star Cafe (بلو ستار كافيه),26.32715,50.215145,Coffee Shop,8.8,0.9917024930122958,Coffee Shop
11135,Al Hizam Adh Dhahabi Dist.,Khobar,26.3177285,50.200866,Shatea Teashop (الشاطئ شاي بخار),26.30082,50.197794,Tea Room,9.0,0.994823458631538,Coffee Shop
11136,Al Hizam Adh Dhahabi Dist.,Khobar,26.3177285,50.200866,Tea Time (وقت الشاي),26.299792,50.198477,Tea Room,9.2,0.996853966383816,Coffee Shop
11137,Al Hizam Adh Dhahabi Dist.,Khobar,26.3177285,50.200866,Willow,26.318095,50.222335,Café,9.3,0.9939084767431658,Coffee Shop
11138,Al Hizam Adh Dhahabi Dist.,Khobar,26.3177285,50.200866,Namq (نمق),26.319378,50.22272,Coffee Shop,9.4,0.9998621260168208,Coffee Shop
11139,Al Hizam Adh Dhahabi Dist.,Khobar,26.3177285,50.200866,Organico Speciality Coffee (قهوة اورقانيكو المختصة),26.303736,50.210663,Coffee Shop,8.8,0.9811488662998384,Coffee Shop
11140,Al Hizam Adh Dhahabi Dist.,Khobar,26.3177285,50.200866,the usual (ذي يوجول),26.305565,50.183432,Coffee Shop,9.4,0.9961395284709776,Coffee Shop
11141,Al Hizam Adh Dhahabi Dist.,Khobar,26.3177285,50.200866,QASHA (‎قَشة),26.318468,50.222844,Coffee Shop,9.4,0.9966910244036952,Coffee Shop
11142,Al Hizam Adh Dhahabi Dist.,Khobar,26.3177285,50.200866,Balancd Coffee (بالنسد كوفي),26.305186,50.217246,Coffee Shop,9.3,0.9993482320795156,Coffee Shop
11143,Al Hizam Adh Dhahabi Dist.,Khobar,26.3177285,50.200866,Starbucks (ستاربكس),26.316542,50.223297,Coffee Shop,9.4,0.9966659564067534,Coffee Shop
11144,Al Hizam Adh Dhahabi Dist.,Khobar,26.3177285,50.200866,Messier82 (ميسيير٨٢),26.300081,50.210795,Coffee Roaster,9.3,0.9974430643119462,Coffee Shop
11145,Al Hizam Adh Dhahabi Dist.,Khobar,26.3177285,50.200866,Knock (نوك),26.337298,50.201441,Coffee Shop,9.2,0.9978441522630134,Coffee Shop
11146,Al Hizam Adh Dhahabi Dist.,Khobar,26.3177285,50.200866,7 Grams (٧ جرام),26.305571,50.183189,Coffee Shop,9.3,0.9943973026835292,Coffee Shop
11147,Al Hizam Adh Dhahabi Dist.,Khobar,26.3177285,50.200866,Density Coffee Roasters (محمصة و مقهى دينستي),26.319682,50.222786,Coffee Shop,9.2,0.9982577742125516,Coffee Shop
11148,Al Hizam Adh Dhahabi Dist.,Khobar,26.3177285,50.200866,LLuvia (يوڤيا),26.309265,50.220214,Coffee Shop,9.1,0.9969041023776996,Coffee Shop
11149,Al Hizam Adh Dhahabi Dist.,Khobar,26.3177285,50.200866,Peek-A-Brew (بيك-أ-برو),26.3092,50.219423,Coffee Shop,8.9,0.9887820713685872,Coffee Shop
11150,Al Hizam Adh Dhahabi Dist.,Khobar,26.3177285,50.200866,OTOÑO (أوتونيو),26.320071,50.222049,Coffee Shop,9.0,0.9971923843425292,Coffee Shop
11151,Al Hizam Adh Dhahabi Dist.,Khobar,26.3177285,50.200866,RAMLA (رملا),26.317157,50.223023,Coffee Shop,9.1,0.9855106977676948,Coffee Shop
11152,Al Hizam Adh Dhahabi Dist.,Khobar,26.3177285,50.200866,Shrq Coffee Roasters (مقهى ومحمصة شرق),26.311596,50.223059,Coffee Shop,9.3,0.9994485040672824,Coffee Shop
11153,Al Hizam Adh Dhahabi Dist.,Khobar,26.3177285,50.200866,ZOLIEA (زُولِية),26.298005,50.209832,Coffee Shop,9.4,0.995851246506148,Coffee Shop
11154,Al Hizam Adh Dhahabi Dist.,Khobar,26.3177285,50.200866,Starbucks (ستاربكس),26.334167,50.212065,Coffee Shop,8.9,0.9915395510321748,Coffee Shop
11155,Al Hizam Adh Dhahabi Dist.,Khobar,26.3177285,50.200866,Soil Coffee Roasters (محمصة سويل),26.313661,50.223513,Coffee Roaster,9.1,0.9992103580963364,Coffee Shop
11156,Al Hizam Adh Dhahabi Dist.,Khobar,26.3177285,50.200866,Maramia Villa (مرَاميّة ڤيلا),26.298142,50.212785,Tea Room,9.5,0.9863254076683002,Coffee Shop
11157,Al Hizam Adh Dhahabi Dist.,Khobar,26.3177285,50.200866,ARCHI (ارتشي),26.298652,50.189677,Coffee Shop,9.2,0.9906245691438026,Coffee Shop
11158,Al Hizam Adh Dhahabi Dist.,Khobar,26.3177285,50.200866,Sharik Café (شارك كافيه),26.309689,50.223518,Coffee Shop,9.2,0.9958387125076772,Coffee Shop
11159,Al Hizam Adh Dhahabi Dist.,Khobar,26.3177285,50.200866,RASMAT SHAI (رسمة شاي),26.302376,50.197158,Tea Room,8.5,0.99338204880739,Coffee Shop
11160,Al Hizam Adh Dhahabi Dist.,Khobar,26.3177285,50.200866,Density Coffee Roasters (محمصة ومقهى دينسيتي),26.328687,50.180382,Coffee Shop,9.1,0.9964779464296906,Coffee Shop
11161,Al Hizam Adh Dhahabi Dist.,Khobar,26.3177285,50.200866,UMQ Coffee (قهوة عُمق),26.297826,50.212496,Coffee Shop,9.3,0.9927428148853766,Coffee Shop
11162,Al Hizam Adh Dhahabi Dist.,Khobar,26.3177285,50.200866,Beyond,26.32838,50.180226,Coffee Shop,9.1,0.9967536943960492,Coffee Shop
11163,Al Hizam Adh Dhahabi Dist.,Khobar,26.3177285,50.200866,Barn's (بارن كافيه),26.322756,50.179696,Coffee Shop,8.8,0.9936076607798654,Coffee Shop
11164,Al Hizam Adh Dhahabi Dist.,Khobar,26.3177285,50.200866,INSIDE (ان سايد),26.310537,50.224136,Coffee Shop,9.1,0.994146622714112,Coffee Shop
11165,Al Hizam Adh Dhahabi Dist.,Khobar,26.3177285,50.200866,شاي أبو سيف,26.338552,50.20833,Tea Room,9.1,0.997718812278305,Coffee Shop
11166,Al Andalus Dist.,Khobar,26.3210202,50.1858899,Barn's (بارن كافيه),26.322756,50.179696,Coffee Shop,8.8,0.9936076607798654,Coffee Shop
11167,Al Andalus Dist.,Khobar,26.3210202,50.1858899,La Panetière,26.318069,50.194271,Coffee Shop,9.0,0.999147688103982,Coffee Shop
11168,Al Andalus Dist.,Khobar,26.3210202,50.1858899,Beyond,26.32838,50.180226,Coffee Shop,9.1,0.9967536943960492,Coffee Shop
11169,Al Andalus Dist.,Khobar,26.3210202,50.1858899,Density Coffee Roasters (محمصة ومقهى دينسيتي),26.328687,50.180382,Coffee Shop,9.1,0.9964779464296906,Coffee Shop
11170,Al Andalus Dist.,Khobar,26.3210202,50.1858899,the usual (ذي يوجول),26.305565,50.183432,Coffee Shop,9.4,0.9961395284709776,Coffee Shop
11171,Al Andalus Dist.,Khobar,26.3210202,50.1858899,7 Grams (٧ جرام),26.305571,50.183189,Coffee Shop,9.3,0.9943973026835292,Coffee Shop
11172,Al Andalus Dist.,Khobar,26.3210202,50.1858899,Urth Caffe (ايرث كافيه),26.317849,50.20377,Café,9.5,0.9998997280122331,Coffee Shop
11173,Al Andalus Dist.,Khobar,26.3210202,50.1858899,Dunkin' Donuts (دانكن دونتس),26.308587,50.176686,"Cafe, Coffee, and Tea House",8.9,0.991689959013825,Coffee Shop
11174,Al Andalus Dist.,Khobar,26.3210202,50.1858899,Mound,26.305497,50.178332,Coffee Shop,9.3,0.9937956707569282,Coffee Shop
11175,Al Andalus Dist.,Khobar,26.3210202,50.1858899,ATYPICAL (اتيبكل),26.30599,50.190239,Coffee Shop,9.0,0.9997743880275246,Coffee Shop
11176,Al Andalus Dist.,Khobar,26.3210202,50.1858899,Gravity Lounge,26.307034,50.176208,Café,9.0,0.9977438802752466,Coffee Shop
11177,Al Andalus Dist.,Khobar,26.3210202,50.1858899,Caffeination (كافينيشن),26.307375,50.178835,Coffee Shop,8.8,0.9934196508028026,Coffee Shop
11178,Al Andalus Dist.,Khobar,26.3210202,50.1858899,Dose (دوز),26.317878,50.203825,Coffee Shop,9.0,0.9959891204893272,Coffee Shop
11179,Al Andalus Dist.,Khobar,26.3210202,50.1858899,مُر,26.316915,50.204099,Coffee Shop,9.0,0.9989972801223318,Coffee Shop
11180,Al Andalus Dist.,Khobar,26.3210202,50.1858899,llama (لاما),26.303217,50.181088,Coffee Shop,9.2,0.9985335221789104,Coffee Shop
11181,Al Andalus Dist.,Khobar,26.3210202,50.1858899,The Barking Lot,26.335582,50.193452,Pet Café,8.8,0.972525475351892,Coffee Shop
11182,Al Andalus Dist.,Khobar,26.3210202,50.1858899,Boad Coffee Roasters (مقهى و محمصة بُعد),26.305397,50.178167,Coffee Shop,8.8,0.994071418723287,Coffee Shop
11183,Al Andalus Dist.,Khobar,26.3210202,50.1858899,Starbucks (ستاربكس),26.3234,50.16423,Coffee Shop,9.2,0.9881303034481028,Coffee Shop
11184,Al Andalus Dist.,Khobar,26.3210202,50.1858899,COSMO (DRIVE THRU) (كوزمو),26.325143,50.207918,Coffee Shop,9.3,0.9963150044495694,Coffee Shop
11185,Al Andalus Dist.,Khobar,26.3210202,50.1858899,Starbucks (ستاربكس),26.307338,50.173058,Coffee Shop,8.8,0.9931815048318564,Coffee Shop
11186,Al Andalus Dist.,Khobar,26.3210202,50.1858899,AlShabba (الشبّة),26.30368,50.175089,Café,9.0,0.959728262913152,Coffee Shop
11187,Al Andalus Dist.,Khobar,26.3210202,50.1858899,Knock (نوك),26.337298,50.201441,Coffee Shop,9.2,0.9978441522630134,Coffee Shop
11188,Al Andalus Dist.,Khobar,26.3210202,50.1858899,Starbucks (ستاربكس),26.30457,50.199171,Coffee Shop,9.0,0.9852224158028652,Coffee Shop
11189,Al Andalus Dist.,Khobar,26.3210202,50.1858899,Core Coffee & Roastery,26.325143,50.207633,Coffee Shop,8.9,0.9945351766667084,Coffee Shop
11190,Al Andalus Dist.,Khobar,26.3210202,50.1858899,Abu Saif Tea,26.29994,50.193362,Tea Room,9.1,0.9885689933945828,Coffee Shop
11191,Al Andalus Dist.,Khobar,26.3210202,50.1858899,UMQ Coffee (قهوة عُمق),26.321786,50.211889,Coffee Shop,9.4,0.9994234360703408,Coffee Shop
11192,Al Andalus Dist.,Khobar,26.3210202,50.1858899,Olden (اولدن),26.301878,50.201303,Coffee Shop,9.6,0.9994610380657534,Coffee Shop
11193,Al Andalus Dist.,Khobar,26.3210202,50.1858899,DE FLORÉ (دي فلور),26.305748,50.183144,Coffee Shop,8.4,0.9898349272401388,Coffee Shop
11194,Al Andalus Dist.,Khobar,26.3210202,50.1858899,ARCHI (ارتشي),26.298652,50.189677,Coffee Shop,9.2,0.9906245691438026,Coffee Shop
11195,Al Andalus Dist.,Khobar,26.3210202,50.1858899,8Oz Coffee,26.304103,50.168187,Coffee Shop,9.3,0.9954376245566098,Coffee Shop
11196,Al Andalus Dist.,Khobar,26.3210202,50.1858899,Tim Hortons,26.299082,50.181486,Coffee Shop,9.1,0.985234949801336,Coffee Shop
11197,Al Andalus Dist.,Khobar,26.3210202,50.1858899,Caribou Coffee (كاريبو),26.303928,50.202763,"Cafe, Coffee, and Tea House",9.1,0.9834300540215334,Coffee Shop
11198,Al Andalus Dist.,Khobar,26.3210202,50.1858899,La Pazzia (لا بازيا),26.306224,50.18003,Coffee Shop,8.3,0.9729140293044884,Coffee Shop
11199,Al Andalus Dist.,Khobar,26.3210202,50.1858899,A Plus (آي بلس),26.299565,50.174274,Coffee Shop,9.2,0.999059950114686,Coffee Shop
11200,Al Andalus Dist.,Khobar,26.3210202,50.1858899,ZOYA (زويا),26.303561,50.169328,Coffee Shop,9.0,0.9972801223318252,Coffee Shop
11201,Al Andalus Dist.,Khobar,26.3210202,50.1858899,Shatea Teashop (الشاطئ شاي بخار),26.30082,50.197794,Tea Room,9.0,0.994823458631538,Coffee Shop
11202,Al Andalus Dist.,Khobar,26.3210202,50.1858899,Tea Time (وقت الشاي),26.299792,50.198477,Tea Room,9.2,0.996853966383816,Coffee Shop
11203,Al Andalus Dist.,Khobar,26.3210202,50.1858899,Sword (سورد),26.306253,50.183136,Coffee Shop,8.2,0.9733151172555556,Coffee Shop
11204,Al Andalus Dist.,Khobar,26.3210202,50.1858899,Onda,26.343997,50.185243,Coffee Shop,8.9,0.9897722572477846,Coffee Shop
11205,Al Andalus Dist.,Khobar,26.3210202,50.1858899,Tulum (تولوم),26.308906,50.169742,Coffee Shop,8.5,0.9908627151147488,Coffee Shop
11206,Al Andalus Dist.,Khobar,26.3210202,50.1858899,Marks & Spencer Coffee (ماركس & سبنسر كافيه),26.307846,50.17381,Coffee Shop,8.3,0.9929809608563228,Coffee Shop
11207,Al Andalus Dist.,Khobar,26.3210202,50.1858899,Starbucks (ستاربكس),26.30203,50.17745,Coffee Shop,8.6,0.9869270395949012,Coffee Shop
11208,Al Andalus Dist.,Khobar,26.3210202,50.1858899,Lily (ليلي),26.306108,50.1722,Coffee Shop,8.5,0.995337352568843,Coffee Shop
11209,Al Andalus Dist.,Khobar,26.3210202,50.1858899,Starbucks (ستاربكس),26.33079,50.162701,Coffee Shop,8.7,0.9804469623854706,Coffee Shop
11210,Al Andalus Dist.,Khobar,26.3210202,50.1858899,Madeleine (مادلين),26.306362,50.210033,Bakery,9.1,0.9793565045185064,Coffee Shop
11211,Al Andalus Dist.,Khobar,26.3210202,50.1858899,Aged Coffee House,26.299294,50.202342,Coffee Shop,9.1,0.9773761327601118,Coffee Shop
11212,Al Andalus Dist.,Khobar,26.3210202,50.1858899,ستاربكس,26.345831,50.19578,Coffee Shop,9.1,0.9816502262386724,Coffee Shop
11213,Al Andalus Dist.,Khobar,26.3210202,50.1858899,AlZaman AlJameel Cafe (مقهى الزمن الجميل),26.343926,50.195572,Lounge,8.8,0.9858115137309952,Coffee Shop
11214,Al Andalus Dist.,Khobar,26.3210202,50.1858899,شاي أبو سيف,26.338552,50.20833,Tea Room,9.1,0.997718812278305,Coffee Shop
11215,Al Andalus Dist.,Khobar,26.3210202,50.1858899,10° Coffee House (تن دقريز بيت القهوة),26.330281,50.212671,Coffee Shop,8.9,0.992291590940426,Coffee Shop
11216,Al Hada Dist.,Khobar,26.3130921,50.1823138,the usual (ذي يوجول),26.305565,50.183432,Coffee Shop,9.4,0.9961395284709776,Coffee Shop
11217,Al Hada Dist.,Khobar,26.3130921,50.1823138,7 Grams (٧ جرام),26.305571,50.183189,Coffee Shop,9.3,0.9943973026835292,Coffee Shop
11218,Al Hada Dist.,Khobar,26.3130921,50.1823138,Dunkin' Donuts (دانكن دونتس),26.308587,50.176686,"Cafe, Coffee, and Tea House",8.9,0.991689959013825,Coffee Shop
11219,Al Hada Dist.,Khobar,26.3130921,50.1823138,Mound,26.305497,50.178332,Coffee Shop,9.3,0.9937956707569282,Coffee Shop
11220,Al Hada Dist.,Khobar,26.3130921,50.1823138,Caffeination (كافينيشن),26.307375,50.178835,Coffee Shop,8.8,0.9934196508028026,Coffee Shop
11221,Al Hada Dist.,Khobar,26.3130921,50.1823138,Gravity Lounge,26.307034,50.176208,Café,9.0,0.9977438802752466,Coffee Shop
11222,Al Hada Dist.,Khobar,26.3130921,50.1823138,llama (لاما),26.303217,50.181088,Coffee Shop,9.2,0.9985335221789104,Coffee Shop
11223,Al Hada Dist.,Khobar,26.3130921,50.1823138,Boad Coffee Roasters (مقهى و محمصة بُعد),26.305397,50.178167,Coffee Shop,8.8,0.994071418723287,Coffee Shop
11224,Al Hada Dist.,Khobar,26.3130921,50.1823138,ATYPICAL (اتيبكل),26.30599,50.190239,Coffee Shop,9.0,0.9997743880275246,Coffee Shop
11225,Al Hada Dist.,Khobar,26.3130921,50.1823138,Barn's (بارن كافيه),26.322756,50.179696,Coffee Shop,8.8,0.9936076607798654,Coffee Shop
11226,Al Hada Dist.,Khobar,26.3130921,50.1823138,Starbucks (ستاربكس),26.307338,50.173058,Coffee Shop,8.8,0.9931815048318564,Coffee Shop
11227,Al Hada Dist.,Khobar,26.3130921,50.1823138,AlShabba (الشبّة),26.30368,50.175089,Café,9.0,0.959728262913152,Coffee Shop
11228,Al Hada Dist.,Khobar,26.3130921,50.1823138,La Panetière,26.318069,50.194271,Coffee Shop,9.0,0.999147688103982,Coffee Shop
11229,Al Hada Dist.,Khobar,26.3130921,50.1823138,DE FLORÉ (دي فلور),26.305748,50.183144,Coffee Shop,8.4,0.9898349272401388,Coffee Shop
11230,Al Hada Dist.,Khobar,26.3130921,50.1823138,La Pazzia (لا بازيا),26.306224,50.18003,Coffee Shop,8.3,0.9729140293044884,Coffee Shop
11231,Al Hada Dist.,Khobar,26.3130921,50.1823138,Tim Hortons,26.299082,50.181486,Coffee Shop,9.1,0.985234949801336,Coffee Shop
11232,Al Hada Dist.,Khobar,26.3130921,50.1823138,Sword (سورد),26.306253,50.183136,Coffee Shop,8.2,0.9733151172555556,Coffee Shop
11233,Al Hada Dist.,Khobar,26.3130921,50.1823138,8Oz Coffee,26.304103,50.168187,Coffee Shop,9.3,0.9954376245566098,Coffee Shop
11234,Al Hada Dist.,Khobar,26.3130921,50.1823138,A Plus (آي بلس),26.299565,50.174274,Coffee Shop,9.2,0.999059950114686,Coffee Shop
11235,Al Hada Dist.,Khobar,26.3130921,50.1823138,ZOYA (زويا),26.303561,50.169328,Coffee Shop,9.0,0.9972801223318252,Coffee Shop
11236,Al Hada Dist.,Khobar,26.3130921,50.1823138,ARCHI (ارتشي),26.298652,50.189677,Coffee Shop,9.2,0.9906245691438026,Coffee Shop
11237,Al Hada Dist.,Khobar,26.3130921,50.1823138,Marks & Spencer Coffee (ماركس & سبنسر كافيه),26.307846,50.17381,Coffee Shop,8.3,0.9929809608563228,Coffee Shop
11238,Al Hada Dist.,Khobar,26.3130921,50.1823138,Beyond,26.32838,50.180226,Coffee Shop,9.1,0.9967536943960492,Coffee Shop
11239,Al Hada Dist.,Khobar,26.3130921,50.1823138,Density Coffee Roasters (محمصة ومقهى دينسيتي),26.328687,50.180382,Coffee Shop,9.1,0.9964779464296906,Coffee Shop
11240,Al Hada Dist.,Khobar,26.3130921,50.1823138,Starbucks (ستاربكس),26.30203,50.17745,Coffee Shop,8.6,0.9869270395949012,Coffee Shop
11241,Al Hada Dist.,Khobar,26.3130921,50.1823138,Abu Saif Tea,26.29994,50.193362,Tea Room,9.1,0.9885689933945828,Coffee Shop
11242,Al Hada Dist.,Khobar,26.3130921,50.1823138,Lily (ليلي),26.306108,50.1722,Coffee Shop,8.5,0.995337352568843,Coffee Shop
11243,Al Hada Dist.,Khobar,26.3130921,50.1823138,Tulum (تولوم),26.308906,50.169742,Coffee Shop,8.5,0.9908627151147488,Coffee Shop
11244,Al Hada Dist.,Khobar,26.3130921,50.1823138,Van Houtte Café (فان هوت كافيه),26.300607,50.172346,Café,8.7,0.97617286890691,Coffee Shop
11245,Al Hada Dist.,Khobar,26.3130921,50.1823138,Starbucks (ستاربكس),26.30457,50.199171,Coffee Shop,9.0,0.9852224158028652,Coffee Shop
11246,Al Hada Dist.,Khobar,26.3130921,50.1823138,Urth Caffe (ايرث كافيه),26.317849,50.20377,Café,9.5,0.9998997280122331,Coffee Shop
11247,Al Hada Dist.,Khobar,26.3130921,50.1823138,Starbucks (ستاربكس),26.3234,50.16423,Coffee Shop,9.2,0.9881303034481028,Coffee Shop
11248,Al Hada Dist.,Khobar,26.3130921,50.1823138,Olden (اولدن),26.301878,50.201303,Coffee Shop,9.6,0.9994610380657534,Coffee Shop
11249,Al Hada Dist.,Khobar,26.3130921,50.1823138,Shatea Teashop (الشاطئ شاي بخار),26.30082,50.197794,Tea Room,9.0,0.994823458631538,Coffee Shop
11250,Al Hada Dist.,Khobar,26.3130921,50.1823138,Starbucks (ستاربكس),26.299397,50.188723,Coffee Shop,8.5,0.9693543737387664,Coffee Shop
11251,Al Hada Dist.,Khobar,26.3130921,50.1823138,Ben’s Cookies,26.303537,50.170626,Coffee Shop,8.5,0.9948610606269506,Coffee Shop
11252,Al Hada Dist.,Khobar,26.3130921,50.1823138,Tea Time (وقت الشاي),26.299792,50.198477,Tea Room,9.2,0.996853966383816,Coffee Shop
11253,Al Hada Dist.,Khobar,26.3130921,50.1823138,مُر,26.316915,50.204099,Coffee Shop,9.0,0.9989972801223318,Coffee Shop
11254,Al Hada Dist.,Khobar,26.3130921,50.1823138,Caribou Coffee (كاريبو),26.303928,50.202763,"Cafe, Coffee, and Tea House",9.1,0.9834300540215334,Coffee Shop
11255,Al Hada Dist.,Khobar,26.3130921,50.1823138,Dose (دوز),26.317878,50.203825,Coffee Shop,9.0,0.9959891204893272,Coffee Shop
11256,Al Hada Dist.,Khobar,26.3130921,50.1823138,Aged Coffee House,26.299294,50.202342,Coffee Shop,9.1,0.9773761327601118,Coffee Shop
11257,Al Hada Dist.,Khobar,26.3130921,50.1823138,RASMAT SHAI (رسمة شاي),26.302376,50.197158,Tea Room,8.5,0.99338204880739,Coffee Shop
11258,Al Hada Dist.,Khobar,26.3130921,50.1823138,Tim Hortons,26.323339,50.164955,Coffee Shop,8.5,0.9823395961545692,Coffee Shop
11259,Al Hada Dist.,Khobar,26.3130921,50.1823138,COSMO (DRIVE THRU) (كوزمو),26.325143,50.207918,Coffee Shop,9.3,0.9963150044495694,Coffee Shop
11260,Al Hada Dist.,Khobar,26.3130921,50.1823138,Madeleine (مادلين),26.306362,50.210033,Bakery,9.1,0.9793565045185064,Coffee Shop
11261,Al Hada Dist.,Khobar,26.3130921,50.1823138,7 Grams (٧ جرام),26.290708,50.18091,Coffee Shop,8.6,0.9936327287768072,Coffee Shop
11262,Al Hada Dist.,Khobar,26.3130921,50.1823138,The Barking Lot,26.335582,50.193452,Pet Café,8.8,0.972525475351892,Coffee Shop
11263,Al Hada Dist.,Khobar,26.3130921,50.1823138,ديوانية الساحل,26.323848,50.16618,Café,8.3,0.973039369289197,Coffee Shop
11264,Al Hada Dist.,Khobar,26.3130921,50.1823138,Core Coffee & Roastery,26.325143,50.207633,Coffee Shop,8.9,0.9945351766667084,Coffee Shop
11265,Al Hada Dist.,Khobar,26.3130921,50.1823138,Golden Karak (كرك الذهبي),26.299223,50.198449,Tea Room,8.4,0.981261672286076,Coffee Shop
11266,Al Bandariyah Dist.,Khobar,26.3073822,50.2135844,HOBRA (هوبرا),26.309177,50.214547,Coffee Shop,8.9,0.9904490931652108,Coffee Shop
11267,Al Bandariyah Dist.,Khobar,26.3073822,50.2135844,Madeleine (مادلين),26.306362,50.210033,Bakery,9.1,0.9793565045185064,Coffee Shop
11268,Al Bandariyah Dist.,Khobar,26.3073822,50.2135844,Balancd Coffee (بالنسد كوفي),26.305186,50.217246,Coffee Shop,9.3,0.9993482320795156,Coffee Shop
11269,Al Bandariyah Dist.,Khobar,26.3073822,50.2135844,Nass (نَصّ),26.302977,50.211757,Coffee Shop,9.4,0.9997117180351704,Coffee Shop
11270,Al Bandariyah Dist.,Khobar,26.3073822,50.2135844,Organico Speciality Coffee (قهوة اورقانيكو المختصة),26.303736,50.210663,Coffee Shop,8.8,0.9811488662998384,Coffee Shop
11271,Al Bandariyah Dist.,Khobar,26.3073822,50.2135844,Peek-A-Brew (بيك-أ-برو),26.3092,50.219423,Coffee Shop,8.9,0.9887820713685872,Coffee Shop
11272,Al Bandariyah Dist.,Khobar,26.3073822,50.2135844,LLuvia (يوڤيا),26.309265,50.220214,Coffee Shop,9.1,0.9969041023776996,Coffee Shop
11273,Al Bandariyah Dist.,Khobar,26.3073822,50.2135844,MYLK (ميلك),26.302492,50.21375,Coffee Shop,8.7,0.9922539889450134,Coffee Shop
11274,Al Bandariyah Dist.,Khobar,26.3073822,50.2135844,Messier82 (ميسيير٨٢),26.300081,50.210795,Coffee Roaster,9.3,0.9974430643119462,Coffee Shop
11275,Al Bandariyah Dist.,Khobar,26.3073822,50.2135844,Olden (اولدن),26.31523,50.216146,Coffee Shop,9.5,0.9997618540290538,Coffee Shop
11276,Al Bandariyah Dist.,Khobar,26.3073822,50.2135844,Vial (فِيال),26.300346,50.216621,Tea Room,9.1,0.992379328929722,Coffee Shop
11277,Al Bandariyah Dist.,Khobar,26.3073822,50.2135844,Danube Le Gourmet,26.304514,50.222378,Café,9.1,0.9962774024541567,Coffee Shop
11278,Al Bandariyah Dist.,Khobar,26.3073822,50.2135844,Maramia Villa (مرَاميّة ڤيلا),26.298142,50.212785,Tea Room,9.5,0.9863254076683002,Coffee Shop
11279,Al Bandariyah Dist.,Khobar,26.3073822,50.2135844,CAVO (كاڤو),26.314479,50.217111,Coffee Shop,9.0,0.9951869445871928,Coffee Shop
11280,Al Bandariyah Dist.,Khobar,26.3073822,50.2135844,ستاربكس,26.300423,50.215308,Coffee Shop,8.8,0.9884937894037577,Coffee Shop
11281,Al Bandariyah Dist.,Khobar,26.3073822,50.2135844,Specialty Bean Cafe (محمصة سبيشلتي بين),26.300319,50.219761,Coffee Shop,9.2,0.9932567088226816,Coffee Shop
11282,Al Bandariyah Dist.,Khobar,26.3073822,50.2135844,شاي بخار,26.300059,50.220596,Tea Room,9.4,0.9970419763608788,Coffee Shop
11283,Al Bandariyah Dist.,Khobar,26.3073822,50.2135844,Sharik Café (شارك كافيه),26.309689,50.223518,Coffee Shop,9.2,0.9958387125076772,Coffee Shop
11284,Al Bandariyah Dist.,Khobar,26.3073822,50.2135844,Shrq Coffee Roasters (مقهى ومحمصة شرق),26.311596,50.223059,Coffee Shop,9.3,0.9994485040672824,Coffee Shop
11285,Al Bandariyah Dist.,Khobar,26.3073822,50.2135844,UMQ Coffee (قهوة عُمق),26.297826,50.212496,Coffee Shop,9.3,0.9927428148853766,Coffee Shop
11286,Al Bandariyah Dist.,Khobar,26.3073822,50.2135844,ZOLIEA (زُولِية),26.298005,50.209832,Coffee Shop,9.4,0.995851246506148,Coffee Shop
11287,Al Bandariyah Dist.,Khobar,26.3073822,50.2135844,sdf (سدف),26.298113,50.21815,Tea Room,9.5,0.9950992065978967,Coffee Shop
11288,Al Bandariyah Dist.,Khobar,26.3073822,50.2135844,ARCHI (ارتشي),26.309359,50.222512,Coffee Shop,8.9,0.9985711241743228,Coffee Shop
11289,Al Bandariyah Dist.,Khobar,26.3073822,50.2135844,Eclipse (إكلبس),26.309511,50.223659,Coffee Shop,9.1,0.9992980960856322,Coffee Shop
11290,Al Bandariyah Dist.,Khobar,26.3073822,50.2135844,Andes Coffee Roasters (محمصة و مقهى أنديز),26.29783,50.219115,Coffee Shop,9.6,0.9987089981575022,Coffee Shop
11291,Al Bandariyah Dist.,Khobar,26.3073822,50.2135844,INSIDE (ان سايد),26.310537,50.224136,Coffee Shop,9.1,0.994146622714112,Coffee Shop
11292,Al Bandariyah Dist.,Khobar,26.3073822,50.2135844,Sensations Coffee & Co (سنسيشنز كوفي آند كو),26.299705,50.220394,Coffee Shop,9.0,0.9870649135780806,Coffee Shop
11293,Al Bandariyah Dist.,Khobar,26.3073822,50.2135844,Bohemia (بوهيميا),26.299565,50.214963,Coffee Shop,8.7,0.9957259065214394,Coffee Shop
11294,Al Bandariyah Dist.,Khobar,26.3073822,50.2135844,Tulum (تولوم),26.303594,50.223328,Coffee Shop,8.9,0.99617713046639,Coffee Shop
11295,Al Bandariyah Dist.,Khobar,26.3073822,50.2135844,Soil Coffee Roasters (محمصة سويل),26.313661,50.223513,Coffee Roaster,9.1,0.9992103580963364,Coffee Shop
11296,Al Bandariyah Dist.,Khobar,26.3073822,50.2135844,شاهي T1,26.2968,50.217331,Café,9.2,0.982439868142336,Coffee Shop
11297,Al Bandariyah Dist.,Khobar,26.3073822,50.2135844,كيف التوأم,26.296096,50.21861,Tea Room,9.5,0.9989095421330358,Coffee Shop
11298,Al Bandariyah Dist.,Khobar,26.3073822,50.2135844,Olden (اولدن),26.301878,50.201303,Coffee Shop,9.6,0.9994610380657534,Coffee Shop
11299,Al Bandariyah Dist.,Khobar,26.3073822,50.2135844,OOB (او او بي),26.310512,50.224067,Coffee Shop,8.8,0.9972550543348834,Coffee Shop
11300,Al Bandariyah Dist.,Khobar,26.3073822,50.2135844,Line Espresso Bar (لاين اسبريسو بار),26.296109,50.21903,Coffee Shop,9.3,0.9976060062920672,Coffee Shop
11301,Al Bandariyah Dist.,Khobar,26.3073822,50.2135844,COSMO (كوزمو),26.310797,50.223505,Coffee Shop,8.7,0.9948735946254216,Coffee Shop
11302,Al Bandariyah Dist.,Khobar,26.3073822,50.2135844,Starbucks (ستاربكس),26.316542,50.223297,Coffee Shop,9.4,0.9966659564067534,Coffee Shop
11303,Al Bandariyah Dist.,Khobar,26.3073822,50.2135844,Equal (إيكول),26.31984,50.216692,Coffee Shop,9.3,0.9988343381422108,Coffee Shop
11304,Al Bandariyah Dist.,Khobar,26.3073822,50.2135844,Chemistry Coffee (كيمستري كوفي),26.302902,50.222152,Coffee Shop,8.6,0.9873782635398518,Coffee Shop
11305,Al Bandariyah Dist.,Khobar,26.3073822,50.2135844,Urth Caffe (ايرث كافيه),26.317849,50.20377,Café,9.5,0.9998997280122331,Coffee Shop
11306,Al Bandariyah Dist.,Khobar,26.3073822,50.2135844,Willow,26.318095,50.222335,Café,9.3,0.9939084767431658,Coffee Shop
11307,Al Bandariyah Dist.,Khobar,26.3073822,50.2135844,RAMLA (رملا),26.317157,50.223023,Coffee Shop,9.1,0.9855106977676948,Coffee Shop
11308,Al Bandariyah Dist.,Khobar,26.3073822,50.2135844,Balalet (بلاليط),26.297512,50.212848,Tea Room,8.6,0.9791559605429728,Coffee Shop
11309,Al Bandariyah Dist.,Khobar,26.3073822,50.2135844,QASHA (‎قَشة),26.318468,50.222844,Coffee Shop,9.4,0.9966910244036952,Coffee Shop
11310,Al Bandariyah Dist.,Khobar,26.3073822,50.2135844,OLABS (اولابز),26.303277,50.206322,Coffee Shop,8.4,0.9851848138074528,Coffee Shop
11311,Al Bandariyah Dist.,Khobar,26.3073822,50.2135844,مُر,26.316915,50.204099,Coffee Shop,9.0,0.9989972801223318,Coffee Shop
11312,Al Bandariyah Dist.,Khobar,26.3073822,50.2135844,Tim Hortons (تيم هورتونز),26.310926,50.21352,Coffee Shop,8.0,0.984482909893085,Coffee Shop
11313,Al Bandariyah Dist.,Khobar,26.3073822,50.2135844,Wacafe (وكف),26.319811,50.216804,Coffee Shop,9.0,0.9970169083639372,Coffee Shop
11314,Al Bandariyah Dist.,Khobar,26.3073822,50.2135844,chaichi (چايچي),26.296435,50.208783,Tea Room,8.8,0.98396901595578,Coffee Shop
11315,Al Bandariyah Dist.,Khobar,26.3073822,50.2135844,UMQ Coffee (قهوة عُمق),26.321786,50.211889,Coffee Shop,9.4,0.9994234360703408,Coffee Shop
11316,Al Bustan Dist.,Khobar,26.3219536,50.212032,UMQ Coffee (قهوة عُمق),26.321786,50.211889,Coffee Shop,9.4,0.9994234360703408,Coffee Shop
11317,Al Bustan Dist.,Khobar,26.3219536,50.212032,Equal (إيكول),26.31984,50.216692,Coffee Shop,9.3,0.9988343381422108,Coffee Shop
11318,Al Bustan Dist.,Khobar,26.3219536,50.212032,COSMO (DRIVE THRU) (كوزمو),26.325143,50.207918,Coffee Shop,9.3,0.9963150044495694,Coffee Shop
11319,Al Bustan Dist.,Khobar,26.3219536,50.212032,Wacafe (وكف),26.319811,50.216804,Coffee Shop,9.0,0.9970169083639372,Coffee Shop
11320,Al Bustan Dist.,Khobar,26.3219536,50.212032,Core Coffee & Roastery,26.325143,50.207633,Coffee Shop,8.9,0.9945351766667084,Coffee Shop
11321,Al Bustan Dist.,Khobar,26.3219536,50.212032,Olden (اولدن),26.31523,50.216146,Coffee Shop,9.5,0.9997618540290538,Coffee Shop
11322,Al Bustan Dist.,Khobar,26.3219536,50.212032,تّل,26.321884,50.220768,Coffee Shop,9.3,0.9967160924006369,Coffee Shop
11323,Al Bustan Dist.,Khobar,26.3219536,50.212032,Blue Star Cafe (بلو ستار كافيه),26.32715,50.215145,Coffee Shop,8.8,0.9917024930122958,Coffee Shop
11324,Al Bustan Dist.,Khobar,26.3219536,50.212032,Urth Caffe (ايرث كافيه),26.317849,50.20377,Café,9.5,0.9998997280122331,Coffee Shop
11325,Al Bustan Dist.,Khobar,26.3219536,50.212032,VARDØ (Vardø),26.321546,50.219743,Coffee Shop,8.9,0.9874910695260896,Coffee Shop
11326,Al Bustan Dist.,Khobar,26.3219536,50.212032,Dose (دوز),26.317878,50.203825,Coffee Shop,9.0,0.9959891204893272,Coffee Shop
11327,Al Bustan Dist.,Khobar,26.3219536,50.212032,Namq (نمق),26.319378,50.22272,Coffee Shop,9.4,0.9998621260168208,Coffee Shop
11328,Al Bustan Dist.,Khobar,26.3219536,50.212032,مُر,26.316915,50.204099,Coffee Shop,9.0,0.9989972801223318,Coffee Shop
11329,Al Bustan Dist.,Khobar,26.3219536,50.212032,10° Coffee House (تن دقريز بيت القهوة),26.330281,50.212671,Coffee Shop,8.9,0.992291590940426,Coffee Shop
11330,Al Bustan Dist.,Khobar,26.3219536,50.212032,CAVO (كاڤو),26.314479,50.217111,Coffee Shop,9.0,0.9951869445871928,Coffee Shop
11331,Al Bustan Dist.,Khobar,26.3219536,50.212032,Willow,26.318095,50.222335,Café,9.3,0.9939084767431658,Coffee Shop
11332,Al Bustan Dist.,Khobar,26.3219536,50.212032,QASHA (‎قَشة),26.318468,50.222844,Coffee Shop,9.4,0.9966910244036952,Coffee Shop
11333,Al Bustan Dist.,Khobar,26.3219536,50.212032,OTOÑO (أوتونيو),26.320071,50.222049,Coffee Shop,9.0,0.9971923843425292,Coffee Shop
11334,Al Bustan Dist.,Khobar,26.3219536,50.212032,Density Coffee Roasters (محمصة و مقهى دينستي),26.319682,50.222786,Coffee Shop,9.2,0.9982577742125516,Coffee Shop
11335,Al Bustan Dist.,Khobar,26.3219536,50.212032,Starbucks (ستاربكس),26.316542,50.223297,Coffee Shop,9.4,0.9966659564067534,Coffee Shop
11336,Al Bustan Dist.,Khobar,26.3219536,50.212032,Veloce (فيلوتشي),26.319932,50.222584,Café,8.9,0.991100861085695,Coffee Shop
11337,Al Bustan Dist.,Khobar,26.3219536,50.212032,RAMLA (رملا),26.317157,50.223023,Coffee Shop,9.1,0.9855106977676948,Coffee Shop
11338,Al Bustan Dist.,Khobar,26.3219536,50.212032,SEQUENCE (سيكونس),26.314555,50.217032,Coffee Shop,8.6,0.9888322073624708,Coffee Shop
11339,Al Bustan Dist.,Khobar,26.3219536,50.212032,Ballet Coffee (باليه كافيه),26.317294,50.222958,Coffee Shop,8.7,0.9969542383715828,Coffee Shop
11340,Al Bustan Dist.,Khobar,26.3219536,50.212032,Soil Coffee Roasters (محمصة سويل),26.313661,50.223513,Coffee Roaster,9.1,0.9992103580963364,Coffee Shop
11341,Al Bustan Dist.,Khobar,26.3219536,50.212032,Starbucks (ستاربكس),26.334167,50.212065,Coffee Shop,8.9,0.9915395510321748,Coffee Shop
11342,Al Bustan Dist.,Khobar,26.3219536,50.212032,Shrq Coffee Roasters (مقهى ومحمصة شرق),26.311596,50.223059,Coffee Shop,9.3,0.9994485040672824,Coffee Shop
11343,Al Bustan Dist.,Khobar,26.3219536,50.212032,HOBRA (هوبرا),26.309177,50.214547,Coffee Shop,8.9,0.9904490931652108,Coffee Shop
11344,Al Bustan Dist.,Khobar,26.3219536,50.212032,LLuvia (يوڤيا),26.309265,50.220214,Coffee Shop,9.1,0.9969041023776996,Coffee Shop
11345,Al Bustan Dist.,Khobar,26.3219536,50.212032,Peek-A-Brew (بيك-أ-برو),26.3092,50.219423,Coffee Shop,8.9,0.9887820713685872,Coffee Shop
11346,Al Bustan Dist.,Khobar,26.3219536,50.212032,INSIDE (ان سايد),26.310537,50.224136,Coffee Shop,9.1,0.994146622714112,Coffee Shop
11347,Al Bustan Dist.,Khobar,26.3219536,50.212032,Sharik Café (شارك كافيه),26.309689,50.223518,Coffee Shop,9.2,0.9958387125076772,Coffee Shop
11348,Al Bustan Dist.,Khobar,26.3219536,50.212032,Madeleine (مادلين),26.306362,50.210033,Bakery,9.1,0.9793565045185064,Coffee Shop
11349,Al Bustan Dist.,Khobar,26.3219536,50.212032,Eclipse (إكلبس),26.309511,50.223659,Coffee Shop,9.1,0.9992980960856322,Coffee Shop
11350,Al Bustan Dist.,Khobar,26.3219536,50.212032,شاي أبو سيف,26.338552,50.20833,Tea Room,9.1,0.997718812278305,Coffee Shop
11351,Al Bustan Dist.,Khobar,26.3219536,50.212032,Balancd Coffee (بالنسد كوفي),26.305186,50.217246,Coffee Shop,9.3,0.9993482320795156,Coffee Shop
11352,Al Bustan Dist.,Khobar,26.3219536,50.212032,La Panetière,26.318069,50.194271,Coffee Shop,9.0,0.999147688103982,Coffee Shop
11353,Al Bustan Dist.,Khobar,26.3219536,50.212032,ARCHI (ارتشي),26.309359,50.222512,Coffee Shop,8.9,0.9985711241743228,Coffee Shop
11354,Al Bustan Dist.,Khobar,26.3219536,50.212032,OOB (او او بي),26.310512,50.224067,Coffee Shop,8.8,0.9972550543348834,Coffee Shop
11355,Al Bustan Dist.,Khobar,26.3219536,50.212032,COSMO (كوزمو),26.310797,50.223505,Coffee Shop,8.7,0.9948735946254216,Coffee Shop
11356,Al Bustan Dist.,Khobar,26.3219536,50.212032,Knock (نوك),26.337298,50.201441,Coffee Shop,9.2,0.9978441522630134,Coffee Shop
11357,Al Bustan Dist.,Khobar,26.3219536,50.212032,Nass (نَصّ),26.302977,50.211757,Coffee Shop,9.4,0.9997117180351704,Coffee Shop
11358,Al Bustan Dist.,Khobar,26.3219536,50.212032,Crafter (كرافتر),26.317755,50.223038,Coffee Shop,8.2,0.9933319128135066,Coffee Shop
11359,Al Bustan Dist.,Khobar,26.3219536,50.212032,Danube Le Gourmet,26.304514,50.222378,Café,9.1,0.9962774024541567,Coffee Shop
11360,Al Bustan Dist.,Khobar,26.3219536,50.212032,Caribou Coffee (كاريبو),26.303928,50.202763,"Cafe, Coffee, and Tea House",9.1,0.9834300540215334,Coffee Shop
11361,Al Bustan Dist.,Khobar,26.3219536,50.212032,Organico Speciality Coffee (قهوة اورقانيكو المختصة),26.303736,50.210663,Coffee Shop,8.8,0.9811488662998384,Coffee Shop
11362,Al Bustan Dist.,Khobar,26.3219536,50.212032,Olden (اولدن),26.301878,50.201303,Coffee Shop,9.6,0.9994610380657534,Coffee Shop
11363,Al Bustan Dist.,Khobar,26.3219536,50.212032,Messier82 (ميسيير٨٢),26.300081,50.210795,Coffee Roaster,9.3,0.9974430643119462,Coffee Shop
11364,Al Bustan Dist.,Khobar,26.3219536,50.212032,Antr (عنتر),26.313774,50.229104,Tea Room,8.6,0.9932441748242108,Coffee Shop
11365,Al Bustan Dist.,Khobar,26.3219536,50.212032,WEBREW (ويبرو),26.343517,50.203178,Coffee Shop,9.5,0.9996866500382288,Coffee Shop
11366,Ath Thuqbah Dist.,Khobar,26.2761402,50.193713,Unleash Coffee,26.281435,50.20057,Coffee Shop,8.8,0.9731897772708472,Coffee Shop
11367,Ath Thuqbah Dist.,Khobar,26.2761402,50.193713,Club Lounge,26.286307,50.187673,Tea Room,8.8,0.9833423160322374,Coffee Shop
11368,Ath Thuqbah Dist.,Khobar,26.2761402,50.193713,Caffè Nero,26.274295,50.200446,Coffee Shop,8.2,0.9851096098166277,Coffee Shop
11369,Ath Thuqbah Dist.,Khobar,26.2761402,50.193713,Blue Sky,26.285347,50.194241,Coffee Shop,8.4,0.9851973478059236,Coffee Shop
11370,Ath Thuqbah Dist.,Khobar,26.2761402,50.193713,CASSIA (كاسيا),26.282297,50.199468,Coffee Shop,8.3,0.9260243410250304,Coffee Shop
11371,Ath Thuqbah Dist.,Khobar,26.2761402,50.193713,ارابيا كافيه,26.28406,50.210689,Coffee Shop,9.4,0.9851221438150984,Coffee Shop
11372,Ath Thuqbah Dist.,Khobar,26.2761402,50.193713,Barn's (بارن كافيه),26.266281,50.203846,Coffee Shop,8.4,0.9807979143426544,Coffee Shop
11373,Ath Thuqbah Dist.,Khobar,26.2761402,50.193713,Shahil (شهل),26.291851,50.20881,Tea Room,9.1,0.9855733677600492,Coffee Shop
11374,Ath Thuqbah Dist.,Khobar,26.2761402,50.193713,Tea time,26.277549,50.211453,Coffee Shop,8.5,0.975671508968076,Coffee Shop
11375,Ath Thuqbah Dist.,Khobar,26.2761402,50.193713,Starbucks (ستاربكس),26.268738,50.216005,Coffee Shop,9.1,0.9853352217891028,Coffee Shop
11376,Ath Thuqbah Dist.,Khobar,26.2761402,50.193713,ARCHI (ارتشي),26.298652,50.189677,Coffee Shop,9.2,0.9906245691438026,Coffee Shop
11377,Ath Thuqbah Dist.,Khobar,26.2761402,50.193713,7 Grams (٧ جرام),26.290708,50.18091,Coffee Shop,8.6,0.9936327287768072,Coffee Shop
11378,Ath Thuqbah Dist.,Khobar,26.2761402,50.193713,Vicoli Boutique (ڤيكولي بوتيك),26.272916,50.216325,Café,8.8,0.9573342692052192,Coffee Shop
11379,Ath Thuqbah Dist.,Khobar,26.2761402,50.193713,Starbucks Reserve (ستاربكس ريزيرڤ),26.28304,50.219394,Coffee Shop,9.4,0.9891956933181254,Coffee Shop
11380,Ath Thuqbah Dist.,Khobar,26.2761402,50.193713,Maramia (مرَاميّه),26.289403,50.216415,Tea Room,9.3,0.9648296002907888,Coffee Shop
11381,Ath Thuqbah Dist.,Khobar,26.2761402,50.193713,24 Cafe (قهوة ٢٤),26.284406,50.218504,Coffee Shop,9.2,0.9969918403669956,Coffee Shop
11382,Ath Thuqbah Dist.,Khobar,26.2761402,50.193713,Tea Time (وقت الشاي),26.299792,50.198477,Tea Room,9.2,0.996853966383816,Coffee Shop
11383,Ath Thuqbah Dist.,Khobar,26.2761402,50.193713,Abu Saif Tea,26.29994,50.193362,Tea Room,9.1,0.9885689933945828,Coffee Shop
11384,Ath Thuqbah Dist.,Khobar,26.2761402,50.193713,Shathrat Cafe (شذرات كافيه),26.275161,50.218922,Café,8.9,0.9707957835629144,Coffee Shop
11385,Ath Thuqbah Dist.,Khobar,26.2761402,50.193713,QAF Coffee Roasters (محمصة ومقهى قاف),26.283475,50.220952,Coffee Shop,9.4,0.9883433814221074,Coffee Shop
11386,Ath Thuqbah Dist.,Khobar,26.2761402,50.193713,Karak Wa Shapaty (كرك و چباتي),26.277899,50.183447,Import and Export Service,7.9,0.9645663863229008,Coffee Shop
11387,Ath Thuqbah Dist.,Khobar,26.2761402,50.193713,Koffiqa Coffee Roasters (مقهى و محمصة كوفيكا),26.283817,50.220222,Coffee Shop,9.2,0.994572778662121,Coffee Shop
11388,Ath Thuqbah Dist.,Khobar,26.2761402,50.193713,Aged Coffee House,26.299294,50.202342,Coffee Shop,9.1,0.9773761327601118,Coffee Shop
11389,Ath Thuqbah Dist.,Khobar,26.2761402,50.193713,Dyjor Roasters (محمصة دَيْجُور),26.288549,50.21758,Coffee Shop,9.1,0.9940463507263452,Coffee Shop
11390,Ath Thuqbah Dist.,Khobar,26.2761402,50.193713,ZOLIEA (زُولِية),26.298005,50.209832,Coffee Shop,9.4,0.995851246506148,Coffee Shop
11391,Ath Thuqbah Dist.,Khobar,26.2761402,50.193713,Maskob (مسكُوب),26.288521,50.21792,Tea Room,9.1,0.9954626925535516,Coffee Shop
11392,Ath Thuqbah Dist.,Khobar,26.2761402,50.193713,Olden (اولدن),26.301878,50.201303,Coffee Shop,9.6,0.9994610380657534,Coffee Shop
11393,Ath Thuqbah Dist.,Khobar,26.2761402,50.193713,Tea Time (وقت الشاي),26.282608,50.217619,Tea Room,8.8,0.98940877129213,Coffee Shop
11394,Ath Thuqbah Dist.,Khobar,26.2761402,50.193713,Methods (ميثودز),26.282662,50.220466,Coffee Shop,9.0,0.9525462817893536,Coffee Shop
11395,Ath Thuqbah Dist.,Khobar,26.2761402,50.193713,Tim Hortons,26.299082,50.181486,Coffee Shop,9.1,0.985234949801336,Coffee Shop
11396,Ath Thuqbah Dist.,Khobar,26.2761402,50.193713,Shatea Teashop (الشاطئ شاي بخار),26.30082,50.197794,Tea Room,9.0,0.994823458631538,Coffee Shop
11397,Ath Thuqbah Dist.,Khobar,26.2761402,50.193713,Black Horse Coffee Roasters (محمصة الخيل الأسود),26.28542,50.218593,Coffee Shop,8.9,0.9783913866362508,Coffee Shop
11398,Ath Thuqbah Dist.,Khobar,26.2761402,50.193713,Soir,26.282272,50.221471,Café,9.0,0.9933945828058608,Coffee Shop
11399,Ath Thuqbah Dist.,Khobar,26.2761402,50.193713,Starbucks (ستاربكس),26.288657,50.216227,Coffee Shop,8.8,0.9818006342203226,Coffee Shop
11400,Ath Thuqbah Dist.,Khobar,26.2761402,50.193713,chaichi (چايچي),26.296435,50.208783,Tea Room,8.8,0.98396901595578,Coffee Shop
11401,Ath Thuqbah Dist.,Khobar,26.2761402,50.193713,Rosalie (روزالي),26.29052,50.178126,Café,8.4,0.9786546006041388,Coffee Shop
11402,Ath Thuqbah Dist.,Khobar,26.2761402,50.193713,Cafe De Paris,26.278431,50.218478,Restaurant,8.4,0.9841570259328428,Coffee Shop
11403,Ath Thuqbah Dist.,Khobar,26.2761402,50.193713,شاي جمر,26.274829,50.185198,Tea Room,7.6,0.9927177468884348,Coffee Shop
11404,Ath Thuqbah Dist.,Khobar,26.2761402,50.193713,Starbucks (ستاربكس),26.299397,50.188723,Coffee Shop,8.5,0.9693543737387664,Coffee Shop
11405,Ath Thuqbah Dist.,Khobar,26.2761402,50.193713,مقهى قدوع,26.284312,50.18926,Café,7.6,0.968878081796874,Coffee Shop
11406,Ath Thuqbah Dist.,Khobar,26.2761402,50.193713,Golden Karak (كرك الذهبي),26.299223,50.198449,Tea Room,8.4,0.981261672286076,Coffee Shop
11407,Ath Thuqbah Dist.,Khobar,26.2761402,50.193713,Meem Coffee (مِيم),26.289472,50.216453,Coffee Shop,8.4,0.9644410463381924,Coffee Shop
11408,Ath Thuqbah Dist.,Khobar,26.2761402,50.193713,ALMASAA TEA (شاي المساء),26.284622,50.218689,Tea Room,8.3,0.9914518130428788,Coffee Shop
11409,Ath Thuqbah Dist.,Khobar,26.2761402,50.193713,MANTO ROSE (Manto Rose),26.281672,50.222398,Café,8.5,0.9681511098855646,Coffee Shop
11410,Ath Thuqbah Dist.,Khobar,26.2761402,50.193713,RASMAT SHAI (رسمة شاي),26.302376,50.197158,Tea Room,8.5,0.99338204880739,Coffee Shop
11411,Ath Thuqbah Dist.,Khobar,26.2761402,50.193713,ستاربكس,26.266237,50.213014,Coffee Shop,8.1,0.993645262775278,Coffee Shop
11412,Ath Thuqbah Dist.,Khobar,26.2761402,50.193713,ستاربكس,26.289013,50.21912,Coffee Shop,8.2,0.9749570710552372,Coffee Shop
11413,Ath Thuqbah Dist.,Khobar,26.2761402,50.193713,شاي عطرة,26.29863,50.180933,Tea Room,7.9,0.9779150946943584,Coffee Shop
11414,Ath Thuqbah Dist.,Khobar,26.2761402,50.193713,Mondo (موندو),26.286802,50.218348,Café,7.8,0.9449130767206046,Coffee Shop
11415,Ath Thuqbah Dist.,Khobar,26.2761402,50.193713,Bisket,26.291562,50.216982,Coffee Shop,7.8,0.9573969391975734,Coffee Shop
11416,Al Olaya Dist.,Khobar,26.2966784,50.1773004,A Plus (آي بلس),26.299565,50.174274,Coffee Shop,9.2,0.999059950114686,Coffee Shop
11417,Al Olaya Dist.,Khobar,26.2966784,50.1773004,Tim Hortons,26.299082,50.181486,Coffee Shop,9.1,0.985234949801336,Coffee Shop
11418,Al Olaya Dist.,Khobar,26.2966784,50.1773004,llama (لاما),26.303217,50.181088,Coffee Shop,9.2,0.9985335221789104,Coffee Shop
11419,Al Olaya Dist.,Khobar,26.2966784,50.1773004,AlShabba (الشبّة),26.30368,50.175089,Café,9.0,0.959728262913152,Coffee Shop
11420,Al Olaya Dist.,Khobar,26.2966784,50.1773004,Van Houtte Café (فان هوت كافيه),26.300607,50.172346,Café,8.7,0.97617286890691,Coffee Shop
11421,Al Olaya Dist.,Khobar,26.2966784,50.1773004,Mound,26.305497,50.178332,Coffee Shop,9.3,0.9937956707569282,Coffee Shop
11422,Al Olaya Dist.,Khobar,26.2966784,50.1773004,Starbucks (ستاربكس),26.30203,50.17745,Coffee Shop,8.6,0.9869270395949012,Coffee Shop
11423,Al Olaya Dist.,Khobar,26.2966784,50.1773004,the usual (ذي يوجول),26.305565,50.183432,Coffee Shop,9.4,0.9961395284709776,Coffee Shop
11424,Al Olaya Dist.,Khobar,26.2966784,50.1773004,7 Grams (٧ جرام),26.290708,50.18091,Coffee Shop,8.6,0.9936327287768072,Coffee Shop
11425,Al Olaya Dist.,Khobar,26.2966784,50.1773004,7 Grams (٧ جرام),26.305571,50.183189,Coffee Shop,9.3,0.9943973026835292,Coffee Shop
11426,Al Olaya Dist.,Khobar,26.2966784,50.1773004,ZOYA (زويا),26.303561,50.169328,Coffee Shop,9.0,0.9972801223318252,Coffee Shop
11427,Al Olaya Dist.,Khobar,26.2966784,50.1773004,8Oz Coffee,26.304103,50.168187,Coffee Shop,9.3,0.9954376245566098,Coffee Shop
11428,Al Olaya Dist.,Khobar,26.2966784,50.1773004,Boad Coffee Roasters (مقهى و محمصة بُعد),26.305397,50.178167,Coffee Shop,8.8,0.994071418723287,Coffee Shop
11429,Al Olaya Dist.,Khobar,26.2966784,50.1773004,Gravity Lounge,26.307034,50.176208,Café,9.0,0.9977438802752466,Coffee Shop
11430,Al Olaya Dist.,Khobar,26.2966784,50.1773004,ARCHI (ارتشي),26.298652,50.189677,Coffee Shop,9.2,0.9906245691438026,Coffee Shop
11431,Al Olaya Dist.,Khobar,26.2966784,50.1773004,Rosalie (روزالي),26.29052,50.178126,Café,8.4,0.9786546006041388,Coffee Shop
11432,Al Olaya Dist.,Khobar,26.2966784,50.1773004,Caffeination (كافينيشن),26.307375,50.178835,Coffee Shop,8.8,0.9934196508028026,Coffee Shop
11433,Al Olaya Dist.,Khobar,26.2966784,50.1773004,Dunkin' Donuts (دانكن دونتس),26.308587,50.176686,"Cafe, Coffee, and Tea House",8.9,0.991689959013825,Coffee Shop
11434,Al Olaya Dist.,Khobar,26.2966784,50.1773004,Starbucks (ستاربكس),26.307338,50.173058,Coffee Shop,8.8,0.9931815048318564,Coffee Shop
11435,Al Olaya Dist.,Khobar,26.2966784,50.1773004,Ben’s Cookies,26.303537,50.170626,Coffee Shop,8.5,0.9948610606269506,Coffee Shop
11436,Al Olaya Dist.,Khobar,26.2966784,50.1773004,Abu Saif Tea,26.29994,50.193362,Tea Room,9.1,0.9885689933945828,Coffee Shop
11437,Al Olaya Dist.,Khobar,26.2966784,50.1773004,Starbucks (ستاربكس),26.299397,50.188723,Coffee Shop,8.5,0.9693543737387664,Coffee Shop
11438,Al Olaya Dist.,Khobar,26.2966784,50.1773004,Lily (ليلي),26.306108,50.1722,Coffee Shop,8.5,0.995337352568843,Coffee Shop
11439,Al Olaya Dist.,Khobar,26.2966784,50.1773004,Club Lounge,26.286307,50.187673,Tea Room,8.8,0.9833423160322374,Coffee Shop
11440,Al Olaya Dist.,Khobar,26.2966784,50.1773004,شاي عطرة,26.29863,50.180933,Tea Room,7.9,0.9779150946943584,Coffee Shop
11441,Al Olaya Dist.,Khobar,26.2966784,50.1773004,ATYPICAL (اتيبكل),26.30599,50.190239,Coffee Shop,9.0,0.9997743880275246,Coffee Shop
11442,Al Olaya Dist.,Khobar,26.2966784,50.1773004,La Pazzia (لا بازيا),26.306224,50.18003,Coffee Shop,8.3,0.9729140293044884,Coffee Shop
11443,Al Olaya Dist.,Khobar,26.2966784,50.1773004,DE FLORÉ (دي فلور),26.305748,50.183144,Coffee Shop,8.4,0.9898349272401388,Coffee Shop
11444,Al Olaya Dist.,Khobar,26.2966784,50.1773004,Marks & Spencer Coffee (ماركس & سبنسر كافيه),26.307846,50.17381,Coffee Shop,8.3,0.9929809608563228,Coffee Shop
11445,Al Olaya Dist.,Khobar,26.2966784,50.1773004,Tea Time (وقت الشاي),26.299792,50.198477,Tea Room,9.2,0.996853966383816,Coffee Shop
11446,Al Olaya Dist.,Khobar,26.2966784,50.1773004,Tulum (تولوم),26.308906,50.169742,Coffee Shop,8.5,0.9908627151147488,Coffee Shop
11447,Al Olaya Dist.,Khobar,26.2966784,50.1773004,Sword (سورد),26.306253,50.183136,Coffee Shop,8.2,0.9733151172555556,Coffee Shop
11448,Al Olaya Dist.,Khobar,26.2966784,50.1773004,Shatea Teashop (الشاطئ شاي بخار),26.30082,50.197794,Tea Room,9.0,0.994823458631538,Coffee Shop
11449,Al Olaya Dist.,Khobar,26.2966784,50.1773004,Olden (اولدن),26.301878,50.201303,Coffee Shop,9.6,0.9994610380657534,Coffee Shop
11450,Al Olaya Dist.,Khobar,26.2966784,50.1773004,Coffee Valley (وادي القهوه),26.293647,50.172109,Coffee Shop,7.8,0.977112918792224,Coffee Shop
11451,Al Olaya Dist.,Khobar,26.2966784,50.1773004,Starbucks (ستاربكس),26.30457,50.199171,Coffee Shop,9.0,0.9852224158028652,Coffee Shop
11452,Al Olaya Dist.,Khobar,26.2966784,50.1773004,Aged Coffee House,26.299294,50.202342,Coffee Shop,9.1,0.9773761327601118,Coffee Shop
11453,Al Olaya Dist.,Khobar,26.2966784,50.1773004,Caribou Coffee (كاريبو),26.303928,50.202763,"Cafe, Coffee, and Tea House",9.1,0.9834300540215334,Coffee Shop
11454,Al Olaya Dist.,Khobar,26.2966784,50.1773004,RASMAT SHAI (رسمة شاي),26.302376,50.197158,Tea Room,8.5,0.99338204880739,Coffee Shop
11455,Al Olaya Dist.,Khobar,26.2966784,50.1773004,Blue Sky,26.285347,50.194241,Coffee Shop,8.4,0.9851973478059236,Coffee Shop
11456,Al Olaya Dist.,Khobar,26.2966784,50.1773004,Golden Karak (كرك الذهبي),26.299223,50.198449,Tea Room,8.4,0.981261672286076,Coffee Shop
11457,Al Olaya Dist.,Khobar,26.2966784,50.1773004,La Panetière,26.318069,50.194271,Coffee Shop,9.0,0.999147688103982,Coffee Shop
11458,Al Olaya Dist.,Khobar,26.2966784,50.1773004,Unleash Coffee,26.281435,50.20057,Coffee Shop,8.8,0.9731897772708472,Coffee Shop
11459,Al Olaya Dist.,Khobar,26.2966784,50.1773004,Barn's (بارن كافيه),26.322756,50.179696,Coffee Shop,8.8,0.9936076607798654,Coffee Shop
11460,Al Olaya Dist.,Khobar,26.2966784,50.1773004,CASSIA (كاسيا),26.282297,50.199468,Coffee Shop,8.3,0.9260243410250304,Coffee Shop
11461,Al Olaya Dist.,Khobar,26.2966784,50.1773004,OLABS (اولابز),26.303277,50.206322,Coffee Shop,8.4,0.9851848138074528,Coffee Shop
11462,Al Olaya Dist.,Khobar,26.2966784,50.1773004,Karak Wa Shapaty (كرك و چباتي),26.277899,50.183447,Import and Export Service,7.9,0.9645663863229008,Coffee Shop
11463,Al Olaya Dist.,Khobar,26.2966784,50.1773004,Krispy Kreme (كرسبي كريم),26.309626,50.171926,Café,7.6,0.9784039206347216,Coffee Shop
11464,Al Olaya Dist.,Khobar,26.2966784,50.1773004,مقهى قدوع,26.284312,50.18926,Café,7.6,0.968878081796874,Coffee Shop
11465,Al Olaya Dist.,Khobar,26.2966784,50.1773004,Le Café,26.292721,50.180913,Café,8.5,0.9629996365140444,Coffee Shop
11466,Al Iskan Dist.,Khobar,26.2565984,50.2077444,Coffee Valley (وادي القهوة),26.250352,50.202656,Coffee Shop,8.5,0.9833924520261208,Coffee Shop
11467,Al Iskan Dist.,Khobar,26.2565984,50.2077444,Starbucks (ستاربكس),26.268738,50.216005,Coffee Shop,9.1,0.9853352217891028,Coffee Shop
11468,Al Iskan Dist.,Khobar,26.2565984,50.2077444,Cesario Coffee,26.255965,50.220532,Coffee Shop,8.6,0.9915896870260582,Coffee Shop
11469,Al Iskan Dist.,Khobar,26.2565984,50.2077444,Barn's (بارن كافيه),26.266281,50.203846,Coffee Shop,8.4,0.9807979143426544,Coffee Shop
11470,Al Iskan Dist.,Khobar,26.2565984,50.2077444,Espresso Station (اسبريسو ستيشن),26.241778,50.214466,Coffee Shop,8.7,0.9679129639146185,Coffee Shop
11471,Al Iskan Dist.,Khobar,26.2565984,50.2077444,Vicoli Boutique (ڤيكولي بوتيك),26.272916,50.216325,Café,8.8,0.9573342692052192,Coffee Shop
11472,Al Iskan Dist.,Khobar,26.2565984,50.2077444,ستاربكس,26.266237,50.213014,Coffee Shop,8.1,0.993645262775278,Coffee Shop
11473,Al Iskan Dist.,Khobar,26.2565984,50.2077444,Shathrat Cafe (شذرات كافيه),26.275161,50.218922,Café,8.9,0.9707957835629144,Coffee Shop
11474,Al Iskan Dist.,Khobar,26.2565984,50.2077444,Sea Rock (صخر البحر),26.261907,50.219034,Café,8.0,0.9377812315906896,Coffee Shop
11475,Al Iskan Dist.,Khobar,26.2565984,50.2077444,Tea time,26.277549,50.211453,Coffee Shop,8.5,0.975671508968076,Coffee Shop
11476,Al Iskan Dist.,Khobar,26.2565984,50.2077444,Unleash Coffee,26.281435,50.20057,Coffee Shop,8.8,0.9731897772708472,Coffee Shop
11477,Al Iskan Dist.,Khobar,26.2565984,50.2077444,Caffè Nero,26.274295,50.200446,Coffee Shop,8.2,0.9851096098166277,Coffee Shop
11478,Al Iskan Dist.,Khobar,26.2565984,50.2077444,Cafe De Paris,26.278431,50.218478,Restaurant,8.4,0.9841570259328428,Coffee Shop
11479,Al Iskan Dist.,Khobar,26.2565984,50.2077444,ستاربكس,26.272397,50.206836,Coffee Shop,7.9,0.8853765839840567,Coffee Shop
11480,Al Iskan Dist.,Khobar,26.2565984,50.2077444,CASSIA (كاسيا),26.282297,50.199468,Coffee Shop,8.3,0.9260243410250304,Coffee Shop
11481,Al Iskan Dist.,Khobar,26.2565984,50.2077444,SunRoom Cafe and Restaurant,26.271953,50.221238,Café,7.6,0.9772382587769324,Coffee Shop
11482,Al Iskan Dist.,Khobar,26.2565984,50.2077444,Aioli Lounge (أيولي لاونج),26.273304,50.220884,Coffee Shop,7.5,0.8892871915069627,Coffee Shop
11483,Al Iskan Dist.,Khobar,26.2565984,50.2077444,شاي فتلة,26.279664,50.218698,Tea Room,7.6,0.897396688517604,Coffee Shop
11484,Al Iskan Dist.,Khobar,26.2565984,50.2077444,Derby Coffee (ديربي كافيه),26.273334,50.22005,Coffee Shop,6.8,0.908338869182658,Coffee Shop
11485,Al Iskan Dist.,Khobar,26.2565984,50.2077444,حلويات طرابلس,26.281863,50.210262,Café,6.8,0.9209355376458644,Coffee Shop
11486,Al Iskan Dist.,Khobar,26.2565984,50.2077444,كافيه ذكريات,26.254626,50.209183,Café,,0.2496772495393755,Coffee Shop
11487,Al Iskan Dist.,Khobar,26.2565984,50.2077444,Darts Cafe (دارتس كافيه),26.255207,50.203506,Coffee Shop,,0.9558677913841296,Coffee Shop
11488,Al Iskan Dist.,Khobar,26.2565984,50.2077444,Art,26.254266,50.212366,Café,,0.2053068949525588,Coffee Shop
11489,Al Iskan Dist.,Khobar,26.2565984,50.2077444,Blue Sky,26.254914,50.214438,Coffee Shop,,0.9633129864758156,Coffee Shop
11490,Al Iskan Dist.,Khobar,26.2565984,50.2077444,بيت الكيف للقهوة,26.265413,50.209797,Coffee Shop,,0.8826692403143527,Coffee Shop
11491,Al Iskan Dist.,Khobar,26.2565984,50.2077444,ديوانية المشراق,26.265613,50.210393,Café,,0.9581239111088828,Coffee Shop
11492,Al Iskan Dist.,Khobar,26.2565984,50.2077444,الشبة,26.26673,50.19417,Café,,0.8833962122256621,Coffee Shop
11493,Al Iskan Dist.,Khobar,26.2565984,50.2077444,Density,26.274618,50.205582,Coffee Shop,,0.4772946617700512,Coffee Shop
11494,Al Iskan Dist.,Khobar,26.2565984,50.2077444,ديوانية وقت القهوة,26.271939,50.195694,Café,,0.3334795633154933,Coffee Shop
11495,Al Iskan Dist.,Khobar,26.2565984,50.2077444,قهوة الشيوخ,26.270306,50.192228,Café,,0.475276688016244,Coffee Shop
11496,Al Iskan Dist.,Khobar,26.2565984,50.2077444,Deawaniyat Gdoe (ديوانية قدوع),26.269075,50.19019,Coffee Shop,,0.3944574658761892,Coffee Shop
11497,Al Iskan Dist.,Khobar,26.2565984,50.2077444,Dr. Cafe,26.275465,50.216483,Café,,0.913603148540416,Coffee Shop
11498,Al Iskan Dist.,Khobar,26.2565984,50.2077444,Al Amwaj Suites,26.277092,50.21523,Café,,0.9598536028978604,Coffee Shop
11499,Al Iskan Dist.,Khobar,26.2565984,50.2077444,Noor Cafe,26.277766,50.213402,Café,,0.8933983430054021,Coffee Shop
11500,Al Iskan Dist.,Khobar,26.2565984,50.2077444,Woods,26.278907,50.209022,Café,,0.8729804594963839,Coffee Shop
11501,Al Iskan Dist.,Khobar,26.2565984,50.2077444,دربي كافيه,26.278119,50.200092,Coffee Shop,,0.9198450797789004,Coffee Shop
11502,Al Iskan Dist.,Khobar,26.2565984,50.2077444,كرك وجباتي,26.27835,50.200798,Coffee Shop,,0.9458029906120352,Coffee Shop
11503,Al Iskan Dist.,Khobar,26.2565984,50.2077444,Derby Coffee International,26.279088,50.201313,Coffee Shop,,0.0085105849617086,Coffee Shop
11504,Al Iskan Dist.,Khobar,26.2565984,50.2077444,الشرقية,26.280075,50.208813,Café,,0.0897684970482433,Coffee Shop
11505,Al Iskan Dist.,Khobar,26.2565984,50.2077444,Three Seeds,26.280188,50.208415,Coffee Shop,,0.0430417507489064,Coffee Shop
11506,Al Iskan Dist.,Khobar,26.2565984,50.2077444,Coffeekov,26.28021,50.208292,Coffee Shop,,0.9809232543273628,Coffee Shop
11507,Al Iskan Dist.,Khobar,26.2565984,50.2077444,Cafe 88,26.28065,50.210521,Café,,0.9850093378288608,Coffee Shop
11508,Al Iskan Dist.,Khobar,26.2565984,50.2077444,Joffre's,26.281016,50.207829,Coffee Shop,,0.9807853803441836,Coffee Shop
11509,Al Iskan Dist.,Khobar,26.2565984,50.2077444,Modka Caffe (مقهى مودكا),26.28154,50.209934,Café,,0.6139904490931652,Coffee Shop
11510,Al Iskan Dist.,Khobar,26.2565984,50.2077444,Coffee Sol,26.281965,50.205338,Coffee Shop,,0.737726081997418,Coffee Shop
11511,Al Iskan Dist.,Khobar,26.2565984,50.2077444,ع كافيه,26.282186,50.210826,Café,,0.9054936515297746,Coffee Shop
11512,Al Iskan Dist.,Khobar,26.2565984,50.2077444,Caffé bene (كافيه بيني),26.28193,50.201688,Café,,0.9244826592131156,Coffee Shop
11513,Al Iskan Dist.,Khobar,26.2565984,50.2077444,Scratch Winter Nights,26.282426,50.205571,Coffee Shop,,0.3470162816640136,Coffee Shop
11514,Al Iskan Dist.,Khobar,26.2565984,50.2077444,Scratch Karak & Bread,26.282764,50.205364,Café,,0.8809520825238459,Coffee Shop
11515,Al Iskan Dist.,Khobar,26.2565984,50.2077444,Hawaya Cafe,26.282832,50.211011,Café,,0.9382575235325822,Coffee Shop
11516,Al Hamra Dist.,Khobar,26.2266489,50.2034906,Buna (بُنة),26.220496,50.212667,Coffee Shop,9.2,0.9976436082874798,Coffee Shop
11517,Al Hamra Dist.,Khobar,26.2266489,50.2034906,Starbucks (ستاربكس),26.220389,50.212872,Coffee Shop,9.3,0.9939962147324618,Coffee Shop
11518,Al Hamra Dist.,Khobar,26.2266489,50.2034906,كيان,26.22556,50.213289,Coffee Shop,8.6,0.9872654575536142,Coffee Shop
11519,Al Hamra Dist.,Khobar,26.2266489,50.2034906,The Sky Cafè,26.217394,50.21289,Coffee Shop,9.0,0.965995262148578,Coffee Shop
11520,Al Hamra Dist.,Khobar,26.2266489,50.2034906,Al Seef Cafe (السيف كافيه),26.222482,50.219322,Café,9.4,0.994322098692704,Coffee Shop
11521,Al Hamra Dist.,Khobar,26.2266489,50.2034906,Handel (مقبض),26.216266,50.193329,Coffee Shop,8.5,0.9836807339909504,Coffee Shop
11522,Al Hamra Dist.,Khobar,26.2266489,50.2034906,Boston’s Cafe (بوسطن كافيه),26.211082,50.212599,Coffee Shop,8.8,0.9260744770189138,Coffee Shop
11523,Al Hamra Dist.,Khobar,26.2266489,50.2034906,ستاربكس,26.209074,50.195728,Coffee Shop,8.9,0.9980822982339596,Coffee Shop
11524,Al Hamra Dist.,Khobar,26.2266489,50.2034906,Tim Hortons,26.231281,50.194123,Coffee Shop,8.1,0.9975809382951256,Coffee Shop
11525,Al Hamra Dist.,Khobar,26.2266489,50.2034906,The Coffeze (مقهى القهوات),26.208865,50.208698,Coffee Shop,8.8,0.9910381910933408,Coffee Shop
11526,Al Hamra Dist.,Khobar,26.2266489,50.2034906,Espresso Station (اسبريسو ستيشن),26.241778,50.214466,Coffee Shop,8.7,0.9679129639146185,Coffee Shop
11527,Al Hamra Dist.,Khobar,26.2266489,50.2034906,Starbucks (ستاربكس),26.205635,50.19663,Coffee Shop,9.2,0.9931564368349148,Coffee Shop
11528,Al Hamra Dist.,Khobar,26.2266489,50.2034906,Worthy Coffee,26.211083,50.212834,Coffee Shop,8.7,0.9747189250842913,Coffee Shop
11529,Al Hamra Dist.,Khobar,26.2266489,50.2034906,Compass Cafe (بوصلة القهوة),26.208436,50.190999,Coffee Shop,8.7,0.9602922928443404,Coffee Shop
11530,Al Hamra Dist.,Khobar,26.2266489,50.2034906,UMQ Coffee (قهوة عُمق),26.201283,50.198941,Coffee Shop,9.2,0.9997242520336412,Coffee Shop
11531,Al Hamra Dist.,Khobar,26.2266489,50.2034906,3nb W Teen (عنب و تين),26.222911,50.215749,Café,8.0,0.965055212263264,Coffee Shop
11532,Al Hamra Dist.,Khobar,26.2266489,50.2034906,الموفنبيك العزيزيه,26.218395,50.185732,Café,8.4,0.9875913415138564,Coffee Shop
11533,Al Hamra Dist.,Khobar,26.2266489,50.2034906,Whole Bean (هول بين),26.208876,50.187166,Coffee Shop,8.8,0.994735720642242,Coffee Shop
11534,Al Hamra Dist.,Khobar,26.2266489,50.2034906,Starbucks (ستاربكس),26.201824,50.19527,Coffee Shop,8.9,0.8868555958036173,Coffee Shop
11535,Al Hamra Dist.,Khobar,26.2266489,50.2034906,Dose Coffee Roasters (محمصة و مقهى دوز),26.202823,50.195657,Coffee Shop,8.7,0.9839564819573092,Coffee Shop
11536,Al Hamra Dist.,Khobar,26.2266489,50.2034906,Tea Leaves (ورق الشاي),26.201635,50.201512,Café,8.7,0.9490242282190442,Coffee Shop
11537,Al Hamra Dist.,Khobar,26.2266489,50.2034906,ديوانية مشار,26.210951,50.197949,Café,8.1,0.9679254979130892,Coffee Shop
11538,Al Hamra Dist.,Khobar,26.2266489,50.2034906,Coffee Valley (وادي القهوة),26.250352,50.202656,Coffee Shop,8.5,0.9833924520261208,Coffee Shop
11539,Al Hamra Dist.,Khobar,26.2266489,50.2034906,Almssa'a Steam Tea (المَساء لشايّ البُخار),26.204044,50.209137,Tea Room,8.4,0.9875412055199728,Coffee Shop
11540,Al Hamra Dist.,Khobar,26.2266489,50.2034906,KYAN (كيان),26.203972,50.196309,Coffee Shop,8.4,0.8953912487622676,Coffee Shop
11541,Al Hamra Dist.,Khobar,26.2266489,50.2034906,ديوانية المتكى الشعبي,26.2045,50.197517,Café,8.1,0.9819635762004436,Coffee Shop
11542,Al Hamra Dist.,Khobar,26.2266489,50.2034906,Moroccan Taste (المذاق المغربي),26.203164,50.197101,Tea Room,8.2,0.9892834313074214,Coffee Shop
11543,Al Hamra Dist.,Khobar,26.2266489,50.2034906,مقادير,26.220527,50.212721,Coffee Shop,7.4,0.2794580299061203,Coffee Shop
11544,Al Hamra Dist.,Khobar,26.2266489,50.2034906,LEAVES (ليڤز),26.216535,50.192866,Coffee Shop,7.5,0.898750360352456,Coffee Shop
11545,Al Hamra Dist.,Khobar,26.2266489,50.2034906,PAUSE (بوز),26.219945,50.212449,Coffee Shop,7.3,0.9874158655352644,Coffee Shop
11546,Al Hamra Dist.,Khobar,26.2266489,50.2034906,شعبيات بوعادل,26.201551,50.205898,Café,7.8,0.8745722773021821,Coffee Shop
11547,Al Hamra Dist.,Khobar,26.2266489,50.2034906,63 Coffee,26.206177,50.208401,Coffee Shop,7.6,0.906985197347806,Coffee Shop
11548,Al Hamra Dist.,Khobar,26.2266489,50.2034906,24 Cafe,26.21698,50.184451,Coffee Shop,7.6,0.9862126016820626,Coffee Shop
11549,Al Hamra Dist.,Khobar,26.2266489,50.2034906,Road café (قهوة الطريق),26.216464,50.18848,Coffee Shop,7.4,0.8773548249627113,Coffee Shop
11550,Al Hamra Dist.,Khobar,26.2266489,50.2034906,Derby Cafe (مقهى دربي),26.22408,50.196451,Coffee Shop,7.0,0.9638394144115916,Coffee Shop
11551,Al Hamra Dist.,Khobar,26.2266489,50.2034906,Bon cafe,26.215957,50.179174,Café,7.5,0.937283174144368,Coffee Shop
11552,Al Hamra Dist.,Khobar,26.2266489,50.2034906,مقهى الصحراء,26.217504,50.17682,Hookah Bar,7.4,0.9990312128963612,Coffee Shop
11553,Al Hamra Dist.,Khobar,26.2266489,50.2034906,Le Paumé Café,26.217517,50.212858,Café,6.9,0.0674329117731847,Coffee Shop
11554,Al Hamra Dist.,Khobar,26.2266489,50.2034906,Gacela Café (جاسيلا كافيه),26.216299,50.193428,Coffee Shop,6.4,0.9491495682037526,Coffee Shop
11555,Al Hamra Dist.,Khobar,26.2266489,50.2034906,//maps.app.goo.gl/gjsuy2dvwhrx9quv8?g_st=ic (eastern mood cafe استرن مود كافيه 059 000 1215 https),26.22511,50.197357,Café,,0.6951480891919332,Coffee Shop
11556,Al Hamra Dist.,Khobar,26.2266489,50.2034906,Flat White (فلات وايت),26.22408,50.196317,Coffee Shop,,0.0517152776907361,Coffee Shop
11557,Al Hamra Dist.,Khobar,26.2266489,50.2034906,Road Cafe,26.23006,50.19547,Coffee Shop,,0.9339458280586088,Coffee Shop
11558,Al Hamra Dist.,Khobar,26.2266489,50.2034906,Road Café (قهوة الطريق),26.21837,50.208501,Coffee Shop,,0.9835177920108292,Coffee Shop
11559,Al Hamra Dist.,Khobar,26.2266489,50.2034906,ديوانية زمان البركة,26.217195,50.203506,Coffee Shop,,0.939786671346026,Coffee Shop
11560,Al Hamra Dist.,Khobar,26.2266489,50.2034906,Moroccan Taste (المذاق المغربي),26.231637,50.194252,Coffee Shop,,0.3313613175739192,Coffee Shop
11561,Al Hamra Dist.,Khobar,26.2266489,50.2034906,Moroccan Taste,26.231445,50.194065,Tea Room,,0.6514295025256007,Coffee Shop
11562,Al Hamra Dist.,Khobar,26.2266489,50.2034906,Barn’s (بارنز),26.231466,50.194055,Coffee Shop,,0.9788676785781432,Coffee Shop
11563,Al Hamra Dist.,Khobar,26.2266489,50.2034906,Mq Cafe,26.220757,50.212734,Café,,0.0473785142198212,Coffee Shop
11564,Al Hamra Dist.,Khobar,26.2266489,50.2034906,Aziz Bar,26.220498,50.212856,Restaurant,,0.4728450923128987,Coffee Shop
11565,Al Hamra Dist.,Khobar,26.2266489,50.2034906,Coffee Vally,26.215078,50.207103,Coffee Shop,,0.9935449907875112,Coffee Shop
11566,Al Jisr Dist.,Khobar,26.2095091,50.2043539,The Coffeze (مقهى القهوات),26.208865,50.208698,Coffee Shop,8.8,0.9910381910933408,Coffee Shop
11567,Al Jisr Dist.,Khobar,26.2095091,50.2043539,Starbucks (ستاربكس),26.205635,50.19663,Coffee Shop,9.2,0.9931564368349148,Coffee Shop
11568,Al Jisr Dist.,Khobar,26.2095091,50.2043539,ستاربكس,26.209074,50.195728,Coffee Shop,8.9,0.9980822982339596,Coffee Shop
11569,Al Jisr Dist.,Khobar,26.2095091,50.2043539,UMQ Coffee (قهوة عُمق),26.201283,50.198941,Coffee Shop,9.2,0.9997242520336412,Coffee Shop
11570,Al Jisr Dist.,Khobar,26.2095091,50.2043539,Boston’s Cafe (بوسطن كافيه),26.211082,50.212599,Coffee Shop,8.8,0.9260744770189138,Coffee Shop
11571,Al Jisr Dist.,Khobar,26.2095091,50.2043539,Worthy Coffee,26.211083,50.212834,Coffee Shop,8.7,0.9747189250842913,Coffee Shop
11572,Al Jisr Dist.,Khobar,26.2095091,50.2043539,Tea Leaves (ورق الشاي),26.201635,50.201512,Café,8.7,0.9490242282190442,Coffee Shop
11573,Al Jisr Dist.,Khobar,26.2095091,50.2043539,The Sky Cafè,26.217394,50.21289,Coffee Shop,9.0,0.965995262148578,Coffee Shop
11574,Al Jisr Dist.,Khobar,26.2095091,50.2043539,Almssa'a Steam Tea (المَساء لشايّ البُخار),26.204044,50.209137,Tea Room,8.4,0.9875412055199728,Coffee Shop
11575,Al Jisr Dist.,Khobar,26.2095091,50.2043539,Dose Coffee Roasters (محمصة و مقهى دوز),26.202823,50.195657,Coffee Shop,8.7,0.9839564819573092,Coffee Shop
11576,Al Jisr Dist.,Khobar,26.2095091,50.2043539,Starbucks (ستاربكس),26.201824,50.19527,Coffee Shop,8.9,0.8868555958036173,Coffee Shop
11577,Al Jisr Dist.,Khobar,26.2095091,50.2043539,Starbucks (ستاربكس),26.220389,50.212872,Coffee Shop,9.3,0.9939962147324618,Coffee Shop
11578,Al Jisr Dist.,Khobar,26.2095091,50.2043539,Buna (بُنة),26.220496,50.212667,Coffee Shop,9.2,0.9976436082874798,Coffee Shop
11579,Al Jisr Dist.,Khobar,26.2095091,50.2043539,KYAN (كيان),26.203972,50.196309,Coffee Shop,8.4,0.8953912487622676,Coffee Shop
11580,Al Jisr Dist.,Khobar,26.2095091,50.2043539,Compass Cafe (بوصلة القهوة),26.208436,50.190999,Coffee Shop,8.7,0.9602922928443404,Coffee Shop
11581,Al Jisr Dist.,Khobar,26.2095091,50.2043539,ديوانية مشار,26.210951,50.197949,Café,8.1,0.9679254979130892,Coffee Shop
11582,Al Jisr Dist.,Khobar,26.2095091,50.2043539,Handel (مقبض),26.216266,50.193329,Coffee Shop,8.5,0.9836807339909504,Coffee Shop
11583,Al Jisr Dist.,Khobar,26.2095091,50.2043539,ديوانية المتكى الشعبي,26.2045,50.197517,Café,8.1,0.9819635762004436,Coffee Shop
11584,Al Jisr Dist.,Khobar,26.2095091,50.2043539,Moroccan Taste (المذاق المغربي),26.203164,50.197101,Tea Room,8.2,0.9892834313074214,Coffee Shop
11585,Al Jisr Dist.,Khobar,26.2095091,50.2043539,Whole Bean (هول بين),26.208876,50.187166,Coffee Shop,8.8,0.994735720642242,Coffee Shop
11586,Al Jisr Dist.,Khobar,26.2095091,50.2043539,Al Seef Cafe (السيف كافيه),26.222482,50.219322,Café,9.4,0.994322098692704,Coffee Shop
11587,Al Jisr Dist.,Khobar,26.2095091,50.2043539,ALDEERAH COFFEE (ديوانية الديرة),26.196845,50.193274,Café,8.8,0.990160811200381,Coffee Shop
11588,Al Jisr Dist.,Khobar,26.2095091,50.2043539,Tea Time (وقت الشاي),26.193107,50.189713,Tea Room,9.0,0.9952245465826052,Coffee Shop
11589,Al Jisr Dist.,Khobar,26.2095091,50.2043539,كيان,26.22556,50.213289,Coffee Shop,8.6,0.9872654575536142,Coffee Shop
11590,Al Jisr Dist.,Khobar,26.2095091,50.2043539,63 Coffee,26.206177,50.208401,Coffee Shop,7.6,0.906985197347806,Coffee Shop
11591,Al Jisr Dist.,Khobar,26.2095091,50.2043539,Bakerista (بيكريستا),26.192277,50.189341,Coffee Shop,8.6,0.611383377411228,Coffee Shop
11592,Al Jisr Dist.,Khobar,26.2095091,50.2043539,الموفنبيك العزيزيه,26.218395,50.185732,Café,8.4,0.9875913415138564,Coffee Shop
11593,Al Jisr Dist.,Khobar,26.2095091,50.2043539,ديوانية اللقاء,26.189311,50.188527,Café,8.4,0.938871689457654,Coffee Shop
11594,Al Jisr Dist.,Khobar,26.2095091,50.2043539,3nb W Teen (عنب و تين),26.222911,50.215749,Café,8.0,0.965055212263264,Coffee Shop
11595,Al Jisr Dist.,Khobar,26.2095091,50.2043539,La Prep (لا بريب),26.187943,50.187529,Coffee Shop,8.5,0.9608813907724704,Coffee Shop
11596,Al Jisr Dist.,Khobar,26.2095091,50.2043539,Blue Sky,26.191371,50.189756,Coffee Shop,8.1,0.9796698544802778,Coffee Shop
11597,Al Jisr Dist.,Khobar,26.2095091,50.2043539,Tim Hortons,26.231281,50.194123,Coffee Shop,8.1,0.9975809382951256,Coffee Shop
11598,Al Jisr Dist.,Khobar,26.2095091,50.2043539,LEAVES (ليڤز),26.216535,50.192866,Coffee Shop,7.5,0.898750360352456,Coffee Shop
11599,Al Jisr Dist.,Khobar,26.2095091,50.2043539,Pastel (باستيل),26.191002,50.189381,Coffee Shop,7.9,0.9541757015905644,Coffee Shop
11600,Al Jisr Dist.,Khobar,26.2095091,50.2043539,Maa Ward,26.196442,50.19833,Café,7.5,0.8606595389995363,Coffee Shop
11601,Al Jisr Dist.,Khobar,26.2095091,50.2043539,مقادير,26.220527,50.212721,Coffee Shop,7.4,0.2794580299061203,Coffee Shop
11602,Al Jisr Dist.,Khobar,26.2095091,50.2043539,24 Cafe,26.21698,50.184451,Coffee Shop,7.6,0.9862126016820626,Coffee Shop
11603,Al Jisr Dist.,Khobar,26.2095091,50.2043539,اوتار,26.20067,50.212144,Coffee Shop,7.3,0.945815524610506,Coffee Shop
11604,Al Jisr Dist.,Khobar,26.2095091,50.2043539,PAUSE (بوز),26.219945,50.212449,Coffee Shop,7.3,0.9874158655352644,Coffee Shop
11605,Al Jisr Dist.,Khobar,26.2095091,50.2043539,Road café (قهوة الطريق),26.216464,50.18848,Coffee Shop,7.4,0.8773548249627113,Coffee Shop
11606,Al Jisr Dist.,Khobar,26.2095091,50.2043539,Bon cafe,26.215957,50.179174,Café,7.5,0.937283174144368,Coffee Shop
11607,Al Jisr Dist.,Khobar,26.2095091,50.2043539,AWTAR (أوتار),26.200563,50.212349,Hookah Bar,7.0,0.8708246117593974,Coffee Shop
11608,Al Jisr Dist.,Khobar,26.2095091,50.2043539,Le Paumé Café,26.217517,50.212858,Café,6.9,0.0674329117731847,Coffee Shop
11609,Al Jisr Dist.,Khobar,26.2095091,50.2043539,مقهى الصحراء,26.217504,50.17682,Hookah Bar,7.4,0.9990312128963612,Coffee Shop
11610,Al Jisr Dist.,Khobar,26.2095091,50.2043539,Derby Cafe (مقهى دربي),26.22408,50.196451,Coffee Shop,7.0,0.9638394144115916,Coffee Shop
11611,Al Jisr Dist.,Khobar,26.2095091,50.2043539,Gacela Café (جاسيلا كافيه),26.216299,50.193428,Coffee Shop,6.4,0.9491495682037526,Coffee Shop
11612,Al Jisr Dist.,Khobar,26.2095091,50.2043539,دكان وافل,26.210136,50.203625,Café,,0.9566448992893224,Coffee Shop
11613,Al Jisr Dist.,Khobar,26.2095091,50.2043539,زاوية شاي بخار,26.213557,50.202575,Tea Room,,0.8661368963312986,Coffee Shop
11614,Al Jisr Dist.,Khobar,26.2095091,50.2043539,شاهي جمر,26.206398,50.2085,Tea Room,,0.9737412732035646,Coffee Shop
11615,Al Jisr Dist.,Khobar,26.2095091,50.2043539,ورقة ربيع,26.213501,50.207837,Coffee Shop,,0.7362094681824449,Coffee Shop
11616,Al Khuzama Dist.,Khobar,26.2087133,50.1889674,Whole Bean (هول بين),26.208876,50.187166,Coffee Shop,8.8,0.994735720642242,Coffee Shop
11617,Al Khuzama Dist.,Khobar,26.2087133,50.1889674,Compass Cafe (بوصلة القهوة),26.208436,50.190999,Coffee Shop,8.7,0.9602922928443404,Coffee Shop
11618,Al Khuzama Dist.,Khobar,26.2087133,50.1889674,ستاربكس,26.209074,50.195728,Coffee Shop,8.9,0.9980822982339596,Coffee Shop
11619,Al Khuzama Dist.,Khobar,26.2087133,50.1889674,Starbucks (ستاربكس),26.205635,50.19663,Coffee Shop,9.2,0.9931564368349148,Coffee Shop
11620,Al Khuzama Dist.,Khobar,26.2087133,50.1889674,Starbucks (ستاربكس),26.201824,50.19527,Coffee Shop,8.9,0.8868555958036173,Coffee Shop
11621,Al Khuzama Dist.,Khobar,26.2087133,50.1889674,Dose Coffee Roasters (محمصة و مقهى دوز),26.202823,50.195657,Coffee Shop,8.7,0.9839564819573092,Coffee Shop
11622,Al Khuzama Dist.,Khobar,26.2087133,50.1889674,UMQ Coffee (قهوة عُمق),26.201283,50.198941,Coffee Shop,9.2,0.9997242520336412,Coffee Shop
11623,Al Khuzama Dist.,Khobar,26.2087133,50.1889674,Handel (مقبض),26.216266,50.193329,Coffee Shop,8.5,0.9836807339909504,Coffee Shop
11624,Al Khuzama Dist.,Khobar,26.2087133,50.1889674,ALDEERAH COFFEE (ديوانية الديرة),26.196845,50.193274,Café,8.8,0.990160811200381,Coffee Shop
11625,Al Khuzama Dist.,Khobar,26.2087133,50.1889674,Tea Leaves (ورق الشاي),26.201635,50.201512,Café,8.7,0.9490242282190442,Coffee Shop
11626,Al Khuzama Dist.,Khobar,26.2087133,50.1889674,الموفنبيك العزيزيه,26.218395,50.185732,Café,8.4,0.9875913415138564,Coffee Shop
11627,Al Khuzama Dist.,Khobar,26.2087133,50.1889674,Tea Time (وقت الشاي),26.193107,50.189713,Tea Room,9.0,0.9952245465826052,Coffee Shop
11628,Al Khuzama Dist.,Khobar,26.2087133,50.1889674,Moroccan Taste (المذاق المغربي),26.203164,50.197101,Tea Room,8.2,0.9892834313074214,Coffee Shop
11629,Al Khuzama Dist.,Khobar,26.2087133,50.1889674,ديوانية المتكى الشعبي,26.2045,50.197517,Café,8.1,0.9819635762004436,Coffee Shop
11630,Al Khuzama Dist.,Khobar,26.2087133,50.1889674,ديوانية مشار,26.210951,50.197949,Café,8.1,0.9679254979130892,Coffee Shop
11631,Al Khuzama Dist.,Khobar,26.2087133,50.1889674,The Coffeze (مقهى القهوات),26.208865,50.208698,Coffee Shop,8.8,0.9910381910933408,Coffee Shop
11632,Al Khuzama Dist.,Khobar,26.2087133,50.1889674,Bakerista (بيكريستا),26.192277,50.189341,Coffee Shop,8.6,0.611383377411228,Coffee Shop
11633,Al Khuzama Dist.,Khobar,26.2087133,50.1889674,The Sky Cafè,26.217394,50.21289,Coffee Shop,9.0,0.965995262148578,Coffee Shop
11634,Al Khuzama Dist.,Khobar,26.2087133,50.1889674,Boston’s Cafe (بوسطن كافيه),26.211082,50.212599,Coffee Shop,8.8,0.9260744770189138,Coffee Shop
11635,Al Khuzama Dist.,Khobar,26.2087133,50.1889674,Starbucks (ستاربكس),26.220389,50.212872,Coffee Shop,9.3,0.9939962147324618,Coffee Shop
11636,Al Khuzama Dist.,Khobar,26.2087133,50.1889674,Buna (بُنة),26.220496,50.212667,Coffee Shop,9.2,0.9976436082874798,Coffee Shop
11637,Al Khuzama Dist.,Khobar,26.2087133,50.1889674,Half Million (هاف مليون),26.184086,50.183927,Coffee Shop,9.2,0.9987466001529148,Coffee Shop
11638,Al Khuzama Dist.,Khobar,26.2087133,50.1889674,Almssa'a Steam Tea (المَساء لشايّ البُخار),26.204044,50.209137,Tea Room,8.4,0.9875412055199728,Coffee Shop
11639,Al Khuzama Dist.,Khobar,26.2087133,50.1889674,Worthy Coffee,26.211083,50.212834,Coffee Shop,8.7,0.9747189250842913,Coffee Shop
11640,Al Khuzama Dist.,Khobar,26.2087133,50.1889674,ديوانية اللقاء,26.189311,50.188527,Café,8.4,0.938871689457654,Coffee Shop
11641,Al Khuzama Dist.,Khobar,26.2087133,50.1889674,Al-Seef Cafe (السيف كافيه),26.183073,50.184394,Café,9.0,0.980233884411466,Coffee Shop
11642,Al Khuzama Dist.,Khobar,26.2087133,50.1889674,La Prep (لا بريب),26.187943,50.187529,Coffee Shop,8.5,0.9608813907724704,Coffee Shop
11643,Al Khuzama Dist.,Khobar,26.2087133,50.1889674,Blue Sky,26.191371,50.189756,Coffee Shop,8.1,0.9796698544802778,Coffee Shop
11644,Al Khuzama Dist.,Khobar,26.2087133,50.1889674,24 Cafe,26.21698,50.184451,Coffee Shop,7.6,0.9862126016820626,Coffee Shop
11645,Al Khuzama Dist.,Khobar,26.2087133,50.1889674,LEAVES (ليڤز),26.216535,50.192866,Coffee Shop,7.5,0.898750360352456,Coffee Shop
11646,Al Khuzama Dist.,Khobar,26.2087133,50.1889674,Pastel (باستيل),26.191002,50.189381,Coffee Shop,7.9,0.9541757015905644,Coffee Shop
11647,Al Khuzama Dist.,Khobar,26.2087133,50.1889674,3 Degrees Coffee,26.185528,50.185863,Coffee Shop,8.2,0.9148314803905594,Coffee Shop
11648,Al Khuzama Dist.,Khobar,26.2087133,50.1889674,Road café (قهوة الطريق),26.216464,50.18848,Coffee Shop,7.4,0.8773548249627113,Coffee Shop
11649,Al Khuzama Dist.,Khobar,26.2087133,50.1889674,Tim Hortons,26.231281,50.194123,Coffee Shop,8.1,0.9975809382951256,Coffee Shop
11650,Al Khuzama Dist.,Khobar,26.2087133,50.1889674,63 Coffee,26.206177,50.208401,Coffee Shop,7.6,0.906985197347806,Coffee Shop
11651,Al Khuzama Dist.,Khobar,26.2087133,50.1889674,Maa Ward,26.196442,50.19833,Café,7.5,0.8606595389995363,Coffee Shop
11652,Al Khuzama Dist.,Khobar,26.2087133,50.1889674,مقهى الصحراء,26.217504,50.17682,Hookah Bar,7.4,0.9990312128963612,Coffee Shop
11653,Al Khuzama Dist.,Khobar,26.2087133,50.1889674,مقادير,26.220527,50.212721,Coffee Shop,7.4,0.2794580299061203,Coffee Shop
11654,Al Khuzama Dist.,Khobar,26.2087133,50.1889674,اوتار,26.20067,50.212144,Coffee Shop,7.3,0.945815524610506,Coffee Shop
11655,Al Khuzama Dist.,Khobar,26.2087133,50.1889674,PAUSE (بوز),26.219945,50.212449,Coffee Shop,7.3,0.9874158655352644,Coffee Shop
11656,Al Khuzama Dist.,Khobar,26.2087133,50.1889674,Derby Cafe (مقهى دربي),26.22408,50.196451,Coffee Shop,7.0,0.9638394144115916,Coffee Shop
11657,Al Khuzama Dist.,Khobar,26.2087133,50.1889674,AWTAR (أوتار),26.200563,50.212349,Hookah Bar,7.0,0.8708246117593974,Coffee Shop
11658,Al Khuzama Dist.,Khobar,26.2087133,50.1889674,Le Paumé Café,26.217517,50.212858,Café,6.9,0.0674329117731847,Coffee Shop
11659,Al Khuzama Dist.,Khobar,26.2087133,50.1889674,Gacela Café (جاسيلا كافيه),26.216299,50.193428,Coffee Shop,6.4,0.9491495682037526,Coffee Shop
11660,Al Khuzama Dist.,Khobar,26.2087133,50.1889674,مقهى البن اللذيذ,26.208187,50.189177,Coffee Shop,,0.5367559505157741,Coffee Shop
11661,Al Khuzama Dist.,Khobar,26.2087133,50.1889674,كافيه جواهر الورق,26.207957,50.189179,Café,,0.8803379165987741,Coffee Shop
11662,Al Khuzama Dist.,Khobar,26.2087133,50.1889674,Blueprint Coffee Roasters,26.211197,50.188859,Coffee Shop,,0.9648797362846722,Coffee Shop
11663,Al Khuzama Dist.,Khobar,26.2087133,50.1889674,Lavande,26.21258,50.189322,Coffee Shop,,0.955316295451412,Coffee Shop
11664,Al Khuzama Dist.,Khobar,26.2087133,50.1889674,رصه,26.216501,50.192943,Tea Room,,0.9595778549315016,Coffee Shop
11665,Al Khuzama Dist.,Khobar,26.2087133,50.1889674,Caffè Vergnano 1882,26.202654,50.195642,Coffee Shop,,0.8916686512164246,Coffee Shop
11666,Al Amwaj Dist.,Khobar,26.1447705,50.1426712,آرت سويت,26.152038,50.159797,Coffee Shop,8.3,0.972951631299901,Coffee Shop
11667,Al Amwaj Dist.,Khobar,26.1447705,50.1426712,Derby Cafe (مقهى دربي),26.156956,50.161336,Coffee Shop,7.9,0.9966784904052242,Coffee Shop
11668,Al Amwaj Dist.,Khobar,26.1447705,50.1426712,Ozone Coffee (أوزون كوفي),26.154863,50.161281,Coffee Shop,7.8,0.1460336161838988,Coffee Shop
11669,Al Amwaj Dist.,Khobar,26.1447705,50.1426712,شاي الفيشاوي - العزيزية,26.163151,50.163543,Tea Room,7.7,0.426268753995212,Coffee Shop
11670,Al Amwaj Dist.,Khobar,26.1447705,50.1426712,شاي ابو ياسر,26.14716,50.162612,Coffee Shop,7.0,0.9042026496872768,Coffee Shop
11671,Al Amwaj Dist.,Khobar,26.1447705,50.1426712,كوستا كوفي,26.145521,50.151304,Coffee Shop,6.3,0.9350112179286314,Coffee Shop
11672,Al Amwaj Dist.,Khobar,26.1447705,50.1426712,Cafe Bowl - Sara Village,26.144828,50.150601,Café,,0.0655277440056152,Coffee Shop
11673,Al Amwaj Dist.,Khobar,26.1447705,50.1426712,سمّره,26.153587,50.144548,Tea Room,,0.9954290289263166,Coffee Shop
11674,Al Amwaj Dist.,Khobar,26.1447705,50.1426712,Samrah (سمرة),26.153744,50.144731,Bubble Tea Shop,,0.9819416434795764,Coffee Shop
11675,Al Amwaj Dist.,Khobar,26.1447705,50.1426712,Sameah,26.153812,50.144651,Coffee Shop,,0.2698699143480531,Coffee Shop
11676,Al Amwaj Dist.,Khobar,26.1447705,50.1426712,شاي أم تركي,26.146945,50.162314,Tea Room,,0.7949813870122708,Coffee Shop
11677,Al Amwaj Dist.,Khobar,26.1447705,50.1426712,مهيلة اصل الكيف,26.147467,50.162531,Tea Room,,0.3435318300891167,Coffee Shop
11678,Al Amwaj Dist.,Khobar,26.1447705,50.1426712,شاي مناحي,26.14716,50.162376,Café,,0.6508153366005289,Coffee Shop
11679,Al Amwaj Dist.,Khobar,26.1447705,50.1426712,عساف كوفي,26.148711,50.162381,Bubble Tea Shop,,0.1972726019327425,Coffee Shop
11680,Al Amwaj Dist.,Khobar,26.1447705,50.1426712,القهوة المثالية,26.151289,50.161468,Café,,0.9681385758870936,Coffee Shop
11681,Al Amwaj Dist.,Khobar,26.1447705,50.1426712,شاي جمر وهيل,26.148251,50.16262,Coffee Shop,,0.5829061328854518,Coffee Shop
11682,Al Amwaj Dist.,Khobar,26.1447705,50.1426712,شاهي ابوهزاع,26.150829,50.161707,Tea Room,,0.3124349798829324,Coffee Shop
11683,Al Amwaj Dist.,Khobar,26.1447705,50.1426712,شاي أبو سند,26.147836,50.16267,Tea Room,,0.9078124412468822,Coffee Shop
11684,Al Amwaj Dist.,Khobar,26.1447705,50.1426712,شاي بحر,26.149484,50.16247,Tea Room,,0.3436571700738252,Coffee Shop
11685,Al Amwaj Dist.,Khobar,26.1447705,50.1426712,Twins Mood,26.152127,50.16279,Tea Room,,0.2451900780868104,Coffee Shop
11686,Al Amwaj Dist.,Khobar,26.1447705,50.1426712,Sparkle Coffee,26.125032,50.142943,Coffee Shop,,0.9717107654512868,Coffee Shop
11687,Al Amwaj Dist.,Khobar,26.1447705,50.1426712,شاي التاج,26.151587,50.163364,Café,,0.3092012082774525,Coffee Shop
11688,Al Amwaj Dist.,Khobar,26.1447705,50.1426712,تلقيمة وجمر,26.152934,50.162912,Tea Room,,0.8831956682501285,Coffee Shop
11689,Al Amwaj Dist.,Khobar,26.1447705,50.1426712,ديوانية الذوق المتميز,26.157339,50.160941,Coffee Shop,,0.1372222152588897,Coffee Shop
11690,Al Amwaj Dist.,Khobar,26.1447705,50.1426712,مانتو روز,26.157051,50.161293,Coffee Shop,,0.6949600792148704,Coffee Shop
11691,Al Amwaj Dist.,Khobar,26.1447705,50.1426712,شاهي ام عبدالله,26.156604,50.161842,Tea Room,,0.9407643232267524,Coffee Shop
11692,Al Amwaj Dist.,Khobar,26.1447705,50.1426712,مقهى ليالي العزيزية,26.155763,50.163419,Coffee Shop,,0.903337803792788,Coffee Shop
11693,Al Amwaj Dist.,Khobar,26.1447705,50.1426712,الفيشاوي,26.16183,50.1633,Tea Room,,0.873394081445922,Coffee Shop
11694,Al Amwaj Dist.,Khobar,26.1447705,50.1426712,قهوة الفيشاوي - العزيزية,26.163458,50.163463,Coffee Shop,,0.3015680032087036,Coffee Shop
11695,Al Lulu Dist.,Khobar,26.1232073,50.1424161,Sparkle Coffee,26.125032,50.142943,Coffee Shop,,0.9717107654512868,Coffee Shop
11696,Al Lulu Dist.,Khobar,26.1232073,50.1424161,كوستا كوفي,26.145521,50.151304,Coffee Shop,6.3,0.9350112179286314,Coffee Shop
11697,Al Lulu Dist.,Khobar,26.1232073,50.1424161,Euro Village Café,26.116615,50.159469,Café,,0.972104234957085,Coffee Shop
11698,Al Lulu Dist.,Khobar,26.1232073,50.1424161,Cafe Bowl - Sara Village,26.144828,50.150601,Café,,0.0655277440056152,Coffee Shop
11699,Al Murjan Dist.,Khobar,26.1195433,50.1164878,Sparkle Coffee,26.125032,50.142943,Coffee Shop,,0.9717107654512868,Coffee Shop
11700,As Sufun Dist.,Khobar,26.1367235,50.1608916,آرت سويت,26.152038,50.159797,Coffee Shop,8.3,0.972951631299901,Coffee Shop
11701,As Sufun Dist.,Khobar,26.1367235,50.1608916,Derby Cafe (مقهى دربي),26.156956,50.161336,Coffee Shop,7.9,0.9966784904052242,Coffee Shop
11702,As Sufun Dist.,Khobar,26.1367235,50.1608916,Ozone Coffee (أوزون كوفي),26.154863,50.161281,Coffee Shop,7.8,0.1460336161838988,Coffee Shop
11703,As Sufun Dist.,Khobar,26.1367235,50.1608916,شاي الفيشاوي - العزيزية,26.163151,50.163543,Tea Room,7.7,0.426268753995212,Coffee Shop
11704,As Sufun Dist.,Khobar,26.1367235,50.1608916,شاي ابو ياسر,26.14716,50.162612,Coffee Shop,7.0,0.9042026496872768,Coffee Shop
11705,As Sufun Dist.,Khobar,26.1367235,50.1608916,كوستا كوفي,26.145521,50.151304,Coffee Shop,6.3,0.9350112179286314,Coffee Shop
11706,As Sufun Dist.,Khobar,26.1367235,50.1608916,شاي أم تركي,26.146945,50.162314,Tea Room,,0.7949813870122708,Coffee Shop
11707,As Sufun Dist.,Khobar,26.1367235,50.1608916,شاي مناحي,26.14716,50.162376,Café,,0.6508153366005289,Coffee Shop
11708,As Sufun Dist.,Khobar,26.1367235,50.1608916,مهيلة اصل الكيف,26.147467,50.162531,Tea Room,,0.3435318300891167,Coffee Shop
11709,As Sufun Dist.,Khobar,26.1367235,50.1608916,شاي أبو سند,26.147836,50.16267,Tea Room,,0.9078124412468822,Coffee Shop
11710,As Sufun Dist.,Khobar,26.1367235,50.1608916,شاي جمر وهيل,26.148251,50.16262,Coffee Shop,,0.5829061328854518,Coffee Shop
11711,As Sufun Dist.,Khobar,26.1367235,50.1608916,عساف كوفي,26.148711,50.162381,Bubble Tea Shop,,0.1972726019327425,Coffee Shop
11712,As Sufun Dist.,Khobar,26.1367235,50.1608916,Cafe Bowl - Sara Village,26.144828,50.150601,Café,,0.0655277440056152,Coffee Shop
11713,As Sufun Dist.,Khobar,26.1367235,50.1608916,شاي بحر,26.149484,50.16247,Tea Room,,0.3436571700738252,Coffee Shop
11714,As Sufun Dist.,Khobar,26.1367235,50.1608916,شاهي ابوهزاع,26.150829,50.161707,Tea Room,,0.3124349798829324,Coffee Shop
11715,As Sufun Dist.,Khobar,26.1367235,50.1608916,القهوة المثالية,26.151289,50.161468,Café,,0.9681385758870936,Coffee Shop
11716,As Sufun Dist.,Khobar,26.1367235,50.1608916,شاي التاج,26.151587,50.163364,Café,,0.3092012082774525,Coffee Shop
11717,As Sufun Dist.,Khobar,26.1367235,50.1608916,Twins Mood,26.152127,50.16279,Tea Room,,0.2451900780868104,Coffee Shop
11718,As Sufun Dist.,Khobar,26.1367235,50.1608916,تلقيمة وجمر,26.152934,50.162912,Tea Room,,0.8831956682501285,Coffee Shop
11719,As Sufun Dist.,Khobar,26.1367235,50.1608916,مقهى ليالي العزيزية,26.155763,50.163419,Coffee Shop,,0.903337803792788,Coffee Shop
11720,As Sufun Dist.,Khobar,26.1367235,50.1608916,Sparkle Coffee,26.125032,50.142943,Coffee Shop,,0.9717107654512868,Coffee Shop
11721,As Sufun Dist.,Khobar,26.1367235,50.1608916,شاهي ام عبدالله,26.156604,50.161842,Tea Room,,0.9407643232267524,Coffee Shop
11722,As Sufun Dist.,Khobar,26.1367235,50.1608916,Euro Village Café,26.116615,50.159469,Café,,0.972104234957085,Coffee Shop
11723,As Sufun Dist.,Khobar,26.1367235,50.1608916,مانتو روز,26.157051,50.161293,Coffee Shop,,0.6949600792148704,Coffee Shop
11724,As Sufun Dist.,Khobar,26.1367235,50.1608916,ديوانية الذوق المتميز,26.157339,50.160941,Coffee Shop,,0.1372222152588897,Coffee Shop
11725,As Sufun Dist.,Khobar,26.1367235,50.1608916,سمّره,26.153587,50.144548,Tea Room,,0.9954290289263166,Coffee Shop
11726,As Sufun Dist.,Khobar,26.1367235,50.1608916,Samrah (سمرة),26.153744,50.144731,Bubble Tea Shop,,0.9819416434795764,Coffee Shop
11727,As Sufun Dist.,Khobar,26.1367235,50.1608916,Sameah,26.153812,50.144651,Coffee Shop,,0.2698699143480531,Coffee Shop
11728,As Sufun Dist.,Khobar,26.1367235,50.1608916,الفيشاوي,26.16183,50.1633,Tea Room,,0.873394081445922,Coffee Shop
11729,As Sufun Dist.,Khobar,26.1367235,50.1608916,قهوة الفيشاوي - العزيزية,26.163458,50.163463,Coffee Shop,,0.3015680032087036,Coffee Shop
11730,Sports City,Khobar,26.3588655,50.1864101,Grambon,26.3594,50.189979,Coffee Shop,8.4,0.971685697454345,Coffee Shop
11731,Sports City,Khobar,26.3588655,50.1864101,Road Café (قهوة الطريق),26.361657,50.196232,General Contractor,8.8,0.9869897095872554,Coffee Shop
11732,Sports City,Khobar,26.3588655,50.1864101,RATIO Speciality Coffee (ريشيو للقهوة المختصة),26.362719,50.198088,Coffee Shop,9.0,0.9952872165749596,Coffee Shop
11733,Sports City,Khobar,26.3588655,50.1864101,Wogard Coffee Roasters (محمصة ومقهى ووقارد),26.346074,50.191229,Coffee Shop,9.1,0.9584121930737124,Coffee Shop
11734,Sports City,Khobar,26.3588655,50.1864101,ستاربكس,26.372478,50.178446,Coffee Shop,9.2,0.9980838745093163,Coffee Shop
11735,Sports City,Khobar,26.3588655,50.1864101,SKY by Archi (سكاي باي ارتشي),26.370253,50.177169,Coffee Shop,8.9,0.9982392360355882,Coffee Shop
11736,Sports City,Khobar,26.3588655,50.1864101,ستاربكس,26.345831,50.19578,Coffee Shop,9.1,0.9816502262386724,Coffee Shop
11737,Sports City,Khobar,26.3588655,50.1864101,Onda,26.343997,50.185243,Coffee Shop,8.9,0.9897722572477846,Coffee Shop
11738,Sports City,Khobar,26.3588655,50.1864101,Bling,26.362172,50.206266,Café,9.4,0.983806073975659,Coffee Shop
11739,Sports City,Khobar,26.3588655,50.1864101,TITLE (تايتل),26.360902,50.206339,Coffee Shop,9.3,0.9944975746712958,Coffee Shop
11740,Sports City,Khobar,26.3588655,50.1864101,The HUB (ذا هب),26.360464,50.206327,Coffee Shop,9.2,0.995324818570372,Coffee Shop
11741,Sports City,Khobar,26.3588655,50.1864101,Starbucks (ستاربكس),26.360292,50.20691,Coffee Shop,9.3,0.9961896644648608,Coffee Shop
11742,Sports City,Khobar,26.3588655,50.1864101,Double A (دبل اي),26.34224,50.180956,Coffee Shop,8.9,0.9689156837922864,Coffee Shop
11743,Sports City,Khobar,26.3588655,50.1864101,AlZaman AlJameel Cafe (مقهى الزمن الجميل),26.343926,50.195572,Lounge,8.8,0.9858115137309952,Coffee Shop
11744,Sports City,Khobar,26.3588655,50.1864101,Sky Lounge (سكاي لاونج),26.367053,50.177803,Lounge,8.2,0.9562294793317384,Coffee Shop
11745,Sports City,Khobar,26.3588655,50.1864101,Caribou Coffee (كاريبو كوفي),26.354229,50.209282,"Cafe, Coffee, and Tea House",9.3,0.9730895052830804,Coffee Shop
11746,Sports City,Khobar,26.3588655,50.1864101,Hûge (هيوج),26.360886,50.206747,Coffee Shop,8.8,0.991852900993946,Coffee Shop
11747,Sports City,Khobar,26.3588655,50.1864101,WEBREW (ويبرو),26.343517,50.203178,Coffee Shop,9.5,0.9996866500382288,Coffee Shop
11748,Sports City,Khobar,26.3588655,50.1864101,Blue Sky (بلو سكاي),26.362892,50.2063,Coffee Shop,8.7,0.9947733226376546,Coffee Shop
11749,Sports City,Khobar,26.3588655,50.1864101,Ripoz Specialty Coffee (قهوة ومحمصة ريبوز),26.362829,50.198276,Coffee Shop,8.1,0.1891505709236303,Coffee Shop
11750,Sports City,Khobar,26.3588655,50.1864101,Ruba’a (رُباع),26.366799,50.195457,Tea Room,8.1,0.9919315580689598,Coffee Shop
11751,Sports City,Khobar,26.3588655,50.1864101,SWAJ Coffee Roasters (محمصة و مقهى سُواج),26.343818,50.203197,Coffee Shop,9.1,0.9945853126605918,Coffee Shop
11752,Sports City,Khobar,26.3588655,50.1864101,Repeat (ريبيت),26.361046,50.206477,Coffee Shop,8.7,0.9893461012997756,Coffee Shop
11753,Sports City,Khobar,26.3588655,50.1864101,Detective Cafe,26.35211,50.211592,Coffee Shop,9.2,0.9666595640675332,Coffee Shop
11754,Sports City,Khobar,26.3588655,50.1864101,Knock (نوك),26.337298,50.201441,Coffee Shop,9.2,0.9978441522630134,Coffee Shop
11755,Sports City,Khobar,26.3588655,50.1864101,Café Quindío (كافيه كينديو),26.351217,50.211122,Café,8.9,0.967023050023188,Coffee Shop
11756,Sports City,Khobar,26.3588655,50.1864101,Lapro Cafe,26.350858,50.211908,Coffee Shop,8.9,0.9839439479588384,Coffee Shop
11757,Sports City,Khobar,26.3588655,50.1864101,Kashida (كشيدة),26.351955,50.211275,Café,8.8,0.9724001353671836,Coffee Shop
11758,Sports City,Khobar,26.3588655,50.1864101,8Oz Coffee,26.382682,50.178364,Coffee Shop,9.0,0.9917140519321797,Coffee Shop
11759,Sports City,Khobar,26.3588655,50.1864101,The HUB (ذا هب),26.334396,50.189335,Coffee Shop,8.9,0.9473321384254793,Coffee Shop
11760,Sports City,Khobar,26.3588655,50.1864101,Soulaf (سُلاف),26.337207,50.201602,Coffee Shop,9.1,0.9903738891743856,Coffee Shop
11761,Sports City,Khobar,26.3588655,50.1864101,7Degrees Truck,26.381041,50.183935,Café,8.7,0.8679323452340263,Coffee Shop
11762,Sports City,Khobar,26.3588655,50.1864101,Mocha Coffee Roasters (مقهى ومحمصة مخا),26.352279,50.211451,Coffee Shop,8.7,0.9692415677525288,Coffee Shop
11763,Sports City,Khobar,26.3588655,50.1864101,Carpet (كاربت),26.35154,50.211723,Coffee Shop,8.8,0.9736159332188562,Coffee Shop
11764,Sports City,Khobar,26.3588655,50.1864101,The Barking Lot,26.335582,50.193452,Pet Café,8.8,0.972525475351892,Coffee Shop
11765,Sports City,Khobar,26.3588655,50.1864101,Maqadeer (مقادير),26.36124,50.206361,Bakery,8.2,0.860596869007182,Coffee Shop
11766,Sports City,Khobar,26.3588655,50.1864101,Lounge EXIT-7 (مقهى مخرج ٧),26.360069,50.206666,Café,8.2,0.9942092927064664,Coffee Shop
11767,Sports City,Khobar,26.3588655,50.1864101,Seven Degrees Coffee,26.361687,50.195161,Coffee Shop,7.6,0.9618590426531968,Coffee Shop
11768,Sports City,Khobar,26.3588655,50.1864101,Dallat Alfaris Cafe (مقهى دلة الفارس),26.342778,50.182055,Café,8.0,0.983469533604698,Coffee Shop
11769,Sports City,Khobar,26.3588655,50.1864101,4Squares Cafe (مقهى الأربعة مربعات),26.379854,50.178398,Café,8.1,0.9772654299889176,Coffee Shop
11770,Sports City,Khobar,26.3588655,50.1864101,The Geeks Club,26.343993,50.203584,Coffee Shop,8.0,0.9673238659864885,Coffee Shop
11771,Sports City,Khobar,26.3588655,50.1864101,Joffrey's on MBO,26.373923,50.178657,Coffee Shop,7.7,0.9990678308423702,Coffee Shop
11772,Sports City,Khobar,26.3588655,50.1864101,8Oz Speciality Coffee,26.38262,50.17838,Coffee Shop,8.0,0.3245813006866979,Coffee Shop
11773,Sports City,Khobar,26.3588655,50.1864101,Art Coffee,26.366803,50.195176,Coffee Shop,7.4,0.9439869910615336,Coffee Shop
11774,Sports City,Khobar,26.3588655,50.1864101,Note Music Center & Cafe (مركز ومقهى نوت للموسيقى),26.336032,50.192987,Café,7.9,0.8971084065527744,Coffee Shop
11775,Sports City,Khobar,26.3588655,50.1864101,Canary Resto-Cafe,26.348713,50.186756,Café,7.3,0.8635423586478322,Coffee Shop
11776,Sports City,Khobar,26.3588655,50.1864101,Madame Banquet (مدام بانكويت),26.334297,50.188749,Restaurant,7.9,0.9979193562538384,Coffee Shop
11777,Sports City,Khobar,26.3588655,50.1864101,La Mode Co,26.336461,50.197177,Coffee Shop,7.8,0.9536492736547886,Coffee Shop
11778,Sports City,Khobar,26.3588655,50.1864101,Starbucks (ستاربكس),26.3612,50.160909,Coffee Shop,7.6,0.9250950294669028,Coffee Shop
11779,Sports City,Khobar,26.3588655,50.1864101,Lark,26.354638,50.200259,Coffee Shop,7.2,0.9692917037464122,Coffee Shop
11780,Al Bahar Dist.,Khobar,26.3540445,50.2227238,Detective Cafe,26.35211,50.211592,Coffee Shop,9.2,0.9666595640675332,Coffee Shop
11781,Al Bahar Dist.,Khobar,26.3540445,50.2227238,Lapro Cafe,26.350858,50.211908,Coffee Shop,8.9,0.9839439479588384,Coffee Shop
11782,Al Bahar Dist.,Khobar,26.3540445,50.2227238,Caribou Coffee (كاريبو كوفي),26.354229,50.209282,"Cafe, Coffee, and Tea House",9.3,0.9730895052830804,Coffee Shop
11783,Al Bahar Dist.,Khobar,26.3540445,50.2227238,Café Quindío (كافيه كينديو),26.351217,50.211122,Café,8.9,0.967023050023188,Coffee Shop
11784,Al Bahar Dist.,Khobar,26.3540445,50.2227238,Kashida (كشيدة),26.351955,50.211275,Café,8.8,0.9724001353671836,Coffee Shop
11785,Al Bahar Dist.,Khobar,26.3540445,50.2227238,Carpet (كاربت),26.35154,50.211723,Coffee Shop,8.8,0.9736159332188562,Coffee Shop
11786,Al Bahar Dist.,Khobar,26.3540445,50.2227238,Mocha Coffee Roasters (مقهى ومحمصة مخا),26.352279,50.211451,Coffee Shop,8.7,0.9692415677525288,Coffee Shop
11787,Al Bahar Dist.,Khobar,26.3540445,50.2227238,Woods,26.351737,50.211276,Coffee Shop,8.6,0.9064587694120302,Coffee Shop
11788,Al Bahar Dist.,Khobar,26.3540445,50.2227238,Starbucks (ستاربكس),26.360292,50.20691,Coffee Shop,9.3,0.9961896644648608,Coffee Shop
11789,Al Bahar Dist.,Khobar,26.3540445,50.2227238,The HUB (ذا هب),26.360464,50.206327,Coffee Shop,9.2,0.995324818570372,Coffee Shop
11790,Al Bahar Dist.,Khobar,26.3540445,50.2227238,TITLE (تايتل),26.360902,50.206339,Coffee Shop,9.3,0.9944975746712958,Coffee Shop
11791,Al Bahar Dist.,Khobar,26.3540445,50.2227238,Bling,26.362172,50.206266,Café,9.4,0.983806073975659,Coffee Shop
11792,Al Bahar Dist.,Khobar,26.3540445,50.2227238,Hûge (هيوج),26.360886,50.206747,Coffee Shop,8.8,0.991852900993946,Coffee Shop
11793,Al Bahar Dist.,Khobar,26.3540445,50.2227238,Ateej (عتيج),26.371895,50.229472,Tea Room,9.3,0.9999728715180078,Coffee Shop
11794,Al Bahar Dist.,Khobar,26.3540445,50.2227238,Repeat (ريبيت),26.361046,50.206477,Coffee Shop,8.7,0.9893461012997756,Coffee Shop
11795,Al Bahar Dist.,Khobar,26.3540445,50.2227238,WEBREW (ويبرو),26.343517,50.203178,Coffee Shop,9.5,0.9996866500382288,Coffee Shop
11796,Al Bahar Dist.,Khobar,26.3540445,50.2227238,Blue Sky (بلو سكاي),26.362892,50.2063,Coffee Shop,8.7,0.9947733226376546,Coffee Shop
11797,Al Bahar Dist.,Khobar,26.3540445,50.2227238,SWAJ Coffee Roasters (محمصة و مقهى سُواج),26.343818,50.203197,Coffee Shop,9.1,0.9945853126605918,Coffee Shop
11798,Al Bahar Dist.,Khobar,26.3540445,50.2227238,شاي أبو سيف,26.338552,50.20833,Tea Room,9.1,0.997718812278305,Coffee Shop
11799,Al Bahar Dist.,Khobar,26.3540445,50.2227238,Starbucks (ستاربكس),26.334167,50.212065,Coffee Shop,8.9,0.9915395510321748,Coffee Shop
11800,Al Bahar Dist.,Khobar,26.3540445,50.2227238,Elegant Garden,26.338082,50.208264,Café,8.7,0.989057819334946,Coffee Shop
11801,Al Bahar Dist.,Khobar,26.3540445,50.2227238,RATIO Speciality Coffee (ريشيو للقهوة المختصة),26.362719,50.198088,Coffee Shop,9.0,0.9952872165749596,Coffee Shop
11802,Al Bahar Dist.,Khobar,26.3540445,50.2227238,Knock (نوك),26.337298,50.201441,Coffee Shop,9.2,0.9978441522630134,Coffee Shop
11803,Al Bahar Dist.,Khobar,26.3540445,50.2227238,Lounge EXIT-7 (مقهى مخرج ٧),26.360069,50.206666,Café,8.2,0.9942092927064664,Coffee Shop
11804,Al Bahar Dist.,Khobar,26.3540445,50.2227238,Soulaf (سُلاف),26.337207,50.201602,Coffee Shop,9.1,0.9903738891743856,Coffee Shop
11805,Al Bahar Dist.,Khobar,26.3540445,50.2227238,Maqadeer (مقادير),26.36124,50.206361,Bakery,8.2,0.860596869007182,Coffee Shop
11806,Al Bahar Dist.,Khobar,26.3540445,50.2227238,ستاربكس,26.345831,50.19578,Coffee Shop,9.1,0.9816502262386724,Coffee Shop
11807,Al Bahar Dist.,Khobar,26.3540445,50.2227238,10° Coffee House (تن دقريز بيت القهوة),26.330281,50.212671,Coffee Shop,8.9,0.992291590940426,Coffee Shop
11808,Al Bahar Dist.,Khobar,26.3540445,50.2227238,Road Café (قهوة الطريق),26.361657,50.196232,General Contractor,8.8,0.9869897095872554,Coffee Shop
11809,Al Bahar Dist.,Khobar,26.3540445,50.2227238,AlZaman AlJameel Cafe (مقهى الزمن الجميل),26.343926,50.195572,Lounge,8.8,0.9858115137309952,Coffee Shop
11810,Al Bahar Dist.,Khobar,26.3540445,50.2227238,Dose (دوز كافيه),26.338543,50.208261,Coffee Shop,8.2,0.9890954213303584,Coffee Shop
11811,Al Bahar Dist.,Khobar,26.3540445,50.2227238,Warqat Shay (ورقة شاي بخار),26.343561,50.203458,Tea Room,8.2,0.8940375769274156,Coffee Shop
11812,Al Bahar Dist.,Khobar,26.3540445,50.2227238,Khazaf Tea House (شاي خزف),26.337189,50.201661,Tea Room,8.4,0.917250542095434,Coffee Shop
11813,Al Bahar Dist.,Khobar,26.3540445,50.2227238,The Geeks Club,26.343993,50.203584,Coffee Shop,8.0,0.9673238659864885,Coffee Shop
11814,Al Bahar Dist.,Khobar,26.3540445,50.2227238,Ripoz Specialty Coffee (قهوة ومحمصة ريبوز),26.362829,50.198276,Coffee Shop,8.1,0.1891505709236303,Coffee Shop
11815,Al Bahar Dist.,Khobar,26.3540445,50.2227238,Olabs,26.36298,50.198744,Coffee Shop,7.7,0.8973340185252497,Coffee Shop
11816,Al Bahar Dist.,Khobar,26.3540445,50.2227238,Seven Degrees Coffee,26.361687,50.195161,Coffee Shop,7.6,0.9618590426531968,Coffee Shop
11817,Al Bahar Dist.,Khobar,26.3540445,50.2227238,Dose Cafe,26.332859,50.212547,Coffee Shop,7.5,0.9526716217740622,Coffee Shop
11818,Al Bahar Dist.,Khobar,26.3540445,50.2227238,First Light (فيرست لايت),26.330497,50.212969,Coffee Shop,7.5,0.2366544251281601,Coffee Shop
11819,Al Bahar Dist.,Khobar,26.3540445,50.2227238,Lark,26.354638,50.200259,Coffee Shop,7.2,0.9692917037464122,Coffee Shop
11820,Al Bahar Dist.,Khobar,26.3540445,50.2227238,شاي حبق نعناع,26.348566,50.228296,Tea Room,,0.8113382550167328,Coffee Shop
11821,Al Bahar Dist.,Khobar,26.3540445,50.2227238,Pianolla Coffee,26.337987,50.204865,Coffee Shop,6.1,0.9749696050537082,Coffee Shop
11822,Al Bahar Dist.,Khobar,26.3540445,50.2227238,شاي Ok,26.347849,50.228664,Café,,0.6856097163556146,Coffee Shop
11823,Al Bahar Dist.,Khobar,26.3540445,50.2227238,شاي ابو عبدالله,26.347541,50.228508,Tea Room,,0.0250679969417043,Coffee Shop
11824,Al Bahar Dist.,Khobar,26.3540445,50.2227238,Special Tea,26.347449,50.228415,Tea Room,,0.6638632290086861,Coffee Shop
11825,Al Bahar Dist.,Khobar,26.3540445,50.2227238,شاهي ملغم,26.3451,50.226235,Café,,0.9374929496258602,Coffee Shop
11826,Al Bahar Dist.,Khobar,26.3540445,50.2227238,Vip Tea,26.344698,50.226008,Café,,0.2099570083852449,Coffee Shop
11827,Al Bahar Dist.,Khobar,26.3540445,50.2227238,WOODS Specialty Café & Roastery,26.350581,50.211212,Coffee Shop,,0.1420102026747552,Coffee Shop
11828,Al Bahar Dist.,Khobar,26.3540445,50.2227238,شاهي ابو مطلق,26.342837,50.224034,Tea Room,,0.0037351315443139,Coffee Shop
11829,Al Bahar Dist.,Khobar,26.3540445,50.2227238,Rebeat,26.349336,50.209431,Coffee Shop,,0.9356128498552324,Coffee Shop
11830,Al Kurnaish Dist.,Khobar,26.3276883,50.2226777,تّل,26.321884,50.220768,Coffee Shop,9.3,0.9967160924006369,Coffee Shop
11831,Al Kurnaish Dist.,Khobar,26.3276883,50.2226777,Namq (نمق),26.319378,50.22272,Coffee Shop,9.4,0.9998621260168208,Coffee Shop
11832,Al Kurnaish Dist.,Khobar,26.3276883,50.2226777,VARDØ (Vardø),26.321546,50.219743,Coffee Shop,8.9,0.9874910695260896,Coffee Shop
11833,Al Kurnaish Dist.,Khobar,26.3276883,50.2226777,Density Coffee Roasters (محمصة و مقهى دينستي),26.319682,50.222786,Coffee Shop,9.2,0.9982577742125516,Coffee Shop
11834,Al Kurnaish Dist.,Khobar,26.3276883,50.2226777,OTOÑO (أوتونيو),26.320071,50.222049,Coffee Shop,9.0,0.9971923843425292,Coffee Shop
11835,Al Kurnaish Dist.,Khobar,26.3276883,50.2226777,Blue Star Cafe (بلو ستار كافيه),26.32715,50.215145,Coffee Shop,8.8,0.9917024930122958,Coffee Shop
11836,Al Kurnaish Dist.,Khobar,26.3276883,50.2226777,QASHA (‎قَشة),26.318468,50.222844,Coffee Shop,9.4,0.9966910244036952,Coffee Shop
11837,Al Kurnaish Dist.,Khobar,26.3276883,50.2226777,Equal (إيكول),26.31984,50.216692,Coffee Shop,9.3,0.9988343381422108,Coffee Shop
11838,Al Kurnaish Dist.,Khobar,26.3276883,50.2226777,Veloce (فيلوتشي),26.319932,50.222584,Café,8.9,0.991100861085695,Coffee Shop
11839,Al Kurnaish Dist.,Khobar,26.3276883,50.2226777,Willow,26.318095,50.222335,Café,9.3,0.9939084767431658,Coffee Shop
11840,Al Kurnaish Dist.,Khobar,26.3276883,50.2226777,Wacafe (وكف),26.319811,50.216804,Coffee Shop,9.0,0.9970169083639372,Coffee Shop
11841,Al Kurnaish Dist.,Khobar,26.3276883,50.2226777,10° Coffee House (تن دقريز بيت القهوة),26.330281,50.212671,Coffee Shop,8.9,0.992291590940426,Coffee Shop
11842,Al Kurnaish Dist.,Khobar,26.3276883,50.2226777,Starbucks (ستاربكس),26.316542,50.223297,Coffee Shop,9.4,0.9966659564067534,Coffee Shop
11843,Al Kurnaish Dist.,Khobar,26.3276883,50.2226777,UMQ Coffee (قهوة عُمق),26.321786,50.211889,Coffee Shop,9.4,0.9994234360703408,Coffee Shop
11844,Al Kurnaish Dist.,Khobar,26.3276883,50.2226777,RAMLA (رملا),26.317157,50.223023,Coffee Shop,9.1,0.9855106977676948,Coffee Shop
11845,Al Kurnaish Dist.,Khobar,26.3276883,50.2226777,Ballet Coffee (باليه كافيه),26.317294,50.222958,Coffee Shop,8.7,0.9969542383715828,Coffee Shop
11846,Al Kurnaish Dist.,Khobar,26.3276883,50.2226777,Starbucks (ستاربكس),26.334167,50.212065,Coffee Shop,8.9,0.9915395510321748,Coffee Shop
11847,Al Kurnaish Dist.,Khobar,26.3276883,50.2226777,Olden (اولدن),26.31523,50.216146,Coffee Shop,9.5,0.9997618540290538,Coffee Shop
11848,Al Kurnaish Dist.,Khobar,26.3276883,50.2226777,COSMO (DRIVE THRU) (كوزمو),26.325143,50.207918,Coffee Shop,9.3,0.9963150044495694,Coffee Shop
11849,Al Kurnaish Dist.,Khobar,26.3276883,50.2226777,Soil Coffee Roasters (محمصة سويل),26.313661,50.223513,Coffee Roaster,9.1,0.9992103580963364,Coffee Shop
11850,Al Kurnaish Dist.,Khobar,26.3276883,50.2226777,CAVO (كاڤو),26.314479,50.217111,Coffee Shop,9.0,0.9951869445871928,Coffee Shop
11851,Al Kurnaish Dist.,Khobar,26.3276883,50.2226777,Core Coffee & Roastery,26.325143,50.207633,Coffee Shop,8.9,0.9945351766667084,Coffee Shop
11852,Al Kurnaish Dist.,Khobar,26.3276883,50.2226777,Shrq Coffee Roasters (مقهى ومحمصة شرق),26.311596,50.223059,Coffee Shop,9.3,0.9994485040672824,Coffee Shop
11853,Al Kurnaish Dist.,Khobar,26.3276883,50.2226777,Ola Amor (اولا امور),26.323288,50.228905,Coffee Shop,8.2,0.986851835604076,Coffee Shop
11854,Al Kurnaish Dist.,Khobar,26.3276883,50.2226777,ZOYA (زويا),26.313638,50.223643,Coffee Shop,8.8,0.9533860596869008,Coffee Shop
11855,Al Kurnaish Dist.,Khobar,26.3276883,50.2226777,شاي أبو سيف,26.338552,50.20833,Tea Room,9.1,0.997718812278305,Coffee Shop
11856,Al Kurnaish Dist.,Khobar,26.3276883,50.2226777,The BLK. (The BLK),26.31012,50.224268,Coffee Shop,9.3,0.9929308248624392,Coffee Shop
11857,Al Kurnaish Dist.,Khobar,26.3276883,50.2226777,INSIDE (ان سايد),26.310537,50.224136,Coffee Shop,9.1,0.994146622714112,Coffee Shop
11858,Al Kurnaish Dist.,Khobar,26.3276883,50.2226777,EL-GAMALEYA (الجمّالية),26.313295,50.223627,Tea Room,8.7,0.9863379416667712,Coffee Shop
11859,Al Kurnaish Dist.,Khobar,26.3276883,50.2226777,Sharik Café (شارك كافيه),26.309689,50.223518,Coffee Shop,9.2,0.9958387125076772,Coffee Shop
11860,Al Kurnaish Dist.,Khobar,26.3276883,50.2226777,SEQUENCE (سيكونس),26.314555,50.217032,Coffee Shop,8.6,0.9888322073624708,Coffee Shop
11861,Al Kurnaish Dist.,Khobar,26.3276883,50.2226777,Urth Caffe (ايرث كافيه),26.317849,50.20377,Café,9.5,0.9998997280122331,Coffee Shop
11862,Al Kurnaish Dist.,Khobar,26.3276883,50.2226777,Crafter (كرافتر),26.317755,50.223038,Coffee Shop,8.2,0.9933319128135066,Coffee Shop
11863,Al Kurnaish Dist.,Khobar,26.3276883,50.2226777,Eclipse (إكلبس),26.309511,50.223659,Coffee Shop,9.1,0.9992980960856322,Coffee Shop
11864,Al Kurnaish Dist.,Khobar,26.3276883,50.2226777,Antr (عنتر),26.313774,50.229104,Tea Room,8.6,0.9932441748242108,Coffee Shop
11865,Al Kurnaish Dist.,Khobar,26.3276883,50.2226777,LLuvia (يوڤيا),26.309265,50.220214,Coffee Shop,9.1,0.9969041023776996,Coffee Shop
11866,Al Kurnaish Dist.,Khobar,26.3276883,50.2226777,OOB (او او بي),26.310512,50.224067,Coffee Shop,8.8,0.9972550543348834,Coffee Shop
11867,Al Kurnaish Dist.,Khobar,26.3276883,50.2226777,COSMO (كوزمو),26.310797,50.223505,Coffee Shop,8.7,0.9948735946254216,Coffee Shop
11868,Al Kurnaish Dist.,Khobar,26.3276883,50.2226777,Peek-A-Brew (بيك-أ-برو),26.3092,50.219423,Coffee Shop,8.9,0.9887820713685872,Coffee Shop
11869,Al Kurnaish Dist.,Khobar,26.3276883,50.2226777,Elegant Garden,26.338082,50.208264,Café,8.7,0.989057819334946,Coffee Shop
11870,Al Kurnaish Dist.,Khobar,26.3276883,50.2226777,ARCHI (ارتشي),26.309359,50.222512,Coffee Shop,8.9,0.9985711241743228,Coffee Shop
11871,Al Kurnaish Dist.,Khobar,26.3276883,50.2226777,Dose (دوز),26.317878,50.203825,Coffee Shop,9.0,0.9959891204893272,Coffee Shop
11872,Al Kurnaish Dist.,Khobar,26.3276883,50.2226777,مُر,26.316915,50.204099,Coffee Shop,9.0,0.9989972801223318,Coffee Shop
11873,Al Kurnaish Dist.,Khobar,26.3276883,50.2226777,Knock (نوك),26.337298,50.201441,Coffee Shop,9.2,0.9978441522630134,Coffee Shop
11874,Al Kurnaish Dist.,Khobar,26.3276883,50.2226777,HOBRA (هوبرا),26.309177,50.214547,Coffee Shop,8.9,0.9904490931652108,Coffee Shop
11875,Al Kurnaish Dist.,Khobar,26.3276883,50.2226777,Monroe (مونرو),26.306498,50.224632,Coffee Shop,9.0,0.9840692879435468,Coffee Shop
11876,Al Kurnaish Dist.,Khobar,26.3276883,50.2226777,WEBREW (ويبرو),26.343517,50.203178,Coffee Shop,9.5,0.9996866500382288,Coffee Shop
11877,Al Kurnaish Dist.,Khobar,26.3276883,50.2226777,Balancd Coffee (بالنسد كوفي),26.305186,50.217246,Coffee Shop,9.3,0.9993482320795156,Coffee Shop
11878,Al Kurnaish Dist.,Khobar,26.3276883,50.2226777,Arabia Coffee,26.314734,50.210611,Coffee Shop,8.4,0.9784540566286052,Coffee Shop
11879,Al Kurnaish Dist.,Khobar,26.3276883,50.2226777,Danube Le Gourmet,26.304514,50.222378,Café,9.1,0.9962774024541567,Coffee Shop
11880,Sinaiyah Al Fawaziyah Dist.,Khobar,26.2455074,50.2140193,Espresso Station (اسبريسو ستيشن),26.241778,50.214466,Coffee Shop,8.7,0.9679129639146185,Coffee Shop
11881,Sinaiyah Al Fawaziyah Dist.,Khobar,26.2455074,50.2140193,Coffee Valley (وادي القهوة),26.250352,50.202656,Coffee Shop,8.5,0.9833924520261208,Coffee Shop
11882,Sinaiyah Al Fawaziyah Dist.,Khobar,26.2455074,50.2140193,Cesario Coffee,26.255965,50.220532,Coffee Shop,8.6,0.9915896870260582,Coffee Shop
11883,Sinaiyah Al Fawaziyah Dist.,Khobar,26.2455074,50.2140193,Al Seef Cafe (السيف كافيه),26.222482,50.219322,Café,9.4,0.994322098692704,Coffee Shop
11884,Sinaiyah Al Fawaziyah Dist.,Khobar,26.2455074,50.2140193,Starbucks (ستاربكس),26.268738,50.216005,Coffee Shop,9.1,0.9853352217891028,Coffee Shop
11885,Sinaiyah Al Fawaziyah Dist.,Khobar,26.2455074,50.2140193,Starbucks (ستاربكس),26.220389,50.212872,Coffee Shop,9.3,0.9939962147324618,Coffee Shop
11886,Sinaiyah Al Fawaziyah Dist.,Khobar,26.2455074,50.2140193,كيان,26.22556,50.213289,Coffee Shop,8.6,0.9872654575536142,Coffee Shop
11887,Sinaiyah Al Fawaziyah Dist.,Khobar,26.2455074,50.2140193,Buna (بُنة),26.220496,50.212667,Coffee Shop,9.2,0.9976436082874798,Coffee Shop
11888,Sinaiyah Al Fawaziyah Dist.,Khobar,26.2455074,50.2140193,Barn's (بارن كافيه),26.266281,50.203846,Coffee Shop,8.4,0.9807979143426544,Coffee Shop
11889,Sinaiyah Al Fawaziyah Dist.,Khobar,26.2455074,50.2140193,Sea Rock (صخر البحر),26.261907,50.219034,Café,8.0,0.9377812315906896,Coffee Shop
11890,Sinaiyah Al Fawaziyah Dist.,Khobar,26.2455074,50.2140193,ستاربكس,26.266237,50.213014,Coffee Shop,8.1,0.993645262775278,Coffee Shop
11891,Sinaiyah Al Fawaziyah Dist.,Khobar,26.2455074,50.2140193,Tim Hortons,26.231281,50.194123,Coffee Shop,8.1,0.9975809382951256,Coffee Shop
11892,Sinaiyah Al Fawaziyah Dist.,Khobar,26.2455074,50.2140193,3nb W Teen (عنب و تين),26.222911,50.215749,Café,8.0,0.965055212263264,Coffee Shop
11893,Sinaiyah Al Fawaziyah Dist.,Khobar,26.2455074,50.2140193,مقادير,26.220527,50.212721,Coffee Shop,7.4,0.2794580299061203,Coffee Shop
11894,Sinaiyah Al Fawaziyah Dist.,Khobar,26.2455074,50.2140193,PAUSE (بوز),26.219945,50.212449,Coffee Shop,7.3,0.9874158655352644,Coffee Shop
11895,Sinaiyah Al Fawaziyah Dist.,Khobar,26.2455074,50.2140193,Derby Cafe (مقهى دربي),26.22408,50.196451,Coffee Shop,7.0,0.9638394144115916,Coffee Shop
11896,Sinaiyah Al Fawaziyah Dist.,Khobar,26.2455074,50.2140193,Sun Room Cafe & Restaurant,26.255705,50.220895,Café,6.2,0.6812854868831706,Coffee Shop
11897,Sinaiyah Al Fawaziyah Dist.,Khobar,26.2455074,50.2140193,Drag Coffee (دراق كوفي),26.269137,50.216254,Coffee Shop,6.4,0.9227404334256673,Coffee Shop
11898,Sinaiyah Al Fawaziyah Dist.,Khobar,26.2455074,50.2140193,Art,26.254266,50.212366,Café,,0.2053068949525588,Coffee Shop
11899,Sinaiyah Al Fawaziyah Dist.,Khobar,26.2455074,50.2140193,Blue Sky,26.254914,50.214438,Coffee Shop,,0.9633129864758156,Coffee Shop
11900,Sinaiyah Al Fawaziyah Dist.,Khobar,26.2455074,50.2140193,كافيه ذكريات,26.254626,50.209183,Café,,0.2496772495393755,Coffee Shop
11901,Sinaiyah Al Fawaziyah Dist.,Khobar,26.2455074,50.2140193,Aquab cafe Ramada Hotel,26.255103,50.218399,Café,,0.6609428073649775,Coffee Shop
11902,Sinaiyah Al Fawaziyah Dist.,Khobar,26.2455074,50.2140193,Ceasario,26.255672,50.220532,Café,,0.8878583156812855,Coffee Shop
11903,Sinaiyah Al Fawaziyah Dist.,Khobar,26.2455074,50.2140193,Erorr,26.233959,50.220225,Café,,0.0383289673238659,Coffee Shop
11904,Sinaiyah Al Fawaziyah Dist.,Khobar,26.2455074,50.2140193,Darts Cafe (دارتس كافيه),26.255207,50.203506,Coffee Shop,,0.9558677913841296,Coffee Shop
11905,Sinaiyah Al Fawaziyah Dist.,Khobar,26.2455074,50.2140193,الرواف,26.259432,50.204581,Café,,0.6226890440319366,Coffee Shop
11906,Sinaiyah Al Fawaziyah Dist.,Khobar,26.2455074,50.2140193,بيت الكيف للقهوة,26.265413,50.209797,Coffee Shop,,0.8826692403143527,Coffee Shop
11907,Sinaiyah Al Fawaziyah Dist.,Khobar,26.2455074,50.2140193,ديوانية المشراق,26.265613,50.210393,Café,,0.9581239111088828,Coffee Shop
11908,Sinaiyah Al Fawaziyah Dist.,Khobar,26.2455074,50.2140193,Al-Kharj international Coffee House (مقهى الخرج العالمي),26.260022,50.197641,Coffee Shop,,0.9332188561472996,Coffee Shop
11909,Sinaiyah Al Fawaziyah Dist.,Khobar,26.2455074,50.2140193,La mode coffee,26.267111,50.215659,Coffee Shop,,0.8624268327839264,Coffee Shop
11910,Sinaiyah Al Fawaziyah Dist.,Khobar,26.2455074,50.2140193,dr. Cafe (د. كيف),26.267476,50.213858,Café,,0.8616622588772044,Coffee Shop
11911,Sinaiyah Al Fawaziyah Dist.,Khobar,26.2455074,50.2140193,Moroccan Taste (المذاق المغربي),26.231637,50.194252,Coffee Shop,,0.3313613175739192,Coffee Shop
11912,Sinaiyah Al Fawaziyah Dist.,Khobar,26.2455074,50.2140193,Road Cafe,26.23006,50.19547,Coffee Shop,,0.9339458280586088,Coffee Shop
11913,Sinaiyah Al Fawaziyah Dist.,Khobar,26.2455074,50.2140193,Barn’s (بارنز),26.231466,50.194055,Coffee Shop,,0.9788676785781432,Coffee Shop
11914,Sinaiyah Al Fawaziyah Dist.,Khobar,26.2455074,50.2140193,Moroccan Taste,26.231445,50.194065,Tea Room,,0.6514295025256007,Coffee Shop
11915,Sinaiyah Al Fawaziyah Dist.,Khobar,26.2455074,50.2140193,Love Coffe,26.266142,50.203234,Coffee Shop,,0.7732975696576965,Coffee Shop
11916,Sinaiyah Al Fawaziyah Dist.,Khobar,26.2455074,50.2140193,Cafe Vergnano,26.268964,50.2127,Café,,0.8996778762392991,Coffee Shop
11917,Sinaiyah Al Fawaziyah Dist.,Khobar,26.2455074,50.2140193,Vroulik,26.269432,50.218829,Coffee Shop,,0.630121705125152,Coffee Shop
11918,Sinaiyah Al Fawaziyah Dist.,Khobar,26.2455074,50.2140193,Mq Cafe,26.220757,50.212734,Café,,0.0473785142198212,Coffee Shop
11919,Sinaiyah Al Fawaziyah Dist.,Khobar,26.2455074,50.2140193,Aziz Bar,26.220498,50.212856,Restaurant,,0.4728450923128987,Coffee Shop
11920,Sinaiyah Al Fawaziyah Dist.,Khobar,26.2455074,50.2140193,بوفية شلالات صنعاء,26.266906,50.199611,Coffee Shop,,0.8729052555055589,Coffee Shop
11921,Sinaiyah Al Fawaziyah Dist.,Khobar,26.2455074,50.2140193,//maps.app.goo.gl/gjsuy2dvwhrx9quv8?g_st=ic (eastern mood cafe استرن مود كافيه 059 000 1215 https),26.22511,50.197357,Café,,0.6951480891919332,Coffee Shop
11922,Sinaiyah Al Fawaziyah Dist.,Khobar,26.2455074,50.2140193,Flat White (فلات وايت),26.22408,50.196317,Coffee Shop,,0.0517152776907361,Coffee Shop
11923,Sinaiyah Al Fawaziyah Dist.,Khobar,26.2455074,50.2140193,كوفي ماله أسم,26.219706,50.221538,Coffee Shop,,0.3884113792529971,Coffee Shop
11924,As Sahil Dist.,Khobar,26.2723205,50.2179337,Vicoli Boutique (ڤيكولي بوتيك),26.272916,50.216325,Café,8.8,0.9573342692052192,Coffee Shop
11925,As Sahil Dist.,Khobar,26.2723205,50.2179337,Shathrat Cafe (شذرات كافيه),26.275161,50.218922,Café,8.9,0.9707957835629144,Coffee Shop
11926,As Sahil Dist.,Khobar,26.2723205,50.2179337,Starbucks (ستاربكس),26.268738,50.216005,Coffee Shop,9.1,0.9853352217891028,Coffee Shop
11927,As Sahil Dist.,Khobar,26.2723205,50.2179337,Starbucks Reserve (ستاربكس ريزيرڤ),26.28304,50.219394,Coffee Shop,9.4,0.9891956933181254,Coffee Shop
11928,As Sahil Dist.,Khobar,26.2723205,50.2179337,QAF Coffee Roasters (محمصة ومقهى قاف),26.283475,50.220952,Coffee Shop,9.4,0.9883433814221074,Coffee Shop
11929,As Sahil Dist.,Khobar,26.2723205,50.2179337,Cafe De Paris,26.278431,50.218478,Restaurant,8.4,0.9841570259328428,Coffee Shop
11930,As Sahil Dist.,Khobar,26.2723205,50.2179337,Soir,26.282272,50.221471,Café,9.0,0.9933945828058608,Coffee Shop
11931,As Sahil Dist.,Khobar,26.2723205,50.2179337,Methods (ميثودز),26.282662,50.220466,Coffee Shop,9.0,0.9525462817893536,Coffee Shop
11932,As Sahil Dist.,Khobar,26.2723205,50.2179337,Koffiqa Coffee Roasters (مقهى و محمصة كوفيكا),26.283817,50.220222,Coffee Shop,9.2,0.994572778662121,Coffee Shop
11933,As Sahil Dist.,Khobar,26.2723205,50.2179337,24 Cafe (قهوة ٢٤),26.284406,50.218504,Coffee Shop,9.2,0.9969918403669956,Coffee Shop
11934,As Sahil Dist.,Khobar,26.2723205,50.2179337,Tea time,26.277549,50.211453,Coffee Shop,8.5,0.975671508968076,Coffee Shop
11935,As Sahil Dist.,Khobar,26.2723205,50.2179337,Tea Time (وقت الشاي),26.282608,50.217619,Tea Room,8.8,0.98940877129213,Coffee Shop
11936,As Sahil Dist.,Khobar,26.2723205,50.2179337,ارابيا كافيه,26.28406,50.210689,Coffee Shop,9.4,0.9851221438150984,Coffee Shop
11937,As Sahil Dist.,Khobar,26.2723205,50.2179337,Black Horse Coffee Roasters (محمصة الخيل الأسود),26.28542,50.218593,Coffee Shop,8.9,0.9783913866362508,Coffee Shop
11938,As Sahil Dist.,Khobar,26.2723205,50.2179337,MANTO ROSE (Manto Rose),26.281672,50.222398,Café,8.5,0.9681511098855646,Coffee Shop
11939,As Sahil Dist.,Khobar,26.2723205,50.2179337,Maskob (مسكُوب),26.288521,50.21792,Tea Room,9.1,0.9954626925535516,Coffee Shop
11940,As Sahil Dist.,Khobar,26.2723205,50.2179337,Maramia (مرَاميّه),26.289403,50.216415,Tea Room,9.3,0.9648296002907888,Coffee Shop
11941,As Sahil Dist.,Khobar,26.2723205,50.2179337,Dyjor Roasters (محمصة دَيْجُور),26.288549,50.21758,Coffee Shop,9.1,0.9940463507263452,Coffee Shop
11942,As Sahil Dist.,Khobar,26.2723205,50.2179337,ستاربكس,26.266237,50.213014,Coffee Shop,8.1,0.993645262775278,Coffee Shop
11943,As Sahil Dist.,Khobar,26.2723205,50.2179337,Starbucks (ستاربكس),26.288657,50.216227,Coffee Shop,8.8,0.9818006342203226,Coffee Shop
11944,As Sahil Dist.,Khobar,26.2723205,50.2179337,ALMASAA TEA (شاي المساء),26.284622,50.218689,Tea Room,8.3,0.9914518130428788,Coffee Shop
11945,As Sahil Dist.,Khobar,26.2723205,50.2179337,Barn's (بارن كافيه),26.266281,50.203846,Coffee Shop,8.4,0.9807979143426544,Coffee Shop
11946,As Sahil Dist.,Khobar,26.2723205,50.2179337,Unleash Coffee,26.281435,50.20057,Coffee Shop,8.8,0.9731897772708472,Coffee Shop
11947,As Sahil Dist.,Khobar,26.2723205,50.2179337,Cesario Coffee,26.255965,50.220532,Coffee Shop,8.6,0.9915896870260582,Coffee Shop
11948,As Sahil Dist.,Khobar,26.2723205,50.2179337,Shahil (شهل),26.291851,50.20881,Tea Room,9.1,0.9855733677600492,Coffee Shop
11949,As Sahil Dist.,Khobar,26.2723205,50.2179337,Iraqi Tea (جاي عراقي),26.293538,50.219764,Coffee Shop,9.0,0.994647982652946,Coffee Shop
11950,As Sahil Dist.,Khobar,26.2723205,50.2179337,كيف التوأم,26.296096,50.21861,Tea Room,9.5,0.9989095421330358,Coffee Shop
11951,As Sahil Dist.,Khobar,26.2723205,50.2179337,SunRoom Cafe and Restaurant,26.271953,50.221238,Café,7.6,0.9772382587769324,Coffee Shop
11952,As Sahil Dist.,Khobar,26.2723205,50.2179337,Line Espresso Bar (لاين اسبريسو بار),26.296109,50.21903,Coffee Shop,9.3,0.9976060062920672,Coffee Shop
11953,As Sahil Dist.,Khobar,26.2723205,50.2179337,Tell A Tale (تيل ا تيل),26.296472,50.219226,Café,9.3,0.9840818219420178,Coffee Shop
11954,As Sahil Dist.,Khobar,26.2723205,50.2179337,Meem Coffee (مِيم),26.289472,50.216453,Coffee Shop,8.4,0.9644410463381924,Coffee Shop
11955,As Sahil Dist.,Khobar,26.2723205,50.2179337,Half Million (هاف مليون),26.295131436248678,50.22073713345232,Coffee Shop,9.0,0.999235426093278,Coffee Shop
11956,As Sahil Dist.,Khobar,26.2723205,50.2179337,Andes Coffee Roasters (محمصة و مقهى أنديز),26.29783,50.219115,Coffee Shop,9.6,0.9987089981575022,Coffee Shop
11957,As Sahil Dist.,Khobar,26.2723205,50.2179337,شاهي T1,26.2968,50.217331,Café,9.2,0.982439868142336,Coffee Shop
11958,As Sahil Dist.,Khobar,26.2723205,50.2179337,sdf (سدف),26.298113,50.21815,Tea Room,9.5,0.9950992065978967,Coffee Shop
11959,As Sahil Dist.,Khobar,26.2723205,50.2179337,Maramia Villa (مرَاميّة ڤيلا),26.298142,50.212785,Tea Room,9.5,0.9863254076683002,Coffee Shop
11960,As Sahil Dist.,Khobar,26.2723205,50.2179337,شاهي أم عبدالله,26.29659,50.22304,Coffee Shop,9.1,0.9572089292205106,Coffee Shop
11961,As Sahil Dist.,Khobar,26.2723205,50.2179337,UMQ Coffee (قهوة عُمق),26.297826,50.212496,Coffee Shop,9.3,0.9927428148853766,Coffee Shop
11962,As Sahil Dist.,Khobar,26.2723205,50.2179337,Sallel (صليل),26.29815,50.212928,Tea Room,9.4,0.9714726194803404,Coffee Shop
11963,As Sahil Dist.,Khobar,26.2723205,50.2179337,ZOLIEA (زُولِية),26.298005,50.209832,Coffee Shop,9.4,0.995851246506148,Coffee Shop
11964,As Sahil Dist.,Khobar,26.2723205,50.2179337,Caffè Nero,26.274295,50.200446,Coffee Shop,8.2,0.9851096098166277,Coffee Shop
11965,As Sahil Dist.,Khobar,26.2723205,50.2179337,ستاربكس,26.289013,50.21912,Coffee Shop,8.2,0.9749570710552372,Coffee Shop
11966,As Sahil Dist.,Khobar,26.2723205,50.2179337,chaichi (چايچي),26.296435,50.208783,Tea Room,8.8,0.98396901595578,Coffee Shop
11967,As Sahil Dist.,Khobar,26.2723205,50.2179337,Balalet (بلاليط),26.297512,50.212848,Tea Room,8.6,0.9791559605429728,Coffee Shop
11968,As Sahil Dist.,Khobar,26.2723205,50.2179337,صهوه,26.297769,50.219131,Tea Room,8.6,0.987365729541381,Coffee Shop
11969,As Sahil Dist.,Khobar,26.2723205,50.2179337,Coffee Valley (وادي القهوة),26.250352,50.202656,Coffee Shop,8.5,0.9833924520261208,Coffee Shop
11970,As Sahil Dist.,Khobar,26.2723205,50.2179337,Mondo (موندو),26.286802,50.218348,Café,7.8,0.9449130767206046,Coffee Shop
11971,As Sahil Dist.,Khobar,26.2723205,50.2179337,Blue Sky,26.285347,50.194241,Coffee Shop,8.4,0.9851973478059236,Coffee Shop
11972,As Sahil Dist.,Khobar,26.2723205,50.2179337,Tea Tree (تي تري),26.297154,50.215054,Tea Room,7.8,0.9858240477294662,Coffee Shop
11973,As Sahil Dist.,Khobar,26.2723205,50.2179337,Costa Coffee (كوستا كوفى),26.291703,50.22019,Coffee Shop,7.6,0.9701064136470176,Coffee Shop
11974,Ishbiliya Dist.,Khobar,26.2338311,50.2168459,Espresso Station (اسبريسو ستيشن),26.241778,50.214466,Coffee Shop,8.7,0.9679129639146185,Coffee Shop
11975,Ishbiliya Dist.,Khobar,26.2338311,50.2168459,Al Seef Cafe (السيف كافيه),26.222482,50.219322,Café,9.4,0.994322098692704,Coffee Shop
11976,Ishbiliya Dist.,Khobar,26.2338311,50.2168459,كيان,26.22556,50.213289,Coffee Shop,8.6,0.9872654575536142,Coffee Shop
11977,Ishbiliya Dist.,Khobar,26.2338311,50.2168459,Starbucks (ستاربكس),26.220389,50.212872,Coffee Shop,9.3,0.9939962147324618,Coffee Shop
11978,Ishbiliya Dist.,Khobar,26.2338311,50.2168459,Buna (بُنة),26.220496,50.212667,Coffee Shop,9.2,0.9976436082874798,Coffee Shop
11979,Ishbiliya Dist.,Khobar,26.2338311,50.2168459,The Sky Cafè,26.217394,50.21289,Coffee Shop,9.0,0.965995262148578,Coffee Shop
11980,Ishbiliya Dist.,Khobar,26.2338311,50.2168459,3nb W Teen (عنب و تين),26.222911,50.215749,Café,8.0,0.965055212263264,Coffee Shop
11981,Ishbiliya Dist.,Khobar,26.2338311,50.2168459,Boston’s Cafe (بوسطن كافيه),26.211082,50.212599,Coffee Shop,8.8,0.9260744770189138,Coffee Shop
11982,Ishbiliya Dist.,Khobar,26.2338311,50.2168459,Coffee Valley (وادي القهوة),26.250352,50.202656,Coffee Shop,8.5,0.9833924520261208,Coffee Shop
11983,Ishbiliya Dist.,Khobar,26.2338311,50.2168459,Worthy Coffee,26.211083,50.212834,Coffee Shop,8.7,0.9747189250842913,Coffee Shop
11984,Ishbiliya Dist.,Khobar,26.2338311,50.2168459,Cesario Coffee,26.255965,50.220532,Coffee Shop,8.6,0.9915896870260582,Coffee Shop
11985,Ishbiliya Dist.,Khobar,26.2338311,50.2168459,The Coffeze (مقهى القهوات),26.208865,50.208698,Coffee Shop,8.8,0.9910381910933408,Coffee Shop
11986,Ishbiliya Dist.,Khobar,26.2338311,50.2168459,ELK Specialty Coffee,26.217432,50.207278,Coffee Shop,8.1,0.9628366945339232,Coffee Shop
11987,Ishbiliya Dist.,Khobar,26.2338311,50.2168459,Tim Hortons,26.231281,50.194123,Coffee Shop,8.1,0.9975809382951256,Coffee Shop
11988,Ishbiliya Dist.,Khobar,26.2338311,50.2168459,مقادير,26.220527,50.212721,Coffee Shop,7.4,0.2794580299061203,Coffee Shop
11989,Ishbiliya Dist.,Khobar,26.2338311,50.2168459,PAUSE (بوز),26.219945,50.212449,Coffee Shop,7.3,0.9874158655352644,Coffee Shop
11990,Ishbiliya Dist.,Khobar,26.2338311,50.2168459,Le Paumé Café,26.217517,50.212858,Café,6.9,0.0674329117731847,Coffee Shop
11991,Ishbiliya Dist.,Khobar,26.2338311,50.2168459,Derby Cafe (مقهى دربي),26.22408,50.196451,Coffee Shop,7.0,0.9638394144115916,Coffee Shop
11992,Ishbiliya Dist.,Khobar,26.2338311,50.2168459,Erorr,26.233959,50.220225,Café,,0.0383289673238659,Coffee Shop
11993,Ishbiliya Dist.,Khobar,26.2338311,50.2168459,Sun Room Cafe & Restaurant,26.255705,50.220895,Café,6.2,0.6812854868831706,Coffee Shop
11994,Ishbiliya Dist.,Khobar,26.2338311,50.2168459,Mq Cafe,26.220757,50.212734,Café,,0.0473785142198212,Coffee Shop
11995,Ishbiliya Dist.,Khobar,26.2338311,50.2168459,Aziz Bar,26.220498,50.212856,Restaurant,,0.4728450923128987,Coffee Shop
11996,Ishbiliya Dist.,Khobar,26.2338311,50.2168459,كوفي ماله أسم,26.219706,50.221538,Coffee Shop,,0.3884113792529971,Coffee Shop
11997,Ishbiliya Dist.,Khobar,26.2338311,50.2168459,شاهي وكرك وجباتي,26.218035,50.214424,Café,,0.9715728914681072,Coffee Shop
11998,Ishbiliya Dist.,Khobar,26.2338311,50.2168459,شاي المساء,26.21683,50.215456,Tea Room,,0.8699096298710252,Coffee Shop
11999,Ishbiliya Dist.,Khobar,26.2338311,50.2168459,Road Café (قهوة الطريق),26.21837,50.208501,Coffee Shop,,0.9835177920108292,Coffee Shop
12000,Ishbiliya Dist.,Khobar,26.2338311,50.2168459,Barn’s,26.215248,50.212912,Coffee Shop,,0.933018312171766,Coffee Shop
12001,Ishbiliya Dist.,Khobar,26.2338311,50.2168459,Road Cafe,26.23006,50.19547,Coffee Shop,,0.9339458280586088,Coffee Shop
12002,Ishbiliya Dist.,Khobar,26.2338311,50.2168459,//maps.app.goo.gl/gjsuy2dvwhrx9quv8?g_st=ic (eastern mood cafe استرن مود كافيه 059 000 1215 https),26.22511,50.197357,Café,,0.6951480891919332,Coffee Shop
12003,Ishbiliya Dist.,Khobar,26.2338311,50.2168459,Moroccan Taste (المذاق المغربي),26.231637,50.194252,Coffee Shop,,0.3313613175739192,Coffee Shop
12004,Ishbiliya Dist.,Khobar,26.2338311,50.2168459,ديوانية زمان البركة,26.217195,50.203506,Coffee Shop,,0.939786671346026,Coffee Shop
12005,Ishbiliya Dist.,Khobar,26.2338311,50.2168459,Barn’s (بارنز),26.231466,50.194055,Coffee Shop,,0.9788676785781432,Coffee Shop
12006,Ishbiliya Dist.,Khobar,26.2338311,50.2168459,Moroccan Taste,26.231445,50.194065,Tea Room,,0.6514295025256007,Coffee Shop
12007,Ishbiliya Dist.,Khobar,26.2338311,50.2168459,Coffee Vally,26.215078,50.207103,Coffee Shop,,0.9935449907875112,Coffee Shop
12008,Ishbiliya Dist.,Khobar,26.2338311,50.2168459,Art,26.254266,50.212366,Café,,0.2053068949525588,Coffee Shop
12009,Ishbiliya Dist.,Khobar,26.2338311,50.2168459,Barn’s,26.215015,50.206951,Coffee Shop,,0.9745434491056992,Coffee Shop
12010,Ishbiliya Dist.,Khobar,26.2338311,50.2168459,Flat White (فلات وايت),26.22408,50.196317,Coffee Shop,,0.0517152776907361,Coffee Shop
12011,Ishbiliya Dist.,Khobar,26.2338311,50.2168459,Blue Sky,26.254914,50.214438,Coffee Shop,,0.9633129864758156,Coffee Shop
12012,Ishbiliya Dist.,Khobar,26.2338311,50.2168459,Aquab cafe Ramada Hotel,26.255103,50.218399,Café,,0.6609428073649775,Coffee Shop
12013,Ishbiliya Dist.,Khobar,26.2338311,50.2168459,كافيه ذكريات,26.254626,50.209183,Café,,0.2496772495393755,Coffee Shop
12014,Ishbiliya Dist.,Khobar,26.2338311,50.2168459,ورقة ربيع,26.213501,50.207837,Coffee Shop,,0.7362094681824449,Coffee Shop
12015,Ishbiliya Dist.,Khobar,26.2338311,50.2168459,Ceasario,26.255672,50.220532,Café,,0.8878583156812855,Coffee Shop
12016,Ishbiliya Dist.,Khobar,26.2338311,50.2168459,Gfs,26.211021,50.212851,Coffee Shop,,0.1324843638369076,Coffee Shop
12017,Ishbiliya Dist.,Khobar,26.2338311,50.2168459,زاوية شاي بخار,26.213557,50.202575,Tea Room,,0.8661368963312986,Coffee Shop
12018,Ishbiliya Dist.,Khobar,26.2338311,50.2168459,سنقيلي,26.209927,50.220798,Café,,0.9708584535552688,Coffee Shop
12019,Ishbiliya Dist.,Khobar,26.2338311,50.2168459,Darts Cafe (دارتس كافيه),26.255207,50.203506,Coffee Shop,,0.9558677913841296,Coffee Shop
12020,Ishbiliya Dist.,Khobar,26.2338311,50.2168459,حي الجسر للعطارة,26.210258,50.206033,Coffee Shop,,0.4157276612812253,Coffee Shop
12021,Ishbiliya Dist.,Khobar,26.2338311,50.2168459,دكان وافل,26.210136,50.203625,Café,,0.9566448992893224,Coffee Shop
12022,Al Buhayrah Dist.,Khobar,26.1898711,50.1789707,Half Million (هاف مليون),26.184086,50.183927,Coffee Shop,9.2,0.9987466001529148,Coffee Shop
12023,Al Buhayrah Dist.,Khobar,26.1898711,50.1789707,Al-Seef Cafe (السيف كافيه),26.183073,50.184394,Café,9.0,0.980233884411466,Coffee Shop
12024,Al Buhayrah Dist.,Khobar,26.1898711,50.1789707,Tea Time (وقت الشاي),26.193107,50.189713,Tea Room,9.0,0.9952245465826052,Coffee Shop
12025,Al Buhayrah Dist.,Khobar,26.1898711,50.1789707,La Prep (لا بريب),26.187943,50.187529,Coffee Shop,8.5,0.9608813907724704,Coffee Shop
12026,Al Buhayrah Dist.,Khobar,26.1898711,50.1789707,Bakerista (بيكريستا),26.192277,50.189341,Coffee Shop,8.6,0.611383377411228,Coffee Shop
12027,Al Buhayrah Dist.,Khobar,26.1898711,50.1789707,ديوانية اللقاء,26.189311,50.188527,Café,8.4,0.938871689457654,Coffee Shop
12028,Al Buhayrah Dist.,Khobar,26.1898711,50.1789707,3 Degrees Coffee,26.185528,50.185863,Coffee Shop,8.2,0.9148314803905594,Coffee Shop
12029,Al Buhayrah Dist.,Khobar,26.1898711,50.1789707,ALDEERAH COFFEE (ديوانية الديرة),26.196845,50.193274,Café,8.8,0.990160811200381,Coffee Shop
12030,Al Buhayrah Dist.,Khobar,26.1898711,50.1789707,ستاربكس,26.178883,50.16414,Coffee Shop,9.1,0.9998102787680564,Coffee Shop
12031,Al Buhayrah Dist.,Khobar,26.1898711,50.1789707,A PLUS (اي بلس),26.18675,50.159541,Coffee Shop,9.2,0.9999292776252756,Coffee Shop
12032,Al Buhayrah Dist.,Khobar,26.1898711,50.1789707,كيف الشرق,26.184672,50.164675,Café,8.5,0.9977103917482588,Coffee Shop
12033,Al Buhayrah Dist.,Khobar,26.1898711,50.1789707,Blue Sky,26.191371,50.189756,Coffee Shop,8.1,0.9796698544802778,Coffee Shop
12034,Al Buhayrah Dist.,Khobar,26.1898711,50.1789707,Starbucks (ستاربكس),26.201824,50.19527,Coffee Shop,8.9,0.8868555958036173,Coffee Shop
12035,Al Buhayrah Dist.,Khobar,26.1898711,50.1789707,UMQ Coffee (قهوة عُمق),26.201283,50.198941,Coffee Shop,9.2,0.9997242520336412,Coffee Shop
12036,Al Buhayrah Dist.,Khobar,26.1898711,50.1789707,Shrq Coffee Roasters (مقهى ومحمصة شرق),26.177522,50.157961,Coffee Shop,9.4,0.9999942231093694,Coffee Shop
12037,Al Buhayrah Dist.,Khobar,26.1898711,50.1789707,Starbucks (ستاربكس),26.205635,50.19663,Coffee Shop,9.2,0.9931564368349148,Coffee Shop
12038,Al Buhayrah Dist.,Khobar,26.1898711,50.1789707,Dose Coffee Roasters (محمصة و مقهى دوز),26.202823,50.195657,Coffee Shop,8.7,0.9839564819573092,Coffee Shop
12039,Al Buhayrah Dist.,Khobar,26.1898711,50.1789707,Pastel (باستيل),26.191002,50.189381,Coffee Shop,7.9,0.9541757015905644,Coffee Shop
12040,Al Buhayrah Dist.,Khobar,26.1898711,50.1789707,Whole Bean (هول بين),26.208876,50.187166,Coffee Shop,8.8,0.994735720642242,Coffee Shop
12041,Al Buhayrah Dist.,Khobar,26.1898711,50.1789707,Art Sweet,26.175021,50.162254,Coffee Shop,8.8,0.9970171648725858,Coffee Shop
12042,Al Buhayrah Dist.,Khobar,26.1898711,50.1789707,شاهي وذذ نكهة,26.184033,50.164815,Café,8.2,0.9955524813335812,Coffee Shop
12043,Al Buhayrah Dist.,Khobar,26.1898711,50.1789707,Compass Cafe (بوصلة القهوة),26.208436,50.190999,Coffee Shop,8.7,0.9602922928443404,Coffee Shop
12044,Al Buhayrah Dist.,Khobar,26.1898711,50.1789707,ستاربكس,26.209074,50.195728,Coffee Shop,8.9,0.9980822982339596,Coffee Shop
12045,Al Buhayrah Dist.,Khobar,26.1898711,50.1789707,Tea Leaves (ورق الشاي),26.201635,50.201512,Café,8.7,0.9490242282190442,Coffee Shop
12046,Al Buhayrah Dist.,Khobar,26.1898711,50.1789707,KYAN (كيان),26.203972,50.196309,Coffee Shop,8.4,0.8953912487622676,Coffee Shop
12047,Al Buhayrah Dist.,Khobar,26.1898711,50.1789707,The lake cafe (مقهى البحيرة),26.183352,50.165139,Café,8.0,0.9808083295128236,Coffee Shop
12048,Al Buhayrah Dist.,Khobar,26.1898711,50.1789707,Moroccan Taste (المذاق المغربي),26.203164,50.197101,Tea Room,8.2,0.9892834313074214,Coffee Shop
12049,Al Buhayrah Dist.,Khobar,26.1898711,50.1789707,ديوانية المتكى الشعبي,26.2045,50.197517,Café,8.1,0.9819635762004436,Coffee Shop
12050,Al Buhayrah Dist.,Khobar,26.1898711,50.1789707,Dunkin,26.168849,50.16189,Coffee Shop,8.1,0.9998875160502764,Coffee Shop
12051,Al Buhayrah Dist.,Khobar,26.1898711,50.1789707,ستاربكس,26.184758,50.161466,Coffee Shop,7.5,0.9827846877787842,Coffee Shop
12052,Al Buhayrah Dist.,Khobar,26.1898711,50.1789707,Maa Ward,26.196442,50.19833,Café,7.5,0.8606595389995363,Coffee Shop
12053,Al Buhayrah Dist.,Khobar,26.1898711,50.1789707,Bon cafe,26.215957,50.179174,Café,7.5,0.937283174144368,Coffee Shop
12054,Al Buhayrah Dist.,Khobar,26.1898711,50.1789707,Coffee & Tea (قهوة وشاي),26.185573,50.184967,Coffee Shop,5.9,0.8289109208728677,Coffee Shop
12055,Al Buhayrah Dist.,Khobar,26.1898711,50.1789707,Nada stories Cafe,26.183888,50.164586,Café,6.1,0.9501880097962832,Coffee Shop
12056,Al Buhayrah Dist.,Khobar,26.1898711,50.1789707,Barista Kurdi,26.188669,50.181677,Café,,0.8917939912011331,Coffee Shop
12057,Al Buhayrah Dist.,Khobar,26.1898711,50.1789707,Coffee Valley (وادي القهوة),26.185603,50.184841,Coffee Shop,,0.928869558677914,Coffee Shop
12058,Al Buhayrah Dist.,Khobar,26.1898711,50.1789707,Perfect Coffee,26.18831,50.186725,Coffee Shop,,0.8717771956431821,Coffee Shop
12059,Al Buhayrah Dist.,Khobar,26.1898711,50.1789707,شاهي ابو عبدالعزيز,26.184881,50.184499,Tea Room,,0.0852061216048531,Coffee Shop
12060,Al Buhayrah Dist.,Khobar,26.1898711,50.1789707,Coffee Location,26.188295,50.18726,Coffee Shop,,0.5532130905080029,Coffee Shop
12061,Al Buhayrah Dist.,Khobar,26.1898711,50.1789707,After Caf,26.185433,50.186353,Café,,0.7033202561949288,Coffee Shop
12062,Al Buhayrah Dist.,Khobar,26.1898711,50.1789707,24 Cafe,26.191456,50.190312,Café,,0.3874258927340411,Coffee Shop
12063,Al Buhayrah Dist.,Khobar,26.1898711,50.1789707,صناع القهوه,26.185303,50.165158,Coffee Shop,,0.4154980742213381,Coffee Shop
12064,Al Buhayrah Dist.,Khobar,26.1898711,50.1789707,Le café,26.184964,50.164657,Coffee Shop,,0.978659249851665,Coffee Shop
12065,Al Buhayrah Dist.,Khobar,26.1898711,50.1789707,حاسة القهوه,26.184872,50.164799,Coffee Shop,,0.8614801386301059,Coffee Shop
12066,Al Buhayrah Dist.,Khobar,26.1898711,50.1789707,كيف النشاما,26.184242,50.164788,Coffee Shop,,0.3715226776676987,Coffee Shop
12067,Al Buhayrah Dist.,Khobar,26.1898711,50.1789707,Crebarista Coffee,26.184085,50.164962,Coffee Shop,,0.1122169403118681,Coffee Shop
12068,Al Buhayrah Dist.,Khobar,26.1898711,50.1789707,الشاي المخدر,26.184242,50.164788,Café,,0.9451935188376897,Coffee Shop
12069,Al Buhayrah Dist.,Khobar,26.1898711,50.1789707,شاي مشكل,26.183858,50.164712,Café,,0.58494310717061,Coffee Shop
12070,Al Buhayrah Dist.,Khobar,26.1898711,50.1789707,بارنز,26.186395,50.159646,Coffee Shop,,0.9960306908130516,Coffee Shop
12071,Al Buhayrah Dist.,Khobar,26.1898711,50.1789707,قهوة الطريق,26.197467,50.197829,Water Park,,0.5877317222967299,Coffee Shop
12072,Ash Sheraa Dist.,Khobar,26.1546913,50.1522684,آرت سويت,26.152038,50.159797,Coffee Shop,8.3,0.972951631299901,Coffee Shop
12073,Ash Sheraa Dist.,Khobar,26.1546913,50.1522684,Derby Cafe (مقهى دربي),26.156956,50.161336,Coffee Shop,7.9,0.9966784904052242,Coffee Shop
12074,Ash Sheraa Dist.,Khobar,26.1546913,50.1522684,Shrq Coffee Roasters (مقهى ومحمصة شرق),26.177522,50.157961,Coffee Shop,9.4,0.9999942231093694,Coffee Shop
12075,Ash Sheraa Dist.,Khobar,26.1546913,50.1522684,Ozone Coffee (أوزون كوفي),26.154863,50.161281,Coffee Shop,7.8,0.1460336161838988,Coffee Shop
12076,Ash Sheraa Dist.,Khobar,26.1546913,50.1522684,Art Sweet,26.175021,50.162254,Coffee Shop,8.8,0.9970171648725858,Coffee Shop
12077,Ash Sheraa Dist.,Khobar,26.1546913,50.1522684,ستاربكس,26.178883,50.16414,Coffee Shop,9.1,0.9998102787680564,Coffee Shop
12078,Ash Sheraa Dist.,Khobar,26.1546913,50.1522684,Dunkin,26.168849,50.16189,Coffee Shop,8.1,0.9998875160502764,Coffee Shop
12079,Ash Sheraa Dist.,Khobar,26.1546913,50.1522684,شاي الفيشاوي - العزيزية,26.163151,50.163543,Tea Room,7.7,0.426268753995212,Coffee Shop
12080,Ash Sheraa Dist.,Khobar,26.1546913,50.1522684,شاي ابو ياسر,26.14716,50.162612,Coffee Shop,7.0,0.9042026496872768,Coffee Shop
12081,Ash Sheraa Dist.,Khobar,26.1546913,50.1522684,كوستا كوفي,26.145521,50.151304,Coffee Shop,6.3,0.9350112179286314,Coffee Shop
12082,Ash Sheraa Dist.,Khobar,26.1546913,50.1522684,Samrah (سمرة),26.153744,50.144731,Bubble Tea Shop,,0.9819416434795764,Coffee Shop
12083,Ash Sheraa Dist.,Khobar,26.1546913,50.1522684,Sameah,26.153812,50.144651,Coffee Shop,,0.2698699143480531,Coffee Shop
12084,Ash Sheraa Dist.,Khobar,26.1546913,50.1522684,سمّره,26.153587,50.144548,Tea Room,,0.9954290289263166,Coffee Shop
12085,Ash Sheraa Dist.,Khobar,26.1546913,50.1522684,ديوانية الذوق المتميز,26.157339,50.160941,Coffee Shop,,0.1372222152588897,Coffee Shop
12086,Ash Sheraa Dist.,Khobar,26.1546913,50.1522684,مانتو روز,26.157051,50.161293,Coffee Shop,,0.6949600792148704,Coffee Shop
12087,Ash Sheraa Dist.,Khobar,26.1546913,50.1522684,شاهي ام عبدالله,26.156604,50.161842,Tea Room,,0.9407643232267524,Coffee Shop
12088,Ash Sheraa Dist.,Khobar,26.1546913,50.1522684,القهوة المثالية,26.151289,50.161468,Café,,0.9681385758870936,Coffee Shop
12089,Ash Sheraa Dist.,Khobar,26.1546913,50.1522684,شاهي ابوهزاع,26.150829,50.161707,Tea Room,,0.3124349798829324,Coffee Shop
12090,Ash Sheraa Dist.,Khobar,26.1546913,50.1522684,تلقيمة وجمر,26.152934,50.162912,Tea Room,,0.8831956682501285,Coffee Shop
12091,Ash Sheraa Dist.,Khobar,26.1546913,50.1522684,Twins Mood,26.152127,50.16279,Tea Room,,0.2451900780868104,Coffee Shop
12092,Ash Sheraa Dist.,Khobar,26.1546913,50.1522684,مقهى ليالي العزيزية,26.155763,50.163419,Coffee Shop,,0.903337803792788,Coffee Shop
12093,Ash Sheraa Dist.,Khobar,26.1546913,50.1522684,Cafe Bowl - Sara Village,26.144828,50.150601,Café,,0.0655277440056152,Coffee Shop
12094,Ash Sheraa Dist.,Khobar,26.1546913,50.1522684,شاي التاج,26.151587,50.163364,Café,,0.3092012082774525,Coffee Shop
12095,Ash Sheraa Dist.,Khobar,26.1546913,50.1522684,شاي بحر,26.149484,50.16247,Tea Room,,0.3436571700738252,Coffee Shop
12096,Ash Sheraa Dist.,Khobar,26.1546913,50.1522684,عساف كوفي,26.148711,50.162381,Bubble Tea Shop,,0.1972726019327425,Coffee Shop
12097,Ash Sheraa Dist.,Khobar,26.1546913,50.1522684,شاي جمر وهيل,26.148251,50.16262,Coffee Shop,,0.5829061328854518,Coffee Shop
12098,Ash Sheraa Dist.,Khobar,26.1546913,50.1522684,مهيلة اصل الكيف,26.147467,50.162531,Tea Room,,0.3435318300891167,Coffee Shop
12099,Ash Sheraa Dist.,Khobar,26.1546913,50.1522684,شاي أبو سند,26.147836,50.16267,Tea Room,,0.9078124412468822,Coffee Shop
12100,Ash Sheraa Dist.,Khobar,26.1546913,50.1522684,شاي مناحي,26.14716,50.162376,Café,,0.6508153366005289,Coffee Shop
12101,Ash Sheraa Dist.,Khobar,26.1546913,50.1522684,شاي أم تركي,26.146945,50.162314,Tea Room,,0.7949813870122708,Coffee Shop
12102,Ash Sheraa Dist.,Khobar,26.1546913,50.1522684,الفيشاوي,26.16183,50.1633,Tea Room,,0.873394081445922,Coffee Shop
12103,Ash Sheraa Dist.,Khobar,26.1546913,50.1522684,قهوة الفيشاوي - العزيزية,26.163458,50.163463,Coffee Shop,,0.3015680032087036,Coffee Shop
12104,Ash Sheraa Dist.,Khobar,26.1546913,50.1522684,شاي الشهري,26.171289,50.162467,Tea Room,,0.9839118431220456,Coffee Shop
12105,Ash Sheraa Dist.,Khobar,26.1546913,50.1522684,كيان,26.173235,50.157257,Coffee Shop,,0.9996179617526576,Coffee Shop
12106,Ash Sheraa Dist.,Khobar,26.1546913,50.1522684,ارياف التوت,26.174006,50.153909,Café,,0.9834545780522184,Coffee Shop
12107,Ash Sheraa Dist.,Khobar,26.1546913,50.1522684,شاهي المذاق السعودي,26.173456,50.163255,Coffee Shop,,0.9578146251784124,Coffee Shop
12108,Ash Sheraa Dist.,Khobar,26.1546913,50.1522684,بارنز,26.176269,50.162423,Coffee Shop,,0.9999138301688316,Coffee Shop
12109,Ash Sheraa Dist.,Khobar,26.1546913,50.1522684,Mr Tea (مستر شاي),26.17847,50.158178,Tea Room,,0.9987779458674808,Coffee Shop
12110,Ash Sheraa Dist.,Khobar,26.1546913,50.1522684,كوفي لاين,26.177481,50.16326,Coffee Shop,,0.9439564753281598,Coffee Shop
12111,Ash Sheraa Dist.,Khobar,26.1546913,50.1522684,Rahal Tea,26.17904,50.157268,Tea Room,,0.9454976326836622,Coffee Shop
12112,Ash Sheraa Dist.,Khobar,26.1546913,50.1522684,Coffee & Tea (قهوة وشاي),26.17765,50.163274,Coffee Shop,,0.9809115246295952,Coffee Shop
12113,Ash Sheraa Dist.,Khobar,26.1546913,50.1522684,ستاربكس,26.178814,50.164082,Coffee Shop,,0.2408892390651667,Coffee Shop
12114,Al Kawthar Dist.,Khobar,26.1515575,50.1212872,Gravity Coffee,26.162757,50.114196,Coffee Shop,8.9,0.9928339071414456,Coffee Shop
12115,Al Kawthar Dist.,Khobar,26.1515575,50.1212872,ستاربكس,26.148155,50.092715,Coffee Shop,7.4,0.2577992805484878,Coffee Shop
12116,Al Kawthar Dist.,Khobar,26.1515575,50.1212872,PMU's Jamoka Cafè,26.147147,50.092093,Coffee Shop,7.0,0.9750573430430042,Coffee Shop
12117,Al Kawthar Dist.,Khobar,26.1515575,50.1212872,سمّره,26.153587,50.144548,Tea Room,,0.9954290289263166,Coffee Shop
12118,Al Kawthar Dist.,Khobar,26.1515575,50.1212872,Sameah,26.153812,50.144651,Coffee Shop,,0.2698699143480531,Coffee Shop
12119,Al Kawthar Dist.,Khobar,26.1515575,50.1212872,Samrah (سمرة),26.153744,50.144731,Bubble Tea Shop,,0.9819416434795764,Coffee Shop
12120,Al Kawthar Dist.,Khobar,26.1515575,50.1212872,شاي جمر - طريق الخالدية,26.173941,50.120283,Coffee Shop,,0.3706104379252106,Coffee Shop
12121,Al Kawthar Dist.,Khobar,26.1515575,50.1212872,Segafredo Zanetti,26.148362,50.09254,Coffee Shop,,0.1320582078888986,Coffee Shop
12122,Al Kawthar Dist.,Khobar,26.1515575,50.1212872,Sand Speciality Coffee,26.147454,50.092498,Coffee Shop,,0.8609227529674242,Coffee Shop
12123,Ar Raja Dist.,Khobar,26.1718976,50.1295393,Gravity Coffee,26.162757,50.114196,Coffee Shop,8.9,0.9928339071414456,Coffee Shop
12124,Ar Raja Dist.,Khobar,26.1718976,50.1295393,Shrq Coffee Roasters (مقهى ومحمصة شرق),26.177522,50.157961,Coffee Shop,9.4,0.9999942231093694,Coffee Shop
12125,Ar Raja Dist.,Khobar,26.1718976,50.1295393,شاي جمر - طريق الخالدية,26.173941,50.120283,Coffee Shop,,0.3706104379252106,Coffee Shop
12126,Ar Raja Dist.,Khobar,26.1718976,50.1295393,ارياف التوت,26.174006,50.153909,Café,,0.9834545780522184,Coffee Shop
12127,Ar Raja Dist.,Khobar,26.1718976,50.1295393,Sameah,26.153812,50.144651,Coffee Shop,,0.2698699143480531,Coffee Shop
12128,Ar Raja Dist.,Khobar,26.1718976,50.1295393,Samrah (سمرة),26.153744,50.144731,Bubble Tea Shop,,0.9819416434795764,Coffee Shop
12129,Ar Raja Dist.,Khobar,26.1718976,50.1295393,سمّره,26.153587,50.144548,Tea Room,,0.9954290289263166,Coffee Shop
12130,Ar Raja Dist.,Khobar,26.1718976,50.1295393,كيان,26.173235,50.157257,Coffee Shop,,0.9996179617526576,Coffee Shop
12131,Ar Raja Dist.,Khobar,26.1718976,50.1295393,Rahal Tea,26.17904,50.157268,Tea Room,,0.9454976326836622,Coffee Shop
12132,Ar Raja Dist.,Khobar,26.1718976,50.1295393,Mr Tea (مستر شاي),26.17847,50.158178,Tea Room,,0.9987779458674808,Coffee Shop
12133,As Sawari Dist.,Khobar,26.1966783,50.1458825,A PLUS (اي بلس),26.18675,50.159541,Coffee Shop,9.2,0.9999292776252756,Coffee Shop
12134,As Sawari Dist.,Khobar,26.1966783,50.1458825,Shrq Coffee Roasters (مقهى ومحمصة شرق),26.177522,50.157961,Coffee Shop,9.4,0.9999942231093694,Coffee Shop
12135,As Sawari Dist.,Khobar,26.1966783,50.1458825,ستاربكس,26.178883,50.16414,Coffee Shop,9.1,0.9998102787680564,Coffee Shop
12136,As Sawari Dist.,Khobar,26.1966783,50.1458825,كيف الشرق,26.184672,50.164675,Café,8.5,0.9977103917482588,Coffee Shop
12137,As Sawari Dist.,Khobar,26.1966783,50.1458825,Art Sweet,26.175021,50.162254,Coffee Shop,8.8,0.9970171648725858,Coffee Shop
12138,As Sawari Dist.,Khobar,26.1966783,50.1458825,مقهى الفيشاوي,26.184964,50.164657,Café,8.1,0.9428050163260784,Coffee Shop
12139,As Sawari Dist.,Khobar,26.1966783,50.1458825,شاهي وذذ نكهة,26.184033,50.164815,Café,8.2,0.9955524813335812,Coffee Shop
12140,As Sawari Dist.,Khobar,26.1966783,50.1458825,The lake cafe (مقهى البحيرة),26.183352,50.165139,Café,8.0,0.9808083295128236,Coffee Shop
12141,As Sawari Dist.,Khobar,26.1966783,50.1458825,ستاربكس,26.184758,50.161466,Coffee Shop,7.5,0.9827846877787842,Coffee Shop
12142,As Sawari Dist.,Khobar,26.1966783,50.1458825,Nada stories Cafe,26.183888,50.164586,Café,6.1,0.9501880097962832,Coffee Shop
12143,As Sawari Dist.,Khobar,26.1966783,50.1458825,Stay Tuned (قريبًا),26.186678,50.159556,Coffee Shop,,0.4998977337665238,Coffee Shop
12144,As Sawari Dist.,Khobar,26.1966783,50.1458825,بارنز,26.186395,50.159646,Coffee Shop,,0.9960306908130516,Coffee Shop
12145,As Sawari Dist.,Khobar,26.1966783,50.1458825,N'storeis cafe,26.184444,50.15848,Café,,0.9970642961564972,Coffee Shop
12146,As Sawari Dist.,Khobar,26.1966783,50.1458825,حارة الشاي,26.181601,50.158439,Tea Room,,0.9976510959105086,Coffee Shop
12147,As Sawari Dist.,Khobar,26.1966783,50.1458825,Rahal Tea,26.17904,50.157268,Tea Room,,0.9454976326836622,Coffee Shop
12148,As Sawari Dist.,Khobar,26.1966783,50.1458825,Le café,26.184964,50.164657,Coffee Shop,,0.978659249851665,Coffee Shop
12149,As Sawari Dist.,Khobar,26.1966783,50.1458825,صناع القهوه,26.185303,50.165158,Coffee Shop,,0.4154980742213381,Coffee Shop
12150,As Sawari Dist.,Khobar,26.1966783,50.1458825,حاسة القهوه,26.184872,50.164799,Coffee Shop,,0.8614801386301059,Coffee Shop
12151,As Sawari Dist.,Khobar,26.1966783,50.1458825,الشاي المخدر,26.184242,50.164788,Café,,0.9451935188376897,Coffee Shop
12152,As Sawari Dist.,Khobar,26.1966783,50.1458825,كيف النشاما,26.184242,50.164788,Coffee Shop,,0.3715226776676987,Coffee Shop
12153,As Sawari Dist.,Khobar,26.1966783,50.1458825,Crebarista Coffee,26.184085,50.164962,Coffee Shop,,0.1122169403118681,Coffee Shop
12154,As Sawari Dist.,Khobar,26.1966783,50.1458825,شاي مشكل,26.183858,50.164712,Café,,0.58494310717061,Coffee Shop
12155,As Sawari Dist.,Khobar,26.1966783,50.1458825,Mr Tea (مستر شاي),26.17847,50.158178,Tea Room,,0.9987779458674808,Coffee Shop
12156,As Sawari Dist.,Khobar,26.1966783,50.1458825,ارياف التوت,26.174006,50.153909,Café,,0.9834545780522184,Coffee Shop
12157,As Sawari Dist.,Khobar,26.1966783,50.1458825,ستاربكس,26.178814,50.164082,Coffee Shop,,0.2408892390651667,Coffee Shop
12158,As Sawari Dist.,Khobar,26.1966783,50.1458825,Coffee & Tea (قهوة وشاي),26.17765,50.163274,Coffee Shop,,0.9809115246295952,Coffee Shop
12159,As Sawari Dist.,Khobar,26.1966783,50.1458825,كوفي لاين,26.177481,50.16326,Coffee Shop,,0.9439564753281598,Coffee Shop
12160,As Sawari Dist.,Khobar,26.1966783,50.1458825,بارنز,26.176269,50.162423,Coffee Shop,,0.9999138301688316,Coffee Shop
12161,As Sawari Dist.,Khobar,26.1966783,50.1458825,كيان,26.173235,50.157257,Coffee Shop,,0.9996179617526576,Coffee Shop
12162,Al Aqiq Dist.,Khobar,26.1036384,50.1458254,Euro Village Café,26.116615,50.159469,Café,,0.972104234957085,Coffee Shop
12163,Al Aqiq Dist.,Khobar,26.1036384,50.1458254,Sparkle Coffee,26.125032,50.142943,Coffee Shop,,0.9717107654512868,Coffee Shop
12164,Al Aqiq Dist.,Khobar,26.1036384,50.1458254,Greeno Cafe,26.090369,50.124864,Coffee Shop,,0.5729792060965369,Coffee Shop
12165,Ad Dawhah Al Janubiyah Dist.,Dhahran,26.3174339,50.1636098,Starbucks (ستاربكس),26.3234,50.16423,Coffee Shop,9.2,0.9881303034481028,Coffee Shop
12166,Ad Dawhah Al Janubiyah Dist.,Dhahran,26.3174339,50.1636098,Tim Hortons,26.323339,50.164955,Coffee Shop,8.5,0.9823395961545692,Coffee Shop
12167,Ad Dawhah Al Janubiyah Dist.,Dhahran,26.3174339,50.1636098,8Oz Coffee,26.304103,50.168187,Coffee Shop,9.3,0.9954376245566098,Coffee Shop
12168,Ad Dawhah Al Janubiyah Dist.,Dhahran,26.3174339,50.1636098,ديوانية الساحل,26.323848,50.16618,Café,8.3,0.973039369289197,Coffee Shop
12169,Ad Dawhah Al Janubiyah Dist.,Dhahran,26.3174339,50.1636098,Karak Time (وقت الكرك),26.322425,50.158048,Tea Room,8.3,0.9836055300001252,Coffee Shop
12170,Ad Dawhah Al Janubiyah Dist.,Dhahran,26.3174339,50.1636098,Tulum (تولوم),26.308906,50.169742,Coffee Shop,8.5,0.9908627151147488,Coffee Shop
12171,Ad Dawhah Al Janubiyah Dist.,Dhahran,26.3174339,50.1636098,Starbucks (ستاربكس),26.307338,50.173058,Coffee Shop,8.8,0.9931815048318564,Coffee Shop
12172,Ad Dawhah Al Janubiyah Dist.,Dhahran,26.3174339,50.1636098,ZOYA (زويا),26.303561,50.169328,Coffee Shop,9.0,0.9972801223318252,Coffee Shop
12173,Ad Dawhah Al Janubiyah Dist.,Dhahran,26.3174339,50.1636098,Starbucks (ستاربكس),26.33079,50.162701,Coffee Shop,8.7,0.9804469623854706,Coffee Shop
12174,Ad Dawhah Al Janubiyah Dist.,Dhahran,26.3174339,50.1636098,Dunkin' Donuts (دانكن دونتس),26.308587,50.176686,"Cafe, Coffee, and Tea House",8.9,0.991689959013825,Coffee Shop
12175,Ad Dawhah Al Janubiyah Dist.,Dhahran,26.3174339,50.1636098,Gravity Lounge,26.307034,50.176208,Café,9.0,0.9977438802752466,Coffee Shop
12176,Ad Dawhah Al Janubiyah Dist.,Dhahran,26.3174339,50.1636098,Mound,26.305497,50.178332,Coffee Shop,9.3,0.9937956707569282,Coffee Shop
12177,Ad Dawhah Al Janubiyah Dist.,Dhahran,26.3174339,50.1636098,Barn's (بارن كافيه),26.322756,50.179696,Coffee Shop,8.8,0.9936076607798654,Coffee Shop
12178,Ad Dawhah Al Janubiyah Dist.,Dhahran,26.3174339,50.1636098,AlShabba (الشبّة),26.30368,50.175089,Café,9.0,0.959728262913152,Coffee Shop
12179,Ad Dawhah Al Janubiyah Dist.,Dhahran,26.3174339,50.1636098,Density Coffee Roasters (محمصة ومقهى دينسيتي),26.328687,50.180382,Coffee Shop,9.1,0.9964779464296906,Coffee Shop
12180,Ad Dawhah Al Janubiyah Dist.,Dhahran,26.3174339,50.1636098,Caffeination (كافينيشن),26.307375,50.178835,Coffee Shop,8.8,0.9934196508028026,Coffee Shop
12181,Ad Dawhah Al Janubiyah Dist.,Dhahran,26.3174339,50.1636098,Beyond,26.32838,50.180226,Coffee Shop,9.1,0.9967536943960492,Coffee Shop
12182,Ad Dawhah Al Janubiyah Dist.,Dhahran,26.3174339,50.1636098,Lily (ليلي),26.306108,50.1722,Coffee Shop,8.5,0.995337352568843,Coffee Shop
12183,Ad Dawhah Al Janubiyah Dist.,Dhahran,26.3174339,50.1636098,A Plus (آي بلس),26.299565,50.174274,Coffee Shop,9.2,0.999059950114686,Coffee Shop
12184,Ad Dawhah Al Janubiyah Dist.,Dhahran,26.3174339,50.1636098,Boad Coffee Roasters (مقهى و محمصة بُعد),26.305397,50.178167,Coffee Shop,8.8,0.994071418723287,Coffee Shop
12185,Ad Dawhah Al Janubiyah Dist.,Dhahran,26.3174339,50.1636098,the usual (ذي يوجول),26.305565,50.183432,Coffee Shop,9.4,0.9961395284709776,Coffee Shop
12186,Ad Dawhah Al Janubiyah Dist.,Dhahran,26.3174339,50.1636098,Marks & Spencer Coffee (ماركس & سبنسر كافيه),26.307846,50.17381,Coffee Shop,8.3,0.9929809608563228,Coffee Shop
12187,Ad Dawhah Al Janubiyah Dist.,Dhahran,26.3174339,50.1636098,llama (لاما),26.303217,50.181088,Coffee Shop,9.2,0.9985335221789104,Coffee Shop
12188,Ad Dawhah Al Janubiyah Dist.,Dhahran,26.3174339,50.1636098,7 Grams (٧ جرام),26.305571,50.183189,Coffee Shop,9.3,0.9943973026835292,Coffee Shop
12189,Ad Dawhah Al Janubiyah Dist.,Dhahran,26.3174339,50.1636098,Ben’s Cookies,26.303537,50.170626,Coffee Shop,8.5,0.9948610606269506,Coffee Shop
12190,Ad Dawhah Al Janubiyah Dist.,Dhahran,26.3174339,50.1636098,Spark Coffee Drive Thru,26.332617,50.161098,Coffee Shop,8.4,0.9948986626223632,Coffee Shop
12191,Ad Dawhah Al Janubiyah Dist.,Dhahran,26.3174339,50.1636098,Van Houtte Café (فان هوت كافيه),26.300607,50.172346,Café,8.7,0.97617286890691,Coffee Shop
12192,Ad Dawhah Al Janubiyah Dist.,Dhahran,26.3174339,50.1636098,KYAN (كيان),26.330769,50.161804,Coffee Shop,8.1,0.9780780366744796,Coffee Shop
12193,Ad Dawhah Al Janubiyah Dist.,Dhahran,26.3174339,50.1636098,Starbucks (ستاربكس),26.339998,50.151536,Coffee Shop,9.3,0.998342810386436,Coffee Shop
12194,Ad Dawhah Al Janubiyah Dist.,Dhahran,26.3174339,50.1636098,Tim Hortons,26.299082,50.181486,Coffee Shop,9.1,0.985234949801336,Coffee Shop
12195,Ad Dawhah Al Janubiyah Dist.,Dhahran,26.3174339,50.1636098,Starbucks (ستاربكس),26.30203,50.17745,Coffee Shop,8.6,0.9869270395949012,Coffee Shop
12196,Ad Dawhah Al Janubiyah Dist.,Dhahran,26.3174339,50.1636098,Dunkin‘ Dontus (دانكن دونتس),26.314114,50.14771,Bakery,8.1,0.992480502128453,Coffee Shop
12197,Ad Dawhah Al Janubiyah Dist.,Dhahran,26.3174339,50.1636098,La Pazzia (لا بازيا),26.306224,50.18003,Coffee Shop,8.3,0.9729140293044884,Coffee Shop
12198,Ad Dawhah Al Janubiyah Dist.,Dhahran,26.3174339,50.1636098,ATYPICAL (اتيبكل),26.30599,50.190239,Coffee Shop,9.0,0.9997743880275246,Coffee Shop
12199,Ad Dawhah Al Janubiyah Dist.,Dhahran,26.3174339,50.1636098,Matter Speciality Coffee (ماتر للقهوة المختصة),26.302638,50.176674,Coffee Shop,8.3,0.9740796911622776,Coffee Shop
12200,Ad Dawhah Al Janubiyah Dist.,Dhahran,26.3174339,50.1636098,DE FLORÉ (دي فلور),26.305748,50.183144,Coffee Shop,8.4,0.9898349272401388,Coffee Shop
12201,Ad Dawhah Al Janubiyah Dist.,Dhahran,26.3174339,50.1636098,Road Cafe (قهوة الطريق),26.294645,50.171079,General Contractor,8.6,0.9716104934635198,Coffee Shop
12202,Ad Dawhah Al Janubiyah Dist.,Dhahran,26.3174339,50.1636098,ديوانية كيف القيصيرية,26.333111,50.149566,Café,8.3,0.9882028814384406,Coffee Shop
12203,Ad Dawhah Al Janubiyah Dist.,Dhahran,26.3174339,50.1636098,SCRIPT (سكربت),26.33814,50.152793,Coffee Shop,8.5,0.9834177464292744,Coffee Shop
12204,Ad Dawhah Al Janubiyah Dist.,Dhahran,26.3174339,50.1636098,Dose (دوز),26.338853,50.152406,Coffee Shop,8.4,0.994976643983884,Coffee Shop
12205,Ad Dawhah Al Janubiyah Dist.,Dhahran,26.3174339,50.1636098,Sword (سورد),26.306253,50.183136,Coffee Shop,8.2,0.9733151172555556,Coffee Shop
12206,Ad Dawhah Al Janubiyah Dist.,Dhahran,26.3174339,50.1636098,Overdose (أوڤردوز),26.300645,50.171967,Coffee Shop,8.1,0.95631901532908,Coffee Shop
12207,Ad Dawhah Al Janubiyah Dist.,Dhahran,26.3174339,50.1636098,Toss Eatery & Cafe (مطعم ومقهى توس),26.295908,50.177339,Café,8.4,0.8691074539688907,Coffee Shop
12208,Ad Dawhah Al Janubiyah Dist.,Dhahran,26.3174339,50.1636098,Toast & Tonic (توست آند تونك),26.328825,50.18005,Café,8.0,0.2265018863667698,Coffee Shop
12209,Ad Dawhah Al Janubiyah Dist.,Dhahran,26.3174339,50.1636098,Krispy Kreme (كرسبي كريم),26.309626,50.171926,Café,7.6,0.9784039206347216,Coffee Shop
12210,Ad Dawhah Al Janubiyah Dist.,Dhahran,26.3174339,50.1636098,Notes Cafe (نوتس كافيه),26.307699,50.168844,Café,7.5,0.6641139089781031,Coffee Shop
12211,Ad Dawhah Al Janubiyah Dist.,Dhahran,26.3174339,50.1636098,The Coffee Bike,26.302722,50.180471,Coffee Shop,8.0,0.8793602647180477,Coffee Shop
12212,Ad Dawhah Al Janubiyah Dist.,Dhahran,26.3174339,50.1636098,شاي عطرة,26.29863,50.180933,Tea Room,7.9,0.9779150946943584,Coffee Shop
12213,Ad Dawhah Al Janubiyah Dist.,Dhahran,26.3174339,50.1636098,Tim Hortons (تيم هورتنز),26.310303,50.136601,Coffee Shop,7.8,0.978094647654474,Coffee Shop
12214,Ad Dawhah Al Janubiyah Dist.,Dhahran,26.3174339,50.1636098,Coffee Valley (وادي القهوه),26.293647,50.172109,Coffee Shop,7.8,0.977112918792224,Coffee Shop
12215,Ad Danah Ash Shamaliyah Dist.,Dhahran,26.3373843,50.1492764,Starbucks (ستاربكس),26.339998,50.151536,Coffee Shop,9.3,0.998342810386436,Coffee Shop
12216,Ad Danah Ash Shamaliyah Dist.,Dhahran,26.3373843,50.1492764,SCRIPT (سكربت),26.33814,50.152793,Coffee Shop,8.5,0.9834177464292744,Coffee Shop
12217,Ad Danah Ash Shamaliyah Dist.,Dhahran,26.3373843,50.1492764,Studenttainment Coffee,26.342945,50.148161,Coffee Shop,8.8,0.9453023853173,Coffee Shop
12218,Ad Danah Ash Shamaliyah Dist.,Dhahran,26.3373843,50.1492764,Dose (دوز),26.338853,50.152406,Coffee Shop,8.4,0.994976643983884,Coffee Shop
12219,Ad Danah Ash Shamaliyah Dist.,Dhahran,26.3373843,50.1492764,Brewhèmian Coffee (بروهيميان كوفي),26.345095,50.146177,Coffee Shop,9.2,0.9921904939460792,Coffee Shop
12220,Ad Danah Ash Shamaliyah Dist.,Dhahran,26.3373843,50.1492764,Yakah Café (ياكا),26.343459,50.148298,Coffee Shop,8.5,0.9067727268019348,Coffee Shop
12221,Ad Danah Ash Shamaliyah Dist.,Dhahran,26.3373843,50.1492764,ديوانية كيف القيصيرية,26.333111,50.149566,Café,8.3,0.9882028814384406,Coffee Shop
12222,Ad Danah Ash Shamaliyah Dist.,Dhahran,26.3373843,50.1492764,MAYFAIR (مايفير),26.339357,50.152117,Coffee Shop,8.1,0.8806305606479612,Coffee Shop
12223,Ad Danah Ash Shamaliyah Dist.,Dhahran,26.3373843,50.1492764,Buzz Coffee,26.345095,50.146413,Coffee Shop,8.4,0.9909890314762452,Coffee Shop
12224,Ad Danah Ash Shamaliyah Dist.,Dhahran,26.3373843,50.1492764,Funzilla Play Cafe,26.343838,50.147829,Indoor Play Area,8.2,0.8987146423059793,Coffee Shop
12225,Ad Danah Ash Shamaliyah Dist.,Dhahran,26.3373843,50.1492764,Third Coffee (قهوة ثيرد),26.343683,50.14773,Coffee Shop,8.1,0.870024547121151,Coffee Shop
12226,Ad Danah Ash Shamaliyah Dist.,Dhahran,26.3373843,50.1492764,Starbucks (ستاربكس),26.335379,50.131182,Coffee Shop,9.3,0.9994199836352524,Coffee Shop
12227,Ad Danah Ash Shamaliyah Dist.,Dhahran,26.3373843,50.1492764,Starbucks (ستاربكس),26.33079,50.162701,Coffee Shop,8.7,0.9804469623854706,Coffee Shop
12228,Ad Danah Ash Shamaliyah Dist.,Dhahran,26.3373843,50.1492764,Spark Coffee Drive Thru,26.332617,50.161098,Coffee Shop,8.4,0.9948986626223632,Coffee Shop
12229,Ad Danah Ash Shamaliyah Dist.,Dhahran,26.3373843,50.1492764,ستاربكس,26.331385,50.132707,Coffee Shop,8.8,0.9393261452733844,Coffee Shop
12230,Ad Danah Ash Shamaliyah Dist.,Dhahran,26.3373843,50.1492764,Graph Cafe,26.348718,50.142632,Coffee Shop,8.4,0.9983531678215208,Coffee Shop
12231,Ad Danah Ash Shamaliyah Dist.,Dhahran,26.3373843,50.1492764,ستاربكس,26.344072,50.138527,Coffee Shop,8.3,0.9282436897326746,Coffee Shop
12232,Ad Danah Ash Shamaliyah Dist.,Dhahran,26.3373843,50.1492764,Starbucks (ستاربكس),26.3234,50.16423,Coffee Shop,9.2,0.9881303034481028,Coffee Shop
12233,Ad Danah Ash Shamaliyah Dist.,Dhahran,26.3373843,50.1492764,KYAN (كيان),26.330769,50.161804,Coffee Shop,8.1,0.9780780366744796,Coffee Shop
12234,Ad Danah Ash Shamaliyah Dist.,Dhahran,26.3373843,50.1492764,Nass (نص إثراء),26.335985,50.120734,Coffee Shop,9.5,0.9990989031476244,Coffee Shop
12235,Ad Danah Ash Shamaliyah Dist.,Dhahran,26.3373843,50.1492764,Majlis Cafe (مجلس كافيه),26.345095,50.146413,Café,7.8,0.9519932883820652,Coffee Shop
12236,Ad Danah Ash Shamaliyah Dist.,Dhahran,26.3373843,50.1492764,Tim Hortons,26.323339,50.164955,Coffee Shop,8.5,0.9823395961545692,Coffee Shop
12237,Ad Danah Ash Shamaliyah Dist.,Dhahran,26.3373843,50.1492764,Karak Time (وقت الكرك),26.322425,50.158048,Tea Room,8.3,0.9836055300001252,Coffee Shop
12238,Ad Danah Ash Shamaliyah Dist.,Dhahran,26.3373843,50.1492764,Sunday Night (صنداي نايت),26.345325,50.146175,Coffee Shop,7.7,0.9661726170131228,Coffee Shop
12239,Ad Danah Ash Shamaliyah Dist.,Dhahran,26.3373843,50.1492764,ديوانية الساحل,26.323848,50.16618,Café,8.3,0.973039369289197,Coffee Shop
12240,Ad Danah Ash Shamaliyah Dist.,Dhahran,26.3373843,50.1492764,Scratch (سكراتش),26.339645,50.152042,Coffee Shop,7.3,0.8859957120218749,Coffee Shop
12241,Ad Danah Ash Shamaliyah Dist.,Dhahran,26.3373843,50.1492764,Dunkin‘ Dontus (دانكن دونتس),26.314114,50.14771,Bakery,8.1,0.992480502128453,Coffee Shop
12242,Ad Danah Ash Shamaliyah Dist.,Dhahran,26.3373843,50.1492764,ستاربكس,26.346513,50.136052,Coffee Shop,7.5,0.9963852551554132,Coffee Shop
12243,Ad Danah Ash Shamaliyah Dist.,Dhahran,26.3373843,50.1492764,Derby Caffee (دربي كافيه),26.33231,50.161652,Coffee Shop,7.2,0.9671233220109547,Coffee Shop
12244,Ad Danah Ash Shamaliyah Dist.,Dhahran,26.3373843,50.1492764,Starbucks (ستاربكس),26.3612,50.160909,Coffee Shop,7.6,0.9250950294669028,Coffee Shop
12245,Ad Danah Ash Shamaliyah Dist.,Dhahran,26.3373843,50.1492764,Jamoka Café,26.334765,50.131817,Coffee Shop,7.2,0.3252752488373779,Coffee Shop
12246,Ad Danah Ash Shamaliyah Dist.,Dhahran,26.3373843,50.1492764,10°,26.335103,50.122491,Coffee Shop,7.4,0.9497042952283296,Coffee Shop
12247,Ad Danah Ash Shamaliyah Dist.,Dhahran,26.3373843,50.1492764,Bint Al-Qadi Cafè (قهوة بنت القاضي),26.314222,50.147741,Bakery,7.1,0.2698008265233197,Coffee Shop
12248,Ad Danah Ash Shamaliyah Dist.,Dhahran,26.3373843,50.1492764,Quantum Specialty Coffee,26.339917,50.151947,Coffee Shop,6.4,0.9703984505277112,Coffee Shop
12249,Ad Danah Ash Shamaliyah Dist.,Dhahran,26.3373843,50.1492764,INNER CIRCLE (إنِر سيركل),26.335506,50.12296,Coffee Shop,7.0,0.900485763705476,Coffee Shop
12250,Ad Danah Ash Shamaliyah Dist.,Dhahran,26.3373843,50.1492764,كرك بلال,26.347364,50.141561,Tea Room,6.0,0.9835834653906308,Coffee Shop
12251,Ad Danah Ash Shamaliyah Dist.,Dhahran,26.3373843,50.1492764,الشبة,26.334966,50.145238,Café,,0.8874561103688282,Coffee Shop
12252,Ad Danah Ash Shamaliyah Dist.,Dhahran,26.3373843,50.1492764,Road Cafè (قهوة الطريق),26.3348,50.153247,Coffee Shop,,0.907321670861428,Coffee Shop
12253,Ad Danah Ash Shamaliyah Dist.,Dhahran,26.3373843,50.1492764,Caf Dealer,26.343152,50.148477,Coffee Shop,,0.5068825156138334,Coffee Shop
12254,Ad Danah Ash Shamaliyah Dist.,Dhahran,26.3373843,50.1492764,كوستا كوفي,26.323616,50.164764,Coffee Shop,6.0,0.9009438100848552,Coffee Shop
12255,Ad Danah Ash Shamaliyah Dist.,Dhahran,26.3373843,50.1492764,Dunkin' Dounts (دانكن دونتس),26.333423,50.140443,Donut Shop,,0.9193466529948524,Coffee Shop
12256,Ad Danah Ash Shamaliyah Dist.,Dhahran,26.3373843,50.1492764,I Sweet Cafe,26.346078,50.145446,Café,,0.9027851142942962,Coffee Shop
12257,Ad Danah Ash Shamaliyah Dist.,Dhahran,26.3373843,50.1492764,Diwaniyah Alsofayan,26.330293,50.158578,Café,,0.1574395547923743,Coffee Shop
12258,Ad Danah Ash Shamaliyah Dist.,Dhahran,26.3373843,50.1492764,Spark,26.332417,50.161446,Coffee Shop,,0.294837246029856,Coffee Shop
12259,Ad Danah Ash Shamaliyah Dist.,Dhahran,26.3373843,50.1492764,Dantella,26.348194,50.143148,Café,,0.3476265937503237,Coffee Shop
12260,Ad Danah Ash Shamaliyah Dist.,Dhahran,26.3373843,50.1492764,قهوة ديوانيتي,26.347656,50.141071,Café,,0.1093745144952304,Coffee Shop
12261,Ad Danah Ash Shamaliyah Dist.,Dhahran,26.3373843,50.1492764,Roxy Cafe (روكسي كافيه),26.341795,50.165243,Café,,0.929196573760474,Coffee Shop
12262,Ad Danah Ash Shamaliyah Dist.,Dhahran,26.3373843,50.1492764,جباتي وكرك,26.32267,50.157511,Café,,0.937593221613627,Coffee Shop
12263,Ad Danah Ash Shamaliyah Dist.,Dhahran,26.3373843,50.1492764,دوز كافيه,26.325548,50.136522,Café,,0.9710613263731368,Coffee Shop
12264,Ad Danah Ash Shamaliyah Dist.,Dhahran,26.3373843,50.1492764,ستاربكس,26.331278,50.132222,Coffee Shop,,0.8049902122238449,Coffee Shop
12265,Al Qusur Dist.,Dhahran,26.3442374,50.1517397,Starbucks (ستاربكس),26.339998,50.151536,Coffee Shop,9.3,0.998342810386436,Coffee Shop
12266,Al Qusur Dist.,Dhahran,26.3442374,50.1517397,Brewhèmian Coffee (بروهيميان كوفي),26.345095,50.146177,Coffee Shop,9.2,0.9921904939460792,Coffee Shop
12267,Al Qusur Dist.,Dhahran,26.3442374,50.1517397,Studenttainment Coffee,26.342945,50.148161,Coffee Shop,8.8,0.9453023853173,Coffee Shop
12268,Al Qusur Dist.,Dhahran,26.3442374,50.1517397,Yakah Café (ياكا),26.343459,50.148298,Coffee Shop,8.5,0.9067727268019348,Coffee Shop
12269,Al Qusur Dist.,Dhahran,26.3442374,50.1517397,Buzz Coffee,26.345095,50.146413,Coffee Shop,8.4,0.9909890314762452,Coffee Shop
12270,Al Qusur Dist.,Dhahran,26.3442374,50.1517397,Dose (دوز),26.338853,50.152406,Coffee Shop,8.4,0.994976643983884,Coffee Shop
12271,Al Qusur Dist.,Dhahran,26.3442374,50.1517397,SCRIPT (سكربت),26.33814,50.152793,Coffee Shop,8.5,0.9834177464292744,Coffee Shop
12272,Al Qusur Dist.,Dhahran,26.3442374,50.1517397,Funzilla Play Cafe,26.343838,50.147829,Indoor Play Area,8.2,0.8987146423059793,Coffee Shop
12273,Al Qusur Dist.,Dhahran,26.3442374,50.1517397,Third Coffee (قهوة ثيرد),26.343683,50.14773,Coffee Shop,8.1,0.870024547121151,Coffee Shop
12274,Al Qusur Dist.,Dhahran,26.3442374,50.1517397,Graph Cafe,26.348718,50.142632,Coffee Shop,8.4,0.9983531678215208,Coffee Shop
12275,Al Qusur Dist.,Dhahran,26.3442374,50.1517397,MAYFAIR (مايفير),26.339357,50.152117,Coffee Shop,8.1,0.8806305606479612,Coffee Shop
12276,Al Qusur Dist.,Dhahran,26.3442374,50.1517397,ديوانية كيف القيصيرية,26.333111,50.149566,Café,8.3,0.9882028814384406,Coffee Shop
12277,Al Qusur Dist.,Dhahran,26.3442374,50.1517397,ستاربكس,26.344072,50.138527,Coffee Shop,8.3,0.9282436897326746,Coffee Shop
12278,Al Qusur Dist.,Dhahran,26.3442374,50.1517397,Starbucks (ستاربكس),26.33079,50.162701,Coffee Shop,8.7,0.9804469623854706,Coffee Shop
12279,Al Qusur Dist.,Dhahran,26.3442374,50.1517397,Starbucks (ستاربكس),26.335379,50.131182,Coffee Shop,9.3,0.9994199836352524,Coffee Shop
12280,Al Qusur Dist.,Dhahran,26.3442374,50.1517397,Spark Coffee Drive Thru,26.332617,50.161098,Coffee Shop,8.4,0.9948986626223632,Coffee Shop
12281,Al Qusur Dist.,Dhahran,26.3442374,50.1517397,Majlis Cafe (مجلس كافيه),26.345095,50.146413,Café,7.8,0.9519932883820652,Coffee Shop
12282,Al Qusur Dist.,Dhahran,26.3442374,50.1517397,Sunday Night (صنداي نايت),26.345325,50.146175,Coffee Shop,7.7,0.9661726170131228,Coffee Shop
12283,Al Qusur Dist.,Dhahran,26.3442374,50.1517397,Starbucks (ستاربكس),26.3234,50.16423,Coffee Shop,9.2,0.9881303034481028,Coffee Shop
12284,Al Qusur Dist.,Dhahran,26.3442374,50.1517397,ستاربكس,26.331385,50.132707,Coffee Shop,8.8,0.9393261452733844,Coffee Shop
12285,Al Qusur Dist.,Dhahran,26.3442374,50.1517397,KYAN (كيان),26.330769,50.161804,Coffee Shop,8.1,0.9780780366744796,Coffee Shop
12286,Al Qusur Dist.,Dhahran,26.3442374,50.1517397,Double A (دبل اي),26.34224,50.180956,Coffee Shop,8.9,0.9689156837922864,Coffee Shop
12287,Al Qusur Dist.,Dhahran,26.3442374,50.1517397,Tim Hortons,26.323339,50.164955,Coffee Shop,8.5,0.9823395961545692,Coffee Shop
12288,Al Qusur Dist.,Dhahran,26.3442374,50.1517397,Karak Time (وقت الكرك),26.322425,50.158048,Tea Room,8.3,0.9836055300001252,Coffee Shop
12289,Al Qusur Dist.,Dhahran,26.3442374,50.1517397,ديوانية الساحل,26.323848,50.16618,Café,8.3,0.973039369289197,Coffee Shop
12290,Al Qusur Dist.,Dhahran,26.3442374,50.1517397,Scratch (سكراتش),26.339645,50.152042,Coffee Shop,7.3,0.8859957120218749,Coffee Shop
12291,Al Qusur Dist.,Dhahran,26.3442374,50.1517397,ستاربكس,26.346513,50.136052,Coffee Shop,7.5,0.9963852551554132,Coffee Shop
12292,Al Qusur Dist.,Dhahran,26.3442374,50.1517397,Starbucks (ستاربكس),26.3612,50.160909,Coffee Shop,7.6,0.9250950294669028,Coffee Shop
12293,Al Qusur Dist.,Dhahran,26.3442374,50.1517397,Rosario Cafe,26.342594,50.181631,Café,7.8,0.3156687514884123,Coffee Shop
12294,Al Qusur Dist.,Dhahran,26.3442374,50.1517397,Derby Caffee (دربي كافيه),26.33231,50.161652,Coffee Shop,7.2,0.9671233220109547,Coffee Shop
12295,Al Qusur Dist.,Dhahran,26.3442374,50.1517397,Jamoka Café,26.334765,50.131817,Coffee Shop,7.2,0.3252752488373779,Coffee Shop
12296,Al Qusur Dist.,Dhahran,26.3442374,50.1517397,Sahara Hooka Lounge (صحارى لاونج),26.339935,50.180734,Hookah Bar,7.3,0.8662121003221238,Coffee Shop
12297,Al Qusur Dist.,Dhahran,26.3442374,50.1517397,ستاربكس,26.327805,50.147985,Coffee Shop,6.9,0.9202712357269092,Coffee Shop
12298,Al Qusur Dist.,Dhahran,26.3442374,50.1517397,Quantum Specialty Coffee,26.339917,50.151947,Coffee Shop,6.4,0.9703984505277112,Coffee Shop
12299,Al Qusur Dist.,Dhahran,26.3442374,50.1517397,La Mode Cafe,26.340917,50.179531,Café,6.5,0.9726257473396588,Coffee Shop
12300,Al Qusur Dist.,Dhahran,26.3442374,50.1517397,كرك بلال,26.347364,50.141561,Tea Room,6.0,0.9835834653906308,Coffee Shop
12301,Al Qusur Dist.,Dhahran,26.3442374,50.1517397,Caf Dealer,26.343152,50.148477,Coffee Shop,,0.5068825156138334,Coffee Shop
12302,Al Qusur Dist.,Dhahran,26.3442374,50.1517397,Villaggio,26.341098,50.150871,Café,,0.8566530984267056,Coffee Shop
12303,Al Qusur Dist.,Dhahran,26.3442374,50.1517397,ستاربكس,26.339614,50.151932,Coffee Shop,,0.9183419817916292,Coffee Shop
12304,Al Qusur Dist.,Dhahran,26.3442374,50.1517397,8 O'clock Cafe,26.340447,50.154904,Coffee Shop,,0.3803975183585537,Coffee Shop
12305,Al Qusur Dist.,Dhahran,26.3442374,50.1517397,Flat White (فلات وايت),26.345249,50.146255,Coffee Shop,,0.5177992521931869,Coffee Shop
12306,Al Qusur Dist.,Dhahran,26.3442374,50.1517397,I Sweet Cafe,26.346078,50.145446,Café,,0.9027851142942962,Coffee Shop
12307,Al Qusur Dist.,Dhahran,26.3442374,50.1517397,Dantella,26.348194,50.143148,Café,,0.3476265937503237,Coffee Shop
12308,Al Qusur Dist.,Dhahran,26.3442374,50.1517397,Road Cafè (قهوة الطريق),26.3348,50.153247,Coffee Shop,,0.907321670861428,Coffee Shop
12309,Al Qusur Dist.,Dhahran,26.3442374,50.1517397,Care Coffee,26.347702,50.141354,Café,,0.8875700421547608,Coffee Shop
12310,Al Qusur Dist.,Dhahran,26.3442374,50.1517397,Lenore Store,26.347567,50.141256,Coffee Shop,,0.961366767133787,Coffee Shop
12311,Al Qusur Dist.,Dhahran,26.3442374,50.1517397,قهوة ديوانيتي,26.347656,50.141071,Café,,0.1093745144952304,Coffee Shop
12312,Al Qusur Dist.,Dhahran,26.3442374,50.1517397,الشبة,26.334966,50.145238,Café,,0.8874561103688282,Coffee Shop
12313,Al Qusur Dist.,Dhahran,26.3442374,50.1517397,كوستا كوفي,26.323616,50.164764,Coffee Shop,6.0,0.9009438100848552,Coffee Shop
12314,Al Qusur Dist.,Dhahran,26.3442374,50.1517397,Roxy Cafe (روكسي كافيه),26.341795,50.165243,Café,,0.929196573760474,Coffee Shop
12315,Ad Dawhah Ash Shamaliyah Dist.,Dhahran,26.3360692,50.1678155,Starbucks (ستاربكس),26.33079,50.162701,Coffee Shop,8.7,0.9804469623854706,Coffee Shop
12316,Ad Dawhah Ash Shamaliyah Dist.,Dhahran,26.3360692,50.1678155,Spark Coffee Drive Thru,26.332617,50.161098,Coffee Shop,8.4,0.9948986626223632,Coffee Shop
12317,Ad Dawhah Ash Shamaliyah Dist.,Dhahran,26.3360692,50.1678155,Starbucks (ستاربكس),26.3234,50.16423,Coffee Shop,9.2,0.9881303034481028,Coffee Shop
12318,Ad Dawhah Ash Shamaliyah Dist.,Dhahran,26.3360692,50.1678155,Density Coffee Roasters (محمصة ومقهى دينسيتي),26.328687,50.180382,Coffee Shop,9.1,0.9964779464296906,Coffee Shop
12319,Ad Dawhah Ash Shamaliyah Dist.,Dhahran,26.3360692,50.1678155,Beyond,26.32838,50.180226,Coffee Shop,9.1,0.9967536943960492,Coffee Shop
12320,Ad Dawhah Ash Shamaliyah Dist.,Dhahran,26.3360692,50.1678155,Double A (دبل اي),26.34224,50.180956,Coffee Shop,8.9,0.9689156837922864,Coffee Shop
12321,Ad Dawhah Ash Shamaliyah Dist.,Dhahran,26.3360692,50.1678155,Starbucks (ستاربكس),26.339998,50.151536,Coffee Shop,9.3,0.998342810386436,Coffee Shop
12322,Ad Dawhah Ash Shamaliyah Dist.,Dhahran,26.3360692,50.1678155,KYAN (كيان),26.330769,50.161804,Coffee Shop,8.1,0.9780780366744796,Coffee Shop
12323,Ad Dawhah Ash Shamaliyah Dist.,Dhahran,26.3360692,50.1678155,Tim Hortons,26.323339,50.164955,Coffee Shop,8.5,0.9823395961545692,Coffee Shop
12324,Ad Dawhah Ash Shamaliyah Dist.,Dhahran,26.3360692,50.1678155,SCRIPT (سكربت),26.33814,50.152793,Coffee Shop,8.5,0.9834177464292744,Coffee Shop
12325,Ad Dawhah Ash Shamaliyah Dist.,Dhahran,26.3360692,50.1678155,Onda,26.343997,50.185243,Coffee Shop,8.9,0.9897722572477846,Coffee Shop
12326,Ad Dawhah Ash Shamaliyah Dist.,Dhahran,26.3360692,50.1678155,Barn's (بارن كافيه),26.322756,50.179696,Coffee Shop,8.8,0.9936076607798654,Coffee Shop
12327,Ad Dawhah Ash Shamaliyah Dist.,Dhahran,26.3360692,50.1678155,Dose (دوز),26.338853,50.152406,Coffee Shop,8.4,0.994976643983884,Coffee Shop
12328,Ad Dawhah Ash Shamaliyah Dist.,Dhahran,26.3360692,50.1678155,ديوانية الساحل,26.323848,50.16618,Café,8.3,0.973039369289197,Coffee Shop
12329,Ad Dawhah Ash Shamaliyah Dist.,Dhahran,26.3360692,50.1678155,The HUB (ذا هب),26.334396,50.189335,Coffee Shop,8.9,0.9473321384254793,Coffee Shop
12330,Ad Dawhah Ash Shamaliyah Dist.,Dhahran,26.3360692,50.1678155,Studenttainment Coffee,26.342945,50.148161,Coffee Shop,8.8,0.9453023853173,Coffee Shop
12331,Ad Dawhah Ash Shamaliyah Dist.,Dhahran,26.3360692,50.1678155,Brewhèmian Coffee (بروهيميان كوفي),26.345095,50.146177,Coffee Shop,9.2,0.9921904939460792,Coffee Shop
12332,Ad Dawhah Ash Shamaliyah Dist.,Dhahran,26.3360692,50.1678155,Wogard Coffee Roasters (محمصة ومقهى ووقارد),26.346074,50.191229,Coffee Shop,9.1,0.9584121930737124,Coffee Shop
12333,Ad Dawhah Ash Shamaliyah Dist.,Dhahran,26.3360692,50.1678155,ديوانية كيف القيصيرية,26.333111,50.149566,Café,8.3,0.9882028814384406,Coffee Shop
12334,Ad Dawhah Ash Shamaliyah Dist.,Dhahran,26.3360692,50.1678155,Karak Time (وقت الكرك),26.322425,50.158048,Tea Room,8.3,0.9836055300001252,Coffee Shop
12335,Ad Dawhah Ash Shamaliyah Dist.,Dhahran,26.3360692,50.1678155,The Barking Lot,26.335582,50.193452,Pet Café,8.8,0.972525475351892,Coffee Shop
12336,Ad Dawhah Ash Shamaliyah Dist.,Dhahran,26.3360692,50.1678155,Toast & Tonic (توست آند تونك),26.328825,50.18005,Café,8.0,0.2265018863667698,Coffee Shop
12337,Ad Dawhah Ash Shamaliyah Dist.,Dhahran,26.3360692,50.1678155,ستاربكس,26.345831,50.19578,Coffee Shop,9.1,0.9816502262386724,Coffee Shop
12338,Ad Dawhah Ash Shamaliyah Dist.,Dhahran,26.3360692,50.1678155,AlZaman AlJameel Cafe (مقهى الزمن الجميل),26.343926,50.195572,Lounge,8.8,0.9858115137309952,Coffee Shop
12339,Ad Dawhah Ash Shamaliyah Dist.,Dhahran,26.3360692,50.1678155,Buzz Coffee,26.345095,50.146413,Coffee Shop,8.4,0.9909890314762452,Coffee Shop
12340,Ad Dawhah Ash Shamaliyah Dist.,Dhahran,26.3360692,50.1678155,Dallat Alfaris Cafe (مقهى دلة الفارس),26.342778,50.182055,Café,8.0,0.983469533604698,Coffee Shop
12341,Ad Dawhah Ash Shamaliyah Dist.,Dhahran,26.3360692,50.1678155,Third Coffee (قهوة ثيرد),26.343683,50.14773,Coffee Shop,8.1,0.870024547121151,Coffee Shop
12342,Ad Dawhah Ash Shamaliyah Dist.,Dhahran,26.3360692,50.1678155,Graph Cafe,26.348718,50.142632,Coffee Shop,8.4,0.9983531678215208,Coffee Shop
12343,Ad Dawhah Ash Shamaliyah Dist.,Dhahran,26.3360692,50.1678155,Madame Banquet (مدام بانكويت),26.334297,50.188749,Restaurant,7.9,0.9979193562538384,Coffee Shop
12344,Ad Dawhah Ash Shamaliyah Dist.,Dhahran,26.3360692,50.1678155,Note Music Center & Cafe (مركز ومقهى نوت للموسيقى),26.336032,50.192987,Café,7.9,0.8971084065527744,Coffee Shop
12345,Ad Dawhah Ash Shamaliyah Dist.,Dhahran,26.3360692,50.1678155,Derby Caffee (دربي كافيه),26.33231,50.161652,Coffee Shop,7.2,0.9671233220109547,Coffee Shop
12346,Ad Dawhah Ash Shamaliyah Dist.,Dhahran,26.3360692,50.1678155,Majlis Cafe (مجلس كافيه),26.345095,50.146413,Café,7.8,0.9519932883820652,Coffee Shop
12347,Ad Dawhah Ash Shamaliyah Dist.,Dhahran,26.3360692,50.1678155,Sunday Night (صنداي نايت),26.345325,50.146175,Coffee Shop,7.7,0.9661726170131228,Coffee Shop
12348,Ad Dawhah Ash Shamaliyah Dist.,Dhahran,26.3360692,50.1678155,La Mode Co,26.336461,50.197177,Coffee Shop,7.8,0.9536492736547886,Coffee Shop
12349,Ad Dawhah Ash Shamaliyah Dist.,Dhahran,26.3360692,50.1678155,Derby Coffee,26.335396,50.191847,Coffee Shop,7.5,0.9379692415677524,Coffee Shop
12350,Ad Dawhah Ash Shamaliyah Dist.,Dhahran,26.3360692,50.1678155,Starbucks (ستاربكس),26.3612,50.160909,Coffee Shop,7.6,0.9250950294669028,Coffee Shop
12351,Ad Dawhah Ash Shamaliyah Dist.,Dhahran,26.3360692,50.1678155,Krispy Kreme (كرسبي كريم),26.309626,50.171926,Café,7.6,0.9784039206347216,Coffee Shop
12352,Ad Dawhah Ash Shamaliyah Dist.,Dhahran,26.3360692,50.1678155,Canary Resto-Cafe,26.348713,50.186756,Café,7.3,0.8635423586478322,Coffee Shop
12353,Ad Dawhah Ash Shamaliyah Dist.,Dhahran,26.3360692,50.1678155,Motion Cafe,26.334797,50.191473,Coffee Shop,7.3,0.9354123058796988,Coffee Shop
12354,Ad Dawhah Ash Shamaliyah Dist.,Dhahran,26.3360692,50.1678155,جوفريز,26.312644,50.178219,Coffee Shop,7.1,0.9532231177067796,Coffee Shop
12355,Ad Dawhah Ash Shamaliyah Dist.,Dhahran,26.3360692,50.1678155,Godiva,26.32838,50.180226,Coffee Shop,6.7,0.8658862163618816,Coffee Shop
12356,Ad Dawhah Ash Shamaliyah Dist.,Dhahran,26.3360692,50.1678155,La Mode Cafe,26.340917,50.179531,Café,6.5,0.9726257473396588,Coffee Shop
12357,Ad Dawhah Ash Shamaliyah Dist.,Dhahran,26.3360692,50.1678155,كوستا كوفي,26.323616,50.164764,Coffee Shop,6.0,0.9009438100848552,Coffee Shop
12358,Ad Dawhah Ash Shamaliyah Dist.,Dhahran,26.3360692,50.1678155,Roxy Cafe (روكسي كافيه),26.341795,50.165243,Café,,0.929196573760474,Coffee Shop
12359,Ad Dawhah Ash Shamaliyah Dist.,Dhahran,26.3360692,50.1678155,Liwan café (قهوة الليوان),26.323405,50.168954,Café,,0.9512302119499142,Coffee Shop
12360,Ad Dawhah Ash Shamaliyah Dist.,Dhahran,26.3360692,50.1678155,El León Cafe,26.327535,50.180389,Café,,0.4589072860133111,Coffee Shop
12361,Ad Dawhah Ash Shamaliyah Dist.,Dhahran,26.3360692,50.1678155,كرك بلال,26.347364,50.141561,Tea Room,6.0,0.9835834653906308,Coffee Shop
12362,Ad Dawhah Ash Shamaliyah Dist.,Dhahran,26.3360692,50.1678155,حلونجي السلطان,26.322614,50.159148,Café,,0.7994058884724816,Coffee Shop
12363,Ad Dawhah Ash Shamaliyah Dist.,Dhahran,26.3360692,50.1678155,جباتي وكرك,26.32267,50.157511,Café,,0.937593221613627,Coffee Shop
12364,Ad Dawhah Ash Shamaliyah Dist.,Dhahran,26.3360692,50.1678155,ديب ان ديب,26.350213,50.17892,Café,,0.936394991144393,Coffee Shop
12365,Ad Danah Al Janubiyah Dist.,Dhahran,26.3276588,50.1496909,ديوانية كيف القيصيرية,26.333111,50.149566,Café,8.3,0.9882028814384406,Coffee Shop
12366,Ad Danah Al Janubiyah Dist.,Dhahran,26.3276588,50.1496909,Starbucks (ستاربكس),26.339998,50.151536,Coffee Shop,9.3,0.998342810386436,Coffee Shop
12367,Ad Danah Al Janubiyah Dist.,Dhahran,26.3276588,50.1496909,Starbucks (ستاربكس),26.3234,50.16423,Coffee Shop,9.2,0.9881303034481028,Coffee Shop
12368,Ad Danah Al Janubiyah Dist.,Dhahran,26.3276588,50.1496909,Starbucks (ستاربكس),26.33079,50.162701,Coffee Shop,8.7,0.9804469623854706,Coffee Shop
12369,Ad Danah Al Janubiyah Dist.,Dhahran,26.3276588,50.1496909,SCRIPT (سكربت),26.33814,50.152793,Coffee Shop,8.5,0.9834177464292744,Coffee Shop
12370,Ad Danah Al Janubiyah Dist.,Dhahran,26.3276588,50.1496909,Karak Time (وقت الكرك),26.322425,50.158048,Tea Room,8.3,0.9836055300001252,Coffee Shop
12371,Ad Danah Al Janubiyah Dist.,Dhahran,26.3276588,50.1496909,Spark Coffee Drive Thru,26.332617,50.161098,Coffee Shop,8.4,0.9948986626223632,Coffee Shop
12372,Ad Danah Al Janubiyah Dist.,Dhahran,26.3276588,50.1496909,Dose (دوز),26.338853,50.152406,Coffee Shop,8.4,0.994976643983884,Coffee Shop
12373,Ad Danah Al Janubiyah Dist.,Dhahran,26.3276588,50.1496909,Studenttainment Coffee,26.342945,50.148161,Coffee Shop,8.8,0.9453023853173,Coffee Shop
12374,Ad Danah Al Janubiyah Dist.,Dhahran,26.3276588,50.1496909,Brewhèmian Coffee (بروهيميان كوفي),26.345095,50.146177,Coffee Shop,9.2,0.9921904939460792,Coffee Shop
12375,Ad Danah Al Janubiyah Dist.,Dhahran,26.3276588,50.1496909,Starbucks (ستاربكس),26.335379,50.131182,Coffee Shop,9.3,0.9994199836352524,Coffee Shop
12376,Ad Danah Al Janubiyah Dist.,Dhahran,26.3276588,50.1496909,ستاربكس,26.331385,50.132707,Coffee Shop,8.8,0.9393261452733844,Coffee Shop
12377,Ad Danah Al Janubiyah Dist.,Dhahran,26.3276588,50.1496909,Tim Hortons,26.323339,50.164955,Coffee Shop,8.5,0.9823395961545692,Coffee Shop
12378,Ad Danah Al Janubiyah Dist.,Dhahran,26.3276588,50.1496909,KYAN (كيان),26.330769,50.161804,Coffee Shop,8.1,0.9780780366744796,Coffee Shop
12379,Ad Danah Al Janubiyah Dist.,Dhahran,26.3276588,50.1496909,Buzz Coffee,26.345095,50.146413,Coffee Shop,8.4,0.9909890314762452,Coffee Shop
12380,Ad Danah Al Janubiyah Dist.,Dhahran,26.3276588,50.1496909,ديوانية الساحل,26.323848,50.16618,Café,8.3,0.973039369289197,Coffee Shop
12381,Ad Danah Al Janubiyah Dist.,Dhahran,26.3276588,50.1496909,Dunkin‘ Dontus (دانكن دونتس),26.314114,50.14771,Bakery,8.1,0.992480502128453,Coffee Shop
12382,Ad Danah Al Janubiyah Dist.,Dhahran,26.3276588,50.1496909,Funzilla Play Cafe,26.343838,50.147829,Indoor Play Area,8.2,0.8987146423059793,Coffee Shop
12383,Ad Danah Al Janubiyah Dist.,Dhahran,26.3276588,50.1496909,Sharq Coffee Roasters (مقهى ومحمصة شرق),26.308906,50.129648,Coffee Shop,8.9,0.9888406695598264,Coffee Shop
12384,Ad Danah Al Janubiyah Dist.,Dhahran,26.3276588,50.1496909,ستاربكس,26.344072,50.138527,Coffee Shop,8.3,0.9282436897326746,Coffee Shop
12385,Ad Danah Al Janubiyah Dist.,Dhahran,26.3276588,50.1496909,Third Coffee (قهوة ثيرد),26.343683,50.14773,Coffee Shop,8.1,0.870024547121151,Coffee Shop
12386,Ad Danah Al Janubiyah Dist.,Dhahran,26.3276588,50.1496909,Graph Cafe,26.348718,50.142632,Coffee Shop,8.4,0.9983531678215208,Coffee Shop
12387,Ad Danah Al Janubiyah Dist.,Dhahran,26.3276588,50.1496909,Tulum (تولوم),26.308906,50.169742,Coffee Shop,8.5,0.9908627151147488,Coffee Shop
12388,Ad Danah Al Janubiyah Dist.,Dhahran,26.3276588,50.1496909,Starbucks (ستاربكس),26.31102,50.132454,Coffee Shop,8.1,0.9233312667906592,Coffee Shop
12389,Ad Danah Al Janubiyah Dist.,Dhahran,26.3276588,50.1496909,Joffrey's,26.31194,50.131266,Coffee Shop,8.1,0.991320520768754,Coffee Shop
12390,Ad Danah Al Janubiyah Dist.,Dhahran,26.3276588,50.1496909,Majlis Cafe (مجلس كافيه),26.345095,50.146413,Café,7.8,0.9519932883820652,Coffee Shop
12391,Ad Danah Al Janubiyah Dist.,Dhahran,26.3276588,50.1496909,Sunday Night (صنداي نايت),26.345325,50.146175,Coffee Shop,7.7,0.9661726170131228,Coffee Shop
12392,Ad Danah Al Janubiyah Dist.,Dhahran,26.3276588,50.1496909,Tim Hortons (تيم هورتنز),26.310303,50.136601,Coffee Shop,7.8,0.978094647654474,Coffee Shop
12393,Ad Danah Al Janubiyah Dist.,Dhahran,26.3276588,50.1496909,Caffé bene (بيني كوفي),26.30744,50.168602,Coffee Shop,7.7,0.8614617149016708,Coffee Shop
12394,Ad Danah Al Janubiyah Dist.,Dhahran,26.3276588,50.1496909,Derby Caffee (دربي كافيه),26.33231,50.161652,Coffee Shop,7.2,0.9671233220109547,Coffee Shop
12395,Ad Danah Al Janubiyah Dist.,Dhahran,26.3276588,50.1496909,ستاربكس,26.346513,50.136052,Coffee Shop,7.5,0.9963852551554132,Coffee Shop
12396,Ad Danah Al Janubiyah Dist.,Dhahran,26.3276588,50.1496909,Krispy Kreme (كرسبي كريم),26.309626,50.171926,Café,7.6,0.9784039206347216,Coffee Shop
12397,Ad Danah Al Janubiyah Dist.,Dhahran,26.3276588,50.1496909,Notes Cafe (نوتس كافيه),26.307699,50.168844,Café,7.5,0.6641139089781031,Coffee Shop
12398,Ad Danah Al Janubiyah Dist.,Dhahran,26.3276588,50.1496909,10°,26.335103,50.122491,Coffee Shop,7.4,0.9497042952283296,Coffee Shop
12399,Ad Danah Al Janubiyah Dist.,Dhahran,26.3276588,50.1496909,Jamoka Café,26.334765,50.131817,Coffee Shop,7.2,0.3252752488373779,Coffee Shop
12400,Ad Danah Al Janubiyah Dist.,Dhahran,26.3276588,50.1496909,Seattle's Best Coffee,26.309109,50.128939,Coffee Shop,7.4,0.8648481091134532,Coffee Shop
12401,Ad Danah Al Janubiyah Dist.,Dhahran,26.3276588,50.1496909,Cafe Liwan,26.307595,50.169152,Bakery,6.6,0.0392815512076507,Coffee Shop
12402,Ad Danah Al Janubiyah Dist.,Dhahran,26.3276588,50.1496909,كوستا كوفي,26.323616,50.164764,Coffee Shop,6.0,0.9009438100848552,Coffee Shop
12403,Ad Danah Al Janubiyah Dist.,Dhahran,26.3276588,50.1496909,Road Cafè (قهوة الطريق),26.3348,50.153247,Coffee Shop,,0.907321670861428,Coffee Shop
12404,Ad Danah Al Janubiyah Dist.,Dhahran,26.3276588,50.1496909,الشبة,26.334966,50.145238,Café,,0.8874561103688282,Coffee Shop
12405,Ad Danah Al Janubiyah Dist.,Dhahran,26.3276588,50.1496909,جباتي وكرك,26.32267,50.157511,Café,,0.937593221613627,Coffee Shop
12406,Ad Danah Al Janubiyah Dist.,Dhahran,26.3276588,50.1496909,حلونجي السلطان,26.322614,50.159148,Café,,0.7994058884724816,Coffee Shop
12407,Ad Danah Al Janubiyah Dist.,Dhahran,26.3276588,50.1496909,Dunkin' Dounts (دانكن دونتس),26.333423,50.140443,Donut Shop,,0.9193466529948524,Coffee Shop
12408,Ad Danah Al Janubiyah Dist.,Dhahran,26.3276588,50.1496909,كرك بلال,26.347364,50.141561,Tea Room,6.0,0.9835834653906308,Coffee Shop
12409,Ad Danah Al Janubiyah Dist.,Dhahran,26.3276588,50.1496909,دوز كافيه,26.325548,50.136522,Café,,0.9710613263731368,Coffee Shop
12410,Ad Danah Al Janubiyah Dist.,Dhahran,26.3276588,50.1496909,Take Off,26.314222,50.147741,Coffee Shop,,0.7820588509461517,Coffee Shop
12411,Ad Danah Al Janubiyah Dist.,Dhahran,26.3276588,50.1496909,Royal Waltz Cafe,26.314281,50.146071,Café,,0.5788977617582782,Coffee Shop
12412,Ad Danah Al Janubiyah Dist.,Dhahran,26.3276588,50.1496909,Joffrey's Cafe,26.309998,50.149738,Coffee Shop,,0.3606044599115475,Coffee Shop
12413,Ad Danah Al Janubiyah Dist.,Dhahran,26.3276588,50.1496909,Liwan café (قهوة الليوان),26.323405,50.168954,Café,,0.9512302119499142,Coffee Shop
12414,Ad Danah Al Janubiyah Dist.,Dhahran,26.3276588,50.1496909,Azzo's Tea Room,26.318564,50.167805,Tea Room,,0.8794480027073437,Coffee Shop
12415,Al Jamiah Dist.,Dhahran,26.3442172,50.1327363,Starbucks (ستاربكس),26.335379,50.131182,Coffee Shop,9.3,0.9994199836352524,Coffee Shop
12416,Al Jamiah Dist.,Dhahran,26.3442172,50.1327363,ستاربكس,26.344072,50.138527,Coffee Shop,8.3,0.9282436897326746,Coffee Shop
12417,Al Jamiah Dist.,Dhahran,26.3442172,50.1327363,Brewhèmian Coffee (بروهيميان كوفي),26.345095,50.146177,Coffee Shop,9.2,0.9921904939460792,Coffee Shop
12418,Al Jamiah Dist.,Dhahran,26.3442172,50.1327363,Nass (نص إثراء),26.335985,50.120734,Coffee Shop,9.5,0.9990989031476244,Coffee Shop
12419,Al Jamiah Dist.,Dhahran,26.3442172,50.1327363,ستاربكس,26.331385,50.132707,Coffee Shop,8.8,0.9393261452733844,Coffee Shop
12420,Al Jamiah Dist.,Dhahran,26.3442172,50.1327363,Graph Cafe,26.348718,50.142632,Coffee Shop,8.4,0.9983531678215208,Coffee Shop
12421,Al Jamiah Dist.,Dhahran,26.3442172,50.1327363,Studenttainment Coffee,26.342945,50.148161,Coffee Shop,8.8,0.9453023853173,Coffee Shop
12422,Al Jamiah Dist.,Dhahran,26.3442172,50.1327363,Starbucks (ستاربكس),26.339998,50.151536,Coffee Shop,9.3,0.998342810386436,Coffee Shop
12423,Al Jamiah Dist.,Dhahran,26.3442172,50.1327363,Buzz Coffee,26.345095,50.146413,Coffee Shop,8.4,0.9909890314762452,Coffee Shop
12424,Al Jamiah Dist.,Dhahran,26.3442172,50.1327363,Yakah Café (ياكا),26.343459,50.148298,Coffee Shop,8.5,0.9067727268019348,Coffee Shop
12425,Al Jamiah Dist.,Dhahran,26.3442172,50.1327363,Pattis France,26.335519,50.120624,Café,8.4,0.8675491201358896,Coffee Shop
12426,Al Jamiah Dist.,Dhahran,26.3442172,50.1327363,Funzilla Play Cafe,26.343838,50.147829,Indoor Play Area,8.2,0.8987146423059793,Coffee Shop
12427,Al Jamiah Dist.,Dhahran,26.3442172,50.1327363,Third Coffee (قهوة ثيرد),26.343683,50.14773,Coffee Shop,8.1,0.870024547121151,Coffee Shop
12428,Al Jamiah Dist.,Dhahran,26.3442172,50.1327363,SCRIPT (سكربت),26.33814,50.152793,Coffee Shop,8.5,0.9834177464292744,Coffee Shop
12429,Al Jamiah Dist.,Dhahran,26.3442172,50.1327363,Dose (دوز),26.338853,50.152406,Coffee Shop,8.4,0.994976643983884,Coffee Shop
12430,Al Jamiah Dist.,Dhahran,26.3442172,50.1327363,ستاربكس,26.346513,50.136052,Coffee Shop,7.5,0.9963852551554132,Coffee Shop
12431,Al Jamiah Dist.,Dhahran,26.3442172,50.1327363,ديوانية كيف القيصيرية,26.333111,50.149566,Café,8.3,0.9882028814384406,Coffee Shop
12432,Al Jamiah Dist.,Dhahran,26.3442172,50.1327363,MAYFAIR (مايفير),26.339357,50.152117,Coffee Shop,8.1,0.8806305606479612,Coffee Shop
12433,Al Jamiah Dist.,Dhahran,26.3442172,50.1327363,Majlis Cafe (مجلس كافيه),26.345095,50.146413,Café,7.8,0.9519932883820652,Coffee Shop
12434,Al Jamiah Dist.,Dhahran,26.3442172,50.1327363,Sunday Night (صنداي نايت),26.345325,50.146175,Coffee Shop,7.7,0.9661726170131228,Coffee Shop
12435,Al Jamiah Dist.,Dhahran,26.3442172,50.1327363,Beano,26.334877,50.121418,Café,7.7,0.8750789754425214,Coffee Shop
12436,Al Jamiah Dist.,Dhahran,26.3442172,50.1327363,Starbucks (ستاربكس),26.328694,50.109358,Coffee Shop,8.1,0.9296882171408488,Coffee Shop
12437,Al Jamiah Dist.,Dhahran,26.3442172,50.1327363,Joffrey's (جوفريز),26.328878,50.109073,Coffee Shop,8.0,0.9919922116316802,Coffee Shop
12438,Al Jamiah Dist.,Dhahran,26.3442172,50.1327363,10°,26.335103,50.122491,Coffee Shop,7.4,0.9497042952283296,Coffee Shop
12439,Al Jamiah Dist.,Dhahran,26.3442172,50.1327363,Jamoka Café,26.334765,50.131817,Coffee Shop,7.2,0.3252752488373779,Coffee Shop
12440,Al Jamiah Dist.,Dhahran,26.3442172,50.1327363,ستاربكس,26.32877,50.109278,Coffee Shop,7.7,0.165489822429325,Coffee Shop
12441,Al Jamiah Dist.,Dhahran,26.3442172,50.1327363,Scratch (سكراتش),26.339645,50.152042,Coffee Shop,7.3,0.8859957120218749,Coffee Shop
12442,Al Jamiah Dist.,Dhahran,26.3442172,50.1327363,INNER CIRCLE (إنِر سيركل),26.335506,50.12296,Coffee Shop,7.0,0.900485763705476,Coffee Shop
12443,Al Jamiah Dist.,Dhahran,26.3442172,50.1327363,Starbucks (ستاربكس),26.334401,50.122599,Coffee Shop,7.0,0.7741146982361288,Coffee Shop
12444,Al Jamiah Dist.,Dhahran,26.3442172,50.1327363,ستاربكس,26.327805,50.147985,Coffee Shop,6.9,0.9202712357269092,Coffee Shop
12445,Al Jamiah Dist.,Dhahran,26.3442172,50.1327363,Paul,26.328863,50.109372,Café,6.6,0.9356631253309148,Coffee Shop
12446,Al Jamiah Dist.,Dhahran,26.3442172,50.1327363,Quantum Specialty Coffee,26.339917,50.151947,Coffee Shop,6.4,0.9703984505277112,Coffee Shop
12447,Al Jamiah Dist.,Dhahran,26.3442172,50.1327363,كرك بلال,26.347364,50.141561,Tea Room,6.0,0.9835834653906308,Coffee Shop
12448,Al Jamiah Dist.,Dhahran,26.3442172,50.1327363,Trending,26.34331,50.134826,Café,,0.5022320272607691,Coffee Shop
12449,Al Jamiah Dist.,Dhahran,26.3442172,50.1327363,ركن القهوة العربية الاصيلة,26.3455,50.137619,Coffee Shop,,0.6377279930398037,Coffee Shop
12450,Al Jamiah Dist.,Dhahran,26.3442172,50.1327363,COFFEE Atoms,26.34484,50.138443,Café,,0.4058664512320169,Coffee Shop
12451,Al Jamiah Dist.,Dhahran,26.3442172,50.1327363,Rossete,26.347472,50.128057,Café,,0.913639706263141,Coffee Shop
12452,Al Jamiah Dist.,Dhahran,26.3442172,50.1327363,مقهى ديواني,26.347794,50.140975,Café,,0.0880899853960165,Coffee Shop
12453,Al Jamiah Dist.,Dhahran,26.3442172,50.1327363,قهوة ديوانيتي,26.347656,50.141071,Café,,0.1093745144952304,Coffee Shop
12454,Al Jamiah Dist.,Dhahran,26.3442172,50.1327363,Lenore Store,26.347567,50.141256,Coffee Shop,,0.961366767133787,Coffee Shop
12455,Al Jamiah Dist.,Dhahran,26.3442172,50.1327363,Care Coffee,26.347702,50.141354,Café,,0.8875700421547608,Coffee Shop
12456,Al Jamiah Dist.,Dhahran,26.3442172,50.1327363,Dantella,26.348194,50.143148,Café,,0.3476265937503237,Coffee Shop
12457,Al Jamiah Dist.,Dhahran,26.3442172,50.1327363,I Sweet Cafe,26.346078,50.145446,Café,,0.9027851142942962,Coffee Shop
12458,Al Jamiah Dist.,Dhahran,26.3442172,50.1327363,Spark Coffee,26.352667,50.141761,Coffee Shop,,0.9077670405700732,Coffee Shop
12459,Al Jamiah Dist.,Dhahran,26.3442172,50.1327363,Flat White (فلات وايت),26.345249,50.146255,Coffee Shop,,0.5177992521931869,Coffee Shop
12460,Al Jamiah Dist.,Dhahran,26.3442172,50.1327363,Positive Truck,26.335723,50.121961,Café,,0.0219991921200633,Coffee Shop
12461,Al Jamiah Dist.,Dhahran,26.3442172,50.1327363,ستاربكس,26.331278,50.132222,Coffee Shop,,0.8049902122238449,Coffee Shop
12462,Al Jamiah Dist.,Dhahran,26.3442172,50.1327363,Dunkin' Dounts (دانكن دونتس),26.333423,50.140443,Donut Shop,,0.9193466529948524,Coffee Shop
12463,Al Jamiah Dist.,Dhahran,26.3442172,50.1327363,Maskob (مسكوب),26.335135,50.122382,Café,,0.9453127427523847,Coffee Shop
12464,Al Jamiah Dist.,Dhahran,26.3442172,50.1327363,Espressolab,26.334875,50.121621,Coffee Shop,,0.935556038902526,Coffee Shop
12465,Al Haras Al Watani Dist.,Dhahran,26.3674456,50.1680639,SKY by Archi (سكاي باي ارتشي),26.370253,50.177169,Coffee Shop,8.9,0.9982392360355882,Coffee Shop
12466,Al Haras Al Watani Dist.,Dhahran,26.3674456,50.1680639,ستاربكس,26.372478,50.178446,Coffee Shop,9.2,0.9980838745093163,Coffee Shop
12467,Al Haras Al Watani Dist.,Dhahran,26.3674456,50.1680639,Sky Lounge (سكاي لاونج),26.367053,50.177803,Lounge,8.2,0.9562294793317384,Coffee Shop
12468,Al Haras Al Watani Dist.,Dhahran,26.3674456,50.1680639,8Oz Coffee,26.382682,50.178364,Coffee Shop,9.0,0.9917140519321797,Coffee Shop
12469,Al Haras Al Watani Dist.,Dhahran,26.3674456,50.1680639,Tim Hortons (تيم هورتنز),26.379411,50.181882,Coffee Shop,8.5,0.9378657469264312,Coffee Shop
12470,Al Haras Al Watani Dist.,Dhahran,26.3674456,50.1680639,7Degrees Truck,26.381041,50.183935,Café,8.7,0.8679323452340263,Coffee Shop
12471,Al Haras Al Watani Dist.,Dhahran,26.3674456,50.1680639,Black Swan Cafe (مقهى بلاك سوان),26.388352,50.178233,Coffee Shop,9.0,0.9675294410092284,Coffee Shop
12472,Al Haras Al Watani Dist.,Dhahran,26.3674456,50.1680639,4Squares Cafe (مقهى الأربعة مربعات),26.379854,50.178398,Café,8.1,0.9772654299889176,Coffee Shop
12473,Al Haras Al Watani Dist.,Dhahran,26.3674456,50.1680639,Road Café (قهوة الطريق),26.361657,50.196232,General Contractor,8.8,0.9869897095872554,Coffee Shop
12474,Al Haras Al Watani Dist.,Dhahran,26.3674456,50.1680639,Grambon,26.3594,50.189979,Coffee Shop,8.4,0.971685697454345,Coffee Shop
12475,Al Haras Al Watani Dist.,Dhahran,26.3674456,50.1680639,Starbucks (ستاربكس),26.3612,50.160909,Coffee Shop,7.6,0.9250950294669028,Coffee Shop
12476,Al Haras Al Watani Dist.,Dhahran,26.3674456,50.1680639,8Oz Speciality Coffee,26.38262,50.17838,Coffee Shop,8.0,0.3245813006866979,Coffee Shop
12477,Al Haras Al Watani Dist.,Dhahran,26.3674456,50.1680639,Joffrey's on MBO,26.373923,50.178657,Coffee Shop,7.7,0.9990678308423702,Coffee Shop
12478,Al Haras Al Watani Dist.,Dhahran,26.3674456,50.1680639,Coffee Valley (وادي القهوة),26.38801,50.149305,Coffee Shop,8.4,0.9350278097132028,Coffee Shop
12479,Al Haras Al Watani Dist.,Dhahran,26.3674456,50.1680639,Ruba’a (رُباع),26.366799,50.195457,Tea Room,8.1,0.9919315580689598,Coffee Shop
12480,Al Haras Al Watani Dist.,Dhahran,26.3674456,50.1680639,Paul,26.37856,50.170423,Coffee Shop,7.5,0.8875803995898456,Coffee Shop
12481,Al Haras Al Watani Dist.,Dhahran,26.3674456,50.1680639,كواليس,26.380289,50.148443,Coffee Shop,7.9,0.9521590073434216,Coffee Shop
12482,Al Haras Al Watani Dist.,Dhahran,26.3674456,50.1680639,ستاربكس,26.380995,50.148118,Coffee Shop,7.7,0.9946348486260862,Coffee Shop
12483,Al Haras Al Watani Dist.,Dhahran,26.3674456,50.1680639,Coffee Company,26.388844,50.154169,Coffee Shop,7.8,0.9913826140094668,Coffee Shop
12484,Al Haras Al Watani Dist.,Dhahran,26.3674456,50.1680639,Seven Degrees Coffee,26.361687,50.195161,Coffee Shop,7.6,0.9618590426531968,Coffee Shop
12485,Al Haras Al Watani Dist.,Dhahran,26.3674456,50.1680639,The Piato,26.366828,50.185837,Café,7.2,0.5259194812996509,Coffee Shop
12486,Al Haras Al Watani Dist.,Dhahran,26.3674456,50.1680639,كوستا كوفي,26.371093,50.17491,Coffee Shop,6.8,0.8725828335870905,Coffee Shop
12487,Al Haras Al Watani Dist.,Dhahran,26.3674456,50.1680639,Art Coffee,26.366803,50.195176,Coffee Shop,7.4,0.9439869910615336,Coffee Shop
12488,Al Haras Al Watani Dist.,Dhahran,26.3674456,50.1680639,Canary Resto-Cafe,26.348713,50.186756,Café,7.3,0.8635423586478322,Coffee Shop
12489,Al Haras Al Watani Dist.,Dhahran,26.3674456,50.1680639,Mana (مانا),26.388691,50.178498,Coffee Shop,7.2,0.3554671721094988,Coffee Shop
12490,Al Haras Al Watani Dist.,Dhahran,26.3674456,50.1680639,Derby Coffee (دربي كافيه),26.355645,50.189483,Coffee Shop,7.1,0.9364150257573668,Coffee Shop
12491,Al Haras Al Watani Dist.,Dhahran,26.3674456,50.1680639,Boulevard Coffee (بوليڤارد كوفي),26.387051,50.187141,Café,6.5,0.9761467605067836,Coffee Shop
12492,Al Haras Al Watani Dist.,Dhahran,26.3674456,50.1680639,Costa Coffee (كوستا كوفي),26.384796,50.167527,Coffee Shop,5.9,0.9260064837543632,Coffee Shop
12493,Al Haras Al Watani Dist.,Dhahran,26.3674456,50.1680639,Blue K,26.367045,50.177151,Café,,0.207935866761955,Coffee Shop
12494,Al Haras Al Watani Dist.,Dhahran,26.3674456,50.1680639,ستاربكس,26.359594,50.170134,Coffee Shop,,0.9524904452661342,Coffee Shop
12495,Al Haras Al Watani Dist.,Dhahran,26.3674456,50.1680639,Mission POP UP,26.376607,50.170921,Coffee Shop,,0.952966887280034,Coffee Shop
12496,Al Haras Al Watani Dist.,Dhahran,26.3674456,50.1680639,The Cafe,26.376607,50.170921,Coffee Shop,,0.8682223534164,Coffee Shop
12497,Al Haras Al Watani Dist.,Dhahran,26.3674456,50.1680639,Road Cafe,26.362929,50.178046,Coffee Shop,,0.900019679126661,Coffee Shop
12498,Al Haras Al Watani Dist.,Dhahran,26.3674456,50.1680639,Kasbon (كاسبُن),26.357303,50.176997,Coffee Shop,,0.8920858838517229,Coffee Shop
12499,Al Haras Al Watani Dist.,Dhahran,26.3674456,50.1680639,شاي ام عبدالله,26.38072,50.162512,Tea Room,,0.9953495116469356,Coffee Shop
12500,Al Haras Al Watani Dist.,Dhahran,26.3674456,50.1680639,Coffee Juniors,26.368856,50.185068,Coffee Shop,,0.3499570166443981,Coffee Shop
12501,Al Haras Al Watani Dist.,Dhahran,26.3674456,50.1680639,زحله,26.382165,50.163196,Coffee Shop,,0.3525878051559312,Coffee Shop
12502,Al Haras Al Watani Dist.,Dhahran,26.3674456,50.1680639,Barncafe,26.354115,50.178722,Coffee Shop,,0.9449605899595024,Coffee Shop
12503,Al Haras Al Watani Dist.,Dhahran,26.3674456,50.1680639,ستاربكس,26.376188,50.183976,Coffee Shop,,0.0176801416897119,Coffee Shop
12504,Al Haras Al Watani Dist.,Dhahran,26.3674456,50.1680639,joffrey's at DOB 3rd floor,26.384335,50.168003,Coffee Shop,,0.6082921625288713,Coffee Shop
12505,Al Haras Al Watani Dist.,Dhahran,26.3674456,50.1680639,OLABS (اولابز),26.384396,50.167753,Coffee Shop,,0.96538545194668,Coffee Shop
12506,Al Haras Al Watani Dist.,Dhahran,26.3674456,50.1680639,Cafe Jamoka,26.384658,50.167859,Coffee Shop,,0.9541994220551224,Coffee Shop
12507,Al Haras Al Watani Dist.,Dhahran,26.3674456,50.1680639,كوستا كوفي,26.379323,50.182179,Coffee Shop,,0.7557406083957369,Coffee Shop
12508,Al Haras Al Watani Dist.,Dhahran,26.3674456,50.1680639,Brain Coffee,26.379903,50.182225,Coffee Shop,,0.656630312069519,Coffee Shop
12509,Al Haras Al Watani Dist.,Dhahran,26.3674456,50.1680639,مقهى جمريه,26.383819,50.178183,Café,,0.1334555510673336,Coffee Shop
12510,Al Haras Al Watani Dist.,Dhahran,26.3674456,50.1680639,ديب ان ديب,26.350213,50.17892,Café,,0.936394991144393,Coffee Shop
12511,Al Haras Al Watani Dist.,Dhahran,26.3674456,50.1680639,Derby Rakah,26.358763,50.188251,Coffee Shop,,0.8877204416981062,Coffee Shop
12512,Al Haras Al Watani Dist.,Dhahran,26.3674456,50.1680639,Seattle’S Best Coffee & Cinnabon,26.359749,50.189429,Café,,0.4989910131230964,Coffee Shop
12513,Al Haras Al Watani Dist.,Dhahran,26.3674456,50.1680639,شاهي ابو قحط,26.386477,50.178134,Café,,0.8779894147013434,Coffee Shop
12514,Al Haras Al Watani Dist.,Dhahran,26.3674456,50.1680639,Kasbon,26.384147,50.184023,Coffee Shop,,0.1734248930594827,Coffee Shop
12515,Tihamah Dist.,Dhahran,26.3533934,50.1304674,Brewhèmian Coffee (بروهيميان كوفي),26.345095,50.146177,Coffee Shop,9.2,0.9921904939460792,Coffee Shop
12516,Tihamah Dist.,Dhahran,26.3533934,50.1304674,Graph Cafe,26.348718,50.142632,Coffee Shop,8.4,0.9983531678215208,Coffee Shop
12517,Tihamah Dist.,Dhahran,26.3533934,50.1304674,Starbucks (ستاربكس),26.335379,50.131182,Coffee Shop,9.3,0.9994199836352524,Coffee Shop
12518,Tihamah Dist.,Dhahran,26.3533934,50.1304674,Nass (نص إثراء),26.335985,50.120734,Coffee Shop,9.5,0.9990989031476244,Coffee Shop
12519,Tihamah Dist.,Dhahran,26.3533934,50.1304674,ستاربكس,26.344072,50.138527,Coffee Shop,8.3,0.9282436897326746,Coffee Shop
12520,Tihamah Dist.,Dhahran,26.3533934,50.1304674,Studenttainment Coffee,26.342945,50.148161,Coffee Shop,8.8,0.9453023853173,Coffee Shop
12521,Tihamah Dist.,Dhahran,26.3533934,50.1304674,Starbucks (ستاربكس),26.339998,50.151536,Coffee Shop,9.3,0.998342810386436,Coffee Shop
12522,Tihamah Dist.,Dhahran,26.3533934,50.1304674,Buzz Coffee,26.345095,50.146413,Coffee Shop,8.4,0.9909890314762452,Coffee Shop
12523,Tihamah Dist.,Dhahran,26.3533934,50.1304674,Yakah Café (ياكا),26.343459,50.148298,Coffee Shop,8.5,0.9067727268019348,Coffee Shop
12524,Tihamah Dist.,Dhahran,26.3533934,50.1304674,ستاربكس,26.331385,50.132707,Coffee Shop,8.8,0.9393261452733844,Coffee Shop
12525,Tihamah Dist.,Dhahran,26.3533934,50.1304674,Onda Coffee (اوندا كافيه),26.376212,50.122733,Coffee Shop,8.9,0.998291023211012,Coffee Shop
12526,Tihamah Dist.,Dhahran,26.3533934,50.1304674,Pattis France,26.335519,50.120624,Café,8.4,0.8675491201358896,Coffee Shop
12527,Tihamah Dist.,Dhahran,26.3533934,50.1304674,Funzilla Play Cafe,26.343838,50.147829,Indoor Play Area,8.2,0.8987146423059793,Coffee Shop
12528,Tihamah Dist.,Dhahran,26.3533934,50.1304674,Third Coffee (قهوة ثيرد),26.343683,50.14773,Coffee Shop,8.1,0.870024547121151,Coffee Shop
12529,Tihamah Dist.,Dhahran,26.3533934,50.1304674,SCRIPT (سكربت),26.33814,50.152793,Coffee Shop,8.5,0.9834177464292744,Coffee Shop
12530,Tihamah Dist.,Dhahran,26.3533934,50.1304674,Sofa Sugar (صفة قند),26.375387,50.113311,Coffee Shop,8.6,0.9827963003241876,Coffee Shop
12531,Tihamah Dist.,Dhahran,26.3533934,50.1304674,Dose (دوز),26.338853,50.152406,Coffee Shop,8.4,0.994976643983884,Coffee Shop
12532,Tihamah Dist.,Dhahran,26.3533934,50.1304674,ستاربكس,26.346513,50.136052,Coffee Shop,7.5,0.9963852551554132,Coffee Shop
12533,Tihamah Dist.,Dhahran,26.3533934,50.1304674,ديوانية كيف القيصيرية,26.333111,50.149566,Café,8.3,0.9882028814384406,Coffee Shop
12534,Tihamah Dist.,Dhahran,26.3533934,50.1304674,Majlis Cafe (مجلس كافيه),26.345095,50.146413,Café,7.8,0.9519932883820652,Coffee Shop
12535,Tihamah Dist.,Dhahran,26.3533934,50.1304674,MAYFAIR (مايفير),26.339357,50.152117,Coffee Shop,8.1,0.8806305606479612,Coffee Shop
12536,Tihamah Dist.,Dhahran,26.3533934,50.1304674,Sunday Night (صنداي نايت),26.345325,50.146175,Coffee Shop,7.7,0.9661726170131228,Coffee Shop
12537,Tihamah Dist.,Dhahran,26.3533934,50.1304674,Beano,26.334877,50.121418,Café,7.7,0.8750789754425214,Coffee Shop
12538,Tihamah Dist.,Dhahran,26.3533934,50.1304674,10°,26.335103,50.122491,Coffee Shop,7.4,0.9497042952283296,Coffee Shop
12539,Tihamah Dist.,Dhahran,26.3533934,50.1304674,Jamoka Café,26.334765,50.131817,Coffee Shop,7.2,0.3252752488373779,Coffee Shop
12540,Tihamah Dist.,Dhahran,26.3533934,50.1304674,Scratch (سكراتش),26.339645,50.152042,Coffee Shop,7.3,0.8859957120218749,Coffee Shop
12541,Tihamah Dist.,Dhahran,26.3533934,50.1304674,INNER CIRCLE (إنِر سيركل),26.335506,50.12296,Coffee Shop,7.0,0.900485763705476,Coffee Shop
12542,Tihamah Dist.,Dhahran,26.3533934,50.1304674,Starbucks (ستاربكس),26.334401,50.122599,Coffee Shop,7.0,0.7741146982361288,Coffee Shop
12543,Tihamah Dist.,Dhahran,26.3533934,50.1304674,كرك بلال,26.347364,50.141561,Tea Room,6.0,0.9835834653906308,Coffee Shop
12544,Tihamah Dist.,Dhahran,26.3533934,50.1304674,Quantum Specialty Coffee,26.339917,50.151947,Coffee Shop,6.4,0.9703984505277112,Coffee Shop
12545,Tihamah Dist.,Dhahran,26.3533934,50.1304674,Rossete,26.347472,50.128057,Café,,0.913639706263141,Coffee Shop
12546,Tihamah Dist.,Dhahran,26.3533934,50.1304674,Scratch Cafe,26.357353,50.140232,Café,,0.8763322250877793,Coffee Shop
12547,Tihamah Dist.,Dhahran,26.3533934,50.1304674,Spark Coffee,26.352667,50.141761,Coffee Shop,,0.9077670405700732,Coffee Shop
12548,Tihamah Dist.,Dhahran,26.3533934,50.1304674,ركن القهوة العربية الاصيلة,26.3455,50.137619,Coffee Shop,,0.6377279930398037,Coffee Shop
12549,Tihamah Dist.,Dhahran,26.3533934,50.1304674,Trending,26.34331,50.134826,Café,,0.5022320272607691,Coffee Shop
12550,Tihamah Dist.,Dhahran,26.3533934,50.1304674,مقهى ديواني,26.347794,50.140975,Café,,0.0880899853960165,Coffee Shop
12551,Tihamah Dist.,Dhahran,26.3533934,50.1304674,COFFEE Atoms,26.34484,50.138443,Café,,0.4058664512320169,Coffee Shop
12552,Tihamah Dist.,Dhahran,26.3533934,50.1304674,قهوة ديوانيتي,26.347656,50.141071,Café,,0.1093745144952304,Coffee Shop
12553,Tihamah Dist.,Dhahran,26.3533934,50.1304674,Lenore Store,26.347567,50.141256,Coffee Shop,,0.961366767133787,Coffee Shop
12554,Tihamah Dist.,Dhahran,26.3533934,50.1304674,Care Coffee,26.347702,50.141354,Café,,0.8875700421547608,Coffee Shop
12555,Tihamah Dist.,Dhahran,26.3533934,50.1304674,Dantella,26.348194,50.143148,Café,,0.3476265937503237,Coffee Shop
12556,Tihamah Dist.,Dhahran,26.3533934,50.1304674,مقهى سيراميك,26.366643,50.131107,Café,,0.8790976602554144,Coffee Shop
12557,Tihamah Dist.,Dhahran,26.3533934,50.1304674,I Sweet Cafe,26.346078,50.145446,Café,,0.9027851142942962,Coffee Shop
12558,Tihamah Dist.,Dhahran,26.3533934,50.1304674,Flat White (فلات وايت),26.345249,50.146255,Coffee Shop,,0.5177992521931869,Coffee Shop
12559,Tihamah Dist.,Dhahran,26.3533934,50.1304674,Caf Dealer,26.343152,50.148477,Coffee Shop,,0.5068825156138334,Coffee Shop
12560,Tihamah Dist.,Dhahran,26.3533934,50.1304674,Positive Truck,26.335723,50.121961,Café,,0.0219991921200633,Coffee Shop
12561,Tihamah Dist.,Dhahran,26.3533934,50.1304674,شدخل ام امك ويني,26.371093,50.138861,Tea Room,,0.0772768231675107,Coffee Shop
12562,Tihamah Dist.,Dhahran,26.3533934,50.1304674,720 Cafè,26.372068,50.124125,Café,,0.8814177257144041,Coffee Shop
12563,Tihamah Dist.,Dhahran,26.3533934,50.1304674,Maskob (مسكوب),26.335135,50.122382,Café,,0.9453127427523847,Coffee Shop
12564,Tihamah Dist.,Dhahran,26.3533934,50.1304674,طعيم | شاي مُختص,26.372916,50.127513,Tea Room,,0.9320966555842112,Coffee Shop
12565,Al Qashlah Dist.,Dhahran,26.3710813,50.176765,ستاربكس,26.372478,50.178446,Coffee Shop,9.2,0.9980838745093163,Coffee Shop
12566,Al Qashlah Dist.,Dhahran,26.3710813,50.176765,SKY by Archi (سكاي باي ارتشي),26.370253,50.177169,Coffee Shop,8.9,0.9982392360355882,Coffee Shop
12567,Al Qashlah Dist.,Dhahran,26.3710813,50.176765,Sky Lounge (سكاي لاونج),26.367053,50.177803,Lounge,8.2,0.9562294793317384,Coffee Shop
12568,Al Qashlah Dist.,Dhahran,26.3710813,50.176765,8Oz Coffee,26.382682,50.178364,Coffee Shop,9.0,0.9917140519321797,Coffee Shop
12569,Al Qashlah Dist.,Dhahran,26.3710813,50.176765,Tim Hortons (تيم هورتنز),26.379411,50.181882,Coffee Shop,8.5,0.9378657469264312,Coffee Shop
12570,Al Qashlah Dist.,Dhahran,26.3710813,50.176765,7Degrees Truck,26.381041,50.183935,Café,8.7,0.8679323452340263,Coffee Shop
12571,Al Qashlah Dist.,Dhahran,26.3710813,50.176765,Black Swan Cafe (مقهى بلاك سوان),26.388352,50.178233,Coffee Shop,9.0,0.9675294410092284,Coffee Shop
12572,Al Qashlah Dist.,Dhahran,26.3710813,50.176765,4Squares Cafe (مقهى الأربعة مربعات),26.379854,50.178398,Café,8.1,0.9772654299889176,Coffee Shop
12573,Al Qashlah Dist.,Dhahran,26.3710813,50.176765,Joffrey's on MBO,26.373923,50.178657,Coffee Shop,7.7,0.9990678308423702,Coffee Shop
12574,Al Qashlah Dist.,Dhahran,26.3710813,50.176765,RATIO Speciality Coffee (ريشيو للقهوة المختصة),26.362719,50.198088,Coffee Shop,9.0,0.9952872165749596,Coffee Shop
12575,Al Qashlah Dist.,Dhahran,26.3710813,50.176765,Road Café (قهوة الطريق),26.361657,50.196232,General Contractor,8.8,0.9869897095872554,Coffee Shop
12576,Al Qashlah Dist.,Dhahran,26.3710813,50.176765,Grambon,26.3594,50.189979,Coffee Shop,8.4,0.971685697454345,Coffee Shop
12577,Al Qashlah Dist.,Dhahran,26.3710813,50.176765,8Oz Speciality Coffee,26.38262,50.17838,Coffee Shop,8.0,0.3245813006866979,Coffee Shop
12578,Al Qashlah Dist.,Dhahran,26.3710813,50.176765,Ruba’a (رُباع),26.366799,50.195457,Tea Room,8.1,0.9919315580689598,Coffee Shop
12579,Al Qashlah Dist.,Dhahran,26.3710813,50.176765,Ripoz Specialty Coffee (قهوة ومحمصة ريبوز),26.362829,50.198276,Coffee Shop,8.1,0.1891505709236303,Coffee Shop
12580,Al Qashlah Dist.,Dhahran,26.3710813,50.176765,Paul,26.37856,50.170423,Coffee Shop,7.5,0.8875803995898456,Coffee Shop
12581,Al Qashlah Dist.,Dhahran,26.3710813,50.176765,Olabs,26.36298,50.198744,Coffee Shop,7.7,0.8973340185252497,Coffee Shop
12582,Al Qashlah Dist.,Dhahran,26.3710813,50.176765,Starbucks (ستاربكس),26.3612,50.160909,Coffee Shop,7.6,0.9250950294669028,Coffee Shop
12583,Al Qashlah Dist.,Dhahran,26.3710813,50.176765,Seven Degrees Coffee,26.361687,50.195161,Coffee Shop,7.6,0.9618590426531968,Coffee Shop
12584,Al Qashlah Dist.,Dhahran,26.3710813,50.176765,The Piato,26.366828,50.185837,Café,7.2,0.5259194812996509,Coffee Shop
12585,Al Qashlah Dist.,Dhahran,26.3710813,50.176765,كواليس,26.380289,50.148443,Coffee Shop,7.9,0.9521590073434216,Coffee Shop
12586,Al Qashlah Dist.,Dhahran,26.3710813,50.176765,كوستا كوفي,26.371093,50.17491,Coffee Shop,6.8,0.8725828335870905,Coffee Shop
12587,Al Qashlah Dist.,Dhahran,26.3710813,50.176765,Coffee Company,26.388844,50.154169,Coffee Shop,7.8,0.9913826140094668,Coffee Shop
12588,Al Qashlah Dist.,Dhahran,26.3710813,50.176765,Art Coffee,26.366803,50.195176,Coffee Shop,7.4,0.9439869910615336,Coffee Shop
12589,Al Qashlah Dist.,Dhahran,26.3710813,50.176765,Mana (مانا),26.388691,50.178498,Coffee Shop,7.2,0.3554671721094988,Coffee Shop
12590,Al Qashlah Dist.,Dhahran,26.3710813,50.176765,Canary Resto-Cafe,26.348713,50.186756,Café,7.3,0.8635423586478322,Coffee Shop
12591,Al Qashlah Dist.,Dhahran,26.3710813,50.176765,Derby Coffee (دربي كافيه),26.355645,50.189483,Coffee Shop,7.1,0.9364150257573668,Coffee Shop
12592,Al Qashlah Dist.,Dhahran,26.3710813,50.176765,Lark,26.354638,50.200259,Coffee Shop,7.2,0.9692917037464122,Coffee Shop
12593,Al Qashlah Dist.,Dhahran,26.3710813,50.176765,Oasis Cafe | Pearl Residential Compound,26.346887,50.190011,Coffee Shop,6.8,0.8756752691676172,Coffee Shop
12594,Al Qashlah Dist.,Dhahran,26.3710813,50.176765,Blue K,26.367045,50.177151,Café,,0.207935866761955,Coffee Shop
12595,Al Qashlah Dist.,Dhahran,26.3710813,50.176765,Costa Coffee (كوستا كوفي),26.384796,50.167527,Coffee Shop,5.9,0.9260064837543632,Coffee Shop
12596,Al Qashlah Dist.,Dhahran,26.3710813,50.176765,Mission POP UP,26.376607,50.170921,Coffee Shop,,0.952966887280034,Coffee Shop
12597,Al Qashlah Dist.,Dhahran,26.3710813,50.176765,The Cafe,26.376607,50.170921,Coffee Shop,,0.8682223534164,Coffee Shop
12598,Al Qashlah Dist.,Dhahran,26.3710813,50.176765,Coffee Juniors,26.368856,50.185068,Coffee Shop,,0.3499570166443981,Coffee Shop
12599,Al Qashlah Dist.,Dhahran,26.3710813,50.176765,Road Cafe,26.362929,50.178046,Coffee Shop,,0.900019679126661,Coffee Shop
12600,Al Qashlah Dist.,Dhahran,26.3710813,50.176765,ستاربكس,26.376188,50.183976,Coffee Shop,,0.0176801416897119,Coffee Shop
12601,Al Qashlah Dist.,Dhahran,26.3710813,50.176765,كوستا كوفي,26.379323,50.182179,Coffee Shop,,0.7557406083957369,Coffee Shop
12602,Al Qashlah Dist.,Dhahran,26.3710813,50.176765,Brain Coffee,26.379903,50.182225,Coffee Shop,,0.656630312069519,Coffee Shop
12603,Al Qashlah Dist.,Dhahran,26.3710813,50.176765,مقهى جمريه,26.383819,50.178183,Café,,0.1334555510673336,Coffee Shop
12604,Al Qashlah Dist.,Dhahran,26.3710813,50.176765,ستاربكس,26.359594,50.170134,Coffee Shop,,0.9524904452661342,Coffee Shop
12605,Al Qashlah Dist.,Dhahran,26.3710813,50.176765,Kasbon (كاسبُن),26.357303,50.176997,Coffee Shop,,0.8920858838517229,Coffee Shop
12606,Al Qashlah Dist.,Dhahran,26.3710813,50.176765,Kasbon,26.384147,50.184023,Coffee Shop,,0.1734248930594827,Coffee Shop
12607,Al Qashlah Dist.,Dhahran,26.3710813,50.176765,joffrey's at DOB 3rd floor,26.384335,50.168003,Coffee Shop,,0.6082921625288713,Coffee Shop
12608,Al Qashlah Dist.,Dhahran,26.3710813,50.176765,شاهي ابو قحط,26.386477,50.178134,Café,,0.8779894147013434,Coffee Shop
12609,Al Qashlah Dist.,Dhahran,26.3710813,50.176765,OLABS (اولابز),26.384396,50.167753,Coffee Shop,,0.96538545194668,Coffee Shop
12610,Al Qashlah Dist.,Dhahran,26.3710813,50.176765,Cafe Jamoka,26.384658,50.167859,Coffee Shop,,0.9541994220551224,Coffee Shop
12611,Al Qashlah Dist.,Dhahran,26.3710813,50.176765,Derby Rakah,26.358763,50.188251,Coffee Shop,,0.8877204416981062,Coffee Shop
12612,Al Qashlah Dist.,Dhahran,26.3710813,50.176765,Seattle’S Best Coffee & Cinnabon,26.359749,50.189429,Café,,0.4989910131230964,Coffee Shop
12613,Al Qashlah Dist.,Dhahran,26.3710813,50.176765,شاي ام عبدالله,26.38072,50.162512,Tea Room,,0.9953495116469356,Coffee Shop
12614,Al Qashlah Dist.,Dhahran,26.3710813,50.176765,زحله,26.382165,50.163196,Coffee Shop,,0.3525878051559312,Coffee Shop
12615,Hajr Dist.,Dhahran,26.3728703,50.1047963,8Oz Speciality Coffee,26.372696,50.099472,Coffee Shop,9.1,0.9978663683725362,Coffee Shop
12616,Hajr Dist.,Dhahran,26.3728703,50.1047963,One Cup Speciality Coffee,26.377264,50.10152,Coffee Shop,8.9,0.9163844265606064,Coffee Shop
12617,Hajr Dist.,Dhahran,26.3728703,50.1047963,Starbucks (ستاربكس),26.371507,50.095822,Coffee Shop,9.1,0.9977627940216884,Coffee Shop
12618,Hajr Dist.,Dhahran,26.3728703,50.1047963,LAMBDA (لامدا),26.381123,50.098818,Coffee Shop,9.4,0.992656578524894,Coffee Shop
12619,Hajr Dist.,Dhahran,26.3728703,50.1047963,Dunkin Donuts,26.372597,50.098943,Donut Shop,8.4,0.9993681964598288,Coffee Shop
12620,Hajr Dist.,Dhahran,26.3728703,50.1047963,Road Cafe (قهوة الطريق),26.380634,50.10353,General Contractor,8.7,0.9772032853784088,Coffee Shop
12621,Hajr Dist.,Dhahran,26.3728703,50.1047963,llama (لاما),26.366323,50.094173,Café,9.5,0.9999689276947455,Coffee Shop
12622,Hajr Dist.,Dhahran,26.3728703,50.1047963,Woods Café & Roastery (مقهى ومحمصة وودز),26.368026,50.092919,Coffee Shop,9.4,0.9988399672705052,Coffee Shop
12623,Hajr Dist.,Dhahran,26.3728703,50.1047963,Turkistachio (تركستاشيو),26.382325,50.103675,Café,8.8,0.973412464137381,Coffee Shop
12624,Hajr Dist.,Dhahran,26.3728703,50.1047963,Sofa Sugar (صفة قند),26.375387,50.113311,Coffee Shop,8.6,0.9827963003241876,Coffee Shop
12625,Hajr Dist.,Dhahran,26.3728703,50.1047963,Chart (تشارت),26.384994,50.100857,Coffee Shop,9.4,0.997876725807621,Coffee Shop
12626,Hajr Dist.,Dhahran,26.3728703,50.1047963,MINA (مينا),26.373081,50.100454,Coffee Shop,8.1,0.9527908108835929,Coffee Shop
12627,Hajr Dist.,Dhahran,26.3728703,50.1047963,22 Cafe,26.377774,50.103692,Coffee Shop,8.1,0.9551108763425824,Coffee Shop
12628,Hajr Dist.,Dhahran,26.3728703,50.1047963,The Garden (ذا قاردن),26.38441,50.096408,Coffee Shop,9.2,0.9931951651493024,Coffee Shop
12629,Hajr Dist.,Dhahran,26.3728703,50.1047963,Labiba,26.367464,50.09336,Coffee Shop,8.7,0.9811494681457084,Coffee Shop
12630,Hajr Dist.,Dhahran,26.3728703,50.1047963,BRIGHT (برايت),26.372574,50.098952,Café,8.1,0.9292276460657284,Coffee Shop
12631,Hajr Dist.,Dhahran,26.3728703,50.1047963,Ratio Speciality Coffee (ريشيو للقهوة المختصة),26.37146,50.089934,Coffee Shop,8.7,0.9922215662513336,Coffee Shop
12632,Hajr Dist.,Dhahran,26.3728703,50.1047963,Road Café,26.377219,50.089819,Coffee Shop,8.8,0.9914861883603144,Coffee Shop
12633,Hajr Dist.,Dhahran,26.3728703,50.1047963,Park Coffee,26.382487,50.097539,Coffee Shop,8.5,0.9824337900962206,Coffee Shop
12634,Hajr Dist.,Dhahran,26.3728703,50.1047963,Onda Coffee (اوندا كافيه),26.376212,50.122733,Coffee Shop,8.9,0.998291023211012,Coffee Shop
12635,Hajr Dist.,Dhahran,26.3728703,50.1047963,Otten (اوتن),26.391985,50.104063,Coffee Shop,9.5,0.9999896425649152,Coffee Shop
12636,Hajr Dist.,Dhahran,26.3728703,50.1047963,Tim Hortons,26.379768,50.086661,Coffee Shop,9.0,0.9961573915835482,Coffee Shop
12637,Hajr Dist.,Dhahran,26.3728703,50.1047963,مجلس المساء كافيه,26.365602,50.094777,Coffee Shop,8.3,0.9837906140923262,Coffee Shop
12638,Hajr Dist.,Dhahran,26.3728703,50.1047963,KYAN (كيان),26.383775,50.097323,Coffee Shop,8.4,0.9895907777398004,Coffee Shop
12639,Hajr Dist.,Dhahran,26.3728703,50.1047963,CHIMNEY Roasting & Beans (محمصه مدخنه للقهوة المختصة),26.377618,50.101249,Coffee Shop,7.9,0.8991600120146247,Coffee Shop
12640,Hajr Dist.,Dhahran,26.3728703,50.1047963,Road Cafe,26.389654,50.112863,Coffee Shop,8.8,0.9705227397487286,Coffee Shop
12641,Hajr Dist.,Dhahran,26.3728703,50.1047963,Twenty Two Cafe,26.377743,50.103582,Coffee Shop,7.7,0.6476918455913577,Coffee Shop
12642,Hajr Dist.,Dhahran,26.3728703,50.1047963,Karak Albait (كرك البيت),26.392967,50.09158,Café,9.0,0.956975214657842,Coffee Shop
12643,Hajr Dist.,Dhahran,26.3728703,50.1047963,Coffee Warehouse (مستودع القهوة),26.39495,50.104782,Coffee Shop,8.9,0.989425058778444,Coffee Shop
12644,Hajr Dist.,Dhahran,26.3728703,50.1047963,Tilio (تِليو),26.368964,50.08007,Café,8.6,0.9818330588613036,Coffee Shop
12645,Hajr Dist.,Dhahran,26.3728703,50.1047963,Starbucks (ستاربكس),26.399071,50.104867,Coffee Shop,9.0,0.988544676796238,Coffee Shop
12646,Hajr Dist.,Dhahran,26.3728703,50.1047963,Operations (اوبيريشنز),26.383302,50.097029,Coffee Shop,7.9,0.8978653326290278,Coffee Shop
12647,Hajr Dist.,Dhahran,26.3728703,50.1047963,مقهى ميلان,26.366878,50.093681,Coffee Shop,7.8,0.4379227128193974,Coffee Shop
12648,Hajr Dist.,Dhahran,26.3728703,50.1047963,Coach Cup (كوتش كب),26.395831,50.089747,Café,8.2,0.95684056800174,Coffee Shop
12649,Hajr Dist.,Dhahran,26.3728703,50.1047963,Sikkat Karak (سكة كرك),26.366198,50.075701,Café,7.9,0.995059503464562,Coffee Shop
12650,Hajr Dist.,Dhahran,26.3728703,50.1047963,Third (ثيرد),26.387555,50.104488,Coffee Shop,7.1,0.003780463805943,Coffee Shop
12651,Hajr Dist.,Dhahran,26.3728703,50.1047963,مقلط الفريج,26.391077,50.092729,Café,7.3,0.9045355208236232,Coffee Shop
12652,Hajr Dist.,Dhahran,26.3728703,50.1047963,Coffee Valley (وادي القهوة),26.373408,50.091061,Coffee Shop,6.7,0.972034925271106,Coffee Shop
12653,Hajr Dist.,Dhahran,26.3728703,50.1047963,oosha’s Coffee Bar ️️,26.360322,50.079725,Coffee Shop,6.7,0.924121430568934,Coffee Shop
12654,Hajr Dist.,Dhahran,26.3728703,50.1047963,Al Jood Cafe (قهوة الجود),26.379,50.099583,Café,6.0,0.9206931195558732,Coffee Shop
12655,Hajr Dist.,Dhahran,26.3728703,50.1047963,شاهي خالد,26.373666,50.102447,Tea Room,,0.9645361422697284,Coffee Shop
12656,Hajr Dist.,Dhahran,26.3728703,50.1047963,BRIGHTaa,26.372573,50.098949,Coffee Shop,,0.8525722690033041,Coffee Shop
12657,Hajr Dist.,Dhahran,26.3728703,50.1047963,مجلس نجد,26.378297,50.103673,Coffee Shop,,0.5483329708231054,Coffee Shop
12658,Hajr Dist.,Dhahran,26.3728703,50.1047963,حلم,26.367854,50.098909,Café,,0.9604345979761572,Coffee Shop
12659,Hajr Dist.,Dhahran,26.3728703,50.1047963,استراحة الجامعيين للمناسبات,26.377383,50.111484,Coffee Shop,,0.9660897575324446,Coffee Shop
12660,Hajr Dist.,Dhahran,26.3728703,50.1047963,Joffreys,26.37892,50.110606,Coffee Shop,,0.8471656878890511,Coffee Shop
12661,Hajr Dist.,Dhahran,26.3728703,50.1047963,مهيّلة الجود,26.380293,50.101135,Café,,0.728500554122777,Coffee Shop
12662,Hajr Dist.,Dhahran,26.3728703,50.1047963,Coffee Latte,26.374918,50.116884,Coffee Shop,,0.4365658888232918,Coffee Shop
12663,Hajr Dist.,Dhahran,26.3728703,50.1047963,Season Coffee (الزمن المناسب),26.367337,50.09355,Coffee Shop,,0.8721167490082756,Coffee Shop
12664,Hajr Dist.,Dhahran,26.3728703,50.1047963,Caffee Valley,26.364311,50.095591,Café,,0.9135050596070388,Coffee Shop
12665,Gharb Adh Dhahran Dist.,Dhahran,26.31367,50.1270294,Sharq Coffee Roasters (مقهى ومحمصة شرق),26.308906,50.129648,Coffee Shop,8.9,0.9888406695598264,Coffee Shop
12666,Gharb Adh Dhahran Dist.,Dhahran,26.31367,50.1270294,Starbucks (ستاربكس),26.305252,50.129422,Coffee Shop,9.4,0.9989667286629468,Coffee Shop
12667,Gharb Adh Dhahran Dist.,Dhahran,26.31367,50.1270294,Shrq Coffee Roasters - Kings Park Branch,26.305041,50.130629,Coffee Shop,8.9,0.9935937177102708,Coffee Shop
12668,Gharb Adh Dhahran Dist.,Dhahran,26.31367,50.1270294,Joffrey's,26.31194,50.131266,Coffee Shop,8.1,0.991320520768754,Coffee Shop
12669,Gharb Adh Dhahran Dist.,Dhahran,26.31367,50.1270294,Starbucks (ستاربكس),26.31102,50.132454,Coffee Shop,8.1,0.9233312667906592,Coffee Shop
12670,Gharb Adh Dhahran Dist.,Dhahran,26.31367,50.1270294,ستاربكس,26.331385,50.132707,Coffee Shop,8.8,0.9393261452733844,Coffee Shop
12671,Gharb Adh Dhahran Dist.,Dhahran,26.31367,50.1270294,Starbucks (ستاربكس),26.335379,50.131182,Coffee Shop,9.3,0.9994199836352524,Coffee Shop
12672,Gharb Adh Dhahran Dist.,Dhahran,26.31367,50.1270294,Nass (نص إثراء),26.335985,50.120734,Coffee Shop,9.5,0.9990989031476244,Coffee Shop
12673,Gharb Adh Dhahran Dist.,Dhahran,26.31367,50.1270294,ستاربكس,26.310076,50.136838,Coffee Shop,7.9,0.2839429634221946,Coffee Shop
12674,Gharb Adh Dhahran Dist.,Dhahran,26.31367,50.1270294,Tim Hortons (تيم هورتنز),26.310303,50.136601,Coffee Shop,7.8,0.978094647654474,Coffee Shop
12675,Gharb Adh Dhahran Dist.,Dhahran,26.31367,50.1270294,Dunkin‘ Dontus (دانكن دونتس),26.314114,50.14771,Bakery,8.1,0.992480502128453,Coffee Shop
12676,Gharb Adh Dhahran Dist.,Dhahran,26.31367,50.1270294,Pattis France,26.335519,50.120624,Café,8.4,0.8675491201358896,Coffee Shop
12677,Gharb Adh Dhahran Dist.,Dhahran,26.31367,50.1270294,Seattle's Best Coffee,26.309109,50.128939,Coffee Shop,7.4,0.8648481091134532,Coffee Shop
12678,Gharb Adh Dhahran Dist.,Dhahran,26.31367,50.1270294,Joffrey's (جوفريز),26.328878,50.109073,Coffee Shop,8.0,0.9919922116316802,Coffee Shop
12679,Gharb Adh Dhahran Dist.,Dhahran,26.31367,50.1270294,Costa (كوستا ارامكو),26.309062,50.128656,Coffee Shop,7.2,0.847489150650961,Coffee Shop
12680,Gharb Adh Dhahran Dist.,Dhahran,26.31367,50.1270294,Beano,26.334877,50.121418,Café,7.7,0.8750789754425214,Coffee Shop
12681,Gharb Adh Dhahran Dist.,Dhahran,26.31367,50.1270294,ستاربكس,26.32877,50.109278,Coffee Shop,7.7,0.165489822429325,Coffee Shop
12682,Gharb Adh Dhahran Dist.,Dhahran,26.31367,50.1270294,10°,26.335103,50.122491,Coffee Shop,7.4,0.9497042952283296,Coffee Shop
12683,Gharb Adh Dhahran Dist.,Dhahran,26.31367,50.1270294,Bint Al-Qadi Cafè (قهوة بنت القاضي),26.314222,50.147741,Bakery,7.1,0.2698008265233197,Coffee Shop
12684,Gharb Adh Dhahran Dist.,Dhahran,26.31367,50.1270294,Jamoka Café,26.334765,50.131817,Coffee Shop,7.2,0.3252752488373779,Coffee Shop
12685,Gharb Adh Dhahran Dist.,Dhahran,26.31367,50.1270294,Costa Cafe (كوستا كوفي),26.309297,50.131489,Coffee Shop,6.6,0.9125852448853068,Coffee Shop
12686,Gharb Adh Dhahran Dist.,Dhahran,26.31367,50.1270294,illy Coffee,26.300468,50.147992,Coffee Shop,7.1,0.1268857201901219,Coffee Shop
12687,Gharb Adh Dhahran Dist.,Dhahran,26.31367,50.1270294,INNER CIRCLE (إنِر سيركل),26.335506,50.12296,Coffee Shop,7.0,0.900485763705476,Coffee Shop
12688,Gharb Adh Dhahran Dist.,Dhahran,26.31367,50.1270294,Starbucks (ستاربكس),26.334401,50.122599,Coffee Shop,7.0,0.7741146982361288,Coffee Shop
12689,Gharb Adh Dhahran Dist.,Dhahran,26.31367,50.1270294,Paul,26.328863,50.109372,Café,6.6,0.9356631253309148,Coffee Shop
12690,Gharb Adh Dhahran Dist.,Dhahran,26.31367,50.1270294,كرسبي كريم,26.312258,50.12805,Office,,0.9597024178549288,Coffee Shop
12691,Gharb Adh Dhahran Dist.,Dhahran,26.31367,50.1270294,Cinnabon (سينابون),26.315368,50.131605,Bakery,,0.084728249638355,Coffee Shop
12692,Gharb Adh Dhahran Dist.,Dhahran,26.31367,50.1270294,Joffrey's,26.313944,50.121536,Coffee Shop,,0.8768340566232693,Coffee Shop
12693,Gharb Adh Dhahran Dist.,Dhahran,26.31367,50.1270294,Scratch Cafe,26.308785,50.128138,Café,,0.1950816284356272,Coffee Shop
12694,Gharb Adh Dhahran Dist.,Dhahran,26.31367,50.1270294,Üshk,26.309125,50.129112,Café,,0.3864434800578632,Coffee Shop
12695,Gharb Adh Dhahran Dist.,Dhahran,26.31367,50.1270294,Um Rashid Cafe,26.308729,50.125299,Café,,0.4112419921471378,Coffee Shop
12696,Gharb Adh Dhahran Dist.,Dhahran,26.31367,50.1270294,Dose,26.311178,50.132176,Coffee Shop,,0.9111386650134324,Coffee Shop
12697,Gharb Adh Dhahran Dist.,Dhahran,26.31367,50.1270294,Olabs Coffee Truck,26.308777,50.12946,Coffee Shop,,0.8600950609630089,Coffee Shop
12698,Gharb Adh Dhahran Dist.,Dhahran,26.31367,50.1270294,Dose (دوز),26.311296,50.132384,Coffee Shop,,0.9894606323620584,Coffee Shop
12699,Gharb Adh Dhahran Dist.,Dhahran,26.31367,50.1270294,Dosa Cafe,26.311067,50.132566,Café,,0.4676586071502376,Coffee Shop
12700,Gharb Adh Dhahran Dist.,Dhahran,26.31367,50.1270294,Maskob,26.307584,50.127997,Tea Room,,0.8642281463112214,Coffee Shop
12701,Gharb Adh Dhahran Dist.,Dhahran,26.31367,50.1270294,Joffrey's (جوفريز),26.316734,50.119307,Coffee Shop,,0.8716676999380037,Coffee Shop
12702,Gharb Adh Dhahran Dist.,Dhahran,26.31367,50.1270294,Lark,26.304837,50.129709,Coffee Shop,,0.8210374044224014,Coffee Shop
12703,Gharb Adh Dhahran Dist.,Dhahran,26.31367,50.1270294,Shrq Coffee Roasters (مقهى ومحمصة شرق),26.304902,50.130302,Coffee Shop,,0.9272576978714612,Coffee Shop
12704,Gharb Adh Dhahran Dist.,Dhahran,26.31367,50.1270294,Caffe’ Vergnano,26.323209,50.133677,Coffee Shop,,0.532548047117173,Coffee Shop
12705,Gharb Adh Dhahran Dist.,Dhahran,26.31367,50.1270294,كرسبي كريم,26.319956,50.115266,Office,,0.9818144244678652,Coffee Shop
12706,Gharb Adh Dhahran Dist.,Dhahran,26.31367,50.1270294,غرفة أحمد ومحمود,26.312385,50.142021,Tea Room,,0.7195701591237859,Coffee Shop
12707,Gharb Adh Dhahran Dist.,Dhahran,26.31367,50.1270294,ستاربكس,26.300505,50.120509,Coffee Shop,,0.8993593717710271,Coffee Shop
12708,Gharb Adh Dhahran Dist.,Dhahran,26.31367,50.1270294,دوز كافيه,26.325548,50.136522,Café,,0.9710613263731368,Coffee Shop
12709,Gharb Adh Dhahran Dist.,Dhahran,26.31367,50.1270294,Cinnzeo,26.311867,50.145347,Café,,0.0485970854177671,Coffee Shop
12710,Gharb Adh Dhahran Dist.,Dhahran,26.31367,50.1270294,LAcafe,26.308154,50.144939,Coffee Shop,,0.4918371564372804,Coffee Shop
12711,Gharb Adh Dhahran Dist.,Dhahran,26.31367,50.1270294,Café,26.308064,50.144917,Café,,0.3304401735895846,Coffee Shop
12712,Gharb Adh Dhahran Dist.,Dhahran,26.31367,50.1270294,Royal Waltz Cafe,26.314281,50.146071,Café,,0.5788977617582782,Coffee Shop
12713,Gharb Adh Dhahran Dist.,Dhahran,26.31367,50.1270294,Joffrey's (جوفريز),26.322422,50.109356,Coffee Shop,,0.0932010746021905,Coffee Shop
12714,Gharb Adh Dhahran Dist.,Dhahran,26.31367,50.1270294,ستاربكس,26.331278,50.132222,Coffee Shop,,0.8049902122238449,Coffee Shop
12715,King Fahd University Of Petroleum And Minerals,Dhahran,26.3090282,50.1486993,Dunkin‘ Dontus (دانكن دونتس),26.314114,50.14771,Bakery,8.1,0.992480502128453,Coffee Shop
12716,King Fahd University Of Petroleum And Minerals,Dhahran,26.3090282,50.1486993,Starbucks (ستاربكس),26.305252,50.129422,Coffee Shop,9.4,0.9989667286629468,Coffee Shop
12717,King Fahd University Of Petroleum And Minerals,Dhahran,26.3090282,50.1486993,8Oz Coffee,26.304103,50.168187,Coffee Shop,9.3,0.9954376245566098,Coffee Shop
12718,King Fahd University Of Petroleum And Minerals,Dhahran,26.3090282,50.1486993,Shrq Coffee Roasters - Kings Park Branch,26.305041,50.130629,Coffee Shop,8.9,0.9935937177102708,Coffee Shop
12719,King Fahd University Of Petroleum And Minerals,Dhahran,26.3090282,50.1486993,Sharq Coffee Roasters (مقهى ومحمصة شرق),26.308906,50.129648,Coffee Shop,8.9,0.9888406695598264,Coffee Shop
12720,King Fahd University Of Petroleum And Minerals,Dhahran,26.3090282,50.1486993,Starbucks (ستاربكس),26.3234,50.16423,Coffee Shop,9.2,0.9881303034481028,Coffee Shop
12721,King Fahd University Of Petroleum And Minerals,Dhahran,26.3090282,50.1486993,ZOYA (زويا),26.303561,50.169328,Coffee Shop,9.0,0.9972801223318252,Coffee Shop
12722,King Fahd University Of Petroleum And Minerals,Dhahran,26.3090282,50.1486993,A Plus (آي بلس),26.299565,50.174274,Coffee Shop,9.2,0.999059950114686,Coffee Shop
12723,King Fahd University Of Petroleum And Minerals,Dhahran,26.3090282,50.1486993,Starbucks (ستاربكس),26.307338,50.173058,Coffee Shop,8.8,0.9931815048318564,Coffee Shop
12724,King Fahd University Of Petroleum And Minerals,Dhahran,26.3090282,50.1486993,Tulum (تولوم),26.308906,50.169742,Coffee Shop,8.5,0.9908627151147488,Coffee Shop
12725,King Fahd University Of Petroleum And Minerals,Dhahran,26.3090282,50.1486993,Karak Time (وقت الكرك),26.322425,50.158048,Tea Room,8.3,0.9836055300001252,Coffee Shop
12726,King Fahd University Of Petroleum And Minerals,Dhahran,26.3090282,50.1486993,AlShabba (الشبّة),26.30368,50.175089,Café,9.0,0.959728262913152,Coffee Shop
12727,King Fahd University Of Petroleum And Minerals,Dhahran,26.3090282,50.1486993,Gravity Lounge,26.307034,50.176208,Café,9.0,0.9977438802752466,Coffee Shop
12728,King Fahd University Of Petroleum And Minerals,Dhahran,26.3090282,50.1486993,Starbucks (ستاربكس),26.31102,50.132454,Coffee Shop,8.1,0.9233312667906592,Coffee Shop
12729,King Fahd University Of Petroleum And Minerals,Dhahran,26.3090282,50.1486993,Mound,26.305497,50.178332,Coffee Shop,9.3,0.9937956707569282,Coffee Shop
12730,King Fahd University Of Petroleum And Minerals,Dhahran,26.3090282,50.1486993,Van Houtte Café (فان هوت كافيه),26.300607,50.172346,Café,8.7,0.97617286890691,Coffee Shop
12731,King Fahd University Of Petroleum And Minerals,Dhahran,26.3090282,50.1486993,Tim Hortons,26.323339,50.164955,Coffee Shop,8.5,0.9823395961545692,Coffee Shop
12732,King Fahd University Of Petroleum And Minerals,Dhahran,26.3090282,50.1486993,Dunkin' Donuts (دانكن دونتس),26.308587,50.176686,"Cafe, Coffee, and Tea House",8.9,0.991689959013825,Coffee Shop
12733,King Fahd University Of Petroleum And Minerals,Dhahran,26.3090282,50.1486993,Ben’s Cookies,26.303537,50.170626,Coffee Shop,8.5,0.9948610606269506,Coffee Shop
12734,King Fahd University Of Petroleum And Minerals,Dhahran,26.3090282,50.1486993,Lily (ليلي),26.306108,50.1722,Coffee Shop,8.5,0.995337352568843,Coffee Shop
12735,King Fahd University Of Petroleum And Minerals,Dhahran,26.3090282,50.1486993,Tim Hortons (تيم هورتنز),26.310303,50.136601,Coffee Shop,7.8,0.978094647654474,Coffee Shop
12736,King Fahd University Of Petroleum And Minerals,Dhahran,26.3090282,50.1486993,Starbucks (ستاربكس),26.33079,50.162701,Coffee Shop,8.7,0.9804469623854706,Coffee Shop
12737,King Fahd University Of Petroleum And Minerals,Dhahran,26.3090282,50.1486993,Joffrey's,26.31194,50.131266,Coffee Shop,8.1,0.991320520768754,Coffee Shop
12738,King Fahd University Of Petroleum And Minerals,Dhahran,26.3090282,50.1486993,ستاربكس,26.331385,50.132707,Coffee Shop,8.8,0.9393261452733844,Coffee Shop
12739,King Fahd University Of Petroleum And Minerals,Dhahran,26.3090282,50.1486993,Boad Coffee Roasters (مقهى و محمصة بُعد),26.305397,50.178167,Coffee Shop,8.8,0.994071418723287,Coffee Shop
12740,King Fahd University Of Petroleum And Minerals,Dhahran,26.3090282,50.1486993,Road Cafe (قهوة الطريق),26.294645,50.171079,General Contractor,8.6,0.9716104934635198,Coffee Shop
12741,King Fahd University Of Petroleum And Minerals,Dhahran,26.3090282,50.1486993,Marks & Spencer Coffee (ماركس & سبنسر كافيه),26.307846,50.17381,Coffee Shop,8.3,0.9929809608563228,Coffee Shop
12742,King Fahd University Of Petroleum And Minerals,Dhahran,26.3090282,50.1486993,ديوانية الساحل,26.323848,50.16618,Café,8.3,0.973039369289197,Coffee Shop
12743,King Fahd University Of Petroleum And Minerals,Dhahran,26.3090282,50.1486993,Starbucks (ستاربكس),26.30203,50.17745,Coffee Shop,8.6,0.9869270395949012,Coffee Shop
12744,King Fahd University Of Petroleum And Minerals,Dhahran,26.3090282,50.1486993,ديوانية كيف القيصيرية,26.333111,50.149566,Café,8.3,0.9882028814384406,Coffee Shop
12745,King Fahd University Of Petroleum And Minerals,Dhahran,26.3090282,50.1486993,Spark Coffee Drive Thru,26.332617,50.161098,Coffee Shop,8.4,0.9948986626223632,Coffee Shop
12746,King Fahd University Of Petroleum And Minerals,Dhahran,26.3090282,50.1486993,Matter Speciality Coffee (ماتر للقهوة المختصة),26.302638,50.176674,Coffee Shop,8.3,0.9740796911622776,Coffee Shop
12747,King Fahd University Of Petroleum And Minerals,Dhahran,26.3090282,50.1486993,Overdose (أوڤردوز),26.300645,50.171967,Coffee Shop,8.1,0.95631901532908,Coffee Shop
12748,King Fahd University Of Petroleum And Minerals,Dhahran,26.3090282,50.1486993,KYAN (كيان),26.330769,50.161804,Coffee Shop,8.1,0.9780780366744796,Coffee Shop
12749,King Fahd University Of Petroleum And Minerals,Dhahran,26.3090282,50.1486993,Forte (فورتيه),26.308296,50.177649,Coffee Shop,8.1,0.8906533973402855,Coffee Shop
12750,King Fahd University Of Petroleum And Minerals,Dhahran,26.3090282,50.1486993,Notes Cafe (نوتس كافيه),26.307699,50.168844,Café,7.5,0.6641139089781031,Coffee Shop
12751,King Fahd University Of Petroleum And Minerals,Dhahran,26.3090282,50.1486993,Coffee Valley (وادي القهوه),26.293647,50.172109,Coffee Shop,7.8,0.977112918792224,Coffee Shop
12752,King Fahd University Of Petroleum And Minerals,Dhahran,26.3090282,50.1486993,Krispy Kreme (كرسبي كريم),26.309626,50.171926,Café,7.6,0.9784039206347216,Coffee Shop
12753,King Fahd University Of Petroleum And Minerals,Dhahran,26.3090282,50.1486993,illy Coffee,26.300468,50.147992,Coffee Shop,7.1,0.1268857201901219,Coffee Shop
12754,King Fahd University Of Petroleum And Minerals,Dhahran,26.3090282,50.1486993,MammaRoti (مآمآ روتي),26.305765,50.167921,Café,7.1,0.2636150558389631,Coffee Shop
12755,King Fahd University Of Petroleum And Minerals,Dhahran,26.3090282,50.1486993,Derby Caffee (دربي كافيه),26.33231,50.161652,Coffee Shop,7.2,0.9671233220109547,Coffee Shop
12756,King Fahd University Of Petroleum And Minerals,Dhahran,26.3090282,50.1486993,جوفريز,26.312644,50.178219,Coffee Shop,7.1,0.9532231177067796,Coffee Shop
12757,King Fahd University Of Petroleum And Minerals,Dhahran,26.3090282,50.1486993,Joffrey's Cafe,26.309998,50.149738,Coffee Shop,,0.3606044599115475,Coffee Shop
12758,King Fahd University Of Petroleum And Minerals,Dhahran,26.3090282,50.1486993,Café,26.308064,50.144917,Café,,0.3304401735895846,Coffee Shop
12759,King Fahd University Of Petroleum And Minerals,Dhahran,26.3090282,50.1486993,Cafe Jamoca,26.305367,50.145817,Café,,0.5391609836743129,Coffee Shop
12760,King Fahd University Of Petroleum And Minerals,Dhahran,26.3090282,50.1486993,Take Off,26.314222,50.147741,Coffee Shop,,0.7820588509461517,Coffee Shop
12761,King Fahd University Of Petroleum And Minerals,Dhahran,26.3090282,50.1486993,Royal Waltz Cafe,26.314281,50.146071,Café,,0.5788977617582782,Coffee Shop
12762,King Fahd University Of Petroleum And Minerals,Dhahran,26.3090282,50.1486993,كوستا كوفي,26.303553,50.168738,Coffee Shop,6.9,0.9574220071945152,Coffee Shop
12763,King Fahd University Of Petroleum And Minerals,Dhahran,26.3090282,50.1486993,ستاربكس,26.302494,50.146041,Coffee Shop,,0.1074602190535234,Coffee Shop
12764,King Fahd University Of Petroleum And Minerals,Dhahran,26.3090282,50.1486993,Sagafrado Coffe,26.30437,50.170826,Coffee Shop,6.0,0.868819172004061,Coffee Shop
12765,Ajyal,Dhahran,26.2649748,50.0728188,Starbucks (ستاربكس),26.264333,50.067991,Coffee Shop,7.7,0.3422291850296078,Coffee Shop
12766,Ajyal,Dhahran,26.2649748,50.0728188,قهوة الطريق,26.284161,50.060261,General Contractor,8.5,0.9999400424919572,Coffee Shop
12767,Ajyal,Dhahran,26.2649748,50.0728188,Rovingo,26.265446,50.070539,Coffee Shop,,0.9862302594803676,Coffee Shop
12768,Ajyal,Dhahran,26.2649748,50.0728188,ACCELent Cafe,26.275405,50.071502,Café,,0.5108497258967192,Coffee Shop
12769,Ajyal,Dhahran,26.2649748,50.0728188,ديوانية الشيوخ للقهوة العربي,26.284161,50.060261,Café,,0.1370697091284669,Coffee Shop
