ID,Name,Latitude,Longitude,Category,Rating,Number of Reviews,Business Status
1,Barn's | بارنز,26.2413665,49.9974442,cafe,2.5,8,OPERATIONAL
2,شاي علوش,26.241,49.9980278,cafe,4.9,8,OPERATIONAL
3,Cafe Cairo,26.2379085,50.1964718,cafe,3.7,3056,OPERATIONAL
4,Share Lounge,26.2441375,50.1986562,cafe,4.6,757,OPERATIONAL
5,مقهى ليالي الكيف,26.2517993,50.1974438,cafe,4,361,OPERATIONAL
6,la melograno lounge,26.2421635,50.1982876,cafe,4.3,258,OPERATIONAL
7,Tea Hessa,26.2487593,50.1981057,cafe,4.7,83,OPERATIONAL
8,Mantorose Cafe,26.2562009,50.1937879,cafe,4.3,93,OPERATIONAL
9,Barn's | بارنز,26.2502376,50.2026869,cafe,3.9,19,OPERATIONAL
10,TCG - The Coffee Group,26.2506236,50.198796,cafe,5,23,OPERATIONAL
11,مطعم طريق الحرير,26.2423087,50.1982743,cafe,5,2,OPERATIONAL
12,ceasario,26.2554416,50.2207226,cafe,4,875,OPERATIONAL
13,Espresso Station اسبريسو ستيشن,26.2415771,50.2145021,cafe,4.4,153,OPERATIONAL
14,Tim Hortons,26.2406788,50.21445250000001,cafe,4,239,OPERATIONAL
15,ديوانيه النظم الشعبية,26.2592753,50.2041834,cafe,4.1,65,OPERATIONAL
16,قهوة سكاي بلو,26.2581899,50.2011492,cafe,4.2,24,OPERATIONAL
17,24Cafe,26.2552707,50.203505,cafe,4.6,19,OPERATIONAL
18,Blue Sky Coffee إسكان بلوسكي كوفي,26.2545335,50.2146032,cafe,4,29,OPERATIONAL
19,كورنيش الخبر,26.2572165,50.219502000000006,cafe,No rating,No reviews,OPERATIONAL
21,Dunkin' - دانكن,26.2693125,50.0189375,cafe,3.9,103,OPERATIONAL
22,Cafe bonjour,26.26937,50.0188251,cafe,No rating,No reviews,OPERATIONAL
23,McDonald's,26.2654423,50.0705652,cafe,3,247,OPERATIONAL
24,قهوة عمق UMQ Coffee,26.2655075,50.0711872,cafe,4.6,151,OPERATIONAL
25,Knock Ajyal - نـوك أجيـال,26.2661211,50.0716097,cafe,4.7,83,OPERATIONAL
26,ستاربكس,26.2641515,50.0680795,cafe,5,3,OPERATIONAL
27,Dose دوز,26.2656936,50.071097,cafe,4.8,13,OPERATIONAL
28,فسحه,26.2658542,50.0704925,cafe,4.6,26,OPERATIONAL
29,Dunkin' - دانكن,26.2793125,50.132312500000005,cafe,4,513,OPERATIONAL
30,Dunkin' - دانكن,26.271374,50.195328,cafe,4.1,1346,OPERATIONAL
31,ديلي كب Daily cup,26.277147,50.1837074,cafe,4.5,102,OPERATIONAL
32,Barn's | بارنز,26.2661719,50.2038955,cafe,4.2,528,OPERATIONAL
33,Golden Tea كرك الذهبي,26.2761413,50.1923933,cafe,4.2,30,OPERATIONAL
34,Konafa golden crown,26.2711022,50.1956991,cafe,4.1,272,OPERATIONAL
35,قهوة توتيل,26.2801547,50.1906717,cafe,4.6,41,OPERATIONAL
36,يمي كريب,26.2736271,50.1869705,cafe,4.1,189,OPERATIONAL
38,مقهى ليالي امدر,26.2784085,50.183892,cafe,4.2,41,OPERATIONAL
39,Al Qurashi Parties,26.2755416,50.1853504,cafe,4.6,32,OPERATIONAL
41,دونات لاند DONUT LAND,26.2759998,50.1842413,cafe,4.6,40,OPERATIONAL
42,قعدة شاي,26.2696033,50.1870342,cafe,4.2,17,OPERATIONAL
43,Al Zawiya Al Shobeya Coffee Shop,26.2781563,50.184041,cafe,4,33,OPERATIONAL
44,مقهئ التراث الشعبي,26.2736638,50.1869195,cafe,4.4,83,OPERATIONAL
45,فرع دونات الممتاز,26.2737728,50.1927926,cafe,3.4,14,OPERATIONAL
46,شاهي شعف |Shaaf Tea,26.2783276,50.1832142,cafe,4.9,13,OPERATIONAL
47,عصير العميد,26.2778825,50.1931226,cafe,4.4,33,OPERATIONAL
48,Sun Room Cafe & Restaurant,26.2721477,50.2211776,cafe,3.7,4253,OPERATIONAL
49,المذاق المغربي,26.273319,50.2199697,cafe,4.3,204,OPERATIONAL
50,Starbucks,26.268667,50.216056,cafe,4.3,1353,OPERATIONAL
51,شذرات كافيه,26.2750395,50.2191444,cafe,4.4,615,OPERATIONAL
52,Diwaniya Mishraq,26.2655577,50.2104625,cafe,4.1,427,OPERATIONAL
53,Dunkin' - دانكن,26.269562500000003,50.2165625,cafe,3.7,151,OPERATIONAL
54,COFFE SHACK(مقهى الكوخ ),26.270573,50.2165294,cafe,4.7,439,OPERATIONAL
55,Golden Restaurant,26.2775017,50.212887,cafe,4.1,545,OPERATIONAL
56,TEA TIME TEA INNOVATION,26.2774067,50.2116069,cafe,4.5,113,OPERATIONAL
57,تكية مزاج | Takya Mazaj,26.2783265,50.2079627,cafe,4.6,82,OPERATIONAL
58,Krispy Kreme,26.2675625,50.2144375,cafe,4.1,137,OPERATIONAL
59,campero lounge & cafe,26.2732165,50.2163584,cafe,4.1,29,OPERATIONAL
60,Tazamun مقهى تزامن,26.2705961,50.2130033,cafe,4.8,60,OPERATIONAL
61,Derby Coffee,26.2665042,50.2186286,cafe,3.9,74,OPERATIONAL
62,Azeem Cafeteria,26.2776247,50.2130905,cafe,4,185,OPERATIONAL
63,مقهى ومطعم ماء الذهب,26.2728521,50.2211858,cafe,3.9,20,OPERATIONAL
64,Cafe De Paris,26.2782433,50.2186936,cafe,3.5,780,OPERATIONAL
65,Cafe Bijou,26.2766551,50.2199477,cafe,4.4,20,OPERATIONAL
66,Tea point,26.2717565,50.2124846,cafe,4.8,22,OPERATIONAL
67,Dublin donuts,26.2671413,50.214783,cafe,4,2,OPERATIONAL
68,Gazebo Cafe,26.2658295,50.2133161,cafe,No rating,No reviews,OPERATIONAL
69,مقهى سمرة,26.2782109,50.2186899,cafe,5,2,OPERATIONAL
70,24Cafe,26.2950456,50.0353552,cafe,4.4,246,OPERATIONAL
71,Barn's | بارنز,26.2954097,50.0356568,cafe,3.6,26,OPERATIONAL
72,Derby Cafe,26.2952323,50.0355181,cafe,3.8,330,OPERATIONAL
73,ديوانية الكيف,26.295360700000003,50.0341051,cafe,3,3,OPERATIONAL
74,Road Café | قهوة الطريق,26.2840822,50.0603135,cafe,4.2,105,OPERATIONAL
75,Shrq Coffee Roaster (Jebel Heights),26.2899114,50.1008353,cafe,4.3,264,OPERATIONAL
76,DESSANGE PARIS,26.2913016,50.10469,cafe,4.7,22,OPERATIONAL
77,قهوة عرب,26.285332800000003,50.1323483,cafe,2.3,3,OPERATIONAL
78,Blue stars,26.2842924,50.1505135,cafe,2.7,13,OPERATIONAL
79,Dose Cafe,26.2836875,50.1504375,cafe,3,1,OPERATIONAL
80,Al Rashid Mall,26.2908311,50.1805653,cafe,4.3,50912,OPERATIONAL
81,Dunkin' - دانكن,26.2942647,50.1709881,cafe,4,279,OPERATIONAL
82,Sip Day speciality coffeee,26.2785936,50.1830973,cafe,4.7,448,OPERATIONAL
83,Dunkin' - دانكن,26.29086,50.181264,cafe,4,506,OPERATIONAL
84,Black Horse Cafe,26.291454,50.1823149,cafe,4.5,260,OPERATIONAL
85,Barn's | بارنز,26.2935069,50.1720541,cafe,4.1,55,OPERATIONAL
86,7 Grams - Alrashid Mall | ٧ جرام - الراشد مول,26.2912431,50.1807662,cafe,4.4,679,OPERATIONAL
87,Rosalie Cafe,26.2905188,50.1777323,cafe,4.5,448,OPERATIONAL
88,GLĀDIO CAFÉ,26.2913235,50.1803377,cafe,4.6,129,OPERATIONAL
89,Cinnabon,26.286915,50.18391,cafe,3.3,113,OPERATIONAL
90,Konafa golden crown,26.280672,50.1823043,cafe,4.1,266,OPERATIONAL
91,مقهى ديوانية هجر,26.2839412,50.1815338,cafe,3.8,261,OPERATIONAL
92,Starbucks,26.2913075,50.1809882,cafe,4,523,OPERATIONAL
93,Costa Coffee,26.289806,50.181026,cafe,4.6,366,OPERATIONAL
94,Equal,26.2906576,50.1769855,cafe,4.7,20,OPERATIONAL
95,ماما بنز كافيه | MammaBunz Cafe‏,26.2865001,50.1839,cafe,4.1,207,OPERATIONAL
96,Krispy Kreme,26.2913662,50.1805928,cafe,4.3,70,OPERATIONAL
97,Madina Restaurant,26.2880423,50.1883326,cafe,3.9,9057,OPERATIONAL
98,مقهي ومحمصه الواحه - Oasis Cafe Roastery,26.2820048,50.2019347,cafe,4.5,1589,OPERATIONAL
99,Starbucks,26.2903957,50.1873237,cafe,4,188,OPERATIONAL
100,Tea Muhabath Resto cafe,26.293282200000004,50.1946282,cafe,4.5,163,OPERATIONAL
101,Golden Tea,26.2845043,50.1905563,cafe,4,69,OPERATIONAL
102,شاي فرس,26.2944738,50.1971796,cafe,4.6,239,OPERATIONAL
103,ديوانية قدوع للشاي والقهوة,26.2842784,50.189095,cafe,4.1,417,OPERATIONAL
104,استكانه 4,26.2840868,50.2041239,cafe,4.5,145,OPERATIONAL
105,مقهى بساطة coffee Basata,26.2847233,50.1960392,cafe,4.8,169,OPERATIONAL
106,انليش | Unleash,26.2813794,50.2004297,cafe,4.7,167,OPERATIONAL
107,Krispy Kreme,26.2835625,50.1971875,cafe,4.2,242,OPERATIONAL
108,ZOLIEA,26.2979324,50.2099036,cafe,4.5,1629,OPERATIONAL
109,فرن ليلى,26.2930699,50.2185376,cafe,4.6,664,OPERATIONAL
110,Cay,26.2820969,50.222144400000005,cafe,4.3,1257,OPERATIONAL
111,بلما | Blma,26.2894354,50.2180839,cafe,4.6,879,OPERATIONAL
112,SAJE cafe | سيج,26.2919437,50.2085989,cafe,4.5,464,OPERATIONAL
113,مقهى طرف,26.2927808,50.2187689,cafe,4.5,360,OPERATIONAL
114,SOIR CAFÉ,26.2821187,50.2220207,cafe,4,1208,OPERATIONAL
115,ديلي كب Daily cup,26.2941272,50.2170997,cafe,4.6,128,OPERATIONAL
116,Tea Time,26.2825825,50.2177414,cafe,4.2,3094,OPERATIONAL
117,Qaf Coffee Roasters -Ajdan : محمصة ومقهى قاف - اجدان,26.2829739,50.2204568,cafe,4.4,922,OPERATIONAL
118,Slope Roastery,26.2907142,50.2161203,cafe,4.8,246,OPERATIONAL
119,Dunkin' - دانكن,26.2784375,50.2180625,cafe,4.1,1924,OPERATIONAL
120,MOUND,26.2920621,50.2083507,cafe,4.1,334,OPERATIONAL
121,Mawoud,26.2883756,50.2179001,cafe,4.6,625,OPERATIONAL
122,Lounge shesha shisha hookah hooka مقهى لاونج غصن الرمان لاونج شيشة شيشه كافيهGhosen اقرب مكان شيشة افضل مكان شيشة,26.2952827,50.201301,cafe,4.5,260,OPERATIONAL
123,Starbucks,26.2882713,50.2161335,cafe,4.5,507,OPERATIONAL
124,Mantorose Cafe,26.2816481,50.222423,cafe,4,408,OPERATIONAL
125,Oasis cafe & Club,26.2892972,50.216491100000006,cafe,3.8,722,OPERATIONAL
126,Hiqbah Roasters - محمصة و مقهى حقبة,26.281725,50.2130017,cafe,4.9,262,OPERATIONAL
127,Half Million,26.295083,50.220759,cafe,4.4,4780,OPERATIONAL
128,SULTAN LOUNGE & CAFE,26.2940795,50.2203355,cafe,4,1221,OPERATIONAL
129,Line Espresso Bar & Roastery,26.2958954,50.2190825,cafe,4.5,1029,OPERATIONAL
130,مطل مقابل اجدان رايز,26.2820555,50.2219944,cafe,4.8,61,OPERATIONAL
131,Gladio Cafe - جلاديو كافيه,26.2959257,50.219089,cafe,4.9,498,OPERATIONAL
132,Tamimi Cafeteria,26.3066005,50.1118087,cafe,4.1,18,OPERATIONAL
133,Chapati&Karak - KSA Aramco,26.2983635,50.1077906,cafe,3.7,26,OPERATIONAL
134,Dose Cafe,26.3050033,50.1133814,cafe,4,4,OPERATIONAL
135,Olabs,26.3075072,50.1115461,cafe,5,3,OPERATIONAL
136,Starbucks,26.3052517,50.1293103,cafe,4.4,717,OPERATIONAL
137,Shrq Coffee Roaster (King’s Park),26.3049304,50.1302831,cafe,4.4,201,OPERATIONAL
138,Dunkin - دانكن,26.30914,50.128802,cafe,4.3,184,OPERATIONAL
139,Joffrey's جوفريز,26.3139393,50.1215358,cafe,4,4,OPERATIONAL
140,Shrq Coffee Roasters (Al Mujamma),26.3091534,50.1300481,cafe,4.7,28,OPERATIONAL
141,Carlton Lounge,26.3041566,50.1301727,cafe,4,63,OPERATIONAL
142,مغزل | MIGHZEL أرامكو,26.307555900000004,50.1278204,cafe,4.9,7,OPERATIONAL
143,مراميه,26.312155,50.125901,cafe,5,3,OPERATIONAL
144,VARDØ ڤاردو,26.3125461,50.1281986,cafe,4,2,OPERATIONAL
145,Caffe Vergnano 1882 (KIOSK),26.308616,50.1251857,cafe,No rating,No reviews,OPERATIONAL
146,Tim Hortons,26.309983300000003,50.1366531,cafe,4.4,125,OPERATIONAL
147,Cinnabon,26.313328,50.137454,cafe,3.2,22,OPERATIONAL
148,Krispy Kreme,26.3006211,50.1478169,cafe,3.9,33,OPERATIONAL
149,KFUPM Boulevard,26.3109391,50.1448128,cafe,4.5,81,OPERATIONAL
150,Starbucks,26.3110296,50.1326698,cafe,3.9,12,OPERATIONAL
151,Qaf Coffee Roasters JHAH - محمصة قاف جونزهوبكنز,26.3100099,50.1366629,cafe,4.2,22,OPERATIONAL
152,Second Cup سكند كب,26.30019,50.148126700000006,cafe,4.4,27,OPERATIONAL
153,كافتيريا 59,26.3081729,50.144954,cafe,4.7,3,OPERATIONAL
154,Joffrey's جوفريز,26.3132072,50.1285072,cafe,No rating,No reviews,OPERATIONAL
155,Faculty Lounge,26.3066893,50.1445797,cafe,3.8,4,OPERATIONAL
156,Scratch,26.3107239,50.1413789,cafe,5,2,OPERATIONAL
157,ABYAT,26.3094677,50.1660794,cafe,4,7688,OPERATIONAL
158,8Oz Coffee,26.303744400000003,50.1689469,cafe,4.1,275,OPERATIONAL
159,Dunkin' - دانكن,26.313818,50.147613,cafe,3.7,224,OPERATIONAL
160,The Crêpe Café,26.305668,50.167887,cafe,3.9,719,OPERATIONAL
161,مولتن كيك,26.3055082,50.16813930000001,cafe,3.6,22,OPERATIONAL
162,Mikyal Coffee,26.314297,50.147379,cafe,4.4,55,OPERATIONAL
163,Scratch,26.3012039,50.159476100000006,cafe,4.9,8,OPERATIONAL
164,L'douh Bakery Cafe,26.3034304,50.1686582,cafe,3.6,24,OPERATIONAL
165,Circle K - Dhahran Mall Saco,26.304726,50.1667436,cafe,No rating,No reviews,OPERATIONAL
166,Morelli's Gelato KSA,26.3069575,50.16837,cafe,3.3,4,OPERATIONAL
167,Hazal,26.3142048,50.1472104,cafe,No rating,No reviews,OPERATIONAL
168,Joe & The Juice,26.304957800000004,50.1800548,cafe,4.2,1144,OPERATIONAL
169,THE BLOOM,26.307556500000004,50.1812305,cafe,4.2,660,OPERATIONAL
170,Qaf Coffee Roasters محمصة ومقهى قاف,26.302489100000003,50.1775768,cafe,4.4,6735,OPERATIONAL
171,HAZEL COFFEE | هزل كوفي,26.3031275,50.1780158,cafe,4.7,870,OPERATIONAL
172,مقهى ومحمصة شرق (العليا) Shrq Coffee Roasters (Olaya),26.2988582,50.1791484,cafe,4.6,831,OPERATIONAL
173,NORMA نورما,26.2988117,50.179172,cafe,4.5,612,OPERATIONAL
174,لاما الخبر - LLAMA Khobar,26.3033687,50.1811298,cafe,4.5,473,OPERATIONAL
175,Seven Seeds‎,26.2986431,50.1781151,cafe,4.7,1176,OPERATIONAL
176,A PLUS,26.2995741,50.1739508,cafe,4.3,1487,OPERATIONAL
177,MOUND,26.3054906,50.1783317,cafe,4.3,1132,OPERATIONAL
178,مقهى ومحمصة سمبلسيتي | Simplicity cafe & roastery,26.2992241,50.1783635,cafe,4.5,356,OPERATIONAL
179,7 Grams - City Walk | ٧ جرام - سيتي ووك,26.3058354,50.182956700000005,cafe,4.5,1416,OPERATIONAL
180,EliNA HOTEL,26.303479,50.1748787,cafe,3.9,180,OPERATIONAL
181,Drink’s Aroma,26.3125852,50.1772789,cafe,4.8,462,OPERATIONAL
182,Effect Coffee,26.2975272,50.1784906,cafe,4.8,587,OPERATIONAL
183,Boad Coffee Roasters,26.3056433,50.1783536,cafe,4.3,747,OPERATIONAL
184,Dunkin' - دانكن,26.308732,50.176896,cafe,4.2,966,OPERATIONAL
185,Msherieb cafe,26.2990625,50.1761875,cafe,4.4,137,OPERATIONAL
186,Tea Time,26.2997163,50.1985235,cafe,4.2,4590,OPERATIONAL
187,ATYPICAL,26.3059554,50.1902352,cafe,4.2,736,OPERATIONAL
188,Olden,26.3016142,50.2013745,cafe,4.6,322,OPERATIONAL
189,ARCHI ارتشي,26.2986126,50.1898021,cafe,4.3,421,OPERATIONAL
190,Shay Bokhar,26.3007852,50.1980621,cafe,4.3,2220,OPERATIONAL
191,Savor Bakery (Al Khobar),26.3042581,50.2004774,cafe,4.5,1115,OPERATIONAL
192,Luini Bakery,26.298761700000004,50.200806500000006,cafe,4.9,904,OPERATIONAL
193,امو | Amo,26.299692900000004,50.2199016,cafe,4.1,971,OPERATIONAL
194,نَصّ,26.3030151,50.211627,cafe,3.6,2162,OPERATIONAL
195,Andes Coffee Roasters,26.2977716,50.2190152,cafe,4.6,2474,OPERATIONAL
196,KOY & BAKERY HOUSE,26.3041815,50.21124770000001,cafe,4.4,3017,OPERATIONAL
197,Panama Coffee,26.2998099,50.2122161,cafe,4,1141,OPERATIONAL
198,Balancd Coffee,26.3049922,50.2170139,cafe,4.4,2663,OPERATIONAL
199,Petibon بتي بون,26.2987323,50.2134603,cafe,4.3,684,OPERATIONAL
200,PART COFFEE HOUSE | قهوة جزء,26.2961044,50.2179219,cafe,4.8,1482,OPERATIONAL
201,OffTheEarth,26.3119351,50.2171357,cafe,4.5,968,OPERATIONAL
202,Bohemia Cafe & Records,26.29956,50.2148822,cafe,3.6,1613,OPERATIONAL
203,Vial Cafe,26.3002506,50.2166777,cafe,4.6,1397,OPERATIONAL
204,The 3rd Place,26.2993921,50.215190500000006,cafe,4.3,1110,OPERATIONAL
205,شاهي رزه ( رزهـ),26.2985426,50.2166725,cafe,4.5,554,OPERATIONAL
206,"Dear diary,",26.2982925,50.2100857,cafe,4.8,433,OPERATIONAL
207,Shrq Coffee Roasters (Alkurnaish ) | (مقهى ومحمصة شرق (الكورنيش,26.3116081,50.2230026,cafe,4.4,5831,OPERATIONAL
208,Soil Roasters,26.3133645,50.2237342,cafe,4.5,1299,OPERATIONAL
209,ARCHI,26.3094536,50.2224032,cafe,4,1415,OPERATIONAL
210,Dopeamine,26.3073626,50.2239294,cafe,4.2,1813,OPERATIONAL
211,طبخات وريه,26.327654,49.998692,cafe,4.9,39,OPERATIONAL
212,THiRDWAVE | KFMMC | ثيردويڤ - مدينة الملك فهد الطبية,26.3214873,50.0189508,cafe,4.6,90,OPERATIONAL
213,Tim Hortons,26.3209034,50.0215424,cafe,4.2,91,OPERATIONAL
214,Dunkin' - دانكن,26.3210625,50.0210625,cafe,4.6,10,OPERATIONAL
215,تقنيدة,26.3226014,50.0181752,cafe,4.4,33,OPERATIONAL
216,OLA,26.3221479,50.0190256,cafe,No rating,No reviews,OPERATIONAL
217,McCafe,26.332224,50.090088,cafe,3.5,483,OPERATIONAL
218,Shrq Coffee Roasters (Aramco -Al Midra),26.3289387,50.1093735,cafe,4.8,73,OPERATIONAL
219,Starbucks,26.328777,50.1095425,cafe,3.9,82,OPERATIONAL
220,Joffrey's North Park,26.3297501,50.108895200000006,cafe,3.6,34,OPERATIONAL
221,Krispy Kreme,26.3286974,50.1093101,cafe,3,2,OPERATIONAL
222,MASKOB (Al-Midra),26.3286337,50.1094516,cafe,5,3,OPERATIONAL
223,Dose Cafe,26.325568,50.1364224,cafe,4.3,27,OPERATIONAL
225,Dose Cafe,26.311174,50.1322397,cafe,No rating,No reviews,OPERATIONAL
226,فواز واخوانه للبلوت والشاهي,26.3141014,50.145674,cafe,5,13,OPERATIONAL
227,Kyan Coffee,26.3304772,50.1617201,cafe,3.7,294,OPERATIONAL
228,ديوانية كيف القيصرية,26.3331663,50.1496955,cafe,4.1,425,OPERATIONAL
229,Dunkin' - دانكن,26.3233021,50.1647378,cafe,3.9,419,OPERATIONAL
230,Tie | تاي (Dhahran),26.331562,50.1618113,cafe,4,79,OPERATIONAL
231,Saadeddin Pastry,26.3229633,50.1593759,cafe,3.9,643,OPERATIONAL
232,Tim Hortons,26.3234891,50.1649827,cafe,4.3,250,OPERATIONAL
233,Starbucks,26.3233835,50.1641783,cafe,4.1,595,OPERATIONAL
234,Diwaniat Alsahel,26.3239802,50.1662054,cafe,4,296,OPERATIONAL
235,Pastel Al Doha - باستيل الدوحه الجنوبيه,26.3233669,50.1615289,cafe,4.1,182,OPERATIONAL
236,Krispy Kreme,26.3235612,50.1651061,cafe,4.2,228,OPERATIONAL
237,قهوة الشيوخ Alshayoukh Coffee,26.3230446,50.1628015,cafe,4,113,OPERATIONAL
238,Daily cup,26.3222212,50.1569468,cafe,4.6,20,OPERATIONAL
239,سبارك كافيه,26.3322841,50.16115,cafe,4.2,101,OPERATIONAL
240,Barn's | بارنز,26.323828,50.165154300000005,cafe,2.8,4,OPERATIONAL
241,Derby Coffee - دربي كافيه,26.3322588,50.1616538,cafe,4,156,OPERATIONAL
242,Cinnzeo,26.3308841,50.1622847,cafe,3.9,35,OPERATIONAL
243,دندي | Dundee,26.325509,50.1859709,cafe,4.3,531,OPERATIONAL
244,Lavender tea / شاي لافندر,26.3254387,50.1858069,cafe,4.2,533,OPERATIONAL
245,ORIGO,26.3255136,50.185917,cafe,4.6,282,OPERATIONAL
246,&Beyond Lounge,26.3284294,50.1801647,cafe,4.5,948,OPERATIONAL
247,Density Coffee Roasters | مقهى ومحمصة دينستي,26.3287046,50.1803457,cafe,4.3,1734,OPERATIONAL
248,Barn's | بارنز,26.3227222,50.1797506,cafe,4.3,702,OPERATIONAL
249,لاونج دبليو تونتي | W20 Lounge,26.3282614,50.18070650000001,cafe,3.2,67,OPERATIONAL
250,Kenko كينكو,26.3253793,50.1858109,cafe,4.6,302,OPERATIONAL
251,ايت اوز كوفي | 8Oz Coffee,26.3128279,50.1772317,cafe,4.6,325,OPERATIONAL
252,Caesar 7,26.3288365,50.1807881,cafe,4.8,474,OPERATIONAL
253,Starbucks,26.3243359,50.1799484,cafe,4,168,OPERATIONAL
254,IKEA Cafe,26.3093856,50.1678728,cafe,3.8,47,OPERATIONAL
255,Urth Caffe,26.3174247,50.203582,cafe,4.2,3132,OPERATIONAL
256,Mor,26.3169736,50.204033,cafe,4.2,567,OPERATIONAL
257,OVVIO,26.3183859,50.194121,cafe,4.4,127,OPERATIONAL
258,Dose Cafe,26.3182033,50.203857,cafe,4.3,1794,OPERATIONAL
259,Lapa cafe,26.3181944,50.1942076,cafe,4,272,OPERATIONAL
260,Daskalides Chocolatier,26.3176924,50.2036308,cafe,4.3,1064,OPERATIONAL
261,Golden Park Cafe,26.3170867,50.1998459,cafe,4.2,145,OPERATIONAL
262,دندي,26.3173088,50.1967963,cafe,5,3,OPERATIONAL
263,Urth Caffe,26.3287094,50.1819795,cafe,4.7,263,OPERATIONAL
264,مقهى تيفاق | Tyfaq Cafe,26.3283036,50.1807812,cafe,4.4,88,OPERATIONAL
265,namq cafe,26.3194125,50.2228569,cafe,4.4,4655,OPERATIONAL
266,Camel Step,26.3263105,50.2133882,cafe,4.3,1405,OPERATIONAL
267,مقهى ومحمصة اودن | OUDEN,26.3213538,50.2216774,cafe,4.3,1397,OPERATIONAL
268,Olden,26.3152635,50.2161187,cafe,4.4,2083,OPERATIONAL
269,Wiso Bakery,26.3191091,50.2219713,cafe,4.5,4540,OPERATIONAL
270,UMQ Coffee 1.1 - قهوة عُمق 1.1,26.3217239,50.2118034,cafe,4.4,1933,OPERATIONAL
271,CAVO Coffee,26.3142145,50.21713990000001,cafe,4.4,1598,OPERATIONAL
272,EQUAL,26.3199641,50.2168695,cafe,4.2,1725,OPERATIONAL
273,Kyan Cafe,26.3226979,50.2066746,cafe,4.2,874,OPERATIONAL
274,WACAFE ِAl Khobar | وكف الخبر,26.319775000000003,50.2168908,cafe,4.4,354,OPERATIONAL
275,Vico فيكو,26.3259357,50.214295,cafe,3.7,340,OPERATIONAL
276,Alsaqeefa,26.3214375,50.2199516,cafe,4.5,1033,OPERATIONAL
277,Diwan Lounge Plus مقهى ديوان لاونج بلس (فرع الخبر),26.3300556,50.2131294,cafe,4.5,1136,OPERATIONAL
278,ATYPICAL,26.3135617,50.2164375,cafe,4.4,175,OPERATIONAL
279,Cosmo Drive Thru,26.3250364,50.20734890000001,cafe,4.5,526,OPERATIONAL
280,Umbrella restaurant - Alkhobar,26.3194178,50.2218609,cafe,4.6,903,OPERATIONAL
281,Otono,26.3198715,50.221681,cafe,4.1,658,OPERATIONAL
282,Cosmo,26.3108828,50.2234902,cafe,4.1,2437,OPERATIONAL
283,كافيه عنتر Antr Cafe,26.3138426,50.2293313,cafe,4.1,2310,OPERATIONAL
284,أوستن كوفي Osten Coffee,26.3103163,50.2242474,cafe,4.1,739,OPERATIONAL
285,Doka Bakery House Al Khobar دوكة الخبر,26.3103448,50.2242349,cafe,4.5,1854,OPERATIONAL
286,مقهى و محمصة وودز | WOODS Specialty Café & Roastery‎,26.3130416,50.22370480000001,cafe,4.4,3168,OPERATIONAL
287,Dunkin,26.341055,49.9675027,cafe,4,973,OPERATIONAL
288,8oz Coffee | ايت اوز كوفي,26.3419113,49.9706955,cafe,3.7,157,OPERATIONAL
289,Starbucks,26.340594,49.966883,cafe,4.2,352,OPERATIONAL
290,جباتي وكرك,26.3419848,49.9713403,cafe,3.1,156,OPERATIONAL
291,ايكول كافيه,26.3417433,49.9705028,cafe,3.5,61,OPERATIONAL
292,ديوانية جوي للقهوة العربية,26.3425185,49.9712524,cafe,3.7,294,OPERATIONAL
293,Krispy Kreme,26.341847,49.9709417,cafe,4.3,53,OPERATIONAL
294,Blue Sky بلو سكاي,26.3419375,49.971187500000006,cafe,3.8,30,OPERATIONAL
295,شاليهات تالا,26.3481769,49.9661977,cafe,3.9,109,OPERATIONAL
296,ABO SAIF TEA,26.3418881,49.9711649,cafe,3.6,21,OPERATIONAL
297,ديوانية زمن الطيبين,26.3406502,49.9609007,cafe,3.8,99,OPERATIONAL
298,Starbucks,26.3429791,49.9954125,cafe,4,460,OPERATIONAL
299,Dunkin' - دانكن,26.342849,49.99567,cafe,3,123,OPERATIONAL
300,Barn's | بارنز,26.3359602,49.9998485,cafe,3.1,14,OPERATIONAL
301,كوب ورق حي العروبه,26.333875700000004,50.0009642,cafe,4.6,19,OPERATIONAL
302,شاي سياق,26.3500273,49.9969318,cafe,4.9,10,OPERATIONAL
303,كنافة كنوز فرع 2,26.3349839,50.0127238,cafe,4.7,74,OPERATIONAL
304,ديوانية شبرا,26.3407698,50.0352702,cafe,4.1,730,OPERATIONAL
305,بريف | BRIEF,26.342399,50.0377619,cafe,4.6,138,OPERATIONAL
306,مقهى ومحمصة شرق,26.3408888,50.0382081,cafe,4.7,60,OPERATIONAL
307,Al Rifai Roastery,26.3404375,50.0376875,cafe,4.7,29,OPERATIONAL
308,إستكانة مزاج,26.3436007,50.0397084,cafe,2.7,7,OPERATIONAL
309,مقهى ومحمصة سمبلسيتي | Simplicity cafe & roastery,26.3418007,50.0367602,cafe,3.9,7,OPERATIONAL
310,لفى Lifa,26.3445314,50.0412711,cafe,4.9,42,OPERATIONAL
311,Chemistry Coffee كيمستري كوفي,26.3458802,50.0463409,cafe,4.1,1379,OPERATIONAL
312,فيال الشعلة,26.3437982,50.0430079,cafe,4.5,560,OPERATIONAL
313,قهوة عُمق 2.3 - UMQ Coffee 2.3,26.3481166,50.0493833,cafe,4.5,627,OPERATIONAL
314,سيكونس,26.3488246,50.0508063,cafe,4,469,OPERATIONAL
315,Starbucks,26.345893,50.046729,cafe,4.2,359,OPERATIONAL
316,7 Grams Drive Thru - Al Shulah | ٧ جرام درايف ثرو - الشعلة,26.3461736,50.0468415,cafe,4.5,295,OPERATIONAL
317,دانكن دونات,26.3489512,50.0532764,cafe,3.7,381,OPERATIONAL
318,نمق كافيه | Namq Cafe,26.3490762,50.0533897,cafe,4.6,21,OPERATIONAL
319,مزاج مغربي,26.3502052,50.0533395,cafe,4.6,30,OPERATIONAL
320,Tim Hortons,26.3455681,50.0463027,cafe,4.2,107,OPERATIONAL
321,شيان - قهوة مختصة,26.348426,50.0473367,cafe,4.6,226,OPERATIONAL
322,ديوانية السبلة العمانية,26.3471257,50.0453046,cafe,4,78,OPERATIONAL
323,شاي دارك,26.350467,50.041121,cafe,4.3,21,OPERATIONAL
324,محمصة فنكا Finca roasters,26.3513901,50.0439636,cafe,4.8,78,OPERATIONAL
325,كوستا كوفي,26.3490625,50.0515625,cafe,4.8,286,OPERATIONAL
326,الدله النجديه,26.349537,50.0419843,cafe,3.7,9,OPERATIONAL
327,Barn's | بارنز,26.3492783,50.0533813,cafe,4.4,54,OPERATIONAL
328,جغمة شاي,26.345847,50.0763863,cafe,4.3,95,OPERATIONAL
329,Knight cafe|مقهى نايت,26.3447137,50.0508592,cafe,4.9,27,OPERATIONAL
330,Dunkin' - دانكن,26.340231,50.089449,cafe,3.9,178,OPERATIONAL
331,شاهي ابو بادي,26.3393125,50.0956875,cafe,4.7,132,OPERATIONAL
332,Sensations Coffee & Co,26.3510304,50.0941839,cafe,4.6,299,OPERATIONAL
333,مقهى ليالينا,26.3381332,50.0996632,cafe,3,1,OPERATIONAL
334,كوفي بين | The Coffee Bean & Tea Leaf,26.3347445,50.1323713,cafe,4.5,690,OPERATIONAL
335,Starbucks,26.3354818,50.1311778,cafe,4,531,OPERATIONAL
336,نَصّ,26.3355098,50.1209489,cafe,3.8,176,OPERATIONAL
337,RATIO Speciality Coffee,26.3352348,50.1312794,cafe,4.5,232,OPERATIONAL
338,ساحة إثراء,26.3354418,50.1227308,cafe,4.7,20,OPERATIONAL
339,Thermocup - Drive Thru,26.3345831,50.1325139,cafe,4.5,83,OPERATIONAL
340,Ralph’s Coffee,26.3354806,50.1222146,cafe,4.1,41,OPERATIONAL
341,شاي أديم حديقة إثراء - ِAdeem Tea Ithra Garden,26.3348276,50.1220225,cafe,4.5,41,OPERATIONAL
342,madeleine - ithra library,26.3355537,50.1203606,cafe,3.8,13,OPERATIONAL
343,EQUAL | ايكول,26.3349333,50.132965,cafe,4,271,OPERATIONAL
344,Qurb cafe,26.348195600000004,50.1411429,cafe,4.8,340,OPERATIONAL
345,Buzz Coffee,26.3439619,50.1475128,cafe,4.3,598,OPERATIONAL
346,Majlis Cafe,26.3450126,50.146444,cafe,4.2,2285,OPERATIONAL
347,Funzilla Play Cafe,26.3439147,50.1476442,cafe,4,951,OPERATIONAL
348,Student Tainment Coffee Shop,26.3431323,50.1481736,cafe,4.2,464,OPERATIONAL
349,Brewhemian Coffee,26.3451142,50.1464422,cafe,4.4,806,OPERATIONAL
350,Dunkin' - دانكن,26.3330555,50.1481411,cafe,4.1,640,OPERATIONAL
351,graph cafe,26.348758300000004,50.1426376,cafe,3.9,93,OPERATIONAL
352,Road Café,26.331932,50.1450026,cafe,4.2,50,OPERATIONAL
353,AUR,26.3401037,50.1547395,cafe,4.4,621,OPERATIONAL
354,Twinkle Fun & Yum,26.339291700000004,50.1522512,cafe,4.5,542,OPERATIONAL
355,Dose Cafe,26.3387669,50.1524115,cafe,3.9,484,OPERATIONAL
356,cosmo dhahran,26.3366368,50.1539436,cafe,4.2,154,OPERATIONAL
357,Script Speciality Coffee,26.3382278,50.1526219,cafe,4.7,987,OPERATIONAL
358,Quantum Specialty Coffee,26.3397847,50.1517375,cafe,4.6,378,OPERATIONAL
359,Starbucks,26.340105,50.15149,cafe,4.1,685,OPERATIONAL
360,ارتشي,26.3364836,50.153824400000005,cafe,4,82,OPERATIONAL
361,لاما الظهران - LLAMA Dhahran,26.3402637,50.1548996,cafe,4.5,74,OPERATIONAL
362,Oasis Cafe & Lounge,26.3331992,50.1808413,cafe,3.7,210,OPERATIONAL
363,Dallat Alfaris مقهى دلة الفارس,26.3427502,50.1820385,cafe,4.1,1148,OPERATIONAL
364,Onda Coffee,26.3441469,50.1854352,cafe,4.5,199,OPERATIONAL
365,Aldaar Garden حديقة الدار,26.3341056,50.1799175,cafe,4.3,117,OPERATIONAL
366,Dose Cafe,26.3443375,50.1857656,cafe,4.4,181,OPERATIONAL
367,شاي الفراتي,26.3331689,50.1807206,cafe,4.6,137,OPERATIONAL
368,وان بليون لاونج | One Billion Lounge,26.344077,50.1852709,cafe,4.8,164,OPERATIONAL
369,Saturn Bakery,26.3444282,50.1854185,cafe,4.8,164,OPERATIONAL
370,Qaal,26.3428574,50.18232820000001,cafe,4.3,496,OPERATIONAL
371,Mantorose Cafe | مانتوروز كافيه,26.3303361,50.1785247,cafe,4.2,30,OPERATIONAL
372,Road Café | قهوة الطريق,26.3442429,50.1792169,cafe,4.4,31,OPERATIONAL
373,Joe's Bakery,26.3437116,50.2033132,cafe,4.3,3943,OPERATIONAL
374,SWAJ Coffee Roasters محمصة ومقهى سواج,26.3436776,50.2031617,cafe,4.4,696,OPERATIONAL
375,Knock Café | نوك,26.3373419,50.2014588,cafe,4.2,883,OPERATIONAL
376,مقهى سُلاف | Soulaf Coffee,26.337239,50.2015767,cafe,4.4,1133,OPERATIONAL
377,مقهى الزمن الجميل,26.343712,50.195619,cafe,4,1263,OPERATIONAL
378,Madame Banquet,26.3341278,50.1887083,cafe,3.9,1117,OPERATIONAL
379,مقهى كيما - KIEMA Lounge,26.3341617,50.1885849,cafe,4.4,625,OPERATIONAL
380,Shrq Coffee Roasters ( Drive Thru ),26.3345046,50.2005193,cafe,4.6,247,OPERATIONAL
381,The Hub,26.3342006,50.1888018,cafe,4.3,846,OPERATIONAL
382,To Be Cafe,26.3503765,50.1953986,cafe,4.6,407,OPERATIONAL
383,The Geeks Club Café,26.3439415,50.2037363,cafe,4.6,1514,OPERATIONAL
384,Trio Restaurant & Cafe,26.3436062,50.2031287,cafe,4.4,708,OPERATIONAL
385,ADNOC Service Station | Qurtuba District 1 (2019),26.3383637,50.1982106,cafe,4.5,60,OPERATIONAL
386,Starbucks,26.3457069,50.1956443,cafe,4,588,OPERATIONAL
387,شاي ابوسيف Abo Saif Tea,26.3384382,50.2083554,cafe,4.3,475,OPERATIONAL
388,ARCHI,26.3283467,50.2138995,cafe,4.3,209,OPERATIONAL
389,Nagham Story,26.338490900000004,50.2081551,cafe,3.6,458,OPERATIONAL
390,‏Blue Star Cafe | بلو ستار كافيه,26.3272612,50.21512500000001,cafe,4.1,1153,OPERATIONAL
391,Lapro Cafe,26.3509045,50.2118131,cafe,4.4,507,OPERATIONAL
392,Cafe Quindio - كافيه كينديو,26.3512367,50.2111853,cafe,4.4,2023,OPERATIONAL
393,Stroopers,26.3264703,50.2125224,cafe,4.6,527,OPERATIONAL
394,Detective cafe,26.3518596,50.2112496,cafe,4.7,496,OPERATIONAL
395,مطعم ولاونج زينيا | Zinnia Resto Cafe,26.3513122,50.2113117,cafe,4.6,388,OPERATIONAL
396,سواج كافيه,26.332317600000003,50.2135779,cafe,4.2,29,OPERATIONAL
397,illi lounge - الي لاونج,26.3501329,50.2277174,cafe,4.9,19,OPERATIONAL
398,UMQ Coffee,26.3637555,49.9654408,cafe,4.3,132,OPERATIONAL
399,Mantorose café,26.3564372,49.9676879,cafe,4.2,150,OPERATIONAL
400,مقهى ميم 10,26.3613288,49.9662875,cafe,4.6,121,OPERATIONAL
401,شاي ليل,26.3561988,49.9675323,cafe,4.4,71,OPERATIONAL
402,Barn's | بارنز,26.359,49.9667,cafe,4.2,27,OPERATIONAL
403,24Cafe,26.3567369,49.9676045,cafe,4.9,30,OPERATIONAL
404,Bluesky بلو سكاي,26.3614832,49.9845742,cafe,No rating,No reviews,OPERATIONAL
405,Riddle Cafe ريدل كافيه,26.3602242,49.9666665,cafe,4.2,6,OPERATIONAL
406,اعععشققك سموكتتتي🥺🥺🥺,26.3569437,49.960959,cafe,1,1,OPERATIONAL
407,Ten won coffee,26.3599552,49.9665962,cafe,No rating,No reviews,OPERATIONAL
408,إستراحة الونيسة,26.3685625,49.9979375,cafe,4.1,8,OPERATIONAL
409,Dunkin' - دانكن,26.3505745,50.018684,cafe,3.7,575,OPERATIONAL
410,Starbucks,26.350727,50.018028,cafe,4.2,52,OPERATIONAL
411,ديوانية الكيف,26.3514872,50.0181995,cafe,3.6,102,OPERATIONAL
412,Moroccan taste cafe,26.3505306,50.0186995,cafe,2.7,51,OPERATIONAL
413,Bogota Cafe,26.3508652,50.0187703,cafe,3.8,114,OPERATIONAL
414,Road Café | قهوة الطريق,26.3505982,50.0188718,cafe,4.2,39,OPERATIONAL
415,Barn's,26.350374,50.0183443,cafe,4.2,109,OPERATIONAL
416,2cz,26.3511216,50.0183993,cafe,3.8,4,OPERATIONAL
417,مزاج مغربي شاي,26.3508008,50.0193682,cafe,4.8,6,OPERATIONAL
418,McCafe,26.350702,50.01804200000001,cafe,No rating,No reviews,OPERATIONAL
419,Kyan,26.3608908,50.0421841,cafe,4.3,463,OPERATIONAL
420,مُحال,26.3547283,50.037417,cafe,4.7,326,OPERATIONAL
421,Barn's | بارنز,26.3696842,50.0273109,cafe,2.8,24,OPERATIONAL
422,جاز كوفي,26.366444,50.0373424,cafe,4.8,149,OPERATIONAL
423,شاهي وجار Wijar Tea,26.3652657,50.038527,cafe,4.8,173,OPERATIONAL
424,مقهى غصن الشاي,26.3634492,50.0399471,cafe,3.8,92,OPERATIONAL
425,مطعم ومقهى مساءات Masaat Restaurants and Coffee,26.3671629,50.0332005,cafe,4.8,53,OPERATIONAL
426,قهوة الفنار,26.3698461,50.0267443,cafe,3.5,46,OPERATIONAL
427,بوفيه الخوارزمي,26.3614328,50.0336812,cafe,3.8,39,OPERATIONAL
428,برزة شاي,26.3539147,50.04252100000001,cafe,4.4,16,OPERATIONAL
429,Hot & Cold,26.3623457,50.043457,cafe,4.2,563,OPERATIONAL
430,Dunkin - دانكن,26.361446,50.045103,cafe,4,1620,OPERATIONAL
431,The Coffee Address | عنوان القهوة,26.361709,50.045417,cafe,4.1,148,OPERATIONAL
432,ديلي كب Daily cup,26.3562483,50.0467836,cafe,4.7,77,OPERATIONAL
433,مزاج مغربي,26.361379,50.044833,cafe,4.4,91,OPERATIONAL
434,عطار طيف,26.3574423,50.0457408,cafe,4,207,OPERATIONAL
435,Onda Coffee - مقهى أوندا,26.3658652,50.0497654,cafe,4.4,148,OPERATIONAL
436,مقهى ومحمصة سمبلسيتي | Simplicity cafe & roastery,26.361467,50.0451569,cafe,4.5,107,OPERATIONAL
437,المذاق المغربي,26.3609416,50.044295,cafe,4.2,121,OPERATIONAL
438,باليت كافيه (Palette Cafe),26.3551861,50.0470309,cafe,4.7,161,OPERATIONAL
439,ديوانية كيف النشاما,26.3570198,50.0608708,cafe,3.5,404,OPERATIONAL
440,Blanco,26.3611506,50.0741239,cafe,4.3,855,OPERATIONAL
441,Barena Cafe,26.3613046,50.0740582,cafe,4.7,1889,OPERATIONAL
442,السيف كافيه الفاخرية,26.360737600000004,50.0730249,cafe,3.9,428,OPERATIONAL
443,Dunkin' - دانكن,26.3656875,50.0701875,cafe,3.9,864,OPERATIONAL
444,"لذّة شاي ""الدمام""",26.3585534,50.0670393,cafe,4.3,244,OPERATIONAL
445,Fakheriyah Tower,26.3537708,50.07742030000001,cafe,4,139,OPERATIONAL
446,الكرك ALKARAK,26.3628588,50.0724864,cafe,4,1150,OPERATIONAL
447,Krispy Kreme,26.364615500000003,50.0621475,cafe,4.1,188,OPERATIONAL
448,Al Aljaweed Coffee,26.3578289,50.0622827,cafe,3.9,504,OPERATIONAL
449,M.Y.M,26.3560219,50.0616054,cafe,4.6,118,OPERATIONAL
450,بيسك كب - Basic cup,26.3678374,50.0597843,cafe,4.5,131,OPERATIONAL
451,دكان وافل,26.368384,50.0670904,cafe,4.1,229,OPERATIONAL
452,مختبر الكريب Crepe Lab,26.3618297,50.0649925,cafe,3.5,69,OPERATIONAL
453,Mantorose Cafe,26.3613051,50.07385,cafe,4.2,114,OPERATIONAL
454,AIN COFFEE,26.3597843,50.0538224,cafe,4.2,84,OPERATIONAL
455,Barn's | بارنز,26.358683,50.0749212,cafe,4.3,88,OPERATIONAL
456,Sikkat Karak,26.3662777,50.075633,cafe,4.3,1095,OPERATIONAL
457,مقهى ومحمصة قاف,26.3697259,50.0840839,cafe,4.5,168,OPERATIONAL
458,تليو Tilio,26.3689818,50.0799278,cafe,4.5,244,OPERATIONAL
459,سرد,26.3688313,50.081855,cafe,4.8,263,OPERATIONAL
460,Sip day specialty coffee,26.3671771,50.079292,cafe,4.6,145,OPERATIONAL
461,Siplay play cafe,26.3510711,50.0940848,cafe,4.2,275,OPERATIONAL
462,Glaive,26.3683125,50.0811875,cafe,4.4,71,OPERATIONAL
463,محمصة الظهران Dhahran Roastery,26.3688109,50.0818121,cafe,4.7,176,OPERATIONAL
464,سبارك كافيه,26.354585600000004,50.0712174,cafe,4.4,66,OPERATIONAL
465,ديلي كب Daily cup,26.3681558,50.0807663,cafe,4.6,22,OPERATIONAL
466,LLAMA,26.3665579,50.0939111,cafe,4.5,3287,OPERATIONAL
467,مقهى و محمصة وودز | WOODS Specialty Café & Roastery‎,26.3678255,50.092773,cafe,4.6,1763,OPERATIONAL
468,Milan Way Cafe and Restaurant,26.366883,50.0936571,cafe,4.2,2332,OPERATIONAL
469,Ballet cafe - باليـة,26.3662473,50.0942083,cafe,3.9,376,OPERATIONAL
470,Majlis Almasa,26.3655858,50.0947617,cafe,3.8,932,OPERATIONAL
471,Stars mood Cafe,26.3652319,50.0951124,cafe,4.7,375,OPERATIONAL
472,CH.1 specialty coffee,26.3666993,50.0938263,cafe,4.1,482,OPERATIONAL
473,Barn's | بارنز,26.3542574,50.0996351,cafe,4.5,180,OPERATIONAL
474,ELBUNA Coffee Roasters,26.3676439,50.1054786,cafe,4.9,195,OPERATIONAL
475,بوفية سد الفاخرية1,26.3541382,50.0992294,cafe,4.1,316,OPERATIONAL
476,Rameel Coffee | قهوة رميل,26.3528003,50.0966684,cafe,4.8,55,OPERATIONAL
477,Question mark Coffee,26.359827600000003,50.09485840000001,cafe,4.3,26,OPERATIONAL
478,محبين الشـاي ️,26.3525069,50.0959391,cafe,4.4,30,OPERATIONAL
479,مقهى يوما الدمام,26.363857000000003,50.0956989,cafe,4.3,3,OPERATIONAL
480,Shahy Heavy,26.3670375,50.0935189,cafe,4.3,18,OPERATIONAL
481,شاي الأصالة,26.3536918,50.0996032,cafe,4.9,41,OPERATIONAL
482,Circle K - Fuel Way Fakhriyah,26.364271,50.095281,cafe,4.8,4,OPERATIONAL
483,أكواب ساخنة,26.3526258,50.0962136,cafe,5,22,OPERATIONAL
484,شاي تجلي,26.3560373,50.1332632,cafe,5,38,OPERATIONAL
485,Mingle,26.347544,50.1350408,cafe,4.3,170,OPERATIONAL
486,بوفية كل مكان للوجبات السريعة,26.3448128,50.1377308,cafe,3.1,19,OPERATIONAL
487,الخبر الظهران مول,26.3501944,50.1328056,cafe,No rating,No reviews,OPERATIONAL
488,ADNOC Service Station | Al Qashlah (2007),26.3630838,50.1779371,cafe,4.4,400,OPERATIONAL
489,Dunkin' - دانكن,26.3629478,50.1777236,cafe,3.7,160,OPERATIONAL
490,ZOLIEA زوليه,26.3629577,50.1772478,cafe,4.5,171,OPERATIONAL
491,20 degree coffee,26.3681793,50.179731800000006,cafe,3.9,51,OPERATIONAL
492,Sky Lounge,26.3668613,50.1777992,cafe,4.4,241,OPERATIONAL
493,Blue K Lounge,26.3669478,50.1776632,cafe,4,10,OPERATIONAL
494,Road Café | قهوة الطريق,26.3629491,50.1780214,cafe,4.4,18,OPERATIONAL
495,BlueSky Coffee |قهوة بلوسكي,26.3574486,50.1773346,cafe,4,7,OPERATIONAL
496,Beyond Store,26.3580975,50.1759267,cafe,No rating,No reviews,OPERATIONAL
497,BOND Cafe,26.3449157,50.1794026,cafe,5,1,OPERATIONAL
498,RATIO Speciality Coffee,26.362492300000003,50.198236,cafe,4.6,1869,OPERATIONAL
499,Fudge & Co. | .فدج اند كو,26.3636299,50.1912268,cafe,4.5,601,OPERATIONAL
500,DUE DATE,26.3538543,50.2036092,cafe,4.7,266,OPERATIONAL
501,محمصة و مقهى صَدح,26.352327,50.2001457,cafe,4.8,231,OPERATIONAL
502,Mantorose Cafe,26.3622155,50.1972039,cafe,4.2,833,OPERATIONAL
503,Dunkin' Donuts,26.3595815,50.1883863,cafe,4.1,435,OPERATIONAL
504,Atia cafe,26.3673166,50.1951699,cafe,4,287,OPERATIONAL
505,Saadeddin Pastry,26.3621279,50.1973739,cafe,4,785,OPERATIONAL
506,Cinnabon,26.3599406,50.1895132,cafe,3.4,120,OPERATIONAL
507,Simplicity,26.3635446,50.1987269,cafe,4.4,48,OPERATIONAL
508,Barn's | بارنز,26.3604477,50.1919751,cafe,4.3,96,OPERATIONAL
509,24Cafe,26.3618068,50.1964348,cafe,4.7,205,OPERATIONAL
510,مقهى ومحمصة أور | OUR COFFEE ROASTERS,26.3626116,50.2050435,cafe,4.7,440,OPERATIONAL
511,The HUB Co.,26.3605147,50.2064064,cafe,4.4,860,OPERATIONAL
512,Repeat Coffee & Brunch,26.3611539,50.2063779,cafe,4.2,1567,OPERATIONAL
513,Title Cafe,26.3609019,50.2062435,cafe,4,667,OPERATIONAL
514,TEA TIME RAKAH (وقت الشاي),26.3661908,50.2041242,cafe,4.1,662,OPERATIONAL
515,Lounge Exit7,26.3601236,50.2065411,cafe,4.2,251,OPERATIONAL
516,Mor | مُر قهوة حي,26.3617304,50.215991,cafe,4.5,108,OPERATIONAL
517,Bling | بلنق,26.3618231,50.2062851,cafe,4.3,295,OPERATIONAL
518,Huge Coffee,26.3611479,50.2065772,cafe,4.2,732,OPERATIONAL
519,Diana Lounge ديانا لاونج,26.3663831,50.2072499,cafe,4.2,345,OPERATIONAL
520,Starbucks,26.3602743,50.2069942,cafe,4,645,OPERATIONAL
521,مقهى ما بعد العاشرة,26.3661886,50.2083075,cafe,4,535,OPERATIONAL
522,مقهى دستنيشن35 للقهوة المختصة الراكة Destination35 Speciality coffee Rakkah,26.3601503,50.2064688,cafe,4.6,570,OPERATIONAL
523,CHART البحر,26.3525263,50.2235321,cafe,5,3,OPERATIONAL
524,Starbucks,26.3722026,49.9703412,cafe,4.2,589,OPERATIONAL
525,قهوة مخرج 20,26.3679028,49.9650756,cafe,4.1,113,OPERATIONAL
526,كوفي لاين Coffeeline,26.3739085,49.9637221,cafe,4.8,226,OPERATIONAL
527,Repeat Coffee & Brunch,26.3732629,49.9758471,cafe,4,16,OPERATIONAL
528,Starbucks,26.3730325,49.9764013,cafe,4.2,5,OPERATIONAL
529,IN CASE SPECIALTY COFFEE,26.3732407,49.9758481,cafe,4.3,7,OPERATIONAL
530,شاي وهج,26.3749749,49.9640929,cafe,4.9,34,OPERATIONAL
531,شاي وزنه,26.3752712,49.9628132,cafe,4.7,13,OPERATIONAL
532,شاهي امي عيدة,26.374473,49.9685696,cafe,4.8,6,OPERATIONAL
533,شاهي وسمرة,26.3748774,49.9645992,cafe,4.4,15,OPERATIONAL
534,F16 للمشروبات الساخنه,26.3746095,49.9657315,cafe,4,4,OPERATIONAL
535,فود ترك X2,26.3758065,49.96254400000001,cafe,5,2,OPERATIONAL
536,ZOLIEA Alasala,26.3732579,49.9758177,cafe,5,1,OPERATIONAL
537,Costa Coffee,26.3730671,49.9764551,cafe,No rating,No reviews,OPERATIONAL
538,شاهي ابو سعد,26.3751353,49.9634503,cafe,5,2,OPERATIONAL
539,عبدالعزيز مليح الشمري,26.3785476,49.9716494,cafe,No rating,No reviews,OPERATIONAL
540,Andes Coffee Roasters,26.380146600000003,50.0033328,cafe,4.6,144,OPERATIONAL
541,كيان,26.3829037,50.0006447,cafe,3.9,117,OPERATIONAL
542,Mazj coffee,26.3850294,49.9849854,cafe,4.8,145,OPERATIONAL
543,تيم هورتينز Tim Hortons,26.3783822,49.9913315,cafe,4.3,116,OPERATIONAL
544,كافية ايكيو EQ,26.3876577,49.9892069,cafe,4.9,61,OPERATIONAL
545,هول بين,26.3803895,50.0035694,cafe,4.8,55,OPERATIONAL
546,Barn's | بارنز,26.382734,50.0001716,cafe,2.7,6,OPERATIONAL
547,شاي الكوخ,26.3795605,50.0059381,cafe,4.8,19,OPERATIONAL
548,Circle K - Saudi German Hospital,26.3780149,49.9913838,cafe,4,1,OPERATIONAL
549,وايت ليون ( white lion ),26.3779433,50.0062987,cafe,5,10,OPERATIONAL
550,فود ترك سكر زيادة,26.3779896,50.006231,cafe,4.6,24,OPERATIONAL
551,شاهي مراسيم,26.3834069,50.0028911,cafe,4.9,24,OPERATIONAL
552,شاهي ابو يوسف,26.3778619,50.0067391,cafe,5,4,OPERATIONAL
553,جلسات شتويه الصقر,26.375857900000003,50.0045286,cafe,4.3,3,OPERATIONAL
554,حلا حمامة,26.382866,50.001138,cafe,No rating,No reviews,OPERATIONAL
555,غريب,26.3826056,50.0014002,cafe,No rating,No reviews,OPERATIONAL
556,Leo Lounge,26.379905,50.023591200000006,cafe,3.4,795,OPERATIONAL
557,Dunkin' - دانكن,26.380579500000003,50.0121041,cafe,4,665,OPERATIONAL
558,مزاج مغربي,26.3803125,50.0118125,cafe,4.1,29,OPERATIONAL
559,Krispy kreme,26.380015900000004,50.0112724,cafe,4.1,9,OPERATIONAL
560,Road Café | قهوة الطريق,26.3729881,50.0246556,cafe,4.4,12,OPERATIONAL
561,بارنز,26.3735396,50.0243406,cafe,4.8,4,OPERATIONAL
562,استكانة كدم,26.3786419,50.0081355,cafe,4.7,62,OPERATIONAL
563,ديوانية العرب,26.3728388,50.0239626,cafe,5,8,OPERATIONAL
564,شاي و سمسم,26.3712843,50.0333091,cafe,4.3,397,OPERATIONAL
565,شاي قرمز,26.3796064,50.0265919,cafe,4.4,300,OPERATIONAL
566,بوفية الفحص الدوري,26.3730022,50.0293072,cafe,3.5,14,OPERATIONAL
567,ديوانيه المجلس 2,26.3740484,50.0431474,cafe,4,168,OPERATIONAL
568,vip plus,26.3797573,50.0264919,cafe,4.1,8,OPERATIONAL
569,ميلانو لاند المكان جميل وشكرا للموظفه داليا🥰,26.3848666,50.0250132,cafe,4.8,28,OPERATIONAL
570,شركة ابو,26.3721024,50.0331998,cafe,5,15,OPERATIONAL
571,شاكي شاك,26.3661387,50.0323772,cafe,4.4,7,OPERATIONAL
572,ديوانية السند,26.3655109,50.0381375,cafe,5,4,OPERATIONAL
573,مخازن مؤسسة الصنف الأول للتجارة First BrandTrading stores,26.3734929,50.0427876,cafe,5,3,OPERATIONAL
574,Cart Restaurant مطعم كارت,26.3764411,50.0611651,cafe,4.6,2879,OPERATIONAL
575,The Coffee Lab,26.3840819,50.0547028,cafe,4,1184,OPERATIONAL
576,SEKKAT ALKAIF Coffee Shop and Roaster,26.3700464,50.0533841,cafe,4.5,1303,OPERATIONAL
577,Lounge لي ڤيلا كافيه/لاونج,26.3737321,50.0594866,cafe,4.2,841,OPERATIONAL
578,محمصة و مقهى زليبرتي ZELEBRITY ROASTERS,26.3780415,50.058532,cafe,4.5,863,OPERATIONAL
579,قهوة خشف,26.3698656,50.0575173,cafe,4.5,326,OPERATIONAL
580,ديوانية طيبة,26.3695084,50.0585144,cafe,4.2,323,OPERATIONAL
581,ديوانية الليل,26.3780625,50.0489375,cafe,4.3,329,OPERATIONAL
582,ADAM Coffee آدم كافيه,26.3705922,50.0576189,cafe,4.7,334,OPERATIONAL
583,Barn's | بارنز,26.3826745,50.0551827,cafe,4.3,623,OPERATIONAL
584,مركز القوة العاشرة - Tenth power,26.3818766,50.0473041,cafe,4.8,230,OPERATIONAL
585,شاي بخار,26.3700194,50.0529509,cafe,4.2,224,OPERATIONAL
586,FUKU Coffee | فوكو,26.3701998,50.053647,cafe,4.6,139,OPERATIONAL
587,Luqaimat Alasal لقيمات العسل,26.3712662,50.0646179,cafe,4.6,1071,OPERATIONAL
588,PASTEL باستيل الفيصليه,26.3777636,50.0600675,cafe,4.6,202,OPERATIONAL
589,THERMOCUP | ثيرموكب,26.370155,50.0531699,cafe,4.3,680,OPERATIONAL
590,Barn's | بارنز,26.3827513,50.0727601,cafe,4.3,93,OPERATIONAL
591,دكة مارادونا,26.3849147,50.0591791,cafe,4.4,99,OPERATIONAL
592,كيف التوأم,26.3761984,50.0892253,cafe,4.2,1844,OPERATIONAL
593,Umbrella - Dammam,26.376072,50.0888301,cafe,4.3,2332,OPERATIONAL
594,Mgnad Tea House مقند شاهي مختص,26.3707424,50.0945241,cafe,4.7,539,OPERATIONAL
595,Starbucks,26.3713879,50.095802,cafe,4,832,OPERATIONAL
596,RATIO Speciality Coffee,26.3713011,50.089833600000006,cafe,3.9,642,OPERATIONAL
597,Tim Hortons Mazaya Gas Station,26.379905,50.086741,cafe,4.2,1873,OPERATIONAL
598,مقهى ومحمصة أودن,26.3758311,50.0881324,cafe,4.3,120,OPERATIONAL
599,OLABS | اولابز,26.3763742,50.0889491,cafe,4,220,OPERATIONAL
600,Gamma,26.371272,50.0897038,cafe,4.8,698,OPERATIONAL
601,مقهى ومحمصة سمبلسيتي | Simplicity cafe & roastery,26.3709115,50.0947451,cafe,4.5,205,OPERATIONAL
602,Motive Cafe,26.3758737,50.0885804,cafe,4.6,86,OPERATIONAL
603,حلم,26.3752953,50.0875215,cafe,4.7,212,OPERATIONAL
604,8oz Coffee,26.372754,50.099579,cafe,4.1,3965,OPERATIONAL
605,نَصّ | الدمام,26.3860817,50.1044212,cafe,3.8,707,OPERATIONAL
606,مثلث الكرات triangle balls,26.3868471,50.1044065,cafe,4,679,OPERATIONAL
607,OMOTENASHI,26.379583200000003,50.103615,cafe,4.7,473,OPERATIONAL
608,Kyan‎,26.3837978,50.0972069,cafe,4.2,623,OPERATIONAL
609,ONA Roastery & Bakery,26.3785722,50.1035163,cafe,4.5,287,OPERATIONAL
610,شاي خالد,26.3736832,50.1023697,cafe,4.2,322,OPERATIONAL
611,Repeat Speciality Coffee,26.3730974,50.1202572,cafe,4.4,422,OPERATIONAL
612,Onda Coffee مقهى أوندا,26.3763014,50.1228128,cafe,4.3,768,OPERATIONAL
613,ATYPICAL,26.3787605,50.1233795,cafe,4.6,113,OPERATIONAL
614,Dunkin' - دانكن,26.3745625,50.1183125,cafe,4,942,OPERATIONAL
615,شاهي رمث,26.3733847,50.1221957,cafe,4.8,255,OPERATIONAL
616,شاي مدخن,26.3735625,50.1282344,cafe,4.9,150,OPERATIONAL
617,بُنّه كوفي,26.3787547,50.1172207,cafe,4.9,15,OPERATIONAL
618,شاهي حمره,26.3735855,50.1214072,cafe,5,509,OPERATIONAL
619,كشك غاليه,26.3786093,50.1187538,cafe,4.8,37,OPERATIONAL
620,مقهى بيت الدراجين,26.3840625,50.1253125,cafe,3.7,3,OPERATIONAL
621,طعيم | شاي مختص,26.3729538,50.1272167,cafe,4.6,54,OPERATIONAL
622,NUMBER NINE,26.3779536,50.1192004,cafe,5,7,OPERATIONAL
623,Road Café | قهوة الطريق,26.3743932,50.1192145,cafe,3.9,7,OPERATIONAL
624,ديڤا كافيه -Diva coffee,26.3860503,50.1221636,cafe,4.7,46,OPERATIONAL
625,مقهى ميامن البن لتقديم المشروبات,26.3764377,50.1244684,cafe,3,2,OPERATIONAL
626,CAWALEES كواليس,26.3805505,50.148041,cafe,3.8,234,OPERATIONAL
627,Mix and Match Coffee and Bakery - مقهى مكس اند ماتش,26.3780636,50.1480472,cafe,4.7,128,OPERATIONAL
628,Starbucks,26.3809891,50.1481137,cafe,4.4,260,OPERATIONAL
629,LEVANTINE LOUNG & RESTAURANT ليفانتين لاونج,26.3740489,50.1480464,cafe,4.8,135,OPERATIONAL
630,مقهى همسة مزاج,26.3779668,50.1483284,cafe,3.9,48,OPERATIONAL
631,دانكن,26.3813152,50.1481985,cafe,1.8,16,OPERATIONAL
632,Bukhari Farrah 3 qasr Al Khalige,26.3840785,50.1412458,cafe,No rating,No reviews,OPERATIONAL
633,ترك شاي واكثر,26.3728765,50.1277625,cafe,5,1,OPERATIONAL
634,SPADA (Coffee & Sweet),26.3730815,50.1264665,cafe,5,34,OPERATIONAL
635,Dunkin' - دانكن,26.385532,50.149495,cafe,3.1,79,OPERATIONAL
636,SA’AH Cafe مقهى سعة,26.3793119,50.182052,cafe,4.7,626,OPERATIONAL
637,SKY By Archi,26.3699286,50.1768203,cafe,4,1006,OPERATIONAL
638,8oz Coffee | ايت اوز كوفي,26.3825473,50.17834380000001,cafe,4.2,901,OPERATIONAL
639,Four Squares Café,26.379938,50.178208,cafe,4.7,2098,OPERATIONAL
640,Tim Hortons,26.379626200000004,50.1819787,cafe,4.2,1478,OPERATIONAL
641,Starbucks,26.3727048,50.1786097,cafe,4.3,1062,OPERATIONAL
642,Tim Hortons,26.3709087,50.1747995,cafe,4.8,209,OPERATIONAL
643,Crafter Cafe مقهى كرافتر,26.3751838,50.1750274,cafe,4.7,58,OPERATIONAL
644,ليفت القشلة LEFT AlQashla,26.3724375,50.1739375,cafe,4.7,44,OPERATIONAL
645,اولابز | OLABS‏,26.3843137,50.167625,cafe,3.8,48,OPERATIONAL
646,Wogard Coffee Roasters,26.3771666,50.1787993,cafe,3.4,8,OPERATIONAL
647,شاي متعب,26.3807314,50.1818341,cafe,5,39,OPERATIONAL
648,دروازة الخباز,26.3620507,50.1951794,cafe,4.2,175,OPERATIONAL
649,7 Grams Drive Thru - Somou (soon),26.3788489,50.1962475,cafe,4.8,86,OPERATIONAL
650,Wiso Bakery- الراكة,26.3793641,50.1957631,cafe,4.3,101,OPERATIONAL
651,Dunkin' - دانكن,26.38492,50.186232,cafe,3.8,249,OPERATIONAL
652,Tea House,26.3682693,50.1948102,cafe,4,24,OPERATIONAL
653,Jeep lounge,26.3652665,50.1848726,cafe,4.9,10,OPERATIONAL
654,Khobar oasis Shisha & Coffee,26.3667147,50.2070374,cafe,3.8,181,OPERATIONAL
655,Cafe!n كافي ان,26.378199,50.207256,cafe,4.8,131,OPERATIONAL
656,Barn's | بارنز,26.3676374,50.20419,cafe,4.7,55,OPERATIONAL
657,Dunkin' - دانكن,26.3658803,50.2065989,cafe,4.3,76,OPERATIONAL
658,Blue Sky Coffee,26.3628239,50.2063502,cafe,4,193,OPERATIONAL
659,محل موغل للحلويات mughal sweets &bakers,26.3633686,50.2010256,cafe,4,172,OPERATIONAL
660,Archi | أرتشي,26.3799432,50.2182668,cafe,4.9,8,OPERATIONAL
661,NBS,26.3664381,50.2073308,cafe,5,4,OPERATIONAL
662,بيت المزاج,26.3841951,50.205358700000005,cafe,4.7,15,OPERATIONAL
663,Khobr,26.3662885,50.2042769,cafe,5,1,OPERATIONAL
664,ONA Roastery & Bakery,26.3718247,50.2284857,cafe,4.4,681,OPERATIONAL
665,A place for people,26.3719922,50.229121000000006,cafe,4.5,468,OPERATIONAL
666,شاي ابو شنب,26.3817875,50.2343906,cafe,4.3,244,OPERATIONAL
667,بيالة,26.3836775,50.2355184,cafe,4.3,36,OPERATIONAL
668,شاي مسقف,26.3834577,50.2354011,cafe,4.6,53,OPERATIONAL
669,مقطار,26.3827688,50.2350105,cafe,4.4,61,OPERATIONAL
670,شاهي ضو,26.3848398,50.2358676,cafe,4.9,161,OPERATIONAL
671,شاي T1 ( ترك ),26.3720125,50.2369844,cafe,5,13,OPERATIONAL
672,مستهل,26.3823004,50.2348455,cafe,3.9,19,OPERATIONAL
673,شاي تذكار,26.3850309,50.2359426,cafe,4.2,46,OPERATIONAL
674,.RATIO Speciality Coffee | ريشيو للقهوة المختصة,26.3719305,50.2289172,cafe,4.8,16,OPERATIONAL
675,غدق,26.3844918,50.2358818,cafe,4.7,47,OPERATIONAL
676,باشا بورشيد,26.3752734,50.2351532,cafe,5,3,OPERATIONAL
677,شاهي,26.3832458,50.2352891,cafe,5,3,OPERATIONAL
678,شاي الطريق,26.3847732,50.2359131,cafe,5,32,OPERATIONAL
679,مأكولات وشاي حوسه,26.3751125,50.2350469,cafe,No rating,No reviews,OPERATIONAL
680,شاي جمعه,26.3835984,50.2354951,cafe,4.4,11,OPERATIONAL
681,قولدن بارك,26.3816585,50.2344127,cafe,4.2,5,OPERATIONAL
682,شاي موروث | MOROOTH,26.3862034,49.9843466,cafe,5,15,OPERATIONAL
683,ناصر الحارثي,26.3866732,49.9644681,cafe,No rating,No reviews,OPERATIONAL
684,مقهى فجر الديوانية,26.3950946,50.0122953,cafe,3.6,1509,OPERATIONAL
685,CAMEL COFFEE | مقهى وشيشة الجمل,26.4007705,50.0172501,cafe,4.1,381,OPERATIONAL
686,Starbucks,26.3944906,50.01915,cafe,4.2,240,OPERATIONAL
687,Camel car services & Shisha bar | مغسلة و مقهى وشيشه الجمل,26.4008742,50.0172615,cafe,4.2,830,OPERATIONAL
688,مزاج مغربي طريق ابوحدرية,26.397333,50.0185024,cafe,4.3,29,OPERATIONAL
689,كيف كافي - KAIF COFFEE,26.4014082,50.0170757,cafe,4.7,51,OPERATIONAL
690,مقهى أمواج الشرق,26.4021826,50.010479,cafe,4.2,13,OPERATIONAL
691,Barn's | بارنز,26.3968781,50.0174181,cafe,3.6,56,OPERATIONAL
692,مفاز درايف ثرو - Mafaz Drive Thru,26.397309,50.0185165,cafe,4.4,17,OPERATIONAL
693,شاهي جمر أبو موسى,26.3996622,50.0101583,cafe,3.8,4,OPERATIONAL
694,ديوانية الشتاء,26.3888634,50.0209747,cafe,No rating,No reviews,OPERATIONAL
695,دوح وشاهي فرع 4 درايف ثرو,26.4054771,50.0146735,cafe,5,3,OPERATIONAL
696,محل الراية لتقديم المشروبات(sweets&coffee),26.4040443,50.0183594,cafe,1,1,OPERATIONAL
697,24Cafe,26.3972666,50.0170744,cafe,5,2,OPERATIONAL
698,Baith Al Karak,26.3925826,50.0314809,cafe,4,1553,OPERATIONAL
699,VERT CAFÉ,26.3981215,50.0364548,cafe,4.7,389,OPERATIONAL
700,Starbucks,26.391546,50.036878,cafe,4.1,435,OPERATIONAL
701,مقهى سمبلسيتي |Simplicity cafe,26.3938842,50.0343871,cafe,4.2,131,OPERATIONAL
702,٧ جرام - النخيل مول,26.3902122,50.0372216,cafe,4.9,1742,OPERATIONAL
703,DAZZLING CAFE,26.3911823,50.0382165,cafe,4.6,648,OPERATIONAL
704,"L'ETO caffe - Nakheel Mall, Dammam",26.3902152,50.0370446,cafe,4.6,3635,OPERATIONAL
705,Barn's | بارنز,26.3959064,50.0380933,cafe,4.2,33,OPERATIONAL
706,لمة كرك,26.3927009,50.0314145,cafe,4.1,138,OPERATIONAL
707,Tim Hortons,26.3912765,50.0380026,cafe,4.5,220,OPERATIONAL
708,Cinnabon,26.39135,50.038947,cafe,2.7,153,OPERATIONAL
709,مقهى أصل الشاي,26.3938425,50.0340933,cafe,4.3,56,OPERATIONAL
710,كريب اند ديب Crepe & dip,26.3903956,50.0384626,cafe,3.1,60,OPERATIONAL
711,مقلط الفريج الفيصلية,26.3981946,50.0466386,cafe,4.5,6648,OPERATIONAL
712,ديوانية الديرة الدمام,26.3991402,50.0478718,cafe,4,1261,OPERATIONAL
713,COPLANT coffee & dessert,26.3981765,50.0473025,cafe,4.2,594,OPERATIONAL
714,All Day,26.4009946,50.051673,cafe,4.4,154,OPERATIONAL
715,VERDE Coffee Lounge,26.3980371,50.0470006,cafe,4.4,544,OPERATIONAL
716,Dunkin' - دانكن,26.4036875,50.0388125,cafe,4.3,496,OPERATIONAL
717,Starbucks,26.3914188,50.0472447,cafe,4,778,OPERATIONAL
718,Starbucks,26.3961264,50.0431153,cafe,4,1786,OPERATIONAL
719,Black Cafe بلاك كافيه,26.4039933,50.0542013,cafe,4.3,910,OPERATIONAL
720,Dura Specialty Cafe,26.3982401,50.0464914,cafe,4.2,460,OPERATIONAL
721,WACAFE Al Rawdah | وكف الروضة,26.3955394,50.077867,cafe,4.3,2827,OPERATIONAL
722,Half Million,26.3994216,50.0757644,cafe,4.3,774,OPERATIONAL
723,بكلو Piccolo,26.4003927,50.0734563,cafe,4.3,2321,OPERATIONAL
724,Brunswick,26.3900466,50.0655858,cafe,4.3,1323,OPERATIONAL
725,GRAV CAFE قراف كافيه,26.3937614,50.0723649,cafe,4.4,1269,OPERATIONAL
726,THiRDWAVE | Al-Faisaliyah | ثيردويڤ - الفيصلية,26.3915795,50.0726606,cafe,4.4,1930,OPERATIONAL
727,شاي بخار,26.3934226,50.0721392,cafe,4.3,1207,OPERATIONAL
728,شاي كيف التوأم 3,26.4003602,50.0662032,cafe,4.1,840,OPERATIONAL
729,مقهى ومحمصة سمبلسيتي | Simplicity cafe & roastery,26.4030911,50.0629042,cafe,4.5,497,OPERATIONAL
730,Dose cafe,26.3983125,50.0681875,cafe,4,1814,OPERATIONAL
731,Cafe Flow,26.3941208,50.0786431,cafe,4.6,261,OPERATIONAL
732,Starbucks,26.400726,50.073292,cafe,4.1,320,OPERATIONAL
733,Kiva Han Coffee - كيفاهان كافيه,26.3994678,50.0753396,cafe,4,804,OPERATIONAL
734,24Cafe,26.3939017,50.0707752,cafe,4.3,225,OPERATIONAL
735,Cinnabon,26.4035787,50.05720720000001,cafe,3.2,339,OPERATIONAL
736,التقاء,26.4053058,50.0608133,cafe,4.2,315,OPERATIONAL
737,Starbucks,26.395542,50.078075,cafe,4,834,OPERATIONAL
738,Dunkin' - دانكن,26.4050098,50.0598283,cafe,4.2,435,OPERATIONAL
739,UMQ Coffee 2.1,26.3978245,50.0924685,cafe,4.4,1344,OPERATIONAL
740,Line Espresso Bar & Roastery,26.3980954,50.0929594,cafe,4.5,297,OPERATIONAL
741,dr.CAFE COFFEE,26.3940861,50.0851322,cafe,4.7,295,OPERATIONAL
742,Choco Bliss,26.3931698,50.0846727,cafe,4.9,350,OPERATIONAL
743,PETS PARK قهوة وقطوة,26.3881512,50.0756239,cafe,3.8,233,OPERATIONAL
744,Starbucks,26.3871907,50.0749654,cafe,3.9,1666,OPERATIONAL
745,Karak Box,26.3943371,50.0855354,cafe,4.3,515,OPERATIONAL
746,Otten اوتن,26.3920826,50.1039475,cafe,4.4,907,OPERATIONAL
747,20 U R,26.4031875,50.1018125,cafe,4.3,1690,OPERATIONAL
748,HAZEL COFFEE | هزل كوفي,26.4049701,50.1021156,cafe,4.6,321,OPERATIONAL
749,All Day,26.4048886,50.1021526,cafe,4.4,1954,OPERATIONAL
750,Bitten Café,26.4003421,50.0963105,cafe,4.4,560,OPERATIONAL
751,Hassad Coffee Roasters | محمصة حصاد,26.4037354,50.1017617,cafe,4.7,365,OPERATIONAL
752,ديلي كب Daily cup,26.4019264,50.0996703,cafe,4.4,143,OPERATIONAL
753,Pages Coffee,26.4001522,50.0972709,cafe,3.9,647,OPERATIONAL
754,مقهى ومحمصة سمبلسيتي | Simplicity cafe & roastery,26.403173400000004,50.105962,cafe,4.7,187,OPERATIONAL
755,Coffee Warehouse,26.3947582,50.1047457,cafe,4.2,1682,OPERATIONAL
756,Barn's | بارنز,26.4026991,50.1011311,cafe,4.2,621,OPERATIONAL
757,Onda Coffee مقهى أوندا,26.4055163,50.1012236,cafe,4.4,343,OPERATIONAL
758,LAMBDA | لامدا,26.3812317,50.0988998,cafe,4.6,544,OPERATIONAL
759,Dunkin' - دانكن,26.403043000000004,50.100318,cafe,4,857,OPERATIONAL
760,مقهى الدب,26.3919033,50.1229357,cafe,4.2,278,OPERATIONAL
761,W Gym,26.4013437,50.1137757,cafe,4.2,840,OPERATIONAL
762,Garden Gate,26.3981338,50.1270476,cafe,4.7,1014,OPERATIONAL
763,Moroccan Taste,26.4008246,50.1152489,cafe,4.2,225,OPERATIONAL
764,Karak Alhazah,26.3936988,50.1047212,cafe,4.3,457,OPERATIONAL
765,Tim Hortons,26.3911756,50.1138789,cafe,4.6,196,OPERATIONAL
766,Costa Coffee,26.391167,50.1137723,cafe,4.9,411,OPERATIONAL
767,Starbucks,26.4003282,50.1171925,cafe,3.9,2072,OPERATIONAL
768,TIM HORTONS,26.4000118,50.1169877,cafe,4.1,483,OPERATIONAL
769,Road Café | قهوة الطريق,26.3896646,50.1126813,cafe,4.3,218,OPERATIONAL
770,Krispy Kreme Othaim Mall,26.4007775,50.1170463,cafe,3.9,22,OPERATIONAL
771,نويمي كافيه,26.4003697,50.1170372,cafe,4.4,26,OPERATIONAL
772,دلة كافية,26.401303,50.1162892,cafe,4.3,23,OPERATIONAL
773,Oliver Brown,26.4001075,50.1173531,cafe,3.3,165,OPERATIONAL
774,CINNZEO OTHAIM MALL DAMMAM,26.4002727,50.1172971,cafe,3.1,30,OPERATIONAL
775,موكا & مور,26.400379800000003,50.1172595,cafe,3.7,35,OPERATIONAL
776,Barn's | بارنز,26.3878362,50.1493994,cafe,4.1,19,OPERATIONAL
777,Derby Coffee,26.3969097,50.1482063,cafe,4.1,98,OPERATIONAL
778,Cafè and burgers,26.3917443,50.1258436,cafe,4.5,6,OPERATIONAL
779,كوفي نزهة Nuzhah Cafe,26.39298,50.1260614,cafe,3,2,OPERATIONAL
780,Al Seef cafe,26.3969223,50.1679341,cafe,4.2,2209,OPERATIONAL
781,Clix,26.3888729,50.178373,cafe,4.6,2545,OPERATIONAL
782,Dunkin' - دانكن,26.3886765,50.1778502,cafe,4.2,405,OPERATIONAL
783,Costa Coffee,26.391663,50.177547,cafe,2.5,23,OPERATIONAL
784,Mana,26.3889743,50.1783801,cafe,4.5,46,OPERATIONAL
785,مقهى شاهي جمر Jamar Tea Cafe,26.3887495,50.1783814,cafe,4.1,32,OPERATIONAL
786,Barn’s,26.3893523,50.1780642,cafe,2.6,9,OPERATIONAL
787,كاس بن | kasbon,26.3902725,50.1861249,cafe,1,2,OPERATIONAL
788,Haifa Markets,26.3905089,50.1813166,cafe,5,1,OPERATIONAL
789,Dunkin' - دانكن,26.3951875,50.1925625,cafe,3.6,67,OPERATIONAL
790,دانكن,26.3882399,50.1875746,cafe,3.7,16,OPERATIONAL
791,The HUB Co.,26.394887,50.189222,cafe,4.7,3,OPERATIONAL
792,Phobia cafe,26.3939963,50.1900879,cafe,3.8,10,OPERATIONAL
793,LOVE&PEACE EXPRESS,26.3922997,50.1942433,cafe,5,6,OPERATIONAL
794,مستهل,26.4054487,50.1861463,cafe,5,12,OPERATIONAL
795,شاهي الشتاء,26.4038651,50.1836641,cafe,5,3,OPERATIONAL
796,شاي رمح,26.3816862,50.1818907,cafe,4.4,7,OPERATIONAL
797,فود ترك عزوز واااااو,26.4056041,50.1866135,cafe,No rating,No reviews,OPERATIONAL
798,ملك الشاي,26.3887244,50.2355251,cafe,4.8,810,OPERATIONAL
799,شاي رمله,26.3891808,50.2353914,cafe,4.1,91,OPERATIONAL
800,W Souffle,26.391995800000004,50.233421,cafe,4.4,153,OPERATIONAL
801,شاي جمرة,26.3908144,50.2342808,cafe,4.6,239,OPERATIONAL
802,شاهي هدب,26.3882456,50.2357561,cafe,4.9,99,OPERATIONAL
803,شاي بدو,26.3905375,50.2344219,cafe,4.6,109,OPERATIONAL
804,خوّه - Khowwh,26.3880767,50.2358101,cafe,4.9,301,OPERATIONAL
805,شاهي القشلة,26.3891027,50.2354306,cafe,4.8,112,OPERATIONAL
806,موج,26.3915405,50.2337971,cafe,4.6,124,OPERATIONAL
807,ايميز البحر / Amies,26.3924889,50.2332829,cafe,4.9,109,OPERATIONAL
808,FUN_ICE,26.3906214,50.2337951,cafe,3.7,15,OPERATIONAL
809,مقهى ثروة,26.3867717,50.2360767,cafe,4.5,53,OPERATIONAL
810,عرّاب الشاي عراب الشاي,26.3859911,50.2360515,cafe,4.8,144,OPERATIONAL
811,قهوة أم وليد - أسر منتجة,26.4105355,49.9795013,cafe,4.9,12,OPERATIONAL
812,قهوة ام وليد - اسر منتجه🤍,26.4094278,49.9872196,cafe,No rating,No reviews,OPERATIONAL
813,graph cafe,26.4122108,49.9973579,cafe,4.4,141,OPERATIONAL
814,مقهى صلدا - salda coffee,26.4195734,49.9971577,cafe,4.5,60,OPERATIONAL
815,Crepe Roll كريب رول الضاحية,26.4176905,50.0051147,cafe,3.9,250,OPERATIONAL
816,كرك وزيادة,26.4112595,50.004996,cafe,4.5,42,OPERATIONAL
817,Mantorose cafe,26.4198682,49.997152,cafe,3.4,61,OPERATIONAL
818,شتويه مسك,26.4135893,50.001125,cafe,5,2,OPERATIONAL
819,شعبيات ابو مؤيد,26.413852,50.0031985,cafe,5,14,OPERATIONAL
820,graph cafe,26.4121662,50.0138861,cafe,4.2,332,OPERATIONAL
821,COPLANT coffee & Dessert,26.421784,50.003073,cafe,4.2,495,OPERATIONAL
822,Barn's | بارنز,26.4071547,50.0140498,cafe,4,207,OPERATIONAL
823,كوب وحلى | cup and dessert,26.4189669,50.0188778,cafe,4.8,199,OPERATIONAL
824,After Ten cafe مقهى بعد العاشرة,26.4126407,50.0136752,cafe,3.9,125,OPERATIONAL
825,Road Café | قهوة الطريق,26.411977,50.013896,cafe,4.4,650,OPERATIONAL
826,ديوانية ليالي تراثية,26.4064728,50.0135105,cafe,3.9,158,OPERATIONAL
827,Crepe Town Coffee,26.414774,50.0231425,cafe,3.7,82,OPERATIONAL
828,Al-Fanar Coffee,26.4068125,50.0143125,cafe,3.2,38,OPERATIONAL
829,مقنن وجبنه كافيه,26.4117863,50.0164433,cafe,4.8,16,OPERATIONAL
830,مقهى نسمات المزاج,26.4182015,50.0189238,cafe,4.2,36,OPERATIONAL
831,Karak,26.4109653,50.015964200000006,cafe,No rating,No reviews,OPERATIONAL
832,Dunkin - دانكن,26.4236701,50.0301189,cafe,4,1123,OPERATIONAL
833,فلافي كلاود﻿س,26.4229021,50.027548,cafe,4.1,646,OPERATIONAL
834,paper cup cafe,26.4228574,50.0248404,cafe,4.6,287,OPERATIONAL
835,لايف الخوارزمي .,26.4208662,50.0340204,cafe,3.8,358,OPERATIONAL
836,Barn's | بارنز,26.422528,50.027917,cafe,4.2,121,OPERATIONAL
837,Costa Coffee,26.4226616,50.0281146,cafe,4.7,457,OPERATIONAL
839,101Cafe,26.4218553,50.0264844,cafe,4.3,501,OPERATIONAL
840,Ocaso Specialty Coffee,26.4238249,50.0303294,cafe,4.6,245,OPERATIONAL
841,Le 42 Cafe,26.4237956,50.0303177,cafe,4.6,280,OPERATIONAL
842,Mantorose Cafe,26.42292,50.0249772,cafe,3.7,109,OPERATIONAL
843,Elene Cafe,26.4113559,50.0254223,cafe,4.8,58,OPERATIONAL
844,Bati Dolci Cafe,26.4228463,50.027497,cafe,4.7,78,OPERATIONAL
845,Tim Hortons Mazaya Dabab,26.414152,50.054469,cafe,4.2,319,OPERATIONAL
846,مزاج مغربي,26.4075048,50.0589986,cafe,4.5,75,OPERATIONAL
847,OTTO CAFE,26.406061,50.0581815,cafe,4.4,844,OPERATIONAL
848,Mantorose Cafe,26.4146274,50.0539967,cafe,4.3,66,OPERATIONAL
849,Luxurious,26.3980077,50.0468061,cafe,4.3,436,OPERATIONAL
850,فلافل حارتنا الطيبين,26.4119375,50.0461185,cafe,3.8,98,OPERATIONAL
851,دوح وشاهي فرع الدمام,26.4114809,50.0566043,cafe,4.1,137,OPERATIONAL
852,Umbrella,26.4048157,50.0588336,cafe,4.2,24,OPERATIONAL
853,ADNOC Service Station | Al Dabbab District (2051),26.4139357,50.0545139,cafe,3.7,29,OPERATIONAL
854,كنافة مختص,26.4122879,50.0550079,cafe,4.9,71,OPERATIONAL
855,GRAPH Cafe,26.4074796,50.0666358,cafe,4.2,1773,OPERATIONAL
856,Khalifa tea,26.4075184,50.0664865,cafe,4.3,670,OPERATIONAL
857,Frieze Cafe,26.4052133,50.070036,cafe,4.4,916,OPERATIONAL
858,Barn's | بارنز,26.4134936,50.0737796,cafe,4.2,968,OPERATIONAL
859,Happiness Cup,26.4080198,50.0718702,cafe,4.4,1640,OPERATIONAL
860,SOCIAL POOL مقهى ومركز ترفيهي سوشيال بول,26.4074799,50.066545700000006,cafe,4.4,310,OPERATIONAL
861,Dunkin' - دانكن,26.414746,50.07622800000001,cafe,3.5,242,OPERATIONAL
862,Dunkin' - دانكن,26.402264,50.064771,cafe,4.2,1195,OPERATIONAL
863,ARCHI,26.411773600000004,50.0933817,cafe,4.1,1148,OPERATIONAL
864,بيلا سويت | Billa sweet,26.4120529,50.096746,cafe,4.1,1554,OPERATIONAL
865,Mantorose Cafe,26.4161694,50.0941576,cafe,4.2,983,OPERATIONAL
866,BREWS coffee and brunch,26.421445,50.0906508,cafe,4.8,253,OPERATIONAL
867,Tim Hortons,26.411577,50.092782,cafe,4.2,782,OPERATIONAL
868,غصين البن,26.4075762,50.0721705,cafe,4.6,168,OPERATIONAL
869,ديوانية قهوة المساء,26.421163,50.0849277,cafe,3.8,513,OPERATIONAL
870,Dunkin' - دانكن,26.4116374,50.093293,cafe,4,937,OPERATIONAL
871,Dunkin' Donuts - 30057,26.405166,50.069483,cafe,4,240,OPERATIONAL
872,Starbucks,26.411821,50.09360100000001,cafe,4.1,331,OPERATIONAL
873,Tim Hortons,26.4146839,50.07607530000001,cafe,4.4,142,OPERATIONAL
874,Savor Bakery (Dammam),26.4111762,50.1092918,cafe,4.3,534,OPERATIONAL
875,Madeleine Boutique,26.4063195,50.1010538,cafe,4,188,OPERATIONAL
876,Starbucks,26.4109085,50.1094408,cafe,4.3,1117,OPERATIONAL
877,Ojair Specialty Coffee,26.4111576,50.114582,cafe,4.5,506,OPERATIONAL
878,Mafaz,26.4069837,50.1129068,cafe,4.2,426,OPERATIONAL
879,ديوانية زعفران,26.4208434,50.1006051,cafe,4,1022,OPERATIONAL
880,Avenue Café,26.4209108,50.1013291,cafe,4,1089,OPERATIONAL
881,Mantorose Cafe,26.4165031,50.1206641,cafe,4.1,612,OPERATIONAL
882,Dunkin' - دانكن,26.4115423,50.1108724,cafe,3.8,338,OPERATIONAL
883,Dunkin' - دانكن,26.4161844,50.115632100000006,cafe,3.7,271,OPERATIONAL
884,Kuba cafe,26.4136743,50.115859,cafe,4.6,165,OPERATIONAL
885,Saadeddin Pastry,26.4091678,50.1093144,cafe,4,315,OPERATIONAL
886,Krispy Kreme,26.4092987,50.1085754,cafe,4.2,938,OPERATIONAL
887,Dunkin' - دانكن,26.4100002,50.1332867,cafe,4.3,241,OPERATIONAL
888,Barn's | بارنز,26.4123958,50.1103186,cafe,4.1,60,OPERATIONAL
890,محمصة قلم للقهوة المختصة,26.4068758,50.1129587,cafe,4.2,113,OPERATIONAL
891,CHAOUA تشاوا,26.4147664,50.1082868,cafe,4.9,116,OPERATIONAL
892,30 Days Cafe,26.415038,50.1081738,cafe,4.5,194,OPERATIONAL
893,Starbucks,26.406900000000004,50.138279,cafe,4.2,274,OPERATIONAL
894,مقهى ومحمصة سمبلسيتي | Simplicity cafe & roastery,26.4116629,50.123603900000006,cafe,5,6,OPERATIONAL
895,مستودعات بيانولا,26.4078572,50.1408418,cafe,3.5,6,OPERATIONAL
896,Tea shop🍔☕,26.4190334,50.1626352,cafe,No rating,No reviews,OPERATIONAL
897,Tanween,26.4103914,50.1675514,cafe,No rating,No reviews,OPERATIONAL
898,Archi,26.411875,50.1692334,cafe,No rating,No reviews,OPERATIONAL
899,Diwan Lounge,26.4125508,50.1733147,cafe,4,2118,OPERATIONAL
900,بوس كافيه BOSS CAFE,26.4127257,50.173091,cafe,3.9,374,OPERATIONAL
901,Hokm cafe-مقهى حكم,26.4063724,50.1865433,cafe,4,42,OPERATIONAL
902,ALKARAK,26.4152741,50.1701619,cafe,3.7,26,OPERATIONAL
903,Road Café | قهوة الطريق,26.4155411,50.1701235,cafe,4.6,9,OPERATIONAL
904,مقام للقهوة والشاي,26.411922,50.1695277,cafe,1,1,OPERATIONAL
905,Coffèa,26.4120442,50.1692759,cafe,5,5,OPERATIONAL
906,Bomboloni بومبولوني,26.4078067,50.1889814,cafe,4.4,109,OPERATIONAL
907,daily cup ديلي كب,26.4078646,50.1891902,cafe,4.2,20,OPERATIONAL
908,مقهى حكم مغطى لتقديم المشروبات,26.4071147,50.1882527,cafe,2,1,OPERATIONAL
909,مزاج كافيه,26.4061098,50.187248700000005,cafe,5,2,OPERATIONAL
910,سلالات الشاي,26.4099379,50.2219711,cafe,4.8,75,OPERATIONAL
911,فود ترك شاي حكاية,26.4098189,50.2220701,cafe,4.8,46,OPERATIONAL
912,شاهي وكرك,26.4119977,50.2211635,cafe,4.7,3,OPERATIONAL
913,مزاج التوأم,26.4112419,50.2214871,cafe,4.7,3,OPERATIONAL
914,فود ترك ولد منيرة,26.4095803,50.2222669,cafe,4.6,5,OPERATIONAL
915,نفل,26.4085141,50.2228427,cafe,4.9,10,OPERATIONAL
916,شاي أبو ساره,26.4092417,50.2223401,cafe,4.8,11,OPERATIONAL
917,30 ديسمبر شاي شباتي نوتيلا نودلز,26.411113,50.2210952,cafe,4.5,4,OPERATIONAL
918,شاي وضيحة,26.4132234,50.2202342,cafe,5,1,OPERATIONAL
919,حار وحلو,26.4126739,50.2201159,cafe,5,4,OPERATIONAL
920,Coffee,26.4114614,50.2210992,cafe,No rating,No reviews,OPERATIONAL
921,RedCups V60,26.4068,50.2237891,cafe,4.8,85,OPERATIONAL
923,شاي ابوريان اللذ ذرة مشوي,26.3987317,50.2293745,cafe,4.9,39,OPERATIONAL
924,شاي سُكرة,26.4005486,50.2289313,cafe,4.8,6,OPERATIONAL
925,باشا بورشيد,26.405076,50.2255681,cafe,4.7,25,OPERATIONAL
926,فود ترك عـذق,26.4060147,50.2243729,cafe,5,11,OPERATIONAL
927,شاهي ابو ناصر,26.4057994,50.2250156,cafe,No rating,No reviews,OPERATIONAL
928,شاي اخوو العيال,26.4059075,50.224909,cafe,5,6,OPERATIONAL
929,شاي حبق و نعناع,26.4063086,50.2242608,cafe,No rating,No reviews,OPERATIONAL
930,شاهي أبو سعود,26.4063192,50.2240574,cafe,5,1,OPERATIONAL
931,شاهي أبو يحيئ,26.4018072,50.2269927,cafe,4,1,OPERATIONAL
932,قرطوع,26.4390497,49.9835936,cafe,4.6,119,OPERATIONAL
933,ديوانية ملتقيات الضاحية,26.4342679,49.9865646,cafe,4,21,OPERATIONAL
934,كرك وبن,26.438483100000003,49.9835881,cafe,4.2,11,OPERATIONAL
935,شاهي حكيم,26.4234277,50.00494,cafe,4.8,20,OPERATIONAL
936,Shwarma,26.4199418,50.0036105,cafe,No rating,No reviews,OPERATIONAL
937,عالم الشاي - Tea World,26.4264939,50.0239689,cafe,4.4,53,OPERATIONAL
938,مزلاج,26.4281031,50.0120313,cafe,4.6,37,OPERATIONAL
939,Hattan Coffee,26.4266035,50.017868,cafe,4.7,3,OPERATIONAL
940,Kiwan Cafe | كيوان كافيه,26.4266602,50.0233835,cafe,4.2,34,OPERATIONAL
941,Bati cafe,26.4290886,50.0166732,cafe,4.1,7,OPERATIONAL
942,مقنن وجبنه كافيه,26.4351369,50.0188771,cafe,5,3,OPERATIONAL
943,C2MC+7W2 Dammam,26.4331594,50.0222733,cafe,5,1,OPERATIONAL
944,نقرشة طريق,26.4252724,50.0244871,cafe,5,1,OPERATIONAL
945,فود ترك خالد الخالدي,26.4267427,50.0167391,cafe,4,2,OPERATIONAL
946,Mr Beans,26.4236956,50.0197925,cafe,No rating,No reviews,OPERATIONAL
947,كيان,26.426856,50.0361797,cafe,3.9,80,OPERATIONAL
948,مجلس و دلة,26.4313506,50.0397584,cafe,4.3,479,OPERATIONAL
949,مقهى وديوانية اراك,26.4242764,50.0333815,cafe,3.4,82,OPERATIONAL
950,Mantorose Cafe,26.4384625,50.0336064,cafe,4.1,807,OPERATIONAL
951,مقهى ايمان المشروبات,26.4328796,50.0297491,cafe,4.3,211,OPERATIONAL
952,Krispy kreme,26.4276829,50.0426264,cafe,4.3,86,OPERATIONAL
953,Tim Hortons King Saud Noor,26.4273804,50.0381037,cafe,4.3,170,OPERATIONAL
954,Tim Hortons Alnoor,26.4360481,50.03450600000001,cafe,4.3,212,OPERATIONAL
955,Brisa cafe,26.4270371,50.044003,cafe,4.3,233,OPERATIONAL
956,مقهي ليالي الأمم,26.4243223,50.0605475,cafe,3.7,595,OPERATIONAL
957,مقهى انغام دبي 2,26.437699,50.0532849,cafe,4,116,OPERATIONAL
958,ديوانيه حياكم,26.4332559,50.0439795,cafe,4.1,193,OPERATIONAL
959,بلو سكاي كافيه Blue sky coffe,26.4405108,50.0497362,cafe,4,216,OPERATIONAL
960,Sultan Nights Cafe,26.4379761,50.056417,cafe,3.9,268,OPERATIONAL
961,معسلات ليالي وناسه,26.4234368,50.0587055,cafe,3.5,59,OPERATIONAL
962,مقهى دارالمزاج,26.4342878,50.055019,cafe,4.3,51,OPERATIONAL
963,ADNOC Service Station | Al Noor District (2052),26.4361292,50.0341727,cafe,4.1,60,OPERATIONAL
964,قهوه يويو اني,26.4369722,50.0537437,cafe,4.9,15,OPERATIONAL
965,دونات,26.4273743,50.0429375,cafe,2.6,5,OPERATIONAL
966,القهوة المثالية,26.4261592,50.035146,cafe,4,55,OPERATIONAL
967,مقهى ال انعم,26.4344906,50.0549102,cafe,3.6,55,OPERATIONAL
968,Barn's | بارنز,26.42626,50.059116,cafe,2.6,5,OPERATIONAL
969,Barn's | بارنز,26.4308214,50.0681927,cafe,4.4,307,OPERATIONAL
970,Tim Hortons,26.430946,50.067987,cafe,4.1,693,OPERATIONAL
971,ديوانية الديوان,26.4172838,50.0610387,cafe,4,93,OPERATIONAL
972,شقق تاج المنيرة المخدومة,26.4253,50.068645,cafe,3.5,319,OPERATIONAL
973,Velvet Crepeفلفت كريب,26.42969,50.0769945,cafe,4,446,OPERATIONAL
974,best cafe,26.4288998,50.0684259,cafe,4.3,251,OPERATIONAL
975,Boofiya Jabalul Noor,26.440288,50.0607631,cafe,4,181,OPERATIONAL
976,ديوان الفخامه,26.439319,50.0638716,cafe,4,6,OPERATIONAL
977,زد كافي Zed Coffee,26.4372773,50.0539006,cafe,3.8,24,OPERATIONAL
978,Hookah parlour,26.4246534,50.0605754,cafe,2.6,5,OPERATIONAL
979,Tea palace قصر الشاي,26.4307464,50.0790797,cafe,4.3,24,OPERATIONAL
980,kyan,26.4353626,50.0883123,cafe,4.1,217,OPERATIONAL
981,Dunkin' - دانكن,26.432116,50.08072,cafe,4,1360,OPERATIONAL
982,Starbucks,26.422725,50.09156600000001,cafe,4.2,450,OPERATIONAL
983,Starbucks,26.4311979,50.0840775,cafe,4.5,158,OPERATIONAL
984,Dunkin' - دانكن,26.4206875,50.0888125,cafe,2.8,113,OPERATIONAL
985,NaseemAlzohoor,26.4317717,50.0811556,cafe,4.7,700,OPERATIONAL
986,Your coffee is right قهوتك صح,26.4206828,50.0887943,cafe,4.7,60,OPERATIONAL
987,مقهي ايامنا,26.4368344,50.0923228,cafe,4.3,125,OPERATIONAL
988,Krispy Kreme,26.422777300000003,50.0921055,cafe,4.2,221,OPERATIONAL
989,Kasbon Specialty Coffee,26.4277216,50.0971047,cafe,4.3,69,OPERATIONAL
990,Tim Hortons,26.4206851,50.0889621,cafe,3.8,123,OPERATIONAL
991,مقهى ومحمصة سمبلسيتي | Simplicity cafe & roastery,26.4192141,50.0863253,cafe,4.6,17,OPERATIONAL
992,وقت الكرك Karak Time,26.4249942,50.0978396,cafe,4.4,247,OPERATIONAL
993,"Tea Time - Adama, Dammam",26.4349312,50.1042781,cafe,4.3,204,OPERATIONAL
994,Seko market,26.4409677,50.099806,cafe,3.9,23,OPERATIONAL
995,Tea Time Dammam,26.4418959,50.0976492,cafe,4.2,256,OPERATIONAL
996,Wanasah Coffee,26.4208437,50.1071064,cafe,3.7,234,OPERATIONAL
997,مقهي درة المصريين,26.436571,50.1012257,cafe,4.7,44,OPERATIONAL
998,مقهى الراكوبة,26.4361537,50.0998929,cafe,4.8,37,OPERATIONAL
999,مقهي ذا لاونج,26.4286506,50.1035253,cafe,4.4,10,OPERATIONAL
1000,Shay Khana,26.4209354,50.0976329,cafe,4.3,52,OPERATIONAL
1001,Mantorose Cafe,26.4258384,50.0993562,cafe,3.9,67,OPERATIONAL
1002,Dunkin' - دانكن,26.434723,50.117571,cafe,4,843,OPERATIONAL
1003,Cake & Tart كيك وتارت,26.4417689,50.120239,cafe,4.7,501,OPERATIONAL
1004,Cafe Chai,26.4404273,50.1163882,cafe,4.2,117,OPERATIONAL
1005,SeroTonin Lounge سيروتونين لاونج,26.4415397,50.1222813,cafe,4.3,275,OPERATIONAL
1006,Andes Coffee Roasters,26.4287771,50.1184134,cafe,3.8,16,OPERATIONAL
1007,Tea Castle,26.440297,50.113091,cafe,4.4,101,OPERATIONAL
1008,Road Café | قهوة الطريق,26.4397349,50.1182432,cafe,4.2,102,OPERATIONAL
1009,Club 90 Resto Cafe,26.4386152,50.1112712,cafe,4.3,71,OPERATIONAL
1010,بوفية زاوية تسالي,26.4263865,50.1201778,cafe,4.3,55,OPERATIONAL
1011,PRIME coffee,26.4321442,50.1177826,cafe,3.6,13,OPERATIONAL
1012,TEA WORLD,26.4400572,50.114409,cafe,4.8,17,OPERATIONAL
1013,LOFT CAFE,26.4159576,50.1160433,cafe,3.9,58,OPERATIONAL
1014,Madras Cafe,26.4372639,50.1142352,cafe,4.2,64,OPERATIONAL
1015,Kaakaya Cafe ( الدمام) كعكايه كافيه,26.4292903,50.1173379,cafe,4.6,33,OPERATIONAL
1016,Starbucks,26.4376104,50.1184279,cafe,5,23,OPERATIONAL
1017,Dunkin' - دانكن,26.4303674,50.1339782,cafe,4.1,391,OPERATIONAL
1018,Starbucks,26.430849,50.133247,cafe,3.7,291,OPERATIONAL
1019,Tim Horton,26.429514800000003,50.135101,cafe,4.2,55,OPERATIONAL
1020,كافيه مسباح,26.4336335,50.1295347,cafe,5,47,OPERATIONAL
1021,La Touche,26.4369746,50.1293033,cafe,3.7,7,OPERATIONAL
1022,ديلي كب Daily cup,26.433781300000003,50.1258906,cafe,4.6,10,OPERATIONAL
1023,كرك الذهبي,26.4287956,50.1363699,cafe,5,1,OPERATIONAL
1024,شاهي ماف,26.4433626,49.9867277,cafe,4.5,18,OPERATIONAL
1025,سيركلز كوكيز,26.439887,49.9834679,cafe,4.6,12,OPERATIONAL
1026,ناض للقهوه المختصة,26.4485227,49.9838592,cafe,4.7,12,OPERATIONAL
1027,خصب,26.4435152,49.9967415,cafe,4.7,176,OPERATIONAL
1028,Barn's | بارنز,26.4438997,50.0047776,cafe,4.2,92,OPERATIONAL
1029,دبل تلقيمه,26.4453595,49.9967713,cafe,4.8,51,OPERATIONAL
1030,مقهى مرتكن لتقديم المشروبات,26.44404,50.0011341,cafe,4.9,40,OPERATIONAL
1031,ورق عنب دون,26.4445737,50.0017465,cafe,5,1,OPERATIONAL
1033,مساء التفاحتين للشيش والمعسلات - حمادة - معسل شيش,26.4400315,50.0318925,cafe,4.3,9,OPERATIONAL
1034,mood line cafe,26.4394066,50.0316273,cafe,4.7,15,OPERATIONAL
1035,مقهى الحلويات الجميلة,26.4430228,50.0414575,cafe,4.4,24,OPERATIONAL
1036,بوفيه نظيف ومرتب وتعامل راقي,26.4357557,50.0340601,cafe,4,10,OPERATIONAL
1037,صيانة فورك لفت,26.4429693,50.0416762,cafe,4,5,OPERATIONAL
1038,Mantorose Cafe,26.4506177,50.0534759,cafe,4,468,OPERATIONAL
1039,قهوة الطريق,26.4470251,50.044062,cafe,3.7,26,OPERATIONAL
1040,Chai Makkani,26.4529674,50.0533354,cafe,3.5,2,OPERATIONAL
1041,نوتيلا كافيه,26.4373308,50.0538442,cafe,5,2,OPERATIONAL
1042,Mantorose Cafe,26.4404917,50.0497591,cafe,No rating,No reviews,OPERATIONAL
1043,.,26.4404917,50.0497591,cafe,4.8,8,OPERATIONAL
1044,Rakesh,26.4478893,50.0473793,cafe,No rating,No reviews,OPERATIONAL
1045,Emilien,26.4567522,50.0621896,cafe,4.5,1243,OPERATIONAL
1046,Fraiche bakery مخبز فريش,26.4549823,50.0698453,cafe,4.7,305,OPERATIONAL
1047,Mantorose Cafe,26.4533176,50.0681032,cafe,4.1,257,OPERATIONAL
1048,Meow Cafe مياو كافيه,26.4598705,50.0645845,cafe,4.7,224,OPERATIONAL
1049,Starbucks,26.455456,50.068045,cafe,4.6,45,OPERATIONAL
1050,Quill Cafe,26.4562869,50.0616679,cafe,4.2,177,OPERATIONAL
1051,فيب مزاج الاشراق,26.4416308,50.0728929,cafe,3.8,13,OPERATIONAL
1052,Krispy Kreme Dareen Mall - كرسبي كريم دارين مول,26.4598715,50.0648377,cafe,4,239,OPERATIONAL
1053,Rawayi ardh alqassim dates,26.4520156,50.063751800000006,cafe,4.2,110,OPERATIONAL
1055,مقهى أكواب و أباريق,26.4433642,50.0691715,cafe,4.9,28,OPERATIONAL
1056,شاي احمر معتق,26.4525763,50.0741071,cafe,4.9,86,OPERATIONAL
1057,لاتي - LATEA,26.442496,50.0685995,cafe,4.9,9,OPERATIONAL
1058,Boofiya Abrad,26.44159,50.0651183,cafe,3.7,11,OPERATIONAL
1059,UMQ Coffee 2.2,26.4585577,50.0852098,cafe,4.5,649,OPERATIONAL
1060,Eleven Three | 11 3,26.4530795,50.0807161,cafe,4.6,549,OPERATIONAL
1062,Dunkin' - دانكن,26.4596054,50.0839392,cafe,3.9,572,OPERATIONAL
1063,بلياردو و سنوكر ديلابيكس |مقهى | BILLIARD & SNOOKER DELAPAIX |coffee shop,26.4427845,50.0890469,cafe,4.3,741,OPERATIONAL
1064,Costa Coffee,26.458586,50.086075,cafe,4.9,1519,OPERATIONAL
1065,Dunkin' - دانكن,26.4501082,50.0841279,cafe,3,121,OPERATIONAL
1066,Barn's | بارنز,26.4592294,50.079975,cafe,4.4,96,OPERATIONAL
1067,مقهى ومحمصة تريبيكا| TREEPICA COFFEE ROASTERS,26.4587114,50.08075,cafe,4.5,168,OPERATIONAL
1068,24Cafe,26.4552113,50.0815539,cafe,4.6,37,OPERATIONAL
1069,لجة كافية - Lujjah Cafe,26.4583329,50.0824742,cafe,4.9,109,OPERATIONAL
1070,Tim Hortons,26.4586953,50.0822598,cafe,4.7,106,OPERATIONAL
1071,Road Café,26.4595719,50.0809531,cafe,4,42,OPERATIONAL
1072,فليڤر Flavor,26.45628,50.0813077,cafe,4.7,62,OPERATIONAL
1073,مقهى المحروسة,26.4439823,50.0932941,cafe,4,4,OPERATIONAL
1074,مملكة,26.4557827,50.084949,cafe,4.6,5,OPERATIONAL
1075,عصير قصب,26.445171,50.0927586,cafe,4.9,8,OPERATIONAL
1076,فينسيا لاونج ومقهى Vensia Lounge & Cafe,26.4567743,50.1012023,cafe,4.6,983,OPERATIONAL
1077,Ratio Souq Alhub,26.4465473,50.1044587,cafe,4.3,241,OPERATIONAL
1078,dr.CAFE COFFEE | V12 Station | د.كيف كافيه,26.4561736,50.0969402,cafe,4.3,1866,OPERATIONAL
1079,مقهى إجازة,26.4524485,50.1057701,cafe,3.7,496,OPERATIONAL
1080,Snow cafe,26.455261,50.0969716,cafe,4.3,382,OPERATIONAL
1081,ALKARAK الكرك,26.4537208,50.1061624,cafe,4.2,241,OPERATIONAL
1082,Dunkin' - دانكن,26.4526431,50.0968495,cafe,3.6,332,OPERATIONAL
1083,Second cup سكند كب,26.4567932,50.10118,cafe,4.4,247,OPERATIONAL
1084,المذاق المغربي,26.459323,50.0955575,cafe,4.2,430,OPERATIONAL
1085,مقهى نغم,26.456808400000003,50.1010979,cafe,4.4,91,OPERATIONAL
1086,كاريبو كوفي - Caribou Coffee,26.455517,50.10632,cafe,4.2,512,OPERATIONAL
1087,مقهى مائة درجة,26.4466184,50.1035103,cafe,4.4,218,OPERATIONAL
1088,7 Grams - Dammam Cornish | ٧ جرام - كورنيش الدمام,26.4512255,50.1310087,cafe,4.3,2753,OPERATIONAL
1089,troy coffee lounge,26.4524375,50.1240625,cafe,4.1,1342,OPERATIONAL
1090,RATIO Speciality Coffee,26.452102,50.1302676,cafe,4,1671,OPERATIONAL
1091,.VIA Specialty Coffee And Bakery,26.452093,50.1305713,cafe,4.3,301,OPERATIONAL
1092,Starbucks (Drive Thru),26.4551779,50.113723,cafe,4.1,2613,OPERATIONAL
1093,برونز لونج كافيه,26.451373200000003,50.1291625,cafe,4.7,1387,OPERATIONAL
1094,انوف لاونج - Anov lounge,26.4515085,50.1280583,cafe,4.5,231,OPERATIONAL
1095,Gamma,26.4521461,50.130253800000006,cafe,4.8,2188,OPERATIONAL
1096,Kyan,26.4558024,50.1168148,cafe,4.2,756,OPERATIONAL
1097,017 specialty coffee,26.4521384,50.1303966,cafe,4.7,905,OPERATIONAL
1098,Dose Cafe,26.4579517,50.1203651,cafe,4.1,2310,OPERATIONAL
1099,براير كافيه Briar Cafe & Tea room,26.451165,50.131209000000005,cafe,4.2,791,OPERATIONAL
1100,Riviera Avenue 2 ريفييرا أفينيو,26.452279,50.1257654,cafe,4.3,108,OPERATIONAL
1101,مقهى شيشة ومطعم ايلاف,26.4549054,50.1245545,cafe,3.3,374,OPERATIONAL
1102,24Cafe,26.4512492,50.1307634,cafe,4.3,291,OPERATIONAL
1103,Mantorose Cafe,26.4574732,50.1324472,cafe,4.4,372,OPERATIONAL
1104,crepele,26.4545863,50.1323768,cafe,4.1,408,OPERATIONAL
1105,BASTAH KARAK,26.4511635,50.1314873,cafe,3.5,295,OPERATIONAL
1106,فيو كافيه View Cafe,26.4517493,50.126507,cafe,4.4,86,OPERATIONAL
1107,Riviera Avenue,26.451848700000003,50.1282108,cafe,4.2,127,OPERATIONAL
1108,مقهى لمة عرب,26.4521355,50.1303794,cafe,4.7,139,OPERATIONAL
1109,PARK COFFEE,26.4519537,50.1270807,cafe,4.2,132,OPERATIONAL
1110,كارديو,26.4532451,50.1799668,cafe,No rating,No reviews,OPERATIONAL
1130,"SOLACE, سولاس",26.4655458,50.0604483,cafe,4.5,2165,OPERATIONAL
1132,Your Escape يور اسكيب,26.4665414,50.0601874,cafe,4.5,996,OPERATIONAL
1134,Levels Board Games Cafe | ليفلز,26.4678848,50.0592592,cafe,4.8,1209,OPERATIONAL
1136,كيان كافيه,26.465217,50.0484064,cafe,4,131,OPERATIONAL
1137,Hadota Lounge | مقهى حدوتة,26.4690344,50.0603522,cafe,4.7,431,OPERATIONAL
1138,The Coffee Address | عنوان القهوة,26.4651361,50.0483425,cafe,4.3,99,OPERATIONAL
1141,Cup Of Karak كلاص كرك,26.4621429,50.0495426,cafe,4.8,793,OPERATIONAL
1142,Pastry Shop,26.4679661,50.0594351,cafe,4.1,456,OPERATIONAL
1145,HOOR CAFE | حور كافيه,26.4664168,50.0601372,cafe,4.3,255,OPERATIONAL
1146,Starbucks Coffee,26.4622335,50.0684529,cafe,4,4182,OPERATIONAL
1149,KAV cafe,26.4632259,50.0629607,cafe,4.4,469,OPERATIONAL
1150,رش برجر و اسكيمو | Rush Burger,26.4631903,50.0628076,cafe,4.1,178,OPERATIONAL
1151,keen Cafe & Rest,26.4610331,50.077939,cafe,4,479,OPERATIONAL
1152,Tim Hortons,26.4660224,50.0622828,cafe,4.1,831,OPERATIONAL
1153,DEER LOUNGE مقهى غزاله لاونج,26.4611438,50.0777603,cafe,4.5,147,OPERATIONAL
1154,Barn's | بارنز,26.4631114,50.067097,cafe,3.7,30,OPERATIONAL
1155,BC Lounge,26.472079,50.0864475,cafe,3.6,688,OPERATIONAL
1156,CORE COFFEE & ROASTERY,26.4587015,50.0926965,cafe,4.4,386,OPERATIONAL
1157,Cafficha Coffee,26.4625851,50.0921878,cafe,4.3,336,OPERATIONAL
1158,Paradise Beach Club,26.472876,50.086187,cafe,4.1,641,OPERATIONAL
1159,كاريبو كوفي - Caribou Coffee,26.45861,50.09284,cafe,4.2,686,OPERATIONAL
1160,مقهى مورث | Morth Lounge,26.4593024,50.08818480000001,cafe,4.2,189,OPERATIONAL
1161,"Wayz Breakfast, Brunch & Coffee",26.4613465,50.0734979,cafe,4.3,60,OPERATIONAL
1162,Next two - نكستو,26.472622,50.0862032,cafe,4.1,41,OPERATIONAL
1163,دوح وشاهي كورنيش الدمام Marsa Café مرسى كافيه,26.460126,50.1126226,cafe,4.4,250,OPERATIONAL
1164,Mantorose Cafe,26.4623831,50.1143971,cafe,4.5,401,OPERATIONAL
1165,Cinnabon,26.455007,50.105494,cafe,3.7,131,OPERATIONAL
1166,مقهى لمسة ثلج,26.4553049,50.0969518,cafe,4.3,29,OPERATIONAL
1167,O & Va,26.4721875,50.0935625,cafe,4.3,163,OPERATIONAL
1168,Verocci cafe,26.4554634,50.1050441,cafe,4,71,OPERATIONAL
1169,The Coffee Address | عنوان القهوة,26.46422,50.121457,cafe,4.4,986,OPERATIONAL
1170,Crafter Cafe مقهى كرافتر,26.4681879,50.1235966,cafe,4.1,687,OPERATIONAL
1171,مقهى فيشاوي باشا,26.4762738,50.1184685,cafe,3.9,1462,OPERATIONAL
1172,Cosmo Drive thru Dammam,26.467272,50.1230651,cafe,4.4,237,OPERATIONAL
1173,Dunkin' - دانكن,26.460683,50.120986,cafe,4,868,OPERATIONAL
1174,Ahram Cafe,26.47353,50.1183108,cafe,4.4,245,OPERATIONAL
1175,Abu Hayyan Coffee,26.4639177,50.1326108,cafe,4.4,816,OPERATIONAL
1176,Barn's | بارنز,26.456521,50.122835,cafe,4.3,80,OPERATIONAL
1177,Banuzy,26.4627142,50.12137140000001,cafe,4.5,157,OPERATIONAL
1178,Krispy Kreme,26.4542133,50.1187753,cafe,4.3,928,OPERATIONAL
1179,هبلي بابلي _ Hubbly Bubbly,26.4609611,50.1209925,cafe,4.5,117,OPERATIONAL
1180,Dunkin' - دانكن,26.474289,50.125496,cafe,3.7,224,OPERATIONAL
1181,ADNOC Service Station | Corniche Al Dammam (2004),26.4598166,50.1208537,cafe,3.6,74,OPERATIONAL
1182,Osmanli Lezzet المذاق العثماني,26.4717276,50.131481,cafe,4.5,11171,OPERATIONAL
1183,Pianolla Cafe | بيانولا كافيه,26.473363,50.1331902,cafe,4.2,1782,OPERATIONAL
1184,Barn's | بارنز,26.4648077,50.1321702,cafe,3.8,52,OPERATIONAL
1186,BERRIES TREE مقهى شجرة التوت,26.4624974,50.1215402,cafe,4.4,730,OPERATIONAL
1187,Abu Farida Balila & Salep,26.462570900000003,50.1326099,cafe,4.5,121,OPERATIONAL
1188,VHAGAR Shisha Lounge | فيقار لاونج,26.4700647,50.1239576,cafe,4.6,102,OPERATIONAL
1189,لاونج ومقهى بيتش بارك,26.4663807,50.1230126,cafe,4.5,74,OPERATIONAL
1190,شاي حطب بوريان,26.4711024,50.13354760000001,cafe,5,1,OPERATIONAL
1191,شاي ام حور,26.4589098,50.132375800000005,cafe,4.8,10,OPERATIONAL
1192,شاي على الجمر Tea,26.471955,50.132885,cafe,5,4,OPERATIONAL
1193,Lapate Lounge,26.4731513,50.1287574,cafe,3.8,5,OPERATIONAL
1194,مشروع بسطة ١٢,26.4747513,50.1331254,cafe,4.3,11,OPERATIONAL
1240,VIVIAN Cafe فيفيان كافيه,26.4734853,50.0862765,cafe,4.1,83,OPERATIONAL
1241,Golden damamm,26.4720602,50.086322800000005,cafe,3.9,56,OPERATIONAL
1242,Cardio,26.4779471,50.091665,cafe,4.3,102,OPERATIONAL
1243,مقهي شارع جيهان لتقديم المشروبات-Jihan Street Coffee Shop,26.4735085,50.0863883,cafe,5,20,OPERATIONAL
1245,شعبيات ام جاسم,26.4778134,50.0901555,cafe,4.3,30,OPERATIONAL
1246,البرواز كافيه,26.4728708,50.0861908,cafe,5,1,OPERATIONAL
1247,كوفيانا coffyana,26.4749887,50.0910292,cafe,4.5,2,OPERATIONAL
1248,شاهي أبو نبيل,26.4779553,50.0887389,cafe,5,2,OPERATIONAL
1249,سواحل بيروت,26.4805159,50.0975562,cafe,3.8,847,OPERATIONAL
1250,Triple T,26.4715535,50.091925,cafe,4.9,43,OPERATIONAL
1251,Costa coffee,26.4736623,50.0945479,cafe,3,2,OPERATIONAL
1252,Starbucks,26.4797153,50.1326938,cafe,4,693,OPERATIONAL
1253,Remedy Roasters & Specialty Coffee | ريمدي محمصة وقهوة مختصة,26.4794329,50.132684,cafe,4.9,1192,OPERATIONAL
1254,مقهى اكورا لاونج | ACURRA LOUNGE,26.4794971,50.1326814,cafe,4.8,203,OPERATIONAL
1255,TEA & MORE شاي واكثر,26.478915,50.1251252,cafe,4.4,127,OPERATIONAL
1256,dr.CAFE COFFEE | د.كيف كافيه,26.481447,50.1257995,cafe,4.6,97,OPERATIONAL
1257,Hooka mode cafe,26.4798247,50.13258,cafe,4.6,127,OPERATIONAL
1258,فيو الشاطي كافيه,26.4768355,50.1178731,cafe,4.5,43,OPERATIONAL
1259,MAR Lounge,26.4933088,50.1207277,cafe,4.3,15,OPERATIONAL
1260,Beach Coffee,26.4803135,50.1173983,cafe,3.5,66,OPERATIONAL
1261,القهوه المثاليه (الشاطىء),26.4749515,50.1249699,cafe,4.2,77,OPERATIONAL
1262,Aton cafe | أتــون كافــيه,26.4792798,50.132664,cafe,4.7,36,OPERATIONAL
1263,ارزان كافيه,26.4804105,50.1193623,cafe,4.9,164,OPERATIONAL
1264,راسون لاونج,26.4794181,50.1326829,cafe,4.6,11,OPERATIONAL
1265,Half Million,26.4903838,50.1335094,cafe,4.3,3208,OPERATIONAL
1266,اعماق البن,26.4901201,50.13317,cafe,4.5,224,OPERATIONAL
1267,كفاف قهوة مختصة kefaf coffee,26.4956235,50.1324981,cafe,4.5,285,OPERATIONAL
1268,ندرة,26.4903158,50.1332052,cafe,4.7,137,OPERATIONAL
1298,دكة كافية,26.4981757,50.127649,cafe,4.4,25,OPERATIONAL
1299,العامل ابو سكسوكه الله يقروشه,26.4938926,50.124127,cafe,No rating,No reviews,OPERATIONAL
1300,رمل,26.4982442,50.1272835,cafe,5,46,OPERATIONAL
1301,Moments cafe,26.4922565,50.1296702,cafe,No rating,No reviews,OPERATIONAL
1302,OVERJAR اوفر جار,26.4970503,50.1341949,cafe,2.8,31,OPERATIONAL
1303,Repeat Coffee By The Sea,26.4970726,50.1347275,cafe,3.3,180,OPERATIONAL
1304,Morth lounge,26.4963512,50.1345033,cafe,3.2,132,OPERATIONAL
1305,Majlis Takya مجلس تكية,26.4963964,50.1340642,cafe,4.8,100,OPERATIONAL
1306,7 Grams - تكية بحر,26.4970239,50.1341826,cafe,5,4,OPERATIONAL
1307,فود ترك الهافمون,26.1622554,50.0691471,cafe,5,6,OPERATIONAL
1308,Cafè Jamoka,26.1451229,50.0916541,cafe,3.8,24,OPERATIONAL
1309,كريپل كافيه crêpele cafe,26.1615142,50.1136127,cafe,4.5,20,OPERATIONAL
1310,فلافي كيك وقهوة (وايتي كيك Whitey fluffy),26.1535448,50.1444778,cafe,4.9,108,OPERATIONAL
1311,Samrah,26.1539567,50.1445969,cafe,4.8,81,OPERATIONAL
1312,tamala coffee,26.1546823,50.1434883,cafe,4.5,38,OPERATIONAL
1313,HAT COFFEE,26.155792500000004,50.1361,cafe,4.7,89,OPERATIONAL
1314,Tatima Cafe,26.1450378,50.1367478,cafe,4.8,42,OPERATIONAL
1315,Coffee 9 Nine Grams | كوفي تسعة جرام,26.1552315,50.1395755,cafe,4.6,42,OPERATIONAL
1316,Deira Coffee | قهوة الديرة,26.1544086,50.14091200000001,cafe,4.9,31,OPERATIONAL
1317,سمرة,26.153588,50.1445795,cafe,5,3,OPERATIONAL
1318,أؤطنة,26.1537392,50.1443162,cafe,5,2,OPERATIONAL
1319,ايت اوز-8Oz Coffee,26.1520983,50.1613103,cafe,4.1,317,OPERATIONAL
1320,Reds Coffee,26.152138,50.159865,cafe,3.9,43,OPERATIONAL
1321,شاي بخار,26.1520673,50.1609524,cafe,4,211,OPERATIONAL
1322,شاي مسكوب العزيزية,26.1439005,50.1608233,cafe,4.6,309,OPERATIONAL
1323,MANTOROSE,26.1569792,50.161606,cafe,4.9,47,OPERATIONAL
1324,Costa Coffee,26.1474887,50.151377,cafe,3.9,12,OPERATIONAL
1325,McCafe,26.154745,50.161409,cafe,4.4,19,OPERATIONAL
1326,القهوة المثالية (العزيزيه),26.1508657,50.1613897,cafe,3.9,62,OPERATIONAL
1327,شاي عذيب,26.158909,50.1615693,cafe,4.7,62,OPERATIONAL
1328,شاهي بدو العزيزية,26.157191,50.1616715,cafe,4.4,33,OPERATIONAL
1329,Sip speciality coffee,26.1573358,50.1615245,cafe,4.8,35,OPERATIONAL
1330,Fillto Specialty coffee & sweets,26.1569375,50.1616875,cafe,5,18,OPERATIONAL
1331,Cafe 55,26.1571758,50.1939604,cafe,4.3,189,OPERATIONAL
1332,بلو سكاي,26.1673626,50.1170037,cafe,2.3,12,OPERATIONAL
1333,BE HAPPY COFFEE,26.1637516,50.1148127,cafe,4.6,7,OPERATIONAL
1334,Taybeen Museum,26.1670314,50.1453238,cafe,4.5,2550,OPERATIONAL
1335,Tulum Cafe,26.1670208,50.1455834,cafe,No rating,No reviews,OPERATIONAL
1336,Shrq Coffee Roasters (Al Azizia),26.1774132,50.1578913,cafe,4.5,875,OPERATIONAL
1337,M CLUB مقهى,26.1751872,50.1622443,cafe,3.4,364,OPERATIONAL
1338,Dunkin' - دانكن,26.1686337,50.1614605,cafe,3.9,500,OPERATIONAL
1339,آرت سويت الصواري,26.1752692,50.1622766,cafe,4.5,608,OPERATIONAL
1340,RATIO Speciality Coffee,26.1737086,50.1545362,cafe,4.4,318,OPERATIONAL
1341,The Coffee Address | عنوان القهوة,26.1686812,50.1621991,cafe,4.3,160,OPERATIONAL
1342,ارت سويت الشراع,26.1740508,50.1525802,cafe,4.2,221,OPERATIONAL
1343,Mr. Tea,26.1783755,50.1578326,cafe,4.4,490,OPERATIONAL
1344,Kyan,26.1733696,50.1574729,cafe,3.6,125,OPERATIONAL
1345,ديوانية محبوك,26.1732639,50.1545369,cafe,4.3,133,OPERATIONAL
1346,simplicity,26.1726489,50.1618395,cafe,4.6,105,OPERATIONAL
1347,Barn's | بارنز,26.1762145,50.1626338,cafe,4.3,96,OPERATIONAL
1348,شاي عنق,26.1726405,50.1618938,cafe,4.4,38,OPERATIONAL
1349,24Cafe,26.1739592,50.1574473,cafe,5,17,OPERATIONAL
1350,مقهى شاي سرا,26.1690635,50.1621693,cafe,4.7,35,OPERATIONAL
1351,Blue sky coffee | بلو سكاي كافيه,26.175202,50.1624671,cafe,3.9,10,OPERATIONAL
1352,دو دونات - Do Donuts,26.1734667,50.1545237,cafe,3.7,13,OPERATIONAL
1353,مزاج مغربي العزيزية,26.1723191,50.1621801,cafe,4.6,30,OPERATIONAL
1354,Perfect Coffee (blue khober),26.173421,50.1610646,cafe,3.8,16,OPERATIONAL
1355,‏Blue Star Cafe | بلو ستار كافيه,26.1734141,50.1623246,cafe,4.6,17,OPERATIONAL
1356,SADF TRADING AND DEVELOPMENTS ZOOBA,26.1711,50.1621,cafe,No rating,No reviews,OPERATIONAL
1357,dr.CAFE COFFEE | Drive Thru,26.1791178,50.1968316,cafe,4.5,59,OPERATIONAL
1358,المذاق السعودي للشاي والقهوة,26.1906694,50.057983,cafe,4.6,9,OPERATIONAL
1360,ابو نشمي للشاي والقهوة على الجمر,26.1930332,50.0532709,cafe,3.9,141,OPERATIONAL
1361,تلقيمة وجمر,26.192562,50.0543689,cafe,4.8,12,OPERATIONAL
1362,كوخ الشاطي,26.1920704,50.0556797,cafe,3.7,3,OPERATIONAL
1363,شاي فخفخه,26.1927413,50.0533036,cafe,No rating,No reviews,OPERATIONAL
1364,Starbucks,26.1788132,50.1640834,cafe,4.1,687,OPERATIONAL
1365,اي بلس | A PLUS,26.1867062,50.1596883,cafe,4.4,238,OPERATIONAL
1366,قهوة رهم | Raham Coffee,26.1934239,50.1608853,cafe,4.8,235,OPERATIONAL
1367,دوح وشاهي,26.183931,50.1647749,cafe,3.7,318,OPERATIONAL
1368,مؤسسة أوقات شرق التجارية,26.1876015,50.160091,cafe,4.7,18,OPERATIONAL
1369,Barn's | بارنز,26.1864189,50.1595907,cafe,4,53,OPERATIONAL
1370,Kaif Alsharg,26.1848125,50.1646875,cafe,4.1,259,OPERATIONAL
1371,DOSE & JOUZ CAFE دوز اند جوز كافية,26.1850394,50.1647669,cafe,4.1,40,OPERATIONAL
1372,Makha dewaniya keef al neshama,26.1842169,50.1642678,cafe,3.3,42,OPERATIONAL
1373,Half Million,26.1841932,50.1837388,cafe,4.3,1411,OPERATIONAL
1374,The Coffee Address | عنوان القهوة,26.1861537,50.1864056,cafe,4.5,332,OPERATIONAL
1375,قهوة طويق - Tuwaiq coffee,26.1913283,50.1759292,cafe,4.2,397,OPERATIONAL
1376,السيف كافية العزيزية,26.1829221,50.1844135,cafe,4.2,396,OPERATIONAL
1377,مقهى ما بعد العاشرة,26.1854822,50.1860438,cafe,4,349,OPERATIONAL
1378,Tim Hortons Azizia Drive thru,26.1869083,50.1869007,cafe,4.2,365,OPERATIONAL
1379,Dunkin' - دانكن,26.186999,50.186985,cafe,3.5,265,OPERATIONAL
1380,Dhay Suhail Coffee Shop,26.1833483,50.1846964,cafe,4,423,OPERATIONAL
1381,Third,26.187371,50.1789305,cafe,4.3,33,OPERATIONAL
1382,Barn's | بارنز,26.1856133,50.1848445,cafe,4.6,10,OPERATIONAL
1383,Diwaniyat al-Dirah,26.1968375,50.1932656,cafe,4.2,3036,OPERATIONAL
1384,Dunkin' - دانكن,26.1908125,50.1899375,cafe,3.9,316,OPERATIONAL
1385,Qudooa Dewaniyah,26.1829222,50.1828395,cafe,3.6,49,OPERATIONAL
1386,بوفيه مصعب,26.1855938,50.1841608,cafe,4.4,16,OPERATIONAL
1387,مقهى ومحمصة سمبلسيتي | Simplicity cafe & roastery,26.1981914,50.1943122,cafe,4,5,OPERATIONAL
1388,Blue sky Abbasi tahlia,26.1893969,50.1885669,cafe,3.6,5,OPERATIONAL
1389,Rashfa | رشفة,26.1884899,50.1867522,cafe,4.9,14,OPERATIONAL
1390,Tim Hortiua,26.1868626,50.1869795,cafe,2,4,OPERATIONAL
1391,Louga coffee,26.1803634,50.203706,cafe,4.7,10,OPERATIONAL
1392,فضفضة لاونج,26.1894103,50.21161480000001,cafe,5,6,OPERATIONAL
1393,Mantorose cafe | مانتوروز كافيه,26.195673000000003,50.2123006,cafe,4,345,OPERATIONAL
1394,Starbucks,26.1865064,50.3168402,cafe,4.2,214,OPERATIONAL
1395,چباتي وكرك,26.1868821,50.3190589,cafe,3.3,93,OPERATIONAL
1396,Timhortons Causeway Khobar,26.1865289,50.317068000000006,cafe,4.7,85,OPERATIONAL
1397,كوستا كوفي,26.1818802,50.3306312,cafe,4,4,OPERATIONAL
1398,محمصة ومقهى تشارت | CHART,26.1996444,50.1843689,cafe,4.7,110,OPERATIONAL
1399,Line Espresso bar | لاين البحيرة,26.1994043,50.1846416,cafe,4.8,111,OPERATIONAL
1400,مراميه البحيرة,26.199444,50.1845944,cafe,4.7,33,OPERATIONAL
1401,Block 196,26.1912157,50.1759474,cafe,4.4,9,OPERATIONAL
1402,المشروب السحري,26.1917424,50.1770457,cafe,4.4,10,OPERATIONAL
1403,هول بين,26.2089307,50.1878169,cafe,4.8,568,OPERATIONAL
1404,Veloce,26.2026827,50.1957242,cafe,4.2,241,OPERATIONAL
1405,شاي وسمسم,26.2098895,50.1995201,cafe,4.4,334,OPERATIONAL
1406,Dose Cafe,26.2028767,50.1957731,cafe,4.2,1096,OPERATIONAL
1407,Dunkin' - دانكن,26.200622,50.194707,cafe,4.1,865,OPERATIONAL
1408,VIAL,26.2017646,50.1950811,cafe,4.6,355,OPERATIONAL
1409,ديلي كب Daily cup,26.2015775,50.2039537,cafe,4,124,OPERATIONAL
1410,Moroccan Taste,26.2032378,50.1970968,cafe,4.2,647,OPERATIONAL
1411,شاي نوح,26.2015976,50.1996486,cafe,4.7,280,OPERATIONAL
1412,Starbucks,26.2052948,50.196493,cafe,4,599,OPERATIONAL
1413,coffee handle,26.2163739,50.193752,cafe,4.6,285,OPERATIONAL
1414,شاي سكر,26.2015049,50.2016576,cafe,4.6,245,OPERATIONAL
1415,Rasa,26.2165019,50.1928631,cafe,4.7,192,OPERATIONAL
1416,ديوانية المتكى الشعبي,26.2045574,50.1975224,cafe,3.9,557,OPERATIONAL
1417,Cinnabon,26.2024839,50.1952596,cafe,4.4,91,OPERATIONAL
1418,Mantorose Cafe,26.2019417,50.1890446,cafe,4.1,72,OPERATIONAL
1419,WHITE HORSE,26.2078487,50.202378,cafe,4.3,398,OPERATIONAL
1420,Dunkin' - دانكن,26.211986,50.208272,cafe,4.1,873,OPERATIONAL
1421,IVY Restaurant & Cafè مطعم و مقهى ايفي,26.1993445,50.2122387,cafe,4.6,489,OPERATIONAL
1422,اوشا | OSHA,26.2022146,50.2124716,cafe,4.7,220,OPERATIONAL
1423,Barn's | بارنز,26.2013771,50.2080815,cafe,4.3,219,OPERATIONAL
1424,هذب للقهوة المختصة,26.2145353,50.2129087,cafe,4.8,189,OPERATIONAL
1425,دكان وافل,26.2100982,50.2036587,cafe,4.2,153,OPERATIONAL
1426,Lujj Cafe,26.2135323,50.202456,cafe,4.7,73,OPERATIONAL
1427,Rivera Compound-jofferys cafe,26.2001904,50.2191536,cafe,4.4,25,OPERATIONAL
1428,24Cafe,26.2168903,50.1843414,cafe,4.2,918,OPERATIONAL
1429,Lialy Marrakech Cafe,26.2166821,50.1764895,cafe,3.8,220,OPERATIONAL
1430,مقهى كهف الأسود,26.2162857,50.1774201,cafe,3.6,29,OPERATIONAL
1431,مقهى الرواق العربي,26.2228983,50.182404,cafe,3.7,241,OPERATIONAL
1432,مقهى ديوانية الحلى والكيف,26.2171802,50.1852126,cafe,4,82,OPERATIONAL
1433,McCafé,26.2157387,50.1793025,cafe,2.5,46,OPERATIONAL
1434,Barn's | بارنز,26.216987300000003,50.1849484,cafe,3.3,27,OPERATIONAL
1435,Al-Fanar Coffee,26.2154489,50.1792635,cafe,3.8,32,OPERATIONAL
1436,مقهى رمال أوس,26.2207212,50.184179,cafe,4.1,9,OPERATIONAL
1437,Saqr Al-Rafidain Coffee Shop for Drinks,26.2250521,50.1840226,cafe,3.5,33,OPERATIONAL
1438,بلو سكاي,26.2155692,50.1797704,cafe,2.9,8,OPERATIONAL
1439,مقهى الناصر,26.2247065,50.1837276,cafe,4,1,OPERATIONAL
1440,Starbucks,26.2300772,50.1954915,cafe,4.4,125,OPERATIONAL
1441,Tim Hortons,26.2314414,50.1939287,cafe,4.2,122,OPERATIONAL
1442,Barn's | بارنز,26.2316642,50.1941112,cafe,4.5,99,OPERATIONAL
1443,Diwaniya Zaman Baraka,26.217178,50.2034874,cafe,4,190,OPERATIONAL
1444,قهوة طويق - Drive-thru,26.2240858,50.1962168,cafe,4,85,OPERATIONAL
1445,Road Café | قهوة الطريق,26.2318335,50.1942493,cafe,4.2,35,OPERATIONAL
1446,Gacela Cafe,26.2165803,50.1934009,cafe,4.7,103,OPERATIONAL
1447,بوفيه ليالي الشرقية,26.2152058,50.1894388,cafe,4.1,81,OPERATIONAL
1448,maquod Cafe مقهى معقود للمشروبات والمأكولات,26.2085228,50.1911699,cafe,4.3,216,OPERATIONAL
1449,Al Seef Cafe,26.222484,50.2192065,cafe,4.2,1246,OPERATIONAL
1450,Starbucks,26.2203348,50.213007,cafe,4.1,1251,OPERATIONAL
1451,Bunah specialty coffee محمصة بنة,26.2204861,50.2125983,cafe,4.5,1009,OPERATIONAL
1452,سكَّة كرك - Sikkat Karak,26.2174999,50.2073113,cafe,4.6,784,OPERATIONAL
1453,PAUSE CAFE,26.2200573,50.2124637,cafe,4.4,253,OPERATIONAL
1454,مطعم ولاونج فونتون VONTONE LOUNGE,26.2230711,50.2166728,cafe,4,136,OPERATIONAL
1455,Boston's Cafe,26.2110259,50.2127662,cafe,4.5,354,OPERATIONAL
1456,قهوة الطريق | Road Café,26.2183639,50.208407,cafe,4,27,OPERATIONAL
1457,Barn's | بارنز,26.2151786,50.21302490000001,cafe,3.9,31,OPERATIONAL
1458,ريفيو الخبر review,26.2100467,50.2084084,cafe,4.7,133,OPERATIONAL
1459,بوكس للقهوه | BOX speciality coffee,26.2162517,50.2069921,cafe,4.2,52,OPERATIONAL
1460,Barn's | بارنز,26.2150431,50.2070698,cafe,4.1,41,OPERATIONAL
1461,Dunkin' - دانكن,26.218937500000003,50.2101875,cafe,3.9,22,OPERATIONAL
1462,السيف-كافيه—جسرالبحرين,26.2223473,50.2193117,cafe,4.8,4,OPERATIONAL
1463,مقهى سما,26.2204611,50.2129538,cafe,4.7,10,OPERATIONAL
1466,Rolan Lounge,26.2334521,50.2156704,cafe,4.4,78,OPERATIONAL
1467,بكلو Piccolo,26.2350195,50.2137004,cafe,4.3,16,OPERATIONAL
1468,Chemistry cafe drive through Alhamra,26.2350518,50.2135679,cafe,4.5,15,OPERATIONAL
1469,قهوجي الخبر الدمام قهوجيات الخبر قهوجيين الجبيل,26.2694115,50.1897971,cafe,4.7,14,OPERATIONAL
1470,ديوانية قدوع,26.2694829,50.1899894,cafe,3.8,128,OPERATIONAL
1471,Ihk,26.2669213,50.194347,cafe,5,1,OPERATIONAL
1472,Love coffee,26.263794,50.2071695,cafe,4.5,22,OPERATIONAL
1473,Karak Al Majlis,26.265038,50.2091877,cafe,4.8,8,OPERATIONAL
1474,حكاية حلى ومالح,26.2651029,50.2091599,cafe,4.2,9,OPERATIONAL
1475,كفترياء حاتم,26.2787665,50.1845183,cafe,4.2,9,OPERATIONAL
1476,مقهى وديوانيه سجة بال,26.2813515,50.1819383,cafe,4.8,14,OPERATIONAL
1477,قهوجين رجال ونساء طاولات زل كراسي ولدينا الاستعداد لتجهيز مناسباتك من والى,26.2755318,50.185318,cafe,No rating,No reviews,OPERATIONAL
1478,مقهى الطموح لتقديم المشروبات,26.2736665,50.1870218,cafe,4,5,OPERATIONAL
1479,قهوجين وصبابين الخبر,26.2785801,50.185217,cafe,4.7,6,OPERATIONAL
1480,بلو سكاي,26.2854852,50.1940123,cafe,3.7,49,OPERATIONAL
1481,مقهى ميس وريم,26.287373,50.1940305,cafe,4.3,56,OPERATIONAL
1482,رمس الشرق كافية east rms cafe,26.288749,50.1909373,cafe,4.4,103,OPERATIONAL
1483,مقهى ومحمصة كوفيكا,26.2837112,50.2202112,cafe,4.5,905,OPERATIONAL
1484,marfa speciality coffee,26.2802157,50.2163968,cafe,4.9,132,OPERATIONAL
1485,Boba T - Bubble Tea,26.2808777,50.2132805,cafe,4.7,302,OPERATIONAL
1486,Starbucks,26.283472,50.219667,cafe,4.2,1479,OPERATIONAL
1487,محمصة الخيل الأسود، Black Horse,26.2855396,50.2182602,cafe,4.5,118,OPERATIONAL
1488,Starbucks,26.302011600000004,50.177419,cafe,4.1,229,OPERATIONAL
1489,Tim Hortons,26.2993125,50.1815625,cafe,4.2,1069,OPERATIONAL
1490,Abu Shanab Tea,26.3027082,50.1788249,cafe,4.5,139,OPERATIONAL
1491,Dunkin' - دانكن,26.304594,50.198544,cafe,4.1,1092,OPERATIONAL
1492,Aged | ايجد,26.2991968,50.202166,cafe,4.7,284,OPERATIONAL
1493,Hassad Coffee Roasters | محمصة حصاد,26.299905,50.2171526,cafe,4.8,628,OPERATIONAL
1494,Sikka Karak,26.300733200000003,50.2149289,cafe,4.3,1136,OPERATIONAL
1495,مطعم وكافيه هذبه,26.3100715,50.1690784,cafe,4.7,394,OPERATIONAL
1496,Leaf Bakery Cafe,26.3101209,50.1689869,cafe,4.1,314,OPERATIONAL
1497,Motion cafe,26.3104733,50.1690681,cafe,4.5,6,OPERATIONAL
1498,Caffeination,26.3074576,50.1786831,cafe,4.1,1252,OPERATIONAL
1499,Lily Cafe & Flowers,26.305422,50.1831744,cafe,4.5,2520,OPERATIONAL
1500,Starbucks,26.3045205,50.1992484,cafe,4.2,1680,OPERATIONAL
1501,Quarter Coffee 1/4 | كوارتر كوفي,26.305033,50.1954861,cafe,4.8,250,OPERATIONAL
1502,زاريا دار و قهوة |Zaria House,26.2986397,50.212375900000005,cafe,4.7,450,OPERATIONAL
1503,شاي ممر,26.327524,50.1508823,cafe,4.6,118,OPERATIONAL
1504,jū specialty coffee,26.336869,50.1373255,cafe,4.3,141,OPERATIONAL
1505,graph,26.321355200000003,50.2198523,cafe,4.3,508,OPERATIONAL
1506,CORE COFFEE & ROASTERY,26.3250433,50.207589600000006,cafe,4.4,535,OPERATIONAL
1507,Dunkin' - دانكن,26.319795400000004,50.2080073,cafe,3.7,450,OPERATIONAL
1508,VARDØ,26.3214095,50.2197,cafe,4.1,1624,OPERATIONAL
1509,Crafter Cafe مقهى كرافتر,26.3177915,50.222802,cafe,4.1,1757,OPERATIONAL
1510,Ballet,26.3173422,50.2228915,cafe,4.1,1745,OPERATIONAL
1511,Starbucks,26.3164088,50.2231283,cafe,4.2,1358,OPERATIONAL
1512,Troy Coffee Lounge. The HUB of the coffee(مركز القهوة),26.3176473,50.2233873,cafe,4.5,502,OPERATIONAL
1513,فيلوتشي | Veloce,26.319971,50.22268510000001,cafe,4.3,842,OPERATIONAL
1514,بلو سكاي blue sky,26.3490798,50.0515625,cafe,3.7,47,OPERATIONAL
1515,استراحه اشرب چااي و روح,26.354823000000003,50.0613259,cafe,4.5,20,OPERATIONAL
1516,Blend café | مقهى بلِند,26.3534667,50.0608885,cafe,4.7,34,OPERATIONAL
1517,بلو سكاي كافية,26.3538252,50.0774123,cafe,4.3,6,OPERATIONAL
1518,كوفي 7DON,26.3568832,50.0607352,cafe,4.6,43,OPERATIONAL
1519,عربي برو ArabiBrew,26.3564643,50.0699645,cafe,4.6,39,OPERATIONAL
1520,رموز الشاي,26.3520899,50.09357790000001,cafe,5,12,OPERATIONAL
1521,إستكانة الشعلة,26.3529605,50.0973347,cafe,4.9,12,OPERATIONAL
1522,شاهي ورقاق,26.3531784,50.0977749,cafe,5,25,OPERATIONAL
1523,Juice and salad,26.3529167,50.0977222,cafe,5,1,OPERATIONAL
1524,مكتبة قراءاتي | Qeraaty Library,26.3430472,50.1482741,cafe,4.8,27,OPERATIONAL
1525,Krispy Kreme,26.3390656,50.1526791,cafe,4,34,OPERATIONAL
1526,Blue Sky Coffee بلوسكي كوفي الدوحة,26.3403125,50.1550625,cafe,4,19,OPERATIONAL
1527,Starbucks,26.345293,50.186858,cafe,4.3,424,OPERATIONAL
1528,la mode coffee & more,26.3410608,50.1795251,cafe,4.3,4,OPERATIONAL
1529,Boofiya,26.3442889,50.1796621,cafe,1.5,4,OPERATIONAL
1530,كفتيريا قدري محمد,26.338098,50.1653331,cafe,3.8,6,OPERATIONAL
1531,Azores Restaurant & Cafe,26.3486371,50.1868335,cafe,4.4,50,OPERATIONAL
1532,Elpida Cafe & Roastery,26.3509134,50.2117658,cafe,5,1,OPERATIONAL
1533,Dunkin,26.3725804,50.0991266,cafe,3.9,447,OPERATIONAL
1534,شاي بن شريوف,26.3696898,50.0910746,cafe,4.7,664,OPERATIONAL
1535,22 Café,26.3779702,50.1035936,cafe,4.3,1026,OPERATIONAL
1536,BRIGHT,26.372607400000003,50.098767,cafe,4.6,283,OPERATIONAL
1537,Carlton Lounge Resto-Cafe,26.3667534,50.1860703,cafe,4,1,OPERATIONAL
1538,Olabs Café Drive Thru,26.3629735,50.1986102,cafe,3.7,116,OPERATIONAL
1539,Road Café | قهوة الطريق,26.3616392,50.1961493,cafe,4.2,727,OPERATIONAL
1540,ريفينير,26.3746559,50.227042,cafe,No rating,No reviews,OPERATIONAL
1541,Dunkin' - دانكن,26.3875239,50.075126,cafe,4,137,OPERATIONAL
1542,Karak wa shapaty,26.372417,50.0637454,cafe,3.9,108,OPERATIONAL
1543,Blue Sky Coffee بلو سكاي كوفي الفيصلية,26.3853022,50.059785700000006,cafe,4,246,OPERATIONAL
1544,مقهى ومحمصة سمبلسيتي | Simplicity cafe & roastery,26.3784924,50.0588688,cafe,4.6,40,OPERATIONAL
1545,Free Moments Coffeeلحظات الفراغ,26.3836692,50.0966808,cafe,4.1,211,OPERATIONAL
1546,كنافة مختص,26.3711028,50.0855067,cafe,4.6,235,OPERATIONAL
1547,Chapati & Karak,26.3839714,50.0964889,cafe,3.8,118,OPERATIONAL
1548,Spill coffee|قهوة سبل,26.3826192,50.1042533,cafe,4.8,125,OPERATIONAL
1549,Blendday Coffee,26.3819818,50.1042659,cafe,4.8,174,OPERATIONAL
1550,Road Café | قهوة الطريق,26.380675,50.10362,cafe,4.3,754,OPERATIONAL
1551,Wafflelicious وافليشز,26.3826569,50.1043061,cafe,4,485,OPERATIONAL
1552,THiRDWAVE | Al Nuzha | ثيردويڤ النزهة,26.3829514,50.1045126,cafe,4.8,96,OPERATIONAL
1553,Avens Bistro ( Al Youm Tower),26.3792034,50.1702173,cafe,5,4,OPERATIONAL
1554,Low.coffee,26.4026526,50.1053325,cafe,4.8,381,OPERATIONAL
1555,Starbucks,26.3992743,50.1049799,cafe,3.9,258,OPERATIONAL
1556,الكرك,26.4016919,50.1051332,cafe,3.7,130,OPERATIONAL
1557,فود ترك سدرة,26.3914723,50.2339785,cafe,4.6,31,OPERATIONAL
1558,شاي وتم,26.3914213,50.2339095,cafe,5,36,OPERATIONAL
1559,شاي منَعنَع,26.3949435,50.2316879,cafe,4.9,13,OPERATIONAL
1560,شاهي ركن,26.3915225,50.2338357,cafe,4.8,16,OPERATIONAL
1561,شاي الدعزاز,26.3951998,50.231582,cafe,5,12,OPERATIONAL
1562,شاهي يناير,26.3922598,50.2333583,cafe,5,22,OPERATIONAL
1563,استراحة ناس,26.1679096,50.1538264,cafe,4.6,9,OPERATIONAL
1564,ركن حاسة القهوة,26.1847472,50.1647272,cafe,4.4,65,OPERATIONAL
1565,Coffee Daaj,26.1871902,50.1792165,cafe,No rating,No reviews,OPERATIONAL
1566,Palm Beach Coffee Shop,26.1906808,50.0209818,cafe,4,127,OPERATIONAL
1567,كافية منتجع شاطئ النخيل,26.1891875,50.0206875,cafe,4.1,17,OPERATIONAL
1568,Al-Seef Cafe,26.2033964,50.0300328,cafe,4,1789,OPERATIONAL
1569,Dunkin' - دانكن,26.202072,50.025075,cafe,4,1943,OPERATIONAL
1570,بلو سكاي,26.2031514,50.02612250000001,cafe,3.4,16,OPERATIONAL
1571,Mantorose Cafe,26.1976564,50.0461934,cafe,3.9,520,OPERATIONAL
1572,مقهى تربيعة وكيف,26.1849606,50.1647389,cafe,4.4,35,OPERATIONAL
1573,الشاي المخدر,26.1841098,50.1647387,cafe,3.3,20,OPERATIONAL
1574,مقهى النشامى واحد,26.1839466,50.1647608,cafe,5,1,OPERATIONAL
1575,Fahed restaurant and coffee shop,26.2012373,50.1971963,cafe,4.6,197,OPERATIONAL
1576,Blue sky بلو سكاي,26.2030924,50.1971203,cafe,3.2,40,OPERATIONAL
1577,كنافة الأرجوان,26.2018404,50.2039177,cafe,4.9,148,OPERATIONAL
1578,القهوة المثالية فرع الجسر,26.201022400000003,50.2050258,cafe,4.3,63,OPERATIONAL
1579,Blo Coffee بلو كوفي,26.21323,50.208428,cafe,5,2,OPERATIONAL
1580,Tobacco cafe,26.2108939,50.21271970000001,cafe,5,5,OPERATIONAL
1581,costa coffee,26.2300678,49.9978529,cafe,4.8,81,OPERATIONAL
1582,Blue Sky Coffee,26.2792281,50.1873873,cafe,2.8,13,OPERATIONAL
1583,بوفية نور الشروق,26.2732659,50.1887101,cafe,4.3,7,OPERATIONAL
1584,مقهى نكست,26.2747197,50.2055189,cafe,4,17,OPERATIONAL
1585,Bagelato Cafe,26.2784299,50.2184887,cafe,3.9,433,OPERATIONAL
1586,TEA DELIGHT,26.277094,50.2152116,cafe,4.5,26,OPERATIONAL
1587,كرك زيد,26.2750625,50.2130412,cafe,5,1,OPERATIONAL
1588,Cafe culture,26.2910731,50.1799142,cafe,2.8,270,OPERATIONAL
1589,Pianolla Cafe,26.2920954,50.1741816,cafe,3.9,174,OPERATIONAL
1590,Tim Hortons,26.2906847,50.1808929,cafe,5,12,OPERATIONAL
1591,Ummi's Cafe,26.2937983,50.1950349,cafe,4,56,OPERATIONAL
1592,شاي مراميه Maramia,26.2894451,50.2163698,cafe,4.5,588,OPERATIONAL
1593,Poca Coffee & Tiramisu,26.2907587,50.2157701,cafe,4.6,207,OPERATIONAL
1594,DYJOR Coffee Roasters,26.2885703,50.2176248,cafe,4.8,216,OPERATIONAL
1595,قمرا | Qamra,26.2888869,50.217946,cafe,4.8,266,OPERATIONAL
1596,مزل قهوة سعودية,26.2889892,50.217899800000005,cafe,4.8,212,OPERATIONAL
1597,happiness cups,26.2895046,50.2186074,cafe,4.9,320,OPERATIONAL
1598,ريشيو الخبر الشمالية | Ratio Al Khobar Alshmalyah,26.2966429,50.2190438,cafe,4.5,484,OPERATIONAL
1599,Khobar,26.3056414,50.2273146,cafe,4.3,3,OPERATIONAL
1600,Tulum cafe,26.3088888,50.1698452,cafe,3.8,187,OPERATIONAL
1601,Starbucks,26.3122032,50.1778169,cafe,4,49,OPERATIONAL
1602,Derby Coffee,26.3247028,50.2277444,cafe,3.8,2320,OPERATIONAL
1603,The Swan Coffee,26.3193895,50.2297014,cafe,2.3,40,OPERATIONAL
1604,Brain Coffee,26.3133171,50.2288326,cafe,4.4,12,OPERATIONAL
1605,مقهى سماورد الشعبي,26.3474501,50.0457191,cafe,3.4,17,OPERATIONAL
1606,ريحانة الشاي,26.3483992,50.0428914,cafe,4.3,40,OPERATIONAL
1607,الدار كافيه,26.3342561,50.1810236,cafe,5,1,OPERATIONAL
1608,COFFÉA,26.3249637,50.2066666,cafe,3.8,1359,OPERATIONAL
1609,ارتشي,26.3278666,50.21254810000001,cafe,4.6,43,OPERATIONAL
1610,Mantorose Cafe,26.3300436,50.2128403,cafe,4.5,129,OPERATIONAL
1611,Starbucks,26.3340287,50.2121185,cafe,4.1,1112,OPERATIONAL
1612,10 ° Coffee House,26.3303042,50.2127118,cafe,4.2,785,OPERATIONAL
1613,FAKHRIYAH 3,26.3302048,50.2129644,cafe,No rating,No reviews,OPERATIONAL
1614,La amour,26.3256532,50.2218529,cafe,5,1,OPERATIONAL
1615,آرت,26.3256532,50.2218529,cafe,3,1,OPERATIONAL
1616,القهوه المثاليه ( الندى),26.3657957,50.070594,cafe,4,76,OPERATIONAL
1617,ايس لوفر | ICE LOVER,26.3685979,50.0922905,cafe,4.2,57,OPERATIONAL
1618,مقهى ومحمصة مخا Mocha Coffee Roasters,26.3510007,50.2114341,cafe,4.2,306,OPERATIONAL
1619,Chala,26.3517083,50.211572800000006,cafe,4.6,557,OPERATIONAL
1620,SPELL,26.3513122,50.2112171,cafe,4.1,236,OPERATIONAL
1621,Carpet Cafe & Brunch,26.3514665,50.2115244,cafe,4.6,552,OPERATIONAL
1622,كاريبو كوفي - Caribou Coffee,26.35459,50.209157,cafe,4.1,211,OPERATIONAL
1623,كشيدة,26.3519048,50.2113148,cafe,4.7,315,OPERATIONAL
1624,التورا كوفي Altura coffee,26.3516679,50.2116674,cafe,4.8,1545,OPERATIONAL
1625,Tim hortons,26.3516643,50.211089,cafe,4.3,91,OPERATIONAL
1626,Starbucks,26.351871,50.21101,cafe,4.4,30,OPERATIONAL
1627,White Moon,26.3513988,50.2117447,cafe,4.1,159,OPERATIONAL
1628,Shorafat park,26.351614,50.2116625,cafe,No rating,No reviews,OPERATIONAL
1629,Omnya Cafe & Boutique,26.3513439,50.2108005,cafe,5,9,OPERATIONAL
1630,شاهي ابو تركي,26.3875667,50.0082441,cafe,No rating,No reviews,OPERATIONAL
1631,تمريات فاخرة الفيصلية,26.3837505,50.0305608,cafe,5,1,OPERATIONAL
1632,Mantorose Cafe | مانتوروز كافيه,26.3788167,50.0494719,cafe,4.1,53,OPERATIONAL
1633,جمارة,26.3726014,50.0553798,cafe,4.2,126,OPERATIONAL
1634,مُتسَع,26.3796631,50.1035154,cafe,4.8,112,OPERATIONAL
1635,أصدقاء الشاي,26.37825,50.1035833,cafe,4.7,113,OPERATIONAL
1636,Starbucks,26.3633086,50.1997022,cafe,4.5,79,OPERATIONAL
1637,شاي الهام,26.3817592,50.2344378,cafe,No rating,No reviews,OPERATIONAL
1638,شاهي قديم,26.3857833,50.2360646,cafe,4.7,27,OPERATIONAL
1639,شاي المنآخ,26.3852726,50.2359513,cafe,4.7,25,OPERATIONAL
1640,Krispy Kreme FAYSALIA,26.3985307,50.0682312,cafe,4.2,749,OPERATIONAL
1641,Bogota Cafe,26.3982856,50.0465563,cafe,4,371,OPERATIONAL
1642,Al-Fanar Coffee,26.398191500000003,50.0426679,cafe,4,204,OPERATIONAL
1643,Road Café | قهوة الطريق,26.3987567,50.0472337,cafe,4.5,43,OPERATIONAL
1644,ديلي كب Daily cup,26.4122775,50.0550129,cafe,4.7,25,OPERATIONAL
1645,محمصة و مقهى عصر,26.4075466,50.0662667,cafe,4.5,405,OPERATIONAL
1646,Dallat Al Faisaliah,26.4031736,50.0715074,cafe,4,498,OPERATIONAL
