ID,Name,Latitude,Longitude,Category,Rating,Number of Reviews,Business Status
1,Barn's | بارنز,26.2413665,49.9974442,cafe,2.5,8,OPERATIONAL
2,شاي علوش,26.241,49.9980278,cafe,4.9,8,OPERATIONAL
3,Cafe Cairo,26.2379085,50.1964718,cafe,3.7,3056,OPERATIONAL
4,Share Lounge,26.2441375,50.1986562,cafe,4.6,757,OPERATIONAL
5,مقهى ليالي الكيف,26.2517993,50.1974438,cafe,4,361,OPERATIONAL
6,la melograno lounge,26.2421635,50.1982876,cafe,4.3,258,OPERATIONAL
7,Tea Hessa,26.2487593,50.1981057,cafe,4.7,83,OPERATIONAL
8,Mantorose Cafe,26.2562009,50.1937879,cafe,4.3,93,OPERATIONAL
9,Barn's | بارنز,26.2502376,50.2026869,cafe,3.9,19,OPERATIONAL
10,TCG - The Coffee Group,26.2506236,50.198796,cafe,5,23,OPERATIONAL
11,مطعم طريق الحرير,26.2423087,50.1982743,cafe,5,2,OPERATIONAL
12,ceasario,26.2554416,50.2207226,cafe,4,875,OPERATIONAL
13,Espresso Station اسبريسو ستيشن,26.2415771,50.2145021,cafe,4.4,153,OPERATIONAL
14,Tim Hortons,26.2406788,50.21445250000001,cafe,4,239,OPERATIONAL
15,ديوانيه النظم الشعبية,26.2592753,50.2041834,cafe,4.1,65,OPERATIONAL
16,قهوة سكاي بلو,26.2581899,50.2011492,cafe,4.2,24,OPERATIONAL
17,24Cafe,26.2552707,50.203505,cafe,4.6,19,OPERATIONAL
18,Blue Sky Coffee إسكان بلوسكي كوفي,26.2545335,50.2146032,cafe,4,29,OPERATIONAL
19,كورنيش الخبر,26.2572165,50.219502000000006,cafe,No rating,No reviews,OPERATIONAL
21,Dunkin' - دانكن,26.2693125,50.0189375,cafe,3.9,103,OPERATIONAL
22,Cafe bonjour,26.26937,50.0188251,cafe,No rating,No reviews,OPERATIONAL
23,McDonald's,26.2654423,50.0705652,cafe,3,247,OPERATIONAL
24,قهوة عمق UMQ Coffee,26.2655075,50.0711872,cafe,4.6,151,OPERATIONAL
25,Knock Ajyal - نـوك أجيـال,26.2661211,50.0716097,cafe,4.7,83,OPERATIONAL
26,ستاربكس,26.2641515,50.0680795,cafe,5,3,OPERATIONAL
27,Dose دوز,26.2656936,50.071097,cafe,4.8,13,OPERATIONAL
28,فسحه,26.2658542,50.0704925,cafe,4.6,26,OPERATIONAL
29,Dunkin' - دانكن,26.2793125,50.132312500000005,cafe,4,513,OPERATIONAL
30,Dunkin' - دانكن,26.271374,50.195328,cafe,4.1,1346,OPERATIONAL
31,ديلي كب Daily cup,26.277147,50.1837074,cafe,4.5,102,OPERATIONAL
32,Barn's | بارنز,26.2661719,50.2038955,cafe,4.2,528,OPERATIONAL
33,Golden Tea كرك الذهبي,26.2761413,50.1923933,cafe,4.2,30,OPERATIONAL
34,Konafa golden crown,26.2711022,50.1956991,cafe,4.1,272,OPERATIONAL
35,قهوة توتيل,26.2801547,50.1906717,cafe,4.6,41,OPERATIONAL
36,يمي كريب,26.2736271,50.1869705,cafe,4.1,189,OPERATIONAL
38,مقهى ليالي امدر,26.2784085,50.183892,cafe,4.2,41,OPERATIONAL
39,Al Qurashi Parties,26.2755416,50.1853504,cafe,4.6,32,OPERATIONAL
41,دونات لاند DONUT LAND,26.2759998,50.1842413,cafe,4.6,40,OPERATIONAL
42,قعدة شاي,26.2696033,50.1870342,cafe,4.2,17,OPERATIONAL
43,Al Zawiya Al Shobeya Coffee Shop,26.2781563,50.184041,cafe,4,33,OPERATIONAL
44,مقهئ التراث الشعبي,26.2736638,50.1869195,cafe,4.4,83,OPERATIONAL
45,فرع دونات الممتاز,26.2737728,50.1927926,cafe,3.4,14,OPERATIONAL
46,شاهي شعف |Shaaf Tea,26.2783276,50.1832142,cafe,4.9,13,OPERATIONAL
47,عصير العميد,26.2778825,50.1931226,cafe,4.4,33,OPERATIONAL
48,Sun Room Cafe & Restaurant,26.2721477,50.2211776,cafe,3.7,4253,OPERATIONAL
49,المذاق المغربي,26.273319,50.2199697,cafe,4.3,204,OPERATIONAL
50,Starbucks,26.268667,50.216056,cafe,4.3,1353,OPERATIONAL
51,شذرات كافيه,26.2750395,50.2191444,cafe,4.4,615,OPERATIONAL
52,Diwaniya Mishraq,26.2655577,50.2104625,cafe,4.1,427,OPERATIONAL
53,Dunkin' - دانكن,26.269562500000003,50.2165625,cafe,3.7,151,OPERATIONAL
54,COFFE SHACK(مقهى الكوخ ),26.270573,50.2165294,cafe,4.7,439,OPERATIONAL
55,Golden Restaurant,26.2775017,50.212887,cafe,4.1,545,OPERATIONAL
56,TEA TIME TEA INNOVATION,26.2774067,50.2116069,cafe,4.5,113,OPERATIONAL
57,تكية مزاج | Takya Mazaj,26.2783265,50.2079627,cafe,4.6,82,OPERATIONAL
58,Krispy Kreme,26.2675625,50.2144375,cafe,4.1,137,OPERATIONAL
59,campero lounge & cafe,26.2732165,50.2163584,cafe,4.1,29,OPERATIONAL
60,Tazamun مقهى تزامن,26.2705961,50.2130033,cafe,4.8,60,OPERATIONAL
61,Derby Coffee,26.2665042,50.2186286,cafe,3.9,74,OPERATIONAL
62,Azeem Cafeteria,26.2776247,50.2130905,cafe,4,185,OPERATIONAL
63,مقهى ومطعم ماء الذهب,26.2728521,50.2211858,cafe,3.9,20,OPERATIONAL
64,Cafe De Paris,26.2782433,50.2186936,cafe,3.5,780,OPERATIONAL
65,Cafe Bijou,26.2766551,50.2199477,cafe,4.4,20,OPERATIONAL
66,Tea point,26.2717565,50.2124846,cafe,4.8,22,OPERATIONAL
67,Dublin donuts,26.2671413,50.214783,cafe,4,2,OPERATIONAL
68,Gazebo Cafe,26.2658295,50.2133161,cafe,No rating,No reviews,OPERATIONAL
69,مقهى سمرة,26.2782109,50.2186899,cafe,5,2,OPERATIONAL
70,24Cafe,26.2950456,50.0353552,cafe,4.4,246,OPERATIONAL
71,Barn's | بارنز,26.2954097,50.0356568,cafe,3.6,26,OPERATIONAL
72,Derby Cafe,26.2952323,50.0355181,cafe,3.8,330,OPERATIONAL
73,ديوانية الكيف,26.295360700000003,50.0341051,cafe,3,3,OPERATIONAL
74,Road Café | قهوة الطريق,26.2840822,50.0603135,cafe,4.2,105,OPERATIONAL
75,Shrq Coffee Roaster (Jebel Heights),26.2899114,50.1008353,cafe,4.3,264,OPERATIONAL
76,DESSANGE PARIS,26.2913016,50.10469,cafe,4.7,22,OPERATIONAL
77,قهوة عرب,26.285332800000003,50.1323483,cafe,2.3,3,OPERATIONAL
78,Blue stars,26.2842924,50.1505135,cafe,2.7,13,OPERATIONAL
79,Dose Cafe,26.2836875,50.1504375,cafe,3,1,OPERATIONAL
80,Al Rashid Mall,26.2908311,50.1805653,cafe,4.3,50912,OPERATIONAL
81,Dunkin' - دانكن,26.2942647,50.1709881,cafe,4,279,OPERATIONAL
82,Sip Day speciality coffeee,26.2785936,50.1830973,cafe,4.7,448,OPERATIONAL
83,Dunkin' - دانكن,26.29086,50.181264,cafe,4,506,OPERATIONAL
84,Black Horse Cafe,26.291454,50.1823149,cafe,4.5,260,OPERATIONAL
85,Barn's | بارنز,26.2935069,50.1720541,cafe,4.1,55,OPERATIONAL
86,7 Grams - Alrashid Mall | ٧ جرام - الراشد مول,26.2912431,50.1807662,cafe,4.4,679,OPERATIONAL
87,Rosalie Cafe,26.2905188,50.1777323,cafe,4.5,448,OPERATIONAL
88,GLĀDIO CAFÉ,26.2913235,50.1803377,cafe,4.6,129,OPERATIONAL
89,Cinnabon,26.286915,50.18391,cafe,3.3,113,OPERATIONAL
90,Konafa golden crown,26.280672,50.1823043,cafe,4.1,266,OPERATIONAL
91,مقهى ديوانية هجر,26.2839412,50.1815338,cafe,3.8,261,OPERATIONAL
92,Starbucks,26.2913075,50.1809882,cafe,4,523,OPERATIONAL
93,Costa Coffee,26.289806,50.181026,cafe,4.6,366,OPERATIONAL
94,Equal,26.2906576,50.1769855,cafe,4.7,20,OPERATIONAL
95,ماما بنز كافيه | MammaBunz Cafe‏,26.2865001,50.1839,cafe,4.1,207,OPERATIONAL
96,Krispy Kreme,26.2913662,50.1805928,cafe,4.3,70,OPERATIONAL
97,Madina Restaurant,26.2880423,50.1883326,cafe,3.9,9057,OPERATIONAL
98,مقهي ومحمصه الواحه - Oasis Cafe Roastery,26.2820048,50.2019347,cafe,4.5,1589,OPERATIONAL
99,Starbucks,26.2903957,50.1873237,cafe,4,188,OPERATIONAL
100,Tea Muhabath Resto cafe,26.293282200000004,50.1946282,cafe,4.5,163,OPERATIONAL
101,Golden Tea,26.2845043,50.1905563,cafe,4,69,OPERATIONAL
102,شاي فرس,26.2944738,50.1971796,cafe,4.6,239,OPERATIONAL
103,ديوانية قدوع للشاي والقهوة,26.2842784,50.189095,cafe,4.1,417,OPERATIONAL
104,استكانه 4,26.2840868,50.2041239,cafe,4.5,145,OPERATIONAL
105,مقهى بساطة coffee Basata,26.2847233,50.1960392,cafe,4.8,169,OPERATIONAL
106,انليش | Unleash,26.2813794,50.2004297,cafe,4.7,167,OPERATIONAL
107,Krispy Kreme,26.2835625,50.1971875,cafe,4.2,242,OPERATIONAL
108,ZOLIEA,26.2979324,50.2099036,cafe,4.5,1629,OPERATIONAL
109,فرن ليلى,26.2930699,50.2185376,cafe,4.6,664,OPERATIONAL
110,Cay,26.2820969,50.222144400000005,cafe,4.3,1257,OPERATIONAL
111,بلما | Blma,26.2894354,50.2180839,cafe,4.6,879,OPERATIONAL
112,SAJE cafe | سيج,26.2919437,50.2085989,cafe,4.5,464,OPERATIONAL
113,مقهى طرف,26.2927808,50.2187689,cafe,4.5,360,OPERATIONAL
114,SOIR CAFÉ,26.2821187,50.2220207,cafe,4,1208,OPERATIONAL
115,ديلي كب Daily cup,26.2941272,50.2170997,cafe,4.6,128,OPERATIONAL
116,Tea Time,26.2825825,50.2177414,cafe,4.2,3094,OPERATIONAL
117,Qaf Coffee Roasters -Ajdan : محمصة ومقهى قاف - اجدان,26.2829739,50.2204568,cafe,4.4,922,OPERATIONAL
118,Slope Roastery,26.2907142,50.2161203,cafe,4.8,246,OPERATIONAL
119,Dunkin' - دانكن,26.2784375,50.2180625,cafe,4.1,1924,OPERATIONAL
120,MOUND,26.2920621,50.2083507,cafe,4.1,334,OPERATIONAL
121,Mawoud,26.2883756,50.2179001,cafe,4.6,625,OPERATIONAL
122,Lounge shesha shisha hookah hooka مقهى لاونج غصن الرمان لاونج شيشة شيشه كافيهGhosen اقرب مكان شيشة افضل مكان شيشة,26.2952827,50.201301,cafe,4.5,260,OPERATIONAL
123,Starbucks,26.2882713,50.2161335,cafe,4.5,507,OPERATIONAL
124,Mantorose Cafe,26.2816481,50.222423,cafe,4,408,OPERATIONAL
125,Oasis cafe & Club,26.2892972,50.216491100000006,cafe,3.8,722,OPERATIONAL
126,Hiqbah Roasters - محمصة و مقهى حقبة,26.281725,50.2130017,cafe,4.9,262,OPERATIONAL
127,Half Million,26.295083,50.220759,cafe,4.4,4780,OPERATIONAL
128,SULTAN LOUNGE & CAFE,26.2940795,50.2203355,cafe,4,1221,OPERATIONAL
129,Line Espresso Bar & Roastery,26.2958954,50.2190825,cafe,4.5,1029,OPERATIONAL
130,مطل مقابل اجدان رايز,26.2820555,50.2219944,cafe,4.8,61,OPERATIONAL
131,Gladio Cafe - جلاديو كافيه,26.2959257,50.219089,cafe,4.9,498,OPERATIONAL
132,Tamimi Cafeteria,26.3066005,50.1118087,cafe,4.1,18,OPERATIONAL
133,Chapati&Karak - KSA Aramco,26.2983635,50.1077906,cafe,3.7,26,OPERATIONAL
134,Dose Cafe,26.3050033,50.1133814,cafe,4,4,OPERATIONAL
135,Olabs,26.3075072,50.1115461,cafe,5,3,OPERATIONAL
136,Starbucks,26.3052517,50.1293103,cafe,4.4,717,OPERATIONAL
137,Shrq Coffee Roaster (King’s Park),26.3049304,50.1302831,cafe,4.4,201,OPERATIONAL
138,Dunkin - دانكن,26.30914,50.128802,cafe,4.3,184,OPERATIONAL
139,Joffrey's جوفريز,26.3139393,50.1215358,cafe,4,4,OPERATIONAL
140,Shrq Coffee Roasters (Al Mujamma),26.3091534,50.1300481,cafe,4.7,28,OPERATIONAL
141,Carlton Lounge,26.3041566,50.1301727,cafe,4,63,OPERATIONAL
142,مغزل | MIGHZEL أرامكو,26.307555900000004,50.1278204,cafe,4.9,7,OPERATIONAL
143,مراميه,26.312155,50.125901,cafe,5,3,OPERATIONAL
144,VARDØ ڤاردو,26.3125461,50.1281986,cafe,4,2,OPERATIONAL
145,Caffe Vergnano 1882 (KIOSK),26.308616,50.1251857,cafe,No rating,No reviews,OPERATIONAL
146,Tim Hortons,26.309983300000003,50.1366531,cafe,4.4,125,OPERATIONAL
147,Cinnabon,26.313328,50.137454,cafe,3.2,22,OPERATIONAL
148,Krispy Kreme,26.3006211,50.1478169,cafe,3.9,33,OPERATIONAL
149,KFUPM Boulevard,26.3109391,50.1448128,cafe,4.5,81,OPERATIONAL
150,Starbucks,26.3110296,50.1326698,cafe,3.9,12,OPERATIONAL
151,Qaf Coffee Roasters JHAH - محمصة قاف جونزهوبكنز,26.3100099,50.1366629,cafe,4.2,22,OPERATIONAL
152,Second Cup سكند كب,26.30019,50.148126700000006,cafe,4.4,27,OPERATIONAL
153,كافتيريا 59,26.3081729,50.144954,cafe,4.7,3,OPERATIONAL
154,Joffrey's جوفريز,26.3132072,50.1285072,cafe,No rating,No reviews,OPERATIONAL
155,Faculty Lounge,26.3066893,50.1445797,cafe,3.8,4,OPERATIONAL
156,Scratch,26.3107239,50.1413789,cafe,5,2,OPERATIONAL
157,ABYAT,26.3094677,50.1660794,cafe,4,7688,OPERATIONAL
158,8Oz Coffee,26.303744400000003,50.1689469,cafe,4.1,275,OPERATIONAL
159,Dunkin' - دانكن,26.313818,50.147613,cafe,3.7,224,OPERATIONAL
160,The Crêpe Café,26.305668,50.167887,cafe,3.9,719,OPERATIONAL
161,مولتن كيك,26.3055082,50.16813930000001,cafe,3.6,22,OPERATIONAL
162,Mikyal Coffee,26.314297,50.147379,cafe,4.4,55,OPERATIONAL
163,Scratch,26.3012039,50.159476100000006,cafe,4.9,8,OPERATIONAL
164,L'douh Bakery Cafe,26.3034304,50.1686582,cafe,3.6,24,OPERATIONAL
165,Circle K - Dhahran Mall Saco,26.304726,50.1667436,cafe,No rating,No reviews,OPERATIONAL
166,Morelli's Gelato KSA,26.3069575,50.16837,cafe,3.3,4,OPERATIONAL
167,Hazal,26.3142048,50.1472104,cafe,No rating,No reviews,OPERATIONAL
168,Joe & The Juice,26.304957800000004,50.1800548,cafe,4.2,1144,OPERATIONAL
169,THE BLOOM,26.307556500000004,50.1812305,cafe,4.2,660,OPERATIONAL
170,Qaf Coffee Roasters محمصة ومقهى قاف,26.302489100000003,50.1775768,cafe,4.4,6735,OPERATIONAL
171,HAZEL COFFEE | هزل كوفي,26.3031275,50.1780158,cafe,4.7,870,OPERATIONAL
172,مقهى ومحمصة شرق (العليا) Shrq Coffee Roasters (Olaya),26.2988582,50.1791484,cafe,4.6,831,OPERATIONAL
173,NORMA نورما,26.2988117,50.179172,cafe,4.5,612,OPERATIONAL
174,لاما الخبر - LLAMA Khobar,26.3033687,50.1811298,cafe,4.5,473,OPERATIONAL
175,Seven Seeds‎,26.2986431,50.1781151,cafe,4.7,1176,OPERATIONAL
176,A PLUS,26.2995741,50.1739508,cafe,4.3,1487,OPERATIONAL
177,MOUND,26.3054906,50.1783317,cafe,4.3,1132,OPERATIONAL
178,مقهى ومحمصة سمبلسيتي | Simplicity cafe & roastery,26.2992241,50.1783635,cafe,4.5,356,OPERATIONAL
179,7 Grams - City Walk | ٧ جرام - سيتي ووك,26.3058354,50.182956700000005,cafe,4.5,1416,OPERATIONAL
180,EliNA HOTEL,26.303479,50.1748787,cafe,3.9,180,OPERATIONAL
181,Drink’s Aroma,26.3125852,50.1772789,cafe,4.8,462,OPERATIONAL
182,Effect Coffee,26.2975272,50.1784906,cafe,4.8,587,OPERATIONAL
183,Boad Coffee Roasters,26.3056433,50.1783536,cafe,4.3,747,OPERATIONAL
184,Dunkin' - دانكن,26.308732,50.176896,cafe,4.2,966,OPERATIONAL
185,Msherieb cafe,26.2990625,50.1761875,cafe,4.4,137,OPERATIONAL
186,Tea Time,26.2997163,50.1985235,cafe,4.2,4590,OPERATIONAL
187,ATYPICAL,26.3059554,50.1902352,cafe,4.2,736,OPERATIONAL
188,Olden,26.3016142,50.2013745,cafe,4.6,322,OPERATIONAL
189,ARCHI ارتشي,26.2986126,50.1898021,cafe,4.3,421,OPERATIONAL
190,Shay Bokhar,26.3007852,50.1980621,cafe,4.3,2220,OPERATIONAL
191,Savor Bakery (Al Khobar),26.3042581,50.2004774,cafe,4.5,1115,OPERATIONAL
192,Luini Bakery,26.298761700000004,50.200806500000006,cafe,4.9,904,OPERATIONAL
193,امو | Amo,26.299692900000004,50.2199016,cafe,4.1,971,OPERATIONAL
194,نَصّ,26.3030151,50.211627,cafe,3.6,2162,OPERATIONAL
195,Andes Coffee Roasters,26.2977716,50.2190152,cafe,4.6,2474,OPERATIONAL
196,KOY & BAKERY HOUSE,26.3041815,50.21124770000001,cafe,4.4,3017,OPERATIONAL
197,Panama Coffee,26.2998099,50.2122161,cafe,4,1141,OPERATIONAL
198,Balancd Coffee,26.3049922,50.2170139,cafe,4.4,2663,OPERATIONAL
199,Petibon بتي بون,26.2987323,50.2134603,cafe,4.3,684,OPERATIONAL
200,PART COFFEE HOUSE | قهوة جزء,26.2961044,50.2179219,cafe,4.8,1482,OPERATIONAL
201,OffTheEarth,26.3119351,50.2171357,cafe,4.5,968,OPERATIONAL
202,Bohemia Cafe & Records,26.29956,50.2148822,cafe,3.6,1613,OPERATIONAL
203,Vial Cafe,26.3002506,50.2166777,cafe,4.6,1397,OPERATIONAL
204,The 3rd Place,26.2993921,50.215190500000006,cafe,4.3,1110,OPERATIONAL
205,شاهي رزه ( رزهـ),26.2985426,50.2166725,cafe,4.5,554,OPERATIONAL
206,"Dear diary,",26.2982925,50.2100857,cafe,4.8,433,OPERATIONAL
207,Shrq Coffee Roasters (Alkurnaish ) | (مقهى ومحمصة شرق (الكورنيش,26.3116081,50.2230026,cafe,4.4,5831,OPERATIONAL
208,Soil Roasters,26.3133645,50.2237342,cafe,4.5,1299,OPERATIONAL
209,ARCHI,26.3094536,50.2224032,cafe,4,1415,OPERATIONAL
210,Dopeamine,26.3073626,50.2239294,cafe,4.2,1813,OPERATIONAL
211,طبخات وريه,26.327654,49.998692,cafe,4.9,39,OPERATIONAL
212,THiRDWAVE | KFMMC | ثيردويڤ - مدينة الملك فهد الطبية,26.3214873,50.0189508,cafe,4.6,90,OPERATIONAL
213,Tim Hortons,26.3209034,50.0215424,cafe,4.2,91,OPERATIONAL
214,Dunkin' - دانكن,26.3210625,50.0210625,cafe,4.6,10,OPERATIONAL
215,تقنيدة,26.3226014,50.0181752,cafe,4.4,33,OPERATIONAL
216,OLA,26.3221479,50.0190256,cafe,No rating,No reviews,OPERATIONAL
217,McCafe,26.332224,50.090088,cafe,3.5,483,OPERATIONAL
218,Shrq Coffee Roasters (Aramco -Al Midra),26.3289387,50.1093735,cafe,4.8,73,OPERATIONAL
219,Starbucks,26.328777,50.1095425,cafe,3.9,82,OPERATIONAL
220,Joffrey's North Park,26.3297501,50.108895200000006,cafe,3.6,34,OPERATIONAL
221,Krispy Kreme,26.3286974,50.1093101,cafe,3,2,OPERATIONAL
222,MASKOB (Al-Midra),26.3286337,50.1094516,cafe,5,3,OPERATIONAL
223,Dose Cafe,26.325568,50.1364224,cafe,4.3,27,OPERATIONAL
225,Dose Cafe,26.311174,50.1322397,cafe,No rating,No reviews,OPERATIONAL
226,فواز واخوانه للبلوت والشاهي,26.3141014,50.145674,cafe,5,13,OPERATIONAL
227,Kyan Coffee,26.3304772,50.1617201,cafe,3.7,294,OPERATIONAL
228,ديوانية كيف القيصرية,26.3331663,50.1496955,cafe,4.1,425,OPERATIONAL
229,Dunkin' - دانكن,26.3233021,50.1647378,cafe,3.9,419,OPERATIONAL
230,Tie | تاي (Dhahran),26.331562,50.1618113,cafe,4,79,OPERATIONAL
231,Saadeddin Pastry,26.3229633,50.1593759,cafe,3.9,643,OPERATIONAL
232,Tim Hortons,26.3234891,50.1649827,cafe,4.3,250,OPERATIONAL
233,Starbucks,26.3233835,50.1641783,cafe,4.1,595,OPERATIONAL
234,Diwaniat Alsahel,26.3239802,50.1662054,cafe,4,296,OPERATIONAL
235,Pastel Al Doha - باستيل الدوحه الجنوبيه,26.3233669,50.1615289,cafe,4.1,182,OPERATIONAL
236,Krispy Kreme,26.3235612,50.1651061,cafe,4.2,228,OPERATIONAL
237,قهوة الشيوخ Alshayoukh Coffee,26.3230446,50.1628015,cafe,4,113,OPERATIONAL
238,Daily cup,26.3222212,50.1569468,cafe,4.6,20,OPERATIONAL
239,سبارك كافيه,26.3322841,50.16115,cafe,4.2,101,OPERATIONAL
240,Barn's | بارنز,26.323828,50.165154300000005,cafe,2.8,4,OPERATIONAL
241,Derby Coffee - دربي كافيه,26.3322588,50.1616538,cafe,4,156,OPERATIONAL
242,Cinnzeo,26.3308841,50.1622847,cafe,3.9,35,OPERATIONAL
243,دندي | Dundee,26.325509,50.1859709,cafe,4.3,531,OPERATIONAL
244,Lavender tea / شاي لافندر,26.3254387,50.1858069,cafe,4.2,533,OPERATIONAL
245,ORIGO,26.3255136,50.185917,cafe,4.6,282,OPERATIONAL
246,&Beyond Lounge,26.3284294,50.1801647,cafe,4.5,948,OPERATIONAL
247,Density Coffee Roasters | مقهى ومحمصة دينستي,26.3287046,50.1803457,cafe,4.3,1734,OPERATIONAL
248,Barn's | بارنز,26.3227222,50.1797506,cafe,4.3,702,OPERATIONAL
249,لاونج دبليو تونتي | W20 Lounge,26.3282614,50.18070650000001,cafe,3.2,67,OPERATIONAL
250,Kenko كينكو,26.3253793,50.1858109,cafe,4.6,302,OPERATIONAL
251,ايت اوز كوفي | 8Oz Coffee,26.3128279,50.1772317,cafe,4.6,325,OPERATIONAL
252,Caesar 7,26.3288365,50.1807881,cafe,4.8,474,OPERATIONAL
253,Starbucks,26.3243359,50.1799484,cafe,4,168,OPERATIONAL
254,IKEA Cafe,26.3093856,50.1678728,cafe,3.8,47,OPERATIONAL
255,Urth Caffe,26.3174247,50.203582,cafe,4.2,3132,OPERATIONAL
256,Mor,26.3169736,50.204033,cafe,4.2,567,OPERATIONAL
257,OVVIO,26.3183859,50.194121,cafe,4.4,127,OPERATIONAL
258,Dose Cafe,26.3182033,50.203857,cafe,4.3,1794,OPERATIONAL
259,Lapa cafe,26.3181944,50.1942076,cafe,4,272,OPERATIONAL
260,Daskalides Chocolatier,26.3176924,50.2036308,cafe,4.3,1064,OPERATIONAL
261,Golden Park Cafe,26.3170867,50.1998459,cafe,4.2,145,OPERATIONAL
262,دندي,26.3173088,50.1967963,cafe,5,3,OPERATIONAL
263,Urth Caffe,26.3287094,50.1819795,cafe,4.7,263,OPERATIONAL
264,مقهى تيفاق | Tyfaq Cafe,26.3283036,50.1807812,cafe,4.4,88,OPERATIONAL
265,namq cafe,26.3194125,50.2228569,cafe,4.4,4655,OPERATIONAL
266,Camel Step,26.3263105,50.2133882,cafe,4.3,1405,OPERATIONAL
267,مقهى ومحمصة اودن | OUDEN,26.3213538,50.2216774,cafe,4.3,1397,OPERATIONAL
268,Olden,26.3152635,50.2161187,cafe,4.4,2083,OPERATIONAL
269,Wiso Bakery,26.3191091,50.2219713,cafe,4.5,4540,OPERATIONAL
270,UMQ Coffee 1.1 - قهوة عُمق 1.1,26.3217239,50.2118034,cafe,4.4,1933,OPERATIONAL
271,CAVO Coffee,26.3142145,50.21713990000001,cafe,4.4,1598,OPERATIONAL
272,EQUAL,26.3199641,50.2168695,cafe,4.2,1725,OPERATIONAL
273,Kyan Cafe,26.3226979,50.2066746,cafe,4.2,874,OPERATIONAL
274,WACAFE ِAl Khobar | وكف الخبر,26.319775000000003,50.2168908,cafe,4.4,354,OPERATIONAL
275,Vico فيكو,26.3259357,50.214295,cafe,3.7,340,OPERATIONAL
276,Alsaqeefa,26.3214375,50.2199516,cafe,4.5,1033,OPERATIONAL
277,Diwan Lounge Plus مقهى ديوان لاونج بلس (فرع الخبر),26.3300556,50.2131294,cafe,4.5,1136,OPERATIONAL
278,ATYPICAL,26.3135617,50.2164375,cafe,4.4,175,OPERATIONAL
279,Cosmo Drive Thru,26.3250364,50.20734890000001,cafe,4.5,526,OPERATIONAL
280,Umbrella restaurant - Alkhobar,26.3194178,50.2218609,cafe,4.6,903,OPERATIONAL
281,Otono,26.3198715,50.221681,cafe,4.1,658,OPERATIONAL
282,Cosmo,26.3108828,50.2234902,cafe,4.1,2437,OPERATIONAL
283,كافيه عنتر Antr Cafe,26.3138426,50.2293313,cafe,4.1,2310,OPERATIONAL
284,أوستن كوفي Osten Coffee,26.3103163,50.2242474,cafe,4.1,739,OPERATIONAL
285,Doka Bakery House Al Khobar دوكة الخبر,26.3103448,50.2242349,cafe,4.5,1854,OPERATIONAL
286,مقهى و محمصة وودز | WOODS Specialty Café & Roastery‎,26.3130416,50.22370480000001,cafe,4.4,3168,OPERATIONAL
287,Dunkin,26.341055,49.9675027,cafe,4,973,OPERATIONAL
288,8oz Coffee | ايت اوز كوفي,26.3419113,49.9706955,cafe,3.7,157,OPERATIONAL
289,Starbucks,26.340594,49.966883,cafe,4.2,352,OPERATIONAL
290,جباتي وكرك,26.3419848,49.9713403,cafe,3.1,156,OPERATIONAL
291,ايكول كافيه,26.3417433,49.9705028,cafe,3.5,61,OPERATIONAL
292,ديوانية جوي للقهوة العربية,26.3425185,49.9712524,cafe,3.7,294,OPERATIONAL
293,Krispy Kreme,26.341847,49.9709417,cafe,4.3,53,OPERATIONAL
294,Blue Sky بلو سكاي,26.3419375,49.971187500000006,cafe,3.8,30,OPERATIONAL
295,شاليهات تالا,26.3481769,49.9661977,cafe,3.9,109,OPERATIONAL
296,ABO SAIF TEA,26.3418881,49.9711649,cafe,3.6,21,OPERATIONAL
297,ديوانية زمن الطيبين,26.3406502,49.9609007,cafe,3.8,99,OPERATIONAL
298,Starbucks,26.3429791,49.9954125,cafe,4,460,OPERATIONAL
299,Dunkin' - دانكن,26.342849,49.99567,cafe,3,123,OPERATIONAL
300,Barn's | بارنز,26.3359602,49.9998485,cafe,3.1,14,OPERATIONAL
301,كوب ورق حي العروبه,26.333875700000004,50.0009642,cafe,4.6,19,OPERATIONAL
302,شاي سياق,26.3500273,49.9969318,cafe,4.9,10,OPERATIONAL
303,كنافة كنوز فرع 2,26.3349839,50.0127238,cafe,4.7,74,OPERATIONAL
304,ديوانية شبرا,26.3407698,50.0352702,cafe,4.1,730,OPERATIONAL
305,بريف | BRIEF,26.342399,50.0377619,cafe,4.6,138,OPERATIONAL
306,مقهى ومحمصة شرق,26.3408888,50.0382081,cafe,4.7,60,OPERATIONAL
307,Al Rifai Roastery,26.3404375,50.0376875,cafe,4.7,29,OPERATIONAL
308,إستكانة مزاج,26.3436007,50.0397084,cafe,2.7,7,OPERATIONAL
309,مقهى ومحمصة سمبلسيتي | Simplicity cafe & roastery,26.3418007,50.0367602,cafe,3.9,7,OPERATIONAL
310,لفى Lifa,26.3445314,50.0412711,cafe,4.9,42,OPERATIONAL
311,Chemistry Coffee كيمستري كوفي,26.3458802,50.0463409,cafe,4.1,1379,OPERATIONAL
312,فيال الشعلة,26.3437982,50.0430079,cafe,4.5,560,OPERATIONAL
313,قهوة عُمق 2.3 - UMQ Coffee 2.3,26.3481166,50.0493833,cafe,4.5,627,OPERATIONAL
314,سيكونس,26.3488246,50.0508063,cafe,4,469,OPERATIONAL
315,Starbucks,26.345893,50.046729,cafe,4.2,359,OPERATIONAL
316,7 Grams Drive Thru - Al Shulah | ٧ جرام درايف ثرو - الشعلة,26.3461736,50.0468415,cafe,4.5,295,OPERATIONAL
317,دانكن دونات,26.3489512,50.0532764,cafe,3.7,381,OPERATIONAL
318,نمق كافيه | Namq Cafe,26.3490762,50.0533897,cafe,4.6,21,OPERATIONAL
319,مزاج مغربي,26.3502052,50.0533395,cafe,4.6,30,OPERATIONAL
320,Tim Hortons,26.3455681,50.0463027,cafe,4.2,107,OPERATIONAL
321,شيان - قهوة مختصة,26.348426,50.0473367,cafe,4.6,226,OPERATIONAL
322,ديوانية السبلة العمانية,26.3471257,50.0453046,cafe,4,78,OPERATIONAL
323,شاي دارك,26.350467,50.041121,cafe,4.3,21,OPERATIONAL
324,محمصة فنكا Finca roasters,26.3513901,50.0439636,cafe,4.8,78,OPERATIONAL
325,كوستا كوفي,26.3490625,50.0515625,cafe,4.8,286,OPERATIONAL
326,الدله النجديه,26.349537,50.0419843,cafe,3.7,9,OPERATIONAL
327,Barn's | بارنز,26.3492783,50.0533813,cafe,4.4,54,OPERATIONAL
328,جغمة شاي,26.345847,50.0763863,cafe,4.3,95,OPERATIONAL
329,Knight cafe|مقهى نايت,26.3447137,50.0508592,cafe,4.9,27,OPERATIONAL
330,Dunkin' - دانكن,26.340231,50.089449,cafe,3.9,178,OPERATIONAL
331,شاهي ابو بادي,26.3393125,50.0956875,cafe,4.7,132,OPERATIONAL
332,Sensations Coffee & Co,26.3510304,50.0941839,cafe,4.6,299,OPERATIONAL
333,مقهى ليالينا,26.3381332,50.0996632,cafe,3,1,OPERATIONAL
334,كوفي بين | The Coffee Bean & Tea Leaf,26.3347445,50.1323713,cafe,4.5,690,OPERATIONAL
335,Starbucks,26.3354818,50.1311778,cafe,4,531,OPERATIONAL
336,نَصّ,26.3355098,50.1209489,cafe,3.8,176,OPERATIONAL
337,RATIO Speciality Coffee,26.3352348,50.1312794,cafe,4.5,232,OPERATIONAL
338,ساحة إثراء,26.3354418,50.1227308,cafe,4.7,20,OPERATIONAL
339,Thermocup - Drive Thru,26.3345831,50.1325139,cafe,4.5,83,OPERATIONAL
340,Ralph’s Coffee,26.3354806,50.1222146,cafe,4.1,41,OPERATIONAL
341,شاي أديم حديقة إثراء - ِAdeem Tea Ithra Garden,26.3348276,50.1220225,cafe,4.5,41,OPERATIONAL
342,madeleine - ithra library,26.3355537,50.1203606,cafe,3.8,13,OPERATIONAL
343,EQUAL | ايكول,26.3349333,50.132965,cafe,4,271,OPERATIONAL
344,Qurb cafe,26.348195600000004,50.1411429,cafe,4.8,340,OPERATIONAL
345,Buzz Coffee,26.3439619,50.1475128,cafe,4.3,598,OPERATIONAL
346,Majlis Cafe,26.3450126,50.146444,cafe,4.2,2285,OPERATIONAL
347,Funzilla Play Cafe,26.3439147,50.1476442,cafe,4,951,OPERATIONAL
348,Student Tainment Coffee Shop,26.3431323,50.1481736,cafe,4.2,464,OPERATIONAL
349,Brewhemian Coffee,26.3451142,50.1464422,cafe,4.4,806,OPERATIONAL
350,Dunkin' - دانكن,26.3330555,50.1481411,cafe,4.1,640,OPERATIONAL
351,graph cafe,26.348758300000004,50.1426376,cafe,3.9,93,OPERATIONAL
352,Road Café,26.331932,50.1450026,cafe,4.2,50,OPERATIONAL
353,AUR,26.3401037,50.1547395,cafe,4.4,621,OPERATIONAL
354,Twinkle Fun & Yum,26.339291700000004,50.1522512,cafe,4.5,542,OPERATIONAL
355,Dose Cafe,26.3387669,50.1524115,cafe,3.9,484,OPERATIONAL
356,cosmo dhahran,26.3366368,50.1539436,cafe,4.2,154,OPERATIONAL
357,Script Speciality Coffee,26.3382278,50.1526219,cafe,4.7,987,OPERATIONAL
358,Quantum Specialty Coffee,26.3397847,50.1517375,cafe,4.6,378,OPERATIONAL
359,Starbucks,26.340105,50.15149,cafe,4.1,685,OPERATIONAL
360,ارتشي,26.3364836,50.153824400000005,cafe,4,82,OPERATIONAL
361,لاما الظهران - LLAMA Dhahran,26.3402637,50.1548996,cafe,4.5,74,OPERATIONAL
362,Oasis Cafe & Lounge,26.3331992,50.1808413,cafe,3.7,210,OPERATIONAL
363,Dallat Alfaris مقهى دلة الفارس,26.3427502,50.1820385,cafe,4.1,1148,OPERATIONAL
364,Onda Coffee,26.3441469,50.1854352,cafe,4.5,199,OPERATIONAL
365,Aldaar Garden حديقة الدار,26.3341056,50.1799175,cafe,4.3,117,OPERATIONAL
366,Dose Cafe,26.3443375,50.1857656,cafe,4.4,181,OPERATIONAL
367,شاي الفراتي,26.3331689,50.1807206,cafe,4.6,137,OPERATIONAL
368,وان بليون لاونج | One Billion Lounge,26.344077,50.1852709,cafe,4.8,164,OPERATIONAL
369,Saturn Bakery,26.3444282,50.1854185,cafe,4.8,164,OPERATIONAL
370,Qaal,26.3428574,50.18232820000001,cafe,4.3,496,OPERATIONAL
371,Mantorose Cafe | مانتوروز كافيه,26.3303361,50.1785247,cafe,4.2,30,OPERATIONAL
372,Road Café | قهوة الطريق,26.3442429,50.1792169,cafe,4.4,31,OPERATIONAL
373,Joe's Bakery,26.3437116,50.2033132,cafe,4.3,3943,OPERATIONAL
374,SWAJ Coffee Roasters محمصة ومقهى سواج,26.3436776,50.2031617,cafe,4.4,696,OPERATIONAL
375,Knock Café | نوك,26.3373419,50.2014588,cafe,4.2,883,OPERATIONAL
376,مقهى سُلاف | Soulaf Coffee,26.337239,50.2015767,cafe,4.4,1133,OPERATIONAL
377,مقهى الزمن الجميل,26.343712,50.195619,cafe,4,1263,OPERATIONAL
378,Madame Banquet,26.3341278,50.1887083,cafe,3.9,1117,OPERATIONAL
379,مقهى كيما - KIEMA Lounge,26.3341617,50.1885849,cafe,4.4,625,OPERATIONAL
380,Shrq Coffee Roasters ( Drive Thru ),26.3345046,50.2005193,cafe,4.6,247,OPERATIONAL
381,The Hub,26.3342006,50.1888018,cafe,4.3,846,OPERATIONAL
382,To Be Cafe,26.3503765,50.1953986,cafe,4.6,407,OPERATIONAL
383,The Geeks Club Café,26.3439415,50.2037363,cafe,4.6,1514,OPERATIONAL
384,Trio Restaurant & Cafe,26.3436062,50.2031287,cafe,4.4,708,OPERATIONAL
385,ADNOC Service Station | Qurtuba District 1 (2019),26.3383637,50.1982106,cafe,4.5,60,OPERATIONAL
386,Starbucks,26.3457069,50.1956443,cafe,4,588,OPERATIONAL
387,شاي ابوسيف Abo Saif Tea,26.3384382,50.2083554,cafe,4.3,475,OPERATIONAL
388,ARCHI,26.3283467,50.2138995,cafe,4.3,209,OPERATIONAL
389,Nagham Story,26.338490900000004,50.2081551,cafe,3.6,458,OPERATIONAL
390,‏Blue Star Cafe | بلو ستار كافيه,26.3272612,50.21512500000001,cafe,4.1,1153,OPERATIONAL
391,Lapro Cafe,26.3509045,50.2118131,cafe,4.4,507,OPERATIONAL
392,Cafe Quindio - كافيه كينديو,26.3512367,50.2111853,cafe,4.4,2023,OPERATIONAL
393,Stroopers,26.3264703,50.2125224,cafe,4.6,527,OPERATIONAL
394,Detective cafe,26.3518596,50.2112496,cafe,4.7,496,OPERATIONAL
395,مطعم ولاونج زينيا | Zinnia Resto Cafe,26.3513122,50.2113117,cafe,4.6,388,OPERATIONAL
396,سواج كافيه,26.332317600000003,50.2135779,cafe,4.2,29,OPERATIONAL
397,illi lounge - الي لاونج,26.3501329,50.2277174,cafe,4.9,19,OPERATIONAL
398,UMQ Coffee,26.3637555,49.9654408,cafe,4.3,132,OPERATIONAL
399,Mantorose café,26.3564372,49.9676879,cafe,4.2,150,OPERATIONAL
400,مقهى ميم 10,26.3613288,49.9662875,cafe,4.6,121,OPERATIONAL
401,شاي ليل,26.3561988,49.9675323,cafe,4.4,71,OPERATIONAL
402,Barn's | بارنز,26.359,49.9667,cafe,4.2,27,OPERATIONAL
403,24Cafe,26.3567369,49.9676045,cafe,4.9,30,OPERATIONAL
404,Bluesky بلو سكاي,26.3614832,49.9845742,cafe,No rating,No reviews,OPERATIONAL
405,Riddle Cafe ريدل كافيه,26.3602242,49.9666665,cafe,4.2,6,OPERATIONAL
406,اعععشققك سموكتتتي🥺🥺🥺,26.3569437,49.960959,cafe,1,1,OPERATIONAL
407,Ten won coffee,26.3599552,49.9665962,cafe,No rating,No reviews,OPERATIONAL
408,إستراحة الونيسة,26.3685625,49.9979375,cafe,4.1,8,OPERATIONAL
409,Dunkin' - دانكن,26.3505745,50.018684,cafe,3.7,575,OPERATIONAL
410,Starbucks,26.350727,50.018028,cafe,4.2,52,OPERATIONAL
411,ديوانية الكيف,26.3514872,50.0181995,cafe,3.6,102,OPERATIONAL
412,Moroccan taste cafe,26.3505306,50.0186995,cafe,2.7,51,OPERATIONAL
413,Bogota Cafe,26.3508652,50.0187703,cafe,3.8,114,OPERATIONAL
414,Road Café | قهوة الطريق,26.3505982,50.0188718,cafe,4.2,39,OPERATIONAL
415,Barn's,26.350374,50.0183443,cafe,4.2,109,OPERATIONAL
416,2cz,26.3511216,50.0183993,cafe,3.8,4,OPERATIONAL
417,مزاج مغربي شاي,26.3508008,50.0193682,cafe,4.8,6,OPERATIONAL
418,McCafe,26.350702,50.01804200000001,cafe,No rating,No reviews,OPERATIONAL
419,Kyan,26.3608908,50.0421841,cafe,4.3,463,OPERATIONAL
420,مُحال,26.3547283,50.037417,cafe,4.7,326,OPERATIONAL
421,Barn's | بارنز,26.3696842,50.0273109,cafe,2.8,24,OPERATIONAL
422,جاز كوفي,26.366444,50.0373424,cafe,4.8,149,OPERATIONAL
423,شاهي وجار Wijar Tea,26.3652657,50.038527,cafe,4.8,173,OPERATIONAL
424,مقهى غصن الشاي,26.3634492,50.0399471,cafe,3.8,92,OPERATIONAL
425,مطعم ومقهى مساءات Masaat Restaurants and Coffee,26.3671629,50.0332005,cafe,4.8,53,OPERATIONAL
426,قهوة الفنار,26.3698461,50.0267443,cafe,3.5,46,OPERATIONAL
427,بوفيه الخوارزمي,26.3614328,50.0336812,cafe,3.8,39,OPERATIONAL
428,برزة شاي,26.3539147,50.04252100000001,cafe,4.4,16,OPERATIONAL
429,Hot & Cold,26.3623457,50.043457,cafe,4.2,563,OPERATIONAL
430,Dunkin - دانكن,26.361446,50.045103,cafe,4,1620,OPERATIONAL
431,The Coffee Address | عنوان القهوة,26.361709,50.045417,cafe,4.1,148,OPERATIONAL
432,ديلي كب Daily cup,26.3562483,50.0467836,cafe,4.7,77,OPERATIONAL
433,مزاج مغربي,26.361379,50.044833,cafe,4.4,91,OPERATIONAL
434,عطار طيف,26.3574423,50.0457408,cafe,4,207,OPERATIONAL
435,Onda Coffee - مقهى أوندا,26.3658652,50.0497654,cafe,4.4,148,OPERATIONAL
436,مقهى ومحمصة سمبلسيتي | Simplicity cafe & roastery,26.361467,50.0451569,cafe,4.5,107,OPERATIONAL
437,المذاق المغربي,26.3609416,50.044295,cafe,4.2,121,OPERATIONAL
438,باليت كافيه (Palette Cafe),26.3551861,50.0470309,cafe,4.7,161,OPERATIONAL
439,ديوانية كيف النشاما,26.3570198,50.0608708,cafe,3.5,404,OPERATIONAL
440,Blanco,26.3611506,50.0741239,cafe,4.3,855,OPERATIONAL
441,Barena Cafe,26.3613046,50.0740582,cafe,4.7,1889,OPERATIONAL
442,السيف كافيه الفاخرية,26.360737600000004,50.0730249,cafe,3.9,428,OPERATIONAL
443,Dunkin' - دانكن,26.3656875,50.0701875,cafe,3.9,864,OPERATIONAL
444,"لذّة شاي ""الدمام""",26.3585534,50.0670393,cafe,4.3,244,OPERATIONAL
445,Fakheriyah Tower,26.3537708,50.07742030000001,cafe,4,139,OPERATIONAL
446,الكرك ALKARAK,26.3628588,50.0724864,cafe,4,1150,OPERATIONAL
447,Krispy Kreme,26.364615500000003,50.0621475,cafe,4.1,188,OPERATIONAL
448,Al Aljaweed Coffee,26.3578289,50.0622827,cafe,3.9,504,OPERATIONAL
449,M.Y.M,26.3560219,50.0616054,cafe,4.6,118,OPERATIONAL
450,بيسك كب - Basic cup,26.3678374,50.0597843,cafe,4.5,131,OPERATIONAL
451,دكان وافل,26.368384,50.0670904,cafe,4.1,229,OPERATIONAL
452,مختبر الكريب Crepe Lab,26.3618297,50.0649925,cafe,3.5,69,OPERATIONAL
453,Mantorose Cafe,26.3613051,50.07385,cafe,4.2,114,OPERATIONAL
454,AIN COFFEE,26.3597843,50.0538224,cafe,4.2,84,OPERATIONAL
455,Barn's | بارنز,26.358683,50.0749212,cafe,4.3,88,OPERATIONAL
456,Sikkat Karak,26.3662777,50.075633,cafe,4.3,1095,OPERATIONAL
457,مقهى ومحمصة قاف,26.3697259,50.0840839,cafe,4.5,168,OPERATIONAL
458,تليو Tilio,26.3689818,50.0799278,cafe,4.5,244,OPERATIONAL
459,سرد,26.3688313,50.081855,cafe,4.8,263,OPERATIONAL
460,Sip day specialty coffee,26.3671771,50.079292,cafe,4.6,145,OPERATIONAL
461,Siplay play cafe,26.3510711,50.0940848,cafe,4.2,275,OPERATIONAL
462,Glaive,26.3683125,50.0811875,cafe,4.4,71,OPERATIONAL
463,محمصة الظهران Dhahran Roastery,26.3688109,50.0818121,cafe,4.7,176,OPERATIONAL
464,سبارك كافيه,26.354585600000004,50.0712174,cafe,4.4,66,OPERATIONAL
465,ديلي كب Daily cup,26.3681558,50.0807663,cafe,4.6,22,OPERATIONAL
466,LLAMA,26.3665579,50.0939111,cafe,4.5,3287,OPERATIONAL
467,مقهى و محمصة وودز | WOODS Specialty Café & Roastery‎,26.3678255,50.092773,cafe,4.6,1763,OPERATIONAL
468,Milan Way Cafe and Restaurant,26.366883,50.0936571,cafe,4.2,2332,OPERATIONAL
469,Ballet cafe - باليـة,26.3662473,50.0942083,cafe,3.9,376,OPERATIONAL
470,Majlis Almasa,26.3655858,50.0947617,cafe,3.8,932,OPERATIONAL
471,Stars mood Cafe,26.3652319,50.0951124,cafe,4.7,375,OPERATIONAL
472,CH.1 specialty coffee,26.3666993,50.0938263,cafe,4.1,482,OPERATIONAL
473,Barn's | بارنز,26.3542574,50.0996351,cafe,4.5,180,OPERATIONAL
474,ELBUNA Coffee Roasters,26.3676439,50.1054786,cafe,4.9,195,OPERATIONAL
475,بوفية سد الفاخرية1,26.3541382,50.0992294,cafe,4.1,316,OPERATIONAL
476,Rameel Coffee | قهوة رميل,26.3528003,50.0966684,cafe,4.8,55,OPERATIONAL
477,Question mark Coffee,26.359827600000003,50.09485840000001,cafe,4.3,26,OPERATIONAL
478,محبين الشـاي ️,26.3525069,50.0959391,cafe,4.4,30,OPERATIONAL
479,مقهى يوما الدمام,26.363857000000003,50.0956989,cafe,4.3,3,OPERATIONAL
480,Shahy Heavy,26.3670375,50.0935189,cafe,4.3,18,OPERATIONAL
481,شاي الأصالة,26.3536918,50.0996032,cafe,4.9,41,OPERATIONAL
482,Circle K - Fuel Way Fakhriyah,26.364271,50.095281,cafe,4.8,4,OPERATIONAL
483,أكواب ساخنة,26.3526258,50.0962136,cafe,5,22,OPERATIONAL
484,شاي تجلي,26.3560373,50.1332632,cafe,5,38,OPERATIONAL
485,Mingle,26.347544,50.1350408,cafe,4.3,170,OPERATIONAL
486,بوفية كل مكان للوجبات السريعة,26.3448128,50.1377308,cafe,3.1,19,OPERATIONAL
487,الخبر الظهران مول,26.3501944,50.1328056,cafe,No rating,No reviews,OPERATIONAL
488,ADNOC Service Station | Al Qashlah (2007),26.3630838,50.1779371,cafe,4.4,400,OPERATIONAL
489,Dunkin' - دانكن,26.3629478,50.1777236,cafe,3.7,160,OPERATIONAL
490,ZOLIEA زوليه,26.3629577,50.1772478,cafe,4.5,171,OPERATIONAL
491,20 degree coffee,26.3681793,50.179731800000006,cafe,3.9,51,OPERATIONAL
492,Sky Lounge,26.3668613,50.1777992,cafe,4.4,241,OPERATIONAL
493,Blue K Lounge,26.3669478,50.1776632,cafe,4,10,OPERATIONAL
494,Road Café | قهوة الطريق,26.3629491,50.1780214,cafe,4.4,18,OPERATIONAL
495,BlueSky Coffee |قهوة بلوسكي,26.3574486,50.1773346,cafe,4,7,OPERATIONAL
496,Beyond Store,26.3580975,50.1759267,cafe,No rating,No reviews,OPERATIONAL
497,BOND Cafe,26.3449157,50.1794026,cafe,5,1,OPERATIONAL
498,RATIO Speciality Coffee,26.362492300000003,50.198236,cafe,4.6,1869,OPERATIONAL
499,Fudge & Co. | .فدج اند كو,26.3636299,50.1912268,cafe,4.5,601,OPERATIONAL
500,DUE DATE,26.3538543,50.2036092,cafe,4.7,266,OPERATIONAL
501,محمصة و مقهى صَدح,26.352327,50.2001457,cafe,4.8,231,OPERATIONAL
502,Mantorose Cafe,26.3622155,50.1972039,cafe,4.2,833,OPERATIONAL
503,Dunkin' Donuts,26.3595815,50.1883863,cafe,4.1,435,OPERATIONAL
504,Atia cafe,26.3673166,50.1951699,cafe,4,287,OPERATIONAL
505,Saadeddin Pastry,26.3621279,50.1973739,cafe,4,785,OPERATIONAL
506,Cinnabon,26.3599406,50.1895132,cafe,3.4,120,OPERATIONAL
507,Simplicity,26.3635446,50.1987269,cafe,4.4,48,OPERATIONAL
508,Barn's | بارنز,26.3604477,50.1919751,cafe,4.3,96,OPERATIONAL
509,24Cafe,26.3618068,50.1964348,cafe,4.7,205,OPERATIONAL
510,مقهى ومحمصة أور | OUR COFFEE ROASTERS,26.3626116,50.2050435,cafe,4.7,440,OPERATIONAL
511,The HUB Co.,26.3605147,50.2064064,cafe,4.4,860,OPERATIONAL
512,Repeat Coffee & Brunch,26.3611539,50.2063779,cafe,4.2,1567,OPERATIONAL
513,Title Cafe,26.3609019,50.2062435,cafe,4,667,OPERATIONAL
514,TEA TIME RAKAH (وقت الشاي),26.3661908,50.2041242,cafe,4.1,662,OPERATIONAL
515,Lounge Exit7,26.3601236,50.2065411,cafe,4.2,251,OPERATIONAL
516,Mor | مُر قهوة حي,26.3617304,50.215991,cafe,4.5,108,OPERATIONAL
517,Bling | بلنق,26.3618231,50.2062851,cafe,4.3,295,OPERATIONAL
518,Huge Coffee,26.3611479,50.2065772,cafe,4.2,732,OPERATIONAL
519,Diana Lounge ديانا لاونج,26.3663831,50.2072499,cafe,4.2,345,OPERATIONAL
520,Starbucks,26.3602743,50.2069942,cafe,4,645,OPERATIONAL
521,مقهى ما بعد العاشرة,26.3661886,50.2083075,cafe,4,535,OPERATIONAL
522,مقهى دستنيشن35 للقهوة المختصة الراكة Destination35 Speciality coffee Rakkah,26.3601503,50.2064688,cafe,4.6,570,OPERATIONAL
523,CHART البحر,26.3525263,50.2235321,cafe,5,3,OPERATIONAL
524,Starbucks,26.3722026,49.9703412,cafe,4.2,589,OPERATIONAL
525,قهوة مخرج 20,26.3679028,49.9650756,cafe,4.1,113,OPERATIONAL
526,كوفي لاين Coffeeline,26.3739085,49.9637221,cafe,4.8,226,OPERATIONAL
527,Repeat Coffee & Brunch,26.3732629,49.9758471,cafe,4,16,OPERATIONAL
528,Starbucks,26.3730325,49.9764013,cafe,4.2,5,OPERATIONAL
529,IN CASE SPECIALTY COFFEE,26.3732407,49.9758481,cafe,4.3,7,OPERATIONAL
530,شاي وهج,26.3749749,49.9640929,cafe,4.9,34,OPERATIONAL
531,شاي وزنه,26.3752712,49.9628132,cafe,4.7,13,OPERATIONAL
532,شاهي امي عيدة,26.374473,49.9685696,cafe,4.8,6,OPERATIONAL
533,شاهي وسمرة,26.3748774,49.9645992,cafe,4.4,15,OPERATIONAL
534,F16 للمشروبات الساخنه,26.3746095,49.9657315,cafe,4,4,OPERATIONAL
535,فود ترك X2,26.3758065,49.96254400000001,cafe,5,2,OPERATIONAL
536,ZOLIEA Alasala,26.3732579,49.9758177,cafe,5,1,OPERATIONAL
537,Costa Coffee,26.3730671,49.9764551,cafe,No rating,No reviews,OPERATIONAL
538,شاهي ابو سعد,26.3751353,49.9634503,cafe,5,2,OPERATIONAL
539,عبدالعزيز مليح الشمري,26.3785476,49.9716494,cafe,No rating,No reviews,OPERATIONAL
540,Andes Coffee Roasters,26.380146600000003,50.0033328,cafe,4.6,144,OPERATIONAL
541,كيان,26.3829037,50.0006447,cafe,3.9,117,OPERATIONAL
542,Mazj coffee,26.3850294,49.9849854,cafe,4.8,145,OPERATIONAL
543,تيم هورتينز Tim Hortons,26.3783822,49.9913315,cafe,4.3,116,OPERATIONAL
544,كافية ايكيو EQ,26.3876577,49.9892069,cafe,4.9,61,OPERATIONAL
545,هول بين,26.3803895,50.0035694,cafe,4.8,55,OPERATIONAL
546,Barn's | بارنز,26.382734,50.0001716,cafe,2.7,6,OPERATIONAL
547,شاي الكوخ,26.3795605,50.0059381,cafe,4.8,19,OPERATIONAL
548,Circle K - Saudi German Hospital,26.3780149,49.9913838,cafe,4,1,OPERATIONAL
549,وايت ليون ( white lion ),26.3779433,50.0062987,cafe,5,10,OPERATIONAL
550,فود ترك سكر زيادة,26.3779896,50.006231,cafe,4.6,24,OPERATIONAL
551,شاهي مراسيم,26.3834069,50.0028911,cafe,4.9,24,OPERATIONAL
552,شاهي ابو يوسف,26.3778619,50.0067391,cafe,5,4,OPERATIONAL
553,جلسات شتويه الصقر,26.375857900000003,50.0045286,cafe,4.3,3,OPERATIONAL
554,حلا حمامة,26.382866,50.001138,cafe,No rating,No reviews,OPERATIONAL
555,غريب,26.3826056,50.0014002,cafe,No rating,No reviews,OPERATIONAL
556,Leo Lounge,26.379905,50.023591200000006,cafe,3.4,795,OPERATIONAL
557,Dunkin' - دانكن,26.380579500000003,50.0121041,cafe,4,665,OPERATIONAL
558,مزاج مغربي,26.3803125,50.0118125,cafe,4.1,29,OPERATIONAL
559,Krispy kreme,26.380015900000004,50.0112724,cafe,4.1,9,OPERATIONAL
560,Road Café | قهوة الطريق,26.3729881,50.0246556,cafe,4.4,12,OPERATIONAL
561,بارنز,26.3735396,50.0243406,cafe,4.8,4,OPERATIONAL
562,استكانة كدم,26.3786419,50.0081355,cafe,4.7,62,OPERATIONAL
563,ديوانية العرب,26.3728388,50.0239626,cafe,5,8,OPERATIONAL
564,شاي و سمسم,26.3712843,50.0333091,cafe,4.3,397,OPERATIONAL
565,شاي قرمز,26.3796064,50.0265919,cafe,4.4,300,OPERATIONAL
566,بوفية الفحص الدوري,26.3730022,50.0293072,cafe,3.5,14,OPERATIONAL
567,ديوانيه المجلس 2,26.3740484,50.0431474,cafe,4,168,OPERATIONAL
568,vip plus,26.3797573,50.0264919,cafe,4.1,8,OPERATIONAL
569,ميلانو لاند المكان جميل وشكرا للموظفه داليا🥰,26.3848666,50.0250132,cafe,4.8,28,OPERATIONAL
570,شركة ابو,26.3721024,50.0331998,cafe,5,15,OPERATIONAL
571,شاكي شاك,26.3661387,50.0323772,cafe,4.4,7,OPERATIONAL
572,ديوانية السند,26.3655109,50.0381375,cafe,5,4,OPERATIONAL
573,مخازن مؤسسة الصنف الأول للتجارة First BrandTrading stores,26.3734929,50.0427876,cafe,5,3,OPERATIONAL
574,Cart Restaurant مطعم كارت,26.3764411,50.0611651,cafe,4.6,2879,OPERATIONAL
575,The Coffee Lab,26.3840819,50.0547028,cafe,4,1184,OPERATIONAL
576,SEKKAT ALKAIF Coffee Shop and Roaster,26.3700464,50.0533841,cafe,4.5,1303,OPERATIONAL
577,Lounge لي ڤيلا كافيه/لاونج,26.3737321,50.0594866,cafe,4.2,841,OPERATIONAL
578,محمصة و مقهى زليبرتي ZELEBRITY ROASTERS,26.3780415,50.058532,cafe,4.5,863,OPERATIONAL
579,قهوة خشف,26.3698656,50.0575173,cafe,4.5,326,OPERATIONAL
580,ديوانية طيبة,26.3695084,50.0585144,cafe,4.2,323,OPERATIONAL
581,ديوانية الليل,26.3780625,50.0489375,cafe,4.3,329,OPERATIONAL
582,ADAM Coffee آدم كافيه,26.3705922,50.0576189,cafe,4.7,334,OPERATIONAL
583,Barn's | بارنز,26.3826745,50.0551827,cafe,4.3,623,OPERATIONAL
584,مركز القوة العاشرة - Tenth power,26.3818766,50.0473041,cafe,4.8,230,OPERATIONAL
585,شاي بخار,26.3700194,50.0529509,cafe,4.2,224,OPERATIONAL
586,FUKU Coffee | فوكو,26.3701998,50.053647,cafe,4.6,139,OPERATIONAL
587,Luqaimat Alasal لقيمات العسل,26.3712662,50.0646179,cafe,4.6,1071,OPERATIONAL
588,PASTEL باستيل الفيصليه,26.3777636,50.0600675,cafe,4.6,202,OPERATIONAL
589,THERMOCUP | ثيرموكب,26.370155,50.0531699,cafe,4.3,680,OPERATIONAL
590,Barn's | بارنز,26.3827513,50.0727601,cafe,4.3,93,OPERATIONAL
591,دكة مارادونا,26.3849147,50.0591791,cafe,4.4,99,OPERATIONAL
592,كيف التوأم,26.3761984,50.0892253,cafe,4.2,1844,OPERATIONAL
593,Umbrella - Dammam,26.376072,50.0888301,cafe,4.3,2332,OPERATIONAL
594,Mgnad Tea House مقند شاهي مختص,26.3707424,50.0945241,cafe,4.7,539,OPERATIONAL
595,Starbucks,26.3713879,50.095802,cafe,4,832,OPERATIONAL
596,RATIO Speciality Coffee,26.3713011,50.089833600000006,cafe,3.9,642,OPERATIONAL
597,Tim Hortons Mazaya Gas Station,26.379905,50.086741,cafe,4.2,1873,OPERATIONAL
598,مقهى ومحمصة أودن,26.3758311,50.0881324,cafe,4.3,120,OPERATIONAL
599,OLABS | اولابز,26.3763742,50.0889491,cafe,4,220,OPERATIONAL
600,Gamma,26.371272,50.0897038,cafe,4.8,698,OPERATIONAL
601,مقهى ومحمصة سمبلسيتي | Simplicity cafe & roastery,26.3709115,50.0947451,cafe,4.5,205,OPERATIONAL
602,Motive Cafe,26.3758737,50.0885804,cafe,4.6,86,OPERATIONAL
603,حلم,26.3752953,50.0875215,cafe,4.7,212,OPERATIONAL
604,8oz Coffee,26.372754,50.099579,cafe,4.1,3965,OPERATIONAL
605,نَصّ | الدمام,26.3860817,50.1044212,cafe,3.8,707,OPERATIONAL
606,مثلث الكرات triangle balls,26.3868471,50.1044065,cafe,4,679,OPERATIONAL
607,OMOTENASHI,26.379583200000003,50.103615,cafe,4.7,473,OPERATIONAL
608,Kyan‎,26.3837978,50.0972069,cafe,4.2,623,OPERATIONAL
609,ONA Roastery & Bakery,26.3785722,50.1035163,cafe,4.5,287,OPERATIONAL
610,شاي خالد,26.3736832,50.1023697,cafe,4.2,322,OPERATIONAL
611,Repeat Speciality Coffee,26.3730974,50.1202572,cafe,4.4,422,OPERATIONAL
612,Onda Coffee مقهى أوندا,26.3763014,50.1228128,cafe,4.3,768,OPERATIONAL
613,ATYPICAL,26.3787605,50.1233795,cafe,4.6,113,OPERATIONAL
614,Dunkin' - دانكن,26.3745625,50.1183125,cafe,4,942,OPERATIONAL
615,شاهي رمث,26.3733847,50.1221957,cafe,4.8,255,OPERATIONAL
616,شاي مدخن,26.3735625,50.1282344,cafe,4.9,150,OPERATIONAL
617,بُنّه كوفي,26.3787547,50.1172207,cafe,4.9,15,OPERATIONAL
618,شاهي حمره,26.3735855,50.1214072,cafe,5,509,OPERATIONAL
619,كشك غاليه,26.3786093,50.1187538,cafe,4.8,37,OPERATIONAL
620,مقهى بيت الدراجين,26.3840625,50.1253125,cafe,3.7,3,OPERATIONAL
621,طعيم | شاي مختص,26.3729538,50.1272167,cafe,4.6,54,OPERATIONAL
622,NUMBER NINE,26.3779536,50.1192004,cafe,5,7,OPERATIONAL
623,Road Café | قهوة الطريق,26.3743932,50.1192145,cafe,3.9,7,OPERATIONAL
624,ديڤا كافيه -Diva coffee,26.3860503,50.1221636,cafe,4.7,46,OPERATIONAL
625,مقهى ميامن البن لتقديم المشروبات,26.3764377,50.1244684,cafe,3,2,OPERATIONAL
626,CAWALEES كواليس,26.3805505,50.148041,cafe,3.8,234,OPERATIONAL
627,Mix and Match Coffee and Bakery - مقهى مكس اند ماتش,26.3780636,50.1480472,cafe,4.7,128,OPERATIONAL
628,Starbucks,26.3809891,50.1481137,cafe,4.4,260,OPERATIONAL
629,LEVANTINE LOUNG & RESTAURANT ليفانتين لاونج,26.3740489,50.1480464,cafe,4.8,135,OPERATIONAL
630,مقهى همسة مزاج,26.3779668,50.1483284,cafe,3.9,48,OPERATIONAL
631,دانكن,26.3813152,50.1481985,cafe,1.8,16,OPERATIONAL
632,Bukhari Farrah 3 qasr Al Khalige,26.3840785,50.1412458,cafe,No rating,No reviews,OPERATIONAL
633,ترك شاي واكثر,26.3728765,50.1277625,cafe,5,1,OPERATIONAL
634,SPADA (Coffee & Sweet),26.3730815,50.1264665,cafe,5,34,OPERATIONAL
635,Dunkin' - دانكن,26.385532,50.149495,cafe,3.1,79,OPERATIONAL
636,SA’AH Cafe مقهى سعة,26.3793119,50.182052,cafe,4.7,626,OPERATIONAL
637,SKY By Archi,26.3699286,50.1768203,cafe,4,1006,OPERATIONAL
638,8oz Coffee | ايت اوز كوفي,26.3825473,50.17834380000001,cafe,4.2,901,OPERATIONAL
639,Four Squares Café,26.379938,50.178208,cafe,4.7,2098,OPERATIONAL
640,Tim Hortons,26.379626200000004,50.1819787,cafe,4.2,1478,OPERATIONAL
641,Starbucks,26.3727048,50.1786097,cafe,4.3,1062,OPERATIONAL
642,Tim Hortons,26.3709087,50.1747995,cafe,4.8,209,OPERATIONAL
643,Crafter Cafe مقهى كرافتر,26.3751838,50.1750274,cafe,4.7,58,OPERATIONAL
644,ليفت القشلة LEFT AlQashla,26.3724375,50.1739375,cafe,4.7,44,OPERATIONAL
645,اولابز | OLABS‏,26.3843137,50.167625,cafe,3.8,48,OPERATIONAL
646,Wogard Coffee Roasters,26.3771666,50.1787993,cafe,3.4,8,OPERATIONAL
647,شاي متعب,26.3807314,50.1818341,cafe,5,39,OPERATIONAL
648,دروازة الخباز,26.3620507,50.1951794,cafe,4.2,175,OPERATIONAL
649,7 Grams Drive Thru - Somou (soon),26.3788489,50.1962475,cafe,4.8,86,OPERATIONAL
650,Wiso Bakery- الراكة,26.3793641,50.1957631,cafe,4.3,101,OPERATIONAL
651,Dunkin' - دانكن,26.38492,50.186232,cafe,3.8,249,OPERATIONAL
652,Tea House,26.3682693,50.1948102,cafe,4,24,OPERATIONAL
653,Jeep lounge,26.3652665,50.1848726,cafe,4.9,10,OPERATIONAL
654,Khobar oasis Shisha & Coffee,26.3667147,50.2070374,cafe,3.8,181,OPERATIONAL
655,Cafe!n كافي ان,26.378199,50.207256,cafe,4.8,131,OPERATIONAL
656,Barn's | بارنز,26.3676374,50.20419,cafe,4.7,55,OPERATIONAL
657,Dunkin' - دانكن,26.3658803,50.2065989,cafe,4.3,76,OPERATIONAL
658,Blue Sky Coffee,26.3628239,50.2063502,cafe,4,193,OPERATIONAL
659,محل موغل للحلويات mughal sweets &bakers,26.3633686,50.2010256,cafe,4,172,OPERATIONAL
660,Archi | أرتشي,26.3799432,50.2182668,cafe,4.9,8,OPERATIONAL
661,NBS,26.3664381,50.2073308,cafe,5,4,OPERATIONAL
662,بيت المزاج,26.3841951,50.205358700000005,cafe,4.7,15,OPERATIONAL
663,Khobr,26.3662885,50.2042769,cafe,5,1,OPERATIONAL
664,ONA Roastery & Bakery,26.3718247,50.2284857,cafe,4.4,681,OPERATIONAL
665,A place for people,26.3719922,50.229121000000006,cafe,4.5,468,OPERATIONAL
666,شاي ابو شنب,26.3817875,50.2343906,cafe,4.3,244,OPERATIONAL
667,بيالة,26.3836775,50.2355184,cafe,4.3,36,OPERATIONAL
668,شاي مسقف,26.3834577,50.2354011,cafe,4.6,53,OPERATIONAL
669,مقطار,26.3827688,50.2350105,cafe,4.4,61,OPERATIONAL
670,شاهي ضو,26.3848398,50.2358676,cafe,4.9,161,OPERATIONAL
671,شاي T1 ( ترك ),26.3720125,50.2369844,cafe,5,13,OPERATIONAL
672,مستهل,26.3823004,50.2348455,cafe,3.9,19,OPERATIONAL
673,شاي تذكار,26.3850309,50.2359426,cafe,4.2,46,OPERATIONAL
674,.RATIO Speciality Coffee | ريشيو للقهوة المختصة,26.3719305,50.2289172,cafe,4.8,16,OPERATIONAL
675,غدق,26.3844918,50.2358818,cafe,4.7,47,OPERATIONAL
676,باشا بورشيد,26.3752734,50.2351532,cafe,5,3,OPERATIONAL
677,شاهي,26.3832458,50.2352891,cafe,5,3,OPERATIONAL
678,شاي الطريق,26.3847732,50.2359131,cafe,5,32,OPERATIONAL
679,مأكولات وشاي حوسه,26.3751125,50.2350469,cafe,No rating,No reviews,OPERATIONAL
680,شاي جمعه,26.3835984,50.2354951,cafe,4.4,11,OPERATIONAL
681,قولدن بارك,26.3816585,50.2344127,cafe,4.2,5,OPERATIONAL
682,شاي موروث | MOROOTH,26.3862034,49.9843466,cafe,5,15,OPERATIONAL
683,ناصر الحارثي,26.3866732,49.9644681,cafe,No rating,No reviews,OPERATIONAL
684,مقهى فجر الديوانية,26.3950946,50.0122953,cafe,3.6,1509,OPERATIONAL
685,CAMEL COFFEE | مقهى وشيشة الجمل,26.4007705,50.0172501,cafe,4.1,381,OPERATIONAL
686,Starbucks,26.3944906,50.01915,cafe,4.2,240,OPERATIONAL
687,Camel car services & Shisha bar | مغسلة و مقهى وشيشه الجمل,26.4008742,50.0172615,cafe,4.2,830,OPERATIONAL
688,مزاج مغربي طريق ابوحدرية,26.397333,50.0185024,cafe,4.3,29,OPERATIONAL
689,كيف كافي - KAIF COFFEE,26.4014082,50.0170757,cafe,4.7,51,OPERATIONAL
690,مقهى أمواج الشرق,26.4021826,50.010479,cafe,4.2,13,OPERATIONAL
691,Barn's | بارنز,26.3968781,50.0174181,cafe,3.6,56,OPERATIONAL
692,مفاز درايف ثرو - Mafaz Drive Thru,26.397309,50.0185165,cafe,4.4,17,OPERATIONAL
693,شاهي جمر أبو موسى,26.3996622,50.0101583,cafe,3.8,4,OPERATIONAL
694,ديوانية الشتاء,26.3888634,50.0209747,cafe,No rating,No reviews,OPERATIONAL
695,دوح وشاهي فرع 4 درايف ثرو,26.4054771,50.0146735,cafe,5,3,OPERATIONAL
696,محل الراية لتقديم المشروبات(sweets&coffee),26.4040443,50.0183594,cafe,1,1,OPERATIONAL
697,24Cafe,26.3972666,50.0170744,cafe,5,2,OPERATIONAL
698,Baith Al Karak,26.3925826,50.0314809,cafe,4,1553,OPERATIONAL
699,VERT CAFÉ,26.3981215,50.0364548,cafe,4.7,389,OPERATIONAL
700,Starbucks,26.391546,50.036878,cafe,4.1,435,OPERATIONAL
701,مقهى سمبلسيتي |Simplicity cafe,26.3938842,50.0343871,cafe,4.2,131,OPERATIONAL
702,٧ جرام - النخيل مول,26.3902122,50.0372216,cafe,4.9,1742,OPERATIONAL
703,DAZZLING CAFE,26.3911823,50.0382165,cafe,4.6,648,OPERATIONAL
704,"L'ETO caffe - Nakheel Mall, Dammam",26.3902152,50.0370446,cafe,4.6,3635,OPERATIONAL
705,Barn's | بارنز,26.3959064,50.0380933,cafe,4.2,33,OPERATIONAL
706,لمة كرك,26.3927009,50.0314145,cafe,4.1,138,OPERATIONAL
707,Tim Hortons,26.3912765,50.0380026,cafe,4.5,220,OPERATIONAL
708,Cinnabon,26.39135,50.038947,cafe,2.7,153,OPERATIONAL
709,مقهى أصل الشاي,26.3938425,50.0340933,cafe,4.3,56,OPERATIONAL
710,كريب اند ديب Crepe & dip,26.3903956,50.0384626,cafe,3.1,60,OPERATIONAL
711,مقلط الفريج الفيصلية,26.3981946,50.0466386,cafe,4.5,6648,OPERATIONAL
712,ديوانية الديرة الدمام,26.3991402,50.0478718,cafe,4,1261,OPERATIONAL
713,COPLANT coffee & dessert,26.3981765,50.0473025,cafe,4.2,594,OPERATIONAL
714,All Day,26.4009946,50.051673,cafe,4.4,154,OPERATIONAL
715,VERDE Coffee Lounge,26.3980371,50.0470006,cafe,4.4,544,OPERATIONAL
716,Dunkin' - دانكن,26.4036875,50.0388125,cafe,4.3,496,OPERATIONAL
717,Starbucks,26.3914188,50.0472447,cafe,4,778,OPERATIONAL
718,Starbucks,26.3961264,50.0431153,cafe,4,1786,OPERATIONAL
719,Black Cafe بلاك كافيه,26.4039933,50.0542013,cafe,4.3,910,OPERATIONAL
720,Dura Specialty Cafe,26.3982401,50.0464914,cafe,4.2,460,OPERATIONAL
721,WACAFE Al Rawdah | وكف الروضة,26.3955394,50.077867,cafe,4.3,2827,OPERATIONAL
722,Half Million,26.3994216,50.0757644,cafe,4.3,774,OPERATIONAL
723,بكلو Piccolo,26.4003927,50.0734563,cafe,4.3,2321,OPERATIONAL
724,Brunswick,26.3900466,50.0655858,cafe,4.3,1323,OPERATIONAL
725,GRAV CAFE قراف كافيه,26.3937614,50.0723649,cafe,4.4,1269,OPERATIONAL
726,THiRDWAVE | Al-Faisaliyah | ثيردويڤ - الفيصلية,26.3915795,50.0726606,cafe,4.4,1930,OPERATIONAL
727,شاي بخار,26.3934226,50.0721392,cafe,4.3,1207,OPERATIONAL
728,شاي كيف التوأم 3,26.4003602,50.0662032,cafe,4.1,840,OPERATIONAL
729,مقهى ومحمصة سمبلسيتي | Simplicity cafe & roastery,26.4030911,50.0629042,cafe,4.5,497,OPERATIONAL
730,Dose cafe,26.3983125,50.0681875,cafe,4,1814,OPERATIONAL
731,Cafe Flow,26.3941208,50.0786431,cafe,4.6,261,OPERATIONAL
732,Starbucks,26.400726,50.073292,cafe,4.1,320,OPERATIONAL
733,Kiva Han Coffee - كيفاهان كافيه,26.3994678,50.0753396,cafe,4,804,OPERATIONAL
734,24Cafe,26.3939017,50.0707752,cafe,4.3,225,OPERATIONAL
735,Cinnabon,26.4035787,50.05720720000001,cafe,3.2,339,OPERATIONAL
736,التقاء,26.4053058,50.0608133,cafe,4.2,315,OPERATIONAL
737,Starbucks,26.395542,50.078075,cafe,4,834,OPERATIONAL
738,Dunkin' - دانكن,26.4050098,50.0598283,cafe,4.2,435,OPERATIONAL
739,UMQ Coffee 2.1,26.3978245,50.0924685,cafe,4.4,1344,OPERATIONAL
740,Line Espresso Bar & Roastery,26.3980954,50.0929594,cafe,4.5,297,OPERATIONAL
741,dr.CAFE COFFEE,26.3940861,50.0851322,cafe,4.7,295,OPERATIONAL
742,Choco Bliss,26.3931698,50.0846727,cafe,4.9,350,OPERATIONAL
743,PETS PARK قهوة وقطوة,26.3881512,50.0756239,cafe,3.8,233,OPERATIONAL
744,Starbucks,26.3871907,50.0749654,cafe,3.9,1666,OPERATIONAL
745,Karak Box,26.3943371,50.0855354,cafe,4.3,515,OPERATIONAL
746,Otten اوتن,26.3920826,50.1039475,cafe,4.4,907,OPERATIONAL
747,20 U R,26.4031875,50.1018125,cafe,4.3,1690,OPERATIONAL
748,HAZEL COFFEE | هزل كوفي,26.4049701,50.1021156,cafe,4.6,321,OPERATIONAL
749,All Day,26.4048886,50.1021526,cafe,4.4,1954,OPERATIONAL
750,Bitten Café,26.4003421,50.0963105,cafe,4.4,560,OPERATIONAL
751,Hassad Coffee Roasters | محمصة حصاد,26.4037354,50.1017617,cafe,4.7,365,OPERATIONAL
752,ديلي كب Daily cup,26.4019264,50.0996703,cafe,4.4,143,OPERATIONAL
753,Pages Coffee,26.4001522,50.0972709,cafe,3.9,647,OPERATIONAL
754,مقهى ومحمصة سمبلسيتي | Simplicity cafe & roastery,26.403173400000004,50.105962,cafe,4.7,187,OPERATIONAL
755,Coffee Warehouse,26.3947582,50.1047457,cafe,4.2,1682,OPERATIONAL
756,Barn's | بارنز,26.4026991,50.1011311,cafe,4.2,621,OPERATIONAL
757,Onda Coffee مقهى أوندا,26.4055163,50.1012236,cafe,4.4,343,OPERATIONAL
758,LAMBDA | لامدا,26.3812317,50.0988998,cafe,4.6,544,OPERATIONAL
759,Dunkin' - دانكن,26.403043000000004,50.100318,cafe,4,857,OPERATIONAL
760,مقهى الدب,26.3919033,50.1229357,cafe,4.2,278,OPERATIONAL
761,W Gym,26.4013437,50.1137757,cafe,4.2,840,OPERATIONAL
762,Garden Gate,26.3981338,50.1270476,cafe,4.7,1014,OPERATIONAL
763,Moroccan Taste,26.4008246,50.1152489,cafe,4.2,225,OPERATIONAL
764,Karak Alhazah,26.3936988,50.1047212,cafe,4.3,457,OPERATIONAL
765,Tim Hortons,26.3911756,50.1138789,cafe,4.6,196,OPERATIONAL
766,Costa Coffee,26.391167,50.1137723,cafe,4.9,411,OPERATIONAL
767,Starbucks,26.4003282,50.1171925,cafe,3.9,2072,OPERATIONAL
768,TIM HORTONS,26.4000118,50.1169877,cafe,4.1,483,OPERATIONAL
769,Road Café | قهوة الطريق,26.3896646,50.1126813,cafe,4.3,218,OPERATIONAL
770,Krispy Kreme Othaim Mall,26.4007775,50.1170463,cafe,3.9,22,OPERATIONAL
771,نويمي كافيه,26.4003697,50.1170372,cafe,4.4,26,OPERATIONAL
772,دلة كافية,26.401303,50.1162892,cafe,4.3,23,OPERATIONAL
773,Oliver Brown,26.4001075,50.1173531,cafe,3.3,165,OPERATIONAL
774,CINNZEO OTHAIM MALL DAMMAM,26.4002727,50.1172971,cafe,3.1,30,OPERATIONAL
775,موكا & مور,26.400379800000003,50.1172595,cafe,3.7,35,OPERATIONAL
776,Barn's | بارنز,26.3878362,50.1493994,cafe,4.1,19,OPERATIONAL
777,Derby Coffee,26.3969097,50.1482063,cafe,4.1,98,OPERATIONAL
778,Cafè and burgers,26.3917443,50.1258436,cafe,4.5,6,OPERATIONAL
779,كوفي نزهة Nuzhah Cafe,26.39298,50.1260614,cafe,3,2,OPERATIONAL
780,Al Seef cafe,26.3969223,50.1679341,cafe,4.2,2209,OPERATIONAL
781,Clix,26.3888729,50.178373,cafe,4.6,2545,OPERATIONAL
782,Dunkin' - دانكن,26.3886765,50.1778502,cafe,4.2,405,OPERATIONAL
783,Costa Coffee,26.391663,50.177547,cafe,2.5,23,OPERATIONAL
784,Mana,26.3889743,50.1783801,cafe,4.5,46,OPERATIONAL
785,مقهى شاهي جمر Jamar Tea Cafe,26.3887495,50.1783814,cafe,4.1,32,OPERATIONAL
786,Barn’s,26.3893523,50.1780642,cafe,2.6,9,OPERATIONAL
787,كاس بن | kasbon,26.3902725,50.1861249,cafe,1,2,OPERATIONAL
788,Haifa Markets,26.3905089,50.1813166,cafe,5,1,OPERATIONAL
789,Dunkin' - دانكن,26.3951875,50.1925625,cafe,3.6,67,OPERATIONAL
790,دانكن,26.3882399,50.1875746,cafe,3.7,16,OPERATIONAL
791,The HUB Co.,26.394887,50.189222,cafe,4.7,3,OPERATIONAL
792,Phobia cafe,26.3939963,50.1900879,cafe,3.8,10,OPERATIONAL
793,LOVE&PEACE EXPRESS,26.3922997,50.1942433,cafe,5,6,OPERATIONAL
794,مستهل,26.4054487,50.1861463,cafe,5,12,OPERATIONAL
795,شاهي الشتاء,26.4038651,50.1836641,cafe,5,3,OPERATIONAL
796,شاي رمح,26.3816862,50.1818907,cafe,4.4,7,OPERATIONAL
797,فود ترك عزوز واااااو,26.4056041,50.1866135,cafe,No rating,No reviews,OPERATIONAL
798,ملك الشاي,26.3887244,50.2355251,cafe,4.8,810,OPERATIONAL
799,شاي رمله,26.3891808,50.2353914,cafe,4.1,91,OPERATIONAL
800,W Souffle,26.391995800000004,50.233421,cafe,4.4,153,OPERATIONAL
801,شاي جمرة,26.3908144,50.2342808,cafe,4.6,239,OPERATIONAL
802,شاهي هدب,26.3882456,50.2357561,cafe,4.9,99,OPERATIONAL
803,شاي بدو,26.3905375,50.2344219,cafe,4.6,109,OPERATIONAL
804,خوّه - Khowwh,26.3880767,50.2358101,cafe,4.9,301,OPERATIONAL
805,شاهي القشلة,26.3891027,50.2354306,cafe,4.8,112,OPERATIONAL
806,موج,26.3915405,50.2337971,cafe,4.6,124,OPERATIONAL
807,ايميز البحر / Amies,26.3924889,50.2332829,cafe,4.9,109,OPERATIONAL
808,FUN_ICE,26.3906214,50.2337951,cafe,3.7,15,OPERATIONAL
809,مقهى ثروة,26.3867717,50.2360767,cafe,4.5,53,OPERATIONAL
810,عرّاب الشاي عراب الشاي,26.3859911,50.2360515,cafe,4.8,144,OPERATIONAL
811,قهوة أم وليد - أسر منتجة,26.4105355,49.9795013,cafe,4.9,12,OPERATIONAL
812,قهوة ام وليد - اسر منتجه🤍,26.4094278,49.9872196,cafe,No rating,No reviews,OPERATIONAL
813,graph cafe,26.4122108,49.9973579,cafe,4.4,141,OPERATIONAL
814,مقهى صلدا - salda coffee,26.4195734,49.9971577,cafe,4.5,60,OPERATIONAL
815,Crepe Roll كريب رول الضاحية,26.4176905,50.0051147,cafe,3.9,250,OPERATIONAL
816,كرك وزيادة,26.4112595,50.004996,cafe,4.5,42,OPERATIONAL
817,Mantorose cafe,26.4198682,49.997152,cafe,3.4,61,OPERATIONAL
818,شتويه مسك,26.4135893,50.001125,cafe,5,2,OPERATIONAL
819,شعبيات ابو مؤيد,26.413852,50.0031985,cafe,5,14,OPERATIONAL
820,graph cafe,26.4121662,50.0138861,cafe,4.2,332,OPERATIONAL
821,COPLANT coffee & Dessert,26.421784,50.003073,cafe,4.2,495,OPERATIONAL
822,Barn's | بارنز,26.4071547,50.0140498,cafe,4,207,OPERATIONAL
823,كوب وحلى | cup and dessert,26.4189669,50.0188778,cafe,4.8,199,OPERATIONAL
824,After Ten cafe مقهى بعد العاشرة,26.4126407,50.0136752,cafe,3.9,125,OPERATIONAL
825,Road Café | قهوة الطريق,26.411977,50.013896,cafe,4.4,650,OPERATIONAL
826,ديوانية ليالي تراثية,26.4064728,50.0135105,cafe,3.9,158,OPERATIONAL
827,Crepe Town Coffee,26.414774,50.0231425,cafe,3.7,82,OPERATIONAL
828,Al-Fanar Coffee,26.4068125,50.0143125,cafe,3.2,38,OPERATIONAL
829,مقنن وجبنه كافيه,26.4117863,50.0164433,cafe,4.8,16,OPERATIONAL
830,مقهى نسمات المزاج,26.4182015,50.0189238,cafe,4.2,36,OPERATIONAL
831,Karak,26.4109653,50.015964200000006,cafe,No rating,No reviews,OPERATIONAL
832,Dunkin - دانكن,26.4236701,50.0301189,cafe,4,1123,OPERATIONAL
833,فلافي كلاود﻿س,26.4229021,50.027548,cafe,4.1,646,OPERATIONAL
834,paper cup cafe,26.4228574,50.0248404,cafe,4.6,287,OPERATIONAL
835,لايف الخوارزمي .,26.4208662,50.0340204,cafe,3.8,358,OPERATIONAL
836,Barn's | بارنز,26.422528,50.027917,cafe,4.2,121,OPERATIONAL
837,Costa Coffee,26.4226616,50.0281146,cafe,4.7,457,OPERATIONAL
839,101Cafe,26.4218553,50.0264844,cafe,4.3,501,OPERATIONAL
840,Ocaso Specialty Coffee,26.4238249,50.0303294,cafe,4.6,245,OPERATIONAL
841,Le 42 Cafe,26.4237956,50.0303177,cafe,4.6,280,OPERATIONAL
842,Mantorose Cafe,26.42292,50.0249772,cafe,3.7,109,OPERATIONAL
843,Elene Cafe,26.4113559,50.0254223,cafe,4.8,58,OPERATIONAL
844,Bati Dolci Cafe,26.4228463,50.027497,cafe,4.7,78,OPERATIONAL
845,Tim Hortons Mazaya Dabab,26.414152,50.054469,cafe,4.2,319,OPERATIONAL
846,مزاج مغربي,26.4075048,50.0589986,cafe,4.5,75,OPERATIONAL
847,OTTO CAFE,26.406061,50.0581815,cafe,4.4,844,OPERATIONAL
848,Mantorose Cafe,26.4146274,50.0539967,cafe,4.3,66,OPERATIONAL
849,Luxurious,26.3980077,50.0468061,cafe,4.3,436,OPERATIONAL
850,فلافل حارتنا الطيبين,26.4119375,50.0461185,cafe,3.8,98,OPERATIONAL
851,دوح وشاهي فرع الدمام,26.4114809,50.0566043,cafe,4.1,137,OPERATIONAL
852,Umbrella,26.4048157,50.0588336,cafe,4.2,24,OPERATIONAL
853,ADNOC Service Station | Al Dabbab District (2051),26.4139357,50.0545139,cafe,3.7,29,OPERATIONAL
854,كنافة مختص,26.4122879,50.0550079,cafe,4.9,71,OPERATIONAL
855,GRAPH Cafe,26.4074796,50.0666358,cafe,4.2,1773,OPERATIONAL
856,Khalifa tea,26.4075184,50.0664865,cafe,4.3,670,OPERATIONAL
857,Frieze Cafe,26.4052133,50.070036,cafe,4.4,916,OPERATIONAL
858,Barn's | بارنز,26.4134936,50.0737796,cafe,4.2,968,OPERATIONAL
859,Happiness Cup,26.4080198,50.0718702,cafe,4.4,1640,OPERATIONAL
860,SOCIAL POOL مقهى ومركز ترفيهي سوشيال بول,26.4074799,50.066545700000006,cafe,4.4,310,OPERATIONAL
861,Dunkin' - دانكن,26.414746,50.07622800000001,cafe,3.5,242,OPERATIONAL
862,Dunkin' - دانكن,26.402264,50.064771,cafe,4.2,1195,OPERATIONAL
863,ARCHI,26.411773600000004,50.0933817,cafe,4.1,1148,OPERATIONAL
864,بيلا سويت | Billa sweet,26.4120529,50.096746,cafe,4.1,1554,OPERATIONAL
865,Mantorose Cafe,26.4161694,50.0941576,cafe,4.2,983,OPERATIONAL
866,BREWS coffee and brunch,26.421445,50.0906508,cafe,4.8,253,OPERATIONAL
867,Tim Hortons,26.411577,50.092782,cafe,4.2,782,OPERATIONAL
868,غصين البن,26.4075762,50.0721705,cafe,4.6,168,OPERATIONAL
869,ديوانية قهوة المساء,26.421163,50.0849277,cafe,3.8,513,OPERATIONAL
870,Dunkin' - دانكن,26.4116374,50.093293,cafe,4,937,OPERATIONAL
871,Dunkin' Donuts - 30057,26.405166,50.069483,cafe,4,240,OPERATIONAL
872,Starbucks,26.411821,50.09360100000001,cafe,4.1,331,OPERATIONAL
873,Tim Hortons,26.4146839,50.07607530000001,cafe,4.4,142,OPERATIONAL
874,Savor Bakery (Dammam),26.4111762,50.1092918,cafe,4.3,534,OPERATIONAL
875,Madeleine Boutique,26.4063195,50.1010538,cafe,4,188,OPERATIONAL
876,Starbucks,26.4109085,50.1094408,cafe,4.3,1117,OPERATIONAL
877,Ojair Specialty Coffee,26.4111576,50.114582,cafe,4.5,506,OPERATIONAL
878,Mafaz,26.4069837,50.1129068,cafe,4.2,426,OPERATIONAL
879,ديوانية زعفران,26.4208434,50.1006051,cafe,4,1022,OPERATIONAL
880,Avenue Café,26.4209108,50.1013291,cafe,4,1089,OPERATIONAL
881,Mantorose Cafe,26.4165031,50.1206641,cafe,4.1,612,OPERATIONAL
882,Dunkin' - دانكن,26.4115423,50.1108724,cafe,3.8,338,OPERATIONAL
883,Dunkin' - دانكن,26.4161844,50.115632100000006,cafe,3.7,271,OPERATIONAL
884,Kuba cafe,26.4136743,50.115859,cafe,4.6,165,OPERATIONAL
885,Saadeddin Pastry,26.4091678,50.1093144,cafe,4,315,OPERATIONAL
886,Krispy Kreme,26.4092987,50.1085754,cafe,4.2,938,OPERATIONAL
887,Dunkin' - دانكن,26.4100002,50.1332867,cafe,4.3,241,OPERATIONAL
888,Barn's | بارنز,26.4123958,50.1103186,cafe,4.1,60,OPERATIONAL
890,محمصة قلم للقهوة المختصة,26.4068758,50.1129587,cafe,4.2,113,OPERATIONAL
891,CHAOUA تشاوا,26.4147664,50.1082868,cafe,4.9,116,OPERATIONAL
892,30 Days Cafe,26.415038,50.1081738,cafe,4.5,194,OPERATIONAL
893,Starbucks,26.406900000000004,50.138279,cafe,4.2,274,OPERATIONAL
894,مقهى ومحمصة سمبلسيتي | Simplicity cafe & roastery,26.4116629,50.123603900000006,cafe,5,6,OPERATIONAL
895,مستودعات بيانولا,26.4078572,50.1408418,cafe,3.5,6,OPERATIONAL
896,Tea shop🍔☕,26.4190334,50.1626352,cafe,No rating,No reviews,OPERATIONAL
897,Tanween,26.4103914,50.1675514,cafe,No rating,No reviews,OPERATIONAL
898,Archi,26.411875,50.1692334,cafe,No rating,No reviews,OPERATIONAL
899,Diwan Lounge,26.4125508,50.1733147,cafe,4,2118,OPERATIONAL
900,بوس كافيه BOSS CAFE,26.4127257,50.173091,cafe,3.9,374,OPERATIONAL
901,Hokm cafe-مقهى حكم,26.4063724,50.1865433,cafe,4,42,OPERATIONAL
902,ALKARAK,26.4152741,50.1701619,cafe,3.7,26,OPERATIONAL
903,Road Café | قهوة الطريق,26.4155411,50.1701235,cafe,4.6,9,OPERATIONAL
904,مقام للقهوة والشاي,26.411922,50.1695277,cafe,1,1,OPERATIONAL
905,Coffèa,26.4120442,50.1692759,cafe,5,5,OPERATIONAL
906,Bomboloni بومبولوني,26.4078067,50.1889814,cafe,4.4,109,OPERATIONAL
907,daily cup ديلي كب,26.4078646,50.1891902,cafe,4.2,20,OPERATIONAL
908,مقهى حكم مغطى لتقديم المشروبات,26.4071147,50.1882527,cafe,2,1,OPERATIONAL
909,مزاج كافيه,26.4061098,50.187248700000005,cafe,5,2,OPERATIONAL
910,سلالات الشاي,26.4099379,50.2219711,cafe,4.8,75,OPERATIONAL
911,فود ترك شاي حكاية,26.4098189,50.2220701,cafe,4.8,46,OPERATIONAL
912,شاهي وكرك,26.4119977,50.2211635,cafe,4.7,3,OPERATIONAL
913,مزاج التوأم,26.4112419,50.2214871,cafe,4.7,3,OPERATIONAL
914,فود ترك ولد منيرة,26.4095803,50.2222669,cafe,4.6,5,OPERATIONAL
915,نفل,26.4085141,50.2228427,cafe,4.9,10,OPERATIONAL
916,شاي أبو ساره,26.4092417,50.2223401,cafe,4.8,11,OPERATIONAL
917,30 ديسمبر شاي شباتي نوتيلا نودلز,26.411113,50.2210952,cafe,4.5,4,OPERATIONAL
918,شاي وضيحة,26.4132234,50.2202342,cafe,5,1,OPERATIONAL
919,حار وحلو,26.4126739,50.2201159,cafe,5,4,OPERATIONAL
920,Coffee,26.4114614,50.2210992,cafe,No rating,No reviews,OPERATIONAL
921,RedCups V60,26.4068,50.2237891,cafe,4.8,85,OPERATIONAL
923,شاي ابوريان اللذ ذرة مشوي,26.3987317,50.2293745,cafe,4.9,39,OPERATIONAL
924,شاي سُكرة,26.4005486,50.2289313,cafe,4.8,6,OPERATIONAL
925,باشا بورشيد,26.405076,50.2255681,cafe,4.7,25,OPERATIONAL
926,فود ترك عـذق,26.4060147,50.2243729,cafe,5,11,OPERATIONAL
927,شاهي ابو ناصر,26.4057994,50.2250156,cafe,No rating,No reviews,OPERATIONAL
928,شاي اخوو العيال,26.4059075,50.224909,cafe,5,6,OPERATIONAL
929,شاي حبق و نعناع,26.4063086,50.2242608,cafe,No rating,No reviews,OPERATIONAL
930,شاهي أبو سعود,26.4063192,50.2240574,cafe,5,1,OPERATIONAL
931,شاهي أبو يحيئ,26.4018072,50.2269927,cafe,4,1,OPERATIONAL
932,قرطوع,26.4390497,49.9835936,cafe,4.6,119,OPERATIONAL
933,ديوانية ملتقيات الضاحية,26.4342679,49.9865646,cafe,4,21,OPERATIONAL
934,كرك وبن,26.438483100000003,49.9835881,cafe,4.2,11,OPERATIONAL
935,شاهي حكيم,26.4234277,50.00494,cafe,4.8,20,OPERATIONAL
936,Shwarma,26.4199418,50.0036105,cafe,No rating,No reviews,OPERATIONAL
937,عالم الشاي - Tea World,26.4264939,50.0239689,cafe,4.4,53,OPERATIONAL
938,مزلاج,26.4281031,50.0120313,cafe,4.6,37,OPERATIONAL
939,Hattan Coffee,26.4266035,50.017868,cafe,4.7,3,OPERATIONAL
940,Kiwan Cafe | كيوان كافيه,26.4266602,50.0233835,cafe,4.2,34,OPERATIONAL
941,Bati cafe,26.4290886,50.0166732,cafe,4.1,7,OPERATIONAL
942,مقنن وجبنه كافيه,26.4351369,50.0188771,cafe,5,3,OPERATIONAL
943,C2MC+7W2 Dammam,26.4331594,50.0222733,cafe,5,1,OPERATIONAL
944,نقرشة طريق,26.4252724,50.0244871,cafe,5,1,OPERATIONAL
945,فود ترك خالد الخالدي,26.4267427,50.0167391,cafe,4,2,OPERATIONAL
946,Mr Beans,26.4236956,50.0197925,cafe,No rating,No reviews,OPERATIONAL
947,كيان,26.426856,50.0361797,cafe,3.9,80,OPERATIONAL
948,مجلس و دلة,26.4313506,50.0397584,cafe,4.3,479,OPERATIONAL
949,مقهى وديوانية اراك,26.4242764,50.0333815,cafe,3.4,82,OPERATIONAL
950,Mantorose Cafe,26.4384625,50.0336064,cafe,4.1,807,OPERATIONAL
951,مقهى ايمان المشروبات,26.4328796,50.0297491,cafe,4.3,211,OPERATIONAL
952,Krispy kreme,26.4276829,50.0426264,cafe,4.3,86,OPERATIONAL
953,Tim Hortons King Saud Noor,26.4273804,50.0381037,cafe,4.3,170,OPERATIONAL
954,Tim Hortons Alnoor,26.4360481,50.03450600000001,cafe,4.3,212,OPERATIONAL
955,Brisa cafe,26.4270371,50.044003,cafe,4.3,233,OPERATIONAL
956,مقهي ليالي الأمم,26.4243223,50.0605475,cafe,3.7,595,OPERATIONAL
957,مقهى انغام دبي 2,26.437699,50.0532849,cafe,4,116,OPERATIONAL
958,ديوانيه حياكم,26.4332559,50.0439795,cafe,4.1,193,OPERATIONAL
959,بلو سكاي كافيه Blue sky coffe,26.4405108,50.0497362,cafe,4,216,OPERATIONAL
960,Sultan Nights Cafe,26.4379761,50.056417,cafe,3.9,268,OPERATIONAL
961,معسلات ليالي وناسه,26.4234368,50.0587055,cafe,3.5,59,OPERATIONAL
962,مقهى دارالمزاج,26.4342878,50.055019,cafe,4.3,51,OPERATIONAL
963,ADNOC Service Station | Al Noor District (2052),26.4361292,50.0341727,cafe,4.1,60,OPERATIONAL
964,قهوه يويو اني,26.4369722,50.0537437,cafe,4.9,15,OPERATIONAL
965,دونات,26.4273743,50.0429375,cafe,2.6,5,OPERATIONAL
966,القهوة المثالية,26.4261592,50.035146,cafe,4,55,OPERATIONAL
967,مقهى ال انعم,26.4344906,50.0549102,cafe,3.6,55,OPERATIONAL
968,Barn's | بارنز,26.42626,50.059116,cafe,2.6,5,OPERATIONAL
969,Barn's | بارنز,26.4308214,50.0681927,cafe,4.4,307,OPERATIONAL
970,Tim Hortons,26.430946,50.067987,cafe,4.1,693,OPERATIONAL
971,ديوانية الديوان,26.4172838,50.0610387,cafe,4,93,OPERATIONAL
972,شقق تاج المنيرة المخدومة,26.4253,50.068645,cafe,3.5,319,OPERATIONAL
973,Velvet Crepeفلفت كريب,26.42969,50.0769945,cafe,4,446,OPERATIONAL
974,best cafe,26.4288998,50.0684259,cafe,4.3,251,OPERATIONAL
975,Boofiya Jabalul Noor,26.440288,50.0607631,cafe,4,181,OPERATIONAL
976,ديوان الفخامه,26.439319,50.0638716,cafe,4,6,OPERATIONAL
977,زد كافي Zed Coffee,26.4372773,50.0539006,cafe,3.8,24,OPERATIONAL
978,Hookah parlour,26.4246534,50.0605754,cafe,2.6,5,OPERATIONAL
979,Tea palace قصر الشاي,26.4307464,50.0790797,cafe,4.3,24,OPERATIONAL
980,kyan,26.4353626,50.0883123,cafe,4.1,217,OPERATIONAL
981,Dunkin' - دانكن,26.432116,50.08072,cafe,4,1360,OPERATIONAL
982,Starbucks,26.422725,50.09156600000001,cafe,4.2,450,OPERATIONAL
983,Starbucks,26.4311979,50.0840775,cafe,4.5,158,OPERATIONAL
984,Dunkin' - دانكن,26.4206875,50.0888125,cafe,2.8,113,OPERATIONAL
985,NaseemAlzohoor,26.4317717,50.0811556,cafe,4.7,700,OPERATIONAL
986,Your coffee is right قهوتك صح,26.4206828,50.0887943,cafe,4.7,60,OPERATIONAL
987,مقهي ايامنا,26.4368344,50.0923228,cafe,4.3,125,OPERATIONAL
988,Krispy Kreme,26.422777300000003,50.0921055,cafe,4.2,221,OPERATIONAL
989,Kasbon Specialty Coffee,26.4277216,50.0971047,cafe,4.3,69,OPERATIONAL
990,Tim Hortons,26.4206851,50.0889621,cafe,3.8,123,OPERATIONAL
991,مقهى ومحمصة سمبلسيتي | Simplicity cafe & roastery,26.4192141,50.0863253,cafe,4.6,17,OPERATIONAL
992,وقت الكرك Karak Time,26.4249942,50.0978396,cafe,4.4,247,OPERATIONAL
993,"Tea Time - Adama, Dammam",26.4349312,50.1042781,cafe,4.3,204,OPERATIONAL
994,Seko market,26.4409677,50.099806,cafe,3.9,23,OPERATIONAL
995,Tea Time Dammam,26.4418959,50.0976492,cafe,4.2,256,OPERATIONAL
996,Wanasah Coffee,26.4208437,50.1071064,cafe,3.7,234,OPERATIONAL
997,مقهي درة المصريين,26.436571,50.1012257,cafe,4.7,44,OPERATIONAL
998,مقهى الراكوبة,26.4361537,50.0998929,cafe,4.8,37,OPERATIONAL
999,مقهي ذا لاونج,26.4286506,50.1035253,cafe,4.4,10,OPERATIONAL
1000,Shay Khana,26.4209354,50.0976329,cafe,4.3,52,OPERATIONAL
1001,Mantorose Cafe,26.4258384,50.0993562,cafe,3.9,67,OPERATIONAL
1002,Dunkin' - دانكن,26.434723,50.117571,cafe,4,843,OPERATIONAL
1003,Cake & Tart كيك وتارت,26.4417689,50.120239,cafe,4.7,501,OPERATIONAL
1004,Cafe Chai,26.4404273,50.1163882,cafe,4.2,117,OPERATIONAL
1005,SeroTonin Lounge سيروتونين لاونج,26.4415397,50.1222813,cafe,4.3,275,OPERATIONAL
1006,Andes Coffee Roasters,26.4287771,50.1184134,cafe,3.8,16,OPERATIONAL
1007,Tea Castle,26.440297,50.113091,cafe,4.4,101,OPERATIONAL
1008,Road Café | قهوة الطريق,26.4397349,50.1182432,cafe,4.2,102,OPERATIONAL
1009,Club 90 Resto Cafe,26.4386152,50.1112712,cafe,4.3,71,OPERATIONAL
1010,بوفية زاوية تسالي,26.4263865,50.1201778,cafe,4.3,55,OPERATIONAL
1011,PRIME coffee,26.4321442,50.1177826,cafe,3.6,13,OPERATIONAL
1012,TEA WORLD,26.4400572,50.114409,cafe,4.8,17,OPERATIONAL
1013,LOFT CAFE,26.4159576,50.1160433,cafe,3.9,58,OPERATIONAL
1014,Madras Cafe,26.4372639,50.1142352,cafe,4.2,64,OPERATIONAL
1015,Kaakaya Cafe ( الدمام) كعكايه كافيه,26.4292903,50.1173379,cafe,4.6,33,OPERATIONAL
1016,Starbucks,26.4376104,50.1184279,cafe,5,23,OPERATIONAL
1017,Dunkin' - دانكن,26.4303674,50.1339782,cafe,4.1,391,OPERATIONAL
1018,Starbucks,26.430849,50.133247,cafe,3.7,291,OPERATIONAL
1019,Tim Horton,26.429514800000003,50.135101,cafe,4.2,55,OPERATIONAL
1020,كافيه مسباح,26.4336335,50.1295347,cafe,5,47,OPERATIONAL
1021,La Touche,26.4369746,50.1293033,cafe,3.7,7,OPERATIONAL
1022,ديلي كب Daily cup,26.433781300000003,50.1258906,cafe,4.6,10,OPERATIONAL
1023,كرك الذهبي,26.4287956,50.1363699,cafe,5,1,OPERATIONAL
1024,شاهي ماف,26.4433626,49.9867277,cafe,4.5,18,OPERATIONAL
1025,سيركلز كوكيز,26.439887,49.9834679,cafe,4.6,12,OPERATIONAL
1026,ناض للقهوه المختصة,26.4485227,49.9838592,cafe,4.7,12,OPERATIONAL
1027,خصب,26.4435152,49.9967415,cafe,4.7,176,OPERATIONAL
1028,Barn's | بارنز,26.4438997,50.0047776,cafe,4.2,92,OPERATIONAL
1029,دبل تلقيمه,26.4453595,49.9967713,cafe,4.8,51,OPERATIONAL
1030,مقهى مرتكن لتقديم المشروبات,26.44404,50.0011341,cafe,4.9,40,OPERATIONAL
1031,ورق عنب دون,26.4445737,50.0017465,cafe,5,1,OPERATIONAL
1033,مساء التفاحتين للشيش والمعسلات - حمادة - معسل شيش,26.4400315,50.0318925,cafe,4.3,9,OPERATIONAL
1034,mood line cafe,26.4394066,50.0316273,cafe,4.7,15,OPERATIONAL
1035,مقهى الحلويات الجميلة,26.4430228,50.0414575,cafe,4.4,24,OPERATIONAL
1036,بوفيه نظيف ومرتب وتعامل راقي,26.4357557,50.0340601,cafe,4,10,OPERATIONAL
1037,صيانة فورك لفت,26.4429693,50.0416762,cafe,4,5,OPERATIONAL
1038,Mantorose Cafe,26.4506177,50.0534759,cafe,4,468,OPERATIONAL
1039,قهوة الطريق,26.4470251,50.044062,cafe,3.7,26,OPERATIONAL
1040,Chai Makkani,26.4529674,50.0533354,cafe,3.5,2,OPERATIONAL
1041,نوتيلا كافيه,26.4373308,50.0538442,cafe,5,2,OPERATIONAL
1042,Mantorose Cafe,26.4404917,50.0497591,cafe,No rating,No reviews,OPERATIONAL
1043,.,26.4404917,50.0497591,cafe,4.8,8,OPERATIONAL
1044,Rakesh,26.4478893,50.0473793,cafe,No rating,No reviews,OPERATIONAL
1045,Emilien,26.4567522,50.0621896,cafe,4.5,1243,OPERATIONAL
1046,Fraiche bakery مخبز فريش,26.4549823,50.0698453,cafe,4.7,305,OPERATIONAL
1047,Mantorose Cafe,26.4533176,50.0681032,cafe,4.1,257,OPERATIONAL
1048,Meow Cafe مياو كافيه,26.4598705,50.0645845,cafe,4.7,224,OPERATIONAL
1049,Starbucks,26.455456,50.068045,cafe,4.6,45,OPERATIONAL
1050,Quill Cafe,26.4562869,50.0616679,cafe,4.2,177,OPERATIONAL
1051,فيب مزاج الاشراق,26.4416308,50.0728929,cafe,3.8,13,OPERATIONAL
1052,Krispy Kreme Dareen Mall - كرسبي كريم دارين مول,26.4598715,50.0648377,cafe,4,239,OPERATIONAL
1053,Rawayi ardh alqassim dates,26.4520156,50.063751800000006,cafe,4.2,110,OPERATIONAL
1055,مقهى أكواب و أباريق,26.4433642,50.0691715,cafe,4.9,28,OPERATIONAL
1056,شاي احمر معتق,26.4525763,50.0741071,cafe,4.9,86,OPERATIONAL
1057,لاتي - LATEA,26.442496,50.0685995,cafe,4.9,9,OPERATIONAL
1058,Boofiya Abrad,26.44159,50.0651183,cafe,3.7,11,OPERATIONAL
1059,UMQ Coffee 2.2,26.4585577,50.0852098,cafe,4.5,649,OPERATIONAL
1060,Eleven Three | 11 3,26.4530795,50.0807161,cafe,4.6,549,OPERATIONAL
1062,Dunkin' - دانكن,26.4596054,50.0839392,cafe,3.9,572,OPERATIONAL
1063,بلياردو و سنوكر ديلابيكس |مقهى | BILLIARD & SNOOKER DELAPAIX |coffee shop,26.4427845,50.0890469,cafe,4.3,741,OPERATIONAL
1064,Costa Coffee,26.458586,50.086075,cafe,4.9,1519,OPERATIONAL
1065,Dunkin' - دانكن,26.4501082,50.0841279,cafe,3,121,OPERATIONAL
1066,Barn's | بارنز,26.4592294,50.079975,cafe,4.4,96,OPERATIONAL
1067,مقهى ومحمصة تريبيكا| TREEPICA COFFEE ROASTERS,26.4587114,50.08075,cafe,4.5,168,OPERATIONAL
1068,24Cafe,26.4552113,50.0815539,cafe,4.6,37,OPERATIONAL
1069,لجة كافية - Lujjah Cafe,26.4583329,50.0824742,cafe,4.9,109,OPERATIONAL
1070,Tim Hortons,26.4586953,50.0822598,cafe,4.7,106,OPERATIONAL
1071,Road Café,26.4595719,50.0809531,cafe,4,42,OPERATIONAL
1072,فليڤر Flavor,26.45628,50.0813077,cafe,4.7,62,OPERATIONAL
1073,مقهى المحروسة,26.4439823,50.0932941,cafe,4,4,OPERATIONAL
1074,مملكة,26.4557827,50.084949,cafe,4.6,5,OPERATIONAL
1075,عصير قصب,26.445171,50.0927586,cafe,4.9,8,OPERATIONAL
1076,فينسيا لاونج ومقهى Vensia Lounge & Cafe,26.4567743,50.1012023,cafe,4.6,983,OPERATIONAL
1077,Ratio Souq Alhub,26.4465473,50.1044587,cafe,4.3,241,OPERATIONAL
1078,dr.CAFE COFFEE | V12 Station | د.كيف كافيه,26.4561736,50.0969402,cafe,4.3,1866,OPERATIONAL
1079,مقهى إجازة,26.4524485,50.1057701,cafe,3.7,496,OPERATIONAL
1080,Snow cafe,26.455261,50.0969716,cafe,4.3,382,OPERATIONAL
1081,ALKARAK الكرك,26.4537208,50.1061624,cafe,4.2,241,OPERATIONAL
1082,Dunkin' - دانكن,26.4526431,50.0968495,cafe,3.6,332,OPERATIONAL
1083,Second cup سكند كب,26.4567932,50.10118,cafe,4.4,247,OPERATIONAL
1084,المذاق المغربي,26.459323,50.0955575,cafe,4.2,430,OPERATIONAL
1085,مقهى نغم,26.456808400000003,50.1010979,cafe,4.4,91,OPERATIONAL
1086,كاريبو كوفي - Caribou Coffee,26.455517,50.10632,cafe,4.2,512,OPERATIONAL
1087,مقهى مائة درجة,26.4466184,50.1035103,cafe,4.4,218,OPERATIONAL
1088,7 Grams - Dammam Cornish | ٧ جرام - كورنيش الدمام,26.4512255,50.1310087,cafe,4.3,2753,OPERATIONAL
1089,troy coffee lounge,26.4524375,50.1240625,cafe,4.1,1342,OPERATIONAL
1090,RATIO Speciality Coffee,26.452102,50.1302676,cafe,4,1671,OPERATIONAL
1091,.VIA Specialty Coffee And Bakery,26.452093,50.1305713,cafe,4.3,301,OPERATIONAL
1092,Starbucks (Drive Thru),26.4551779,50.113723,cafe,4.1,2613,OPERATIONAL
1093,برونز لونج كافيه,26.451373200000003,50.1291625,cafe,4.7,1387,OPERATIONAL
1094,انوف لاونج - Anov lounge,26.4515085,50.1280583,cafe,4.5,231,OPERATIONAL
1095,Gamma,26.4521461,50.130253800000006,cafe,4.8,2188,OPERATIONAL
1096,Kyan,26.4558024,50.1168148,cafe,4.2,756,OPERATIONAL
1097,017 specialty coffee,26.4521384,50.1303966,cafe,4.7,905,OPERATIONAL
1098,Dose Cafe,26.4579517,50.1203651,cafe,4.1,2310,OPERATIONAL
1099,براير كافيه Briar Cafe & Tea room,26.451165,50.131209000000005,cafe,4.2,791,OPERATIONAL
1100,Riviera Avenue 2 ريفييرا أفينيو,26.452279,50.1257654,cafe,4.3,108,OPERATIONAL
1101,مقهى شيشة ومطعم ايلاف,26.4549054,50.1245545,cafe,3.3,374,OPERATIONAL
1102,24Cafe,26.4512492,50.1307634,cafe,4.3,291,OPERATIONAL
1103,Mantorose Cafe,26.4574732,50.1324472,cafe,4.4,372,OPERATIONAL
1104,crepele,26.4545863,50.1323768,cafe,4.1,408,OPERATIONAL
1105,BASTAH KARAK,26.4511635,50.1314873,cafe,3.5,295,OPERATIONAL
1106,فيو كافيه View Cafe,26.4517493,50.126507,cafe,4.4,86,OPERATIONAL
1107,Riviera Avenue,26.451848700000003,50.1282108,cafe,4.2,127,OPERATIONAL
1108,مقهى لمة عرب,26.4521355,50.1303794,cafe,4.7,139,OPERATIONAL
1109,PARK COFFEE,26.4519537,50.1270807,cafe,4.2,132,OPERATIONAL
1110,كارديو,26.4532451,50.1799668,cafe,No rating,No reviews,OPERATIONAL
1130,"SOLACE, سولاس",26.4655458,50.0604483,cafe,4.5,2165,OPERATIONAL
1132,Your Escape يور اسكيب,26.4665414,50.0601874,cafe,4.5,996,OPERATIONAL
1134,Levels Board Games Cafe | ليفلز,26.4678848,50.0592592,cafe,4.8,1209,OPERATIONAL
1136,كيان كافيه,26.465217,50.0484064,cafe,4,131,OPERATIONAL
1137,Hadota Lounge | مقهى حدوتة,26.4690344,50.0603522,cafe,4.7,431,OPERATIONAL
1138,The Coffee Address | عنوان القهوة,26.4651361,50.0483425,cafe,4.3,99,OPERATIONAL
1141,Cup Of Karak كلاص كرك,26.4621429,50.0495426,cafe,4.8,793,OPERATIONAL
1142,Pastry Shop,26.4679661,50.0594351,cafe,4.1,456,OPERATIONAL
1145,HOOR CAFE | حور كافيه,26.4664168,50.0601372,cafe,4.3,255,OPERATIONAL
1146,Starbucks Coffee,26.4622335,50.0684529,cafe,4,4182,OPERATIONAL
1149,KAV cafe,26.4632259,50.0629607,cafe,4.4,469,OPERATIONAL
1150,رش برجر و اسكيمو | Rush Burger,26.4631903,50.0628076,cafe,4.1,178,OPERATIONAL
1151,keen Cafe & Rest,26.4610331,50.077939,cafe,4,479,OPERATIONAL
1152,Tim Hortons,26.4660224,50.0622828,cafe,4.1,831,OPERATIONAL
1153,DEER LOUNGE مقهى غزاله لاونج,26.4611438,50.0777603,cafe,4.5,147,OPERATIONAL
1154,Barn's | بارنز,26.4631114,50.067097,cafe,3.7,30,OPERATIONAL
1155,BC Lounge,26.472079,50.0864475,cafe,3.6,688,OPERATIONAL
1156,CORE COFFEE & ROASTERY,26.4587015,50.0926965,cafe,4.4,386,OPERATIONAL
1157,Cafficha Coffee,26.4625851,50.0921878,cafe,4.3,336,OPERATIONAL
1158,Paradise Beach Club,26.472876,50.086187,cafe,4.1,641,OPERATIONAL
1159,كاريبو كوفي - Caribou Coffee,26.45861,50.09284,cafe,4.2,686,OPERATIONAL
1160,مقهى مورث | Morth Lounge,26.4593024,50.08818480000001,cafe,4.2,189,OPERATIONAL
1161,"Wayz Breakfast, Brunch & Coffee",26.4613465,50.0734979,cafe,4.3,60,OPERATIONAL
1162,Next two - نكستو,26.472622,50.0862032,cafe,4.1,41,OPERATIONAL
1163,دوح وشاهي كورنيش الدمام Marsa Café مرسى كافيه,26.460126,50.1126226,cafe,4.4,250,OPERATIONAL
1164,Mantorose Cafe,26.4623831,50.1143971,cafe,4.5,401,OPERATIONAL
1165,Cinnabon,26.455007,50.105494,cafe,3.7,131,OPERATIONAL
1166,مقهى لمسة ثلج,26.4553049,50.0969518,cafe,4.3,29,OPERATIONAL
1167,O & Va,26.4721875,50.0935625,cafe,4.3,163,OPERATIONAL
1168,Verocci cafe,26.4554634,50.1050441,cafe,4,71,OPERATIONAL
1169,The Coffee Address | عنوان القهوة,26.46422,50.121457,cafe,4.4,986,OPERATIONAL
1170,Crafter Cafe مقهى كرافتر,26.4681879,50.1235966,cafe,4.1,687,OPERATIONAL
1171,مقهى فيشاوي باشا,26.4762738,50.1184685,cafe,3.9,1462,OPERATIONAL
1172,Cosmo Drive thru Dammam,26.467272,50.1230651,cafe,4.4,237,OPERATIONAL
1173,Dunkin' - دانكن,26.460683,50.120986,cafe,4,868,OPERATIONAL
1174,Ahram Cafe,26.47353,50.1183108,cafe,4.4,245,OPERATIONAL
1175,Abu Hayyan Coffee,26.4639177,50.1326108,cafe,4.4,816,OPERATIONAL
1176,Barn's | بارنز,26.456521,50.122835,cafe,4.3,80,OPERATIONAL
1177,Banuzy,26.4627142,50.12137140000001,cafe,4.5,157,OPERATIONAL
1178,Krispy Kreme,26.4542133,50.1187753,cafe,4.3,928,OPERATIONAL
1179,هبلي بابلي _ Hubbly Bubbly,26.4609611,50.1209925,cafe,4.5,117,OPERATIONAL
1180,Dunkin' - دانكن,26.474289,50.125496,cafe,3.7,224,OPERATIONAL
1181,ADNOC Service Station | Corniche Al Dammam (2004),26.4598166,50.1208537,cafe,3.6,74,OPERATIONAL
1182,Osmanli Lezzet المذاق العثماني,26.4717276,50.131481,cafe,4.5,11171,OPERATIONAL
1183,Pianolla Cafe | بيانولا كافيه,26.473363,50.1331902,cafe,4.2,1782,OPERATIONAL
1184,Barn's | بارنز,26.4648077,50.1321702,cafe,3.8,52,OPERATIONAL
1186,BERRIES TREE مقهى شجرة التوت,26.4624974,50.1215402,cafe,4.4,730,OPERATIONAL
1187,Abu Farida Balila & Salep,26.462570900000003,50.1326099,cafe,4.5,121,OPERATIONAL
1188,VHAGAR Shisha Lounge | فيقار لاونج,26.4700647,50.1239576,cafe,4.6,102,OPERATIONAL
1189,لاونج ومقهى بيتش بارك,26.4663807,50.1230126,cafe,4.5,74,OPERATIONAL
1190,شاي حطب بوريان,26.4711024,50.13354760000001,cafe,5,1,OPERATIONAL
1191,شاي ام حور,26.4589098,50.132375800000005,cafe,4.8,10,OPERATIONAL
1192,شاي على الجمر Tea,26.471955,50.132885,cafe,5,4,OPERATIONAL
1193,Lapate Lounge,26.4731513,50.1287574,cafe,3.8,5,OPERATIONAL
1194,مشروع بسطة ١٢,26.4747513,50.1331254,cafe,4.3,11,OPERATIONAL
1240,VIVIAN Cafe فيفيان كافيه,26.4734853,50.0862765,cafe,4.1,83,OPERATIONAL
1241,Golden damamm,26.4720602,50.086322800000005,cafe,3.9,56,OPERATIONAL
1242,Cardio,26.4779471,50.091665,cafe,4.3,102,OPERATIONAL
1243,مقهي شارع جيهان لتقديم المشروبات-Jihan Street Coffee Shop,26.4735085,50.0863883,cafe,5,20,OPERATIONAL
1245,شعبيات ام جاسم,26.4778134,50.0901555,cafe,4.3,30,OPERATIONAL
1246,البرواز كافيه,26.4728708,50.0861908,cafe,5,1,OPERATIONAL
1247,كوفيانا coffyana,26.4749887,50.0910292,cafe,4.5,2,OPERATIONAL
1248,شاهي أبو نبيل,26.4779553,50.0887389,cafe,5,2,OPERATIONAL
1249,سواحل بيروت,26.4805159,50.0975562,cafe,3.8,847,OPERATIONAL
1250,Triple T,26.4715535,50.091925,cafe,4.9,43,OPERATIONAL
1251,Costa coffee,26.4736623,50.0945479,cafe,3,2,OPERATIONAL
1252,Starbucks,26.4797153,50.1326938,cafe,4,693,OPERATIONAL
1253,Remedy Roasters & Specialty Coffee | ريمدي محمصة وقهوة مختصة,26.4794329,50.132684,cafe,4.9,1192,OPERATIONAL
1254,مقهى اكورا لاونج | ACURRA LOUNGE,26.4794971,50.1326814,cafe,4.8,203,OPERATIONAL
1255,TEA & MORE شاي واكثر,26.478915,50.1251252,cafe,4.4,127,OPERATIONAL
1256,dr.CAFE COFFEE | د.كيف كافيه,26.481447,50.1257995,cafe,4.6,97,OPERATIONAL
1257,Hooka mode cafe,26.4798247,50.13258,cafe,4.6,127,OPERATIONAL
1258,فيو الشاطي كافيه,26.4768355,50.1178731,cafe,4.5,43,OPERATIONAL
1259,MAR Lounge,26.4933088,50.1207277,cafe,4.3,15,OPERATIONAL
1260,Beach Coffee,26.4803135,50.1173983,cafe,3.5,66,OPERATIONAL
1261,القهوه المثاليه (الشاطىء),26.4749515,50.1249699,cafe,4.2,77,OPERATIONAL
1262,Aton cafe | أتــون كافــيه,26.4792798,50.132664,cafe,4.7,36,OPERATIONAL
1263,ارزان كافيه,26.4804105,50.1193623,cafe,4.9,164,OPERATIONAL
1264,راسون لاونج,26.4794181,50.1326829,cafe,4.6,11,OPERATIONAL
1265,Half Million,26.4903838,50.1335094,cafe,4.3,3208,OPERATIONAL
1266,اعماق البن,26.4901201,50.13317,cafe,4.5,224,OPERATIONAL
1267,كفاف قهوة مختصة kefaf coffee,26.4956235,50.1324981,cafe,4.5,285,OPERATIONAL
1268,ندرة,26.4903158,50.1332052,cafe,4.7,137,OPERATIONAL
1298,دكة كافية,26.4981757,50.127649,cafe,4.4,25,OPERATIONAL
1299,العامل ابو سكسوكه الله يقروشه,26.4938926,50.124127,cafe,No rating,No reviews,OPERATIONAL
1300,رمل,26.4982442,50.1272835,cafe,5,46,OPERATIONAL
1301,Moments cafe,26.4922565,50.1296702,cafe,No rating,No reviews,OPERATIONAL
1302,OVERJAR اوفر جار,26.4970503,50.1341949,cafe,2.8,31,OPERATIONAL
1303,Repeat Coffee By The Sea,26.4970726,50.1347275,cafe,3.3,180,OPERATIONAL
1304,Morth lounge,26.4963512,50.1345033,cafe,3.2,132,OPERATIONAL
1305,Majlis Takya مجلس تكية,26.4963964,50.1340642,cafe,4.8,100,OPERATIONAL
1306,7 Grams - تكية بحر,26.4970239,50.1341826,cafe,5,4,OPERATIONAL
1307,فود ترك الهافمون,26.1622554,50.0691471,cafe,5,6,OPERATIONAL
1308,Cafè Jamoka,26.1451229,50.0916541,cafe,3.8,24,OPERATIONAL
1309,كريپل كافيه crêpele cafe,26.1615142,50.1136127,cafe,4.5,20,OPERATIONAL
1310,فلافي كيك وقهوة (وايتي كيك Whitey fluffy),26.1535448,50.1444778,cafe,4.9,108,OPERATIONAL
1311,Samrah,26.1539567,50.1445969,cafe,4.8,81,OPERATIONAL
1312,tamala coffee,26.1546823,50.1434883,cafe,4.5,38,OPERATIONAL
1313,HAT COFFEE,26.155792500000004,50.1361,cafe,4.7,89,OPERATIONAL
1314,Tatima Cafe,26.1450378,50.1367478,cafe,4.8,42,OPERATIONAL
1315,Coffee 9 Nine Grams | كوفي تسعة جرام,26.1552315,50.1395755,cafe,4.6,42,OPERATIONAL
1316,Deira Coffee | قهوة الديرة,26.1544086,50.14091200000001,cafe,4.9,31,OPERATIONAL
1317,سمرة,26.153588,50.1445795,cafe,5,3,OPERATIONAL
1318,أؤطنة,26.1537392,50.1443162,cafe,5,2,OPERATIONAL
1319,ايت اوز-8Oz Coffee,26.1520983,50.1613103,cafe,4.1,317,OPERATIONAL
1320,Reds Coffee,26.152138,50.159865,cafe,3.9,43,OPERATIONAL
1321,شاي بخار,26.1520673,50.1609524,cafe,4,211,OPERATIONAL
1322,شاي مسكوب العزيزية,26.1439005,50.1608233,cafe,4.6,309,OPERATIONAL
1323,MANTOROSE,26.1569792,50.161606,cafe,4.9,47,OPERATIONAL
1324,Costa Coffee,26.1474887,50.151377,cafe,3.9,12,OPERATIONAL
1325,McCafe,26.154745,50.161409,cafe,4.4,19,OPERATIONAL
1326,القهوة المثالية (العزيزيه),26.1508657,50.1613897,cafe,3.9,62,OPERATIONAL
1327,شاي عذيب,26.158909,50.1615693,cafe,4.7,62,OPERATIONAL
1328,شاهي بدو العزيزية,26.157191,50.1616715,cafe,4.4,33,OPERATIONAL
1329,Sip speciality coffee,26.1573358,50.1615245,cafe,4.8,35,OPERATIONAL
1330,Fillto Specialty coffee & sweets,26.1569375,50.1616875,cafe,5,18,OPERATIONAL
1331,Cafe 55,26.1571758,50.1939604,cafe,4.3,189,OPERATIONAL
1332,بلو سكاي,26.1673626,50.1170037,cafe,2.3,12,OPERATIONAL
1333,BE HAPPY COFFEE,26.1637516,50.1148127,cafe,4.6,7,OPERATIONAL
1334,Taybeen Museum,26.1670314,50.1453238,cafe,4.5,2550,OPERATIONAL
1335,Tulum Cafe,26.1670208,50.1455834,cafe,No rating,No reviews,OPERATIONAL
1336,Shrq Coffee Roasters (Al Azizia),26.1774132,50.1578913,cafe,4.5,875,OPERATIONAL
1337,M CLUB مقهى,26.1751872,50.1622443,cafe,3.4,364,OPERATIONAL
1338,Dunkin' - دانكن,26.1686337,50.1614605,cafe,3.9,500,OPERATIONAL
1339,آرت سويت الصواري,26.1752692,50.1622766,cafe,4.5,608,OPERATIONAL
1340,RATIO Speciality Coffee,26.1737086,50.1545362,cafe,4.4,318,OPERATIONAL
1341,The Coffee Address | عنوان القهوة,26.1686812,50.1621991,cafe,4.3,160,OPERATIONAL
1342,ارت سويت الشراع,26.1740508,50.1525802,cafe,4.2,221,OPERATIONAL
1343,Mr. Tea,26.1783755,50.1578326,cafe,4.4,490,OPERATIONAL
1344,Kyan,26.1733696,50.1574729,cafe,3.6,125,OPERATIONAL
1345,ديوانية محبوك,26.1732639,50.1545369,cafe,4.3,133,OPERATIONAL
1346,simplicity,26.1726489,50.1618395,cafe,4.6,105,OPERATIONAL
1347,Barn's | بارنز,26.1762145,50.1626338,cafe,4.3,96,OPERATIONAL
1348,شاي عنق,26.1726405,50.1618938,cafe,4.4,38,OPERATIONAL
1349,24Cafe,26.1739592,50.1574473,cafe,5,17,OPERATIONAL
1350,مقهى شاي سرا,26.1690635,50.1621693,cafe,4.7,35,OPERATIONAL
1351,Blue sky coffee | بلو سكاي كافيه,26.175202,50.1624671,cafe,3.9,10,OPERATIONAL
1352,دو دونات - Do Donuts,26.1734667,50.1545237,cafe,3.7,13,OPERATIONAL
1353,مزاج مغربي العزيزية,26.1723191,50.1621801,cafe,4.6,30,OPERATIONAL
1354,Perfect Coffee (blue khober),26.173421,50.1610646,cafe,3.8,16,OPERATIONAL
1355,‏Blue Star Cafe | بلو ستار كافيه,26.1734141,50.1623246,cafe,4.6,17,OPERATIONAL
1356,SADF TRADING AND DEVELOPMENTS ZOOBA,26.1711,50.1621,cafe,No rating,No reviews,OPERATIONAL
1357,dr.CAFE COFFEE | Drive Thru,26.1791178,50.1968316,cafe,4.5,59,OPERATIONAL
1358,المذاق السعودي للشاي والقهوة,26.1906694,50.057983,cafe,4.6,9,OPERATIONAL
1360,ابو نشمي للشاي والقهوة على الجمر,26.1930332,50.0532709,cafe,3.9,141,OPERATIONAL
1361,تلقيمة وجمر,26.192562,50.0543689,cafe,4.8,12,OPERATIONAL
1362,كوخ الشاطي,26.1920704,50.0556797,cafe,3.7,3,OPERATIONAL
1363,شاي فخفخه,26.1927413,50.0533036,cafe,No rating,No reviews,OPERATIONAL
1364,Starbucks,26.1788132,50.1640834,cafe,4.1,687,OPERATIONAL
1365,اي بلس | A PLUS,26.1867062,50.1596883,cafe,4.4,238,OPERATIONAL
1366,قهوة رهم | Raham Coffee,26.1934239,50.1608853,cafe,4.8,235,OPERATIONAL
1367,دوح وشاهي,26.183931,50.1647749,cafe,3.7,318,OPERATIONAL
1368,مؤسسة أوقات شرق التجارية,26.1876015,50.160091,cafe,4.7,18,OPERATIONAL
1369,Barn's | بارنز,26.1864189,50.1595907,cafe,4,53,OPERATIONAL
1370,Kaif Alsharg,26.1848125,50.1646875,cafe,4.1,259,OPERATIONAL
1371,DOSE & JOUZ CAFE دوز اند جوز كافية,26.1850394,50.1647669,cafe,4.1,40,OPERATIONAL
1372,Makha dewaniya keef al neshama,26.1842169,50.1642678,cafe,3.3,42,OPERATIONAL
1373,Half Million,26.1841932,50.1837388,cafe,4.3,1411,OPERATIONAL
1374,The Coffee Address | عنوان القهوة,26.1861537,50.1864056,cafe,4.5,332,OPERATIONAL
1375,قهوة طويق - Tuwaiq coffee,26.1913283,50.1759292,cafe,4.2,397,OPERATIONAL
1376,السيف كافية العزيزية,26.1829221,50.1844135,cafe,4.2,396,OPERATIONAL
1377,مقهى ما بعد العاشرة,26.1854822,50.1860438,cafe,4,349,OPERATIONAL
1378,Tim Hortons Azizia Drive thru,26.1869083,50.1869007,cafe,4.2,365,OPERATIONAL
1379,Dunkin' - دانكن,26.186999,50.186985,cafe,3.5,265,OPERATIONAL
1380,Dhay Suhail Coffee Shop,26.1833483,50.1846964,cafe,4,423,OPERATIONAL
1381,Third,26.187371,50.1789305,cafe,4.3,33,OPERATIONAL
1382,Barn's | بارنز,26.1856133,50.1848445,cafe,4.6,10,OPERATIONAL
1383,Diwaniyat al-Dirah,26.1968375,50.1932656,cafe,4.2,3036,OPERATIONAL
1384,Dunkin' - دانكن,26.1908125,50.1899375,cafe,3.9,316,OPERATIONAL
1385,Qudooa Dewaniyah,26.1829222,50.1828395,cafe,3.6,49,OPERATIONAL
1386,بوفيه مصعب,26.1855938,50.1841608,cafe,4.4,16,OPERATIONAL
1387,مقهى ومحمصة سمبلسيتي | Simplicity cafe & roastery,26.1981914,50.1943122,cafe,4,5,OPERATIONAL
1388,Blue sky Abbasi tahlia,26.1893969,50.1885669,cafe,3.6,5,OPERATIONAL
1389,Rashfa | رشفة,26.1884899,50.1867522,cafe,4.9,14,OPERATIONAL
1390,Tim Hortiua,26.1868626,50.1869795,cafe,2,4,OPERATIONAL
1391,Louga coffee,26.1803634,50.203706,cafe,4.7,10,OPERATIONAL
1392,فضفضة لاونج,26.1894103,50.21161480000001,cafe,5,6,OPERATIONAL
1393,Mantorose cafe | مانتوروز كافيه,26.195673000000003,50.2123006,cafe,4,345,OPERATIONAL
1394,Starbucks,26.1865064,50.3168402,cafe,4.2,214,OPERATIONAL
1395,چباتي وكرك,26.1868821,50.3190589,cafe,3.3,93,OPERATIONAL
1396,Timhortons Causeway Khobar,26.1865289,50.317068000000006,cafe,4.7,85,OPERATIONAL
1397,كوستا كوفي,26.1818802,50.3306312,cafe,4,4,OPERATIONAL
1398,محمصة ومقهى تشارت | CHART,26.1996444,50.1843689,cafe,4.7,110,OPERATIONAL
1399,Line Espresso bar | لاين البحيرة,26.1994043,50.1846416,cafe,4.8,111,OPERATIONAL
1400,مراميه البحيرة,26.199444,50.1845944,cafe,4.7,33,OPERATIONAL
1401,Block 196,26.1912157,50.1759474,cafe,4.4,9,OPERATIONAL
1402,المشروب السحري,26.1917424,50.1770457,cafe,4.4,10,OPERATIONAL
1403,هول بين,26.2089307,50.1878169,cafe,4.8,568,OPERATIONAL
1404,Veloce,26.2026827,50.1957242,cafe,4.2,241,OPERATIONAL
1405,شاي وسمسم,26.2098895,50.1995201,cafe,4.4,334,OPERATIONAL
1406,Dose Cafe,26.2028767,50.1957731,cafe,4.2,1096,OPERATIONAL
1407,Dunkin' - دانكن,26.200622,50.194707,cafe,4.1,865,OPERATIONAL
1408,VIAL,26.2017646,50.1950811,cafe,4.6,355,OPERATIONAL
1409,ديلي كب Daily cup,26.2015775,50.2039537,cafe,4,124,OPERATIONAL
1410,Moroccan Taste,26.2032378,50.1970968,cafe,4.2,647,OPERATIONAL
1411,شاي نوح,26.2015976,50.1996486,cafe,4.7,280,OPERATIONAL
1412,Starbucks,26.2052948,50.196493,cafe,4,599,OPERATIONAL
1413,coffee handle,26.2163739,50.193752,cafe,4.6,285,OPERATIONAL
1414,شاي سكر,26.2015049,50.2016576,cafe,4.6,245,OPERATIONAL
1415,Rasa,26.2165019,50.1928631,cafe,4.7,192,OPERATIONAL
1416,ديوانية المتكى الشعبي,26.2045574,50.1975224,cafe,3.9,557,OPERATIONAL
1417,Cinnabon,26.2024839,50.1952596,cafe,4.4,91,OPERATIONAL
1418,Mantorose Cafe,26.2019417,50.1890446,cafe,4.1,72,OPERATIONAL
1419,WHITE HORSE,26.2078487,50.202378,cafe,4.3,398,OPERATIONAL
1420,Dunkin' - دانكن,26.211986,50.208272,cafe,4.1,873,OPERATIONAL
1421,IVY Restaurant & Cafè مطعم و مقهى ايفي,26.1993445,50.2122387,cafe,4.6,489,OPERATIONAL
1422,اوشا | OSHA,26.2022146,50.2124716,cafe,4.7,220,OPERATIONAL
1423,Barn's | بارنز,26.2013771,50.2080815,cafe,4.3,219,OPERATIONAL
1424,هذب للقهوة المختصة,26.2145353,50.2129087,cafe,4.8,189,OPERATIONAL
1425,دكان وافل,26.2100982,50.2036587,cafe,4.2,153,OPERATIONAL
1426,Lujj Cafe,26.2135323,50.202456,cafe,4.7,73,OPERATIONAL
1427,Rivera Compound-jofferys cafe,26.2001904,50.2191536,cafe,4.4,25,OPERATIONAL
1428,24Cafe,26.2168903,50.1843414,cafe,4.2,918,OPERATIONAL
1429,Lialy Marrakech Cafe,26.2166821,50.1764895,cafe,3.8,220,OPERATIONAL
1430,مقهى كهف الأسود,26.2162857,50.1774201,cafe,3.6,29,OPERATIONAL
1431,مقهى الرواق العربي,26.2228983,50.182404,cafe,3.7,241,OPERATIONAL
1432,مقهى ديوانية الحلى والكيف,26.2171802,50.1852126,cafe,4,82,OPERATIONAL
1433,McCafé,26.2157387,50.1793025,cafe,2.5,46,OPERATIONAL
1434,Barn's | بارنز,26.216987300000003,50.1849484,cafe,3.3,27,OPERATIONAL
1435,Al-Fanar Coffee,26.2154489,50.1792635,cafe,3.8,32,OPERATIONAL
1436,مقهى رمال أوس,26.2207212,50.184179,cafe,4.1,9,OPERATIONAL
1437,Saqr Al-Rafidain Coffee Shop for Drinks,26.2250521,50.1840226,cafe,3.5,33,OPERATIONAL
1438,بلو سكاي,26.2155692,50.1797704,cafe,2.9,8,OPERATIONAL
1439,مقهى الناصر,26.2247065,50.1837276,cafe,4,1,OPERATIONAL
1440,Starbucks,26.2300772,50.1954915,cafe,4.4,125,OPERATIONAL
1441,Tim Hortons,26.2314414,50.1939287,cafe,4.2,122,OPERATIONAL
1442,Barn's | بارنز,26.2316642,50.1941112,cafe,4.5,99,OPERATIONAL
1443,Diwaniya Zaman Baraka,26.217178,50.2034874,cafe,4,190,OPERATIONAL
1444,قهوة طويق - Drive-thru,26.2240858,50.1962168,cafe,4,85,OPERATIONAL
1445,Road Café | قهوة الطريق,26.2318335,50.1942493,cafe,4.2,35,OPERATIONAL
1446,Gacela Cafe,26.2165803,50.1934009,cafe,4.7,103,OPERATIONAL
1447,بوفيه ليالي الشرقية,26.2152058,50.1894388,cafe,4.1,81,OPERATIONAL
1448,maquod Cafe مقهى معقود للمشروبات والمأكولات,26.2085228,50.1911699,cafe,4.3,216,OPERATIONAL
1449,Al Seef Cafe,26.222484,50.2192065,cafe,4.2,1246,OPERATIONAL
1450,Starbucks,26.2203348,50.213007,cafe,4.1,1251,OPERATIONAL
1451,Bunah specialty coffee محمصة بنة,26.2204861,50.2125983,cafe,4.5,1009,OPERATIONAL
1452,سكَّة كرك - Sikkat Karak,26.2174999,50.2073113,cafe,4.6,784,OPERATIONAL
1453,PAUSE CAFE,26.2200573,50.2124637,cafe,4.4,253,OPERATIONAL
1454,مطعم ولاونج فونتون VONTONE LOUNGE,26.2230711,50.2166728,cafe,4,136,OPERATIONAL
1455,Boston's Cafe,26.2110259,50.2127662,cafe,4.5,354,OPERATIONAL
1456,قهوة الطريق | Road Café,26.2183639,50.208407,cafe,4,27,OPERATIONAL
1457,Barn's | بارنز,26.2151786,50.21302490000001,cafe,3.9,31,OPERATIONAL
1458,ريفيو الخبر review,26.2100467,50.2084084,cafe,4.7,133,OPERATIONAL
1459,بوكس للقهوه | BOX speciality coffee,26.2162517,50.2069921,cafe,4.2,52,OPERATIONAL
1460,Barn's | بارنز,26.2150431,50.2070698,cafe,4.1,41,OPERATIONAL
1461,Dunkin' - دانكن,26.218937500000003,50.2101875,cafe,3.9,22,OPERATIONAL
1462,السيف-كافيه—جسرالبحرين,26.2223473,50.2193117,cafe,4.8,4,OPERATIONAL
1463,مقهى سما,26.2204611,50.2129538,cafe,4.7,10,OPERATIONAL
1466,Rolan Lounge,26.2334521,50.2156704,cafe,4.4,78,OPERATIONAL
1467,بكلو Piccolo,26.2350195,50.2137004,cafe,4.3,16,OPERATIONAL
1468,Chemistry cafe drive through Alhamra,26.2350518,50.2135679,cafe,4.5,15,OPERATIONAL
1469,قهوجي الخبر الدمام قهوجيات الخبر قهوجيين الجبيل,26.2694115,50.1897971,cafe,4.7,14,OPERATIONAL
1470,ديوانية قدوع,26.2694829,50.1899894,cafe,3.8,128,OPERATIONAL
1471,Ihk,26.2669213,50.194347,cafe,5,1,OPERATIONAL
1472,Love coffee,26.263794,50.2071695,cafe,4.5,22,OPERATIONAL
1473,Karak Al Majlis,26.265038,50.2091877,cafe,4.8,8,OPERATIONAL
1474,حكاية حلى ومالح,26.2651029,50.2091599,cafe,4.2,9,OPERATIONAL
1475,كفترياء حاتم,26.2787665,50.1845183,cafe,4.2,9,OPERATIONAL
1476,مقهى وديوانيه سجة بال,26.2813515,50.1819383,cafe,4.8,14,OPERATIONAL
1477,قهوجين رجال ونساء طاولات زل كراسي ولدينا الاستعداد لتجهيز مناسباتك من والى,26.2755318,50.185318,cafe,No rating,No reviews,OPERATIONAL
1478,مقهى الطموح لتقديم المشروبات,26.2736665,50.1870218,cafe,4,5,OPERATIONAL
1479,قهوجين وصبابين الخبر,26.2785801,50.185217,cafe,4.7,6,OPERATIONAL
1480,بلو سكاي,26.2854852,50.1940123,cafe,3.7,49,OPERATIONAL
1481,مقهى ميس وريم,26.287373,50.1940305,cafe,4.3,56,OPERATIONAL
1482,رمس الشرق كافية east rms cafe,26.288749,50.1909373,cafe,4.4,103,OPERATIONAL
1483,مقهى ومحمصة كوفيكا,26.2837112,50.2202112,cafe,4.5,905,OPERATIONAL
1484,marfa speciality coffee,26.2802157,50.2163968,cafe,4.9,132,OPERATIONAL
1485,Boba T - Bubble Tea,26.2808777,50.2132805,cafe,4.7,302,OPERATIONAL
1486,Starbucks,26.283472,50.219667,cafe,4.2,1479,OPERATIONAL
1487,محمصة الخيل الأسود، Black Horse,26.2855396,50.2182602,cafe,4.5,118,OPERATIONAL
1488,Starbucks,26.302011600000004,50.177419,cafe,4.1,229,OPERATIONAL
1489,Tim Hortons,26.2993125,50.1815625,cafe,4.2,1069,OPERATIONAL
1490,Abu Shanab Tea,26.3027082,50.1788249,cafe,4.5,139,OPERATIONAL
1491,Dunkin' - دانكن,26.304594,50.198544,cafe,4.1,1092,OPERATIONAL
1492,Aged | ايجد,26.2991968,50.202166,cafe,4.7,284,OPERATIONAL
1493,Hassad Coffee Roasters | محمصة حصاد,26.299905,50.2171526,cafe,4.8,628,OPERATIONAL
1494,Sikka Karak,26.300733200000003,50.2149289,cafe,4.3,1136,OPERATIONAL
1495,مطعم وكافيه هذبه,26.3100715,50.1690784,cafe,4.7,394,OPERATIONAL
1496,Leaf Bakery Cafe,26.3101209,50.1689869,cafe,4.1,314,OPERATIONAL
1497,Motion cafe,26.3104733,50.1690681,cafe,4.5,6,OPERATIONAL
1498,Caffeination,26.3074576,50.1786831,cafe,4.1,1252,OPERATIONAL
1499,Lily Cafe & Flowers,26.305422,50.1831744,cafe,4.5,2520,OPERATIONAL
1500,Starbucks,26.3045205,50.1992484,cafe,4.2,1680,OPERATIONAL
1501,Quarter Coffee 1/4 | كوارتر كوفي,26.305033,50.1954861,cafe,4.8,250,OPERATIONAL
1502,زاريا دار و قهوة |Zaria House,26.2986397,50.212375900000005,cafe,4.7,450,OPERATIONAL
1503,شاي ممر,26.327524,50.1508823,cafe,4.6,118,OPERATIONAL
1504,jū specialty coffee,26.336869,50.1373255,cafe,4.3,141,OPERATIONAL
1505,graph,26.321355200000003,50.2198523,cafe,4.3,508,OPERATIONAL
1506,CORE COFFEE & ROASTERY,26.3250433,50.207589600000006,cafe,4.4,535,OPERATIONAL
1507,Dunkin' - دانكن,26.319795400000004,50.2080073,cafe,3.7,450,OPERATIONAL
1508,VARDØ,26.3214095,50.2197,cafe,4.1,1624,OPERATIONAL
1509,Crafter Cafe مقهى كرافتر,26.3177915,50.222802,cafe,4.1,1757,OPERATIONAL
1510,Ballet,26.3173422,50.2228915,cafe,4.1,1745,OPERATIONAL
1511,Starbucks,26.3164088,50.2231283,cafe,4.2,1358,OPERATIONAL
1512,Troy Coffee Lounge. The HUB of the coffee(مركز القهوة),26.3176473,50.2233873,cafe,4.5,502,OPERATIONAL
1513,فيلوتشي | Veloce,26.319971,50.22268510000001,cafe,4.3,842,OPERATIONAL
1514,بلو سكاي blue sky,26.3490798,50.0515625,cafe,3.7,47,OPERATIONAL
1515,استراحه اشرب چااي و روح,26.354823000000003,50.0613259,cafe,4.5,20,OPERATIONAL
1516,Blend café | مقهى بلِند,26.3534667,50.0608885,cafe,4.7,34,OPERATIONAL
1517,بلو سكاي كافية,26.3538252,50.0774123,cafe,4.3,6,OPERATIONAL
1518,كوفي 7DON,26.3568832,50.0607352,cafe,4.6,43,OPERATIONAL
1519,عربي برو ArabiBrew,26.3564643,50.0699645,cafe,4.6,39,OPERATIONAL
1520,رموز الشاي,26.3520899,50.09357790000001,cafe,5,12,OPERATIONAL
1521,إستكانة الشعلة,26.3529605,50.0973347,cafe,4.9,12,OPERATIONAL
1522,شاهي ورقاق,26.3531784,50.0977749,cafe,5,25,OPERATIONAL
1523,Juice and salad,26.3529167,50.0977222,cafe,5,1,OPERATIONAL
1524,مكتبة قراءاتي | Qeraaty Library,26.3430472,50.1482741,cafe,4.8,27,OPERATIONAL
1525,Krispy Kreme,26.3390656,50.1526791,cafe,4,34,OPERATIONAL
1526,Blue Sky Coffee بلوسكي كوفي الدوحة,26.3403125,50.1550625,cafe,4,19,OPERATIONAL
1527,Starbucks,26.345293,50.186858,cafe,4.3,424,OPERATIONAL
1528,la mode coffee & more,26.3410608,50.1795251,cafe,4.3,4,OPERATIONAL
1529,Boofiya,26.3442889,50.1796621,cafe,1.5,4,OPERATIONAL
1530,كفتيريا قدري محمد,26.338098,50.1653331,cafe,3.8,6,OPERATIONAL
1531,Azores Restaurant & Cafe,26.3486371,50.1868335,cafe,4.4,50,OPERATIONAL
1532,Elpida Cafe & Roastery,26.3509134,50.2117658,cafe,5,1,OPERATIONAL
1533,Dunkin,26.3725804,50.0991266,cafe,3.9,447,OPERATIONAL
1534,شاي بن شريوف,26.3696898,50.0910746,cafe,4.7,664,OPERATIONAL
1535,22 Café,26.3779702,50.1035936,cafe,4.3,1026,OPERATIONAL
1536,BRIGHT,26.372607400000003,50.098767,cafe,4.6,283,OPERATIONAL
1537,Carlton Lounge Resto-Cafe,26.3667534,50.1860703,cafe,4,1,OPERATIONAL
1538,Olabs Café Drive Thru,26.3629735,50.1986102,cafe,3.7,116,OPERATIONAL
1539,Road Café | قهوة الطريق,26.3616392,50.1961493,cafe,4.2,727,OPERATIONAL
1540,ريفينير,26.3746559,50.227042,cafe,No rating,No reviews,OPERATIONAL
1541,Dunkin' - دانكن,26.3875239,50.075126,cafe,4,137,OPERATIONAL
1542,Karak wa shapaty,26.372417,50.0637454,cafe,3.9,108,OPERATIONAL
1543,Blue Sky Coffee بلو سكاي كوفي الفيصلية,26.3853022,50.059785700000006,cafe,4,246,OPERATIONAL
1544,مقهى ومحمصة سمبلسيتي | Simplicity cafe & roastery,26.3784924,50.0588688,cafe,4.6,40,OPERATIONAL
1545,Free Moments Coffeeلحظات الفراغ,26.3836692,50.0966808,cafe,4.1,211,OPERATIONAL
1546,كنافة مختص,26.3711028,50.0855067,cafe,4.6,235,OPERATIONAL
1547,Chapati & Karak,26.3839714,50.0964889,cafe,3.8,118,OPERATIONAL
1548,Spill coffee|قهوة سبل,26.3826192,50.1042533,cafe,4.8,125,OPERATIONAL
1549,Blendday Coffee,26.3819818,50.1042659,cafe,4.8,174,OPERATIONAL
1550,Road Café | قهوة الطريق,26.380675,50.10362,cafe,4.3,754,OPERATIONAL
1551,Wafflelicious وافليشز,26.3826569,50.1043061,cafe,4,485,OPERATIONAL
1552,THiRDWAVE | Al Nuzha | ثيردويڤ النزهة,26.3829514,50.1045126,cafe,4.8,96,OPERATIONAL
1553,Avens Bistro ( Al Youm Tower),26.3792034,50.1702173,cafe,5,4,OPERATIONAL
1554,Low.coffee,26.4026526,50.1053325,cafe,4.8,381,OPERATIONAL
1555,Starbucks,26.3992743,50.1049799,cafe,3.9,258,OPERATIONAL
1556,الكرك,26.4016919,50.1051332,cafe,3.7,130,OPERATIONAL
1557,فود ترك سدرة,26.3914723,50.2339785,cafe,4.6,31,OPERATIONAL
1558,شاي وتم,26.3914213,50.2339095,cafe,5,36,OPERATIONAL
1559,شاي منَعنَع,26.3949435,50.2316879,cafe,4.9,13,OPERATIONAL
1560,شاهي ركن,26.3915225,50.2338357,cafe,4.8,16,OPERATIONAL
1561,شاي الدعزاز,26.3951998,50.231582,cafe,5,12,OPERATIONAL
1562,شاهي يناير,26.3922598,50.2333583,cafe,5,22,OPERATIONAL
1563,استراحة ناس,26.1679096,50.1538264,cafe,4.6,9,OPERATIONAL
1564,ركن حاسة القهوة,26.1847472,50.1647272,cafe,4.4,65,OPERATIONAL
1565,Coffee Daaj,26.1871902,50.1792165,cafe,No rating,No reviews,OPERATIONAL
1566,Palm Beach Coffee Shop,26.1906808,50.0209818,cafe,4,127,OPERATIONAL
1567,كافية منتجع شاطئ النخيل,26.1891875,50.0206875,cafe,4.1,17,OPERATIONAL
1568,Al-Seef Cafe,26.2033964,50.0300328,cafe,4,1789,OPERATIONAL
1569,Dunkin' - دانكن,26.202072,50.025075,cafe,4,1943,OPERATIONAL
1570,بلو سكاي,26.2031514,50.02612250000001,cafe,3.4,16,OPERATIONAL
1571,Mantorose Cafe,26.1976564,50.0461934,cafe,3.9,520,OPERATIONAL
1572,مقهى تربيعة وكيف,26.1849606,50.1647389,cafe,4.4,35,OPERATIONAL
1573,الشاي المخدر,26.1841098,50.1647387,cafe,3.3,20,OPERATIONAL
1574,مقهى النشامى واحد,26.1839466,50.1647608,cafe,5,1,OPERATIONAL
1575,Fahed restaurant and coffee shop,26.2012373,50.1971963,cafe,4.6,197,OPERATIONAL
1576,Blue sky بلو سكاي,26.2030924,50.1971203,cafe,3.2,40,OPERATIONAL
1577,كنافة الأرجوان,26.2018404,50.2039177,cafe,4.9,148,OPERATIONAL
1578,القهوة المثالية فرع الجسر,26.201022400000003,50.2050258,cafe,4.3,63,OPERATIONAL
1579,Blo Coffee بلو كوفي,26.21323,50.208428,cafe,5,2,OPERATIONAL
1580,Tobacco cafe,26.2108939,50.21271970000001,cafe,5,5,OPERATIONAL
1581,costa coffee,26.2300678,49.9978529,cafe,4.8,81,OPERATIONAL
1582,Blue Sky Coffee,26.2792281,50.1873873,cafe,2.8,13,OPERATIONAL
1583,بوفية نور الشروق,26.2732659,50.1887101,cafe,4.3,7,OPERATIONAL
1584,مقهى نكست,26.2747197,50.2055189,cafe,4,17,OPERATIONAL
1585,Bagelato Cafe,26.2784299,50.2184887,cafe,3.9,433,OPERATIONAL
1586,TEA DELIGHT,26.277094,50.2152116,cafe,4.5,26,OPERATIONAL
1587,كرك زيد,26.2750625,50.2130412,cafe,5,1,OPERATIONAL
1588,Cafe culture,26.2910731,50.1799142,cafe,2.8,270,OPERATIONAL
1589,Pianolla Cafe,26.2920954,50.1741816,cafe,3.9,174,OPERATIONAL
1590,Tim Hortons,26.2906847,50.1808929,cafe,5,12,OPERATIONAL
1591,Ummi's Cafe,26.2937983,50.1950349,cafe,4,56,OPERATIONAL
1592,شاي مراميه Maramia,26.2894451,50.2163698,cafe,4.5,588,OPERATIONAL
1593,Poca Coffee & Tiramisu,26.2907587,50.2157701,cafe,4.6,207,OPERATIONAL
1594,DYJOR Coffee Roasters,26.2885703,50.2176248,cafe,4.8,216,OPERATIONAL
1595,قمرا | Qamra,26.2888869,50.217946,cafe,4.8,266,OPERATIONAL
1596,مزل قهوة سعودية,26.2889892,50.217899800000005,cafe,4.8,212,OPERATIONAL
1597,happiness cups,26.2895046,50.2186074,cafe,4.9,320,OPERATIONAL
1598,ريشيو الخبر الشمالية | Ratio Al Khobar Alshmalyah,26.2966429,50.2190438,cafe,4.5,484,OPERATIONAL
1599,Khobar,26.3056414,50.2273146,cafe,4.3,3,OPERATIONAL
1600,Tulum cafe,26.3088888,50.1698452,cafe,3.8,187,OPERATIONAL
1601,Starbucks,26.3122032,50.1778169,cafe,4,49,OPERATIONAL
1602,Derby Coffee,26.3247028,50.2277444,cafe,3.8,2320,OPERATIONAL
1603,The Swan Coffee,26.3193895,50.2297014,cafe,2.3,40,OPERATIONAL
1604,Brain Coffee,26.3133171,50.2288326,cafe,4.4,12,OPERATIONAL
1605,مقهى سماورد الشعبي,26.3474501,50.0457191,cafe,3.4,17,OPERATIONAL
1606,ريحانة الشاي,26.3483992,50.0428914,cafe,4.3,40,OPERATIONAL
1607,الدار كافيه,26.3342561,50.1810236,cafe,5,1,OPERATIONAL
1608,COFFÉA,26.3249637,50.2066666,cafe,3.8,1359,OPERATIONAL
1609,ارتشي,26.3278666,50.21254810000001,cafe,4.6,43,OPERATIONAL
1610,Mantorose Cafe,26.3300436,50.2128403,cafe,4.5,129,OPERATIONAL
1611,Starbucks,26.3340287,50.2121185,cafe,4.1,1112,OPERATIONAL
1612,10 ° Coffee House,26.3303042,50.2127118,cafe,4.2,785,OPERATIONAL
1613,FAKHRIYAH 3,26.3302048,50.2129644,cafe,No rating,No reviews,OPERATIONAL
1614,La amour,26.3256532,50.2218529,cafe,5,1,OPERATIONAL
1615,آرت,26.3256532,50.2218529,cafe,3,1,OPERATIONAL
1616,القهوه المثاليه ( الندى),26.3657957,50.070594,cafe,4,76,OPERATIONAL
1617,ايس لوفر | ICE LOVER,26.3685979,50.0922905,cafe,4.2,57,OPERATIONAL
1618,مقهى ومحمصة مخا Mocha Coffee Roasters,26.3510007,50.2114341,cafe,4.2,306,OPERATIONAL
1619,Chala,26.3517083,50.211572800000006,cafe,4.6,557,OPERATIONAL
1620,SPELL,26.3513122,50.2112171,cafe,4.1,236,OPERATIONAL
1621,Carpet Cafe & Brunch,26.3514665,50.2115244,cafe,4.6,552,OPERATIONAL
1622,كاريبو كوفي - Caribou Coffee,26.35459,50.209157,cafe,4.1,211,OPERATIONAL
1623,كشيدة,26.3519048,50.2113148,cafe,4.7,315,OPERATIONAL
1624,التورا كوفي Altura coffee,26.3516679,50.2116674,cafe,4.8,1545,OPERATIONAL
1625,Tim hortons,26.3516643,50.211089,cafe,4.3,91,OPERATIONAL
1626,Starbucks,26.351871,50.21101,cafe,4.4,30,OPERATIONAL
1627,White Moon,26.3513988,50.2117447,cafe,4.1,159,OPERATIONAL
1628,Shorafat park,26.351614,50.2116625,cafe,No rating,No reviews,OPERATIONAL
1629,Omnya Cafe & Boutique,26.3513439,50.2108005,cafe,5,9,OPERATIONAL
1630,شاهي ابو تركي,26.3875667,50.0082441,cafe,No rating,No reviews,OPERATIONAL
1631,تمريات فاخرة الفيصلية,26.3837505,50.0305608,cafe,5,1,OPERATIONAL
1632,Mantorose Cafe | مانتوروز كافيه,26.3788167,50.0494719,cafe,4.1,53,OPERATIONAL
1633,جمارة,26.3726014,50.0553798,cafe,4.2,126,OPERATIONAL
1634,مُتسَع,26.3796631,50.1035154,cafe,4.8,112,OPERATIONAL
1635,أصدقاء الشاي,26.37825,50.1035833,cafe,4.7,113,OPERATIONAL
1636,Starbucks,26.3633086,50.1997022,cafe,4.5,79,OPERATIONAL
1637,شاي الهام,26.3817592,50.2344378,cafe,No rating,No reviews,OPERATIONAL
1638,شاهي قديم,26.3857833,50.2360646,cafe,4.7,27,OPERATIONAL
1639,شاي المنآخ,26.3852726,50.2359513,cafe,4.7,25,OPERATIONAL
1640,Krispy Kreme FAYSALIA,26.3985307,50.0682312,cafe,4.2,749,OPERATIONAL
1641,Bogota Cafe,26.3982856,50.0465563,cafe,4,371,OPERATIONAL
1642,Al-Fanar Coffee,26.398191500000003,50.0426679,cafe,4,204,OPERATIONAL
1643,Road Café | قهوة الطريق,26.3987567,50.0472337,cafe,4.5,43,OPERATIONAL
1644,ديلي كب Daily cup,26.4122775,50.0550129,cafe,4.7,25,OPERATIONAL
1645,محمصة و مقهى عصر,26.4075466,50.0662667,cafe,4.5,405,OPERATIONAL
1646,Dallat Al Faisaliah,26.4031736,50.0715074,cafe,4,498,OPERATIONAL
0,KFC,26.2446774,49.9814928,restaurant,3.9,1341,OPERATIONAL
1,Apsara Restaurant,26.2410518,49.974508,restaurant,3.7,338,OPERATIONAL
2,Sakbe Restaurant,26.2454121,49.9815698,restaurant,3.9,646,OPERATIONAL
3,Golden Oven Bokhari Restaurant,26.2385147,49.9719934,restaurant,3.8,1247,OPERATIONAL
4,Rakan Al-Bukhari Restaurants,26.2454172,49.9817114,restaurant,3.4,366,OPERATIONAL
5,فوال نور الصباح,26.2453125,49.9815625,restaurant,4,261,OPERATIONAL
6,Taj Al Masi Broasted,26.2411641,49.9742551,restaurant,4,293,OPERATIONAL
7,كفتيريا و بوفيه جبل الزيتون,26.2448795,49.9812879,restaurant,4.5,69,OPERATIONAL
8,Harakat al barakat restaurant,26.2367756,49.9698608,restaurant,4,86,OPERATIONAL
9,Eastern Delight,26.2381677,49.9720491,restaurant,4.1,38,OPERATIONAL
10,FUNNY DUCK,26.2448194,49.9813657,restaurant,3.9,45,OPERATIONAL
11,Iconic restaurant 1,26.2383342,49.9718487,restaurant,3.8,14,OPERATIONAL
12,Modon Lake Restaurant,26.2366255,49.9695566,restaurant,4,132,OPERATIONAL
13,Maimoona Restaurant,26.2365982,49.9694226,restaurant,3.6,25,OPERATIONAL
14,Mehmoona Restaurant,26.2411085,49.9743615,restaurant,3.7,17,OPERATIONAL
15,RESTAURANT RUKAN MULTAN مطعم ركن ملتان,26.2408609,49.9741297,restaurant,4.8,6,OPERATIONAL
16,Nouf Restaurant,26.2385833,49.971801,restaurant,3.8,180,OPERATIONAL
17,قمر الضواحي,26.2413861,49.9740949,restaurant,4.3,6,OPERATIONAL
18,Fast food restaurant,26.2452083,49.9815758,restaurant,3.7,49,OPERATIONAL
19,food & drinks,26.2413034,49.9983703,restaurant,4.7,15,OPERATIONAL
20,بوفية سفرة اليوم للوجبات السريعة,26.2411674,49.99804710000001,restaurant,5,4,OPERATIONAL
21,حكاية,26.2502021,49.9857523,restaurant,5,1,OPERATIONAL
22,Ghaim Kitchen,26.2559965,50.0702991,restaurant,5,34,OPERATIONAL
23,Madhghoot Tehamah(MT),26.2498583,50.1987685,restaurant,4.2,1172,OPERATIONAL
24,بوفيه نورالشرق,26.2614509,50.1905729,restaurant,4,10,OPERATIONAL
25,مطعم المضغوط الناضج,26.2500382,50.2016596,restaurant,4,652,OPERATIONAL
26,مطاعم البراري البخاري,26.2500547,50.2015969,restaurant,4,259,OPERATIONAL
27,Modon Alam Pakistani Restaurant,26.2398736,50.1993469,restaurant,4.3,97,OPERATIONAL
28,Barn's | بارنز,26.2502376,50.2026869,restaurant,3.9,19,OPERATIONAL
29,Silver Tower Restaurant,26.2493309,50.1996867,restaurant,3.9,215,OPERATIONAL
30,مطعم الشام القديمة,26.2493295,50.1986567,restaurant,4.1,96,OPERATIONAL
31,مطعم وبروستد الشام الاسكان,26.2495795,50.2007978,restaurant,3.8,172,OPERATIONAL
32,Buffet AlSaada,26.250128,50.201624,restaurant,3.8,127,OPERATIONAL
33,Cafeteria Nalukettu,26.2495788,50.2007182,restaurant,3.8,135,OPERATIONAL
34,Sagar Restaurant,26.254437,50.201758,restaurant,3.7,30,OPERATIONAL
35,مطعم حارة البركة 3,26.2570441,50.2021314,restaurant,4,83,OPERATIONAL
36,Snackhouse Central Kitchen,26.2443565,50.1997141,restaurant,4.5,39,OPERATIONAL
37,O Burger,26.2386946,50.1984013,restaurant,3.9,24,OPERATIONAL
38,كافتيريا ساندوتش غير - Different Sandwiches,26.2460154,50.2001056,restaurant,3.6,152,OPERATIONAL
39,بوفية سعد,26.2562335,50.1939566,restaurant,3.7,36,OPERATIONAL
40,فوال و مخبز نور الصباح,26.2494638,50.1997563,restaurant,4.5,11,OPERATIONAL
41,بوفية مبروك,26.255105,50.2017693,restaurant,3.9,16,OPERATIONAL
42,بوفية زهور الخبر,26.2600639,50.19768690000001,restaurant,3.8,82,OPERATIONAL
43,Blue Garden Restaurant Khobar,26.2551003,50.221004,restaurant,4.1,11005,OPERATIONAL
44,Bait AlRobyan,26.2509153,50.2151533,restaurant,4.5,2146,OPERATIONAL
45,Chef Eyad Khobar,26.2555732,50.2210499,restaurant,4.6,3674,OPERATIONAL
46,ceasario,26.2554416,50.2207226,restaurant,4,875,OPERATIONAL
47,مطعم لارتيستوLartisto,26.250819,50.2152641,restaurant,4.6,315,OPERATIONAL
48,Herfy,26.257799400000003,50.2037926,restaurant,3.6,621,OPERATIONAL
49,نكهة أماسينا للولائم والحفلات الخارجية,26.2601191,50.2041041,restaurant,4.2,286,OPERATIONAL
50,Reem AlKhobar Sweets,26.2507019,50.2118492,restaurant,4.3,279,OPERATIONAL
51,SHAWARMA & FALAFEL MUHALHIL,26.2568406,50.2037006,restaurant,3.5,273,OPERATIONAL
52,Tim Hortons,26.2406788,50.21445250000001,restaurant,4,239,OPERATIONAL
53,Voile Nour Al-Sabah,26.257583500000003,50.2037409,restaurant,3.5,106,OPERATIONAL
54,Oriya,26.2558523,50.2210788,restaurant,4,3711,OPERATIONAL
55,Ocean,26.2557565,50.2211446,restaurant,3.5,1864,OPERATIONAL
56,Tasty Burger البرقر اللذيذ,26.2506786,50.2122657,restaurant,4.4,52,OPERATIONAL
57,فوال الخبزة الساخنة,26.2506599,50.2120188,restaurant,4,12,OPERATIONAL
58,مطعم كروان الشرق,26.2506243,50.2116068,restaurant,4.8,6,OPERATIONAL
59,بوفيه حسن خواجي لتقديم الوجبات,26.2507324,50.2115345,restaurant,4.5,6,OPERATIONAL
60,فوال أحلى عدس لتقديم الوجبات,26.2507417,50.2128708,restaurant,5,4,OPERATIONAL
61,Our Hamat transportation company.,26.2738616,49.9882795,restaurant,4.4,39,OPERATIONAL
62,McDonald's,26.2654423,50.0705652,restaurant,3,247,OPERATIONAL
63,معجنات أفران أجيال,26.2658848,50.07091930000001,restaurant,4.5,146,OPERATIONAL
64,Anjar Restaurant مطعم عنجر للمعجنات والشاورما,26.2658942,50.070705100000005,restaurant,4,274,OPERATIONAL
65,شواية اجيال,26.2659904,50.072078,restaurant,4.1,198,OPERATIONAL
66,Ovlo,26.2658845,50.0705512,restaurant,4.5,110,OPERATIONAL
67,Subway,26.2655225,50.0712506,restaurant,4.8,146,OPERATIONAL
68,مطعم زنبق الشام (شاورما_برجر) عالفحم,26.2658843,50.0705618,restaurant,4.3,99,OPERATIONAL
69,ورق عنب سوما | Soma Grape Leaves,26.2661043,50.0715299,restaurant,4.9,86,OPERATIONAL
70,قصر لبدة,26.2654347,50.0707795,restaurant,5,2,OPERATIONAL
71,باستا واندومي اسرع لقمه,26.2657543,50.0708663,restaurant,4.1,34,OPERATIONAL
72,مطعم رشتة,26.2657492,50.0715265,restaurant,4.3,14,OPERATIONAL
73,كبدة حجازي، حي الثقبة,26.2702452,50.18668350000001,restaurant,4,1525,OPERATIONAL
74,Traghif,26.2731102,50.1854834,restaurant,4.9,134,OPERATIONAL
75,Burger Al Mashwi برجر المشوی,26.2694549,50.1869325,restaurant,4.9,9,OPERATIONAL
76,كبة قدورة,26.2696827,50.1869135,restaurant,3.9,8,OPERATIONAL
77,مطعم رايق,26.2704106,50.1928548,restaurant,4.1,2395,OPERATIONAL
78,Belad Al Sham Grills & Resturant,26.2746926,50.1900114,restaurant,4.2,6155,OPERATIONAL
79,Peshawari Kabab House,26.2722067,50.1945545,restaurant,4.2,5120,OPERATIONAL
80,Shwaiat Al-Khalij,26.2694231,50.1899172,restaurant,4.1,4995,OPERATIONAL
81,Abu Hilal Resturant .,26.2707389,50.1937917,restaurant,4.3,4506,OPERATIONAL
82,RAYG Restaurant,26.2768731,50.1953473,restaurant,4.2,2316,OPERATIONAL
83,Kufa,26.2800573,50.1918481,restaurant,4.1,2847,OPERATIONAL
84,مطعم عيال بحر,26.268876,50.1872777,restaurant,4.2,2178,OPERATIONAL
85,Shawaya House,26.272347,50.1951582,restaurant,3.8,1809,OPERATIONAL
86,‏سمبوسة الشرق الاوسط الثقبة الخبر,26.2782168,50.1908089,restaurant,4.1,351,OPERATIONAL
87,مطعم مورغي,26.278467,50.1831141,restaurant,4.2,277,OPERATIONAL
88,Fillfilah فلفلة,26.269262,50.189323,restaurant,3.4,1925,OPERATIONAL
89,Rummaan Hyderabadi Restaurant - Thoqba,26.277554100000003,50.1932628,restaurant,3.8,221,OPERATIONAL
90,GRILL MEAL RESTAURANT THOUQBHA,26.2746153,50.1921146,restaurant,3.8,427,OPERATIONAL
91,Al HABIB RESTAURANT,26.271913,50.1932652,restaurant,4.1,222,OPERATIONAL
92,Lahza shawarma,26.269518200000004,50.1910937,restaurant,3.9,970,OPERATIONAL
93,Shwaiat Al-Khalij,26.2783119,50.190163,restaurant,4.2,73,OPERATIONAL
94,Aleppo Castle Restaurant,26.272636,50.1990971,restaurant,4.1,1296,OPERATIONAL
95,Al Rukun Al Tazaj,26.2700074,50.1916164,restaurant,4.3,1076,OPERATIONAL
96,مطعم الرغيف مصرى,26.2752283,50.1905081,restaurant,3.8,164,OPERATIONAL
97,Dugheither Leisure Island,26.2724065,50.2206811,restaurant,4.4,3316,OPERATIONAL
98,Golden Gate Restaurant Alkhobar Corniche مطعم جولدن جيت الخبر كورنيش,26.2722142,50.2155474,restaurant,4.3,3327,OPERATIONAL
99,Palm Grove Restaurant,26.2771936,50.2121219,restaurant,3.9,1652,OPERATIONAL
100,Sun Room Cafe & Restaurant,26.2721477,50.2211776,restaurant,3.7,4253,OPERATIONAL
101,Raising Cane's,26.268501500000003,50.2162229,restaurant,4.6,2422,OPERATIONAL
102,Karam Beirut - Al Khobar,26.2723521,50.2211958,restaurant,4.2,6236,OPERATIONAL
103,Salkara Family Restaurant,26.278311,50.2036669,restaurant,4,3257,OPERATIONAL
104,Shalimar Restaurant,26.2760473,50.2107317,restaurant,4.1,4180,OPERATIONAL
105,Shekhdar,26.2724916,50.2161857,restaurant,4.6,1333,OPERATIONAL
106,Raye Mashwyat / Grill Patron,26.2693907,50.2068115,restaurant,4.4,5161,OPERATIONAL
107,مطعم باجه وكباب عراقي الخبر,26.2711727,50.210924000000006,restaurant,3.9,580,OPERATIONAL
108,McDonald's,26.266577,50.212969,restaurant,3.8,2118,OPERATIONAL
109,Brasa De Brazil Khobar,26.2720203,50.2205671,restaurant,4.2,5165,OPERATIONAL
110,South Street Restaurant,26.274315,50.2155031,restaurant,4.3,386,OPERATIONAL
111,Sanbok Restaurant,26.2718302,50.2207358,restaurant,3.7,3637,OPERATIONAL
112,Taj al Hind Bollywood Kitchen,26.2668778,50.2127616,restaurant,4.8,4594,OPERATIONAL
113,Egah Restaurant & Cafe - مطعم ايجه,26.2717584,50.2209392,restaurant,4.1,593,OPERATIONAL
114,Anjappar Indian Restaurant - Khobar,26.2698125,50.2163125,restaurant,3.7,1375,OPERATIONAL
115,Melrose Lounge,26.2767687,50.2199774,restaurant,4.6,1667,OPERATIONAL
116,Como Seafood Restaurant,26.2782373,50.2189709,restaurant,4.1,3898,OPERATIONAL
117,Golden Juice,26.2700575,50.2125349,restaurant,4,2110,OPERATIONAL
118,ميز وحدات المنطقة والقاعدة,26.292812,50.0177777,restaurant,4.3,4,OPERATIONAL
119,Restaurant and Mandi Rehab,26.296407,50.0349877,restaurant,3.8,1725,OPERATIONAL
120,مطعم أبو الطيب ( فرع جبرين) Abu Tayeb Restaurant ( branch of Gabrin),26.2950627,50.0342307,restaurant,3.8,427,OPERATIONAL
121,ALKARAK,26.2958212,50.03428840000001,restaurant,3.9,649,OPERATIONAL
122,Herfy,26.2949657,50.0346039,restaurant,2.8,264,OPERATIONAL
123,كبدة عزام,26.295360700000003,50.0341051,restaurant,4.1,121,OPERATIONAL
124,Barn's | بارنز,26.2954097,50.0356568,restaurant,3.6,26,OPERATIONAL
125,البيتزا الحاره Pizza hot,26.2953886,50.0341117,restaurant,4.4,149,OPERATIONAL
126,Wasam Buffet,26.2957172,50.0342532,restaurant,3.7,86,OPERATIONAL
127,بخاري بالخمس,26.2950129,50.0344185,restaurant,3.8,48,OPERATIONAL
128,فوال تمیس Breakfast Center,26.2953166,50.0340982,restaurant,3.7,48,OPERATIONAL
129,TastiestDish,26.2847386,50.0607869,restaurant,4.3,314,OPERATIONAL
130,شركة ألذ طبق لتقديم الوجبات شركة شخص واحد,26.2847334,50.0607544,restaurant,4.6,84,OPERATIONAL
131,بوفية عبدالله مطيلق العتيبي,26.2843805,50.0603129,restaurant,3.5,46,OPERATIONAL
132,مطعم احلا الايام لتقديم الوجبات,26.2845198,50.0611819,restaurant,3.3,9,OPERATIONAL
133,Casapasta | كازاباستا,26.2898135,50.100793200000005,restaurant,4.5,137,OPERATIONAL
134,The Club Club ذا كلوب كلوب,26.2897538,50.1007723,restaurant,4.3,60,OPERATIONAL
135,Ronaldo’s Pizza رونالدوز بيتزا,26.2898701,50.100785,restaurant,4.1,40,OPERATIONAL
136,Dhahran Hills Snack Bar,26.2910605,50.1057303,restaurant,3.8,72,OPERATIONAL
137,Jebel Heights Food Court,26.2898211,50.1007576,restaurant,3.7,7,OPERATIONAL
138,عريكة أركان الديرة,26.2847654,50.1329898,restaurant,4.1,131,OPERATIONAL
139,بوفيه البنوك,26.2844839,50.133044,restaurant,3.8,18,OPERATIONAL
140,مطعم ومطبخ فارس الفرسان,26.2844972,50.13306980000001,restaurant,3,151,OPERATIONAL
141,مطاعم أرض البركة,26.2844508,50.1329718,restaurant,3.4,49,OPERATIONAL
142,Al Rashid Mall,26.2908311,50.1805653,restaurant,4.3,50912,OPERATIONAL
143,Mandi King Restaurant,26.2812475,50.1819547,restaurant,3.8,5200,OPERATIONAL
144,Dar Mubarak,26.2837098,50.1810086,restaurant,4.5,4780,OPERATIONAL
145,McDonald's,26.290136,50.181503,restaurant,3.7,1726,OPERATIONAL
146,مطعم فلافل الياسمين | Falafel Al Yasmeen,26.2785857,50.1852209,restaurant,4.5,1251,OPERATIONAL
147,Domino's,26.2943716,50.1706371,restaurant,3.8,541,OPERATIONAL
148,Karak and Chabati,26.2779715,50.1833563,restaurant,3.9,951,OPERATIONAL
149,KFC,26.2898125,50.1809375,restaurant,3.5,315,OPERATIONAL
150,Asmahan Restaurant,26.2905919,50.178427,restaurant,4.5,505,OPERATIONAL
151,Barn's | بارنز,26.2935069,50.1720541,restaurant,4.1,55,OPERATIONAL
152,Fuddruckers,26.2908311,50.1805653,restaurant,4.1,2449,OPERATIONAL
153,مطعم الرواق الشعبي / الراشد مول,26.2910597,50.1802732,restaurant,4,769,OPERATIONAL
154,Kudu - Venicia Mall,26.2870979,50.1837468,restaurant,4,358,OPERATIONAL
155,Hardee’s,26.2903117,50.1805573,restaurant,4.1,410,OPERATIONAL
156,AlRowad Restaurant,26.2791565,50.1856145,restaurant,4.3,291,OPERATIONAL
157,Herfy,26.2867805,50.1842939,restaurant,3.7,500,OPERATIONAL
158,La Casa Pasta,26.2918602,50.1809536,restaurant,4.2,264,OPERATIONAL
159,Noodlez,26.289734,50.1810789,restaurant,4,590,OPERATIONAL
160,بوفيه كرك ياسر,26.2843057,50.18445020000001,restaurant,4.2,123,OPERATIONAL
161,الرومانسية -الخبر | Al romansiah,26.283026,50.20179,restaurant,4,8523,OPERATIONAL
162,Al Shallal Pastries,26.2910763,50.2028589,restaurant,4.4,7833,OPERATIONAL
163,Shwaiat Al-Khalij,26.2901488,50.1941407,restaurant,4.2,4256,OPERATIONAL
164,Ninar restaurant,26.2883845,50.1887743,restaurant,4.5,9607,OPERATIONAL
165,Modawar,26.2961365,50.1915905,restaurant,4.2,1907,OPERATIONAL
166,Madina Restaurant,26.2880423,50.1883326,restaurant,3.9,9057,OPERATIONAL
167,Fawwal Abu Azooz,26.2888535,50.1880004,restaurant,3.9,3462,OPERATIONAL
168,مطعم حارة ورد |فرع الخبر,26.2846974,50.196128300000005,restaurant,4.7,10269,OPERATIONAL
169,Curry House,26.2833048,50.1922953,restaurant,4.2,924,OPERATIONAL
170,ركن وردة - Rokn Warda,26.2922467,50.1851132,restaurant,4.5,2605,OPERATIONAL
171,Marboha Restauarnt,26.2821351,50.2017177,restaurant,4.8,7411,OPERATIONAL
172,Shawatee alshawaya Restaurant,26.2895467,50.1920059,restaurant,4.2,4090,OPERATIONAL
173,مطعم كماله kimalah restaurant,26.2811854,50.1926264,restaurant,4.2,3608,OPERATIONAL
174,Mama Noura,26.2920753,50.220149,restaurant,4,2475,OPERATIONAL
175,Shajarat AlDurr,26.2933374,50.217887,restaurant,4.6,20328,OPERATIONAL
176,Shawayyat AlKhaleej,26.2896321,50.2101543,restaurant,4.2,750,OPERATIONAL
177,مطعم بكي,26.2872306,50.2119418,restaurant,4.1,4851,OPERATIONAL
178,Al Marsah Seafood Restaurant,26.2886109,50.2174192,restaurant,4.1,9569,OPERATIONAL
179,Kebba Khobar House,26.2895866,50.2117812,restaurant,4.4,1038,OPERATIONAL
180,Waha Al Rehab Restaurant,26.2887602,50.2146128,restaurant,4.1,4341,OPERATIONAL
181,Green Flag Restaurant,26.2864303,50.213176,restaurant,4.1,3457,OPERATIONAL
182,The Cheesecake Factory,26.283033,50.219889,restaurant,4.4,6731,OPERATIONAL
183,مطعم العروبة,26.2881751,50.2076844,restaurant,4,1108,OPERATIONAL
184,Hellenika,26.2818345,50.2220069,restaurant,4.3,1161,OPERATIONAL
185,Macéo,26.2820506,50.2222717,restaurant,4.2,2892,OPERATIONAL
186,مطعم ماما رباب للمأكولات البحرية,26.2953412,50.2146157,restaurant,4.4,5006,OPERATIONAL
187,McDonald's,26.286029,50.22036800000001,restaurant,3.8,4616,OPERATIONAL
188,McDonald's,26.294236,50.207408,restaurant,3.9,4012,OPERATIONAL
189,Azmy,26.2953356,50.2184702,restaurant,4.5,2498,OPERATIONAL
190,Off white,26.2929686,50.2228698,restaurant,4.4,13707,OPERATIONAL
191,SULTAN LOUNGE & CAFE,26.2940795,50.2203355,restaurant,4,1221,OPERATIONAL
192,NOZOMI Khobar,26.281832,50.2221606,restaurant,4.4,1130,OPERATIONAL
193,Beit Ward | بيت ورد,26.2833125,50.2193125,restaurant,4.6,2751,OPERATIONAL
194,Abu Hilal Restaurants,26.2862158,50.2125177,restaurant,4.2,2446,OPERATIONAL
195,Tea Time,26.2825825,50.2177414,restaurant,4.2,3094,OPERATIONAL
196,ًءءء,26.3013825,50.0263392,restaurant,No rating,No reviews,OPERATIONAL
197,فيلا ماماز Villamamas,26.2977109,50.107615,restaurant,4,11,OPERATIONAL
198,Dhahran Dining Hall,26.3082371,50.1289825,restaurant,3.9,1650,OPERATIONAL
199,eat’sy Golf,26.3025023,50.1218702,restaurant,4,265,OPERATIONAL
200,Tandoori House,26.3039249,50.1297697,restaurant,4,1381,OPERATIONAL
201,Freshhouse فريش هاوس,26.3091004,50.12839100000001,restaurant,4.5,236,OPERATIONAL
202,Subway,26.3052588,50.129316,restaurant,4.4,112,OPERATIONAL
203,Operation Falafel Aramco,26.3087398,50.129581900000005,restaurant,4.6,341,OPERATIONAL
204,CHICO | تشيكو,26.3088506,50.1295439,restaurant,4,42,OPERATIONAL
205,TAKE Steak Burger (Aramco Camp),26.3086075,50.1289375,restaurant,4.4,30,OPERATIONAL
206,Saadeddin Pastry,26.3091043,50.1289798,restaurant,3.8,41,OPERATIONAL
207,Lucas Pastaria -Aramco,26.3045933,50.1287253,restaurant,4.7,10,OPERATIONAL
208,Zafi Chicken,26.3042201,50.1294747,restaurant,3.9,21,OPERATIONAL
209,"Greens Restaurant ,Aramco Lulu",26.3089959,50.1285332,restaurant,5,1,OPERATIONAL
210,Cafeteria,26.305087500000003,50.1181406,restaurant,No rating,No reviews,OPERATIONAL
211,Kufa,26.3003292,50.1484667,restaurant,4.2,3233,OPERATIONAL
212,Students Restaurant,26.3104931,50.1446043,restaurant,3.9,860,OPERATIONAL
213,Tim Hortons,26.309983300000003,50.1366531,restaurant,4.4,125,OPERATIONAL
214,Freshhouse فريش هاوس,26.311578,50.1362658,restaurant,4.4,57,OPERATIONAL
215,Malama,26.3109887,50.1316888,restaurant,4.4,5,OPERATIONAL
216,Pua Pua,26.3005041,50.1488063,restaurant,4.4,14,OPERATIONAL
217,مطعم شاشليك,26.30027,50.148488,restaurant,4,84,OPERATIONAL
218,McDonald’s,26.314404,50.147499,restaurant,2.9,93,OPERATIONAL
219,Shatiraty,26.3138143,50.1477411,restaurant,4,176,OPERATIONAL
220,منؤشة الريف,26.314077500000003,50.148084100000005,restaurant,3.9,246,OPERATIONAL
221,The Crêpe Café,26.305668,50.167887,restaurant,3.9,719,OPERATIONAL
222,Noodlez,26.3034304,50.1686582,restaurant,4,158,OPERATIONAL
223,Burger King - KFU,26.31411,50.14794,restaurant,3.6,183,OPERATIONAL
224,Shawarma Guys,26.3139373,50.1476231,restaurant,3.8,265,OPERATIONAL
225,New York Fries,26.3034304,50.1686582,restaurant,2.4,61,OPERATIONAL
226,Al Jabal Restaurant,26.3064904,50.1447235,restaurant,4.7,7,OPERATIONAL
227,Best Falafel,26.314024,50.147507,restaurant,3.2,108,OPERATIONAL
228,مطعم الطالبات,26.3002887,50.1483306,restaurant,No rating,No reviews,OPERATIONAL
229,Imza,26.3139093,50.1476965,restaurant,3.8,24,OPERATIONAL
230,Bait Tunur,26.3003376,50.1482967,restaurant,4,5,OPERATIONAL
231,لقمة زاد,26.3136472,50.148443,restaurant,3.2,23,OPERATIONAL
232,Albaik,26.3088308,50.1738323,restaurant,3.7,1680,OPERATIONAL
233,Parker's,26.3072878,50.1782967,restaurant,4,8824,OPERATIONAL
234,BLANCA بلانكا,26.3059251,50.1832442,restaurant,4.5,4393,OPERATIONAL
235,Zad al sultan,26.2981945,50.1799635,restaurant,4.5,1633,OPERATIONAL
236,Al Rafidain,26.2992785,50.1755372,restaurant,4.5,2812,OPERATIONAL
237,Naranj Damascus Restaurant,26.2991798,50.1808875,restaurant,4.2,6648,OPERATIONAL
238,Fatte w Snobar,26.3046399,50.1803997,restaurant,4.2,15307,OPERATIONAL
239,Burger Site,26.2991541,50.1758146,restaurant,4.3,7191,OPERATIONAL
240,The Peak,26.307669,50.1806854,restaurant,4.5,7562,OPERATIONAL
241,Kokoro,26.3050826,50.1783032,restaurant,4.6,2242,OPERATIONAL
242,PICKUP Burger,26.2981886,50.17803920000001,restaurant,4.6,1017,OPERATIONAL
243,قصدير | Qasder,26.2990274,50.179080000000006,restaurant,4.2,661,OPERATIONAL
244,Boofiya Omar,26.303219,50.1761646,restaurant,4.4,589,OPERATIONAL
245,ILFIGO,26.305891,50.1836176,restaurant,4.1,2400,OPERATIONAL
246,Public,26.3082444,50.1780493,restaurant,4.7,1677,OPERATIONAL
247,كاس جبن,26.2988103,50.1792869,restaurant,4.4,948,OPERATIONAL
248,مطعم بخاري نص سفري الخبر,26.2992754,50.1790671,restaurant,4.6,877,OPERATIONAL
249,Farrouj Abu Alabed,26.2992347,50.1790802,restaurant,4,745,OPERATIONAL
250,McDonald's,26.305235,50.196319,restaurant,3.8,3797,OPERATIONAL
251,And Salad,26.3030911,50.2017035,restaurant,4.3,2480,OPERATIONAL
252,Wdh Tea,26.2986807,50.2192123,restaurant,4.3,1487,OPERATIONAL
253,Belad Al-Sham,26.2971167,50.2158263,restaurant,4.3,8424,OPERATIONAL
254,KOY & BAKERY HOUSE,26.3041815,50.21124770000001,restaurant,4.4,3017,OPERATIONAL
255,The Pantry Restaurant,26.3090409,50.2148706,restaurant,4.4,3515,OPERATIONAL
256,Sucre de Nada - سكر الندى,26.3149684,50.2124578,restaurant,4,931,OPERATIONAL
257,Ayyash,26.2964827,50.218743,restaurant,4.3,2514,OPERATIONAL
258,Oi,26.3003454,50.2199405,restaurant,4,2339,OPERATIONAL
259,Moma’s Garden,26.2994615,50.2157958,restaurant,4.7,1381,OPERATIONAL
260,باست,26.2973475,50.2145835,restaurant,4.5,1097,OPERATIONAL
261,OffTheEarth,26.3119351,50.2171357,restaurant,4.5,968,OPERATIONAL
262,Sandwich Faqeer,26.3121287,50.21759360000001,restaurant,3.5,1451,OPERATIONAL
263,OMYO BURGER اوميو همبرجر,26.2987212,50.2101751,restaurant,4.5,863,OPERATIONAL
264,Damascus Gate Restaurant,26.297071,50.215251,restaurant,4.1,4147,OPERATIONAL
265,Nakhat Alsharq,26.3021987,50.21111930000001,restaurant,4.1,3972,OPERATIONAL
266,PlCKUP Burger,26.3078981,50.2240548,restaurant,4.6,1978,OPERATIONAL
267,Lumee,26.30706,50.2250122,restaurant,4.6,3324,OPERATIONAL
268,Wahmy Burger,26.3047244,50.2233204,restaurant,4.4,3170,OPERATIONAL
269,Swiss Butter - Corniche Park,26.3072859,50.2249457,restaurant,4.6,2048,OPERATIONAL
270,ARCHI,26.3094536,50.2224032,restaurant,4,1415,OPERATIONAL
271,La Gioia Restaurant | مطعم لاجويا,26.3093101,50.2210517,restaurant,4.2,1259,OPERATIONAL
272,بوفية راس السعادة,26.3305533,49.982676,restaurant,3.9,40,OPERATIONAL
273,النكهة المفحمة (شاورما ومعجنات),26.3306608,49.9827843,restaurant,3.3,21,OPERATIONAL
274,Nouf food truck,26.321591,49.9920295,restaurant,4.9,8,OPERATIONAL
275,مطعم المضغوط الماسي,26.3292747,50.0041779,restaurant,4,211,OPERATIONAL
276,مطعم فجر الشام,26.329401,50.0044975,restaurant,3.9,248,OPERATIONAL
277,بروستد ركن الدوك,26.3292861,50.0042383,restaurant,4.3,110,OPERATIONAL
278,مناقيش وفلافل العروبة لتقديم الوجبات,26.3333848,50.0099192,restaurant,4.4,65,OPERATIONAL
279,مطعم برندة الخليج,26.3332982,50.0101602,restaurant,4.3,36,OPERATIONAL
280,مطاعم موج الشرقية البخاري,26.3333075,50.0095611,restaurant,3.2,61,OPERATIONAL
281,Tim Hortons,26.3209034,50.0215424,restaurant,4.2,91,OPERATIONAL
282,فوال نور الصباح,26.3329362,50.0091422,restaurant,3,43,OPERATIONAL
283,مطعم ملتقى الأسطوره للاكلات الشعبية,26.329272,50.0045786,restaurant,4.1,31,OPERATIONAL
284,Hospital Restaurant,26.3216058,50.0217662,restaurant,3.5,19,OPERATIONAL
285,كاسبن Kasbon,26.3210339,50.0222064,restaurant,2.5,28,OPERATIONAL
286,بوفيه أنوار دمشق للفلافل وعصائر,26.3319771,50.0023394,restaurant,4.5,30,OPERATIONAL
287,Anjar Restaurant مطعم عنجر للمعجنات والشاورما,26.321659800000003,50.0186865,restaurant,3.8,20,OPERATIONAL
288,الميز,26.3232932,50.0197512,restaurant,3.2,20,OPERATIONAL
289,مطعم فرن الشباب البخاري,26.331862200000003,50.0024194,restaurant,2.6,28,OPERATIONAL
290,مطعم ملوح ومعصوب,26.3333589,50.0099437,restaurant,4.4,25,OPERATIONAL
291,Mess Hall - صالة الطعام,26.323218800000003,50.0151744,restaurant,5,1,OPERATIONAL
292,بلوفات 2 BLUFAT,26.3213021,50.01825900000001,restaurant,No rating,No reviews,OPERATIONAL
293,باست ارامكو,26.3275478,50.109366,restaurant,5,1,OPERATIONAL
294,Abo Azoz بوعزوز,26.3159286,50.131614,restaurant,3.1,49,OPERATIONAL
295,Munirah Dining Hall,26.3161276,50.129308,restaurant,3,4,OPERATIONAL
296,سلم ان لايت Slim ‘n Lite,26.3154518,50.1315606,restaurant,5,16,OPERATIONAL
297,واحد فلافل المنيرة Wahed Falafel Muneera,26.315843,50.1316499,restaurant,4.6,25,OPERATIONAL
298,Blue Zone,26.3162234,50.1193235,restaurant,4,2,OPERATIONAL
299,Aramco's Dining Hall,26.328165,50.138018,restaurant,4,4,OPERATIONAL
300,Rayg,26.3233351,50.1618637,restaurant,4.1,3922,OPERATIONAL
301,Mozon Restaurant,26.3235832,50.1634999,restaurant,3.9,4458,OPERATIONAL
302,McDonald's,26.33201,50.151145,restaurant,3.8,4272,OPERATIONAL
303,Goat Diner,26.3313808,50.1618614,restaurant,4.3,2536,OPERATIONAL
304,بخاري روشاز,26.3222303,50.1570198,restaurant,4.3,704,OPERATIONAL
305,Medar Gulf Seafood,26.325449700000004,50.1665662,restaurant,4.1,2408,OPERATIONAL
306,Falafel Dam,26.3224435,50.1554793,restaurant,3.7,778,OPERATIONAL
307,Makbous Express,26.3232213,50.160259,restaurant,4,2484,OPERATIONAL
308,Al Jeddawi Restaurant,26.3234909,50.1627913,restaurant,3.9,2580,OPERATIONAL
309,Shabab Albukhari Restaurant,26.3229544,50.1620875,restaurant,4.1,907,OPERATIONAL
310,Burger King - Doha,26.330622,50.163213,restaurant,4,1188,OPERATIONAL
311,60 Grams,26.3314359,50.162263,restaurant,4.6,606,OPERATIONAL
312,Moalem Alshami Barbecue,26.322893800000003,50.1588183,restaurant,4.2,609,OPERATIONAL
313,برغرايززر | Burgerizzr,26.322488,50.155812,restaurant,4.3,1024,OPERATIONAL
314,Manoosha Alreef,26.3222228,50.1568149,restaurant,4.1,1332,OPERATIONAL
315,Kudu - Doha Center,26.3237221,50.1648165,restaurant,3.7,1218,OPERATIONAL
316,هندسة المعصوب,26.3266152,50.1670899,restaurant,4.6,1013,OPERATIONAL
317,Lahza,26.3232352,50.1612021,restaurant,4.1,291,OPERATIONAL
318,Eastern Wall Restaurant | 达曼中餐馆 مطعم السور الشرقي,26.3332991,50.1497163,restaurant,4.1,417,OPERATIONAL
319,Villaggio Restaurants Village,26.3279391,50.1798537,restaurant,4.4,9231,OPERATIONAL
320,Applebee's,26.3103874,50.168752,restaurant,4.2,2122,OPERATIONAL
321,Queen of India,26.3281733,50.1800457,restaurant,4.2,3307,OPERATIONAL
322,IKEA Restaurant,26.3097799,50.1680257,restaurant,4.1,3130,OPERATIONAL
323,Thermo Steakhouse,26.3281094,50.1798352,restaurant,4.4,2298,OPERATIONAL
324,Barn's | بارنز,26.3227222,50.1797506,restaurant,4.3,702,OPERATIONAL
325,Urth Caffe,26.3174247,50.203582,restaurant,4.2,3132,OPERATIONAL
326,San Carlo Cicchetti - سان كارلو,26.317357,50.2038298,restaurant,4,1827,OPERATIONAL
327,Aghatti Restaurant,26.3181527,50.2034148,restaurant,4.4,3204,OPERATIONAL
328,Doro Pizzeria,26.3169984,50.2034685,restaurant,4,1956,OPERATIONAL
329,Evoo,26.3175785,50.204001,restaurant,4.2,2183,OPERATIONAL
330,OVVIO,26.3183859,50.194121,restaurant,4.4,127,OPERATIONAL
331,Meat at Tony's,26.3167648,50.2036298,restaurant,4,1081,OPERATIONAL
332,HOUSE OF AGAPI,26.3177053,50.2039837,restaurant,4.7,1872,OPERATIONAL
333,Pikniq,26.317961,50.2039049,restaurant,4.5,3106,OPERATIONAL
334,Caesar 7,26.3288365,50.1807881,restaurant,4.8,474,OPERATIONAL
335,Crazy Pizza,26.3284312,50.1819346,restaurant,4.6,610,OPERATIONAL
336,Daskalides Chocolatier,26.3176924,50.2036308,restaurant,4.3,1064,OPERATIONAL
337,Puro Salad,26.3183392,50.1941373,restaurant,4.6,119,OPERATIONAL
338,Set Kafa,26.3281071,50.1803718,restaurant,3.7,1004,OPERATIONAL
339,هارديز,26.3240215,50.1798295,restaurant,4,214,OPERATIONAL
340,مشويات فلامنجو1|Flamingo Restaurant 1,26.3166875,50.2039375,restaurant,3.7,43,OPERATIONAL
341,مقهى ومحمصة اودن | OUDEN,26.3213538,50.2216774,restaurant,4.3,1397,OPERATIONAL
342,Tazaj,26.3185802,50.2230197,restaurant,3.5,1051,OPERATIONAL
343,Meat Moot Khobar,26.321809800000004,50.2210503,restaurant,4.7,2395,OPERATIONAL
344,مطعم بيراديز الهندي Peradiz Indian Restaurant,26.3196707,50.221831,restaurant,4.8,3014,OPERATIONAL
345,Takara Restaurant ® مطعم تاكارا,26.321277,50.2200522,restaurant,4.7,4808,OPERATIONAL
346,McDonald's,26.329109,50.213576,restaurant,3.9,2734,OPERATIONAL
347,Fattah & Snober Restaurant,26.3200118,50.2226482,restaurant,4.4,4664,OPERATIONAL
348,Umbrella restaurant - Alkhobar,26.3194178,50.2218609,restaurant,4.6,903,OPERATIONAL
349,Seven,26.3264377,50.2127401,restaurant,4.2,3212,OPERATIONAL
350,AL DENTE,26.3166775,50.2230284,restaurant,4.5,2385,OPERATIONAL
351,Fatto,26.3072794,50.2250488,restaurant,4.6,4527,OPERATIONAL
352,Burger Site,26.3076672,50.224113,restaurant,4.6,2193,OPERATIONAL
353,Doka Bakery House Al Khobar دوكة الخبر,26.3103448,50.2242349,restaurant,4.5,1854,OPERATIONAL
354,مقهى و محمصة وودز | WOODS Specialty Café & Roastery‎,26.3130416,50.22370480000001,restaurant,4.4,3168,OPERATIONAL
355,دار مبارك للمأكولات البحرية والخليجية,26.309456,50.2221953,restaurant,4.4,2451,OPERATIONAL
356,Addict,26.3078261,50.2240885,restaurant,4.4,2145,OPERATIONAL
357,AlBaik,26.341867,49.97018,restaurant,3.5,2251,OPERATIONAL
358,McDonald's,26.34987,49.969378,restaurant,3.4,593,OPERATIONAL
359,KFC,26.3425184,49.9712521,restaurant,4.4,1145,OPERATIONAL
360,بوفيه بترو سحاب,26.3423668,49.9706885,restaurant,3.7,145,OPERATIONAL
361,Domino's Pizza,26.3424353,49.9708706,restaurant,3.8,124,OPERATIONAL
362,Shawarmer | شاورمر,26.3420416,49.9699957,restaurant,4.4,628,OPERATIONAL
363,جباتي وكرك,26.3419848,49.9713403,restaurant,3.1,156,OPERATIONAL
364,مطبخ ومطعم ديار العز,26.3510216,49.9692034,restaurant,4.2,347,OPERATIONAL
365,Subway,26.3422156,49.9703043,restaurant,3.3,63,OPERATIONAL
366,فوال شعبيات الأفراح,26.3463439,49.9705183,restaurant,3.9,137,OPERATIONAL
367,Hala Al Hadiya Restaurant,26.343082400000004,49.970800100000005,restaurant,3.9,87,OPERATIONAL
368,Qasr Al Ratem - مطعم قصر الرتم,26.3424494,49.9710582,restaurant,4.4,106,OPERATIONAL
369,بوفية شرق الفرسان,26.3474685,49.9702386,restaurant,4.4,31,OPERATIONAL
370,ورق عنب الشرقيه,26.3480707,49.97006270000001,restaurant,4.5,16,OPERATIONAL
371,La bamba bubbles Manila. مطعم بطاطس بليله,26.3325131,49.9827964,restaurant,5,5,OPERATIONAL
372,بوفية مير الشرق,26.3505489,49.969043000000006,restaurant,4.2,10,OPERATIONAL
373,اكسورات جولات,26.341825,49.9668872,restaurant,4.7,3,OPERATIONAL
374,شوي خارجي شيف عماد ابو عامر السوري,26.3426393,49.9671198,restaurant,4.3,3,OPERATIONAL
375,McDonald's,26.343225,50.000093,restaurant,3.5,426,OPERATIONAL
376,Golden Grill Restaurant,26.3359375,50.0000625,restaurant,3.8,904,OPERATIONAL
377,Kudu - Dammam - Tamimi Complex,26.3425579,49.995624,restaurant,3.9,287,OPERATIONAL
378,بوفية تسالي الاسطوره,26.3479459,49.9992816,restaurant,3.7,65,OPERATIONAL
379,مطعم نخبه المشاوي لتقديم الوجبات,26.3407896,49.996598000000006,restaurant,4.2,114,OPERATIONAL
380,بيتزا فطيرة واي,26.336193,49.9999306,restaurant,4.2,99,OPERATIONAL
381,مطعم البوادي للأكلات الشعبية,26.3361654,50.0000849,restaurant,3.8,85,OPERATIONAL
382,مطعم سكبة الثانية,26.3409203,49.9964636,restaurant,4.5,94,OPERATIONAL
383,بوفية اذواق العروبه لتقديم الوجبات,26.3337882,50.0009584,restaurant,3.8,35,OPERATIONAL
384,بوفيه دنيا العروبة,26.3362066,50.0000034,restaurant,3,36,OPERATIONAL
385,Barn's | بارنز,26.3359602,49.9998485,restaurant,3.1,14,OPERATIONAL
386,بوفية شرق العروبة,26.3412196,49.9962627,restaurant,3.7,33,OPERATIONAL
387,بوفية وشاورما رمز طيف,26.3403981,49.9972528,restaurant,4,35,OPERATIONAL
388,حلويات ام دانه,26.3471599,49.9976417,restaurant,5,7,OPERATIONAL
389,ليتي,26.3426325,50.0037144,restaurant,No rating,No reviews,OPERATIONAL
390,مطعم فطيرة وكباب,26.3350095,50.0123151,restaurant,4.5,187,OPERATIONAL
391,مطعم درة البخاري,26.3347984,50.0131088,restaurant,3.9,74,OPERATIONAL
392,1M بروستد هلا,26.3351065,50.0126161,restaurant,3.8,73,OPERATIONAL
393,سناعة أمي لطيفه الفاخريه,26.3403634,50.0375593,restaurant,4.6,108,OPERATIONAL
394,مطعم زدو,26.3436315,50.0397562,restaurant,4.4,90,OPERATIONAL
395,مدلل للاكلات الشعبية,26.3402572,50.0373065,restaurant,4.5,74,OPERATIONAL
396,Houria Al Sharqiah fast food buffet,26.3445268,50.041082,restaurant,4.2,36,OPERATIONAL
397,لذيذ برجر مشوي,26.3421012,50.0374313,restaurant,3.8,21,OPERATIONAL
398,عصائر عنب ايس,26.3410412,50.0350721,restaurant,4.6,8,OPERATIONAL
399,فود تراك THE WOOLF,26.3465961,50.0373106,restaurant,5,10,OPERATIONAL
400,Chemistry Coffee كيمستري كوفي,26.3458802,50.0463409,restaurant,4.1,1379,OPERATIONAL
401,Soldout Restaurant® مطعم سولد اوت,26.3456411,50.0459444,restaurant,4.8,2057,OPERATIONAL
402,حاشي باشا| فرع طيبة,26.34827,50.047021,restaurant,3.9,1401,OPERATIONAL
403,Fillfilah Restaurant فلفلة,26.3506725,50.0509438,restaurant,3.5,2675,OPERATIONAL
404,شرار,26.3469845,50.0486265,restaurant,3.1,234,OPERATIONAL
405,Qasser Al-Madhbi,26.3482897,50.0497094,restaurant,3.8,714,OPERATIONAL
406,McDonald's,26.349902,50.051782,restaurant,3.1,1079,OPERATIONAL
407,فلافل عكار,26.348667,50.0504487,restaurant,4.4,413,OPERATIONAL
408,المشوى العنابي | Ennabi Grill,26.3469278,50.048522,restaurant,3.7,617,OPERATIONAL
409,Lazona,26.3491504,50.0507183,restaurant,4,189,OPERATIONAL
410,مطاعم الرمانة,26.3502639,50.0502638,restaurant,4.1,153,OPERATIONAL
411,جباتي وكرك (هبشة),26.348855,50.0507893,restaurant,4.6,232,OPERATIONAL
412,Low Calories,26.3460257,50.0469923,restaurant,4.6,141,OPERATIONAL
413,دعج Daaj,26.3476217,50.0461899,restaurant,4.7,130,OPERATIONAL
414,بوفية ترويقة,26.346296,50.0476651,restaurant,3.9,276,OPERATIONAL
415,شاورما الاستاذ - حي طيبة,26.3493705,50.0488459,restaurant,4,76,OPERATIONAL
416,Maestro Pizza,26.349516,50.0513865,restaurant,4,136,OPERATIONAL
417,Faqsah,26.3448928,50.0512944,restaurant,4.4,505,OPERATIONAL
418,بخاري,26.3469232,50.0540459,restaurant,4.2,72,OPERATIONAL
419,بوفية أكله هنية,26.3441207,50.0776901,restaurant,3.3,47,OPERATIONAL
420,Ruwai Fried 5 village 2 بروستد روي,26.3466922,50.0542276,restaurant,4.6,25,OPERATIONAL
421,"পদ্মা সেতু রেস্টুরেন্ট, দাম্মাম, সৌদি আরব।",26.3449847,50.0771576,restaurant,4,3,OPERATIONAL
422,مطعم هندي,26.3449435,50.0770854,restaurant,5,1,OPERATIONAL
423,مطعم أكلات شرقية,26.3449367,50.07715830000001,restaurant,3,3,OPERATIONAL
424,مضغوط دكه,26.3390087,50.0511649,restaurant,No rating,No reviews,OPERATIONAL
425,معجنات الوصيد الشعله Alwaseed Restaurant Alshala,26.3426883,50.0790038,restaurant,4,412,OPERATIONAL
426,WAOBAO,26.3442293,50.0897411,restaurant,3.1,22,OPERATIONAL
427,Leen Kitchen,26.3442967,50.089876200000006,restaurant,3.8,4,OPERATIONAL
428,بوفية عنتر,26.3428938,50.0788463,restaurant,3.5,10,OPERATIONAL
429,Mo3allem shawarma,26.3442563,50.0898243,restaurant,2.7,6,OPERATIONAL
430,شاورمجي الادارة,26.3414664,50.0850603,restaurant,No rating,No reviews,OPERATIONAL
431,بوفية الويبز,26.3499811,50.0926439,restaurant,5,1,OPERATIONAL
432,Jon & Vinny's Ithra,26.3345393,50.1218606,restaurant,4.4,345,OPERATIONAL
433,Pizza Bar By IOI,26.3389375,50.1200625,restaurant,4.2,401,OPERATIONAL
434,Shatiraty,26.3356409,50.1314842,restaurant,4.2,512,OPERATIONAL
435,Cantina by pattis,26.3349873,50.1199711,restaurant,2.9,16,OPERATIONAL
436,Subway,26.3349447,50.1324964,restaurant,3.9,11,OPERATIONAL
437,Pattis Ithra Library,26.3356875,50.1204375,restaurant,2.9,17,OPERATIONAL
438,فراي إن قو إثراء أرامكو,26.3351569,50.1220681,restaurant,5,1,OPERATIONAL
439,8 Portions Pizza,26.3436412,50.1478521,restaurant,4.6,8960,OPERATIONAL
440,Al Mumtaz Restaurant,26.3462199,50.1362835,restaurant,4,1941,OPERATIONAL
441,McDonald's,26.348572,50.143154,restaurant,3.8,2805,OPERATIONAL
442,Shawarma Teef,26.344683,50.1383715,restaurant,4.2,951,OPERATIONAL
443,Qurb cafe,26.348195600000004,50.1411429,restaurant,4.8,340,OPERATIONAL
444,Tasty Toast,26.3470891,50.1444268,restaurant,4.1,463,OPERATIONAL
445,Beit Misk Restaurant,26.3462804,50.145006300000006,restaurant,3.8,4511,OPERATIONAL
446,المطعم الصومالي,26.3331561,50.1483688,restaurant,4.3,929,OPERATIONAL
447,Party Box,26.3445212,50.1450469,restaurant,4.3,934,OPERATIONAL
448,Shawarmer | شاورمر,26.3479813,50.1432989,restaurant,4.6,1463,OPERATIONAL
449,Al Lahib,26.3445005,50.1450556,restaurant,4,1535,OPERATIONAL
450,KFC,26.3474213,50.1439596,restaurant,3.7,1217,OPERATIONAL
451,شاورمجي | SHAWERMAGY,26.3482313,50.1433567,restaurant,4.1,1171,OPERATIONAL
452,KILO KABAB,26.3473561,50.1441734,restaurant,4.1,881,OPERATIONAL
453,مطعم بخاري غير,26.345477,50.1370642,restaurant,4.2,132,OPERATIONAL
454,Bawan Broasted,26.3463137,50.1368418,restaurant,4,965,OPERATIONAL
455,Hamburgini هامبرغيني - Al Qusur,26.3483662,50.1431921,restaurant,3.9,308,OPERATIONAL
456,Tokuzo,26.3458788,50.1455749,restaurant,4.1,1053,OPERATIONAL
457,مطعم ومطبخ دانه - Dana Catering,26.3374057,50.1463738,restaurant,4.1,771,OPERATIONAL
458,Yasumi Ramen Shop Dhahran -‎ يسومي رامن الظهران,26.3394574,50.1524209,restaurant,4.3,1215,OPERATIONAL
459,Five Guys,26.3390886,50.152854,restaurant,4,596,OPERATIONAL
460,سالدوتش | Saldwich,26.3390567,50.152676500000005,restaurant,4.2,377,OPERATIONAL
461,Novanta Pizza,26.3389608,50.1525328,restaurant,4.7,919,OPERATIONAL
462,Mishwar Express,26.344902500000003,50.1465802,restaurant,3.4,738,OPERATIONAL
463,Bell’evento,26.3437308,50.1845061,restaurant,4.8,3641,OPERATIONAL
464,Munch Bakery,26.3437347,50.1845035,restaurant,4.1,301,OPERATIONAL
465,Oasis Cafe & Lounge,26.3331992,50.1808413,restaurant,3.7,210,OPERATIONAL
466,Sala Pizza,26.3426774,50.1819028,restaurant,4.1,1188,OPERATIONAL
467,KFC,26.3304468,50.1627988,restaurant,3.9,765,OPERATIONAL
468,Herfy,26.334194,50.1798311,restaurant,3.7,748,OPERATIONAL
469,نمط Namat Health Kitchen,26.342651,50.1818716,restaurant,4.2,263,OPERATIONAL
470,Al Mokhtar Pastry & Restaurant,26.3272288,50.1679343,restaurant,4.1,269,OPERATIONAL
471,Snack House,26.3273422,50.1674799,restaurant,4,1017,OPERATIONAL
472,Noodlez,26.3301263,50.1625115,restaurant,4,182,OPERATIONAL
473,Green Apple Pie,26.3440238,50.1628151,restaurant,4.1,250,OPERATIONAL
474,Joe's Bakery,26.3437116,50.2033132,restaurant,4.3,3943,OPERATIONAL
475,Webrew Coffee Roasters,26.3434172,50.2031579,restaurant,4.4,1729,OPERATIONAL
476,MALAMA | مالاما,26.3372958,50.201901,restaurant,4.5,1531,OPERATIONAL
477,Biscotti,26.3386689,50.1918866,restaurant,4.2,2338,OPERATIONAL
478,Raising Cane's,26.3454318,50.1961674,restaurant,4.4,4188,OPERATIONAL
479,ليوباردو Leopardo,26.3503046,50.1952891,restaurant,4.4,4025,OPERATIONAL
480,AL Shallal Pastry,26.3438834,50.2036318,restaurant,4,572,OPERATIONAL
481,UPSTAIRS,26.3433775,50.2032281,restaurant,4.3,442,OPERATIONAL
482,The Wings Club,26.3439512,50.2037604,restaurant,4.4,633,OPERATIONAL
483,Lghawees,26.3439204,50.2036447,restaurant,3.8,5412,OPERATIONAL
484,Scatola,26.343883500000004,50.2036319,restaurant,4.3,887,OPERATIONAL
485,Madame Banquet,26.3341278,50.1887083,restaurant,3.9,1117,OPERATIONAL
486,"Popeyes - Adnoc, King Fahad Rd.",26.338488,50.198448000000006,restaurant,4.6,720,OPERATIONAL
487,Spread,26.3372286,50.2016595,restaurant,4.2,737,OPERATIONAL
488,Abs Kitchen أبز كيتشن الراكة,26.343895,50.2036575,restaurant,4.3,875,OPERATIONAL
489,Los Chavos Tacos,26.3373943,50.2014953,restaurant,4.4,942,OPERATIONAL
490,Soldout Restaurant® مطعم سولد اوت,26.3386473,50.20875600000001,restaurant,4.7,7043,OPERATIONAL
491,Ziba Restaurant ® مطعم زيبا,26.3507422,50.2113997,restaurant,4.6,5079,OPERATIONAL
492,Nice Bun,26.3438793,50.2042712,restaurant,4.3,705,OPERATIONAL
493,Uplift,26.3518871,50.210945,restaurant,4.2,1313,OPERATIONAL
494,Maya,26.3507906,50.2116355,restaurant,4.6,913,OPERATIONAL
495,Bistro,26.3510269,50.2119086,restaurant,4,409,OPERATIONAL
496,The Breakfast Club,26.3301064,50.2127156,restaurant,4.1,2283,OPERATIONAL
497,ARCHI,26.3283467,50.2138995,restaurant,4.3,209,OPERATIONAL
498,SALT,26.3351423,50.2257871,restaurant,3.9,9538,OPERATIONAL
499,Joe & The Juice,26.3347287,50.2260543,restaurant,4.7,159,OPERATIONAL
500,Almagles,26.332668,50.2145123,restaurant,3.9,124,OPERATIONAL
501,خلية و بلح,26.3623675,49.9665266,restaurant,4.4,311,OPERATIONAL
502,فلافل لمار دمشق,26.3606036,49.9664986,restaurant,4.5,418,OPERATIONAL
503,مطبق و معصوب أركان الديرة الفرسان,26.3579541,49.9652378,restaurant,3.9,423,OPERATIONAL
504,Lamar Pies Restaurant,26.3606557,49.9664792,restaurant,4,386,OPERATIONAL
505,مطعم دايترز للأكل الصحي | Dieters healthy food restaurant,26.3600318,49.9666143,restaurant,4.4,178,OPERATIONAL
506,سلة بيت الفلافل,26.3619129,49.9661081,restaurant,4.9,341,OPERATIONAL
507,استاذ الشاورما- الفرسان,26.3614478,49.9702711,restaurant,4.4,83,OPERATIONAL
508,بوفية وإستراحة السعاده للأكلات الشعبيه والوجبات السريعه,26.3580052,49.9654186,restaurant,4.1,184,OPERATIONAL
509,مطعم استار,26.3612791,49.966281,restaurant,4.4,84,OPERATIONAL
510,Taslis Bukhari Restaurant (19),26.3556608,49.9679017,restaurant,3.3,116,OPERATIONAL
511,مطعم تثليث البخاري,26.366327100000003,49.964734,restaurant,3.7,159,OPERATIONAL
512,مطاعم شواية العصر,26.3616855,49.9706495,restaurant,4.5,85,OPERATIONAL
513,كنافة لمار دمشق,26.3607034,49.9664724,restaurant,4.9,38,OPERATIONAL
514,مطاعم دانه السور للبخاري,26.3577613,49.963254,restaurant,3.3,49,OPERATIONAL
515,بوفية كارديو,26.3608125,49.9664375,restaurant,4.1,38,OPERATIONAL
516,Barn's | بارنز,26.359,49.9667,restaurant,4.2,27,OPERATIONAL
517,Noor Al fursan,26.3662638,49.9647622,restaurant,4,35,OPERATIONAL
518,مطعم شباب العروبه البخاری لتقدیم الوجبات,26.3545256,49.9920721,restaurant,4.3,39,OPERATIONAL
519,بوفية النبلة للوجبات السريعة,26.3611154,49.984317100000005,restaurant,4.5,65,OPERATIONAL
520,بوفية واجهة العروبة,26.3517152,49.9945206,restaurant,No rating,No reviews,OPERATIONAL
521,McDonald's,26.350703,50.017973,restaurant,3.6,1125,OPERATIONAL
522,Falafel Themar - فلافل ثمار,26.3513125,50.0183125,restaurant,4.2,396,OPERATIONAL
523,بيتزا اكسبريس,26.3515945,50.0183302,restaurant,3.9,67,OPERATIONAL
524,pakistani restaurant,26.3515653,50.0175694,restaurant,3.2,9,OPERATIONAL
525,بوفية أفضل وجبة,26.3515772,50.018286,restaurant,3.5,38,OPERATIONAL
526,Chabati-Karak,26.3515416,50.018293,restaurant,2.5,34,OPERATIONAL
527,Spice Source Restaurant | مطعم مصدر التوابل,26.3512604,50.0178428,restaurant,4.5,15,OPERATIONAL
528,فوال وشعبيات الشيوخ,26.3514671,50.0181334,restaurant,3.5,16,OPERATIONAL
529,91 dammaam Fifa game,26.3627905,50.0093909,restaurant,No rating,No reviews,OPERATIONAL
530,বাংলাদেশী হোটেল,26.362373,50.013858,restaurant,No rating,No reviews,OPERATIONAL
531,مطاعم ومحانذ بن عواض,26.3678105,50.0367729,restaurant,4,2317,OPERATIONAL
532,حنيذ الروشن | Haneeth Alroshen,26.3675588,50.0275701,restaurant,4,1045,OPERATIONAL
533,بوفية مدوّر,26.3674041,50.036527,restaurant,3.4,356,OPERATIONAL
534,مندي الجزيرة,26.3675911,50.0369084,restaurant,3.9,410,OPERATIONAL
535,معصوبي,26.3605786,50.0416541,restaurant,4.5,570,OPERATIONAL
536,Barn's | بارنز,26.3696842,50.0273109,restaurant,2.8,24,OPERATIONAL
537,فوال الأفراح,26.3651334,50.030911200000006,restaurant,3.8,115,OPERATIONAL
538,مطعم قمة جوان,26.3515152,50.0400167,restaurant,3.6,37,OPERATIONAL
539,Pakistani Restaurant,26.3637054,50.0290615,restaurant,3.9,173,OPERATIONAL
540,مطعم مقرن النيلين,26.3658366,50.0311044,restaurant,4.2,58,OPERATIONAL
541,TAWG JUICES / عصائر توق,26.3644684,50.037932600000005,restaurant,4.1,35,OPERATIONAL
542,مطاعم ومطابخ غذوان,26.3662464,50.0382707,restaurant,4.2,488,OPERATIONAL
543,مقهى غصن الشاي,26.3634492,50.0399471,restaurant,3.8,92,OPERATIONAL
544,Burger Grill,26.3505625,50.0410625,restaurant,3.9,151,OPERATIONAL
545,بوفية امتياز الفنار للسندويشات والعصيرات الطازجة,26.3661887,50.032651,restaurant,3.9,162,OPERATIONAL
546,شاورما ريف,26.366618,50.0330846,restaurant,3.3,59,OPERATIONAL
547,Shekhdar Restaurants,26.3644308,50.046117,restaurant,4.3,2699,OPERATIONAL
548,Al Maluh Restaurants,26.3556189,50.0611693,restaurant,3.8,1335,OPERATIONAL
549,مطاعم حنيذ الجنوب - طيبة,26.3590688,50.0437814,restaurant,3.6,915,OPERATIONAL
550,The Coffee Address | عنوان القهوة,26.361709,50.045417,restaurant,4.1,148,OPERATIONAL
551,McDonald's,26.365381,50.0472143,restaurant,3.8,287,OPERATIONAL
552,Concept Burger كونسبت برجر,26.3554584,50.0467845,restaurant,4.2,249,OPERATIONAL
553,ريف العرب,26.3642962,50.0458018,restaurant,4.1,272,OPERATIONAL
554,فوال ومخابز أحلى زمان,26.3574012,50.0458149,restaurant,3.9,366,OPERATIONAL
555,Shwaiat Al-Khalij,26.3667729,50.0684766,restaurant,4.2,5350,OPERATIONAL
556,مشويات ملتقي الرافدين - حي طيبة,26.3620907,50.0689742,restaurant,4.7,8166,OPERATIONAL
557,McDonald's,26.366403,50.069747,restaurant,3.5,3415,OPERATIONAL
558,Abu Hilal Restaurants,26.3586027,50.0634284,restaurant,4,1794,OPERATIONAL
559,Qasr Al Ratem,26.3650247,50.0736248,restaurant,4,4795,OPERATIONAL
560,Broasted Karam,26.3626767,50.069977,restaurant,4,3263,OPERATIONAL
561,King Maktoom' Restaurant,26.3539784,50.0713451,restaurant,4.3,679,OPERATIONAL
562,Sandwich Faqeer,26.3587373,50.0635701,restaurant,3.1,346,OPERATIONAL
563,AlAsr AlHadith Restaurant,26.3589222,50.0640512,restaurant,4.2,1697,OPERATIONAL
564,Mathghout Hashikum,26.3599981,50.0657832,restaurant,3.9,1479,OPERATIONAL
565,Masterpieces Sea Waves,26.363333,50.0710335,restaurant,4.5,4286,OPERATIONAL
566,Curve Burger,26.3684235,50.0670585,restaurant,4.1,1700,OPERATIONAL
567,مطعم بيت الباشوات ‏الفاخرية,26.35938,50.0671384,restaurant,4.1,1008,OPERATIONAL
568,Falafel Amo Basil,26.363856100000003,50.0710181,restaurant,4.1,1852,OPERATIONAL
569,مطعم جازلي,26.3653817,50.0613159,restaurant,4.6,2238,OPERATIONAL
570,مطبق ومعصوب اركان الديرة فرع حي طيبه,26.368709700000004,50.0667763,restaurant,4,1977,OPERATIONAL
571,Herfy,26.359989,50.0740041,restaurant,3.5,1059,OPERATIONAL
572,AL Shallal Pastry,26.3661409,50.0755249,restaurant,4.3,641,OPERATIONAL
573,Biryani Athawaqa Restaurant (Al Shula District) مطعم برياني الذواقة - حي الشعلة,26.3651909,50.0762495,restaurant,4.1,1398,OPERATIONAL
574,Sikkat Karak,26.3662777,50.075633,restaurant,4.3,1095,OPERATIONAL
575,الروشنة للمأكولات الخليجية,26.3637654,50.0737349,restaurant,4.4,756,OPERATIONAL
576,Rice & Saffron Restaurant,26.3682824,50.0788108,restaurant,4.3,569,OPERATIONAL
577,مطعم نمط صحي للوجبات الصحية,26.3698085,50.0841362,restaurant,4.5,493,OPERATIONAL
578,فوال نور الصباح,26.3560625,50.0701875,restaurant,3.8,964,OPERATIONAL
579,فطيرة الفلافل الفاخرية,26.3633603,50.0735494,restaurant,4.3,219,OPERATIONAL
580,مطعم عزمي,26.369879500000003,50.0842606,restaurant,4.5,252,OPERATIONAL
581,Mishwar,26.3645452,50.0704271,restaurant,3.5,1547,OPERATIONAL
582,شاورما اول لحظة حي الشعلة الدمام,26.3595296,50.0742864,restaurant,3.9,164,OPERATIONAL
583,دكان فلافل,26.3625307,50.069668,restaurant,4.4,783,OPERATIONAL
584,وجبات صحية Fit Fuel,26.3650244,50.0759242,restaurant,4.5,140,OPERATIONAL
585,LLAMA,26.3665579,50.0939111,restaurant,4.5,3287,OPERATIONAL
586,حنيذ عمر | Hanith Omar,26.3654022,50.0948944,restaurant,3.8,1295,OPERATIONAL
587,Milan Way Cafe and Restaurant,26.366883,50.0936571,restaurant,4.2,2332,OPERATIONAL
588,بوفية طعمية بدر,26.3537469,50.0982468,restaurant,4.3,607,OPERATIONAL
589,Zwarah Restaurant,26.366435000000003,50.0940113,restaurant,4.5,703,OPERATIONAL
590,مطاعم شواية سماء الخليج,26.353398,50.097332,restaurant,3.9,672,OPERATIONAL
591,Mofattah Afandi Restaurant,26.351097300000003,50.0942903,restaurant,4.3,270,OPERATIONAL
592,بوفيه جاز,26.3537441,50.0982671,restaurant,4.4,290,OPERATIONAL
593,ماي دومي - MY DOMI حي الفاخرية - الشعلة,26.3526688,50.0963906,restaurant,4.6,74,OPERATIONAL
594,مطاعم شعبيات القوافل,26.3509822,50.0936651,restaurant,4.3,277,OPERATIONAL
595,Qamosh قَموش,26.3653095,50.0950059,restaurant,3.4,91,OPERATIONAL
596,بيت شرق,26.3510189,50.0934795,restaurant,4.5,242,OPERATIONAL
597,Barn's | بارنز,26.3542574,50.0996351,restaurant,4.5,180,OPERATIONAL
598,Chef & Beef,26.3654298,50.0947561,restaurant,4.7,354,OPERATIONAL
599,بوفية سد الفاخرية1,26.3541382,50.0992294,restaurant,4.1,316,OPERATIONAL
600,مطعم فايف للمشويات الشعله,26.3510224,50.0938443,restaurant,4.2,129,OPERATIONAL
601,بروستد زاد الأسطورة Legendary Broasted,26.3555473,50.0992096,restaurant,4.4,155,OPERATIONAL
602,Gezzar Grills Restourant مطعم مشويات الجزار,26.3512161,50.0941666,restaurant,4.3,114,OPERATIONAL
603,لقيمات و بانكيك رزون,26.3653584,50.0946395,restaurant,4.3,189,OPERATIONAL
604,Velvet Rose | أسر منتجة | ورق عنب,26.356340900000003,50.1319281,restaurant,4.5,14,OPERATIONAL
605,Casapasta | كازاباستا,26.3481619,50.14342380000001,restaurant,4,360,OPERATIONAL
606,جاوي سريع Jawi Express,26.3487639,50.1336739,restaurant,4.4,420,OPERATIONAL
607,Falafel Tim,26.3450269,50.1375064,restaurant,4.3,592,OPERATIONAL
608,Luqaymat Bint Al Qadi,26.344946200000003,50.1375045,restaurant,4.1,688,OPERATIONAL
609,Waleemat Al Sharqiah,26.3452803,50.1372413,restaurant,3.5,464,OPERATIONAL
610,Eastern People Seafood,26.3473844,50.1441373,restaurant,3.9,792,OPERATIONAL
611,Herfy,26.3436434,50.138831200000006,restaurant,3.5,609,OPERATIONAL
612,Maestro Pizza,26.3483353,50.1432817,restaurant,4.1,506,OPERATIONAL
613,Domino's Pizza,26.348197,50.1433559,restaurant,3.6,337,OPERATIONAL
614,POSHAK Doha Plaza - Khobar| بوشاك,26.3480629,50.143353,restaurant,4.3,491,OPERATIONAL
615,Hardee's,26.3473795,50.1439916,restaurant,3.9,700,OPERATIONAL
616,ADNOC Service Station | Al Qashlah (2007),26.3630838,50.1779371,restaurant,4.4,400,OPERATIONAL
617,Enab Beirut عنب بيروت,26.366634,50.1772759,restaurant,4,773,OPERATIONAL
618,Sigdang Adnoc,26.3632383,50.1771033,restaurant,4,57,OPERATIONAL
619,Sandwich Faqeer | ساندوتش فقير,26.3631571,50.1772907,restaurant,3.4,118,OPERATIONAL
620,Il Vero,26.3670642,50.1779619,restaurant,4.1,111,OPERATIONAL
621,Al Diwan,26.3672927,50.1775886,restaurant,4.1,77,OPERATIONAL
622,مطعم,26.3634202,50.1683045,restaurant,2.6,12,OPERATIONAL
623,AlBaik,26.3618768,50.197102400000006,restaurant,3.1,652,OPERATIONAL
624,McDonald's,26.359828000000004,50.189654,restaurant,3.9,3654,OPERATIONAL
625,مطعم المضياف (الراكة),26.3612422,50.1938171,restaurant,4.3,2449,OPERATIONAL
626,Qasr AlMadhbi,26.3636043,50.2008331,restaurant,4.1,4534,OPERATIONAL
627,حدائق حمص,26.363226,50.1995125,restaurant,4.2,1104,OPERATIONAL
628,بوفية عمر الراكة,26.3625312,50.1966153,restaurant,4.3,196,OPERATIONAL
629,Ashaz Modern Indian Restaurant,26.3627275,50.1964796,restaurant,4.7,1304,OPERATIONAL
630,SMOKIT | سموكيت,26.3613564,50.194067,restaurant,4.1,650,OPERATIONAL
631,Green Bukhari الاخضر البخاري,26.3620102,50.1958142,restaurant,3.9,1711,OPERATIONAL
632,Shawarmer | شاورمر,26.3595533,50.1882801,restaurant,4,3187,OPERATIONAL
633,Kudu - Al Rakah Al Shamaliyah,26.3642251,50.2002842,restaurant,3.9,1680,OPERATIONAL
634,مطعم هاشم,26.3617612,50.1968399,restaurant,3.5,817,OPERATIONAL
635,Al Lahib Broasted,26.3620452,50.1973509,restaurant,3.7,592,OPERATIONAL
636,Dunkin' Donuts,26.3595815,50.1883863,restaurant,4.1,435,OPERATIONAL
637,Casapasta | كازاباستا,26.3599203,50.1892631,restaurant,4,664,OPERATIONAL
638,مطعم نمط صحي لتقديم الوجبات الصحية,26.3629215,50.1988672,restaurant,4.7,455,OPERATIONAL
639,Salad & Tacos سالد أند تاكوز,26.3619807,50.1950087,restaurant,4.3,413,OPERATIONAL
640,تشكي تشيز | Chuck E Cheese,26.356091,50.20865,restaurant,4.3,3337,OPERATIONAL
641,YAAS,26.360679,50.2067803,restaurant,4.5,1196,OPERATIONAL
642,Jam’d,26.3609034,50.2065769,restaurant,4.6,1500,OPERATIONAL
643,TEA TIME RAKAH (وقت الشاي),26.3661908,50.2041242,restaurant,4.1,662,OPERATIONAL
644,F6or Faris,26.3528761,50.2111199,restaurant,4,1373,OPERATIONAL
645,مطعم راكة الحديث,26.3656409,50.2039004,restaurant,3.8,1855,OPERATIONAL
646,Hashi Basha - South Rakkah Branch,26.366247,50.204961,restaurant,4.1,1612,OPERATIONAL
647,مطعم عنجر للمعجنات والشاورما Anjar Restaurant,26.365509,50.2038103,restaurant,4,1736,OPERATIONAL
648,مطعم فوال حسن یوسف آل طریف,26.361336,50.2157563,restaurant,4.2,5,OPERATIONAL
649,مطاعم سنابل ربوع لتقديم الوجبات,26.3612996,50.2155859,restaurant,4,4,OPERATIONAL
650,Sub’ze,26.361584,50.2156027,restaurant,5,2,OPERATIONAL
651,برغرايززر | Burgerizzr‎,26.371812,49.971639,restaurant,4.6,779,OPERATIONAL
652,Herfy 420,26.3719388,49.9715468,restaurant,3.4,551,OPERATIONAL
653,Maestro Pizza,26.3721634,49.9704193,restaurant,3.9,215,OPERATIONAL
654,بوفية انوار الامانة,26.3803766,49.9714835,restaurant,4.1,84,OPERATIONAL
655,مطاعم تثليث,26.3858923,49.9721051,restaurant,3.5,71,OPERATIONAL
656,مطعم موائد الطائف للاكلات الشعبية,26.3677035,49.9642882,restaurant,3.5,89,OPERATIONAL
657,فلافل الماس دمشق,26.3856352,49.9723994,restaurant,4.4,53,OPERATIONAL
658,وجبات صحية Fit Fuel,26.3665463,49.964690100000006,restaurant,4.8,41,OPERATIONAL
659,بوفية منبع السعادة لتقديم الوجبات السريعة,26.3802306,49.9649117,restaurant,4.7,33,OPERATIONAL
660,بوفيه نور السعادة,26.367871,49.964063800000005,restaurant,3.4,5,OPERATIONAL
661,بوفية واحة الابداع,26.3734557,49.9640752,restaurant,2.6,15,OPERATIONAL
662,فود ترك سمبوسه زمان,26.3727104,49.963232,restaurant,5,26,OPERATIONAL
663,Sandwich Faqeer Al Asala,26.3733216,49.9751512,restaurant,3.3,6,OPERATIONAL
664,مطعم المسار الراقي لتقديم الوجبات,26.3801834,49.9650177,restaurant,3.8,4,OPERATIONAL
665,شاهي وسمرة,26.3762014,49.97258,restaurant,5,6,OPERATIONAL
666,مطعم درة العاشر البخاري,26.3854241,49.9852512,restaurant,4,69,OPERATIONAL
667,بوفيه ليان السعادة الفرع (3),26.3822734,49.9999598,restaurant,4.2,201,OPERATIONAL
668,تيم هورتينز Tim Hortons,26.3783822,49.9913315,restaurant,4.3,116,OPERATIONAL
669,مطعم ماما ليونه,26.3822771,49.9999769,restaurant,4.3,64,OPERATIONAL
670,فلافل يخضور,26.3824127,50.000216,restaurant,3.7,39,OPERATIONAL
671,مطعم هاني ابوعبدالله البخاري ( فوال نورالصباح ),26.3824533,50.0002937,restaurant,3.5,42,OPERATIONAL
672,الخيّال شعبيات وأكثر,26.3853213,49.9850701,restaurant,3.5,25,OPERATIONAL
673,فود تراك طبطبه,26.3829381,50.0012228,restaurant,4.8,22,OPERATIONAL
674,LAZONA ALDAHYA | لازونا الضاحية,26.3801138,50.0035768,restaurant,3.8,4,OPERATIONAL
675,Tea Time وقت الشاي,26.3825941,50.0007262,restaurant,No rating,No reviews,OPERATIONAL
676,اندومي ستايشن | Indomi Station,26.3828972,50.0010792,restaurant,5,8,OPERATIONAL
677,McDonald's,26.380277000000003,50.011602,restaurant,3.8,979,OPERATIONAL
678,Shawarmer | شاورمر,26.3806823,50.0119995,restaurant,4.8,1129,OPERATIONAL
679,مطعم ريف الشرقية البخاري,26.3726829,50.0239937,restaurant,4,300,OPERATIONAL
680,KFC,26.3801625,50.0112132,restaurant,4.3,103,OPERATIONAL
681,Pakistani Restaurant,26.3725147,50.024146,restaurant,4,24,OPERATIONAL
682,Hardees,26.3801291,50.0110833,restaurant,4.1,92,OPERATIONAL
683,ع,26.3804601,50.0113371,restaurant,2.3,63,OPERATIONAL
684,مفضلتي,26.3727613,50.0240276,restaurant,3,2,OPERATIONAL
685,افضل وجبه Best meal,26.3805667,50.0113649,restaurant,4,4,OPERATIONAL
686,بوفيه افضل وجبه,26.3725372,50.0242257,restaurant,1.4,11,OPERATIONAL
687,مطاعم حنيذ الجنوب - المنار,26.3700591,50.0347763,restaurant,3.8,654,OPERATIONAL
688,Bab Bukhokha Restaurants & Kitchens,26.3753326,50.030232,restaurant,3.9,1323,OPERATIONAL
689,Rommanah Restaurant,26.3727536,50.041367,restaurant,3.6,443,OPERATIONAL
690,سلة بيت الفلافل,26.3724479,50.0402238,restaurant,4.9,577,OPERATIONAL
691,مطبخ المنار,26.3785771,50.0379932,restaurant,4.5,224,OPERATIONAL
692,مطعم نصف مخصوص,26.3705077,50.0381539,restaurant,4.5,339,OPERATIONAL
693,Green Chillies Restaurant,26.370522,50.037303900000005,restaurant,3.7,242,OPERATIONAL
694,برجر جمان OUT LAW BURGER,26.3709122,50.033995,restaurant,4.5,81,OPERATIONAL
695,بوفيه المنار,26.3810733,50.0248455,restaurant,4.6,48,OPERATIONAL
696,مطعم رايق,26.378369400000004,50.0595102,restaurant,4.1,5554,OPERATIONAL
697,Cart Restaurant مطعم كارت,26.3764411,50.0611651,restaurant,4.6,2879,OPERATIONAL
698,88PORT | ٨٨ بورت,26.3699172,50.0574764,restaurant,4.4,2444,OPERATIONAL
699,Sinjar,26.3788874,50.0584916,restaurant,4,8593,OPERATIONAL
700,Deep Fries,26.3802683,50.0574398,restaurant,4.5,2324,OPERATIONAL
701,فروج ابوالعبد,26.3768206,50.0608731,restaurant,3.8,1661,OPERATIONAL
702,عجيّل,26.3818725,50.0473727,restaurant,3.9,1005,OPERATIONAL
703,Bukhari Hut,26.3784011,50.059501,restaurant,4.1,897,OPERATIONAL
704,TAG Restaurant KSA- مطعم تاغ,26.3811822,50.0564622,restaurant,4.2,1415,OPERATIONAL
705,بخاري روشاز,26.3842029,50.0538924,restaurant,4.2,585,OPERATIONAL
706,Tashbia'a,26.3698214,50.0575555,restaurant,4.7,3428,OPERATIONAL
707,Sama Deeraty Restaurant Taybah,26.3704895,50.0566278,restaurant,3.8,3113,OPERATIONAL
708,فوال ابو عزوز,26.378261,50.0596255,restaurant,4,1021,OPERATIONAL
709,Tea Time FAISALIYA,26.376551100000004,50.0610947,restaurant,4.2,2067,OPERATIONAL
710,House of spices مطعم بيت التوابل,26.378328000000003,50.0584454,restaurant,4.1,1226,OPERATIONAL
711,اصل البرجر TBO,26.3792334,50.0581961,restaurant,4.6,3680,OPERATIONAL
712,KFC,26.3819336,50.0557308,restaurant,3.6,1983,OPERATIONAL
713,Fareej Al Mubarakia,26.3764211,50.0612687,restaurant,4.1,5491,OPERATIONAL
714,مطعم عصيدة و مرق,26.3719327,50.0868433,restaurant,4.2,1780,OPERATIONAL
715,Umbrella - Dammam,26.376072,50.0888301,restaurant,4.3,2332,OPERATIONAL
716,Al Mumtaz Restaurant,26.3717352,50.0865201,restaurant,4.1,2621,OPERATIONAL
717,Nabil's Maqlooba,26.3714203,50.0859168,restaurant,4.3,1387,OPERATIONAL
718,Modawar | كافتريا مدور,26.3708693,50.0945634,restaurant,4.3,673,OPERATIONAL
719,شاورما سنع الدمام,26.3708822,50.0851452,restaurant,4.2,673,OPERATIONAL
720,Tikka n’ Go,26.3685337,50.0922663,restaurant,4.5,1482,OPERATIONAL
721,PAKKA RESTAURANT (Indian Food),26.3760234,50.088759,restaurant,4.4,445,OPERATIONAL
722,مضغوط تهامه,26.3726789,50.086042500000005,restaurant,4,170,OPERATIONAL
723,٦ رجب | الندى,26.3712822,50.08578,restaurant,4.1,546,OPERATIONAL
724,The Peak,26.3713586,50.0896446,restaurant,4.5,687,OPERATIONAL
725,Tim Hortons Mazaya Gas Station,26.379905,50.086741,restaurant,4.2,1873,OPERATIONAL
726,Freshhouse فريش هاوس,26.3824036,50.1043954,restaurant,3.9,1006,OPERATIONAL
727,منؤشة الريف,26.3819353,50.1034881,restaurant,4.2,1112,OPERATIONAL
728,Hassawiyah Restaurant,26.3791915,50.0995772,restaurant,4.1,907,OPERATIONAL
729,Masmakat Al Fareej,26.3836081,50.1034753,restaurant,4,2177,OPERATIONAL
730,Turkistachio,26.3815126,50.1034264,restaurant,4,1345,OPERATIONAL
731,MALAMA | مالاما,26.3729829,50.1205409,restaurant,4.3,193,OPERATIONAL
732,Saladay سالاداي,26.3760459,50.1224546,restaurant,4.2,329,OPERATIONAL
733,Kudu - Hajer District - Dammam,26.3745291,50.1194941,restaurant,3.9,353,OPERATIONAL
734,Ronaldo’s Pizza رونالدوز بيتزا,26.3763289,50.1229901,restaurant,3.9,347,OPERATIONAL
735,مطعم الرواق الشامي للمشويات والمعجنات,26.3723775,50.123807,restaurant,3.7,336,OPERATIONAL
736,Griddle - جريدل,26.3762987,50.1223535,restaurant,3.9,82,OPERATIONAL
737,Friends Burger فريندز برجر,26.3730893,50.126309,restaurant,4.8,335,OPERATIONAL
738,بوفية الخير الطازج,26.3752052,50.1185681,restaurant,3.9,110,OPERATIONAL
739,بوفية أصل المختصين,26.3754369,50.1130377,restaurant,4.2,32,OPERATIONAL
740,شاورما على المزاج,26.3759948,50.1231399,restaurant,3.4,80,OPERATIONAL
741,بوفية لذيذ واطعم,26.3756209,50.1228901,restaurant,4.2,44,OPERATIONAL
742,بوفية ذوق هجر,26.3728496,50.1045116,restaurant,4.4,33,OPERATIONAL
743,مطعم النمس,26.383938200000003,50.1253461,restaurant,4.4,97,OPERATIONAL
744,مطعم كواتم النزهة البخاري,26.3724969,50.1234363,restaurant,2.4,49,OPERATIONAL
745,مطعم طلة جبل للوجبات السريعة,26.3721979,50.1238791,restaurant,4.7,49,OPERATIONAL
746,آيس الحفرة ice cukur,26.3730175,50.1269561,restaurant,5,30,OPERATIONAL
747,بوفية المختص,26.3751961,50.1185471,restaurant,4.4,12,OPERATIONAL
748,Come to Momma,26.3712449,50.1395786,restaurant,4.5,4402,OPERATIONAL
749,Wood Pizza,26.3837129,50.1408951,restaurant,4.7,547,OPERATIONAL
750,KFC,26.3810972,50.1481398,restaurant,4.4,368,OPERATIONAL
751,Falafel pie,26.3816655,50.1482008,restaurant,4.6,184,OPERATIONAL
752,LEVANTINE LOUNG & RESTAURANT ليفانتين لاونج,26.3740489,50.1480464,restaurant,4.8,135,OPERATIONAL
753,Al Tazij Bukhari Restaurant,26.3840491,50.14127,restaurant,3.7,263,OPERATIONAL
754,بوفية فطور بيروت٢,26.3833116,50.1399871,restaurant,4.2,65,OPERATIONAL
755,فول و تميس حسن يوسف,26.3839863,50.14121,restaurant,3.4,74,OPERATIONAL
756,Gaslamp restaurant,26.3712449,50.1395872,restaurant,3.5,17,OPERATIONAL
757,Belad Al-Sham Restaurant,26.372868800000003,50.1786023,restaurant,4.1,1838,OPERATIONAL
758,SKY By Archi,26.3699286,50.1768203,restaurant,4,1006,OPERATIONAL
759,Four Squares Café,26.379938,50.178208,restaurant,4.7,2098,OPERATIONAL
760,KFC,26.3821827,50.1783078,restaurant,3.7,1926,OPERATIONAL
761,Kebdat Hijazi,26.381606,50.1782653,restaurant,4,1579,OPERATIONAL
762,برغرايززر | Burgerizzr,26.3826099,50.1784354,restaurant,4.5,1835,OPERATIONAL
763,Kudu - Al Safa - Dammam,26.3860893,50.1782225,restaurant,4.2,402,OPERATIONAL
764,Popeyes,26.3859581,50.1782241,restaurant,4.4,805,OPERATIONAL
765,DOB Dining Hall,26.3837384,50.1683214,restaurant,3.5,57,OPERATIONAL
766,Hardee's,26.3820277,50.1782694,restaurant,4,976,OPERATIONAL
767,Tim Hortons,26.3709087,50.1747995,restaurant,4.8,209,OPERATIONAL
768,مطعم الذواق,26.3715089,50.1747141,restaurant,3.2,76,OPERATIONAL
769,Cheezycrab تشيزي كراب,26.3626226,50.1965794,restaurant,4.8,1107,OPERATIONAL
770,Manoosha Alreef,26.3625064,50.1962546,restaurant,4.1,1432,OPERATIONAL
771,Marassi Al Shouq Restaurant,26.363936,50.1920412,restaurant,4.4,105,OPERATIONAL
772,Roshm alsharq,26.3698187,50.1905458,restaurant,4.4,629,OPERATIONAL
773,Curry leaf restaurant,26.3624096,50.1964096,restaurant,3.4,56,OPERATIONAL
774,Habak,26.3670339,50.1862376,restaurant,4.2,665,OPERATIONAL
775,Krab,26.3619384,50.1950505,restaurant,4.7,490,OPERATIONAL
776,جرة وصاج,26.3625674,50.1963163,restaurant,3.8,543,OPERATIONAL
777,بوفية طاولة السعادة لتقديم الوجبات,26.3788496,50.1965652,restaurant,4.2,35,OPERATIONAL
778,Golden Juice,26.3624504,50.2062228,restaurant,3.9,679,OPERATIONAL
779,KFC,26.3628692,50.2060127,restaurant,3.6,1420,OPERATIONAL
780,Makbous Express,26.3628801,50.2058552,restaurant,4.3,1301,OPERATIONAL
781,Maiz Restaurant,26.3656875,50.2030625,restaurant,3.9,1455,OPERATIONAL
782,University Towers Restaurant,26.3667992,50.2048021,restaurant,4.2,736,OPERATIONAL
783,Hardee's,26.3671875,50.2045625,restaurant,3.9,1067,OPERATIONAL
784,ورق عنب ليليا,26.3638643,50.1993676,restaurant,4.7,603,OPERATIONAL
785,معجنات روز الشام,26.363813800000003,50.1995648,restaurant,4.9,318,OPERATIONAL
786,Indian family restaurant,26.3639362,50.2022307,restaurant,3.8,1385,OPERATIONAL
787,Wadi Shawaya Restaurant,26.3659192,50.2044576,restaurant,4.1,325,OPERATIONAL
788,مطاعم القناعة البخاري,26.3643998,50.2017718,restaurant,3.6,248,OPERATIONAL
789,Spicy Restaurant,26.3633863,50.2010899,restaurant,4.2,188,OPERATIONAL
790,فوال بسمة الطائف,26.3642498,50.2015463,restaurant,3.9,197,OPERATIONAL
791,بروست الباسل الراكة Broast Al Basel Rakah,26.3659536,50.2044366,restaurant,4,149,OPERATIONAL
792,Lazona albahar | لازونا البحر,26.3718391,50.228595,restaurant,4.5,134,OPERATIONAL
793,مطاعم البلدي البخاري,26.3721125,50.2283906,restaurant,4.1,57,OPERATIONAL
794,Win Burger | وين برجر,26.3752734,50.2351532,restaurant,4.3,62,OPERATIONAL
795,فوال وتمیس نورالصباح,26.3717114,50.2268656,restaurant,4,54,OPERATIONAL
796,ذرتي,26.3852571,50.235446,restaurant,4.5,17,OPERATIONAL
797,مطعم مندي المزاج الحضرمي,26.3716875,50.2279375,restaurant,4.1,14,OPERATIONAL
798,مطعم كشته ارت,26.3718722,50.2271696,restaurant,4.8,39,OPERATIONAL
799,مطعم واحة كبسه البخاري - WAHAD KABSA AL BUKHARI RESTAURANT,26.3724971,50.228611,restaurant,4.5,6,OPERATIONAL
800,مطعم ومطبخ طاهرة بخاري,26.3900822,49.9861036,restaurant,3.6,89,OPERATIONAL
801,فوال وتميس العنزي,26.3880674,49.9622376,restaurant,2.1,14,OPERATIONAL
802,دجاج وبيض,26.390122,49.98624,restaurant,4,21,OPERATIONAL
803,Pepper & Hot Restaurants,26.388508,49.962315,restaurant,4.4,17,OPERATIONAL
804,فلافل ضواحي دمشق,26.3856755,49.9723508,restaurant,3.7,14,OPERATIONAL
805,بوفيه المذاق المذهل,26.393379,49.9937011,restaurant,4,234,OPERATIONAL
806,حلا الين للحلويات,26.3913244,49.995335,restaurant,4,39,OPERATIONAL
807,مشويات و معجنات جياد دمشق,26.3917922,49.9951915,restaurant,3.7,123,OPERATIONAL
808,بوفية فن تاج الضاحية,26.3922688,49.9922937,restaurant,4.4,39,OPERATIONAL
809,برجر المشوي,26.3925635,49.9907341,restaurant,4,63,OPERATIONAL
810,Simplest Burger,26.3932992,49.9930766,restaurant,4.7,69,OPERATIONAL
811,بطاطس حاتم جيزاني,26.3933457,49.9942307,restaurant,4.2,5,OPERATIONAL
812,مطعم الشيف شعاع,26.3919501,49.9949283,restaurant,4.7,78,OPERATIONAL
813,لقيمات ترشرش,26.3920934,49.9913187,restaurant,3.7,3,OPERATIONAL
814,Shobrah Al Bukhari Restaurant,26.3990402,50.017959000000005,restaurant,4,1235,OPERATIONAL
815,مطبخ ومطعم ديار العز,26.4035798,50.0184858,restaurant,4.6,124,OPERATIONAL
816,مطعم صقور البادية,26.4036511,50.0164348,restaurant,4.3,177,OPERATIONAL
817,مطعم رمال اوس,26.3957631,50.0176832,restaurant,4.4,125,OPERATIONAL
818,بوفية لمار الضاحيه,26.4036036,50.0031535,restaurant,3.9,47,OPERATIONAL
819,فوال الرباط,26.3987771,50.0178525,restaurant,3.4,114,OPERATIONAL
820,مطعم الجنوب الحنيذ المنزلي,26.3931701,50.0238708,restaurant,3.4,10,OPERATIONAL
821,مطاعم طلة الخير البخاري,26.4038038,50.003057,restaurant,3.9,82,OPERATIONAL
822,بوفية سحب سبأ للوجبات السريعة,26.3960273,50.0185823,restaurant,3.3,63,OPERATIONAL
823,بروستد الجود الشرقي,26.3955168,50.0191464,restaurant,4.6,118,OPERATIONAL
824,Popeyes - بوبايز,26.3972508,50.0185217,restaurant,4.6,58,OPERATIONAL
825,مطبخ دياز العز للولائم,26.4040751,50.0183467,restaurant,3.8,8,OPERATIONAL
826,بوفية روابي السعيدة,26.3969937,50.0170025,restaurant,2.6,18,OPERATIONAL
827,بوفية ساعة كرك,26.3990066,50.006085,restaurant,4.1,14,OPERATIONAL
828,AlBaik,26.3957057,50.0410345,restaurant,4,10794,OPERATIONAL
829,فول خلوفة الدمام,26.3952499,50.0412276,restaurant,3.7,1975,OPERATIONAL
830,مطعم قصر لبدة,26.389548200000004,50.0413614,restaurant,4.2,879,OPERATIONAL
831,Baith Al Karak,26.3925826,50.0314809,restaurant,4,1553,OPERATIONAL
832,Subway,26.396497,50.042639,restaurant,4.1,1285,OPERATIONAL
833,بوفية عهود,26.4019363,50.0351621,restaurant,4,715,OPERATIONAL
834,مطعم بخاري مبهر,26.4008742,50.0402287,restaurant,3.9,360,OPERATIONAL
835,منؤشة الريف,26.3963223,50.0426633,restaurant,4.2,1466,OPERATIONAL
836,Maestro Pizza,26.3961983,50.0427035,restaurant,3.9,1034,OPERATIONAL
837,تكا سيندوج,26.3927103,50.031415,restaurant,3.8,99,OPERATIONAL
838,كبدة عربان,26.3992657,50.0412829,restaurant,4,1157,OPERATIONAL
839,مطبخ ومندي ريم البوادي,26.3996977,50.0408853,restaurant,3.9,984,OPERATIONAL
840,"Operation Falafel, Centro",26.3961436,50.0428245,restaurant,4.3,487,OPERATIONAL
841,SALT,26.3916648,50.0364033,restaurant,4.7,1091,OPERATIONAL
842,مطبخ نجد,26.3983979,50.0373384,restaurant,3.8,332,OPERATIONAL
843,Nando's - Nakheel Mall Damamm,26.390826800000003,50.0375892,restaurant,4.4,1436,OPERATIONAL
844,Sushi Library,26.391537,50.03712,restaurant,4.4,1960,OPERATIONAL
845,مطبخ مها للولائم,26.3900042,50.0408221,restaurant,4.1,351,OPERATIONAL
846,Jamie's Italian Nakheel Mall Dammam,26.391736,50.037040700000006,restaurant,4.5,2344,OPERATIONAL
847,Cocktail Mazza,26.4024889,50.0512902,restaurant,4.1,4004,OPERATIONAL
848,Tikkaway,26.4015549,50.0492428,restaurant,4.4,1490,OPERATIONAL
849,Madghout Touhama,26.3992424,50.0447803,restaurant,4.2,4844,OPERATIONAL
850,مقلط الفريج الفيصلية,26.3981946,50.0466386,restaurant,4.5,6648,OPERATIONAL
851,شواية الخليج‎,26.4015625,50.0404375,restaurant,4.1,4166,OPERATIONAL
852,Kufa,26.4025709,50.0514032,restaurant,4.1,6842,OPERATIONAL
853,مظبيكم,26.3995006,50.0454307,restaurant,4.1,1308,OPERATIONAL
854,Mozon,26.3979738,50.0468332,restaurant,3.6,627,OPERATIONAL
855,WOOD GRILL,26.3992325,50.0447608,restaurant,4.2,941,OPERATIONAL
856,Abuzaid restaurant,26.3994363,50.0451021,restaurant,3.9,1333,OPERATIONAL
857,YA Mal AlTeeb مطعم يامال الطيب,26.4019092,50.0501962,restaurant,4.2,3889,OPERATIONAL
858,باست,26.403861,50.0541254,restaurant,4.3,379,OPERATIONAL
859,بيت الشواية Shawaya House,26.4018706,50.0399509,restaurant,3.8,899,OPERATIONAL
860,ورق عنب سوما | Soma Grape Leaves,26.3969378,50.0444188,restaurant,4.7,931,OPERATIONAL
861,AlRomansiah Restaurant,26.4058688,50.0615876,restaurant,4.1,16820,OPERATIONAL
862,بوفية عمر الفيصلية,26.4015829,50.064097800000006,restaurant,4.1,1600,OPERATIONAL
863,alyahya bakeries,26.4050485,50.062115,restaurant,4.5,2306,OPERATIONAL
864,Q EAT,26.3912423,50.0739274,restaurant,4.7,1466,OPERATIONAL
865,McDonald's,26.404125,50.057959,restaurant,3.8,7742,OPERATIONAL
866,Casapasta | كازاباستا,26.4037829,50.0575103,restaurant,3.8,2419,OPERATIONAL
867,GRAV CAFE قراف كافيه,26.3937614,50.0723649,restaurant,4.4,1269,OPERATIONAL
868,فطور الطيبين الدمام,26.3936584,50.07245760000001,restaurant,4.3,1637,OPERATIONAL
869,Past | باست,26.4002342,50.0748132,restaurant,4.4,421,OPERATIONAL
870,Nathri Restaurant,26.3899305,50.0654713,restaurant,4,1053,OPERATIONAL
871,Chapati & Karak,26.395509,50.078163,restaurant,3.8,573,OPERATIONAL
872,McDonald's,26.399303,50.075584,restaurant,3.2,466,OPERATIONAL
873,Lute,26.3912672,50.0729058,restaurant,4.2,2195,OPERATIONAL
874,برغرايززر | Burgerizzr,26.403568,50.063467,restaurant,4.1,1653,OPERATIONAL
875,bin aqoul,26.3936566,50.0723734,restaurant,3.9,1538,OPERATIONAL
876,دوار السعادة,26.3814834,50.0563771,restaurant,4,200,OPERATIONAL
877,Awake,26.390049,50.0656436,restaurant,4.2,785,OPERATIONAL
878,Baba Khabbaz,26.396890400000004,50.068089,restaurant,4.3,2025,OPERATIONAL
879,Burger Hub,26.395353300000004,50.0782324,restaurant,4.7,1338,OPERATIONAL
880,لقيمات بنت القاضي - فرع الفيصلية,26.392169000000003,50.0687401,restaurant,4.1,1408,OPERATIONAL
881,smoke arts - سموك أرتس,26.3913924,50.0728159,restaurant,4.5,498,OPERATIONAL
882,Shrimp Caption,26.3913702,50.0728237,restaurant,4.5,1764,OPERATIONAL
883,Kishna Restaurant,26.3911481,50.0730373,restaurant,4.2,1612,OPERATIONAL
884,Riocha,26.3956178,50.0779305,restaurant,4.4,584,OPERATIONAL
885,كيتشن بارك,26.3947327,50.0861871,restaurant,2.4,80,OPERATIONAL
886,Al lahib,26.4054034,50.0831703,restaurant,3.9,287,OPERATIONAL
887,Zad AlSultan,26.3927517,50.104758700000005,restaurant,4.1,6119,OPERATIONAL
888,Sofret fayzah,26.4047564,50.1022571,restaurant,4.3,4147,OPERATIONAL
889,All Day,26.4048886,50.1021526,restaurant,4.4,1954,OPERATIONAL
890,Weber Burger,26.4016537,50.1051323,restaurant,4.6,2034,OPERATIONAL
891,AL Shallal Pastry,26.4011059,50.0989602,restaurant,4.3,551,OPERATIONAL
892,Maoon Restarunt,26.4018511,50.105152,restaurant,4.5,943,OPERATIONAL
893,Lghawees | لغاويص,26.4014923,50.1050336,restaurant,3.8,1095,OPERATIONAL
894,Lazona,26.4044312,50.1066992,restaurant,4.1,446,OPERATIONAL
895,مطعم ميدار للمأكولات البحرية medar,26.4006375,50.098066200000005,restaurant,4.2,1168,OPERATIONAL
896,مطعم المضياف (النزهه),26.4013634,50.1050062,restaurant,4,791,OPERATIONAL
897,lahza,26.393858400000003,50.104716,restaurant,4,297,OPERATIONAL
898,Shawarmer | شاورمر,26.3950192,50.104736,restaurant,4.5,895,OPERATIONAL
899,Coffee Warehouse,26.3947582,50.1047457,restaurant,4.2,1682,OPERATIONAL
900,Barn's | بارنز,26.4026991,50.1011311,restaurant,4.2,621,OPERATIONAL
901,Trip brgr,26.4035405,50.1017032,restaurant,4.1,450,OPERATIONAL
902,Kudu - Al Imam Ali Ibn Abi Talib St,26.4028473,50.1009764,restaurant,3.8,1403,OPERATIONAL
903,Al Tazaj,26.4007081,50.1144646,restaurant,3.6,2341,OPERATIONAL
904,McDonald's,26.400232,50.117458,restaurant,3.6,981,OPERATIONAL
905,Zaman Awwal,26.3937266,50.1047215,restaurant,4.2,512,OPERATIONAL
906,Burger King - Othaim Dammam,26.400530000000003,50.114817,restaurant,3.8,1214,OPERATIONAL
907,Lorenzo Pizza | لورينزو بيتزا,26.3970625,50.1048286,restaurant,3.8,203,OPERATIONAL
908,KFC,26.4000979,50.1170614,restaurant,4,711,OPERATIONAL
909,معجنات نور الياسمين,26.3932076,50.1046555,restaurant,4.2,315,OPERATIONAL
910,Kudu - Mohammed Bin Fahd Street - Dammam,26.4004504,50.1150443,restaurant,3.8,1338,OPERATIONAL
911,La Tavola Italian Restaurant مطعم لاتاڤولا الايطالى,26.4001967,50.117668900000005,restaurant,4.9,1176,OPERATIONAL
912,Meltzone,26.3951185,50.1047181,restaurant,4.1,429,OPERATIONAL
913,Grill Shack,26.3939265,50.1047384,restaurant,3.9,574,OPERATIONAL
914,Hunger Bell Cafeteria كافتيريا جرس الجوع,26.3936919,50.1047162,restaurant,4.6,38,OPERATIONAL
915,TIM HORTONS,26.4000118,50.1169877,restaurant,4.1,483,OPERATIONAL
916,Canton - كانتون,26.4003179,50.1173517,restaurant,3.9,212,OPERATIONAL
917,Herfy 215,26.4001268,50.1155815,restaurant,3.5,663,OPERATIONAL
918,Hardee's,26.4005625,50.1169375,restaurant,3.9,107,OPERATIONAL
919,Rakah Modern Restaurant,26.4021421,50.1396291,restaurant,3.8,699,OPERATIONAL
920,Domino's Pizza,26.3882137,50.14939,restaurant,3.7,133,OPERATIONAL
921,Herfy,26.387729200000003,50.1493863,restaurant,3.6,937,OPERATIONAL
922,Barn's | بارنز,26.3878362,50.1493994,restaurant,4.1,19,OPERATIONAL
923,مطعم شباب خلیجی بخاري shabab khaleeji restaurant,26.40207,50.139716,restaurant,3.9,20,OPERATIONAL
924,مطعم حصن الشام لتقديم الوجبات,26.388248200000003,50.1494497,restaurant,3.5,15,OPERATIONAL
925,مطعم سكبة الاولى,26.401957,50.1397628,restaurant,3.3,15,OPERATIONAL
926,مخبر فوال حسن یوسف قصرالخلیج,26.3839746,50.1412039,restaurant,3.1,31,OPERATIONAL
927,Crust Station,26.3861293,50.1261138,restaurant,4.5,4,OPERATIONAL
928,Amiantit Indian Canteen,26.3881982,50.1302043,restaurant,3,2,OPERATIONAL
930,Saihati restaurant,26.4032083,50.1596053,restaurant,4.3,43,OPERATIONAL
931,Asyakh Alshawwaya Restaurant,26.388608,50.1784058,restaurant,4.7,221,OPERATIONAL
932,Mezbaan Raka,26.3880633,50.178353,restaurant,3.8,72,OPERATIONAL
933,BURDOG,26.3884696,50.1784129,restaurant,4.8,832,OPERATIONAL
934,Domino's Pizza,26.3880386,50.178153,restaurant,3.4,295,OPERATIONAL
935,SALATA | سلاته,26.3884375,50.1783125,restaurant,4.7,128,OPERATIONAL
936,Costa Coffee,26.391663,50.177547,restaurant,2.5,23,OPERATIONAL
937,Al Gosaibi Foods Company,26.4009098,50.1679095,restaurant,4,113,OPERATIONAL
938,بوفية دار اليوم,26.3793928,50.1703728,restaurant,3,2,OPERATIONAL
939,الميز,26.3952565,50.18209050000001,restaurant,3.7,6,OPERATIONAL
940,Main Restaurant,26.3975536,50.1904432,restaurant,3.7,309,OPERATIONAL
941,فود ترك low and slow,26.3813062,50.1827778,restaurant,4.9,45,OPERATIONAL
942,Tasty Elements عناصر الذيذه,26.4050629,50.1844517,restaurant,3.8,8,OPERATIONAL
943,Students' Canteen,26.3975518,50.1904597,restaurant,3.5,24,OPERATIONAL
944,Boys Ground Cafeteria,26.3818365,50.1833402,restaurant,2.3,7,OPERATIONAL
945,مطاعم مقلوبة جهاد,26.3832565,50.1926936,restaurant,5,2,OPERATIONAL
946,مطعم - تحت الإنشاء,26.3958901,50.2008368,restaurant,No rating,No reviews,OPERATIONAL
947,مطعم لدنا الجبيل,26.383265800000004,50.1927161,restaurant,No rating,No reviews,OPERATIONAL
948,لذة,26.3807509,50.1836241,restaurant,No rating,No reviews,OPERATIONAL
949,MY DOMI - ماي دومي - بحر الراكة,26.3880625,50.2353125,restaurant,4.2,146,OPERATIONAL
950,Pastron Pasta,26.3872125,50.2359531,restaurant,4.4,41,OPERATIONAL
951,بطاطس ابو موضي ٢,26.3917549,50.2336734,restaurant,4,9,OPERATIONAL
952,Um Hanan Local Food,26.4032262,50.2260596,restaurant,4.9,23,OPERATIONAL
953,3 يناير,26.3862422,50.2360019,restaurant,4.2,51,OPERATIONAL
954,باستا وايز,26.3907338,50.2343527,restaurant,4.7,99,OPERATIONAL
955,إندوفرايز Endofries,26.3910045,50.2341799,restaurant,4.5,34,OPERATIONAL
956,OTARO,26.387419,50.2359667,restaurant,5,19,OPERATIONAL
957,عربة وفود ترك ام تركي,26.3918679,50.2338291,restaurant,5,16,OPERATIONAL
958,مطعم حواء,26.3883557,50.2356202,restaurant,5,3,OPERATIONAL
959,pasta wise,26.3904545,50.2344925,restaurant,5,27,OPERATIONAL
960,بوتيروس باشا,26.405177,50.2255663,restaurant,No rating,No reviews,OPERATIONAL
961,BiSoeet,26.392774,50.2324309,restaurant,5,7,OPERATIONAL
962,Shokah,26.391237500000003,50.2333906,restaurant,5,4,OPERATIONAL
963,ابوراشد ام راشد اللاكلات الشعبية,26.3924454,50.2333033,restaurant,5,5,OPERATIONAL
964,شاي جمر,26.4011775,50.2274815,restaurant,5,1,OPERATIONAL
965,BUN RUN BURGER 🍔 بان ران برقر,26.3918956,50.2336935,restaurant,4.8,25,OPERATIONAL
966,مطعم ركن الشرقية البخاري,26.4100214,49.9869989,restaurant,3.2,36,OPERATIONAL
967,مطعم أصل اللذائذ لتقديم الوجبات,26.418051,49.9842501,restaurant,3.3,73,OPERATIONAL
968,مطعم اطياف رنيم,26.4073826,49.9879609,restaurant,3,179,OPERATIONAL
969,Burger Almashvi,26.4102021,49.9875427,restaurant,4.1,60,OPERATIONAL
970,مطعم ليالي الضاحية,26.4180475,49.9841945,restaurant,4.7,90,OPERATIONAL
971,واقــف برجـر ( الضاحية ) - BURGER WAQF,26.4175736,50.0051693,restaurant,4.2,649,OPERATIONAL
972,Kebdat Hijazi,26.4168791,50.0047562,restaurant,4,1767,OPERATIONAL
973,بروستد كوخ الكتكوت,26.4198714,49.9967778,restaurant,4.5,100,OPERATIONAL
974,ورق عنب الشرقية grape leaves,26.4177445,50.0043787,restaurant,4.2,148,OPERATIONAL
975,معجنات نور الشام فرع2 الضاحية,26.4156651,50.0007947,restaurant,4.6,82,OPERATIONAL
976,مطعم النكهه الفاخره,26.4198547,49.9967777,restaurant,3.7,188,OPERATIONAL
977,مطعم كباب الفسطاط,26.4113183,50.0048332,restaurant,3.8,106,OPERATIONAL
978,بوفية قمة الضاحية,26.4113518,49.9895979,restaurant,3.5,105,OPERATIONAL
979,مطعم ركني الشيف البخاري,26.4165312,50.0053367,restaurant,3.6,112,OPERATIONAL
980,معصوبي,26.4169009,50.0047605,restaurant,4.6,106,OPERATIONAL
981,مطعم شموخ عدن للاكلات الشعبيه,26.414485,49.9919045,restaurant,4.2,53,OPERATIONAL
982,بروست تشكن فاير,26.4172127,50.0046914,restaurant,4,60,OPERATIONAL
983,بيتزا كيو الضاحية بيتزا معجنات فطائر,26.411166,49.9897393,restaurant,4,48,OPERATIONAL
984,Zaman dressing - suburb,26.419714,49.9969718,restaurant,3.6,148,OPERATIONAL
985,كنافة الهنا فرع الضاحيه,26.4177689,50.004376,restaurant,4.2,31,OPERATIONAL
986,عريكة عم قاسم الأصلية,26.4157565,50.0239696,restaurant,4.1,497,OPERATIONAL
987,Herfy,26.4196251,50.0200807,restaurant,3.7,3402,OPERATIONAL
988,مطعم ولائم الطاهي,26.4053557,50.01583180000001,restaurant,3.9,1070,OPERATIONAL
989,حاشيكم,26.4151913,50.0228567,restaurant,3.9,1250,OPERATIONAL
990,مطعم نواف البخاري,26.4204116,50.0036587,restaurant,4.3,868,OPERATIONAL
991,بروستد كرم 2,26.4191407,50.0193104,restaurant,4.1,730,OPERATIONAL
992,شاورمجي | SHAWERMAGY,26.4198829,50.003618800000005,restaurant,4.1,2913,OPERATIONAL
993,مطعم تكتكة المضغوط,26.4185251,50.0192074,restaurant,4.3,197,OPERATIONAL
994,مطعم مالح حلو | الدمام - حي النور,26.4190978,50.019194,restaurant,4.5,368,OPERATIONAL
995,Barn's | بارنز,26.4071547,50.0140498,restaurant,4,207,OPERATIONAL
996,Falafel Jasmine Sham,26.4117694,50.0173485,restaurant,4.3,791,OPERATIONAL
997,Classico Diet,26.4185714,50.017965,restaurant,4.5,164,OPERATIONAL
998,Bashvot restaurant,26.4216784,50.0026954,restaurant,3.6,441,OPERATIONAL
999,Fawal Al Taif,26.4114139,50.0165717,restaurant,3.8,940,OPERATIONAL
1000,مطعم حدائق طابا,26.4112797,50.0153094,restaurant,3.8,667,OPERATIONAL
1001,بوفية تسالي الشرقية,26.4040573,50.0185307,restaurant,4,364,OPERATIONAL
1002,McDonald's,26.423391,50.029582,restaurant,3.6,2308,OPERATIONAL
1003,الرواق الشعبي - حي بدر,26.4120705,50.0322183,restaurant,4,1847,OPERATIONAL
1004,McDonald's,26.40444,50.03745,restaurant,3.7,4265,OPERATIONAL
1005,Vitamin Palace,26.4182518,50.0286222,restaurant,4,4113,OPERATIONAL
1006,AlRafidain Restaurant,26.4159022,50.0253607,restaurant,4.3,3472,OPERATIONAL
1007,Baba Khabbaz,26.4075284,50.0360111,restaurant,4.2,2354,OPERATIONAL
1008,Restaurants Abu Hilal,26.411363100000003,50.0333091,restaurant,4.2,3776,OPERATIONAL
1009,Alghamdi Beans and Bread,26.4187511,50.0309078,restaurant,4.2,1589,OPERATIONAL
1010,مطاعم أبو هلال,26.421022500000003,50.0236829,restaurant,4.1,858,OPERATIONAL
1011,Samadeeraty Restaurant,26.4098518,50.0343595,restaurant,3.9,3153,OPERATIONAL
1012,Al Rafidain Grills,26.4218497,50.0256031,restaurant,4.5,2637,OPERATIONAL
1013,فلافي كلاود﻿س,26.4229021,50.027548,restaurant,4.1,646,OPERATIONAL
1014,مطعم سمك ورز للمأكولات البحرية (Fish & Rice Seafood Restaurant),26.4167295,50.0268518,restaurant,4.6,1164,OPERATIONAL
1015,Qasr Al Ratem,26.4214172,50.0250718,restaurant,3.9,1290,OPERATIONAL
1016,Rahal,26.4161563,50.0299153,restaurant,4.1,1431,OPERATIONAL
1017,مطاعم مأدبه (ماكولات خليجيه ),26.4030688,50.03907710000001,restaurant,4.1,1183,OPERATIONAL
1018,Mama Noura,26.4052713,50.0565453,restaurant,3.9,4118,OPERATIONAL
1019,Al Tazaj,26.4046799,50.0550038,restaurant,3.6,5088,OPERATIONAL
1020,Zad Al Sultan - Uhud,26.4054052,50.0568531,restaurant,4.4,1290,OPERATIONAL
1021,Falafel Pie | فطيرة الفلافل,26.4113704,50.0567253,restaurant,3.9,2359,OPERATIONAL
1022,ALKOOT Restaurant,26.411674,50.0554835,restaurant,3.9,1010,OPERATIONAL
1023,مطعم رايق,26.4093487,50.0575563,restaurant,3.8,537,OPERATIONAL
1024,مطعم الرواق الشعبي فرع القادسية,26.4140357,50.0687078,restaurant,4,3146,OPERATIONAL
1025,Romansi Al Sharqiya,26.4143017,50.0543379,restaurant,3.9,2234,OPERATIONAL
1026,Alkabsa Alhasawiya Restaurant,26.4166141,50.0514388,restaurant,3.9,3249,OPERATIONAL
1027,Barn's | بارنز,26.4134936,50.0737796,restaurant,4.2,968,OPERATIONAL
1028,Ghawi Falafel | غاوي فلافل,26.4070718,50.0676667,restaurant,4.3,852,OPERATIONAL
1029,MAZA RESTAURANT,26.41296,50.0543596,restaurant,3.9,1930,OPERATIONAL
1030,lahza | لحظة,26.4100741,50.0568575,restaurant,4,701,OPERATIONAL
1031,ARCHI,26.411773600000004,50.0933817,restaurant,4.1,1148,OPERATIONAL
1032,Kufa,26.4175083,50.0818185,restaurant,4.1,6008,OPERATIONAL
1033,مشويات البراحة,26.4226941,50.0788727,restaurant,4.2,2875,OPERATIONAL
1034,بيلا سويت | Billa sweet,26.4120529,50.096746,restaurant,4.1,1554,OPERATIONAL
1035,Kabana Restaurants,26.4217736,50.0852609,restaurant,4.1,1425,OPERATIONAL
1036,Falafel Rabieh,26.4237487,50.0799643,restaurant,4.2,3603,OPERATIONAL
1037,McDonald's,26.415106,50.076998,restaurant,3.7,4646,OPERATIONAL
1038,بوفية شيربا,26.4070042,50.0678178,restaurant,4.1,1020,OPERATIONAL
1039,بوفية الرزق للأكلات الشعبية,26.4200434,50.0892542,restaurant,4.2,1638,OPERATIONAL
1040,Clean Protein | كلين بروتين,26.4050523,50.0694884,restaurant,4,1263,OPERATIONAL
1041,Mishwar,26.3981599,50.0877157,restaurant,3.7,1092,OPERATIONAL
1042,فاي phi,26.3999303,50.0753476,restaurant,4.3,255,OPERATIONAL
1043,Little Caesars Pizza! Pizza! !ليتل سيزرز بيتزا! بيتزا,26.4027645,50.0847977,restaurant,4,1070,OPERATIONAL
1044,AlBaik,26.412871,50.110655,restaurant,4.1,12966,OPERATIONAL
1045,Pickup Burger,26.4111653,50.1090013,restaurant,4.5,1512,OPERATIONAL
1046,And salad,26.4109541,50.1089806,restaurant,4.1,941,OPERATIONAL
1047,McDonald's,26.41561,50.108993,restaurant,3.8,4375,OPERATIONAL
1048,KOKORO (Dammam),26.4112361,50.1091324,restaurant,4.6,459,OPERATIONAL
1049,Eastern Coast - Seafood,26.417952,50.112148,restaurant,4.2,2371,OPERATIONAL
1050,Romansi Al Sharqiya,26.4067433,50.1077222,restaurant,4.3,594,OPERATIONAL
1051,KFC,26.4097229,50.1088424,restaurant,3.4,1647,OPERATIONAL
1052,Madeleine Boutique,26.4063195,50.1010538,restaurant,4,188,OPERATIONAL
1053,Madghout Thahamah MT Restuarant,26.4146299,50.1176558,restaurant,4.2,3030,OPERATIONAL
1054,Abu Hilal Restaurant,26.4141479,50.1197464,restaurant,4.2,2159,OPERATIONAL
1055,ADNOC Service Station | King Fahad Rd. (2016),26.4099393,50.1332682,restaurant,4.1,196,OPERATIONAL
1056,Damascus Gardens Pastries Restaurant,26.4122033,50.1222866,restaurant,4.2,2845,OPERATIONAL
1057,"Red Table Restaurant, Abdullah Fouad Branch",26.4224581,50.1136254,restaurant,3.9,2115,OPERATIONAL
1058,Sendebad Pastries,26.4188147,50.114916400000006,restaurant,4.2,1764,OPERATIONAL
1059,Rabieh Falafel,26.4153346,50.1172996,restaurant,4.2,1631,OPERATIONAL
1060,Kudu - Fatima Zahra Street,26.4151686,50.1175267,restaurant,3.9,1141,OPERATIONAL
1061,ALKARAK,26.4142373,50.1196409,restaurant,4.2,1328,OPERATIONAL
1062,Domino's,26.411339800000004,50.1239947,restaurant,4.1,589,OPERATIONAL
1063,Modon Alam Pakistani Restaurant,26.4154268,50.1503402,restaurant,4.2,129,OPERATIONAL
1064,Khalidiya Restaurant,26.4057126,50.1453692,restaurant,3.8,145,OPERATIONAL
1065,Mehran Restaurant | مطعم مهران,26.4159238,50.1480724,restaurant,4.4,58,OPERATIONAL
1066,زهور الفاو,26.414015,50.1353233,restaurant,3.8,27,OPERATIONAL
1067,Mix Meals,26.4095978,50.1329786,restaurant,4.4,20,OPERATIONAL
1068,The Square Restaurant,26.407518,50.138688,restaurant,3.6,35,OPERATIONAL
1069,Shojib,26.4185868,50.1421444,restaurant,1,1,OPERATIONAL
1070,Lalazar The Continental Flavours Restaurant,26.4116292,50.1236941,restaurant,No rating,No reviews,OPERATIONAL
1071,ورق عنب مهدي,26.4152449,50.122802400000005,restaurant,No rating,No reviews,OPERATIONAL
1072,Srilankan Kandy Restaurant,26.4171732,50.1606929,restaurant,4,396,OPERATIONAL
1073,Malabar restaurant,26.4157208,50.1655859,restaurant,3.8,265,OPERATIONAL
1074,"فرايزون Frizone (الخالديه الجنوبيه , الميناء)",26.4189669,50.1615371,restaurant,3.9,68,OPERATIONAL
1075,Madina Restaurant,26.4178832,50.1609582,restaurant,3.8,120,OPERATIONAL
1076,Meena,26.4181724,50.1646039,restaurant,4.3,71,OPERATIONAL
1077,مطعم يحيى الذهبي البخاري,26.418487,50.161302,restaurant,4,110,OPERATIONAL
1078,Mina hotel,26.4157247,50.1617684,restaurant,4.4,8,OPERATIONAL
1079,Furooj Delicious Taste فروج الطعم اللذيذ,26.4174212,50.160742,restaurant,3.6,14,OPERATIONAL
1080,Kashmir Cafe مطعم سفرة الأرز,26.4163144,50.1601505,restaurant,4,36,OPERATIONAL
1081,مطبخ الخيمة الكبيره,26.4181796,50.1645857,restaurant,4.7,19,OPERATIONAL
1082,Maimona Restaurant,26.4171179,50.1605642,restaurant,3.9,46,OPERATIONAL
1083,SAHEL AL MENA RESTAURANT مطعم سهل الميناء,26.4101961,50.1559733,restaurant,2.6,11,OPERATIONAL
1084,3star Indian hotel (Tamil),26.4164756,50.1603941,restaurant,2.8,4,OPERATIONAL
1085,مطعم غوري البخاري باكستاني,26.4172096,50.1607073,restaurant,3.7,41,OPERATIONAL
1086,فوال نور الصباح,26.4184981,50.1612699,restaurant,3.5,26,OPERATIONAL
1087,Dess pardess .Pakistani restaurant,26.4174647,50.1666038,restaurant,5,2,OPERATIONAL
1088,Diwan Lounge,26.4125508,50.1733147,restaurant,4,2118,OPERATIONAL
1089,مطعم شوايه صحاري,26.414975,50.170526,restaurant,4.1,760,OPERATIONAL
1090,باكستاني مطعم تاج الامتياز Pakistani restaurant,26.4167575,50.1735235,restaurant,4.3,81,OPERATIONAL
1091,مطعم دروازة البيت للأكلات الشعبية,26.4140212,50.1745253,restaurant,4.5,610,OPERATIONAL
1092,Zaman Awal,26.4147484,50.170135300000005,restaurant,4.4,130,OPERATIONAL
1093,مطعم شباب عنك البخاري,26.4166076,50.172435,restaurant,3.9,266,OPERATIONAL
1094,Herfy,26.4151028,50.1702871,restaurant,3.5,789,OPERATIONAL
1095,Mumtaz restaurant pakistani,26.415255,50.1749598,restaurant,4.8,18,OPERATIONAL
1096,Boofia Almakhtas بوفيه يد المختص,26.4155697,50.1695184,restaurant,4.3,31,OPERATIONAL
1097,Rummaan Hyderabadi Restaurant - Dammam Seaport,26.4168401,50.1731699,restaurant,3.6,9,OPERATIONAL
1098,مطعم قلعه السعادة,26.4147529,50.1753682,restaurant,3.9,19,OPERATIONAL
1099,فوال ومخبز جود النخيل,26.4147485,50.1699103,restaurant,4.1,23,OPERATIONAL
1100,Thamees Dhukkan,26.4109288,50.1802071,restaurant,4.1,122,OPERATIONAL
1101,ANJIK Restaurant,26.4076406,50.1886683,restaurant,4.3,2779,OPERATIONAL
1102,بوفية سور المذاق,26.4064332,50.1867269,restaurant,4.5,72,OPERATIONAL
1103,Bomboloni بومبولوني,26.4078067,50.1889814,restaurant,4.4,109,OPERATIONAL
1104,بوفية النورس الأولى,26.4107941,50.1802951,restaurant,3.9,14,OPERATIONAL
1105,مطبخ شغف للحفلات والولائم Passion of Catering,26.4105151,50.1809327,restaurant,3.8,24,OPERATIONAL
1106,اقبال للمأكولات الشعبية,26.4077225,50.189849,restaurant,5,23,OPERATIONAL
1107,فود ترك عصيرات,26.4060027,50.1870912,restaurant,No rating,No reviews,OPERATIONAL
1108,بطاطس جيزاني cruella,26.4128855,50.2203733,restaurant,4.8,868,OPERATIONAL
1109,متعة الجليد _ FUN ICE,26.4125231,50.2205681,restaurant,4.3,193,OPERATIONAL
1110,طفران - TAFRAN,26.4125601,50.2202047,restaurant,4.2,124,OPERATIONAL
1111,بلوفات BLUFAT,26.4121875,50.2207656,restaurant,4.3,209,OPERATIONAL
1112,كوري كورن - الكباب الكوري المقرمش - فرع الخبر,26.4088912,50.2226163,restaurant,4.8,30,OPERATIONAL
1113,فود تردك جداويه,26.4109311,50.2214516,restaurant,3.9,34,OPERATIONAL
1114,Chico تشيكو,26.4090981,50.2224457,restaurant,4.6,9,OPERATIONAL
1115,تاوة الطيبين بحر الراكة,26.4088881,50.2226736,restaurant,4.6,17,OPERATIONAL
1116,Zoz Kitchen,26.4108375,50.2215469,restaurant,5,4,OPERATIONAL
1117,انا غير,26.4094459,50.2221563,restaurant,4,1,OPERATIONAL
1118,SNAX.966,26.4100581,50.2219131,restaurant,No rating,No reviews,OPERATIONAL
1119,INNOVATION Pizza - اينوفيشن بيتزا,26.413051300000003,50.2203931,restaurant,5,52,OPERATIONAL
1120,كبدة ريف,26.4111494,50.2212769,restaurant,4,4,OPERATIONAL
1121,فود ترك اي ار سفن,26.4069243,50.2237667,restaurant,No rating,No reviews,OPERATIONAL
1122,فود ترك حوسة,26.4067625,50.2239844,restaurant,No rating,No reviews,OPERATIONAL
1123,هيلة,26.4069342,50.2237965,restaurant,5,17,OPERATIONAL
1124,كبده حساويه,26.4050187,50.2249237,restaurant,3,2,OPERATIONAL
1125,Zaman Bairot,26.4387795,49.9821483,restaurant,4.1,247,OPERATIONAL
1126,بروستد كيان الشرقية,26.4390327,49.9764224,restaurant,3.8,105,OPERATIONAL
1127,بوفية تسالي واو,26.4368725,49.9766212,restaurant,4.3,87,OPERATIONAL
1128,مطعم فوال الضاحية,26.4339136,49.9866288,restaurant,3.9,100,OPERATIONAL
1129,Maasob Lamah,26.4377558,49.9777655,restaurant,4.6,122,OPERATIONAL
1130,بوفية شطائر الطائر,26.4389094,49.9827495,restaurant,4.2,47,OPERATIONAL
1131,نسيم برجرمشوي و بروست,26.4368927,49.9858478,restaurant,3.9,32,OPERATIONAL
1132,بوفية ركن الضاحية,26.4337739,49.9866661,restaurant,4.5,84,OPERATIONAL
1133,مطعم مضغوط العائلة,26.4368458,49.9858604,restaurant,3.9,28,OPERATIONAL
1134,بوفية صقور لبنان,26.4382112,49.9797537,restaurant,4,42,OPERATIONAL
1135,بوفيه قلعة النور الوجبات السريعة 2,26.4331744,49.9868507,restaurant,4.6,10,OPERATIONAL
1136,بوفيه نجمه الضاحيه,26.436886,49.9857588,restaurant,4.5,15,OPERATIONAL
1137,مطعم نقطة الضاحيه,26.4385087,49.9838039,restaurant,4.3,16,OPERATIONAL
1138,برجر مشوي,26.4323939,49.9870876,restaurant,2.8,4,OPERATIONAL
1139,مطعم الذوق الذهبي,26.4331621,49.9868693,restaurant,4.1,18,OPERATIONAL
1140,طبق الحجاز للمنتو واليغمش,26.4389941,49.9834766,restaurant,3.4,20,OPERATIONAL
1141,وبرستد وبيتزاركن كنان للوجبات السريعة,26.4392743,49.9763468,restaurant,5,1,OPERATIONAL
1142,مطبخ الوفاء,26.4416915,49.9751225,restaurant,No rating,No reviews,OPERATIONAL
1143,لافا شاورما,26.4249696,50.0043409,restaurant,4.5,285,OPERATIONAL
1144,Voile Noor morning,26.4216152,50.0027014,restaurant,3.6,198,OPERATIONAL
1145,مطعم خبزي الأحمر,26.4339749,50.004155,restaurant,3.3,67,OPERATIONAL
1146,فلافل الراية,26.4229019,49.9991476,restaurant,4.1,94,OPERATIONAL
1147,BURGER MASHWI🍔,26.4237674,50.0025582,restaurant,4.2,117,OPERATIONAL
1148,مطعم فخر الضاحية البخارى,26.4228384,49.9992363,restaurant,3.8,52,OPERATIONAL
1149,خبز الفلافل الدمشقي falafel bread Damascus,26.4202226,50.0036086,restaurant,3.3,95,OPERATIONAL
1150,بوفية شموع المنامه حي الضاحيه,26.4216407,50.0024475,restaurant,3.5,97,OPERATIONAL
1151,المطبخ المغربي للمأكولات المغربية- أسر منتجة,26.4237401,49.9961921,restaurant,4.4,49,OPERATIONAL
1152,مطعم الريحانتان الضاحية,26.4203491,50.003486800000005,restaurant,3.6,179,OPERATIONAL
1153,Al Millas Al Hasawi Restaurant,26.4262459,50.0118889,restaurant,4,1190,OPERATIONAL
1154,بوفيه ليان السعادة,26.4300289,50.0119875,restaurant,4.2,626,OPERATIONAL
1155,Aloosh Restaurant Dammam,26.4244594,50.0118364,restaurant,4.4,228,OPERATIONAL
1156,فوال بصمة الافراح حي النور,26.4249843,50.0240127,restaurant,3.9,363,OPERATIONAL
1157,دايزر | DAIZER,26.4185547,50.0179419,restaurant,4.5,371,OPERATIONAL
1158,بوفيه ليان السعادة الفرع (2),26.4317044,50.0219277,restaurant,4.2,396,OPERATIONAL
1159,Kufa,26.4259121,50.0362501,restaurant,3.9,980,OPERATIONAL
1160,مطعم جبال فيفا,26.4278437,50.0376139,restaurant,4,1540,OPERATIONAL
1161,KFC,26.4207455,50.0231237,restaurant,3.6,1856,OPERATIONAL
1162,مطعم واحة حضرموت للمندي والمظبي والمكموت,26.4218698,50.0359466,restaurant,3.9,389,OPERATIONAL
1163,Shawarmer | شاورمر,26.4237659,50.0307909,restaurant,4.1,1583,OPERATIONAL
1164,منؤشة الريف,26.4265898,50.0352921,restaurant,4.3,784,OPERATIONAL
1165,Casapasta | كازاباستا,26.4238354,50.0307004,restaurant,4.1,698,OPERATIONAL
1166,Broast rukun al Tazaj,26.4211792,50.0264563,restaurant,3.9,1783,OPERATIONAL
1167,Atlas Restaurant,26.4208925,50.0476394,restaurant,3.9,1757,OPERATIONAL
1168,حاشي باشا| فرع الفيحاء,26.433529,50.044556,restaurant,4,2195,OPERATIONAL
1169,Althawaqa Biryani,26.4233235,50.0454715,restaurant,3.9,1374,OPERATIONAL
1170,مطعم الراكوبة للمأكولات السودانية,26.4383493,50.0563392,restaurant,4.1,414,OPERATIONAL
1171,Al Deek Al Romie Restaurant,26.4243922,50.0444985,restaurant,3.8,824,OPERATIONAL
1172,بوبايز POPEYES,26.4286995,50.0405701,restaurant,4.7,775,OPERATIONAL
1173,Maestro Pizza,26.4264648,50.035341,restaurant,4.2,1100,OPERATIONAL
1174,شركة مطعم العصر الحديث ،،(((٣))) حي احد,26.4271386,50.0377652,restaurant,4.2,150,OPERATIONAL
1175,ورق عنب ساور,26.435839200000004,50.0469645,restaurant,4.1,684,OPERATIONAL
1176,فوال الطائف,26.4329213,50.0447709,restaurant,3.8,847,OPERATIONAL
1177,KFC,26.4274375,50.0429375,restaurant,4,412,OPERATIONAL
1178,ورق عنب ستيشن,26.4378546,50.0376736,restaurant,4.5,107,OPERATIONAL
1179,لذائذ الماكولات,26.4234179,50.0401528,restaurant,4.3,211,OPERATIONAL
1180,حاشيكم,26.4325153,50.0432914,restaurant,4.4,450,OPERATIONAL
1181,Little Caesars Pizza! Pizza! !ليتل سيزرز بيتزا! بيتزا,26.426832,50.0352117,restaurant,3.5,186,OPERATIONAL
1182,بوفية عمر القادسية,26.4216981,50.0730791,restaurant,4.2,3962,OPERATIONAL
1183,بروستد الرازي,26.422668200000004,50.0724904,restaurant,4.1,1001,OPERATIONAL
1184,Hashi Basha,26.42287,50.072944,restaurant,3.9,1429,OPERATIONAL
1185,Zafran Indian Restaurant,26.4397081,50.0646118,restaurant,4.5,1768,OPERATIONAL
1186,BURGER WAQF,26.4283876,50.0744263,restaurant,4.6,2150,OPERATIONAL
1187,كوفه حي الأثير,26.4389767,50.0654107,restaurant,4.1,4314,OPERATIONAL
1188,Abu Tayeb Restaurant,26.4407843,50.0710216,restaurant,4.1,2756,OPERATIONAL
1189,Baba abdo restaurant مطعم بابا عبده,26.4408907,50.0606614,restaurant,3.6,1766,OPERATIONAL
1190,SAFSAF Restaurant,26.442056200000003,50.0640524,restaurant,4,2147,OPERATIONAL
1191,Ruchi Restaurant Dammam مطعم تاج الدمام,26.4419818,50.062758,restaurant,3.8,1504,OPERATIONAL
1192,Kareem Broasted,26.4288608,50.0741431,restaurant,4.2,775,OPERATIONAL
1193,Barn's | بارنز,26.4308214,50.0681927,restaurant,4.4,307,OPERATIONAL
1194,Broast Al Basel,26.433432,50.0663344,restaurant,4.1,1724,OPERATIONAL
1195,KFC,26.4307802,50.0673024,restaurant,3.7,1526,OPERATIONAL
1196,بوفية سهول المسيلة لتقديم الوجبات,26.4228201,50.0723043,restaurant,4.2,1069,OPERATIONAL
1197,Domino's Pizza,26.4294553,50.0662966,restaurant,3.9,570,OPERATIONAL
1198,Tim Hortons,26.430946,50.067987,restaurant,4.1,693,OPERATIONAL
1199,مطعم فرتكا,26.4218404,50.0735087,restaurant,4.3,416,OPERATIONAL
1200,شواية الخليج,26.439374,50.0830588,restaurant,4.3,3524,OPERATIONAL
1201,Roma Castle Restaurant,26.4235073,50.0932506,restaurant,4.2,5082,OPERATIONAL
1202,دلع كرشك,26.4372574,50.0840135,restaurant,3.8,4663,OPERATIONAL
1203,Dongola Restaurant,26.4358815,50.0930442,restaurant,4.2,1829,OPERATIONAL
1204,Atlas grill restaurant مطعم أطلس,26.4234125,50.09275590000001,restaurant,4.1,2667,OPERATIONAL
1205,معجنات قناطر دمشق,26.4381253,50.0781734,restaurant,4.3,2774,OPERATIONAL
1206,Abu Hilal restaurants,26.4361841,50.0898384,restaurant,4.2,3472,OPERATIONAL
1207,Fresh Broasted,26.4345609,50.0856469,restaurant,4.2,2318,OPERATIONAL
1208,مطعم جحا المصري حي القزاز الدمام,26.4336102,50.0954829,restaurant,4.1,808,OPERATIONAL
1209,مطعم طرح البحر للماكولات البحرية,26.4416272,50.0821718,restaurant,4.4,798,OPERATIONAL
1210,McDonald's,26.434591,50.08549800000001,restaurant,3.9,3061,OPERATIONAL
1211,مطعم فول القاهره الدمام,26.4383491,50.0783368,restaurant,4.4,710,OPERATIONAL
1212,Shwaiat Al-Khalij,26.4244688,50.1144486,restaurant,4.3,2142,OPERATIONAL
1213,Hadhramaut Restaurant,26.4346968,50.0987585,restaurant,4,3205,OPERATIONAL
1214,الرغيف المصرى,26.437149,50.0977706,restaurant,4.1,1431,OPERATIONAL
1215,Nilamuttam Restaurant,26.4228666,50.1092909,restaurant,4.2,637,OPERATIONAL
1216,Al Kabsh / الكبش,26.4383182,50.1066002,restaurant,4,2882,OPERATIONAL
1217,Nehari House Restaurant,26.4372634,50.1065776,restaurant,4,1313,OPERATIONAL
1218,Khartoum restaurant,26.4365284,50.0995974,restaurant,4.3,1073,OPERATIONAL
1219,مطعم فول الجمهورية للاكلات المصرية,26.4366147,50.09890970000001,restaurant,4.3,341,OPERATIONAL
1220,KFC,26.4226422,50.0919921,restaurant,3.7,2548,OPERATIONAL
1221,اسماك ابن حميدو,26.4333329,50.0954877,restaurant,4.2,575,OPERATIONAL
1222,Anjappar Indian Restaurant Dammam,26.4355933,50.1076786,restaurant,4.3,524,OPERATIONAL
1223,PESHAWARI KABAB DAMAM ADAMA BRANCH,26.4365231,50.1076579,restaurant,4.1,2007,OPERATIONAL
1224,الكبسة الدمامية (الدمام) | Al-Kabsah Al-Dammamiah,26.4239798,50.0940097,restaurant,4.1,384,OPERATIONAL
1225,مطعم ليالي اسكندرية,26.4299407,50.0942777,restaurant,4.2,534,OPERATIONAL
1226,مطاعم هاشم,26.4373363,50.0921889,restaurant,3.7,3089,OPERATIONAL
1227,AL AKER SWEETS,26.4417927,50.1214957,restaurant,4.3,2824,OPERATIONAL
1228,Layaly Zaman,26.4408218,50.1238852,restaurant,4.5,1844,OPERATIONAL
1229,Bombai Ryani,26.4348162,50.1172951,restaurant,3.7,2709,OPERATIONAL
1230,Diyar Al Sham Restaurant,26.4416405,50.1207316,restaurant,4.3,1494,OPERATIONAL
1231,قلعة عمّان,26.4404725,50.1245422,restaurant,4.4,1493,OPERATIONAL
1232,ATYAAB AL TAZAJ,26.4388098,50.1270808,restaurant,4,2050,OPERATIONAL
1233,Kufa,26.4249931,50.1147721,restaurant,4,424,OPERATIONAL
1234,GARNISH SOUTH INDIAN RESTAURANT,26.4386735,50.1130469,restaurant,3.9,1385,OPERATIONAL
1235,Rose Garden Restaurant,26.4366936,50.1062886,restaurant,3.9,329,OPERATIONAL
1236,Chettinad Restaurant,26.4366424,50.1074179,restaurant,4.1,478,OPERATIONAL
1237,Makbous Express,26.4409807,50.1238489,restaurant,4.2,1146,OPERATIONAL
1238,Bawan Broasted,26.435125100000004,50.1175265,restaurant,4,1414,OPERATIONAL
1239,Kilo Meshakil-كيلو مشكل,26.439066300000004,50.1267757,restaurant,4.7,2031,OPERATIONAL
1240,GOLDEN JUICE,26.4287132,50.1363721,restaurant,4.1,339,OPERATIONAL
1241,مطعم النوخذه الشرقي,26.4366129,50.1300191,restaurant,3.9,1945,OPERATIONAL
1242,Ifrane Restaurant,26.4389041,50.1268477,restaurant,4.2,759,OPERATIONAL
1243,Green Bukhari,26.4305607,50.1335534,restaurant,3.5,293,OPERATIONAL
1244,مطعم عنجر للمعجنات والشاورما Anjar Restaurant,26.4383337,50.1278457,restaurant,4,522,OPERATIONAL
1245,Wahed Karak واحد كرك,26.4306776,50.1333904,restaurant,3.9,230,OPERATIONAL
1246,مطعم و شعبيات تلال مأرب للأكلات الشعبية,26.4377278,50.1288208,restaurant,4,135,OPERATIONAL
1247,مطعم بلودان للمشويات,26.4376231,50.12906170000001,restaurant,4,339,OPERATIONAL
1248,كبدة عزام,26.4308912,50.1329662,restaurant,3.9,78,OPERATIONAL
1249,Saraya Alzad Restaurant,26.4381641,50.127554,restaurant,4.2,144,OPERATIONAL
1250,Palestine Falafel,26.437615,50.1291045,restaurant,3.6,344,OPERATIONAL
1251,بوفية الصنعاني,26.4336664,50.1295802,restaurant,3.8,366,OPERATIONAL
1252,بوفية وضحى,26.429207,50.1357202,restaurant,4,89,OPERATIONAL
1253,بوفية التقى,26.4389794,50.126844,restaurant,4.2,159,OPERATIONAL
1254,Dqaig Restaurant مطعم دقايق,26.4374408,50.1293771,restaurant,3.9,279,OPERATIONAL
1255,Tim Horton,26.429514800000003,50.135101,restaurant,4.2,55,OPERATIONAL
1256,مطعم ضيعة بيروت - dayeat beirut restaurant,26.437615,50.1291045,restaurant,4,90,OPERATIONAL
1257,BAZZA | بزه,26.4375629,50.1291525,restaurant,4.3,70,OPERATIONAL
1258,Al Rakan Restaurant for Bukhari & Peshawari Food,26.4185022,50.1612735,restaurant,5,2,OPERATIONAL
1259,مطعم محمد سلمان الطلاسي,26.4179808,50.1611013,restaurant,4.2,9,OPERATIONAL
1260,مركز سمور,26.4168538,50.161401,restaurant,5,1,OPERATIONAL
1261,The Fine Corner Restaurant,26.4185343,50.1612876,restaurant,3,1,OPERATIONAL
1262,Munna boofiya,26.4162612,50.1731072,restaurant,4.3,18,OPERATIONAL
1263,بوفية طارق,26.4170315,50.1732401,restaurant,4.1,30,OPERATIONAL
1264,Modan Al Tameez Restaurant,26.4170603,50.1727574,restaurant,3.4,8,OPERATIONAL
1265,Bangladeshi Sheraton Restaurant,26.4157703,50.1724007,restaurant,5,6,OPERATIONAL
1266,Goodness Restuarant,26.4161093,50.17253600000001,restaurant,4.4,14,OPERATIONAL
1267,مطعم عنوان المذاق البخاری,26.4155556,50.1756861,restaurant,No rating,No reviews,OPERATIONAL
1268,Bismillah Hotel,26.4166693,50.1737329,restaurant,5,2,OPERATIONAL
1269,Al-Noorin Restaurant serving meals (Pakistani),26.4176735,50.1657924,restaurant,3.9,29,OPERATIONAL
1270,Mansehra Pakistani Resturant,26.4176808,50.16536610000001,restaurant,5,6,OPERATIONAL
1271,مطعم عز الشرقية,26.4168891,50.1730717,restaurant,3.8,6,OPERATIONAL
1272,Kauser Restaurant,26.4181518,50.1646489,restaurant,3.5,2,OPERATIONAL
1273,مطعم أرز عنبر البخاري,26.4417149,49.9867607,restaurant,4.1,62,OPERATIONAL
1274,فوال مستقبل الابتسامة للاكلات الشعبية,26.4417839,49.9867462,restaurant,4.1,22,OPERATIONAL
1275,Buffet Lebanon Gardens,26.4535886,49.9840603,restaurant,3.6,215,OPERATIONAL
1276,بوفية قصة جائع,26.4485974,49.9838334,restaurant,4.3,18,OPERATIONAL
1277,فلافل الراية 2,26.44973,49.9802077,restaurant,4.2,16,OPERATIONAL
1278,مطعم مدادا للمأكولات التركية الضاحية,26.4443984,50.0017874,restaurant,3.7,558,OPERATIONAL
1279,فلافل العقيد,26.4460753,50.0005348,restaurant,4,285,OPERATIONAL
1280,مطعم روشة الفطيرة,26.4452518,50.0007095,restaurant,4.3,329,OPERATIONAL
1281,تكة وسلطة للآكلات الشعبيه,26.4439432,50.0011622,restaurant,4.1,156,OPERATIONAL
1282,مطعم مميز الخليج الضاحية,26.4447817,50.0016519,restaurant,4.4,133,OPERATIONAL
1283,فلافل تيم الشام الضاحية فرع 2,26.4418047,50.0019374,restaurant,4.4,182,OPERATIONAL
1284,مطعم الغمغام بالضاحية,26.453312,49.9982908,restaurant,4.1,67,OPERATIONAL
1285,مرجع العصيرات - ينابيع المودة,26.4459417,50.0005811,restaurant,4.2,138,OPERATIONAL
1286,DOS Burger دوس برجر,26.4438074,49.9966089,restaurant,4.5,267,OPERATIONAL
1287,مطعم بخاري تنور الشباب,26.4474483,50.0010189,restaurant,3,105,OPERATIONAL
1288,Barn's | بارنز,26.4438997,50.0047776,restaurant,4.2,92,OPERATIONAL
1289,بوفيه صقور الضاحيه,26.4446212,50.00173110000001,restaurant,4.3,36,OPERATIONAL
1290,مطعم قمر الضاحية,26.4530086,49.9984009,restaurant,4.6,49,OPERATIONAL
1291,ورق عنب جمعة محاشي,26.4406892,49.9973069,restaurant,4.8,28,OPERATIONAL
1292,Eastern Sea Restaurant,26.4579565,50.017357,restaurant,4.1,37,OPERATIONAL
1293,Des Pardes,26.4358157,50.0188506,restaurant,3.8,296,OPERATIONAL
1294,مطعم ريم الغلا للوجبات السودانية,26.4591349,50.0142787,restaurant,3.8,281,OPERATIONAL
1295,مطعم مثلث البخاري,26.4577515,50.0173489,restaurant,3.9,130,OPERATIONAL
1296,Siddique Restaurant,26.4483129,50.0181165,restaurant,4.1,113,OPERATIONAL
1297,Aden Pop Restaurant,26.4567863,50.0279896,restaurant,4.1,315,OPERATIONAL
1298,Tim Hortons Alnoor,26.4360481,50.03450600000001,restaurant,4.3,212,OPERATIONAL
1299,ADNOC Service Station | Al Noor District (2052),26.4361292,50.0341727,restaurant,4.1,60,OPERATIONAL
1300,CHENNAI RESTAURANT,26.4501532,50.0411646,restaurant,4.1,121,OPERATIONAL
1301,Modan Alam Pakistani hotel,26.446638,50.0268787,restaurant,4,31,OPERATIONAL
1302,مطاعم الجرة العدنية للأكلات الشعبية,26.4354156,50.0349831,restaurant,4.1,187,OPERATIONAL
1303,.,26.4378178,50.0296506,restaurant,3.9,44,OPERATIONAL
1304,معطم ديس برديس,26.4469848,50.0266337,restaurant,4.4,16,OPERATIONAL
1305,بوفية الرزق للأكلات الشعبية 2 فرع الخضريه,26.448233,50.0430994,restaurant,4.5,77,OPERATIONAL
1306,WELCOME RESTAURANT,26.4405736,50.0179493,restaurant,4.2,107,OPERATIONAL
1307,BAHAR HOTEL&SWEETS,26.4408698,50.0176161,restaurant,4.1,124,OPERATIONAL
1308,بوفية مدارات الرازي,26.4387528,50.0396144,restaurant,3.8,120,OPERATIONAL
1309,مخبز وفوال,26.4373083,50.037262,restaurant,3.5,28,OPERATIONAL
1310,Restaurant,26.4362087,50.0194643,restaurant,4,77,OPERATIONAL
1311,مطاعم الأمانة الطازج,26.4522227,50.0220444,restaurant,4,45,OPERATIONAL
1312,ℕ𝕠𝕒𝕜𝕙𝕒𝕝𝕚 𝕣𝕖𝕤𝕥𝕒𝕦𝕣𝕒𝕟𝕥 𝕕𝕒𝕞𝕞𝕒𝕞,26.4479255,50.0261592,restaurant,4.2,23,OPERATIONAL
1313,Noakhali restsutsnt নোয়াখালী রেষ্টুরেন্ট,26.4480132,50.0259347,restaurant,2.5,4,OPERATIONAL
1314,ثمار الريف للوجبات,26.4487475,50.0236424,restaurant,4.1,104,OPERATIONAL
1315,Ennabi Grill,26.459283,50.050761,restaurant,4,3935,OPERATIONAL
1316,Aljara Alshabia restaurant Dammam,26.454478,50.0583916,restaurant,4.4,902,OPERATIONAL
1317,Fawal Raseel Al Taif,26.4586227,50.0510548,restaurant,4,1509,OPERATIONAL
1318,مطعم شموخ القوافل للاكلات الشعبية,26.4591673,50.0498375,restaurant,4.1,1605,OPERATIONAL
1319,Antar resturent,26.4373175,50.0536979,restaurant,4.1,677,OPERATIONAL
1320,دولمة | Dolma,26.4364313,50.0470417,restaurant,3.9,841,OPERATIONAL
1321,Firdaus Restaurant Pakistani مطعم فردوس باكستاني,26.4541786,50.05499880000001,restaurant,4.1,361,OPERATIONAL
1322,بوفية رحاب مآرب,26.4431732,50.0469946,restaurant,4,244,OPERATIONAL
1323,Gjar ورق عنب جي جار,26.4359167,50.0470556,restaurant,4.2,185,OPERATIONAL
1324,مطعم مستر معصوب,26.4337348,50.0458449,restaurant,4.5,126,OPERATIONAL
1325,Meltzone,26.4368941,50.047372,restaurant,4.3,400,OPERATIONAL
1326,Pastry Mushatta,26.4402481,50.0423102,restaurant,4,391,OPERATIONAL
1327,مطعم صاج سبا,26.4408653,50.0499716,restaurant,4.1,426,OPERATIONAL
1328,تثليث البخاري Tathlith Bukhari Restaurant,26.4382212,50.0563694,restaurant,3.7,158,OPERATIONAL
1329,Tihama Oasis Restaurant for traditional food,26.4378805,50.0564484,restaurant,3.7,468,OPERATIONAL
1330,Sadd Ma'arib,26.4415243,50.0749182,restaurant,4.4,18262,OPERATIONAL
1331,McDonald's,26.442751,50.065962000000006,restaurant,3.7,2379,OPERATIONAL
1332,Casa Restaurant,26.4534375,50.0646917,restaurant,4.2,577,OPERATIONAL
1333,Emilien,26.4567522,50.0621896,restaurant,4.5,1243,OPERATIONAL
1334,سيفة للحلوى العمانية,26.4523366,50.0684542,restaurant,4.6,198,OPERATIONAL
1335,مطعم باجة وكباب عراقي الدمام,26.4554422,50.0709624,restaurant,4,339,OPERATIONAL
1336,Syrian House Restaurant,26.441683,50.077145,restaurant,4.3,2224,OPERATIONAL
1337,Suhail Restaurant,26.4417035,50.0726872,restaurant,4.2,1655,OPERATIONAL
1338,مطبق ومعصوب مطعم مشهور الخليج,26.4421856,50.0764272,restaurant,4.1,1093,OPERATIONAL
1339,Indian Paradise Restaurant Dammam,26.4523772,50.0680848,restaurant,4,133,OPERATIONAL
1340,مطاعم أصل العرب asl alarab restaurants,26.4415289,50.0751123,restaurant,4.3,1216,OPERATIONAL
1341,Alyahya Bakeries,26.4593138,50.0870133,restaurant,4.5,6133,OPERATIONAL
1342,شواية الخليج,26.4514903,50.0963801,restaurant,4.2,972,OPERATIONAL
1343,Shrimp House Restaurant,26.4593813,50.0866126,restaurant,4.2,5789,OPERATIONAL
1344,بوفية البشرى,26.4472092,50.0941039,restaurant,4.2,817,OPERATIONAL
1345,مطعم وشاي بستكانة | Besteacana Restaurant & Tea,26.459061,50.0802487,restaurant,4.6,727,OPERATIONAL
1346,Asar al- Bukhari Restaurant,26.4409728,50.0818412,restaurant,4.2,1875,OPERATIONAL
1347,Indian Tanoor Restaurant,26.4586514,50.0837574,restaurant,4.3,2233,OPERATIONAL
1348,AlBaik,26.4569447,50.1086674,restaurant,4.1,10459,OPERATIONAL
1349,Shajarat Al-durr restaurant,26.4568327,50.1009711,restaurant,4.8,12550,OPERATIONAL
1350,دوار السعادة,26.4567783,50.1011948,restaurant,4.3,500,OPERATIONAL
1351,فتة وصنوبر,26.4550359,50.0970422,restaurant,4.1,8933,OPERATIONAL
1352,Rayg Shawarma,26.4582143,50.09635170000001,restaurant,4.1,820,OPERATIONAL
1353,Brava Ristorante Italiano,26.4568807,50.1009044,restaurant,4.7,1256,OPERATIONAL
1354,Rummaan Dammam Hyderabadi Restaurant,26.4437067,50.0982966,restaurant,4.1,1284,OPERATIONAL
1355,حارة ورد الدمام | Harat Ward Dammam,26.4575872,50.0971148,restaurant,4.8,6056,OPERATIONAL
1356,دروازة الصيّاد البحري للمأكولات البحرية,26.456716,50.09248,restaurant,4,8641,OPERATIONAL
1357,Cuz balcony restaurant مطعم شرفة كوز,26.45587,50.1022578,restaurant,4.4,664,OPERATIONAL
1358,Holidays Restaurant,26.4422649,50.0976717,restaurant,4,2448,OPERATIONAL
1359,Royal Malabar Restaurant مطعم رويال مالابار - Dammam‎,26.4556983,50.0970427,restaurant,3.9,2688,OPERATIONAL
1360,AlRomansiah,26.455757,50.113838,restaurant,4.3,15257,OPERATIONAL
1361,دار مبارك للماكولات البحرية والخليجية,26.4521128,50.1301357,restaurant,4.5,4234,OPERATIONAL
1362,Shrimp Nation,26.4513039,50.1301331,restaurant,4.2,3815,OPERATIONAL
1363,McDonald's,26.442628,50.118421,restaurant,4,3875,OPERATIONAL
1364,AL Shallal Pastry,26.4420613,50.1203135,restaurant,4.2,897,OPERATIONAL
1365,بيت ناظم العراقي,26.4513895,50.1285995,restaurant,4.4,2686,OPERATIONAL
1366,Deep Fries,26.4514683,50.1288382,restaurant,4.7,3641,OPERATIONAL
1367,عم سمير بتاع الفطير الدمام,26.4566334,50.11357,restaurant,4.6,2233,OPERATIONAL
1368,Ankawa Iraqi Restaurant,26.45743,50.1128262,restaurant,4.6,4918,OPERATIONAL
1369,Balcony,26.4539712,50.1202557,restaurant,4.2,3034,OPERATIONAL
1370,Pastel Cafe Dammam - باستيل المزروعيه,26.4525661,50.1235084,restaurant,4.2,2186,OPERATIONAL
1371,"Operation Falafel, Ash Shati Al Gharbi",26.4555867,50.1189091,restaurant,4.2,5150,OPERATIONAL
1372,كبدة وصدقتها,26.4522416,50.1292041,restaurant,4.5,999,OPERATIONAL
1373,Chili's,26.4512905,50.1288253,restaurant,3.9,2362,OPERATIONAL
1374,براير كافيه Briar Cafe & Tea room,26.451165,50.131209000000005,restaurant,4.2,791,OPERATIONAL
1375,مطاعم الدمام البخاري الممتاز,26.4401845,50.1250062,restaurant,4.1,765,OPERATIONAL
1376,Sanabel Al Shaam,26.440145,50.1245024,restaurant,4.5,448,OPERATIONAL
1377,wokkong,26.4514134,50.1286284,restaurant,4.5,1304,OPERATIONAL
1378,الصاج اللبناني,26.4405972,50.1243164,restaurant,4.1,469,OPERATIONAL
1379,Riviera Avenue 2 ريفييرا أفينيو,26.452279,50.1257654,restaurant,4.3,108,OPERATIONAL
1380,MATAAM YASIN AL BUKHARI,26.4526054,50.1800406,restaurant,3.5,2,OPERATIONAL
1384,مشويات علوش,26.4630523,49.9899467,restaurant,4.2,17,OPERATIONAL
1385,مطعم فنان المندي,26.4625555,49.9891841,restaurant,4.4,27,OPERATIONAL
1389,سبايسي ميل الضاحية,26.4533375,49.9981967,restaurant,3.9,28,OPERATIONAL
1392,Creme_de_la_cerme,26.451892,49.993105,restaurant,No rating,No reviews,OPERATIONAL
1399,Pakistani Hotel. مطعم نكهات السند لتقديم الوجبات,26.4610625,50.01143750000001,restaurant,4.8,20,OPERATIONAL
1402,Rabea resturant مطعم ربيع الجود,26.4609729,50.0184161,restaurant,4.3,142,OPERATIONAL
1404,مطعم خرسان البخاري,26.457696,50.0175581,restaurant,3.5,13,OPERATIONAL
1405,مطعم ليان للمشويات,26.4611603,50.01147,restaurant,4.6,11,OPERATIONAL
1406,Sindh Flavors Restaurant for serving meals,26.4611604,50.0112073,restaurant,4.3,6,OPERATIONAL
1424,Sky Burger,26.4666574,50.0476716,restaurant,4.4,1854,OPERATIONAL
1425,Waraq 3nb Station,26.4626359,50.0494985,restaurant,4.2,1952,OPERATIONAL
1426,"SOLACE, سولاس",26.4655458,50.0604483,restaurant,4.5,2165,OPERATIONAL
1428,Your Escape يور اسكيب,26.4665414,50.0601874,restaurant,4.5,996,OPERATIONAL
1429,McDonald's,26.469011,50.059882,restaurant,3.7,2973,OPERATIONAL
1430,Al Tanour Restaurants Dammam Branch,26.4697366,50.0596054,restaurant,4.7,2638,OPERATIONAL
1431,فروج الأكابر سيهات,26.4699541,50.0585557,restaurant,4.6,2223,OPERATIONAL
1432,مطعم المضياف (المحمدية),26.4695884,50.0587793,restaurant,4,835,OPERATIONAL
1433,Mandi Al-Ahsa,26.465672,50.0604132,restaurant,4.1,1640,OPERATIONAL
1435,Lemons,26.4636649,50.0489224,restaurant,4.4,1378,OPERATIONAL
1437,Fareej AlBaja,26.4644623,50.0486528,restaurant,3.9,961,OPERATIONAL
1439,Frykit,26.4677395,50.0591615,restaurant,4.3,973,OPERATIONAL
1440,Raising Cane's,26.4620222,50.068366700000006,restaurant,4.6,1844,OPERATIONAL
1442,Nokhitha Seafood Restaurant,26.4646156,50.0609663,restaurant,4,2515,OPERATIONAL
1443,Casa Pasta,26.4618048,50.0682388,restaurant,3.9,1386,OPERATIONAL
1444,MAZAR Shawarma & Potato,26.4631255,50.0632452,restaurant,4,1454,OPERATIONAL
1445,Pizza Hut,26.4618249,50.068105,restaurant,4,425,OPERATIONAL
1446,Al Tazaj,26.4585217,50.0903258,restaurant,3.7,2637,OPERATIONAL
1447,Nakhat Alsharq,26.4594517,50.0936628,restaurant,4.2,2169,OPERATIONAL
1448,McDonald's,26.459447,50.09199,restaurant,3.8,3913,OPERATIONAL
1449,مطعم دار الميدان الشامي,26.4586722,50.0873901,restaurant,4.2,1471,OPERATIONAL
1450,Half Pound,26.4587331,50.0807791,restaurant,4.7,2303,OPERATIONAL
1451,كشري لوز وورد,26.4546347,50.0920595,restaurant,4.8,1148,OPERATIONAL
1452,مطاعم حمص وفول,26.4563395,50.0813077,restaurant,4.5,1102,OPERATIONAL
1453,مطعم فريج السلطان,26.4589054,50.0804251,restaurant,4.7,4595,OPERATIONAL
1454,Goodness of Damascus Restaurant - Syrian dishes,26.4586722,50.08749100000001,restaurant,3.9,1056,OPERATIONAL
1455,Shezan Indian Restaurant,26.459255700000003,50.0938925,restaurant,3.5,1974,OPERATIONAL
1456,ميس القمر الدمام المباركيه,26.4706508,50.0924829,restaurant,3.8,341,OPERATIONAL
1457,فوال نور الصباح,26.4555981,50.0888673,restaurant,3.9,827,OPERATIONAL
1458,McDonald's,26.462195,50.11366100000001,restaurant,3.8,4472,OPERATIONAL
1459,مطعم ماكس Macs Eatery,26.4569733,50.096814,restaurant,4.8,2298,OPERATIONAL
1460,شركة مطاعم مارب للاكلات الشعبيه,26.4522968,50.1057233,restaurant,4.2,2741,OPERATIONAL
1461,The Coffee Address | عنوان القهوة,26.46422,50.121457,restaurant,4.4,986,OPERATIONAL
1462,Burger Site,26.464151,50.1215839,restaurant,4.3,3590,OPERATIONAL
1463,Lumiere Lounge,26.4661811,50.1230659,restaurant,4.2,3614,OPERATIONAL
1464,Steak House,26.4602481,50.1209456,restaurant,4.3,5159,OPERATIONAL
1465,تشكي تشيز | Chuck E Cheese,26.457756,50.11312,restaurant,4.1,3014,OPERATIONAL
1466,Beach Park Restaurant & Lounge,26.4663204,50.1231285,restaurant,4.4,2660,OPERATIONAL
1467,Lghawees | لغاويص,26.4640086,50.1211966,restaurant,4.1,1657,OPERATIONAL
1468,Kilo Kabab,26.4641372,50.1214765,restaurant,4.2,2366,OPERATIONAL
1469,Shrimp’s Up,26.4685195,50.1236838,restaurant,4.6,680,OPERATIONAL
1470,KFC,26.4541678,50.1194188,restaurant,3.6,1951,OPERATIONAL
1471,مطعم موليا,26.4683751,50.1234328,restaurant,4.5,765,OPERATIONAL
1472,Osmanli Lezzet المذاق العثماني,26.4717276,50.131481,restaurant,4.5,11171,OPERATIONAL
1473,المشوى العنابي | Ennabi Grill,26.4624744,50.1221829,restaurant,4,2612,OPERATIONAL
1474,قدر عيش لتقديم الوجبات,26.4684841,50.1235761,restaurant,4.7,625,OPERATIONAL
1475,Sour,26.4665383,50.1224446,restaurant,4,458,OPERATIONAL
1476,Burger King - Shateaa,26.4625655,50.1222276,restaurant,4.1,668,OPERATIONAL
1477,Hot Taste - Dammam,26.4683871,50.123562,restaurant,4.5,366,OPERATIONAL
1478,معجنات ابن الشام,26.4669956,50.1225831,restaurant,4.8,166,OPERATIONAL
1479,Barn's | بارنز,26.4648077,50.1321702,restaurant,3.8,52,OPERATIONAL
1480,KFC,26.4671875,50.1231875,restaurant,3.9,218,OPERATIONAL
1481,Domino's Pizza 62815,26.4646844,50.1320301,restaurant,3.9,257,OPERATIONAL
1482,عجيل,26.4643763,50.121717800000006,restaurant,3.9,146,OPERATIONAL
1483,مخبز و فوال نور الصباح,26.4642605,50.123628,restaurant,3.9,164,OPERATIONAL
1535,مطعم ومطبخ السندباد,26.4711778,50.0589817,restaurant,4.6,479,OPERATIONAL
1542,Paradise Beach Club,26.472876,50.086187,restaurant,4.1,641,OPERATIONAL
1543,Domino's Pizza,26.4720789,50.086439,restaurant,3.8,373,OPERATIONAL
1544,رشوف,26.4780754,50.0934918,restaurant,4.9,163,OPERATIONAL
1545,Classic77,26.4753926,50.0856233,restaurant,5,80,OPERATIONAL
1546,كلاسيك 77,26.4767096,50.0874953,restaurant,3.5,2,OPERATIONAL
1547,مقرمشات سلطع,26.4802559,50.0941271,restaurant,5,1,OPERATIONAL
1548,سواحل بيروت,26.4805159,50.0975562,restaurant,3.8,847,OPERATIONAL
1549,البيك فرع مشروع سفن الدمام,26.4779559,50.0988103,restaurant,2.9,16,OPERATIONAL
1550,كلين بروتين | Clean Protein,26.4730788,50.0962136,restaurant,4.2,105,OPERATIONAL
1551,Herfy 352,26.4735139,50.0964774,restaurant,3.5,596,OPERATIONAL
1552,jh,26.4728731,50.0950192,restaurant,4.3,7,OPERATIONAL
1553,معمول مميز,26.4732148,50.0948011,restaurant,4.5,24,OPERATIONAL
1554,بوفية فجر اليمن,26.4720228,50.0939885,restaurant,4.8,36,OPERATIONAL
1555,مطعم الفرخة المشويه,26.471462,50.0919921,restaurant,4.2,10,OPERATIONAL
1556,بسطة ابو دانه,26.4866836,50.1038384,restaurant,4.5,8,OPERATIONAL
1557,مطعم شفرفر,26.48309,50.106238,restaurant,4,4,OPERATIONAL
1558,كوني بيتزا,26.4845404,50.1054624,restaurant,3.9,17,OPERATIONAL
1559,Funchick,26.471468,50.0919991,restaurant,4,3,OPERATIONAL
1560,Al Rayyan Restaurant,26.471399,50.0923526,restaurant,No rating,No reviews,OPERATIONAL
1561,Heritage Village,26.4919855,50.1205839,restaurant,4.2,12232,OPERATIONAL
1562,Blameda Restaurant,26.4798375,50.1176286,restaurant,4.1,3972,OPERATIONAL
1563,Loop Restaurant & Cafe,26.481352,50.1179511,restaurant,4.1,3189,OPERATIONAL
1564,Oceana,26.4782392,50.1171733,restaurant,3.7,1330,OPERATIONAL
1565,مطعم فريج الطيبين للأكلات الشعبية( فرع الشاطئ ),26.4734836,50.1181936,restaurant,4.1,1126,OPERATIONAL
1566,Naia Lounge,26.4933086,50.1207274,restaurant,3.7,442,OPERATIONAL
1567,Elakkad Restaurant,26.4800359,50.132589,restaurant,4.3,367,OPERATIONAL
1568,Freshhouse فريش هاوس,26.4780883,50.1323432,restaurant,4,191,OPERATIONAL
1569,Istikanat Zaman Cafe,26.4939848,50.1240462,restaurant,4.4,411,OPERATIONAL
1570,Kebabgy Corner ركن الكبابجي,26.4802845,50.13259300000001,restaurant,4.3,365,OPERATIONAL
1571,Rawaa Restuarant,26.4743609,50.1255489,restaurant,3.8,485,OPERATIONAL
1572,Dandara Restaurant,26.4762591,50.1190861,restaurant,4.2,289,OPERATIONAL
1573,جيت آت برجر,26.4936619,50.124101,restaurant,4.8,137,OPERATIONAL
1574,Foul Nour Al-Sabah,26.4886786,50.1289922,restaurant,3.8,161,OPERATIONAL
1575,MAR Lounge,26.4933088,50.1207277,restaurant,4.3,15,OPERATIONAL
1576,healthy and fitness,26.4925777,50.1223349,restaurant,3.4,26,OPERATIONAL
1577,كوفي وشعبيات انس,26.4860447,50.1195672,restaurant,4.6,9,OPERATIONAL
1578,Crepe Way,26.4851478,50.11909850000001,restaurant,4,28,OPERATIONAL
1579,مطعم بيت صور,26.4937052,50.1241099,restaurant,4,26,OPERATIONAL
1580,Abu Rakan Food Truck,26.477588,50.1333082,restaurant,4.5,109,OPERATIONAL
1581,Cheese Skirt,26.477041300000003,50.1332163,restaurant,4.2,57,OPERATIONAL
1582,فول فلافل,26.4820463,50.1270831,restaurant,No rating,No reviews,OPERATIONAL
1583,Zamil Shipyard restaurant,26.4860774,50.2155336,restaurant,3.2,18,OPERATIONAL
1641,ملح وبهار,26.498257,50.1274767,restaurant,4.8,28,OPERATIONAL
1642,عصائر وايس كريم انس,26.4982191,50.1270687,restaurant,4,6,OPERATIONAL
1643,ماماشماء,26.4976056,50.1302934,restaurant,5,2,OPERATIONAL
1644,اصل البطاطة بطاطس ذره و بليله,26.4983336,50.126535,restaurant,4,4,OPERATIONAL
1645,NYAN truck,26.4930524,50.1214766,restaurant,5,37,OPERATIONAL
1646,براد المربعانية,26.4981967,50.1276668,restaurant,5,4,OPERATIONAL
1647,مطعم لفانا,26.4988142,50.1303326,restaurant,No rating,No reviews,OPERATIONAL
1648,افو جادرو,26.4984235,50.1261815,restaurant,No rating,No reviews,OPERATIONAL
1649,Beit Misk Restaurant,26.4967579,50.1345712,restaurant,3.9,5181,OPERATIONAL
1650,KAARI,26.497057400000003,50.1344131,restaurant,4.4,192,OPERATIONAL
1651,Takya Burger - تكية برجر,26.4968162,50.1343729,restaurant,3.6,40,OPERATIONAL
1652,Big Potato,26.4969656,50.1338785,restaurant,4,2,OPERATIONAL
1653,PMU Cafeteria,26.146202,50.0913487,restaurant,3.1,57,OPERATIONAL
1654,فقسة PMU,26.144497,50.090961,restaurant,5,1,OPERATIONAL
1655,Alley,26.1459401,50.0911683,restaurant,2.7,6,OPERATIONAL
1656,Faqsah فقسة,26.145981,50.091053,restaurant,No rating,No reviews,OPERATIONAL
1657,مطعم أرز البخاری,26.1430197,50.1034487,restaurant,3.5,13,OPERATIONAL
1658,Al Lahib Restaurant,26.157035,50.1216446,restaurant,3.9,588,OPERATIONAL
1659,Rawan Bukhari Restaurant,26.1576198,50.1196782,restaurant,4,490,OPERATIONAL
1660,بوفيه بحر المزاج ٢,26.1583091,50.1191371,restaurant,4.7,14,OPERATIONAL
1661,فوال حسن يوسف,26.1566077,50.1274512,restaurant,3.4,25,OPERATIONAL
1662,منتو صح,26.1536875,50.1446875,restaurant,4.6,446,OPERATIONAL
1663,حاشي بن عواض,26.1540406,50.1463235,restaurant,4,172,OPERATIONAL
1664,أيقونة الشاورما,26.1537289,50.1446998,restaurant,4,239,OPERATIONAL
1665,لقيمات مال أول,26.1536793,50.1447511,restaurant,4.2,313,OPERATIONAL
1666,فوال فطور الفجر,26.1539869,50.143436,restaurant,3.8,609,OPERATIONAL
1667,كوثر العزيزية,26.1544375,50.1406875,restaurant,3.6,224,OPERATIONAL
1668,مطعم طيف الشام,26.1543768,50.144895,restaurant,3.9,211,OPERATIONAL
1669,مطعم تثليث البخاري الهالیا مطعم کروان الاشراق البخاری,26.1546973,50.1431535,restaurant,3.9,198,OPERATIONAL
1670,مطاعم ربع خروف,26.155380800000003,50.1389478,restaurant,3.5,131,OPERATIONAL
1671,ورق عنب دولمه فاكتوري,26.1537831,50.1443631,restaurant,4.5,66,OPERATIONAL
1672,مطعم ورود الشام,26.1536395,50.144323,restaurant,4,54,OPERATIONAL
1673,مطعم الصحن الذهبي فرع العزيزية,26.1537007,50.1446068,restaurant,4,63,OPERATIONAL
1674,بوفية أكرك النداوي الوجبات السريعة فرع العزيزية,26.155289,50.13945950000001,restaurant,4.1,34,OPERATIONAL
1675,بوفيه شموخ القناعه,26.154412,50.1384071,restaurant,4.8,74,OPERATIONAL
1676,SHAEBIAT SANA'A RESTAURANT,26.1539074,50.1438932,restaurant,4.1,42,OPERATIONAL
1677,بوفية سهل المسيلة لتقديم الوجبات والأكلات الشعبية,26.1549935,50.1409214,restaurant,4.9,13,OPERATIONAL
1678,Icon Sandwiches…Shwarma,26.1537945,50.144746700000006,restaurant,3.6,14,OPERATIONAL
1679,فول شاطئ نصف القمر,26.1546688,50.1433943,restaurant,3.3,43,OPERATIONAL
1680,سدة الجوع للوجبات السريعة,26.1540433,50.1407961,restaurant,4.1,34,OPERATIONAL
1681,McDonald's,26.154765,50.161443,restaurant,3.6,1788,OPERATIONAL
1682,88PORT | ٨٨ بورت,26.1520409,50.1607819,restaurant,4.6,674,OPERATIONAL
1683,شرنبي,26.1552412,50.1613517,restaurant,4.4,845,OPERATIONAL
1684,حاشيكم,26.1550625,50.1613125,restaurant,3.9,685,OPERATIONAL
1685,KFC,26.1573324,50.1614975,restaurant,4,798,OPERATIONAL
1686,Gate falafel,26.1526596,50.1563262,restaurant,3.9,398,OPERATIONAL
1687,Domino's دومينوز,26.1550964,50.1613737,restaurant,3.3,69,OPERATIONAL
1688,المشوى العنابي | Ennabi Grill,26.1551441,50.1613972,restaurant,3.2,134,OPERATIONAL
1689,Burger King - Azizia View,26.1542724,50.1614546,restaurant,4.4,286,OPERATIONAL
1690,Restaurant Miamis مطاعم مياميس,26.1534931,50.1512699,restaurant,4.5,180,OPERATIONAL
1691,معجنات أبو ماهر,26.1523595,50.1582258,restaurant,3.5,354,OPERATIONAL
1692,مطعم بنجاب العزیزیة(Restaurant Punjab Al Aziziyah)(Pakistani Hotel),26.1531906,50.1543442,restaurant,4,46,OPERATIONAL
1693,بوفيه الدببة الثلاثة للفلافل,26.1571657,50.1616409,restaurant,3.9,67,OPERATIONAL
1694,مطعم ويفز,26.1504825,50.1643018,restaurant,4.5,71,OPERATIONAL
1695,بيت المرسة,26.1570889,50.1616849,restaurant,4.8,45,OPERATIONAL
1696,فن برجر الطازج,26.1573314,50.1615186,restaurant,4.2,60,OPERATIONAL
1697,كوب لذه,26.1571404,50.1616786,restaurant,4.9,40,OPERATIONAL
1698,عصائر ثمار العزيزيه,26.1516322,50.1587838,restaurant,4.3,36,OPERATIONAL
1699,توت كريب TOOT CREPE,26.1571895,50.1616611,restaurant,4.7,15,OPERATIONAL
1700,صب واي Subway,26.1520496,50.16090510000001,restaurant,4.9,77,OPERATIONAL
1701,مطاعم تراث الشرق,26.1571723,50.1611746,restaurant,3.4,7,OPERATIONAL
1702,كافتريا ريما,26.156798,50.1614879,restaurant,3,19,OPERATIONAL
1703,البوفية,26.1570778,50.1613359,restaurant,4,7,OPERATIONAL
1704,La Terrace,26.1572359,50.1940239,restaurant,3.9,17,OPERATIONAL
1705,Deli Bakery,26.1573648,50.1940873,restaurant,4,21,OPERATIONAL
1706,بوفية جبن و كبدة,26.1633968,50.1149136,restaurant,4.3,32,OPERATIONAL
1707,بوفية كيان السعادة,26.1675697,50.1171233,restaurant,5,19,OPERATIONAL
1708,مطعم سفير الجنوب للاكلات الشعبية,26.175026,50.1459809,restaurant,4,1242,OPERATIONAL
1709,فلافل ياسمين الشام,26.1746424,50.1486263,restaurant,4.7,595,OPERATIONAL
1710,مطعم الكبسة الدمامية (الخبر) | Al-Kabsah Al-Dammamiah,26.1757166,50.1416198,restaurant,3.9,186,OPERATIONAL
1711,معجنات جوري الشام,26.1749434,50.1456838,restaurant,4.8,142,OPERATIONAL
1712,Shaam Al Falafel Restaurant مطعم شام الفلفل,26.1747999,50.1457791,restaurant,4.3,28,OPERATIONAL
1713,UFO | البرجر الطائر,26.1747528,50.1478742,restaurant,4.3,84,OPERATIONAL
1714,مطاعم البخاري,26.179381400000004,50.1373795,restaurant,3.7,21,OPERATIONAL
1715,فوال نور الصباح,26.1751641,50.1455642,restaurant,2.9,10,OPERATIONAL
1716,بوفيه وجبة الزاوية,26.1746456,50.1483249,restaurant,4.7,22,OPERATIONAL
1717,Madinah Hotel Pakistani,26.1755306,50.1426285,restaurant,4.3,7,OPERATIONAL
1718,.برجر مشوي على الفحم العزيزية,26.1751494,50.1456896,restaurant,4,18,OPERATIONAL
1719,لقيمات ماضينا,26.1756248,50.1423695,restaurant,4.6,91,OPERATIONAL
1720,Al-Omran Restaurant,26.1763255,50.1375605,restaurant,4.2,28,OPERATIONAL
1721,مطعم شواية الأطلال البخاري,26.1758956,50.1448299,restaurant,3.9,15,OPERATIONAL
1722,بوفيه نكهات الجنوب,26.1749519,50.1456432,restaurant,4.6,10,OPERATIONAL
1723,Belad Al-Sham,26.1738862,50.153679,restaurant,4,1042,OPERATIONAL
1724,AL Shallal Pastry,26.1734642,50.1561933,restaurant,3.9,587,OPERATIONAL
1725,Shawati Alkhaleej,26.1734971,50.1561009,restaurant,4.2,585,OPERATIONAL
1726,مطعم الصاج اللبناني,26.1740014,50.1526605,restaurant,4.1,545,OPERATIONAL
1727,حلا نحلة,26.1731456,50.1583255,restaurant,4.9,722,OPERATIONAL
1728,ورق عنب سوما | Soma Grape Leaves,26.1732783,50.162125,restaurant,4.6,1166,OPERATIONAL
1729,The Coffee Address | عنوان القهوة,26.1686812,50.1621991,restaurant,4.3,160,OPERATIONAL
1730,Kudu - Al-Shiraa - Al Khobar,26.1721584,50.1621235,restaurant,3.9,515,OPERATIONAL
1731,فوال ابو عزوز,26.1726652,50.1617302,restaurant,4.2,294,OPERATIONAL
1732,Different bukhari restaurant,26.1734923,50.1606394,restaurant,4.1,194,OPERATIONAL
1733,Lahza,26.1750441,50.1503166,restaurant,4.4,338,OPERATIONAL
1734,مطعم مالح حلو | العزيزية,26.173441,50.1564629,restaurant,4.5,339,OPERATIONAL
1735,Jody Kitchen,26.1736127,50.1543905,restaurant,4.2,350,OPERATIONAL
1736,شاورمجي | SHAWERMAGY,26.1750062,50.1505331,restaurant,4.2,1170,OPERATIONAL
1737,Maza Broasted,26.1711414,50.1621141,restaurant,3.9,278,OPERATIONAL
1738,مطاعم ولائم الطاهي,26.176482,50.1624909,restaurant,4.2,294,OPERATIONAL
1739,shabab Al Bukhari Azizia Restaurant,26.1734815,50.1563641,restaurant,3.8,336,OPERATIONAL
1740,مطعم و بروستد الشام - العزيزية,26.1737228,50.1596431,restaurant,4.7,838,OPERATIONAL
1741,Barn's | بارنز,26.1762145,50.1626338,restaurant,4.3,96,OPERATIONAL
1742,الشروق للأكلات الشعبية,26.1734711,50.1607725,restaurant,3.4,267,OPERATIONAL
1743,AL SIF WORLD PASTRY,26.173687,50.1594869,restaurant,4.6,130,OPERATIONAL
1744,Grinburger | قرين برجر,26.1735143,50.1610917,restaurant,4.1,72,OPERATIONAL
1745,بوفية بحر المزاج,26.1723179,50.1619076,restaurant,4.2,98,OPERATIONAL
1746,Burger Mashvi AL Faham,26.1650883,50.1596133,restaurant,4.5,12,OPERATIONAL
1747,رواسي الكرم لخدمات الإعاشة - Rawasi Alkaram Catering,26.1688747,50.1620128,restaurant,No rating,No reviews,OPERATIONAL
1748,كرك شيى,26.1713391,50.1619253,restaurant,4.5,13,OPERATIONAL
1749,Leen Reasturant,26.1794893,50.1851706,restaurant,4.1,1841,OPERATIONAL
1750,مطاعم ومعجنات الناعورة,26.1776128,50.1949235,restaurant,3.6,72,OPERATIONAL
1751,مطعم المرجان الماسي,26.1776768,50.1949872,restaurant,3.9,15,OPERATIONAL
1752,مطبخ ام فايز,26.1914025,50.0568247,restaurant,4.6,88,OPERATIONAL
1753,تعوبي,26.1917812,50.0560613,restaurant,4,2,OPERATIONAL
1754,رشفه,26.192422500000003,50.055755,restaurant,No rating,No reviews,OPERATIONAL
1755,بوفية سماء العزيزية,26.1755351,50.1427026,restaurant,5,3,OPERATIONAL
1756,مطعم وضحى الجنوب للأكلات الشعبية,26.175486,50.1429394,restaurant,4.9,18,OPERATIONAL
1757,The Great Grill,26.1750582,50.1457647,restaurant,3.5,31,OPERATIONAL
1758,مندي الشراع,26.1756257,50.1423387,restaurant,4.3,49,OPERATIONAL
1759,عصيدة ومرق,26.1842691,50.158415000000005,restaurant,4.1,1191,OPERATIONAL
1760,فلافل وشاورما على كيفك - فرع العزيزية,26.1869141,50.15964710000001,restaurant,3.8,445,OPERATIONAL
1761,اي بلس | A PLUS,26.1867062,50.1596883,restaurant,4.4,238,OPERATIONAL
1762,سناعة امي لطيفة العزيزيه,26.1791491,50.1638783,restaurant,3.9,291,OPERATIONAL
1763,كنافة الارجوان,26.1870065,50.15897880000001,restaurant,4.5,287,OPERATIONAL
1764,مطعم الرواق الشعبي/ فرع العزيزية,26.1833336,50.1846656,restaurant,4.1,3412,OPERATIONAL
1765,Jareed restaurant,26.1844018,50.1851657,restaurant,4.4,1486,OPERATIONAL
1766,Shwaiat Al-Khalij,26.1874351,50.1859321,restaurant,4.1,492,OPERATIONAL
1767,The Coffee Address | عنوان القهوة,26.1861537,50.1864056,restaurant,4.5,332,OPERATIONAL
1768,Fatoor AlTaibeen,26.1861915,50.1864358,restaurant,4.1,4174,OPERATIONAL
1769,مطعم صياديه شعيب للمأكولات البحريه sayadieh shuaib,26.1867244,50.1867824,restaurant,4.7,802,OPERATIONAL
1770,KFC,26.1849805,50.1858073,restaurant,3.7,1532,OPERATIONAL
1771,Sama Deeraty,26.186362,50.185188800000006,restaurant,3.8,4937,OPERATIONAL
1772,السيف كافية العزيزية,26.1829221,50.1844135,restaurant,4.2,396,OPERATIONAL
1773,Falafel Pie,26.1868168,50.1868333,restaurant,4,338,OPERATIONAL
1774,Hardee's,26.1850625,50.1858125,restaurant,3.9,1399,OPERATIONAL
1775,مطعم عريكة ماضينا,26.1844789,50.1839787,restaurant,4.3,1450,OPERATIONAL
1776,مندي الأحساء,26.180785,50.1836744,restaurant,4.3,230,OPERATIONAL
1777,Kudu - Tahlia District - Al Khobar,26.183802000000004,50.1853042,restaurant,3.8,189,OPERATIONAL
1778,Pizza Hut,26.1830491,50.1843402,restaurant,3.9,581,OPERATIONAL
1779,McDonald's,26.191461,50.190054,restaurant,3.8,4092,OPERATIONAL
1780,مشويات ملتقى الرافدين - الخبر,26.1926934,50.1894669,restaurant,4.2,2524,OPERATIONAL
1781,Modawar | كافتريا مدور,26.1983011,50.1945279,restaurant,4.2,527,OPERATIONAL
1782,مطعم مشوار العزيزية,26.1897401,50.1874914,restaurant,3.5,1330,OPERATIONAL
1783,فروج ابو العبد,26.1883531,50.1879218,restaurant,4,880,OPERATIONAL
1784,مطعم ومطبخ جمرة الجنوب,26.1958443,50.1928017,restaurant,3.3,3364,OPERATIONAL
1785,Masterpiece of Seas,26.1884087,50.1879379,restaurant,4.5,3355,OPERATIONAL
1786,مطعم غزال فرع العزيزيه,26.1879321,50.1874975,restaurant,4.1,362,OPERATIONAL
1787,افران الحطب,26.1887135,50.1880792,restaurant,4.1,220,OPERATIONAL
1788,الطازج,26.1955659,50.1927216,restaurant,2.2,371,OPERATIONAL
1789,راعي البروستد فرع العزيزيه الخبر,26.1966224,50.1932256,restaurant,4.2,1177,OPERATIONAL
1790,Qafsha,26.1806179,50.2030506,restaurant,4.2,153,OPERATIONAL
1791,موسسه روابى بارده التبريد والتكيف,26.1954106,50.2064183,restaurant,No rating,No reviews,OPERATIONAL
1792,McDonald's,26.1822662,50.330189,restaurant,3.7,228,OPERATIONAL
1793,Burger King - Causeway,26.1867702,50.319256,restaurant,4.6,201,OPERATIONAL
1794,حياة الصحة لتقديم الوجبات,26.1966783,50.1458825,restaurant,5,1,OPERATIONAL
1795,فوال و مخبز نور الصباح,26.1951467,50.1611774,restaurant,3.7,98,OPERATIONAL
1796,بروستد بسام | Bassam Broasted,26.1953066,50.1612203,restaurant,4.3,17,OPERATIONAL
1797,Burger 🍔 Mashwi,26.1987756,50.1678336,restaurant,No rating,No reviews,OPERATIONAL
1798,بوفية زمن السعادة,26.191880800000003,50.1769012,restaurant,3.8,10,OPERATIONAL
1799,لمسات لذاذة,26.1915251,50.1771075,restaurant,4,58,OPERATIONAL
1800,مطعم جفرا,26.1919188,50.1769786,restaurant,3,7,OPERATIONAL
1801,تكا الاصلي,26.2081563,50.170385,restaurant,4.5,2,OPERATIONAL
1802,AlBaik,26.207781,50.19643,restaurant,3.8,3805,OPERATIONAL
1803,Shrimp Nation,26.2022889,50.1953115,restaurant,4.3,3817,OPERATIONAL
1804,مطعم المضياف (العزيزية),26.2026391,50.1954018,restaurant,4.3,779,OPERATIONAL
1805,Lghawees | لغاويص,26.2081524,50.1967376,restaurant,3.8,1592,OPERATIONAL
1806,برغرايززر | Burgerizzr,26.200628,50.19469,restaurant,4.2,923,OPERATIONAL
1807,مطعم اللذة المغربية .,26.2090189,50.1954244,restaurant,4.1,609,OPERATIONAL
1808,Casa Pasta | كازا باستا,26.208985,50.1959108,restaurant,3.6,898,OPERATIONAL
1809,Kufa,26.2053642,50.1962617,restaurant,4,417,OPERATIONAL
1810,New Al Madina Al Bukhair Restaurant / مطاعم البخاري,26.2085224,50.1876839,restaurant,4,1007,OPERATIONAL
1811,Thai House,26.2022329,50.1952226,restaurant,4.7,1828,OPERATIONAL
1812,Shawarmer | شاورمر,26.1903652,50.1892754,restaurant,3.9,2133,OPERATIONAL
1813,MEDAR SEAFOOD RESTAURANT,26.2026788,50.1954191,restaurant,4.1,266,OPERATIONAL
1814,هوبا |Hoba|,26.2009287,50.1944069,restaurant,3.5,181,OPERATIONAL
1815,Spices Lounge Restaurant,26.2024083,50.2125246,restaurant,4.2,2277,OPERATIONAL
1816,IVY Restaurant & Cafè مطعم و مقهى ايفي,26.1993445,50.2122387,restaurant,4.6,489,OPERATIONAL
1817,مطعم مذاق الفخار,26.2062576,50.2083798,restaurant,4,1030,OPERATIONAL
1818,Herfy,26.2146232,50.2071021,restaurant,3.7,1064,OPERATIONAL
1819,Ala Kaifak,26.2087976,50.2080492,restaurant,4.1,493,OPERATIONAL
1820,معصوب التحلية | masoub altahlya,26.2059933,50.2089232,restaurant,4.4,324,OPERATIONAL
1821,Broast Rukun Al-Tazaj,26.2017703,50.2094869,restaurant,4.3,768,OPERATIONAL
1822,لقيمات بنت القاضي الخبر - فرع الجسر,26.2014255,50.2077975,restaurant,4.2,954,OPERATIONAL
1823,Dan Rose Restaurant,26.199076,50.2121708,restaurant,5,2,OPERATIONAL
1824,INDIAN RESTAURANT,26.2213083,50.1839251,restaurant,3.9,134,OPERATIONAL
1825,Barn's | بارنز,26.216987300000003,50.1849484,restaurant,3.3,27,OPERATIONAL
1826,مطعم شواية كيف,26.2170991,50.1848518,restaurant,3.8,38,OPERATIONAL
1827,بوفية عبدالله العتيبي الفرع الثاني,26.2160459,50.179522,restaurant,2.7,52,OPERATIONAL
1828,مطعم شروق الوادي,26.2202452,50.1838057,restaurant,4.4,17,OPERATIONAL
1829,Restaurants,26.2206909,50.1838162,restaurant,4.7,3,OPERATIONAL
1830,Bangali restaurant,26.2260707,50.1840033,restaurant,4.1,34,OPERATIONAL
1831,Kobhar,26.2173818,50.1843508,restaurant,3.5,106,OPERATIONAL
1832,مطبخ سجى البوادي,26.2277694,50.1837751,restaurant,3.1,104,OPERATIONAL
1833,আল-মদিনা হোটেল এন্ড রেস্টুরেন্ট,26.2214341,50.1839268,restaurant,5,2,OPERATIONAL
1834,Rainbow restaurant (Bufiya),26.2222546,50.1839194,restaurant,3,3,OPERATIONAL
1835,بوفية ليال الطائف,26.2221607,50.183843,restaurant,4.3,8,OPERATIONAL
1836,بوفيه مئه للوجبات السريعه,26.2278573,50.1834343,restaurant,5,1,OPERATIONAL
1837,",مطعم نور الرافدين لتقديم الوجباتNoor Al Rafidin Restaurant,",26.2176661,50.1850488,restaurant,3.7,9,OPERATIONAL
1838,Adnan Resturant,26.2223656,50.1839447,restaurant,3,1,OPERATIONAL
1839,Hana Atallah Bin Mohsen Restaurant مطعم هيا عبد الله بن محسن,26.222301,50.1845383,restaurant,4,12,OPERATIONAL
1840,Chittwan,26.2253709,50.1820707,restaurant,No rating,No reviews,OPERATIONAL
1841,مطعم النوخذة الشرقي للاكلات البحرية,26.2325391,50.1952632,restaurant,4,729,OPERATIONAL
1843,Barn's | بارنز,26.2316642,50.1941112,restaurant,4.5,99,OPERATIONAL
1844,Batotta Restaurant,26.2088764,50.1893314,restaurant,3.5,481,OPERATIONAL
1845,Siran express سيران اكسبرس,26.2188988,50.2023537,restaurant,4.5,244,OPERATIONAL
1846,الماعون الشرقي,26.2091418,50.1909351,restaurant,4.4,240,OPERATIONAL
1847,مطعم سلة السمك Fish basket restaurant,26.2089269,50.1882055,restaurant,4.4,169,OPERATIONAL
1848,خلية الرابعه,26.2083216,50.1926774,restaurant,4.2,124,OPERATIONAL
1849,بوفية على اللفة,26.2317303,50.19364,restaurant,4.3,169,OPERATIONAL
1850,Little Caesars Pizza! Pizza! !ليتل سيزرز بيتزا! بيتزا,26.2090192,50.1954724,restaurant,3.8,118,OPERATIONAL
1851,Domino's Pizza,26.2090026,50.1956987,restaurant,3.8,371,OPERATIONAL
1852,فلافل الجوهرة,26.2148503,50.1889107,restaurant,4.2,503,OPERATIONAL
1853,Burger Al Mashwi برجر المشوی,26.2108751,50.1892731,restaurant,4,141,OPERATIONAL
1854,مطعم دار الشواية البخاري,26.2135221,50.1893589,restaurant,3.7,255,OPERATIONAL
1855,مطعم نكهات التكة,26.2173876,50.2034994,restaurant,4,259,OPERATIONAL
1856,فوال ومخبز تميس صباح الخير,26.208826,50.1897773,restaurant,3.7,150,OPERATIONAL
1857,Burger King - Al Jisr,26.218267,50.208152000000005,restaurant,3.8,1966,OPERATIONAL
1858,Mandi Sunset Restaurant,26.217644,50.2073053,restaurant,4,1811,OPERATIONAL
1859,Enab w teen near Bahrain Bridge,26.2229389,50.2158783,restaurant,3.5,1464,OPERATIONAL
1860,سكَّة كرك - Sikkat Karak,26.2174999,50.2073113,restaurant,4.6,784,OPERATIONAL
1861,Saudi Burger Al jisr,26.218288200000003,50.2067435,restaurant,4.1,645,OPERATIONAL
1862,شاورما ثواني,26.2170281,50.2069069,restaurant,4.2,599,OPERATIONAL
1863,مخبز زمان أول للخبز الحساوي والفطاير,26.2163315,50.2069797,restaurant,4.1,311,OPERATIONAL
1864,Koshary El Tahrir (كشري التحرير),26.2161389,50.2129289,restaurant,4.4,250,OPERATIONAL
1865,مطعم رولان الايطالي. Rolan Restaurant,26.2333192,50.2153001,restaurant,4.7,548,OPERATIONAL
1866,AlSham Broasted,26.209084,50.2079825,restaurant,3.9,552,OPERATIONAL
1867,معجنات اوركيد الشام,26.2139028,50.2079079,restaurant,4.8,305,OPERATIONAL
1868,TAWA,26.2179259,50.20679,restaurant,4.2,824,OPERATIONAL
1869,Al-Shorooq Local Quisine,26.2126165,50.2074104,restaurant,3.7,398,OPERATIONAL
1870,Restaurant Madghut Basamati,26.2178621,50.2073023,restaurant,3.8,357,OPERATIONAL
1871,ميلتزون | Meltzone,26.2098968,50.2084606,restaurant,4,756,OPERATIONAL
1872,مطعم الحجاز للرز البخاري,26.2097225,50.2079538,restaurant,3.7,163,OPERATIONAL
1873,مطعم فوال نور الصباح,26.215968,50.2070393,restaurant,3.8,272,OPERATIONAL
1874,مطعم ولاونج فونتون VONTONE LOUNGE,26.2230711,50.2166728,restaurant,4,136,OPERATIONAL
1875,Kimchi Lounge Palace,26.2200669,50.2129554,restaurant,4.5,86,OPERATIONAL
1876,Palmette Restaurant and Café,26.2213669,50.2129822,restaurant,4.8,48,OPERATIONAL
1877,مطعم عرب المندي,26.2196018,50.2118915,restaurant,No rating,No reviews,OPERATIONAL
1878,مطعم خـط البحـرين,26.2302477,50.1957094,restaurant,3.9,95,OPERATIONAL
1879,Tim Hortons,26.2298433,50.1955329,restaurant,4.4,17,OPERATIONAL
1880,Hotel Tandoori Night,26.2398691,50.1992988,restaurant,3.7,24,OPERATIONAL
1881,Noodlez Commissary,26.2452845,50.2010169,restaurant,4.5,4,OPERATIONAL
1882,مطابخ ولائم الفرسان,26.2318438,50.1874127,restaurant,3.8,12,OPERATIONAL
1883,مطبخ فن الخروف المشوي 🇸🇦,26.2274407,50.186877,restaurant,4.3,37,OPERATIONAL
1884,بوفية الاسطوره,26.2350659,50.2129859,restaurant,4,12,OPERATIONAL
1885,KFC,26.2682627,50.1875538,restaurant,3.7,1178,OPERATIONAL
1886,Mishwar مطعم مشوارالثقبة,26.2696114,50.190410500000006,restaurant,3.6,1403,OPERATIONAL
1887,Western Grills for Suya,26.269866,50.1910621,restaurant,4.1,504,OPERATIONAL
1888,Aseer Restaurant,26.2691766,50.1899643,restaurant,4,1584,OPERATIONAL
1889,Taka Ahl Al Bahrain,26.2692435,50.190556,restaurant,3.8,797,OPERATIONAL
1890,Aljazeera Mendy Restaurant,26.2627555,50.2036839,restaurant,4,896,OPERATIONAL
1891,Kufa,26.268892,50.1893137,restaurant,4.1,129,OPERATIONAL
1892,Maestro Pizza,26.2688916,50.1893525,restaurant,4.1,927,OPERATIONAL
1893,Herfy,26.2690086,50.1897063,restaurant,3.7,664,OPERATIONAL
1894,Fata'ir Al Taif Restaurant,26.2696514,50.1906439,restaurant,4.3,490,OPERATIONAL
1895,Thaza Restaurant,26.2696199,50.2063665,restaurant,3.9,761,OPERATIONAL
1896,Hala Fish's Restaurant,26.27017,50.2125912,restaurant,4.7,1732,OPERATIONAL
1897,Al Dar Al Arabi,26.2693327,50.2055746,restaurant,4.1,1318,OPERATIONAL
1898,مُدير كبير,26.2640385,50.2142844,restaurant,3.6,203,OPERATIONAL
1899,Barn's | بارنز,26.2661719,50.2038955,restaurant,4.2,528,OPERATIONAL
1900,Amy's Kitchen,26.2687055,50.2128278,restaurant,4.1,410,OPERATIONAL
1901,Buffet Donya Al Hana,26.2676647,50.2006698,restaurant,4.6,576,OPERATIONAL
1902,Sea Rock Bufiya,26.2623773,50.2189595,restaurant,4,182,OPERATIONAL
1903,مطعم أصيل الشام,26.2555748,50.2129862,restaurant,4.4,70,OPERATIONAL
1904,CRISP,26.2639898,50.2131363,restaurant,3.7,270,OPERATIONAL
1905,بوفية قطوف الخيرات,26.2587067,50.2122989,restaurant,4,17,OPERATIONAL
1906,Bari باري,26.2623535,50.2125431,restaurant,No rating,No reviews,OPERATIONAL
1907,شاورما معبوج,26.278617,50.1830488,restaurant,4.7,168,OPERATIONAL
1908,مطعم ومطبخ حنيذ تهامه للحنيذ والأكلات الشعبيه,26.2790752,50.1857996,restaurant,3.7,131,OPERATIONAL
1909,برجر مشوي,26.2734983,50.1856797,restaurant,4,62,OPERATIONAL
1910,بوفية مزاج,26.2838487,50.1816684,restaurant,4.3,87,OPERATIONAL
1911,كريب عنتر,26.2737059,50.186314,restaurant,3.9,49,OPERATIONAL
1912,حبة وربع,26.2734642,50.1869532,restaurant,4.6,100,OPERATIONAL
1913,مطعم شيف حضرموت للأكلات الشعبية,26.2814002,50.181893,restaurant,3.7,56,OPERATIONAL
1914,Cafeteria Pakistani مطعم باكستاني,26.2786117,50.1853181,restaurant,4.2,13,OPERATIONAL
1915,Thuqbat Al Ahlam Cafeteria,26.2737241,50.186213,restaurant,4.4,13,OPERATIONAL
1916,Jehan Cafe,26.2790823,50.1866871,restaurant,3.3,8,OPERATIONAL
1917,Güneş Restaurant مطعم غونيش,26.2850228,50.1818664,restaurant,4.3,6,OPERATIONAL
1918,بوفية دجاج بلال,26.2784506,50.1840321,restaurant,4.9,41,OPERATIONAL
1919,بشميلا,26.280741,50.182184,restaurant,4.6,108,OPERATIONAL
1920,Layali Zaman,26.2834779,50.1959454,restaurant,4.5,3480,OPERATIONAL
1921,Shrimpy,26.2838394,50.2185921,restaurant,3.6,4529,OPERATIONAL
1922,Nakhat Alshraq,26.2829359,50.2191783,restaurant,4.3,1457,OPERATIONAL
1923,Oah Yamal Restaurant,26.2840072,50.2203404,restaurant,4,7358,OPERATIONAL
1924,Petro,26.3020587,50.1375605,restaurant,3.7,6,OPERATIONAL
1925,This your time - هذا وقتك,26.3005231,50.148579,restaurant,4.9,7,OPERATIONAL
1926,STAKT BURGER,26.3000393,50.1741296,restaurant,4.4,2501,OPERATIONAL
1927,Lebdah Palace Restaurant,26.3039044,50.1750869,restaurant,4.2,2160,OPERATIONAL
1928,A PLUS,26.2995741,50.1739508,restaurant,4.3,1487,OPERATIONAL
1929,ARCHI ارتشي,26.2986126,50.1898021,restaurant,4.3,421,OPERATIONAL
1930,EXPEC & Engineering Dining Hall,26.3123171,50.1302216,restaurant,2.3,3,OPERATIONAL
1931,كراي Cry,26.3224887,50.1555846,restaurant,3.6,125,OPERATIONAL
1932,The Specialist,26.3229082,50.1588763,restaurant,4.3,563,OPERATIONAL
1933,Falafel Pie,26.3222792,50.1575252,restaurant,4,225,OPERATIONAL
1934,Days Burger,26.322439400000004,50.155548,restaurant,4.7,1745,OPERATIONAL
1935,مطعم ومطبخ دانه - Dana Catering,26.3230687,50.1600068,restaurant,4,249,OPERATIONAL
1936,Bake Home,26.3227198,50.1591133,restaurant,4.1,390,OPERATIONAL
1937,معجنات نسائم الشام,26.3229253,50.1589162,restaurant,4.4,178,OPERATIONAL
1938,BurgerFuel Amwaj Mall,26.3104745,50.1689634,restaurant,4.3,1734,OPERATIONAL
1939,The Peak Dhahran | ذا بيك الظهران,26.3174974,50.1673494,restaurant,3.9,131,OPERATIONAL
1940,LMK,26.3076203,50.1808174,restaurant,4.5,1154,OPERATIONAL
1941,Section-B,26.3063843,50.1833083,restaurant,4.3,2055,OPERATIONAL
1942,Deep Fries,26.3027176,50.1809839,restaurant,4.6,1635,OPERATIONAL
1943,Waraq 3nb Station,26.3059512,50.190455,restaurant,4.4,1176,OPERATIONAL
1944,The Cuts Urban Kitchen,26.3054899,50.1939962,restaurant,4.1,3066,OPERATIONAL
1945,Shawarmer | شاورمر,26.3043839,50.197972400000005,restaurant,4,3183,OPERATIONAL
1946,OAKBERRY Acai,26.3052063,50.1947742,restaurant,4.4,415,OPERATIONAL
1947,First Flavor Restaurant,26.2997305,50.2149144,restaurant,4.1,906,OPERATIONAL
1948,Baytoti | بيتوتي,26.30359,50.205507,restaurant,4.6,3968,OPERATIONAL
1949,Sikka Karak,26.300733200000003,50.2149289,restaurant,4.3,1136,OPERATIONAL
1950,KAMAJ Restaurant مطعم كماج,26.3030876,50.2114469,restaurant,4.3,963,OPERATIONAL
1951,عم سمير بتاع الفطير,26.3046364,50.2233172,restaurant,4.6,4437,OPERATIONAL
1952,Buffet Baba Nawaf,26.3334545,50.1487269,restaurant,4,424,OPERATIONAL
1953,أو مطعم المنظره Foal Al Dana,26.3335135,50.1480961,restaurant,3.9,828,OPERATIONAL
1954,Chick-ed تشيك-اد,26.3330356,50.1488294,restaurant,4.6,466,OPERATIONAL
1955,بوفيه زاويه الأمين,26.3322931,50.145072600000006,restaurant,3.5,32,OPERATIONAL
1956,Chineese Noodle,26.3332261,50.1497397,restaurant,3.9,26,OPERATIONAL
1957,Ninja Store,26.3274257,50.1511207,restaurant,3.5,6,OPERATIONAL
1958,Snackbar,26.3270823,50.1369003,restaurant,5,2,OPERATIONAL
1959,مطعم عنجر للمعجنات والشاورما Anjar Restaurant,26.3235229,50.163081,restaurant,4.1,452,OPERATIONAL
1960,ADNOC Service Station | Qurtuba District 1 (2019),26.3383637,50.1982106,restaurant,4.5,60,OPERATIONAL
1961,Wallflower,26.3279516,50.1801667,restaurant,4.5,560,OPERATIONAL
1962,SALATA | سلاته,26.3190225,50.2079728,restaurant,4.2,1043,OPERATIONAL
1963,KORK,26.3199623,50.216707,restaurant,4.5,1592,OPERATIONAL
1964,ثندر THNDR l,26.3193618,50.207309,restaurant,4.1,506,OPERATIONAL
1965,Barn's | بارنز,26.32004,50.216398,restaurant,4.3,103,OPERATIONAL
1966,ADNOC Service Station | Khobar Corniche (2071),26.3187456,50.2229266,restaurant,4.2,178,OPERATIONAL
1967,BRK Burger,26.3211754,50.2216464,restaurant,4.5,618,OPERATIONAL
1968,سلايدركود Slider Code,26.3195694,50.222797,restaurant,4.1,468,OPERATIONAL
1969,Hard Eight Burger | هارد ايت برجر,26.3178057,50.2231692,restaurant,4.7,1109,OPERATIONAL
1970,Naya Daur,26.3198487,50.2217187,restaurant,4.5,2024,OPERATIONAL
1971,Zankil,26.3179245,50.2229334,restaurant,4.4,2695,OPERATIONAL
1972,The Butcher Shop & Grill,26.3195224,50.22185,restaurant,4.5,3526,OPERATIONAL
1973,Krusty Krab,26.3357724,50.2755447,restaurant,4.4,30,OPERATIONAL
1974,Dar Hira Restaurant,26.3582933,50.0629566,restaurant,4.1,287,OPERATIONAL
1975,Al Basel Broasted -بروست الباسل,26.359403,50.0647139,restaurant,3.7,242,OPERATIONAL
1976,ميرلوس للمأكولات البحرية والهندية,26.3544381,50.0770142,restaurant,4.9,561,OPERATIONAL
1977,برجر مشوي على الفحم,26.3564557,50.0764041,restaurant,3.9,146,OPERATIONAL
1978,دواجن الفاخرية,26.3499468,50.0738315,restaurant,4.1,35,OPERATIONAL
1979,Al-Sharqya Al-Bokhary Restaurant,26.3535566,50.0718262,restaurant,3.8,137,OPERATIONAL
1980,Barn's | بارنز,26.358683,50.0749212,restaurant,4.3,88,OPERATIONAL
1981,BD Broasted بروستد,26.353307500000003,50.0719012,restaurant,4.3,71,OPERATIONAL
1982,كفتيريا منى الدوسري,26.3564617,50.0764829,restaurant,3.7,42,OPERATIONAL
1983,فوال صباح الخير الأفغاني,26.3509607,50.0935997,restaurant,3.4,23,OPERATIONAL
1984,بوفية مذاق الشعله,26.3553099,50.0709602,restaurant,3.7,21,OPERATIONAL
1985,مخبز و فوال نور الصباح,26.3542184,50.0771794,restaurant,3.7,26,OPERATIONAL
1986,دوشا كيتشن,26.3522332,50.0949288,restaurant,5,5,OPERATIONAL
1987,My INDOMI,26.3522401,50.0947812,restaurant,5,2,OPERATIONAL
1988,Tasty Catering,26.3499468,50.1330822,restaurant,3.5,92,OPERATIONAL
1989,مطعم دوسه للوجبات السريعه Indian Resturant,26.3499396,50.1325548,restaurant,4.3,19,OPERATIONAL
1990,Saturn Bakery,26.3444282,50.1854185,restaurant,4.8,164,OPERATIONAL
1991,Wadi AlSur AlBokhari Restaurant,26.3373127,50.1663704,restaurant,3.6,294,OPERATIONAL
1992,Qaal,26.3428574,50.18232820000001,restaurant,4.3,496,OPERATIONAL
1993,We! Burgers,26.3426859,50.1818766,restaurant,3.3,72,OPERATIONAL
1994,دوار مشراق,26.3443642,50.1853852,restaurant,4.2,35,OPERATIONAL
1995,بوفية,26.3442837,50.1796306,restaurant,4.1,18,OPERATIONAL
1996,Yummie noodles | يم مي نودلز,26.34268,50.1818563,restaurant,3.2,23,OPERATIONAL
1997,مخبز وفوال الرباط,26.3381362,50.165544,restaurant,2.7,16,OPERATIONAL
1998,مطعم ديار الكرام,26.3379169,50.166408,restaurant,5,1,OPERATIONAL
1999,بازار النكهات/Flavor's bazzar,26.3443447,50.1854061,restaurant,4.5,2,OPERATIONAL
2000,El Panero Restaurant,26.3527796,50.2113641,restaurant,4.7,371,OPERATIONAL
2001,ستيج برجر Stage Burger,26.3511441,50.2119686,restaurant,4.4,399,OPERATIONAL
2002,مطعم فوال تراث مأرب,26.3738328,50.1029036,restaurant,4.4,732,OPERATIONAL
2003,سلايت برجر Slight Burger,26.3708653,50.0947048,restaurant,4.8,407,OPERATIONAL
2004,Healthy spoon,26.3707772,50.0945466,restaurant,4.7,133,OPERATIONAL
2005,Subway,26.371522,50.089795,restaurant,4.2,254,OPERATIONAL
2006,شاورما سمير,26.3714005,50.0896091,restaurant,4,594,OPERATIONAL
2007,مطعم بوابه البخاري,26.3730422,50.1004377,restaurant,3.3,266,OPERATIONAL
2008,بوفيه,26.3699337,50.105529,restaurant,5,15,OPERATIONAL
2009,إستراحة الشبعان للسندوتشات والوجبات الخفيفة,26.3759544,50.1112795,restaurant,4.5,11,OPERATIONAL
2010,سندوتشات المختص,26.3755418,50.118767,restaurant,4,4,OPERATIONAL
2011,Veal - ڤيل برجر,26.3729845,50.127346,restaurant,5,1,OPERATIONAL
2012,Diyafat Alhana Boofiya,26.3714064,50.1748511,restaurant,3.4,99,OPERATIONAL
2013,Al Youm Dining Hall,26.3787367,50.1709101,restaurant,4,16,OPERATIONAL
2014,مطعم ألف ليلة,26.370303,50.179459,restaurant,3.7,3,OPERATIONAL
2015,مطعم ومطبخ عزيمة,26.3727948,50.1786385,restaurant,4.1,14,OPERATIONAL
2016,Chubby B,26.359429,50.2072034,restaurant,4.1,659,OPERATIONAL
2017,Modawar | مدور,26.381077500000004,50.0565202,restaurant,4.3,527,OPERATIONAL
2018,سمك و بهار,26.3708134,50.085049,restaurant,4.3,426,OPERATIONAL
2019,OLABS | اولابز,26.3763742,50.0889491,restaurant,4,220,OPERATIONAL
2020,We Burger,26.3834418,50.0968191,restaurant,4,588,OPERATIONAL
2021,Kitchen And Mandi Jamiyin,26.3940617,50.09748,restaurant,4.4,265,OPERATIONAL
2022,Thoug Restaurant,26.3923658,50.0920763,restaurant,4.1,423,OPERATIONAL
2023,Same burger,26.3759409,50.088724,restaurant,4.1,147,OPERATIONAL
2024,خلية فوز,26.3820451,50.1043541,restaurant,4.4,235,OPERATIONAL
2025,90'S BROASTED بروستد٩٠,26.3852187,50.1044419,restaurant,4,472,OPERATIONAL
2026,Domino's Pizza,26.3816309,50.1034545,restaurant,3.7,285,OPERATIONAL
2027,Wadi Aldoor,26.3834844,50.1036531,restaurant,4,732,OPERATIONAL
2028,كيتو اكسبرس Keto Express,26.3821208,50.1043555,restaurant,4.5,130,OPERATIONAL
2029,pep & co,26.3818229,50.1034885,restaurant,4.2,329,OPERATIONAL
2030,Nuzha Marvels Snacks,26.3851204,50.1044374,restaurant,4.2,289,OPERATIONAL
2031,دولمة | Dolma,26.3826241,50.1043269,restaurant,3.7,50,OPERATIONAL
2032,Harmony Food,26.3816537,50.1034528,restaurant,4.1,474,OPERATIONAL
2033,Wafflelicious وافليشز,26.3826569,50.1043061,restaurant,4,485,OPERATIONAL
2034,Popeyes - Orange Gas Station - King Faisal Rd.,26.379669,50.195748,restaurant,4.9,56,OPERATIONAL
2035,Triple H,26.388178,50.235241,restaurant,4.5,2,OPERATIONAL
2036,KFC,26.3950165,50.078231,restaurant,4,183,OPERATIONAL
2037,EL TACORIA | ال تاكوريا,26.4072304,50.108123,restaurant,4.1,178,OPERATIONAL
2038,Kebdat Hijazi,26.406444000000004,50.107556,restaurant,4,459,OPERATIONAL
2039,Maestro Pizza,26.4094413,50.1098284,restaurant,3.9,791,OPERATIONAL
2040,Zahid Tractor Staff Cafeteria,26.4075994,50.1558806,restaurant,5,3,OPERATIONAL
2041,Food Savvy KSA,26.4126392,50.1697873,restaurant,4.1,9,OPERATIONAL
2042,وعلیکم,26.4133574,50.1652392,restaurant,No rating,No reviews,OPERATIONAL
2043,إستراحة صالح العلياني,26.1648146,50.1546978,restaurant,4.2,101,OPERATIONAL
2044,برجر المشوي,26.1527177,50.1560443,restaurant,3.8,32,OPERATIONAL
2045,مطاعم التركستاني البخاري 10,26.1526336,50.1567332,restaurant,3.6,37,OPERATIONAL
2046,فوال افغاني,26.1526013,50.1569297,restaurant,3.6,68,OPERATIONAL
2047,Maestro Pizza,26.1789852,50.163895700000005,restaurant,3.4,130,OPERATIONAL
2048,راعى البروستد - Rayealbroasted,26.178955,50.1573621,restaurant,4.1,165,OPERATIONAL
2049,مطاعم وقت المندي,26.1743809,50.1546733,restaurant,3.6,259,OPERATIONAL
2050,Leros Restaurant,26.1891841,50.0205983,restaurant,4.2,231,OPERATIONAL
2051,Half Moon Restaurant,26.200829,50.0274585,restaurant,3.8,2119,OPERATIONAL
2052,مطاعم أليان البخاري,26.2021243,50.0248722,restaurant,3.2,100,OPERATIONAL
2053,فوال نور الصباح,26.202603600000003,50.0251883,restaurant,3.8,34,OPERATIONAL
2054,BROASTED ZIYAD,26.2021574,50.0248715,restaurant,3.9,95,OPERATIONAL
2055,بوفية جزيرة الشواطئ,26.1945049,50.0240362,restaurant,3.1,112,OPERATIONAL
2056,مفنتك / فرع بنانا بيتش,26.2049609,50.0279978,restaurant,4.3,9,OPERATIONAL
2057,Titus food truck,26.2007359,50.02963270000001,restaurant,5,5,OPERATIONAL
2058,Anchor burger,26.2060723,50.0279155,restaurant,2.3,3,OPERATIONAL
2059,مطعم جزيرة الشواطئ,26.194751,50.0466215,restaurant,3.3,24,OPERATIONAL
2060,مطعم وجه القمر,26.198176,50.0464854,restaurant,2.3,3,OPERATIONAL
2061,بوفيه يمني,26.1982722,50.0466758,restaurant,4,8,OPERATIONAL
2062,مطعم زعيله عبدالهادي,26.1981594,50.0469172,restaurant,No rating,No reviews,OPERATIONAL
2063,مندي شيف الخليج,26.1875919,50.1597507,restaurant,4,181,OPERATIONAL
2064,Barn's | بارنز,26.1864189,50.1595907,restaurant,4,53,OPERATIONAL
2065,مطعم شاشليك,26.1874763,50.1597712,restaurant,4.1,130,OPERATIONAL
2066,برجرالمشوي Burger al Mashwi,26.1869979,50.1596518,restaurant,4,27,OPERATIONAL
2067,بوفيه دراقة لتقديم الوجبات,26.1906398,50.1592405,restaurant,4.4,15,OPERATIONAL
2068,بوفية كنز القناعة للوجبات السريعة,26.1866617,50.1598056,restaurant,3.9,12,OPERATIONAL
2069,Guest Welcome Bukhari Restaurant,26.1874897,50.1598285,restaurant,3.5,2,OPERATIONAL
2070,كرم البحر,26.1874339,50.1597454,restaurant,4.7,28,OPERATIONAL
2071,بوفية جبل اب لتقديم الوجبات,26.1906504,50.159332,restaurant,4.9,16,OPERATIONAL
2072,كفتريا المذاق اليمني,26.1866531,50.1598605,restaurant,3.1,7,OPERATIONAL
2073,مطعم عشق البحر,26.1852033,50.1646774,restaurant,3.5,192,OPERATIONAL
2074,مطابخ الفال والعقال,26.1882586,50.1826112,restaurant,4.7,44,OPERATIONAL
2075,bunchies restaurant,26.1846625,50.1647134,restaurant,4.5,19,OPERATIONAL
2076,مطعم نقطة لذيذة,26.1840662,50.1647328,restaurant,4.3,62,OPERATIONAL
2077,شاورما تلال الخبر,26.1839081,50.1648057,restaurant,3,8,OPERATIONAL
2078,شاورما أسطا غازي,26.1965632,50.1931597,restaurant,4.5,220,OPERATIONAL
2079,Kebda Hejazi,26.1993854,50.1951833,restaurant,4.2,384,OPERATIONAL
2080,فلافل لبنان,26.2006292,50.2048993,restaurant,3.9,381,OPERATIONAL
2081,FISHPY Seafood restaurant .مطعم فيشبي للمأكولات البحرية,26.2009041,50.210404,restaurant,4.3,426,OPERATIONAL
2082,Ahla Bokhari Guests Restaurant,26.2008591,50.2105628,restaurant,3.7,333,OPERATIONAL
2083,مطعم مرنان,26.2008824,50.2102453,restaurant,4,104,OPERATIONAL
2084,Subway,26.2019375,50.1951875,restaurant,4.3,399,OPERATIONAL
2085,Manoosha Alreef,26.2009821,50.194418600000006,restaurant,3.9,894,OPERATIONAL
2086,اصل البرجر TBO,26.2007091,50.1944492,restaurant,4.9,1676,OPERATIONAL
2087,Barn's | بارنز,26.2151786,50.21302490000001,restaurant,3.9,31,OPERATIONAL
2088,بوفية صلاح للوجبات السريعة,26.2151652,50.2129597,restaurant,4.1,23,OPERATIONAL
2089,بوفيه بدر اللامع للوجبات السريعة,26.2301096,49.9975632,restaurant,3.8,5,OPERATIONAL
2090,مطعم أبو حدرية,26.2308805,49.9976037,restaurant,3.3,14,OPERATIONAL
2091,برج القاهره,26.2361248,50.0393017,restaurant,No rating,No reviews,OPERATIONAL
2092,استراحة زواية المدينة,26.2361248,50.0393017,restaurant,4.3,4,OPERATIONAL
2093,Bnbns bites,26.2361248,50.0393017,restaurant,No rating,No reviews,OPERATIONAL
2094,بوفيه بحر السعادة,26.2240156,50.1965946,restaurant,4.1,110,OPERATIONAL
2095,مطاعم ومطابخ اهل الجنوب,26.2171531,50.2072962,restaurant,3.8,129,OPERATIONAL
2096,بوفية ركن المتخصصون لتقديم الوجبات,26.2494267,50.1992261,restaurant,3.8,13,OPERATIONAL
2097,بوفيه ريناد,26.2590593,50.1915911,restaurant,5,2,OPERATIONAL
2098,مطعم روحان,26.2592487,50.1924113,restaurant,5,1,OPERATIONAL
2099,مطعم تلال البهارات,26.2575333,50.1979751,restaurant,No rating,No reviews,OPERATIONAL
2100,Kudu - Dhahran Center,26.2792681,50.20806400000001,restaurant,3.9,1094,OPERATIONAL
2101,Domino’s Pizza,26.2908311,50.1805653,restaurant,3.7,260,OPERATIONAL
2102,Royal Gulf Chinese Restaurant,26.2906006,50.1798432,restaurant,4.1,965,OPERATIONAL
2103,Canton | كانتون,26.2897863,50.1811964,restaurant,4.2,605,OPERATIONAL
2104,Costa Coffee,26.289806,50.181026,restaurant,4.6,366,OPERATIONAL
2105,McDonald's,26.28333,50.197963,restaurant,4,5109,OPERATIONAL
2106,Mr. Chicken,26.3142087,50.1480164,restaurant,3.4,20,OPERATIONAL
2107,She Station,26.3032044,50.2270309,restaurant,4.3,6,OPERATIONAL
2108,Merge Restaurant,26.3284234,50.1805073,restaurant,4,777,OPERATIONAL
2109,Flamin' (Pickup and Delivery),26.3280462,50.1798471,restaurant,3.6,28,OPERATIONAL
2110,بوفية تسالي العربية لتقديم الوجبات,26.3231654,50.17994600000001,restaurant,3.4,5,OPERATIONAL
2111,بوفية زينب,26.3232,50.1802673,restaurant,3.7,24,OPERATIONAL
2112,Gulf Chef Restaurant,26.328114900000003,50.1807967,restaurant,3.2,6,OPERATIONAL
2113,Golden belt alkhobar,26.3182289,50.193942,restaurant,3,1,OPERATIONAL
2114,Almangour mall 1- LAKATOR DHAHRAN,26.3117959,50.1769682,restaurant,No rating,No reviews,OPERATIONAL
2115,Lucca Steak House,26.314488200000003,50.2163839,restaurant,4.3,3816,OPERATIONAL
2116,Ola Amor اولا امور,26.3231921,50.2286257,restaurant,3.7,1335,OPERATIONAL
2117,مطعم القرش الأسود BlackShark,26.3350882,50.0124009,restaurant,4.9,23,OPERATIONAL
2118,مطعم الشيف زوز,26.3488425,50.0479395,restaurant,4.7,142,OPERATIONAL
2119,برج التوت,26.3484283,50.049929600000006,restaurant,4.7,118,OPERATIONAL
2120,مطعم ظبي الجنوب,26.3458595,50.0431518,restaurant,4.1,331,OPERATIONAL
2121,Barn's | بارنز,26.3492783,50.0533813,restaurant,4.4,54,OPERATIONAL
2122,Domino's,26.330669900000004,50.162276,restaurant,3.9,437,OPERATIONAL
2123,Hala Marib Buffet,26.3319384,50.1611186,restaurant,4.4,70,OPERATIONAL
2124,المشوى العنابي | Ennabi Grill,26.331342300000003,50.1622421,restaurant,3.1,209,OPERATIONAL
2125,The Sushi Bar,26.3301815,50.1625701,restaurant,4.4,454,OPERATIONAL
2126,Mishwar,26.3269155,50.1678091,restaurant,3.4,462,OPERATIONAL
2127,Hardee's,26.3307492,50.1624031,restaurant,3.9,332,OPERATIONAL
2128,The Bowl,26.3252038,50.207935600000006,restaurant,4.2,407,OPERATIONAL
2129,Pizza Hut,26.3280628,50.2135293,restaurant,3.8,57,OPERATIONAL
2130,Ole Lounge - Pavilion,26.3307007,50.2130055,restaurant,4.7,110,OPERATIONAL
2131,ستيك هاوس,26.3256532,50.2218529,restaurant,No rating,No reviews,OPERATIONAL
2132,Zam Zam Restaurant,26.366002100000003,50.031506,restaurant,4.1,18,OPERATIONAL
2133,مطعم التنين الأخضر,26.363848,50.0297772,restaurant,4,144,OPERATIONAL
2134,مطعم روزانا,26.3637645,50.0297748,restaurant,4.2,106,OPERATIONAL
2135,مطعم ومقهى مساءات Masaat Restaurants and Coffee,26.3671629,50.0332005,restaurant,4.8,53,OPERATIONAL
2136,مطعم خيرات الدهناء للأكلات الشعبية,26.3660032,50.0322042,restaurant,4.4,38,OPERATIONAL
2137,مطعم تثليث البخاري,26.3664255,50.0320955,restaurant,3,16,OPERATIONAL
2138,مطعم لؤلؤة ذهبيه,26.363987100000003,50.0295717,restaurant,4.7,18,OPERATIONAL
2139,مطعم أصول الشام,26.3629868,50.0365991,restaurant,4.2,35,OPERATIONAL
2140,بوفية يوم و كرك للتقديم الوجبات,26.364461,50.0293216,restaurant,3.7,6,OPERATIONAL
2141,Domino's Pizza,26.3661665,50.0705941,restaurant,3.8,268,OPERATIONAL
2142,Lataif Altaif,26.3450099,50.1375719,restaurant,4.1,261,OPERATIONAL
2143,كرك بلال,26.3474249,50.141623,restaurant,3.7,286,OPERATIONAL
2144,مطعم ولاونج زينيا | Zinnia Resto Cafe,26.3513122,50.2113117,restaurant,4.6,388,OPERATIONAL
2145,Carpet Cafe & Brunch,26.3514665,50.2115244,restaurant,4.6,552,OPERATIONAL
2146,كاريبو كوفي - Caribou Coffee,26.35459,50.209157,restaurant,4.1,211,OPERATIONAL
2147,متكتك | شرفات بارك MTKTK,26.3511751,50.2110656,restaurant,4.3,317,OPERATIONAL
2148,EZCONE إيزيكون,26.351993,50.211566,restaurant,4.4,401,OPERATIONAL
2149,Masami Sushi,26.3512025,50.2109514,restaurant,4.3,157,OPERATIONAL
2150,Crepeaffaire,26.3513276,50.2113076,restaurant,3.6,58,OPERATIONAL
2151,Just Sandwich KSA,26.3527909,50.2113365,restaurant,No rating,No reviews,OPERATIONAL
2152,فوال حسن يوسف,26.3673297,50.0343146,restaurant,3.5,57,OPERATIONAL
2153,نص محمر,26.366548,50.0373709,restaurant,4.7,135,OPERATIONAL
2154,مطعم طعمية علي الحطب,26.377909,50.0489756,restaurant,3.6,406,OPERATIONAL
2155,Kudu - Taiba District,26.3687859,50.0538954,restaurant,4,828,OPERATIONAL
2156,دكان فلافل,26.3751108,50.0439837,restaurant,4.5,1274,OPERATIONAL
2157,مطعم الأرز الذهبي,26.3699175,50.0574271,restaurant,4.4,403,OPERATIONAL
2158,BURGER SITE FAISALIYA,26.3818783,50.0473773,restaurant,3.9,213,OPERATIONAL
2159,مطعم خاشوقه khashoga Restaurant,26.3765318,50.0468597,restaurant,4.4,558,OPERATIONAL
2160,مطاعم بحريات خليجي للأسماك الطازجة,26.3820946,50.0550939,restaurant,4.1,917,OPERATIONAL
2161,Herfy,26.3703086,50.0654456,restaurant,3.7,1514,OPERATIONAL
2162,مطعم رزة وأكثر,26.3631004,50.1993973,restaurant,4.4,300,OPERATIONAL
2163,عريكة ماضينا,26.3628516,50.1976373,restaurant,4.5,711,OPERATIONAL
2164,Greatza Restaurant | مطعم قريتزا,26.3630602,50.1993635,restaurant,4.7,1003,OPERATIONAL
2165,"L'ETO caffe - Nakheel Mall, Dammam",26.3902152,50.0370446,restaurant,4.6,3635,OPERATIONAL
2166,DAZZLING CAFE,26.3911823,50.0382165,restaurant,4.6,648,OPERATIONAL
2167,لمة كرك,26.3927009,50.0314145,restaurant,4.1,138,OPERATIONAL
2168,Poshak,26.3908119,50.0393829,restaurant,4,476,OPERATIONAL
2169,بوفية مزن المطار,26.3951827,50.0367204,restaurant,4.3,109,OPERATIONAL
2170,Paul Bakery & Restaurant,26.3901362,50.0374805,restaurant,4.5,1108,OPERATIONAL
2171,Adukkala Restaurant,26.3938079,50.03400870000001,restaurant,4.6,56,OPERATIONAL
2172,Herfy,26.3913672,50.0374279,restaurant,2.4,37,OPERATIONAL
2173,Popeyes,26.3903395,50.0376398,restaurant,4.5,285,OPERATIONAL
2174,Ennabi Grill,26.390597,50.066723,restaurant,3.8,2993,OPERATIONAL
2175,Herfy,26.4007883,50.105037,restaurant,3.5,899,OPERATIONAL
2176,فوال حي الجامعيين,26.4018022,50.1051468,restaurant,4,443,OPERATIONAL
2177,ALFREEJ ALAWAL | الفريج الأول,26.400611,50.1042191,restaurant,3.8,1369,OPERATIONAL
2178,Abha Modern Restaurant,26.4151436,50.0781972,restaurant,4.1,1275,OPERATIONAL
2179,معجنات رحاب دمشق,26.4138243,50.1203152,restaurant,4.4,221,OPERATIONAL
2180,Alfawar Restaurant شاورما مطعم الفوار,26.4139525,50.1202176,restaurant,4.1,1128,OPERATIONAL
2181,شاورما الأستاذ,26.4141815,50.1200053,restaurant,4,282,OPERATIONAL
2182,Maestro Pizza,26.4132933,50.1201025,restaurant,4,601,OPERATIONAL
2183,مطعم شعبيات المعلم,26.4141014,50.1200985,restaurant,4,698,OPERATIONAL
2184,Hashi Taste Cafeteria - Kibdah,26.4164545,50.12032,restaurant,4.1,505,OPERATIONAL
2185,Al-Hijaz Rice Al-Bukhari Restaurant,26.4141272,50.1200188,restaurant,3.9,196,OPERATIONAL
2186,عنب واو,26.4138363,50.1203451,restaurant,4.8,71,OPERATIONAL
2187,Karak's outdoor session,26.4142682,50.1196113,restaurant,4.1,215,OPERATIONAL
2188,مطعم أبو النور,26.4141875,50.1200625,restaurant,4.1,74,OPERATIONAL
2189,Shawrma King,26.4142047,50.1199786,restaurant,4.1,60,OPERATIONAL
