Place ID,Name,Latitude,Longitude,Category,Rating,Number of Reviews,Business Status,Google Maps URL
N/A,شركة تالا المتحدة للصناعة,26.2502021,49.985752299999994,cafe,5,2,OPERATIONAL,https://maps.google.com/?cid=N/A
N/A,Barn's | بارنز,26.241366499999998,49.9974442,cafe,2.5,8,OPERATIONAL,https://maps.google.com/?cid=N/A
N/A,شاي علوش,26.241,49.998027799999996,cafe,4.9,8,OPERATIONAL,https://maps.google.com/?cid=N/A
N/A,شركة تالا المتحدة للصناعة,26.2502021,49.985752299999994,cafe,5,2,OPERATIONAL,https://maps.google.com/?cid=N/A
N/A,شاي علوش,26.241,49.998027799999996,cafe,4.9,8,OPERATIONAL,https://maps.google.com/?cid=N/A
N/A,Cafe Cairo,26.2379085,50.1964718,cafe,3.7,3056,OPERATIONAL,https://maps.google.com/?cid=N/A
N/A,Share Lounge,26.244137499999997,50.198656199999995,cafe,4.6,757,OPERATIONAL,https://maps.google.com/?cid=N/A
N/A,مقهى ليالي الكيف,26.251799300000002,50.197443799999995,cafe,4,361,OPERATIONAL,https://maps.google.com/?cid=N/A
N/A,la melograno lounge,26.2421635,50.1982876,cafe,4.3,258,OPERATIONAL,https://maps.google.com/?cid=N/A
N/A,Tea Hessa,26.2487593,50.1981057,cafe,4.7,83,OPERATIONAL,https://maps.google.com/?cid=N/A
N/A,Mantorose Cafe,26.2562009,50.1937879,cafe,4.3,93,OPERATIONAL,https://maps.google.com/?cid=N/A
N/A,Barn's | بارنز,26.2502376,50.202686899999996,cafe,3.9,19,OPERATIONAL,https://maps.google.com/?cid=N/A
N/A,TCG - The Coffee Group,26.250623599999997,50.198796,cafe,5,23,OPERATIONAL,https://maps.google.com/?cid=N/A
N/A,مطعم طريق الحرير,26.2423087,50.198274299999994,cafe,5,2,OPERATIONAL,https://maps.google.com/?cid=N/A
N/A,Share Lounge,26.244137499999997,50.198656199999995,cafe,4.6,757,OPERATIONAL,https://maps.google.com/?cid=N/A
N/A,ceasario,26.255441599999997,50.220722599999995,cafe,4,875,OPERATIONAL,https://maps.google.com/?cid=N/A
N/A,مقهى ليالي الكيف,26.251799300000002,50.197443799999995,cafe,4,361,OPERATIONAL,https://maps.google.com/?cid=N/A
N/A,la melograno lounge,26.2421635,50.1982876,cafe,4.3,258,OPERATIONAL,https://maps.google.com/?cid=N/A
N/A,Espresso Station اسبريسو ستيشن,26.241577099999997,50.2145021,cafe,4.4,153,OPERATIONAL,https://maps.google.com/?cid=N/A
N/A,Tea Hessa,26.2487593,50.1981057,cafe,4.7,83,OPERATIONAL,https://maps.google.com/?cid=N/A
N/A,Tim Hortons,26.240678799999998,50.21445250000001,cafe,4,239,OPERATIONAL,https://maps.google.com/?cid=N/A
N/A,Barn's | بارنز,26.2502376,50.202686899999996,cafe,3.9,19,OPERATIONAL,https://maps.google.com/?cid=N/A
N/A,TCG - The Coffee Group,26.250623599999997,50.198796,cafe,5,23,OPERATIONAL,https://maps.google.com/?cid=N/A
N/A,ديوانيه النظم الشعبية,26.2592753,50.2041834,cafe,4.1,65,OPERATIONAL,https://maps.google.com/?cid=N/A
N/A,قهوة سكاي بلو,26.2581899,50.201149199999996,cafe,4.2,24,OPERATIONAL,https://maps.google.com/?cid=N/A
N/A,24Cafe,26.2552707,50.203505,cafe,4.6,19,OPERATIONAL,https://maps.google.com/?cid=N/A
N/A,Blue Sky Coffee إسكان بلوسكي كوفي,26.254533499999997,50.2146032,cafe,4,29,OPERATIONAL,https://maps.google.com/?cid=N/A
N/A,مطعم طريق الحرير,26.2423087,50.198274299999994,cafe,5,2,OPERATIONAL,https://maps.google.com/?cid=N/A
N/A,كورنيش الخبر,26.2572165,50.219502000000006,cafe,No rating,No reviews,OPERATIONAL,https://maps.google.com/?cid=N/A
N/A,ceasario,26.255441599999997,50.220722599999995,cafe,4,875,OPERATIONAL,https://maps.google.com/?cid=N/A
N/A,Espresso Station اسبريسو ستيشن,26.241577099999997,50.2145021,cafe,4.4,153,OPERATIONAL,https://maps.google.com/?cid=N/A
N/A,Tim Hortons,26.240678799999998,50.21445250000001,cafe,4,239,OPERATIONAL,https://maps.google.com/?cid=N/A
N/A,Blue Sky Coffee إسكان بلوسكي كوفي,26.254533499999997,50.2146032,cafe,4,29,OPERATIONAL,https://maps.google.com/?cid=N/A
N/A,كورنيش الخبر,26.2572165,50.219502000000006,cafe,No rating,No reviews,OPERATIONAL,https://maps.google.com/?cid=N/A
N/A,شركة تالا المتحدة للصناعة,26.271442,49.9718914,cafe,5,2,OPERATIONAL,https://maps.google.com/?cid=N/A
N/A,Dunkin' - دانكن,26.269312499999998,50.0189375,cafe,3.9,103,OPERATIONAL,https://maps.google.com/?cid=N/A
N/A,Cafe bonjour,26.26937,50.0188251,cafe,No rating,No reviews,OPERATIONAL,https://maps.google.com/?cid=N/A
N/A,Dunkin' - دانكن,26.269312499999998,50.0189375,cafe,3.9,103,OPERATIONAL,https://maps.google.com/?cid=N/A
N/A,Cafe bonjour,26.26937,50.0188251,cafe,No rating,No reviews,OPERATIONAL,https://maps.google.com/?cid=N/A
N/A,McDonald's,26.2654423,50.0705652,cafe,3,247,OPERATIONAL,https://maps.google.com/?cid=N/A
N/A,قهوة عمق UMQ Coffee,26.2655075,50.0711872,cafe,4.6,151,OPERATIONAL,https://maps.google.com/?cid=N/A
N/A,Knock Ajyal - نـوك أجيـال,26.2661211,50.071609699999996,cafe,4.7,83,OPERATIONAL,https://maps.google.com/?cid=N/A
N/A,ستاربكس,26.2641515,50.068079499999996,cafe,5,3,OPERATIONAL,https://maps.google.com/?cid=N/A
N/A,Dose دوز,26.2656936,50.071096999999995,cafe,4.8,13,OPERATIONAL,https://maps.google.com/?cid=N/A
N/A,فسحه,26.2658542,50.0704925,cafe,4.6,26,OPERATIONAL,https://maps.google.com/?cid=N/A
N/A,McDonald's,26.2654423,50.0705652,cafe,3,247,OPERATIONAL,https://maps.google.com/?cid=N/A
N/A,قهوة عمق UMQ Coffee,26.2655075,50.0711872,cafe,4.6,151,OPERATIONAL,https://maps.google.com/?cid=N/A
N/A,Knock Ajyal - نـوك أجيـال,26.2661211,50.071609699999996,cafe,4.7,83,OPERATIONAL,https://maps.google.com/?cid=N/A
N/A,ستاربكس,26.2641515,50.068079499999996,cafe,5,3,OPERATIONAL,https://maps.google.com/?cid=N/A
N/A,Dose دوز,26.2656936,50.071096999999995,cafe,4.8,13,OPERATIONAL,https://maps.google.com/?cid=N/A
N/A,فسحه,26.2658542,50.0704925,cafe,4.6,26,OPERATIONAL,https://maps.google.com/?cid=N/A
N/A,Dunkin' - دانكن,26.2793125,50.132312500000005,cafe,4,513,OPERATIONAL,https://maps.google.com/?cid=N/A
N/A,Dunkin' - دانكن,26.271373999999998,50.195328,cafe,4.1,1346,OPERATIONAL,https://maps.google.com/?cid=N/A
N/A,ديلي كب Daily cup,26.277147,50.183707399999996,cafe,4.5,102,OPERATIONAL,https://maps.google.com/?cid=N/A
N/A,Barn's | بارنز,26.2661719,50.203895499999994,cafe,4.2,528,OPERATIONAL,https://maps.google.com/?cid=N/A
N/A,Golden Tea كرك الذهبي,26.2761413,50.1923933,cafe,4.2,30,OPERATIONAL,https://maps.google.com/?cid=N/A
N/A,Konafa golden crown,26.271102199999998,50.1956991,cafe,4.1,272,OPERATIONAL,https://maps.google.com/?cid=N/A
N/A,Mantorose Cafe,26.2562009,50.1937879,cafe,4.3,93,OPERATIONAL,https://maps.google.com/?cid=N/A
N/A,قهوة توتيل,26.280154699999997,50.1906717,cafe,4.6,41,OPERATIONAL,https://maps.google.com/?cid=N/A
N/A,يمي كريب,26.2736271,50.1869705,cafe,4.1,189,OPERATIONAL,https://maps.google.com/?cid=N/A
N/A,برنس الشرق مستلزمات الكوفي شوب EAST PRINCE TRADING EASTERN REGION BRANCH,26.2761402,50.193712999999995,cafe,4.5,24,OPERATIONAL,https://maps.google.com/?cid=N/A
N/A,مقهى ليالي امدر,26.278408499999998,50.183892,cafe,4.2,41,OPERATIONAL,https://maps.google.com/?cid=N/A
N/A,Al Qurashi Parties,26.2755416,50.1853504,cafe,4.6,32,OPERATIONAL,https://maps.google.com/?cid=N/A
N/A,مقهى قعدة شاي الفرع الاول,26.2662868,50.1883883,cafe,4.4,45,OPERATIONAL,https://maps.google.com/?cid=N/A
N/A,دونات لاند DONUT LAND,26.275999799999997,50.1842413,cafe,4.6,40,OPERATIONAL,https://maps.google.com/?cid=N/A
N/A,قعدة شاي,26.2696033,50.1870342,cafe,4.2,17,OPERATIONAL,https://maps.google.com/?cid=N/A
N/A,Al Zawiya Al Shobeya Coffee Shop,26.2781563,50.184041,cafe,4,33,OPERATIONAL,https://maps.google.com/?cid=N/A
N/A,قهوة سكاي بلو,26.2581899,50.201149199999996,cafe,4.2,24,OPERATIONAL,https://maps.google.com/?cid=N/A
N/A,مقهئ التراث الشعبي,26.273663799999998,50.186919499999995,cafe,4.4,83,OPERATIONAL,https://maps.google.com/?cid=N/A
N/A,فرع دونات الممتاز,26.2737728,50.1927926,cafe,3.4,14,OPERATIONAL,https://maps.google.com/?cid=N/A
N/A,شاهي شعف |Shaaf Tea,26.278327599999997,50.183214199999995,cafe,4.9,13,OPERATIONAL,https://maps.google.com/?cid=N/A
N/A,عصير العميد,26.2778825,50.193122599999995,cafe,4.4,33,OPERATIONAL,https://maps.google.com/?cid=N/A
N/A,Sun Room Cafe & Restaurant,26.272147699999998,50.2211776,cafe,3.7,4253,OPERATIONAL,https://maps.google.com/?cid=N/A
N/A,Dunkin' - دانكن,26.271373999999998,50.195328,cafe,4.1,1346,OPERATIONAL,https://maps.google.com/?cid=N/A
N/A,المذاق المغربي,26.273318999999997,50.2199697,cafe,4.3,204,OPERATIONAL,https://maps.google.com/?cid=N/A
N/A,Barn's | بارنز,26.2661719,50.203895499999994,cafe,4.2,528,OPERATIONAL,https://maps.google.com/?cid=N/A
N/A,Starbucks,26.268666999999997,50.216055999999995,cafe,4.3,1353,OPERATIONAL,https://maps.google.com/?cid=N/A
N/A,شذرات كافيه,26.2750395,50.2191444,cafe,4.4,615,OPERATIONAL,https://maps.google.com/?cid=N/A
N/A,Diwaniya Mishraq,26.2655577,50.2104625,cafe,4.1,427,OPERATIONAL,https://maps.google.com/?cid=N/A
N/A,Dunkin' - دانكن,26.269562500000003,50.216562499999995,cafe,3.7,151,OPERATIONAL,https://maps.google.com/?cid=N/A
N/A,COFFE SHACK(مقهى الكوخ ),26.270573,50.2165294,cafe,4.7,439,OPERATIONAL,https://maps.google.com/?cid=N/A
N/A,Golden Restaurant,26.2775017,50.212886999999995,cafe,4.1,545,OPERATIONAL,https://maps.google.com/?cid=N/A
N/A,TEA TIME TEA INNOVATION,26.2774067,50.2116069,cafe,4.5,113,OPERATIONAL,https://maps.google.com/?cid=N/A
N/A,تكية مزاج | Takya Mazaj,26.2783265,50.207962699999996,cafe,4.6,82,OPERATIONAL,https://maps.google.com/?cid=N/A
N/A,Konafa golden crown,26.271102199999998,50.1956991,cafe,4.1,272,OPERATIONAL,https://maps.google.com/?cid=N/A
N/A,Krispy Kreme,26.2675625,50.214437499999995,cafe,4.1,137,OPERATIONAL,https://maps.google.com/?cid=N/A
N/A,campero lounge & cafe,26.2732165,50.2163584,cafe,4.1,29,OPERATIONAL,https://maps.google.com/?cid=N/A
N/A,Tazamun مقهى تزامن,26.2705961,50.2130033,cafe,4.8,60,OPERATIONAL,https://maps.google.com/?cid=N/A
N/A,Derby Coffee,26.2665042,50.218628599999995,cafe,3.9,74,OPERATIONAL,https://maps.google.com/?cid=N/A
N/A,ديوانيه النظم الشعبية,26.2592753,50.2041834,cafe,4.1,65,OPERATIONAL,https://maps.google.com/?cid=N/A
N/A,Azeem Cafeteria,26.2776247,50.2130905,cafe,4,185,OPERATIONAL,https://maps.google.com/?cid=N/A
N/A,مقهى ومطعم ماء الذهب,26.272852099999998,50.2211858,cafe,3.9,20,OPERATIONAL,https://maps.google.com/?cid=N/A
N/A,Sun Room Cafe & Restaurant,26.272147699999998,50.2211776,cafe,3.7,4253,OPERATIONAL,https://maps.google.com/?cid=N/A
N/A,ceasario,26.255441599999997,50.220722599999995,cafe,4,875,OPERATIONAL,https://maps.google.com/?cid=N/A
N/A,المذاق المغربي,26.273318999999997,50.2199697,cafe,4.3,204,OPERATIONAL,https://maps.google.com/?cid=N/A
N/A,Cafe De Paris,26.2782433,50.218693599999995,cafe,3.5,780,OPERATIONAL,https://maps.google.com/?cid=N/A
N/A,Starbucks,26.268666999999997,50.216055999999995,cafe,4.3,1353,OPERATIONAL,https://maps.google.com/?cid=N/A
N/A,شذرات كافيه,26.2750395,50.2191444,cafe,4.4,615,OPERATIONAL,https://maps.google.com/?cid=N/A
N/A,Dunkin' - دانكن,26.269562500000003,50.216562499999995,cafe,3.7,151,OPERATIONAL,https://maps.google.com/?cid=N/A
N/A,COFFE SHACK(مقهى الكوخ ),26.270573,50.2165294,cafe,4.7,439,OPERATIONAL,https://maps.google.com/?cid=N/A
N/A,Krispy Kreme,26.2675625,50.214437499999995,cafe,4.1,137,OPERATIONAL,https://maps.google.com/?cid=N/A
N/A,campero lounge & cafe,26.2732165,50.2163584,cafe,4.1,29,OPERATIONAL,https://maps.google.com/?cid=N/A
N/A,Derby Coffee,26.2665042,50.218628599999995,cafe,3.9,74,OPERATIONAL,https://maps.google.com/?cid=N/A
N/A,مقهى ومطعم ماء الذهب,26.272852099999998,50.2211858,cafe,3.9,20,OPERATIONAL,https://maps.google.com/?cid=N/A
N/A,Tazamun مقهى تزامن,26.2705961,50.2130033,cafe,4.8,60,OPERATIONAL,https://maps.google.com/?cid=N/A
N/A,Cafe Bijou,26.2766551,50.2199477,cafe,4.4,20,OPERATIONAL,https://maps.google.com/?cid=N/A
N/A,Tea point,26.2717565,50.2124846,cafe,4.8,22,OPERATIONAL,https://maps.google.com/?cid=N/A
N/A,Dublin donuts,26.2671413,50.214783,cafe,4,2,OPERATIONAL,https://maps.google.com/?cid=N/A
N/A,Gazebo Cafe,26.2658295,50.2133161,cafe,No rating,No reviews,OPERATIONAL,https://maps.google.com/?cid=N/A
N/A,مقهى سمرة,26.278210899999998,50.2186899,cafe,5,2,OPERATIONAL,https://maps.google.com/?cid=N/A
N/A,كورنيش الخبر,26.2572165,50.219502000000006,cafe,No rating,No reviews,OPERATIONAL,https://maps.google.com/?cid=N/A
N/A,شركة تالا المتحدة للصناعة,26.271442,49.9718914,cafe,5,2,OPERATIONAL,https://maps.google.com/?cid=N/A
N/A,24Cafe,26.295045599999998,50.0353552,cafe,4.4,246,OPERATIONAL,https://maps.google.com/?cid=N/A
N/A,Barn's | بارنز,26.2954097,50.0356568,cafe,3.6,26,OPERATIONAL,https://maps.google.com/?cid=N/A
N/A,Derby Cafe,26.295232300000002,50.0355181,cafe,3.8,330,OPERATIONAL,https://maps.google.com/?cid=N/A
N/A,ديوانية الكيف,26.295360700000003,50.0341051,cafe,3,3,OPERATIONAL,https://maps.google.com/?cid=N/A
N/A,Road Café | قهوة الطريق,26.2840822,50.0603135,cafe,4.2,105,OPERATIONAL,https://maps.google.com/?cid=N/A
N/A,Road Café | قهوة الطريق,26.2840822,50.0603135,cafe,4.2,105,OPERATIONAL,https://maps.google.com/?cid=N/A
N/A,Shrq Coffee Roaster (Jebel Heights),26.289911399999998,50.1008353,cafe,4.3,264,OPERATIONAL,https://maps.google.com/?cid=N/A
N/A,DESSANGE PARIS,26.291301599999997,50.10469,cafe,4.7,22,OPERATIONAL,https://maps.google.com/?cid=N/A
N/A,قهوة عرب,26.285332800000003,50.1323483,cafe,2.3,3,OPERATIONAL,https://maps.google.com/?cid=N/A
N/A,Dunkin' - دانكن,26.2793125,50.132312500000005,cafe,4,513,OPERATIONAL,https://maps.google.com/?cid=N/A
N/A,Blue stars,26.284292400000002,50.150513499999995,cafe,2.7,13,OPERATIONAL,https://maps.google.com/?cid=N/A
N/A,قهوة عرب,26.285332800000003,50.1323483,cafe,2.3,3,OPERATIONAL,https://maps.google.com/?cid=N/A
N/A,Dose Cafe,26.2836875,50.150437499999995,cafe,3,1,OPERATIONAL,https://maps.google.com/?cid=N/A
N/A,Blue stars,26.284292400000002,50.150513499999995,cafe,2.7,13,OPERATIONAL,https://maps.google.com/?cid=N/A
N/A,Dose Cafe,26.2836875,50.150437499999995,cafe,3,1,OPERATIONAL,https://maps.google.com/?cid=N/A
N/A,Al Rashid Mall,26.2908311,50.1805653,cafe,4.3,50912,OPERATIONAL,https://maps.google.com/?cid=N/A
N/A,ديلي كب Daily cup,26.277147,50.183707399999996,cafe,4.5,102,OPERATIONAL,https://maps.google.com/?cid=N/A
N/A,Dunkin' - دانكن,26.2942647,50.170988099999995,cafe,4,279,OPERATIONAL,https://maps.google.com/?cid=N/A
N/A,Sip Day speciality coffeee,26.278593599999997,50.1830973,cafe,4.7,448,OPERATIONAL,https://maps.google.com/?cid=N/A
N/A,Dunkin' - دانكن,26.29086,50.181264,cafe,4,506,OPERATIONAL,https://maps.google.com/?cid=N/A
N/A,Black Horse Cafe,26.291453999999998,50.182314899999994,cafe,4.5,260,OPERATIONAL,https://maps.google.com/?cid=N/A
N/A,Barn's | بارنز,26.2935069,50.1720541,cafe,4.1,55,OPERATIONAL,https://maps.google.com/?cid=N/A
N/A,7 Grams - Alrashid Mall | ٧ جرام - الراشد مول,26.2912431,50.1807662,cafe,4.4,679,OPERATIONAL,https://maps.google.com/?cid=N/A
N/A,Rosalie Cafe,26.290518799999997,50.177732299999995,cafe,4.5,448,OPERATIONAL,https://maps.google.com/?cid=N/A
N/A,GLĀDIO CAFÉ,26.291323499999997,50.180337699999995,cafe,4.6,129,OPERATIONAL,https://maps.google.com/?cid=N/A
N/A,Cinnabon,26.286915,50.18391,cafe,3.3,113,OPERATIONAL,https://maps.google.com/?cid=N/A
N/A,Konafa golden crown,26.280672,50.1823043,cafe,4.1,266,OPERATIONAL,https://maps.google.com/?cid=N/A
N/A,مقهى ديوانية هجر,26.283941199999997,50.1815338,cafe,3.8,261,OPERATIONAL,https://maps.google.com/?cid=N/A
N/A,Starbucks,26.2913075,50.1809882,cafe,4,523,OPERATIONAL,https://maps.google.com/?cid=N/A
N/A,Costa Coffee,26.289806,50.181025999999996,cafe,4.6,366,OPERATIONAL,https://maps.google.com/?cid=N/A
N/A,مقهى ليالي امدر,26.278408499999998,50.183892,cafe,4.2,41,OPERATIONAL,https://maps.google.com/?cid=N/A
N/A,Equal,26.2906576,50.1769855,cafe,4.7,20,OPERATIONAL,https://maps.google.com/?cid=N/A
N/A,ماما بنز كافيه | MammaBunz Cafe‏,26.286500099999998,50.183899999999994,cafe,4.1,207,OPERATIONAL,https://maps.google.com/?cid=N/A
N/A,Krispy Kreme,26.2913662,50.1805928,cafe,4.3,70,OPERATIONAL,https://maps.google.com/?cid=N/A
N/A,Al Zawiya Al Shobeya Coffee Shop,26.2781563,50.184041,cafe,4,33,OPERATIONAL,https://maps.google.com/?cid=N/A
N/A,Al Rashid Mall,26.2908311,50.1805653,cafe,4.3,50912,OPERATIONAL,https://maps.google.com/?cid=N/A
N/A,Madina Restaurant,26.288042299999997,50.188332599999995,cafe,3.9,9057,OPERATIONAL,https://maps.google.com/?cid=N/A
N/A,ديلي كب Daily cup,26.277147,50.183707399999996,cafe,4.5,102,OPERATIONAL,https://maps.google.com/?cid=N/A
N/A,Sip Day speciality coffeee,26.278593599999997,50.1830973,cafe,4.7,448,OPERATIONAL,https://maps.google.com/?cid=N/A
N/A,مقهي ومحمصه الواحه - Oasis Cafe Roastery,26.2820048,50.201934699999995,cafe,4.5,1589,OPERATIONAL,https://maps.google.com/?cid=N/A
N/A,Starbucks,26.290395699999998,50.1873237,cafe,4,188,OPERATIONAL,https://maps.google.com/?cid=N/A
N/A,Dunkin' - دانكن,26.29086,50.181264,cafe,4,506,OPERATIONAL,https://maps.google.com/?cid=N/A
N/A,Black Horse Cafe,26.291453999999998,50.182314899999994,cafe,4.5,260,OPERATIONAL,https://maps.google.com/?cid=N/A
N/A,Tea Muhabath Resto cafe,26.293282200000004,50.1946282,cafe,4.5,163,OPERATIONAL,https://maps.google.com/?cid=N/A
N/A,Golden Tea,26.2845043,50.1905563,cafe,4,69,OPERATIONAL,https://maps.google.com/?cid=N/A
N/A,شاي فرس,26.294473800000002,50.1971796,cafe,4.6,239,OPERATIONAL,https://maps.google.com/?cid=N/A
N/A,ديوانية قدوع للشاي والقهوة,26.284278399999998,50.189094999999995,cafe,4.1,417,OPERATIONAL,https://maps.google.com/?cid=N/A
N/A,7 Grams - Alrashid Mall | ٧ جرام - الراشد مول,26.2912431,50.1807662,cafe,4.4,679,OPERATIONAL,https://maps.google.com/?cid=N/A
N/A,Golden Tea كرك الذهبي,26.2761413,50.1923933,cafe,4.2,30,OPERATIONAL,https://maps.google.com/?cid=N/A
N/A,استكانه 4,26.284086799999997,50.2041239,cafe,4.5,145,OPERATIONAL,https://maps.google.com/?cid=N/A
N/A,Rosalie Cafe,26.290518799999997,50.177732299999995,cafe,4.5,448,OPERATIONAL,https://maps.google.com/?cid=N/A
N/A,مقهى بساطة coffee Basata,26.2847233,50.196039199999994,cafe,4.8,169,OPERATIONAL,https://maps.google.com/?cid=N/A
N/A,انليش | Unleash,26.2813794,50.2004297,cafe,4.7,167,OPERATIONAL,https://maps.google.com/?cid=N/A
N/A,Krispy Kreme,26.2835625,50.1971875,cafe,4.2,242,OPERATIONAL,https://maps.google.com/?cid=N/A
N/A,GLĀDIO CAFÉ,26.291323499999997,50.180337699999995,cafe,4.6,129,OPERATIONAL,https://maps.google.com/?cid=N/A
N/A,ZOLIEA,26.2979324,50.2099036,cafe,4.5,1629,OPERATIONAL,https://maps.google.com/?cid=N/A
N/A,فرن ليلى,26.2930699,50.2185376,cafe,4.6,664,OPERATIONAL,https://maps.google.com/?cid=N/A
N/A,Cay,26.2820969,50.222144400000005,cafe,4.3,1257,OPERATIONAL,https://maps.google.com/?cid=N/A
N/A,بلما | Blma,26.2894354,50.218083899999996,cafe,4.6,879,OPERATIONAL,https://maps.google.com/?cid=N/A
N/A,SAJE cafe | سيج,26.291943699999997,50.2085989,cafe,4.5,464,OPERATIONAL,https://maps.google.com/?cid=N/A
N/A,مقهى طرف,26.2927808,50.2187689,cafe,4.5,360,OPERATIONAL,https://maps.google.com/?cid=N/A
N/A,SOIR CAFÉ,26.282118699999998,50.222020699999995,cafe,4,1208,OPERATIONAL,https://maps.google.com/?cid=N/A
N/A,ديلي كب Daily cup,26.294127200000002,50.2170997,cafe,4.6,128,OPERATIONAL,https://maps.google.com/?cid=N/A
N/A,Tea Time,26.2825825,50.217741399999994,cafe,4.2,3094,OPERATIONAL,https://maps.google.com/?cid=N/A
N/A,Qaf Coffee Roasters -Ajdan : محمصة ومقهى قاف - اجدان,26.2829739,50.2204568,cafe,4.4,922,OPERATIONAL,https://maps.google.com/?cid=N/A
N/A,Slope Roastery,26.2907142,50.2161203,cafe,4.8,246,OPERATIONAL,https://maps.google.com/?cid=N/A
N/A,Dunkin' - دانكن,26.2784375,50.218062499999995,cafe,4.1,1924,OPERATIONAL,https://maps.google.com/?cid=N/A
N/A,MOUND,26.2920621,50.2083507,cafe,4.1,334,OPERATIONAL,https://maps.google.com/?cid=N/A
N/A,Mawoud,26.2883756,50.217900099999994,cafe,4.6,625,OPERATIONAL,https://maps.google.com/?cid=N/A
N/A,Lounge shesha shisha hookah hooka مقهى لاونج غصن الرمان لاونج شيشة شيشه كافيهGhosen اقرب مكان شيشة افضل مكان شيشة,26.295282699999998,50.201301,cafe,4.5,260,OPERATIONAL,https://maps.google.com/?cid=N/A
N/A,Starbucks,26.288271299999998,50.2161335,cafe,4.5,507,OPERATIONAL,https://maps.google.com/?cid=N/A
N/A,مقهي ومحمصه الواحه - Oasis Cafe Roastery,26.2820048,50.201934699999995,cafe,4.5,1589,OPERATIONAL,https://maps.google.com/?cid=N/A
N/A,Mantorose Cafe,26.281648099999998,50.222423,cafe,4,408,OPERATIONAL,https://maps.google.com/?cid=N/A
N/A,Oasis cafe & Club,26.2892972,50.216491100000006,cafe,3.8,722,OPERATIONAL,https://maps.google.com/?cid=N/A
N/A,Hiqbah Roasters - محمصة و مقهى حقبة,26.281724999999998,50.2130017,cafe,4.9,262,OPERATIONAL,https://maps.google.com/?cid=N/A
N/A,Half Million,26.295082999999998,50.220759,cafe,4.4,4780,OPERATIONAL,https://maps.google.com/?cid=N/A
N/A,فرن ليلى,26.2930699,50.2185376,cafe,4.6,664,OPERATIONAL,https://maps.google.com/?cid=N/A
N/A,Cay,26.2820969,50.222144400000005,cafe,4.3,1257,OPERATIONAL,https://maps.google.com/?cid=N/A
N/A,بلما | Blma,26.2894354,50.218083899999996,cafe,4.6,879,OPERATIONAL,https://maps.google.com/?cid=N/A
N/A,Sun Room Cafe & Restaurant,26.272147699999998,50.2211776,cafe,3.7,4253,OPERATIONAL,https://maps.google.com/?cid=N/A
N/A,مقهى طرف,26.2927808,50.2187689,cafe,4.5,360,OPERATIONAL,https://maps.google.com/?cid=N/A
N/A,SULTAN LOUNGE & CAFE,26.2940795,50.2203355,cafe,4,1221,OPERATIONAL,https://maps.google.com/?cid=N/A
N/A,SOIR CAFÉ,26.282118699999998,50.222020699999995,cafe,4,1208,OPERATIONAL,https://maps.google.com/?cid=N/A
N/A,Line Espresso Bar & Roastery,26.2958954,50.2190825,cafe,4.5,1029,OPERATIONAL,https://maps.google.com/?cid=N/A
N/A,Tea Time,26.2825825,50.217741399999994,cafe,4.2,3094,OPERATIONAL,https://maps.google.com/?cid=N/A
N/A,ديلي كب Daily cup,26.294127200000002,50.2170997,cafe,4.6,128,OPERATIONAL,https://maps.google.com/?cid=N/A
N/A,Qaf Coffee Roasters -Ajdan : محمصة ومقهى قاف - اجدان,26.2829739,50.2204568,cafe,4.4,922,OPERATIONAL,https://maps.google.com/?cid=N/A
N/A,Slope Roastery,26.2907142,50.2161203,cafe,4.8,246,OPERATIONAL,https://maps.google.com/?cid=N/A
N/A,Dunkin' - دانكن,26.2784375,50.218062499999995,cafe,4.1,1924,OPERATIONAL,https://maps.google.com/?cid=N/A
N/A,Mantorose Cafe,26.281648099999998,50.222423,cafe,4,408,OPERATIONAL,https://maps.google.com/?cid=N/A
N/A,Mawoud,26.2883756,50.217900099999994,cafe,4.6,625,OPERATIONAL,https://maps.google.com/?cid=N/A
N/A,Starbucks,26.288271299999998,50.2161335,cafe,4.5,507,OPERATIONAL,https://maps.google.com/?cid=N/A
N/A,مطل مقابل اجدان رايز,26.2820555,50.2219944,cafe,4.8,61,OPERATIONAL,https://maps.google.com/?cid=N/A
N/A,Gladio Cafe - جلاديو كافيه,26.2959257,50.219089,cafe,4.9,498,OPERATIONAL,https://maps.google.com/?cid=N/A
N/A,Oasis cafe & Club,26.2892972,50.216491100000006,cafe,3.8,722,OPERATIONAL,https://maps.google.com/?cid=N/A
N/A,24Cafe,26.295045599999998,50.0353552,cafe,4.4,246,OPERATIONAL,https://maps.google.com/?cid=N/A
N/A,Barn's | بارنز,26.2954097,50.0356568,cafe,3.6,26,OPERATIONAL,https://maps.google.com/?cid=N/A
N/A,Derby Cafe,26.295232300000002,50.0355181,cafe,3.8,330,OPERATIONAL,https://maps.google.com/?cid=N/A
N/A,ديوانية الكيف,26.295360700000003,50.0341051,cafe,3,3,OPERATIONAL,https://maps.google.com/?cid=N/A
N/A,24Cafe,26.295045599999998,50.0353552,cafe,4.4,246,OPERATIONAL,https://maps.google.com/?cid=N/A
N/A,Barn's | بارنز,26.2954097,50.0356568,cafe,3.6,26,OPERATIONAL,https://maps.google.com/?cid=N/A
N/A,Derby Cafe,26.295232300000002,50.0355181,cafe,3.8,330,OPERATIONAL,https://maps.google.com/?cid=N/A
N/A,ديوانية الكيف,26.295360700000003,50.0341051,cafe,3,3,OPERATIONAL,https://maps.google.com/?cid=N/A
N/A,Shrq Coffee Roaster (Jebel Heights),26.289911399999998,50.1008353,cafe,4.3,264,OPERATIONAL,https://maps.google.com/?cid=N/A
N/A,DESSANGE PARIS,26.291301599999997,50.10469,cafe,4.7,22,OPERATIONAL,https://maps.google.com/?cid=N/A
N/A,Tamimi Cafeteria,26.3066005,50.1118087,cafe,4.1,18,OPERATIONAL,https://maps.google.com/?cid=N/A
N/A,Chapati&Karak - KSA Aramco,26.298363499999997,50.107790599999994,cafe,3.7,26,OPERATIONAL,https://maps.google.com/?cid=N/A
N/A,Dose Cafe,26.3050033,50.113381399999994,cafe,4,4,OPERATIONAL,https://maps.google.com/?cid=N/A
N/A,Olabs,26.3075072,50.1115461,cafe,5,3,OPERATIONAL,https://maps.google.com/?cid=N/A
N/A,Starbucks,26.3052517,50.1293103,cafe,4.4,717,OPERATIONAL,https://maps.google.com/?cid=N/A
N/A,Shrq Coffee Roaster (King’s Park),26.3049304,50.1302831,cafe,4.4,201,OPERATIONAL,https://maps.google.com/?cid=N/A
N/A,Dunkin - دانكن,26.30914,50.128802,cafe,4.3,184,OPERATIONAL,https://maps.google.com/?cid=N/A
N/A,Joffrey's جوفريز,26.313939299999998,50.1215358,cafe,4,4,OPERATIONAL,https://maps.google.com/?cid=N/A
N/A,Tamimi Cafeteria,26.3066005,50.1118087,cafe,4.1,18,OPERATIONAL,https://maps.google.com/?cid=N/A
N/A,Shrq Coffee Roasters (Al Mujamma),26.3091534,50.130048099999996,cafe,4.7,28,OPERATIONAL,https://maps.google.com/?cid=N/A
N/A,Chapati&Karak - KSA Aramco,26.298363499999997,50.107790599999994,cafe,3.7,26,OPERATIONAL,https://maps.google.com/?cid=N/A
N/A,Dose Cafe,26.3050033,50.113381399999994,cafe,4,4,OPERATIONAL,https://maps.google.com/?cid=N/A
N/A,Carlton Lounge,26.304156600000002,50.130172699999996,cafe,4,63,OPERATIONAL,https://maps.google.com/?cid=N/A
N/A,مغزل | MIGHZEL أرامكو,26.307555900000004,50.1278204,cafe,4.9,7,OPERATIONAL,https://maps.google.com/?cid=N/A
N/A,Olabs,26.3075072,50.1115461,cafe,5,3,OPERATIONAL,https://maps.google.com/?cid=N/A
N/A,مراميه,26.312154999999997,50.125901,cafe,5,3,OPERATIONAL,https://maps.google.com/?cid=N/A
N/A,VARDØ ڤاردو,26.3125461,50.1281986,cafe,4,2,OPERATIONAL,https://maps.google.com/?cid=N/A
N/A,Caffe Vergnano 1882 (KIOSK),26.308615999999997,50.125185699999996,cafe,No rating,No reviews,OPERATIONAL,https://maps.google.com/?cid=N/A
N/A,Starbucks,26.3052517,50.1293103,cafe,4.4,717,OPERATIONAL,https://maps.google.com/?cid=N/A
N/A,Shrq Coffee Roaster (King’s Park),26.3049304,50.1302831,cafe,4.4,201,OPERATIONAL,https://maps.google.com/?cid=N/A
N/A,Dunkin - دانكن,26.30914,50.128802,cafe,4.3,184,OPERATIONAL,https://maps.google.com/?cid=N/A
N/A,Tim Hortons,26.309983300000003,50.1366531,cafe,4.4,125,OPERATIONAL,https://maps.google.com/?cid=N/A
N/A,Cinnabon,26.313328,50.137454,cafe,3.2,22,OPERATIONAL,https://maps.google.com/?cid=N/A
N/A,Krispy Kreme,26.300621099999997,50.147816899999995,cafe,3.9,33,OPERATIONAL,https://maps.google.com/?cid=N/A
N/A,KFUPM Boulevard,26.3109391,50.144812800000004,cafe,4.5,81,OPERATIONAL,https://maps.google.com/?cid=N/A
N/A,Starbucks,26.311029599999998,50.132669799999995,cafe,3.9,12,OPERATIONAL,https://maps.google.com/?cid=N/A
N/A,Shrq Coffee Roasters (Al Mujamma),26.3091534,50.130048099999996,cafe,4.7,28,OPERATIONAL,https://maps.google.com/?cid=N/A
N/A,Qaf Coffee Roasters JHAH - محمصة قاف جونزهوبكنز,26.310009899999997,50.1366629,cafe,4.2,22,OPERATIONAL,https://maps.google.com/?cid=N/A
N/A,Second Cup سكند كب,26.300189999999997,50.148126700000006,cafe,4.4,27,OPERATIONAL,https://maps.google.com/?cid=N/A
N/A,Carlton Lounge,26.304156600000002,50.130172699999996,cafe,4,63,OPERATIONAL,https://maps.google.com/?cid=N/A
N/A,مغزل | MIGHZEL أرامكو,26.307555900000004,50.1278204,cafe,4.9,7,OPERATIONAL,https://maps.google.com/?cid=N/A
N/A,كافتيريا 59,26.3081729,50.144954,cafe,4.7,3,OPERATIONAL,https://maps.google.com/?cid=N/A
N/A,Joffrey's جوفريز,26.313207199999997,50.128507199999994,cafe,No rating,No reviews,OPERATIONAL,https://maps.google.com/?cid=N/A
N/A,VARDØ ڤاردو,26.3125461,50.1281986,cafe,4,2,OPERATIONAL,https://maps.google.com/?cid=N/A
N/A,Faculty Lounge,26.3066893,50.144579699999994,cafe,3.8,4,OPERATIONAL,https://maps.google.com/?cid=N/A
N/A,مراميه,26.312154999999997,50.125901,cafe,5,3,OPERATIONAL,https://maps.google.com/?cid=N/A
N/A,Scratch,26.3107239,50.1413789,cafe,5,2,OPERATIONAL,https://maps.google.com/?cid=N/A
N/A,Caffe Vergnano 1882 (KIOSK),26.308615999999997,50.125185699999996,cafe,No rating,No reviews,OPERATIONAL,https://maps.google.com/?cid=N/A
N/A,ABYAT,26.3094677,50.1660794,cafe,4,7688,OPERATIONAL,https://maps.google.com/?cid=N/A
N/A,8Oz Coffee,26.303744400000003,50.168946899999995,cafe,4.1,275,OPERATIONAL,https://maps.google.com/?cid=N/A
N/A,Dunkin' - دانكن,26.313818,50.147613,cafe,3.7,224,OPERATIONAL,https://maps.google.com/?cid=N/A
N/A,Krispy Kreme,26.300621099999997,50.147816899999995,cafe,3.9,33,OPERATIONAL,https://maps.google.com/?cid=N/A
N/A,KFUPM Boulevard,26.3109391,50.144812800000004,cafe,4.5,81,OPERATIONAL,https://maps.google.com/?cid=N/A
N/A,The Crêpe Café,26.305667999999997,50.167887,cafe,3.9,719,OPERATIONAL,https://maps.google.com/?cid=N/A
N/A,مولتن كيك,26.3055082,50.16813930000001,cafe,3.6,22,OPERATIONAL,https://maps.google.com/?cid=N/A
N/A,Second Cup سكند كب,26.300189999999997,50.148126700000006,cafe,4.4,27,OPERATIONAL,https://maps.google.com/?cid=N/A
N/A,Mikyal Coffee,26.314297,50.147379,cafe,4.4,55,OPERATIONAL,https://maps.google.com/?cid=N/A
N/A,كافتيريا 59,26.3081729,50.144954,cafe,4.7,3,OPERATIONAL,https://maps.google.com/?cid=N/A
N/A,Scratch,26.301203899999997,50.159476100000006,cafe,4.9,8,OPERATIONAL,https://maps.google.com/?cid=N/A
N/A,L'douh Bakery Cafe,26.3034304,50.168658199999996,cafe,3.6,24,OPERATIONAL,https://maps.google.com/?cid=N/A
N/A,Faculty Lounge,26.3066893,50.144579699999994,cafe,3.8,4,OPERATIONAL,https://maps.google.com/?cid=N/A
N/A,Circle K - Dhahran Mall Saco,26.304726,50.1667436,cafe,No rating,No reviews,OPERATIONAL,https://maps.google.com/?cid=N/A
N/A,Morelli's Gelato KSA,26.3069575,50.168369999999996,cafe,3.3,4,OPERATIONAL,https://maps.google.com/?cid=N/A
N/A,Hazal,26.3142048,50.1472104,cafe,No rating,No reviews,OPERATIONAL,https://maps.google.com/?cid=N/A
N/A,Joe & The Juice,26.304957800000004,50.1800548,cafe,4.2,1144,OPERATIONAL,https://maps.google.com/?cid=N/A
N/A,THE BLOOM,26.307556500000004,50.1812305,cafe,4.2,660,OPERATIONAL,https://maps.google.com/?cid=N/A
N/A,ABYAT,26.3094677,50.1660794,cafe,4,7688,OPERATIONAL,https://maps.google.com/?cid=N/A
N/A,Qaf Coffee Roasters محمصة ومقهى قاف,26.302489100000003,50.1775768,cafe,4.4,6735,OPERATIONAL,https://maps.google.com/?cid=N/A
N/A,HAZEL COFFEE | هزل كوفي,26.3031275,50.1780158,cafe,4.7,870,OPERATIONAL,https://maps.google.com/?cid=N/A
N/A,مقهى ومحمصة شرق (العليا) Shrq Coffee Roasters (Olaya),26.298858199999998,50.179148399999995,cafe,4.6,831,OPERATIONAL,https://maps.google.com/?cid=N/A
N/A,NORMA نورما,26.298811699999998,50.179172,cafe,4.5,612,OPERATIONAL,https://maps.google.com/?cid=N/A
N/A,لاما الخبر - LLAMA Khobar,26.3033687,50.1811298,cafe,4.5,473,OPERATIONAL,https://maps.google.com/?cid=N/A
N/A,Seven Seeds‎,26.2986431,50.1781151,cafe,4.7,1176,OPERATIONAL,https://maps.google.com/?cid=N/A
N/A,A PLUS,26.299574099999997,50.1739508,cafe,4.3,1487,OPERATIONAL,https://maps.google.com/?cid=N/A
N/A,MOUND,26.3054906,50.1783317,cafe,4.3,1132,OPERATIONAL,https://maps.google.com/?cid=N/A
N/A,مقهى ومحمصة سمبلسيتي | Simplicity cafe & roastery,26.2992241,50.178363499999996,cafe,4.5,356,OPERATIONAL,https://maps.google.com/?cid=N/A
N/A,7 Grams - City Walk | ٧ جرام - سيتي ووك,26.3058354,50.182956700000005,cafe,4.5,1416,OPERATIONAL,https://maps.google.com/?cid=N/A
N/A,EliNA HOTEL,26.303479,50.1748787,cafe,3.9,180,OPERATIONAL,https://maps.google.com/?cid=N/A
N/A,Drink’s Aroma,26.3125852,50.1772789,cafe,4.8,462,OPERATIONAL,https://maps.google.com/?cid=N/A
N/A,Effect Coffee,26.297527199999998,50.178490599999996,cafe,4.8,587,OPERATIONAL,https://maps.google.com/?cid=N/A
N/A,Boad Coffee Roasters,26.3056433,50.1783536,cafe,4.3,747,OPERATIONAL,https://maps.google.com/?cid=N/A
N/A,Dunkin' - دانكن,26.2942647,50.170988099999995,cafe,4,279,OPERATIONAL,https://maps.google.com/?cid=N/A
N/A,Dunkin' - دانكن,26.308732,50.176896,cafe,4.2,966,OPERATIONAL,https://maps.google.com/?cid=N/A
N/A,Msherieb cafe,26.299062499999998,50.1761875,cafe,4.4,137,OPERATIONAL,https://maps.google.com/?cid=N/A
N/A,Joe & The Juice,26.304957800000004,50.1800548,cafe,4.2,1144,OPERATIONAL,https://maps.google.com/?cid=N/A
N/A,THE BLOOM,26.307556500000004,50.1812305,cafe,4.2,660,OPERATIONAL,https://maps.google.com/?cid=N/A
N/A,Qaf Coffee Roasters محمصة ومقهى قاف,26.302489100000003,50.1775768,cafe,4.4,6735,OPERATIONAL,https://maps.google.com/?cid=N/A
N/A,HAZEL COFFEE | هزل كوفي,26.3031275,50.1780158,cafe,4.7,870,OPERATIONAL,https://maps.google.com/?cid=N/A
N/A,مقهى ومحمصة شرق (العليا) Shrq Coffee Roasters (Olaya),26.298858199999998,50.179148399999995,cafe,4.6,831,OPERATIONAL,https://maps.google.com/?cid=N/A
N/A,Tea Time,26.2997163,50.1985235,cafe,4.2,4590,OPERATIONAL,https://maps.google.com/?cid=N/A
N/A,ATYPICAL,26.305955400000002,50.1902352,cafe,4.2,736,OPERATIONAL,https://maps.google.com/?cid=N/A
N/A,NORMA نورما,26.298811699999998,50.179172,cafe,4.5,612,OPERATIONAL,https://maps.google.com/?cid=N/A
N/A,Olden,26.3016142,50.2013745,cafe,4.6,322,OPERATIONAL,https://maps.google.com/?cid=N/A
N/A,لاما الخبر - LLAMA Khobar,26.3033687,50.1811298,cafe,4.5,473,OPERATIONAL,https://maps.google.com/?cid=N/A
N/A,Seven Seeds‎,26.2986431,50.1781151,cafe,4.7,1176,OPERATIONAL,https://maps.google.com/?cid=N/A
N/A,ARCHI ارتشي,26.2986126,50.189802099999994,cafe,4.3,421,OPERATIONAL,https://maps.google.com/?cid=N/A
N/A,MOUND,26.3054906,50.1783317,cafe,4.3,1132,OPERATIONAL,https://maps.google.com/?cid=N/A
N/A,Shay Bokhar,26.3007852,50.198062099999994,cafe,4.3,2220,OPERATIONAL,https://maps.google.com/?cid=N/A
N/A,مقهى ومحمصة سمبلسيتي | Simplicity cafe & roastery,26.2992241,50.178363499999996,cafe,4.5,356,OPERATIONAL,https://maps.google.com/?cid=N/A
N/A,7 Grams - City Walk | ٧ جرام - سيتي ووك,26.3058354,50.182956700000005,cafe,4.5,1416,OPERATIONAL,https://maps.google.com/?cid=N/A
N/A,Savor Bakery (Al Khobar),26.3042581,50.2004774,cafe,4.5,1115,OPERATIONAL,https://maps.google.com/?cid=N/A
N/A,Luini Bakery,26.298761700000004,50.200806500000006,cafe,4.9,904,OPERATIONAL,https://maps.google.com/?cid=N/A
N/A,Effect Coffee,26.297527199999998,50.178490599999996,cafe,4.8,587,OPERATIONAL,https://maps.google.com/?cid=N/A
N/A,Boad Coffee Roasters,26.3056433,50.1783536,cafe,4.3,747,OPERATIONAL,https://maps.google.com/?cid=N/A
N/A,امو | Amo,26.299692900000004,50.2199016,cafe,4.1,971,OPERATIONAL,https://maps.google.com/?cid=N/A
N/A,نَصّ,26.3030151,50.211627,cafe,3.6,2162,OPERATIONAL,https://maps.google.com/?cid=N/A
N/A,Andes Coffee Roasters,26.297771599999997,50.2190152,cafe,4.6,2474,OPERATIONAL,https://maps.google.com/?cid=N/A
N/A,KOY & BAKERY HOUSE,26.3041815,50.21124770000001,cafe,4.4,3017,OPERATIONAL,https://maps.google.com/?cid=N/A
N/A,Panama Coffee,26.2998099,50.2122161,cafe,4,1141,OPERATIONAL,https://maps.google.com/?cid=N/A
N/A,Balancd Coffee,26.304992199999997,50.2170139,cafe,4.4,2663,OPERATIONAL,https://maps.google.com/?cid=N/A
N/A,Petibon بتي بون,26.298732299999998,50.2134603,cafe,4.3,684,OPERATIONAL,https://maps.google.com/?cid=N/A
N/A,PART COFFEE HOUSE | قهوة جزء,26.296104399999997,50.2179219,cafe,4.8,1482,OPERATIONAL,https://maps.google.com/?cid=N/A
N/A,OffTheEarth,26.3119351,50.2171357,cafe,4.5,968,OPERATIONAL,https://maps.google.com/?cid=N/A
N/A,ZOLIEA,26.2979324,50.2099036,cafe,4.5,1629,OPERATIONAL,https://maps.google.com/?cid=N/A
N/A,Bohemia Cafe & Records,26.29956,50.2148822,cafe,3.6,1613,OPERATIONAL,https://maps.google.com/?cid=N/A
N/A,Tea Time,26.2997163,50.1985235,cafe,4.2,4590,OPERATIONAL,https://maps.google.com/?cid=N/A
N/A,فرن ليلى,26.2930699,50.2185376,cafe,4.6,664,OPERATIONAL,https://maps.google.com/?cid=N/A
N/A,Vial Cafe,26.3002506,50.2166777,cafe,4.6,1397,OPERATIONAL,https://maps.google.com/?cid=N/A
N/A,SAJE cafe | سيج,26.291943699999997,50.2085989,cafe,4.5,464,OPERATIONAL,https://maps.google.com/?cid=N/A
N/A,The 3rd Place,26.299392100000002,50.215190500000006,cafe,4.3,1110,OPERATIONAL,https://maps.google.com/?cid=N/A
N/A,شاهي رزه ( رزهـ),26.298542599999998,50.216672499999994,cafe,4.5,554,OPERATIONAL,https://maps.google.com/?cid=N/A
N/A,Line Espresso Bar & Roastery,26.2958954,50.2190825,cafe,4.5,1029,OPERATIONAL,https://maps.google.com/?cid=N/A
N/A,Olden,26.3016142,50.2013745,cafe,4.6,322,OPERATIONAL,https://maps.google.com/?cid=N/A
N/A,"Dear diary,",26.2982925,50.2100857,cafe,4.8,433,OPERATIONAL,https://maps.google.com/?cid=N/A
N/A,Half Million,26.295082999999998,50.220759,cafe,4.4,4780,OPERATIONAL,https://maps.google.com/?cid=N/A
N/A,Shrq Coffee Roasters (Alkurnaish ) | (مقهى ومحمصة شرق (الكورنيش,26.311608099999997,50.2230026,cafe,4.4,5831,OPERATIONAL,https://maps.google.com/?cid=N/A
N/A,امو | Amo,26.299692900000004,50.2199016,cafe,4.1,971,OPERATIONAL,https://maps.google.com/?cid=N/A
N/A,نَصّ,26.3030151,50.211627,cafe,3.6,2162,OPERATIONAL,https://maps.google.com/?cid=N/A
N/A,Andes Coffee Roasters,26.297771599999997,50.2190152,cafe,4.6,2474,OPERATIONAL,https://maps.google.com/?cid=N/A
N/A,Balancd Coffee,26.304992199999997,50.2170139,cafe,4.4,2663,OPERATIONAL,https://maps.google.com/?cid=N/A
N/A,Panama Coffee,26.2998099,50.2122161,cafe,4,1141,OPERATIONAL,https://maps.google.com/?cid=N/A
N/A,PART COFFEE HOUSE | قهوة جزء,26.296104399999997,50.2179219,cafe,4.8,1482,OPERATIONAL,https://maps.google.com/?cid=N/A
N/A,OffTheEarth,26.3119351,50.2171357,cafe,4.5,968,OPERATIONAL,https://maps.google.com/?cid=N/A
N/A,Petibon بتي بون,26.298732299999998,50.2134603,cafe,4.3,684,OPERATIONAL,https://maps.google.com/?cid=N/A
N/A,Bohemia Cafe & Records,26.29956,50.2148822,cafe,3.6,1613,OPERATIONAL,https://maps.google.com/?cid=N/A
N/A,Soil Roasters,26.3133645,50.223734199999996,cafe,4.5,1299,OPERATIONAL,https://maps.google.com/?cid=N/A
N/A,فرن ليلى,26.2930699,50.2185376,cafe,4.6,664,OPERATIONAL,https://maps.google.com/?cid=N/A
N/A,ARCHI,26.309453599999998,50.222403199999995,cafe,4,1415,OPERATIONAL,https://maps.google.com/?cid=N/A
N/A,Dopeamine,26.307362599999998,50.223929399999996,cafe,4.2,1813,OPERATIONAL,https://maps.google.com/?cid=N/A
N/A,Vial Cafe,26.3002506,50.2166777,cafe,4.6,1397,OPERATIONAL,https://maps.google.com/?cid=N/A
N/A,SULTAN LOUNGE & CAFE,26.2940795,50.2203355,cafe,4,1221,OPERATIONAL,https://maps.google.com/?cid=N/A
N/A,مقهى طرف,26.2927808,50.2187689,cafe,4.5,360,OPERATIONAL,https://maps.google.com/?cid=N/A
N/A,Line Espresso Bar & Roastery,26.2958954,50.2190825,cafe,4.5,1029,OPERATIONAL,https://maps.google.com/?cid=N/A
N/A,طبخات وريه,26.327654,49.998692,cafe,4.9,39,OPERATIONAL,https://maps.google.com/?cid=N/A
N/A,THiRDWAVE | KFMMC | ثيردويڤ - مدينة الملك فهد الطبية,26.3214873,50.0189508,cafe,4.6,90,OPERATIONAL,https://maps.google.com/?cid=N/A
N/A,Tim Hortons,26.3209034,50.021542399999994,cafe,4.2,91,OPERATIONAL,https://maps.google.com/?cid=N/A
N/A,Dunkin' - دانكن,26.3210625,50.0210625,cafe,4.6,10,OPERATIONAL,https://maps.google.com/?cid=N/A
N/A,طبخات وريه,26.327654,49.998692,cafe,4.9,39,OPERATIONAL,https://maps.google.com/?cid=N/A
N/A,تقنيدة,26.3226014,50.018175199999995,cafe,4.4,33,OPERATIONAL,https://maps.google.com/?cid=N/A
N/A,OLA,26.322147899999997,50.0190256,cafe,No rating,No reviews,OPERATIONAL,https://maps.google.com/?cid=N/A
N/A,THiRDWAVE | KFMMC | ثيردويڤ - مدينة الملك فهد الطبية,26.3214873,50.0189508,cafe,4.6,90,OPERATIONAL,https://maps.google.com/?cid=N/A
N/A,Tim Hortons,26.3209034,50.021542399999994,cafe,4.2,91,OPERATIONAL,https://maps.google.com/?cid=N/A
N/A,Dunkin' - دانكن,26.3210625,50.0210625,cafe,4.6,10,OPERATIONAL,https://maps.google.com/?cid=N/A
N/A,تقنيدة,26.3226014,50.018175199999995,cafe,4.4,33,OPERATIONAL,https://maps.google.com/?cid=N/A
N/A,OLA,26.322147899999997,50.0190256,cafe,No rating,No reviews,OPERATIONAL,https://maps.google.com/?cid=N/A
N/A,McCafe,26.332224,50.090087999999994,cafe,3.5,483,OPERATIONAL,https://maps.google.com/?cid=N/A
N/A,Shrq Coffee Roasters (Aramco -Al Midra),26.328938700000002,50.1093735,cafe,4.8,73,OPERATIONAL,https://maps.google.com/?cid=N/A
N/A,Starbucks,26.328777,50.109542499999996,cafe,3.9,82,OPERATIONAL,https://maps.google.com/?cid=N/A
N/A,Joffrey's North Park,26.3297501,50.108895200000006,cafe,3.6,34,OPERATIONAL,https://maps.google.com/?cid=N/A
N/A,Krispy Kreme,26.3286974,50.1093101,cafe,3,2,OPERATIONAL,https://maps.google.com/?cid=N/A
N/A,MASKOB (Al-Midra),26.328633699999997,50.1094516,cafe,5,3,OPERATIONAL,https://maps.google.com/?cid=N/A
N/A,Shrq Coffee Roasters (Aramco -Al Midra),26.328938700000002,50.1093735,cafe,4.8,73,OPERATIONAL,https://maps.google.com/?cid=N/A
N/A,Starbucks,26.328777,50.109542499999996,cafe,3.9,82,OPERATIONAL,https://maps.google.com/?cid=N/A
N/A,Joffrey's جوفريز,26.313939299999998,50.1215358,cafe,4,4,OPERATIONAL,https://maps.google.com/?cid=N/A
N/A,Joffrey's North Park,26.3297501,50.108895200000006,cafe,3.6,34,OPERATIONAL,https://maps.google.com/?cid=N/A
N/A,Krispy Kreme,26.3286974,50.1093101,cafe,3,2,OPERATIONAL,https://maps.google.com/?cid=N/A
N/A,Joffrey's جوفريز,26.313207199999997,50.128507199999994,cafe,No rating,No reviews,OPERATIONAL,https://maps.google.com/?cid=N/A
N/A,MASKOB (Al-Midra),26.328633699999997,50.1094516,cafe,5,3,OPERATIONAL,https://maps.google.com/?cid=N/A
N/A,VARDØ ڤاردو,26.3125461,50.1281986,cafe,4,2,OPERATIONAL,https://maps.google.com/?cid=N/A
N/A,مراميه,26.312154999999997,50.125901,cafe,5,3,OPERATIONAL,https://maps.google.com/?cid=N/A
N/A,Dunkin' - دانكن,26.313818,50.147613,cafe,3.7,224,OPERATIONAL,https://maps.google.com/?cid=N/A
N/A,Dunkin - دانكن,26.30914,50.128802,cafe,4.3,184,OPERATIONAL,https://maps.google.com/?cid=N/A
N/A,Tim Hortons,26.309983300000003,50.1366531,cafe,4.4,125,OPERATIONAL,https://maps.google.com/?cid=N/A
N/A,Cinnabon,26.313328,50.137454,cafe,3.2,22,OPERATIONAL,https://maps.google.com/?cid=N/A
N/A,Dose Cafe,26.325568,50.1364224,cafe,4.3,27,OPERATIONAL,https://maps.google.com/?cid=N/A
N/A,KFUPM Boulevard,26.3109391,50.144812800000004,cafe,4.5,81,OPERATIONAL,https://maps.google.com/?cid=N/A
N/A,Starbucks,26.311029599999998,50.132669799999995,cafe,3.9,12,OPERATIONAL,https://maps.google.com/?cid=N/A
N/A,Starbucks,26.331278,50.132222,cafe,4.3,26,OPERATIONAL,https://maps.google.com/?cid=N/A
N/A,Qaf Coffee Roasters JHAH - محمصة قاف جونزهوبكنز,26.310009899999997,50.1366629,cafe,4.2,22,OPERATIONAL,https://maps.google.com/?cid=N/A
N/A,Shrq Coffee Roasters (Al Mujamma),26.3091534,50.130048099999996,cafe,4.7,28,OPERATIONAL,https://maps.google.com/?cid=N/A
N/A,Mikyal Coffee,26.314297,50.147379,cafe,4.4,55,OPERATIONAL,https://maps.google.com/?cid=N/A
N/A,Joffrey's جوفريز,26.313207199999997,50.128507199999994,cafe,No rating,No reviews,OPERATIONAL,https://maps.google.com/?cid=N/A
N/A,VARDØ ڤاردو,26.3125461,50.1281986,cafe,4,2,OPERATIONAL,https://maps.google.com/?cid=N/A
N/A,مراميه,26.312154999999997,50.125901,cafe,5,3,OPERATIONAL,https://maps.google.com/?cid=N/A
N/A,Scratch,26.3107239,50.1413789,cafe,5,2,OPERATIONAL,https://maps.google.com/?cid=N/A
N/A,Dose Cafe,26.311173999999998,50.1322397,cafe,No rating,No reviews,OPERATIONAL,https://maps.google.com/?cid=N/A
N/A,فواز واخوانه للبلوت والشاهي,26.3141014,50.145674,cafe,5,13,OPERATIONAL,https://maps.google.com/?cid=N/A
N/A,Hazal,26.3142048,50.1472104,cafe,No rating,No reviews,OPERATIONAL,https://maps.google.com/?cid=N/A
N/A,Kyan Coffee,26.3304772,50.1617201,cafe,3.7,294,OPERATIONAL,https://maps.google.com/?cid=N/A
N/A,ديوانية كيف القيصرية,26.3331663,50.1496955,cafe,4.1,425,OPERATIONAL,https://maps.google.com/?cid=N/A
N/A,Dunkin' - دانكن,26.3233021,50.1647378,cafe,3.9,419,OPERATIONAL,https://maps.google.com/?cid=N/A
N/A,Tie | تاي (Dhahran),26.331561999999998,50.1618113,cafe,4,79,OPERATIONAL,https://maps.google.com/?cid=N/A
N/A,Saadeddin Pastry,26.322963299999998,50.1593759,cafe,3.9,643,OPERATIONAL,https://maps.google.com/?cid=N/A
N/A,Tim Hortons,26.3234891,50.164982699999996,cafe,4.3,250,OPERATIONAL,https://maps.google.com/?cid=N/A
N/A,Starbucks,26.3233835,50.164178299999996,cafe,4.1,595,OPERATIONAL,https://maps.google.com/?cid=N/A
N/A,Diwaniat Alsahel,26.323980199999998,50.166205399999996,cafe,4,296,OPERATIONAL,https://maps.google.com/?cid=N/A
N/A,Dunkin' - دانكن,26.313818,50.147613,cafe,3.7,224,OPERATIONAL,https://maps.google.com/?cid=N/A
N/A,Pastel Al Doha - باستيل الدوحه الجنوبيه,26.3233669,50.1615289,cafe,4.1,182,OPERATIONAL,https://maps.google.com/?cid=N/A
N/A,Krispy Kreme,26.3235612,50.165106099999996,cafe,4.2,228,OPERATIONAL,https://maps.google.com/?cid=N/A
N/A,قهوة الشيوخ Alshayoukh Coffee,26.3230446,50.1628015,cafe,4,113,OPERATIONAL,https://maps.google.com/?cid=N/A
N/A,KFUPM Boulevard,26.3109391,50.144812800000004,cafe,4.5,81,OPERATIONAL,https://maps.google.com/?cid=N/A
N/A,Daily cup,26.322221199999998,50.1569468,cafe,4.6,20,OPERATIONAL,https://maps.google.com/?cid=N/A
N/A,سبارك كافيه,26.3322841,50.16115,cafe,4.2,101,OPERATIONAL,https://maps.google.com/?cid=N/A
N/A,Barn's | بارنز,26.323828,50.165154300000005,cafe,2.8,4,OPERATIONAL,https://maps.google.com/?cid=N/A
N/A,Derby Coffee - دربي كافيه,26.332258799999998,50.161653799999996,cafe,4,156,OPERATIONAL,https://maps.google.com/?cid=N/A
N/A,Cinnzeo,26.3308841,50.1622847,cafe,3.9,35,OPERATIONAL,https://maps.google.com/?cid=N/A
N/A,دندي | Dundee,26.325509,50.1859709,cafe,4.3,531,OPERATIONAL,https://maps.google.com/?cid=N/A
N/A,ABYAT,26.3094677,50.1660794,cafe,4,7688,OPERATIONAL,https://maps.google.com/?cid=N/A
N/A,Lavender tea / شاي لافندر,26.3254387,50.185806899999996,cafe,4.2,533,OPERATIONAL,https://maps.google.com/?cid=N/A
N/A,ORIGO,26.325513599999997,50.185916999999996,cafe,4.6,282,OPERATIONAL,https://maps.google.com/?cid=N/A
N/A,&Beyond Lounge,26.328429399999997,50.1801647,cafe,4.5,948,OPERATIONAL,https://maps.google.com/?cid=N/A
N/A,Drink’s Aroma,26.3125852,50.1772789,cafe,4.8,462,OPERATIONAL,https://maps.google.com/?cid=N/A
N/A,Density Coffee Roasters | مقهى ومحمصة دينستي,26.3287046,50.1803457,cafe,4.3,1734,OPERATIONAL,https://maps.google.com/?cid=N/A
N/A,Barn's | بارنز,26.3227222,50.1797506,cafe,4.3,702,OPERATIONAL,https://maps.google.com/?cid=N/A
N/A,Dunkin' - دانكن,26.308732,50.176896,cafe,4.2,966,OPERATIONAL,https://maps.google.com/?cid=N/A
N/A,لاونج دبليو تونتي | W20 Lounge,26.3282614,50.18070650000001,cafe,3.2,67,OPERATIONAL,https://maps.google.com/?cid=N/A
N/A,Kenko كينكو,26.325379299999998,50.1858109,cafe,4.6,302,OPERATIONAL,https://maps.google.com/?cid=N/A
N/A,ايت اوز كوفي | 8Oz Coffee,26.3128279,50.1772317,cafe,4.6,325,OPERATIONAL,https://maps.google.com/?cid=N/A
N/A,Caesar 7,26.328836499999998,50.1807881,cafe,4.8,474,OPERATIONAL,https://maps.google.com/?cid=N/A
N/A,Dunkin' - دانكن,26.3233021,50.1647378,cafe,3.9,419,OPERATIONAL,https://maps.google.com/?cid=N/A
N/A,Starbucks,26.324335899999998,50.1799484,cafe,4,168,OPERATIONAL,https://maps.google.com/?cid=N/A
N/A,IKEA Cafe,26.3093856,50.1678728,cafe,3.8,47,OPERATIONAL,https://maps.google.com/?cid=N/A
N/A,Tim Hortons,26.3234891,50.164982699999996,cafe,4.3,250,OPERATIONAL,https://maps.google.com/?cid=N/A
N/A,Saadeddin Pastry,26.322963299999998,50.1593759,cafe,3.9,643,OPERATIONAL,https://maps.google.com/?cid=N/A
N/A,Starbucks,26.3233835,50.164178299999996,cafe,4.1,595,OPERATIONAL,https://maps.google.com/?cid=N/A
N/A,Diwaniat Alsahel,26.323980199999998,50.166205399999996,cafe,4,296,OPERATIONAL,https://maps.google.com/?cid=N/A
N/A,Urth Caffe,26.3174247,50.203582,cafe,4.2,3132,OPERATIONAL,https://maps.google.com/?cid=N/A
N/A,دندي | Dundee,26.325509,50.1859709,cafe,4.3,531,OPERATIONAL,https://maps.google.com/?cid=N/A
N/A,Lavender tea / شاي لافندر,26.3254387,50.185806899999996,cafe,4.2,533,OPERATIONAL,https://maps.google.com/?cid=N/A
N/A,Mor,26.316973599999997,50.204032999999995,cafe,4.2,567,OPERATIONAL,https://maps.google.com/?cid=N/A
N/A,ORIGO,26.325513599999997,50.185916999999996,cafe,4.6,282,OPERATIONAL,https://maps.google.com/?cid=N/A
N/A,OVVIO,26.3183859,50.194120999999996,cafe,4.4,127,OPERATIONAL,https://maps.google.com/?cid=N/A
N/A,Dose Cafe,26.3182033,50.203857,cafe,4.3,1794,OPERATIONAL,https://maps.google.com/?cid=N/A
N/A,Lapa cafe,26.3181944,50.1942076,cafe,4,272,OPERATIONAL,https://maps.google.com/?cid=N/A
N/A,&Beyond Lounge,26.328429399999997,50.1801647,cafe,4.5,948,OPERATIONAL,https://maps.google.com/?cid=N/A
N/A,Density Coffee Roasters | مقهى ومحمصة دينستي,26.3287046,50.1803457,cafe,4.3,1734,OPERATIONAL,https://maps.google.com/?cid=N/A
N/A,Barn's | بارنز,26.3227222,50.1797506,cafe,4.3,702,OPERATIONAL,https://maps.google.com/?cid=N/A
N/A,Kenko كينكو,26.325379299999998,50.1858109,cafe,4.6,302,OPERATIONAL,https://maps.google.com/?cid=N/A
N/A,لاونج دبليو تونتي | W20 Lounge,26.3282614,50.18070650000001,cafe,3.2,67,OPERATIONAL,https://maps.google.com/?cid=N/A
N/A,Caesar 7,26.328836499999998,50.1807881,cafe,4.8,474,OPERATIONAL,https://maps.google.com/?cid=N/A
N/A,Starbucks,26.324335899999998,50.1799484,cafe,4,168,OPERATIONAL,https://maps.google.com/?cid=N/A
N/A,Daskalides Chocolatier,26.3176924,50.2036308,cafe,4.3,1064,OPERATIONAL,https://maps.google.com/?cid=N/A
N/A,Golden Park Cafe,26.317086699999997,50.1998459,cafe,4.2,145,OPERATIONAL,https://maps.google.com/?cid=N/A
N/A,دندي,26.3173088,50.196796299999995,cafe,5,3,OPERATIONAL,https://maps.google.com/?cid=N/A
N/A,Urth Caffe,26.328709399999997,50.1819795,cafe,4.7,263,OPERATIONAL,https://maps.google.com/?cid=N/A
N/A,مقهى تيفاق | Tyfaq Cafe,26.328303599999998,50.1807812,cafe,4.4,88,OPERATIONAL,https://maps.google.com/?cid=N/A
N/A,namq cafe,26.3194125,50.2228569,cafe,4.4,4655,OPERATIONAL,https://maps.google.com/?cid=N/A
N/A,Camel Step,26.326310499999998,50.2133882,cafe,4.3,1405,OPERATIONAL,https://maps.google.com/?cid=N/A
N/A,Urth Caffe,26.3174247,50.203582,cafe,4.2,3132,OPERATIONAL,https://maps.google.com/?cid=N/A
N/A,مقهى ومحمصة اودن | OUDEN,26.321353799999997,50.2216774,cafe,4.3,1397,OPERATIONAL,https://maps.google.com/?cid=N/A
N/A,Olden,26.3152635,50.216118699999996,cafe,4.4,2083,OPERATIONAL,https://maps.google.com/?cid=N/A
N/A,Wiso Bakery,26.3191091,50.2219713,cafe,4.5,4540,OPERATIONAL,https://maps.google.com/?cid=N/A
N/A,OffTheEarth,26.3119351,50.2171357,cafe,4.5,968,OPERATIONAL,https://maps.google.com/?cid=N/A
N/A,UMQ Coffee 1.1 - قهوة عُمق 1.1,26.3217239,50.2118034,cafe,4.4,1933,OPERATIONAL,https://maps.google.com/?cid=N/A
N/A,Mor,26.316973599999997,50.204032999999995,cafe,4.2,567,OPERATIONAL,https://maps.google.com/?cid=N/A
N/A,CAVO Coffee,26.3142145,50.21713990000001,cafe,4.4,1598,OPERATIONAL,https://maps.google.com/?cid=N/A
N/A,EQUAL,26.3199641,50.216869499999994,cafe,4.2,1725,OPERATIONAL,https://maps.google.com/?cid=N/A
N/A,Kyan Cafe,26.322697899999998,50.2066746,cafe,4.2,874,OPERATIONAL,https://maps.google.com/?cid=N/A
N/A,WACAFE ِAl Khobar | وكف الخبر,26.319775000000003,50.216890799999994,cafe,4.4,354,OPERATIONAL,https://maps.google.com/?cid=N/A
N/A,Vico فيكو,26.3259357,50.214295,cafe,3.7,340,OPERATIONAL,https://maps.google.com/?cid=N/A
N/A,Alsaqeefa,26.3214375,50.219951599999995,cafe,4.5,1033,OPERATIONAL,https://maps.google.com/?cid=N/A
N/A,Diwan Lounge Plus مقهى ديوان لاونج بلس (فرع الخبر),26.330055599999998,50.2131294,cafe,4.5,1136,OPERATIONAL,https://maps.google.com/?cid=N/A
N/A,ATYPICAL,26.313561699999998,50.2164375,cafe,4.4,175,OPERATIONAL,https://maps.google.com/?cid=N/A
N/A,Cosmo Drive Thru,26.3250364,50.20734890000001,cafe,4.5,526,OPERATIONAL,https://maps.google.com/?cid=N/A
N/A,Umbrella restaurant - Alkhobar,26.3194178,50.221860899999996,cafe,4.6,903,OPERATIONAL,https://maps.google.com/?cid=N/A
N/A,Otono,26.319871499999998,50.221681,cafe,4.1,658,OPERATIONAL,https://maps.google.com/?cid=N/A
N/A,namq cafe,26.3194125,50.2228569,cafe,4.4,4655,OPERATIONAL,https://maps.google.com/?cid=N/A
N/A,Camel Step,26.326310499999998,50.2133882,cafe,4.3,1405,OPERATIONAL,https://maps.google.com/?cid=N/A
N/A,مقهى ومحمصة اودن | OUDEN,26.321353799999997,50.2216774,cafe,4.3,1397,OPERATIONAL,https://maps.google.com/?cid=N/A
N/A,Shrq Coffee Roasters (Alkurnaish ) | (مقهى ومحمصة شرق (الكورنيش,26.311608099999997,50.2230026,cafe,4.4,5831,OPERATIONAL,https://maps.google.com/?cid=N/A
N/A,Olden,26.3152635,50.216118699999996,cafe,4.4,2083,OPERATIONAL,https://maps.google.com/?cid=N/A
N/A,Wiso Bakery,26.3191091,50.2219713,cafe,4.5,4540,OPERATIONAL,https://maps.google.com/?cid=N/A
N/A,OffTheEarth,26.3119351,50.2171357,cafe,4.5,968,OPERATIONAL,https://maps.google.com/?cid=N/A
N/A,Soil Roasters,26.3133645,50.223734199999996,cafe,4.5,1299,OPERATIONAL,https://maps.google.com/?cid=N/A
N/A,ARCHI,26.309453599999998,50.222403199999995,cafe,4,1415,OPERATIONAL,https://maps.google.com/?cid=N/A
N/A,UMQ Coffee 1.1 - قهوة عُمق 1.1,26.3217239,50.2118034,cafe,4.4,1933,OPERATIONAL,https://maps.google.com/?cid=N/A
N/A,CAVO Coffee,26.3142145,50.21713990000001,cafe,4.4,1598,OPERATIONAL,https://maps.google.com/?cid=N/A
N/A,EQUAL,26.3199641,50.216869499999994,cafe,4.2,1725,OPERATIONAL,https://maps.google.com/?cid=N/A
N/A,WACAFE ِAl Khobar | وكف الخبر,26.319775000000003,50.216890799999994,cafe,4.4,354,OPERATIONAL,https://maps.google.com/?cid=N/A
N/A,Cosmo,26.310882799999998,50.2234902,cafe,4.1,2437,OPERATIONAL,https://maps.google.com/?cid=N/A
N/A,Vico فيكو,26.3259357,50.214295,cafe,3.7,340,OPERATIONAL,https://maps.google.com/?cid=N/A
N/A,كافيه عنتر Antr Cafe,26.313842599999997,50.2293313,cafe,4.1,2310,OPERATIONAL,https://maps.google.com/?cid=N/A
N/A,أوستن كوفي Osten Coffee,26.3103163,50.224247399999996,cafe,4.1,739,OPERATIONAL,https://maps.google.com/?cid=N/A
N/A,Doka Bakery House Al Khobar دوكة الخبر,26.3103448,50.2242349,cafe,4.5,1854,OPERATIONAL,https://maps.google.com/?cid=N/A
N/A,Alsaqeefa,26.3214375,50.219951599999995,cafe,4.5,1033,OPERATIONAL,https://maps.google.com/?cid=N/A
N/A,مقهى و محمصة وودز | WOODS Specialty Café & Roastery‎,26.3130416,50.22370480000001,cafe,4.4,3168,OPERATIONAL,https://maps.google.com/?cid=N/A
N/A,Dunkin,26.341054999999997,49.9675027,cafe,4,973,OPERATIONAL,https://maps.google.com/?cid=N/A
N/A,8oz Coffee | ايت اوز كوفي,26.3419113,49.9706955,cafe,3.7,157,OPERATIONAL,https://maps.google.com/?cid=N/A
N/A,Starbucks,26.340594,49.966882999999996,cafe,4.2,352,OPERATIONAL,https://maps.google.com/?cid=N/A
N/A,جباتي وكرك,26.3419848,49.971340299999994,cafe,3.1,156,OPERATIONAL,https://maps.google.com/?cid=N/A
N/A,ايكول كافيه,26.341743299999997,49.9705028,cafe,3.5,61,OPERATIONAL,https://maps.google.com/?cid=N/A
N/A,ديوانية جوي للقهوة العربية,26.342518499999997,49.9712524,cafe,3.7,294,OPERATIONAL,https://maps.google.com/?cid=N/A
N/A,Krispy Kreme,26.341846999999998,49.9709417,cafe,4.3,53,OPERATIONAL,https://maps.google.com/?cid=N/A
N/A,Blue Sky بلو سكاي,26.3419375,49.971187500000006,cafe,3.8,30,OPERATIONAL,https://maps.google.com/?cid=N/A
N/A,شاليهات تالا,26.3481769,49.966197699999995,cafe,3.9,109,OPERATIONAL,https://maps.google.com/?cid=N/A
N/A,ABO SAIF TEA,26.3418881,49.9711649,cafe,3.6,21,OPERATIONAL,https://maps.google.com/?cid=N/A
N/A,ديوانية زمن الطيبين,26.3406502,49.960900699999996,cafe,3.8,99,OPERATIONAL,https://maps.google.com/?cid=N/A
N/A,Starbucks,26.342979099999997,49.9954125,cafe,4,460,OPERATIONAL,https://maps.google.com/?cid=N/A
N/A,Dunkin' - دانكن,26.342848999999998,49.99567,cafe,3,123,OPERATIONAL,https://maps.google.com/?cid=N/A
N/A,Barn's | بارنز,26.3359602,49.9998485,cafe,3.1,14,OPERATIONAL,https://maps.google.com/?cid=N/A
N/A,كوب ورق حي العروبه,26.333875700000004,50.0009642,cafe,4.6,19,OPERATIONAL,https://maps.google.com/?cid=N/A
N/A,طبخات وريه,26.327654,49.998692,cafe,4.9,39,OPERATIONAL,https://maps.google.com/?cid=N/A
N/A,شاي سياق,26.350027299999997,49.9969318,cafe,4.9,10,OPERATIONAL,https://maps.google.com/?cid=N/A
N/A,كنافة كنوز فرع 2,26.334983899999997,50.012723799999996,cafe,4.7,74,OPERATIONAL,https://maps.google.com/?cid=N/A
N/A,Barn's | بارنز,26.3359602,49.9998485,cafe,3.1,14,OPERATIONAL,https://maps.google.com/?cid=N/A
N/A,كوب ورق حي العروبه,26.333875700000004,50.0009642,cafe,4.6,19,OPERATIONAL,https://maps.google.com/?cid=N/A
N/A,ديوانية شبرا,26.3407698,50.0352702,cafe,4.1,730,OPERATIONAL,https://maps.google.com/?cid=N/A
N/A,بريف | BRIEF,26.342399,50.0377619,cafe,4.6,138,OPERATIONAL,https://maps.google.com/?cid=N/A
N/A,مقهى ومحمصة شرق,26.3408888,50.0382081,cafe,4.7,60,OPERATIONAL,https://maps.google.com/?cid=N/A
N/A,Al Rifai Roastery,26.3404375,50.0376875,cafe,4.7,29,OPERATIONAL,https://maps.google.com/?cid=N/A
N/A,إستكانة مزاج,26.3436007,50.0397084,cafe,2.7,7,OPERATIONAL,https://maps.google.com/?cid=N/A
N/A,مقهى ومحمصة سمبلسيتي | Simplicity cafe & roastery,26.3418007,50.036760199999996,cafe,3.9,7,OPERATIONAL,https://maps.google.com/?cid=N/A
N/A,لفى Lifa,26.344531399999997,50.041271099999996,cafe,4.9,42,OPERATIONAL,https://maps.google.com/?cid=N/A
N/A,Chemistry Coffee كيمستري كوفي,26.3458802,50.0463409,cafe,4.1,1379,OPERATIONAL,https://maps.google.com/?cid=N/A
N/A,فيال الشعلة,26.343798200000002,50.0430079,cafe,4.5,560,OPERATIONAL,https://maps.google.com/?cid=N/A
N/A,قهوة عُمق 2.3 - UMQ Coffee 2.3,26.348116599999997,50.049383299999995,cafe,4.5,627,OPERATIONAL,https://maps.google.com/?cid=N/A
N/A,ديوانية شبرا,26.3407698,50.0352702,cafe,4.1,730,OPERATIONAL,https://maps.google.com/?cid=N/A
N/A,سيكونس,26.3488246,50.0508063,cafe,4,469,OPERATIONAL,https://maps.google.com/?cid=N/A
N/A,Starbucks,26.345893,50.046729,cafe,4.2,359,OPERATIONAL,https://maps.google.com/?cid=N/A
N/A,7 Grams Drive Thru - Al Shulah | ٧ جرام درايف ثرو - الشعلة,26.3461736,50.0468415,cafe,4.5,295,OPERATIONAL,https://maps.google.com/?cid=N/A
N/A,دانكن دونات,26.3489512,50.053276399999994,cafe,3.7,381,OPERATIONAL,https://maps.google.com/?cid=N/A
N/A,بريف | BRIEF,26.342399,50.0377619,cafe,4.6,138,OPERATIONAL,https://maps.google.com/?cid=N/A
N/A,نمق كافيه | Namq Cafe,26.3490762,50.0533897,cafe,4.6,21,OPERATIONAL,https://maps.google.com/?cid=N/A
N/A,مزاج مغربي,26.350205199999998,50.0533395,cafe,4.6,30,OPERATIONAL,https://maps.google.com/?cid=N/A
N/A,Tim Hortons,26.345568099999998,50.0463027,cafe,4.2,107,OPERATIONAL,https://maps.google.com/?cid=N/A
N/A,شيان - قهوة مختصة,26.348426,50.047336699999995,cafe,4.6,226,OPERATIONAL,https://maps.google.com/?cid=N/A
N/A,ديوانية السبلة العمانية,26.3471257,50.045304599999994,cafe,4,78,OPERATIONAL,https://maps.google.com/?cid=N/A
N/A,شاي دارك,26.350467,50.041121,cafe,4.3,21,OPERATIONAL,https://maps.google.com/?cid=N/A
N/A,محمصة فنكا Finca roasters,26.3513901,50.0439636,cafe,4.8,78,OPERATIONAL,https://maps.google.com/?cid=N/A
N/A,كوستا كوفي,26.349062500000002,50.051562499999996,cafe,4.8,286,OPERATIONAL,https://maps.google.com/?cid=N/A
N/A,مقهى ومحمصة شرق,26.3408888,50.0382081,cafe,4.7,60,OPERATIONAL,https://maps.google.com/?cid=N/A
N/A,الدله النجديه,26.349536999999998,50.0419843,cafe,3.7,9,OPERATIONAL,https://maps.google.com/?cid=N/A
N/A,Barn's | بارنز,26.349278299999998,50.0533813,cafe,4.4,54,OPERATIONAL,https://maps.google.com/?cid=N/A
N/A,جغمة شاي,26.345847,50.076386299999996,cafe,4.3,95,OPERATIONAL,https://maps.google.com/?cid=N/A
N/A,Knight cafe|مقهى نايت,26.3447137,50.0508592,cafe,4.9,27,OPERATIONAL,https://maps.google.com/?cid=N/A
N/A,McCafe,26.332224,50.090087999999994,cafe,3.5,483,OPERATIONAL,https://maps.google.com/?cid=N/A
N/A,Dunkin' - دانكن,26.340231,50.089448999999995,cafe,3.9,178,OPERATIONAL,https://maps.google.com/?cid=N/A
N/A,جغمة شاي,26.345847,50.076386299999996,cafe,4.3,95,OPERATIONAL,https://maps.google.com/?cid=N/A
N/A,شاهي ابو بادي,26.3393125,50.0956875,cafe,4.7,132,OPERATIONAL,https://maps.google.com/?cid=N/A
N/A,Sensations Coffee & Co,26.3510304,50.0941839,cafe,4.6,299,OPERATIONAL,https://maps.google.com/?cid=N/A
N/A,McCafe,26.332224,50.090087999999994,cafe,3.5,483,OPERATIONAL,https://maps.google.com/?cid=N/A
N/A,Dunkin' - دانكن,26.340231,50.089448999999995,cafe,3.9,178,OPERATIONAL,https://maps.google.com/?cid=N/A
N/A,Shrq Coffee Roasters (Aramco -Al Midra),26.328938700000002,50.1093735,cafe,4.8,73,OPERATIONAL,https://maps.google.com/?cid=N/A
N/A,Starbucks,26.328777,50.109542499999996,cafe,3.9,82,OPERATIONAL,https://maps.google.com/?cid=N/A
N/A,شاهي ابو بادي,26.3393125,50.0956875,cafe,4.7,132,OPERATIONAL,https://maps.google.com/?cid=N/A
N/A,Joffrey's North Park,26.3297501,50.108895200000006,cafe,3.6,34,OPERATIONAL,https://maps.google.com/?cid=N/A
N/A,مقهى ليالينا,26.338133199999998,50.099663199999995,cafe,3,1,OPERATIONAL,https://maps.google.com/?cid=N/A
N/A,Krispy Kreme,26.3286974,50.1093101,cafe,3,2,OPERATIONAL,https://maps.google.com/?cid=N/A
N/A,MASKOB (Al-Midra),26.328633699999997,50.1094516,cafe,5,3,OPERATIONAL,https://maps.google.com/?cid=N/A
N/A,كوفي بين | The Coffee Bean & Tea Leaf,26.3347445,50.132371299999996,cafe,4.5,690,OPERATIONAL,https://maps.google.com/?cid=N/A
N/A,Starbucks,26.3354818,50.131177799999996,cafe,4,531,OPERATIONAL,https://maps.google.com/?cid=N/A
N/A,نَصّ,26.3355098,50.120948899999995,cafe,3.8,176,OPERATIONAL,https://maps.google.com/?cid=N/A
N/A,RATIO Speciality Coffee,26.3352348,50.1312794,cafe,4.5,232,OPERATIONAL,https://maps.google.com/?cid=N/A
N/A,Shrq Coffee Roasters (Aramco -Al Midra),26.328938700000002,50.1093735,cafe,4.8,73,OPERATIONAL,https://maps.google.com/?cid=N/A
N/A,ساحة إثراء,26.335441799999998,50.1227308,cafe,4.7,20,OPERATIONAL,https://maps.google.com/?cid=N/A
N/A,Thermocup - Drive Thru,26.3345831,50.1325139,cafe,4.5,83,OPERATIONAL,https://maps.google.com/?cid=N/A
N/A,Ralph’s Coffee,26.3354806,50.1222146,cafe,4.1,41,OPERATIONAL,https://maps.google.com/?cid=N/A
N/A,Starbucks,26.328777,50.109542499999996,cafe,3.9,82,OPERATIONAL,https://maps.google.com/?cid=N/A
N/A,Joffrey's North Park,26.3297501,50.108895200000006,cafe,3.6,34,OPERATIONAL,https://maps.google.com/?cid=N/A
N/A,شاي أديم حديقة إثراء - ِAdeem Tea Ithra Garden,26.3348276,50.1220225,cafe,4.5,41,OPERATIONAL,https://maps.google.com/?cid=N/A
N/A,madeleine - ithra library,26.3355537,50.1203606,cafe,3.8,13,OPERATIONAL,https://maps.google.com/?cid=N/A
N/A,Krispy Kreme,26.3286974,50.1093101,cafe,3,2,OPERATIONAL,https://maps.google.com/?cid=N/A
N/A,MASKOB (Al-Midra),26.328633699999997,50.1094516,cafe,5,3,OPERATIONAL,https://maps.google.com/?cid=N/A
N/A,كوفي بين | The Coffee Bean & Tea Leaf,26.3347445,50.132371299999996,cafe,4.5,690,OPERATIONAL,https://maps.google.com/?cid=N/A
N/A,EQUAL | ايكول,26.3349333,50.132965,cafe,4,271,OPERATIONAL,https://maps.google.com/?cid=N/A
N/A,Qurb cafe,26.348195600000004,50.1411429,cafe,4.8,340,OPERATIONAL,https://maps.google.com/?cid=N/A
N/A,Starbucks,26.3354818,50.131177799999996,cafe,4,531,OPERATIONAL,https://maps.google.com/?cid=N/A
N/A,Buzz Coffee,26.3439619,50.1475128,cafe,4.3,598,OPERATIONAL,https://maps.google.com/?cid=N/A
N/A,Majlis Cafe,26.3450126,50.146443999999995,cafe,4.2,2285,OPERATIONAL,https://maps.google.com/?cid=N/A
N/A,Funzilla Play Cafe,26.3439147,50.147644199999995,cafe,4,951,OPERATIONAL,https://maps.google.com/?cid=N/A
N/A,Student Tainment Coffee Shop,26.343132299999997,50.1481736,cafe,4.2,464,OPERATIONAL,https://maps.google.com/?cid=N/A
N/A,Brewhemian Coffee,26.345114199999998,50.146442199999996,cafe,4.4,806,OPERATIONAL,https://maps.google.com/?cid=N/A
N/A,Dunkin' - دانكن,26.3330555,50.1481411,cafe,4.1,640,OPERATIONAL,https://maps.google.com/?cid=N/A
N/A,RATIO Speciality Coffee,26.3352348,50.1312794,cafe,4.5,232,OPERATIONAL,https://maps.google.com/?cid=N/A
N/A,ديوانية كيف القيصرية,26.3331663,50.1496955,cafe,4.1,425,OPERATIONAL,https://maps.google.com/?cid=N/A
N/A,graph cafe,26.348758300000004,50.1426376,cafe,3.9,93,OPERATIONAL,https://maps.google.com/?cid=N/A
N/A,ساحة إثراء,26.335441799999998,50.1227308,cafe,4.7,20,OPERATIONAL,https://maps.google.com/?cid=N/A
N/A,Road Café,26.331932,50.1450026,cafe,4.2,50,OPERATIONAL,https://maps.google.com/?cid=N/A
N/A,Thermocup - Drive Thru,26.3345831,50.1325139,cafe,4.5,83,OPERATIONAL,https://maps.google.com/?cid=N/A
N/A,Ralph’s Coffee,26.3354806,50.1222146,cafe,4.1,41,OPERATIONAL,https://maps.google.com/?cid=N/A
N/A,Dose Cafe,26.325568,50.1364224,cafe,4.3,27,OPERATIONAL,https://maps.google.com/?cid=N/A
N/A,AUR,26.3401037,50.1547395,cafe,4.4,621,OPERATIONAL,https://maps.google.com/?cid=N/A
N/A,Twinkle Fun & Yum,26.339291700000004,50.152251199999995,cafe,4.5,542,OPERATIONAL,https://maps.google.com/?cid=N/A
N/A,Dose Cafe,26.3387669,50.1524115,cafe,3.9,484,OPERATIONAL,https://maps.google.com/?cid=N/A
N/A,Buzz Coffee,26.3439619,50.1475128,cafe,4.3,598,OPERATIONAL,https://maps.google.com/?cid=N/A
N/A,Majlis Cafe,26.3450126,50.146443999999995,cafe,4.2,2285,OPERATIONAL,https://maps.google.com/?cid=N/A
N/A,Kyan Coffee,26.3304772,50.1617201,cafe,3.7,294,OPERATIONAL,https://maps.google.com/?cid=N/A
N/A,Funzilla Play Cafe,26.3439147,50.147644199999995,cafe,4,951,OPERATIONAL,https://maps.google.com/?cid=N/A
N/A,Student Tainment Coffee Shop,26.343132299999997,50.1481736,cafe,4.2,464,OPERATIONAL,https://maps.google.com/?cid=N/A
N/A,cosmo dhahran,26.336636799999997,50.1539436,cafe,4.2,154,OPERATIONAL,https://maps.google.com/?cid=N/A
N/A,Brewhemian Coffee,26.345114199999998,50.146442199999996,cafe,4.4,806,OPERATIONAL,https://maps.google.com/?cid=N/A
N/A,Dunkin' - دانكن,26.3330555,50.1481411,cafe,4.1,640,OPERATIONAL,https://maps.google.com/?cid=N/A
N/A,Script Speciality Coffee,26.3382278,50.1526219,cafe,4.7,987,OPERATIONAL,https://maps.google.com/?cid=N/A
N/A,Quantum Specialty Coffee,26.3397847,50.151737499999996,cafe,4.6,378,OPERATIONAL,https://maps.google.com/?cid=N/A
N/A,ديوانية كيف القيصرية,26.3331663,50.1496955,cafe,4.1,425,OPERATIONAL,https://maps.google.com/?cid=N/A
N/A,Starbucks,26.340104999999998,50.151489999999995,cafe,4.1,685,OPERATIONAL,https://maps.google.com/?cid=N/A
N/A,Tie | تاي (Dhahran),26.331561999999998,50.1618113,cafe,4,79,OPERATIONAL,https://maps.google.com/?cid=N/A
N/A,ارتشي,26.336483599999998,50.153824400000005,cafe,4,82,OPERATIONAL,https://maps.google.com/?cid=N/A
N/A,لاما الظهران - LLAMA Dhahran,26.340263699999998,50.1548996,cafe,4.5,74,OPERATIONAL,https://maps.google.com/?cid=N/A
N/A,&Beyond Lounge,26.328429399999997,50.1801647,cafe,4.5,948,OPERATIONAL,https://maps.google.com/?cid=N/A
N/A,Kyan Coffee,26.3304772,50.1617201,cafe,3.7,294,OPERATIONAL,https://maps.google.com/?cid=N/A
N/A,Density Coffee Roasters | مقهى ومحمصة دينستي,26.3287046,50.1803457,cafe,4.3,1734,OPERATIONAL,https://maps.google.com/?cid=N/A
N/A,Oasis Cafe & Lounge,26.3331992,50.1808413,cafe,3.7,210,OPERATIONAL,https://maps.google.com/?cid=N/A
N/A,Dallat Alfaris مقهى دلة الفارس,26.342750199999998,50.1820385,cafe,4.1,1148,OPERATIONAL,https://maps.google.com/?cid=N/A
N/A,لاونج دبليو تونتي | W20 Lounge,26.3282614,50.18070650000001,cafe,3.2,67,OPERATIONAL,https://maps.google.com/?cid=N/A
N/A,Onda Coffee,26.3441469,50.1854352,cafe,4.5,199,OPERATIONAL,https://maps.google.com/?cid=N/A
N/A,Caesar 7,26.328836499999998,50.1807881,cafe,4.8,474,OPERATIONAL,https://maps.google.com/?cid=N/A
N/A,Aldaar Garden حديقة الدار,26.334105599999997,50.179917499999995,cafe,4.3,117,OPERATIONAL,https://maps.google.com/?cid=N/A
N/A,Tie | تاي (Dhahran),26.331561999999998,50.1618113,cafe,4,79,OPERATIONAL,https://maps.google.com/?cid=N/A
N/A,Dose Cafe,26.344337499999998,50.185765599999996,cafe,4.4,181,OPERATIONAL,https://maps.google.com/?cid=N/A
N/A,شاي الفراتي,26.3331689,50.1807206,cafe,4.6,137,OPERATIONAL,https://maps.google.com/?cid=N/A
N/A,وان بليون لاونج | One Billion Lounge,26.344077,50.1852709,cafe,4.8,164,OPERATIONAL,https://maps.google.com/?cid=N/A
N/A,Saturn Bakery,26.3444282,50.1854185,cafe,4.8,164,OPERATIONAL,https://maps.google.com/?cid=N/A
N/A,Qaal,26.3428574,50.18232820000001,cafe,4.3,496,OPERATIONAL,https://maps.google.com/?cid=N/A
N/A,Urth Caffe,26.328709399999997,50.1819795,cafe,4.7,263,OPERATIONAL,https://maps.google.com/?cid=N/A
N/A,Mantorose Cafe | مانتوروز كافيه,26.3303361,50.1785247,cafe,4.2,30,OPERATIONAL,https://maps.google.com/?cid=N/A
N/A,Road Café | قهوة الطريق,26.344242899999998,50.1792169,cafe,4.4,31,OPERATIONAL,https://maps.google.com/?cid=N/A
N/A,سبارك كافيه,26.3322841,50.16115,cafe,4.2,101,OPERATIONAL,https://maps.google.com/?cid=N/A
N/A,Joe's Bakery,26.343711600000002,50.2033132,cafe,4.3,3943,OPERATIONAL,https://maps.google.com/?cid=N/A
N/A,SWAJ Coffee Roasters محمصة ومقهى سواج,26.3436776,50.203161699999995,cafe,4.4,696,OPERATIONAL,https://maps.google.com/?cid=N/A
N/A,Knock Café | نوك,26.3373419,50.2014588,cafe,4.2,883,OPERATIONAL,https://maps.google.com/?cid=N/A
N/A,مقهى سُلاف | Soulaf Coffee,26.337239,50.2015767,cafe,4.4,1133,OPERATIONAL,https://maps.google.com/?cid=N/A
N/A,مقهى الزمن الجميل,26.343712,50.195619,cafe,4,1263,OPERATIONAL,https://maps.google.com/?cid=N/A
N/A,Madame Banquet,26.334127799999997,50.188708299999995,cafe,3.9,1117,OPERATIONAL,https://maps.google.com/?cid=N/A
N/A,مقهى كيما - KIEMA Lounge,26.3341617,50.188584899999995,cafe,4.4,625,OPERATIONAL,https://maps.google.com/?cid=N/A
N/A,Shrq Coffee Roasters ( Drive Thru ),26.334504600000002,50.200519299999996,cafe,4.6,247,OPERATIONAL,https://maps.google.com/?cid=N/A
N/A,The Hub,26.3342006,50.1888018,cafe,4.3,846,OPERATIONAL,https://maps.google.com/?cid=N/A
N/A,Density Coffee Roasters | مقهى ومحمصة دينستي,26.3287046,50.1803457,cafe,4.3,1734,OPERATIONAL,https://maps.google.com/?cid=N/A
N/A,Oasis Cafe & Lounge,26.3331992,50.1808413,cafe,3.7,210,OPERATIONAL,https://maps.google.com/?cid=N/A
N/A,Dallat Alfaris مقهى دلة الفارس,26.342750199999998,50.1820385,cafe,4.1,1148,OPERATIONAL,https://maps.google.com/?cid=N/A
N/A,To Be Cafe,26.3503765,50.1953986,cafe,4.6,407,OPERATIONAL,https://maps.google.com/?cid=N/A
N/A,Onda Coffee,26.3441469,50.1854352,cafe,4.5,199,OPERATIONAL,https://maps.google.com/?cid=N/A
N/A,The Geeks Club Café,26.3439415,50.203736299999996,cafe,4.6,1514,OPERATIONAL,https://maps.google.com/?cid=N/A
N/A,Trio Restaurant & Cafe,26.3436062,50.2031287,cafe,4.4,708,OPERATIONAL,https://maps.google.com/?cid=N/A
N/A,Caesar 7,26.328836499999998,50.1807881,cafe,4.8,474,OPERATIONAL,https://maps.google.com/?cid=N/A
N/A,Aldaar Garden حديقة الدار,26.334105599999997,50.179917499999995,cafe,4.3,117,OPERATIONAL,https://maps.google.com/?cid=N/A
N/A,ADNOC Service Station | Qurtuba District 1 (2019),26.3383637,50.198210599999996,cafe,4.5,60,OPERATIONAL,https://maps.google.com/?cid=N/A
N/A,Starbucks,26.3457069,50.1956443,cafe,4,588,OPERATIONAL,https://maps.google.com/?cid=N/A
N/A,Camel Step,26.326310499999998,50.2133882,cafe,4.3,1405,OPERATIONAL,https://maps.google.com/?cid=N/A
N/A,Joe's Bakery,26.343711600000002,50.2033132,cafe,4.3,3943,OPERATIONAL,https://maps.google.com/?cid=N/A
N/A,SWAJ Coffee Roasters محمصة ومقهى سواج,26.3436776,50.203161699999995,cafe,4.4,696,OPERATIONAL,https://maps.google.com/?cid=N/A
N/A,Knock Café | نوك,26.3373419,50.2014588,cafe,4.2,883,OPERATIONAL,https://maps.google.com/?cid=N/A
N/A,مقهى سُلاف | Soulaf Coffee,26.337239,50.2015767,cafe,4.4,1133,OPERATIONAL,https://maps.google.com/?cid=N/A
N/A,Diwan Lounge Plus مقهى ديوان لاونج بلس (فرع الخبر),26.330055599999998,50.2131294,cafe,4.5,1136,OPERATIONAL,https://maps.google.com/?cid=N/A
N/A,شاي ابوسيف Abo Saif Tea,26.3384382,50.208355399999995,cafe,4.3,475,OPERATIONAL,https://maps.google.com/?cid=N/A
N/A,مقهى الزمن الجميل,26.343712,50.195619,cafe,4,1263,OPERATIONAL,https://maps.google.com/?cid=N/A
N/A,ARCHI,26.328346699999997,50.2138995,cafe,4.3,209,OPERATIONAL,https://maps.google.com/?cid=N/A
N/A,Shrq Coffee Roasters ( Drive Thru ),26.334504600000002,50.200519299999996,cafe,4.6,247,OPERATIONAL,https://maps.google.com/?cid=N/A
N/A,Nagham Story,26.338490900000004,50.2081551,cafe,3.6,458,OPERATIONAL,https://maps.google.com/?cid=N/A
N/A,‏Blue Star Cafe | بلو ستار كافيه,26.3272612,50.21512500000001,cafe,4.1,1153,OPERATIONAL,https://maps.google.com/?cid=N/A
N/A,Lapro Cafe,26.350904500000002,50.2118131,cafe,4.4,507,OPERATIONAL,https://maps.google.com/?cid=N/A
N/A,Cafe Quindio - كافيه كينديو,26.351236699999998,50.2111853,cafe,4.4,2023,OPERATIONAL,https://maps.google.com/?cid=N/A
N/A,Stroopers,26.3264703,50.2125224,cafe,4.6,527,OPERATIONAL,https://maps.google.com/?cid=N/A
N/A,The Geeks Club Café,26.3439415,50.203736299999996,cafe,4.6,1514,OPERATIONAL,https://maps.google.com/?cid=N/A
N/A,Trio Restaurant & Cafe,26.3436062,50.2031287,cafe,4.4,708,OPERATIONAL,https://maps.google.com/?cid=N/A
N/A,Detective cafe,26.351859599999997,50.211249599999995,cafe,4.7,496,OPERATIONAL,https://maps.google.com/?cid=N/A
N/A,مطعم ولاونج زينيا | Zinnia Resto Cafe,26.3513122,50.211311699999996,cafe,4.6,388,OPERATIONAL,https://maps.google.com/?cid=N/A
N/A,ADNOC Service Station | Qurtuba District 1 (2019),26.3383637,50.198210599999996,cafe,4.5,60,OPERATIONAL,https://maps.google.com/?cid=N/A
N/A,سواج كافيه,26.332317600000003,50.2135779,cafe,4.2,29,OPERATIONAL,https://maps.google.com/?cid=N/A
N/A,illi lounge - الي لاونج,26.3501329,50.227717399999996,cafe,4.9,19,OPERATIONAL,https://maps.google.com/?cid=N/A
N/A,UMQ Coffee,26.3637555,49.965440799999996,cafe,4.3,132,OPERATIONAL,https://maps.google.com/?cid=N/A
N/A,Mantorose café,26.3564372,49.967687899999994,cafe,4.2,150,OPERATIONAL,https://maps.google.com/?cid=N/A
N/A,مقهى ميم 10,26.3613288,49.9662875,cafe,4.6,121,OPERATIONAL,https://maps.google.com/?cid=N/A
N/A,شاي ليل,26.356198799999998,49.967532299999995,cafe,4.4,71,OPERATIONAL,https://maps.google.com/?cid=N/A
N/A,Barn's | بارنز,26.358999999999998,49.966699999999996,cafe,4.2,27,OPERATIONAL,https://maps.google.com/?cid=N/A
N/A,شاليهات تالا,26.3481769,49.966197699999995,cafe,3.9,109,OPERATIONAL,https://maps.google.com/?cid=N/A
N/A,24Cafe,26.356736899999998,49.9676045,cafe,4.9,30,OPERATIONAL,https://maps.google.com/?cid=N/A
N/A,Bluesky بلو سكاي,26.3614832,49.9845742,cafe,No rating,No reviews,OPERATIONAL,https://maps.google.com/?cid=N/A
N/A,Riddle Cafe ريدل كافيه,26.360224199999998,49.966666499999995,cafe,4.2,6,OPERATIONAL,https://maps.google.com/?cid=N/A
N/A,اعععشققك سموكتتتي🥺🥺🥺,26.3569437,49.960958999999995,cafe,1,1,OPERATIONAL,https://maps.google.com/?cid=N/A
N/A,Ten won coffee,26.359955199999998,49.9665962,cafe,No rating,No reviews,OPERATIONAL,https://maps.google.com/?cid=N/A
N/A,إستراحة الونيسة,26.3685625,49.9979375,cafe,4.1,8,OPERATIONAL,https://maps.google.com/?cid=N/A
N/A,شاي سياق,26.350027299999997,49.9969318,cafe,4.9,10,OPERATIONAL,https://maps.google.com/?cid=N/A
N/A,Bluesky بلو سكاي,26.3614832,49.9845742,cafe,No rating,No reviews,OPERATIONAL,https://maps.google.com/?cid=N/A
N/A,Dunkin' - دانكن,26.3505745,50.018684,cafe,3.7,575,OPERATIONAL,https://maps.google.com/?cid=N/A
N/A,Starbucks,26.350727,50.018028,cafe,4.2,52,OPERATIONAL,https://maps.google.com/?cid=N/A
N/A,ديوانية الكيف,26.351487199999998,50.0181995,cafe,3.6,102,OPERATIONAL,https://maps.google.com/?cid=N/A
N/A,Moroccan taste cafe,26.3505306,50.0186995,cafe,2.7,51,OPERATIONAL,https://maps.google.com/?cid=N/A
N/A,Bogota Cafe,26.350865199999998,50.0187703,cafe,3.8,114,OPERATIONAL,https://maps.google.com/?cid=N/A
N/A,Road Café | قهوة الطريق,26.3505982,50.0188718,cafe,4.2,39,OPERATIONAL,https://maps.google.com/?cid=N/A
N/A,Barn's,26.350374,50.018344299999995,cafe,4.2,109,OPERATIONAL,https://maps.google.com/?cid=N/A
N/A,2cz,26.3511216,50.0183993,cafe,3.8,4,OPERATIONAL,https://maps.google.com/?cid=N/A
N/A,مزاج مغربي شاي,26.3508008,50.019368199999995,cafe,4.8,6,OPERATIONAL,https://maps.google.com/?cid=N/A
N/A,McCafe,26.350702,50.01804200000001,cafe,No rating,No reviews,OPERATIONAL,https://maps.google.com/?cid=N/A
N/A,Kyan,26.3608908,50.0421841,cafe,4.3,463,OPERATIONAL,https://maps.google.com/?cid=N/A
N/A,مُحال,26.354728299999998,50.037417,cafe,4.7,326,OPERATIONAL,https://maps.google.com/?cid=N/A
N/A,Dunkin' - دانكن,26.3505745,50.018684,cafe,3.7,575,OPERATIONAL,https://maps.google.com/?cid=N/A
N/A,Barn's | بارنز,26.369684200000002,50.027310899999996,cafe,2.8,24,OPERATIONAL,https://maps.google.com/?cid=N/A
N/A,Starbucks,26.350727,50.018028,cafe,4.2,52,OPERATIONAL,https://maps.google.com/?cid=N/A
N/A,جاز كوفي,26.366443999999998,50.0373424,cafe,4.8,149,OPERATIONAL,https://maps.google.com/?cid=N/A
N/A,شاهي وجار Wijar Tea,26.365265700000002,50.038526999999995,cafe,4.8,173,OPERATIONAL,https://maps.google.com/?cid=N/A
N/A,شاي دارك,26.350467,50.041121,cafe,4.3,21,OPERATIONAL,https://maps.google.com/?cid=N/A
N/A,مقهى غصن الشاي,26.363449199999998,50.0399471,cafe,3.8,92,OPERATIONAL,https://maps.google.com/?cid=N/A
N/A,ديوانية الكيف,26.351487199999998,50.0181995,cafe,3.6,102,OPERATIONAL,https://maps.google.com/?cid=N/A
N/A,Moroccan taste cafe,26.3505306,50.0186995,cafe,2.7,51,OPERATIONAL,https://maps.google.com/?cid=N/A
N/A,Bogota Cafe,26.350865199999998,50.0187703,cafe,3.8,114,OPERATIONAL,https://maps.google.com/?cid=N/A
N/A,Road Café | قهوة الطريق,26.3505982,50.0188718,cafe,4.2,39,OPERATIONAL,https://maps.google.com/?cid=N/A
N/A,Barn's,26.350374,50.018344299999995,cafe,4.2,109,OPERATIONAL,https://maps.google.com/?cid=N/A
N/A,مطعم ومقهى مساءات Masaat Restaurants and Coffee,26.3671629,50.0332005,cafe,4.8,53,OPERATIONAL,https://maps.google.com/?cid=N/A
N/A,قهوة الفنار,26.3698461,50.0267443,cafe,3.5,46,OPERATIONAL,https://maps.google.com/?cid=N/A
N/A,بوفيه الخوارزمي,26.3614328,50.0336812,cafe,3.8,39,OPERATIONAL,https://maps.google.com/?cid=N/A
N/A,برزة شاي,26.353914699999997,50.04252100000001,cafe,4.4,16,OPERATIONAL,https://maps.google.com/?cid=N/A
N/A,Chemistry Coffee كيمستري كوفي,26.3458802,50.0463409,cafe,4.1,1379,OPERATIONAL,https://maps.google.com/?cid=N/A
N/A,فيال الشعلة,26.343798200000002,50.0430079,cafe,4.5,560,OPERATIONAL,https://maps.google.com/?cid=N/A
N/A,قهوة عُمق 2.3 - UMQ Coffee 2.3,26.348116599999997,50.049383299999995,cafe,4.5,627,OPERATIONAL,https://maps.google.com/?cid=N/A
N/A,Hot & Cold,26.3623457,50.043457,cafe,4.2,563,OPERATIONAL,https://maps.google.com/?cid=N/A
N/A,Kyan,26.3608908,50.0421841,cafe,4.3,463,OPERATIONAL,https://maps.google.com/?cid=N/A
N/A,Dunkin - دانكن,26.361445999999997,50.045103,cafe,4,1620,OPERATIONAL,https://maps.google.com/?cid=N/A
N/A,سيكونس,26.3488246,50.0508063,cafe,4,469,OPERATIONAL,https://maps.google.com/?cid=N/A
N/A,مُحال,26.354728299999998,50.037417,cafe,4.7,326,OPERATIONAL,https://maps.google.com/?cid=N/A
N/A,Starbucks,26.345893,50.046729,cafe,4.2,359,OPERATIONAL,https://maps.google.com/?cid=N/A
N/A,The Coffee Address | عنوان القهوة,26.361708999999998,50.045417,cafe,4.1,148,OPERATIONAL,https://maps.google.com/?cid=N/A
N/A,ديلي كب Daily cup,26.356248299999997,50.0467836,cafe,4.7,77,OPERATIONAL,https://maps.google.com/?cid=N/A
N/A,مزاج مغربي,26.361379,50.044833,cafe,4.4,91,OPERATIONAL,https://maps.google.com/?cid=N/A
N/A,عطار طيف,26.3574423,50.0457408,cafe,4,207,OPERATIONAL,https://maps.google.com/?cid=N/A
N/A,دانكن دونات,26.3489512,50.053276399999994,cafe,3.7,381,OPERATIONAL,https://maps.google.com/?cid=N/A
N/A,Onda Coffee - مقهى أوندا,26.3658652,50.0497654,cafe,4.4,148,OPERATIONAL,https://maps.google.com/?cid=N/A
N/A,7 Grams Drive Thru - Al Shulah | ٧ جرام درايف ثرو - الشعلة,26.3461736,50.0468415,cafe,4.5,295,OPERATIONAL,https://maps.google.com/?cid=N/A
N/A,مقهى ومحمصة سمبلسيتي | Simplicity cafe & roastery,26.361466999999998,50.045156899999995,cafe,4.5,107,OPERATIONAL,https://maps.google.com/?cid=N/A
N/A,المذاق المغربي,26.3609416,50.044295,cafe,4.2,121,OPERATIONAL,https://maps.google.com/?cid=N/A
N/A,باليت كافيه (Palette Cafe),26.355186099999997,50.047030899999996,cafe,4.7,161,OPERATIONAL,https://maps.google.com/?cid=N/A
N/A,ديوانية كيف النشاما,26.3570198,50.0608708,cafe,3.5,404,OPERATIONAL,https://maps.google.com/?cid=N/A
N/A,Blanco,26.361150600000002,50.0741239,cafe,4.3,855,OPERATIONAL,https://maps.google.com/?cid=N/A
N/A,Barena Cafe,26.3613046,50.074058199999996,cafe,4.7,1889,OPERATIONAL,https://maps.google.com/?cid=N/A
N/A,السيف كافيه الفاخرية,26.360737600000004,50.0730249,cafe,3.9,428,OPERATIONAL,https://maps.google.com/?cid=N/A
N/A,Dunkin' - دانكن,26.3656875,50.0701875,cafe,3.9,864,OPERATIONAL,https://maps.google.com/?cid=N/A
N/A,"لذّة شاي ""الدمام""",26.358553399999998,50.0670393,cafe,4.3,244,OPERATIONAL,https://maps.google.com/?cid=N/A
N/A,Fakheriyah Tower,26.3537708,50.07742030000001,cafe,4,139,OPERATIONAL,https://maps.google.com/?cid=N/A
N/A,الكرك ALKARAK,26.362858799999998,50.072486399999995,cafe,4,1150,OPERATIONAL,https://maps.google.com/?cid=N/A
N/A,Krispy Kreme,26.364615500000003,50.062147499999995,cafe,4.1,188,OPERATIONAL,https://maps.google.com/?cid=N/A
N/A,Al Aljaweed Coffee,26.357828899999998,50.0622827,cafe,3.9,504,OPERATIONAL,https://maps.google.com/?cid=N/A
N/A,دانكن دونات,26.3489512,50.053276399999994,cafe,3.7,381,OPERATIONAL,https://maps.google.com/?cid=N/A
N/A,M.Y.M,26.3560219,50.0616054,cafe,4.6,118,OPERATIONAL,https://maps.google.com/?cid=N/A
N/A,بيسك كب - Basic cup,26.3678374,50.0597843,cafe,4.5,131,OPERATIONAL,https://maps.google.com/?cid=N/A
N/A,ديوانية كيف النشاما,26.3570198,50.0608708,cafe,3.5,404,OPERATIONAL,https://maps.google.com/?cid=N/A
N/A,دكان وافل,26.368384000000002,50.0670904,cafe,4.1,229,OPERATIONAL,https://maps.google.com/?cid=N/A
N/A,نمق كافيه | Namq Cafe,26.3490762,50.0533897,cafe,4.6,21,OPERATIONAL,https://maps.google.com/?cid=N/A
N/A,مزاج مغربي,26.350205199999998,50.0533395,cafe,4.6,30,OPERATIONAL,https://maps.google.com/?cid=N/A
N/A,مختبر الكريب Crepe Lab,26.361829699999998,50.064992499999995,cafe,3.5,69,OPERATIONAL,https://maps.google.com/?cid=N/A
N/A,Mantorose Cafe,26.3613051,50.07385,cafe,4.2,114,OPERATIONAL,https://maps.google.com/?cid=N/A
N/A,AIN COFFEE,26.359784299999998,50.053822399999994,cafe,4.2,84,OPERATIONAL,https://maps.google.com/?cid=N/A
N/A,Barn's | بارنز,26.358683,50.0749212,cafe,4.3,88,OPERATIONAL,https://maps.google.com/?cid=N/A
N/A,Blanco,26.361150600000002,50.0741239,cafe,4.3,855,OPERATIONAL,https://maps.google.com/?cid=N/A
N/A,Barena Cafe,26.3613046,50.074058199999996,cafe,4.7,1889,OPERATIONAL,https://maps.google.com/?cid=N/A
N/A,السيف كافيه الفاخرية,26.360737600000004,50.0730249,cafe,3.9,428,OPERATIONAL,https://maps.google.com/?cid=N/A
N/A,Sensations Coffee & Co,26.3510304,50.0941839,cafe,4.6,299,OPERATIONAL,https://maps.google.com/?cid=N/A
N/A,Sikkat Karak,26.366277699999998,50.075632999999996,cafe,4.3,1095,OPERATIONAL,https://maps.google.com/?cid=N/A
N/A,Fakheriyah Tower,26.3537708,50.07742030000001,cafe,4,139,OPERATIONAL,https://maps.google.com/?cid=N/A
N/A,الكرك ALKARAK,26.362858799999998,50.072486399999995,cafe,4,1150,OPERATIONAL,https://maps.google.com/?cid=N/A
N/A,مقهى ومحمصة قاف,26.3697259,50.084083899999996,cafe,4.5,168,OPERATIONAL,https://maps.google.com/?cid=N/A
N/A,تليو Tilio,26.3689818,50.0799278,cafe,4.5,244,OPERATIONAL,https://maps.google.com/?cid=N/A
N/A,سرد,26.3688313,50.081855,cafe,4.8,263,OPERATIONAL,https://maps.google.com/?cid=N/A
N/A,Sip day specialty coffee,26.3671771,50.079291999999995,cafe,4.6,145,OPERATIONAL,https://maps.google.com/?cid=N/A
N/A,Siplay play cafe,26.3510711,50.0940848,cafe,4.2,275,OPERATIONAL,https://maps.google.com/?cid=N/A
N/A,Glaive,26.3683125,50.0811875,cafe,4.4,71,OPERATIONAL,https://maps.google.com/?cid=N/A
N/A,محمصة الظهران Dhahran Roastery,26.3688109,50.0818121,cafe,4.7,176,OPERATIONAL,https://maps.google.com/?cid=N/A
N/A,جغمة شاي,26.345847,50.076386299999996,cafe,4.3,95,OPERATIONAL,https://maps.google.com/?cid=N/A
N/A,Mantorose Cafe,26.3613051,50.07385,cafe,4.2,114,OPERATIONAL,https://maps.google.com/?cid=N/A
N/A,Barn's | بارنز,26.358683,50.0749212,cafe,4.3,88,OPERATIONAL,https://maps.google.com/?cid=N/A
N/A,سبارك كافيه,26.354585600000004,50.071217399999995,cafe,4.4,66,OPERATIONAL,https://maps.google.com/?cid=N/A
N/A,ديلي كب Daily cup,26.3681558,50.0807663,cafe,4.6,22,OPERATIONAL,https://maps.google.com/?cid=N/A
N/A,LLAMA,26.3665579,50.0939111,cafe,4.5,3287,OPERATIONAL,https://maps.google.com/?cid=N/A
N/A,مقهى و محمصة وودز | WOODS Specialty Café & Roastery‎,26.3678255,50.092773,cafe,4.6,1763,OPERATIONAL,https://maps.google.com/?cid=N/A
N/A,Milan Way Cafe and Restaurant,26.366882999999998,50.093657099999994,cafe,4.2,2332,OPERATIONAL,https://maps.google.com/?cid=N/A
N/A,Ballet cafe - باليـة,26.366247299999998,50.0942083,cafe,3.9,376,OPERATIONAL,https://maps.google.com/?cid=N/A
N/A,Sensations Coffee & Co,26.3510304,50.0941839,cafe,4.6,299,OPERATIONAL,https://maps.google.com/?cid=N/A
N/A,Majlis Almasa,26.365585799999998,50.0947617,cafe,3.8,932,OPERATIONAL,https://maps.google.com/?cid=N/A
N/A,Stars mood Cafe,26.365231899999998,50.0951124,cafe,4.7,375,OPERATIONAL,https://maps.google.com/?cid=N/A
N/A,Siplay play cafe,26.3510711,50.0940848,cafe,4.2,275,OPERATIONAL,https://maps.google.com/?cid=N/A
N/A,CH.1 specialty coffee,26.3666993,50.093826299999996,cafe,4.1,482,OPERATIONAL,https://maps.google.com/?cid=N/A
N/A,Barn's | بارنز,26.354257399999998,50.0996351,cafe,4.5,180,OPERATIONAL,https://maps.google.com/?cid=N/A
N/A,ELBUNA Coffee Roasters,26.367643899999997,50.1054786,cafe,4.9,195,OPERATIONAL,https://maps.google.com/?cid=N/A
N/A,بوفية سد الفاخرية1,26.354138199999998,50.0992294,cafe,4.1,316,OPERATIONAL,https://maps.google.com/?cid=N/A
N/A,Rameel Coffee | قهوة رميل,26.3528003,50.0966684,cafe,4.8,55,OPERATIONAL,https://maps.google.com/?cid=N/A
N/A,Question mark Coffee,26.359827600000003,50.09485840000001,cafe,4.3,26,OPERATIONAL,https://maps.google.com/?cid=N/A
N/A,محبين الشـاي ️,26.3525069,50.095939099999995,cafe,4.4,30,OPERATIONAL,https://maps.google.com/?cid=N/A
N/A,مقهى يوما الدمام,26.363857000000003,50.095698899999995,cafe,4.3,3,OPERATIONAL,https://maps.google.com/?cid=N/A
N/A,Shahy Heavy,26.3670375,50.0935189,cafe,4.3,18,OPERATIONAL,https://maps.google.com/?cid=N/A
N/A,شاي الأصالة,26.3536918,50.0996032,cafe,4.9,41,OPERATIONAL,https://maps.google.com/?cid=N/A
N/A,Circle K - Fuel Way Fakhriyah,26.364271,50.095281,cafe,4.8,4,OPERATIONAL,https://maps.google.com/?cid=N/A
N/A,أكواب ساخنة,26.3526258,50.0962136,cafe,5,22,OPERATIONAL,https://maps.google.com/?cid=N/A
N/A,شاي تجلي,26.3560373,50.133263199999995,cafe,5,38,OPERATIONAL,https://maps.google.com/?cid=N/A
N/A,Qurb cafe,26.348195600000004,50.1411429,cafe,4.8,340,OPERATIONAL,https://maps.google.com/?cid=N/A
N/A,graph cafe,26.348758300000004,50.1426376,cafe,3.9,93,OPERATIONAL,https://maps.google.com/?cid=N/A
N/A,Mingle,26.347544,50.1350408,cafe,4.3,170,OPERATIONAL,https://maps.google.com/?cid=N/A
N/A,بوفية كل مكان للوجبات السريعة,26.3448128,50.1377308,cafe,3.1,19,OPERATIONAL,https://maps.google.com/?cid=N/A
N/A,شاي تجلي,26.3560373,50.133263199999995,cafe,5,38,OPERATIONAL,https://maps.google.com/?cid=N/A
N/A,الخبر الظهران مول,26.3501944,50.1328056,cafe,No rating,No reviews,OPERATIONAL,https://maps.google.com/?cid=N/A
N/A,graph cafe,26.348758300000004,50.1426376,cafe,3.9,93,OPERATIONAL,https://maps.google.com/?cid=N/A
N/A,ADNOC Service Station | Al Qashlah (2007),26.3630838,50.1779371,cafe,4.4,400,OPERATIONAL,https://maps.google.com/?cid=N/A
N/A,Dunkin' - دانكن,26.362947799999997,50.1777236,cafe,3.7,160,OPERATIONAL,https://maps.google.com/?cid=N/A
N/A,ZOLIEA زوليه,26.3629577,50.177247799999996,cafe,4.5,171,OPERATIONAL,https://maps.google.com/?cid=N/A
N/A,20 degree coffee,26.368179299999998,50.179731800000006,cafe,3.9,51,OPERATIONAL,https://maps.google.com/?cid=N/A
N/A,Sky Lounge,26.3668613,50.177799199999995,cafe,4.4,241,OPERATIONAL,https://maps.google.com/?cid=N/A
N/A,Blue K Lounge,26.3669478,50.1776632,cafe,4,10,OPERATIONAL,https://maps.google.com/?cid=N/A
N/A,Road Café | قهوة الطريق,26.3629491,50.1780214,cafe,4.4,18,OPERATIONAL,https://maps.google.com/?cid=N/A
N/A,BlueSky Coffee |قهوة بلوسكي,26.357448599999998,50.177334599999995,cafe,4,7,OPERATIONAL,https://maps.google.com/?cid=N/A
N/A,Beyond Store,26.3580975,50.1759267,cafe,No rating,No reviews,OPERATIONAL,https://maps.google.com/?cid=N/A
N/A,BOND Cafe,26.344915699999998,50.179402599999996,cafe,5,1,OPERATIONAL,https://maps.google.com/?cid=N/A
N/A,RATIO Speciality Coffee,26.362492300000003,50.198235999999994,cafe,4.6,1869,OPERATIONAL,https://maps.google.com/?cid=N/A
N/A,Fudge & Co. | .فدج اند كو,26.3636299,50.191226799999995,cafe,4.5,601,OPERATIONAL,https://maps.google.com/?cid=N/A
N/A,DUE DATE,26.3538543,50.203609199999995,cafe,4.7,266,OPERATIONAL,https://maps.google.com/?cid=N/A
N/A,محمصة و مقهى صَدح,26.352327,50.2001457,cafe,4.8,231,OPERATIONAL,https://maps.google.com/?cid=N/A
N/A,ADNOC Service Station | Al Qashlah (2007),26.3630838,50.1779371,cafe,4.4,400,OPERATIONAL,https://maps.google.com/?cid=N/A
N/A,Mantorose Cafe,26.362215499999998,50.1972039,cafe,4.2,833,OPERATIONAL,https://maps.google.com/?cid=N/A
N/A,Dunkin' Donuts,26.359581499999997,50.1883863,cafe,4.1,435,OPERATIONAL,https://maps.google.com/?cid=N/A
N/A,Atia cafe,26.3673166,50.195169899999996,cafe,4,287,OPERATIONAL,https://maps.google.com/?cid=N/A
N/A,To Be Cafe,26.3503765,50.1953986,cafe,4.6,407,OPERATIONAL,https://maps.google.com/?cid=N/A
N/A,Saadeddin Pastry,26.362127899999997,50.197373899999995,cafe,4,785,OPERATIONAL,https://maps.google.com/?cid=N/A
N/A,Onda Coffee,26.3441469,50.1854352,cafe,4.5,199,OPERATIONAL,https://maps.google.com/?cid=N/A
N/A,Cinnabon,26.359940599999998,50.1895132,cafe,3.4,120,OPERATIONAL,https://maps.google.com/?cid=N/A
N/A,Dunkin' - دانكن,26.362947799999997,50.1777236,cafe,3.7,160,OPERATIONAL,https://maps.google.com/?cid=N/A
N/A,Simplicity,26.363544599999997,50.1987269,cafe,4.4,48,OPERATIONAL,https://maps.google.com/?cid=N/A
N/A,Barn's | بارنز,26.360447699999998,50.1919751,cafe,4.3,96,OPERATIONAL,https://maps.google.com/?cid=N/A
N/A,Starbucks,26.3457069,50.1956443,cafe,4,588,OPERATIONAL,https://maps.google.com/?cid=N/A
N/A,Dose Cafe,26.344337499999998,50.185765599999996,cafe,4.4,181,OPERATIONAL,https://maps.google.com/?cid=N/A
N/A,24Cafe,26.3618068,50.1964348,cafe,4.7,205,OPERATIONAL,https://maps.google.com/?cid=N/A
N/A,ZOLIEA زوليه,26.3629577,50.177247799999996,cafe,4.5,171,OPERATIONAL,https://maps.google.com/?cid=N/A
N/A,Saturn Bakery,26.3444282,50.1854185,cafe,4.8,164,OPERATIONAL,https://maps.google.com/?cid=N/A
N/A,مقهى ومحمصة أور | OUR COFFEE ROASTERS,26.362611599999997,50.205043499999995,cafe,4.7,440,OPERATIONAL,https://maps.google.com/?cid=N/A
N/A,The HUB Co.,26.3605147,50.2064064,cafe,4.4,860,OPERATIONAL,https://maps.google.com/?cid=N/A
N/A,RATIO Speciality Coffee,26.362492300000003,50.198235999999994,cafe,4.6,1869,OPERATIONAL,https://maps.google.com/?cid=N/A
N/A,Repeat Coffee & Brunch,26.361153899999998,50.2063779,cafe,4.2,1567,OPERATIONAL,https://maps.google.com/?cid=N/A
N/A,DUE DATE,26.3538543,50.203609199999995,cafe,4.7,266,OPERATIONAL,https://maps.google.com/?cid=N/A
N/A,Title Cafe,26.360901899999998,50.2062435,cafe,4,667,OPERATIONAL,https://maps.google.com/?cid=N/A
N/A,TEA TIME RAKAH (وقت الشاي),26.3661908,50.2041242,cafe,4.1,662,OPERATIONAL,https://maps.google.com/?cid=N/A
N/A,محمصة و مقهى صَدح,26.352327,50.2001457,cafe,4.8,231,OPERATIONAL,https://maps.google.com/?cid=N/A
N/A,Lounge Exit7,26.360123599999998,50.206541099999995,cafe,4.2,251,OPERATIONAL,https://maps.google.com/?cid=N/A
N/A,Mor | مُر قهوة حي,26.3617304,50.215990999999995,cafe,4.5,108,OPERATIONAL,https://maps.google.com/?cid=N/A
N/A,Bling | بلنق,26.3618231,50.206285099999995,cafe,4.3,295,OPERATIONAL,https://maps.google.com/?cid=N/A
N/A,Mantorose Cafe,26.362215499999998,50.1972039,cafe,4.2,833,OPERATIONAL,https://maps.google.com/?cid=N/A
N/A,Huge Coffee,26.3611479,50.2065772,cafe,4.2,732,OPERATIONAL,https://maps.google.com/?cid=N/A
N/A,Lapro Cafe,26.350904500000002,50.2118131,cafe,4.4,507,OPERATIONAL,https://maps.google.com/?cid=N/A
N/A,Diana Lounge ديانا لاونج,26.3663831,50.2072499,cafe,4.2,345,OPERATIONAL,https://maps.google.com/?cid=N/A
N/A,Cafe Quindio - كافيه كينديو,26.351236699999998,50.2111853,cafe,4.4,2023,OPERATIONAL,https://maps.google.com/?cid=N/A
N/A,Starbucks,26.3602743,50.2069942,cafe,4,645,OPERATIONAL,https://maps.google.com/?cid=N/A
N/A,مقهى ما بعد العاشرة,26.366188599999997,50.2083075,cafe,4,535,OPERATIONAL,https://maps.google.com/?cid=N/A
N/A,مقهى دستنيشن35 للقهوة المختصة الراكة Destination35 Speciality coffee Rakkah,26.360150299999997,50.206468799999996,cafe,4.6,570,OPERATIONAL,https://maps.google.com/?cid=N/A
N/A,Saadeddin Pastry,26.362127899999997,50.197373899999995,cafe,4,785,OPERATIONAL,https://maps.google.com/?cid=N/A
N/A,Mor | مُر قهوة حي,26.3617304,50.215990999999995,cafe,4.5,108,OPERATIONAL,https://maps.google.com/?cid=N/A
N/A,illi lounge - الي لاونج,26.3501329,50.227717399999996,cafe,4.9,19,OPERATIONAL,https://maps.google.com/?cid=N/A
N/A,CHART البحر,26.352526299999997,50.2235321,cafe,5,3,OPERATIONAL,https://maps.google.com/?cid=N/A
N/A,Starbucks,26.372202599999998,49.9703412,cafe,4.2,589,OPERATIONAL,https://maps.google.com/?cid=N/A
N/A,قهوة مخرج 20,26.3679028,49.9650756,cafe,4.1,113,OPERATIONAL,https://maps.google.com/?cid=N/A
N/A,كوفي لاين Coffeeline,26.373908500000002,49.9637221,cafe,4.8,226,OPERATIONAL,https://maps.google.com/?cid=N/A
N/A,Repeat Coffee & Brunch,26.3732629,49.975847099999996,cafe,4,16,OPERATIONAL,https://maps.google.com/?cid=N/A
N/A,Starbucks,26.373032499999997,49.9764013,cafe,4.2,5,OPERATIONAL,https://maps.google.com/?cid=N/A
N/A,IN CASE SPECIALTY COFFEE,26.3732407,49.9758481,cafe,4.3,7,OPERATIONAL,https://maps.google.com/?cid=N/A
N/A,شاي وهج,26.374974899999998,49.9640929,cafe,4.9,34,OPERATIONAL,https://maps.google.com/?cid=N/A
N/A,شاي وزنه,26.3752712,49.9628132,cafe,4.7,13,OPERATIONAL,https://maps.google.com/?cid=N/A
N/A,شاهي امي عيدة,26.374473000000002,49.9685696,cafe,4.8,6,OPERATIONAL,https://maps.google.com/?cid=N/A
N/A,شاهي وسمرة,26.3748774,49.964599199999995,cafe,4.4,15,OPERATIONAL,https://maps.google.com/?cid=N/A
N/A,F16 للمشروبات الساخنه,26.3746095,49.965731500000004,cafe,4,4,OPERATIONAL,https://maps.google.com/?cid=N/A
N/A,فود ترك X2,26.3758065,49.96254400000001,cafe,5,2,OPERATIONAL,https://maps.google.com/?cid=N/A
N/A,ZOLIEA Alasala,26.3732579,49.9758177,cafe,5,1,OPERATIONAL,https://maps.google.com/?cid=N/A
N/A,Costa Coffee,26.3730671,49.976455099999995,cafe,No rating,No reviews,OPERATIONAL,https://maps.google.com/?cid=N/A
N/A,شاهي ابو سعد,26.3751353,49.9634503,cafe,5,2,OPERATIONAL,https://maps.google.com/?cid=N/A
N/A,عبدالعزيز مليح الشمري,26.378547599999997,49.9716494,cafe,No rating,No reviews,OPERATIONAL,https://maps.google.com/?cid=N/A
N/A,Andes Coffee Roasters,26.380146600000003,50.003332799999995,cafe,4.6,144,OPERATIONAL,https://maps.google.com/?cid=N/A
N/A,كيان,26.3829037,50.000644699999995,cafe,3.9,117,OPERATIONAL,https://maps.google.com/?cid=N/A
N/A,Mazj coffee,26.3850294,49.9849854,cafe,4.8,145,OPERATIONAL,https://maps.google.com/?cid=N/A
N/A,تيم هورتينز Tim Hortons,26.378382199999997,49.9913315,cafe,4.3,116,OPERATIONAL,https://maps.google.com/?cid=N/A
N/A,كافية ايكيو EQ,26.3876577,49.9892069,cafe,4.9,61,OPERATIONAL,https://maps.google.com/?cid=N/A
N/A,هول بين,26.3803895,50.003569399999996,cafe,4.8,55,OPERATIONAL,https://maps.google.com/?cid=N/A
N/A,Barn's | بارنز,26.382734,50.000171599999994,cafe,2.7,6,OPERATIONAL,https://maps.google.com/?cid=N/A
N/A,إستراحة الونيسة,26.3685625,49.9979375,cafe,4.1,8,OPERATIONAL,https://maps.google.com/?cid=N/A
N/A,شاي الكوخ,26.3795605,50.0059381,cafe,4.8,19,OPERATIONAL,https://maps.google.com/?cid=N/A
N/A,Circle K - Saudi German Hospital,26.3780149,49.9913838,cafe,4,1,OPERATIONAL,https://maps.google.com/?cid=N/A
N/A,وايت ليون ( white lion ),26.3779433,50.006298699999995,cafe,5,10,OPERATIONAL,https://maps.google.com/?cid=N/A
N/A,فود ترك سكر زيادة,26.3779896,50.006231,cafe,4.6,24,OPERATIONAL,https://maps.google.com/?cid=N/A
N/A,شاهي مراسيم,26.383406899999997,50.0028911,cafe,4.9,24,OPERATIONAL,https://maps.google.com/?cid=N/A
N/A,شاهي ابو يوسف,26.3778619,50.0067391,cafe,5,4,OPERATIONAL,https://maps.google.com/?cid=N/A
N/A,جلسات شتويه الصقر,26.375857900000003,50.0045286,cafe,4.3,3,OPERATIONAL,https://maps.google.com/?cid=N/A
N/A,حلا حمامة,26.382866,50.001138,cafe,No rating,No reviews,OPERATIONAL,https://maps.google.com/?cid=N/A
N/A,غريب,26.382605599999998,50.0014002,cafe,No rating,No reviews,OPERATIONAL,https://maps.google.com/?cid=N/A
N/A,Leo Lounge,26.379904999999997,50.023591200000006,cafe,3.4,795,OPERATIONAL,https://maps.google.com/?cid=N/A
N/A,Andes Coffee Roasters,26.380146600000003,50.003332799999995,cafe,4.6,144,OPERATIONAL,https://maps.google.com/?cid=N/A
N/A,Dunkin' - دانكن,26.380579500000003,50.012104099999995,cafe,4,665,OPERATIONAL,https://maps.google.com/?cid=N/A
N/A,كيان,26.3829037,50.000644699999995,cafe,3.9,117,OPERATIONAL,https://maps.google.com/?cid=N/A
N/A,مزاج مغربي,26.3803125,50.0118125,cafe,4.1,29,OPERATIONAL,https://maps.google.com/?cid=N/A
N/A,Krispy kreme,26.380015900000004,50.011272399999996,cafe,4.1,9,OPERATIONAL,https://maps.google.com/?cid=N/A
N/A,هول بين,26.3803895,50.003569399999996,cafe,4.8,55,OPERATIONAL,https://maps.google.com/?cid=N/A
N/A,Road Café | قهوة الطريق,26.372988099999997,50.024655599999996,cafe,4.4,12,OPERATIONAL,https://maps.google.com/?cid=N/A
N/A,بارنز,26.373539599999997,50.024340599999995,cafe,4.8,4,OPERATIONAL,https://maps.google.com/?cid=N/A
N/A,استكانة كدم,26.378641899999998,50.008135499999995,cafe,4.7,62,OPERATIONAL,https://maps.google.com/?cid=N/A
N/A,ديوانية العرب,26.3728388,50.0239626,cafe,5,8,OPERATIONAL,https://maps.google.com/?cid=N/A
N/A,Barn's | بارنز,26.382734,50.000171599999994,cafe,2.7,6,OPERATIONAL,https://maps.google.com/?cid=N/A
N/A,شاي الكوخ,26.3795605,50.0059381,cafe,4.8,19,OPERATIONAL,https://maps.google.com/?cid=N/A
N/A,إستراحة الونيسة,26.3685625,49.9979375,cafe,4.1,8,OPERATIONAL,https://maps.google.com/?cid=N/A
N/A,وايت ليون ( white lion ),26.3779433,50.006298699999995,cafe,5,10,OPERATIONAL,https://maps.google.com/?cid=N/A
N/A,فود ترك سكر زيادة,26.3779896,50.006231,cafe,4.6,24,OPERATIONAL,https://maps.google.com/?cid=N/A
N/A,شاهي مراسيم,26.383406899999997,50.0028911,cafe,4.9,24,OPERATIONAL,https://maps.google.com/?cid=N/A
N/A,شاهي ابو يوسف,26.3778619,50.0067391,cafe,5,4,OPERATIONAL,https://maps.google.com/?cid=N/A
N/A,شاي و سمسم,26.3712843,50.0333091,cafe,4.3,397,OPERATIONAL,https://maps.google.com/?cid=N/A
N/A,Leo Lounge,26.379904999999997,50.023591200000006,cafe,3.4,795,OPERATIONAL,https://maps.google.com/?cid=N/A
N/A,شاي قرمز,26.3796064,50.0265919,cafe,4.4,300,OPERATIONAL,https://maps.google.com/?cid=N/A
N/A,Barn's | بارنز,26.369684200000002,50.027310899999996,cafe,2.8,24,OPERATIONAL,https://maps.google.com/?cid=N/A
N/A,جاز كوفي,26.366443999999998,50.0373424,cafe,4.8,149,OPERATIONAL,https://maps.google.com/?cid=N/A
N/A,بوفية الفحص الدوري,26.3730022,50.0293072,cafe,3.5,14,OPERATIONAL,https://maps.google.com/?cid=N/A
N/A,شاهي وجار Wijar Tea,26.365265700000002,50.038526999999995,cafe,4.8,173,OPERATIONAL,https://maps.google.com/?cid=N/A
N/A,ديوانيه المجلس 2,26.3740484,50.043147399999995,cafe,4,168,OPERATIONAL,https://maps.google.com/?cid=N/A
N/A,Road Café | قهوة الطريق,26.372988099999997,50.024655599999996,cafe,4.4,12,OPERATIONAL,https://maps.google.com/?cid=N/A
N/A,مطعم ومقهى مساءات Masaat Restaurants and Coffee,26.3671629,50.0332005,cafe,4.8,53,OPERATIONAL,https://maps.google.com/?cid=N/A
N/A,قهوة الفنار,26.3698461,50.0267443,cafe,3.5,46,OPERATIONAL,https://maps.google.com/?cid=N/A
N/A,بارنز,26.373539599999997,50.024340599999995,cafe,4.8,4,OPERATIONAL,https://maps.google.com/?cid=N/A
N/A,vip plus,26.3797573,50.026491899999996,cafe,4.1,8,OPERATIONAL,https://maps.google.com/?cid=N/A
N/A,ميلانو لاند المكان جميل وشكرا للموظفه داليا🥰,26.3848666,50.0250132,cafe,4.8,28,OPERATIONAL,https://maps.google.com/?cid=N/A
N/A,شركة ابو,26.3721024,50.0331998,cafe,5,15,OPERATIONAL,https://maps.google.com/?cid=N/A
N/A,ديوانية العرب,26.3728388,50.0239626,cafe,5,8,OPERATIONAL,https://maps.google.com/?cid=N/A
N/A,شاكي شاك,26.3661387,50.0323772,cafe,4.4,7,OPERATIONAL,https://maps.google.com/?cid=N/A
N/A,ديوانية السند,26.3655109,50.0381375,cafe,5,4,OPERATIONAL,https://maps.google.com/?cid=N/A
N/A,مخازن مؤسسة الصنف الأول للتجارة First BrandTrading stores,26.3734929,50.0427876,cafe,5,3,OPERATIONAL,https://maps.google.com/?cid=N/A
N/A,Cart Restaurant مطعم كارت,26.376441099999997,50.0611651,cafe,4.6,2879,OPERATIONAL,https://maps.google.com/?cid=N/A
N/A,The Coffee Lab,26.384081899999998,50.0547028,cafe,4,1184,OPERATIONAL,https://maps.google.com/?cid=N/A
N/A,SEKKAT ALKAIF Coffee Shop and Roaster,26.3700464,50.053384099999995,cafe,4.5,1303,OPERATIONAL,https://maps.google.com/?cid=N/A
N/A,Lounge لي ڤيلا كافيه/لاونج,26.373732099999998,50.0594866,cafe,4.2,841,OPERATIONAL,https://maps.google.com/?cid=N/A
N/A,شاي و سمسم,26.3712843,50.0333091,cafe,4.3,397,OPERATIONAL,https://maps.google.com/?cid=N/A
N/A,محمصة و مقهى زليبرتي ZELEBRITY ROASTERS,26.3780415,50.058532,cafe,4.5,863,OPERATIONAL,https://maps.google.com/?cid=N/A
N/A,Hot & Cold,26.3623457,50.043457,cafe,4.2,563,OPERATIONAL,https://maps.google.com/?cid=N/A
N/A,Dunkin - دانكن,26.361445999999997,50.045103,cafe,4,1620,OPERATIONAL,https://maps.google.com/?cid=N/A
N/A,قهوة خشف,26.369865599999997,50.0575173,cafe,4.5,326,OPERATIONAL,https://maps.google.com/?cid=N/A
N/A,The Coffee Address | عنوان القهوة,26.361708999999998,50.045417,cafe,4.1,148,OPERATIONAL,https://maps.google.com/?cid=N/A
N/A,ديوانية طيبة,26.369508399999997,50.0585144,cafe,4.2,323,OPERATIONAL,https://maps.google.com/?cid=N/A
N/A,ديوانية الليل,26.3780625,50.0489375,cafe,4.3,329,OPERATIONAL,https://maps.google.com/?cid=N/A
N/A,مزاج مغربي,26.361379,50.044833,cafe,4.4,91,OPERATIONAL,https://maps.google.com/?cid=N/A
N/A,ADAM Coffee آدم كافيه,26.370592199999997,50.057618899999994,cafe,4.7,334,OPERATIONAL,https://maps.google.com/?cid=N/A
N/A,Onda Coffee - مقهى أوندا,26.3658652,50.0497654,cafe,4.4,148,OPERATIONAL,https://maps.google.com/?cid=N/A
N/A,Barn's | بارنز,26.3826745,50.055182699999996,cafe,4.3,623,OPERATIONAL,https://maps.google.com/?cid=N/A
N/A,مركز القوة العاشرة - Tenth power,26.3818766,50.0473041,cafe,4.8,230,OPERATIONAL,https://maps.google.com/?cid=N/A
N/A,مقهى ومحمصة سمبلسيتي | Simplicity cafe & roastery,26.361466999999998,50.045156899999995,cafe,4.5,107,OPERATIONAL,https://maps.google.com/?cid=N/A
N/A,شاي بخار,26.3700194,50.0529509,cafe,4.2,224,OPERATIONAL,https://maps.google.com/?cid=N/A
N/A,FUKU Coffee | فوكو,26.370199799999998,50.053647,cafe,4.6,139,OPERATIONAL,https://maps.google.com/?cid=N/A
N/A,Cart Restaurant مطعم كارت,26.376441099999997,50.0611651,cafe,4.6,2879,OPERATIONAL,https://maps.google.com/?cid=N/A
N/A,The Coffee Lab,26.384081899999998,50.0547028,cafe,4,1184,OPERATIONAL,https://maps.google.com/?cid=N/A
N/A,Lounge لي ڤيلا كافيه/لاونج,26.373732099999998,50.0594866,cafe,4.2,841,OPERATIONAL,https://maps.google.com/?cid=N/A
N/A,SEKKAT ALKAIF Coffee Shop and Roaster,26.3700464,50.053384099999995,cafe,4.5,1303,OPERATIONAL,https://maps.google.com/?cid=N/A
N/A,محمصة و مقهى زليبرتي ZELEBRITY ROASTERS,26.3780415,50.058532,cafe,4.5,863,OPERATIONAL,https://maps.google.com/?cid=N/A
N/A,Dunkin' - دانكن,26.3656875,50.0701875,cafe,3.9,864,OPERATIONAL,https://maps.google.com/?cid=N/A
N/A,Sikkat Karak,26.366277699999998,50.075632999999996,cafe,4.3,1095,OPERATIONAL,https://maps.google.com/?cid=N/A
N/A,قهوة خشف,26.369865599999997,50.0575173,cafe,4.5,326,OPERATIONAL,https://maps.google.com/?cid=N/A
N/A,ديوانية طيبة,26.369508399999997,50.0585144,cafe,4.2,323,OPERATIONAL,https://maps.google.com/?cid=N/A
N/A,Krispy Kreme,26.364615500000003,50.062147499999995,cafe,4.1,188,OPERATIONAL,https://maps.google.com/?cid=N/A
N/A,Luqaimat Alasal لقيمات العسل,26.3712662,50.064617899999995,cafe,4.6,1071,OPERATIONAL,https://maps.google.com/?cid=N/A
N/A,ADAM Coffee آدم كافيه,26.370592199999997,50.057618899999994,cafe,4.7,334,OPERATIONAL,https://maps.google.com/?cid=N/A
N/A,Barn's | بارنز,26.3826745,50.055182699999996,cafe,4.3,623,OPERATIONAL,https://maps.google.com/?cid=N/A
N/A,بيسك كب - Basic cup,26.3678374,50.0597843,cafe,4.5,131,OPERATIONAL,https://maps.google.com/?cid=N/A
N/A,شاي بخار,26.3700194,50.0529509,cafe,4.2,224,OPERATIONAL,https://maps.google.com/?cid=N/A
N/A,PASTEL باستيل الفيصليه,26.377763599999998,50.060067499999995,cafe,4.6,202,OPERATIONAL,https://maps.google.com/?cid=N/A
N/A,FUKU Coffee | فوكو,26.370199799999998,50.053647,cafe,4.6,139,OPERATIONAL,https://maps.google.com/?cid=N/A
N/A,THERMOCUP | ثيرموكب,26.370155,50.0531699,cafe,4.3,680,OPERATIONAL,https://maps.google.com/?cid=N/A
N/A,Barn's | بارنز,26.3827513,50.072760099999996,cafe,4.3,93,OPERATIONAL,https://maps.google.com/?cid=N/A
N/A,دكة مارادونا,26.3849147,50.059179099999994,cafe,4.4,99,OPERATIONAL,https://maps.google.com/?cid=N/A
N/A,كيف التوأم,26.3761984,50.089225299999995,cafe,4.2,1844,OPERATIONAL,https://maps.google.com/?cid=N/A
N/A,LLAMA,26.3665579,50.0939111,cafe,4.5,3287,OPERATIONAL,https://maps.google.com/?cid=N/A
N/A,مقهى و محمصة وودز | WOODS Specialty Café & Roastery‎,26.3678255,50.092773,cafe,4.6,1763,OPERATIONAL,https://maps.google.com/?cid=N/A
N/A,Umbrella - Dammam,26.376071999999997,50.088830099999996,cafe,4.3,2332,OPERATIONAL,https://maps.google.com/?cid=N/A
N/A,Mgnad Tea House مقند شاهي مختص,26.370742399999997,50.0945241,cafe,4.7,539,OPERATIONAL,https://maps.google.com/?cid=N/A
N/A,Milan Way Cafe and Restaurant,26.366882999999998,50.093657099999994,cafe,4.2,2332,OPERATIONAL,https://maps.google.com/?cid=N/A
N/A,Starbucks,26.3713879,50.095802,cafe,4,832,OPERATIONAL,https://maps.google.com/?cid=N/A
N/A,RATIO Speciality Coffee,26.3713011,50.089833600000006,cafe,3.9,642,OPERATIONAL,https://maps.google.com/?cid=N/A
N/A,Sikkat Karak,26.366277699999998,50.075632999999996,cafe,4.3,1095,OPERATIONAL,https://maps.google.com/?cid=N/A
N/A,Tim Hortons Mazaya Gas Station,26.379904999999997,50.086740999999996,cafe,4.2,1873,OPERATIONAL,https://maps.google.com/?cid=N/A
N/A,مقهى ومحمصة قاف,26.3697259,50.084083899999996,cafe,4.5,168,OPERATIONAL,https://maps.google.com/?cid=N/A
N/A,مقهى ومحمصة أودن,26.3758311,50.0881324,cafe,4.3,120,OPERATIONAL,https://maps.google.com/?cid=N/A
N/A,تليو Tilio,26.3689818,50.0799278,cafe,4.5,244,OPERATIONAL,https://maps.google.com/?cid=N/A
N/A,سرد,26.3688313,50.081855,cafe,4.8,263,OPERATIONAL,https://maps.google.com/?cid=N/A
N/A,OLABS | اولابز,26.376374199999997,50.0889491,cafe,4,220,OPERATIONAL,https://maps.google.com/?cid=N/A
N/A,Gamma,26.371271999999998,50.0897038,cafe,4.8,698,OPERATIONAL,https://maps.google.com/?cid=N/A
N/A,Sip day specialty coffee,26.3671771,50.079291999999995,cafe,4.6,145,OPERATIONAL,https://maps.google.com/?cid=N/A
N/A,مقهى ومحمصة سمبلسيتي | Simplicity cafe & roastery,26.3709115,50.0947451,cafe,4.5,205,OPERATIONAL,https://maps.google.com/?cid=N/A
N/A,Motive Cafe,26.3758737,50.0885804,cafe,4.6,86,OPERATIONAL,https://maps.google.com/?cid=N/A
N/A,حلم,26.3752953,50.0875215,cafe,4.7,212,OPERATIONAL,https://maps.google.com/?cid=N/A
N/A,كيف التوأم,26.3761984,50.089225299999995,cafe,4.2,1844,OPERATIONAL,https://maps.google.com/?cid=N/A
N/A,8oz Coffee,26.372754,50.099579,cafe,4.1,3965,OPERATIONAL,https://maps.google.com/?cid=N/A
N/A,LLAMA,26.3665579,50.0939111,cafe,4.5,3287,OPERATIONAL,https://maps.google.com/?cid=N/A
N/A,نَصّ | الدمام,26.3860817,50.1044212,cafe,3.8,707,OPERATIONAL,https://maps.google.com/?cid=N/A
N/A,مقهى و محمصة وودز | WOODS Specialty Café & Roastery‎,26.3678255,50.092773,cafe,4.6,1763,OPERATIONAL,https://maps.google.com/?cid=N/A
N/A,مثلث الكرات triangle balls,26.386847099999997,50.104406499999996,cafe,4,679,OPERATIONAL,https://maps.google.com/?cid=N/A
N/A,Umbrella - Dammam,26.376071999999997,50.088830099999996,cafe,4.3,2332,OPERATIONAL,https://maps.google.com/?cid=N/A
N/A,Mgnad Tea House مقند شاهي مختص,26.370742399999997,50.0945241,cafe,4.7,539,OPERATIONAL,https://maps.google.com/?cid=N/A
N/A,Milan Way Cafe and Restaurant,26.366882999999998,50.093657099999994,cafe,4.2,2332,OPERATIONAL,https://maps.google.com/?cid=N/A
N/A,Starbucks,26.3713879,50.095802,cafe,4,832,OPERATIONAL,https://maps.google.com/?cid=N/A
N/A,Ballet cafe - باليـة,26.366247299999998,50.0942083,cafe,3.9,376,OPERATIONAL,https://maps.google.com/?cid=N/A
N/A,RATIO Speciality Coffee,26.3713011,50.089833600000006,cafe,3.9,642,OPERATIONAL,https://maps.google.com/?cid=N/A
N/A,OMOTENASHI,26.379583200000003,50.103615,cafe,4.7,473,OPERATIONAL,https://maps.google.com/?cid=N/A
N/A,Kyan‎,26.3837978,50.097206899999996,cafe,4.2,623,OPERATIONAL,https://maps.google.com/?cid=N/A
N/A,ONA Roastery & Bakery,26.378572199999997,50.103516299999995,cafe,4.5,287,OPERATIONAL,https://maps.google.com/?cid=N/A
N/A,شاي خالد,26.3736832,50.1023697,cafe,4.2,322,OPERATIONAL,https://maps.google.com/?cid=N/A
N/A,Majlis Almasa,26.365585799999998,50.0947617,cafe,3.8,932,OPERATIONAL,https://maps.google.com/?cid=N/A
N/A,مقهى ومحمصة أودن,26.3758311,50.0881324,cafe,4.3,120,OPERATIONAL,https://maps.google.com/?cid=N/A
N/A,Tim Hortons Mazaya Gas Station,26.379904999999997,50.086740999999996,cafe,4.2,1873,OPERATIONAL,https://maps.google.com/?cid=N/A
N/A,Repeat Speciality Coffee,26.3730974,50.1202572,cafe,4.4,422,OPERATIONAL,https://maps.google.com/?cid=N/A
N/A,Onda Coffee مقهى أوندا,26.3763014,50.1228128,cafe,4.3,768,OPERATIONAL,https://maps.google.com/?cid=N/A
N/A,ATYPICAL,26.378760500000002,50.1233795,cafe,4.6,113,OPERATIONAL,https://maps.google.com/?cid=N/A
N/A,Dunkin' - دانكن,26.3745625,50.118312499999995,cafe,4,942,OPERATIONAL,https://maps.google.com/?cid=N/A
N/A,ELBUNA Coffee Roasters,26.367643899999997,50.1054786,cafe,4.9,195,OPERATIONAL,https://maps.google.com/?cid=N/A
N/A,شاهي رمث,26.3733847,50.1221957,cafe,4.8,255,OPERATIONAL,https://maps.google.com/?cid=N/A
N/A,شاي مدخن,26.373562500000002,50.1282344,cafe,4.9,150,OPERATIONAL,https://maps.google.com/?cid=N/A
N/A,بُنّه كوفي,26.378754699999998,50.1172207,cafe,4.9,15,OPERATIONAL,https://maps.google.com/?cid=N/A
N/A,شاهي حمره,26.3735855,50.1214072,cafe,5,509,OPERATIONAL,https://maps.google.com/?cid=N/A
N/A,كشك غاليه,26.378609299999997,50.1187538,cafe,4.8,37,OPERATIONAL,https://maps.google.com/?cid=N/A
N/A,مقهى بيت الدراجين,26.3840625,50.1253125,cafe,3.7,3,OPERATIONAL,https://maps.google.com/?cid=N/A
N/A,طعيم | شاي مختص,26.372953799999998,50.1272167,cafe,4.6,54,OPERATIONAL,https://maps.google.com/?cid=N/A
N/A,NUMBER NINE,26.377953599999998,50.1192004,cafe,5,7,OPERATIONAL,https://maps.google.com/?cid=N/A
N/A,Road Café | قهوة الطريق,26.3743932,50.1192145,cafe,3.9,7,OPERATIONAL,https://maps.google.com/?cid=N/A
N/A,ديڤا كافيه -Diva coffee,26.386050299999997,50.1221636,cafe,4.7,46,OPERATIONAL,https://maps.google.com/?cid=N/A
N/A,مقهى ميامن البن لتقديم المشروبات,26.3764377,50.1244684,cafe,3,2,OPERATIONAL,https://maps.google.com/?cid=N/A
N/A,Onda Coffee مقهى أوندا,26.3763014,50.1228128,cafe,4.3,768,OPERATIONAL,https://maps.google.com/?cid=N/A
N/A,ATYPICAL,26.378760500000002,50.1233795,cafe,4.6,113,OPERATIONAL,https://maps.google.com/?cid=N/A
N/A,CAWALEES كواليس,26.3805505,50.148041,cafe,3.8,234,OPERATIONAL,https://maps.google.com/?cid=N/A
N/A,Mix and Match Coffee and Bakery - مقهى مكس اند ماتش,26.378063599999997,50.1480472,cafe,4.7,128,OPERATIONAL,https://maps.google.com/?cid=N/A
N/A,Starbucks,26.380989099999997,50.148113699999996,cafe,4.4,260,OPERATIONAL,https://maps.google.com/?cid=N/A
N/A,LEVANTINE LOUNG & RESTAURANT ليفانتين لاونج,26.3740489,50.1480464,cafe,4.8,135,OPERATIONAL,https://maps.google.com/?cid=N/A
N/A,شاهي رمث,26.3733847,50.1221957,cafe,4.8,255,OPERATIONAL,https://maps.google.com/?cid=N/A
N/A,شاي مدخن,26.373562500000002,50.1282344,cafe,4.9,150,OPERATIONAL,https://maps.google.com/?cid=N/A
N/A,مقهى همسة مزاج,26.3779668,50.1483284,cafe,3.9,48,OPERATIONAL,https://maps.google.com/?cid=N/A
N/A,شاهي حمره,26.3735855,50.1214072,cafe,5,509,OPERATIONAL,https://maps.google.com/?cid=N/A
N/A,طعيم | شاي مختص,26.372953799999998,50.1272167,cafe,4.6,54,OPERATIONAL,https://maps.google.com/?cid=N/A
N/A,دانكن,26.3813152,50.1481985,cafe,1.8,16,OPERATIONAL,https://maps.google.com/?cid=N/A
N/A,مقهى ميامن البن لتقديم المشروبات,26.3764377,50.1244684,cafe,3,2,OPERATIONAL,https://maps.google.com/?cid=N/A
N/A,Bukhari Farrah 3 qasr Al Khalige,26.384078499999998,50.1412458,cafe,No rating,No reviews,OPERATIONAL,https://maps.google.com/?cid=N/A
N/A,ترك شاي واكثر,26.3728765,50.127762499999996,cafe,5,1,OPERATIONAL,https://maps.google.com/?cid=N/A
N/A,SPADA (Coffee & Sweet),26.373081499999998,50.1264665,cafe,5,34,OPERATIONAL,https://maps.google.com/?cid=N/A
N/A,CAWALEES كواليس,26.3805505,50.148041,cafe,3.8,234,OPERATIONAL,https://maps.google.com/?cid=N/A
N/A,Mix and Match Coffee and Bakery - مقهى مكس اند ماتش,26.378063599999997,50.1480472,cafe,4.7,128,OPERATIONAL,https://maps.google.com/?cid=N/A
N/A,Starbucks,26.380989099999997,50.148113699999996,cafe,4.4,260,OPERATIONAL,https://maps.google.com/?cid=N/A
N/A,LEVANTINE LOUNG & RESTAURANT ليفانتين لاونج,26.3740489,50.1480464,cafe,4.8,135,OPERATIONAL,https://maps.google.com/?cid=N/A
N/A,Dunkin' - دانكن,26.385531999999998,50.149494999999995,cafe,3.1,79,OPERATIONAL,https://maps.google.com/?cid=N/A
N/A,مقهى همسة مزاج,26.3779668,50.1483284,cafe,3.9,48,OPERATIONAL,https://maps.google.com/?cid=N/A
N/A,دانكن,26.3813152,50.1481985,cafe,1.8,16,OPERATIONAL,https://maps.google.com/?cid=N/A
N/A,SA’AH Cafe مقهى سعة,26.379311899999998,50.182052,cafe,4.7,626,OPERATIONAL,https://maps.google.com/?cid=N/A
N/A,SKY By Archi,26.369928599999998,50.176820299999996,cafe,4,1006,OPERATIONAL,https://maps.google.com/?cid=N/A
N/A,8oz Coffee | ايت اوز كوفي,26.3825473,50.17834380000001,cafe,4.2,901,OPERATIONAL,https://maps.google.com/?cid=N/A
N/A,Four Squares Café,26.379938,50.178208,cafe,4.7,2098,OPERATIONAL,https://maps.google.com/?cid=N/A
N/A,ADNOC Service Station | Al Qashlah (2007),26.3630838,50.1779371,cafe,4.4,400,OPERATIONAL,https://maps.google.com/?cid=N/A
N/A,Tim Hortons,26.379626200000004,50.181978699999995,cafe,4.2,1478,OPERATIONAL,https://maps.google.com/?cid=N/A
N/A,Starbucks,26.372704799999998,50.178609699999996,cafe,4.3,1062,OPERATIONAL,https://maps.google.com/?cid=N/A
N/A,Dunkin' - دانكن,26.362947799999997,50.1777236,cafe,3.7,160,OPERATIONAL,https://maps.google.com/?cid=N/A
N/A,Tim Hortons,26.370908699999998,50.1747995,cafe,4.8,209,OPERATIONAL,https://maps.google.com/?cid=N/A
N/A,ZOLIEA زوليه,26.3629577,50.177247799999996,cafe,4.5,171,OPERATIONAL,https://maps.google.com/?cid=N/A
N/A,Crafter Cafe مقهى كرافتر,26.3751838,50.1750274,cafe,4.7,58,OPERATIONAL,https://maps.google.com/?cid=N/A
N/A,20 degree coffee,26.368179299999998,50.179731800000006,cafe,3.9,51,OPERATIONAL,https://maps.google.com/?cid=N/A
N/A,ليفت القشلة LEFT AlQashla,26.3724375,50.1739375,cafe,4.7,44,OPERATIONAL,https://maps.google.com/?cid=N/A
N/A,Sky Lounge,26.3668613,50.177799199999995,cafe,4.4,241,OPERATIONAL,https://maps.google.com/?cid=N/A
N/A,اولابز | OLABS‏,26.3843137,50.167625,cafe,3.8,48,OPERATIONAL,https://maps.google.com/?cid=N/A
N/A,Blue K Lounge,26.3669478,50.1776632,cafe,4,10,OPERATIONAL,https://maps.google.com/?cid=N/A
N/A,Wogard Coffee Roasters,26.3771666,50.178799299999994,cafe,3.4,8,OPERATIONAL,https://maps.google.com/?cid=N/A
N/A,Road Café | قهوة الطريق,26.3629491,50.1780214,cafe,4.4,18,OPERATIONAL,https://maps.google.com/?cid=N/A
N/A,شاي متعب,26.3807314,50.1818341,cafe,5,39,OPERATIONAL,https://maps.google.com/?cid=N/A
N/A,SA’AH Cafe مقهى سعة,26.379311899999998,50.182052,cafe,4.7,626,OPERATIONAL,https://maps.google.com/?cid=N/A
N/A,SKY By Archi,26.369928599999998,50.176820299999996,cafe,4,1006,OPERATIONAL,https://maps.google.com/?cid=N/A
N/A,Fudge & Co. | .فدج اند كو,26.3636299,50.191226799999995,cafe,4.5,601,OPERATIONAL,https://maps.google.com/?cid=N/A
N/A,Four Squares Café,26.379938,50.178208,cafe,4.7,2098,OPERATIONAL,https://maps.google.com/?cid=N/A
N/A,8oz Coffee | ايت اوز كوفي,26.3825473,50.17834380000001,cafe,4.2,901,OPERATIONAL,https://maps.google.com/?cid=N/A
N/A,Tim Hortons,26.379626200000004,50.181978699999995,cafe,4.2,1478,OPERATIONAL,https://maps.google.com/?cid=N/A
N/A,Atia cafe,26.3673166,50.195169899999996,cafe,4,287,OPERATIONAL,https://maps.google.com/?cid=N/A
N/A,Starbucks,26.372704799999998,50.178609699999996,cafe,4.3,1062,OPERATIONAL,https://maps.google.com/?cid=N/A
N/A,Simplicity,26.363544599999997,50.1987269,cafe,4.4,48,OPERATIONAL,https://maps.google.com/?cid=N/A
N/A,20 degree coffee,26.368179299999998,50.179731800000006,cafe,3.9,51,OPERATIONAL,https://maps.google.com/?cid=N/A
N/A,دروازة الخباز,26.362050699999998,50.1951794,cafe,4.2,175,OPERATIONAL,https://maps.google.com/?cid=N/A
N/A,7 Grams Drive Thru - Somou (soon),26.3788489,50.1962475,cafe,4.8,86,OPERATIONAL,https://maps.google.com/?cid=N/A
N/A,Wiso Bakery- الراكة,26.3793641,50.1957631,cafe,4.3,101,OPERATIONAL,https://maps.google.com/?cid=N/A
N/A,Dunkin' - دانكن,26.384919999999997,50.186232000000004,cafe,3.8,249,OPERATIONAL,https://maps.google.com/?cid=N/A
N/A,Tea House,26.368269299999998,50.1948102,cafe,4,24,OPERATIONAL,https://maps.google.com/?cid=N/A
N/A,Jeep lounge,26.3652665,50.1848726,cafe,4.9,10,OPERATIONAL,https://maps.google.com/?cid=N/A
N/A,Wogard Coffee Roasters,26.3771666,50.178799299999994,cafe,3.4,8,OPERATIONAL,https://maps.google.com/?cid=N/A
N/A,شاي متعب,26.3807314,50.1818341,cafe,5,39,OPERATIONAL,https://maps.google.com/?cid=N/A
N/A,مقهى ومحمصة أور | OUR COFFEE ROASTERS,26.362611599999997,50.205043499999995,cafe,4.7,440,OPERATIONAL,https://maps.google.com/?cid=N/A
N/A,TEA TIME RAKAH (وقت الشاي),26.3661908,50.2041242,cafe,4.1,662,OPERATIONAL,https://maps.google.com/?cid=N/A
N/A,Bling | بلنق,26.3618231,50.206285099999995,cafe,4.3,295,OPERATIONAL,https://maps.google.com/?cid=N/A
N/A,Diana Lounge ديانا لاونج,26.3663831,50.2072499,cafe,4.2,345,OPERATIONAL,https://maps.google.com/?cid=N/A
N/A,مقهى ما بعد العاشرة,26.366188599999997,50.2083075,cafe,4,535,OPERATIONAL,https://maps.google.com/?cid=N/A
N/A,Khobar oasis Shisha & Coffee,26.3667147,50.2070374,cafe,3.8,181,OPERATIONAL,https://maps.google.com/?cid=N/A
N/A,Cafe!n كافي ان,26.378199,50.207256,cafe,4.8,131,OPERATIONAL,https://maps.google.com/?cid=N/A
N/A,Barn's | بارنز,26.3676374,50.20419,cafe,4.7,55,OPERATIONAL,https://maps.google.com/?cid=N/A
N/A,7 Grams Drive Thru - Somou (soon),26.3788489,50.1962475,cafe,4.8,86,OPERATIONAL,https://maps.google.com/?cid=N/A
N/A,Dunkin' - دانكن,26.365880299999997,50.206598899999996,cafe,4.3,76,OPERATIONAL,https://maps.google.com/?cid=N/A
N/A,Blue Sky Coffee,26.3628239,50.206350199999996,cafe,4,193,OPERATIONAL,https://maps.google.com/?cid=N/A
N/A,Wiso Bakery- الراكة,26.3793641,50.1957631,cafe,4.3,101,OPERATIONAL,https://maps.google.com/?cid=N/A
N/A,محل موغل للحلويات mughal sweets &bakers,26.363368599999998,50.2010256,cafe,4,172,OPERATIONAL,https://maps.google.com/?cid=N/A
N/A,Archi | أرتشي,26.3799432,50.218266799999995,cafe,4.9,8,OPERATIONAL,https://maps.google.com/?cid=N/A
N/A,NBS,26.3664381,50.2073308,cafe,5,4,OPERATIONAL,https://maps.google.com/?cid=N/A
N/A,بيت المزاج,26.3841951,50.205358700000005,cafe,4.7,15,OPERATIONAL,https://maps.google.com/?cid=N/A
N/A,Khobr,26.3662885,50.2042769,cafe,5,1,OPERATIONAL,https://maps.google.com/?cid=N/A
N/A,ONA Roastery & Bakery,26.371824699999998,50.2284857,cafe,4.4,681,OPERATIONAL,https://maps.google.com/?cid=N/A
N/A,A place for people,26.371992199999998,50.229121000000006,cafe,4.5,468,OPERATIONAL,https://maps.google.com/?cid=N/A
N/A,شاي ابو شنب,26.381787499999998,50.2343906,cafe,4.3,244,OPERATIONAL,https://maps.google.com/?cid=N/A
N/A,بيالة,26.383677499999997,50.2355184,cafe,4.3,36,OPERATIONAL,https://maps.google.com/?cid=N/A
N/A,شاي مسقف,26.383457699999997,50.2354011,cafe,4.6,53,OPERATIONAL,https://maps.google.com/?cid=N/A
N/A,مقطار,26.3827688,50.235010499999994,cafe,4.4,61,OPERATIONAL,https://maps.google.com/?cid=N/A
N/A,شاهي ضو,26.384839799999998,50.2358676,cafe,4.9,161,OPERATIONAL,https://maps.google.com/?cid=N/A
N/A,شاي T1 ( ترك ),26.3720125,50.2369844,cafe,5,13,OPERATIONAL,https://maps.google.com/?cid=N/A
N/A,مستهل,26.3823004,50.2348455,cafe,3.9,19,OPERATIONAL,https://maps.google.com/?cid=N/A
N/A,شاي تذكار,26.3850309,50.235942599999994,cafe,4.2,46,OPERATIONAL,https://maps.google.com/?cid=N/A
N/A,.RATIO Speciality Coffee | ريشيو للقهوة المختصة,26.371930499999998,50.2289172,cafe,4.8,16,OPERATIONAL,https://maps.google.com/?cid=N/A
N/A,Archi | أرتشي,26.3799432,50.218266799999995,cafe,4.9,8,OPERATIONAL,https://maps.google.com/?cid=N/A
N/A,غدق,26.3844918,50.2358818,cafe,4.7,47,OPERATIONAL,https://maps.google.com/?cid=N/A
N/A,باشا بورشيد,26.3752734,50.2351532,cafe,5,3,OPERATIONAL,https://maps.google.com/?cid=N/A
N/A,شاهي,26.3832458,50.235289099999996,cafe,5,3,OPERATIONAL,https://maps.google.com/?cid=N/A
N/A,شاي الطريق,26.384773199999998,50.2359131,cafe,5,32,OPERATIONAL,https://maps.google.com/?cid=N/A
N/A,مأكولات وشاي حوسه,26.3751125,50.2350469,cafe,No rating,No reviews,OPERATIONAL,https://maps.google.com/?cid=N/A
N/A,شاي جمعه,26.3835984,50.235495099999994,cafe,4.4,11,OPERATIONAL,https://maps.google.com/?cid=N/A
N/A,قولدن بارك,26.3816585,50.2344127,cafe,4.2,5,OPERATIONAL,https://maps.google.com/?cid=N/A
N/A,Mazj coffee,26.3850294,49.9849854,cafe,4.8,145,OPERATIONAL,https://maps.google.com/?cid=N/A
N/A,شاي موروث | MOROOTH,26.3862034,49.984346599999995,cafe,5,15,OPERATIONAL,https://maps.google.com/?cid=N/A
N/A,ناصر الحارثي,26.386673199999997,49.9644681,cafe,No rating,No reviews,OPERATIONAL,https://maps.google.com/?cid=N/A
N/A,كيان,26.3829037,50.000644699999995,cafe,3.9,117,OPERATIONAL,https://maps.google.com/?cid=N/A
N/A,Mazj coffee,26.3850294,49.9849854,cafe,4.8,145,OPERATIONAL,https://maps.google.com/?cid=N/A
N/A,كافية ايكيو EQ,26.3876577,49.9892069,cafe,4.9,61,OPERATIONAL,https://maps.google.com/?cid=N/A
N/A,Barn's | بارنز,26.382734,50.000171599999994,cafe,2.7,6,OPERATIONAL,https://maps.google.com/?cid=N/A
N/A,شاهي مراسيم,26.383406899999997,50.0028911,cafe,4.9,24,OPERATIONAL,https://maps.google.com/?cid=N/A
N/A,شاي موروث | MOROOTH,26.3862034,49.984346599999995,cafe,5,15,OPERATIONAL,https://maps.google.com/?cid=N/A
N/A,حلا حمامة,26.382866,50.001138,cafe,No rating,No reviews,OPERATIONAL,https://maps.google.com/?cid=N/A
N/A,غريب,26.382605599999998,50.0014002,cafe,No rating,No reviews,OPERATIONAL,https://maps.google.com/?cid=N/A
N/A,مقهى فجر الديوانية,26.3950946,50.0122953,cafe,3.6,1509,OPERATIONAL,https://maps.google.com/?cid=N/A
N/A,CAMEL COFFEE | مقهى وشيشة الجمل,26.4007705,50.0172501,cafe,4.1,381,OPERATIONAL,https://maps.google.com/?cid=N/A
N/A,Starbucks,26.394490599999997,50.019149999999996,cafe,4.2,240,OPERATIONAL,https://maps.google.com/?cid=N/A
N/A,Dunkin' - دانكن,26.380579500000003,50.012104099999995,cafe,4,665,OPERATIONAL,https://maps.google.com/?cid=N/A
N/A,Camel car services & Shisha bar | مغسلة و مقهى وشيشه الجمل,26.4008742,50.0172615,cafe,4.2,830,OPERATIONAL,https://maps.google.com/?cid=N/A
N/A,مزاج مغربي طريق ابوحدرية,26.397333,50.018502399999996,cafe,4.3,29,OPERATIONAL,https://maps.google.com/?cid=N/A
N/A,كيان,26.3829037,50.000644699999995,cafe,3.9,117,OPERATIONAL,https://maps.google.com/?cid=N/A
N/A,كيف كافي - KAIF COFFEE,26.4014082,50.0170757,cafe,4.7,51,OPERATIONAL,https://maps.google.com/?cid=N/A
N/A,مزاج مغربي,26.3803125,50.0118125,cafe,4.1,29,OPERATIONAL,https://maps.google.com/?cid=N/A
N/A,مقهى أمواج الشرق,26.4021826,50.010479,cafe,4.2,13,OPERATIONAL,https://maps.google.com/?cid=N/A
N/A,Krispy kreme,26.380015900000004,50.011272399999996,cafe,4.1,9,OPERATIONAL,https://maps.google.com/?cid=N/A
N/A,Barn's | بارنز,26.3968781,50.0174181,cafe,3.6,56,OPERATIONAL,https://maps.google.com/?cid=N/A
N/A,مفاز درايف ثرو - Mafaz Drive Thru,26.397309,50.0185165,cafe,4.4,17,OPERATIONAL,https://maps.google.com/?cid=N/A
N/A,Barn's | بارنز,26.382734,50.000171599999994,cafe,2.7,6,OPERATIONAL,https://maps.google.com/?cid=N/A
N/A,شاهي جمر أبو موسى,26.399662199999998,50.0101583,cafe,3.8,4,OPERATIONAL,https://maps.google.com/?cid=N/A
N/A,شاهي مراسيم,26.383406899999997,50.0028911,cafe,4.9,24,OPERATIONAL,https://maps.google.com/?cid=N/A
N/A,ديوانية الشتاء,26.388863399999998,50.0209747,cafe,No rating,No reviews,OPERATIONAL,https://maps.google.com/?cid=N/A
N/A,دوح وشاهي فرع 4 درايف ثرو,26.4054771,50.0146735,cafe,5,3,OPERATIONAL,https://maps.google.com/?cid=N/A
N/A,محل الراية لتقديم المشروبات(sweets&coffee),26.4040443,50.018359399999994,cafe,1,1,OPERATIONAL,https://maps.google.com/?cid=N/A
N/A,24Cafe,26.3972666,50.0170744,cafe,5,2,OPERATIONAL,https://maps.google.com/?cid=N/A
N/A,Leo Lounge,26.379904999999997,50.023591200000006,cafe,3.4,795,OPERATIONAL,https://maps.google.com/?cid=N/A
N/A,Baith Al Karak,26.3925826,50.0314809,cafe,4,1553,OPERATIONAL,https://maps.google.com/?cid=N/A
N/A,CAMEL COFFEE | مقهى وشيشة الجمل,26.4007705,50.0172501,cafe,4.1,381,OPERATIONAL,https://maps.google.com/?cid=N/A
N/A,VERT CAFÉ,26.3981215,50.036454799999994,cafe,4.7,389,OPERATIONAL,https://maps.google.com/?cid=N/A
N/A,Starbucks,26.394490599999997,50.019149999999996,cafe,4.2,240,OPERATIONAL,https://maps.google.com/?cid=N/A
N/A,شاي قرمز,26.3796064,50.0265919,cafe,4.4,300,OPERATIONAL,https://maps.google.com/?cid=N/A
N/A,Starbucks,26.391545999999998,50.036877999999994,cafe,4.1,435,OPERATIONAL,https://maps.google.com/?cid=N/A
N/A,مقهى سمبلسيتي |Simplicity cafe,26.3938842,50.0343871,cafe,4.2,131,OPERATIONAL,https://maps.google.com/?cid=N/A
N/A,Camel car services & Shisha bar | مغسلة و مقهى وشيشه الجمل,26.4008742,50.0172615,cafe,4.2,830,OPERATIONAL,https://maps.google.com/?cid=N/A
N/A,٧ جرام - النخيل مول,26.3902122,50.037221599999995,cafe,4.9,1742,OPERATIONAL,https://maps.google.com/?cid=N/A
N/A,DAZZLING CAFE,26.3911823,50.0382165,cafe,4.6,648,OPERATIONAL,https://maps.google.com/?cid=N/A
N/A,"L'ETO caffe - Nakheel Mall, Dammam",26.3902152,50.037044599999994,cafe,4.6,3635,OPERATIONAL,https://maps.google.com/?cid=N/A
N/A,Barn's | بارنز,26.395906399999998,50.0380933,cafe,4.2,33,OPERATIONAL,https://maps.google.com/?cid=N/A
N/A,لمة كرك,26.392700899999998,50.0314145,cafe,4.1,138,OPERATIONAL,https://maps.google.com/?cid=N/A
N/A,مزاج مغربي طريق ابوحدرية,26.397333,50.018502399999996,cafe,4.3,29,OPERATIONAL,https://maps.google.com/?cid=N/A
N/A,Tim Hortons,26.3912765,50.0380026,cafe,4.5,220,OPERATIONAL,https://maps.google.com/?cid=N/A
N/A,Cinnabon,26.39135,50.038947,cafe,2.7,153,OPERATIONAL,https://maps.google.com/?cid=N/A
N/A,مقهى أصل الشاي,26.393842499999998,50.034093299999995,cafe,4.3,56,OPERATIONAL,https://maps.google.com/?cid=N/A
N/A,كيف كافي - KAIF COFFEE,26.4014082,50.0170757,cafe,4.7,51,OPERATIONAL,https://maps.google.com/?cid=N/A
N/A,كريب اند ديب Crepe & dip,26.390395599999998,50.038462599999995,cafe,3.1,60,OPERATIONAL,https://maps.google.com/?cid=N/A
N/A,مقلط الفريج الفيصلية,26.3981946,50.046638599999994,cafe,4.5,6648,OPERATIONAL,https://maps.google.com/?cid=N/A
N/A,The Coffee Lab,26.384081899999998,50.0547028,cafe,4,1184,OPERATIONAL,https://maps.google.com/?cid=N/A
N/A,ديوانية الديرة الدمام,26.399140199999998,50.047871799999996,cafe,4,1261,OPERATIONAL,https://maps.google.com/?cid=N/A
N/A,COPLANT coffee & dessert,26.398176499999998,50.0473025,cafe,4.2,594,OPERATIONAL,https://maps.google.com/?cid=N/A
N/A,Baith Al Karak,26.3925826,50.0314809,cafe,4,1553,OPERATIONAL,https://maps.google.com/?cid=N/A
N/A,VERT CAFÉ,26.3981215,50.036454799999994,cafe,4.7,389,OPERATIONAL,https://maps.google.com/?cid=N/A
N/A,All Day,26.400994599999997,50.051673,cafe,4.4,154,OPERATIONAL,https://maps.google.com/?cid=N/A
N/A,VERDE Coffee Lounge,26.3980371,50.0470006,cafe,4.4,544,OPERATIONAL,https://maps.google.com/?cid=N/A
N/A,Dunkin' - دانكن,26.4036875,50.0388125,cafe,4.3,496,OPERATIONAL,https://maps.google.com/?cid=N/A
N/A,Starbucks,26.3914188,50.0472447,cafe,4,778,OPERATIONAL,https://maps.google.com/?cid=N/A
N/A,Starbucks,26.3961264,50.0431153,cafe,4,1786,OPERATIONAL,https://maps.google.com/?cid=N/A
N/A,Black Cafe بلاك كافيه,26.4039933,50.0542013,cafe,4.3,910,OPERATIONAL,https://maps.google.com/?cid=N/A
N/A,Dura Specialty Cafe,26.3982401,50.0464914,cafe,4.2,460,OPERATIONAL,https://maps.google.com/?cid=N/A
N/A,Starbucks,26.391545999999998,50.036877999999994,cafe,4.1,435,OPERATIONAL,https://maps.google.com/?cid=N/A
N/A,مقهى سمبلسيتي |Simplicity cafe,26.3938842,50.0343871,cafe,4.2,131,OPERATIONAL,https://maps.google.com/?cid=N/A
N/A,مركز القوة العاشرة - Tenth power,26.3818766,50.0473041,cafe,4.8,230,OPERATIONAL,https://maps.google.com/?cid=N/A
N/A,Barn's | بارنز,26.3826745,50.055182699999996,cafe,4.3,623,OPERATIONAL,https://maps.google.com/?cid=N/A
N/A,٧ جرام - النخيل مول,26.3902122,50.037221599999995,cafe,4.9,1742,OPERATIONAL,https://maps.google.com/?cid=N/A
N/A,DAZZLING CAFE,26.3911823,50.0382165,cafe,4.6,648,OPERATIONAL,https://maps.google.com/?cid=N/A
N/A,"L'ETO caffe - Nakheel Mall, Dammam",26.3902152,50.037044599999994,cafe,4.6,3635,OPERATIONAL,https://maps.google.com/?cid=N/A
N/A,WACAFE Al Rawdah | وكف الروضة,26.3955394,50.077867,cafe,4.3,2827,OPERATIONAL,https://maps.google.com/?cid=N/A
N/A,Half Million,26.3994216,50.0757644,cafe,4.3,774,OPERATIONAL,https://maps.google.com/?cid=N/A
N/A,The Coffee Lab,26.384081899999998,50.0547028,cafe,4,1184,OPERATIONAL,https://maps.google.com/?cid=N/A
N/A,بكلو Piccolo,26.400392699999998,50.0734563,cafe,4.3,2321,OPERATIONAL,https://maps.google.com/?cid=N/A
N/A,Brunswick,26.3900466,50.0655858,cafe,4.3,1323,OPERATIONAL,https://maps.google.com/?cid=N/A
N/A,GRAV CAFE قراف كافيه,26.3937614,50.0723649,cafe,4.4,1269,OPERATIONAL,https://maps.google.com/?cid=N/A
N/A,THiRDWAVE | Al-Faisaliyah | ثيردويڤ - الفيصلية,26.3915795,50.0726606,cafe,4.4,1930,OPERATIONAL,https://maps.google.com/?cid=N/A
N/A,شاي بخار,26.393422599999997,50.072139199999995,cafe,4.3,1207,OPERATIONAL,https://maps.google.com/?cid=N/A
N/A,شاي كيف التوأم 3,26.400360199999998,50.0662032,cafe,4.1,840,OPERATIONAL,https://maps.google.com/?cid=N/A
N/A,مقهى ومحمصة سمبلسيتي | Simplicity cafe & roastery,26.403091099999997,50.0629042,cafe,4.5,497,OPERATIONAL,https://maps.google.com/?cid=N/A
N/A,Dose cafe,26.3983125,50.0681875,cafe,4,1814,OPERATIONAL,https://maps.google.com/?cid=N/A
N/A,Cafe Flow,26.3941208,50.0786431,cafe,4.6,261,OPERATIONAL,https://maps.google.com/?cid=N/A
N/A,Starbucks,26.400726000000002,50.073291999999995,cafe,4.1,320,OPERATIONAL,https://maps.google.com/?cid=N/A
N/A,Kiva Han Coffee - كيفاهان كافيه,26.3994678,50.0753396,cafe,4,804,OPERATIONAL,https://maps.google.com/?cid=N/A
N/A,24Cafe,26.393901699999997,50.0707752,cafe,4.3,225,OPERATIONAL,https://maps.google.com/?cid=N/A
N/A,Cinnabon,26.403578699999997,50.05720720000001,cafe,3.2,339,OPERATIONAL,https://maps.google.com/?cid=N/A
N/A,التقاء,26.405305799999997,50.0608133,cafe,4.2,315,OPERATIONAL,https://maps.google.com/?cid=N/A
N/A,Starbucks,26.395542,50.078075,cafe,4,834,OPERATIONAL,https://maps.google.com/?cid=N/A
N/A,Dunkin' - دانكن,26.4050098,50.0598283,cafe,4.2,435,OPERATIONAL,https://maps.google.com/?cid=N/A
N/A,WACAFE Al Rawdah | وكف الروضة,26.3955394,50.077867,cafe,4.3,2827,OPERATIONAL,https://maps.google.com/?cid=N/A
N/A,Half Million,26.3994216,50.0757644,cafe,4.3,774,OPERATIONAL,https://maps.google.com/?cid=N/A
N/A,UMQ Coffee 2.1,26.397824500000002,50.092468499999995,cafe,4.4,1344,OPERATIONAL,https://maps.google.com/?cid=N/A
N/A,بكلو Piccolo,26.400392699999998,50.0734563,cafe,4.3,2321,OPERATIONAL,https://maps.google.com/?cid=N/A
N/A,GRAV CAFE قراف كافيه,26.3937614,50.0723649,cafe,4.4,1269,OPERATIONAL,https://maps.google.com/?cid=N/A
N/A,THiRDWAVE | Al-Faisaliyah | ثيردويڤ - الفيصلية,26.3915795,50.0726606,cafe,4.4,1930,OPERATIONAL,https://maps.google.com/?cid=N/A
N/A,شاي بخار,26.393422599999997,50.072139199999995,cafe,4.3,1207,OPERATIONAL,https://maps.google.com/?cid=N/A
N/A,Cafe Flow,26.3941208,50.0786431,cafe,4.6,261,OPERATIONAL,https://maps.google.com/?cid=N/A
N/A,Line Espresso Bar & Roastery,26.3980954,50.0929594,cafe,4.5,297,OPERATIONAL,https://maps.google.com/?cid=N/A
N/A,Starbucks,26.400726000000002,50.073291999999995,cafe,4.1,320,OPERATIONAL,https://maps.google.com/?cid=N/A
N/A,Tim Hortons Mazaya Gas Station,26.379904999999997,50.086740999999996,cafe,4.2,1873,OPERATIONAL,https://maps.google.com/?cid=N/A
N/A,Kiva Han Coffee - كيفاهان كافيه,26.3994678,50.0753396,cafe,4,804,OPERATIONAL,https://maps.google.com/?cid=N/A
N/A,dr.CAFE COFFEE,26.3940861,50.0851322,cafe,4.7,295,OPERATIONAL,https://maps.google.com/?cid=N/A
N/A,24Cafe,26.393901699999997,50.0707752,cafe,4.3,225,OPERATIONAL,https://maps.google.com/?cid=N/A
N/A,Starbucks,26.395542,50.078075,cafe,4,834,OPERATIONAL,https://maps.google.com/?cid=N/A
N/A,Choco Bliss,26.3931698,50.0846727,cafe,4.9,350,OPERATIONAL,https://maps.google.com/?cid=N/A
N/A,PETS PARK قهوة وقطوة,26.3881512,50.0756239,cafe,3.8,233,OPERATIONAL,https://maps.google.com/?cid=N/A
N/A,Starbucks,26.387190699999998,50.074965399999996,cafe,3.9,1666,OPERATIONAL,https://maps.google.com/?cid=N/A
N/A,Karak Box,26.3943371,50.0855354,cafe,4.3,515,OPERATIONAL,https://maps.google.com/?cid=N/A
N/A,Otten اوتن,26.392082600000002,50.1039475,cafe,4.4,907,OPERATIONAL,https://maps.google.com/?cid=N/A
N/A,نَصّ | الدمام,26.3860817,50.1044212,cafe,3.8,707,OPERATIONAL,https://maps.google.com/?cid=N/A
N/A,UMQ Coffee 2.1,26.397824500000002,50.092468499999995,cafe,4.4,1344,OPERATIONAL,https://maps.google.com/?cid=N/A
N/A,20 U R,26.403187499999998,50.1018125,cafe,4.3,1690,OPERATIONAL,https://maps.google.com/?cid=N/A
N/A,مثلث الكرات triangle balls,26.386847099999997,50.104406499999996,cafe,4,679,OPERATIONAL,https://maps.google.com/?cid=N/A
N/A,HAZEL COFFEE | هزل كوفي,26.4049701,50.1021156,cafe,4.6,321,OPERATIONAL,https://maps.google.com/?cid=N/A
N/A,All Day,26.4048886,50.1021526,cafe,4.4,1954,OPERATIONAL,https://maps.google.com/?cid=N/A
N/A,Bitten Café,26.4003421,50.096310499999994,cafe,4.4,560,OPERATIONAL,https://maps.google.com/?cid=N/A
N/A,Hassad Coffee Roasters | محمصة حصاد,26.4037354,50.1017617,cafe,4.7,365,OPERATIONAL,https://maps.google.com/?cid=N/A
N/A,Kyan‎,26.3837978,50.097206899999996,cafe,4.2,623,OPERATIONAL,https://maps.google.com/?cid=N/A
N/A,ديلي كب Daily cup,26.401926399999997,50.0996703,cafe,4.4,143,OPERATIONAL,https://maps.google.com/?cid=N/A
N/A,OMOTENASHI,26.379583200000003,50.103615,cafe,4.7,473,OPERATIONAL,https://maps.google.com/?cid=N/A
N/A,Pages Coffee,26.400152199999997,50.0972709,cafe,3.9,647,OPERATIONAL,https://maps.google.com/?cid=N/A
N/A,Line Espresso Bar & Roastery,26.3980954,50.0929594,cafe,4.5,297,OPERATIONAL,https://maps.google.com/?cid=N/A
N/A,مقهى ومحمصة سمبلسيتي | Simplicity cafe & roastery,26.403173400000004,50.105962,cafe,4.7,187,OPERATIONAL,https://maps.google.com/?cid=N/A
N/A,Coffee Warehouse,26.3947582,50.104745699999995,cafe,4.2,1682,OPERATIONAL,https://maps.google.com/?cid=N/A
N/A,Barn's | بارنز,26.4026991,50.101131099999996,cafe,4.2,621,OPERATIONAL,https://maps.google.com/?cid=N/A
N/A,Onda Coffee مقهى أوندا,26.4055163,50.1012236,cafe,4.4,343,OPERATIONAL,https://maps.google.com/?cid=N/A
N/A,LAMBDA | لامدا,26.3812317,50.0988998,cafe,4.6,544,OPERATIONAL,https://maps.google.com/?cid=N/A
N/A,Dunkin' - دانكن,26.403043000000004,50.100317999999994,cafe,4,857,OPERATIONAL,https://maps.google.com/?cid=N/A
N/A,Otten اوتن,26.392082600000002,50.1039475,cafe,4.4,907,OPERATIONAL,https://maps.google.com/?cid=N/A
N/A,مقهى الدب,26.3919033,50.1229357,cafe,4.2,278,OPERATIONAL,https://maps.google.com/?cid=N/A
N/A,W Gym,26.401343699999998,50.1137757,cafe,4.2,840,OPERATIONAL,https://maps.google.com/?cid=N/A
N/A,Garden Gate,26.3981338,50.127047600000004,cafe,4.7,1014,OPERATIONAL,https://maps.google.com/?cid=N/A
N/A,Coffee Warehouse,26.3947582,50.104745699999995,cafe,4.2,1682,OPERATIONAL,https://maps.google.com/?cid=N/A
N/A,Moroccan Taste,26.4008246,50.1152489,cafe,4.2,225,OPERATIONAL,https://maps.google.com/?cid=N/A
N/A,Karak Alhazah,26.3936988,50.1047212,cafe,4.3,457,OPERATIONAL,https://maps.google.com/?cid=N/A
N/A,Tim Hortons,26.3911756,50.113878899999996,cafe,4.6,196,OPERATIONAL,https://maps.google.com/?cid=N/A
N/A,Costa Coffee,26.391167,50.1137723,cafe,4.9,411,OPERATIONAL,https://maps.google.com/?cid=N/A
N/A,Starbucks,26.4003282,50.117192499999994,cafe,3.9,2072,OPERATIONAL,https://maps.google.com/?cid=N/A
N/A,TIM HORTONS,26.4000118,50.116987699999996,cafe,4.1,483,OPERATIONAL,https://maps.google.com/?cid=N/A
N/A,Road Café | قهوة الطريق,26.3896646,50.1126813,cafe,4.3,218,OPERATIONAL,https://maps.google.com/?cid=N/A
N/A,Krispy Kreme Othaim Mall,26.4007775,50.1170463,cafe,3.9,22,OPERATIONAL,https://maps.google.com/?cid=N/A
N/A,نويمي كافيه,26.4003697,50.1170372,cafe,4.4,26,OPERATIONAL,https://maps.google.com/?cid=N/A
N/A,دلة كافية,26.401303,50.1162892,cafe,4.3,23,OPERATIONAL,https://maps.google.com/?cid=N/A
N/A,مقهى بيت الدراجين,26.3840625,50.1253125,cafe,3.7,3,OPERATIONAL,https://maps.google.com/?cid=N/A
N/A,Oliver Brown,26.400107499999997,50.117353099999995,cafe,3.3,165,OPERATIONAL,https://maps.google.com/?cid=N/A
N/A,CINNZEO OTHAIM MALL DAMMAM,26.4002727,50.117297099999995,cafe,3.1,30,OPERATIONAL,https://maps.google.com/?cid=N/A
N/A,موكا & مور,26.400379800000003,50.117259499999996,cafe,3.7,35,OPERATIONAL,https://maps.google.com/?cid=N/A
N/A,مقهى الدب,26.3919033,50.1229357,cafe,4.2,278,OPERATIONAL,https://maps.google.com/?cid=N/A
N/A,Garden Gate,26.3981338,50.127047600000004,cafe,4.7,1014,OPERATIONAL,https://maps.google.com/?cid=N/A
N/A,Barn's | بارنز,26.3878362,50.1493994,cafe,4.1,19,OPERATIONAL,https://maps.google.com/?cid=N/A
N/A,Derby Coffee,26.3969097,50.1482063,cafe,4.1,98,OPERATIONAL,https://maps.google.com/?cid=N/A
N/A,مقهى بيت الدراجين,26.3840625,50.1253125,cafe,3.7,3,OPERATIONAL,https://maps.google.com/?cid=N/A
N/A,Cafè and burgers,26.3917443,50.125843599999996,cafe,4.5,6,OPERATIONAL,https://maps.google.com/?cid=N/A
N/A,كوفي نزهة Nuzhah Cafe,26.392979999999998,50.1260614,cafe,3,2,OPERATIONAL,https://maps.google.com/?cid=N/A
N/A,Bukhari Farrah 3 qasr Al Khalige,26.384078499999998,50.1412458,cafe,No rating,No reviews,OPERATIONAL,https://maps.google.com/?cid=N/A
N/A,Al Seef cafe,26.3969223,50.1679341,cafe,4.2,2209,OPERATIONAL,https://maps.google.com/?cid=N/A
N/A,CAWALEES كواليس,26.3805505,50.148041,cafe,3.8,234,OPERATIONAL,https://maps.google.com/?cid=N/A
N/A,Starbucks,26.380989099999997,50.148113699999996,cafe,4.4,260,OPERATIONAL,https://maps.google.com/?cid=N/A
N/A,Dunkin' - دانكن,26.385531999999998,50.149494999999995,cafe,3.1,79,OPERATIONAL,https://maps.google.com/?cid=N/A
N/A,Barn's | بارنز,26.3878362,50.1493994,cafe,4.1,19,OPERATIONAL,https://maps.google.com/?cid=N/A
N/A,Derby Coffee,26.3969097,50.1482063,cafe,4.1,98,OPERATIONAL,https://maps.google.com/?cid=N/A
N/A,دانكن,26.3813152,50.1481985,cafe,1.8,16,OPERATIONAL,https://maps.google.com/?cid=N/A
N/A,Al Seef cafe,26.3969223,50.1679341,cafe,4.2,2209,OPERATIONAL,https://maps.google.com/?cid=N/A
N/A,Clix,26.3888729,50.178373,cafe,4.6,2545,OPERATIONAL,https://maps.google.com/?cid=N/A
N/A,8oz Coffee | ايت اوز كوفي,26.3825473,50.17834380000001,cafe,4.2,901,OPERATIONAL,https://maps.google.com/?cid=N/A
N/A,Dunkin' - دانكن,26.3886765,50.177850199999995,cafe,4.2,405,OPERATIONAL,https://maps.google.com/?cid=N/A
N/A,اولابز | OLABS‏,26.3843137,50.167625,cafe,3.8,48,OPERATIONAL,https://maps.google.com/?cid=N/A
N/A,Costa Coffee,26.391662999999998,50.177547,cafe,2.5,23,OPERATIONAL,https://maps.google.com/?cid=N/A
N/A,Mana,26.388974299999997,50.1783801,cafe,4.5,46,OPERATIONAL,https://maps.google.com/?cid=N/A
N/A,مقهى شاهي جمر Jamar Tea Cafe,26.3887495,50.1783814,cafe,4.1,32,OPERATIONAL,https://maps.google.com/?cid=N/A
N/A,Barn’s,26.3893523,50.178064199999994,cafe,2.6,9,OPERATIONAL,https://maps.google.com/?cid=N/A
N/A,كاس بن | kasbon,26.3902725,50.186124899999996,cafe,1,2,OPERATIONAL,https://maps.google.com/?cid=N/A
N/A,Haifa Markets,26.3905089,50.181316599999995,cafe,5,1,OPERATIONAL,https://maps.google.com/?cid=N/A
N/A,Clix,26.3888729,50.178373,cafe,4.6,2545,OPERATIONAL,https://maps.google.com/?cid=N/A
N/A,Dunkin' - دانكن,26.3886765,50.177850199999995,cafe,4.2,405,OPERATIONAL,https://maps.google.com/?cid=N/A
N/A,Dunkin' - دانكن,26.384919999999997,50.186232000000004,cafe,3.8,249,OPERATIONAL,https://maps.google.com/?cid=N/A
N/A,Costa Coffee,26.391662999999998,50.177547,cafe,2.5,23,OPERATIONAL,https://maps.google.com/?cid=N/A
N/A,Mana,26.388974299999997,50.1783801,cafe,4.5,46,OPERATIONAL,https://maps.google.com/?cid=N/A
N/A,Dunkin' - دانكن,26.3951875,50.1925625,cafe,3.6,67,OPERATIONAL,https://maps.google.com/?cid=N/A
N/A,دانكن,26.3882399,50.1875746,cafe,3.7,16,OPERATIONAL,https://maps.google.com/?cid=N/A
N/A,The HUB Co.,26.394886999999997,50.189222,cafe,4.7,3,OPERATIONAL,https://maps.google.com/?cid=N/A
N/A,مقهى شاهي جمر Jamar Tea Cafe,26.3887495,50.1783814,cafe,4.1,32,OPERATIONAL,https://maps.google.com/?cid=N/A
N/A,Barn’s,26.3893523,50.178064199999994,cafe,2.6,9,OPERATIONAL,https://maps.google.com/?cid=N/A
N/A,كاس بن | kasbon,26.3902725,50.186124899999996,cafe,1,2,OPERATIONAL,https://maps.google.com/?cid=N/A
N/A,Phobia cafe,26.393996299999998,50.190087899999995,cafe,3.8,10,OPERATIONAL,https://maps.google.com/?cid=N/A
N/A,LOVE&PEACE EXPRESS,26.392299700000002,50.1942433,cafe,5,6,OPERATIONAL,https://maps.google.com/?cid=N/A
N/A,مستهل,26.405448699999997,50.1861463,cafe,5,12,OPERATIONAL,https://maps.google.com/?cid=N/A
N/A,Haifa Markets,26.3905089,50.181316599999995,cafe,5,1,OPERATIONAL,https://maps.google.com/?cid=N/A
N/A,شاهي الشتاء,26.403865099999997,50.183664099999994,cafe,5,3,OPERATIONAL,https://maps.google.com/?cid=N/A
N/A,شاي رمح,26.3816862,50.1818907,cafe,4.4,7,OPERATIONAL,https://maps.google.com/?cid=N/A
N/A,فود ترك عزوز واااااو,26.405604099999998,50.1866135,cafe,No rating,No reviews,OPERATIONAL,https://maps.google.com/?cid=N/A
N/A,بيت المزاج,26.3841951,50.205358700000005,cafe,4.7,15,OPERATIONAL,https://maps.google.com/?cid=N/A
N/A,LOVE&PEACE EXPRESS,26.392299700000002,50.1942433,cafe,5,6,OPERATIONAL,https://maps.google.com/?cid=N/A
N/A,شاي ابو شنب,26.381787499999998,50.2343906,cafe,4.3,244,OPERATIONAL,https://maps.google.com/?cid=N/A
N/A,ملك الشاي,26.388724399999997,50.2355251,cafe,4.8,810,OPERATIONAL,https://maps.google.com/?cid=N/A
N/A,شاي رمله,26.389180800000002,50.2353914,cafe,4.1,91,OPERATIONAL,https://maps.google.com/?cid=N/A
N/A,W Souffle,26.391995800000004,50.233421,cafe,4.4,153,OPERATIONAL,https://maps.google.com/?cid=N/A
N/A,شاي جمرة,26.3908144,50.2342808,cafe,4.6,239,OPERATIONAL,https://maps.google.com/?cid=N/A
N/A,شاهي هدب,26.388245599999998,50.235756099999996,cafe,4.9,99,OPERATIONAL,https://maps.google.com/?cid=N/A
N/A,شاي بدو,26.390537499999997,50.2344219,cafe,4.6,109,OPERATIONAL,https://maps.google.com/?cid=N/A
N/A,بيالة,26.383677499999997,50.2355184,cafe,4.3,36,OPERATIONAL,https://maps.google.com/?cid=N/A
N/A,خوّه - Khowwh,26.3880767,50.235810099999995,cafe,4.9,301,OPERATIONAL,https://maps.google.com/?cid=N/A
N/A,شاهي القشلة,26.3891027,50.2354306,cafe,4.8,112,OPERATIONAL,https://maps.google.com/?cid=N/A
N/A,موج,26.391540499999998,50.2337971,cafe,4.6,124,OPERATIONAL,https://maps.google.com/?cid=N/A
N/A,ايميز البحر / Amies,26.3924889,50.2332829,cafe,4.9,109,OPERATIONAL,https://maps.google.com/?cid=N/A
N/A,شاي مسقف,26.383457699999997,50.2354011,cafe,4.6,53,OPERATIONAL,https://maps.google.com/?cid=N/A
N/A,مقطار,26.3827688,50.235010499999994,cafe,4.4,61,OPERATIONAL,https://maps.google.com/?cid=N/A
N/A,شاهي ضو,26.384839799999998,50.2358676,cafe,4.9,161,OPERATIONAL,https://maps.google.com/?cid=N/A
N/A,FUN_ICE,26.3906214,50.233795099999995,cafe,3.7,15,OPERATIONAL,https://maps.google.com/?cid=N/A
N/A,شاي تذكار,26.3850309,50.235942599999994,cafe,4.2,46,OPERATIONAL,https://maps.google.com/?cid=N/A
N/A,مقهى ثروة,26.386771699999997,50.2360767,cafe,4.5,53,OPERATIONAL,https://maps.google.com/?cid=N/A
N/A,مستهل,26.3823004,50.2348455,cafe,3.9,19,OPERATIONAL,https://maps.google.com/?cid=N/A
N/A,عرّاب الشاي عراب الشاي,26.3859911,50.236051499999995,cafe,4.8,144,OPERATIONAL,https://maps.google.com/?cid=N/A
N/A,قهوة أم وليد - أسر منتجة,26.410535499999998,49.979501299999995,cafe,4.9,12,OPERATIONAL,https://maps.google.com/?cid=N/A
N/A,قهوة ام وليد - اسر منتجه🤍,26.4094278,49.987219599999996,cafe,No rating,No reviews,OPERATIONAL,https://maps.google.com/?cid=N/A
N/A,graph cafe,26.4122108,49.997357900000004,cafe,4.4,141,OPERATIONAL,https://maps.google.com/?cid=N/A
N/A,مقهى صلدا - salda coffee,26.4195734,49.997157699999995,cafe,4.5,60,OPERATIONAL,https://maps.google.com/?cid=N/A
N/A,Crepe Roll كريب رول الضاحية,26.4176905,50.0051147,cafe,3.9,250,OPERATIONAL,https://maps.google.com/?cid=N/A
N/A,كرك وزيادة,26.4112595,50.004996,cafe,4.5,42,OPERATIONAL,https://maps.google.com/?cid=N/A
N/A,Mantorose cafe,26.4198682,49.997152,cafe,3.4,61,OPERATIONAL,https://maps.google.com/?cid=N/A
N/A,قهوة أم وليد - أسر منتجة,26.410535499999998,49.979501299999995,cafe,4.9,12,OPERATIONAL,https://maps.google.com/?cid=N/A
N/A,شتويه مسك,26.413589299999998,50.001124999999995,cafe,5,2,OPERATIONAL,https://maps.google.com/?cid=N/A
N/A,شعبيات ابو مؤيد,26.413852,50.003198499999996,cafe,5,14,OPERATIONAL,https://maps.google.com/?cid=N/A
N/A,قهوة ام وليد - اسر منتجه🤍,26.4094278,49.987219599999996,cafe,No rating,No reviews,OPERATIONAL,https://maps.google.com/?cid=N/A
N/A,CAMEL COFFEE | مقهى وشيشة الجمل,26.4007705,50.0172501,cafe,4.1,381,OPERATIONAL,https://maps.google.com/?cid=N/A
N/A,graph cafe,26.412166199999998,50.0138861,cafe,4.2,332,OPERATIONAL,https://maps.google.com/?cid=N/A
N/A,COPLANT coffee & Dessert,26.421784,50.003073,cafe,4.2,495,OPERATIONAL,https://maps.google.com/?cid=N/A
N/A,Camel car services & Shisha bar | مغسلة و مقهى وشيشه الجمل,26.4008742,50.0172615,cafe,4.2,830,OPERATIONAL,https://maps.google.com/?cid=N/A
N/A,Barn's | بارنز,26.4071547,50.014049799999995,cafe,4,207,OPERATIONAL,https://maps.google.com/?cid=N/A
N/A,graph cafe,26.4122108,49.997357900000004,cafe,4.4,141,OPERATIONAL,https://maps.google.com/?cid=N/A
N/A,كوب وحلى | cup and dessert,26.4189669,50.0188778,cafe,4.8,199,OPERATIONAL,https://maps.google.com/?cid=N/A
N/A,Crepe Roll كريب رول الضاحية,26.4176905,50.0051147,cafe,3.9,250,OPERATIONAL,https://maps.google.com/?cid=N/A
N/A,After Ten cafe مقهى بعد العاشرة,26.412640699999997,50.013675199999994,cafe,3.9,125,OPERATIONAL,https://maps.google.com/?cid=N/A
N/A,Road Café | قهوة الطريق,26.411977,50.013895999999995,cafe,4.4,650,OPERATIONAL,https://maps.google.com/?cid=N/A
N/A,ديوانية ليالي تراثية,26.4064728,50.013510499999995,cafe,3.9,158,OPERATIONAL,https://maps.google.com/?cid=N/A
N/A,كيف كافي - KAIF COFFEE,26.4014082,50.0170757,cafe,4.7,51,OPERATIONAL,https://maps.google.com/?cid=N/A
N/A,كرك وزيادة,26.4112595,50.004996,cafe,4.5,42,OPERATIONAL,https://maps.google.com/?cid=N/A
N/A,Crepe Town Coffee,26.414773999999998,50.0231425,cafe,3.7,82,OPERATIONAL,https://maps.google.com/?cid=N/A
N/A,مقهى أمواج الشرق,26.4021826,50.010479,cafe,4.2,13,OPERATIONAL,https://maps.google.com/?cid=N/A
N/A,Al-Fanar Coffee,26.406812499999997,50.014312499999996,cafe,3.2,38,OPERATIONAL,https://maps.google.com/?cid=N/A
N/A,مقنن وجبنه كافيه,26.4117863,50.0164433,cafe,4.8,16,OPERATIONAL,https://maps.google.com/?cid=N/A
N/A,مقهى نسمات المزاج,26.4182015,50.018923799999996,cafe,4.2,36,OPERATIONAL,https://maps.google.com/?cid=N/A
N/A,Karak,26.410965299999997,50.015964200000006,cafe,No rating,No reviews,OPERATIONAL,https://maps.google.com/?cid=N/A
N/A,شتويه مسك,26.413589299999998,50.001124999999995,cafe,5,2,OPERATIONAL,https://maps.google.com/?cid=N/A
N/A,Dunkin - دانكن,26.4236701,50.0301189,cafe,4,1123,OPERATIONAL,https://maps.google.com/?cid=N/A
N/A,فلافي كلاود﻿س,26.422902099999998,50.027547999999996,cafe,4.1,646,OPERATIONAL,https://maps.google.com/?cid=N/A
N/A,paper cup cafe,26.422857399999998,50.024840399999995,cafe,4.6,287,OPERATIONAL,https://maps.google.com/?cid=N/A
N/A,graph cafe,26.412166199999998,50.0138861,cafe,4.2,332,OPERATIONAL,https://maps.google.com/?cid=N/A
N/A,Dunkin' - دانكن,26.4036875,50.0388125,cafe,4.3,496,OPERATIONAL,https://maps.google.com/?cid=N/A
N/A,لايف الخوارزمي .,26.4208662,50.034020399999996,cafe,3.8,358,OPERATIONAL,https://maps.google.com/?cid=N/A
N/A,Barn's | بارنز,26.422528,50.027916999999995,cafe,4.2,121,OPERATIONAL,https://maps.google.com/?cid=N/A
N/A,Barn's | بارنز,26.4071547,50.014049799999995,cafe,4,207,OPERATIONAL,https://maps.google.com/?cid=N/A
N/A,كوب وحلى | cup and dessert,26.4189669,50.0188778,cafe,4.8,199,OPERATIONAL,https://maps.google.com/?cid=N/A
N/A,Costa Coffee,26.422661599999998,50.028114599999995,cafe,4.7,457,OPERATIONAL,https://maps.google.com/?cid=N/A
N/A,Dunkin' - دانكن,26.422885500000003,50.0280602,cafe,4.3,209,OPERATIONAL,https://maps.google.com/?cid=N/A
N/A,101Cafe,26.421855299999997,50.0264844,cafe,4.3,501,OPERATIONAL,https://maps.google.com/?cid=N/A
N/A,Ocaso Specialty Coffee,26.4238249,50.0303294,cafe,4.6,245,OPERATIONAL,https://maps.google.com/?cid=N/A
N/A,After Ten cafe مقهى بعد العاشرة,26.412640699999997,50.013675199999994,cafe,3.9,125,OPERATIONAL,https://maps.google.com/?cid=N/A
N/A,Le 42 Cafe,26.4237956,50.0303177,cafe,4.6,280,OPERATIONAL,https://maps.google.com/?cid=N/A
N/A,Road Café | قهوة الطريق,26.411977,50.013895999999995,cafe,4.4,650,OPERATIONAL,https://maps.google.com/?cid=N/A
N/A,Mantorose Cafe,26.422919999999998,50.024977199999995,cafe,3.7,109,OPERATIONAL,https://maps.google.com/?cid=N/A
N/A,Crepe Town Coffee,26.414773999999998,50.0231425,cafe,3.7,82,OPERATIONAL,https://maps.google.com/?cid=N/A
N/A,Elene Cafe,26.4113559,50.025422299999995,cafe,4.8,58,OPERATIONAL,https://maps.google.com/?cid=N/A
N/A,Bati Dolci Cafe,26.4228463,50.027497,cafe,4.7,78,OPERATIONAL,https://maps.google.com/?cid=N/A
N/A,مقلط الفريج الفيصلية,26.3981946,50.046638599999994,cafe,4.5,6648,OPERATIONAL,https://maps.google.com/?cid=N/A
N/A,ديوانية الديرة الدمام,26.399140199999998,50.047871799999996,cafe,4,1261,OPERATIONAL,https://maps.google.com/?cid=N/A
N/A,COPLANT coffee & dessert,26.398176499999998,50.0473025,cafe,4.2,594,OPERATIONAL,https://maps.google.com/?cid=N/A
N/A,All Day,26.400994599999997,50.051673,cafe,4.4,154,OPERATIONAL,https://maps.google.com/?cid=N/A
N/A,Dunkin' - دانكن,26.4036875,50.0388125,cafe,4.3,496,OPERATIONAL,https://maps.google.com/?cid=N/A
N/A,VERDE Coffee Lounge,26.3980371,50.0470006,cafe,4.4,544,OPERATIONAL,https://maps.google.com/?cid=N/A
N/A,Cinnabon,26.403578699999997,50.05720720000001,cafe,3.2,339,OPERATIONAL,https://maps.google.com/?cid=N/A
N/A,Black Cafe بلاك كافيه,26.4039933,50.0542013,cafe,4.3,910,OPERATIONAL,https://maps.google.com/?cid=N/A
N/A,Dura Specialty Cafe,26.3982401,50.0464914,cafe,4.2,460,OPERATIONAL,https://maps.google.com/?cid=N/A
N/A,Dunkin' - دانكن,26.4050098,50.0598283,cafe,4.2,435,OPERATIONAL,https://maps.google.com/?cid=N/A
N/A,Tim Hortons Mazaya Dabab,26.414151999999998,50.054469,cafe,4.2,319,OPERATIONAL,https://maps.google.com/?cid=N/A
N/A,مزاج مغربي,26.407504799999998,50.058998599999995,cafe,4.5,75,OPERATIONAL,https://maps.google.com/?cid=N/A
N/A,OTTO CAFE,26.406060999999998,50.058181499999996,cafe,4.4,844,OPERATIONAL,https://maps.google.com/?cid=N/A
N/A,Mantorose Cafe,26.4146274,50.0539967,cafe,4.3,66,OPERATIONAL,https://maps.google.com/?cid=N/A
N/A,Luxurious,26.398007699999997,50.0468061,cafe,4.3,436,OPERATIONAL,https://maps.google.com/?cid=N/A
N/A,فلافل حارتنا الطيبين,26.4119375,50.0461185,cafe,3.8,98,OPERATIONAL,https://maps.google.com/?cid=N/A
N/A,دوح وشاهي فرع الدمام,26.411480899999997,50.0566043,cafe,4.1,137,OPERATIONAL,https://maps.google.com/?cid=N/A
N/A,Umbrella,26.4048157,50.0588336,cafe,4.2,24,OPERATIONAL,https://maps.google.com/?cid=N/A
N/A,ADNOC Service Station | Al Dabbab District (2051),26.4139357,50.054513899999996,cafe,3.7,29,OPERATIONAL,https://maps.google.com/?cid=N/A
N/A,كنافة مختص,26.4122879,50.0550079,cafe,4.9,71,OPERATIONAL,https://maps.google.com/?cid=N/A
N/A,GRAPH Cafe,26.4074796,50.0666358,cafe,4.2,1773,OPERATIONAL,https://maps.google.com/?cid=N/A
N/A,بكلو Piccolo,26.400392699999998,50.0734563,cafe,4.3,2321,OPERATIONAL,https://maps.google.com/?cid=N/A
N/A,Khalifa tea,26.407518399999997,50.066486499999996,cafe,4.3,670,OPERATIONAL,https://maps.google.com/?cid=N/A
N/A,مقهى ومحمصة سمبلسيتي | Simplicity cafe & roastery,26.403091099999997,50.0629042,cafe,4.5,497,OPERATIONAL,https://maps.google.com/?cid=N/A
N/A,شاي كيف التوأم 3,26.400360199999998,50.0662032,cafe,4.1,840,OPERATIONAL,https://maps.google.com/?cid=N/A
N/A,Frieze Cafe,26.4052133,50.070036,cafe,4.4,916,OPERATIONAL,https://maps.google.com/?cid=N/A
N/A,Barn's | بارنز,26.4134936,50.073779599999995,cafe,4.2,968,OPERATIONAL,https://maps.google.com/?cid=N/A
N/A,Happiness Cup,26.408019799999998,50.0718702,cafe,4.4,1640,OPERATIONAL,https://maps.google.com/?cid=N/A
N/A,Dose cafe,26.3983125,50.0681875,cafe,4,1814,OPERATIONAL,https://maps.google.com/?cid=N/A
N/A,SOCIAL POOL مقهى ومركز ترفيهي سوشيال بول,26.4074799,50.066545700000006,cafe,4.4,310,OPERATIONAL,https://maps.google.com/?cid=N/A
N/A,Starbucks,26.400726000000002,50.073291999999995,cafe,4.1,320,OPERATIONAL,https://maps.google.com/?cid=N/A
N/A,Dunkin' - دانكن,26.414745999999997,50.07622800000001,cafe,3.5,242,OPERATIONAL,https://maps.google.com/?cid=N/A
N/A,Cinnabon,26.403578699999997,50.05720720000001,cafe,3.2,339,OPERATIONAL,https://maps.google.com/?cid=N/A
N/A,التقاء,26.405305799999997,50.0608133,cafe,4.2,315,OPERATIONAL,https://maps.google.com/?cid=N/A
N/A,Black Cafe بلاك كافيه,26.4039933,50.0542013,cafe,4.3,910,OPERATIONAL,https://maps.google.com/?cid=N/A
N/A,Dunkin' - دانكن,26.4050098,50.0598283,cafe,4.2,435,OPERATIONAL,https://maps.google.com/?cid=N/A
N/A,Dunkin' - دانكن,26.402264000000002,50.064771,cafe,4.2,1195,OPERATIONAL,https://maps.google.com/?cid=N/A
N/A,Tim Hortons Mazaya Dabab,26.414151999999998,50.054469,cafe,4.2,319,OPERATIONAL,https://maps.google.com/?cid=N/A
N/A,مزاج مغربي,26.407504799999998,50.058998599999995,cafe,4.5,75,OPERATIONAL,https://maps.google.com/?cid=N/A
N/A,ARCHI,26.411773600000004,50.093381699999995,cafe,4.1,1148,OPERATIONAL,https://maps.google.com/?cid=N/A
N/A,Half Million,26.3994216,50.0757644,cafe,4.3,774,OPERATIONAL,https://maps.google.com/?cid=N/A
N/A,بكلو Piccolo,26.400392699999998,50.0734563,cafe,4.3,2321,OPERATIONAL,https://maps.google.com/?cid=N/A
N/A,بيلا سويت | Billa sweet,26.4120529,50.096745999999996,cafe,4.1,1554,OPERATIONAL,https://maps.google.com/?cid=N/A
N/A,Barn's | بارنز,26.4134936,50.073779599999995,cafe,4.2,968,OPERATIONAL,https://maps.google.com/?cid=N/A
N/A,Frieze Cafe,26.4052133,50.070036,cafe,4.4,916,OPERATIONAL,https://maps.google.com/?cid=N/A
N/A,Happiness Cup,26.408019799999998,50.0718702,cafe,4.4,1640,OPERATIONAL,https://maps.google.com/?cid=N/A
N/A,Mantorose Cafe,26.416169399999998,50.094157599999996,cafe,4.2,983,OPERATIONAL,https://maps.google.com/?cid=N/A
N/A,Starbucks,26.400726000000002,50.073291999999995,cafe,4.1,320,OPERATIONAL,https://maps.google.com/?cid=N/A
N/A,Dunkin' - دانكن,26.414745999999997,50.07622800000001,cafe,3.5,242,OPERATIONAL,https://maps.google.com/?cid=N/A
N/A,Kiva Han Coffee - كيفاهان كافيه,26.3994678,50.0753396,cafe,4,804,OPERATIONAL,https://maps.google.com/?cid=N/A
N/A,BREWS coffee and brunch,26.421445,50.0906508,cafe,4.8,253,OPERATIONAL,https://maps.google.com/?cid=N/A
N/A,Tim Hortons,26.411576999999998,50.092782,cafe,4.2,782,OPERATIONAL,https://maps.google.com/?cid=N/A
N/A,غصين البن,26.407576199999998,50.0721705,cafe,4.6,168,OPERATIONAL,https://maps.google.com/?cid=N/A
N/A,ديوانية قهوة المساء,26.421163,50.084927699999994,cafe,3.8,513,OPERATIONAL,https://maps.google.com/?cid=N/A
N/A,Dunkin' - دانكن,26.4116374,50.093292999999996,cafe,4,937,OPERATIONAL,https://maps.google.com/?cid=N/A
N/A,Dunkin' Donuts - 30057,26.405165999999998,50.069483,cafe,4,240,OPERATIONAL,https://maps.google.com/?cid=N/A
N/A,Starbucks,26.411821,50.09360100000001,cafe,4.1,331,OPERATIONAL,https://maps.google.com/?cid=N/A
N/A,Tim Hortons,26.4146839,50.07607530000001,cafe,4.4,142,OPERATIONAL,https://maps.google.com/?cid=N/A
N/A,ARCHI,26.411773600000004,50.093381699999995,cafe,4.1,1148,OPERATIONAL,https://maps.google.com/?cid=N/A
N/A,20 U R,26.403187499999998,50.1018125,cafe,4.3,1690,OPERATIONAL,https://maps.google.com/?cid=N/A
N/A,HAZEL COFFEE | هزل كوفي,26.4049701,50.1021156,cafe,4.6,321,OPERATIONAL,https://maps.google.com/?cid=N/A
N/A,All Day,26.4048886,50.1021526,cafe,4.4,1954,OPERATIONAL,https://maps.google.com/?cid=N/A
N/A,بيلا سويت | Billa sweet,26.4120529,50.096745999999996,cafe,4.1,1554,OPERATIONAL,https://maps.google.com/?cid=N/A
N/A,Hassad Coffee Roasters | محمصة حصاد,26.4037354,50.1017617,cafe,4.7,365,OPERATIONAL,https://maps.google.com/?cid=N/A
N/A,Bitten Café,26.4003421,50.096310499999994,cafe,4.4,560,OPERATIONAL,https://maps.google.com/?cid=N/A
N/A,ديلي كب Daily cup,26.401926399999997,50.0996703,cafe,4.4,143,OPERATIONAL,https://maps.google.com/?cid=N/A
N/A,Pages Coffee,26.400152199999997,50.0972709,cafe,3.9,647,OPERATIONAL,https://maps.google.com/?cid=N/A
N/A,Savor Bakery (Dammam),26.4111762,50.1092918,cafe,4.3,534,OPERATIONAL,https://maps.google.com/?cid=N/A
N/A,مقهى ومحمصة سمبلسيتي | Simplicity cafe & roastery,26.403173400000004,50.105962,cafe,4.7,187,OPERATIONAL,https://maps.google.com/?cid=N/A
N/A,Mantorose Cafe,26.416169399999998,50.094157599999996,cafe,4.2,983,OPERATIONAL,https://maps.google.com/?cid=N/A
N/A,Madeleine Boutique,26.4063195,50.101053799999995,cafe,4,188,OPERATIONAL,https://maps.google.com/?cid=N/A
N/A,Starbucks,26.4109085,50.109440799999994,cafe,4.3,1117,OPERATIONAL,https://maps.google.com/?cid=N/A
N/A,Ojair Specialty Coffee,26.4111576,50.114582,cafe,4.5,506,OPERATIONAL,https://maps.google.com/?cid=N/A
N/A,Onda Coffee مقهى أوندا,26.4055163,50.1012236,cafe,4.4,343,OPERATIONAL,https://maps.google.com/?cid=N/A
N/A,Barn's | بارنز,26.4026991,50.101131099999996,cafe,4.2,621,OPERATIONAL,https://maps.google.com/?cid=N/A
N/A,Mafaz,26.406983699999998,50.1129068,cafe,4.2,426,OPERATIONAL,https://maps.google.com/?cid=N/A
N/A,ديوانية زعفران,26.4208434,50.100605099999996,cafe,4,1022,OPERATIONAL,https://maps.google.com/?cid=N/A
N/A,Avenue Café,26.420910799999998,50.1013291,cafe,4,1089,OPERATIONAL,https://maps.google.com/?cid=N/A
N/A,W Gym,26.401343699999998,50.1137757,cafe,4.2,840,OPERATIONAL,https://maps.google.com/?cid=N/A
N/A,Savor Bakery (Dammam),26.4111762,50.1092918,cafe,4.3,534,OPERATIONAL,https://maps.google.com/?cid=N/A
N/A,Ojair Specialty Coffee,26.4111576,50.114582,cafe,4.5,506,OPERATIONAL,https://maps.google.com/?cid=N/A
N/A,مقهى ومحمصة سمبلسيتي | Simplicity cafe & roastery,26.403173400000004,50.105962,cafe,4.7,187,OPERATIONAL,https://maps.google.com/?cid=N/A
N/A,Starbucks,26.4109085,50.109440799999994,cafe,4.3,1117,OPERATIONAL,https://maps.google.com/?cid=N/A
N/A,Mafaz,26.406983699999998,50.1129068,cafe,4.2,426,OPERATIONAL,https://maps.google.com/?cid=N/A
N/A,Moroccan Taste,26.4008246,50.1152489,cafe,4.2,225,OPERATIONAL,https://maps.google.com/?cid=N/A
N/A,Mantorose Cafe,26.4165031,50.1206641,cafe,4.1,612,OPERATIONAL,https://maps.google.com/?cid=N/A
N/A,Dunkin' - دانكن,26.411542299999997,50.1108724,cafe,3.8,338,OPERATIONAL,https://maps.google.com/?cid=N/A
N/A,Dunkin' - دانكن,26.4161844,50.115632100000006,cafe,3.7,271,OPERATIONAL,https://maps.google.com/?cid=N/A
N/A,Kuba cafe,26.4136743,50.115859,cafe,4.6,165,OPERATIONAL,https://maps.google.com/?cid=N/A
N/A,Saadeddin Pastry,26.4091678,50.109314399999995,cafe,4,315,OPERATIONAL,https://maps.google.com/?cid=N/A
N/A,Krispy Kreme,26.409298699999997,50.1085754,cafe,4.2,938,OPERATIONAL,https://maps.google.com/?cid=N/A
N/A,Dunkin' - دانكن,26.4100002,50.1332867,cafe,4.3,241,OPERATIONAL,https://maps.google.com/?cid=N/A
N/A,Barn's | بارنز,26.4123958,50.1103186,cafe,4.1,60,OPERATIONAL,https://maps.google.com/?cid=N/A
N/A,Dunkin' - دانكن,26.4094375,50.1096875,cafe,3.8,311,OPERATIONAL,https://maps.google.com/?cid=N/A
N/A,محمصة قلم للقهوة المختصة,26.406875799999998,50.1129587,cafe,4.2,113,OPERATIONAL,https://maps.google.com/?cid=N/A
N/A,CHAOUA تشاوا,26.414766399999998,50.108286799999995,cafe,4.9,116,OPERATIONAL,https://maps.google.com/?cid=N/A
N/A,Starbucks,26.4003282,50.117192499999994,cafe,3.9,2072,OPERATIONAL,https://maps.google.com/?cid=N/A
N/A,30 Days Cafe,26.415038,50.108173799999996,cafe,4.5,194,OPERATIONAL,https://maps.google.com/?cid=N/A
N/A,Dunkin' - دانكن,26.4100002,50.1332867,cafe,4.3,241,OPERATIONAL,https://maps.google.com/?cid=N/A
N/A,Starbucks,26.406900000000004,50.138279,cafe,4.2,274,OPERATIONAL,https://maps.google.com/?cid=N/A
N/A,مقهى ومحمصة سمبلسيتي | Simplicity cafe & roastery,26.4116629,50.123603900000006,cafe,5,6,OPERATIONAL,https://maps.google.com/?cid=N/A
N/A,مستودعات بيانولا,26.4078572,50.1408418,cafe,3.5,6,OPERATIONAL,https://maps.google.com/?cid=N/A
N/A,مستودعات بيانولا,26.4078572,50.1408418,cafe,3.5,6,OPERATIONAL,https://maps.google.com/?cid=N/A
N/A,Tea shop🍔☕,26.4190334,50.1626352,cafe,No rating,No reviews,OPERATIONAL,https://maps.google.com/?cid=N/A
N/A,Tanween,26.410391399999998,50.1675514,cafe,No rating,No reviews,OPERATIONAL,https://maps.google.com/?cid=N/A
N/A,Archi,26.411875,50.169233399999996,cafe,No rating,No reviews,OPERATIONAL,https://maps.google.com/?cid=N/A
N/A,Diwan Lounge,26.412550799999998,50.1733147,cafe,4,2118,OPERATIONAL,https://maps.google.com/?cid=N/A
N/A,بوس كافيه BOSS CAFE,26.4127257,50.173091,cafe,3.9,374,OPERATIONAL,https://maps.google.com/?cid=N/A
N/A,Hokm cafe-مقهى حكم,26.4063724,50.1865433,cafe,4,42,OPERATIONAL,https://maps.google.com/?cid=N/A
N/A,ALKARAK,26.415274099999998,50.1701619,cafe,3.7,26,OPERATIONAL,https://maps.google.com/?cid=N/A
N/A,Road Café | قهوة الطريق,26.4155411,50.170123499999995,cafe,4.6,9,OPERATIONAL,https://maps.google.com/?cid=N/A
N/A,مقام للقهوة والشاي,26.411922,50.1695277,cafe,1,1,OPERATIONAL,https://maps.google.com/?cid=N/A
N/A,Coffèa,26.4120442,50.169275899999995,cafe,5,5,OPERATIONAL,https://maps.google.com/?cid=N/A
N/A,مستهل,26.405448699999997,50.1861463,cafe,5,12,OPERATIONAL,https://maps.google.com/?cid=N/A
N/A,شاهي الشتاء,26.403865099999997,50.183664099999994,cafe,5,3,OPERATIONAL,https://maps.google.com/?cid=N/A
N/A,Archi,26.411875,50.169233399999996,cafe,No rating,No reviews,OPERATIONAL,https://maps.google.com/?cid=N/A
N/A,Tanween,26.410391399999998,50.1675514,cafe,No rating,No reviews,OPERATIONAL,https://maps.google.com/?cid=N/A
N/A,Tea shop🍔☕,26.4190334,50.1626352,cafe,No rating,No reviews,OPERATIONAL,https://maps.google.com/?cid=N/A
N/A,Hokm cafe-مقهى حكم,26.4063724,50.1865433,cafe,4,42,OPERATIONAL,https://maps.google.com/?cid=N/A
N/A,Bomboloni بومبولوني,26.4078067,50.188981399999996,cafe,4.4,109,OPERATIONAL,https://maps.google.com/?cid=N/A
N/A,daily cup ديلي كب,26.4078646,50.1891902,cafe,4.2,20,OPERATIONAL,https://maps.google.com/?cid=N/A
N/A,مقهى حكم مغطى لتقديم المشروبات,26.407114699999997,50.1882527,cafe,2,1,OPERATIONAL,https://maps.google.com/?cid=N/A
N/A,مستهل,26.405448699999997,50.1861463,cafe,5,12,OPERATIONAL,https://maps.google.com/?cid=N/A
N/A,مزاج كافيه,26.4061098,50.187248700000005,cafe,5,2,OPERATIONAL,https://maps.google.com/?cid=N/A
N/A,شاهي الشتاء,26.403865099999997,50.183664099999994,cafe,5,3,OPERATIONAL,https://maps.google.com/?cid=N/A
N/A,فود ترك عزوز واااااو,26.405604099999998,50.1866135,cafe,No rating,No reviews,OPERATIONAL,https://maps.google.com/?cid=N/A
N/A,سلالات الشاي,26.4099379,50.2219711,cafe,4.8,75,OPERATIONAL,https://maps.google.com/?cid=N/A
N/A,فود ترك شاي حكاية,26.409818899999998,50.222070099999996,cafe,4.8,46,OPERATIONAL,https://maps.google.com/?cid=N/A
N/A,شاهي وكرك,26.4119977,50.221163499999996,cafe,4.7,3,OPERATIONAL,https://maps.google.com/?cid=N/A
N/A,مزاج التوأم,26.4112419,50.2214871,cafe,4.7,3,OPERATIONAL,https://maps.google.com/?cid=N/A
N/A,فود ترك ولد منيرة,26.4095803,50.2222669,cafe,4.6,5,OPERATIONAL,https://maps.google.com/?cid=N/A
N/A,نفل,26.408514099999998,50.2228427,cafe,4.9,10,OPERATIONAL,https://maps.google.com/?cid=N/A
N/A,شاي أبو ساره,26.4092417,50.222340100000004,cafe,4.8,11,OPERATIONAL,https://maps.google.com/?cid=N/A
N/A,30 ديسمبر شاي شباتي نوتيلا نودلز,26.411113,50.2210952,cafe,4.5,4,OPERATIONAL,https://maps.google.com/?cid=N/A
N/A,شاي وضيحة,26.4132234,50.2202342,cafe,5,1,OPERATIONAL,https://maps.google.com/?cid=N/A
N/A,حار وحلو,26.412673899999998,50.220115899999996,cafe,5,4,OPERATIONAL,https://maps.google.com/?cid=N/A
N/A,Coffee,26.4114614,50.2210992,cafe,No rating,No reviews,OPERATIONAL,https://maps.google.com/?cid=N/A
N/A,سلالات الشاي,26.4099379,50.2219711,cafe,4.8,75,OPERATIONAL,https://maps.google.com/?cid=N/A
N/A,فود ترك شاي حكاية,26.409818899999998,50.222070099999996,cafe,4.8,46,OPERATIONAL,https://maps.google.com/?cid=N/A
N/A,RedCups V60,26.4068,50.2237891,cafe,4.8,85,OPERATIONAL,https://maps.google.com/?cid=N/A
N/A,فود ترك حكاية,26.4061688,50.2242847,cafe,4.3,22,OPERATIONAL,https://maps.google.com/?cid=N/A
N/A,شاي ابوريان اللذ ذرة مشوي,26.3987317,50.2293745,cafe,4.9,39,OPERATIONAL,https://maps.google.com/?cid=N/A
N/A,شاهي وكرك,26.4119977,50.221163499999996,cafe,4.7,3,OPERATIONAL,https://maps.google.com/?cid=N/A
N/A,مزاج التوأم,26.4112419,50.2214871,cafe,4.7,3,OPERATIONAL,https://maps.google.com/?cid=N/A
N/A,شاي سُكرة,26.4005486,50.2289313,cafe,4.8,6,OPERATIONAL,https://maps.google.com/?cid=N/A
N/A,باشا بورشيد,26.405075999999998,50.2255681,cafe,4.7,25,OPERATIONAL,https://maps.google.com/?cid=N/A
N/A,فود ترك عـذق,26.4060147,50.2243729,cafe,5,11,OPERATIONAL,https://maps.google.com/?cid=N/A
N/A,شاهي ابو ناصر,26.4057994,50.2250156,cafe,No rating,No reviews,OPERATIONAL,https://maps.google.com/?cid=N/A
N/A,فود ترك ولد منيرة,26.4095803,50.2222669,cafe,4.6,5,OPERATIONAL,https://maps.google.com/?cid=N/A
N/A,نفل,26.408514099999998,50.2228427,cafe,4.9,10,OPERATIONAL,https://maps.google.com/?cid=N/A
N/A,شاي اخوو العيال,26.405907499999998,50.224909,cafe,5,6,OPERATIONAL,https://maps.google.com/?cid=N/A
N/A,شاي أبو ساره,26.4092417,50.222340100000004,cafe,4.8,11,OPERATIONAL,https://maps.google.com/?cid=N/A
N/A,30 ديسمبر شاي شباتي نوتيلا نودلز,26.411113,50.2210952,cafe,4.5,4,OPERATIONAL,https://maps.google.com/?cid=N/A
N/A,شاي وضيحة,26.4132234,50.2202342,cafe,5,1,OPERATIONAL,https://maps.google.com/?cid=N/A
N/A,شاي حبق و نعناع,26.4063086,50.224260799999996,cafe,No rating,No reviews,OPERATIONAL,https://maps.google.com/?cid=N/A
N/A,شاهي أبو سعود,26.4063192,50.2240574,cafe,5,1,OPERATIONAL,https://maps.google.com/?cid=N/A
N/A,شاهي أبو يحيئ,26.4018072,50.2269927,cafe,4,1,OPERATIONAL,https://maps.google.com/?cid=N/A
N/A,قرطوع,26.439049699999998,49.9835936,cafe,4.6,119,OPERATIONAL,https://maps.google.com/?cid=N/A
N/A,ديوانية ملتقيات الضاحية,26.4342679,49.9865646,cafe,4,21,OPERATIONAL,https://maps.google.com/?cid=N/A
N/A,كرك وبن,26.438483100000003,49.9835881,cafe,4.2,11,OPERATIONAL,https://maps.google.com/?cid=N/A
N/A,COPLANT coffee & Dessert,26.421784,50.003073,cafe,4.2,495,OPERATIONAL,https://maps.google.com/?cid=N/A
N/A,قرطوع,26.439049699999998,49.9835936,cafe,4.6,119,OPERATIONAL,https://maps.google.com/?cid=N/A
N/A,مقهى صلدا - salda coffee,26.4195734,49.997157699999995,cafe,4.5,60,OPERATIONAL,https://maps.google.com/?cid=N/A
N/A,Mantorose cafe,26.4198682,49.997152,cafe,3.4,61,OPERATIONAL,https://maps.google.com/?cid=N/A
N/A,شاهي حكيم,26.423427699999998,50.00494,cafe,4.8,20,OPERATIONAL,https://maps.google.com/?cid=N/A
N/A,ديوانية ملتقيات الضاحية,26.4342679,49.9865646,cafe,4,21,OPERATIONAL,https://maps.google.com/?cid=N/A
N/A,كرك وبن,26.438483100000003,49.9835881,cafe,4.2,11,OPERATIONAL,https://maps.google.com/?cid=N/A
N/A,Shwarma,26.4199418,50.0036105,cafe,No rating,No reviews,OPERATIONAL,https://maps.google.com/?cid=N/A
N/A,COPLANT coffee & Dessert,26.421784,50.003073,cafe,4.2,495,OPERATIONAL,https://maps.google.com/?cid=N/A
N/A,كوب وحلى | cup and dessert,26.4189669,50.0188778,cafe,4.8,199,OPERATIONAL,https://maps.google.com/?cid=N/A
N/A,Crepe Roll كريب رول الضاحية,26.4176905,50.0051147,cafe,3.9,250,OPERATIONAL,https://maps.google.com/?cid=N/A
N/A,عالم الشاي - Tea World,26.4264939,50.0239689,cafe,4.4,53,OPERATIONAL,https://maps.google.com/?cid=N/A
N/A,مزلاج,26.428103099999998,50.0120313,cafe,4.6,37,OPERATIONAL,https://maps.google.com/?cid=N/A
N/A,Hattan Coffee,26.4266035,50.017868,cafe,4.7,3,OPERATIONAL,https://maps.google.com/?cid=N/A
N/A,شاهي حكيم,26.423427699999998,50.00494,cafe,4.8,20,OPERATIONAL,https://maps.google.com/?cid=N/A
N/A,مقهى نسمات المزاج,26.4182015,50.018923799999996,cafe,4.2,36,OPERATIONAL,https://maps.google.com/?cid=N/A
N/A,Kiwan Cafe | كيوان كافيه,26.426660199999997,50.023383499999994,cafe,4.2,34,OPERATIONAL,https://maps.google.com/?cid=N/A
N/A,Bati cafe,26.4290886,50.0166732,cafe,4.1,7,OPERATIONAL,https://maps.google.com/?cid=N/A
N/A,مقنن وجبنه كافيه,26.4351369,50.0188771,cafe,5,3,OPERATIONAL,https://maps.google.com/?cid=N/A
N/A,C2MC+7W2 Dammam,26.433159399999997,50.022273299999995,cafe,5,1,OPERATIONAL,https://maps.google.com/?cid=N/A
N/A,نقرشة طريق,26.425272399999997,50.024487099999995,cafe,5,1,OPERATIONAL,https://maps.google.com/?cid=N/A
N/A,فود ترك خالد الخالدي,26.426742700000002,50.016739099999995,cafe,4,2,OPERATIONAL,https://maps.google.com/?cid=N/A
N/A,Mr Beans,26.4236956,50.0197925,cafe,No rating,No reviews,OPERATIONAL,https://maps.google.com/?cid=N/A
N/A,Shwarma,26.4199418,50.0036105,cafe,No rating,No reviews,OPERATIONAL,https://maps.google.com/?cid=N/A
N/A,Dunkin - دانكن,26.4236701,50.0301189,cafe,4,1123,OPERATIONAL,https://maps.google.com/?cid=N/A
N/A,فلافي كلاود﻿س,26.422902099999998,50.027547999999996,cafe,4.1,646,OPERATIONAL,https://maps.google.com/?cid=N/A
N/A,paper cup cafe,26.422857399999998,50.024840399999995,cafe,4.6,287,OPERATIONAL,https://maps.google.com/?cid=N/A
N/A,كيان,26.426855999999997,50.0361797,cafe,3.9,80,OPERATIONAL,https://maps.google.com/?cid=N/A
N/A,لايف الخوارزمي .,26.4208662,50.034020399999996,cafe,3.8,358,OPERATIONAL,https://maps.google.com/?cid=N/A
N/A,مجلس و دلة,26.4313506,50.0397584,cafe,4.3,479,OPERATIONAL,https://maps.google.com/?cid=N/A
N/A,مقهى وديوانية اراك,26.4242764,50.0333815,cafe,3.4,82,OPERATIONAL,https://maps.google.com/?cid=N/A
N/A,Barn's | بارنز,26.422528,50.027916999999995,cafe,4.2,121,OPERATIONAL,https://maps.google.com/?cid=N/A
N/A,Costa Coffee,26.422661599999998,50.028114599999995,cafe,4.7,457,OPERATIONAL,https://maps.google.com/?cid=N/A
N/A,كوب وحلى | cup and dessert,26.4189669,50.0188778,cafe,4.8,199,OPERATIONAL,https://maps.google.com/?cid=N/A
N/A,Ocaso Specialty Coffee,26.4238249,50.0303294,cafe,4.6,245,OPERATIONAL,https://maps.google.com/?cid=N/A
N/A,Dunkin' - دانكن,26.422885500000003,50.0280602,cafe,4.3,209,OPERATIONAL,https://maps.google.com/?cid=N/A
N/A,101Cafe,26.421855299999997,50.0264844,cafe,4.3,501,OPERATIONAL,https://maps.google.com/?cid=N/A
N/A,Mantorose Cafe,26.4384625,50.0336064,cafe,4.1,807,OPERATIONAL,https://maps.google.com/?cid=N/A
N/A,مقهى ايمان المشروبات,26.4328796,50.0297491,cafe,4.3,211,OPERATIONAL,https://maps.google.com/?cid=N/A
N/A,عالم الشاي - Tea World,26.4264939,50.0239689,cafe,4.4,53,OPERATIONAL,https://maps.google.com/?cid=N/A
N/A,Krispy kreme,26.427682899999997,50.042626399999996,cafe,4.3,86,OPERATIONAL,https://maps.google.com/?cid=N/A
N/A,Tim Hortons King Saud Noor,26.4273804,50.0381037,cafe,4.3,170,OPERATIONAL,https://maps.google.com/?cid=N/A
N/A,Le 42 Cafe,26.4237956,50.0303177,cafe,4.6,280,OPERATIONAL,https://maps.google.com/?cid=N/A
N/A,Tim Hortons Alnoor,26.436048099999997,50.03450600000001,cafe,4.3,212,OPERATIONAL,https://maps.google.com/?cid=N/A
N/A,Brisa cafe,26.4270371,50.044003,cafe,4.3,233,OPERATIONAL,https://maps.google.com/?cid=N/A
N/A,مقهي ليالي الأمم,26.4243223,50.0605475,cafe,3.7,595,OPERATIONAL,https://maps.google.com/?cid=N/A
N/A,كيان,26.426855999999997,50.0361797,cafe,3.9,80,OPERATIONAL,https://maps.google.com/?cid=N/A
N/A,مجلس و دلة,26.4313506,50.0397584,cafe,4.3,479,OPERATIONAL,https://maps.google.com/?cid=N/A
N/A,مقهى وديوانية اراك,26.4242764,50.0333815,cafe,3.4,82,OPERATIONAL,https://maps.google.com/?cid=N/A
N/A,مقهى انغام دبي 2,26.437699,50.053284899999994,cafe,4,116,OPERATIONAL,https://maps.google.com/?cid=N/A
N/A,ديوانيه حياكم,26.4332559,50.0439795,cafe,4.1,193,OPERATIONAL,https://maps.google.com/?cid=N/A
N/A,بلو سكاي كافيه Blue sky coffe,26.4405108,50.0497362,cafe,4,216,OPERATIONAL,https://maps.google.com/?cid=N/A
N/A,Sultan Nights Cafe,26.4379761,50.056416999999996,cafe,3.9,268,OPERATIONAL,https://maps.google.com/?cid=N/A
N/A,Krispy kreme,26.427682899999997,50.042626399999996,cafe,4.3,86,OPERATIONAL,https://maps.google.com/?cid=N/A
N/A,معسلات ليالي وناسه,26.423436799999998,50.0587055,cafe,3.5,59,OPERATIONAL,https://maps.google.com/?cid=N/A
N/A,مقهى دارالمزاج,26.4342878,50.055018999999994,cafe,4.3,51,OPERATIONAL,https://maps.google.com/?cid=N/A
N/A,Tim Hortons King Saud Noor,26.4273804,50.0381037,cafe,4.3,170,OPERATIONAL,https://maps.google.com/?cid=N/A
N/A,Tim Hortons Alnoor,26.436048099999997,50.03450600000001,cafe,4.3,212,OPERATIONAL,https://maps.google.com/?cid=N/A
N/A,ADNOC Service Station | Al Noor District (2052),26.4361292,50.0341727,cafe,4.1,60,OPERATIONAL,https://maps.google.com/?cid=N/A
N/A,قهوه يويو اني,26.4369722,50.0537437,cafe,4.9,15,OPERATIONAL,https://maps.google.com/?cid=N/A
N/A,دونات,26.4273743,50.0429375,cafe,2.6,5,OPERATIONAL,https://maps.google.com/?cid=N/A
N/A,القهوة المثالية,26.4261592,50.035146,cafe,4,55,OPERATIONAL,https://maps.google.com/?cid=N/A
N/A,مقهى ال انعم,26.4344906,50.054910199999995,cafe,3.6,55,OPERATIONAL,https://maps.google.com/?cid=N/A
N/A,Barn's | بارنز,26.42626,50.059115999999996,cafe,2.6,5,OPERATIONAL,https://maps.google.com/?cid=N/A
N/A,مقهي ليالي الأمم,26.4243223,50.0605475,cafe,3.7,595,OPERATIONAL,https://maps.google.com/?cid=N/A
N/A,Barn's | بارنز,26.4308214,50.068192700000004,cafe,4.4,307,OPERATIONAL,https://maps.google.com/?cid=N/A
N/A,Tim Hortons,26.430946000000002,50.067986999999995,cafe,4.1,693,OPERATIONAL,https://maps.google.com/?cid=N/A
N/A,مقهى انغام دبي 2,26.437699,50.053284899999994,cafe,4,116,OPERATIONAL,https://maps.google.com/?cid=N/A
N/A,ديوانية الديوان,26.4172838,50.0610387,cafe,4,93,OPERATIONAL,https://maps.google.com/?cid=N/A
N/A,Sultan Nights Cafe,26.4379761,50.056416999999996,cafe,3.9,268,OPERATIONAL,https://maps.google.com/?cid=N/A
N/A,معسلات ليالي وناسه,26.423436799999998,50.0587055,cafe,3.5,59,OPERATIONAL,https://maps.google.com/?cid=N/A
N/A,شقق تاج المنيرة المخدومة,26.4253,50.068645,cafe,3.5,319,OPERATIONAL,https://maps.google.com/?cid=N/A
N/A,Velvet Crepeفلفت كريب,26.42969,50.0769945,cafe,4,446,OPERATIONAL,https://maps.google.com/?cid=N/A
N/A,مقهى دارالمزاج,26.4342878,50.055018999999994,cafe,4.3,51,OPERATIONAL,https://maps.google.com/?cid=N/A
N/A,best cafe,26.4288998,50.0684259,cafe,4.3,251,OPERATIONAL,https://maps.google.com/?cid=N/A
N/A,Boofiya Jabalul Noor,26.440288,50.060763099999996,cafe,4,181,OPERATIONAL,https://maps.google.com/?cid=N/A
N/A,قهوه يويو اني,26.4369722,50.0537437,cafe,4.9,15,OPERATIONAL,https://maps.google.com/?cid=N/A
N/A,ديوان الفخامه,26.439318999999998,50.0638716,cafe,4,6,OPERATIONAL,https://maps.google.com/?cid=N/A
N/A,مقهى ال انعم,26.4344906,50.054910199999995,cafe,3.6,55,OPERATIONAL,https://maps.google.com/?cid=N/A
N/A,Barn's | بارنز,26.42626,50.059115999999996,cafe,2.6,5,OPERATIONAL,https://maps.google.com/?cid=N/A
N/A,زد كافي Zed Coffee,26.437277299999998,50.0539006,cafe,3.8,24,OPERATIONAL,https://maps.google.com/?cid=N/A
N/A,Hookah parlour,26.4246534,50.0605754,cafe,2.6,5,OPERATIONAL,https://maps.google.com/?cid=N/A
N/A,Tea palace قصر الشاي,26.4307464,50.0790797,cafe,4.3,24,OPERATIONAL,https://maps.google.com/?cid=N/A
N/A,kyan,26.435362599999998,50.0883123,cafe,4.1,217,OPERATIONAL,https://maps.google.com/?cid=N/A
N/A,Dunkin' - دانكن,26.432116,50.08072,cafe,4,1360,OPERATIONAL,https://maps.google.com/?cid=N/A
N/A,BREWS coffee and brunch,26.421445,50.0906508,cafe,4.8,253,OPERATIONAL,https://maps.google.com/?cid=N/A
N/A,Barn's | بارنز,26.4308214,50.068192700000004,cafe,4.4,307,OPERATIONAL,https://maps.google.com/?cid=N/A
N/A,Starbucks,26.422725,50.09156600000001,cafe,4.2,450,OPERATIONAL,https://maps.google.com/?cid=N/A
N/A,Tim Hortons,26.430946000000002,50.067986999999995,cafe,4.1,693,OPERATIONAL,https://maps.google.com/?cid=N/A
N/A,ديوانية قهوة المساء,26.421163,50.084927699999994,cafe,3.8,513,OPERATIONAL,https://maps.google.com/?cid=N/A
N/A,Starbucks,26.431197899999997,50.0840775,cafe,4.5,158,OPERATIONAL,https://maps.google.com/?cid=N/A
N/A,Dunkin' - دانكن,26.4206875,50.088812499999996,cafe,2.8,113,OPERATIONAL,https://maps.google.com/?cid=N/A
N/A,NaseemAlzohoor,26.4317717,50.081155599999995,cafe,4.7,700,OPERATIONAL,https://maps.google.com/?cid=N/A
N/A,Your coffee is right قهوتك صح,26.420682799999998,50.088794299999996,cafe,4.7,60,OPERATIONAL,https://maps.google.com/?cid=N/A
N/A,مقهي ايامنا,26.4368344,50.0923228,cafe,4.3,125,OPERATIONAL,https://maps.google.com/?cid=N/A
N/A,Velvet Crepeفلفت كريب,26.42969,50.0769945,cafe,4,446,OPERATIONAL,https://maps.google.com/?cid=N/A
N/A,شقق تاج المنيرة المخدومة,26.4253,50.068645,cafe,3.5,319,OPERATIONAL,https://maps.google.com/?cid=N/A
N/A,Krispy Kreme,26.422777300000003,50.092105499999995,cafe,4.2,221,OPERATIONAL,https://maps.google.com/?cid=N/A
N/A,best cafe,26.4288998,50.0684259,cafe,4.3,251,OPERATIONAL,https://maps.google.com/?cid=N/A
N/A,Kasbon Specialty Coffee,26.427721599999998,50.097104699999996,cafe,4.3,69,OPERATIONAL,https://maps.google.com/?cid=N/A
N/A,Tim Hortons,26.4206851,50.088962099999996,cafe,3.8,123,OPERATIONAL,https://maps.google.com/?cid=N/A
N/A,مقهى ومحمصة سمبلسيتي | Simplicity cafe & roastery,26.419214099999998,50.0863253,cafe,4.6,17,OPERATIONAL,https://maps.google.com/?cid=N/A
N/A,kyan,26.435362599999998,50.0883123,cafe,4.1,217,OPERATIONAL,https://maps.google.com/?cid=N/A
N/A,ديوانية زعفران,26.4208434,50.100605099999996,cafe,4,1022,OPERATIONAL,https://maps.google.com/?cid=N/A
N/A,BREWS coffee and brunch,26.421445,50.0906508,cafe,4.8,253,OPERATIONAL,https://maps.google.com/?cid=N/A
N/A,وقت الكرك Karak Time,26.4249942,50.0978396,cafe,4.4,247,OPERATIONAL,https://maps.google.com/?cid=N/A
N/A,Starbucks,26.422725,50.09156600000001,cafe,4.2,450,OPERATIONAL,https://maps.google.com/?cid=N/A
N/A,Avenue Café,26.420910799999998,50.1013291,cafe,4,1089,OPERATIONAL,https://maps.google.com/?cid=N/A
N/A,"Tea Time - Adama, Dammam",26.4349312,50.104278099999995,cafe,4.3,204,OPERATIONAL,https://maps.google.com/?cid=N/A
N/A,Seko market,26.440967699999998,50.099806,cafe,3.9,23,OPERATIONAL,https://maps.google.com/?cid=N/A
N/A,Tea Time Dammam,26.4418959,50.0976492,cafe,4.2,256,OPERATIONAL,https://maps.google.com/?cid=N/A
N/A,Wanasah Coffee,26.4208437,50.1071064,cafe,3.7,234,OPERATIONAL,https://maps.google.com/?cid=N/A
N/A,Dunkin' - دانكن,26.4206875,50.088812499999996,cafe,2.8,113,OPERATIONAL,https://maps.google.com/?cid=N/A
N/A,مقهي درة المصريين,26.436570999999997,50.1012257,cafe,4.7,44,OPERATIONAL,https://maps.google.com/?cid=N/A
N/A,مقهي ايامنا,26.4368344,50.0923228,cafe,4.3,125,OPERATIONAL,https://maps.google.com/?cid=N/A
N/A,Your coffee is right قهوتك صح,26.420682799999998,50.088794299999996,cafe,4.7,60,OPERATIONAL,https://maps.google.com/?cid=N/A
N/A,مقهى الراكوبة,26.4361537,50.0998929,cafe,4.8,37,OPERATIONAL,https://maps.google.com/?cid=N/A
N/A,Krispy Kreme,26.422777300000003,50.092105499999995,cafe,4.2,221,OPERATIONAL,https://maps.google.com/?cid=N/A
N/A,Kasbon Specialty Coffee,26.427721599999998,50.097104699999996,cafe,4.3,69,OPERATIONAL,https://maps.google.com/?cid=N/A
N/A,مقهي ذا لاونج,26.4286506,50.1035253,cafe,4.4,10,OPERATIONAL,https://maps.google.com/?cid=N/A
N/A,Shay Khana,26.420935399999998,50.0976329,cafe,4.3,52,OPERATIONAL,https://maps.google.com/?cid=N/A
N/A,Mantorose Cafe,26.4258384,50.099356199999995,cafe,3.9,67,OPERATIONAL,https://maps.google.com/?cid=N/A
N/A,Dunkin' - دانكن,26.434722999999998,50.117571,cafe,4,843,OPERATIONAL,https://maps.google.com/?cid=N/A
N/A,Cake & Tart كيك وتارت,26.4417689,50.120239,cafe,4.7,501,OPERATIONAL,https://maps.google.com/?cid=N/A
N/A,Mantorose Cafe,26.4165031,50.1206641,cafe,4.1,612,OPERATIONAL,https://maps.google.com/?cid=N/A
N/A,Cafe Chai,26.4404273,50.116388199999996,cafe,4.2,117,OPERATIONAL,https://maps.google.com/?cid=N/A
N/A,Dunkin' - دانكن,26.4161844,50.115632100000006,cafe,3.7,271,OPERATIONAL,https://maps.google.com/?cid=N/A
N/A,Wanasah Coffee,26.4208437,50.1071064,cafe,3.7,234,OPERATIONAL,https://maps.google.com/?cid=N/A
N/A,SeroTonin Lounge سيروتونين لاونج,26.4415397,50.1222813,cafe,4.3,275,OPERATIONAL,https://maps.google.com/?cid=N/A
N/A,Andes Coffee Roasters,26.428777099999998,50.118413399999994,cafe,3.8,16,OPERATIONAL,https://maps.google.com/?cid=N/A
N/A,Tea Castle,26.440296999999997,50.113091,cafe,4.4,101,OPERATIONAL,https://maps.google.com/?cid=N/A
N/A,Road Café | قهوة الطريق,26.439734899999998,50.118243199999995,cafe,4.2,102,OPERATIONAL,https://maps.google.com/?cid=N/A
N/A,Club 90 Resto Cafe,26.4386152,50.1112712,cafe,4.3,71,OPERATIONAL,https://maps.google.com/?cid=N/A
N/A,بوفية زاوية تسالي,26.4263865,50.1201778,cafe,4.3,55,OPERATIONAL,https://maps.google.com/?cid=N/A
N/A,PRIME coffee,26.4321442,50.1177826,cafe,3.6,13,OPERATIONAL,https://maps.google.com/?cid=N/A
N/A,مقهي ذا لاونج,26.4286506,50.1035253,cafe,4.4,10,OPERATIONAL,https://maps.google.com/?cid=N/A
N/A,TEA WORLD,26.4400572,50.114408999999995,cafe,4.8,17,OPERATIONAL,https://maps.google.com/?cid=N/A
N/A,LOFT CAFE,26.4159576,50.1160433,cafe,3.9,58,OPERATIONAL,https://maps.google.com/?cid=N/A
N/A,Madras Cafe,26.437263899999998,50.114235199999996,cafe,4.2,64,OPERATIONAL,https://maps.google.com/?cid=N/A
N/A,Kaakaya Cafe ( الدمام) كعكايه كافيه,26.429290299999998,50.117337899999995,cafe,4.6,33,OPERATIONAL,https://maps.google.com/?cid=N/A
N/A,Starbucks,26.4376104,50.1184279,cafe,5,23,OPERATIONAL,https://maps.google.com/?cid=N/A
N/A,Dunkin' - دانكن,26.430367399999998,50.133978199999994,cafe,4.1,391,OPERATIONAL,https://maps.google.com/?cid=N/A
N/A,Starbucks,26.430849,50.133247,cafe,3.7,291,OPERATIONAL,https://maps.google.com/?cid=N/A
N/A,Tim Horton,26.429514800000003,50.135101,cafe,4.2,55,OPERATIONAL,https://maps.google.com/?cid=N/A
N/A,كافيه مسباح,26.4336335,50.1295347,cafe,5,47,OPERATIONAL,https://maps.google.com/?cid=N/A
N/A,La Touche,26.4369746,50.1293033,cafe,3.7,7,OPERATIONAL,https://maps.google.com/?cid=N/A
N/A,ديلي كب Daily cup,26.433781300000003,50.1258906,cafe,4.6,10,OPERATIONAL,https://maps.google.com/?cid=N/A
N/A,كرك الذهبي,26.428795599999997,50.1363699,cafe,5,1,OPERATIONAL,https://maps.google.com/?cid=N/A
N/A,Tea shop🍔☕,26.4190334,50.1626352,cafe,No rating,No reviews,OPERATIONAL,https://maps.google.com/?cid=N/A
N/A,Road Café | قهوة الطريق,26.4155411,50.170123499999995,cafe,4.6,9,OPERATIONAL,https://maps.google.com/?cid=N/A
N/A,Tea shop🍔☕,26.4190334,50.1626352,cafe,No rating,No reviews,OPERATIONAL,https://maps.google.com/?cid=N/A
N/A,قرطوع,26.439049699999998,49.9835936,cafe,4.6,119,OPERATIONAL,https://maps.google.com/?cid=N/A
N/A,كرك وبن,26.438483100000003,49.9835881,cafe,4.2,11,OPERATIONAL,https://maps.google.com/?cid=N/A
N/A,شاهي ماف,26.4433626,49.986727699999996,cafe,4.5,18,OPERATIONAL,https://maps.google.com/?cid=N/A
N/A,سيركلز كوكيز,26.439887,49.9834679,cafe,4.6,12,OPERATIONAL,https://maps.google.com/?cid=N/A
N/A,ناض للقهوه المختصة,26.448522699999998,49.9838592,cafe,4.7,12,OPERATIONAL,https://maps.google.com/?cid=N/A
N/A,خصب,26.4435152,49.9967415,cafe,4.7,176,OPERATIONAL,https://maps.google.com/?cid=N/A
N/A,قرطوع,26.439049699999998,49.9835936,cafe,4.6,119,OPERATIONAL,https://maps.google.com/?cid=N/A
N/A,Barn's | بارنز,26.4438997,50.0047776,cafe,4.2,92,OPERATIONAL,https://maps.google.com/?cid=N/A
N/A,دبل تلقيمه,26.4453595,49.9967713,cafe,4.8,51,OPERATIONAL,https://maps.google.com/?cid=N/A
N/A,مقهى مرتكن لتقديم المشروبات,26.444039999999998,50.001134099999994,cafe,4.9,40,OPERATIONAL,https://maps.google.com/?cid=N/A
N/A,ديوانية ملتقيات الضاحية,26.4342679,49.9865646,cafe,4,21,OPERATIONAL,https://maps.google.com/?cid=N/A
N/A,كرك وبن,26.438483100000003,49.9835881,cafe,4.2,11,OPERATIONAL,https://maps.google.com/?cid=N/A
N/A,شاهي ماف,26.4433626,49.986727699999996,cafe,4.5,18,OPERATIONAL,https://maps.google.com/?cid=N/A
N/A,سيركلز كوكيز,26.439887,49.9834679,cafe,4.6,12,OPERATIONAL,https://maps.google.com/?cid=N/A
N/A,ناض للقهوه المختصة,26.448522699999998,49.9838592,cafe,4.7,12,OPERATIONAL,https://maps.google.com/?cid=N/A
N/A,ورق عنب دون,26.4445737,50.001746499999996,cafe,5,1,OPERATIONAL,https://maps.google.com/?cid=N/A
N/A,خصب,26.4435152,49.9967415,cafe,4.7,176,OPERATIONAL,https://maps.google.com/?cid=N/A
N/A,Barn's | بارنز,26.4438997,50.0047776,cafe,4.2,92,OPERATIONAL,https://maps.google.com/?cid=N/A
N/A,دبل تلقيمه,26.4453595,49.9967713,cafe,4.8,51,OPERATIONAL,https://maps.google.com/?cid=N/A
N/A,مقهى مرتكن لتقديم المشروبات,26.444039999999998,50.001134099999994,cafe,4.9,40,OPERATIONAL,https://maps.google.com/?cid=N/A
N/A,بوفية أريام عمر,26.458813499999998,50.0163959,cafe,5,1,OPERATIONAL,https://maps.google.com/?cid=N/A
N/A,ورق عنب دون,26.4445737,50.001746499999996,cafe,5,1,OPERATIONAL,https://maps.google.com/?cid=N/A
N/A,Mantorose Cafe,26.4384625,50.0336064,cafe,4.1,807,OPERATIONAL,https://maps.google.com/?cid=N/A
N/A,مساء التفاحتين للشيش والمعسلات - حمادة - معسل شيش,26.4400315,50.0318925,cafe,4.3,9,OPERATIONAL,https://maps.google.com/?cid=N/A
N/A,Tim Hortons Alnoor,26.436048099999997,50.03450600000001,cafe,4.3,212,OPERATIONAL,https://maps.google.com/?cid=N/A
N/A,ADNOC Service Station | Al Noor District (2052),26.4361292,50.0341727,cafe,4.1,60,OPERATIONAL,https://maps.google.com/?cid=N/A
N/A,mood line cafe,26.439406599999998,50.031627300000004,cafe,4.7,15,OPERATIONAL,https://maps.google.com/?cid=N/A
N/A,مقهى الحلويات الجميلة,26.443022799999998,50.0414575,cafe,4.4,24,OPERATIONAL,https://maps.google.com/?cid=N/A
N/A,بوفيه نظيف ومرتب وتعامل راقي,26.435755699999998,50.0340601,cafe,4,10,OPERATIONAL,https://maps.google.com/?cid=N/A
N/A,صيانة فورك لفت,26.442969299999998,50.0416762,cafe,4,5,OPERATIONAL,https://maps.google.com/?cid=N/A
N/A,مقهى انغام دبي 2,26.437699,50.053284899999994,cafe,4,116,OPERATIONAL,https://maps.google.com/?cid=N/A
N/A,بلو سكاي كافيه Blue sky coffe,26.4405108,50.0497362,cafe,4,216,OPERATIONAL,https://maps.google.com/?cid=N/A
N/A,Mantorose Cafe,26.4506177,50.053475899999995,cafe,4,468,OPERATIONAL,https://maps.google.com/?cid=N/A
N/A,Sultan Nights Cafe,26.4379761,50.056416999999996,cafe,3.9,268,OPERATIONAL,https://maps.google.com/?cid=N/A
N/A,قهوة الطريق,26.447025099999998,50.044062,cafe,3.7,26,OPERATIONAL,https://maps.google.com/?cid=N/A
N/A,قهوه يويو اني,26.4369722,50.0537437,cafe,4.9,15,OPERATIONAL,https://maps.google.com/?cid=N/A
N/A,زد كافي Zed Coffee,26.437277299999998,50.0539006,cafe,3.8,24,OPERATIONAL,https://maps.google.com/?cid=N/A
N/A,مقهى الحلويات الجميلة,26.443022799999998,50.0414575,cafe,4.4,24,OPERATIONAL,https://maps.google.com/?cid=N/A
N/A,Chai Makkani,26.4529674,50.053335399999995,cafe,3.5,2,OPERATIONAL,https://maps.google.com/?cid=N/A
N/A,نوتيلا كافيه,26.437330799999998,50.0538442,cafe,5,2,OPERATIONAL,https://maps.google.com/?cid=N/A
N/A,Mantorose Cafe,26.4404917,50.049759099999996,cafe,No rating,No reviews,OPERATIONAL,https://maps.google.com/?cid=N/A
N/A,.,26.4404917,50.049759099999996,cafe,4.8,8,OPERATIONAL,https://maps.google.com/?cid=N/A
N/A,صيانة فورك لفت,26.442969299999998,50.0416762,cafe,4,5,OPERATIONAL,https://maps.google.com/?cid=N/A
N/A,Rakesh,26.4478893,50.047379299999996,cafe,No rating,No reviews,OPERATIONAL,https://maps.google.com/?cid=N/A
N/A,Emilien,26.4567522,50.062189599999996,cafe,4.5,1243,OPERATIONAL,https://maps.google.com/?cid=N/A
N/A,Fraiche bakery مخبز فريش,26.454982299999998,50.0698453,cafe,4.7,305,OPERATIONAL,https://maps.google.com/?cid=N/A
N/A,مقهى انغام دبي 2,26.437699,50.053284899999994,cafe,4,116,OPERATIONAL,https://maps.google.com/?cid=N/A
N/A,Sultan Nights Cafe,26.4379761,50.056416999999996,cafe,3.9,268,OPERATIONAL,https://maps.google.com/?cid=N/A
N/A,Mantorose Cafe,26.4506177,50.053475899999995,cafe,4,468,OPERATIONAL,https://maps.google.com/?cid=N/A
N/A,Mantorose Cafe,26.4533176,50.068103199999996,cafe,4.1,257,OPERATIONAL,https://maps.google.com/?cid=N/A
N/A,Meow Cafe مياو كافيه,26.459870499999997,50.064584499999995,cafe,4.7,224,OPERATIONAL,https://maps.google.com/?cid=N/A
N/A,Starbucks,26.455455999999998,50.068045,cafe,4.6,45,OPERATIONAL,https://maps.google.com/?cid=N/A
N/A,Boofiya Jabalul Noor,26.440288,50.060763099999996,cafe,4,181,OPERATIONAL,https://maps.google.com/?cid=N/A
N/A,Quill Cafe,26.4562869,50.061667899999996,cafe,4.2,177,OPERATIONAL,https://maps.google.com/?cid=N/A
N/A,فيب مزاج الاشراق,26.4416308,50.0728929,cafe,3.8,13,OPERATIONAL,https://maps.google.com/?cid=N/A
N/A,Krispy Kreme Dareen Mall - كرسبي كريم دارين مول,26.4598715,50.0648377,cafe,4,239,OPERATIONAL,https://maps.google.com/?cid=N/A
N/A,ديوان الفخامه,26.439318999999998,50.0638716,cafe,4,6,OPERATIONAL,https://maps.google.com/?cid=N/A
N/A,Rawayi ardh alqassim dates,26.4520156,50.063751800000006,cafe,4.2,110,OPERATIONAL,https://maps.google.com/?cid=N/A
N/A,زد كافي Zed Coffee,26.437277299999998,50.0539006,cafe,3.8,24,OPERATIONAL,https://maps.google.com/?cid=N/A
N/A,شركة البريكي للصيانة فرع الدمام,26.458185999999998,50.0613861,cafe,4.4,7,OPERATIONAL,https://maps.google.com/?cid=N/A
N/A,مقهى أكواب و أباريق,26.443364199999998,50.069171499999996,cafe,4.9,28,OPERATIONAL,https://maps.google.com/?cid=N/A
N/A,شاي احمر معتق,26.4525763,50.0741071,cafe,4.9,86,OPERATIONAL,https://maps.google.com/?cid=N/A
N/A,لاتي - LATEA,26.442496,50.0685995,cafe,4.9,9,OPERATIONAL,https://maps.google.com/?cid=N/A
N/A,Boofiya Abrad,26.441589999999998,50.0651183,cafe,3.7,11,OPERATIONAL,https://maps.google.com/?cid=N/A
N/A,UMQ Coffee 2.2,26.4585577,50.0852098,cafe,4.5,649,OPERATIONAL,https://maps.google.com/?cid=N/A
N/A,Eleven Three | 11 3,26.453079499999998,50.080716100000004,cafe,4.6,549,OPERATIONAL,https://maps.google.com/?cid=N/A
N/A,kyan,26.435362599999998,50.0883123,cafe,4.1,217,OPERATIONAL,https://maps.google.com/?cid=N/A
N/A,عالم الصغار - Kids World,26.458283100000003,50.0824394,cafe,4.7,284,OPERATIONAL,https://maps.google.com/?cid=N/A
N/A,Dunkin' - دانكن,26.4596054,50.083939199999996,cafe,3.9,572,OPERATIONAL,https://maps.google.com/?cid=N/A
N/A,بلياردو و سنوكر ديلابيكس |مقهى | BILLIARD & SNOOKER DELAPAIX |coffee shop,26.4427845,50.0890469,cafe,4.3,741,OPERATIONAL,https://maps.google.com/?cid=N/A
N/A,Costa Coffee,26.458586,50.086075,cafe,4.9,1519,OPERATIONAL,https://maps.google.com/?cid=N/A
N/A,Dunkin' - دانكن,26.4501082,50.0841279,cafe,3,121,OPERATIONAL,https://maps.google.com/?cid=N/A
N/A,Barn's | بارنز,26.459229399999998,50.079975,cafe,4.4,96,OPERATIONAL,https://maps.google.com/?cid=N/A
N/A,مقهي ايامنا,26.4368344,50.0923228,cafe,4.3,125,OPERATIONAL,https://maps.google.com/?cid=N/A
N/A,مقهى ومحمصة تريبيكا| TREEPICA COFFEE ROASTERS,26.4587114,50.080749999999995,cafe,4.5,168,OPERATIONAL,https://maps.google.com/?cid=N/A
N/A,24Cafe,26.4552113,50.081553899999996,cafe,4.6,37,OPERATIONAL,https://maps.google.com/?cid=N/A
N/A,لجة كافية - Lujjah Cafe,26.4583329,50.0824742,cafe,4.9,109,OPERATIONAL,https://maps.google.com/?cid=N/A
N/A,فيب مزاج الاشراق,26.4416308,50.0728929,cafe,3.8,13,OPERATIONAL,https://maps.google.com/?cid=N/A
N/A,Tim Hortons,26.4586953,50.082259799999996,cafe,4.7,106,OPERATIONAL,https://maps.google.com/?cid=N/A
N/A,Road Café,26.4595719,50.080953099999995,cafe,4,42,OPERATIONAL,https://maps.google.com/?cid=N/A
N/A,فليڤر Flavor,26.45628,50.081307699999996,cafe,4.7,62,OPERATIONAL,https://maps.google.com/?cid=N/A
N/A,مقهى المحروسة,26.4439823,50.093294099999994,cafe,4,4,OPERATIONAL,https://maps.google.com/?cid=N/A
N/A,مملكة,26.4557827,50.084948999999995,cafe,4.6,5,OPERATIONAL,https://maps.google.com/?cid=N/A
N/A,عصير قصب,26.445171,50.092758599999996,cafe,4.9,8,OPERATIONAL,https://maps.google.com/?cid=N/A
N/A,فينسيا لاونج ومقهى Vensia Lounge & Cafe,26.4567743,50.1012023,cafe,4.6,983,OPERATIONAL,https://maps.google.com/?cid=N/A
N/A,Ratio Souq Alhub,26.4465473,50.1044587,cafe,4.3,241,OPERATIONAL,https://maps.google.com/?cid=N/A
N/A,dr.CAFE COFFEE | V12 Station | د.كيف كافيه,26.4561736,50.0969402,cafe,4.3,1866,OPERATIONAL,https://maps.google.com/?cid=N/A
N/A,مقهى إجازة,26.4524485,50.1057701,cafe,3.7,496,OPERATIONAL,https://maps.google.com/?cid=N/A
N/A,Snow cafe,26.455261,50.096971599999996,cafe,4.3,382,OPERATIONAL,https://maps.google.com/?cid=N/A
N/A,ALKARAK الكرك,26.4537208,50.106162399999995,cafe,4.2,241,OPERATIONAL,https://maps.google.com/?cid=N/A
N/A,Seko market,26.440967699999998,50.099806,cafe,3.9,23,OPERATIONAL,https://maps.google.com/?cid=N/A
N/A,Dunkin' - دانكن,26.4526431,50.0968495,cafe,3.6,332,OPERATIONAL,https://maps.google.com/?cid=N/A
N/A,"Tea Time - Adama, Dammam",26.4349312,50.104278099999995,cafe,4.3,204,OPERATIONAL,https://maps.google.com/?cid=N/A
N/A,بلياردو و سنوكر ديلابيكس |مقهى | BILLIARD & SNOOKER DELAPAIX |coffee shop,26.4427845,50.0890469,cafe,4.3,741,OPERATIONAL,https://maps.google.com/?cid=N/A
N/A,Second cup سكند كب,26.4567932,50.10118,cafe,4.4,247,OPERATIONAL,https://maps.google.com/?cid=N/A
N/A,Tea Time Dammam,26.4418959,50.0976492,cafe,4.2,256,OPERATIONAL,https://maps.google.com/?cid=N/A
N/A,مقهي درة المصريين,26.436570999999997,50.1012257,cafe,4.7,44,OPERATIONAL,https://maps.google.com/?cid=N/A
N/A,المذاق المغربي,26.459323,50.0955575,cafe,4.2,430,OPERATIONAL,https://maps.google.com/?cid=N/A
N/A,مقهي ايامنا,26.4368344,50.0923228,cafe,4.3,125,OPERATIONAL,https://maps.google.com/?cid=N/A
N/A,مقهى الراكوبة,26.4361537,50.0998929,cafe,4.8,37,OPERATIONAL,https://maps.google.com/?cid=N/A
N/A,مقهى نغم,26.456808400000003,50.1010979,cafe,4.4,91,OPERATIONAL,https://maps.google.com/?cid=N/A
N/A,Tea Castle,26.440296999999997,50.113091,cafe,4.4,101,OPERATIONAL,https://maps.google.com/?cid=N/A
N/A,كاريبو كوفي - Caribou Coffee,26.455517,50.10632,cafe,4.2,512,OPERATIONAL,https://maps.google.com/?cid=N/A
N/A,مقهى مائة درجة,26.4466184,50.103510299999996,cafe,4.4,218,OPERATIONAL,https://maps.google.com/?cid=N/A
N/A,7 Grams - Dammam Cornish | ٧ جرام - كورنيش الدمام,26.4512255,50.131008699999995,cafe,4.3,2753,OPERATIONAL,https://maps.google.com/?cid=N/A
N/A,troy coffee lounge,26.4524375,50.1240625,cafe,4.1,1342,OPERATIONAL,https://maps.google.com/?cid=N/A
N/A,RATIO Speciality Coffee,26.452102,50.130267599999996,cafe,4,1671,OPERATIONAL,https://maps.google.com/?cid=N/A
N/A,Ratio Souq Alhub,26.4465473,50.1044587,cafe,4.3,241,OPERATIONAL,https://maps.google.com/?cid=N/A
N/A,.VIA Specialty Coffee And Bakery,26.452092999999998,50.1305713,cafe,4.3,301,OPERATIONAL,https://maps.google.com/?cid=N/A
N/A,Starbucks (Drive Thru),26.4551779,50.113723,cafe,4.1,2613,OPERATIONAL,https://maps.google.com/?cid=N/A
N/A,برونز لونج كافيه,26.451373200000003,50.1291625,cafe,4.7,1387,OPERATIONAL,https://maps.google.com/?cid=N/A
N/A,انوف لاونج - Anov lounge,26.4515085,50.1280583,cafe,4.5,231,OPERATIONAL,https://maps.google.com/?cid=N/A
N/A,Gamma,26.4521461,50.130253800000006,cafe,4.8,2188,OPERATIONAL,https://maps.google.com/?cid=N/A
N/A,Kyan,26.4558024,50.1168148,cafe,4.2,756,OPERATIONAL,https://maps.google.com/?cid=N/A
N/A,017 specialty coffee,26.4521384,50.1303966,cafe,4.7,905,OPERATIONAL,https://maps.google.com/?cid=N/A
N/A,Dose Cafe,26.4579517,50.1203651,cafe,4.1,2310,OPERATIONAL,https://maps.google.com/?cid=N/A
N/A,براير كافيه Briar Cafe & Tea room,26.451165,50.131209000000005,cafe,4.2,791,OPERATIONAL,https://maps.google.com/?cid=N/A
N/A,Dunkin' - دانكن,26.434722999999998,50.117571,cafe,4,843,OPERATIONAL,https://maps.google.com/?cid=N/A
N/A,مقهى إجازة,26.4524485,50.1057701,cafe,3.7,496,OPERATIONAL,https://maps.google.com/?cid=N/A
N/A,Cake & Tart كيك وتارت,26.4417689,50.120239,cafe,4.7,501,OPERATIONAL,https://maps.google.com/?cid=N/A
N/A,Riviera Avenue 2 ريفييرا أفينيو,26.452278999999997,50.1257654,cafe,4.3,108,OPERATIONAL,https://maps.google.com/?cid=N/A
N/A,ALKARAK الكرك,26.4537208,50.106162399999995,cafe,4.2,241,OPERATIONAL,https://maps.google.com/?cid=N/A
N/A,مقهى شيشة ومطعم ايلاف,26.454905399999998,50.124554499999995,cafe,3.3,374,OPERATIONAL,https://maps.google.com/?cid=N/A
N/A,Cafe Chai,26.4404273,50.116388199999996,cafe,4.2,117,OPERATIONAL,https://maps.google.com/?cid=N/A
N/A,7 Grams - Dammam Cornish | ٧ جرام - كورنيش الدمام,26.4512255,50.131008699999995,cafe,4.3,2753,OPERATIONAL,https://maps.google.com/?cid=N/A
N/A,troy coffee lounge,26.4524375,50.1240625,cafe,4.1,1342,OPERATIONAL,https://maps.google.com/?cid=N/A
N/A,RATIO Speciality Coffee,26.452102,50.130267599999996,cafe,4,1671,OPERATIONAL,https://maps.google.com/?cid=N/A
N/A,.VIA Specialty Coffee And Bakery,26.452092999999998,50.1305713,cafe,4.3,301,OPERATIONAL,https://maps.google.com/?cid=N/A
N/A,برونز لونج كافيه,26.451373200000003,50.1291625,cafe,4.7,1387,OPERATIONAL,https://maps.google.com/?cid=N/A
N/A,Gamma,26.4521461,50.130253800000006,cafe,4.8,2188,OPERATIONAL,https://maps.google.com/?cid=N/A
N/A,انوف لاونج - Anov lounge,26.4515085,50.1280583,cafe,4.5,231,OPERATIONAL,https://maps.google.com/?cid=N/A
N/A,017 specialty coffee,26.4521384,50.1303966,cafe,4.7,905,OPERATIONAL,https://maps.google.com/?cid=N/A
N/A,براير كافيه Briar Cafe & Tea room,26.451165,50.131209000000005,cafe,4.2,791,OPERATIONAL,https://maps.google.com/?cid=N/A
N/A,Riviera Avenue 2 ريفييرا أفينيو,26.452278999999997,50.1257654,cafe,4.3,108,OPERATIONAL,https://maps.google.com/?cid=N/A
N/A,مقهى شيشة ومطعم ايلاف,26.454905399999998,50.124554499999995,cafe,3.3,374,OPERATIONAL,https://maps.google.com/?cid=N/A
N/A,24Cafe,26.4512492,50.1307634,cafe,4.3,291,OPERATIONAL,https://maps.google.com/?cid=N/A
N/A,Mantorose Cafe,26.4574732,50.132447199999994,cafe,4.4,372,OPERATIONAL,https://maps.google.com/?cid=N/A
N/A,crepele,26.4545863,50.132376799999996,cafe,4.1,408,OPERATIONAL,https://maps.google.com/?cid=N/A
N/A,BASTAH KARAK,26.4511635,50.131487299999996,cafe,3.5,295,OPERATIONAL,https://maps.google.com/?cid=N/A
N/A,فيو كافيه View Cafe,26.4517493,50.126507,cafe,4.4,86,OPERATIONAL,https://maps.google.com/?cid=N/A
N/A,Riviera Avenue,26.451848700000003,50.1282108,cafe,4.2,127,OPERATIONAL,https://maps.google.com/?cid=N/A
N/A,مقهى لمة عرب,26.452135499999997,50.130379399999995,cafe,4.7,139,OPERATIONAL,https://maps.google.com/?cid=N/A
N/A,PARK COFFEE,26.451953699999997,50.1270807,cafe,4.2,132,OPERATIONAL,https://maps.google.com/?cid=N/A
N/A,كارديو,26.4532451,50.179966799999995,cafe,No rating,No reviews,OPERATIONAL,https://maps.google.com/?cid=N/A
N/A,كارديو,26.4532451,50.179966799999995,cafe,No rating,No reviews,OPERATIONAL,https://maps.google.com/?cid=N/A
N/A,بوفية فطور دلة لتقديم الوجبات,26.4765625,49.9958125,cafe,4.1,17,OPERATIONAL,https://maps.google.com/?cid=N/A
N/A,Kiwan Cafe | كيوان كافيه,26.476308,49.995505599999994,cafe,4.4,21,OPERATIONAL,https://maps.google.com/?cid=N/A
N/A,جباني وكرك,26.4763017,49.995518499999996,cafe,No rating,No reviews,OPERATIONAL,https://maps.google.com/?cid=N/A
N/A,Qasr Al Nakheel,26.472085399999997,50.0165977,cafe,4.5,1452,OPERATIONAL,https://maps.google.com/?cid=N/A
N/A,Barn's | بارنز,26.467665,50.018406299999995,cafe,4.4,39,OPERATIONAL,https://maps.google.com/?cid=N/A
N/A,Mantorose Cafe,26.467353,50.0184086,cafe,4.1,153,OPERATIONAL,https://maps.google.com/?cid=N/A
N/A,بوفية ضيافت الهناء,26.4673847,50.018007399999995,cafe,4.4,18,OPERATIONAL,https://maps.google.com/?cid=N/A
N/A,بلو سكاي كافية,26.465398699999998,50.0249824,cafe,3.6,14,OPERATIONAL,https://maps.google.com/?cid=N/A
N/A,ذوق الكيك,26.4740358,50.0082275,cafe,4.2,39,OPERATIONAL,https://maps.google.com/?cid=N/A
N/A,بوفية أريام عمر,26.458813499999998,50.0163959,cafe,5,1,OPERATIONAL,https://maps.google.com/?cid=N/A
N/A,Qasr Al Nakheel,26.472085399999997,50.0165977,cafe,4.5,1452,OPERATIONAL,https://maps.google.com/?cid=N/A
N/A,Boho Speciality coffee ... بوهو للقهوة المختصة,26.4674586,50.040408899999996,cafe,4.3,1000,OPERATIONAL,https://maps.google.com/?cid=N/A
N/A,Valen,26.4663723,50.0369251,cafe,4.2,1053,OPERATIONAL,https://maps.google.com/?cid=N/A
N/A,Modern Taste المذاق الحديث,26.464206599999997,50.0315381,cafe,4.8,101,OPERATIONAL,https://maps.google.com/?cid=N/A
N/A,Barn's | بارنز,26.467665,50.018406299999995,cafe,4.4,39,OPERATIONAL,https://maps.google.com/?cid=N/A
N/A,مقهى اوقات المزاج MoodTime,26.461244699999998,50.0300819,cafe,4.3,169,OPERATIONAL,https://maps.google.com/?cid=N/A
N/A,Victoria Maple,26.468139400000002,50.042187999999996,cafe,4.4,198,OPERATIONAL,https://maps.google.com/?cid=N/A
N/A,Mantorose Cafe,26.467353,50.0184086,cafe,4.1,153,OPERATIONAL,https://maps.google.com/?cid=N/A
N/A,Apsara restaurant,26.462542799999998,50.0340621,cafe,No rating,No reviews,OPERATIONAL,https://maps.google.com/?cid=N/A
N/A,بوفية ضيافت الهناء,26.4673847,50.018007399999995,cafe,4.4,18,OPERATIONAL,https://maps.google.com/?cid=N/A
N/A,مقهى صائدة الحلم,26.467458399999998,50.0404084,cafe,4.5,15,OPERATIONAL,https://maps.google.com/?cid=N/A
N/A,بلو سكاي كافية,26.465398699999998,50.0249824,cafe,3.6,14,OPERATIONAL,https://maps.google.com/?cid=N/A
N/A,BLACK LION,26.4677792,50.041455199999994,cafe,3.8,25,OPERATIONAL,https://maps.google.com/?cid=N/A
N/A,بوفية أريام عمر,26.458813499999998,50.0163959,cafe,5,1,OPERATIONAL,https://maps.google.com/?cid=N/A
N/A,المقهى الثقافي,26.467501199999997,50.040739099999996,cafe,5,1,OPERATIONAL,https://maps.google.com/?cid=N/A
N/A,لمة الدانة,26.470478500000002,50.0297974,cafe,5,4,OPERATIONAL,https://maps.google.com/?cid=N/A
N/A,"SOLACE, سولاس",26.465545799999997,50.0604483,cafe,4.5,2165,OPERATIONAL,https://maps.google.com/?cid=N/A
N/A,Boho Speciality coffee ... بوهو للقهوة المختصة,26.4674586,50.040408899999996,cafe,4.3,1000,OPERATIONAL,https://maps.google.com/?cid=N/A
N/A,Delle Rose,26.4731016,50.048448799999996,cafe,4.1,2885,OPERATIONAL,https://maps.google.com/?cid=N/A
N/A,Your Escape يور اسكيب,26.4665414,50.0601874,cafe,4.5,996,OPERATIONAL,https://maps.google.com/?cid=N/A
N/A,Soren specialty coffee سورن كوفي للقهوة المختصة,26.471236100000002,50.047893699999996,cafe,4.3,659,OPERATIONAL,https://maps.google.com/?cid=N/A
N/A,Levels Board Games Cafe | ليفلز,26.4678848,50.0592592,cafe,4.8,1209,OPERATIONAL,https://maps.google.com/?cid=N/A
N/A,Valen,26.4663723,50.0369251,cafe,4.2,1053,OPERATIONAL,https://maps.google.com/?cid=N/A
N/A,SOVA COFFEE HOUSE,26.4680891,50.0471338,cafe,4.7,407,OPERATIONAL,https://maps.google.com/?cid=N/A
N/A,كيان كافيه,26.465217,50.0484064,cafe,4,131,OPERATIONAL,https://maps.google.com/?cid=N/A
N/A,Hadota Lounge | مقهى حدوتة,26.469034399999998,50.0603522,cafe,4.7,431,OPERATIONAL,https://maps.google.com/?cid=N/A
N/A,The Coffee Address | عنوان القهوة,26.4651361,50.0483425,cafe,4.3,99,OPERATIONAL,https://maps.google.com/?cid=N/A
N/A,3 Double A Cafe - Saihat,26.4681845,50.0438918,cafe,4,81,OPERATIONAL,https://maps.google.com/?cid=N/A
N/A,بيتا Beta,26.476736499999998,50.0428437,cafe,4.3,257,OPERATIONAL,https://maps.google.com/?cid=N/A
N/A,Cup Of Karak كلاص كرك,26.4621429,50.0495426,cafe,4.8,793,OPERATIONAL,https://maps.google.com/?cid=N/A
N/A,Pastry Shop,26.4679661,50.059435099999995,cafe,4.1,456,OPERATIONAL,https://maps.google.com/?cid=N/A
N/A,Ace Cafe & Lounge,26.467802799999998,50.059519599999994,cafe,4.2,604,OPERATIONAL,https://maps.google.com/?cid=N/A
N/A,Al Rifai Roastery,26.4706875,50.059437499999994,cafe,4.8,358,OPERATIONAL,https://maps.google.com/?cid=N/A
N/A,Modern Taste المذاق الحديث,26.464206599999997,50.0315381,cafe,4.8,101,OPERATIONAL,https://maps.google.com/?cid=N/A
N/A,HOOR CAFE | حور كافيه,26.466416799999998,50.0601372,cafe,4.3,255,OPERATIONAL,https://maps.google.com/?cid=N/A
N/A,Victoria Maple,26.468139400000002,50.042187999999996,cafe,4.4,198,OPERATIONAL,https://maps.google.com/?cid=N/A
N/A,"SOLACE, سولاس",26.465545799999997,50.0604483,cafe,4.5,2165,OPERATIONAL,https://maps.google.com/?cid=N/A
N/A,Your Escape يور اسكيب,26.4665414,50.0601874,cafe,4.5,996,OPERATIONAL,https://maps.google.com/?cid=N/A
N/A,Levels Board Games Cafe | ليفلز,26.4678848,50.0592592,cafe,4.8,1209,OPERATIONAL,https://maps.google.com/?cid=N/A
N/A,Emilien,26.4567522,50.062189599999996,cafe,4.5,1243,OPERATIONAL,https://maps.google.com/?cid=N/A
N/A,Starbucks Coffee,26.4622335,50.068452900000004,cafe,4,4182,OPERATIONAL,https://maps.google.com/?cid=N/A
N/A,Fraiche bakery مخبز فريش,26.454982299999998,50.0698453,cafe,4.7,305,OPERATIONAL,https://maps.google.com/?cid=N/A
N/A,Hadota Lounge | مقهى حدوتة,26.469034399999998,50.0603522,cafe,4.7,431,OPERATIONAL,https://maps.google.com/?cid=N/A
N/A,Loz cafe,26.4736367,50.0580417,cafe,4.1,659,OPERATIONAL,https://maps.google.com/?cid=N/A
N/A,Alpha Bakery,26.471891199999998,50.0608335,cafe,4.7,185,OPERATIONAL,https://maps.google.com/?cid=N/A
N/A,KAV cafe,26.463225899999998,50.0629607,cafe,4.4,469,OPERATIONAL,https://maps.google.com/?cid=N/A
N/A,Cup Of Karak كلاص كرك,26.4621429,50.0495426,cafe,4.8,793,OPERATIONAL,https://maps.google.com/?cid=N/A
N/A,رش برجر و اسكيمو | Rush Burger,26.463190299999997,50.0628076,cafe,4.1,178,OPERATIONAL,https://maps.google.com/?cid=N/A
N/A,keen Cafe & Rest,26.461033099999998,50.077939,cafe,4,479,OPERATIONAL,https://maps.google.com/?cid=N/A
N/A,Pastry Shop,26.4679661,50.059435099999995,cafe,4.1,456,OPERATIONAL,https://maps.google.com/?cid=N/A
N/A,Tim Hortons,26.4660224,50.0622828,cafe,4.1,831,OPERATIONAL,https://maps.google.com/?cid=N/A
N/A,Al Rifai Roastery,26.4706875,50.059437499999994,cafe,4.8,358,OPERATIONAL,https://maps.google.com/?cid=N/A
N/A,Ace Cafe & Lounge,26.467802799999998,50.059519599999994,cafe,4.2,604,OPERATIONAL,https://maps.google.com/?cid=N/A
N/A,HOOR CAFE | حور كافيه,26.466416799999998,50.0601372,cafe,4.3,255,OPERATIONAL,https://maps.google.com/?cid=N/A
N/A,DEER LOUNGE مقهى غزاله لاونج,26.4611438,50.077760299999994,cafe,4.5,147,OPERATIONAL,https://maps.google.com/?cid=N/A
N/A,Barn's | بارنز,26.4631114,50.067097,cafe,3.7,30,OPERATIONAL,https://maps.google.com/?cid=N/A
N/A,BC Lounge,26.472078999999997,50.0864475,cafe,3.6,688,OPERATIONAL,https://maps.google.com/?cid=N/A
N/A,UMQ Coffee 2.2,26.4585577,50.0852098,cafe,4.5,649,OPERATIONAL,https://maps.google.com/?cid=N/A
N/A,Eleven Three | 11 3,26.453079499999998,50.080716100000004,cafe,4.6,549,OPERATIONAL,https://maps.google.com/?cid=N/A
N/A,عالم الصغار - Kids World,26.458283100000003,50.0824394,cafe,4.7,284,OPERATIONAL,https://maps.google.com/?cid=N/A
N/A,Starbucks Coffee,26.4622335,50.068452900000004,cafe,4,4182,OPERATIONAL,https://maps.google.com/?cid=N/A
N/A,Dunkin' - دانكن,26.4596054,50.083939199999996,cafe,3.9,572,OPERATIONAL,https://maps.google.com/?cid=N/A
N/A,CORE COFFEE & ROASTERY,26.4587015,50.092696499999995,cafe,4.4,386,OPERATIONAL,https://maps.google.com/?cid=N/A
N/A,Cafficha Coffee,26.4625851,50.0921878,cafe,4.3,336,OPERATIONAL,https://maps.google.com/?cid=N/A
N/A,Paradise Beach Club,26.472876,50.086186999999995,cafe,4.1,641,OPERATIONAL,https://maps.google.com/?cid=N/A
N/A,Costa Coffee,26.458586,50.086075,cafe,4.9,1519,OPERATIONAL,https://maps.google.com/?cid=N/A
N/A,Barn's | بارنز,26.459229399999998,50.079975,cafe,4.4,96,OPERATIONAL,https://maps.google.com/?cid=N/A
N/A,keen Cafe & Rest,26.461033099999998,50.077939,cafe,4,479,OPERATIONAL,https://maps.google.com/?cid=N/A
N/A,المذاق المغربي,26.459323,50.0955575,cafe,4.2,430,OPERATIONAL,https://maps.google.com/?cid=N/A
N/A,كاريبو كوفي - Caribou Coffee,26.45861,50.092839999999995,cafe,4.2,686,OPERATIONAL,https://maps.google.com/?cid=N/A
N/A,مقهى مورث | Morth Lounge,26.4593024,50.08818480000001,cafe,4.2,189,OPERATIONAL,https://maps.google.com/?cid=N/A
N/A,DEER LOUNGE مقهى غزاله لاونج,26.4611438,50.077760299999994,cafe,4.5,147,OPERATIONAL,https://maps.google.com/?cid=N/A
N/A,مقهى ومحمصة تريبيكا| TREEPICA COFFEE ROASTERS,26.4587114,50.080749999999995,cafe,4.5,168,OPERATIONAL,https://maps.google.com/?cid=N/A
N/A,"Wayz Breakfast, Brunch & Coffee",26.461346499999998,50.0734979,cafe,4.3,60,OPERATIONAL,https://maps.google.com/?cid=N/A
N/A,24Cafe,26.4552113,50.081553899999996,cafe,4.6,37,OPERATIONAL,https://maps.google.com/?cid=N/A
N/A,Next two - نكستو,26.472621999999998,50.0862032,cafe,4.1,41,OPERATIONAL,https://maps.google.com/?cid=N/A
N/A,فينسيا لاونج ومقهى Vensia Lounge & Cafe,26.4567743,50.1012023,cafe,4.6,983,OPERATIONAL,https://maps.google.com/?cid=N/A
N/A,dr.CAFE COFFEE | V12 Station | د.كيف كافيه,26.4561736,50.0969402,cafe,4.3,1866,OPERATIONAL,https://maps.google.com/?cid=N/A
N/A,مقهى إجازة,26.4524485,50.1057701,cafe,3.7,496,OPERATIONAL,https://maps.google.com/?cid=N/A
N/A,CORE COFFEE & ROASTERY,26.4587015,50.092696499999995,cafe,4.4,386,OPERATIONAL,https://maps.google.com/?cid=N/A
N/A,Snow cafe,26.455261,50.096971599999996,cafe,4.3,382,OPERATIONAL,https://maps.google.com/?cid=N/A
N/A,ALKARAK الكرك,26.4537208,50.106162399999995,cafe,4.2,241,OPERATIONAL,https://maps.google.com/?cid=N/A
N/A,Dunkin' - دانكن,26.4526431,50.0968495,cafe,3.6,332,OPERATIONAL,https://maps.google.com/?cid=N/A
N/A,Cafficha Coffee,26.4625851,50.0921878,cafe,4.3,336,OPERATIONAL,https://maps.google.com/?cid=N/A
N/A,Second cup سكند كب,26.4567932,50.10118,cafe,4.4,247,OPERATIONAL,https://maps.google.com/?cid=N/A
N/A,المذاق المغربي,26.459323,50.0955575,cafe,4.2,430,OPERATIONAL,https://maps.google.com/?cid=N/A
N/A,كاريبو كوفي - Caribou Coffee,26.45861,50.092839999999995,cafe,4.2,686,OPERATIONAL,https://maps.google.com/?cid=N/A
N/A,دوح وشاهي كورنيش الدمام Marsa Café مرسى كافيه,26.460126,50.1126226,cafe,4.4,250,OPERATIONAL,https://maps.google.com/?cid=N/A
N/A,Mantorose Cafe,26.4623831,50.1143971,cafe,4.5,401,OPERATIONAL,https://maps.google.com/?cid=N/A
N/A,مقهى مورث | Morth Lounge,26.4593024,50.08818480000001,cafe,4.2,189,OPERATIONAL,https://maps.google.com/?cid=N/A
N/A,مقهى نغم,26.456808400000003,50.1010979,cafe,4.4,91,OPERATIONAL,https://maps.google.com/?cid=N/A
N/A,كاريبو كوفي - Caribou Coffee,26.455517,50.10632,cafe,4.2,512,OPERATIONAL,https://maps.google.com/?cid=N/A
N/A,Cinnabon,26.455007,50.105494,cafe,3.7,131,OPERATIONAL,https://maps.google.com/?cid=N/A
N/A,مقهى لمسة ثلج,26.455304899999998,50.0969518,cafe,4.3,29,OPERATIONAL,https://maps.google.com/?cid=N/A
N/A,O & Va,26.4721875,50.0935625,cafe,4.3,163,OPERATIONAL,https://maps.google.com/?cid=N/A
N/A,Verocci cafe,26.4554634,50.1050441,cafe,4,71,OPERATIONAL,https://maps.google.com/?cid=N/A
N/A,The Coffee Address | عنوان القهوة,26.46422,50.121457,cafe,4.4,986,OPERATIONAL,https://maps.google.com/?cid=N/A
N/A,troy coffee lounge,26.4524375,50.1240625,cafe,4.1,1342,OPERATIONAL,https://maps.google.com/?cid=N/A
N/A,Starbucks (Drive Thru),26.4551779,50.113723,cafe,4.1,2613,OPERATIONAL,https://maps.google.com/?cid=N/A
N/A,Crafter Cafe مقهى كرافتر,26.4681879,50.1235966,cafe,4.1,687,OPERATIONAL,https://maps.google.com/?cid=N/A
N/A,Kyan,26.4558024,50.1168148,cafe,4.2,756,OPERATIONAL,https://maps.google.com/?cid=N/A
N/A,مقهى فيشاوي باشا,26.476273799999998,50.1184685,cafe,3.9,1462,OPERATIONAL,https://maps.google.com/?cid=N/A
N/A,Dose Cafe,26.4579517,50.1203651,cafe,4.1,2310,OPERATIONAL,https://maps.google.com/?cid=N/A
N/A,Cosmo Drive thru Dammam,26.467271999999998,50.1230651,cafe,4.4,237,OPERATIONAL,https://maps.google.com/?cid=N/A
N/A,Dunkin' - دانكن,26.460683,50.120986,cafe,4,868,OPERATIONAL,https://maps.google.com/?cid=N/A
N/A,Ahram Cafe,26.47353,50.118310799999996,cafe,4.4,245,OPERATIONAL,https://maps.google.com/?cid=N/A
N/A,Abu Hayyan Coffee,26.4639177,50.132610799999995,cafe,4.4,816,OPERATIONAL,https://maps.google.com/?cid=N/A
N/A,مقهى شيشة ومطعم ايلاف,26.454905399999998,50.124554499999995,cafe,3.3,374,OPERATIONAL,https://maps.google.com/?cid=N/A
N/A,Barn's | بارنز,26.456521,50.122834999999995,cafe,4.3,80,OPERATIONAL,https://maps.google.com/?cid=N/A
N/A,Banuzy,26.462714199999997,50.12137140000001,cafe,4.5,157,OPERATIONAL,https://maps.google.com/?cid=N/A
N/A,Krispy Kreme,26.4542133,50.118775299999996,cafe,4.3,928,OPERATIONAL,https://maps.google.com/?cid=N/A
N/A,دوح وشاهي كورنيش الدمام Marsa Café مرسى كافيه,26.460126,50.1126226,cafe,4.4,250,OPERATIONAL,https://maps.google.com/?cid=N/A
N/A,هبلي بابلي _ Hubbly Bubbly,26.4609611,50.1209925,cafe,4.5,117,OPERATIONAL,https://maps.google.com/?cid=N/A
N/A,Dunkin' - دانكن,26.474289,50.125496,cafe,3.7,224,OPERATIONAL,https://maps.google.com/?cid=N/A
N/A,ADNOC Service Station | Corniche Al Dammam (2004),26.4598166,50.1208537,cafe,3.6,74,OPERATIONAL,https://maps.google.com/?cid=N/A
N/A,Osmanli Lezzet المذاق العثماني,26.471727599999998,50.131481,cafe,4.5,11171,OPERATIONAL,https://maps.google.com/?cid=N/A
N/A,The Coffee Address | عنوان القهوة,26.46422,50.121457,cafe,4.4,986,OPERATIONAL,https://maps.google.com/?cid=N/A
N/A,Crafter Cafe مقهى كرافتر,26.4681879,50.1235966,cafe,4.1,687,OPERATIONAL,https://maps.google.com/?cid=N/A
N/A,Cosmo Drive thru Dammam,26.467271999999998,50.1230651,cafe,4.4,237,OPERATIONAL,https://maps.google.com/?cid=N/A
N/A,Abu Hayyan Coffee,26.4639177,50.132610799999995,cafe,4.4,816,OPERATIONAL,https://maps.google.com/?cid=N/A
N/A,Pianolla Cafe | بيانولا كافيه,26.473363,50.133190199999994,cafe,4.2,1782,OPERATIONAL,https://maps.google.com/?cid=N/A
N/A,Mantorose Cafe,26.4574732,50.132447199999994,cafe,4.4,372,OPERATIONAL,https://maps.google.com/?cid=N/A
N/A,crepele,26.4545863,50.132376799999996,cafe,4.1,408,OPERATIONAL,https://maps.google.com/?cid=N/A
N/A,Barn's | بارنز,26.464807699999998,50.1321702,cafe,3.8,52,OPERATIONAL,https://maps.google.com/?cid=N/A
N/A,بيانولا كافيه | Pianolla Cafe,26.4733816,50.1331955,cafe,3.8,724,OPERATIONAL,https://maps.google.com/?cid=N/A
N/A,BERRIES TREE مقهى شجرة التوت,26.4624974,50.1215402,cafe,4.4,730,OPERATIONAL,https://maps.google.com/?cid=N/A
N/A,Abu Farida Balila & Salep,26.462570900000003,50.1326099,cafe,4.5,121,OPERATIONAL,https://maps.google.com/?cid=N/A
N/A,VHAGAR Shisha Lounge | فيقار لاونج,26.4700647,50.1239576,cafe,4.6,102,OPERATIONAL,https://maps.google.com/?cid=N/A
N/A,لاونج ومقهى بيتش بارك,26.4663807,50.123012599999996,cafe,4.5,74,OPERATIONAL,https://maps.google.com/?cid=N/A
N/A,شاي حطب بوريان,26.4711024,50.13354760000001,cafe,5,1,OPERATIONAL,https://maps.google.com/?cid=N/A
N/A,شاي ام حور,26.458909799999997,50.132375800000005,cafe,4.8,10,OPERATIONAL,https://maps.google.com/?cid=N/A
N/A,شاي على الجمر Tea,26.471954999999998,50.132884999999995,cafe,5,4,OPERATIONAL,https://maps.google.com/?cid=N/A
N/A,Lapate Lounge,26.473151299999998,50.1287574,cafe,3.8,5,OPERATIONAL,https://maps.google.com/?cid=N/A
N/A,مشروع بسطة ١٢,26.474751299999998,50.1331254,cafe,4.3,11,OPERATIONAL,https://maps.google.com/?cid=N/A
N/A,كارديو,26.4532451,50.179966799999995,cafe,No rating,No reviews,OPERATIONAL,https://maps.google.com/?cid=N/A
N/A,graph cafe,26.487341599999997,49.9747318,cafe,3.3,50,OPERATIONAL,https://maps.google.com/?cid=N/A
N/A,شركه ديوانية الربيع,26.487504200000004,49.975029199999994,cafe,4.2,18,OPERATIONAL,https://maps.google.com/?cid=N/A
N/A,شاي على الجمر,26.4848495,49.979983399999995,cafe,4.5,17,OPERATIONAL,https://maps.google.com/?cid=N/A
N/A,al khathlan yard qatif,26.494380399999997,49.978715099999995,cafe,4.7,6,OPERATIONAL,https://maps.google.com/?cid=N/A
N/A,بوفية فطور دلة لتقديم الوجبات,26.4765625,49.9958125,cafe,4.1,17,OPERATIONAL,https://maps.google.com/?cid=N/A
N/A,Kiwan Cafe | كيوان كافيه,26.476308,49.995505599999994,cafe,4.4,21,OPERATIONAL,https://maps.google.com/?cid=N/A
N/A,شاي على الجمر,26.4848495,49.979983399999995,cafe,4.5,17,OPERATIONAL,https://maps.google.com/?cid=N/A
N/A,مقهى الخيل الأدهم coffee,26.482182599999998,50.003348499999994,cafe,5,11,OPERATIONAL,https://maps.google.com/?cid=N/A
N/A,جباني وكرك,26.4763017,49.995518499999996,cafe,No rating,No reviews,OPERATIONAL,https://maps.google.com/?cid=N/A
N/A,Qasr Al Nakheel,26.472085399999997,50.0165977,cafe,4.5,1452,OPERATIONAL,https://maps.google.com/?cid=N/A
N/A,وقت الكوب,26.4781002,50.00651980000001,cafe,4.7,40,OPERATIONAL,https://maps.google.com/?cid=N/A
N/A,سويت جوس sweet juice,26.4781474,50.0066754,cafe,4.3,24,OPERATIONAL,https://maps.google.com/?cid=N/A
N/A,ذوق الكيك,26.4740358,50.0082275,cafe,4.2,39,OPERATIONAL,https://maps.google.com/?cid=N/A
N/A,مقهى الخيل الأدهم coffee,26.482182599999998,50.003348499999994,cafe,5,11,OPERATIONAL,https://maps.google.com/?cid=N/A
N/A,Mrayjeb alhoumod,26.4824451,50.01784850000001,cafe,No rating,No reviews,OPERATIONAL,https://maps.google.com/?cid=N/A
N/A,Here In هير ان,26.4816602,50.0332292,cafe,4.5,195,OPERATIONAL,https://maps.google.com/?cid=N/A
N/A,Poots speciality coffee,26.4911557,50.0307184,cafe,4.7,172,OPERATIONAL,https://maps.google.com/?cid=N/A
N/A,Starbucks,26.478747,50.0420576,cafe,4.5,87,OPERATIONAL,https://maps.google.com/?cid=N/A
N/A,مقهى روز الخبر فرع سيهات لمشروبات البوبا Rose khobar Coffee Saihat Boba Drinks,26.4871406,50.035740499999996,cafe,4.5,52,OPERATIONAL,https://maps.google.com/?cid=N/A
N/A,Gulnar Cafe,26.4953719,50.0312985,cafe,4.2,17,OPERATIONAL,https://maps.google.com/?cid=N/A
N/A,SAN CAFE - مقهى سان,26.4905482,50.039419099999996,cafe,4.6,44,OPERATIONAL,https://maps.google.com/?cid=N/A
N/A,"Tea Break, Saihat",26.485530999999998,50.0392839,cafe,4.7,34,OPERATIONAL,https://maps.google.com/?cid=N/A
N/A,مقهى نبض سبعة عشر,26.4845163,50.033587399999995,cafe,5,3,OPERATIONAL,https://maps.google.com/?cid=N/A
N/A,شاي نفس,26.483496100000004,50.0347947,cafe,5,21,OPERATIONAL,https://maps.google.com/?cid=N/A
N/A,بسطة حسن كرم للشاي و الكرك و البليلة,26.491985399999997,50.0308153,cafe,5,6,OPERATIONAL,https://maps.google.com/?cid=N/A
N/A,Cookie monster - كوكي مانستر,26.485865999999998,50.0376291,cafe,5,4,OPERATIONAL,https://maps.google.com/?cid=N/A
N/A,رواية القهوة Coffee novel,26.4859941,50.037301799999995,cafe,5,1,OPERATIONAL,https://maps.google.com/?cid=N/A
N/A,مقهى زهرة الرمان لتقديم المشروبات,26.4952649,50.0313172,cafe,3.4,5,OPERATIONAL,https://maps.google.com/?cid=N/A
N/A,Mrayjeb alhoumod,26.4824451,50.01784850000001,cafe,No rating,No reviews,OPERATIONAL,https://maps.google.com/?cid=N/A
N/A,لمة الدانة,26.470478500000002,50.0297974,cafe,5,4,OPERATIONAL,https://maps.google.com/?cid=N/A
N/A,Delle Rose,26.4731016,50.048448799999996,cafe,4.1,2885,OPERATIONAL,https://maps.google.com/?cid=N/A
N/A,Soren specialty coffee سورن كوفي للقهوة المختصة,26.471236100000002,50.047893699999996,cafe,4.3,659,OPERATIONAL,https://maps.google.com/?cid=N/A
N/A,SPREE Rooftop Lounge,26.4840202,50.053717299999995,cafe,4.1,1209,OPERATIONAL,https://maps.google.com/?cid=N/A
N/A,Innovation Taste Coffee,26.4826895,50.0443351,cafe,4.4,1634,OPERATIONAL,https://maps.google.com/?cid=N/A
N/A,سكرايز & SKREYS,26.484537300000003,50.0524062,cafe,4.4,427,OPERATIONAL,https://maps.google.com/?cid=N/A
N/A,Link specialty coffee,26.4864882,50.043278199999996,cafe,4.4,318,OPERATIONAL,https://maps.google.com/?cid=N/A
N/A,Dunkin - دانكن,26.476277999999997,50.056059999999995,cafe,3.9,661,OPERATIONAL,https://maps.google.com/?cid=N/A
N/A,الكاتب,26.485671099999998,50.052416199999996,cafe,4.3,217,OPERATIONAL,https://maps.google.com/?cid=N/A
N/A,مقهى ومحمصة سمبلسيتي | Simplicity cafe & roastery,26.4845374,50.0524061,cafe,4.4,134,OPERATIONAL,https://maps.google.com/?cid=N/A
N/A,Madah coffee & tea,26.4883234,50.059631499999995,cafe,4.2,377,OPERATIONAL,https://maps.google.com/?cid=N/A
N/A,Starbucks,26.490842,50.046603,cafe,3.9,454,OPERATIONAL,https://maps.google.com/?cid=N/A
N/A,Country Way coffee & bakery,26.4828489,50.0540202,cafe,4.4,564,OPERATIONAL,https://maps.google.com/?cid=N/A
N/A,Here In هير ان,26.4816602,50.0332292,cafe,4.5,195,OPERATIONAL,https://maps.google.com/?cid=N/A
N/A,بيتا Beta,26.476736499999998,50.0428437,cafe,4.3,257,OPERATIONAL,https://maps.google.com/?cid=N/A
N/A,One of a kind(1OAK) speciality coffee,26.4803534,50.043822600000006,cafe,4.2,705,OPERATIONAL,https://maps.google.com/?cid=N/A
N/A,Umai Specialty Coffee & More,26.487467,50.0428439,cafe,4.2,125,OPERATIONAL,https://maps.google.com/?cid=N/A
N/A,Loopie cafe,26.4846574,50.052288399999995,cafe,4.8,81,OPERATIONAL,https://maps.google.com/?cid=N/A
N/A,Cloudy dose — كلاودي دوز,26.4944536,50.043142599999996,cafe,4.3,46,OPERATIONAL,https://maps.google.com/?cid=N/A
N/A,Small Town,26.477135699999998,50.052334599999995,cafe,3.8,59,OPERATIONAL,https://maps.google.com/?cid=N/A
N/A,مقهى الرماد الأسود,26.4812579,50.046181,cafe,4.3,96,OPERATIONAL,https://maps.google.com/?cid=N/A
N/A,SPREE Rooftop Lounge,26.4840202,50.053717299999995,cafe,4.1,1209,OPERATIONAL,https://maps.google.com/?cid=N/A
N/A,سكرايز & SKREYS,26.484537300000003,50.0524062,cafe,4.4,427,OPERATIONAL,https://maps.google.com/?cid=N/A
N/A,Dunkin - دانكن,26.476277999999997,50.056059999999995,cafe,3.9,661,OPERATIONAL,https://maps.google.com/?cid=N/A
N/A,الكاتب,26.485671099999998,50.052416199999996,cafe,4.3,217,OPERATIONAL,https://maps.google.com/?cid=N/A
N/A,Madah coffee & tea,26.4883234,50.059631499999995,cafe,4.2,377,OPERATIONAL,https://maps.google.com/?cid=N/A
N/A,مقهى ومحمصة سمبلسيتي | Simplicity cafe & roastery,26.4845374,50.0524061,cafe,4.4,134,OPERATIONAL,https://maps.google.com/?cid=N/A
N/A,Loz cafe,26.4736367,50.0580417,cafe,4.1,659,OPERATIONAL,https://maps.google.com/?cid=N/A
N/A,Country Way coffee & bakery,26.4828489,50.0540202,cafe,4.4,564,OPERATIONAL,https://maps.google.com/?cid=N/A
N/A,Alpha Bakery,26.471891199999998,50.0608335,cafe,4.7,185,OPERATIONAL,https://maps.google.com/?cid=N/A
N/A,Al Rifai Roastery,26.4706875,50.059437499999994,cafe,4.8,358,OPERATIONAL,https://maps.google.com/?cid=N/A
N/A,Loopie cafe,26.4846574,50.052288399999995,cafe,4.8,81,OPERATIONAL,https://maps.google.com/?cid=N/A
N/A,Small Town,26.477135699999998,50.052334599999995,cafe,3.8,59,OPERATIONAL,https://maps.google.com/?cid=N/A
N/A,MORNAS COFFEE,26.476757199999998,50.0569862,cafe,4.1,93,OPERATIONAL,https://maps.google.com/?cid=N/A
N/A,Krispy Kreme,26.4802754,50.0545059,cafe,4.1,466,OPERATIONAL,https://maps.google.com/?cid=N/A
N/A,Khamseenah Tea شاي الخمسينة,26.478112099999997,50.0510239,cafe,4.4,109,OPERATIONAL,https://maps.google.com/?cid=N/A
N/A,خِمرة,26.483239899999997,50.0539151,cafe,4.7,92,OPERATIONAL,https://maps.google.com/?cid=N/A
N/A,دكان عبق الزعفران,26.4847772,50.052015499999996,cafe,4,99,OPERATIONAL,https://maps.google.com/?cid=N/A
N/A,Illusion Cafe - إيلوجن كافيه,26.4872962,50.0512277,cafe,4.9,33,OPERATIONAL,https://maps.google.com/?cid=N/A
N/A,كاكتوس كوكيز,26.478964599999998,50.05735,cafe,5,8,OPERATIONAL,https://maps.google.com/?cid=N/A
N/A,اوليك Oulic,26.4847653,50.052097499999995,cafe,4.7,29,OPERATIONAL,https://maps.google.com/?cid=N/A
N/A,BC Lounge,26.472078999999997,50.0864475,cafe,3.6,688,OPERATIONAL,https://maps.google.com/?cid=N/A
N/A,Paradise Beach Club,26.472876,50.086186999999995,cafe,4.1,641,OPERATIONAL,https://maps.google.com/?cid=N/A
N/A,Next two - نكستو,26.472621999999998,50.0862032,cafe,4.1,41,OPERATIONAL,https://maps.google.com/?cid=N/A
N/A,VIVIAN Cafe فيفيان كافيه,26.4734853,50.0862765,cafe,4.1,83,OPERATIONAL,https://maps.google.com/?cid=N/A
N/A,Golden damamm,26.4720602,50.086322800000005,cafe,3.9,56,OPERATIONAL,https://maps.google.com/?cid=N/A
N/A,Cardio,26.477947099999998,50.091665,cafe,4.3,102,OPERATIONAL,https://maps.google.com/?cid=N/A
N/A,مقهي شارع جيهان لتقديم المشروبات-Jihan Street Coffee Shop,26.473508499999998,50.086388299999996,cafe,5,20,OPERATIONAL,https://maps.google.com/?cid=N/A
N/A,Revajo,26.4731019,50.0855992,cafe,4.3,6,OPERATIONAL,https://maps.google.com/?cid=N/A
N/A,شعبيات ام جاسم,26.4778134,50.090155499999995,cafe,4.3,30,OPERATIONAL,https://maps.google.com/?cid=N/A
N/A,البرواز كافيه,26.4728708,50.0861908,cafe,5,1,OPERATIONAL,https://maps.google.com/?cid=N/A
N/A,كوفيانا coffyana,26.474988699999997,50.0910292,cafe,4.5,2,OPERATIONAL,https://maps.google.com/?cid=N/A
N/A,شاهي أبو نبيل,26.477955299999998,50.088738899999996,cafe,5,2,OPERATIONAL,https://maps.google.com/?cid=N/A
N/A,سواحل بيروت,26.4805159,50.0975562,cafe,3.8,847,OPERATIONAL,https://maps.google.com/?cid=N/A
N/A,O & Va,26.4721875,50.0935625,cafe,4.3,163,OPERATIONAL,https://maps.google.com/?cid=N/A
N/A,Cardio,26.477947099999998,50.091665,cafe,4.3,102,OPERATIONAL,https://maps.google.com/?cid=N/A
N/A,شعبيات ام جاسم,26.4778134,50.090155499999995,cafe,4.3,30,OPERATIONAL,https://maps.google.com/?cid=N/A
N/A,كوفيانا coffyana,26.474988699999997,50.0910292,cafe,4.5,2,OPERATIONAL,https://maps.google.com/?cid=N/A
N/A,Triple T,26.4715535,50.091924999999996,cafe,4.9,43,OPERATIONAL,https://maps.google.com/?cid=N/A
N/A,Costa coffee,26.473662299999997,50.094547899999995,cafe,3,2,OPERATIONAL,https://maps.google.com/?cid=N/A
N/A,شاهي أبو نبيل,26.477955299999998,50.088738899999996,cafe,5,2,OPERATIONAL,https://maps.google.com/?cid=N/A
N/A,مقهى فيشاوي باشا,26.476273799999998,50.1184685,cafe,3.9,1462,OPERATIONAL,https://maps.google.com/?cid=N/A
N/A,Ahram Cafe,26.47353,50.118310799999996,cafe,4.4,245,OPERATIONAL,https://maps.google.com/?cid=N/A
N/A,Starbucks,26.4797153,50.1326938,cafe,4,693,OPERATIONAL,https://maps.google.com/?cid=N/A
N/A,Remedy Roasters & Specialty Coffee | ريمدي محمصة وقهوة مختصة,26.4794329,50.132684,cafe,4.9,1192,OPERATIONAL,https://maps.google.com/?cid=N/A
N/A,Dunkin' - دانكن,26.474289,50.125496,cafe,3.7,224,OPERATIONAL,https://maps.google.com/?cid=N/A
N/A,مقهى اكورا لاونج | ACURRA LOUNGE,26.4794971,50.1326814,cafe,4.8,203,OPERATIONAL,https://maps.google.com/?cid=N/A
N/A,TEA & MORE شاي واكثر,26.478914999999997,50.1251252,cafe,4.4,127,OPERATIONAL,https://maps.google.com/?cid=N/A
N/A,dr.CAFE COFFEE | د.كيف كافيه,26.481447,50.1257995,cafe,4.6,97,OPERATIONAL,https://maps.google.com/?cid=N/A
N/A,Hooka mode cafe,26.479824699999998,50.13258,cafe,4.6,127,OPERATIONAL,https://maps.google.com/?cid=N/A
N/A,فيو الشاطي كافيه,26.4768355,50.1178731,cafe,4.5,43,OPERATIONAL,https://maps.google.com/?cid=N/A
N/A,MAR Lounge,26.493308799999998,50.120727699999996,cafe,4.3,15,OPERATIONAL,https://maps.google.com/?cid=N/A
N/A,Beach Coffee,26.4803135,50.1173983,cafe,3.5,66,OPERATIONAL,https://maps.google.com/?cid=N/A
N/A,القهوه المثاليه (الشاطىء),26.4749515,50.124969899999996,cafe,4.2,77,OPERATIONAL,https://maps.google.com/?cid=N/A
N/A,Aton cafe | أتــون كافــيه,26.4792798,50.132664,cafe,4.7,36,OPERATIONAL,https://maps.google.com/?cid=N/A
N/A,ارزان كافيه,26.480410499999998,50.1193623,cafe,4.9,164,OPERATIONAL,https://maps.google.com/?cid=N/A
N/A,راسون لاونج,26.4794181,50.1326829,cafe,4.6,11,OPERATIONAL,https://maps.google.com/?cid=N/A
N/A,Lapate Lounge,26.473151299999998,50.1287574,cafe,3.8,5,OPERATIONAL,https://maps.google.com/?cid=N/A
N/A,Half Million,26.4903838,50.1335094,cafe,4.3,3208,OPERATIONAL,https://maps.google.com/?cid=N/A
N/A,Osmanli Lezzet المذاق العثماني,26.471727599999998,50.131481,cafe,4.5,11171,OPERATIONAL,https://maps.google.com/?cid=N/A
N/A,Starbucks,26.4797153,50.1326938,cafe,4,693,OPERATIONAL,https://maps.google.com/?cid=N/A
N/A,Remedy Roasters & Specialty Coffee | ريمدي محمصة وقهوة مختصة,26.4794329,50.132684,cafe,4.9,1192,OPERATIONAL,https://maps.google.com/?cid=N/A
N/A,Pianolla Cafe | بيانولا كافيه,26.473363,50.133190199999994,cafe,4.2,1782,OPERATIONAL,https://maps.google.com/?cid=N/A
N/A,اعماق البن,26.4901201,50.13317,cafe,4.5,224,OPERATIONAL,https://maps.google.com/?cid=N/A
N/A,مقهى اكورا لاونج | ACURRA LOUNGE,26.4794971,50.1326814,cafe,4.8,203,OPERATIONAL,https://maps.google.com/?cid=N/A
N/A,كفاف قهوة مختصة kefaf coffee,26.495623499999997,50.1324981,cafe,4.5,285,OPERATIONAL,https://maps.google.com/?cid=N/A
N/A,Dunkin' - دانكن,26.474289,50.125496,cafe,3.7,224,OPERATIONAL,https://maps.google.com/?cid=N/A
N/A,TEA & MORE شاي واكثر,26.478914999999997,50.1251252,cafe,4.4,127,OPERATIONAL,https://maps.google.com/?cid=N/A
N/A,dr.CAFE COFFEE | د.كيف كافيه,26.481447,50.1257995,cafe,4.6,97,OPERATIONAL,https://maps.google.com/?cid=N/A
N/A,بيانولا كافيه | Pianolla Cafe,26.4733816,50.1331955,cafe,3.8,724,OPERATIONAL,https://maps.google.com/?cid=N/A
N/A,Hooka mode cafe,26.479824699999998,50.13258,cafe,4.6,127,OPERATIONAL,https://maps.google.com/?cid=N/A
N/A,ندرة,26.490315799999998,50.1332052,cafe,4.7,137,OPERATIONAL,https://maps.google.com/?cid=N/A
N/A,Aton cafe | أتــون كافــيه,26.4792798,50.132664,cafe,4.7,36,OPERATIONAL,https://maps.google.com/?cid=N/A
N/A,القهوه المثاليه (الشاطىء),26.4749515,50.124969899999996,cafe,4.2,77,OPERATIONAL,https://maps.google.com/?cid=N/A
N/A,راسون لاونج,26.4794181,50.1326829,cafe,4.6,11,OPERATIONAL,https://maps.google.com/?cid=N/A
N/A,شاي حطب بوريان,26.4711024,50.13354760000001,cafe,5,1,OPERATIONAL,https://maps.google.com/?cid=N/A
N/A,شاي على الجمر Tea,26.471954999999998,50.132884999999995,cafe,5,4,OPERATIONAL,https://maps.google.com/?cid=N/A
N/A,Lapate Lounge,26.473151299999998,50.1287574,cafe,3.8,5,OPERATIONAL,https://maps.google.com/?cid=N/A
N/A,Flow Coffee فلو كوفي,26.5105323,49.974556899999996,cafe,4.5,100,OPERATIONAL,https://maps.google.com/?cid=N/A
N/A,graph cafe,26.487341599999997,49.9747318,cafe,3.3,50,OPERATIONAL,https://maps.google.com/?cid=N/A
N/A,Dot. Coffee,26.510494299999998,49.9774424,cafe,4.9,51,OPERATIONAL,https://maps.google.com/?cid=N/A
N/A,شركه ديوانية الربيع,26.487504200000004,49.975029199999994,cafe,4.2,18,OPERATIONAL,https://maps.google.com/?cid=N/A
N/A,مقهى الشعوب,26.4985048,49.9756516,cafe,4.1,20,OPERATIONAL,https://maps.google.com/?cid=N/A
N/A,al khathlan yard qatif,26.494380399999997,49.978715099999995,cafe,4.7,6,OPERATIONAL,https://maps.google.com/?cid=N/A
N/A,العريش السعيد,26.4992248,50.003505399999995,cafe,5,7,OPERATIONAL,https://maps.google.com/?cid=N/A
N/A,العريش السعيد,26.4992248,50.003505399999995,cafe,5,7,OPERATIONAL,https://maps.google.com/?cid=N/A
N/A,FOUR LEAF Cafe,26.4989012,50.031300400000006,cafe,4.2,378,OPERATIONAL,https://maps.google.com/?cid=N/A
N/A,kyan,26.5034062,50.038748999999996,cafe,3.5,391,OPERATIONAL,https://maps.google.com/?cid=N/A
N/A,Aristo Coffee - اريستو كوفي,26.4971377,50.0357169,cafe,4.5,210,OPERATIONAL,https://maps.google.com/?cid=N/A
N/A,24Cafe,26.5075078,50.0362333,cafe,4.9,236,OPERATIONAL,https://maps.google.com/?cid=N/A
N/A,Poots speciality coffee,26.4911557,50.0307184,cafe,4.7,172,OPERATIONAL,https://maps.google.com/?cid=N/A
N/A,Mantorose Cafe,26.508253099999997,50.0291164,cafe,4.1,149,OPERATIONAL,https://maps.google.com/?cid=N/A
N/A,Touch Coffee,26.497318800000002,50.035664,cafe,4.9,42,OPERATIONAL,https://maps.google.com/?cid=N/A
N/A,مجمع امواج,26.4970915,50.0355491,cafe,3.4,7,OPERATIONAL,https://maps.google.com/?cid=N/A
N/A,Mantorose Cafe,26.5032636,50.038855899999994,cafe,4.1,493,OPERATIONAL,https://maps.google.com/?cid=N/A
N/A,Road Café | قهوة الطريق,26.5051544,50.036969299999996,cafe,4.4,75,OPERATIONAL,https://maps.google.com/?cid=N/A
N/A,Gulnar Cafe,26.4953719,50.0312985,cafe,4.2,17,OPERATIONAL,https://maps.google.com/?cid=N/A
N/A,مقهى الكهف الاسود,26.5048896,50.036899899999995,cafe,4.1,21,OPERATIONAL,https://maps.google.com/?cid=N/A
N/A,just diet sweet healthy bar &restaurant جست دايت كوفي,26.4971985,50.0357003,cafe,4.2,29,OPERATIONAL,https://maps.google.com/?cid=N/A
N/A,Riddle Cafe ريدل كافيه,26.507544799999998,50.0363198,cafe,4.5,13,OPERATIONAL,https://maps.google.com/?cid=N/A
N/A,بسطة حسن كرم للشاي و الكرك و البليلة,26.491985399999997,50.0308153,cafe,5,6,OPERATIONAL,https://maps.google.com/?cid=N/A
N/A,Business Gate Company Ltd.,26.5044062,50.0382009,cafe,2,1,OPERATIONAL,https://maps.google.com/?cid=N/A
N/A,مقهى زهرة الرمان لتقديم المشروبات,26.4952649,50.0313172,cafe,3.4,5,OPERATIONAL,https://maps.google.com/?cid=N/A
N/A,عربة رملة,26.503277699999998,50.03630570000001,cafe,5,8,OPERATIONAL,https://maps.google.com/?cid=N/A
N/A,مقهى نغمة مريم لتقديم المشروبات,26.5020907,50.0388166,cafe,No rating,No reviews,OPERATIONAL,https://maps.google.com/?cid=N/A
N/A,8Oz Coffee | ايت اوز كوفي,26.4999097,50.040189999999996,cafe,4.4,26,OPERATIONAL,https://maps.google.com/?cid=N/A
N/A,Starbucks,26.490842,50.046603,cafe,3.9,454,OPERATIONAL,https://maps.google.com/?cid=N/A
N/A,kyan,26.5034062,50.038748999999996,cafe,3.5,391,OPERATIONAL,https://maps.google.com/?cid=N/A
N/A,Aristo Coffee - اريستو كوفي,26.4971377,50.0357169,cafe,4.5,210,OPERATIONAL,https://maps.google.com/?cid=N/A
N/A,Cloudy dose — كلاودي دوز,26.4944536,50.043142599999996,cafe,4.3,46,OPERATIONAL,https://maps.google.com/?cid=N/A
N/A,24Cafe,26.5075078,50.0362333,cafe,4.9,236,OPERATIONAL,https://maps.google.com/?cid=N/A
N/A,Dose Cafe,26.4920424,50.046538999999996,cafe,4.4,56,OPERATIONAL,https://maps.google.com/?cid=N/A
N/A,Touch Coffee,26.497318800000002,50.035664,cafe,4.9,42,OPERATIONAL,https://maps.google.com/?cid=N/A
N/A,YoFrutta,26.4912046,50.0416591,cafe,4.4,202,OPERATIONAL,https://maps.google.com/?cid=N/A
N/A,مجمع امواج,26.4970915,50.0355491,cafe,3.4,7,OPERATIONAL,https://maps.google.com/?cid=N/A
N/A,Mantorose Cafe,26.5032636,50.038855899999994,cafe,4.1,493,OPERATIONAL,https://maps.google.com/?cid=N/A
N/A,Road Café | قهوة الطريق,26.5051544,50.036969299999996,cafe,4.4,75,OPERATIONAL,https://maps.google.com/?cid=N/A
N/A,Cont’ Coffee,26.4985112,50.050456,cafe,4.2,450,OPERATIONAL,https://maps.google.com/?cid=N/A
N/A,SAN CAFE - مقهى سان,26.4905482,50.039419099999996,cafe,4.6,44,OPERATIONAL,https://maps.google.com/?cid=N/A
N/A,مقهى الكهف الاسود,26.5048896,50.036899899999995,cafe,4.1,21,OPERATIONAL,https://maps.google.com/?cid=N/A
N/A,القهوة المثالية (سيهات),26.4880109,50.0479931,cafe,3.7,55,OPERATIONAL,https://maps.google.com/?cid=N/A
N/A,Never quit coffee,26.493739899999998,50.0525301,cafe,4.8,40,OPERATIONAL,https://maps.google.com/?cid=N/A
N/A,Costa Coffee,26.487278999999997,50.047596999999996,cafe,4.7,77,OPERATIONAL,https://maps.google.com/?cid=N/A
N/A,just diet sweet healthy bar &restaurant جست دايت كوفي,26.4971985,50.0357003,cafe,4.2,29,OPERATIONAL,https://maps.google.com/?cid=N/A
N/A,Riddle Cafe ريدل كافيه,26.507544799999998,50.0363198,cafe,4.5,13,OPERATIONAL,https://maps.google.com/?cid=N/A
N/A,Time Out Coffee,26.4950965,50.0519142,cafe,4.5,27,OPERATIONAL,https://maps.google.com/?cid=N/A
N/A,Madah coffee & tea,26.4883234,50.059631499999995,cafe,4.2,377,OPERATIONAL,https://maps.google.com/?cid=N/A
N/A,Cont’ Coffee,26.4985112,50.050456,cafe,4.2,450,OPERATIONAL,https://maps.google.com/?cid=N/A
N/A,Never quit coffee,26.493739899999998,50.0525301,cafe,4.8,40,OPERATIONAL,https://maps.google.com/?cid=N/A
N/A,Time Out Coffee,26.4950965,50.0519142,cafe,4.5,27,OPERATIONAL,https://maps.google.com/?cid=N/A
N/A,Love 79,26.4913843,50.0545897,cafe,No rating,No reviews,OPERATIONAL,https://maps.google.com/?cid=N/A
N/A,شاي حكاية ناي,26.4953333,50.05233330000001,cafe,5,2,OPERATIONAL,https://maps.google.com/?cid=N/A
N/A,MAR Lounge,26.493308799999998,50.120727699999996,cafe,4.3,15,OPERATIONAL,https://maps.google.com/?cid=N/A
N/A,دكة كافية,26.498175699999997,50.127649,cafe,4.4,25,OPERATIONAL,https://maps.google.com/?cid=N/A
N/A,العامل ابو سكسوكه الله يقروشه,26.4938926,50.124126999999994,cafe,No rating,No reviews,OPERATIONAL,https://maps.google.com/?cid=N/A
N/A,رمل,26.4982442,50.1272835,cafe,5,46,OPERATIONAL,https://maps.google.com/?cid=N/A
N/A,Moments cafe,26.4922565,50.1296702,cafe,No rating,No reviews,OPERATIONAL,https://maps.google.com/?cid=N/A
N/A,Half Million,26.4903838,50.1335094,cafe,4.3,3208,OPERATIONAL,https://maps.google.com/?cid=N/A
N/A,اعماق البن,26.4901201,50.13317,cafe,4.5,224,OPERATIONAL,https://maps.google.com/?cid=N/A
N/A,كفاف قهوة مختصة kefaf coffee,26.495623499999997,50.1324981,cafe,4.5,285,OPERATIONAL,https://maps.google.com/?cid=N/A
N/A,ندرة,26.490315799999998,50.1332052,cafe,4.7,137,OPERATIONAL,https://maps.google.com/?cid=N/A
N/A,OVERJAR اوفر جار,26.497050299999998,50.1341949,cafe,2.8,31,OPERATIONAL,https://maps.google.com/?cid=N/A
N/A,Repeat Coffee By The Sea,26.4970726,50.1347275,cafe,3.3,180,OPERATIONAL,https://maps.google.com/?cid=N/A
N/A,Morth lounge,26.4963512,50.1345033,cafe,3.2,132,OPERATIONAL,https://maps.google.com/?cid=N/A
N/A,Majlis Takya مجلس تكية,26.4963964,50.1340642,cafe,4.8,100,OPERATIONAL,https://maps.google.com/?cid=N/A
N/A,دكة كافية,26.498175699999997,50.127649,cafe,4.4,25,OPERATIONAL,https://maps.google.com/?cid=N/A
N/A,7 Grams - تكية بحر,26.4970239,50.134182599999995,cafe,5,4,OPERATIONAL,https://maps.google.com/?cid=N/A
N/A,Moments cafe,26.4922565,50.1296702,cafe,No rating,No reviews,OPERATIONAL,https://maps.google.com/?cid=N/A
N/A,رمل,26.4982442,50.1272835,cafe,5,46,OPERATIONAL,https://maps.google.com/?cid=N/A
N/A,العامل ابو سكسوكه الله يقروشه,26.4938926,50.124126999999994,cafe,No rating,No reviews,OPERATIONAL,https://maps.google.com/?cid=N/A
N/A,فود ترك الهافمون,26.1622554,50.0691471,cafe,5,6,OPERATIONAL,https://maps.google.com/?cid=N/A
N/A,Cafè Jamoka,26.1451229,50.0916541,cafe,3.8,24,OPERATIONAL,https://maps.google.com/?cid=N/A
N/A,Cafè Jamoka,26.1451229,50.0916541,cafe,3.8,24,OPERATIONAL,https://maps.google.com/?cid=N/A
N/A,كريپل كافيه crêpele cafe,26.1615142,50.1136127,cafe,4.5,20,OPERATIONAL,https://maps.google.com/?cid=N/A
N/A,فلافي كيك وقهوة (وايتي كيك Whitey fluffy),26.1535448,50.1444778,cafe,4.9,108,OPERATIONAL,https://maps.google.com/?cid=N/A
N/A,Samrah,26.1539567,50.144596899999996,cafe,4.8,81,OPERATIONAL,https://maps.google.com/?cid=N/A
N/A,tamala coffee,26.154682299999997,50.143488299999994,cafe,4.5,38,OPERATIONAL,https://maps.google.com/?cid=N/A
N/A,HAT COFFEE,26.155792500000004,50.1361,cafe,4.7,89,OPERATIONAL,https://maps.google.com/?cid=N/A
N/A,Tatima Cafe,26.145037799999997,50.136747799999995,cafe,4.8,42,OPERATIONAL,https://maps.google.com/?cid=N/A
N/A,Coffee 9 Nine Grams | كوفي تسعة جرام,26.1552315,50.1395755,cafe,4.6,42,OPERATIONAL,https://maps.google.com/?cid=N/A
N/A,Deira Coffee | قهوة الديرة,26.1544086,50.14091200000001,cafe,4.9,31,OPERATIONAL,https://maps.google.com/?cid=N/A
N/A,سمرة,26.153588,50.1445795,cafe,5,3,OPERATIONAL,https://maps.google.com/?cid=N/A
N/A,أؤطنة,26.1537392,50.1443162,cafe,5,2,OPERATIONAL,https://maps.google.com/?cid=N/A
N/A,ايت اوز-8Oz Coffee,26.1520983,50.1613103,cafe,4.1,317,OPERATIONAL,https://maps.google.com/?cid=N/A
N/A,Reds Coffee,26.152137999999997,50.159864999999996,cafe,3.9,43,OPERATIONAL,https://maps.google.com/?cid=N/A
N/A,شاي بخار,26.152067300000002,50.1609524,cafe,4,211,OPERATIONAL,https://maps.google.com/?cid=N/A
N/A,شاي مسكوب العزيزية,26.143900499999997,50.1608233,cafe,4.6,309,OPERATIONAL,https://maps.google.com/?cid=N/A
N/A,فلافي كيك وقهوة (وايتي كيك Whitey fluffy),26.1535448,50.1444778,cafe,4.9,108,OPERATIONAL,https://maps.google.com/?cid=N/A
N/A,Samrah,26.1539567,50.144596899999996,cafe,4.8,81,OPERATIONAL,https://maps.google.com/?cid=N/A
N/A,tamala coffee,26.154682299999997,50.143488299999994,cafe,4.5,38,OPERATIONAL,https://maps.google.com/?cid=N/A
N/A,MANTOROSE,26.1569792,50.161606,cafe,4.9,47,OPERATIONAL,https://maps.google.com/?cid=N/A
N/A,Costa Coffee,26.1474887,50.151377,cafe,3.9,12,OPERATIONAL,https://maps.google.com/?cid=N/A
N/A,McCafe,26.154745,50.161409,cafe,4.4,19,OPERATIONAL,https://maps.google.com/?cid=N/A
N/A,القهوة المثالية (العزيزيه),26.150865699999997,50.1613897,cafe,3.9,62,OPERATIONAL,https://maps.google.com/?cid=N/A
N/A,شاي عذيب,26.158908999999998,50.1615693,cafe,4.7,62,OPERATIONAL,https://maps.google.com/?cid=N/A
N/A,شاهي بدو العزيزية,26.157190999999997,50.1616715,cafe,4.4,33,OPERATIONAL,https://maps.google.com/?cid=N/A
N/A,Sip speciality coffee,26.1573358,50.1615245,cafe,4.8,35,OPERATIONAL,https://maps.google.com/?cid=N/A
N/A,Deira Coffee | قهوة الديرة,26.1544086,50.14091200000001,cafe,4.9,31,OPERATIONAL,https://maps.google.com/?cid=N/A
N/A,سمرة,26.153588,50.1445795,cafe,5,3,OPERATIONAL,https://maps.google.com/?cid=N/A
N/A,Fillto Specialty coffee & sweets,26.156937499999998,50.1616875,cafe,5,18,OPERATIONAL,https://maps.google.com/?cid=N/A
N/A,أؤطنة,26.1537392,50.1443162,cafe,5,2,OPERATIONAL,https://maps.google.com/?cid=N/A
N/A,ايت اوز-8Oz Coffee,26.1520983,50.1613103,cafe,4.1,317,OPERATIONAL,https://maps.google.com/?cid=N/A
N/A,Reds Coffee,26.152137999999997,50.159864999999996,cafe,3.9,43,OPERATIONAL,https://maps.google.com/?cid=N/A
N/A,شاي بخار,26.152067300000002,50.1609524,cafe,4,211,OPERATIONAL,https://maps.google.com/?cid=N/A
N/A,شاي مسكوب العزيزية,26.143900499999997,50.1608233,cafe,4.6,309,OPERATIONAL,https://maps.google.com/?cid=N/A
N/A,MANTOROSE,26.1569792,50.161606,cafe,4.9,47,OPERATIONAL,https://maps.google.com/?cid=N/A
N/A,McCafe,26.154745,50.161409,cafe,4.4,19,OPERATIONAL,https://maps.google.com/?cid=N/A
N/A,القهوة المثالية (العزيزيه),26.150865699999997,50.1613897,cafe,3.9,62,OPERATIONAL,https://maps.google.com/?cid=N/A
N/A,شاهي بدو العزيزية,26.157190999999997,50.1616715,cafe,4.4,33,OPERATIONAL,https://maps.google.com/?cid=N/A
N/A,شاي عذيب,26.158908999999998,50.1615693,cafe,4.7,62,OPERATIONAL,https://maps.google.com/?cid=N/A
N/A,Sip speciality coffee,26.1573358,50.1615245,cafe,4.8,35,OPERATIONAL,https://maps.google.com/?cid=N/A
N/A,Fillto Specialty coffee & sweets,26.156937499999998,50.1616875,cafe,5,18,OPERATIONAL,https://maps.google.com/?cid=N/A
N/A,Cafe 55,26.157175799999997,50.193960399999995,cafe,4.3,189,OPERATIONAL,https://maps.google.com/?cid=N/A
N/A,فود ترك الهافمون,26.1622554,50.0691471,cafe,5,6,OPERATIONAL,https://maps.google.com/?cid=N/A
N/A,فود ترك الهافمون,26.1622554,50.0691471,cafe,5,6,OPERATIONAL,https://maps.google.com/?cid=N/A
N/A,كريپل كافيه crêpele cafe,26.1615142,50.1136127,cafe,4.5,20,OPERATIONAL,https://maps.google.com/?cid=N/A
N/A,كريپل كافيه crêpele cafe,26.1615142,50.1136127,cafe,4.5,20,OPERATIONAL,https://maps.google.com/?cid=N/A
N/A,بلو سكاي,26.1673626,50.1170037,cafe,2.3,12,OPERATIONAL,https://maps.google.com/?cid=N/A
N/A,BE HAPPY COFFEE,26.163751599999998,50.1148127,cafe,4.6,7,OPERATIONAL,https://maps.google.com/?cid=N/A
N/A,Taybeen Museum,26.1670314,50.1453238,cafe,4.5,2550,OPERATIONAL,https://maps.google.com/?cid=N/A
N/A,HAT COFFEE,26.155792500000004,50.1361,cafe,4.7,89,OPERATIONAL,https://maps.google.com/?cid=N/A
N/A,Coffee 9 Nine Grams | كوفي تسعة جرام,26.1552315,50.1395755,cafe,4.6,42,OPERATIONAL,https://maps.google.com/?cid=N/A
N/A,Tulum Cafe,26.1670208,50.1455834,cafe,No rating,No reviews,OPERATIONAL,https://maps.google.com/?cid=N/A
N/A,Shrq Coffee Roasters (Al Azizia),26.1774132,50.157891299999996,cafe,4.5,875,OPERATIONAL,https://maps.google.com/?cid=N/A
N/A,M CLUB مقهى,26.1751872,50.1622443,cafe,3.4,364,OPERATIONAL,https://maps.google.com/?cid=N/A
N/A,Taybeen Museum,26.1670314,50.1453238,cafe,4.5,2550,OPERATIONAL,https://maps.google.com/?cid=N/A
N/A,Dunkin' - دانكن,26.168633699999997,50.1614605,cafe,3.9,500,OPERATIONAL,https://maps.google.com/?cid=N/A
N/A,آرت سويت الصواري,26.1752692,50.1622766,cafe,4.5,608,OPERATIONAL,https://maps.google.com/?cid=N/A
N/A,RATIO Speciality Coffee,26.1737086,50.154536199999995,cafe,4.4,318,OPERATIONAL,https://maps.google.com/?cid=N/A
N/A,The Coffee Address | عنوان القهوة,26.168681199999998,50.162199099999995,cafe,4.3,160,OPERATIONAL,https://maps.google.com/?cid=N/A
N/A,ارت سويت الشراع,26.1740508,50.152580199999996,cafe,4.2,221,OPERATIONAL,https://maps.google.com/?cid=N/A
N/A,Mr. Tea,26.178375499999998,50.1578326,cafe,4.4,490,OPERATIONAL,https://maps.google.com/?cid=N/A
N/A,Kyan,26.173369599999997,50.157472899999995,cafe,3.6,125,OPERATIONAL,https://maps.google.com/?cid=N/A
N/A,ديوانية محبوك,26.1732639,50.1545369,cafe,4.3,133,OPERATIONAL,https://maps.google.com/?cid=N/A
N/A,simplicity,26.1726489,50.1618395,cafe,4.6,105,OPERATIONAL,https://maps.google.com/?cid=N/A
N/A,Barn's | بارنز,26.1762145,50.162633799999995,cafe,4.3,96,OPERATIONAL,https://maps.google.com/?cid=N/A
N/A,MANTOROSE,26.1569792,50.161606,cafe,4.9,47,OPERATIONAL,https://maps.google.com/?cid=N/A
N/A,شاي عنق,26.1726405,50.161893799999994,cafe,4.4,38,OPERATIONAL,https://maps.google.com/?cid=N/A
N/A,24Cafe,26.1739592,50.1574473,cafe,5,17,OPERATIONAL,https://maps.google.com/?cid=N/A
N/A,مقهى شاي سرا,26.1690635,50.162169299999995,cafe,4.7,35,OPERATIONAL,https://maps.google.com/?cid=N/A
N/A,Blue sky coffee | بلو سكاي كافيه,26.175202000000002,50.1624671,cafe,3.9,10,OPERATIONAL,https://maps.google.com/?cid=N/A
N/A,شاي عذيب,26.158908999999998,50.1615693,cafe,4.7,62,OPERATIONAL,https://maps.google.com/?cid=N/A
N/A,دو دونات - Do Donuts,26.1734667,50.1545237,cafe,3.7,13,OPERATIONAL,https://maps.google.com/?cid=N/A
N/A,M CLUB مقهى,26.1751872,50.1622443,cafe,3.4,364,OPERATIONAL,https://maps.google.com/?cid=N/A
N/A,Dunkin' - دانكن,26.168633699999997,50.1614605,cafe,3.9,500,OPERATIONAL,https://maps.google.com/?cid=N/A
N/A,آرت سويت الصواري,26.1752692,50.1622766,cafe,4.5,608,OPERATIONAL,https://maps.google.com/?cid=N/A
N/A,The Coffee Address | عنوان القهوة,26.168681199999998,50.162199099999995,cafe,4.3,160,OPERATIONAL,https://maps.google.com/?cid=N/A
N/A,simplicity,26.1726489,50.1618395,cafe,4.6,105,OPERATIONAL,https://maps.google.com/?cid=N/A
N/A,Barn's | بارنز,26.1762145,50.162633799999995,cafe,4.3,96,OPERATIONAL,https://maps.google.com/?cid=N/A
N/A,شاي عنق,26.1726405,50.161893799999994,cafe,4.4,38,OPERATIONAL,https://maps.google.com/?cid=N/A
N/A,مقهى شاي سرا,26.1690635,50.162169299999995,cafe,4.7,35,OPERATIONAL,https://maps.google.com/?cid=N/A
N/A,Blue sky coffee | بلو سكاي كافيه,26.175202000000002,50.1624671,cafe,3.9,10,OPERATIONAL,https://maps.google.com/?cid=N/A
N/A,شاي عذيب,26.158908999999998,50.1615693,cafe,4.7,62,OPERATIONAL,https://maps.google.com/?cid=N/A
N/A,مزاج مغربي العزيزية,26.1723191,50.1621801,cafe,4.6,30,OPERATIONAL,https://maps.google.com/?cid=N/A
N/A,Perfect Coffee (blue khober),26.173420999999998,50.161064599999996,cafe,3.8,16,OPERATIONAL,https://maps.google.com/?cid=N/A
N/A,‏Blue Star Cafe | بلو ستار كافيه,26.1734141,50.1623246,cafe,4.6,17,OPERATIONAL,https://maps.google.com/?cid=N/A
N/A,SADF TRADING AND DEVELOPMENTS ZOOBA,26.1711,50.1621,cafe,No rating,No reviews,OPERATIONAL,https://maps.google.com/?cid=N/A
N/A,dr.CAFE COFFEE | Drive Thru,26.1791178,50.196831599999996,cafe,4.5,59,OPERATIONAL,https://maps.google.com/?cid=N/A
N/A,Cafe 55,26.157175799999997,50.193960399999995,cafe,4.3,189,OPERATIONAL,https://maps.google.com/?cid=N/A
N/A,المذاق السعودي للشاي والقهوة,26.1906694,50.057983,cafe,4.6,9,OPERATIONAL,https://maps.google.com/?cid=N/A
N/A,بابو قرقر واجد,26.1915884,50.056159099999995,cafe,4.2,5,OPERATIONAL,https://maps.google.com/?cid=N/A
N/A,ابو نشمي للشاي والقهوة على الجمر,26.1930332,50.0532709,cafe,3.9,141,OPERATIONAL,https://maps.google.com/?cid=N/A
N/A,تلقيمة وجمر,26.192562,50.0543689,cafe,4.8,12,OPERATIONAL,https://maps.google.com/?cid=N/A
N/A,كوخ الشاطي,26.1920704,50.0556797,cafe,3.7,3,OPERATIONAL,https://maps.google.com/?cid=N/A
N/A,شاي فخفخه,26.192741299999998,50.0533036,cafe,No rating,No reviews,OPERATIONAL,https://maps.google.com/?cid=N/A
N/A,Shrq Coffee Roasters (Al Azizia),26.1774132,50.157891299999996,cafe,4.5,875,OPERATIONAL,https://maps.google.com/?cid=N/A
N/A,M CLUB مقهى,26.1751872,50.1622443,cafe,3.4,364,OPERATIONAL,https://maps.google.com/?cid=N/A
N/A,آرت سويت الصواري,26.1752692,50.1622766,cafe,4.5,608,OPERATIONAL,https://maps.google.com/?cid=N/A
N/A,Starbucks,26.1788132,50.164083399999996,cafe,4.1,687,OPERATIONAL,https://maps.google.com/?cid=N/A
N/A,RATIO Speciality Coffee,26.1737086,50.154536199999995,cafe,4.4,318,OPERATIONAL,https://maps.google.com/?cid=N/A
N/A,Mr. Tea,26.178375499999998,50.1578326,cafe,4.4,490,OPERATIONAL,https://maps.google.com/?cid=N/A
N/A,ارت سويت الشراع,26.1740508,50.152580199999996,cafe,4.2,221,OPERATIONAL,https://maps.google.com/?cid=N/A
N/A,اي بلس | A PLUS,26.1867062,50.1596883,cafe,4.4,238,OPERATIONAL,https://maps.google.com/?cid=N/A
N/A,Kyan,26.173369599999997,50.157472899999995,cafe,3.6,125,OPERATIONAL,https://maps.google.com/?cid=N/A
N/A,قهوة رهم | Raham Coffee,26.1934239,50.1608853,cafe,4.8,235,OPERATIONAL,https://maps.google.com/?cid=N/A
N/A,ديوانية محبوك,26.1732639,50.1545369,cafe,4.3,133,OPERATIONAL,https://maps.google.com/?cid=N/A
N/A,Barn's | بارنز,26.1762145,50.162633799999995,cafe,4.3,96,OPERATIONAL,https://maps.google.com/?cid=N/A
N/A,دوح وشاهي,26.183930999999998,50.1647749,cafe,3.7,318,OPERATIONAL,https://maps.google.com/?cid=N/A
N/A,مؤسسة أوقات شرق التجارية,26.1876015,50.160090999999994,cafe,4.7,18,OPERATIONAL,https://maps.google.com/?cid=N/A
N/A,Barn's | بارنز,26.1864189,50.159590699999995,cafe,4,53,OPERATIONAL,https://maps.google.com/?cid=N/A
N/A,Kaif Alsharg,26.1848125,50.1646875,cafe,4.1,259,OPERATIONAL,https://maps.google.com/?cid=N/A
N/A,24Cafe,26.1739592,50.1574473,cafe,5,17,OPERATIONAL,https://maps.google.com/?cid=N/A
N/A,DOSE & JOUZ CAFE دوز اند جوز كافية,26.185039399999997,50.1647669,cafe,4.1,40,OPERATIONAL,https://maps.google.com/?cid=N/A
N/A,Makha dewaniya keef al neshama,26.1842169,50.1642678,cafe,3.3,42,OPERATIONAL,https://maps.google.com/?cid=N/A
N/A,Blue sky coffee | بلو سكاي كافيه,26.175202000000002,50.1624671,cafe,3.9,10,OPERATIONAL,https://maps.google.com/?cid=N/A
N/A,Half Million,26.1841932,50.1837388,cafe,4.3,1411,OPERATIONAL,https://maps.google.com/?cid=N/A
N/A,The Coffee Address | عنوان القهوة,26.1861537,50.1864056,cafe,4.5,332,OPERATIONAL,https://maps.google.com/?cid=N/A
N/A,قهوة طويق - Tuwaiq coffee,26.1913283,50.1759292,cafe,4.2,397,OPERATIONAL,https://maps.google.com/?cid=N/A
N/A,Starbucks,26.1788132,50.164083399999996,cafe,4.1,687,OPERATIONAL,https://maps.google.com/?cid=N/A
N/A,السيف كافية العزيزية,26.1829221,50.1844135,cafe,4.2,396,OPERATIONAL,https://maps.google.com/?cid=N/A
N/A,مقهى ما بعد العاشرة,26.1854822,50.1860438,cafe,4,349,OPERATIONAL,https://maps.google.com/?cid=N/A
N/A,اي بلس | A PLUS,26.1867062,50.1596883,cafe,4.4,238,OPERATIONAL,https://maps.google.com/?cid=N/A
N/A,Tim Hortons Azizia Drive thru,26.1869083,50.186900699999995,cafe,4.2,365,OPERATIONAL,https://maps.google.com/?cid=N/A
N/A,قهوة رهم | Raham Coffee,26.1934239,50.1608853,cafe,4.8,235,OPERATIONAL,https://maps.google.com/?cid=N/A
N/A,Dunkin' - دانكن,26.186999,50.186985,cafe,3.5,265,OPERATIONAL,https://maps.google.com/?cid=N/A
N/A,Barn's | بارنز,26.1762145,50.162633799999995,cafe,4.3,96,OPERATIONAL,https://maps.google.com/?cid=N/A
N/A,دوح وشاهي,26.183930999999998,50.1647749,cafe,3.7,318,OPERATIONAL,https://maps.google.com/?cid=N/A
N/A,مؤسسة أوقات شرق التجارية,26.1876015,50.160090999999994,cafe,4.7,18,OPERATIONAL,https://maps.google.com/?cid=N/A
N/A,Barn's | بارنز,26.1864189,50.159590699999995,cafe,4,53,OPERATIONAL,https://maps.google.com/?cid=N/A
N/A,Dhay Suhail Coffee Shop,26.1833483,50.1846964,cafe,4,423,OPERATIONAL,https://maps.google.com/?cid=N/A
N/A,Third,26.187371,50.1789305,cafe,4.3,33,OPERATIONAL,https://maps.google.com/?cid=N/A
N/A,Kaif Alsharg,26.1848125,50.1646875,cafe,4.1,259,OPERATIONAL,https://maps.google.com/?cid=N/A
N/A,Barn's | بارنز,26.1856133,50.1848445,cafe,4.6,10,OPERATIONAL,https://maps.google.com/?cid=N/A
N/A,DOSE & JOUZ CAFE دوز اند جوز كافية,26.185039399999997,50.1647669,cafe,4.1,40,OPERATIONAL,https://maps.google.com/?cid=N/A
N/A,Half Million,26.1841932,50.1837388,cafe,4.3,1411,OPERATIONAL,https://maps.google.com/?cid=N/A
N/A,The Coffee Address | عنوان القهوة,26.1861537,50.1864056,cafe,4.5,332,OPERATIONAL,https://maps.google.com/?cid=N/A
N/A,Diwaniyat al-Dirah,26.196837499999997,50.1932656,cafe,4.2,3036,OPERATIONAL,https://maps.google.com/?cid=N/A
N/A,السيف كافية العزيزية,26.1829221,50.1844135,cafe,4.2,396,OPERATIONAL,https://maps.google.com/?cid=N/A
N/A,مقهى ما بعد العاشرة,26.1854822,50.1860438,cafe,4,349,OPERATIONAL,https://maps.google.com/?cid=N/A
N/A,Dunkin' - دانكن,26.1908125,50.1899375,cafe,3.9,316,OPERATIONAL,https://maps.google.com/?cid=N/A
N/A,Tim Hortons Azizia Drive thru,26.1869083,50.186900699999995,cafe,4.2,365,OPERATIONAL,https://maps.google.com/?cid=N/A
N/A,Dunkin' - دانكن,26.186999,50.186985,cafe,3.5,265,OPERATIONAL,https://maps.google.com/?cid=N/A
N/A,dr.CAFE COFFEE | Drive Thru,26.1791178,50.196831599999996,cafe,4.5,59,OPERATIONAL,https://maps.google.com/?cid=N/A
N/A,Dhay Suhail Coffee Shop,26.1833483,50.1846964,cafe,4,423,OPERATIONAL,https://maps.google.com/?cid=N/A
N/A,Third,26.187371,50.1789305,cafe,4.3,33,OPERATIONAL,https://maps.google.com/?cid=N/A
N/A,Barn's | بارنز,26.1856133,50.1848445,cafe,4.6,10,OPERATIONAL,https://maps.google.com/?cid=N/A
N/A,Qudooa Dewaniyah,26.1829222,50.1828395,cafe,3.6,49,OPERATIONAL,https://maps.google.com/?cid=N/A
N/A,بوفيه مصعب,26.1855938,50.1841608,cafe,4.4,16,OPERATIONAL,https://maps.google.com/?cid=N/A
N/A,مقهى ومحمصة سمبلسيتي | Simplicity cafe & roastery,26.1981914,50.1943122,cafe,4,5,OPERATIONAL,https://maps.google.com/?cid=N/A
N/A,Blue sky Abbasi tahlia,26.1893969,50.1885669,cafe,3.6,5,OPERATIONAL,https://maps.google.com/?cid=N/A
N/A,Rashfa | رشفة,26.1884899,50.1867522,cafe,4.9,14,OPERATIONAL,https://maps.google.com/?cid=N/A
N/A,Tim Hortiua,26.186862599999998,50.1869795,cafe,2,4,OPERATIONAL,https://maps.google.com/?cid=N/A
N/A,Louga coffee,26.180363399999997,50.203706,cafe,4.7,10,OPERATIONAL,https://maps.google.com/?cid=N/A
N/A,dr.CAFE COFFEE | Drive Thru,26.1791178,50.196831599999996,cafe,4.5,59,OPERATIONAL,https://maps.google.com/?cid=N/A
N/A,Louga coffee,26.180363399999997,50.203706,cafe,4.7,10,OPERATIONAL,https://maps.google.com/?cid=N/A
N/A,فضفضة لاونج,26.1894103,50.21161480000001,cafe,5,6,OPERATIONAL,https://maps.google.com/?cid=N/A
N/A,Mantorose cafe | مانتوروز كافيه,26.195673000000003,50.2123006,cafe,4,345,OPERATIONAL,https://maps.google.com/?cid=N/A
N/A,Starbucks,26.1865064,50.316840199999994,cafe,4.2,214,OPERATIONAL,https://maps.google.com/?cid=N/A
N/A,چباتي وكرك,26.1868821,50.319058899999995,cafe,3.3,93,OPERATIONAL,https://maps.google.com/?cid=N/A
N/A,Timhortons Causeway Khobar,26.1865289,50.317068000000006,cafe,4.7,85,OPERATIONAL,https://maps.google.com/?cid=N/A
N/A,كوستا كوفي,26.1818802,50.3306312,cafe,4,4,OPERATIONAL,https://maps.google.com/?cid=N/A
N/A,قهوة رهم | Raham Coffee,26.1934239,50.1608853,cafe,4.8,235,OPERATIONAL,https://maps.google.com/?cid=N/A
N/A,قهوة طويق - Tuwaiq coffee,26.1913283,50.1759292,cafe,4.2,397,OPERATIONAL,https://maps.google.com/?cid=N/A
N/A,محمصة ومقهى تشارت | CHART,26.1996444,50.184368899999996,cafe,4.7,110,OPERATIONAL,https://maps.google.com/?cid=N/A
N/A,Line Espresso bar | لاين البحيرة,26.199404299999998,50.1846416,cafe,4.8,111,OPERATIONAL,https://maps.google.com/?cid=N/A
N/A,مراميه البحيرة,26.199444,50.184594399999995,cafe,4.7,33,OPERATIONAL,https://maps.google.com/?cid=N/A
N/A,Block 196,26.191215699999997,50.1759474,cafe,4.4,9,OPERATIONAL,https://maps.google.com/?cid=N/A
N/A,المشروب السحري,26.1917424,50.1770457,cafe,4.4,10,OPERATIONAL,https://maps.google.com/?cid=N/A
N/A,Diwaniyat al-Dirah,26.196837499999997,50.1932656,cafe,4.2,3036,OPERATIONAL,https://maps.google.com/?cid=N/A
N/A,هول بين,26.2089307,50.187816899999994,cafe,4.8,568,OPERATIONAL,https://maps.google.com/?cid=N/A
N/A,Veloce,26.2026827,50.1957242,cafe,4.2,241,OPERATIONAL,https://maps.google.com/?cid=N/A
N/A,شاي وسمسم,26.2098895,50.1995201,cafe,4.4,334,OPERATIONAL,https://maps.google.com/?cid=N/A
N/A,Dose Cafe,26.202876699999997,50.1957731,cafe,4.2,1096,OPERATIONAL,https://maps.google.com/?cid=N/A
N/A,Dunkin' - دانكن,26.200622,50.194707,cafe,4.1,865,OPERATIONAL,https://maps.google.com/?cid=N/A
N/A,VIAL,26.201764599999997,50.195081099999996,cafe,4.6,355,OPERATIONAL,https://maps.google.com/?cid=N/A
N/A,ديلي كب Daily cup,26.2015775,50.2039537,cafe,4,124,OPERATIONAL,https://maps.google.com/?cid=N/A
N/A,Moroccan Taste,26.2032378,50.1970968,cafe,4.2,647,OPERATIONAL,https://maps.google.com/?cid=N/A
N/A,شاي نوح,26.2015976,50.199648599999996,cafe,4.7,280,OPERATIONAL,https://maps.google.com/?cid=N/A
N/A,Starbucks,26.205294799999997,50.196493,cafe,4,599,OPERATIONAL,https://maps.google.com/?cid=N/A
N/A,coffee handle,26.216373899999997,50.193751999999996,cafe,4.6,285,OPERATIONAL,https://maps.google.com/?cid=N/A
N/A,محمصة ومقهى تشارت | CHART,26.1996444,50.184368899999996,cafe,4.7,110,OPERATIONAL,https://maps.google.com/?cid=N/A
N/A,شاي سكر,26.2015049,50.2016576,cafe,4.6,245,OPERATIONAL,https://maps.google.com/?cid=N/A
N/A,Dunkin' - دانكن,26.1908125,50.1899375,cafe,3.9,316,OPERATIONAL,https://maps.google.com/?cid=N/A
N/A,Rasa,26.216501899999997,50.1928631,cafe,4.7,192,OPERATIONAL,https://maps.google.com/?cid=N/A
N/A,ديوانية المتكى الشعبي,26.2045574,50.1975224,cafe,3.9,557,OPERATIONAL,https://maps.google.com/?cid=N/A
N/A,Cinnabon,26.202483899999997,50.1952596,cafe,4.4,91,OPERATIONAL,https://maps.google.com/?cid=N/A
N/A,Mantorose Cafe,26.2019417,50.189044599999995,cafe,4.1,72,OPERATIONAL,https://maps.google.com/?cid=N/A
N/A,WHITE HORSE,26.2078487,50.202377999999996,cafe,4.3,398,OPERATIONAL,https://maps.google.com/?cid=N/A
N/A,Veloce,26.2026827,50.1957242,cafe,4.2,241,OPERATIONAL,https://maps.google.com/?cid=N/A
N/A,Dunkin' - دانكن,26.211986,50.208272,cafe,4.1,873,OPERATIONAL,https://maps.google.com/?cid=N/A
N/A,IVY Restaurant & Cafè مطعم و مقهى ايفي,26.1993445,50.2122387,cafe,4.6,489,OPERATIONAL,https://maps.google.com/?cid=N/A
N/A,شاي وسمسم,26.2098895,50.1995201,cafe,4.4,334,OPERATIONAL,https://maps.google.com/?cid=N/A
N/A,Dose Cafe,26.202876699999997,50.1957731,cafe,4.2,1096,OPERATIONAL,https://maps.google.com/?cid=N/A
N/A,Dunkin' - دانكن,26.200622,50.194707,cafe,4.1,865,OPERATIONAL,https://maps.google.com/?cid=N/A
N/A,ديلي كب Daily cup,26.2015775,50.2039537,cafe,4,124,OPERATIONAL,https://maps.google.com/?cid=N/A
N/A,VIAL,26.201764599999997,50.195081099999996,cafe,4.6,355,OPERATIONAL,https://maps.google.com/?cid=N/A
N/A,Moroccan Taste,26.2032378,50.1970968,cafe,4.2,647,OPERATIONAL,https://maps.google.com/?cid=N/A
N/A,شاي نوح,26.2015976,50.199648599999996,cafe,4.7,280,OPERATIONAL,https://maps.google.com/?cid=N/A
N/A,Starbucks,26.205294799999997,50.196493,cafe,4,599,OPERATIONAL,https://maps.google.com/?cid=N/A
N/A,شاي سكر,26.2015049,50.2016576,cafe,4.6,245,OPERATIONAL,https://maps.google.com/?cid=N/A
N/A,اوشا | OSHA,26.202214599999998,50.2124716,cafe,4.7,220,OPERATIONAL,https://maps.google.com/?cid=N/A
N/A,Barn's | بارنز,26.2013771,50.2080815,cafe,4.3,219,OPERATIONAL,https://maps.google.com/?cid=N/A
N/A,هذب للقهوة المختصة,26.214535299999998,50.2129087,cafe,4.8,189,OPERATIONAL,https://maps.google.com/?cid=N/A
N/A,ديوانية المتكى الشعبي,26.2045574,50.1975224,cafe,3.9,557,OPERATIONAL,https://maps.google.com/?cid=N/A
N/A,Cinnabon,26.202483899999997,50.1952596,cafe,4.4,91,OPERATIONAL,https://maps.google.com/?cid=N/A
N/A,WHITE HORSE,26.2078487,50.202377999999996,cafe,4.3,398,OPERATIONAL,https://maps.google.com/?cid=N/A
N/A,دكان وافل,26.210098199999997,50.2036587,cafe,4.2,153,OPERATIONAL,https://maps.google.com/?cid=N/A
N/A,Lujj Cafe,26.213532299999997,50.202456,cafe,4.7,73,OPERATIONAL,https://maps.google.com/?cid=N/A
N/A,IVY Restaurant & Cafè مطعم و مقهى ايفي,26.1993445,50.2122387,cafe,4.6,489,OPERATIONAL,https://maps.google.com/?cid=N/A
N/A,اوشا | OSHA,26.202214599999998,50.2124716,cafe,4.7,220,OPERATIONAL,https://maps.google.com/?cid=N/A
N/A,Rivera Compound-jofferys cafe,26.2001904,50.2191536,cafe,4.4,25,OPERATIONAL,https://maps.google.com/?cid=N/A
N/A,24Cafe,26.2168903,50.1843414,cafe,4.2,918,OPERATIONAL,https://maps.google.com/?cid=N/A
N/A,Lialy Marrakech Cafe,26.2166821,50.176489499999995,cafe,3.8,220,OPERATIONAL,https://maps.google.com/?cid=N/A
N/A,مقهى كهف الأسود,26.2162857,50.1774201,cafe,3.6,29,OPERATIONAL,https://maps.google.com/?cid=N/A
N/A,مقهى الرواق العربي,26.222898299999997,50.182404,cafe,3.7,241,OPERATIONAL,https://maps.google.com/?cid=N/A
N/A,مقهى ديوانية الحلى والكيف,26.217180199999998,50.1852126,cafe,4,82,OPERATIONAL,https://maps.google.com/?cid=N/A
N/A,McCafé,26.2157387,50.1793025,cafe,2.5,46,OPERATIONAL,https://maps.google.com/?cid=N/A
N/A,Barn's | بارنز,26.216987300000003,50.184948399999996,cafe,3.3,27,OPERATIONAL,https://maps.google.com/?cid=N/A
N/A,Al-Fanar Coffee,26.2154489,50.1792635,cafe,3.8,32,OPERATIONAL,https://maps.google.com/?cid=N/A
N/A,مقهى رمال أوس,26.2207212,50.184179,cafe,4.1,9,OPERATIONAL,https://maps.google.com/?cid=N/A
N/A,Saqr Al-Rafidain Coffee Shop for Drinks,26.2250521,50.1840226,cafe,3.5,33,OPERATIONAL,https://maps.google.com/?cid=N/A
N/A,بلو سكاي,26.215569199999997,50.179770399999995,cafe,2.9,8,OPERATIONAL,https://maps.google.com/?cid=N/A
N/A,مقهى الناصر,26.2247065,50.1837276,cafe,4,1,OPERATIONAL,https://maps.google.com/?cid=N/A
N/A,هول بين,26.2089307,50.187816899999994,cafe,4.8,568,OPERATIONAL,https://maps.google.com/?cid=N/A
N/A,coffee handle,26.216373899999997,50.193751999999996,cafe,4.6,285,OPERATIONAL,https://maps.google.com/?cid=N/A
N/A,Starbucks,26.2300772,50.195491499999996,cafe,4.4,125,OPERATIONAL,https://maps.google.com/?cid=N/A
N/A,24Cafe,26.2168903,50.1843414,cafe,4.2,918,OPERATIONAL,https://maps.google.com/?cid=N/A
N/A,Tim Hortons,26.231441399999998,50.1939287,cafe,4.2,122,OPERATIONAL,https://maps.google.com/?cid=N/A
N/A,Barn's | بارنز,26.231664199999997,50.194111199999995,cafe,4.5,99,OPERATIONAL,https://maps.google.com/?cid=N/A
N/A,Lialy Marrakech Cafe,26.2166821,50.176489499999995,cafe,3.8,220,OPERATIONAL,https://maps.google.com/?cid=N/A
N/A,مقهى كهف الأسود,26.2162857,50.1774201,cafe,3.6,29,OPERATIONAL,https://maps.google.com/?cid=N/A
N/A,مقهى الرواق العربي,26.222898299999997,50.182404,cafe,3.7,241,OPERATIONAL,https://maps.google.com/?cid=N/A
N/A,Rasa,26.216501899999997,50.1928631,cafe,4.7,192,OPERATIONAL,https://maps.google.com/?cid=N/A
N/A,Diwaniya Zaman Baraka,26.217178,50.2034874,cafe,4,190,OPERATIONAL,https://maps.google.com/?cid=N/A
N/A,مقهى ديوانية الحلى والكيف,26.217180199999998,50.1852126,cafe,4,82,OPERATIONAL,https://maps.google.com/?cid=N/A
N/A,قهوة طويق - Drive-thru,26.224085799999997,50.196216799999995,cafe,4,85,OPERATIONAL,https://maps.google.com/?cid=N/A
N/A,McCafé,26.2157387,50.1793025,cafe,2.5,46,OPERATIONAL,https://maps.google.com/?cid=N/A
N/A,Barn's | بارنز,26.216987300000003,50.184948399999996,cafe,3.3,27,OPERATIONAL,https://maps.google.com/?cid=N/A
N/A,Road Café | قهوة الطريق,26.2318335,50.194249299999996,cafe,4.2,35,OPERATIONAL,https://maps.google.com/?cid=N/A
N/A,Gacela Cafe,26.2165803,50.1934009,cafe,4.7,103,OPERATIONAL,https://maps.google.com/?cid=N/A
N/A,بوفيه ليالي الشرقية,26.2152058,50.1894388,cafe,4.1,81,OPERATIONAL,https://maps.google.com/?cid=N/A
N/A,Al-Fanar Coffee,26.2154489,50.1792635,cafe,3.8,32,OPERATIONAL,https://maps.google.com/?cid=N/A
N/A,maquod Cafe مقهى معقود للمشروبات والمأكولات,26.208522799999997,50.1911699,cafe,4.3,216,OPERATIONAL,https://maps.google.com/?cid=N/A
N/A,Al Seef Cafe,26.222483999999998,50.2192065,cafe,4.2,1246,OPERATIONAL,https://maps.google.com/?cid=N/A
N/A,Starbucks,26.2203348,50.213007,cafe,4.1,1251,OPERATIONAL,https://maps.google.com/?cid=N/A
N/A,Bunah specialty coffee محمصة بنة,26.2204861,50.212598299999996,cafe,4.5,1009,OPERATIONAL,https://maps.google.com/?cid=N/A
N/A,Dunkin' - دانكن,26.211986,50.208272,cafe,4.1,873,OPERATIONAL,https://maps.google.com/?cid=N/A
N/A,سكَّة كرك - Sikkat Karak,26.2174999,50.2073113,cafe,4.6,784,OPERATIONAL,https://maps.google.com/?cid=N/A
N/A,PAUSE CAFE,26.2200573,50.2124637,cafe,4.4,253,OPERATIONAL,https://maps.google.com/?cid=N/A
N/A,Diwaniya Zaman Baraka,26.217178,50.2034874,cafe,4,190,OPERATIONAL,https://maps.google.com/?cid=N/A
N/A,هذب للقهوة المختصة,26.214535299999998,50.2129087,cafe,4.8,189,OPERATIONAL,https://maps.google.com/?cid=N/A
N/A,مطعم ولاونج فونتون VONTONE LOUNGE,26.2230711,50.2166728,cafe,4,136,OPERATIONAL,https://maps.google.com/?cid=N/A
N/A,دكان وافل,26.210098199999997,50.2036587,cafe,4.2,153,OPERATIONAL,https://maps.google.com/?cid=N/A
N/A,Lujj Cafe,26.213532299999997,50.202456,cafe,4.7,73,OPERATIONAL,https://maps.google.com/?cid=N/A
N/A,قهوة طويق - Drive-thru,26.224085799999997,50.196216799999995,cafe,4,85,OPERATIONAL,https://maps.google.com/?cid=N/A
N/A,Boston's Cafe,26.2110259,50.2127662,cafe,4.5,354,OPERATIONAL,https://maps.google.com/?cid=N/A
N/A,قهوة الطريق | Road Café,26.2183639,50.208407,cafe,4,27,OPERATIONAL,https://maps.google.com/?cid=N/A
N/A,Barn's | بارنز,26.215178599999998,50.21302490000001,cafe,3.9,31,OPERATIONAL,https://maps.google.com/?cid=N/A
N/A,ريفيو الخبر review,26.2100467,50.208408399999996,cafe,4.7,133,OPERATIONAL,https://maps.google.com/?cid=N/A
N/A,بوكس للقهوه | BOX speciality coffee,26.216251699999997,50.2069921,cafe,4.2,52,OPERATIONAL,https://maps.google.com/?cid=N/A
N/A,Barn's | بارنز,26.2150431,50.2070698,cafe,4.1,41,OPERATIONAL,https://maps.google.com/?cid=N/A
N/A,Dunkin' - دانكن,26.218937500000003,50.210187499999996,cafe,3.9,22,OPERATIONAL,https://maps.google.com/?cid=N/A
N/A,Al Seef Cafe,26.222483999999998,50.2192065,cafe,4.2,1246,OPERATIONAL,https://maps.google.com/?cid=N/A
N/A,Starbucks,26.2203348,50.213007,cafe,4.1,1251,OPERATIONAL,https://maps.google.com/?cid=N/A
N/A,Bunah specialty coffee محمصة بنة,26.2204861,50.212598299999996,cafe,4.5,1009,OPERATIONAL,https://maps.google.com/?cid=N/A
N/A,PAUSE CAFE,26.2200573,50.2124637,cafe,4.4,253,OPERATIONAL,https://maps.google.com/?cid=N/A
N/A,مطعم ولاونج فونتون VONTONE LOUNGE,26.2230711,50.2166728,cafe,4,136,OPERATIONAL,https://maps.google.com/?cid=N/A
N/A,السيف-كافيه—جسرالبحرين,26.2223473,50.2193117,cafe,4.8,4,OPERATIONAL,https://maps.google.com/?cid=N/A
N/A,مقهى سما,26.220461099999998,50.2129538,cafe,4.7,10,OPERATIONAL,https://maps.google.com/?cid=N/A
N/A,Cafe Cairo,26.2379085,50.1964718,cafe,3.7,3056,OPERATIONAL,https://maps.google.com/?cid=N/A
N/A,Share Lounge,26.244137499999997,50.198656199999995,cafe,4.6,757,OPERATIONAL,https://maps.google.com/?cid=N/A
N/A,la melograno lounge,26.2421635,50.1982876,cafe,4.3,258,OPERATIONAL,https://maps.google.com/?cid=N/A
N/A,Starbucks,26.2300772,50.195491499999996,cafe,4.4,125,OPERATIONAL,https://maps.google.com/?cid=N/A
N/A,Tim Hortons,26.231441399999998,50.1939287,cafe,4.2,122,OPERATIONAL,https://maps.google.com/?cid=N/A
N/A,Barn's | بارنز,26.231664199999997,50.194111199999995,cafe,4.5,99,OPERATIONAL,https://maps.google.com/?cid=N/A
N/A,Tea Hessa,26.2487593,50.1981057,cafe,4.7,83,OPERATIONAL,https://maps.google.com/?cid=N/A
N/A,Road Café | قهوة الطريق,26.2318335,50.194249299999996,cafe,4.2,35,OPERATIONAL,https://maps.google.com/?cid=N/A
N/A,TCG - The Coffee Group,26.250623599999997,50.198796,cafe,5,23,OPERATIONAL,https://maps.google.com/?cid=N/A
N/A,Tim Hortons,26.2298433,50.195532899999996,cafe,4.4,17,OPERATIONAL,https://maps.google.com/?cid=N/A
N/A,Road Café | قهوة الطريق,26.230059699999998,50.195494,cafe,3.3,4,OPERATIONAL,https://maps.google.com/?cid=N/A
N/A,مطعم طريق الحرير,26.2423087,50.198274299999994,cafe,5,2,OPERATIONAL,https://maps.google.com/?cid=N/A
N/A,Cafe Cairo,26.2379085,50.1964718,cafe,3.7,3056,OPERATIONAL,https://maps.google.com/?cid=N/A
N/A,Share Lounge,26.244137499999997,50.198656199999995,cafe,4.6,757,OPERATIONAL,https://maps.google.com/?cid=N/A
N/A,la melograno lounge,26.2421635,50.1982876,cafe,4.3,258,OPERATIONAL,https://maps.google.com/?cid=N/A
N/A,Espresso Station اسبريسو ستيشن,26.241577099999997,50.2145021,cafe,4.4,153,OPERATIONAL,https://maps.google.com/?cid=N/A
N/A,Tea Hessa,26.2487593,50.1981057,cafe,4.7,83,OPERATIONAL,https://maps.google.com/?cid=N/A
N/A,Tim Hortons,26.240678799999998,50.21445250000001,cafe,4,239,OPERATIONAL,https://maps.google.com/?cid=N/A
N/A,Barn's | بارنز,26.2502376,50.202686899999996,cafe,3.9,19,OPERATIONAL,https://maps.google.com/?cid=N/A
N/A,Rolan Lounge,26.2334521,50.2156704,cafe,4.4,78,OPERATIONAL,https://maps.google.com/?cid=N/A
N/A,بكلو Piccolo,26.2350195,50.2137004,cafe,4.3,16,OPERATIONAL,https://maps.google.com/?cid=N/A
N/A,Chemistry cafe drive through Alhamra,26.235051799999997,50.2135679,cafe,4.5,15,OPERATIONAL,https://maps.google.com/?cid=N/A
N/A,مطعم طريق الحرير,26.2423087,50.198274299999994,cafe,5,2,OPERATIONAL,https://maps.google.com/?cid=N/A
N/A,Espresso Station اسبريسو ستيشن,26.241577099999997,50.2145021,cafe,4.4,153,OPERATIONAL,https://maps.google.com/?cid=N/A
N/A,Tim Hortons,26.240678799999998,50.21445250000001,cafe,4,239,OPERATIONAL,https://maps.google.com/?cid=N/A
N/A,Rolan Lounge,26.2334521,50.2156704,cafe,4.4,78,OPERATIONAL,https://maps.google.com/?cid=N/A
N/A,بكلو Piccolo,26.2350195,50.2137004,cafe,4.3,16,OPERATIONAL,https://maps.google.com/?cid=N/A
N/A,Chemistry cafe drive through Alhamra,26.235051799999997,50.2135679,cafe,4.5,15,OPERATIONAL,https://maps.google.com/?cid=N/A
N/A,McDonald's,26.2654423,50.0705652,cafe,3,247,OPERATIONAL,https://maps.google.com/?cid=N/A
N/A,قهوة عمق UMQ Coffee,26.2655075,50.0711872,cafe,4.6,151,OPERATIONAL,https://maps.google.com/?cid=N/A
N/A,Knock Ajyal - نـوك أجيـال,26.2661211,50.071609699999996,cafe,4.7,83,OPERATIONAL,https://maps.google.com/?cid=N/A
N/A,ستاربكس,26.2641515,50.068079499999996,cafe,5,3,OPERATIONAL,https://maps.google.com/?cid=N/A
N/A,Dose دوز,26.2656936,50.071096999999995,cafe,4.8,13,OPERATIONAL,https://maps.google.com/?cid=N/A
N/A,فسحه,26.2658542,50.0704925,cafe,4.6,26,OPERATIONAL,https://maps.google.com/?cid=N/A
N/A,McDonald's,26.2654423,50.0705652,cafe,3,247,OPERATIONAL,https://maps.google.com/?cid=N/A
N/A,قهوة عمق UMQ Coffee,26.2655075,50.0711872,cafe,4.6,151,OPERATIONAL,https://maps.google.com/?cid=N/A
N/A,Knock Ajyal - نـوك أجيـال,26.2661211,50.071609699999996,cafe,4.7,83,OPERATIONAL,https://maps.google.com/?cid=N/A
N/A,Dose دوز,26.2656936,50.071096999999995,cafe,4.8,13,OPERATIONAL,https://maps.google.com/?cid=N/A
N/A,فسحه,26.2658542,50.0704925,cafe,4.6,26,OPERATIONAL,https://maps.google.com/?cid=N/A
N/A,مقهى ليالي الكيف,26.251799300000002,50.197443799999995,cafe,4,361,OPERATIONAL,https://maps.google.com/?cid=N/A
N/A,Mantorose Cafe,26.2562009,50.1937879,cafe,4.3,93,OPERATIONAL,https://maps.google.com/?cid=N/A
N/A,Tea Hessa,26.2487593,50.1981057,cafe,4.7,83,OPERATIONAL,https://maps.google.com/?cid=N/A
N/A,Barn's | بارنز,26.2502376,50.202686899999996,cafe,3.9,19,OPERATIONAL,https://maps.google.com/?cid=N/A
N/A,TCG - The Coffee Group,26.250623599999997,50.198796,cafe,5,23,OPERATIONAL,https://maps.google.com/?cid=N/A
N/A,مقهى قعدة شاي الفرع الاول,26.2662868,50.1883883,cafe,4.4,45,OPERATIONAL,https://maps.google.com/?cid=N/A
N/A,ديوانيه النظم الشعبية,26.2592753,50.2041834,cafe,4.1,65,OPERATIONAL,https://maps.google.com/?cid=N/A
N/A,قعدة شاي,26.2696033,50.1870342,cafe,4.2,17,OPERATIONAL,https://maps.google.com/?cid=N/A
N/A,قهوة سكاي بلو,26.2581899,50.201149199999996,cafe,4.2,24,OPERATIONAL,https://maps.google.com/?cid=N/A
N/A,24Cafe,26.2552707,50.203505,cafe,4.6,19,OPERATIONAL,https://maps.google.com/?cid=N/A
N/A,قهوجي الخبر الدمام قهوجيات الخبر قهوجيين الجبيل,26.2694115,50.1897971,cafe,4.7,14,OPERATIONAL,https://maps.google.com/?cid=N/A
N/A,ديوانية قدوع,26.2694829,50.189989399999995,cafe,3.8,128,OPERATIONAL,https://maps.google.com/?cid=N/A
N/A,Ihk,26.2669213,50.194347,cafe,5,1,OPERATIONAL,https://maps.google.com/?cid=N/A
N/A,ceasario,26.255441599999997,50.220722599999995,cafe,4,875,OPERATIONAL,https://maps.google.com/?cid=N/A
N/A,مقهى ليالي الكيف,26.251799300000002,50.197443799999995,cafe,4,361,OPERATIONAL,https://maps.google.com/?cid=N/A
N/A,Barn's | بارنز,26.2661719,50.203895499999994,cafe,4.2,528,OPERATIONAL,https://maps.google.com/?cid=N/A
N/A,Starbucks,26.268666999999997,50.216055999999995,cafe,4.3,1353,OPERATIONAL,https://maps.google.com/?cid=N/A
N/A,Diwaniya Mishraq,26.2655577,50.2104625,cafe,4.1,427,OPERATIONAL,https://maps.google.com/?cid=N/A
N/A,Tea Hessa,26.2487593,50.1981057,cafe,4.7,83,OPERATIONAL,https://maps.google.com/?cid=N/A
N/A,Mantorose Cafe,26.2562009,50.1937879,cafe,4.3,93,OPERATIONAL,https://maps.google.com/?cid=N/A
N/A,Barn's | بارنز,26.2502376,50.202686899999996,cafe,3.9,19,OPERATIONAL,https://maps.google.com/?cid=N/A
N/A,Krispy Kreme,26.2675625,50.214437499999995,cafe,4.1,137,OPERATIONAL,https://maps.google.com/?cid=N/A
N/A,TCG - The Coffee Group,26.250623599999997,50.198796,cafe,5,23,OPERATIONAL,https://maps.google.com/?cid=N/A
N/A,ديوانيه النظم الشعبية,26.2592753,50.2041834,cafe,4.1,65,OPERATIONAL,https://maps.google.com/?cid=N/A
N/A,Derby Coffee,26.2665042,50.218628599999995,cafe,3.9,74,OPERATIONAL,https://maps.google.com/?cid=N/A
N/A,قهوة سكاي بلو,26.2581899,50.201149199999996,cafe,4.2,24,OPERATIONAL,https://maps.google.com/?cid=N/A
N/A,24Cafe,26.2552707,50.203505,cafe,4.6,19,OPERATIONAL,https://maps.google.com/?cid=N/A
N/A,Blue Sky Coffee إسكان بلوسكي كوفي,26.254533499999997,50.2146032,cafe,4,29,OPERATIONAL,https://maps.google.com/?cid=N/A
N/A,Love coffee,26.263793999999997,50.2071695,cafe,4.5,22,OPERATIONAL,https://maps.google.com/?cid=N/A
N/A,Karak Al Majlis,26.265038,50.2091877,cafe,4.8,8,OPERATIONAL,https://maps.google.com/?cid=N/A
N/A,حكاية حلى ومالح,26.2651029,50.209159899999996,cafe,4.2,9,OPERATIONAL,https://maps.google.com/?cid=N/A
N/A,Dublin donuts,26.2671413,50.214783,cafe,4,2,OPERATIONAL,https://maps.google.com/?cid=N/A
N/A,Gazebo Cafe,26.2658295,50.2133161,cafe,No rating,No reviews,OPERATIONAL,https://maps.google.com/?cid=N/A
N/A,ceasario,26.255441599999997,50.220722599999995,cafe,4,875,OPERATIONAL,https://maps.google.com/?cid=N/A
N/A,Derby Coffee,26.2665042,50.218628599999995,cafe,3.9,74,OPERATIONAL,https://maps.google.com/?cid=N/A
N/A,Blue Sky Coffee إسكان بلوسكي كوفي,26.254533499999997,50.2146032,cafe,4,29,OPERATIONAL,https://maps.google.com/?cid=N/A
N/A,كورنيش الخبر,26.2572165,50.219502000000006,cafe,No rating,No reviews,OPERATIONAL,https://maps.google.com/?cid=N/A
N/A,McDonald's,26.2654423,50.0705652,cafe,3,247,OPERATIONAL,https://maps.google.com/?cid=N/A
N/A,قهوة عمق UMQ Coffee,26.2655075,50.0711872,cafe,4.6,151,OPERATIONAL,https://maps.google.com/?cid=N/A
N/A,Knock Ajyal - نـوك أجيـال,26.2661211,50.071609699999996,cafe,4.7,83,OPERATIONAL,https://maps.google.com/?cid=N/A
N/A,Road Café | قهوة الطريق,26.2840822,50.0603135,cafe,4.2,105,OPERATIONAL,https://maps.google.com/?cid=N/A
N/A,ستاربكس,26.2641515,50.068079499999996,cafe,5,3,OPERATIONAL,https://maps.google.com/?cid=N/A
N/A,Dose دوز,26.2656936,50.071096999999995,cafe,4.8,13,OPERATIONAL,https://maps.google.com/?cid=N/A
N/A,فسحه,26.2658542,50.0704925,cafe,4.6,26,OPERATIONAL,https://maps.google.com/?cid=N/A
N/A,Knock Ajyal - نـوك أجيـال,26.2661211,50.071609699999996,cafe,4.7,83,OPERATIONAL,https://maps.google.com/?cid=N/A
N/A,Dunkin' - دانكن,26.2793125,50.132312500000005,cafe,4,513,OPERATIONAL,https://maps.google.com/?cid=N/A
N/A,Dunkin' - دانكن,26.2793125,50.132312500000005,cafe,4,513,OPERATIONAL,https://maps.google.com/?cid=N/A
N/A,قهوة عرب,26.285332800000003,50.1323483,cafe,2.3,3,OPERATIONAL,https://maps.google.com/?cid=N/A
N/A,Blue stars,26.284292400000002,50.150513499999995,cafe,2.7,13,OPERATIONAL,https://maps.google.com/?cid=N/A
N/A,Dose Cafe,26.2836875,50.150437499999995,cafe,3,1,OPERATIONAL,https://maps.google.com/?cid=N/A
N/A,ديلي كب Daily cup,26.277147,50.183707399999996,cafe,4.5,102,OPERATIONAL,https://maps.google.com/?cid=N/A
N/A,Sip Day speciality coffeee,26.278593599999997,50.1830973,cafe,4.7,448,OPERATIONAL,https://maps.google.com/?cid=N/A
N/A,Konafa golden crown,26.280672,50.1823043,cafe,4.1,266,OPERATIONAL,https://maps.google.com/?cid=N/A
N/A,مقهى ديوانية هجر,26.283941199999997,50.1815338,cafe,3.8,261,OPERATIONAL,https://maps.google.com/?cid=N/A
N/A,يمي كريب,26.2736271,50.1869705,cafe,4.1,189,OPERATIONAL,https://maps.google.com/?cid=N/A
N/A,مقهى ليالي امدر,26.278408499999998,50.183892,cafe,4.2,41,OPERATIONAL,https://maps.google.com/?cid=N/A
N/A,Al Qurashi Parties,26.2755416,50.1853504,cafe,4.6,32,OPERATIONAL,https://maps.google.com/?cid=N/A
N/A,دونات لاند DONUT LAND,26.275999799999997,50.1842413,cafe,4.6,40,OPERATIONAL,https://maps.google.com/?cid=N/A
N/A,Al Zawiya Al Shobeya Coffee Shop,26.2781563,50.184041,cafe,4,33,OPERATIONAL,https://maps.google.com/?cid=N/A
N/A,شاهي شعف |Shaaf Tea,26.278327599999997,50.183214199999995,cafe,4.9,13,OPERATIONAL,https://maps.google.com/?cid=N/A
N/A,مقهئ التراث الشعبي,26.273663799999998,50.186919499999995,cafe,4.4,83,OPERATIONAL,https://maps.google.com/?cid=N/A
N/A,كفترياء حاتم,26.2787665,50.1845183,cafe,4.2,9,OPERATIONAL,https://maps.google.com/?cid=N/A
N/A,مقهى وديوانيه سجة بال,26.2813515,50.1819383,cafe,4.8,14,OPERATIONAL,https://maps.google.com/?cid=N/A
N/A,قهوجين رجال ونساء طاولات زل كراسي ولدينا الاستعداد لتجهيز مناسباتك من والى,26.2755318,50.185317999999995,cafe,No rating,No reviews,OPERATIONAL,https://maps.google.com/?cid=N/A
N/A,مقهى الطموح لتقديم المشروبات,26.273666499999997,50.1870218,cafe,4,5,OPERATIONAL,https://maps.google.com/?cid=N/A
N/A,قهوجين وصبابين الخبر,26.2785801,50.185216999999994,cafe,4.7,6,OPERATIONAL,https://maps.google.com/?cid=N/A
N/A,Madina Restaurant,26.288042299999997,50.188332599999995,cafe,3.9,9057,OPERATIONAL,https://maps.google.com/?cid=N/A
N/A,Dunkin' - دانكن,26.271373999999998,50.195328,cafe,4.1,1346,OPERATIONAL,https://maps.google.com/?cid=N/A
N/A,ديلي كب Daily cup,26.277147,50.183707399999996,cafe,4.5,102,OPERATIONAL,https://maps.google.com/?cid=N/A
N/A,Sip Day speciality coffeee,26.278593599999997,50.1830973,cafe,4.7,448,OPERATIONAL,https://maps.google.com/?cid=N/A
N/A,مقهي ومحمصه الواحه - Oasis Cafe Roastery,26.2820048,50.201934699999995,cafe,4.5,1589,OPERATIONAL,https://maps.google.com/?cid=N/A
N/A,Golden Tea,26.2845043,50.1905563,cafe,4,69,OPERATIONAL,https://maps.google.com/?cid=N/A
N/A,ديوانية قدوع للشاي والقهوة,26.284278399999998,50.189094999999995,cafe,4.1,417,OPERATIONAL,https://maps.google.com/?cid=N/A
N/A,Golden Tea كرك الذهبي,26.2761413,50.1923933,cafe,4.2,30,OPERATIONAL,https://maps.google.com/?cid=N/A
N/A,مقهى بساطة coffee Basata,26.2847233,50.196039199999994,cafe,4.8,169,OPERATIONAL,https://maps.google.com/?cid=N/A
N/A,انليش | Unleash,26.2813794,50.2004297,cafe,4.7,167,OPERATIONAL,https://maps.google.com/?cid=N/A
N/A,Krispy Kreme,26.2835625,50.1971875,cafe,4.2,242,OPERATIONAL,https://maps.google.com/?cid=N/A
N/A,Konafa golden crown,26.271102199999998,50.1956991,cafe,4.1,272,OPERATIONAL,https://maps.google.com/?cid=N/A
N/A,Cinnabon,26.286915,50.18391,cafe,3.3,113,OPERATIONAL,https://maps.google.com/?cid=N/A
N/A,Konafa golden crown,26.280672,50.1823043,cafe,4.1,266,OPERATIONAL,https://maps.google.com/?cid=N/A
N/A,قهوة توتيل,26.280154699999997,50.1906717,cafe,4.6,41,OPERATIONAL,https://maps.google.com/?cid=N/A
N/A,بلو سكاي,26.2854852,50.1940123,cafe,3.7,49,OPERATIONAL,https://maps.google.com/?cid=N/A
N/A,مقهى ديوانية هجر,26.283941199999997,50.1815338,cafe,3.8,261,OPERATIONAL,https://maps.google.com/?cid=N/A
N/A,مقهى ميس وريم,26.287373,50.1940305,cafe,4.3,56,OPERATIONAL,https://maps.google.com/?cid=N/A
N/A,رمس الشرق كافية east rms cafe,26.288749,50.190937299999995,cafe,4.4,103,OPERATIONAL,https://maps.google.com/?cid=N/A
N/A,يمي كريب,26.2736271,50.1869705,cafe,4.1,189,OPERATIONAL,https://maps.google.com/?cid=N/A
N/A,Sun Room Cafe & Restaurant,26.272147699999998,50.2211776,cafe,3.7,4253,OPERATIONAL,https://maps.google.com/?cid=N/A
N/A,Tea Time,26.2825825,50.217741399999994,cafe,4.2,3094,OPERATIONAL,https://maps.google.com/?cid=N/A
N/A,Qaf Coffee Roasters -Ajdan : محمصة ومقهى قاف - اجدان,26.2829739,50.2204568,cafe,4.4,922,OPERATIONAL,https://maps.google.com/?cid=N/A
N/A,Dunkin' - دانكن,26.2784375,50.218062499999995,cafe,4.1,1924,OPERATIONAL,https://maps.google.com/?cid=N/A
N/A,Dunkin' - دانكن,26.271373999999998,50.195328,cafe,4.1,1346,OPERATIONAL,https://maps.google.com/?cid=N/A
N/A,مقهي ومحمصه الواحه - Oasis Cafe Roastery,26.2820048,50.201934699999995,cafe,4.5,1589,OPERATIONAL,https://maps.google.com/?cid=N/A
N/A,Hiqbah Roasters - محمصة و مقهى حقبة,26.281724999999998,50.2130017,cafe,4.9,262,OPERATIONAL,https://maps.google.com/?cid=N/A
N/A,المذاق المغربي,26.273318999999997,50.2199697,cafe,4.3,204,OPERATIONAL,https://maps.google.com/?cid=N/A
N/A,مقهى ومحمصة كوفيكا,26.2837112,50.220211199999994,cafe,4.5,905,OPERATIONAL,https://maps.google.com/?cid=N/A
N/A,Cafe De Paris,26.2782433,50.218693599999995,cafe,3.5,780,OPERATIONAL,https://maps.google.com/?cid=N/A
N/A,Barn's | بارنز,26.2661719,50.203895499999994,cafe,4.2,528,OPERATIONAL,https://maps.google.com/?cid=N/A
N/A,Starbucks,26.268666999999997,50.216055999999995,cafe,4.3,1353,OPERATIONAL,https://maps.google.com/?cid=N/A
N/A,شذرات كافيه,26.2750395,50.2191444,cafe,4.4,615,OPERATIONAL,https://maps.google.com/?cid=N/A
N/A,marfa speciality coffee,26.2802157,50.2163968,cafe,4.9,132,OPERATIONAL,https://maps.google.com/?cid=N/A
N/A,Diwaniya Mishraq,26.2655577,50.2104625,cafe,4.1,427,OPERATIONAL,https://maps.google.com/?cid=N/A
N/A,Boba T - Bubble Tea,26.280877699999998,50.213280499999996,cafe,4.7,302,OPERATIONAL,https://maps.google.com/?cid=N/A
N/A,Starbucks,26.283472,50.219667,cafe,4.2,1479,OPERATIONAL,https://maps.google.com/?cid=N/A
N/A,Dunkin' - دانكن,26.269562500000003,50.216562499999995,cafe,3.7,151,OPERATIONAL,https://maps.google.com/?cid=N/A
N/A,COFFE SHACK(مقهى الكوخ ),26.270573,50.2165294,cafe,4.7,439,OPERATIONAL,https://maps.google.com/?cid=N/A
N/A,محمصة الخيل الأسود، Black Horse,26.2855396,50.218260199999996,cafe,4.5,118,OPERATIONAL,https://maps.google.com/?cid=N/A
N/A,Cay,26.2820969,50.222144400000005,cafe,4.3,1257,OPERATIONAL,https://maps.google.com/?cid=N/A
N/A,Sun Room Cafe & Restaurant,26.272147699999998,50.2211776,cafe,3.7,4253,OPERATIONAL,https://maps.google.com/?cid=N/A
N/A,SOIR CAFÉ,26.282118699999998,50.222020699999995,cafe,4,1208,OPERATIONAL,https://maps.google.com/?cid=N/A
N/A,Tea Time,26.2825825,50.217741399999994,cafe,4.2,3094,OPERATIONAL,https://maps.google.com/?cid=N/A
N/A,Qaf Coffee Roasters -Ajdan : محمصة ومقهى قاف - اجدان,26.2829739,50.2204568,cafe,4.4,922,OPERATIONAL,https://maps.google.com/?cid=N/A
N/A,Dunkin' - دانكن,26.2784375,50.218062499999995,cafe,4.1,1924,OPERATIONAL,https://maps.google.com/?cid=N/A
N/A,Mantorose Cafe,26.281648099999998,50.222423,cafe,4,408,OPERATIONAL,https://maps.google.com/?cid=N/A
N/A,مطل مقابل اجدان رايز,26.2820555,50.2219944,cafe,4.8,61,OPERATIONAL,https://maps.google.com/?cid=N/A
N/A,المذاق المغربي,26.273318999999997,50.2199697,cafe,4.3,204,OPERATIONAL,https://maps.google.com/?cid=N/A
N/A,مقهى ومحمصة كوفيكا,26.2837112,50.220211199999994,cafe,4.5,905,OPERATIONAL,https://maps.google.com/?cid=N/A
N/A,Hiqbah Roasters - محمصة و مقهى حقبة,26.281724999999998,50.2130017,cafe,4.9,262,OPERATIONAL,https://maps.google.com/?cid=N/A
N/A,Cafe De Paris,26.2782433,50.218693599999995,cafe,3.5,780,OPERATIONAL,https://maps.google.com/?cid=N/A
N/A,Starbucks,26.268666999999997,50.216055999999995,cafe,4.3,1353,OPERATIONAL,https://maps.google.com/?cid=N/A
N/A,شذرات كافيه,26.2750395,50.2191444,cafe,4.4,615,OPERATIONAL,https://maps.google.com/?cid=N/A
N/A,marfa speciality coffee,26.2802157,50.2163968,cafe,4.9,132,OPERATIONAL,https://maps.google.com/?cid=N/A
N/A,Starbucks,26.283472,50.219667,cafe,4.2,1479,OPERATIONAL,https://maps.google.com/?cid=N/A
N/A,Boba T - Bubble Tea,26.280877699999998,50.213280499999996,cafe,4.7,302,OPERATIONAL,https://maps.google.com/?cid=N/A
N/A,Dunkin' - دانكن,26.269562500000003,50.216562499999995,cafe,3.7,151,OPERATIONAL,https://maps.google.com/?cid=N/A
N/A,محمصة الخيل الأسود، Black Horse,26.2855396,50.218260199999996,cafe,4.5,118,OPERATIONAL,https://maps.google.com/?cid=N/A
N/A,COFFE SHACK(مقهى الكوخ ),26.270573,50.2165294,cafe,4.7,439,OPERATIONAL,https://maps.google.com/?cid=N/A
N/A,Road Café | قهوة الطريق,26.2840822,50.0603135,cafe,4.2,105,OPERATIONAL,https://maps.google.com/?cid=N/A
N/A,Shrq Coffee Roaster (Jebel Heights),26.289911399999998,50.1008353,cafe,4.3,264,OPERATIONAL,https://maps.google.com/?cid=N/A
N/A,DESSANGE PARIS,26.291301599999997,50.10469,cafe,4.7,22,OPERATIONAL,https://maps.google.com/?cid=N/A
N/A,Chapati&Karak - KSA Aramco,26.298363499999997,50.107790599999994,cafe,3.7,26,OPERATIONAL,https://maps.google.com/?cid=N/A
N/A,DESSANGE PARIS,26.291301599999997,50.10469,cafe,4.7,22,OPERATIONAL,https://maps.google.com/?cid=N/A
N/A,Chapati&Karak - KSA Aramco,26.298363499999997,50.107790599999994,cafe,3.7,26,OPERATIONAL,https://maps.google.com/?cid=N/A
N/A,Dose Cafe,26.3050033,50.113381399999994,cafe,4,4,OPERATIONAL,https://maps.google.com/?cid=N/A
N/A,Starbucks,26.3052517,50.1293103,cafe,4.4,717,OPERATIONAL,https://maps.google.com/?cid=N/A
N/A,Shrq Coffee Roaster (King’s Park),26.3049304,50.1302831,cafe,4.4,201,OPERATIONAL,https://maps.google.com/?cid=N/A
N/A,Krispy Kreme,26.300621099999997,50.147816899999995,cafe,3.9,33,OPERATIONAL,https://maps.google.com/?cid=N/A
N/A,Second Cup سكند كب,26.300189999999997,50.148126700000006,cafe,4.4,27,OPERATIONAL,https://maps.google.com/?cid=N/A
N/A,Carlton Lounge,26.304156600000002,50.130172699999996,cafe,4,63,OPERATIONAL,https://maps.google.com/?cid=N/A
N/A,قهوة عرب,26.285332800000003,50.1323483,cafe,2.3,3,OPERATIONAL,https://maps.google.com/?cid=N/A
N/A,Krispy Kreme,26.300621099999997,50.147816899999995,cafe,3.9,33,OPERATIONAL,https://maps.google.com/?cid=N/A
N/A,Second Cup سكند كب,26.300189999999997,50.148126700000006,cafe,4.4,27,OPERATIONAL,https://maps.google.com/?cid=N/A
N/A,Scratch,26.301203899999997,50.159476100000006,cafe,4.9,8,OPERATIONAL,https://maps.google.com/?cid=N/A
N/A,Blue stars,26.284292400000002,50.150513499999995,cafe,2.7,13,OPERATIONAL,https://maps.google.com/?cid=N/A
N/A,Dose Cafe,26.2836875,50.150437499999995,cafe,3,1,OPERATIONAL,https://maps.google.com/?cid=N/A
N/A,Al Rashid Mall,26.2908311,50.1805653,cafe,4.3,50912,OPERATIONAL,https://maps.google.com/?cid=N/A
N/A,Joe & The Juice,26.304957800000004,50.1800548,cafe,4.2,1144,OPERATIONAL,https://maps.google.com/?cid=N/A
N/A,Qaf Coffee Roasters محمصة ومقهى قاف,26.302489100000003,50.1775768,cafe,4.4,6735,OPERATIONAL,https://maps.google.com/?cid=N/A
N/A,مقهى ومحمصة شرق (العليا) Shrq Coffee Roasters (Olaya),26.298858199999998,50.179148399999995,cafe,4.6,831,OPERATIONAL,https://maps.google.com/?cid=N/A
N/A,HAZEL COFFEE | هزل كوفي,26.3031275,50.1780158,cafe,4.7,870,OPERATIONAL,https://maps.google.com/?cid=N/A
N/A,NORMA نورما,26.298811699999998,50.179172,cafe,4.5,612,OPERATIONAL,https://maps.google.com/?cid=N/A
N/A,Seven Seeds‎,26.2986431,50.1781151,cafe,4.7,1176,OPERATIONAL,https://maps.google.com/?cid=N/A
N/A,لاما الخبر - LLAMA Khobar,26.3033687,50.1811298,cafe,4.5,473,OPERATIONAL,https://maps.google.com/?cid=N/A
N/A,A PLUS,26.299574099999997,50.1739508,cafe,4.3,1487,OPERATIONAL,https://maps.google.com/?cid=N/A
N/A,مقهى ومحمصة سمبلسيتي | Simplicity cafe & roastery,26.2992241,50.178363499999996,cafe,4.5,356,OPERATIONAL,https://maps.google.com/?cid=N/A
N/A,MOUND,26.3054906,50.1783317,cafe,4.3,1132,OPERATIONAL,https://maps.google.com/?cid=N/A
N/A,EliNA HOTEL,26.303479,50.1748787,cafe,3.9,180,OPERATIONAL,https://maps.google.com/?cid=N/A
N/A,Effect Coffee,26.297527199999998,50.178490599999996,cafe,4.8,587,OPERATIONAL,https://maps.google.com/?cid=N/A
N/A,Boad Coffee Roasters,26.3056433,50.1783536,cafe,4.3,747,OPERATIONAL,https://maps.google.com/?cid=N/A
N/A,Dunkin' - دانكن,26.2942647,50.170988099999995,cafe,4,279,OPERATIONAL,https://maps.google.com/?cid=N/A
N/A,Msherieb cafe,26.299062499999998,50.1761875,cafe,4.4,137,OPERATIONAL,https://maps.google.com/?cid=N/A
N/A,Starbucks,26.302011600000004,50.177419,cafe,4.1,229,OPERATIONAL,https://maps.google.com/?cid=N/A
N/A,Tim Hortons,26.2993125,50.1815625,cafe,4.2,1069,OPERATIONAL,https://maps.google.com/?cid=N/A
N/A,Dunkin' - دانكن,26.29086,50.181264,cafe,4,506,OPERATIONAL,https://maps.google.com/?cid=N/A
N/A,Abu Shanab Tea,26.302708199999998,50.178824899999995,cafe,4.5,139,OPERATIONAL,https://maps.google.com/?cid=N/A
N/A,Al Rashid Mall,26.2908311,50.1805653,cafe,4.3,50912,OPERATIONAL,https://maps.google.com/?cid=N/A
N/A,Madina Restaurant,26.288042299999997,50.188332599999995,cafe,3.9,9057,OPERATIONAL,https://maps.google.com/?cid=N/A
N/A,مقهى ومحمصة شرق (العليا) Shrq Coffee Roasters (Olaya),26.298858199999998,50.179148399999995,cafe,4.6,831,OPERATIONAL,https://maps.google.com/?cid=N/A
N/A,Tea Time,26.2997163,50.1985235,cafe,4.2,4590,OPERATIONAL,https://maps.google.com/?cid=N/A
N/A,ATYPICAL,26.305955400000002,50.1902352,cafe,4.2,736,OPERATIONAL,https://maps.google.com/?cid=N/A
N/A,NORMA نورما,26.298811699999998,50.179172,cafe,4.5,612,OPERATIONAL,https://maps.google.com/?cid=N/A
N/A,Olden,26.3016142,50.2013745,cafe,4.6,322,OPERATIONAL,https://maps.google.com/?cid=N/A
N/A,Seven Seeds‎,26.2986431,50.1781151,cafe,4.7,1176,OPERATIONAL,https://maps.google.com/?cid=N/A
N/A,ARCHI ارتشي,26.2986126,50.189802099999994,cafe,4.3,421,OPERATIONAL,https://maps.google.com/?cid=N/A
N/A,لاما الخبر - LLAMA Khobar,26.3033687,50.1811298,cafe,4.5,473,OPERATIONAL,https://maps.google.com/?cid=N/A
N/A,Shay Bokhar,26.3007852,50.198062099999994,cafe,4.3,2220,OPERATIONAL,https://maps.google.com/?cid=N/A
N/A,مقهى ومحمصة سمبلسيتي | Simplicity cafe & roastery,26.2992241,50.178363499999996,cafe,4.5,356,OPERATIONAL,https://maps.google.com/?cid=N/A
N/A,Luini Bakery,26.298761700000004,50.200806500000006,cafe,4.9,904,OPERATIONAL,https://maps.google.com/?cid=N/A
N/A,Effect Coffee,26.297527199999998,50.178490599999996,cafe,4.8,587,OPERATIONAL,https://maps.google.com/?cid=N/A
N/A,Lounge shesha shisha hookah hooka مقهى لاونج غصن الرمان لاونج شيشة شيشه كافيهGhosen اقرب مكان شيشة افضل مكان شيشة,26.295282699999998,50.201301,cafe,4.5,260,OPERATIONAL,https://maps.google.com/?cid=N/A
N/A,Dunkin' - دانكن,26.304593999999998,50.198544,cafe,4.1,1092,OPERATIONAL,https://maps.google.com/?cid=N/A
N/A,Aged | ايجد,26.2991968,50.202166,cafe,4.7,284,OPERATIONAL,https://maps.google.com/?cid=N/A
N/A,Starbucks,26.290395699999998,50.1873237,cafe,4,188,OPERATIONAL,https://maps.google.com/?cid=N/A
N/A,Tim Hortons,26.2993125,50.1815625,cafe,4.2,1069,OPERATIONAL,https://maps.google.com/?cid=N/A
N/A,Dunkin' - دانكن,26.29086,50.181264,cafe,4,506,OPERATIONAL,https://maps.google.com/?cid=N/A
N/A,Half Million,26.295082999999998,50.220759,cafe,4.4,4780,OPERATIONAL,https://maps.google.com/?cid=N/A
N/A,امو | Amo,26.299692900000004,50.2199016,cafe,4.1,971,OPERATIONAL,https://maps.google.com/?cid=N/A
N/A,نَصّ,26.3030151,50.211627,cafe,3.6,2162,OPERATIONAL,https://maps.google.com/?cid=N/A
N/A,Andes Coffee Roasters,26.297771599999997,50.2190152,cafe,4.6,2474,OPERATIONAL,https://maps.google.com/?cid=N/A
N/A,KOY & BAKERY HOUSE,26.3041815,50.21124770000001,cafe,4.4,3017,OPERATIONAL,https://maps.google.com/?cid=N/A
N/A,Panama Coffee,26.2998099,50.2122161,cafe,4,1141,OPERATIONAL,https://maps.google.com/?cid=N/A
N/A,PART COFFEE HOUSE | قهوة جزء,26.296104399999997,50.2179219,cafe,4.8,1482,OPERATIONAL,https://maps.google.com/?cid=N/A
N/A,Petibon بتي بون,26.298732299999998,50.2134603,cafe,4.3,684,OPERATIONAL,https://maps.google.com/?cid=N/A
N/A,ZOLIEA,26.2979324,50.2099036,cafe,4.5,1629,OPERATIONAL,https://maps.google.com/?cid=N/A
N/A,Bohemia Cafe & Records,26.29956,50.2148822,cafe,3.6,1613,OPERATIONAL,https://maps.google.com/?cid=N/A
N/A,فرن ليلى,26.2930699,50.2185376,cafe,4.6,664,OPERATIONAL,https://maps.google.com/?cid=N/A
N/A,Tea Time,26.2997163,50.1985235,cafe,4.2,4590,OPERATIONAL,https://maps.google.com/?cid=N/A
N/A,بلما | Blma,26.2894354,50.218083899999996,cafe,4.6,879,OPERATIONAL,https://maps.google.com/?cid=N/A
N/A,SAJE cafe | سيج,26.291943699999997,50.2085989,cafe,4.5,464,OPERATIONAL,https://maps.google.com/?cid=N/A
N/A,Vial Cafe,26.3002506,50.2166777,cafe,4.6,1397,OPERATIONAL,https://maps.google.com/?cid=N/A
N/A,مقهى طرف,26.2927808,50.2187689,cafe,4.5,360,OPERATIONAL,https://maps.google.com/?cid=N/A
N/A,SULTAN LOUNGE & CAFE,26.2940795,50.2203355,cafe,4,1221,OPERATIONAL,https://maps.google.com/?cid=N/A
N/A,The 3rd Place,26.299392100000002,50.215190500000006,cafe,4.3,1110,OPERATIONAL,https://maps.google.com/?cid=N/A
N/A,شاهي رزه ( رزهـ),26.298542599999998,50.216672499999994,cafe,4.5,554,OPERATIONAL,https://maps.google.com/?cid=N/A
N/A,Line Espresso Bar & Roastery,26.2958954,50.2190825,cafe,4.5,1029,OPERATIONAL,https://maps.google.com/?cid=N/A
N/A,Half Million,26.295082999999998,50.220759,cafe,4.4,4780,OPERATIONAL,https://maps.google.com/?cid=N/A
N/A,امو | Amo,26.299692900000004,50.2199016,cafe,4.1,971,OPERATIONAL,https://maps.google.com/?cid=N/A
N/A,Andes Coffee Roasters,26.297771599999997,50.2190152,cafe,4.6,2474,OPERATIONAL,https://maps.google.com/?cid=N/A
N/A,PART COFFEE HOUSE | قهوة جزء,26.296104399999997,50.2179219,cafe,4.8,1482,OPERATIONAL,https://maps.google.com/?cid=N/A
N/A,Petibon بتي بون,26.298732299999998,50.2134603,cafe,4.3,684,OPERATIONAL,https://maps.google.com/?cid=N/A
N/A,فرن ليلى,26.2930699,50.2185376,cafe,4.6,664,OPERATIONAL,https://maps.google.com/?cid=N/A
N/A,Bohemia Cafe & Records,26.29956,50.2148822,cafe,3.6,1613,OPERATIONAL,https://maps.google.com/?cid=N/A
N/A,Cay,26.2820969,50.222144400000005,cafe,4.3,1257,OPERATIONAL,https://maps.google.com/?cid=N/A
N/A,بلما | Blma,26.2894354,50.218083899999996,cafe,4.6,879,OPERATIONAL,https://maps.google.com/?cid=N/A
N/A,Vial Cafe,26.3002506,50.2166777,cafe,4.6,1397,OPERATIONAL,https://maps.google.com/?cid=N/A
N/A,مقهى طرف,26.2927808,50.2187689,cafe,4.5,360,OPERATIONAL,https://maps.google.com/?cid=N/A
N/A,SULTAN LOUNGE & CAFE,26.2940795,50.2203355,cafe,4,1221,OPERATIONAL,https://maps.google.com/?cid=N/A
N/A,Line Espresso Bar & Roastery,26.2958954,50.2190825,cafe,4.5,1029,OPERATIONAL,https://maps.google.com/?cid=N/A
N/A,شاهي رزه ( رزهـ),26.298542599999998,50.216672499999994,cafe,4.5,554,OPERATIONAL,https://maps.google.com/?cid=N/A
N/A,The 3rd Place,26.299392100000002,50.215190500000006,cafe,4.3,1110,OPERATIONAL,https://maps.google.com/?cid=N/A
N/A,SOIR CAFÉ,26.282118699999998,50.222020699999995,cafe,4,1208,OPERATIONAL,https://maps.google.com/?cid=N/A
N/A,Hassad Coffee Roasters | محمصة حصاد,26.299905,50.2171526,cafe,4.8,628,OPERATIONAL,https://maps.google.com/?cid=N/A
N/A,Sikka Karak,26.300733200000003,50.2149289,cafe,4.3,1136,OPERATIONAL,https://maps.google.com/?cid=N/A
N/A,ديلي كب Daily cup,26.294127200000002,50.2170997,cafe,4.6,128,OPERATIONAL,https://maps.google.com/?cid=N/A
N/A,Tamimi Cafeteria,26.3066005,50.1118087,cafe,4.1,18,OPERATIONAL,https://maps.google.com/?cid=N/A
N/A,Dose Cafe,26.3050033,50.113381399999994,cafe,4,4,OPERATIONAL,https://maps.google.com/?cid=N/A
N/A,Olabs,26.3075072,50.1115461,cafe,5,3,OPERATIONAL,https://maps.google.com/?cid=N/A
N/A,Starbucks,26.3052517,50.1293103,cafe,4.4,717,OPERATIONAL,https://maps.google.com/?cid=N/A
N/A,Shrq Coffee Roaster (King’s Park),26.3049304,50.1302831,cafe,4.4,201,OPERATIONAL,https://maps.google.com/?cid=N/A
N/A,Dunkin - دانكن,26.30914,50.128802,cafe,4.3,184,OPERATIONAL,https://maps.google.com/?cid=N/A
N/A,Starbucks,26.311029599999998,50.132669799999995,cafe,3.9,12,OPERATIONAL,https://maps.google.com/?cid=N/A
N/A,Joffrey's جوفريز,26.313939299999998,50.1215358,cafe,4,4,OPERATIONAL,https://maps.google.com/?cid=N/A
N/A,Tamimi Cafeteria,26.3066005,50.1118087,cafe,4.1,18,OPERATIONAL,https://maps.google.com/?cid=N/A
N/A,Shrq Coffee Roasters (Al Mujamma),26.3091534,50.130048099999996,cafe,4.7,28,OPERATIONAL,https://maps.google.com/?cid=N/A
N/A,Dose Cafe,26.3050033,50.113381399999994,cafe,4,4,OPERATIONAL,https://maps.google.com/?cid=N/A
N/A,Carlton Lounge,26.304156600000002,50.130172699999996,cafe,4,63,OPERATIONAL,https://maps.google.com/?cid=N/A
N/A,مغزل | MIGHZEL أرامكو,26.307555900000004,50.1278204,cafe,4.9,7,OPERATIONAL,https://maps.google.com/?cid=N/A
N/A,Joffrey's جوفريز,26.313207199999997,50.128507199999994,cafe,No rating,No reviews,OPERATIONAL,https://maps.google.com/?cid=N/A
N/A,Olabs,26.3075072,50.1115461,cafe,5,3,OPERATIONAL,https://maps.google.com/?cid=N/A
N/A,VARDØ ڤاردو,26.3125461,50.1281986,cafe,4,2,OPERATIONAL,https://maps.google.com/?cid=N/A
N/A,مراميه,26.312154999999997,50.125901,cafe,5,3,OPERATIONAL,https://maps.google.com/?cid=N/A
N/A,Caffe Vergnano 1882 (KIOSK),26.308615999999997,50.125185699999996,cafe,No rating,No reviews,OPERATIONAL,https://maps.google.com/?cid=N/A
N/A,Dose Cafe,26.311173999999998,50.1322397,cafe,No rating,No reviews,OPERATIONAL,https://maps.google.com/?cid=N/A
N/A,Starbucks,26.3052517,50.1293103,cafe,4.4,717,OPERATIONAL,https://maps.google.com/?cid=N/A
N/A,Shrq Coffee Roaster (King’s Park),26.3049304,50.1302831,cafe,4.4,201,OPERATIONAL,https://maps.google.com/?cid=N/A
N/A,Dunkin' - دانكن,26.313818,50.147613,cafe,3.7,224,OPERATIONAL,https://maps.google.com/?cid=N/A
N/A,Dunkin - دانكن,26.30914,50.128802,cafe,4.3,184,OPERATIONAL,https://maps.google.com/?cid=N/A
N/A,Tim Hortons,26.309983300000003,50.1366531,cafe,4.4,125,OPERATIONAL,https://maps.google.com/?cid=N/A
N/A,Cinnabon,26.313328,50.137454,cafe,3.2,22,OPERATIONAL,https://maps.google.com/?cid=N/A
N/A,KFUPM Boulevard,26.3109391,50.144812800000004,cafe,4.5,81,OPERATIONAL,https://maps.google.com/?cid=N/A
N/A,Starbucks,26.311029599999998,50.132669799999995,cafe,3.9,12,OPERATIONAL,https://maps.google.com/?cid=N/A
N/A,Shrq Coffee Roasters (Al Mujamma),26.3091534,50.130048099999996,cafe,4.7,28,OPERATIONAL,https://maps.google.com/?cid=N/A
N/A,Qaf Coffee Roasters JHAH - محمصة قاف جونزهوبكنز,26.310009899999997,50.1366629,cafe,4.2,22,OPERATIONAL,https://maps.google.com/?cid=N/A
N/A,Joffrey's جوفريز,26.313939299999998,50.1215358,cafe,4,4,OPERATIONAL,https://maps.google.com/?cid=N/A
N/A,Mikyal Coffee,26.314297,50.147379,cafe,4.4,55,OPERATIONAL,https://maps.google.com/?cid=N/A
N/A,Carlton Lounge,26.304156600000002,50.130172699999996,cafe,4,63,OPERATIONAL,https://maps.google.com/?cid=N/A
N/A,مغزل | MIGHZEL أرامكو,26.307555900000004,50.1278204,cafe,4.9,7,OPERATIONAL,https://maps.google.com/?cid=N/A
N/A,كافتيريا 59,26.3081729,50.144954,cafe,4.7,3,OPERATIONAL,https://maps.google.com/?cid=N/A
N/A,Joffrey's جوفريز,26.313207199999997,50.128507199999994,cafe,No rating,No reviews,OPERATIONAL,https://maps.google.com/?cid=N/A
N/A,VARDØ ڤاردو,26.3125461,50.1281986,cafe,4,2,OPERATIONAL,https://maps.google.com/?cid=N/A
N/A,مراميه,26.312154999999997,50.125901,cafe,5,3,OPERATIONAL,https://maps.google.com/?cid=N/A
N/A,Faculty Lounge,26.3066893,50.144579699999994,cafe,3.8,4,OPERATIONAL,https://maps.google.com/?cid=N/A
N/A,ABYAT,26.3094677,50.1660794,cafe,4,7688,OPERATIONAL,https://maps.google.com/?cid=N/A
N/A,IKEA Cafe,26.3093856,50.1678728,cafe,3.8,47,OPERATIONAL,https://maps.google.com/?cid=N/A
N/A,Saadeddin Pastry,26.322963299999998,50.1593759,cafe,3.9,643,OPERATIONAL,https://maps.google.com/?cid=N/A
N/A,Dunkin' - دانكن,26.313818,50.147613,cafe,3.7,224,OPERATIONAL,https://maps.google.com/?cid=N/A
N/A,مطعم وكافيه هذبه,26.3100715,50.1690784,cafe,4.7,394,OPERATIONAL,https://maps.google.com/?cid=N/A
N/A,Leaf Bakery Cafe,26.310120899999998,50.1689869,cafe,4.1,314,OPERATIONAL,https://maps.google.com/?cid=N/A
N/A,Krispy Kreme,26.300621099999997,50.147816899999995,cafe,3.9,33,OPERATIONAL,https://maps.google.com/?cid=N/A
N/A,KFUPM Boulevard,26.3109391,50.144812800000004,cafe,4.5,81,OPERATIONAL,https://maps.google.com/?cid=N/A
N/A,Daily cup,26.322221199999998,50.1569468,cafe,4.6,20,OPERATIONAL,https://maps.google.com/?cid=N/A
N/A,Mikyal Coffee,26.314297,50.147379,cafe,4.4,55,OPERATIONAL,https://maps.google.com/?cid=N/A
N/A,Second Cup سكند كب,26.300189999999997,50.148126700000006,cafe,4.4,27,OPERATIONAL,https://maps.google.com/?cid=N/A
N/A,كافتيريا 59,26.3081729,50.144954,cafe,4.7,3,OPERATIONAL,https://maps.google.com/?cid=N/A
N/A,Scratch,26.301203899999997,50.159476100000006,cafe,4.9,8,OPERATIONAL,https://maps.google.com/?cid=N/A
N/A,Faculty Lounge,26.3066893,50.144579699999994,cafe,3.8,4,OPERATIONAL,https://maps.google.com/?cid=N/A
N/A,Motion cafe,26.310473299999998,50.1690681,cafe,4.5,6,OPERATIONAL,https://maps.google.com/?cid=N/A
N/A,Scratch,26.3107239,50.1413789,cafe,5,2,OPERATIONAL,https://maps.google.com/?cid=N/A
N/A,فواز واخوانه للبلوت والشاهي,26.3141014,50.145674,cafe,5,13,OPERATIONAL,https://maps.google.com/?cid=N/A
N/A,Joe & The Juice,26.304957800000004,50.1800548,cafe,4.2,1144,OPERATIONAL,https://maps.google.com/?cid=N/A
N/A,THE BLOOM,26.307556500000004,50.1812305,cafe,4.2,660,OPERATIONAL,https://maps.google.com/?cid=N/A
N/A,ABYAT,26.3094677,50.1660794,cafe,4,7688,OPERATIONAL,https://maps.google.com/?cid=N/A
N/A,Qaf Coffee Roasters محمصة ومقهى قاف,26.302489100000003,50.1775768,cafe,4.4,6735,OPERATIONAL,https://maps.google.com/?cid=N/A
N/A,HAZEL COFFEE | هزل كوفي,26.3031275,50.1780158,cafe,4.7,870,OPERATIONAL,https://maps.google.com/?cid=N/A
N/A,لاما الخبر - LLAMA Khobar,26.3033687,50.1811298,cafe,4.5,473,OPERATIONAL,https://maps.google.com/?cid=N/A
N/A,MOUND,26.3054906,50.1783317,cafe,4.3,1132,OPERATIONAL,https://maps.google.com/?cid=N/A
N/A,A PLUS,26.299574099999997,50.1739508,cafe,4.3,1487,OPERATIONAL,https://maps.google.com/?cid=N/A
N/A,مقهى ومحمصة سمبلسيتي | Simplicity cafe & roastery,26.2992241,50.178363499999996,cafe,4.5,356,OPERATIONAL,https://maps.google.com/?cid=N/A
N/A,7 Grams - City Walk | ٧ جرام - سيتي ووك,26.3058354,50.182956700000005,cafe,4.5,1416,OPERATIONAL,https://maps.google.com/?cid=N/A
N/A,EliNA HOTEL,26.303479,50.1748787,cafe,3.9,180,OPERATIONAL,https://maps.google.com/?cid=N/A
N/A,Drink’s Aroma,26.3125852,50.1772789,cafe,4.8,462,OPERATIONAL,https://maps.google.com/?cid=N/A
N/A,Boad Coffee Roasters,26.3056433,50.1783536,cafe,4.3,747,OPERATIONAL,https://maps.google.com/?cid=N/A
N/A,Dunkin' - دانكن,26.308732,50.176896,cafe,4.2,966,OPERATIONAL,https://maps.google.com/?cid=N/A
N/A,Barn's | بارنز,26.3227222,50.1797506,cafe,4.3,702,OPERATIONAL,https://maps.google.com/?cid=N/A
N/A,Starbucks,26.302011600000004,50.177419,cafe,4.1,229,OPERATIONAL,https://maps.google.com/?cid=N/A
N/A,Caffeination,26.3074576,50.1786831,cafe,4.1,1252,OPERATIONAL,https://maps.google.com/?cid=N/A
N/A,Msherieb cafe,26.299062499999998,50.1761875,cafe,4.4,137,OPERATIONAL,https://maps.google.com/?cid=N/A
N/A,Abu Shanab Tea,26.302708199999998,50.178824899999995,cafe,4.5,139,OPERATIONAL,https://maps.google.com/?cid=N/A
N/A,Lily Cafe & Flowers,26.305422,50.1831744,cafe,4.5,2520,OPERATIONAL,https://maps.google.com/?cid=N/A
N/A,Urth Caffe,26.3174247,50.203582,cafe,4.2,3132,OPERATIONAL,https://maps.google.com/?cid=N/A
N/A,Joe & The Juice,26.304957800000004,50.1800548,cafe,4.2,1144,OPERATIONAL,https://maps.google.com/?cid=N/A
N/A,THE BLOOM,26.307556500000004,50.1812305,cafe,4.2,660,OPERATIONAL,https://maps.google.com/?cid=N/A
N/A,ATYPICAL,26.305955400000002,50.1902352,cafe,4.2,736,OPERATIONAL,https://maps.google.com/?cid=N/A
N/A,Mor,26.316973599999997,50.204032999999995,cafe,4.2,567,OPERATIONAL,https://maps.google.com/?cid=N/A
N/A,لاما الخبر - LLAMA Khobar,26.3033687,50.1811298,cafe,4.5,473,OPERATIONAL,https://maps.google.com/?cid=N/A
N/A,ARCHI ارتشي,26.2986126,50.189802099999994,cafe,4.3,421,OPERATIONAL,https://maps.google.com/?cid=N/A
N/A,MOUND,26.3054906,50.1783317,cafe,4.3,1132,OPERATIONAL,https://maps.google.com/?cid=N/A
N/A,Shay Bokhar,26.3007852,50.198062099999994,cafe,4.3,2220,OPERATIONAL,https://maps.google.com/?cid=N/A
N/A,OVVIO,26.3183859,50.194120999999996,cafe,4.4,127,OPERATIONAL,https://maps.google.com/?cid=N/A
N/A,7 Grams - City Walk | ٧ جرام - سيتي ووك,26.3058354,50.182956700000005,cafe,4.5,1416,OPERATIONAL,https://maps.google.com/?cid=N/A
N/A,Lapa cafe,26.3181944,50.1942076,cafe,4,272,OPERATIONAL,https://maps.google.com/?cid=N/A
N/A,Savor Bakery (Al Khobar),26.3042581,50.2004774,cafe,4.5,1115,OPERATIONAL,https://maps.google.com/?cid=N/A
N/A,Drink’s Aroma,26.3125852,50.1772789,cafe,4.8,462,OPERATIONAL,https://maps.google.com/?cid=N/A
N/A,Boad Coffee Roasters,26.3056433,50.1783536,cafe,4.3,747,OPERATIONAL,https://maps.google.com/?cid=N/A
N/A,Dunkin' - دانكن,26.304593999999998,50.198544,cafe,4.1,1092,OPERATIONAL,https://maps.google.com/?cid=N/A
N/A,Dunkin' - دانكن,26.308732,50.176896,cafe,4.2,966,OPERATIONAL,https://maps.google.com/?cid=N/A
N/A,Caffeination,26.3074576,50.1786831,cafe,4.1,1252,OPERATIONAL,https://maps.google.com/?cid=N/A
N/A,Starbucks,26.3045205,50.199248399999995,cafe,4.2,1680,OPERATIONAL,https://maps.google.com/?cid=N/A
N/A,Quarter Coffee 1/4 | كوارتر كوفي,26.305032999999998,50.1954861,cafe,4.8,250,OPERATIONAL,https://maps.google.com/?cid=N/A
N/A,Urth Caffe,26.3174247,50.203582,cafe,4.2,3132,OPERATIONAL,https://maps.google.com/?cid=N/A
N/A,نَصّ,26.3030151,50.211627,cafe,3.6,2162,OPERATIONAL,https://maps.google.com/?cid=N/A
N/A,Shrq Coffee Roasters (Alkurnaish ) | (مقهى ومحمصة شرق (الكورنيش,26.311608099999997,50.2230026,cafe,4.4,5831,OPERATIONAL,https://maps.google.com/?cid=N/A
N/A,Olden,26.3152635,50.216118699999996,cafe,4.4,2083,OPERATIONAL,https://maps.google.com/?cid=N/A
N/A,KOY & BAKERY HOUSE,26.3041815,50.21124770000001,cafe,4.4,3017,OPERATIONAL,https://maps.google.com/?cid=N/A
N/A,Panama Coffee,26.2998099,50.2122161,cafe,4,1141,OPERATIONAL,https://maps.google.com/?cid=N/A
N/A,Balancd Coffee,26.304992199999997,50.2170139,cafe,4.4,2663,OPERATIONAL,https://maps.google.com/?cid=N/A
N/A,OffTheEarth,26.3119351,50.2171357,cafe,4.5,968,OPERATIONAL,https://maps.google.com/?cid=N/A
N/A,UMQ Coffee 1.1 - قهوة عُمق 1.1,26.3217239,50.2118034,cafe,4.4,1933,OPERATIONAL,https://maps.google.com/?cid=N/A
N/A,Bohemia Cafe & Records,26.29956,50.2148822,cafe,3.6,1613,OPERATIONAL,https://maps.google.com/?cid=N/A
N/A,ARCHI,26.309453599999998,50.222403199999995,cafe,4,1415,OPERATIONAL,https://maps.google.com/?cid=N/A
N/A,Mor,26.316973599999997,50.204032999999995,cafe,4.2,567,OPERATIONAL,https://maps.google.com/?cid=N/A
N/A,CAVO Coffee,26.3142145,50.21713990000001,cafe,4.4,1598,OPERATIONAL,https://maps.google.com/?cid=N/A
N/A,EQUAL,26.3199641,50.216869499999994,cafe,4.2,1725,OPERATIONAL,https://maps.google.com/?cid=N/A
N/A,Kyan Cafe,26.322697899999998,50.2066746,cafe,4.2,874,OPERATIONAL,https://maps.google.com/?cid=N/A
N/A,Olden,26.3016142,50.2013745,cafe,4.6,322,OPERATIONAL,https://maps.google.com/?cid=N/A
N/A,WACAFE ِAl Khobar | وكف الخبر,26.319775000000003,50.216890799999994,cafe,4.4,354,OPERATIONAL,https://maps.google.com/?cid=N/A
N/A,"Dear diary,",26.2982925,50.2100857,cafe,4.8,433,OPERATIONAL,https://maps.google.com/?cid=N/A
N/A,Sikka Karak,26.300733200000003,50.2149289,cafe,4.3,1136,OPERATIONAL,https://maps.google.com/?cid=N/A
N/A,زاريا دار و قهوة |Zaria House,26.2986397,50.212375900000005,cafe,4.7,450,OPERATIONAL,https://maps.google.com/?cid=N/A
N/A,namq cafe,26.3194125,50.2228569,cafe,4.4,4655,OPERATIONAL,https://maps.google.com/?cid=N/A
N/A,مقهى ومحمصة اودن | OUDEN,26.321353799999997,50.2216774,cafe,4.3,1397,OPERATIONAL,https://maps.google.com/?cid=N/A
N/A,Shrq Coffee Roasters (Alkurnaish ) | (مقهى ومحمصة شرق (الكورنيش,26.311608099999997,50.2230026,cafe,4.4,5831,OPERATIONAL,https://maps.google.com/?cid=N/A
N/A,امو | Amo,26.299692900000004,50.2199016,cafe,4.1,971,OPERATIONAL,https://maps.google.com/?cid=N/A
N/A,Olden,26.3152635,50.216118699999996,cafe,4.4,2083,OPERATIONAL,https://maps.google.com/?cid=N/A
N/A,Wiso Bakery,26.3191091,50.2219713,cafe,4.5,4540,OPERATIONAL,https://maps.google.com/?cid=N/A
N/A,Balancd Coffee,26.304992199999997,50.2170139,cafe,4.4,2663,OPERATIONAL,https://maps.google.com/?cid=N/A
N/A,OffTheEarth,26.3119351,50.2171357,cafe,4.5,968,OPERATIONAL,https://maps.google.com/?cid=N/A
N/A,Soil Roasters,26.3133645,50.223734199999996,cafe,4.5,1299,OPERATIONAL,https://maps.google.com/?cid=N/A
N/A,ARCHI,26.309453599999998,50.222403199999995,cafe,4,1415,OPERATIONAL,https://maps.google.com/?cid=N/A
N/A,Dopeamine,26.307362599999998,50.223929399999996,cafe,4.2,1813,OPERATIONAL,https://maps.google.com/?cid=N/A
N/A,CAVO Coffee,26.3142145,50.21713990000001,cafe,4.4,1598,OPERATIONAL,https://maps.google.com/?cid=N/A
N/A,EQUAL,26.3199641,50.216869499999994,cafe,4.2,1725,OPERATIONAL,https://maps.google.com/?cid=N/A
N/A,Cosmo,26.310882799999998,50.2234902,cafe,4.1,2437,OPERATIONAL,https://maps.google.com/?cid=N/A
N/A,WACAFE ِAl Khobar | وكف الخبر,26.319775000000003,50.216890799999994,cafe,4.4,354,OPERATIONAL,https://maps.google.com/?cid=N/A
N/A,أوستن كوفي Osten Coffee,26.3103163,50.224247399999996,cafe,4.1,739,OPERATIONAL,https://maps.google.com/?cid=N/A
N/A,كافيه عنتر Antr Cafe,26.313842599999997,50.2293313,cafe,4.1,2310,OPERATIONAL,https://maps.google.com/?cid=N/A
N/A,Doka Bakery House Al Khobar دوكة الخبر,26.3103448,50.2242349,cafe,4.5,1854,OPERATIONAL,https://maps.google.com/?cid=N/A
N/A,مقهى و محمصة وودز | WOODS Specialty Café & Roastery‎,26.3130416,50.22370480000001,cafe,4.4,3168,OPERATIONAL,https://maps.google.com/?cid=N/A
N/A,McCafe,26.332224,50.090087999999994,cafe,3.5,483,OPERATIONAL,https://maps.google.com/?cid=N/A
N/A,Dunkin' - دانكن,26.340231,50.089448999999995,cafe,3.9,178,OPERATIONAL,https://maps.google.com/?cid=N/A
N/A,McCafe,26.332224,50.090087999999994,cafe,3.5,483,OPERATIONAL,https://maps.google.com/?cid=N/A
N/A,Shrq Coffee Roasters (Aramco -Al Midra),26.328938700000002,50.1093735,cafe,4.8,73,OPERATIONAL,https://maps.google.com/?cid=N/A
N/A,Starbucks,26.328777,50.109542499999996,cafe,3.9,82,OPERATIONAL,https://maps.google.com/?cid=N/A
N/A,شاهي ابو بادي,26.3393125,50.0956875,cafe,4.7,132,OPERATIONAL,https://maps.google.com/?cid=N/A
N/A,Joffrey's North Park,26.3297501,50.108895200000006,cafe,3.6,34,OPERATIONAL,https://maps.google.com/?cid=N/A
N/A,Krispy Kreme,26.3286974,50.1093101,cafe,3,2,OPERATIONAL,https://maps.google.com/?cid=N/A
N/A,مقهى ليالينا,26.338133199999998,50.099663199999995,cafe,3,1,OPERATIONAL,https://maps.google.com/?cid=N/A
N/A,MASKOB (Al-Midra),26.328633699999997,50.1094516,cafe,5,3,OPERATIONAL,https://maps.google.com/?cid=N/A
N/A,Starbucks,26.3354818,50.131177799999996,cafe,4,531,OPERATIONAL,https://maps.google.com/?cid=N/A
N/A,نَصّ,26.3355098,50.120948899999995,cafe,3.8,176,OPERATIONAL,https://maps.google.com/?cid=N/A
N/A,RATIO Speciality Coffee,26.3352348,50.1312794,cafe,4.5,232,OPERATIONAL,https://maps.google.com/?cid=N/A
N/A,Shrq Coffee Roasters (Aramco -Al Midra),26.328938700000002,50.1093735,cafe,4.8,73,OPERATIONAL,https://maps.google.com/?cid=N/A
N/A,ساحة إثراء,26.335441799999998,50.1227308,cafe,4.7,20,OPERATIONAL,https://maps.google.com/?cid=N/A
N/A,Ralph’s Coffee,26.3354806,50.1222146,cafe,4.1,41,OPERATIONAL,https://maps.google.com/?cid=N/A
N/A,Starbucks,26.328777,50.109542499999996,cafe,3.9,82,OPERATIONAL,https://maps.google.com/?cid=N/A
N/A,Joffrey's North Park,26.3297501,50.108895200000006,cafe,3.6,34,OPERATIONAL,https://maps.google.com/?cid=N/A
N/A,Starbucks,26.331278,50.132222,cafe,4.3,26,OPERATIONAL,https://maps.google.com/?cid=N/A
N/A,شاي أديم حديقة إثراء - ِAdeem Tea Ithra Garden,26.3348276,50.1220225,cafe,4.5,41,OPERATIONAL,https://maps.google.com/?cid=N/A
N/A,madeleine - ithra library,26.3355537,50.1203606,cafe,3.8,13,OPERATIONAL,https://maps.google.com/?cid=N/A
N/A,Krispy Kreme,26.3286974,50.1093101,cafe,3,2,OPERATIONAL,https://maps.google.com/?cid=N/A
N/A,MASKOB (Al-Midra),26.328633699999997,50.1094516,cafe,5,3,OPERATIONAL,https://maps.google.com/?cid=N/A
N/A,كوفي بين | The Coffee Bean & Tea Leaf,26.3347445,50.132371299999996,cafe,4.5,690,OPERATIONAL,https://maps.google.com/?cid=N/A
N/A,EQUAL | ايكول,26.3349333,50.132965,cafe,4,271,OPERATIONAL,https://maps.google.com/?cid=N/A
N/A,Starbucks,26.3354818,50.131177799999996,cafe,4,531,OPERATIONAL,https://maps.google.com/?cid=N/A
N/A,Dunkin' - دانكن,26.3330555,50.1481411,cafe,4.1,640,OPERATIONAL,https://maps.google.com/?cid=N/A
N/A,RATIO Speciality Coffee,26.3352348,50.1312794,cafe,4.5,232,OPERATIONAL,https://maps.google.com/?cid=N/A
N/A,ديوانية كيف القيصرية,26.3331663,50.1496955,cafe,4.1,425,OPERATIONAL,https://maps.google.com/?cid=N/A
N/A,Road Café,26.331932,50.1450026,cafe,4.2,50,OPERATIONAL,https://maps.google.com/?cid=N/A
N/A,Thermocup - Drive Thru,26.3345831,50.1325139,cafe,4.5,83,OPERATIONAL,https://maps.google.com/?cid=N/A
N/A,Dose Cafe,26.325568,50.1364224,cafe,4.3,27,OPERATIONAL,https://maps.google.com/?cid=N/A
N/A,Starbucks,26.331278,50.132222,cafe,4.3,26,OPERATIONAL,https://maps.google.com/?cid=N/A
N/A,شاي ممر,26.327524,50.1508823,cafe,4.6,118,OPERATIONAL,https://maps.google.com/?cid=N/A
N/A,jū specialty coffee,26.336869,50.137325499999996,cafe,4.3,141,OPERATIONAL,https://maps.google.com/?cid=N/A
N/A,AUR,26.3401037,50.1547395,cafe,4.4,621,OPERATIONAL,https://maps.google.com/?cid=N/A
N/A,Twinkle Fun & Yum,26.339291700000004,50.152251199999995,cafe,4.5,542,OPERATIONAL,https://maps.google.com/?cid=N/A
N/A,Dose Cafe,26.3387669,50.1524115,cafe,3.9,484,OPERATIONAL,https://maps.google.com/?cid=N/A
N/A,Kyan Coffee,26.3304772,50.1617201,cafe,3.7,294,OPERATIONAL,https://maps.google.com/?cid=N/A
N/A,cosmo dhahran,26.336636799999997,50.1539436,cafe,4.2,154,OPERATIONAL,https://maps.google.com/?cid=N/A
N/A,Dunkin' - دانكن,26.3330555,50.1481411,cafe,4.1,640,OPERATIONAL,https://maps.google.com/?cid=N/A
N/A,Script Speciality Coffee,26.3382278,50.1526219,cafe,4.7,987,OPERATIONAL,https://maps.google.com/?cid=N/A
N/A,Quantum Specialty Coffee,26.3397847,50.151737499999996,cafe,4.6,378,OPERATIONAL,https://maps.google.com/?cid=N/A
N/A,ديوانية كيف القيصرية,26.3331663,50.1496955,cafe,4.1,425,OPERATIONAL,https://maps.google.com/?cid=N/A
N/A,Starbucks,26.340104999999998,50.151489999999995,cafe,4.1,685,OPERATIONAL,https://maps.google.com/?cid=N/A
N/A,Tie | تاي (Dhahran),26.331561999999998,50.1618113,cafe,4,79,OPERATIONAL,https://maps.google.com/?cid=N/A
N/A,ارتشي,26.336483599999998,50.153824400000005,cafe,4,82,OPERATIONAL,https://maps.google.com/?cid=N/A
N/A,Dunkin' - دانكن,26.3233021,50.1647378,cafe,3.9,419,OPERATIONAL,https://maps.google.com/?cid=N/A
N/A,Saadeddin Pastry,26.322963299999998,50.1593759,cafe,3.9,643,OPERATIONAL,https://maps.google.com/?cid=N/A
N/A,Tim Hortons,26.3234891,50.164982699999996,cafe,4.3,250,OPERATIONAL,https://maps.google.com/?cid=N/A
N/A,Starbucks,26.3233835,50.164178299999996,cafe,4.1,595,OPERATIONAL,https://maps.google.com/?cid=N/A
N/A,Diwaniat Alsahel,26.323980199999998,50.166205399999996,cafe,4,296,OPERATIONAL,https://maps.google.com/?cid=N/A
N/A,Pastel Al Doha - باستيل الدوحه الجنوبيه,26.3233669,50.1615289,cafe,4.1,182,OPERATIONAL,https://maps.google.com/?cid=N/A
N/A,لاما الظهران - LLAMA Dhahran,26.340263699999998,50.1548996,cafe,4.5,74,OPERATIONAL,https://maps.google.com/?cid=N/A
N/A,Krispy Kreme,26.3235612,50.165106099999996,cafe,4.2,228,OPERATIONAL,https://maps.google.com/?cid=N/A
N/A,دندي | Dundee,26.325509,50.1859709,cafe,4.3,531,OPERATIONAL,https://maps.google.com/?cid=N/A
N/A,Lavender tea / شاي لافندر,26.3254387,50.185806899999996,cafe,4.2,533,OPERATIONAL,https://maps.google.com/?cid=N/A
N/A,ORIGO,26.325513599999997,50.185916999999996,cafe,4.6,282,OPERATIONAL,https://maps.google.com/?cid=N/A
N/A,&Beyond Lounge,26.328429399999997,50.1801647,cafe,4.5,948,OPERATIONAL,https://maps.google.com/?cid=N/A
N/A,Kyan Coffee,26.3304772,50.1617201,cafe,3.7,294,OPERATIONAL,https://maps.google.com/?cid=N/A
N/A,Density Coffee Roasters | مقهى ومحمصة دينستي,26.3287046,50.1803457,cafe,4.3,1734,OPERATIONAL,https://maps.google.com/?cid=N/A
N/A,Barn's | بارنز,26.3227222,50.1797506,cafe,4.3,702,OPERATIONAL,https://maps.google.com/?cid=N/A
N/A,Oasis Cafe & Lounge,26.3331992,50.1808413,cafe,3.7,210,OPERATIONAL,https://maps.google.com/?cid=N/A
N/A,لاونج دبليو تونتي | W20 Lounge,26.3282614,50.18070650000001,cafe,3.2,67,OPERATIONAL,https://maps.google.com/?cid=N/A
N/A,Kenko كينكو,26.325379299999998,50.1858109,cafe,4.6,302,OPERATIONAL,https://maps.google.com/?cid=N/A
N/A,Caesar 7,26.328836499999998,50.1807881,cafe,4.8,474,OPERATIONAL,https://maps.google.com/?cid=N/A
N/A,Aldaar Garden حديقة الدار,26.334105599999997,50.179917499999995,cafe,4.3,117,OPERATIONAL,https://maps.google.com/?cid=N/A
N/A,Tie | تاي (Dhahran),26.331561999999998,50.1618113,cafe,4,79,OPERATIONAL,https://maps.google.com/?cid=N/A
N/A,Dunkin' - دانكن,26.3233021,50.1647378,cafe,3.9,419,OPERATIONAL,https://maps.google.com/?cid=N/A
N/A,Starbucks,26.324335899999998,50.1799484,cafe,4,168,OPERATIONAL,https://maps.google.com/?cid=N/A
N/A,Tim Hortons,26.3234891,50.164982699999996,cafe,4.3,250,OPERATIONAL,https://maps.google.com/?cid=N/A
N/A,Starbucks,26.3233835,50.164178299999996,cafe,4.1,595,OPERATIONAL,https://maps.google.com/?cid=N/A
N/A,Saadeddin Pastry,26.322963299999998,50.1593759,cafe,3.9,643,OPERATIONAL,https://maps.google.com/?cid=N/A
N/A,شاي الفراتي,26.3331689,50.1807206,cafe,4.6,137,OPERATIONAL,https://maps.google.com/?cid=N/A
N/A,Diwaniat Alsahel,26.323980199999998,50.166205399999996,cafe,4,296,OPERATIONAL,https://maps.google.com/?cid=N/A
N/A,دندي | Dundee,26.325509,50.1859709,cafe,4.3,531,OPERATIONAL,https://maps.google.com/?cid=N/A
N/A,Lavender tea / شاي لافندر,26.3254387,50.185806899999996,cafe,4.2,533,OPERATIONAL,https://maps.google.com/?cid=N/A
N/A,Knock Café | نوك,26.3373419,50.2014588,cafe,4.2,883,OPERATIONAL,https://maps.google.com/?cid=N/A
N/A,مقهى سُلاف | Soulaf Coffee,26.337239,50.2015767,cafe,4.4,1133,OPERATIONAL,https://maps.google.com/?cid=N/A
N/A,ORIGO,26.325513599999997,50.185916999999996,cafe,4.6,282,OPERATIONAL,https://maps.google.com/?cid=N/A
N/A,OVVIO,26.3183859,50.194120999999996,cafe,4.4,127,OPERATIONAL,https://maps.google.com/?cid=N/A
N/A,Lapa cafe,26.3181944,50.1942076,cafe,4,272,OPERATIONAL,https://maps.google.com/?cid=N/A
N/A,&Beyond Lounge,26.328429399999997,50.1801647,cafe,4.5,948,OPERATIONAL,https://maps.google.com/?cid=N/A
N/A,Madame Banquet,26.334127799999997,50.188708299999995,cafe,3.9,1117,OPERATIONAL,https://maps.google.com/?cid=N/A
N/A,مقهى كيما - KIEMA Lounge,26.3341617,50.188584899999995,cafe,4.4,625,OPERATIONAL,https://maps.google.com/?cid=N/A
N/A,Density Coffee Roasters | مقهى ومحمصة دينستي,26.3287046,50.1803457,cafe,4.3,1734,OPERATIONAL,https://maps.google.com/?cid=N/A
N/A,Shrq Coffee Roasters ( Drive Thru ),26.334504600000002,50.200519299999996,cafe,4.6,247,OPERATIONAL,https://maps.google.com/?cid=N/A
N/A,The Hub,26.3342006,50.1888018,cafe,4.3,846,OPERATIONAL,https://maps.google.com/?cid=N/A
N/A,Barn's | بارنز,26.3227222,50.1797506,cafe,4.3,702,OPERATIONAL,https://maps.google.com/?cid=N/A
N/A,Oasis Cafe & Lounge,26.3331992,50.1808413,cafe,3.7,210,OPERATIONAL,https://maps.google.com/?cid=N/A
N/A,Kenko كينكو,26.325379299999998,50.1858109,cafe,4.6,302,OPERATIONAL,https://maps.google.com/?cid=N/A
N/A,لاونج دبليو تونتي | W20 Lounge,26.3282614,50.18070650000001,cafe,3.2,67,OPERATIONAL,https://maps.google.com/?cid=N/A
N/A,Caesar 7,26.328836499999998,50.1807881,cafe,4.8,474,OPERATIONAL,https://maps.google.com/?cid=N/A
N/A,Aldaar Garden حديقة الدار,26.334105599999997,50.179917499999995,cafe,4.3,117,OPERATIONAL,https://maps.google.com/?cid=N/A
N/A,ADNOC Service Station | Qurtuba District 1 (2019),26.3383637,50.198210599999996,cafe,4.5,60,OPERATIONAL,https://maps.google.com/?cid=N/A
N/A,Camel Step,26.326310499999998,50.2133882,cafe,4.3,1405,OPERATIONAL,https://maps.google.com/?cid=N/A
N/A,Urth Caffe,26.3174247,50.203582,cafe,4.2,3132,OPERATIONAL,https://maps.google.com/?cid=N/A
N/A,UMQ Coffee 1.1 - قهوة عُمق 1.1,26.3217239,50.2118034,cafe,4.4,1933,OPERATIONAL,https://maps.google.com/?cid=N/A
N/A,Knock Café | نوك,26.3373419,50.2014588,cafe,4.2,883,OPERATIONAL,https://maps.google.com/?cid=N/A
N/A,Mor,26.316973599999997,50.204032999999995,cafe,4.2,567,OPERATIONAL,https://maps.google.com/?cid=N/A
N/A,Kyan Cafe,26.322697899999998,50.2066746,cafe,4.2,874,OPERATIONAL,https://maps.google.com/?cid=N/A
N/A,EQUAL,26.3199641,50.216869499999994,cafe,4.2,1725,OPERATIONAL,https://maps.google.com/?cid=N/A
N/A,Vico فيكو,26.3259357,50.214295,cafe,3.7,340,OPERATIONAL,https://maps.google.com/?cid=N/A
N/A,مقهى سُلاف | Soulaf Coffee,26.337239,50.2015767,cafe,4.4,1133,OPERATIONAL,https://maps.google.com/?cid=N/A
N/A,WACAFE ِAl Khobar | وكف الخبر,26.319775000000003,50.216890799999994,cafe,4.4,354,OPERATIONAL,https://maps.google.com/?cid=N/A
N/A,Diwan Lounge Plus مقهى ديوان لاونج بلس (فرع الخبر),26.330055599999998,50.2131294,cafe,4.5,1136,OPERATIONAL,https://maps.google.com/?cid=N/A
N/A,Cosmo Drive Thru,26.3250364,50.20734890000001,cafe,4.5,526,OPERATIONAL,https://maps.google.com/?cid=N/A
N/A,Alsaqeefa,26.3214375,50.219951599999995,cafe,4.5,1033,OPERATIONAL,https://maps.google.com/?cid=N/A
N/A,شاي ابوسيف Abo Saif Tea,26.3384382,50.208355399999995,cafe,4.3,475,OPERATIONAL,https://maps.google.com/?cid=N/A
N/A,Dose Cafe,26.3182033,50.203857,cafe,4.3,1794,OPERATIONAL,https://maps.google.com/?cid=N/A
N/A,graph,26.321355200000003,50.2198523,cafe,4.3,508,OPERATIONAL,https://maps.google.com/?cid=N/A
N/A,CORE COFFEE & ROASTERY,26.325043299999997,50.207589600000006,cafe,4.4,535,OPERATIONAL,https://maps.google.com/?cid=N/A
N/A,Dunkin' - دانكن,26.319795400000004,50.2080073,cafe,3.7,450,OPERATIONAL,https://maps.google.com/?cid=N/A
N/A,VARDØ,26.321409499999998,50.219699999999996,cafe,4.1,1624,OPERATIONAL,https://maps.google.com/?cid=N/A
N/A,ARCHI,26.328346699999997,50.2138995,cafe,4.3,209,OPERATIONAL,https://maps.google.com/?cid=N/A
N/A,namq cafe,26.3194125,50.2228569,cafe,4.4,4655,OPERATIONAL,https://maps.google.com/?cid=N/A
N/A,Camel Step,26.326310499999998,50.2133882,cafe,4.3,1405,OPERATIONAL,https://maps.google.com/?cid=N/A
N/A,مقهى ومحمصة اودن | OUDEN,26.321353799999997,50.2216774,cafe,4.3,1397,OPERATIONAL,https://maps.google.com/?cid=N/A
N/A,Wiso Bakery,26.3191091,50.2219713,cafe,4.5,4540,OPERATIONAL,https://maps.google.com/?cid=N/A
N/A,EQUAL,26.3199641,50.216869499999994,cafe,4.2,1725,OPERATIONAL,https://maps.google.com/?cid=N/A
N/A,Vico فيكو,26.3259357,50.214295,cafe,3.7,340,OPERATIONAL,https://maps.google.com/?cid=N/A
N/A,WACAFE ِAl Khobar | وكف الخبر,26.319775000000003,50.216890799999994,cafe,4.4,354,OPERATIONAL,https://maps.google.com/?cid=N/A
N/A,Alsaqeefa,26.3214375,50.219951599999995,cafe,4.5,1033,OPERATIONAL,https://maps.google.com/?cid=N/A
N/A,Diwan Lounge Plus مقهى ديوان لاونج بلس (فرع الخبر),26.330055599999998,50.2131294,cafe,4.5,1136,OPERATIONAL,https://maps.google.com/?cid=N/A
N/A,Umbrella restaurant - Alkhobar,26.3194178,50.221860899999996,cafe,4.6,903,OPERATIONAL,https://maps.google.com/?cid=N/A
N/A,Otono,26.319871499999998,50.221681,cafe,4.1,658,OPERATIONAL,https://maps.google.com/?cid=N/A
N/A,graph,26.321355200000003,50.2198523,cafe,4.3,508,OPERATIONAL,https://maps.google.com/?cid=N/A
N/A,Crafter Cafe مقهى كرافتر,26.3177915,50.222801999999994,cafe,4.1,1757,OPERATIONAL,https://maps.google.com/?cid=N/A
N/A,Ballet,26.3173422,50.222891499999996,cafe,4.1,1745,OPERATIONAL,https://maps.google.com/?cid=N/A
N/A,VARDØ,26.321409499999998,50.219699999999996,cafe,4.1,1624,OPERATIONAL,https://maps.google.com/?cid=N/A
N/A,Starbucks,26.316408799999998,50.2231283,cafe,4.2,1358,OPERATIONAL,https://maps.google.com/?cid=N/A
N/A,ARCHI,26.328346699999997,50.2138995,cafe,4.3,209,OPERATIONAL,https://maps.google.com/?cid=N/A
N/A,Troy Coffee Lounge. The HUB of the coffee(مركز القهوة),26.317647299999997,50.2233873,cafe,4.5,502,OPERATIONAL,https://maps.google.com/?cid=N/A
N/A,فيلوتشي | Veloce,26.319971,50.22268510000001,cafe,4.3,842,OPERATIONAL,https://maps.google.com/?cid=N/A
N/A,قهوة عُمق 2.3 - UMQ Coffee 2.3,26.348116599999997,50.049383299999995,cafe,4.5,627,OPERATIONAL,https://maps.google.com/?cid=N/A
N/A,"لذّة شاي ""الدمام""",26.358553399999998,50.0670393,cafe,4.3,244,OPERATIONAL,https://maps.google.com/?cid=N/A
N/A,سيكونس,26.3488246,50.0508063,cafe,4,469,OPERATIONAL,https://maps.google.com/?cid=N/A
N/A,Fakheriyah Tower,26.3537708,50.07742030000001,cafe,4,139,OPERATIONAL,https://maps.google.com/?cid=N/A
N/A,Al Aljaweed Coffee,26.357828899999998,50.0622827,cafe,3.9,504,OPERATIONAL,https://maps.google.com/?cid=N/A
N/A,دانكن دونات,26.3489512,50.053276399999994,cafe,3.7,381,OPERATIONAL,https://maps.google.com/?cid=N/A
N/A,M.Y.M,26.3560219,50.0616054,cafe,4.6,118,OPERATIONAL,https://maps.google.com/?cid=N/A
N/A,ديوانية كيف النشاما,26.3570198,50.0608708,cafe,3.5,404,OPERATIONAL,https://maps.google.com/?cid=N/A
N/A,نمق كافيه | Namq Cafe,26.3490762,50.0533897,cafe,4.6,21,OPERATIONAL,https://maps.google.com/?cid=N/A
N/A,مزاج مغربي,26.350205199999998,50.0533395,cafe,4.6,30,OPERATIONAL,https://maps.google.com/?cid=N/A
N/A,جغمة شاي,26.345847,50.076386299999996,cafe,4.3,95,OPERATIONAL,https://maps.google.com/?cid=N/A
N/A,كوستا كوفي,26.349062500000002,50.051562499999996,cafe,4.8,286,OPERATIONAL,https://maps.google.com/?cid=N/A
N/A,Barn's | بارنز,26.349278299999998,50.0533813,cafe,4.4,54,OPERATIONAL,https://maps.google.com/?cid=N/A
N/A,سبارك كافيه,26.354585600000004,50.071217399999995,cafe,4.4,66,OPERATIONAL,https://maps.google.com/?cid=N/A
N/A,بلو سكاي blue sky,26.3490798,50.051562499999996,cafe,3.7,47,OPERATIONAL,https://maps.google.com/?cid=N/A
N/A,استراحه اشرب چااي و روح,26.354823000000003,50.0613259,cafe,4.5,20,OPERATIONAL,https://maps.google.com/?cid=N/A
N/A,Blend café | مقهى بلِند,26.3534667,50.0608885,cafe,4.7,34,OPERATIONAL,https://maps.google.com/?cid=N/A
N/A,بلو سكاي كافية,26.3538252,50.0774123,cafe,4.3,6,OPERATIONAL,https://maps.google.com/?cid=N/A
N/A,كوفي 7DON,26.356883200000002,50.060735199999996,cafe,4.6,43,OPERATIONAL,https://maps.google.com/?cid=N/A
N/A,عربي برو ArabiBrew,26.3564643,50.0699645,cafe,4.6,39,OPERATIONAL,https://maps.google.com/?cid=N/A
N/A,Sensations Coffee & Co,26.3510304,50.0941839,cafe,4.6,299,OPERATIONAL,https://maps.google.com/?cid=N/A
N/A,Fakheriyah Tower,26.3537708,50.07742030000001,cafe,4,139,OPERATIONAL,https://maps.google.com/?cid=N/A
N/A,Dunkin' - دانكن,26.340231,50.089448999999995,cafe,3.9,178,OPERATIONAL,https://maps.google.com/?cid=N/A
N/A,Siplay play cafe,26.3510711,50.0940848,cafe,4.2,275,OPERATIONAL,https://maps.google.com/?cid=N/A
N/A,جغمة شاي,26.345847,50.076386299999996,cafe,4.3,95,OPERATIONAL,https://maps.google.com/?cid=N/A
N/A,Barn's | بارنز,26.358683,50.0749212,cafe,4.3,88,OPERATIONAL,https://maps.google.com/?cid=N/A
N/A,سبارك كافيه,26.354585600000004,50.071217399999995,cafe,4.4,66,OPERATIONAL,https://maps.google.com/?cid=N/A
N/A,بلو سكاي كافية,26.3538252,50.0774123,cafe,4.3,6,OPERATIONAL,https://maps.google.com/?cid=N/A
N/A,محبين الشـاي ️,26.3525069,50.095939099999995,cafe,4.4,30,OPERATIONAL,https://maps.google.com/?cid=N/A
N/A,أكواب ساخنة,26.3526258,50.0962136,cafe,5,22,OPERATIONAL,https://maps.google.com/?cid=N/A
N/A,رموز الشاي,26.3520899,50.09357790000001,cafe,5,12,OPERATIONAL,https://maps.google.com/?cid=N/A
N/A,Sensations Coffee & Co,26.3510304,50.0941839,cafe,4.6,299,OPERATIONAL,https://maps.google.com/?cid=N/A
N/A,Dunkin' - دانكن,26.340231,50.089448999999995,cafe,3.9,178,OPERATIONAL,https://maps.google.com/?cid=N/A
N/A,Siplay play cafe,26.3510711,50.0940848,cafe,4.2,275,OPERATIONAL,https://maps.google.com/?cid=N/A
N/A,Barn's | بارنز,26.354257399999998,50.0996351,cafe,4.5,180,OPERATIONAL,https://maps.google.com/?cid=N/A
N/A,بوفية سد الفاخرية1,26.354138199999998,50.0992294,cafe,4.1,316,OPERATIONAL,https://maps.google.com/?cid=N/A
N/A,شاهي ابو بادي,26.3393125,50.0956875,cafe,4.7,132,OPERATIONAL,https://maps.google.com/?cid=N/A
N/A,Rameel Coffee | قهوة رميل,26.3528003,50.0966684,cafe,4.8,55,OPERATIONAL,https://maps.google.com/?cid=N/A
N/A,Question mark Coffee,26.359827600000003,50.09485840000001,cafe,4.3,26,OPERATIONAL,https://maps.google.com/?cid=N/A
N/A,محبين الشـاي ️,26.3525069,50.095939099999995,cafe,4.4,30,OPERATIONAL,https://maps.google.com/?cid=N/A
N/A,شاي الأصالة,26.3536918,50.0996032,cafe,4.9,41,OPERATIONAL,https://maps.google.com/?cid=N/A
N/A,أكواب ساخنة,26.3526258,50.0962136,cafe,5,22,OPERATIONAL,https://maps.google.com/?cid=N/A
N/A,إستكانة الشعلة,26.3529605,50.0973347,cafe,4.9,12,OPERATIONAL,https://maps.google.com/?cid=N/A
N/A,مقهى ليالينا,26.338133199999998,50.099663199999995,cafe,3,1,OPERATIONAL,https://maps.google.com/?cid=N/A
N/A,شاهي ورقاق,26.3531784,50.0977749,cafe,5,25,OPERATIONAL,https://maps.google.com/?cid=N/A
N/A,رموز الشاي,26.3520899,50.09357790000001,cafe,5,12,OPERATIONAL,https://maps.google.com/?cid=N/A
N/A,Juice and salad,26.352916699999998,50.0977222,cafe,5,1,OPERATIONAL,https://maps.google.com/?cid=N/A
N/A,نَصّ,26.3355098,50.120948899999995,cafe,3.8,176,OPERATIONAL,https://maps.google.com/?cid=N/A
N/A,ساحة إثراء,26.335441799999998,50.1227308,cafe,4.7,20,OPERATIONAL,https://maps.google.com/?cid=N/A
N/A,Ralph’s Coffee,26.3354806,50.1222146,cafe,4.1,41,OPERATIONAL,https://maps.google.com/?cid=N/A
N/A,madeleine - ithra library,26.3355537,50.1203606,cafe,3.8,13,OPERATIONAL,https://maps.google.com/?cid=N/A
N/A,شاي أديم حديقة إثراء - ِAdeem Tea Ithra Garden,26.3348276,50.1220225,cafe,4.5,41,OPERATIONAL,https://maps.google.com/?cid=N/A
N/A,الخبر الظهران مول,26.3501944,50.1328056,cafe,No rating,No reviews,OPERATIONAL,https://maps.google.com/?cid=N/A
N/A,كوفي بين | The Coffee Bean & Tea Leaf,26.3347445,50.132371299999996,cafe,4.5,690,OPERATIONAL,https://maps.google.com/?cid=N/A
N/A,EQUAL | ايكول,26.3349333,50.132965,cafe,4,271,OPERATIONAL,https://maps.google.com/?cid=N/A
N/A,Qurb cafe,26.348195600000004,50.1411429,cafe,4.8,340,OPERATIONAL,https://maps.google.com/?cid=N/A
N/A,Majlis Cafe,26.3450126,50.146443999999995,cafe,4.2,2285,OPERATIONAL,https://maps.google.com/?cid=N/A
N/A,Buzz Coffee,26.3439619,50.1475128,cafe,4.3,598,OPERATIONAL,https://maps.google.com/?cid=N/A
N/A,Starbucks,26.3354818,50.131177799999996,cafe,4,531,OPERATIONAL,https://maps.google.com/?cid=N/A
N/A,Funzilla Play Cafe,26.3439147,50.147644199999995,cafe,4,951,OPERATIONAL,https://maps.google.com/?cid=N/A
N/A,Student Tainment Coffee Shop,26.343132299999997,50.1481736,cafe,4.2,464,OPERATIONAL,https://maps.google.com/?cid=N/A
N/A,Brewhemian Coffee,26.345114199999998,50.146442199999996,cafe,4.4,806,OPERATIONAL,https://maps.google.com/?cid=N/A
N/A,RATIO Speciality Coffee,26.3352348,50.1312794,cafe,4.5,232,OPERATIONAL,https://maps.google.com/?cid=N/A
N/A,graph cafe,26.348758300000004,50.1426376,cafe,3.9,93,OPERATIONAL,https://maps.google.com/?cid=N/A
N/A,Thermocup - Drive Thru,26.3345831,50.1325139,cafe,4.5,83,OPERATIONAL,https://maps.google.com/?cid=N/A
N/A,مكتبة قراءاتي | Qeraaty Library,26.343047199999997,50.148274099999995,cafe,4.8,27,OPERATIONAL,https://maps.google.com/?cid=N/A
N/A,Mingle,26.347544,50.1350408,cafe,4.3,170,OPERATIONAL,https://maps.google.com/?cid=N/A
N/A,بوفية كل مكان للوجبات السريعة,26.3448128,50.1377308,cafe,3.1,19,OPERATIONAL,https://maps.google.com/?cid=N/A
N/A,jū specialty coffee,26.336869,50.137325499999996,cafe,4.3,141,OPERATIONAL,https://maps.google.com/?cid=N/A
N/A,الخبر الظهران مول,26.3501944,50.1328056,cafe,No rating,No reviews,OPERATIONAL,https://maps.google.com/?cid=N/A
N/A,AUR,26.3401037,50.1547395,cafe,4.4,621,OPERATIONAL,https://maps.google.com/?cid=N/A
N/A,Twinkle Fun & Yum,26.339291700000004,50.152251199999995,cafe,4.5,542,OPERATIONAL,https://maps.google.com/?cid=N/A
N/A,Qurb cafe,26.348195600000004,50.1411429,cafe,4.8,340,OPERATIONAL,https://maps.google.com/?cid=N/A
N/A,Dose Cafe,26.3387669,50.1524115,cafe,3.9,484,OPERATIONAL,https://maps.google.com/?cid=N/A
N/A,Buzz Coffee,26.3439619,50.1475128,cafe,4.3,598,OPERATIONAL,https://maps.google.com/?cid=N/A
N/A,Majlis Cafe,26.3450126,50.146443999999995,cafe,4.2,2285,OPERATIONAL,https://maps.google.com/?cid=N/A
N/A,Funzilla Play Cafe,26.3439147,50.147644199999995,cafe,4,951,OPERATIONAL,https://maps.google.com/?cid=N/A
N/A,Student Tainment Coffee Shop,26.343132299999997,50.1481736,cafe,4.2,464,OPERATIONAL,https://maps.google.com/?cid=N/A
N/A,cosmo dhahran,26.336636799999997,50.1539436,cafe,4.2,154,OPERATIONAL,https://maps.google.com/?cid=N/A
N/A,Brewhemian Coffee,26.345114199999998,50.146442199999996,cafe,4.4,806,OPERATIONAL,https://maps.google.com/?cid=N/A
N/A,Script Speciality Coffee,26.3382278,50.1526219,cafe,4.7,987,OPERATIONAL,https://maps.google.com/?cid=N/A
N/A,Quantum Specialty Coffee,26.3397847,50.151737499999996,cafe,4.6,378,OPERATIONAL,https://maps.google.com/?cid=N/A
N/A,Starbucks,26.340104999999998,50.151489999999995,cafe,4.1,685,OPERATIONAL,https://maps.google.com/?cid=N/A
N/A,graph cafe,26.348758300000004,50.1426376,cafe,3.9,93,OPERATIONAL,https://maps.google.com/?cid=N/A
N/A,ارتشي,26.336483599999998,50.153824400000005,cafe,4,82,OPERATIONAL,https://maps.google.com/?cid=N/A
N/A,لاما الظهران - LLAMA Dhahran,26.340263699999998,50.1548996,cafe,4.5,74,OPERATIONAL,https://maps.google.com/?cid=N/A
N/A,Krispy Kreme,26.339065599999998,50.1526791,cafe,4,34,OPERATIONAL,https://maps.google.com/?cid=N/A
N/A,Blue Sky Coffee بلوسكي كوفي الدوحة,26.3403125,50.1550625,cafe,4,19,OPERATIONAL,https://maps.google.com/?cid=N/A
N/A,Dallat Alfaris مقهى دلة الفارس,26.342750199999998,50.1820385,cafe,4.1,1148,OPERATIONAL,https://maps.google.com/?cid=N/A
N/A,Onda Coffee,26.3441469,50.1854352,cafe,4.5,199,OPERATIONAL,https://maps.google.com/?cid=N/A
N/A,Dose Cafe,26.344337499999998,50.185765599999996,cafe,4.4,181,OPERATIONAL,https://maps.google.com/?cid=N/A
N/A,Saturn Bakery,26.3444282,50.1854185,cafe,4.8,164,OPERATIONAL,https://maps.google.com/?cid=N/A
N/A,وان بليون لاونج | One Billion Lounge,26.344077,50.1852709,cafe,4.8,164,OPERATIONAL,https://maps.google.com/?cid=N/A
N/A,Qaal,26.3428574,50.18232820000001,cafe,4.3,496,OPERATIONAL,https://maps.google.com/?cid=N/A
N/A,Starbucks,26.345293,50.186858,cafe,4.3,424,OPERATIONAL,https://maps.google.com/?cid=N/A
N/A,Road Café | قهوة الطريق,26.344242899999998,50.1792169,cafe,4.4,31,OPERATIONAL,https://maps.google.com/?cid=N/A
N/A,la mode coffee & more,26.341060799999997,50.1795251,cafe,4.3,4,OPERATIONAL,https://maps.google.com/?cid=N/A
N/A,Boofiya,26.3442889,50.179662099999994,cafe,1.5,4,OPERATIONAL,https://maps.google.com/?cid=N/A
N/A,BlueSky Coffee |قهوة بلوسكي,26.357448599999998,50.177334599999995,cafe,4,7,OPERATIONAL,https://maps.google.com/?cid=N/A
N/A,كفتيريا قدري محمد,26.338098,50.1653331,cafe,3.8,6,OPERATIONAL,https://maps.google.com/?cid=N/A
N/A,Azores Restaurant & Cafe,26.348637099999998,50.1868335,cafe,4.4,50,OPERATIONAL,https://maps.google.com/?cid=N/A
N/A,BOND Cafe,26.344915699999998,50.179402599999996,cafe,5,1,OPERATIONAL,https://maps.google.com/?cid=N/A
N/A,Beyond Store,26.3580975,50.1759267,cafe,No rating,No reviews,OPERATIONAL,https://maps.google.com/?cid=N/A
N/A,Joe's Bakery,26.343711600000002,50.2033132,cafe,4.3,3943,OPERATIONAL,https://maps.google.com/?cid=N/A
N/A,SWAJ Coffee Roasters محمصة ومقهى سواج,26.3436776,50.203161699999995,cafe,4.4,696,OPERATIONAL,https://maps.google.com/?cid=N/A
N/A,مقهى الزمن الجميل,26.343712,50.195619,cafe,4,1263,OPERATIONAL,https://maps.google.com/?cid=N/A
N/A,محمصة و مقهى صَدح,26.352327,50.2001457,cafe,4.8,231,OPERATIONAL,https://maps.google.com/?cid=N/A
N/A,Madame Banquet,26.334127799999997,50.188708299999995,cafe,3.9,1117,OPERATIONAL,https://maps.google.com/?cid=N/A
N/A,مقهى كيما - KIEMA Lounge,26.3341617,50.188584899999995,cafe,4.4,625,OPERATIONAL,https://maps.google.com/?cid=N/A
N/A,The Hub,26.3342006,50.1888018,cafe,4.3,846,OPERATIONAL,https://maps.google.com/?cid=N/A
N/A,Dunkin' Donuts,26.359581499999997,50.1883863,cafe,4.1,435,OPERATIONAL,https://maps.google.com/?cid=N/A
N/A,Dallat Alfaris مقهى دلة الفارس,26.342750199999998,50.1820385,cafe,4.1,1148,OPERATIONAL,https://maps.google.com/?cid=N/A
N/A,To Be Cafe,26.3503765,50.1953986,cafe,4.6,407,OPERATIONAL,https://maps.google.com/?cid=N/A
N/A,Onda Coffee,26.3441469,50.1854352,cafe,4.5,199,OPERATIONAL,https://maps.google.com/?cid=N/A
N/A,The Geeks Club Café,26.3439415,50.203736299999996,cafe,4.6,1514,OPERATIONAL,https://maps.google.com/?cid=N/A
N/A,Trio Restaurant & Cafe,26.3436062,50.2031287,cafe,4.4,708,OPERATIONAL,https://maps.google.com/?cid=N/A
N/A,ADNOC Service Station | Qurtuba District 1 (2019),26.3383637,50.198210599999996,cafe,4.5,60,OPERATIONAL,https://maps.google.com/?cid=N/A
N/A,Starbucks,26.3457069,50.1956443,cafe,4,588,OPERATIONAL,https://maps.google.com/?cid=N/A
N/A,Cinnabon,26.359940599999998,50.1895132,cafe,3.4,120,OPERATIONAL,https://maps.google.com/?cid=N/A
N/A,Dose Cafe,26.344337499999998,50.185765599999996,cafe,4.4,181,OPERATIONAL,https://maps.google.com/?cid=N/A
N/A,Barn's | بارنز,26.360447699999998,50.1919751,cafe,4.3,96,OPERATIONAL,https://maps.google.com/?cid=N/A
N/A,Saturn Bakery,26.3444282,50.1854185,cafe,4.8,164,OPERATIONAL,https://maps.google.com/?cid=N/A
N/A,وان بليون لاونج | One Billion Lounge,26.344077,50.1852709,cafe,4.8,164,OPERATIONAL,https://maps.google.com/?cid=N/A
N/A,Joe's Bakery,26.343711600000002,50.2033132,cafe,4.3,3943,OPERATIONAL,https://maps.google.com/?cid=N/A
N/A,SWAJ Coffee Roasters محمصة ومقهى سواج,26.3436776,50.203161699999995,cafe,4.4,696,OPERATIONAL,https://maps.google.com/?cid=N/A
N/A,Knock Café | نوك,26.3373419,50.2014588,cafe,4.2,883,OPERATIONAL,https://maps.google.com/?cid=N/A
N/A,مقهى سُلاف | Soulaf Coffee,26.337239,50.2015767,cafe,4.4,1133,OPERATIONAL,https://maps.google.com/?cid=N/A
N/A,The HUB Co.,26.3605147,50.2064064,cafe,4.4,860,OPERATIONAL,https://maps.google.com/?cid=N/A
N/A,شاي ابوسيف Abo Saif Tea,26.3384382,50.208355399999995,cafe,4.3,475,OPERATIONAL,https://maps.google.com/?cid=N/A
N/A,DUE DATE,26.3538543,50.203609199999995,cafe,4.7,266,OPERATIONAL,https://maps.google.com/?cid=N/A
N/A,مقهى الزمن الجميل,26.343712,50.195619,cafe,4,1263,OPERATIONAL,https://maps.google.com/?cid=N/A
N/A,محمصة و مقهى صَدح,26.352327,50.2001457,cafe,4.8,231,OPERATIONAL,https://maps.google.com/?cid=N/A
N/A,Lounge Exit7,26.360123599999998,50.206541099999995,cafe,4.2,251,OPERATIONAL,https://maps.google.com/?cid=N/A
N/A,Nagham Story,26.338490900000004,50.2081551,cafe,3.6,458,OPERATIONAL,https://maps.google.com/?cid=N/A
N/A,Lapro Cafe,26.350904500000002,50.2118131,cafe,4.4,507,OPERATIONAL,https://maps.google.com/?cid=N/A
N/A,Cafe Quindio - كافيه كينديو,26.351236699999998,50.2111853,cafe,4.4,2023,OPERATIONAL,https://maps.google.com/?cid=N/A
N/A,Starbucks,26.3602743,50.2069942,cafe,4,645,OPERATIONAL,https://maps.google.com/?cid=N/A
N/A,مقهى دستنيشن35 للقهوة المختصة الراكة Destination35 Speciality coffee Rakkah,26.360150299999997,50.206468799999996,cafe,4.6,570,OPERATIONAL,https://maps.google.com/?cid=N/A
N/A,To Be Cafe,26.3503765,50.1953986,cafe,4.6,407,OPERATIONAL,https://maps.google.com/?cid=N/A
N/A,Detective cafe,26.351859599999997,50.211249599999995,cafe,4.7,496,OPERATIONAL,https://maps.google.com/?cid=N/A
N/A,The Geeks Club Café,26.3439415,50.203736299999996,cafe,4.6,1514,OPERATIONAL,https://maps.google.com/?cid=N/A
N/A,مطعم ولاونج زينيا | Zinnia Resto Cafe,26.3513122,50.211311699999996,cafe,4.6,388,OPERATIONAL,https://maps.google.com/?cid=N/A
N/A,Trio Restaurant & Cafe,26.3436062,50.2031287,cafe,4.4,708,OPERATIONAL,https://maps.google.com/?cid=N/A
N/A,Lapro Cafe,26.350904500000002,50.2118131,cafe,4.4,507,OPERATIONAL,https://maps.google.com/?cid=N/A
N/A,illi lounge - الي لاونج,26.3501329,50.227717399999996,cafe,4.9,19,OPERATIONAL,https://maps.google.com/?cid=N/A
N/A,Elpida Cafe & Roastery,26.3509134,50.211765799999995,cafe,5,1,OPERATIONAL,https://maps.google.com/?cid=N/A
N/A,CHART البحر,26.352526299999997,50.2235321,cafe,5,3,OPERATIONAL,https://maps.google.com/?cid=N/A
N/A,Blanco,26.361150600000002,50.0741239,cafe,4.3,855,OPERATIONAL,https://maps.google.com/?cid=N/A
N/A,Cart Restaurant مطعم كارت,26.376441099999997,50.0611651,cafe,4.6,2879,OPERATIONAL,https://maps.google.com/?cid=N/A
N/A,Lounge لي ڤيلا كافيه/لاونج,26.373732099999998,50.0594866,cafe,4.2,841,OPERATIONAL,https://maps.google.com/?cid=N/A
N/A,SEKKAT ALKAIF Coffee Shop and Roaster,26.3700464,50.053384099999995,cafe,4.5,1303,OPERATIONAL,https://maps.google.com/?cid=N/A
N/A,Barena Cafe,26.3613046,50.074058199999996,cafe,4.7,1889,OPERATIONAL,https://maps.google.com/?cid=N/A
N/A,السيف كافيه الفاخرية,26.360737600000004,50.0730249,cafe,3.9,428,OPERATIONAL,https://maps.google.com/?cid=N/A
N/A,Dunkin' - دانكن,26.3656875,50.0701875,cafe,3.9,864,OPERATIONAL,https://maps.google.com/?cid=N/A
N/A,Sikkat Karak,26.366277699999998,50.075632999999996,cafe,4.3,1095,OPERATIONAL,https://maps.google.com/?cid=N/A
N/A,"لذّة شاي ""الدمام""",26.358553399999998,50.0670393,cafe,4.3,244,OPERATIONAL,https://maps.google.com/?cid=N/A
N/A,قهوة خشف,26.369865599999997,50.0575173,cafe,4.5,326,OPERATIONAL,https://maps.google.com/?cid=N/A
N/A,الكرك ALKARAK,26.362858799999998,50.072486399999995,cafe,4,1150,OPERATIONAL,https://maps.google.com/?cid=N/A
N/A,ديوانية طيبة,26.369508399999997,50.0585144,cafe,4.2,323,OPERATIONAL,https://maps.google.com/?cid=N/A
N/A,Krispy Kreme,26.364615500000003,50.062147499999995,cafe,4.1,188,OPERATIONAL,https://maps.google.com/?cid=N/A
N/A,Al Aljaweed Coffee,26.357828899999998,50.0622827,cafe,3.9,504,OPERATIONAL,https://maps.google.com/?cid=N/A
N/A,Luqaimat Alasal لقيمات العسل,26.3712662,50.064617899999995,cafe,4.6,1071,OPERATIONAL,https://maps.google.com/?cid=N/A
N/A,ADAM Coffee آدم كافيه,26.370592199999997,50.057618899999994,cafe,4.7,334,OPERATIONAL,https://maps.google.com/?cid=N/A
N/A,Onda Coffee - مقهى أوندا,26.3658652,50.0497654,cafe,4.4,148,OPERATIONAL,https://maps.google.com/?cid=N/A
N/A,M.Y.M,26.3560219,50.0616054,cafe,4.6,118,OPERATIONAL,https://maps.google.com/?cid=N/A
N/A,بيسك كب - Basic cup,26.3678374,50.0597843,cafe,4.5,131,OPERATIONAL,https://maps.google.com/?cid=N/A
N/A,ديوانية كيف النشاما,26.3570198,50.0608708,cafe,3.5,404,OPERATIONAL,https://maps.google.com/?cid=N/A
N/A,كيف التوأم,26.3761984,50.089225299999995,cafe,4.2,1844,OPERATIONAL,https://maps.google.com/?cid=N/A
N/A,LLAMA,26.3665579,50.0939111,cafe,4.5,3287,OPERATIONAL,https://maps.google.com/?cid=N/A
N/A,Blanco,26.361150600000002,50.0741239,cafe,4.3,855,OPERATIONAL,https://maps.google.com/?cid=N/A
N/A,مقهى و محمصة وودز | WOODS Specialty Café & Roastery‎,26.3678255,50.092773,cafe,4.6,1763,OPERATIONAL,https://maps.google.com/?cid=N/A
N/A,Umbrella - Dammam,26.376071999999997,50.088830099999996,cafe,4.3,2332,OPERATIONAL,https://maps.google.com/?cid=N/A
N/A,Mgnad Tea House مقند شاهي مختص,26.370742399999997,50.0945241,cafe,4.7,539,OPERATIONAL,https://maps.google.com/?cid=N/A
N/A,Barena Cafe,26.3613046,50.074058199999996,cafe,4.7,1889,OPERATIONAL,https://maps.google.com/?cid=N/A
N/A,Milan Way Cafe and Restaurant,26.366882999999998,50.093657099999994,cafe,4.2,2332,OPERATIONAL,https://maps.google.com/?cid=N/A
N/A,Ballet cafe - باليـة,26.366247299999998,50.0942083,cafe,3.9,376,OPERATIONAL,https://maps.google.com/?cid=N/A
N/A,Starbucks,26.3713879,50.095802,cafe,4,832,OPERATIONAL,https://maps.google.com/?cid=N/A
N/A,RATIO Speciality Coffee,26.3713011,50.089833600000006,cafe,3.9,642,OPERATIONAL,https://maps.google.com/?cid=N/A
N/A,السيف كافيه الفاخرية,26.360737600000004,50.0730249,cafe,3.9,428,OPERATIONAL,https://maps.google.com/?cid=N/A
N/A,Sikkat Karak,26.366277699999998,50.075632999999996,cafe,4.3,1095,OPERATIONAL,https://maps.google.com/?cid=N/A
N/A,Dunkin' - دانكن,26.3656875,50.0701875,cafe,3.9,864,OPERATIONAL,https://maps.google.com/?cid=N/A
N/A,Fakheriyah Tower,26.3537708,50.07742030000001,cafe,4,139,OPERATIONAL,https://maps.google.com/?cid=N/A
N/A,الكرك ALKARAK,26.362858799999998,50.072486399999995,cafe,4,1150,OPERATIONAL,https://maps.google.com/?cid=N/A
N/A,Majlis Almasa,26.365585799999998,50.0947617,cafe,3.8,932,OPERATIONAL,https://maps.google.com/?cid=N/A
N/A,مقهى ومحمصة قاف,26.3697259,50.084083899999996,cafe,4.5,168,OPERATIONAL,https://maps.google.com/?cid=N/A
N/A,مقهى ومحمصة أودن,26.3758311,50.0881324,cafe,4.3,120,OPERATIONAL,https://maps.google.com/?cid=N/A
N/A,تليو Tilio,26.3689818,50.0799278,cafe,4.5,244,OPERATIONAL,https://maps.google.com/?cid=N/A
N/A,8oz Coffee,26.372754,50.099579,cafe,4.1,3965,OPERATIONAL,https://maps.google.com/?cid=N/A
N/A,LLAMA,26.3665579,50.0939111,cafe,4.5,3287,OPERATIONAL,https://maps.google.com/?cid=N/A
N/A,مقهى و محمصة وودز | WOODS Specialty Café & Roastery‎,26.3678255,50.092773,cafe,4.6,1763,OPERATIONAL,https://maps.google.com/?cid=N/A
N/A,Mgnad Tea House مقند شاهي مختص,26.370742399999997,50.0945241,cafe,4.7,539,OPERATIONAL,https://maps.google.com/?cid=N/A
N/A,Milan Way Cafe and Restaurant,26.366882999999998,50.093657099999994,cafe,4.2,2332,OPERATIONAL,https://maps.google.com/?cid=N/A
N/A,Starbucks,26.3713879,50.095802,cafe,4,832,OPERATIONAL,https://maps.google.com/?cid=N/A
N/A,Ballet cafe - باليـة,26.366247299999998,50.0942083,cafe,3.9,376,OPERATIONAL,https://maps.google.com/?cid=N/A
N/A,RATIO Speciality Coffee,26.3713011,50.089833600000006,cafe,3.9,642,OPERATIONAL,https://maps.google.com/?cid=N/A
N/A,شاي خالد,26.3736832,50.1023697,cafe,4.2,322,OPERATIONAL,https://maps.google.com/?cid=N/A
N/A,Majlis Almasa,26.365585799999998,50.0947617,cafe,3.8,932,OPERATIONAL,https://maps.google.com/?cid=N/A
N/A,ONA Roastery & Bakery,26.378572199999997,50.103516299999995,cafe,4.5,287,OPERATIONAL,https://maps.google.com/?cid=N/A
N/A,Dunkin,26.3725804,50.0991266,cafe,3.9,447,OPERATIONAL,https://maps.google.com/?cid=N/A
N/A,Stars mood Cafe,26.365231899999998,50.0951124,cafe,4.7,375,OPERATIONAL,https://maps.google.com/?cid=N/A
N/A,Gamma,26.371271999999998,50.0897038,cafe,4.8,698,OPERATIONAL,https://maps.google.com/?cid=N/A
N/A,مقهى ومحمصة سمبلسيتي | Simplicity cafe & roastery,26.3709115,50.0947451,cafe,4.5,205,OPERATIONAL,https://maps.google.com/?cid=N/A
N/A,شاي بن شريوف,26.3696898,50.0910746,cafe,4.7,664,OPERATIONAL,https://maps.google.com/?cid=N/A
N/A,22 Café,26.3779702,50.103593599999996,cafe,4.3,1026,OPERATIONAL,https://maps.google.com/?cid=N/A
N/A,BRIGHT,26.372607400000003,50.098766999999995,cafe,4.6,283,OPERATIONAL,https://maps.google.com/?cid=N/A
N/A,CH.1 specialty coffee,26.3666993,50.093826299999996,cafe,4.1,482,OPERATIONAL,https://maps.google.com/?cid=N/A
N/A,ELBUNA Coffee Roasters,26.367643899999997,50.1054786,cafe,4.9,195,OPERATIONAL,https://maps.google.com/?cid=N/A
N/A,Repeat Speciality Coffee,26.3730974,50.1202572,cafe,4.4,422,OPERATIONAL,https://maps.google.com/?cid=N/A
N/A,Onda Coffee مقهى أوندا,26.3763014,50.1228128,cafe,4.3,768,OPERATIONAL,https://maps.google.com/?cid=N/A
N/A,Dunkin' - دانكن,26.3745625,50.118312499999995,cafe,4,942,OPERATIONAL,https://maps.google.com/?cid=N/A
N/A,ELBUNA Coffee Roasters,26.367643899999997,50.1054786,cafe,4.9,195,OPERATIONAL,https://maps.google.com/?cid=N/A
N/A,شاهي رمث,26.3733847,50.1221957,cafe,4.8,255,OPERATIONAL,https://maps.google.com/?cid=N/A
N/A,شاي مدخن,26.373562500000002,50.1282344,cafe,4.9,150,OPERATIONAL,https://maps.google.com/?cid=N/A
N/A,بُنّه كوفي,26.378754699999998,50.1172207,cafe,4.9,15,OPERATIONAL,https://maps.google.com/?cid=N/A
N/A,شاهي حمره,26.3735855,50.1214072,cafe,5,509,OPERATIONAL,https://maps.google.com/?cid=N/A
N/A,كشك غاليه,26.378609299999997,50.1187538,cafe,4.8,37,OPERATIONAL,https://maps.google.com/?cid=N/A
N/A,Road Café | قهوة الطريق,26.3743932,50.1192145,cafe,3.9,7,OPERATIONAL,https://maps.google.com/?cid=N/A
N/A,طعيم | شاي مختص,26.372953799999998,50.1272167,cafe,4.6,54,OPERATIONAL,https://maps.google.com/?cid=N/A
N/A,NUMBER NINE,26.377953599999998,50.1192004,cafe,5,7,OPERATIONAL,https://maps.google.com/?cid=N/A
N/A,مقهى ميامن البن لتقديم المشروبات,26.3764377,50.1244684,cafe,3,2,OPERATIONAL,https://maps.google.com/?cid=N/A
N/A,ترك شاي واكثر,26.3728765,50.127762499999996,cafe,5,1,OPERATIONAL,https://maps.google.com/?cid=N/A
N/A,SPADA (Coffee & Sweet),26.373081499999998,50.1264665,cafe,5,34,OPERATIONAL,https://maps.google.com/?cid=N/A
N/A,شاي مدخن,26.373562500000002,50.1282344,cafe,4.9,150,OPERATIONAL,https://maps.google.com/?cid=N/A
N/A,طعيم | شاي مختص,26.372953799999998,50.1272167,cafe,4.6,54,OPERATIONAL,https://maps.google.com/?cid=N/A
N/A,ترك شاي واكثر,26.3728765,50.127762499999996,cafe,5,1,OPERATIONAL,https://maps.google.com/?cid=N/A
N/A,شاي تجلي,26.3560373,50.133263199999995,cafe,5,38,OPERATIONAL,https://maps.google.com/?cid=N/A
N/A,SPADA (Coffee & Sweet),26.373081499999998,50.1264665,cafe,5,34,OPERATIONAL,https://maps.google.com/?cid=N/A
N/A,LEVANTINE LOUNG & RESTAURANT ليفانتين لاونج,26.3740489,50.1480464,cafe,4.8,135,OPERATIONAL,https://maps.google.com/?cid=N/A
N/A,SKY By Archi,26.369928599999998,50.176820299999996,cafe,4,1006,OPERATIONAL,https://maps.google.com/?cid=N/A
N/A,ADNOC Service Station | Al Qashlah (2007),26.3630838,50.1779371,cafe,4.4,400,OPERATIONAL,https://maps.google.com/?cid=N/A
N/A,Starbucks,26.372704799999998,50.178609699999996,cafe,4.3,1062,OPERATIONAL,https://maps.google.com/?cid=N/A
N/A,Dunkin' - دانكن,26.362947799999997,50.1777236,cafe,3.7,160,OPERATIONAL,https://maps.google.com/?cid=N/A
N/A,Tim Hortons,26.370908699999998,50.1747995,cafe,4.8,209,OPERATIONAL,https://maps.google.com/?cid=N/A
N/A,ZOLIEA زوليه,26.3629577,50.177247799999996,cafe,4.5,171,OPERATIONAL,https://maps.google.com/?cid=N/A
N/A,Crafter Cafe مقهى كرافتر,26.3751838,50.1750274,cafe,4.7,58,OPERATIONAL,https://maps.google.com/?cid=N/A
N/A,20 degree coffee,26.368179299999998,50.179731800000006,cafe,3.9,51,OPERATIONAL,https://maps.google.com/?cid=N/A
N/A,ليفت القشلة LEFT AlQashla,26.3724375,50.1739375,cafe,4.7,44,OPERATIONAL,https://maps.google.com/?cid=N/A
N/A,Sky Lounge,26.3668613,50.177799199999995,cafe,4.4,241,OPERATIONAL,https://maps.google.com/?cid=N/A
N/A,Blue K Lounge,26.3669478,50.1776632,cafe,4,10,OPERATIONAL,https://maps.google.com/?cid=N/A
N/A,Jeep lounge,26.3652665,50.1848726,cafe,4.9,10,OPERATIONAL,https://maps.google.com/?cid=N/A
N/A,Road Café | قهوة الطريق,26.3629491,50.1780214,cafe,4.4,18,OPERATIONAL,https://maps.google.com/?cid=N/A
N/A,Wogard Coffee Roasters,26.3771666,50.178799299999994,cafe,3.4,8,OPERATIONAL,https://maps.google.com/?cid=N/A
N/A,BlueSky Coffee |قهوة بلوسكي,26.357448599999998,50.177334599999995,cafe,4,7,OPERATIONAL,https://maps.google.com/?cid=N/A
N/A,Carlton Lounge Resto-Cafe,26.3667534,50.1860703,cafe,4,1,OPERATIONAL,https://maps.google.com/?cid=N/A
N/A,Beyond Store,26.3580975,50.1759267,cafe,No rating,No reviews,OPERATIONAL,https://maps.google.com/?cid=N/A
N/A,RATIO Speciality Coffee,26.362492300000003,50.198235999999994,cafe,4.6,1869,OPERATIONAL,https://maps.google.com/?cid=N/A
N/A,SKY By Archi,26.369928599999998,50.176820299999996,cafe,4,1006,OPERATIONAL,https://maps.google.com/?cid=N/A
N/A,Fudge & Co. | .فدج اند كو,26.3636299,50.191226799999995,cafe,4.5,601,OPERATIONAL,https://maps.google.com/?cid=N/A
N/A,TEA TIME RAKAH (وقت الشاي),26.3661908,50.2041242,cafe,4.1,662,OPERATIONAL,https://maps.google.com/?cid=N/A
N/A,ADNOC Service Station | Al Qashlah (2007),26.3630838,50.1779371,cafe,4.4,400,OPERATIONAL,https://maps.google.com/?cid=N/A
N/A,Mantorose Cafe,26.362215499999998,50.1972039,cafe,4.2,833,OPERATIONAL,https://maps.google.com/?cid=N/A
N/A,Dunkin' Donuts,26.359581499999997,50.1883863,cafe,4.1,435,OPERATIONAL,https://maps.google.com/?cid=N/A
N/A,Atia cafe,26.3673166,50.195169899999996,cafe,4,287,OPERATIONAL,https://maps.google.com/?cid=N/A
N/A,Saadeddin Pastry,26.362127899999997,50.197373899999995,cafe,4,785,OPERATIONAL,https://maps.google.com/?cid=N/A
N/A,Starbucks,26.372704799999998,50.178609699999996,cafe,4.3,1062,OPERATIONAL,https://maps.google.com/?cid=N/A
N/A,Dunkin' - دانكن,26.362947799999997,50.1777236,cafe,3.7,160,OPERATIONAL,https://maps.google.com/?cid=N/A
N/A,Cinnabon,26.359940599999998,50.1895132,cafe,3.4,120,OPERATIONAL,https://maps.google.com/?cid=N/A
N/A,Simplicity,26.363544599999997,50.1987269,cafe,4.4,48,OPERATIONAL,https://maps.google.com/?cid=N/A
N/A,Barn's | بارنز,26.360447699999998,50.1919751,cafe,4.3,96,OPERATIONAL,https://maps.google.com/?cid=N/A
N/A,24Cafe,26.3618068,50.1964348,cafe,4.7,205,OPERATIONAL,https://maps.google.com/?cid=N/A
N/A,ZOLIEA زوليه,26.3629577,50.177247799999996,cafe,4.5,171,OPERATIONAL,https://maps.google.com/?cid=N/A
N/A,Olabs Café Drive Thru,26.3629735,50.1986102,cafe,3.7,116,OPERATIONAL,https://maps.google.com/?cid=N/A
N/A,Road Café | قهوة الطريق,26.3616392,50.196149299999995,cafe,4.2,727,OPERATIONAL,https://maps.google.com/?cid=N/A
N/A,دروازة الخباز,26.362050699999998,50.1951794,cafe,4.2,175,OPERATIONAL,https://maps.google.com/?cid=N/A
N/A,مقهى ومحمصة أور | OUR COFFEE ROASTERS,26.362611599999997,50.205043499999995,cafe,4.7,440,OPERATIONAL,https://maps.google.com/?cid=N/A
N/A,The HUB Co.,26.3605147,50.2064064,cafe,4.4,860,OPERATIONAL,https://maps.google.com/?cid=N/A
N/A,RATIO Speciality Coffee,26.362492300000003,50.198235999999994,cafe,4.6,1869,OPERATIONAL,https://maps.google.com/?cid=N/A
N/A,Repeat Coffee & Brunch,26.361153899999998,50.2063779,cafe,4.2,1567,OPERATIONAL,https://maps.google.com/?cid=N/A
N/A,Title Cafe,26.360901899999998,50.2062435,cafe,4,667,OPERATIONAL,https://maps.google.com/?cid=N/A
N/A,DUE DATE,26.3538543,50.203609199999995,cafe,4.7,266,OPERATIONAL,https://maps.google.com/?cid=N/A
N/A,TEA TIME RAKAH (وقت الشاي),26.3661908,50.2041242,cafe,4.1,662,OPERATIONAL,https://maps.google.com/?cid=N/A
N/A,Lounge Exit7,26.360123599999998,50.206541099999995,cafe,4.2,251,OPERATIONAL,https://maps.google.com/?cid=N/A
N/A,Mor | مُر قهوة حي,26.3617304,50.215990999999995,cafe,4.5,108,OPERATIONAL,https://maps.google.com/?cid=N/A
N/A,Bling | بلنق,26.3618231,50.206285099999995,cafe,4.3,295,OPERATIONAL,https://maps.google.com/?cid=N/A
N/A,Mantorose Cafe,26.362215499999998,50.1972039,cafe,4.2,833,OPERATIONAL,https://maps.google.com/?cid=N/A
N/A,Huge Coffee,26.3611479,50.2065772,cafe,4.2,732,OPERATIONAL,https://maps.google.com/?cid=N/A
N/A,Diana Lounge ديانا لاونج,26.3663831,50.2072499,cafe,4.2,345,OPERATIONAL,https://maps.google.com/?cid=N/A
N/A,Starbucks,26.3602743,50.2069942,cafe,4,645,OPERATIONAL,https://maps.google.com/?cid=N/A
N/A,مقهى ما بعد العاشرة,26.366188599999997,50.2083075,cafe,4,535,OPERATIONAL,https://maps.google.com/?cid=N/A
N/A,مقهى دستنيشن35 للقهوة المختصة الراكة Destination35 Speciality coffee Rakkah,26.360150299999997,50.206468799999996,cafe,4.6,570,OPERATIONAL,https://maps.google.com/?cid=N/A
N/A,Atia cafe,26.3673166,50.195169899999996,cafe,4,287,OPERATIONAL,https://maps.google.com/?cid=N/A
N/A,Saadeddin Pastry,26.362127899999997,50.197373899999995,cafe,4,785,OPERATIONAL,https://maps.google.com/?cid=N/A
N/A,Khobar oasis Shisha & Coffee,26.3667147,50.2070374,cafe,3.8,181,OPERATIONAL,https://maps.google.com/?cid=N/A
N/A,Simplicity,26.363544599999997,50.1987269,cafe,4.4,48,OPERATIONAL,https://maps.google.com/?cid=N/A
N/A,ONA Roastery & Bakery,26.371824699999998,50.2284857,cafe,4.4,681,OPERATIONAL,https://maps.google.com/?cid=N/A
N/A,A place for people,26.371992199999998,50.229121000000006,cafe,4.5,468,OPERATIONAL,https://maps.google.com/?cid=N/A
N/A,Mor | مُر قهوة حي,26.3617304,50.215990999999995,cafe,4.5,108,OPERATIONAL,https://maps.google.com/?cid=N/A
N/A,شاي T1 ( ترك ),26.3720125,50.2369844,cafe,5,13,OPERATIONAL,https://maps.google.com/?cid=N/A
N/A,.RATIO Speciality Coffee | ريشيو للقهوة المختصة,26.371930499999998,50.2289172,cafe,4.8,16,OPERATIONAL,https://maps.google.com/?cid=N/A
N/A,باشا بورشيد,26.3752734,50.2351532,cafe,5,3,OPERATIONAL,https://maps.google.com/?cid=N/A
N/A,مأكولات وشاي حوسه,26.3751125,50.2350469,cafe,No rating,No reviews,OPERATIONAL,https://maps.google.com/?cid=N/A
N/A,ريفينير,26.3746559,50.227042000000004,cafe,No rating,No reviews,OPERATIONAL,https://maps.google.com/?cid=N/A
N/A,CHART البحر,26.352526299999997,50.2235321,cafe,5,3,OPERATIONAL,https://maps.google.com/?cid=N/A
N/A,شاي T1 ( ترك ),26.3720125,50.2369844,cafe,5,13,OPERATIONAL,https://maps.google.com/?cid=N/A
N/A,باشا بورشيد,26.3752734,50.2351532,cafe,5,3,OPERATIONAL,https://maps.google.com/?cid=N/A
N/A,مأكولات وشاي حوسه,26.3751125,50.2350469,cafe,No rating,No reviews,OPERATIONAL,https://maps.google.com/?cid=N/A
N/A,Cart Restaurant مطعم كارت,26.376441099999997,50.0611651,cafe,4.6,2879,OPERATIONAL,https://maps.google.com/?cid=N/A
N/A,The Coffee Lab,26.384081899999998,50.0547028,cafe,4,1184,OPERATIONAL,https://maps.google.com/?cid=N/A
N/A,Lounge لي ڤيلا كافيه/لاونج,26.373732099999998,50.0594866,cafe,4.2,841,OPERATIONAL,https://maps.google.com/?cid=N/A
N/A,Brunswick,26.3900466,50.0655858,cafe,4.3,1323,OPERATIONAL,https://maps.google.com/?cid=N/A
N/A,GRAV CAFE قراف كافيه,26.3937614,50.0723649,cafe,4.4,1269,OPERATIONAL,https://maps.google.com/?cid=N/A
N/A,THiRDWAVE | Al-Faisaliyah | ثيردويڤ - الفيصلية,26.3915795,50.0726606,cafe,4.4,1930,OPERATIONAL,https://maps.google.com/?cid=N/A
N/A,شاي بخار,26.393422599999997,50.072139199999995,cafe,4.3,1207,OPERATIONAL,https://maps.google.com/?cid=N/A
N/A,محمصة و مقهى زليبرتي ZELEBRITY ROASTERS,26.3780415,50.058532,cafe,4.5,863,OPERATIONAL,https://maps.google.com/?cid=N/A
N/A,24Cafe,26.393901699999997,50.0707752,cafe,4.3,225,OPERATIONAL,https://maps.google.com/?cid=N/A
N/A,Luqaimat Alasal لقيمات العسل,26.3712662,50.064617899999995,cafe,4.6,1071,OPERATIONAL,https://maps.google.com/?cid=N/A
N/A,Barn's | بارنز,26.3826745,50.055182699999996,cafe,4.3,623,OPERATIONAL,https://maps.google.com/?cid=N/A
N/A,PETS PARK قهوة وقطوة,26.3881512,50.0756239,cafe,3.8,233,OPERATIONAL,https://maps.google.com/?cid=N/A
N/A,Starbucks,26.387190699999998,50.074965399999996,cafe,3.9,1666,OPERATIONAL,https://maps.google.com/?cid=N/A
N/A,PASTEL باستيل الفيصليه,26.377763599999998,50.060067499999995,cafe,4.6,202,OPERATIONAL,https://maps.google.com/?cid=N/A
N/A,Barn's | بارنز,26.3827513,50.072760099999996,cafe,4.3,93,OPERATIONAL,https://maps.google.com/?cid=N/A
N/A,دكة مارادونا,26.3849147,50.059179099999994,cafe,4.4,99,OPERATIONAL,https://maps.google.com/?cid=N/A
N/A,Dunkin' - دانكن,26.387523899999998,50.075126,cafe,4,137,OPERATIONAL,https://maps.google.com/?cid=N/A
N/A,Karak wa shapaty,26.372417,50.063745399999995,cafe,3.9,108,OPERATIONAL,https://maps.google.com/?cid=N/A
N/A,Blue Sky Coffee بلو سكاي كوفي الفيصلية,26.385302199999998,50.059785700000006,cafe,4,246,OPERATIONAL,https://maps.google.com/?cid=N/A
N/A,مقهى ومحمصة سمبلسيتي | Simplicity cafe & roastery,26.3784924,50.0588688,cafe,4.6,40,OPERATIONAL,https://maps.google.com/?cid=N/A
N/A,كيف التوأم,26.3761984,50.089225299999995,cafe,4.2,1844,OPERATIONAL,https://maps.google.com/?cid=N/A
N/A,WACAFE Al Rawdah | وكف الروضة,26.3955394,50.077867,cafe,4.3,2827,OPERATIONAL,https://maps.google.com/?cid=N/A
N/A,Umbrella - Dammam,26.376071999999997,50.088830099999996,cafe,4.3,2332,OPERATIONAL,https://maps.google.com/?cid=N/A
N/A,THiRDWAVE | Al-Faisaliyah | ثيردويڤ - الفيصلية,26.3915795,50.0726606,cafe,4.4,1930,OPERATIONAL,https://maps.google.com/?cid=N/A
N/A,شاي بخار,26.393422599999997,50.072139199999995,cafe,4.3,1207,OPERATIONAL,https://maps.google.com/?cid=N/A
N/A,Kyan‎,26.3837978,50.097206899999996,cafe,4.2,623,OPERATIONAL,https://maps.google.com/?cid=N/A
N/A,Cafe Flow,26.3941208,50.0786431,cafe,4.6,261,OPERATIONAL,https://maps.google.com/?cid=N/A
N/A,Tim Hortons Mazaya Gas Station,26.379904999999997,50.086740999999996,cafe,4.2,1873,OPERATIONAL,https://maps.google.com/?cid=N/A
N/A,مقهى ومحمصة أودن,26.3758311,50.0881324,cafe,4.3,120,OPERATIONAL,https://maps.google.com/?cid=N/A
N/A,dr.CAFE COFFEE,26.3940861,50.0851322,cafe,4.7,295,OPERATIONAL,https://maps.google.com/?cid=N/A
N/A,OLABS | اولابز,26.376374199999997,50.0889491,cafe,4,220,OPERATIONAL,https://maps.google.com/?cid=N/A
N/A,Starbucks,26.395542,50.078075,cafe,4,834,OPERATIONAL,https://maps.google.com/?cid=N/A
N/A,Choco Bliss,26.3931698,50.0846727,cafe,4.9,350,OPERATIONAL,https://maps.google.com/?cid=N/A
N/A,Motive Cafe,26.3758737,50.0885804,cafe,4.6,86,OPERATIONAL,https://maps.google.com/?cid=N/A
N/A,حلم,26.3752953,50.0875215,cafe,4.7,212,OPERATIONAL,https://maps.google.com/?cid=N/A
N/A,PETS PARK قهوة وقطوة,26.3881512,50.0756239,cafe,3.8,233,OPERATIONAL,https://maps.google.com/?cid=N/A
N/A,Starbucks,26.387190699999998,50.074965399999996,cafe,3.9,1666,OPERATIONAL,https://maps.google.com/?cid=N/A
N/A,Free Moments Coffeeلحظات الفراغ,26.3836692,50.0966808,cafe,4.1,211,OPERATIONAL,https://maps.google.com/?cid=N/A
N/A,كنافة مختص,26.3711028,50.085506699999996,cafe,4.6,235,OPERATIONAL,https://maps.google.com/?cid=N/A
N/A,Chapati & Karak,26.3839714,50.0964889,cafe,3.8,118,OPERATIONAL,https://maps.google.com/?cid=N/A
N/A,كيف التوأم,26.3761984,50.089225299999995,cafe,4.2,1844,OPERATIONAL,https://maps.google.com/?cid=N/A
N/A,Otten اوتن,26.392082600000002,50.1039475,cafe,4.4,907,OPERATIONAL,https://maps.google.com/?cid=N/A
N/A,8oz Coffee,26.372754,50.099579,cafe,4.1,3965,OPERATIONAL,https://maps.google.com/?cid=N/A
N/A,نَصّ | الدمام,26.3860817,50.1044212,cafe,3.8,707,OPERATIONAL,https://maps.google.com/?cid=N/A
N/A,مثلث الكرات triangle balls,26.386847099999997,50.104406499999996,cafe,4,679,OPERATIONAL,https://maps.google.com/?cid=N/A
N/A,Umbrella - Dammam,26.376071999999997,50.088830099999996,cafe,4.3,2332,OPERATIONAL,https://maps.google.com/?cid=N/A
N/A,Starbucks,26.3713879,50.095802,cafe,4,832,OPERATIONAL,https://maps.google.com/?cid=N/A
N/A,OMOTENASHI,26.379583200000003,50.103615,cafe,4.7,473,OPERATIONAL,https://maps.google.com/?cid=N/A
N/A,Kyan‎,26.3837978,50.097206899999996,cafe,4.2,623,OPERATIONAL,https://maps.google.com/?cid=N/A
N/A,ONA Roastery & Bakery,26.378572199999997,50.103516299999995,cafe,4.5,287,OPERATIONAL,https://maps.google.com/?cid=N/A
N/A,شاي خالد,26.3736832,50.1023697,cafe,4.2,322,OPERATIONAL,https://maps.google.com/?cid=N/A
N/A,Tim Hortons Mazaya Gas Station,26.379904999999997,50.086740999999996,cafe,4.2,1873,OPERATIONAL,https://maps.google.com/?cid=N/A
N/A,مقهى ومحمصة أودن,26.3758311,50.0881324,cafe,4.3,120,OPERATIONAL,https://maps.google.com/?cid=N/A
N/A,Coffee Warehouse,26.3947582,50.104745699999995,cafe,4.2,1682,OPERATIONAL,https://maps.google.com/?cid=N/A
N/A,OLABS | اولابز,26.376374199999997,50.0889491,cafe,4,220,OPERATIONAL,https://maps.google.com/?cid=N/A
N/A,Dunkin,26.3725804,50.0991266,cafe,3.9,447,OPERATIONAL,https://maps.google.com/?cid=N/A
N/A,LAMBDA | لامدا,26.3812317,50.0988998,cafe,4.6,544,OPERATIONAL,https://maps.google.com/?cid=N/A
N/A,22 Café,26.3779702,50.103593599999996,cafe,4.3,1026,OPERATIONAL,https://maps.google.com/?cid=N/A
N/A,Karak Alhazah,26.3936988,50.1047212,cafe,4.3,457,OPERATIONAL,https://maps.google.com/?cid=N/A
N/A,Motive Cafe,26.3758737,50.0885804,cafe,4.6,86,OPERATIONAL,https://maps.google.com/?cid=N/A
N/A,نَصّ | الدمام,26.3860817,50.1044212,cafe,3.8,707,OPERATIONAL,https://maps.google.com/?cid=N/A
N/A,مثلث الكرات triangle balls,26.386847099999997,50.104406499999996,cafe,4,679,OPERATIONAL,https://maps.google.com/?cid=N/A
N/A,Repeat Speciality Coffee,26.3730974,50.1202572,cafe,4.4,422,OPERATIONAL,https://maps.google.com/?cid=N/A
N/A,مقهى الدب,26.3919033,50.1229357,cafe,4.2,278,OPERATIONAL,https://maps.google.com/?cid=N/A
N/A,Onda Coffee مقهى أوندا,26.3763014,50.1228128,cafe,4.3,768,OPERATIONAL,https://maps.google.com/?cid=N/A
N/A,ATYPICAL,26.378760500000002,50.1233795,cafe,4.6,113,OPERATIONAL,https://maps.google.com/?cid=N/A
N/A,Dunkin' - دانكن,26.3745625,50.118312499999995,cafe,4,942,OPERATIONAL,https://maps.google.com/?cid=N/A
N/A,Spill coffee|قهوة سبل,26.382619199999997,50.104253299999996,cafe,4.8,125,OPERATIONAL,https://maps.google.com/?cid=N/A
N/A,Blendday Coffee,26.3819818,50.104265899999994,cafe,4.8,174,OPERATIONAL,https://maps.google.com/?cid=N/A
N/A,Tim Hortons,26.3911756,50.113878899999996,cafe,4.6,196,OPERATIONAL,https://maps.google.com/?cid=N/A
N/A,Costa Coffee,26.391167,50.1137723,cafe,4.9,411,OPERATIONAL,https://maps.google.com/?cid=N/A
N/A,شاهي رمث,26.3733847,50.1221957,cafe,4.8,255,OPERATIONAL,https://maps.google.com/?cid=N/A
N/A,Road Café | قهوة الطريق,26.380675,50.10362,cafe,4.3,754,OPERATIONAL,https://maps.google.com/?cid=N/A
N/A,Wafflelicious وافليشز,26.382656899999997,50.104306099999995,cafe,4,485,OPERATIONAL,https://maps.google.com/?cid=N/A
N/A,شاي مدخن,26.373562500000002,50.1282344,cafe,4.9,150,OPERATIONAL,https://maps.google.com/?cid=N/A
N/A,THiRDWAVE | Al Nuzha | ثيردويڤ النزهة,26.3829514,50.1045126,cafe,4.8,96,OPERATIONAL,https://maps.google.com/?cid=N/A
N/A,Road Café | قهوة الطريق,26.3896646,50.1126813,cafe,4.3,218,OPERATIONAL,https://maps.google.com/?cid=N/A
N/A,بُنّه كوفي,26.378754699999998,50.1172207,cafe,4.9,15,OPERATIONAL,https://maps.google.com/?cid=N/A
N/A,ATYPICAL,26.378760500000002,50.1233795,cafe,4.6,113,OPERATIONAL,https://maps.google.com/?cid=N/A
N/A,CAWALEES كواليس,26.3805505,50.148041,cafe,3.8,234,OPERATIONAL,https://maps.google.com/?cid=N/A
N/A,Mix and Match Coffee and Bakery - مقهى مكس اند ماتش,26.378063599999997,50.1480472,cafe,4.7,128,OPERATIONAL,https://maps.google.com/?cid=N/A
N/A,Starbucks,26.380989099999997,50.148113699999996,cafe,4.4,260,OPERATIONAL,https://maps.google.com/?cid=N/A
N/A,Dunkin' - دانكن,26.385531999999998,50.149494999999995,cafe,3.1,79,OPERATIONAL,https://maps.google.com/?cid=N/A
N/A,Barn's | بارنز,26.3878362,50.1493994,cafe,4.1,19,OPERATIONAL,https://maps.google.com/?cid=N/A
N/A,شاي مدخن,26.373562500000002,50.1282344,cafe,4.9,150,OPERATIONAL,https://maps.google.com/?cid=N/A
N/A,مقهى همسة مزاج,26.3779668,50.1483284,cafe,3.9,48,OPERATIONAL,https://maps.google.com/?cid=N/A
N/A,مقهى بيت الدراجين,26.3840625,50.1253125,cafe,3.7,3,OPERATIONAL,https://maps.google.com/?cid=N/A
N/A,طعيم | شاي مختص,26.372953799999998,50.1272167,cafe,4.6,54,OPERATIONAL,https://maps.google.com/?cid=N/A
N/A,دانكن,26.3813152,50.1481985,cafe,1.8,16,OPERATIONAL,https://maps.google.com/?cid=N/A
N/A,Cafè and burgers,26.3917443,50.125843599999996,cafe,4.5,6,OPERATIONAL,https://maps.google.com/?cid=N/A
N/A,ديڤا كافيه -Diva coffee,26.386050299999997,50.1221636,cafe,4.7,46,OPERATIONAL,https://maps.google.com/?cid=N/A
N/A,كوفي نزهة Nuzhah Cafe,26.392979999999998,50.1260614,cafe,3,2,OPERATIONAL,https://maps.google.com/?cid=N/A
N/A,مقهى ميامن البن لتقديم المشروبات,26.3764377,50.1244684,cafe,3,2,OPERATIONAL,https://maps.google.com/?cid=N/A
N/A,Bukhari Farrah 3 qasr Al Khalige,26.384078499999998,50.1412458,cafe,No rating,No reviews,OPERATIONAL,https://maps.google.com/?cid=N/A
N/A,ترك شاي واكثر,26.3728765,50.127762499999996,cafe,5,1,OPERATIONAL,https://maps.google.com/?cid=N/A
N/A,CAWALEES كواليس,26.3805505,50.148041,cafe,3.8,234,OPERATIONAL,https://maps.google.com/?cid=N/A
N/A,Mix and Match Coffee and Bakery - مقهى مكس اند ماتش,26.378063599999997,50.1480472,cafe,4.7,128,OPERATIONAL,https://maps.google.com/?cid=N/A
N/A,Starbucks,26.380989099999997,50.148113699999996,cafe,4.4,260,OPERATIONAL,https://maps.google.com/?cid=N/A
N/A,LEVANTINE LOUNG & RESTAURANT ليفانتين لاونج,26.3740489,50.1480464,cafe,4.8,135,OPERATIONAL,https://maps.google.com/?cid=N/A
N/A,Dunkin' - دانكن,26.385531999999998,50.149494999999995,cafe,3.1,79,OPERATIONAL,https://maps.google.com/?cid=N/A
N/A,Barn's | بارنز,26.3878362,50.1493994,cafe,4.1,19,OPERATIONAL,https://maps.google.com/?cid=N/A
N/A,مقهى همسة مزاج,26.3779668,50.1483284,cafe,3.9,48,OPERATIONAL,https://maps.google.com/?cid=N/A
N/A,اولابز | OLABS‏,26.3843137,50.167625,cafe,3.8,48,OPERATIONAL,https://maps.google.com/?cid=N/A
N/A,دانكن,26.3813152,50.1481985,cafe,1.8,16,OPERATIONAL,https://maps.google.com/?cid=N/A
N/A,Bukhari Farrah 3 qasr Al Khalige,26.384078499999998,50.1412458,cafe,No rating,No reviews,OPERATIONAL,https://maps.google.com/?cid=N/A
N/A,SA’AH Cafe مقهى سعة,26.379311899999998,50.182052,cafe,4.7,626,OPERATIONAL,https://maps.google.com/?cid=N/A
N/A,Clix,26.3888729,50.178373,cafe,4.6,2545,OPERATIONAL,https://maps.google.com/?cid=N/A
N/A,8oz Coffee | ايت اوز كوفي,26.3825473,50.17834380000001,cafe,4.2,901,OPERATIONAL,https://maps.google.com/?cid=N/A
N/A,Four Squares Café,26.379938,50.178208,cafe,4.7,2098,OPERATIONAL,https://maps.google.com/?cid=N/A
N/A,Dunkin' - دانكن,26.3886765,50.177850199999995,cafe,4.2,405,OPERATIONAL,https://maps.google.com/?cid=N/A
N/A,Tim Hortons,26.379626200000004,50.181978699999995,cafe,4.2,1478,OPERATIONAL,https://maps.google.com/?cid=N/A
N/A,Starbucks,26.372704799999998,50.178609699999996,cafe,4.3,1062,OPERATIONAL,https://maps.google.com/?cid=N/A
N/A,Tim Hortons,26.370908699999998,50.1747995,cafe,4.8,209,OPERATIONAL,https://maps.google.com/?cid=N/A
N/A,Crafter Cafe مقهى كرافتر,26.3751838,50.1750274,cafe,4.7,58,OPERATIONAL,https://maps.google.com/?cid=N/A
N/A,ليفت القشلة LEFT AlQashla,26.3724375,50.1739375,cafe,4.7,44,OPERATIONAL,https://maps.google.com/?cid=N/A
N/A,اولابز | OLABS‏,26.3843137,50.167625,cafe,3.8,48,OPERATIONAL,https://maps.google.com/?cid=N/A
N/A,Dunkin' - دانكن,26.384919999999997,50.186232000000004,cafe,3.8,249,OPERATIONAL,https://maps.google.com/?cid=N/A
N/A,Costa Coffee,26.391662999999998,50.177547,cafe,2.5,23,OPERATIONAL,https://maps.google.com/?cid=N/A
N/A,Mana,26.388974299999997,50.1783801,cafe,4.5,46,OPERATIONAL,https://maps.google.com/?cid=N/A
N/A,Wogard Coffee Roasters,26.3771666,50.178799299999994,cafe,3.4,8,OPERATIONAL,https://maps.google.com/?cid=N/A
N/A,مقهى شاهي جمر Jamar Tea Cafe,26.3887495,50.1783814,cafe,4.1,32,OPERATIONAL,https://maps.google.com/?cid=N/A
N/A,Barn’s,26.3893523,50.178064199999994,cafe,2.6,9,OPERATIONAL,https://maps.google.com/?cid=N/A
N/A,شاي متعب,26.3807314,50.1818341,cafe,5,39,OPERATIONAL,https://maps.google.com/?cid=N/A
N/A,Avens Bistro ( Al Youm Tower),26.379203399999998,50.1702173,cafe,5,4,OPERATIONAL,https://maps.google.com/?cid=N/A
N/A,SA’AH Cafe مقهى سعة,26.379311899999998,50.182052,cafe,4.7,626,OPERATIONAL,https://maps.google.com/?cid=N/A
N/A,Clix,26.3888729,50.178373,cafe,4.6,2545,OPERATIONAL,https://maps.google.com/?cid=N/A
N/A,8oz Coffee | ايت اوز كوفي,26.3825473,50.17834380000001,cafe,4.2,901,OPERATIONAL,https://maps.google.com/?cid=N/A
N/A,Four Squares Café,26.379938,50.178208,cafe,4.7,2098,OPERATIONAL,https://maps.google.com/?cid=N/A
N/A,Dunkin' - دانكن,26.3886765,50.177850199999995,cafe,4.2,405,OPERATIONAL,https://maps.google.com/?cid=N/A
N/A,Tim Hortons,26.379626200000004,50.181978699999995,cafe,4.2,1478,OPERATIONAL,https://maps.google.com/?cid=N/A
N/A,7 Grams Drive Thru - Somou (soon),26.3788489,50.1962475,cafe,4.8,86,OPERATIONAL,https://maps.google.com/?cid=N/A
N/A,Wiso Bakery- الراكة,26.3793641,50.1957631,cafe,4.3,101,OPERATIONAL,https://maps.google.com/?cid=N/A
N/A,Dunkin' - دانكن,26.384919999999997,50.186232000000004,cafe,3.8,249,OPERATIONAL,https://maps.google.com/?cid=N/A
N/A,Mana,26.388974299999997,50.1783801,cafe,4.5,46,OPERATIONAL,https://maps.google.com/?cid=N/A
N/A,Dunkin' - دانكن,26.3951875,50.1925625,cafe,3.6,67,OPERATIONAL,https://maps.google.com/?cid=N/A
N/A,دانكن,26.3882399,50.1875746,cafe,3.7,16,OPERATIONAL,https://maps.google.com/?cid=N/A
N/A,Wogard Coffee Roasters,26.3771666,50.178799299999994,cafe,3.4,8,OPERATIONAL,https://maps.google.com/?cid=N/A
N/A,The HUB Co.,26.394886999999997,50.189222,cafe,4.7,3,OPERATIONAL,https://maps.google.com/?cid=N/A
N/A,مقهى شاهي جمر Jamar Tea Cafe,26.3887495,50.1783814,cafe,4.1,32,OPERATIONAL,https://maps.google.com/?cid=N/A
N/A,كاس بن | kasbon,26.3902725,50.186124899999996,cafe,1,2,OPERATIONAL,https://maps.google.com/?cid=N/A
N/A,Barn’s,26.3893523,50.178064199999994,cafe,2.6,9,OPERATIONAL,https://maps.google.com/?cid=N/A
N/A,Phobia cafe,26.393996299999998,50.190087899999995,cafe,3.8,10,OPERATIONAL,https://maps.google.com/?cid=N/A
N/A,شاي متعب,26.3807314,50.1818341,cafe,5,39,OPERATIONAL,https://maps.google.com/?cid=N/A
N/A,Cafe!n كافي ان,26.378199,50.207256,cafe,4.8,131,OPERATIONAL,https://maps.google.com/?cid=N/A
N/A,7 Grams Drive Thru - Somou (soon),26.3788489,50.1962475,cafe,4.8,86,OPERATIONAL,https://maps.google.com/?cid=N/A
N/A,Wiso Bakery- الراكة,26.3793641,50.1957631,cafe,4.3,101,OPERATIONAL,https://maps.google.com/?cid=N/A
N/A,Archi | أرتشي,26.3799432,50.218266799999995,cafe,4.9,8,OPERATIONAL,https://maps.google.com/?cid=N/A
N/A,بيت المزاج,26.3841951,50.205358700000005,cafe,4.7,15,OPERATIONAL,https://maps.google.com/?cid=N/A
N/A,ONA Roastery & Bakery,26.371824699999998,50.2284857,cafe,4.4,681,OPERATIONAL,https://maps.google.com/?cid=N/A
N/A,A place for people,26.371992199999998,50.229121000000006,cafe,4.5,468,OPERATIONAL,https://maps.google.com/?cid=N/A
N/A,شاي ابو شنب,26.381787499999998,50.2343906,cafe,4.3,244,OPERATIONAL,https://maps.google.com/?cid=N/A
N/A,ملك الشاي,26.388724399999997,50.2355251,cafe,4.8,810,OPERATIONAL,https://maps.google.com/?cid=N/A
N/A,شاي رمله,26.389180800000002,50.2353914,cafe,4.1,91,OPERATIONAL,https://maps.google.com/?cid=N/A
N/A,W Souffle,26.391995800000004,50.233421,cafe,4.4,153,OPERATIONAL,https://maps.google.com/?cid=N/A
N/A,شاي جمرة,26.3908144,50.2342808,cafe,4.6,239,OPERATIONAL,https://maps.google.com/?cid=N/A
N/A,شاهي هدب,26.388245599999998,50.235756099999996,cafe,4.9,99,OPERATIONAL,https://maps.google.com/?cid=N/A
N/A,بيالة,26.383677499999997,50.2355184,cafe,4.3,36,OPERATIONAL,https://maps.google.com/?cid=N/A
N/A,شاي بدو,26.390537499999997,50.2344219,cafe,4.6,109,OPERATIONAL,https://maps.google.com/?cid=N/A
N/A,خوّه - Khowwh,26.3880767,50.235810099999995,cafe,4.9,301,OPERATIONAL,https://maps.google.com/?cid=N/A
N/A,شاهي القشلة,26.3891027,50.2354306,cafe,4.8,112,OPERATIONAL,https://maps.google.com/?cid=N/A
N/A,موج,26.391540499999998,50.2337971,cafe,4.6,124,OPERATIONAL,https://maps.google.com/?cid=N/A
N/A,شاي مسقف,26.383457699999997,50.2354011,cafe,4.6,53,OPERATIONAL,https://maps.google.com/?cid=N/A
N/A,ايميز البحر / Amies,26.3924889,50.2332829,cafe,4.9,109,OPERATIONAL,https://maps.google.com/?cid=N/A
N/A,مقطار,26.3827688,50.235010499999994,cafe,4.4,61,OPERATIONAL,https://maps.google.com/?cid=N/A
N/A,شاهي ضو,26.384839799999998,50.2358676,cafe,4.9,161,OPERATIONAL,https://maps.google.com/?cid=N/A
N/A,FUN_ICE,26.3906214,50.233795099999995,cafe,3.7,15,OPERATIONAL,https://maps.google.com/?cid=N/A
N/A,شاي تذكار,26.3850309,50.235942599999994,cafe,4.2,46,OPERATIONAL,https://maps.google.com/?cid=N/A
N/A,مستهل,26.3823004,50.2348455,cafe,3.9,19,OPERATIONAL,https://maps.google.com/?cid=N/A
N/A,شاي ابو شنب,26.381787499999998,50.2343906,cafe,4.3,244,OPERATIONAL,https://maps.google.com/?cid=N/A
N/A,ملك الشاي,26.388724399999997,50.2355251,cafe,4.8,810,OPERATIONAL,https://maps.google.com/?cid=N/A
N/A,شاي رمله,26.389180800000002,50.2353914,cafe,4.1,91,OPERATIONAL,https://maps.google.com/?cid=N/A
N/A,W Souffle,26.391995800000004,50.233421,cafe,4.4,153,OPERATIONAL,https://maps.google.com/?cid=N/A
N/A,شاي جمرة,26.3908144,50.2342808,cafe,4.6,239,OPERATIONAL,https://maps.google.com/?cid=N/A
N/A,شاهي هدب,26.388245599999998,50.235756099999996,cafe,4.9,99,OPERATIONAL,https://maps.google.com/?cid=N/A
N/A,بيالة,26.383677499999997,50.2355184,cafe,4.3,36,OPERATIONAL,https://maps.google.com/?cid=N/A
N/A,شاي بدو,26.390537499999997,50.2344219,cafe,4.6,109,OPERATIONAL,https://maps.google.com/?cid=N/A
N/A,خوّه - Khowwh,26.3880767,50.235810099999995,cafe,4.9,301,OPERATIONAL,https://maps.google.com/?cid=N/A
N/A,شاهي القشلة,26.3891027,50.2354306,cafe,4.8,112,OPERATIONAL,https://maps.google.com/?cid=N/A
N/A,موج,26.391540499999998,50.2337971,cafe,4.6,124,OPERATIONAL,https://maps.google.com/?cid=N/A
N/A,شاي مسقف,26.383457699999997,50.2354011,cafe,4.6,53,OPERATIONAL,https://maps.google.com/?cid=N/A
N/A,مقطار,26.3827688,50.235010499999994,cafe,4.4,61,OPERATIONAL,https://maps.google.com/?cid=N/A
N/A,ايميز البحر / Amies,26.3924889,50.2332829,cafe,4.9,109,OPERATIONAL,https://maps.google.com/?cid=N/A
N/A,شاهي ضو,26.384839799999998,50.2358676,cafe,4.9,161,OPERATIONAL,https://maps.google.com/?cid=N/A
N/A,FUN_ICE,26.3906214,50.233795099999995,cafe,3.7,15,OPERATIONAL,https://maps.google.com/?cid=N/A
N/A,شاي تذكار,26.3850309,50.235942599999994,cafe,4.2,46,OPERATIONAL,https://maps.google.com/?cid=N/A
N/A,مستهل,26.3823004,50.2348455,cafe,3.9,19,OPERATIONAL,https://maps.google.com/?cid=N/A
N/A,شاي T1 ( ترك ),26.3720125,50.2369844,cafe,5,13,OPERATIONAL,https://maps.google.com/?cid=N/A
N/A,مقهى ثروة,26.386771699999997,50.2360767,cafe,4.5,53,OPERATIONAL,https://maps.google.com/?cid=N/A
N/A,Half Million,26.3994216,50.0757644,cafe,4.3,774,OPERATIONAL,https://maps.google.com/?cid=N/A
N/A,GRAPH Cafe,26.4074796,50.0666358,cafe,4.2,1773,OPERATIONAL,https://maps.google.com/?cid=N/A
N/A,بكلو Piccolo,26.400392699999998,50.0734563,cafe,4.3,2321,OPERATIONAL,https://maps.google.com/?cid=N/A
N/A,Brunswick,26.3900466,50.0655858,cafe,4.3,1323,OPERATIONAL,https://maps.google.com/?cid=N/A
N/A,Khalifa tea,26.407518399999997,50.066486499999996,cafe,4.3,670,OPERATIONAL,https://maps.google.com/?cid=N/A
N/A,GRAV CAFE قراف كافيه,26.3937614,50.0723649,cafe,4.4,1269,OPERATIONAL,https://maps.google.com/?cid=N/A
N/A,THiRDWAVE | Al-Faisaliyah | ثيردويڤ - الفيصلية,26.3915795,50.0726606,cafe,4.4,1930,OPERATIONAL,https://maps.google.com/?cid=N/A
N/A,شاي بخار,26.393422599999997,50.072139199999995,cafe,4.3,1207,OPERATIONAL,https://maps.google.com/?cid=N/A
N/A,مقهى ومحمصة سمبلسيتي | Simplicity cafe & roastery,26.403091099999997,50.0629042,cafe,4.5,497,OPERATIONAL,https://maps.google.com/?cid=N/A
N/A,شاي كيف التوأم 3,26.400360199999998,50.0662032,cafe,4.1,840,OPERATIONAL,https://maps.google.com/?cid=N/A
N/A,Frieze Cafe,26.4052133,50.070036,cafe,4.4,916,OPERATIONAL,https://maps.google.com/?cid=N/A
N/A,Happiness Cup,26.408019799999998,50.0718702,cafe,4.4,1640,OPERATIONAL,https://maps.google.com/?cid=N/A
N/A,Dose cafe,26.3983125,50.0681875,cafe,4,1814,OPERATIONAL,https://maps.google.com/?cid=N/A
N/A,Starbucks,26.400726000000002,50.073291999999995,cafe,4.1,320,OPERATIONAL,https://maps.google.com/?cid=N/A
N/A,SOCIAL POOL مقهى ومركز ترفيهي سوشيال بول,26.4074799,50.066545700000006,cafe,4.4,310,OPERATIONAL,https://maps.google.com/?cid=N/A
N/A,All Day,26.400994599999997,50.051673,cafe,4.4,154,OPERATIONAL,https://maps.google.com/?cid=N/A
N/A,Kiva Han Coffee - كيفاهان كافيه,26.3994678,50.0753396,cafe,4,804,OPERATIONAL,https://maps.google.com/?cid=N/A
N/A,Cinnabon,26.403578699999997,50.05720720000001,cafe,3.2,339,OPERATIONAL,https://maps.google.com/?cid=N/A
N/A,24Cafe,26.393901699999997,50.0707752,cafe,4.3,225,OPERATIONAL,https://maps.google.com/?cid=N/A
N/A,WACAFE Al Rawdah | وكف الروضة,26.3955394,50.077867,cafe,4.3,2827,OPERATIONAL,https://maps.google.com/?cid=N/A
N/A,Half Million,26.3994216,50.0757644,cafe,4.3,774,OPERATIONAL,https://maps.google.com/?cid=N/A
N/A,UMQ Coffee 2.1,26.397824500000002,50.092468499999995,cafe,4.4,1344,OPERATIONAL,https://maps.google.com/?cid=N/A
N/A,بكلو Piccolo,26.400392699999998,50.0734563,cafe,4.3,2321,OPERATIONAL,https://maps.google.com/?cid=N/A
N/A,GRAV CAFE قراف كافيه,26.3937614,50.0723649,cafe,4.4,1269,OPERATIONAL,https://maps.google.com/?cid=N/A
N/A,شاي بخار,26.393422599999997,50.072139199999995,cafe,4.3,1207,OPERATIONAL,https://maps.google.com/?cid=N/A
N/A,THiRDWAVE | Al-Faisaliyah | ثيردويڤ - الفيصلية,26.3915795,50.0726606,cafe,4.4,1930,OPERATIONAL,https://maps.google.com/?cid=N/A
N/A,Bitten Café,26.4003421,50.096310499999994,cafe,4.4,560,OPERATIONAL,https://maps.google.com/?cid=N/A
N/A,Frieze Cafe,26.4052133,50.070036,cafe,4.4,916,OPERATIONAL,https://maps.google.com/?cid=N/A
N/A,Happiness Cup,26.408019799999998,50.0718702,cafe,4.4,1640,OPERATIONAL,https://maps.google.com/?cid=N/A
N/A,Cafe Flow,26.3941208,50.0786431,cafe,4.6,261,OPERATIONAL,https://maps.google.com/?cid=N/A
N/A,Line Espresso Bar & Roastery,26.3980954,50.0929594,cafe,4.5,297,OPERATIONAL,https://maps.google.com/?cid=N/A
N/A,Pages Coffee,26.400152199999997,50.0972709,cafe,3.9,647,OPERATIONAL,https://maps.google.com/?cid=N/A
N/A,Dose cafe,26.3983125,50.0681875,cafe,4,1814,OPERATIONAL,https://maps.google.com/?cid=N/A
N/A,Starbucks,26.400726000000002,50.073291999999995,cafe,4.1,320,OPERATIONAL,https://maps.google.com/?cid=N/A
N/A,Kiva Han Coffee - كيفاهان كافيه,26.3994678,50.0753396,cafe,4,804,OPERATIONAL,https://maps.google.com/?cid=N/A
N/A,dr.CAFE COFFEE,26.3940861,50.0851322,cafe,4.7,295,OPERATIONAL,https://maps.google.com/?cid=N/A
N/A,24Cafe,26.393901699999997,50.0707752,cafe,4.3,225,OPERATIONAL,https://maps.google.com/?cid=N/A
N/A,Starbucks,26.395542,50.078075,cafe,4,834,OPERATIONAL,https://maps.google.com/?cid=N/A
N/A,Choco Bliss,26.3931698,50.0846727,cafe,4.9,350,OPERATIONAL,https://maps.google.com/?cid=N/A
N/A,ARCHI,26.411773600000004,50.093381699999995,cafe,4.1,1148,OPERATIONAL,https://maps.google.com/?cid=N/A
N/A,Otten اوتن,26.392082600000002,50.1039475,cafe,4.4,907,OPERATIONAL,https://maps.google.com/?cid=N/A
N/A,UMQ Coffee 2.1,26.397824500000002,50.092468499999995,cafe,4.4,1344,OPERATIONAL,https://maps.google.com/?cid=N/A
N/A,20 U R,26.403187499999998,50.1018125,cafe,4.3,1690,OPERATIONAL,https://maps.google.com/?cid=N/A
N/A,HAZEL COFFEE | هزل كوفي,26.4049701,50.1021156,cafe,4.6,321,OPERATIONAL,https://maps.google.com/?cid=N/A
N/A,All Day,26.4048886,50.1021526,cafe,4.4,1954,OPERATIONAL,https://maps.google.com/?cid=N/A
N/A,بيلا سويت | Billa sweet,26.4120529,50.096745999999996,cafe,4.1,1554,OPERATIONAL,https://maps.google.com/?cid=N/A
N/A,Hassad Coffee Roasters | محمصة حصاد,26.4037354,50.1017617,cafe,4.7,365,OPERATIONAL,https://maps.google.com/?cid=N/A
N/A,Bitten Café,26.4003421,50.096310499999994,cafe,4.4,560,OPERATIONAL,https://maps.google.com/?cid=N/A
N/A,ديلي كب Daily cup,26.401926399999997,50.0996703,cafe,4.4,143,OPERATIONAL,https://maps.google.com/?cid=N/A
N/A,W Gym,26.401343699999998,50.1137757,cafe,4.2,840,OPERATIONAL,https://maps.google.com/?cid=N/A
N/A,Pages Coffee,26.400152199999997,50.0972709,cafe,3.9,647,OPERATIONAL,https://maps.google.com/?cid=N/A
N/A,Savor Bakery (Dammam),26.4111762,50.1092918,cafe,4.3,534,OPERATIONAL,https://maps.google.com/?cid=N/A
N/A,Line Espresso Bar & Roastery,26.3980954,50.0929594,cafe,4.5,297,OPERATIONAL,https://maps.google.com/?cid=N/A
N/A,مقهى ومحمصة سمبلسيتي | Simplicity cafe & roastery,26.403173400000004,50.105962,cafe,4.7,187,OPERATIONAL,https://maps.google.com/?cid=N/A
N/A,Madeleine Boutique,26.4063195,50.101053799999995,cafe,4,188,OPERATIONAL,https://maps.google.com/?cid=N/A
N/A,Onda Coffee مقهى أوندا,26.4055163,50.1012236,cafe,4.4,343,OPERATIONAL,https://maps.google.com/?cid=N/A
N/A,Coffee Warehouse,26.3947582,50.104745699999995,cafe,4.2,1682,OPERATIONAL,https://maps.google.com/?cid=N/A
N/A,Starbucks,26.4109085,50.109440799999994,cafe,4.3,1117,OPERATIONAL,https://maps.google.com/?cid=N/A
N/A,Barn's | بارنز,26.4026991,50.101131099999996,cafe,4.2,621,OPERATIONAL,https://maps.google.com/?cid=N/A
N/A,مقهى الدب,26.3919033,50.1229357,cafe,4.2,278,OPERATIONAL,https://maps.google.com/?cid=N/A
N/A,W Gym,26.401343699999998,50.1137757,cafe,4.2,840,OPERATIONAL,https://maps.google.com/?cid=N/A
N/A,Garden Gate,26.3981338,50.127047600000004,cafe,4.7,1014,OPERATIONAL,https://maps.google.com/?cid=N/A
N/A,Savor Bakery (Dammam),26.4111762,50.1092918,cafe,4.3,534,OPERATIONAL,https://maps.google.com/?cid=N/A
N/A,مقهى ومحمصة سمبلسيتي | Simplicity cafe & roastery,26.403173400000004,50.105962,cafe,4.7,187,OPERATIONAL,https://maps.google.com/?cid=N/A
N/A,Ojair Specialty Coffee,26.4111576,50.114582,cafe,4.5,506,OPERATIONAL,https://maps.google.com/?cid=N/A
N/A,Mafaz,26.406983699999998,50.1129068,cafe,4.2,426,OPERATIONAL,https://maps.google.com/?cid=N/A
N/A,Starbucks,26.4109085,50.109440799999994,cafe,4.3,1117,OPERATIONAL,https://maps.google.com/?cid=N/A
N/A,Moroccan Taste,26.4008246,50.1152489,cafe,4.2,225,OPERATIONAL,https://maps.google.com/?cid=N/A
N/A,Low.coffee,26.4026526,50.105332499999996,cafe,4.8,381,OPERATIONAL,https://maps.google.com/?cid=N/A
N/A,Starbucks,26.3992743,50.1049799,cafe,3.9,258,OPERATIONAL,https://maps.google.com/?cid=N/A
N/A,Dunkin' - دانكن,26.411542299999997,50.1108724,cafe,3.8,338,OPERATIONAL,https://maps.google.com/?cid=N/A
N/A,Kuba cafe,26.4136743,50.115859,cafe,4.6,165,OPERATIONAL,https://maps.google.com/?cid=N/A
N/A,الكرك,26.4016919,50.1051332,cafe,3.7,130,OPERATIONAL,https://maps.google.com/?cid=N/A
N/A,Saadeddin Pastry,26.4091678,50.109314399999995,cafe,4,315,OPERATIONAL,https://maps.google.com/?cid=N/A
N/A,Krispy Kreme,26.409298699999997,50.1085754,cafe,4.2,938,OPERATIONAL,https://maps.google.com/?cid=N/A
N/A,Dunkin' - دانكن,26.4094375,50.1096875,cafe,3.8,311,OPERATIONAL,https://maps.google.com/?cid=N/A
N/A,Barn's | بارنز,26.4123958,50.1103186,cafe,4.1,60,OPERATIONAL,https://maps.google.com/?cid=N/A
N/A,Tim Hortons,26.3911756,50.113878899999996,cafe,4.6,196,OPERATIONAL,https://maps.google.com/?cid=N/A
N/A,محمصة قلم للقهوة المختصة,26.406875799999998,50.1129587,cafe,4.2,113,OPERATIONAL,https://maps.google.com/?cid=N/A
N/A,Garden Gate,26.3981338,50.127047600000004,cafe,4.7,1014,OPERATIONAL,https://maps.google.com/?cid=N/A
N/A,Dunkin' - دانكن,26.4100002,50.1332867,cafe,4.3,241,OPERATIONAL,https://maps.google.com/?cid=N/A
N/A,Starbucks,26.406900000000004,50.138279,cafe,4.2,274,OPERATIONAL,https://maps.google.com/?cid=N/A
N/A,Derby Coffee,26.3969097,50.1482063,cafe,4.1,98,OPERATIONAL,https://maps.google.com/?cid=N/A
N/A,مستودعات بيانولا,26.4078572,50.1408418,cafe,3.5,6,OPERATIONAL,https://maps.google.com/?cid=N/A
N/A,كوفي نزهة Nuzhah Cafe,26.392979999999998,50.1260614,cafe,3,2,OPERATIONAL,https://maps.google.com/?cid=N/A
N/A,Al Seef cafe,26.3969223,50.1679341,cafe,4.2,2209,OPERATIONAL,https://maps.google.com/?cid=N/A
N/A,Derby Coffee,26.3969097,50.1482063,cafe,4.1,98,OPERATIONAL,https://maps.google.com/?cid=N/A
N/A,Al Seef cafe,26.3969223,50.1679341,cafe,4.2,2209,OPERATIONAL,https://maps.google.com/?cid=N/A
N/A,Diwan Lounge,26.412550799999998,50.1733147,cafe,4,2118,OPERATIONAL,https://maps.google.com/?cid=N/A
N/A,بوس كافيه BOSS CAFE,26.4127257,50.173091,cafe,3.9,374,OPERATIONAL,https://maps.google.com/?cid=N/A
N/A,Costa Coffee,26.391662999999998,50.177547,cafe,2.5,23,OPERATIONAL,https://maps.google.com/?cid=N/A
N/A,Barn’s,26.3893523,50.178064199999994,cafe,2.6,9,OPERATIONAL,https://maps.google.com/?cid=N/A
N/A,مستهل,26.405448699999997,50.1861463,cafe,5,12,OPERATIONAL,https://maps.google.com/?cid=N/A
N/A,مقام للقهوة والشاي,26.411922,50.1695277,cafe,1,1,OPERATIONAL,https://maps.google.com/?cid=N/A
N/A,Coffèa,26.4120442,50.169275899999995,cafe,5,5,OPERATIONAL,https://maps.google.com/?cid=N/A
N/A,شاهي الشتاء,26.403865099999997,50.183664099999994,cafe,5,3,OPERATIONAL,https://maps.google.com/?cid=N/A
N/A,Tanween,26.410391399999998,50.1675514,cafe,No rating,No reviews,OPERATIONAL,https://maps.google.com/?cid=N/A
N/A,Archi,26.411875,50.169233399999996,cafe,No rating,No reviews,OPERATIONAL,https://maps.google.com/?cid=N/A
N/A,فود ترك عزوز واااااو,26.405604099999998,50.1866135,cafe,No rating,No reviews,OPERATIONAL,https://maps.google.com/?cid=N/A
N/A,Hokm cafe-مقهى حكم,26.4063724,50.1865433,cafe,4,42,OPERATIONAL,https://maps.google.com/?cid=N/A
N/A,Dunkin' - دانكن,26.3951875,50.1925625,cafe,3.6,67,OPERATIONAL,https://maps.google.com/?cid=N/A
N/A,Bomboloni بومبولوني,26.4078067,50.188981399999996,cafe,4.4,109,OPERATIONAL,https://maps.google.com/?cid=N/A
N/A,دانكن,26.3882399,50.1875746,cafe,3.7,16,OPERATIONAL,https://maps.google.com/?cid=N/A
N/A,daily cup ديلي كب,26.4078646,50.1891902,cafe,4.2,20,OPERATIONAL,https://maps.google.com/?cid=N/A
N/A,The HUB Co.,26.394886999999997,50.189222,cafe,4.7,3,OPERATIONAL,https://maps.google.com/?cid=N/A
N/A,مقهى حكم مغطى لتقديم المشروبات,26.407114699999997,50.1882527,cafe,2,1,OPERATIONAL,https://maps.google.com/?cid=N/A
N/A,كاس بن | kasbon,26.3902725,50.186124899999996,cafe,1,2,OPERATIONAL,https://maps.google.com/?cid=N/A
N/A,Phobia cafe,26.393996299999998,50.190087899999995,cafe,3.8,10,OPERATIONAL,https://maps.google.com/?cid=N/A
N/A,LOVE&PEACE EXPRESS,26.392299700000002,50.1942433,cafe,5,6,OPERATIONAL,https://maps.google.com/?cid=N/A
N/A,مستهل,26.405448699999997,50.1861463,cafe,5,12,OPERATIONAL,https://maps.google.com/?cid=N/A
N/A,مزاج كافيه,26.4061098,50.187248700000005,cafe,5,2,OPERATIONAL,https://maps.google.com/?cid=N/A
N/A,شاهي الشتاء,26.403865099999997,50.183664099999994,cafe,5,3,OPERATIONAL,https://maps.google.com/?cid=N/A
N/A,فود ترك عزوز واااااو,26.405604099999998,50.1866135,cafe,No rating,No reviews,OPERATIONAL,https://maps.google.com/?cid=N/A
N/A,W Souffle,26.391995800000004,50.233421,cafe,4.4,153,OPERATIONAL,https://maps.google.com/?cid=N/A
N/A,شاي جمرة,26.3908144,50.2342808,cafe,4.6,239,OPERATIONAL,https://maps.google.com/?cid=N/A
N/A,شاي بدو,26.390537499999997,50.2344219,cafe,4.6,109,OPERATIONAL,https://maps.google.com/?cid=N/A
N/A,موج,26.391540499999998,50.2337971,cafe,4.6,124,OPERATIONAL,https://maps.google.com/?cid=N/A
N/A,ايميز البحر / Amies,26.3924889,50.2332829,cafe,4.9,109,OPERATIONAL,https://maps.google.com/?cid=N/A
N/A,FUN_ICE,26.3906214,50.233795099999995,cafe,3.7,15,OPERATIONAL,https://maps.google.com/?cid=N/A
N/A,سلالات الشاي,26.4099379,50.2219711,cafe,4.8,75,OPERATIONAL,https://maps.google.com/?cid=N/A
N/A,فود ترك شاي حكاية,26.409818899999998,50.222070099999996,cafe,4.8,46,OPERATIONAL,https://maps.google.com/?cid=N/A
N/A,RedCups V60,26.4068,50.2237891,cafe,4.8,85,OPERATIONAL,https://maps.google.com/?cid=N/A
N/A,فود ترك حكاية,26.4061688,50.2242847,cafe,4.3,22,OPERATIONAL,https://maps.google.com/?cid=N/A
N/A,شاي ابوريان اللذ ذرة مشوي,26.3987317,50.2293745,cafe,4.9,39,OPERATIONAL,https://maps.google.com/?cid=N/A
N/A,فود ترك سدرة,26.3914723,50.2339785,cafe,4.6,31,OPERATIONAL,https://maps.google.com/?cid=N/A
N/A,شاي وتم,26.391421299999998,50.2339095,cafe,5,36,OPERATIONAL,https://maps.google.com/?cid=N/A
N/A,شاي منَعنَع,26.3949435,50.2316879,cafe,4.9,13,OPERATIONAL,https://maps.google.com/?cid=N/A
N/A,شاهي وكرك,26.4119977,50.221163499999996,cafe,4.7,3,OPERATIONAL,https://maps.google.com/?cid=N/A
N/A,شاهي ركن,26.391522499999997,50.2338357,cafe,4.8,16,OPERATIONAL,https://maps.google.com/?cid=N/A
N/A,مزاج التوأم,26.4112419,50.2214871,cafe,4.7,3,OPERATIONAL,https://maps.google.com/?cid=N/A
N/A,شاي سُكرة,26.4005486,50.2289313,cafe,4.8,6,OPERATIONAL,https://maps.google.com/?cid=N/A
N/A,باشا بورشيد,26.405075999999998,50.2255681,cafe,4.7,25,OPERATIONAL,https://maps.google.com/?cid=N/A
N/A,فود ترك عـذق,26.4060147,50.2243729,cafe,5,11,OPERATIONAL,https://maps.google.com/?cid=N/A
N/A,ايميز البحر / Amies,26.3924889,50.2332829,cafe,4.9,109,OPERATIONAL,https://maps.google.com/?cid=N/A
N/A,شاي منَعنَع,26.3949435,50.2316879,cafe,4.9,13,OPERATIONAL,https://maps.google.com/?cid=N/A
N/A,شاي الدعزاز,26.3951998,50.231581999999996,cafe,5,12,OPERATIONAL,https://maps.google.com/?cid=N/A
N/A,شاهي يناير,26.392259799999998,50.2333583,cafe,5,22,OPERATIONAL,https://maps.google.com/?cid=N/A
N/A,فود ترك الهافمون,26.1622554,50.0691471,cafe,5,6,OPERATIONAL,https://maps.google.com/?cid=N/A
N/A,فود ترك الهافمون,26.1622554,50.0691471,cafe,5,6,OPERATIONAL,https://maps.google.com/?cid=N/A
N/A,كريپل كافيه crêpele cafe,26.1615142,50.1136127,cafe,4.5,20,OPERATIONAL,https://maps.google.com/?cid=N/A
N/A,بلو سكاي,26.1673626,50.1170037,cafe,2.3,12,OPERATIONAL,https://maps.google.com/?cid=N/A
N/A,BE HAPPY COFFEE,26.163751599999998,50.1148127,cafe,4.6,7,OPERATIONAL,https://maps.google.com/?cid=N/A
N/A,فلافي كيك وقهوة (وايتي كيك Whitey fluffy),26.1535448,50.1444778,cafe,4.9,108,OPERATIONAL,https://maps.google.com/?cid=N/A
N/A,Samrah,26.1539567,50.144596899999996,cafe,4.8,81,OPERATIONAL,https://maps.google.com/?cid=N/A
N/A,tamala coffee,26.154682299999997,50.143488299999994,cafe,4.5,38,OPERATIONAL,https://maps.google.com/?cid=N/A
N/A,HAT COFFEE,26.155792500000004,50.1361,cafe,4.7,89,OPERATIONAL,https://maps.google.com/?cid=N/A
N/A,Coffee 9 Nine Grams | كوفي تسعة جرام,26.1552315,50.1395755,cafe,4.6,42,OPERATIONAL,https://maps.google.com/?cid=N/A
N/A,Deira Coffee | قهوة الديرة,26.1544086,50.14091200000001,cafe,4.9,31,OPERATIONAL,https://maps.google.com/?cid=N/A
N/A,سمرة,26.153588,50.1445795,cafe,5,3,OPERATIONAL,https://maps.google.com/?cid=N/A
N/A,أؤطنة,26.1537392,50.1443162,cafe,5,2,OPERATIONAL,https://maps.google.com/?cid=N/A
N/A,Taybeen Museum,26.1670314,50.1453238,cafe,4.5,2550,OPERATIONAL,https://maps.google.com/?cid=N/A
N/A,ايت اوز-8Oz Coffee,26.1520983,50.1613103,cafe,4.1,317,OPERATIONAL,https://maps.google.com/?cid=N/A
N/A,Reds Coffee,26.152137999999997,50.159864999999996,cafe,3.9,43,OPERATIONAL,https://maps.google.com/?cid=N/A
N/A,شاي بخار,26.152067300000002,50.1609524,cafe,4,211,OPERATIONAL,https://maps.google.com/?cid=N/A
N/A,فلافي كيك وقهوة (وايتي كيك Whitey fluffy),26.1535448,50.1444778,cafe,4.9,108,OPERATIONAL,https://maps.google.com/?cid=N/A
N/A,Samrah,26.1539567,50.144596899999996,cafe,4.8,81,OPERATIONAL,https://maps.google.com/?cid=N/A
N/A,tamala coffee,26.154682299999997,50.143488299999994,cafe,4.5,38,OPERATIONAL,https://maps.google.com/?cid=N/A
N/A,MANTOROSE,26.1569792,50.161606,cafe,4.9,47,OPERATIONAL,https://maps.google.com/?cid=N/A
N/A,Costa Coffee,26.1474887,50.151377,cafe,3.9,12,OPERATIONAL,https://maps.google.com/?cid=N/A
N/A,McCafe,26.154745,50.161409,cafe,4.4,19,OPERATIONAL,https://maps.google.com/?cid=N/A
N/A,القهوة المثالية (العزيزيه),26.150865699999997,50.1613897,cafe,3.9,62,OPERATIONAL,https://maps.google.com/?cid=N/A
N/A,شاي عذيب,26.158908999999998,50.1615693,cafe,4.7,62,OPERATIONAL,https://maps.google.com/?cid=N/A
N/A,شاهي بدو العزيزية,26.157190999999997,50.1616715,cafe,4.4,33,OPERATIONAL,https://maps.google.com/?cid=N/A
N/A,Coffee 9 Nine Grams | كوفي تسعة جرام,26.1552315,50.1395755,cafe,4.6,42,OPERATIONAL,https://maps.google.com/?cid=N/A
N/A,Sip speciality coffee,26.1573358,50.1615245,cafe,4.8,35,OPERATIONAL,https://maps.google.com/?cid=N/A
N/A,Deira Coffee | قهوة الديرة,26.1544086,50.14091200000001,cafe,4.9,31,OPERATIONAL,https://maps.google.com/?cid=N/A
N/A,استراحة ناس,26.167909599999998,50.1538264,cafe,4.6,9,OPERATIONAL,https://maps.google.com/?cid=N/A
N/A,سمرة,26.153588,50.1445795,cafe,5,3,OPERATIONAL,https://maps.google.com/?cid=N/A
N/A,Fillto Specialty coffee & sweets,26.156937499999998,50.1616875,cafe,5,18,OPERATIONAL,https://maps.google.com/?cid=N/A
N/A,أؤطنة,26.1537392,50.1443162,cafe,5,2,OPERATIONAL,https://maps.google.com/?cid=N/A
N/A,Dunkin' - دانكن,26.168633699999997,50.1614605,cafe,3.9,500,OPERATIONAL,https://maps.google.com/?cid=N/A
N/A,ايت اوز-8Oz Coffee,26.1520983,50.1613103,cafe,4.1,317,OPERATIONAL,https://maps.google.com/?cid=N/A
N/A,The Coffee Address | عنوان القهوة,26.168681199999998,50.162199099999995,cafe,4.3,160,OPERATIONAL,https://maps.google.com/?cid=N/A
N/A,Reds Coffee,26.152137999999997,50.159864999999996,cafe,3.9,43,OPERATIONAL,https://maps.google.com/?cid=N/A
N/A,شاي بخار,26.152067300000002,50.1609524,cafe,4,211,OPERATIONAL,https://maps.google.com/?cid=N/A
N/A,MANTOROSE,26.1569792,50.161606,cafe,4.9,47,OPERATIONAL,https://maps.google.com/?cid=N/A
N/A,مقهى شاي سرا,26.1690635,50.162169299999995,cafe,4.7,35,OPERATIONAL,https://maps.google.com/?cid=N/A
N/A,McCafe,26.154745,50.161409,cafe,4.4,19,OPERATIONAL,https://maps.google.com/?cid=N/A
N/A,القهوة المثالية (العزيزيه),26.150865699999997,50.1613897,cafe,3.9,62,OPERATIONAL,https://maps.google.com/?cid=N/A
N/A,شاي عذيب,26.158908999999998,50.1615693,cafe,4.7,62,OPERATIONAL,https://maps.google.com/?cid=N/A
N/A,شاهي بدو العزيزية,26.157190999999997,50.1616715,cafe,4.4,33,OPERATIONAL,https://maps.google.com/?cid=N/A
N/A,Sip speciality coffee,26.1573358,50.1615245,cafe,4.8,35,OPERATIONAL,https://maps.google.com/?cid=N/A
N/A,Fillto Specialty coffee & sweets,26.156937499999998,50.1616875,cafe,5,18,OPERATIONAL,https://maps.google.com/?cid=N/A
N/A,Cafe 55,26.157175799999997,50.193960399999995,cafe,4.3,189,OPERATIONAL,https://maps.google.com/?cid=N/A
N/A,Cafe 55,26.157175799999997,50.193960399999995,cafe,4.3,189,OPERATIONAL,https://maps.google.com/?cid=N/A
N/A,بلو سكاي,26.1673626,50.1170037,cafe,2.3,12,OPERATIONAL,https://maps.google.com/?cid=N/A
N/A,BE HAPPY COFFEE,26.163751599999998,50.1148127,cafe,4.6,7,OPERATIONAL,https://maps.google.com/?cid=N/A
N/A,Shrq Coffee Roasters (Al Azizia),26.1774132,50.157891299999996,cafe,4.5,875,OPERATIONAL,https://maps.google.com/?cid=N/A
N/A,M CLUB مقهى,26.1751872,50.1622443,cafe,3.4,364,OPERATIONAL,https://maps.google.com/?cid=N/A
N/A,Taybeen Museum,26.1670314,50.1453238,cafe,4.5,2550,OPERATIONAL,https://maps.google.com/?cid=N/A
N/A,آرت سويت الصواري,26.1752692,50.1622766,cafe,4.5,608,OPERATIONAL,https://maps.google.com/?cid=N/A
N/A,Dunkin' - دانكن,26.168633699999997,50.1614605,cafe,3.9,500,OPERATIONAL,https://maps.google.com/?cid=N/A
N/A,Starbucks,26.1788132,50.164083399999996,cafe,4.1,687,OPERATIONAL,https://maps.google.com/?cid=N/A
N/A,RATIO Speciality Coffee,26.1737086,50.154536199999995,cafe,4.4,318,OPERATIONAL,https://maps.google.com/?cid=N/A
N/A,The Coffee Address | عنوان القهوة,26.168681199999998,50.162199099999995,cafe,4.3,160,OPERATIONAL,https://maps.google.com/?cid=N/A
N/A,Mr. Tea,26.178375499999998,50.1578326,cafe,4.4,490,OPERATIONAL,https://maps.google.com/?cid=N/A
N/A,ارت سويت الشراع,26.1740508,50.152580199999996,cafe,4.2,221,OPERATIONAL,https://maps.google.com/?cid=N/A
N/A,Kyan,26.173369599999997,50.157472899999995,cafe,3.6,125,OPERATIONAL,https://maps.google.com/?cid=N/A
N/A,اي بلس | A PLUS,26.1867062,50.1596883,cafe,4.4,238,OPERATIONAL,https://maps.google.com/?cid=N/A
N/A,ديوانية محبوك,26.1732639,50.1545369,cafe,4.3,133,OPERATIONAL,https://maps.google.com/?cid=N/A
N/A,simplicity,26.1726489,50.1618395,cafe,4.6,105,OPERATIONAL,https://maps.google.com/?cid=N/A
N/A,Barn's | بارنز,26.1762145,50.162633799999995,cafe,4.3,96,OPERATIONAL,https://maps.google.com/?cid=N/A
N/A,Barn's | بارنز,26.1864189,50.159590699999995,cafe,4,53,OPERATIONAL,https://maps.google.com/?cid=N/A
N/A,شاي عنق,26.1726405,50.161893799999994,cafe,4.4,38,OPERATIONAL,https://maps.google.com/?cid=N/A
N/A,24Cafe,26.1739592,50.1574473,cafe,5,17,OPERATIONAL,https://maps.google.com/?cid=N/A
N/A,مقهى شاي سرا,26.1690635,50.162169299999995,cafe,4.7,35,OPERATIONAL,https://maps.google.com/?cid=N/A
N/A,Blue sky coffee | بلو سكاي كافيه,26.175202000000002,50.1624671,cafe,3.9,10,OPERATIONAL,https://maps.google.com/?cid=N/A
N/A,Shrq Coffee Roasters (Al Azizia),26.1774132,50.157891299999996,cafe,4.5,875,OPERATIONAL,https://maps.google.com/?cid=N/A
N/A,M CLUB مقهى,26.1751872,50.1622443,cafe,3.4,364,OPERATIONAL,https://maps.google.com/?cid=N/A
N/A,آرت سويت الصواري,26.1752692,50.1622766,cafe,4.5,608,OPERATIONAL,https://maps.google.com/?cid=N/A
N/A,Dunkin' - دانكن,26.168633699999997,50.1614605,cafe,3.9,500,OPERATIONAL,https://maps.google.com/?cid=N/A
N/A,Starbucks,26.1788132,50.164083399999996,cafe,4.1,687,OPERATIONAL,https://maps.google.com/?cid=N/A
N/A,The Coffee Address | عنوان القهوة,26.168681199999998,50.162199099999995,cafe,4.3,160,OPERATIONAL,https://maps.google.com/?cid=N/A
N/A,Mr. Tea,26.178375499999998,50.1578326,cafe,4.4,490,OPERATIONAL,https://maps.google.com/?cid=N/A
N/A,Kyan,26.173369599999997,50.157472899999995,cafe,3.6,125,OPERATIONAL,https://maps.google.com/?cid=N/A
N/A,simplicity,26.1726489,50.1618395,cafe,4.6,105,OPERATIONAL,https://maps.google.com/?cid=N/A
N/A,Barn's | بارنز,26.1762145,50.162633799999995,cafe,4.3,96,OPERATIONAL,https://maps.google.com/?cid=N/A
N/A,دوح وشاهي,26.183930999999998,50.1647749,cafe,3.7,318,OPERATIONAL,https://maps.google.com/?cid=N/A
N/A,Barn's | بارنز,26.1864189,50.159590699999995,cafe,4,53,OPERATIONAL,https://maps.google.com/?cid=N/A
N/A,Kaif Alsharg,26.1848125,50.1646875,cafe,4.1,259,OPERATIONAL,https://maps.google.com/?cid=N/A
N/A,شاي عنق,26.1726405,50.161893799999994,cafe,4.4,38,OPERATIONAL,https://maps.google.com/?cid=N/A
N/A,24Cafe,26.1739592,50.1574473,cafe,5,17,OPERATIONAL,https://maps.google.com/?cid=N/A
N/A,مقهى شاي سرا,26.1690635,50.162169299999995,cafe,4.7,35,OPERATIONAL,https://maps.google.com/?cid=N/A
N/A,DOSE & JOUZ CAFE دوز اند جوز كافية,26.185039399999997,50.1647669,cafe,4.1,40,OPERATIONAL,https://maps.google.com/?cid=N/A
N/A,Blue sky coffee | بلو سكاي كافيه,26.175202000000002,50.1624671,cafe,3.9,10,OPERATIONAL,https://maps.google.com/?cid=N/A
N/A,Makha dewaniya keef al neshama,26.1842169,50.1642678,cafe,3.3,42,OPERATIONAL,https://maps.google.com/?cid=N/A
N/A,ركن حاسة القهوة,26.1847472,50.164727199999994,cafe,4.4,65,OPERATIONAL,https://maps.google.com/?cid=N/A
N/A,Half Million,26.1841932,50.1837388,cafe,4.3,1411,OPERATIONAL,https://maps.google.com/?cid=N/A
N/A,The Coffee Address | عنوان القهوة,26.1861537,50.1864056,cafe,4.5,332,OPERATIONAL,https://maps.google.com/?cid=N/A
N/A,السيف كافية العزيزية,26.1829221,50.1844135,cafe,4.2,396,OPERATIONAL,https://maps.google.com/?cid=N/A
N/A,مقهى ما بعد العاشرة,26.1854822,50.1860438,cafe,4,349,OPERATIONAL,https://maps.google.com/?cid=N/A
N/A,Tim Hortons Azizia Drive thru,26.1869083,50.186900699999995,cafe,4.2,365,OPERATIONAL,https://maps.google.com/?cid=N/A
N/A,Dunkin' - دانكن,26.186999,50.186985,cafe,3.5,265,OPERATIONAL,https://maps.google.com/?cid=N/A
N/A,dr.CAFE COFFEE | Drive Thru,26.1791178,50.196831599999996,cafe,4.5,59,OPERATIONAL,https://maps.google.com/?cid=N/A
N/A,Dhay Suhail Coffee Shop,26.1833483,50.1846964,cafe,4,423,OPERATIONAL,https://maps.google.com/?cid=N/A
N/A,Third,26.187371,50.1789305,cafe,4.3,33,OPERATIONAL,https://maps.google.com/?cid=N/A
N/A,Barn's | بارنز,26.1856133,50.1848445,cafe,4.6,10,OPERATIONAL,https://maps.google.com/?cid=N/A
N/A,Qudooa Dewaniyah,26.1829222,50.1828395,cafe,3.6,49,OPERATIONAL,https://maps.google.com/?cid=N/A
N/A,بوفيه مصعب,26.1855938,50.1841608,cafe,4.4,16,OPERATIONAL,https://maps.google.com/?cid=N/A
N/A,Rashfa | رشفة,26.1884899,50.1867522,cafe,4.9,14,OPERATIONAL,https://maps.google.com/?cid=N/A
N/A,Blue sky Abbasi tahlia,26.1893969,50.1885669,cafe,3.6,5,OPERATIONAL,https://maps.google.com/?cid=N/A
N/A,Tim Hortiua,26.186862599999998,50.1869795,cafe,2,4,OPERATIONAL,https://maps.google.com/?cid=N/A
N/A,Coffee Daaj,26.1871902,50.179216499999995,cafe,No rating,No reviews,OPERATIONAL,https://maps.google.com/?cid=N/A
N/A,dr.CAFE COFFEE | Drive Thru,26.1791178,50.196831599999996,cafe,4.5,59,OPERATIONAL,https://maps.google.com/?cid=N/A
N/A,Louga coffee,26.180363399999997,50.203706,cafe,4.7,10,OPERATIONAL,https://maps.google.com/?cid=N/A
N/A,Palm Beach Coffee Shop,26.1906808,50.0209818,cafe,4,127,OPERATIONAL,https://maps.google.com/?cid=N/A
N/A,كافية منتجع شاطئ النخيل,26.1891875,50.0206875,cafe,4.1,17,OPERATIONAL,https://maps.google.com/?cid=N/A
N/A,Al-Seef Cafe,26.2033964,50.0300328,cafe,4,1789,OPERATIONAL,https://maps.google.com/?cid=N/A
N/A,Dunkin' - دانكن,26.202071999999998,50.025075,cafe,4,1943,OPERATIONAL,https://maps.google.com/?cid=N/A
N/A,Palm Beach Coffee Shop,26.1906808,50.0209818,cafe,4,127,OPERATIONAL,https://maps.google.com/?cid=N/A
N/A,كافية منتجع شاطئ النخيل,26.1891875,50.0206875,cafe,4.1,17,OPERATIONAL,https://maps.google.com/?cid=N/A
N/A,بلو سكاي,26.2031514,50.02612250000001,cafe,3.4,16,OPERATIONAL,https://maps.google.com/?cid=N/A
N/A,Mantorose Cafe,26.1976564,50.0461934,cafe,3.9,520,OPERATIONAL,https://maps.google.com/?cid=N/A
N/A,ابو نشمي للشاي والقهوة على الجمر,26.1930332,50.0532709,cafe,3.9,141,OPERATIONAL,https://maps.google.com/?cid=N/A
N/A,بابو قرقر واجد,26.1915884,50.056159099999995,cafe,4.2,5,OPERATIONAL,https://maps.google.com/?cid=N/A
N/A,تلقيمة وجمر,26.192562,50.0543689,cafe,4.8,12,OPERATIONAL,https://maps.google.com/?cid=N/A
N/A,كوخ الشاطي,26.1920704,50.0556797,cafe,3.7,3,OPERATIONAL,https://maps.google.com/?cid=N/A
N/A,شاي فخفخه,26.192741299999998,50.0533036,cafe,No rating,No reviews,OPERATIONAL,https://maps.google.com/?cid=N/A
N/A,المذاق السعودي للشاي والقهوة,26.1906694,50.057983,cafe,4.6,9,OPERATIONAL,https://maps.google.com/?cid=N/A
N/A,بابو قرقر واجد,26.1915884,50.056159099999995,cafe,4.2,5,OPERATIONAL,https://maps.google.com/?cid=N/A
N/A,ابو نشمي للشاي والقهوة على الجمر,26.1930332,50.0532709,cafe,3.9,141,OPERATIONAL,https://maps.google.com/?cid=N/A
N/A,تلقيمة وجمر,26.192562,50.0543689,cafe,4.8,12,OPERATIONAL,https://maps.google.com/?cid=N/A
N/A,كوخ الشاطي,26.1920704,50.0556797,cafe,3.7,3,OPERATIONAL,https://maps.google.com/?cid=N/A
N/A,شاي فخفخه,26.192741299999998,50.0533036,cafe,No rating,No reviews,OPERATIONAL,https://maps.google.com/?cid=N/A
N/A,اي بلس | A PLUS,26.1867062,50.1596883,cafe,4.4,238,OPERATIONAL,https://maps.google.com/?cid=N/A
N/A,قهوة رهم | Raham Coffee,26.1934239,50.1608853,cafe,4.8,235,OPERATIONAL,https://maps.google.com/?cid=N/A
N/A,مؤسسة أوقات شرق التجارية,26.1876015,50.160090999999994,cafe,4.7,18,OPERATIONAL,https://maps.google.com/?cid=N/A
N/A,Barn's | بارنز,26.1864189,50.159590699999995,cafe,4,53,OPERATIONAL,https://maps.google.com/?cid=N/A
N/A,قهوة طويق - Tuwaiq coffee,26.1913283,50.1759292,cafe,4.2,397,OPERATIONAL,https://maps.google.com/?cid=N/A
N/A,اي بلس | A PLUS,26.1867062,50.1596883,cafe,4.4,238,OPERATIONAL,https://maps.google.com/?cid=N/A
N/A,قهوة رهم | Raham Coffee,26.1934239,50.1608853,cafe,4.8,235,OPERATIONAL,https://maps.google.com/?cid=N/A
N/A,دوح وشاهي,26.183930999999998,50.1647749,cafe,3.7,318,OPERATIONAL,https://maps.google.com/?cid=N/A
N/A,مؤسسة أوقات شرق التجارية,26.1876015,50.160090999999994,cafe,4.7,18,OPERATIONAL,https://maps.google.com/?cid=N/A
N/A,Barn's | بارنز,26.1864189,50.159590699999995,cafe,4,53,OPERATIONAL,https://maps.google.com/?cid=N/A
N/A,Third,26.187371,50.1789305,cafe,4.3,33,OPERATIONAL,https://maps.google.com/?cid=N/A
N/A,Kaif Alsharg,26.1848125,50.1646875,cafe,4.1,259,OPERATIONAL,https://maps.google.com/?cid=N/A
N/A,DOSE & JOUZ CAFE دوز اند جوز كافية,26.185039399999997,50.1647669,cafe,4.1,40,OPERATIONAL,https://maps.google.com/?cid=N/A
N/A,Makha dewaniya keef al neshama,26.1842169,50.1642678,cafe,3.3,42,OPERATIONAL,https://maps.google.com/?cid=N/A
N/A,ركن حاسة القهوة,26.1847472,50.164727199999994,cafe,4.4,65,OPERATIONAL,https://maps.google.com/?cid=N/A
N/A,مقهى تربيعة وكيف,26.1849606,50.164738899999996,cafe,4.4,35,OPERATIONAL,https://maps.google.com/?cid=N/A
N/A,Block 196,26.191215699999997,50.1759474,cafe,4.4,9,OPERATIONAL,https://maps.google.com/?cid=N/A
N/A,الشاي المخدر,26.184109799999998,50.1647387,cafe,3.3,20,OPERATIONAL,https://maps.google.com/?cid=N/A
N/A,مقهى النشامى واحد,26.1839466,50.164760799999996,cafe,5,1,OPERATIONAL,https://maps.google.com/?cid=N/A
N/A,المشروب السحري,26.1917424,50.1770457,cafe,4.4,10,OPERATIONAL,https://maps.google.com/?cid=N/A
N/A,Coffee Daaj,26.1871902,50.179216499999995,cafe,No rating,No reviews,OPERATIONAL,https://maps.google.com/?cid=N/A
N/A,Half Million,26.1841932,50.1837388,cafe,4.3,1411,OPERATIONAL,https://maps.google.com/?cid=N/A
N/A,The Coffee Address | عنوان القهوة,26.1861537,50.1864056,cafe,4.5,332,OPERATIONAL,https://maps.google.com/?cid=N/A
N/A,Diwaniyat al-Dirah,26.196837499999997,50.1932656,cafe,4.2,3036,OPERATIONAL,https://maps.google.com/?cid=N/A
N/A,قهوة طويق - Tuwaiq coffee,26.1913283,50.1759292,cafe,4.2,397,OPERATIONAL,https://maps.google.com/?cid=N/A
N/A,Veloce,26.2026827,50.1957242,cafe,4.2,241,OPERATIONAL,https://maps.google.com/?cid=N/A
N/A,Dose Cafe,26.202876699999997,50.1957731,cafe,4.2,1096,OPERATIONAL,https://maps.google.com/?cid=N/A
N/A,Dunkin' - دانكن,26.200622,50.194707,cafe,4.1,865,OPERATIONAL,https://maps.google.com/?cid=N/A
N/A,السيف كافية العزيزية,26.1829221,50.1844135,cafe,4.2,396,OPERATIONAL,https://maps.google.com/?cid=N/A
N/A,VIAL,26.201764599999997,50.195081099999996,cafe,4.6,355,OPERATIONAL,https://maps.google.com/?cid=N/A
N/A,مقهى ما بعد العاشرة,26.1854822,50.1860438,cafe,4,349,OPERATIONAL,https://maps.google.com/?cid=N/A
N/A,Moroccan Taste,26.2032378,50.1970968,cafe,4.2,647,OPERATIONAL,https://maps.google.com/?cid=N/A
N/A,محمصة ومقهى تشارت | CHART,26.1996444,50.184368899999996,cafe,4.7,110,OPERATIONAL,https://maps.google.com/?cid=N/A
N/A,شاي نوح,26.2015976,50.199648599999996,cafe,4.7,280,OPERATIONAL,https://maps.google.com/?cid=N/A
N/A,Dunkin' - دانكن,26.1908125,50.1899375,cafe,3.9,316,OPERATIONAL,https://maps.google.com/?cid=N/A
N/A,Tim Hortons Azizia Drive thru,26.1869083,50.186900699999995,cafe,4.2,365,OPERATIONAL,https://maps.google.com/?cid=N/A
N/A,Dunkin' - دانكن,26.186999,50.186985,cafe,3.5,265,OPERATIONAL,https://maps.google.com/?cid=N/A
N/A,Cinnabon,26.202483899999997,50.1952596,cafe,4.4,91,OPERATIONAL,https://maps.google.com/?cid=N/A
N/A,Mantorose Cafe,26.2019417,50.189044599999995,cafe,4.1,72,OPERATIONAL,https://maps.google.com/?cid=N/A
N/A,Fahed restaurant and coffee shop,26.2012373,50.197196299999995,cafe,4.6,197,OPERATIONAL,https://maps.google.com/?cid=N/A
N/A,Line Espresso bar | لاين البحيرة,26.199404299999998,50.1846416,cafe,4.8,111,OPERATIONAL,https://maps.google.com/?cid=N/A
N/A,Diwaniyat al-Dirah,26.196837499999997,50.1932656,cafe,4.2,3036,OPERATIONAL,https://maps.google.com/?cid=N/A
N/A,Veloce,26.2026827,50.1957242,cafe,4.2,241,OPERATIONAL,https://maps.google.com/?cid=N/A
N/A,IVY Restaurant & Cafè مطعم و مقهى ايفي,26.1993445,50.2122387,cafe,4.6,489,OPERATIONAL,https://maps.google.com/?cid=N/A
N/A,Dose Cafe,26.202876699999997,50.1957731,cafe,4.2,1096,OPERATIONAL,https://maps.google.com/?cid=N/A
N/A,Dunkin' - دانكن,26.200622,50.194707,cafe,4.1,865,OPERATIONAL,https://maps.google.com/?cid=N/A
N/A,ديلي كب Daily cup,26.2015775,50.2039537,cafe,4,124,OPERATIONAL,https://maps.google.com/?cid=N/A
N/A,VIAL,26.201764599999997,50.195081099999996,cafe,4.6,355,OPERATIONAL,https://maps.google.com/?cid=N/A
N/A,Moroccan Taste,26.2032378,50.1970968,cafe,4.2,647,OPERATIONAL,https://maps.google.com/?cid=N/A
N/A,شاي نوح,26.2015976,50.199648599999996,cafe,4.7,280,OPERATIONAL,https://maps.google.com/?cid=N/A
N/A,شاي سكر,26.2015049,50.2016576,cafe,4.6,245,OPERATIONAL,https://maps.google.com/?cid=N/A
N/A,اوشا | OSHA,26.202214599999998,50.2124716,cafe,4.7,220,OPERATIONAL,https://maps.google.com/?cid=N/A
N/A,Barn's | بارنز,26.2013771,50.2080815,cafe,4.3,219,OPERATIONAL,https://maps.google.com/?cid=N/A
N/A,ديوانية المتكى الشعبي,26.2045574,50.1975224,cafe,3.9,557,OPERATIONAL,https://maps.google.com/?cid=N/A
N/A,Cinnabon,26.202483899999997,50.1952596,cafe,4.4,91,OPERATIONAL,https://maps.google.com/?cid=N/A
N/A,Fahed restaurant and coffee shop,26.2012373,50.197196299999995,cafe,4.6,197,OPERATIONAL,https://maps.google.com/?cid=N/A
N/A,Blue sky بلو سكاي,26.2030924,50.197120299999995,cafe,3.2,40,OPERATIONAL,https://maps.google.com/?cid=N/A
N/A,كنافة الأرجوان,26.2018404,50.2039177,cafe,4.9,148,OPERATIONAL,https://maps.google.com/?cid=N/A
N/A,القهوة المثالية فرع الجسر,26.201022400000003,50.205025799999994,cafe,4.3,63,OPERATIONAL,https://maps.google.com/?cid=N/A
N/A,IVY Restaurant & Cafè مطعم و مقهى ايفي,26.1993445,50.2122387,cafe,4.6,489,OPERATIONAL,https://maps.google.com/?cid=N/A
N/A,اوشا | OSHA,26.202214599999998,50.2124716,cafe,4.7,220,OPERATIONAL,https://maps.google.com/?cid=N/A
N/A,Rivera Compound-jofferys cafe,26.2001904,50.2191536,cafe,4.4,25,OPERATIONAL,https://maps.google.com/?cid=N/A
N/A,Mantorose cafe | مانتوروز كافيه,26.195673000000003,50.2123006,cafe,4,345,OPERATIONAL,https://maps.google.com/?cid=N/A
N/A,فضفضة لاونج,26.1894103,50.21161480000001,cafe,5,6,OPERATIONAL,https://maps.google.com/?cid=N/A
N/A,Al-Seef Cafe,26.2033964,50.0300328,cafe,4,1789,OPERATIONAL,https://maps.google.com/?cid=N/A
N/A,Dunkin' - دانكن,26.202071999999998,50.025075,cafe,4,1943,OPERATIONAL,https://maps.google.com/?cid=N/A
N/A,بلو سكاي,26.2031514,50.02612250000001,cafe,3.4,16,OPERATIONAL,https://maps.google.com/?cid=N/A
N/A,Lialy Marrakech Cafe,26.2166821,50.176489499999995,cafe,3.8,220,OPERATIONAL,https://maps.google.com/?cid=N/A
N/A,مقهى كهف الأسود,26.2162857,50.1774201,cafe,3.6,29,OPERATIONAL,https://maps.google.com/?cid=N/A
N/A,McCafé,26.2157387,50.1793025,cafe,2.5,46,OPERATIONAL,https://maps.google.com/?cid=N/A
N/A,Al-Fanar Coffee,26.2154489,50.1792635,cafe,3.8,32,OPERATIONAL,https://maps.google.com/?cid=N/A
N/A,بلو سكاي,26.215569199999997,50.179770399999995,cafe,2.9,8,OPERATIONAL,https://maps.google.com/?cid=N/A
N/A,هول بين,26.2089307,50.187816899999994,cafe,4.8,568,OPERATIONAL,https://maps.google.com/?cid=N/A
N/A,Veloce,26.2026827,50.1957242,cafe,4.2,241,OPERATIONAL,https://maps.google.com/?cid=N/A
N/A,شاي وسمسم,26.2098895,50.1995201,cafe,4.4,334,OPERATIONAL,https://maps.google.com/?cid=N/A
N/A,Dose Cafe,26.202876699999997,50.1957731,cafe,4.2,1096,OPERATIONAL,https://maps.google.com/?cid=N/A
N/A,Dunkin' - دانكن,26.200622,50.194707,cafe,4.1,865,OPERATIONAL,https://maps.google.com/?cid=N/A
N/A,VIAL,26.201764599999997,50.195081099999996,cafe,4.6,355,OPERATIONAL,https://maps.google.com/?cid=N/A
N/A,coffee handle,26.216373899999997,50.193751999999996,cafe,4.6,285,OPERATIONAL,https://maps.google.com/?cid=N/A
N/A,Moroccan Taste,26.2032378,50.1970968,cafe,4.2,647,OPERATIONAL,https://maps.google.com/?cid=N/A
N/A,Starbucks,26.205294799999997,50.196493,cafe,4,599,OPERATIONAL,https://maps.google.com/?cid=N/A
N/A,24Cafe,26.2168903,50.1843414,cafe,4.2,918,OPERATIONAL,https://maps.google.com/?cid=N/A
N/A,Lialy Marrakech Cafe,26.2166821,50.176489499999995,cafe,3.8,220,OPERATIONAL,https://maps.google.com/?cid=N/A
N/A,محمصة ومقهى تشارت | CHART,26.1996444,50.184368899999996,cafe,4.7,110,OPERATIONAL,https://maps.google.com/?cid=N/A
N/A,مقهى كهف الأسود,26.2162857,50.1774201,cafe,3.6,29,OPERATIONAL,https://maps.google.com/?cid=N/A
N/A,Rasa,26.216501899999997,50.1928631,cafe,4.7,192,OPERATIONAL,https://maps.google.com/?cid=N/A
N/A,مقهى الرواق العربي,26.222898299999997,50.182404,cafe,3.7,241,OPERATIONAL,https://maps.google.com/?cid=N/A
N/A,مقهى ديوانية الحلى والكيف,26.217180199999998,50.1852126,cafe,4,82,OPERATIONAL,https://maps.google.com/?cid=N/A
N/A,ديوانية المتكى الشعبي,26.2045574,50.1975224,cafe,3.9,557,OPERATIONAL,https://maps.google.com/?cid=N/A
N/A,Mantorose Cafe,26.2019417,50.189044599999995,cafe,4.1,72,OPERATIONAL,https://maps.google.com/?cid=N/A
N/A,Cinnabon,26.202483899999997,50.1952596,cafe,4.4,91,OPERATIONAL,https://maps.google.com/?cid=N/A
N/A,McCafé,26.2157387,50.1793025,cafe,2.5,46,OPERATIONAL,https://maps.google.com/?cid=N/A
N/A,Starbucks,26.2203348,50.213007,cafe,4.1,1251,OPERATIONAL,https://maps.google.com/?cid=N/A
N/A,Bunah specialty coffee محمصة بنة,26.2204861,50.212598299999996,cafe,4.5,1009,OPERATIONAL,https://maps.google.com/?cid=N/A
N/A,Dunkin' - دانكن,26.211986,50.208272,cafe,4.1,873,OPERATIONAL,https://maps.google.com/?cid=N/A
N/A,شاي وسمسم,26.2098895,50.1995201,cafe,4.4,334,OPERATIONAL,https://maps.google.com/?cid=N/A
N/A,Veloce,26.2026827,50.1957242,cafe,4.2,241,OPERATIONAL,https://maps.google.com/?cid=N/A
N/A,Dose Cafe,26.202876699999997,50.1957731,cafe,4.2,1096,OPERATIONAL,https://maps.google.com/?cid=N/A
N/A,سكَّة كرك - Sikkat Karak,26.2174999,50.2073113,cafe,4.6,784,OPERATIONAL,https://maps.google.com/?cid=N/A
N/A,ديلي كب Daily cup,26.2015775,50.2039537,cafe,4,124,OPERATIONAL,https://maps.google.com/?cid=N/A
N/A,coffee handle,26.216373899999997,50.193751999999996,cafe,4.6,285,OPERATIONAL,https://maps.google.com/?cid=N/A
N/A,Moroccan Taste,26.2032378,50.1970968,cafe,4.2,647,OPERATIONAL,https://maps.google.com/?cid=N/A
N/A,Starbucks,26.205294799999997,50.196493,cafe,4,599,OPERATIONAL,https://maps.google.com/?cid=N/A
N/A,شاي نوح,26.2015976,50.199648599999996,cafe,4.7,280,OPERATIONAL,https://maps.google.com/?cid=N/A
N/A,PAUSE CAFE,26.2200573,50.2124637,cafe,4.4,253,OPERATIONAL,https://maps.google.com/?cid=N/A
N/A,شاي سكر,26.2015049,50.2016576,cafe,4.6,245,OPERATIONAL,https://maps.google.com/?cid=N/A
N/A,اوشا | OSHA,26.202214599999998,50.2124716,cafe,4.7,220,OPERATIONAL,https://maps.google.com/?cid=N/A
N/A,Rasa,26.216501899999997,50.1928631,cafe,4.7,192,OPERATIONAL,https://maps.google.com/?cid=N/A
N/A,Diwaniya Zaman Baraka,26.217178,50.2034874,cafe,4,190,OPERATIONAL,https://maps.google.com/?cid=N/A
N/A,هذب للقهوة المختصة,26.214535299999998,50.2129087,cafe,4.8,189,OPERATIONAL,https://maps.google.com/?cid=N/A
N/A,Barn's | بارنز,26.2013771,50.2080815,cafe,4.3,219,OPERATIONAL,https://maps.google.com/?cid=N/A
N/A,ديوانية المتكى الشعبي,26.2045574,50.1975224,cafe,3.9,557,OPERATIONAL,https://maps.google.com/?cid=N/A
N/A,Al Seef Cafe,26.222483999999998,50.2192065,cafe,4.2,1246,OPERATIONAL,https://maps.google.com/?cid=N/A
N/A,Starbucks,26.2203348,50.213007,cafe,4.1,1251,OPERATIONAL,https://maps.google.com/?cid=N/A
N/A,Bunah specialty coffee محمصة بنة,26.2204861,50.212598299999996,cafe,4.5,1009,OPERATIONAL,https://maps.google.com/?cid=N/A
N/A,Dunkin' - دانكن,26.211986,50.208272,cafe,4.1,873,OPERATIONAL,https://maps.google.com/?cid=N/A
N/A,PAUSE CAFE,26.2200573,50.2124637,cafe,4.4,253,OPERATIONAL,https://maps.google.com/?cid=N/A
N/A,هذب للقهوة المختصة,26.214535299999998,50.2129087,cafe,4.8,189,OPERATIONAL,https://maps.google.com/?cid=N/A
N/A,مطعم ولاونج فونتون VONTONE LOUNGE,26.2230711,50.2166728,cafe,4,136,OPERATIONAL,https://maps.google.com/?cid=N/A
N/A,Boston's Cafe,26.2110259,50.2127662,cafe,4.5,354,OPERATIONAL,https://maps.google.com/?cid=N/A
N/A,Barn's | بارنز,26.215178599999998,50.21302490000001,cafe,3.9,31,OPERATIONAL,https://maps.google.com/?cid=N/A
N/A,Rivera Compound-jofferys cafe,26.2001904,50.2191536,cafe,4.4,25,OPERATIONAL,https://maps.google.com/?cid=N/A
N/A,السيف-كافيه—جسرالبحرين,26.2223473,50.2193117,cafe,4.8,4,OPERATIONAL,https://maps.google.com/?cid=N/A
N/A,Blo Coffee بلو كوفي,26.21323,50.208428,cafe,5,2,OPERATIONAL,https://maps.google.com/?cid=N/A
N/A,مقهى سما,26.220461099999998,50.2129538,cafe,4.7,10,OPERATIONAL,https://maps.google.com/?cid=N/A
N/A,Tobacco cafe,26.2108939,50.21271970000001,cafe,5,5,OPERATIONAL,https://maps.google.com/?cid=N/A
N/A,costa coffee,26.2300678,49.9978529,cafe,4.8,81,OPERATIONAL,https://maps.google.com/?cid=N/A
N/A,Cafe Cairo,26.2379085,50.1964718,cafe,3.7,3056,OPERATIONAL,https://maps.google.com/?cid=N/A
N/A,Starbucks,26.2300772,50.195491499999996,cafe,4.4,125,OPERATIONAL,https://maps.google.com/?cid=N/A
N/A,Tim Hortons,26.231441399999998,50.1939287,cafe,4.2,122,OPERATIONAL,https://maps.google.com/?cid=N/A
N/A,Barn's | بارنز,26.231664199999997,50.194111199999995,cafe,4.5,99,OPERATIONAL,https://maps.google.com/?cid=N/A
N/A,مقهى الرواق العربي,26.222898299999997,50.182404,cafe,3.7,241,OPERATIONAL,https://maps.google.com/?cid=N/A
N/A,مقهى ديوانية الحلى والكيف,26.217180199999998,50.1852126,cafe,4,82,OPERATIONAL,https://maps.google.com/?cid=N/A
N/A,قهوة طويق - Drive-thru,26.224085799999997,50.196216799999995,cafe,4,85,OPERATIONAL,https://maps.google.com/?cid=N/A
N/A,Barn's | بارنز,26.216987300000003,50.184948399999996,cafe,3.3,27,OPERATIONAL,https://maps.google.com/?cid=N/A
N/A,Road Café | قهوة الطريق,26.2318335,50.194249299999996,cafe,4.2,35,OPERATIONAL,https://maps.google.com/?cid=N/A
N/A,مقهى رمال أوس,26.2207212,50.184179,cafe,4.1,9,OPERATIONAL,https://maps.google.com/?cid=N/A
N/A,Saqr Al-Rafidain Coffee Shop for Drinks,26.2250521,50.1840226,cafe,3.5,33,OPERATIONAL,https://maps.google.com/?cid=N/A
N/A,Tim Hortons,26.2298433,50.195532899999996,cafe,4.4,17,OPERATIONAL,https://maps.google.com/?cid=N/A
N/A,Road Café | قهوة الطريق,26.230059699999998,50.195494,cafe,3.3,4,OPERATIONAL,https://maps.google.com/?cid=N/A
N/A,مقهى الناصر,26.2247065,50.1837276,cafe,4,1,OPERATIONAL,https://maps.google.com/?cid=N/A
N/A,Cafe Cairo,26.2379085,50.1964718,cafe,3.7,3056,OPERATIONAL,https://maps.google.com/?cid=N/A
N/A,Starbucks,26.2203348,50.213007,cafe,4.1,1251,OPERATIONAL,https://maps.google.com/?cid=N/A
N/A,Bunah specialty coffee محمصة بنة,26.2204861,50.212598299999996,cafe,4.5,1009,OPERATIONAL,https://maps.google.com/?cid=N/A
N/A,la melograno lounge,26.2421635,50.1982876,cafe,4.3,258,OPERATIONAL,https://maps.google.com/?cid=N/A
N/A,سكَّة كرك - Sikkat Karak,26.2174999,50.2073113,cafe,4.6,784,OPERATIONAL,https://maps.google.com/?cid=N/A
N/A,Starbucks,26.2300772,50.195491499999996,cafe,4.4,125,OPERATIONAL,https://maps.google.com/?cid=N/A
N/A,PAUSE CAFE,26.2200573,50.2124637,cafe,4.4,253,OPERATIONAL,https://maps.google.com/?cid=N/A
N/A,Tim Hortons,26.231441399999998,50.1939287,cafe,4.2,122,OPERATIONAL,https://maps.google.com/?cid=N/A
N/A,Barn's | بارنز,26.231664199999997,50.194111199999995,cafe,4.5,99,OPERATIONAL,https://maps.google.com/?cid=N/A
N/A,Diwaniya Zaman Baraka,26.217178,50.2034874,cafe,4,190,OPERATIONAL,https://maps.google.com/?cid=N/A
N/A,مطعم ولاونج فونتون VONTONE LOUNGE,26.2230711,50.2166728,cafe,4,136,OPERATIONAL,https://maps.google.com/?cid=N/A
N/A,قهوة طويق - Drive-thru,26.224085799999997,50.196216799999995,cafe,4,85,OPERATIONAL,https://maps.google.com/?cid=N/A
N/A,قهوة الطريق | Road Café,26.2183639,50.208407,cafe,4,27,OPERATIONAL,https://maps.google.com/?cid=N/A
N/A,Tim Hortons,26.240678799999998,50.21445250000001,cafe,4,239,OPERATIONAL,https://maps.google.com/?cid=N/A
N/A,Rolan Lounge,26.2334521,50.2156704,cafe,4.4,78,OPERATIONAL,https://maps.google.com/?cid=N/A
N/A,Road Café | قهوة الطريق,26.2318335,50.194249299999996,cafe,4.2,35,OPERATIONAL,https://maps.google.com/?cid=N/A
N/A,Dunkin' - دانكن,26.218937500000003,50.210187499999996,cafe,3.9,22,OPERATIONAL,https://maps.google.com/?cid=N/A
N/A,Tim Hortons,26.2298433,50.195532899999996,cafe,4.4,17,OPERATIONAL,https://maps.google.com/?cid=N/A
N/A,Road Café | قهوة الطريق,26.230059699999998,50.195494,cafe,3.3,4,OPERATIONAL,https://maps.google.com/?cid=N/A
N/A,Al Seef Cafe,26.222483999999998,50.2192065,cafe,4.2,1246,OPERATIONAL,https://maps.google.com/?cid=N/A
N/A,مطعم ولاونج فونتون VONTONE LOUNGE,26.2230711,50.2166728,cafe,4,136,OPERATIONAL,https://maps.google.com/?cid=N/A
N/A,Tim Hortons,26.240678799999998,50.21445250000001,cafe,4,239,OPERATIONAL,https://maps.google.com/?cid=N/A
N/A,Rolan Lounge,26.2334521,50.2156704,cafe,4.4,78,OPERATIONAL,https://maps.google.com/?cid=N/A
N/A,السيف-كافيه—جسرالبحرين,26.2223473,50.2193117,cafe,4.8,4,OPERATIONAL,https://maps.google.com/?cid=N/A
N/A,بكلو Piccolo,26.2350195,50.2137004,cafe,4.3,16,OPERATIONAL,https://maps.google.com/?cid=N/A
N/A,Chemistry cafe drive through Alhamra,26.235051799999997,50.2135679,cafe,4.5,15,OPERATIONAL,https://maps.google.com/?cid=N/A
N/A,Barn's | بارنز,26.241366499999998,49.9974442,cafe,2.5,8,OPERATIONAL,https://maps.google.com/?cid=N/A
N/A,شاي علوش,26.241,49.998027799999996,cafe,4.9,8,OPERATIONAL,https://maps.google.com/?cid=N/A
N/A,Cafe Cairo,26.2379085,50.1964718,cafe,3.7,3056,OPERATIONAL,https://maps.google.com/?cid=N/A
N/A,Share Lounge,26.244137499999997,50.198656199999995,cafe,4.6,757,OPERATIONAL,https://maps.google.com/?cid=N/A
N/A,مقهى ليالي الكيف,26.251799300000002,50.197443799999995,cafe,4,361,OPERATIONAL,https://maps.google.com/?cid=N/A
N/A,la melograno lounge,26.2421635,50.1982876,cafe,4.3,258,OPERATIONAL,https://maps.google.com/?cid=N/A
N/A,Tea Hessa,26.2487593,50.1981057,cafe,4.7,83,OPERATIONAL,https://maps.google.com/?cid=N/A
N/A,Mantorose Cafe,26.2562009,50.1937879,cafe,4.3,93,OPERATIONAL,https://maps.google.com/?cid=N/A
N/A,TCG - The Coffee Group,26.250623599999997,50.198796,cafe,5,23,OPERATIONAL,https://maps.google.com/?cid=N/A
N/A,مطعم طريق الحرير,26.2423087,50.198274299999994,cafe,5,2,OPERATIONAL,https://maps.google.com/?cid=N/A
N/A,Cafe Cairo,26.2379085,50.1964718,cafe,3.7,3056,OPERATIONAL,https://maps.google.com/?cid=N/A
N/A,Share Lounge,26.244137499999997,50.198656199999995,cafe,4.6,757,OPERATIONAL,https://maps.google.com/?cid=N/A
N/A,مقهى ليالي الكيف,26.251799300000002,50.197443799999995,cafe,4,361,OPERATIONAL,https://maps.google.com/?cid=N/A
N/A,la melograno lounge,26.2421635,50.1982876,cafe,4.3,258,OPERATIONAL,https://maps.google.com/?cid=N/A
N/A,Espresso Station اسبريسو ستيشن,26.241577099999997,50.2145021,cafe,4.4,153,OPERATIONAL,https://maps.google.com/?cid=N/A
N/A,Tea Hessa,26.2487593,50.1981057,cafe,4.7,83,OPERATIONAL,https://maps.google.com/?cid=N/A
N/A,Mantorose Cafe,26.2562009,50.1937879,cafe,4.3,93,OPERATIONAL,https://maps.google.com/?cid=N/A
N/A,Tim Hortons,26.240678799999998,50.21445250000001,cafe,4,239,OPERATIONAL,https://maps.google.com/?cid=N/A
N/A,Barn's | بارنز,26.2502376,50.202686899999996,cafe,3.9,19,OPERATIONAL,https://maps.google.com/?cid=N/A
N/A,TCG - The Coffee Group,26.250623599999997,50.198796,cafe,5,23,OPERATIONAL,https://maps.google.com/?cid=N/A
N/A,ديوانيه النظم الشعبية,26.2592753,50.2041834,cafe,4.1,65,OPERATIONAL,https://maps.google.com/?cid=N/A
N/A,قهوة سكاي بلو,26.2581899,50.201149199999996,cafe,4.2,24,OPERATIONAL,https://maps.google.com/?cid=N/A
N/A,24Cafe,26.2552707,50.203505,cafe,4.6,19,OPERATIONAL,https://maps.google.com/?cid=N/A
N/A,Blue Sky Coffee إسكان بلوسكي كوفي,26.254533499999997,50.2146032,cafe,4,29,OPERATIONAL,https://maps.google.com/?cid=N/A
N/A,مطعم طريق الحرير,26.2423087,50.198274299999994,cafe,5,2,OPERATIONAL,https://maps.google.com/?cid=N/A
N/A,ceasario,26.255441599999997,50.220722599999995,cafe,4,875,OPERATIONAL,https://maps.google.com/?cid=N/A
N/A,Espresso Station اسبريسو ستيشن,26.241577099999997,50.2145021,cafe,4.4,153,OPERATIONAL,https://maps.google.com/?cid=N/A
N/A,Tim Hortons,26.240678799999998,50.21445250000001,cafe,4,239,OPERATIONAL,https://maps.google.com/?cid=N/A
N/A,Blue Sky Coffee إسكان بلوسكي كوفي,26.254533499999997,50.2146032,cafe,4,29,OPERATIONAL,https://maps.google.com/?cid=N/A
N/A,كورنيش الخبر,26.2572165,50.219502000000006,cafe,No rating,No reviews,OPERATIONAL,https://maps.google.com/?cid=N/A
N/A,Dunkin' - دانكن,26.269312499999998,50.0189375,cafe,3.9,103,OPERATIONAL,https://maps.google.com/?cid=N/A
N/A,Cafe bonjour,26.26937,50.0188251,cafe,No rating,No reviews,OPERATIONAL,https://maps.google.com/?cid=N/A
N/A,Dunkin' - دانكن,26.269312499999998,50.0189375,cafe,3.9,103,OPERATIONAL,https://maps.google.com/?cid=N/A
N/A,Cafe bonjour,26.26937,50.0188251,cafe,No rating,No reviews,OPERATIONAL,https://maps.google.com/?cid=N/A
N/A,McDonald's,26.2654423,50.0705652,cafe,3,247,OPERATIONAL,https://maps.google.com/?cid=N/A
N/A,قهوة عمق UMQ Coffee,26.2655075,50.0711872,cafe,4.6,151,OPERATIONAL,https://maps.google.com/?cid=N/A
N/A,Knock Ajyal - نـوك أجيـال,26.2661211,50.071609699999996,cafe,4.7,83,OPERATIONAL,https://maps.google.com/?cid=N/A
N/A,ستاربكس,26.2641515,50.068079499999996,cafe,5,3,OPERATIONAL,https://maps.google.com/?cid=N/A
N/A,Dose دوز,26.2656936,50.071096999999995,cafe,4.8,13,OPERATIONAL,https://maps.google.com/?cid=N/A
N/A,فسحه,26.2658542,50.0704925,cafe,4.6,26,OPERATIONAL,https://maps.google.com/?cid=N/A
N/A,McDonald's,26.2654423,50.0705652,cafe,3,247,OPERATIONAL,https://maps.google.com/?cid=N/A
N/A,قهوة عمق UMQ Coffee,26.2655075,50.0711872,cafe,4.6,151,OPERATIONAL,https://maps.google.com/?cid=N/A
N/A,Knock Ajyal - نـوك أجيـال,26.2661211,50.071609699999996,cafe,4.7,83,OPERATIONAL,https://maps.google.com/?cid=N/A
N/A,ستاربكس,26.2641515,50.068079499999996,cafe,5,3,OPERATIONAL,https://maps.google.com/?cid=N/A
N/A,Dose دوز,26.2656936,50.071096999999995,cafe,4.8,13,OPERATIONAL,https://maps.google.com/?cid=N/A
N/A,فسحه,26.2658542,50.0704925,cafe,4.6,26,OPERATIONAL,https://maps.google.com/?cid=N/A
N/A,Dunkin' - دانكن,26.2793125,50.132312500000005,cafe,4,513,OPERATIONAL,https://maps.google.com/?cid=N/A
N/A,Dunkin' - دانكن,26.271373999999998,50.195328,cafe,4.1,1346,OPERATIONAL,https://maps.google.com/?cid=N/A
N/A,ديلي كب Daily cup,26.277147,50.183707399999996,cafe,4.5,102,OPERATIONAL,https://maps.google.com/?cid=N/A
N/A,Sip Day speciality coffeee,26.278593599999997,50.1830973,cafe,4.7,448,OPERATIONAL,https://maps.google.com/?cid=N/A
N/A,Golden Tea كرك الذهبي,26.2761413,50.1923933,cafe,4.2,30,OPERATIONAL,https://maps.google.com/?cid=N/A
N/A,Konafa golden crown,26.271102199999998,50.1956991,cafe,4.1,272,OPERATIONAL,https://maps.google.com/?cid=N/A
N/A,Mantorose Cafe,26.2562009,50.1937879,cafe,4.3,93,OPERATIONAL,https://maps.google.com/?cid=N/A
N/A,يمي كريب,26.2736271,50.1869705,cafe,4.1,189,OPERATIONAL,https://maps.google.com/?cid=N/A
N/A,برنس الشرق مستلزمات الكوفي شوب EAST PRINCE TRADING EASTERN REGION BRANCH,26.2761402,50.193712999999995,cafe,4.5,24,OPERATIONAL,https://maps.google.com/?cid=N/A
N/A,مقهى ليالي امدر,26.278408499999998,50.183892,cafe,4.2,41,OPERATIONAL,https://maps.google.com/?cid=N/A
N/A,Al Qurashi Parties,26.2755416,50.1853504,cafe,4.6,32,OPERATIONAL,https://maps.google.com/?cid=N/A
N/A,مقهى قعدة شاي الفرع الاول,26.2662868,50.1883883,cafe,4.4,45,OPERATIONAL,https://maps.google.com/?cid=N/A
N/A,دونات لاند DONUT LAND,26.275999799999997,50.1842413,cafe,4.6,40,OPERATIONAL,https://maps.google.com/?cid=N/A
N/A,قعدة شاي,26.2696033,50.1870342,cafe,4.2,17,OPERATIONAL,https://maps.google.com/?cid=N/A
N/A,Al Zawiya Al Shobeya Coffee Shop,26.2781563,50.184041,cafe,4,33,OPERATIONAL,https://maps.google.com/?cid=N/A
N/A,شاهي شعف |Shaaf Tea,26.278327599999997,50.183214199999995,cafe,4.9,13,OPERATIONAL,https://maps.google.com/?cid=N/A
N/A,مقهئ التراث الشعبي,26.273663799999998,50.186919499999995,cafe,4.4,83,OPERATIONAL,https://maps.google.com/?cid=N/A
N/A,فرع دونات الممتاز,26.2737728,50.1927926,cafe,3.4,14,OPERATIONAL,https://maps.google.com/?cid=N/A
N/A,عصير العميد,26.2778825,50.193122599999995,cafe,4.4,33,OPERATIONAL,https://maps.google.com/?cid=N/A
N/A,Blue Sky Coffee,26.279228099999997,50.1873873,cafe,2.8,13,OPERATIONAL,https://maps.google.com/?cid=N/A
N/A,بوفية نور الشروق,26.2732659,50.188710099999994,cafe,4.3,7,OPERATIONAL,https://maps.google.com/?cid=N/A
N/A,Dunkin' - دانكن,26.271373999999998,50.195328,cafe,4.1,1346,OPERATIONAL,https://maps.google.com/?cid=N/A
N/A,Barn's | بارنز,26.2661719,50.203895499999994,cafe,4.2,528,OPERATIONAL,https://maps.google.com/?cid=N/A
N/A,Starbucks,26.268666999999997,50.216055999999995,cafe,4.3,1353,OPERATIONAL,https://maps.google.com/?cid=N/A
N/A,Diwaniya Mishraq,26.2655577,50.2104625,cafe,4.1,427,OPERATIONAL,https://maps.google.com/?cid=N/A
N/A,Dunkin' - دانكن,26.269562500000003,50.216562499999995,cafe,3.7,151,OPERATIONAL,https://maps.google.com/?cid=N/A
N/A,COFFE SHACK(مقهى الكوخ ),26.270573,50.2165294,cafe,4.7,439,OPERATIONAL,https://maps.google.com/?cid=N/A
N/A,Golden Restaurant,26.2775017,50.212886999999995,cafe,4.1,545,OPERATIONAL,https://maps.google.com/?cid=N/A
N/A,TEA TIME TEA INNOVATION,26.2774067,50.2116069,cafe,4.5,113,OPERATIONAL,https://maps.google.com/?cid=N/A
N/A,تكية مزاج | Takya Mazaj,26.2783265,50.207962699999996,cafe,4.6,82,OPERATIONAL,https://maps.google.com/?cid=N/A
N/A,Konafa golden crown,26.271102199999998,50.1956991,cafe,4.1,272,OPERATIONAL,https://maps.google.com/?cid=N/A
N/A,Krispy Kreme,26.2675625,50.214437499999995,cafe,4.1,137,OPERATIONAL,https://maps.google.com/?cid=N/A
N/A,campero lounge & cafe,26.2732165,50.2163584,cafe,4.1,29,OPERATIONAL,https://maps.google.com/?cid=N/A
N/A,Tazamun مقهى تزامن,26.2705961,50.2130033,cafe,4.8,60,OPERATIONAL,https://maps.google.com/?cid=N/A
N/A,ديوانيه النظم الشعبية,26.2592753,50.2041834,cafe,4.1,65,OPERATIONAL,https://maps.google.com/?cid=N/A
N/A,Derby Coffee,26.2665042,50.218628599999995,cafe,3.9,74,OPERATIONAL,https://maps.google.com/?cid=N/A
N/A,Azeem Cafeteria,26.2776247,50.2130905,cafe,4,185,OPERATIONAL,https://maps.google.com/?cid=N/A
N/A,قهوة سكاي بلو,26.2581899,50.201149199999996,cafe,4.2,24,OPERATIONAL,https://maps.google.com/?cid=N/A
N/A,مقهى نكست,26.2747197,50.205518899999994,cafe,4,17,OPERATIONAL,https://maps.google.com/?cid=N/A
N/A,24Cafe,26.2552707,50.203505,cafe,4.6,19,OPERATIONAL,https://maps.google.com/?cid=N/A
N/A,Tea point,26.2717565,50.2124846,cafe,4.8,22,OPERATIONAL,https://maps.google.com/?cid=N/A
N/A,Sun Room Cafe & Restaurant,26.272147699999998,50.2211776,cafe,3.7,4253,OPERATIONAL,https://maps.google.com/?cid=N/A
N/A,ceasario,26.255441599999997,50.220722599999995,cafe,4,875,OPERATIONAL,https://maps.google.com/?cid=N/A
N/A,Dunkin' - دانكن,26.2784375,50.218062499999995,cafe,4.1,1924,OPERATIONAL,https://maps.google.com/?cid=N/A
N/A,المذاق المغربي,26.273318999999997,50.2199697,cafe,4.3,204,OPERATIONAL,https://maps.google.com/?cid=N/A
N/A,Cafe De Paris,26.2782433,50.218693599999995,cafe,3.5,780,OPERATIONAL,https://maps.google.com/?cid=N/A
N/A,Starbucks,26.268666999999997,50.216055999999995,cafe,4.3,1353,OPERATIONAL,https://maps.google.com/?cid=N/A
N/A,شذرات كافيه,26.2750395,50.2191444,cafe,4.4,615,OPERATIONAL,https://maps.google.com/?cid=N/A
N/A,Diwaniya Mishraq,26.2655577,50.2104625,cafe,4.1,427,OPERATIONAL,https://maps.google.com/?cid=N/A
N/A,Dunkin' - دانكن,26.269562500000003,50.216562499999995,cafe,3.7,151,OPERATIONAL,https://maps.google.com/?cid=N/A
N/A,COFFE SHACK(مقهى الكوخ ),26.270573,50.2165294,cafe,4.7,439,OPERATIONAL,https://maps.google.com/?cid=N/A
N/A,Krispy Kreme,26.2675625,50.214437499999995,cafe,4.1,137,OPERATIONAL,https://maps.google.com/?cid=N/A
N/A,Bagelato Cafe,26.2784299,50.218488699999995,cafe,3.9,433,OPERATIONAL,https://maps.google.com/?cid=N/A
N/A,campero lounge & cafe,26.2732165,50.2163584,cafe,4.1,29,OPERATIONAL,https://maps.google.com/?cid=N/A
N/A,Tazamun مقهى تزامن,26.2705961,50.2130033,cafe,4.8,60,OPERATIONAL,https://maps.google.com/?cid=N/A
N/A,Derby Coffee,26.2665042,50.218628599999995,cafe,3.9,74,OPERATIONAL,https://maps.google.com/?cid=N/A
N/A,مقهى ومطعم ماء الذهب,26.272852099999998,50.2211858,cafe,3.9,20,OPERATIONAL,https://maps.google.com/?cid=N/A
N/A,TEA DELIGHT,26.277093999999998,50.215211599999996,cafe,4.5,26,OPERATIONAL,https://maps.google.com/?cid=N/A
N/A,Cafe Bijou,26.2766551,50.2199477,cafe,4.4,20,OPERATIONAL,https://maps.google.com/?cid=N/A
N/A,Tea point,26.2717565,50.2124846,cafe,4.8,22,OPERATIONAL,https://maps.google.com/?cid=N/A
N/A,كرك زيد,26.275062499999997,50.2130412,cafe,5,1,OPERATIONAL,https://maps.google.com/?cid=N/A
N/A,24Cafe,26.295045599999998,50.0353552,cafe,4.4,246,OPERATIONAL,https://maps.google.com/?cid=N/A
N/A,Barn's | بارنز,26.2954097,50.0356568,cafe,3.6,26,OPERATIONAL,https://maps.google.com/?cid=N/A
N/A,Derby Cafe,26.295232300000002,50.0355181,cafe,3.8,330,OPERATIONAL,https://maps.google.com/?cid=N/A
N/A,Road Café | قهوة الطريق,26.2840822,50.0603135,cafe,4.2,105,OPERATIONAL,https://maps.google.com/?cid=N/A
N/A,Shrq Coffee Roaster (Jebel Heights),26.289911399999998,50.1008353,cafe,4.3,264,OPERATIONAL,https://maps.google.com/?cid=N/A
N/A,DESSANGE PARIS,26.291301599999997,50.10469,cafe,4.7,22,OPERATIONAL,https://maps.google.com/?cid=N/A
N/A,DESSANGE PARIS,26.291301599999997,50.10469,cafe,4.7,22,OPERATIONAL,https://maps.google.com/?cid=N/A
N/A,Dunkin' - دانكن,26.2793125,50.132312500000005,cafe,4,513,OPERATIONAL,https://maps.google.com/?cid=N/A
N/A,قهوة عرب,26.285332800000003,50.1323483,cafe,2.3,3,OPERATIONAL,https://maps.google.com/?cid=N/A
N/A,Blue stars,26.284292400000002,50.150513499999995,cafe,2.7,13,OPERATIONAL,https://maps.google.com/?cid=N/A
N/A,Dose Cafe,26.2836875,50.150437499999995,cafe,3,1,OPERATIONAL,https://maps.google.com/?cid=N/A
N/A,Al Rashid Mall,26.2908311,50.1805653,cafe,4.3,50912,OPERATIONAL,https://maps.google.com/?cid=N/A
N/A,Dunkin' - دانكن,26.2942647,50.170988099999995,cafe,4,279,OPERATIONAL,https://maps.google.com/?cid=N/A
N/A,Dunkin' - دانكن,26.29086,50.181264,cafe,4,506,OPERATIONAL,https://maps.google.com/?cid=N/A
N/A,Barn's | بارنز,26.2935069,50.1720541,cafe,4.1,55,OPERATIONAL,https://maps.google.com/?cid=N/A
N/A,7 Grams - Alrashid Mall | ٧ جرام - الراشد مول,26.2912431,50.1807662,cafe,4.4,679,OPERATIONAL,https://maps.google.com/?cid=N/A
N/A,Rosalie Cafe,26.290518799999997,50.177732299999995,cafe,4.5,448,OPERATIONAL,https://maps.google.com/?cid=N/A
N/A,GLĀDIO CAFÉ,26.291323499999997,50.180337699999995,cafe,4.6,129,OPERATIONAL,https://maps.google.com/?cid=N/A
N/A,Cinnabon,26.286915,50.18391,cafe,3.3,113,OPERATIONAL,https://maps.google.com/?cid=N/A
N/A,Konafa golden crown,26.280672,50.1823043,cafe,4.1,266,OPERATIONAL,https://maps.google.com/?cid=N/A
N/A,مقهى ديوانية هجر,26.283941199999997,50.1815338,cafe,3.8,261,OPERATIONAL,https://maps.google.com/?cid=N/A
N/A,Starbucks,26.2913075,50.1809882,cafe,4,523,OPERATIONAL,https://maps.google.com/?cid=N/A
N/A,Costa Coffee,26.289806,50.181025999999996,cafe,4.6,366,OPERATIONAL,https://maps.google.com/?cid=N/A
N/A,Equal,26.2906576,50.1769855,cafe,4.7,20,OPERATIONAL,https://maps.google.com/?cid=N/A
N/A,ماما بنز كافيه | MammaBunz Cafe‏,26.286500099999998,50.183899999999994,cafe,4.1,207,OPERATIONAL,https://maps.google.com/?cid=N/A
N/A,Krispy Kreme,26.2913662,50.1805928,cafe,4.3,70,OPERATIONAL,https://maps.google.com/?cid=N/A
N/A,Cafe culture,26.291073100000002,50.1799142,cafe,2.8,270,OPERATIONAL,https://maps.google.com/?cid=N/A
N/A,Pianolla Cafe,26.292095399999997,50.1741816,cafe,3.9,174,OPERATIONAL,https://maps.google.com/?cid=N/A
N/A,Tim Hortons,26.2906847,50.180892899999996,cafe,5,12,OPERATIONAL,https://maps.google.com/?cid=N/A
N/A,مقهى وديوانيه سجة بال,26.2813515,50.1819383,cafe,4.8,14,OPERATIONAL,https://maps.google.com/?cid=N/A
N/A,Al Rashid Mall,26.2908311,50.1805653,cafe,4.3,50912,OPERATIONAL,https://maps.google.com/?cid=N/A
N/A,Madina Restaurant,26.288042299999997,50.188332599999995,cafe,3.9,9057,OPERATIONAL,https://maps.google.com/?cid=N/A
N/A,ديلي كب Daily cup,26.277147,50.183707399999996,cafe,4.5,102,OPERATIONAL,https://maps.google.com/?cid=N/A
N/A,Sip Day speciality coffeee,26.278593599999997,50.1830973,cafe,4.7,448,OPERATIONAL,https://maps.google.com/?cid=N/A
N/A,مقهي ومحمصه الواحه - Oasis Cafe Roastery,26.2820048,50.201934699999995,cafe,4.5,1589,OPERATIONAL,https://maps.google.com/?cid=N/A
N/A,Starbucks,26.290395699999998,50.1873237,cafe,4,188,OPERATIONAL,https://maps.google.com/?cid=N/A
N/A,Dunkin' - دانكن,26.29086,50.181264,cafe,4,506,OPERATIONAL,https://maps.google.com/?cid=N/A
N/A,Black Horse Cafe,26.291453999999998,50.182314899999994,cafe,4.5,260,OPERATIONAL,https://maps.google.com/?cid=N/A
N/A,Tea Muhabath Resto cafe,26.293282200000004,50.1946282,cafe,4.5,163,OPERATIONAL,https://maps.google.com/?cid=N/A
N/A,Golden Tea,26.2845043,50.1905563,cafe,4,69,OPERATIONAL,https://maps.google.com/?cid=N/A
N/A,ديوانية قدوع للشاي والقهوة,26.284278399999998,50.189094999999995,cafe,4.1,417,OPERATIONAL,https://maps.google.com/?cid=N/A
N/A,7 Grams - Alrashid Mall | ٧ جرام - الراشد مول,26.2912431,50.1807662,cafe,4.4,679,OPERATIONAL,https://maps.google.com/?cid=N/A
N/A,Rosalie Cafe,26.290518799999997,50.177732299999995,cafe,4.5,448,OPERATIONAL,https://maps.google.com/?cid=N/A
N/A,Golden Tea كرك الذهبي,26.2761413,50.1923933,cafe,4.2,30,OPERATIONAL,https://maps.google.com/?cid=N/A
N/A,مقهى بساطة coffee Basata,26.2847233,50.196039199999994,cafe,4.8,169,OPERATIONAL,https://maps.google.com/?cid=N/A
N/A,انليش | Unleash,26.2813794,50.2004297,cafe,4.7,167,OPERATIONAL,https://maps.google.com/?cid=N/A
N/A,Krispy Kreme,26.2835625,50.1971875,cafe,4.2,242,OPERATIONAL,https://maps.google.com/?cid=N/A
N/A,GLĀDIO CAFÉ,26.291323499999997,50.180337699999995,cafe,4.6,129,OPERATIONAL,https://maps.google.com/?cid=N/A
N/A,Ummi's Cafe,26.2937983,50.195034899999996,cafe,4,56,OPERATIONAL,https://maps.google.com/?cid=N/A
N/A,Cinnabon,26.286915,50.18391,cafe,3.3,113,OPERATIONAL,https://maps.google.com/?cid=N/A
N/A,بلما | Blma,26.2894354,50.218083899999996,cafe,4.6,879,OPERATIONAL,https://maps.google.com/?cid=N/A
N/A,SAJE cafe | سيج,26.291943699999997,50.2085989,cafe,4.5,464,OPERATIONAL,https://maps.google.com/?cid=N/A
N/A,Tea Time,26.2825825,50.217741399999994,cafe,4.2,3094,OPERATIONAL,https://maps.google.com/?cid=N/A
N/A,Slope Roastery,26.2907142,50.2161203,cafe,4.8,246,OPERATIONAL,https://maps.google.com/?cid=N/A
N/A,MOUND,26.2920621,50.2083507,cafe,4.1,334,OPERATIONAL,https://maps.google.com/?cid=N/A
N/A,Dunkin' - دانكن,26.2784375,50.218062499999995,cafe,4.1,1924,OPERATIONAL,https://maps.google.com/?cid=N/A
N/A,Lounge shesha shisha hookah hooka مقهى لاونج غصن الرمان لاونج شيشة شيشه كافيهGhosen اقرب مكان شيشة افضل مكان شيشة,26.295282699999998,50.201301,cafe,4.5,260,OPERATIONAL,https://maps.google.com/?cid=N/A
N/A,Starbucks,26.288271299999998,50.2161335,cafe,4.5,507,OPERATIONAL,https://maps.google.com/?cid=N/A
N/A,Mawoud,26.2883756,50.217900099999994,cafe,4.6,625,OPERATIONAL,https://maps.google.com/?cid=N/A
N/A,مقهي ومحمصه الواحه - Oasis Cafe Roastery,26.2820048,50.201934699999995,cafe,4.5,1589,OPERATIONAL,https://maps.google.com/?cid=N/A
N/A,Hiqbah Roasters - محمصة و مقهى حقبة,26.281724999999998,50.2130017,cafe,4.9,262,OPERATIONAL,https://maps.google.com/?cid=N/A
N/A,Oasis cafe & Club,26.2892972,50.216491100000006,cafe,3.8,722,OPERATIONAL,https://maps.google.com/?cid=N/A
N/A,شاي مراميه Maramia,26.2894451,50.216369799999995,cafe,4.5,588,OPERATIONAL,https://maps.google.com/?cid=N/A
N/A,Poca Coffee & Tiramisu,26.290758699999998,50.2157701,cafe,4.6,207,OPERATIONAL,https://maps.google.com/?cid=N/A
N/A,DYJOR Coffee Roasters,26.2885703,50.217624799999996,cafe,4.8,216,OPERATIONAL,https://maps.google.com/?cid=N/A
N/A,قمرا | Qamra,26.288886899999998,50.217946,cafe,4.8,266,OPERATIONAL,https://maps.google.com/?cid=N/A
N/A,مقهى ومحمصة كوفيكا,26.2837112,50.220211199999994,cafe,4.5,905,OPERATIONAL,https://maps.google.com/?cid=N/A
N/A,مزل قهوة سعودية,26.2889892,50.217899800000005,cafe,4.8,212,OPERATIONAL,https://maps.google.com/?cid=N/A
N/A,happiness cups,26.289504599999997,50.218607399999996,cafe,4.9,320,OPERATIONAL,https://maps.google.com/?cid=N/A
N/A,Cafe De Paris,26.2782433,50.218693599999995,cafe,3.5,780,OPERATIONAL,https://maps.google.com/?cid=N/A
N/A,Half Million,26.295082999999998,50.220759,cafe,4.4,4780,OPERATIONAL,https://maps.google.com/?cid=N/A
N/A,PART COFFEE HOUSE | قهوة جزء,26.296104399999997,50.2179219,cafe,4.8,1482,OPERATIONAL,https://maps.google.com/?cid=N/A
N/A,فرن ليلى,26.2930699,50.2185376,cafe,4.6,664,OPERATIONAL,https://maps.google.com/?cid=N/A
N/A,Cay,26.2820969,50.222144400000005,cafe,4.3,1257,OPERATIONAL,https://maps.google.com/?cid=N/A
N/A,بلما | Blma,26.2894354,50.218083899999996,cafe,4.6,879,OPERATIONAL,https://maps.google.com/?cid=N/A
N/A,Sun Room Cafe & Restaurant,26.272147699999998,50.2211776,cafe,3.7,4253,OPERATIONAL,https://maps.google.com/?cid=N/A
N/A,مقهى طرف,26.2927808,50.2187689,cafe,4.5,360,OPERATIONAL,https://maps.google.com/?cid=N/A
N/A,SULTAN LOUNGE & CAFE,26.2940795,50.2203355,cafe,4,1221,OPERATIONAL,https://maps.google.com/?cid=N/A
N/A,SOIR CAFÉ,26.282118699999998,50.222020699999995,cafe,4,1208,OPERATIONAL,https://maps.google.com/?cid=N/A
N/A,Line Espresso Bar & Roastery,26.2958954,50.2190825,cafe,4.5,1029,OPERATIONAL,https://maps.google.com/?cid=N/A
N/A,ديلي كب Daily cup,26.294127200000002,50.2170997,cafe,4.6,128,OPERATIONAL,https://maps.google.com/?cid=N/A
N/A,Tea Time,26.2825825,50.217741399999994,cafe,4.2,3094,OPERATIONAL,https://maps.google.com/?cid=N/A
N/A,ريشيو الخبر الشمالية | Ratio Al Khobar Alshmalyah,26.2966429,50.219043799999994,cafe,4.5,484,OPERATIONAL,https://maps.google.com/?cid=N/A
N/A,Qaf Coffee Roasters -Ajdan : محمصة ومقهى قاف - اجدان,26.2829739,50.2204568,cafe,4.4,922,OPERATIONAL,https://maps.google.com/?cid=N/A
N/A,Slope Roastery,26.2907142,50.2161203,cafe,4.8,246,OPERATIONAL,https://maps.google.com/?cid=N/A
N/A,Dunkin' - دانكن,26.2784375,50.218062499999995,cafe,4.1,1924,OPERATIONAL,https://maps.google.com/?cid=N/A
N/A,Mantorose Cafe,26.281648099999998,50.222423,cafe,4,408,OPERATIONAL,https://maps.google.com/?cid=N/A
N/A,Mawoud,26.2883756,50.217900099999994,cafe,4.6,625,OPERATIONAL,https://maps.google.com/?cid=N/A
N/A,Starbucks,26.288271299999998,50.2161335,cafe,4.5,507,OPERATIONAL,https://maps.google.com/?cid=N/A
N/A,Gladio Cafe - جلاديو كافيه,26.2959257,50.219089,cafe,4.9,498,OPERATIONAL,https://maps.google.com/?cid=N/A
N/A,24Cafe,26.295045599999998,50.0353552,cafe,4.4,246,OPERATIONAL,https://maps.google.com/?cid=N/A
N/A,Barn's | بارنز,26.2954097,50.0356568,cafe,3.6,26,OPERATIONAL,https://maps.google.com/?cid=N/A
N/A,Derby Cafe,26.295232300000002,50.0355181,cafe,3.8,330,OPERATIONAL,https://maps.google.com/?cid=N/A
N/A,ديوانية الكيف,26.295360700000003,50.0341051,cafe,3,3,OPERATIONAL,https://maps.google.com/?cid=N/A
N/A,24Cafe,26.295045599999998,50.0353552,cafe,4.4,246,OPERATIONAL,https://maps.google.com/?cid=N/A
N/A,Barn's | بارنز,26.2954097,50.0356568,cafe,3.6,26,OPERATIONAL,https://maps.google.com/?cid=N/A
N/A,Derby Cafe,26.295232300000002,50.0355181,cafe,3.8,330,OPERATIONAL,https://maps.google.com/?cid=N/A
N/A,ديوانية الكيف,26.295360700000003,50.0341051,cafe,3,3,OPERATIONAL,https://maps.google.com/?cid=N/A
N/A,Shrq Coffee Roaster (Jebel Heights),26.289911399999998,50.1008353,cafe,4.3,264,OPERATIONAL,https://maps.google.com/?cid=N/A
N/A,DESSANGE PARIS,26.291301599999997,50.10469,cafe,4.7,22,OPERATIONAL,https://maps.google.com/?cid=N/A
N/A,Chapati&Karak - KSA Aramco,26.298363499999997,50.107790599999994,cafe,3.7,26,OPERATIONAL,https://maps.google.com/?cid=N/A
N/A,Starbucks,26.3052517,50.1293103,cafe,4.4,717,OPERATIONAL,https://maps.google.com/?cid=N/A
N/A,Joffrey's جوفريز,26.313939299999998,50.1215358,cafe,4,4,OPERATIONAL,https://maps.google.com/?cid=N/A
N/A,Tamimi Cafeteria,26.3066005,50.1118087,cafe,4.1,18,OPERATIONAL,https://maps.google.com/?cid=N/A
N/A,Chapati&Karak - KSA Aramco,26.298363499999997,50.107790599999994,cafe,3.7,26,OPERATIONAL,https://maps.google.com/?cid=N/A
N/A,Dose Cafe,26.3050033,50.113381399999994,cafe,4,4,OPERATIONAL,https://maps.google.com/?cid=N/A
N/A,Carlton Lounge,26.304156600000002,50.130172699999996,cafe,4,63,OPERATIONAL,https://maps.google.com/?cid=N/A
N/A,مغزل | MIGHZEL أرامكو,26.307555900000004,50.1278204,cafe,4.9,7,OPERATIONAL,https://maps.google.com/?cid=N/A
N/A,Olabs,26.3075072,50.1115461,cafe,5,3,OPERATIONAL,https://maps.google.com/?cid=N/A
N/A,Caffe Vergnano 1882 (KIOSK),26.308615999999997,50.125185699999996,cafe,No rating,No reviews,OPERATIONAL,https://maps.google.com/?cid=N/A
N/A,Starbucks,26.3052517,50.1293103,cafe,4.4,717,OPERATIONAL,https://maps.google.com/?cid=N/A
N/A,Shrq Coffee Roaster (King’s Park),26.3049304,50.1302831,cafe,4.4,201,OPERATIONAL,https://maps.google.com/?cid=N/A
N/A,Dunkin - دانكن,26.30914,50.128802,cafe,4.3,184,OPERATIONAL,https://maps.google.com/?cid=N/A
N/A,Tim Hortons,26.309983300000003,50.1366531,cafe,4.4,125,OPERATIONAL,https://maps.google.com/?cid=N/A
N/A,Cinnabon,26.313328,50.137454,cafe,3.2,22,OPERATIONAL,https://maps.google.com/?cid=N/A
N/A,Krispy Kreme,26.300621099999997,50.147816899999995,cafe,3.9,33,OPERATIONAL,https://maps.google.com/?cid=N/A
N/A,Starbucks,26.311029599999998,50.132669799999995,cafe,3.9,12,OPERATIONAL,https://maps.google.com/?cid=N/A
N/A,KFUPM Boulevard,26.3109391,50.144812800000004,cafe,4.5,81,OPERATIONAL,https://maps.google.com/?cid=N/A
N/A,Shrq Coffee Roasters (Al Mujamma),26.3091534,50.130048099999996,cafe,4.7,28,OPERATIONAL,https://maps.google.com/?cid=N/A
N/A,Qaf Coffee Roasters JHAH - محمصة قاف جونزهوبكنز,26.310009899999997,50.1366629,cafe,4.2,22,OPERATIONAL,https://maps.google.com/?cid=N/A
N/A,Second Cup سكند كب,26.300189999999997,50.148126700000006,cafe,4.4,27,OPERATIONAL,https://maps.google.com/?cid=N/A
N/A,Carlton Lounge,26.304156600000002,50.130172699999996,cafe,4,63,OPERATIONAL,https://maps.google.com/?cid=N/A
N/A,مغزل | MIGHZEL أرامكو,26.307555900000004,50.1278204,cafe,4.9,7,OPERATIONAL,https://maps.google.com/?cid=N/A
N/A,كافتيريا 59,26.3081729,50.144954,cafe,4.7,3,OPERATIONAL,https://maps.google.com/?cid=N/A
N/A,Joffrey's جوفريز,26.313207199999997,50.128507199999994,cafe,No rating,No reviews,OPERATIONAL,https://maps.google.com/?cid=N/A
N/A,VARDØ ڤاردو,26.3125461,50.1281986,cafe,4,2,OPERATIONAL,https://maps.google.com/?cid=N/A
N/A,مراميه,26.312154999999997,50.125901,cafe,5,3,OPERATIONAL,https://maps.google.com/?cid=N/A
N/A,Faculty Lounge,26.3066893,50.144579699999994,cafe,3.8,4,OPERATIONAL,https://maps.google.com/?cid=N/A
N/A,Caffe Vergnano 1882 (KIOSK),26.308615999999997,50.125185699999996,cafe,No rating,No reviews,OPERATIONAL,https://maps.google.com/?cid=N/A
N/A,Scratch,26.3107239,50.1413789,cafe,5,2,OPERATIONAL,https://maps.google.com/?cid=N/A
N/A,Dunkin' - دانكن,26.313818,50.147613,cafe,3.7,224,OPERATIONAL,https://maps.google.com/?cid=N/A
N/A,Krispy Kreme,26.300621099999997,50.147816899999995,cafe,3.9,33,OPERATIONAL,https://maps.google.com/?cid=N/A
N/A,KFUPM Boulevard,26.3109391,50.144812800000004,cafe,4.5,81,OPERATIONAL,https://maps.google.com/?cid=N/A
N/A,Second Cup سكند كب,26.300189999999997,50.148126700000006,cafe,4.4,27,OPERATIONAL,https://maps.google.com/?cid=N/A
N/A,Mikyal Coffee,26.314297,50.147379,cafe,4.4,55,OPERATIONAL,https://maps.google.com/?cid=N/A
N/A,كافتيريا 59,26.3081729,50.144954,cafe,4.7,3,OPERATIONAL,https://maps.google.com/?cid=N/A
N/A,Scratch,26.301203899999997,50.159476100000006,cafe,4.9,8,OPERATIONAL,https://maps.google.com/?cid=N/A
N/A,Faculty Lounge,26.3066893,50.144579699999994,cafe,3.8,4,OPERATIONAL,https://maps.google.com/?cid=N/A
N/A,Scratch,26.3107239,50.1413789,cafe,5,2,OPERATIONAL,https://maps.google.com/?cid=N/A
N/A,فواز واخوانه للبلوت والشاهي,26.3141014,50.145674,cafe,5,13,OPERATIONAL,https://maps.google.com/?cid=N/A
N/A,Hazal,26.3142048,50.1472104,cafe,No rating,No reviews,OPERATIONAL,https://maps.google.com/?cid=N/A
N/A,Joe & The Juice,26.304957800000004,50.1800548,cafe,4.2,1144,OPERATIONAL,https://maps.google.com/?cid=N/A
N/A,ABYAT,26.3094677,50.1660794,cafe,4,7688,OPERATIONAL,https://maps.google.com/?cid=N/A
N/A,THE BLOOM,26.307556500000004,50.1812305,cafe,4.2,660,OPERATIONAL,https://maps.google.com/?cid=N/A
N/A,Qaf Coffee Roasters محمصة ومقهى قاف,26.302489100000003,50.1775768,cafe,4.4,6735,OPERATIONAL,https://maps.google.com/?cid=N/A
N/A,HAZEL COFFEE | هزل كوفي,26.3031275,50.1780158,cafe,4.7,870,OPERATIONAL,https://maps.google.com/?cid=N/A
N/A,مقهى ومحمصة شرق (العليا) Shrq Coffee Roasters (Olaya),26.298858199999998,50.179148399999995,cafe,4.6,831,OPERATIONAL,https://maps.google.com/?cid=N/A
N/A,NORMA نورما,26.298811699999998,50.179172,cafe,4.5,612,OPERATIONAL,https://maps.google.com/?cid=N/A
N/A,لاما الخبر - LLAMA Khobar,26.3033687,50.1811298,cafe,4.5,473,OPERATIONAL,https://maps.google.com/?cid=N/A
N/A,Seven Seeds‎,26.2986431,50.1781151,cafe,4.7,1176,OPERATIONAL,https://maps.google.com/?cid=N/A
N/A,A PLUS,26.299574099999997,50.1739508,cafe,4.3,1487,OPERATIONAL,https://maps.google.com/?cid=N/A
N/A,MOUND,26.3054906,50.1783317,cafe,4.3,1132,OPERATIONAL,https://maps.google.com/?cid=N/A
N/A,مقهى ومحمصة سمبلسيتي | Simplicity cafe & roastery,26.2992241,50.178363499999996,cafe,4.5,356,OPERATIONAL,https://maps.google.com/?cid=N/A
N/A,7 Grams - City Walk | ٧ جرام - سيتي ووك,26.3058354,50.182956700000005,cafe,4.5,1416,OPERATIONAL,https://maps.google.com/?cid=N/A
N/A,EliNA HOTEL,26.303479,50.1748787,cafe,3.9,180,OPERATIONAL,https://maps.google.com/?cid=N/A
N/A,Effect Coffee,26.297527199999998,50.178490599999996,cafe,4.8,587,OPERATIONAL,https://maps.google.com/?cid=N/A
N/A,Drink’s Aroma,26.3125852,50.1772789,cafe,4.8,462,OPERATIONAL,https://maps.google.com/?cid=N/A
N/A,Boad Coffee Roasters,26.3056433,50.1783536,cafe,4.3,747,OPERATIONAL,https://maps.google.com/?cid=N/A
N/A,Dunkin' - دانكن,26.2942647,50.170988099999995,cafe,4,279,OPERATIONAL,https://maps.google.com/?cid=N/A
N/A,Dunkin' - دانكن,26.308732,50.176896,cafe,4.2,966,OPERATIONAL,https://maps.google.com/?cid=N/A
N/A,Msherieb cafe,26.299062499999998,50.1761875,cafe,4.4,137,OPERATIONAL,https://maps.google.com/?cid=N/A
N/A,Al Rashid Mall,26.2908311,50.1805653,cafe,4.3,50912,OPERATIONAL,https://maps.google.com/?cid=N/A
N/A,Joe & The Juice,26.304957800000004,50.1800548,cafe,4.2,1144,OPERATIONAL,https://maps.google.com/?cid=N/A
N/A,THE BLOOM,26.307556500000004,50.1812305,cafe,4.2,660,OPERATIONAL,https://maps.google.com/?cid=N/A
N/A,Qaf Coffee Roasters محمصة ومقهى قاف,26.302489100000003,50.1775768,cafe,4.4,6735,OPERATIONAL,https://maps.google.com/?cid=N/A
N/A,HAZEL COFFEE | هزل كوفي,26.3031275,50.1780158,cafe,4.7,870,OPERATIONAL,https://maps.google.com/?cid=N/A
N/A,مقهى ومحمصة شرق (العليا) Shrq Coffee Roasters (Olaya),26.298858199999998,50.179148399999995,cafe,4.6,831,OPERATIONAL,https://maps.google.com/?cid=N/A
N/A,Tea Time,26.2997163,50.1985235,cafe,4.2,4590,OPERATIONAL,https://maps.google.com/?cid=N/A
N/A,ATYPICAL,26.305955400000002,50.1902352,cafe,4.2,736,OPERATIONAL,https://maps.google.com/?cid=N/A
N/A,NORMA نورما,26.298811699999998,50.179172,cafe,4.5,612,OPERATIONAL,https://maps.google.com/?cid=N/A
N/A,لاما الخبر - LLAMA Khobar,26.3033687,50.1811298,cafe,4.5,473,OPERATIONAL,https://maps.google.com/?cid=N/A
N/A,Seven Seeds‎,26.2986431,50.1781151,cafe,4.7,1176,OPERATIONAL,https://maps.google.com/?cid=N/A
N/A,Olden,26.3016142,50.2013745,cafe,4.6,322,OPERATIONAL,https://maps.google.com/?cid=N/A
N/A,ARCHI ارتشي,26.2986126,50.189802099999994,cafe,4.3,421,OPERATIONAL,https://maps.google.com/?cid=N/A
N/A,MOUND,26.3054906,50.1783317,cafe,4.3,1132,OPERATIONAL,https://maps.google.com/?cid=N/A
N/A,مقهى ومحمصة سمبلسيتي | Simplicity cafe & roastery,26.2992241,50.178363499999996,cafe,4.5,356,OPERATIONAL,https://maps.google.com/?cid=N/A
N/A,A PLUS,26.299574099999997,50.1739508,cafe,4.3,1487,OPERATIONAL,https://maps.google.com/?cid=N/A
N/A,Shay Bokhar,26.3007852,50.198062099999994,cafe,4.3,2220,OPERATIONAL,https://maps.google.com/?cid=N/A
N/A,7 Grams - City Walk | ٧ جرام - سيتي ووك,26.3058354,50.182956700000005,cafe,4.5,1416,OPERATIONAL,https://maps.google.com/?cid=N/A
N/A,Savor Bakery (Al Khobar),26.3042581,50.2004774,cafe,4.5,1115,OPERATIONAL,https://maps.google.com/?cid=N/A
N/A,Luini Bakery,26.298761700000004,50.200806500000006,cafe,4.9,904,OPERATIONAL,https://maps.google.com/?cid=N/A
N/A,نَصّ,26.3030151,50.211627,cafe,3.6,2162,OPERATIONAL,https://maps.google.com/?cid=N/A
N/A,امو | Amo,26.299692900000004,50.2199016,cafe,4.1,971,OPERATIONAL,https://maps.google.com/?cid=N/A
N/A,Andes Coffee Roasters,26.297771599999997,50.2190152,cafe,4.6,2474,OPERATIONAL,https://maps.google.com/?cid=N/A
N/A,KOY & BAKERY HOUSE,26.3041815,50.21124770000001,cafe,4.4,3017,OPERATIONAL,https://maps.google.com/?cid=N/A
N/A,Panama Coffee,26.2998099,50.2122161,cafe,4,1141,OPERATIONAL,https://maps.google.com/?cid=N/A
N/A,Balancd Coffee,26.304992199999997,50.2170139,cafe,4.4,2663,OPERATIONAL,https://maps.google.com/?cid=N/A
N/A,Petibon بتي بون,26.298732299999998,50.2134603,cafe,4.3,684,OPERATIONAL,https://maps.google.com/?cid=N/A
N/A,ZOLIEA,26.2979324,50.2099036,cafe,4.5,1630,OPERATIONAL,https://maps.google.com/?cid=N/A
N/A,PART COFFEE HOUSE | قهوة جزء,26.296104399999997,50.2179219,cafe,4.8,1482,OPERATIONAL,https://maps.google.com/?cid=N/A
N/A,Bohemia Cafe & Records,26.29956,50.2148822,cafe,3.6,1613,OPERATIONAL,https://maps.google.com/?cid=N/A
N/A,Tea Time,26.2997163,50.1985235,cafe,4.2,4590,OPERATIONAL,https://maps.google.com/?cid=N/A
N/A,Vial Cafe,26.3002506,50.2166777,cafe,4.6,1397,OPERATIONAL,https://maps.google.com/?cid=N/A
N/A,SAJE cafe | سيج,26.291943699999997,50.2085989,cafe,4.5,464,OPERATIONAL,https://maps.google.com/?cid=N/A
N/A,The 3rd Place,26.299392100000002,50.215190500000006,cafe,4.3,1110,OPERATIONAL,https://maps.google.com/?cid=N/A
N/A,شاهي رزه ( رزهـ),26.298542599999998,50.216672499999994,cafe,4.5,554,OPERATIONAL,https://maps.google.com/?cid=N/A
N/A,Olden,26.3016142,50.2013745,cafe,4.6,322,OPERATIONAL,https://maps.google.com/?cid=N/A
N/A,"Dear diary,",26.2982925,50.2100857,cafe,4.8,433,OPERATIONAL,https://maps.google.com/?cid=N/A
N/A,زاريا دار و قهوة |Zaria House,26.2986397,50.212375900000005,cafe,4.7,450,OPERATIONAL,https://maps.google.com/?cid=N/A
N/A,Sikka Karak,26.300733200000003,50.2149289,cafe,4.3,1136,OPERATIONAL,https://maps.google.com/?cid=N/A
N/A,Hassad Coffee Roasters | محمصة حصاد,26.299905,50.2171526,cafe,4.8,628,OPERATIONAL,https://maps.google.com/?cid=N/A
N/A,Half Million,26.295082999999998,50.220759,cafe,4.4,4780,OPERATIONAL,https://maps.google.com/?cid=N/A
N/A,Shrq Coffee Roasters (Alkurnaish ) | (مقهى ومحمصة شرق (الكورنيش,26.311608099999997,50.2230026,cafe,4.4,5831,OPERATIONAL,https://maps.google.com/?cid=N/A
N/A,امو | Amo,26.299692900000004,50.2199016,cafe,4.1,971,OPERATIONAL,https://maps.google.com/?cid=N/A
N/A,نَصّ,26.3030151,50.211627,cafe,3.6,2162,OPERATIONAL,https://maps.google.com/?cid=N/A
N/A,Andes Coffee Roasters,26.297771599999997,50.2190152,cafe,4.6,2474,OPERATIONAL,https://maps.google.com/?cid=N/A
N/A,KOY & BAKERY HOUSE,26.3041815,50.21124770000001,cafe,4.4,3017,OPERATIONAL,https://maps.google.com/?cid=N/A
N/A,Panama Coffee,26.2998099,50.2122161,cafe,4,1141,OPERATIONAL,https://maps.google.com/?cid=N/A
N/A,Balancd Coffee,26.304992199999997,50.2170139,cafe,4.4,2663,OPERATIONAL,https://maps.google.com/?cid=N/A
N/A,PART COFFEE HOUSE | قهوة جزء,26.296104399999997,50.2179219,cafe,4.8,1482,OPERATIONAL,https://maps.google.com/?cid=N/A
N/A,Petibon بتي بون,26.298732299999998,50.2134603,cafe,4.3,684,OPERATIONAL,https://maps.google.com/?cid=N/A
N/A,OffTheEarth,26.3119351,50.2171357,cafe,4.5,968,OPERATIONAL,https://maps.google.com/?cid=N/A
N/A,ZOLIEA,26.2979324,50.2099036,cafe,4.5,1630,OPERATIONAL,https://maps.google.com/?cid=N/A
N/A,Bohemia Cafe & Records,26.29956,50.2148822,cafe,3.6,1613,OPERATIONAL,https://maps.google.com/?cid=N/A
N/A,Soil Roasters,26.3133645,50.223734199999996,cafe,4.5,1299,OPERATIONAL,https://maps.google.com/?cid=N/A
N/A,فرن ليلى,26.2930699,50.2185376,cafe,4.6,664,OPERATIONAL,https://maps.google.com/?cid=N/A
N/A,ARCHI,26.309453599999998,50.222403199999995,cafe,4,1415,OPERATIONAL,https://maps.google.com/?cid=N/A
N/A,Dopeamine,26.307362599999998,50.223929399999996,cafe,4.2,1813,OPERATIONAL,https://maps.google.com/?cid=N/A
N/A,Vial Cafe,26.3002506,50.2166777,cafe,4.6,1397,OPERATIONAL,https://maps.google.com/?cid=N/A
N/A,مقهى طرف,26.2927808,50.2187689,cafe,4.5,360,OPERATIONAL,https://maps.google.com/?cid=N/A
N/A,Khobar,26.3056414,50.2273146,cafe,4.3,3,OPERATIONAL,https://maps.google.com/?cid=N/A
N/A,THiRDWAVE | KFMMC | ثيردويڤ - مدينة الملك فهد الطبية,26.3214873,50.0189508,cafe,4.6,90,OPERATIONAL,https://maps.google.com/?cid=N/A
N/A,Tim Hortons,26.3209034,50.021542399999994,cafe,4.2,91,OPERATIONAL,https://maps.google.com/?cid=N/A
N/A,Dunkin' - دانكن,26.3210625,50.0210625,cafe,4.6,10,OPERATIONAL,https://maps.google.com/?cid=N/A
N/A,طبخات وريه,26.327654,49.998692,cafe,4.9,39,OPERATIONAL,https://maps.google.com/?cid=N/A
N/A,تقنيدة,26.3226014,50.018175199999995,cafe,4.4,33,OPERATIONAL,https://maps.google.com/?cid=N/A
N/A,OLA,26.322147899999997,50.0190256,cafe,No rating,No reviews,OPERATIONAL,https://maps.google.com/?cid=N/A
N/A,THiRDWAVE | KFMMC | ثيردويڤ - مدينة الملك فهد الطبية,26.3214873,50.0189508,cafe,4.6,90,OPERATIONAL,https://maps.google.com/?cid=N/A
N/A,Tim Hortons,26.3209034,50.021542399999994,cafe,4.2,91,OPERATIONAL,https://maps.google.com/?cid=N/A
N/A,Dunkin' - دانكن,26.3210625,50.0210625,cafe,4.6,10,OPERATIONAL,https://maps.google.com/?cid=N/A
N/A,تقنيدة,26.3226014,50.018175199999995,cafe,4.4,33,OPERATIONAL,https://maps.google.com/?cid=N/A
N/A,OLA,26.322147899999997,50.0190256,cafe,No rating,No reviews,OPERATIONAL,https://maps.google.com/?cid=N/A
N/A,Shrq Coffee Roasters (Aramco -Al Midra),26.328938700000002,50.1093735,cafe,4.8,73,OPERATIONAL,https://maps.google.com/?cid=N/A
N/A,Starbucks,26.328777,50.109542499999996,cafe,3.9,82,OPERATIONAL,https://maps.google.com/?cid=N/A
N/A,Joffrey's North Park,26.3297501,50.108895200000006,cafe,3.6,34,OPERATIONAL,https://maps.google.com/?cid=N/A
N/A,Joffrey's جوفريز,26.313939299999998,50.1215358,cafe,4,4,OPERATIONAL,https://maps.google.com/?cid=N/A
N/A,Krispy Kreme,26.3286974,50.1093101,cafe,3,2,OPERATIONAL,https://maps.google.com/?cid=N/A
N/A,MASKOB (Al-Midra),26.328633699999997,50.1094516,cafe,5,3,OPERATIONAL,https://maps.google.com/?cid=N/A
N/A,Olabs,26.3075072,50.1115461,cafe,5,3,OPERATIONAL,https://maps.google.com/?cid=N/A
N/A,مراميه,26.312154999999997,50.125901,cafe,5,3,OPERATIONAL,https://maps.google.com/?cid=N/A
N/A,Dunkin - دانكن,26.30914,50.128802,cafe,4.3,184,OPERATIONAL,https://maps.google.com/?cid=N/A
N/A,Tim Hortons,26.309983300000003,50.1366531,cafe,4.4,125,OPERATIONAL,https://maps.google.com/?cid=N/A
N/A,Cinnabon,26.313328,50.137454,cafe,3.2,22,OPERATIONAL,https://maps.google.com/?cid=N/A
N/A,Dose Cafe,26.325568,50.1364224,cafe,4.3,27,OPERATIONAL,https://maps.google.com/?cid=N/A
N/A,Starbucks,26.311029599999998,50.132669799999995,cafe,3.9,12,OPERATIONAL,https://maps.google.com/?cid=N/A
N/A,Joffrey's جوفريز,26.313939299999998,50.1215358,cafe,4,4,OPERATIONAL,https://maps.google.com/?cid=N/A
N/A,Shrq Coffee Roasters (Al Mujamma),26.3091534,50.130048099999996,cafe,4.7,28,OPERATIONAL,https://maps.google.com/?cid=N/A
N/A,Starbucks,26.331278,50.132222,cafe,4.3,26,OPERATIONAL,https://maps.google.com/?cid=N/A
N/A,Qaf Coffee Roasters JHAH - محمصة قاف جونزهوبكنز,26.310009899999997,50.1366629,cafe,4.2,22,OPERATIONAL,https://maps.google.com/?cid=N/A
N/A,Joffrey's جوفريز,26.313207199999997,50.128507199999994,cafe,No rating,No reviews,OPERATIONAL,https://maps.google.com/?cid=N/A
N/A,VARDØ ڤاردو,26.3125461,50.1281986,cafe,4,2,OPERATIONAL,https://maps.google.com/?cid=N/A
N/A,مراميه,26.312154999999997,50.125901,cafe,5,3,OPERATIONAL,https://maps.google.com/?cid=N/A
N/A,Dose Cafe,26.311173999999998,50.1322397,cafe,No rating,No reviews,OPERATIONAL,https://maps.google.com/?cid=N/A
N/A,Scratch,26.3107239,50.1413789,cafe,5,2,OPERATIONAL,https://maps.google.com/?cid=N/A
N/A,فواز واخوانه للبلوت والشاهي,26.3141014,50.145674,cafe,5,13,OPERATIONAL,https://maps.google.com/?cid=N/A
N/A,Dunkin' - دانكن,26.3330555,50.1481411,cafe,4.1,640,OPERATIONAL,https://maps.google.com/?cid=N/A
N/A,ديوانية كيف القيصرية,26.3331663,50.1496955,cafe,4.1,425,OPERATIONAL,https://maps.google.com/?cid=N/A
N/A,Dunkin' - دانكن,26.3233021,50.1647378,cafe,3.9,419,OPERATIONAL,https://maps.google.com/?cid=N/A
N/A,Saadeddin Pastry,26.322963299999998,50.1593759,cafe,3.9,643,OPERATIONAL,https://maps.google.com/?cid=N/A
N/A,Tim Hortons,26.3234891,50.164982699999996,cafe,4.3,250,OPERATIONAL,https://maps.google.com/?cid=N/A
N/A,Starbucks,26.3233835,50.164178299999996,cafe,4.1,595,OPERATIONAL,https://maps.google.com/?cid=N/A
N/A,Dunkin' - دانكن,26.313818,50.147613,cafe,3.7,224,OPERATIONAL,https://maps.google.com/?cid=N/A
N/A,Pastel Al Doha - باستيل الدوحه الجنوبيه,26.3233669,50.1615289,cafe,4.1,182,OPERATIONAL,https://maps.google.com/?cid=N/A
N/A,Krispy Kreme,26.3235612,50.165106099999996,cafe,4.2,228,OPERATIONAL,https://maps.google.com/?cid=N/A
N/A,Road Café,26.331932,50.1450026,cafe,4.2,50,OPERATIONAL,https://maps.google.com/?cid=N/A
N/A,KFUPM Boulevard,26.3109391,50.144812800000004,cafe,4.5,81,OPERATIONAL,https://maps.google.com/?cid=N/A
N/A,قهوة الشيوخ Alshayoukh Coffee,26.3230446,50.1628015,cafe,4,113,OPERATIONAL,https://maps.google.com/?cid=N/A
N/A,Daily cup,26.322221199999998,50.1569468,cafe,4.6,20,OPERATIONAL,https://maps.google.com/?cid=N/A
N/A,Barn's | بارنز,26.323828,50.165154300000005,cafe,2.8,4,OPERATIONAL,https://maps.google.com/?cid=N/A
N/A,Mikyal Coffee,26.314297,50.147379,cafe,4.4,55,OPERATIONAL,https://maps.google.com/?cid=N/A
N/A,شاي ممر,26.327524,50.1508823,cafe,4.6,118,OPERATIONAL,https://maps.google.com/?cid=N/A
N/A,كافتيريا 59,26.3081729,50.144954,cafe,4.7,3,OPERATIONAL,https://maps.google.com/?cid=N/A
N/A,فواز واخوانه للبلوت والشاهي,26.3141014,50.145674,cafe,5,13,OPERATIONAL,https://maps.google.com/?cid=N/A
N/A,ABYAT,26.3094677,50.1660794,cafe,4,7688,OPERATIONAL,https://maps.google.com/?cid=N/A
N/A,&Beyond Lounge,26.328429399999997,50.1801647,cafe,4.5,948,OPERATIONAL,https://maps.google.com/?cid=N/A
N/A,Drink’s Aroma,26.3125852,50.1772789,cafe,4.8,462,OPERATIONAL,https://maps.google.com/?cid=N/A
N/A,Kyan Coffee,26.3304772,50.1617201,cafe,3.7,294,OPERATIONAL,https://maps.google.com/?cid=N/A
N/A,Barn's | بارنز,26.3227222,50.1797506,cafe,4.3,702,OPERATIONAL,https://maps.google.com/?cid=N/A
N/A,Density Coffee Roasters | مقهى ومحمصة دينستي,26.3287046,50.1803457,cafe,4.3,1734,OPERATIONAL,https://maps.google.com/?cid=N/A
N/A,Dunkin' - دانكن,26.308732,50.176896,cafe,4.2,966,OPERATIONAL,https://maps.google.com/?cid=N/A
N/A,لاونج دبليو تونتي | W20 Lounge,26.3282614,50.18070650000001,cafe,3.2,67,OPERATIONAL,https://maps.google.com/?cid=N/A
N/A,ايت اوز كوفي | 8Oz Coffee,26.3128279,50.1772317,cafe,4.6,325,OPERATIONAL,https://maps.google.com/?cid=N/A
N/A,Caesar 7,26.328836499999998,50.1807881,cafe,4.8,474,OPERATIONAL,https://maps.google.com/?cid=N/A
N/A,Dunkin' - دانكن,26.3233021,50.1647378,cafe,3.9,419,OPERATIONAL,https://maps.google.com/?cid=N/A
N/A,Starbucks,26.324335899999998,50.1799484,cafe,4,168,OPERATIONAL,https://maps.google.com/?cid=N/A
N/A,IKEA Cafe,26.3093856,50.1678728,cafe,3.8,47,OPERATIONAL,https://maps.google.com/?cid=N/A
N/A,Tie | تاي (Dhahran),26.331561999999998,50.1618113,cafe,4,79,OPERATIONAL,https://maps.google.com/?cid=N/A
N/A,Tim Hortons,26.3234891,50.164982699999996,cafe,4.3,250,OPERATIONAL,https://maps.google.com/?cid=N/A
N/A,Saadeddin Pastry,26.322963299999998,50.1593759,cafe,3.9,643,OPERATIONAL,https://maps.google.com/?cid=N/A
N/A,Starbucks,26.3233835,50.164178299999996,cafe,4.1,595,OPERATIONAL,https://maps.google.com/?cid=N/A
N/A,Tulum cafe,26.3088888,50.1698452,cafe,3.8,187,OPERATIONAL,https://maps.google.com/?cid=N/A
N/A,Diwaniat Alsahel,26.323980199999998,50.166205399999996,cafe,4,296,OPERATIONAL,https://maps.google.com/?cid=N/A
N/A,مطعم وكافيه هذبه,26.3100715,50.1690784,cafe,4.7,394,OPERATIONAL,https://maps.google.com/?cid=N/A
N/A,دندي | Dundee,26.325509,50.1859709,cafe,4.3,531,OPERATIONAL,https://maps.google.com/?cid=N/A
N/A,Lavender tea / شاي لافندر,26.3254387,50.185806899999996,cafe,4.2,533,OPERATIONAL,https://maps.google.com/?cid=N/A
N/A,ORIGO,26.325513599999997,50.185916999999996,cafe,4.6,282,OPERATIONAL,https://maps.google.com/?cid=N/A
N/A,OVVIO,26.3183859,50.194120999999996,cafe,4.4,127,OPERATIONAL,https://maps.google.com/?cid=N/A
N/A,Lapa cafe,26.3181944,50.1942076,cafe,4,272,OPERATIONAL,https://maps.google.com/?cid=N/A
N/A,&Beyond Lounge,26.328429399999997,50.1801647,cafe,4.5,948,OPERATIONAL,https://maps.google.com/?cid=N/A
N/A,Drink’s Aroma,26.3125852,50.1772789,cafe,4.8,462,OPERATIONAL,https://maps.google.com/?cid=N/A
N/A,Density Coffee Roasters | مقهى ومحمصة دينستي,26.3287046,50.1803457,cafe,4.3,1734,OPERATIONAL,https://maps.google.com/?cid=N/A
N/A,Barn's | بارنز,26.3227222,50.1797506,cafe,4.3,702,OPERATIONAL,https://maps.google.com/?cid=N/A
N/A,Kenko كينكو,26.325379299999998,50.1858109,cafe,4.6,302,OPERATIONAL,https://maps.google.com/?cid=N/A
N/A,لاونج دبليو تونتي | W20 Lounge,26.3282614,50.18070650000001,cafe,3.2,67,OPERATIONAL,https://maps.google.com/?cid=N/A
N/A,ايت اوز كوفي | 8Oz Coffee,26.3128279,50.1772317,cafe,4.6,325,OPERATIONAL,https://maps.google.com/?cid=N/A
N/A,Caesar 7,26.328836499999998,50.1807881,cafe,4.8,474,OPERATIONAL,https://maps.google.com/?cid=N/A
N/A,Starbucks,26.324335899999998,50.1799484,cafe,4,168,OPERATIONAL,https://maps.google.com/?cid=N/A
N/A,Golden Park Cafe,26.317086699999997,50.1998459,cafe,4.2,145,OPERATIONAL,https://maps.google.com/?cid=N/A
N/A,Starbucks,26.3122032,50.177816899999996,cafe,4,49,OPERATIONAL,https://maps.google.com/?cid=N/A
N/A,دندي,26.3173088,50.196796299999995,cafe,5,3,OPERATIONAL,https://maps.google.com/?cid=N/A
N/A,Urth Caffe,26.328709399999997,50.1819795,cafe,4.7,263,OPERATIONAL,https://maps.google.com/?cid=N/A
N/A,Mantorose Cafe | مانتوروز كافيه,26.3303361,50.1785247,cafe,4.2,30,OPERATIONAL,https://maps.google.com/?cid=N/A
N/A,مقهى تيفاق | Tyfaq Cafe,26.328303599999998,50.1807812,cafe,4.4,88,OPERATIONAL,https://maps.google.com/?cid=N/A
N/A,Camel Step,26.326310499999998,50.2133882,cafe,4.3,1405,OPERATIONAL,https://maps.google.com/?cid=N/A
N/A,Urth Caffe,26.3174247,50.203582,cafe,4.2,3132,OPERATIONAL,https://maps.google.com/?cid=N/A
N/A,Olden,26.3152635,50.216118699999996,cafe,4.4,2083,OPERATIONAL,https://maps.google.com/?cid=N/A
N/A,UMQ Coffee 1.1 - قهوة عُمق 1.1,26.3217239,50.2118034,cafe,4.4,1933,OPERATIONAL,https://maps.google.com/?cid=N/A
N/A,Mor,26.316973599999997,50.204032999999995,cafe,4.2,567,OPERATIONAL,https://maps.google.com/?cid=N/A
N/A,CAVO Coffee,26.3142145,50.21713990000001,cafe,4.4,1598,OPERATIONAL,https://maps.google.com/?cid=N/A
N/A,EQUAL,26.3199641,50.216869499999994,cafe,4.2,1725,OPERATIONAL,https://maps.google.com/?cid=N/A
N/A,Kyan Cafe,26.322697899999998,50.2066746,cafe,4.2,874,OPERATIONAL,https://maps.google.com/?cid=N/A
N/A,Vico فيكو,26.3259357,50.214295,cafe,3.7,340,OPERATIONAL,https://maps.google.com/?cid=N/A
N/A,WACAFE ِAl Khobar | وكف الخبر,26.319775000000003,50.216890799999994,cafe,4.4,354,OPERATIONAL,https://maps.google.com/?cid=N/A
N/A,Cosmo Drive Thru,26.3250364,50.20734890000001,cafe,4.5,526,OPERATIONAL,https://maps.google.com/?cid=N/A
N/A,Diwan Lounge Plus مقهى ديوان لاونج بلس (فرع الخبر),26.330055599999998,50.2131294,cafe,4.5,1136,OPERATIONAL,https://maps.google.com/?cid=N/A
N/A,ATYPICAL,26.313561699999998,50.2164375,cafe,4.4,175,OPERATIONAL,https://maps.google.com/?cid=N/A
N/A,Alsaqeefa,26.3214375,50.219951599999995,cafe,4.5,1033,OPERATIONAL,https://maps.google.com/?cid=N/A
N/A,OVVIO,26.3183859,50.194120999999996,cafe,4.4,127,OPERATIONAL,https://maps.google.com/?cid=N/A
N/A,Dose Cafe,26.3182033,50.203857,cafe,4.3,1794,OPERATIONAL,https://maps.google.com/?cid=N/A
N/A,Lapa cafe,26.3181944,50.1942076,cafe,4,272,OPERATIONAL,https://maps.google.com/?cid=N/A
N/A,graph,26.321355200000003,50.2198523,cafe,4.3,508,OPERATIONAL,https://maps.google.com/?cid=N/A
N/A,CORE COFFEE & ROASTERY,26.325043299999997,50.207589600000006,cafe,4.4,535,OPERATIONAL,https://maps.google.com/?cid=N/A
N/A,Dunkin' - دانكن,26.319795400000004,50.2080073,cafe,3.7,450,OPERATIONAL,https://maps.google.com/?cid=N/A
N/A,namq cafe,26.3194125,50.2228569,cafe,4.4,4655,OPERATIONAL,https://maps.google.com/?cid=N/A
N/A,Camel Step,26.326310499999998,50.2133882,cafe,4.3,1405,OPERATIONAL,https://maps.google.com/?cid=N/A
N/A,مقهى ومحمصة اودن | OUDEN,26.321353799999997,50.2216774,cafe,4.3,1397,OPERATIONAL,https://maps.google.com/?cid=N/A
N/A,Shrq Coffee Roasters (Alkurnaish ) | (مقهى ومحمصة شرق (الكورنيش,26.311608099999997,50.2230026,cafe,4.4,5831,OPERATIONAL,https://maps.google.com/?cid=N/A
N/A,Olden,26.3152635,50.216118699999996,cafe,4.4,2083,OPERATIONAL,https://maps.google.com/?cid=N/A
N/A,Wiso Bakery,26.3191091,50.2219713,cafe,4.5,4540,OPERATIONAL,https://maps.google.com/?cid=N/A
N/A,OffTheEarth,26.3119351,50.2171357,cafe,4.5,968,OPERATIONAL,https://maps.google.com/?cid=N/A
N/A,Soil Roasters,26.3133645,50.223734199999996,cafe,4.5,1299,OPERATIONAL,https://maps.google.com/?cid=N/A
N/A,UMQ Coffee 1.1 - قهوة عُمق 1.1,26.3217239,50.2118034,cafe,4.4,1933,OPERATIONAL,https://maps.google.com/?cid=N/A
N/A,ARCHI,26.309453599999998,50.222403199999995,cafe,4,1415,OPERATIONAL,https://maps.google.com/?cid=N/A
N/A,Dopeamine,26.307362599999998,50.223929399999996,cafe,4.2,1813,OPERATIONAL,https://maps.google.com/?cid=N/A
N/A,CAVO Coffee,26.3142145,50.21713990000001,cafe,4.4,1598,OPERATIONAL,https://maps.google.com/?cid=N/A
N/A,EQUAL,26.3199641,50.216869499999994,cafe,4.2,1725,OPERATIONAL,https://maps.google.com/?cid=N/A
N/A,WACAFE ِAl Khobar | وكف الخبر,26.319775000000003,50.216890799999994,cafe,4.4,354,OPERATIONAL,https://maps.google.com/?cid=N/A
N/A,Vico فيكو,26.3259357,50.214295,cafe,3.7,340,OPERATIONAL,https://maps.google.com/?cid=N/A
N/A,Cosmo,26.310882799999998,50.2234902,cafe,4.1,2437,OPERATIONAL,https://maps.google.com/?cid=N/A
N/A,أوستن كوفي Osten Coffee,26.3103163,50.224247399999996,cafe,4.1,739,OPERATIONAL,https://maps.google.com/?cid=N/A
N/A,كافيه عنتر Antr Cafe,26.313842599999997,50.2293313,cafe,4.1,2310,OPERATIONAL,https://maps.google.com/?cid=N/A
N/A,Doka Bakery House Al Khobar دوكة الخبر,26.3103448,50.2242349,cafe,4.5,1854,OPERATIONAL,https://maps.google.com/?cid=N/A
N/A,Alsaqeefa,26.3214375,50.219951599999995,cafe,4.5,1033,OPERATIONAL,https://maps.google.com/?cid=N/A
N/A,كافيه عنتر Antr Cafe,26.313842599999997,50.2293313,cafe,4.1,2310,OPERATIONAL,https://maps.google.com/?cid=N/A
N/A,Derby Coffee,26.324702799999997,50.2277444,cafe,3.8,2320,OPERATIONAL,https://maps.google.com/?cid=N/A
N/A,The Swan Coffee,26.3193895,50.229701399999996,cafe,2.3,40,OPERATIONAL,https://maps.google.com/?cid=N/A
N/A,Brain Coffee,26.3133171,50.2288326,cafe,4.4,12,OPERATIONAL,https://maps.google.com/?cid=N/A
N/A,Starbucks,26.342979099999997,49.9954125,cafe,4,460,OPERATIONAL,https://maps.google.com/?cid=N/A
N/A,Dunkin' - دانكن,26.342848999999998,49.99567,cafe,3,123,OPERATIONAL,https://maps.google.com/?cid=N/A
N/A,كنافة كنوز فرع 2,26.334983899999997,50.012723799999996,cafe,4.7,74,OPERATIONAL,https://maps.google.com/?cid=N/A
N/A,Barn's | بارنز,26.3359602,49.9998485,cafe,3.1,14,OPERATIONAL,https://maps.google.com/?cid=N/A
N/A,كوب ورق حي العروبه,26.333875700000004,50.0009642,cafe,4.6,19,OPERATIONAL,https://maps.google.com/?cid=N/A
N/A,طبخات وريه,26.327654,49.998692,cafe,4.9,39,OPERATIONAL,https://maps.google.com/?cid=N/A
N/A,ديوانية شبرا,26.3407698,50.0352702,cafe,4.1,730,OPERATIONAL,https://maps.google.com/?cid=N/A
N/A,بريف | BRIEF,26.342399,50.0377619,cafe,4.6,138,OPERATIONAL,https://maps.google.com/?cid=N/A
N/A,مقهى ومحمصة شرق,26.3408888,50.0382081,cafe,4.7,60,OPERATIONAL,https://maps.google.com/?cid=N/A
N/A,كنافة كنوز فرع 2,26.334983899999997,50.012723799999996,cafe,4.7,74,OPERATIONAL,https://maps.google.com/?cid=N/A
N/A,Al Rifai Roastery,26.3404375,50.0376875,cafe,4.7,29,OPERATIONAL,https://maps.google.com/?cid=N/A
N/A,مقهى ومحمصة سمبلسيتي | Simplicity cafe & roastery,26.3418007,50.036760199999996,cafe,3.9,7,OPERATIONAL,https://maps.google.com/?cid=N/A
N/A,Chemistry Coffee كيمستري كوفي,26.3458802,50.0463409,cafe,4.1,1379,OPERATIONAL,https://maps.google.com/?cid=N/A
N/A,فيال الشعلة,26.343798200000002,50.0430079,cafe,4.5,560,OPERATIONAL,https://maps.google.com/?cid=N/A
N/A,قهوة عُمق 2.3 - UMQ Coffee 2.3,26.348116599999997,50.049383299999995,cafe,4.5,627,OPERATIONAL,https://maps.google.com/?cid=N/A
N/A,ديوانية شبرا,26.3407698,50.0352702,cafe,4.1,730,OPERATIONAL,https://maps.google.com/?cid=N/A
N/A,سيكونس,26.3488246,50.0508063,cafe,4,469,OPERATIONAL,https://maps.google.com/?cid=N/A
N/A,Starbucks,26.345893,50.046729,cafe,4.2,359,OPERATIONAL,https://maps.google.com/?cid=N/A
N/A,7 Grams Drive Thru - Al Shulah | ٧ جرام درايف ثرو - الشعلة,26.3461736,50.0468415,cafe,4.5,295,OPERATIONAL,https://maps.google.com/?cid=N/A
N/A,بريف | BRIEF,26.342399,50.0377619,cafe,4.6,138,OPERATIONAL,https://maps.google.com/?cid=N/A
N/A,Tim Hortons,26.345568099999998,50.0463027,cafe,4.2,107,OPERATIONAL,https://maps.google.com/?cid=N/A
N/A,شيان - قهوة مختصة,26.348426,50.047336699999995,cafe,4.6,226,OPERATIONAL,https://maps.google.com/?cid=N/A
N/A,ديوانية السبلة العمانية,26.3471257,50.045304599999994,cafe,4,78,OPERATIONAL,https://maps.google.com/?cid=N/A
N/A,شاي دارك,26.350467,50.041121,cafe,4.3,21,OPERATIONAL,https://maps.google.com/?cid=N/A
N/A,محمصة فنكا Finca roasters,26.3513901,50.0439636,cafe,4.8,78,OPERATIONAL,https://maps.google.com/?cid=N/A
N/A,كوستا كوفي,26.349062500000002,50.051562499999996,cafe,4.8,286,OPERATIONAL,https://maps.google.com/?cid=N/A
N/A,مقهى ومحمصة شرق,26.3408888,50.0382081,cafe,4.7,60,OPERATIONAL,https://maps.google.com/?cid=N/A
N/A,الدله النجديه,26.349536999999998,50.0419843,cafe,3.7,9,OPERATIONAL,https://maps.google.com/?cid=N/A
N/A,بلو سكاي blue sky,26.3490798,50.051562499999996,cafe,3.7,47,OPERATIONAL,https://maps.google.com/?cid=N/A
N/A,مقهى سماورد الشعبي,26.3474501,50.0457191,cafe,3.4,17,OPERATIONAL,https://maps.google.com/?cid=N/A
N/A,Al Rifai Roastery,26.3404375,50.0376875,cafe,4.7,29,OPERATIONAL,https://maps.google.com/?cid=N/A
N/A,ريحانة الشاي,26.3483992,50.042891399999995,cafe,4.3,40,OPERATIONAL,https://maps.google.com/?cid=N/A
N/A,دانكن دونات,26.3489512,50.053276399999994,cafe,3.7,381,OPERATIONAL,https://maps.google.com/?cid=N/A
N/A,نمق كافيه | Namq Cafe,26.3490762,50.0533897,cafe,4.6,21,OPERATIONAL,https://maps.google.com/?cid=N/A
N/A,Barn's | بارنز,26.349278299999998,50.0533813,cafe,4.4,54,OPERATIONAL,https://maps.google.com/?cid=N/A
N/A,Knight cafe|مقهى نايت,26.3447137,50.0508592,cafe,4.9,27,OPERATIONAL,https://maps.google.com/?cid=N/A
N/A,McCafe,26.332224,50.090087999999994,cafe,3.5,483,OPERATIONAL,https://maps.google.com/?cid=N/A
N/A,Dunkin' - دانكن,26.340231,50.089448999999995,cafe,3.9,178,OPERATIONAL,https://maps.google.com/?cid=N/A
N/A,جغمة شاي,26.345847,50.076386299999996,cafe,4.3,95,OPERATIONAL,https://maps.google.com/?cid=N/A
N/A,Sensations Coffee & Co,26.3510304,50.0941839,cafe,4.6,299,OPERATIONAL,https://maps.google.com/?cid=N/A
N/A,McCafe,26.332224,50.090087999999994,cafe,3.5,483,OPERATIONAL,https://maps.google.com/?cid=N/A
N/A,Dunkin' - دانكن,26.340231,50.089448999999995,cafe,3.9,178,OPERATIONAL,https://maps.google.com/?cid=N/A
N/A,Siplay play cafe,26.3510711,50.0940848,cafe,4.2,275,OPERATIONAL,https://maps.google.com/?cid=N/A
N/A,شاهي ابو بادي,26.3393125,50.0956875,cafe,4.7,132,OPERATIONAL,https://maps.google.com/?cid=N/A
N/A,Joffrey's North Park,26.3297501,50.108895200000006,cafe,3.6,34,OPERATIONAL,https://maps.google.com/?cid=N/A
N/A,مقهى ليالينا,26.338133199999998,50.099663199999995,cafe,3,1,OPERATIONAL,https://maps.google.com/?cid=N/A
N/A,نَصّ,26.3355098,50.120948899999995,cafe,3.8,176,OPERATIONAL,https://maps.google.com/?cid=N/A
N/A,Shrq Coffee Roasters (Aramco -Al Midra),26.328938700000002,50.1093735,cafe,4.8,73,OPERATIONAL,https://maps.google.com/?cid=N/A
N/A,ساحة إثراء,26.335441799999998,50.1227308,cafe,4.7,20,OPERATIONAL,https://maps.google.com/?cid=N/A
N/A,Ralph’s Coffee,26.3354806,50.1222146,cafe,4.1,41,OPERATIONAL,https://maps.google.com/?cid=N/A
N/A,Starbucks,26.328777,50.109542499999996,cafe,3.9,82,OPERATIONAL,https://maps.google.com/?cid=N/A
N/A,Joffrey's North Park,26.3297501,50.108895200000006,cafe,3.6,34,OPERATIONAL,https://maps.google.com/?cid=N/A
N/A,شاي أديم حديقة إثراء - ِAdeem Tea Ithra Garden,26.3348276,50.1220225,cafe,4.5,41,OPERATIONAL,https://maps.google.com/?cid=N/A
N/A,madeleine - ithra library,26.3355537,50.1203606,cafe,3.8,13,OPERATIONAL,https://maps.google.com/?cid=N/A
N/A,Krispy Kreme,26.3286974,50.1093101,cafe,3,2,OPERATIONAL,https://maps.google.com/?cid=N/A
N/A,MASKOB (Al-Midra),26.328633699999997,50.1094516,cafe,5,3,OPERATIONAL,https://maps.google.com/?cid=N/A
N/A,كوفي بين | The Coffee Bean & Tea Leaf,26.3347445,50.132371299999996,cafe,4.5,690,OPERATIONAL,https://maps.google.com/?cid=N/A
N/A,EQUAL | ايكول,26.3349333,50.132965,cafe,4,271,OPERATIONAL,https://maps.google.com/?cid=N/A
N/A,Qurb cafe,26.348195600000004,50.1411429,cafe,4.8,340,OPERATIONAL,https://maps.google.com/?cid=N/A
N/A,Starbucks,26.3354818,50.131177799999996,cafe,4,531,OPERATIONAL,https://maps.google.com/?cid=N/A
N/A,نَصّ,26.3355098,50.120948899999995,cafe,3.8,176,OPERATIONAL,https://maps.google.com/?cid=N/A
N/A,RATIO Speciality Coffee,26.3352348,50.1312794,cafe,4.5,232,OPERATIONAL,https://maps.google.com/?cid=N/A
N/A,graph cafe,26.348758300000004,50.1426376,cafe,3.9,93,OPERATIONAL,https://maps.google.com/?cid=N/A
N/A,ساحة إثراء,26.335441799999998,50.1227308,cafe,4.7,20,OPERATIONAL,https://maps.google.com/?cid=N/A
N/A,Thermocup - Drive Thru,26.3345831,50.1325139,cafe,4.5,83,OPERATIONAL,https://maps.google.com/?cid=N/A
N/A,Road Café,26.331932,50.1450026,cafe,4.2,50,OPERATIONAL,https://maps.google.com/?cid=N/A
N/A,Ralph’s Coffee,26.3354806,50.1222146,cafe,4.1,41,OPERATIONAL,https://maps.google.com/?cid=N/A
N/A,Dose Cafe,26.325568,50.1364224,cafe,4.3,27,OPERATIONAL,https://maps.google.com/?cid=N/A
N/A,Mingle,26.347544,50.1350408,cafe,4.3,170,OPERATIONAL,https://maps.google.com/?cid=N/A
N/A,Starbucks,26.331278,50.132222,cafe,4.3,26,OPERATIONAL,https://maps.google.com/?cid=N/A
N/A,بوفية كل مكان للوجبات السريعة,26.3448128,50.1377308,cafe,3.1,19,OPERATIONAL,https://maps.google.com/?cid=N/A
N/A,شاي أديم حديقة إثراء - ِAdeem Tea Ithra Garden,26.3348276,50.1220225,cafe,4.5,41,OPERATIONAL,https://maps.google.com/?cid=N/A
N/A,madeleine - ithra library,26.3355537,50.1203606,cafe,3.8,13,OPERATIONAL,https://maps.google.com/?cid=N/A
N/A,jū specialty coffee,26.336869,50.137325499999996,cafe,4.3,141,OPERATIONAL,https://maps.google.com/?cid=N/A
N/A,AUR,26.3401037,50.1547395,cafe,4.4,621,OPERATIONAL,https://maps.google.com/?cid=N/A
N/A,Twinkle Fun & Yum,26.339291700000004,50.152251199999995,cafe,4.5,542,OPERATIONAL,https://maps.google.com/?cid=N/A
N/A,Dose Cafe,26.3387669,50.1524115,cafe,3.9,484,OPERATIONAL,https://maps.google.com/?cid=N/A
N/A,Buzz Coffee,26.3439619,50.1475128,cafe,4.3,598,OPERATIONAL,https://maps.google.com/?cid=N/A
N/A,Majlis Cafe,26.3450126,50.146443999999995,cafe,4.2,2285,OPERATIONAL,https://maps.google.com/?cid=N/A
N/A,Qurb cafe,26.348195600000004,50.1411429,cafe,4.8,340,OPERATIONAL,https://maps.google.com/?cid=N/A
N/A,Kyan Coffee,26.3304772,50.1617201,cafe,3.7,294,OPERATIONAL,https://maps.google.com/?cid=N/A
N/A,Funzilla Play Cafe,26.3439147,50.147644199999995,cafe,4,951,OPERATIONAL,https://maps.google.com/?cid=N/A
N/A,Student Tainment Coffee Shop,26.343132299999997,50.1481736,cafe,4.2,464,OPERATIONAL,https://maps.google.com/?cid=N/A
N/A,cosmo dhahran,26.336636799999997,50.1539436,cafe,4.2,154,OPERATIONAL,https://maps.google.com/?cid=N/A
N/A,Brewhemian Coffee,26.345114199999998,50.146442199999996,cafe,4.4,806,OPERATIONAL,https://maps.google.com/?cid=N/A
N/A,Dunkin' - دانكن,26.3330555,50.1481411,cafe,4.1,640,OPERATIONAL,https://maps.google.com/?cid=N/A
N/A,Script Speciality Coffee,26.3382278,50.1526219,cafe,4.7,987,OPERATIONAL,https://maps.google.com/?cid=N/A
N/A,Quantum Specialty Coffee,26.3397847,50.151737499999996,cafe,4.6,378,OPERATIONAL,https://maps.google.com/?cid=N/A
N/A,ديوانية كيف القيصرية,26.3331663,50.1496955,cafe,4.1,425,OPERATIONAL,https://maps.google.com/?cid=N/A
N/A,Starbucks,26.340104999999998,50.151489999999995,cafe,4.1,685,OPERATIONAL,https://maps.google.com/?cid=N/A
N/A,ارتشي,26.336483599999998,50.153824400000005,cafe,4,82,OPERATIONAL,https://maps.google.com/?cid=N/A
N/A,Tie | تاي (Dhahran),26.331561999999998,50.1618113,cafe,4,79,OPERATIONAL,https://maps.google.com/?cid=N/A
N/A,graph cafe,26.348758300000004,50.1426376,cafe,3.9,93,OPERATIONAL,https://maps.google.com/?cid=N/A
N/A,AUR,26.3401037,50.1547395,cafe,4.4,621,OPERATIONAL,https://maps.google.com/?cid=N/A
N/A,Kyan Coffee,26.3304772,50.1617201,cafe,3.7,294,OPERATIONAL,https://maps.google.com/?cid=N/A
N/A,Oasis Cafe & Lounge,26.3331992,50.1808413,cafe,3.7,210,OPERATIONAL,https://maps.google.com/?cid=N/A
N/A,Dallat Alfaris مقهى دلة الفارس,26.342750199999998,50.1820385,cafe,4.1,1148,OPERATIONAL,https://maps.google.com/?cid=N/A
N/A,Aldaar Garden حديقة الدار,26.334105599999997,50.179917499999995,cafe,4.3,117,OPERATIONAL,https://maps.google.com/?cid=N/A
N/A,Tie | تاي (Dhahran),26.331561999999998,50.1618113,cafe,4,79,OPERATIONAL,https://maps.google.com/?cid=N/A
N/A,شاي الفراتي,26.3331689,50.1807206,cafe,4.6,137,OPERATIONAL,https://maps.google.com/?cid=N/A
N/A,لاما الظهران - LLAMA Dhahran,26.340263699999998,50.1548996,cafe,4.5,74,OPERATIONAL,https://maps.google.com/?cid=N/A
N/A,Qaal,26.3428574,50.18232820000001,cafe,4.3,496,OPERATIONAL,https://maps.google.com/?cid=N/A
N/A,Blue Sky Coffee بلوسكي كوفي الدوحة,26.3403125,50.1550625,cafe,4,19,OPERATIONAL,https://maps.google.com/?cid=N/A
N/A,Mantorose Cafe | مانتوروز كافيه,26.3303361,50.1785247,cafe,4.2,30,OPERATIONAL,https://maps.google.com/?cid=N/A
N/A,Road Café | قهوة الطريق,26.344242899999998,50.1792169,cafe,4.4,31,OPERATIONAL,https://maps.google.com/?cid=N/A
N/A,سبارك كافيه,26.3322841,50.16115,cafe,4.2,101,OPERATIONAL,https://maps.google.com/?cid=N/A
N/A,Derby Coffee - دربي كافيه,26.332258799999998,50.161653799999996,cafe,4,156,OPERATIONAL,https://maps.google.com/?cid=N/A
N/A,Cinnzeo,26.3308841,50.1622847,cafe,3.9,35,OPERATIONAL,https://maps.google.com/?cid=N/A
N/A,la mode coffee & more,26.341060799999997,50.1795251,cafe,4.3,4,OPERATIONAL,https://maps.google.com/?cid=N/A
N/A,Boofiya,26.3442889,50.179662099999994,cafe,1.5,4,OPERATIONAL,https://maps.google.com/?cid=N/A
N/A,الدار كافيه,26.334256099999998,50.181023599999996,cafe,5,1,OPERATIONAL,https://maps.google.com/?cid=N/A
N/A,دندي | Dundee,26.325509,50.1859709,cafe,4.3,531,OPERATIONAL,https://maps.google.com/?cid=N/A
N/A,Knock Café | نوك,26.3373419,50.2014588,cafe,4.2,883,OPERATIONAL,https://maps.google.com/?cid=N/A
N/A,Lavender tea / شاي لافندر,26.3254387,50.185806899999996,cafe,4.2,533,OPERATIONAL,https://maps.google.com/?cid=N/A
N/A,مقهى سُلاف | Soulaf Coffee,26.337239,50.2015767,cafe,4.4,1133,OPERATIONAL,https://maps.google.com/?cid=N/A
N/A,ORIGO,26.325513599999997,50.185916999999996,cafe,4.6,282,OPERATIONAL,https://maps.google.com/?cid=N/A
N/A,مقهى الزمن الجميل,26.343712,50.195619,cafe,4,1263,OPERATIONAL,https://maps.google.com/?cid=N/A
N/A,Madame Banquet,26.334127799999997,50.188708299999995,cafe,3.9,1117,OPERATIONAL,https://maps.google.com/?cid=N/A
N/A,&Beyond Lounge,26.328429399999997,50.1801647,cafe,4.5,948,OPERATIONAL,https://maps.google.com/?cid=N/A
N/A,مقهى كيما - KIEMA Lounge,26.3341617,50.188584899999995,cafe,4.4,625,OPERATIONAL,https://maps.google.com/?cid=N/A
N/A,Density Coffee Roasters | مقهى ومحمصة دينستي,26.3287046,50.1803457,cafe,4.3,1734,OPERATIONAL,https://maps.google.com/?cid=N/A
N/A,Shrq Coffee Roasters ( Drive Thru ),26.334504600000002,50.200519299999996,cafe,4.6,247,OPERATIONAL,https://maps.google.com/?cid=N/A
N/A,The Hub,26.3342006,50.1888018,cafe,4.3,846,OPERATIONAL,https://maps.google.com/?cid=N/A
N/A,Oasis Cafe & Lounge,26.3331992,50.1808413,cafe,3.7,210,OPERATIONAL,https://maps.google.com/?cid=N/A
N/A,Kenko كينكو,26.325379299999998,50.1858109,cafe,4.6,302,OPERATIONAL,https://maps.google.com/?cid=N/A
N/A,لاونج دبليو تونتي | W20 Lounge,26.3282614,50.18070650000001,cafe,3.2,67,OPERATIONAL,https://maps.google.com/?cid=N/A
N/A,Dallat Alfaris مقهى دلة الفارس,26.342750199999998,50.1820385,cafe,4.1,1148,OPERATIONAL,https://maps.google.com/?cid=N/A
N/A,Onda Coffee,26.3441469,50.1854352,cafe,4.5,199,OPERATIONAL,https://maps.google.com/?cid=N/A
N/A,Caesar 7,26.328836499999998,50.1807881,cafe,4.8,474,OPERATIONAL,https://maps.google.com/?cid=N/A
N/A,Aldaar Garden حديقة الدار,26.334105599999997,50.179917499999995,cafe,4.3,117,OPERATIONAL,https://maps.google.com/?cid=N/A
N/A,ADNOC Service Station | Qurtuba District 1 (2019),26.3383637,50.198210599999996,cafe,4.5,60,OPERATIONAL,https://maps.google.com/?cid=N/A
N/A,Joe's Bakery,26.343711600000002,50.2033132,cafe,4.3,3943,OPERATIONAL,https://maps.google.com/?cid=N/A
N/A,SWAJ Coffee Roasters محمصة ومقهى سواج,26.3436776,50.203161699999995,cafe,4.4,696,OPERATIONAL,https://maps.google.com/?cid=N/A
N/A,Knock Café | نوك,26.3373419,50.2014588,cafe,4.2,883,OPERATIONAL,https://maps.google.com/?cid=N/A
N/A,مقهى سُلاف | Soulaf Coffee,26.337239,50.2015767,cafe,4.4,1133,OPERATIONAL,https://maps.google.com/?cid=N/A
N/A,Diwan Lounge Plus مقهى ديوان لاونج بلس (فرع الخبر),26.330055599999998,50.2131294,cafe,4.5,1136,OPERATIONAL,https://maps.google.com/?cid=N/A
N/A,Cosmo Drive Thru,26.3250364,50.20734890000001,cafe,4.5,526,OPERATIONAL,https://maps.google.com/?cid=N/A
N/A,شاي ابوسيف Abo Saif Tea,26.3384382,50.208355399999995,cafe,4.3,475,OPERATIONAL,https://maps.google.com/?cid=N/A
N/A,مقهى الزمن الجميل,26.343712,50.195619,cafe,4,1263,OPERATIONAL,https://maps.google.com/?cid=N/A
N/A,CORE COFFEE & ROASTERY,26.325043299999997,50.207589600000006,cafe,4.4,535,OPERATIONAL,https://maps.google.com/?cid=N/A
N/A,ARCHI,26.328346699999997,50.2138995,cafe,4.3,209,OPERATIONAL,https://maps.google.com/?cid=N/A
N/A,Shrq Coffee Roasters ( Drive Thru ),26.334504600000002,50.200519299999996,cafe,4.6,247,OPERATIONAL,https://maps.google.com/?cid=N/A
N/A,Nagham Story,26.338490900000004,50.2081551,cafe,3.6,458,OPERATIONAL,https://maps.google.com/?cid=N/A
N/A,COFFÉA,26.324963699999998,50.2066666,cafe,3.8,1359,OPERATIONAL,https://maps.google.com/?cid=N/A
N/A,Stroopers,26.3264703,50.2125224,cafe,4.6,527,OPERATIONAL,https://maps.google.com/?cid=N/A
N/A,The Geeks Club Café,26.3439415,50.203736299999996,cafe,4.6,1514,OPERATIONAL,https://maps.google.com/?cid=N/A
N/A,Trio Restaurant & Cafe,26.3436062,50.2031287,cafe,4.4,708,OPERATIONAL,https://maps.google.com/?cid=N/A
N/A,ADNOC Service Station | Qurtuba District 1 (2019),26.3383637,50.198210599999996,cafe,4.5,60,OPERATIONAL,https://maps.google.com/?cid=N/A
N/A,ارتشي,26.3278666,50.21254810000001,cafe,4.6,43,OPERATIONAL,https://maps.google.com/?cid=N/A
N/A,Starbucks,26.3457069,50.1956443,cafe,4,588,OPERATIONAL,https://maps.google.com/?cid=N/A
N/A,Mantorose Cafe,26.3300436,50.212840299999996,cafe,4.5,129,OPERATIONAL,https://maps.google.com/?cid=N/A
N/A,Diwan Lounge Plus مقهى ديوان لاونج بلس (فرع الخبر),26.330055599999998,50.2131294,cafe,4.5,1136,OPERATIONAL,https://maps.google.com/?cid=N/A
N/A,شاي ابوسيف Abo Saif Tea,26.3384382,50.208355399999995,cafe,4.3,475,OPERATIONAL,https://maps.google.com/?cid=N/A
N/A,ARCHI,26.328346699999997,50.2138995,cafe,4.3,209,OPERATIONAL,https://maps.google.com/?cid=N/A
N/A,‏Blue Star Cafe | بلو ستار كافيه,26.3272612,50.21512500000001,cafe,4.1,1153,OPERATIONAL,https://maps.google.com/?cid=N/A
N/A,Mantorose Cafe,26.3300436,50.212840299999996,cafe,4.5,129,OPERATIONAL,https://maps.google.com/?cid=N/A
N/A,Starbucks,26.334028699999998,50.2121185,cafe,4.1,1112,OPERATIONAL,https://maps.google.com/?cid=N/A
N/A,سواج كافيه,26.332317600000003,50.2135779,cafe,4.2,29,OPERATIONAL,https://maps.google.com/?cid=N/A
N/A,10 ° Coffee House,26.3303042,50.2127118,cafe,4.2,785,OPERATIONAL,https://maps.google.com/?cid=N/A
N/A,illi lounge - الي لاونج,26.3501329,50.227717399999996,cafe,4.9,19,OPERATIONAL,https://maps.google.com/?cid=N/A
N/A,FAKHRIYAH 3,26.330204799999997,50.2129644,cafe,No rating,No reviews,OPERATIONAL,https://maps.google.com/?cid=N/A
N/A,La amour,26.325653199999998,50.221852899999995,cafe,5,1,OPERATIONAL,https://maps.google.com/?cid=N/A
N/A,آرت,26.325653199999998,50.221852899999995,cafe,3,1,OPERATIONAL,https://maps.google.com/?cid=N/A
N/A,Dunkin' - دانكن,26.3505745,50.018684,cafe,3.7,575,OPERATIONAL,https://maps.google.com/?cid=N/A
N/A,Starbucks,26.350727,50.018028,cafe,4.2,52,OPERATIONAL,https://maps.google.com/?cid=N/A
N/A,ديوانية الكيف,26.351487199999998,50.0181995,cafe,3.6,102,OPERATIONAL,https://maps.google.com/?cid=N/A
N/A,Moroccan taste cafe,26.3505306,50.0186995,cafe,2.7,51,OPERATIONAL,https://maps.google.com/?cid=N/A
N/A,Bogota Cafe,26.350865199999998,50.0187703,cafe,3.8,114,OPERATIONAL,https://maps.google.com/?cid=N/A
N/A,Road Café | قهوة الطريق,26.3505982,50.0188718,cafe,4.2,39,OPERATIONAL,https://maps.google.com/?cid=N/A
N/A,Barn's,26.350374,50.018344299999995,cafe,4.2,109,OPERATIONAL,https://maps.google.com/?cid=N/A
N/A,2cz,26.3511216,50.0183993,cafe,3.8,4,OPERATIONAL,https://maps.google.com/?cid=N/A
N/A,مزاج مغربي شاي,26.3508008,50.019368199999995,cafe,4.8,6,OPERATIONAL,https://maps.google.com/?cid=N/A
N/A,McCafe,26.350702,50.01804200000001,cafe,No rating,No reviews,OPERATIONAL,https://maps.google.com/?cid=N/A
N/A,شاي سياق,26.350027299999997,49.9969318,cafe,4.9,10,OPERATIONAL,https://maps.google.com/?cid=N/A
N/A,مُحال,26.354728299999998,50.037417,cafe,4.7,326,OPERATIONAL,https://maps.google.com/?cid=N/A
N/A,Dunkin' - دانكن,26.3505745,50.018684,cafe,3.7,575,OPERATIONAL,https://maps.google.com/?cid=N/A
N/A,Starbucks,26.350727,50.018028,cafe,4.2,52,OPERATIONAL,https://maps.google.com/?cid=N/A
N/A,ديوانية الكيف,26.351487199999998,50.0181995,cafe,3.6,102,OPERATIONAL,https://maps.google.com/?cid=N/A
N/A,Moroccan taste cafe,26.3505306,50.0186995,cafe,2.7,51,OPERATIONAL,https://maps.google.com/?cid=N/A
N/A,Bogota Cafe,26.350865199999998,50.0187703,cafe,3.8,114,OPERATIONAL,https://maps.google.com/?cid=N/A
N/A,Road Café | قهوة الطريق,26.3505982,50.0188718,cafe,4.2,39,OPERATIONAL,https://maps.google.com/?cid=N/A
N/A,Barn's,26.350374,50.018344299999995,cafe,4.2,109,OPERATIONAL,https://maps.google.com/?cid=N/A
N/A,مطعم ومقهى مساءات Masaat Restaurants and Coffee,26.3671629,50.0332005,cafe,4.8,53,OPERATIONAL,https://maps.google.com/?cid=N/A
N/A,بوفيه الخوارزمي,26.3614328,50.0336812,cafe,3.8,39,OPERATIONAL,https://maps.google.com/?cid=N/A
N/A,2cz,26.3511216,50.0183993,cafe,3.8,4,OPERATIONAL,https://maps.google.com/?cid=N/A
N/A,شاكي شاك,26.3661387,50.0323772,cafe,4.4,7,OPERATIONAL,https://maps.google.com/?cid=N/A
N/A,مزاج مغربي شاي,26.3508008,50.019368199999995,cafe,4.8,6,OPERATIONAL,https://maps.google.com/?cid=N/A
N/A,McCafe,26.350702,50.01804200000001,cafe,No rating,No reviews,OPERATIONAL,https://maps.google.com/?cid=N/A
N/A,Chemistry Coffee كيمستري كوفي,26.3458802,50.0463409,cafe,4.1,1379,OPERATIONAL,https://maps.google.com/?cid=N/A
N/A,فيال الشعلة,26.343798200000002,50.0430079,cafe,4.5,560,OPERATIONAL,https://maps.google.com/?cid=N/A
N/A,قهوة عُمق 2.3 - UMQ Coffee 2.3,26.348116599999997,50.049383299999995,cafe,4.5,627,OPERATIONAL,https://maps.google.com/?cid=N/A
N/A,Hot & Cold,26.3623457,50.043457,cafe,4.2,563,OPERATIONAL,https://maps.google.com/?cid=N/A
N/A,Kyan,26.3608908,50.0421841,cafe,4.3,463,OPERATIONAL,https://maps.google.com/?cid=N/A
N/A,Dunkin - دانكن,26.361445999999997,50.045103,cafe,4,1620,OPERATIONAL,https://maps.google.com/?cid=N/A
N/A,سيكونس,26.3488246,50.0508063,cafe,4,469,OPERATIONAL,https://maps.google.com/?cid=N/A
N/A,مُحال,26.354728299999998,50.037417,cafe,4.7,326,OPERATIONAL,https://maps.google.com/?cid=N/A
N/A,Starbucks,26.345893,50.046729,cafe,4.2,359,OPERATIONAL,https://maps.google.com/?cid=N/A
N/A,The Coffee Address | عنوان القهوة,26.361708999999998,50.045417,cafe,4.1,148,OPERATIONAL,https://maps.google.com/?cid=N/A
N/A,ديلي كب Daily cup,26.356248299999997,50.0467836,cafe,4.7,77,OPERATIONAL,https://maps.google.com/?cid=N/A
N/A,مزاج مغربي,26.361379,50.044833,cafe,4.4,91,OPERATIONAL,https://maps.google.com/?cid=N/A
N/A,عطار طيف,26.3574423,50.0457408,cafe,4,207,OPERATIONAL,https://maps.google.com/?cid=N/A
N/A,7 Grams Drive Thru - Al Shulah | ٧ جرام درايف ثرو - الشعلة,26.3461736,50.0468415,cafe,4.5,295,OPERATIONAL,https://maps.google.com/?cid=N/A
N/A,دانكن دونات,26.3489512,50.053276399999994,cafe,3.7,381,OPERATIONAL,https://maps.google.com/?cid=N/A
N/A,مقهى ومحمصة سمبلسيتي | Simplicity cafe & roastery,26.361466999999998,50.045156899999995,cafe,4.5,107,OPERATIONAL,https://maps.google.com/?cid=N/A
N/A,Onda Coffee - مقهى أوندا,26.3658652,50.0497654,cafe,4.4,148,OPERATIONAL,https://maps.google.com/?cid=N/A
N/A,المذاق المغربي,26.3609416,50.044295,cafe,4.2,121,OPERATIONAL,https://maps.google.com/?cid=N/A
N/A,باليت كافيه (Palette Cafe),26.355186099999997,50.047030899999996,cafe,4.7,161,OPERATIONAL,https://maps.google.com/?cid=N/A
N/A,نمق كافيه | Namq Cafe,26.3490762,50.0533897,cafe,4.6,21,OPERATIONAL,https://maps.google.com/?cid=N/A
N/A,Blanco,26.361150600000002,50.0741239,cafe,4.3,855,OPERATIONAL,https://maps.google.com/?cid=N/A
N/A,Barena Cafe,26.3613046,50.074058199999996,cafe,4.7,1889,OPERATIONAL,https://maps.google.com/?cid=N/A
N/A,قهوة عُمق 2.3 - UMQ Coffee 2.3,26.348116599999997,50.049383299999995,cafe,4.5,627,OPERATIONAL,https://maps.google.com/?cid=N/A
N/A,السيف كافيه الفاخرية,26.360737600000004,50.0730249,cafe,3.9,428,OPERATIONAL,https://maps.google.com/?cid=N/A
N/A,"لذّة شاي ""الدمام""",26.358553399999998,50.0670393,cafe,4.3,244,OPERATIONAL,https://maps.google.com/?cid=N/A
N/A,Dunkin' - دانكن,26.3656875,50.0701875,cafe,3.9,864,OPERATIONAL,https://maps.google.com/?cid=N/A
N/A,سيكونس,26.3488246,50.0508063,cafe,4,469,OPERATIONAL,https://maps.google.com/?cid=N/A
N/A,الكرك ALKARAK,26.362858799999998,50.072486399999995,cafe,4,1150,OPERATIONAL,https://maps.google.com/?cid=N/A
N/A,Krispy Kreme,26.364615500000003,50.062147499999995,cafe,4.1,188,OPERATIONAL,https://maps.google.com/?cid=N/A
N/A,ديلي كب Daily cup,26.356248299999997,50.0467836,cafe,4.7,77,OPERATIONAL,https://maps.google.com/?cid=N/A
N/A,ديوانية طيبة,26.369508399999997,50.0585144,cafe,4.2,323,OPERATIONAL,https://maps.google.com/?cid=N/A
N/A,Al Aljaweed Coffee,26.357828899999998,50.0622827,cafe,3.9,504,OPERATIONAL,https://maps.google.com/?cid=N/A
N/A,دانكن دونات,26.3489512,50.053276399999994,cafe,3.7,381,OPERATIONAL,https://maps.google.com/?cid=N/A
N/A,M.Y.M,26.3560219,50.0616054,cafe,4.6,118,OPERATIONAL,https://maps.google.com/?cid=N/A
N/A,بيسك كب - Basic cup,26.3678374,50.0597843,cafe,4.5,131,OPERATIONAL,https://maps.google.com/?cid=N/A
N/A,ديوانية كيف النشاما,26.3570198,50.0608708,cafe,3.5,404,OPERATIONAL,https://maps.google.com/?cid=N/A
N/A,باليت كافيه (Palette Cafe),26.355186099999997,50.047030899999996,cafe,4.7,161,OPERATIONAL,https://maps.google.com/?cid=N/A
N/A,نمق كافيه | Namq Cafe,26.3490762,50.0533897,cafe,4.6,21,OPERATIONAL,https://maps.google.com/?cid=N/A
N/A,مزاج مغربي,26.350205199999998,50.0533395,cafe,4.6,30,OPERATIONAL,https://maps.google.com/?cid=N/A
N/A,دكان وافل,26.368384000000002,50.0670904,cafe,4.1,229,OPERATIONAL,https://maps.google.com/?cid=N/A
N/A,Blanco,26.361150600000002,50.0741239,cafe,4.3,855,OPERATIONAL,https://maps.google.com/?cid=N/A
N/A,Barena Cafe,26.3613046,50.074058199999996,cafe,4.7,1889,OPERATIONAL,https://maps.google.com/?cid=N/A
N/A,السيف كافيه الفاخرية,26.360737600000004,50.0730249,cafe,3.9,428,OPERATIONAL,https://maps.google.com/?cid=N/A
N/A,Sikkat Karak,26.366277699999998,50.075632999999996,cafe,4.3,1095,OPERATIONAL,https://maps.google.com/?cid=N/A
N/A,"لذّة شاي ""الدمام""",26.358553399999998,50.0670393,cafe,4.3,244,OPERATIONAL,https://maps.google.com/?cid=N/A
N/A,Dunkin' - دانكن,26.3656875,50.0701875,cafe,3.9,864,OPERATIONAL,https://maps.google.com/?cid=N/A
N/A,Fakheriyah Tower,26.3537708,50.07742030000001,cafe,4,139,OPERATIONAL,https://maps.google.com/?cid=N/A
N/A,الكرك ALKARAK,26.362858799999998,50.072486399999995,cafe,4,1150,OPERATIONAL,https://maps.google.com/?cid=N/A
N/A,تليو Tilio,26.3689818,50.0799278,cafe,4.5,244,OPERATIONAL,https://maps.google.com/?cid=N/A
N/A,سرد,26.3688313,50.081855,cafe,4.8,263,OPERATIONAL,https://maps.google.com/?cid=N/A
N/A,Sip day specialty coffee,26.3671771,50.079291999999995,cafe,4.6,145,OPERATIONAL,https://maps.google.com/?cid=N/A
N/A,Glaive,26.3683125,50.0811875,cafe,4.4,71,OPERATIONAL,https://maps.google.com/?cid=N/A
N/A,محمصة الظهران Dhahran Roastery,26.3688109,50.0818121,cafe,4.7,176,OPERATIONAL,https://maps.google.com/?cid=N/A
N/A,جغمة شاي,26.345847,50.076386299999996,cafe,4.3,95,OPERATIONAL,https://maps.google.com/?cid=N/A
N/A,Mantorose Cafe,26.3613051,50.07385,cafe,4.2,114,OPERATIONAL,https://maps.google.com/?cid=N/A
N/A,Barn's | بارنز,26.358683,50.0749212,cafe,4.3,88,OPERATIONAL,https://maps.google.com/?cid=N/A
N/A,سبارك كافيه,26.354585600000004,50.071217399999995,cafe,4.4,66,OPERATIONAL,https://maps.google.com/?cid=N/A
N/A,القهوه المثاليه ( الندى),26.3657957,50.070594,cafe,4,76,OPERATIONAL,https://maps.google.com/?cid=N/A
N/A,ديلي كب Daily cup,26.3681558,50.0807663,cafe,4.6,22,OPERATIONAL,https://maps.google.com/?cid=N/A
N/A,LLAMA,26.3665579,50.0939111,cafe,4.5,3287,OPERATIONAL,https://maps.google.com/?cid=N/A
N/A,مقهى و محمصة وودز | WOODS Specialty Café & Roastery‎,26.3678255,50.092773,cafe,4.6,1763,OPERATIONAL,https://maps.google.com/?cid=N/A
N/A,Milan Way Cafe and Restaurant,26.366882999999998,50.093657099999994,cafe,4.2,2332,OPERATIONAL,https://maps.google.com/?cid=N/A
N/A,Ballet cafe - باليـة,26.366247299999998,50.0942083,cafe,3.9,376,OPERATIONAL,https://maps.google.com/?cid=N/A
N/A,Sensations Coffee & Co,26.3510304,50.0941839,cafe,4.6,299,OPERATIONAL,https://maps.google.com/?cid=N/A
N/A,Majlis Almasa,26.365585799999998,50.0947617,cafe,3.8,932,OPERATIONAL,https://maps.google.com/?cid=N/A
N/A,Stars mood Cafe,26.365231899999998,50.0951124,cafe,4.7,375,OPERATIONAL,https://maps.google.com/?cid=N/A
N/A,Siplay play cafe,26.3510711,50.0940848,cafe,4.2,275,OPERATIONAL,https://maps.google.com/?cid=N/A
N/A,CH.1 specialty coffee,26.3666993,50.093826299999996,cafe,4.1,482,OPERATIONAL,https://maps.google.com/?cid=N/A
N/A,Barn's | بارنز,26.354257399999998,50.0996351,cafe,4.5,180,OPERATIONAL,https://maps.google.com/?cid=N/A
N/A,بوفية سد الفاخرية1,26.354138199999998,50.0992294,cafe,4.1,316,OPERATIONAL,https://maps.google.com/?cid=N/A
N/A,ايس لوفر | ICE LOVER,26.368597899999997,50.0922905,cafe,4.2,57,OPERATIONAL,https://maps.google.com/?cid=N/A
N/A,Rameel Coffee | قهوة رميل,26.3528003,50.0966684,cafe,4.8,55,OPERATIONAL,https://maps.google.com/?cid=N/A
N/A,Question mark Coffee,26.359827600000003,50.09485840000001,cafe,4.3,26,OPERATIONAL,https://maps.google.com/?cid=N/A
N/A,محبين الشـاي ️,26.3525069,50.095939099999995,cafe,4.4,30,OPERATIONAL,https://maps.google.com/?cid=N/A
N/A,مقهى يوما الدمام,26.363857000000003,50.095698899999995,cafe,4.3,3,OPERATIONAL,https://maps.google.com/?cid=N/A
N/A,Shahy Heavy,26.3670375,50.0935189,cafe,4.3,18,OPERATIONAL,https://maps.google.com/?cid=N/A
N/A,شاي الأصالة,26.3536918,50.0996032,cafe,4.9,41,OPERATIONAL,https://maps.google.com/?cid=N/A
N/A,Circle K - Fuel Way Fakhriyah,26.364271,50.095281,cafe,4.8,4,OPERATIONAL,https://maps.google.com/?cid=N/A
N/A,أكواب ساخنة,26.3526258,50.0962136,cafe,5,22,OPERATIONAL,https://maps.google.com/?cid=N/A
N/A,Qurb cafe,26.348195600000004,50.1411429,cafe,4.8,340,OPERATIONAL,https://maps.google.com/?cid=N/A
N/A,graph cafe,26.348758300000004,50.1426376,cafe,3.9,93,OPERATIONAL,https://maps.google.com/?cid=N/A
N/A,Mingle,26.347544,50.1350408,cafe,4.3,170,OPERATIONAL,https://maps.google.com/?cid=N/A
N/A,بوفية كل مكان للوجبات السريعة,26.3448128,50.1377308,cafe,3.1,19,OPERATIONAL,https://maps.google.com/?cid=N/A
N/A,شاي تجلي,26.3560373,50.133263199999995,cafe,5,38,OPERATIONAL,https://maps.google.com/?cid=N/A
N/A,الخبر الظهران مول,26.3501944,50.1328056,cafe,No rating,No reviews,OPERATIONAL,https://maps.google.com/?cid=N/A
N/A,Qurb cafe,26.348195600000004,50.1411429,cafe,4.8,340,OPERATIONAL,https://maps.google.com/?cid=N/A
N/A,Majlis Cafe,26.3450126,50.146443999999995,cafe,4.2,2285,OPERATIONAL,https://maps.google.com/?cid=N/A
N/A,Buzz Coffee,26.3439619,50.1475128,cafe,4.3,598,OPERATIONAL,https://maps.google.com/?cid=N/A
N/A,Funzilla Play Cafe,26.3439147,50.147644199999995,cafe,4,951,OPERATIONAL,https://maps.google.com/?cid=N/A
N/A,Brewhemian Coffee,26.345114199999998,50.146442199999996,cafe,4.4,806,OPERATIONAL,https://maps.google.com/?cid=N/A
N/A,Student Tainment Coffee Shop,26.343132299999997,50.1481736,cafe,4.2,464,OPERATIONAL,https://maps.google.com/?cid=N/A
N/A,graph cafe,26.348758300000004,50.1426376,cafe,3.9,93,OPERATIONAL,https://maps.google.com/?cid=N/A
N/A,ADNOC Service Station | Al Qashlah (2007),26.3630838,50.1779371,cafe,4.4,400,OPERATIONAL,https://maps.google.com/?cid=N/A
N/A,Dunkin' - دانكن,26.362947799999997,50.1777236,cafe,3.7,160,OPERATIONAL,https://maps.google.com/?cid=N/A
N/A,ZOLIEA زوليه,26.3629577,50.177247799999996,cafe,4.5,171,OPERATIONAL,https://maps.google.com/?cid=N/A
N/A,Sky Lounge,26.3668613,50.177799199999995,cafe,4.4,241,OPERATIONAL,https://maps.google.com/?cid=N/A
N/A,Blue K Lounge,26.3669478,50.1776632,cafe,4,10,OPERATIONAL,https://maps.google.com/?cid=N/A
N/A,Road Café | قهوة الطريق,26.3629491,50.1780214,cafe,4.4,18,OPERATIONAL,https://maps.google.com/?cid=N/A
N/A,BlueSky Coffee |قهوة بلوسكي,26.357448599999998,50.177334599999995,cafe,4,7,OPERATIONAL,https://maps.google.com/?cid=N/A
N/A,Beyond Store,26.3580975,50.1759267,cafe,No rating,No reviews,OPERATIONAL,https://maps.google.com/?cid=N/A
N/A,RATIO Speciality Coffee,26.362492300000003,50.198235999999994,cafe,4.6,1869,OPERATIONAL,https://maps.google.com/?cid=N/A
N/A,Fudge & Co. | .فدج اند كو,26.3636299,50.191226799999995,cafe,4.5,601,OPERATIONAL,https://maps.google.com/?cid=N/A
N/A,محمصة و مقهى صَدح,26.352327,50.2001457,cafe,4.8,231,OPERATIONAL,https://maps.google.com/?cid=N/A
N/A,ADNOC Service Station | Al Qashlah (2007),26.3630838,50.1779371,cafe,4.4,400,OPERATIONAL,https://maps.google.com/?cid=N/A
N/A,Mantorose Cafe,26.362215499999998,50.1972039,cafe,4.2,833,OPERATIONAL,https://maps.google.com/?cid=N/A
N/A,Dunkin' Donuts,26.359581499999997,50.1883863,cafe,4.1,435,OPERATIONAL,https://maps.google.com/?cid=N/A
N/A,To Be Cafe,26.3503765,50.1953986,cafe,4.6,407,OPERATIONAL,https://maps.google.com/?cid=N/A
N/A,Saadeddin Pastry,26.362127899999997,50.197373899999995,cafe,4,785,OPERATIONAL,https://maps.google.com/?cid=N/A
N/A,Atia cafe,26.3673166,50.195169899999996,cafe,4,287,OPERATIONAL,https://maps.google.com/?cid=N/A
N/A,Onda Coffee,26.3441469,50.1854352,cafe,4.5,199,OPERATIONAL,https://maps.google.com/?cid=N/A
N/A,Dunkin' - دانكن,26.362947799999997,50.1777236,cafe,3.7,160,OPERATIONAL,https://maps.google.com/?cid=N/A
N/A,Cinnabon,26.359940599999998,50.1895132,cafe,3.4,120,OPERATIONAL,https://maps.google.com/?cid=N/A
N/A,Barn's | بارنز,26.360447699999998,50.1919751,cafe,4.3,96,OPERATIONAL,https://maps.google.com/?cid=N/A
N/A,Simplicity,26.363544599999997,50.1987269,cafe,4.4,48,OPERATIONAL,https://maps.google.com/?cid=N/A
N/A,Dose Cafe,26.344337499999998,50.185765599999996,cafe,4.4,181,OPERATIONAL,https://maps.google.com/?cid=N/A
N/A,Starbucks,26.3457069,50.1956443,cafe,4,588,OPERATIONAL,https://maps.google.com/?cid=N/A
N/A,24Cafe,26.3618068,50.1964348,cafe,4.7,205,OPERATIONAL,https://maps.google.com/?cid=N/A
N/A,ZOLIEA زوليه,26.3629577,50.177247799999996,cafe,4.5,171,OPERATIONAL,https://maps.google.com/?cid=N/A
N/A,Saturn Bakery,26.3444282,50.1854185,cafe,4.8,164,OPERATIONAL,https://maps.google.com/?cid=N/A
N/A,وان بليون لاونج | One Billion Lounge,26.344077,50.1852709,cafe,4.8,164,OPERATIONAL,https://maps.google.com/?cid=N/A
N/A,Joe's Bakery,26.343711600000002,50.2033132,cafe,4.3,3943,OPERATIONAL,https://maps.google.com/?cid=N/A
N/A,SWAJ Coffee Roasters محمصة ومقهى سواج,26.3436776,50.203161699999995,cafe,4.4,696,OPERATIONAL,https://maps.google.com/?cid=N/A
N/A,مقهى ومحمصة أور | OUR COFFEE ROASTERS,26.362611599999997,50.205043499999995,cafe,4.7,440,OPERATIONAL,https://maps.google.com/?cid=N/A
N/A,The HUB Co.,26.3605147,50.2064064,cafe,4.4,860,OPERATIONAL,https://maps.google.com/?cid=N/A
N/A,RATIO Speciality Coffee,26.362492300000003,50.198235999999994,cafe,4.6,1869,OPERATIONAL,https://maps.google.com/?cid=N/A
N/A,Repeat Coffee & Brunch,26.361153899999998,50.2063779,cafe,4.2,1567,OPERATIONAL,https://maps.google.com/?cid=N/A
N/A,DUE DATE,26.3538543,50.203609199999995,cafe,4.7,266,OPERATIONAL,https://maps.google.com/?cid=N/A
N/A,Title Cafe,26.360901899999998,50.2062435,cafe,4,667,OPERATIONAL,https://maps.google.com/?cid=N/A
N/A,TEA TIME RAKAH (وقت الشاي),26.3661908,50.2041242,cafe,4.1,662,OPERATIONAL,https://maps.google.com/?cid=N/A
N/A,محمصة و مقهى صَدح,26.352327,50.2001457,cafe,4.8,231,OPERATIONAL,https://maps.google.com/?cid=N/A
N/A,Lounge Exit7,26.360123599999998,50.206541099999995,cafe,4.2,251,OPERATIONAL,https://maps.google.com/?cid=N/A
N/A,Mor | مُر قهوة حي,26.3617304,50.215990999999995,cafe,4.5,108,OPERATIONAL,https://maps.google.com/?cid=N/A
N/A,Bling | بلنق,26.3618231,50.206285099999995,cafe,4.3,295,OPERATIONAL,https://maps.google.com/?cid=N/A
N/A,Mantorose Cafe,26.362215499999998,50.1972039,cafe,4.2,833,OPERATIONAL,https://maps.google.com/?cid=N/A
N/A,Huge Coffee,26.3611479,50.2065772,cafe,4.2,732,OPERATIONAL,https://maps.google.com/?cid=N/A
N/A,Lapro Cafe,26.350904500000002,50.2118131,cafe,4.4,507,OPERATIONAL,https://maps.google.com/?cid=N/A
N/A,Diana Lounge ديانا لاونج,26.3663831,50.2072499,cafe,4.2,345,OPERATIONAL,https://maps.google.com/?cid=N/A
N/A,Cafe Quindio - كافيه كينديو,26.351236699999998,50.2111853,cafe,4.4,2023,OPERATIONAL,https://maps.google.com/?cid=N/A
N/A,Starbucks,26.3602743,50.2069942,cafe,4,645,OPERATIONAL,https://maps.google.com/?cid=N/A
N/A,مقهى ما بعد العاشرة,26.366188599999997,50.2083075,cafe,4,535,OPERATIONAL,https://maps.google.com/?cid=N/A
N/A,Mor | مُر قهوة حي,26.3617304,50.215990999999995,cafe,4.5,108,OPERATIONAL,https://maps.google.com/?cid=N/A
N/A,Lapro Cafe,26.350904500000002,50.2118131,cafe,4.4,507,OPERATIONAL,https://maps.google.com/?cid=N/A
N/A,Cafe Quindio - كافيه كينديو,26.351236699999998,50.2111853,cafe,4.4,2023,OPERATIONAL,https://maps.google.com/?cid=N/A
N/A,Detective cafe,26.351859599999997,50.211249599999995,cafe,4.7,496,OPERATIONAL,https://maps.google.com/?cid=N/A
N/A,مطعم ولاونج زينيا | Zinnia Resto Cafe,26.3513122,50.211311699999996,cafe,4.6,388,OPERATIONAL,https://maps.google.com/?cid=N/A
N/A,مقهى ومحمصة مخا Mocha Coffee Roasters,26.3510007,50.2114341,cafe,4.2,306,OPERATIONAL,https://maps.google.com/?cid=N/A
N/A,Chala,26.3517083,50.211572800000006,cafe,4.6,557,OPERATIONAL,https://maps.google.com/?cid=N/A
N/A,SPELL,26.3513122,50.2112171,cafe,4.1,236,OPERATIONAL,https://maps.google.com/?cid=N/A
N/A,Carpet Cafe & Brunch,26.351466499999997,50.211524399999995,cafe,4.6,552,OPERATIONAL,https://maps.google.com/?cid=N/A
N/A,كاريبو كوفي - Caribou Coffee,26.354589999999998,50.209157,cafe,4.1,211,OPERATIONAL,https://maps.google.com/?cid=N/A
N/A,كشيدة,26.3519048,50.211314800000004,cafe,4.7,315,OPERATIONAL,https://maps.google.com/?cid=N/A
N/A,التورا كوفي Altura coffee,26.3516679,50.211667399999996,cafe,4.8,1545,OPERATIONAL,https://maps.google.com/?cid=N/A
N/A,Tim hortons,26.3516643,50.211089,cafe,4.3,91,OPERATIONAL,https://maps.google.com/?cid=N/A
N/A,Starbucks,26.351871,50.211009999999995,cafe,4.4,30,OPERATIONAL,https://maps.google.com/?cid=N/A
N/A,White Moon,26.3513988,50.2117447,cafe,4.1,159,OPERATIONAL,https://maps.google.com/?cid=N/A
N/A,Shorafat park,26.351613999999998,50.211662499999996,cafe,No rating,No reviews,OPERATIONAL,https://maps.google.com/?cid=N/A
N/A,illi lounge - الي لاونج,26.3501329,50.227717399999996,cafe,4.9,19,OPERATIONAL,https://maps.google.com/?cid=N/A
N/A,Omnya Cafe & Boutique,26.3513439,50.2108005,cafe,5,9,OPERATIONAL,https://maps.google.com/?cid=N/A
N/A,Elpida Cafe & Roastery,26.3509134,50.211765799999995,cafe,5,1,OPERATIONAL,https://maps.google.com/?cid=N/A
N/A,Andes Coffee Roasters,26.380146600000003,50.003332799999995,cafe,4.6,144,OPERATIONAL,https://maps.google.com/?cid=N/A
N/A,Dunkin' - دانكن,26.380579500000003,50.012104099999995,cafe,4,665,OPERATIONAL,https://maps.google.com/?cid=N/A
N/A,كيان,26.3829037,50.000644699999995,cafe,3.9,117,OPERATIONAL,https://maps.google.com/?cid=N/A
N/A,مزاج مغربي,26.3803125,50.0118125,cafe,4.1,29,OPERATIONAL,https://maps.google.com/?cid=N/A
N/A,Krispy kreme,26.380015900000004,50.011272399999996,cafe,4.1,9,OPERATIONAL,https://maps.google.com/?cid=N/A
N/A,هول بين,26.3803895,50.003569399999996,cafe,4.8,55,OPERATIONAL,https://maps.google.com/?cid=N/A
N/A,استكانة كدم,26.378641899999998,50.008135499999995,cafe,4.7,62,OPERATIONAL,https://maps.google.com/?cid=N/A
N/A,Barn's | بارنز,26.382734,50.000171599999994,cafe,2.7,6,OPERATIONAL,https://maps.google.com/?cid=N/A
N/A,إستراحة الونيسة,26.3685625,49.9979375,cafe,4.1,8,OPERATIONAL,https://maps.google.com/?cid=N/A
N/A,شاي الكوخ,26.3795605,50.0059381,cafe,4.8,19,OPERATIONAL,https://maps.google.com/?cid=N/A
N/A,وايت ليون ( white lion ),26.3779433,50.006298699999995,cafe,5,10,OPERATIONAL,https://maps.google.com/?cid=N/A
N/A,فود ترك سكر زيادة,26.3779896,50.006231,cafe,4.6,24,OPERATIONAL,https://maps.google.com/?cid=N/A
N/A,شاهي مراسيم,26.383406899999997,50.0028911,cafe,4.9,24,OPERATIONAL,https://maps.google.com/?cid=N/A
N/A,شاهي ابو يوسف,26.3778619,50.0067391,cafe,5,4,OPERATIONAL,https://maps.google.com/?cid=N/A
N/A,جلسات شتويه الصقر,26.375857900000003,50.0045286,cafe,4.3,3,OPERATIONAL,https://maps.google.com/?cid=N/A
N/A,حلا حمامة,26.382866,50.001138,cafe,No rating,No reviews,OPERATIONAL,https://maps.google.com/?cid=N/A
N/A,غريب,26.382605599999998,50.0014002,cafe,No rating,No reviews,OPERATIONAL,https://maps.google.com/?cid=N/A
N/A,شاهي ابو تركي,26.387566699999997,50.0082441,cafe,No rating,No reviews,OPERATIONAL,https://maps.google.com/?cid=N/A
N/A,شاي و سمسم,26.3712843,50.0333091,cafe,4.3,397,OPERATIONAL,https://maps.google.com/?cid=N/A
N/A,Leo Lounge,26.379904999999997,50.023591200000006,cafe,3.4,795,OPERATIONAL,https://maps.google.com/?cid=N/A
N/A,شاي قرمز,26.3796064,50.0265919,cafe,4.4,300,OPERATIONAL,https://maps.google.com/?cid=N/A
N/A,Dunkin' - دانكن,26.380579500000003,50.012104099999995,cafe,4,665,OPERATIONAL,https://maps.google.com/?cid=N/A
N/A,Barn's | بارنز,26.369684200000002,50.027310899999996,cafe,2.8,24,OPERATIONAL,https://maps.google.com/?cid=N/A
N/A,جاز كوفي,26.366443999999998,50.0373424,cafe,4.8,149,OPERATIONAL,https://maps.google.com/?cid=N/A
N/A,بوفية الفحص الدوري,26.3730022,50.0293072,cafe,3.5,14,OPERATIONAL,https://maps.google.com/?cid=N/A
N/A,مزاج مغربي,26.3803125,50.0118125,cafe,4.1,29,OPERATIONAL,https://maps.google.com/?cid=N/A
N/A,Road Café | قهوة الطريق,26.372988099999997,50.024655599999996,cafe,4.4,12,OPERATIONAL,https://maps.google.com/?cid=N/A
N/A,مطعم ومقهى مساءات Masaat Restaurants and Coffee,26.3671629,50.0332005,cafe,4.8,53,OPERATIONAL,https://maps.google.com/?cid=N/A
N/A,قهوة الفنار,26.3698461,50.0267443,cafe,3.5,46,OPERATIONAL,https://maps.google.com/?cid=N/A
N/A,بارنز,26.373539599999997,50.024340599999995,cafe,4.8,4,OPERATIONAL,https://maps.google.com/?cid=N/A
N/A,vip plus,26.3797573,50.026491899999996,cafe,4.1,8,OPERATIONAL,https://maps.google.com/?cid=N/A
N/A,ميلانو لاند المكان جميل وشكرا للموظفه داليا🥰,26.3848666,50.0250132,cafe,4.8,28,OPERATIONAL,https://maps.google.com/?cid=N/A
N/A,شركة ابو,26.3721024,50.0331998,cafe,5,15,OPERATIONAL,https://maps.google.com/?cid=N/A
N/A,ديوانية العرب,26.3728388,50.0239626,cafe,5,8,OPERATIONAL,https://maps.google.com/?cid=N/A
N/A,شاكي شاك,26.3661387,50.0323772,cafe,4.4,7,OPERATIONAL,https://maps.google.com/?cid=N/A
N/A,تمريات فاخرة الفيصلية,26.383750499999998,50.030560799999996,cafe,5,1,OPERATIONAL,https://maps.google.com/?cid=N/A
N/A,SEKKAT ALKAIF Coffee Shop and Roaster,26.3700464,50.053384099999995,cafe,4.5,1303,OPERATIONAL,https://maps.google.com/?cid=N/A
N/A,شاي و سمسم,26.3712843,50.0333091,cafe,4.3,397,OPERATIONAL,https://maps.google.com/?cid=N/A
N/A,Hot & Cold,26.3623457,50.043457,cafe,4.2,563,OPERATIONAL,https://maps.google.com/?cid=N/A
N/A,Dunkin - دانكن,26.361445999999997,50.045103,cafe,4,1620,OPERATIONAL,https://maps.google.com/?cid=N/A
N/A,Kyan,26.3608908,50.0421841,cafe,4.3,463,OPERATIONAL,https://maps.google.com/?cid=N/A
N/A,قهوة خشف,26.369865599999997,50.0575173,cafe,4.5,326,OPERATIONAL,https://maps.google.com/?cid=N/A
N/A,The Coffee Address | عنوان القهوة,26.361708999999998,50.045417,cafe,4.1,148,OPERATIONAL,https://maps.google.com/?cid=N/A
N/A,ديوانية الليل,26.3780625,50.0489375,cafe,4.3,329,OPERATIONAL,https://maps.google.com/?cid=N/A
N/A,مزاج مغربي,26.361379,50.044833,cafe,4.4,91,OPERATIONAL,https://maps.google.com/?cid=N/A
N/A,Onda Coffee - مقهى أوندا,26.3658652,50.0497654,cafe,4.4,148,OPERATIONAL,https://maps.google.com/?cid=N/A
N/A,ADAM Coffee آدم كافيه,26.370592199999997,50.057618899999994,cafe,4.7,334,OPERATIONAL,https://maps.google.com/?cid=N/A
N/A,مقهى ومحمصة سمبلسيتي | Simplicity cafe & roastery,26.361466999999998,50.045156899999995,cafe,4.5,107,OPERATIONAL,https://maps.google.com/?cid=N/A
N/A,مركز القوة العاشرة - Tenth power,26.3818766,50.0473041,cafe,4.8,230,OPERATIONAL,https://maps.google.com/?cid=N/A
N/A,شاي بخار,26.3700194,50.0529509,cafe,4.2,224,OPERATIONAL,https://maps.google.com/?cid=N/A
N/A,المذاق المغربي,26.3609416,50.044295,cafe,4.2,121,OPERATIONAL,https://maps.google.com/?cid=N/A
N/A,FUKU Coffee | فوكو,26.370199799999998,50.053647,cafe,4.6,139,OPERATIONAL,https://maps.google.com/?cid=N/A
N/A,THERMOCUP | ثيرموكب,26.370155,50.0531699,cafe,4.3,680,OPERATIONAL,https://maps.google.com/?cid=N/A
N/A,جاز كوفي,26.366443999999998,50.0373424,cafe,4.8,149,OPERATIONAL,https://maps.google.com/?cid=N/A
N/A,Mantorose Cafe | مانتوروز كافيه,26.378816699999998,50.0494719,cafe,4.1,53,OPERATIONAL,https://maps.google.com/?cid=N/A
N/A,جمارة,26.372601399999997,50.0553798,cafe,4.2,126,OPERATIONAL,https://maps.google.com/?cid=N/A
N/A,Cart Restaurant مطعم كارت,26.376441099999997,50.0611651,cafe,4.6,2879,OPERATIONAL,https://maps.google.com/?cid=N/A
N/A,The Coffee Lab,26.384081899999998,50.0547028,cafe,4,1184,OPERATIONAL,https://maps.google.com/?cid=N/A
N/A,Lounge لي ڤيلا كافيه/لاونج,26.373732099999998,50.0594866,cafe,4.2,842,OPERATIONAL,https://maps.google.com/?cid=N/A
N/A,SEKKAT ALKAIF Coffee Shop and Roaster,26.3700464,50.053384099999995,cafe,4.5,1303,OPERATIONAL,https://maps.google.com/?cid=N/A
N/A,محمصة و مقهى زليبرتي ZELEBRITY ROASTERS,26.3780415,50.058532,cafe,4.5,863,OPERATIONAL,https://maps.google.com/?cid=N/A
N/A,Dunkin' - دانكن,26.3656875,50.0701875,cafe,3.9,864,OPERATIONAL,https://maps.google.com/?cid=N/A
N/A,قهوة خشف,26.369865599999997,50.0575173,cafe,4.5,326,OPERATIONAL,https://maps.google.com/?cid=N/A
N/A,ديوانية طيبة,26.369508399999997,50.0585144,cafe,4.2,323,OPERATIONAL,https://maps.google.com/?cid=N/A
N/A,Krispy Kreme,26.364615500000003,50.062147499999995,cafe,4.1,188,OPERATIONAL,https://maps.google.com/?cid=N/A
N/A,ديوانية الليل,26.3780625,50.0489375,cafe,4.3,329,OPERATIONAL,https://maps.google.com/?cid=N/A
N/A,Luqaimat Alasal لقيمات العسل,26.3712662,50.064617899999995,cafe,4.6,1071,OPERATIONAL,https://maps.google.com/?cid=N/A
N/A,ADAM Coffee آدم كافيه,26.370592199999997,50.057618899999994,cafe,4.7,334,OPERATIONAL,https://maps.google.com/?cid=N/A
N/A,Barn's | بارنز,26.3826745,50.055182699999996,cafe,4.3,623,OPERATIONAL,https://maps.google.com/?cid=N/A
N/A,Onda Coffee - مقهى أوندا,26.3658652,50.0497654,cafe,4.4,148,OPERATIONAL,https://maps.google.com/?cid=N/A
N/A,بيسك كب - Basic cup,26.3678374,50.0597843,cafe,4.5,131,OPERATIONAL,https://maps.google.com/?cid=N/A
N/A,شاي بخار,26.3700194,50.0529509,cafe,4.2,224,OPERATIONAL,https://maps.google.com/?cid=N/A
N/A,PASTEL باستيل الفيصليه,26.377763599999998,50.060067499999995,cafe,4.6,202,OPERATIONAL,https://maps.google.com/?cid=N/A
N/A,FUKU Coffee | فوكو,26.370199799999998,50.053647,cafe,4.6,139,OPERATIONAL,https://maps.google.com/?cid=N/A
N/A,THERMOCUP | ثيرموكب,26.370155,50.0531699,cafe,4.3,680,OPERATIONAL,https://maps.google.com/?cid=N/A
N/A,دكة مارادونا,26.3849147,50.059179099999994,cafe,4.4,99,OPERATIONAL,https://maps.google.com/?cid=N/A
N/A,كيف التوأم,26.3761984,50.089225299999995,cafe,4.2,1844,OPERATIONAL,https://maps.google.com/?cid=N/A
N/A,Umbrella - Dammam,26.376071999999997,50.088830099999996,cafe,4.3,2332,OPERATIONAL,https://maps.google.com/?cid=N/A
N/A,RATIO Speciality Coffee,26.3713011,50.089833600000006,cafe,3.9,642,OPERATIONAL,https://maps.google.com/?cid=N/A
N/A,Sikkat Karak,26.366277699999998,50.075632999999996,cafe,4.3,1095,OPERATIONAL,https://maps.google.com/?cid=N/A
N/A,Dunkin' - دانكن,26.3656875,50.0701875,cafe,3.9,864,OPERATIONAL,https://maps.google.com/?cid=N/A
N/A,Tim Hortons Mazaya Gas Station,26.379904999999997,50.086740999999996,cafe,4.2,1873,OPERATIONAL,https://maps.google.com/?cid=N/A
N/A,مقهى ومحمصة قاف,26.3697259,50.084083899999996,cafe,4.5,168,OPERATIONAL,https://maps.google.com/?cid=N/A
N/A,مقهى ومحمصة أودن,26.3758311,50.0881324,cafe,4.3,120,OPERATIONAL,https://maps.google.com/?cid=N/A
N/A,الكرك ALKARAK,26.362858799999998,50.072486399999995,cafe,4,1150,OPERATIONAL,https://maps.google.com/?cid=N/A
N/A,تليو Tilio,26.3689818,50.0799278,cafe,4.5,244,OPERATIONAL,https://maps.google.com/?cid=N/A
N/A,سرد,26.3688313,50.081855,cafe,4.8,263,OPERATIONAL,https://maps.google.com/?cid=N/A
N/A,OLABS | اولابز,26.376374199999997,50.0889491,cafe,4,220,OPERATIONAL,https://maps.google.com/?cid=N/A
N/A,Gamma,26.371271999999998,50.0897038,cafe,4.8,698,OPERATIONAL,https://maps.google.com/?cid=N/A
N/A,Sip day specialty coffee,26.3671771,50.079291999999995,cafe,4.6,145,OPERATIONAL,https://maps.google.com/?cid=N/A
N/A,Luqaimat Alasal لقيمات العسل,26.3712662,50.064617899999995,cafe,4.6,1071,OPERATIONAL,https://maps.google.com/?cid=N/A
N/A,Motive Cafe,26.3758737,50.0885804,cafe,4.6,86,OPERATIONAL,https://maps.google.com/?cid=N/A
N/A,حلم,26.3752953,50.0875215,cafe,4.7,212,OPERATIONAL,https://maps.google.com/?cid=N/A
N/A,شاي بن شريوف,26.3696898,50.0910746,cafe,4.7,664,OPERATIONAL,https://maps.google.com/?cid=N/A
N/A,كنافة مختص,26.3711028,50.085506699999996,cafe,4.6,235,OPERATIONAL,https://maps.google.com/?cid=N/A
N/A,Glaive,26.3683125,50.0811875,cafe,4.4,71,OPERATIONAL,https://maps.google.com/?cid=N/A
N/A,كيف التوأم,26.3761984,50.089225299999995,cafe,4.2,1844,OPERATIONAL,https://maps.google.com/?cid=N/A
N/A,8oz Coffee,26.372754,50.099579,cafe,4.1,3965,OPERATIONAL,https://maps.google.com/?cid=N/A
N/A,LLAMA,26.3665579,50.0939111,cafe,4.5,3287,OPERATIONAL,https://maps.google.com/?cid=N/A
N/A,نَصّ | الدمام,26.3860817,50.1044212,cafe,3.8,707,OPERATIONAL,https://maps.google.com/?cid=N/A
N/A,مقهى و محمصة وودز | WOODS Specialty Café & Roastery‎,26.3678255,50.092773,cafe,4.6,1763,OPERATIONAL,https://maps.google.com/?cid=N/A
N/A,Umbrella - Dammam,26.376071999999997,50.088830099999996,cafe,4.3,2332,OPERATIONAL,https://maps.google.com/?cid=N/A
N/A,Mgnad Tea House مقند شاهي مختص,26.370742399999997,50.0945241,cafe,4.7,539,OPERATIONAL,https://maps.google.com/?cid=N/A
N/A,Milan Way Cafe and Restaurant,26.366882999999998,50.093657099999994,cafe,4.2,2332,OPERATIONAL,https://maps.google.com/?cid=N/A
N/A,Starbucks,26.3713879,50.095802,cafe,4,832,OPERATIONAL,https://maps.google.com/?cid=N/A
N/A,Ballet cafe - باليـة,26.366247299999998,50.0942083,cafe,3.9,376,OPERATIONAL,https://maps.google.com/?cid=N/A
N/A,RATIO Speciality Coffee,26.3713011,50.089833600000006,cafe,3.9,642,OPERATIONAL,https://maps.google.com/?cid=N/A
N/A,OMOTENASHI,26.379583200000003,50.103615,cafe,4.7,473,OPERATIONAL,https://maps.google.com/?cid=N/A
N/A,Kyan‎,26.3837978,50.097206899999996,cafe,4.2,623,OPERATIONAL,https://maps.google.com/?cid=N/A
N/A,ONA Roastery & Bakery,26.378572199999997,50.103516299999995,cafe,4.5,287,OPERATIONAL,https://maps.google.com/?cid=N/A
N/A,شاي خالد,26.3736832,50.1023697,cafe,4.2,322,OPERATIONAL,https://maps.google.com/?cid=N/A
N/A,Majlis Almasa,26.365585799999998,50.0947617,cafe,3.8,932,OPERATIONAL,https://maps.google.com/?cid=N/A
N/A,Tim Hortons Mazaya Gas Station,26.379904999999997,50.086740999999996,cafe,4.2,1873,OPERATIONAL,https://maps.google.com/?cid=N/A
N/A,مقهى ومحمصة أودن,26.3758311,50.0881324,cafe,4.3,120,OPERATIONAL,https://maps.google.com/?cid=N/A
N/A,مقهى ومحمصة قاف,26.3697259,50.084083899999996,cafe,4.5,168,OPERATIONAL,https://maps.google.com/?cid=N/A
N/A,OLABS | اولابز,26.376374199999997,50.0889491,cafe,4,220,OPERATIONAL,https://maps.google.com/?cid=N/A
N/A,Repeat Speciality Coffee,26.3730974,50.1202572,cafe,4.4,422,OPERATIONAL,https://maps.google.com/?cid=N/A
N/A,Onda Coffee مقهى أوندا,26.3763014,50.1228128,cafe,4.3,768,OPERATIONAL,https://maps.google.com/?cid=N/A
N/A,OMOTENASHI,26.379583200000003,50.103615,cafe,4.7,473,OPERATIONAL,https://maps.google.com/?cid=N/A
N/A,ONA Roastery & Bakery,26.378572199999997,50.103516299999995,cafe,4.5,287,OPERATIONAL,https://maps.google.com/?cid=N/A
N/A,شاي خالد,26.3736832,50.1023697,cafe,4.2,322,OPERATIONAL,https://maps.google.com/?cid=N/A
N/A,ATYPICAL,26.378760500000002,50.1233795,cafe,4.6,113,OPERATIONAL,https://maps.google.com/?cid=N/A
N/A,Dunkin' - دانكن,26.3745625,50.118312499999995,cafe,4,942,OPERATIONAL,https://maps.google.com/?cid=N/A
N/A,22 Café,26.3779702,50.103593599999996,cafe,4.3,1026,OPERATIONAL,https://maps.google.com/?cid=N/A
N/A,مُتسَع,26.3796631,50.1035154,cafe,4.8,112,OPERATIONAL,https://maps.google.com/?cid=N/A
N/A,Spill coffee|قهوة سبل,26.382619199999997,50.104253299999996,cafe,4.8,125,OPERATIONAL,https://maps.google.com/?cid=N/A
N/A,Blendday Coffee,26.3819818,50.104265899999994,cafe,4.8,174,OPERATIONAL,https://maps.google.com/?cid=N/A
N/A,أصدقاء الشاي,26.378249999999998,50.1035833,cafe,4.7,113,OPERATIONAL,https://maps.google.com/?cid=N/A
N/A,ELBUNA Coffee Roasters,26.367643899999997,50.1054786,cafe,4.9,195,OPERATIONAL,https://maps.google.com/?cid=N/A
N/A,شاهي رمث,26.3733847,50.1221957,cafe,4.8,255,OPERATIONAL,https://maps.google.com/?cid=N/A
N/A,Road Café | قهوة الطريق,26.380675,50.10362,cafe,4.3,754,OPERATIONAL,https://maps.google.com/?cid=N/A
N/A,Wafflelicious وافليشز,26.382656899999997,50.104306099999995,cafe,4,485,OPERATIONAL,https://maps.google.com/?cid=N/A
N/A,شاي مدخن,26.373562500000002,50.1282344,cafe,4.9,150,OPERATIONAL,https://maps.google.com/?cid=N/A
N/A,THiRDWAVE | Al Nuzha | ثيردويڤ النزهة,26.3829514,50.1045126,cafe,4.8,96,OPERATIONAL,https://maps.google.com/?cid=N/A
N/A,Repeat Speciality Coffee,26.3730974,50.1202572,cafe,4.4,422,OPERATIONAL,https://maps.google.com/?cid=N/A
N/A,Onda Coffee مقهى أوندا,26.3763014,50.1228128,cafe,4.3,768,OPERATIONAL,https://maps.google.com/?cid=N/A
N/A,ATYPICAL,26.378760500000002,50.1233795,cafe,4.6,113,OPERATIONAL,https://maps.google.com/?cid=N/A
N/A,Dunkin' - دانكن,26.3745625,50.118312499999995,cafe,4,942,OPERATIONAL,https://maps.google.com/?cid=N/A
N/A,LEVANTINE LOUNG & RESTAURANT ليفانتين لاونج,26.3740489,50.1480464,cafe,4.8,135,OPERATIONAL,https://maps.google.com/?cid=N/A
N/A,شاهي رمث,26.3733847,50.1221957,cafe,4.8,255,OPERATIONAL,https://maps.google.com/?cid=N/A
N/A,شاي مدخن,26.373562500000002,50.1282344,cafe,4.9,150,OPERATIONAL,https://maps.google.com/?cid=N/A
N/A,شاهي حمره,26.3735855,50.1214072,cafe,5,509,OPERATIONAL,https://maps.google.com/?cid=N/A
N/A,مقهى بيت الدراجين,26.3840625,50.1253125,cafe,3.7,3,OPERATIONAL,https://maps.google.com/?cid=N/A
N/A,طعيم | شاي مختص,26.372953799999998,50.1272167,cafe,4.6,54,OPERATIONAL,https://maps.google.com/?cid=N/A
N/A,Road Café | قهوة الطريق,26.3743932,50.1192145,cafe,3.9,7,OPERATIONAL,https://maps.google.com/?cid=N/A
N/A,NUMBER NINE,26.377953599999998,50.1192004,cafe,5,7,OPERATIONAL,https://maps.google.com/?cid=N/A
N/A,مقهى ميامن البن لتقديم المشروبات,26.3764377,50.1244684,cafe,3,2,OPERATIONAL,https://maps.google.com/?cid=N/A
N/A,ترك شاي واكثر,26.3728765,50.127762499999996,cafe,5,1,OPERATIONAL,https://maps.google.com/?cid=N/A
N/A,Bukhari Farrah 3 qasr Al Khalige,26.384078499999998,50.1412458,cafe,No rating,No reviews,OPERATIONAL,https://maps.google.com/?cid=N/A
N/A,SPADA (Coffee & Sweet),26.373081499999998,50.1264665,cafe,5,34,OPERATIONAL,https://maps.google.com/?cid=N/A
N/A,CAWALEES كواليس,26.3805505,50.148041,cafe,3.8,234,OPERATIONAL,https://maps.google.com/?cid=N/A
N/A,Mix and Match Coffee and Bakery - مقهى مكس اند ماتش,26.378063599999997,50.1480472,cafe,4.7,128,OPERATIONAL,https://maps.google.com/?cid=N/A
N/A,Starbucks,26.380989099999997,50.148113699999996,cafe,4.4,260,OPERATIONAL,https://maps.google.com/?cid=N/A
N/A,LEVANTINE LOUNG & RESTAURANT ليفانتين لاونج,26.3740489,50.1480464,cafe,4.8,135,OPERATIONAL,https://maps.google.com/?cid=N/A
N/A,Dunkin' - دانكن,26.385531999999998,50.149494999999995,cafe,3.1,79,OPERATIONAL,https://maps.google.com/?cid=N/A
N/A,مقهى همسة مزاج,26.3779668,50.1483284,cafe,3.9,48,OPERATIONAL,https://maps.google.com/?cid=N/A
N/A,دانكن,26.3813152,50.1481985,cafe,1.8,16,OPERATIONAL,https://maps.google.com/?cid=N/A
N/A,Bukhari Farrah 3 qasr Al Khalige,26.384078499999998,50.1412458,cafe,No rating,No reviews,OPERATIONAL,https://maps.google.com/?cid=N/A
N/A,SA’AH Cafe مقهى سعة,26.379311899999998,50.182052,cafe,4.7,626,OPERATIONAL,https://maps.google.com/?cid=N/A
N/A,SKY By Archi,26.369928599999998,50.176820299999996,cafe,4,1006,OPERATIONAL,https://maps.google.com/?cid=N/A
N/A,8oz Coffee | ايت اوز كوفي,26.3825473,50.17834380000001,cafe,4.2,901,OPERATIONAL,https://maps.google.com/?cid=N/A
N/A,Four Squares Café,26.379938,50.178208,cafe,4.7,2098,OPERATIONAL,https://maps.google.com/?cid=N/A
N/A,Tim Hortons,26.379626200000004,50.181978699999995,cafe,4.2,1478,OPERATIONAL,https://maps.google.com/?cid=N/A
N/A,Starbucks,26.372704799999998,50.178609699999996,cafe,4.3,1062,OPERATIONAL,https://maps.google.com/?cid=N/A
N/A,Tim Hortons,26.370908699999998,50.1747995,cafe,4.8,209,OPERATIONAL,https://maps.google.com/?cid=N/A
N/A,ZOLIEA زوليه,26.3629577,50.177247799999996,cafe,4.5,171,OPERATIONAL,https://maps.google.com/?cid=N/A
N/A,Crafter Cafe مقهى كرافتر,26.3751838,50.1750274,cafe,4.7,58,OPERATIONAL,https://maps.google.com/?cid=N/A
N/A,20 degree coffee,26.368179299999998,50.179731800000006,cafe,3.9,51,OPERATIONAL,https://maps.google.com/?cid=N/A
N/A,ليفت القشلة LEFT AlQashla,26.3724375,50.1739375,cafe,4.7,44,OPERATIONAL,https://maps.google.com/?cid=N/A
N/A,Sky Lounge,26.3668613,50.177799199999995,cafe,4.4,241,OPERATIONAL,https://maps.google.com/?cid=N/A
N/A,اولابز | OLABS‏,26.3843137,50.167625,cafe,3.8,48,OPERATIONAL,https://maps.google.com/?cid=N/A
N/A,Blue K Lounge,26.3669478,50.1776632,cafe,4,10,OPERATIONAL,https://maps.google.com/?cid=N/A
N/A,Wogard Coffee Roasters,26.3771666,50.178799299999994,cafe,3.4,8,OPERATIONAL,https://maps.google.com/?cid=N/A
N/A,شاي متعب,26.3807314,50.1818341,cafe,5,39,OPERATIONAL,https://maps.google.com/?cid=N/A
N/A,Avens Bistro ( Al Youm Tower),26.379203399999998,50.1702173,cafe,5,4,OPERATIONAL,https://maps.google.com/?cid=N/A
N/A,شاي رمح,26.3816862,50.1818907,cafe,4.4,7,OPERATIONAL,https://maps.google.com/?cid=N/A
N/A,SA’AH Cafe مقهى سعة,26.379311899999998,50.182052,cafe,4.7,626,OPERATIONAL,https://maps.google.com/?cid=N/A
N/A,SKY By Archi,26.369928599999998,50.176820299999996,cafe,4,1006,OPERATIONAL,https://maps.google.com/?cid=N/A
N/A,Fudge & Co. | .فدج اند كو,26.3636299,50.191226799999995,cafe,4.5,601,OPERATIONAL,https://maps.google.com/?cid=N/A
N/A,8oz Coffee | ايت اوز كوفي,26.3825473,50.17834380000001,cafe,4.2,901,OPERATIONAL,https://maps.google.com/?cid=N/A
N/A,Four Squares Café,26.379938,50.178208,cafe,4.7,2098,OPERATIONAL,https://maps.google.com/?cid=N/A
N/A,Tim Hortons,26.379626200000004,50.181978699999995,cafe,4.2,1478,OPERATIONAL,https://maps.google.com/?cid=N/A
N/A,Atia cafe,26.3673166,50.195169899999996,cafe,4,287,OPERATIONAL,https://maps.google.com/?cid=N/A
N/A,Starbucks,26.372704799999998,50.178609699999996,cafe,4.3,1062,OPERATIONAL,https://maps.google.com/?cid=N/A
N/A,Tim Hortons,26.370908699999998,50.1747995,cafe,4.8,209,OPERATIONAL,https://maps.google.com/?cid=N/A
N/A,Crafter Cafe مقهى كرافتر,26.3751838,50.1750274,cafe,4.7,58,OPERATIONAL,https://maps.google.com/?cid=N/A
N/A,20 degree coffee,26.368179299999998,50.179731800000006,cafe,3.9,51,OPERATIONAL,https://maps.google.com/?cid=N/A
N/A,7 Grams Drive Thru - Somou (soon),26.3788489,50.1962475,cafe,4.8,86,OPERATIONAL,https://maps.google.com/?cid=N/A
N/A,ليفت القشلة LEFT AlQashla,26.3724375,50.1739375,cafe,4.7,44,OPERATIONAL,https://maps.google.com/?cid=N/A
N/A,Sky Lounge,26.3668613,50.177799199999995,cafe,4.4,241,OPERATIONAL,https://maps.google.com/?cid=N/A
N/A,Wiso Bakery- الراكة,26.3793641,50.1957631,cafe,4.3,101,OPERATIONAL,https://maps.google.com/?cid=N/A
N/A,Dunkin' - دانكن,26.384919999999997,50.186232000000004,cafe,3.8,249,OPERATIONAL,https://maps.google.com/?cid=N/A
N/A,Tea House,26.368269299999998,50.1948102,cafe,4,24,OPERATIONAL,https://maps.google.com/?cid=N/A
N/A,Blue K Lounge,26.3669478,50.1776632,cafe,4,10,OPERATIONAL,https://maps.google.com/?cid=N/A
N/A,Jeep lounge,26.3652665,50.1848726,cafe,4.9,10,OPERATIONAL,https://maps.google.com/?cid=N/A
N/A,Wogard Coffee Roasters,26.3771666,50.178799299999994,cafe,3.4,8,OPERATIONAL,https://maps.google.com/?cid=N/A
N/A,مقهى ومحمصة أور | OUR COFFEE ROASTERS,26.362611599999997,50.205043499999995,cafe,4.7,440,OPERATIONAL,https://maps.google.com/?cid=N/A
N/A,RATIO Speciality Coffee,26.362492300000003,50.198235999999994,cafe,4.6,1869,OPERATIONAL,https://maps.google.com/?cid=N/A
N/A,Repeat Coffee & Brunch,26.361153899999998,50.2063779,cafe,4.2,1567,OPERATIONAL,https://maps.google.com/?cid=N/A
N/A,TEA TIME RAKAH (وقت الشاي),26.3661908,50.2041242,cafe,4.1,662,OPERATIONAL,https://maps.google.com/?cid=N/A
N/A,Title Cafe,26.360901899999998,50.2062435,cafe,4,667,OPERATIONAL,https://maps.google.com/?cid=N/A
N/A,Bling | بلنق,26.3618231,50.206285099999995,cafe,4.3,295,OPERATIONAL,https://maps.google.com/?cid=N/A
N/A,Diana Lounge ديانا لاونج,26.3663831,50.2072499,cafe,4.2,345,OPERATIONAL,https://maps.google.com/?cid=N/A
N/A,Huge Coffee,26.3611479,50.2065772,cafe,4.2,732,OPERATIONAL,https://maps.google.com/?cid=N/A
N/A,مقهى ما بعد العاشرة,26.366188599999997,50.2083075,cafe,4,535,OPERATIONAL,https://maps.google.com/?cid=N/A
N/A,Atia cafe,26.3673166,50.195169899999996,cafe,4,287,OPERATIONAL,https://maps.google.com/?cid=N/A
N/A,Khobar oasis Shisha & Coffee,26.3667147,50.2070374,cafe,3.8,181,OPERATIONAL,https://maps.google.com/?cid=N/A
N/A,Cafe!n كافي ان,26.378199,50.207256,cafe,4.8,131,OPERATIONAL,https://maps.google.com/?cid=N/A
N/A,Simplicity,26.363544599999997,50.1987269,cafe,4.4,48,OPERATIONAL,https://maps.google.com/?cid=N/A
N/A,Olabs Café Drive Thru,26.3629735,50.1986102,cafe,3.7,116,OPERATIONAL,https://maps.google.com/?cid=N/A
N/A,Barn's | بارنز,26.3676374,50.20419,cafe,4.7,55,OPERATIONAL,https://maps.google.com/?cid=N/A
N/A,7 Grams Drive Thru - Somou (soon),26.3788489,50.1962475,cafe,4.8,86,OPERATIONAL,https://maps.google.com/?cid=N/A
N/A,Dunkin' - دانكن,26.365880299999997,50.206598899999996,cafe,4.3,76,OPERATIONAL,https://maps.google.com/?cid=N/A
N/A,Starbucks,26.3633086,50.199702200000004,cafe,4.5,79,OPERATIONAL,https://maps.google.com/?cid=N/A
N/A,Blue Sky Coffee,26.3628239,50.206350199999996,cafe,4,193,OPERATIONAL,https://maps.google.com/?cid=N/A
N/A,Wiso Bakery- الراكة,26.3793641,50.1957631,cafe,4.3,101,OPERATIONAL,https://maps.google.com/?cid=N/A
N/A,ONA Roastery & Bakery,26.371824699999998,50.2284857,cafe,4.4,681,OPERATIONAL,https://maps.google.com/?cid=N/A
N/A,A place for people,26.371992199999998,50.229121000000006,cafe,4.5,468,OPERATIONAL,https://maps.google.com/?cid=N/A
N/A,شاي ابو شنب,26.381787499999998,50.2343906,cafe,4.3,244,OPERATIONAL,https://maps.google.com/?cid=N/A
N/A,مقطار,26.3827688,50.235010499999994,cafe,4.4,61,OPERATIONAL,https://maps.google.com/?cid=N/A
N/A,شاي T1 ( ترك ),26.3720125,50.2369844,cafe,5,13,OPERATIONAL,https://maps.google.com/?cid=N/A
N/A,مستهل,26.3823004,50.2348455,cafe,3.9,19,OPERATIONAL,https://maps.google.com/?cid=N/A
N/A,.RATIO Speciality Coffee | ريشيو للقهوة المختصة,26.371930499999998,50.2289172,cafe,4.8,16,OPERATIONAL,https://maps.google.com/?cid=N/A
N/A,Archi | أرتشي,26.3799432,50.218266799999995,cafe,4.9,8,OPERATIONAL,https://maps.google.com/?cid=N/A
N/A,باشا بورشيد,26.3752734,50.2351532,cafe,5,3,OPERATIONAL,https://maps.google.com/?cid=N/A
N/A,مأكولات وشاي حوسه,26.3751125,50.2350469,cafe,No rating,No reviews,OPERATIONAL,https://maps.google.com/?cid=N/A
N/A,قولدن بارك,26.3816585,50.2344127,cafe,4.2,5,OPERATIONAL,https://maps.google.com/?cid=N/A
N/A,ريفينير,26.3746559,50.227042000000004,cafe,No rating,No reviews,OPERATIONAL,https://maps.google.com/?cid=N/A
N/A,شاي الهام,26.381759199999998,50.234437799999995,cafe,No rating,No reviews,OPERATIONAL,https://maps.google.com/?cid=N/A
N/A,ONA Roastery & Bakery,26.371824699999998,50.2284857,cafe,4.4,681,OPERATIONAL,https://maps.google.com/?cid=N/A
N/A,A place for people,26.371992199999998,50.229121000000006,cafe,4.5,468,OPERATIONAL,https://maps.google.com/?cid=N/A
N/A,شاي ابو شنب,26.381787499999998,50.2343906,cafe,4.3,244,OPERATIONAL,https://maps.google.com/?cid=N/A
N/A,بيالة,26.383677499999997,50.2355184,cafe,4.3,36,OPERATIONAL,https://maps.google.com/?cid=N/A
N/A,شاي مسقف,26.383457699999997,50.2354011,cafe,4.6,53,OPERATIONAL,https://maps.google.com/?cid=N/A
N/A,مقطار,26.3827688,50.235010499999994,cafe,4.4,61,OPERATIONAL,https://maps.google.com/?cid=N/A
N/A,شاهي ضو,26.384839799999998,50.2358676,cafe,4.9,161,OPERATIONAL,https://maps.google.com/?cid=N/A
N/A,شاي T1 ( ترك ),26.3720125,50.2369844,cafe,5,13,OPERATIONAL,https://maps.google.com/?cid=N/A
N/A,مستهل,26.3823004,50.2348455,cafe,3.9,19,OPERATIONAL,https://maps.google.com/?cid=N/A
N/A,شاي تذكار,26.3850309,50.235942599999994,cafe,4.2,46,OPERATIONAL,https://maps.google.com/?cid=N/A
N/A,.RATIO Speciality Coffee | ريشيو للقهوة المختصة,26.371930499999998,50.2289172,cafe,4.8,16,OPERATIONAL,https://maps.google.com/?cid=N/A
N/A,مقهى ثروة,26.386771699999997,50.2360767,cafe,4.5,53,OPERATIONAL,https://maps.google.com/?cid=N/A
N/A,عرّاب الشاي عراب الشاي,26.3859911,50.236051499999995,cafe,4.8,144,OPERATIONAL,https://maps.google.com/?cid=N/A
N/A,شاهي قديم,26.3857833,50.2360646,cafe,4.7,27,OPERATIONAL,https://maps.google.com/?cid=N/A
N/A,غدق,26.3844918,50.2358818,cafe,4.7,47,OPERATIONAL,https://maps.google.com/?cid=N/A
N/A,باشا بورشيد,26.3752734,50.2351532,cafe,5,3,OPERATIONAL,https://maps.google.com/?cid=N/A
N/A,شاي المنآخ,26.3852726,50.235951299999996,cafe,4.7,25,OPERATIONAL,https://maps.google.com/?cid=N/A
N/A,شاي الطريق,26.384773199999998,50.2359131,cafe,5,32,OPERATIONAL,https://maps.google.com/?cid=N/A
N/A,شاهي,26.3832458,50.235289099999996,cafe,5,3,OPERATIONAL,https://maps.google.com/?cid=N/A
N/A,مقهى فجر الديوانية,26.3950946,50.0122953,cafe,3.6,1509,OPERATIONAL,https://maps.google.com/?cid=N/A
N/A,CAMEL COFFEE | مقهى وشيشة الجمل,26.4007705,50.0172501,cafe,4.1,381,OPERATIONAL,https://maps.google.com/?cid=N/A
N/A,Starbucks,26.394490599999997,50.019149999999996,cafe,4.2,240,OPERATIONAL,https://maps.google.com/?cid=N/A
N/A,Andes Coffee Roasters,26.380146600000003,50.003332799999995,cafe,4.6,144,OPERATIONAL,https://maps.google.com/?cid=N/A
N/A,Dunkin' - دانكن,26.380579500000003,50.012104099999995,cafe,4,665,OPERATIONAL,https://maps.google.com/?cid=N/A
N/A,Camel car services & Shisha bar | مغسلة و مقهى وشيشه الجمل,26.4008742,50.0172615,cafe,4.2,830,OPERATIONAL,https://maps.google.com/?cid=N/A
N/A,مزاج مغربي طريق ابوحدرية,26.397333,50.018502399999996,cafe,4.3,29,OPERATIONAL,https://maps.google.com/?cid=N/A
N/A,كيان,26.3829037,50.000644699999995,cafe,3.9,117,OPERATIONAL,https://maps.google.com/?cid=N/A
N/A,كيف كافي - KAIF COFFEE,26.4014082,50.0170757,cafe,4.7,51,OPERATIONAL,https://maps.google.com/?cid=N/A
N/A,مزاج مغربي,26.3803125,50.0118125,cafe,4.1,29,OPERATIONAL,https://maps.google.com/?cid=N/A
N/A,مقهى أمواج الشرق,26.4021826,50.010479,cafe,4.2,13,OPERATIONAL,https://maps.google.com/?cid=N/A
N/A,Krispy kreme,26.380015900000004,50.011272399999996,cafe,4.1,9,OPERATIONAL,https://maps.google.com/?cid=N/A
N/A,هول بين,26.3803895,50.003569399999996,cafe,4.8,55,OPERATIONAL,https://maps.google.com/?cid=N/A
N/A,Barn's | بارنز,26.3968781,50.0174181,cafe,3.6,56,OPERATIONAL,https://maps.google.com/?cid=N/A
N/A,مفاز درايف ثرو - Mafaz Drive Thru,26.397309,50.0185165,cafe,4.4,17,OPERATIONAL,https://maps.google.com/?cid=N/A
N/A,Barn's | بارنز,26.382734,50.000171599999994,cafe,2.7,6,OPERATIONAL,https://maps.google.com/?cid=N/A
N/A,شاهي جمر أبو موسى,26.399662199999998,50.0101583,cafe,3.8,4,OPERATIONAL,https://maps.google.com/?cid=N/A
N/A,شاي الكوخ,26.3795605,50.0059381,cafe,4.8,19,OPERATIONAL,https://maps.google.com/?cid=N/A
N/A,شاهي مراسيم,26.383406899999997,50.0028911,cafe,4.9,24,OPERATIONAL,https://maps.google.com/?cid=N/A
N/A,ديوانية الشتاء,26.388863399999998,50.0209747,cafe,No rating,No reviews,OPERATIONAL,https://maps.google.com/?cid=N/A
N/A,Leo Lounge,26.379904999999997,50.023591200000006,cafe,3.4,795,OPERATIONAL,https://maps.google.com/?cid=N/A
N/A,مقهى فجر الديوانية,26.3950946,50.0122953,cafe,3.6,1509,OPERATIONAL,https://maps.google.com/?cid=N/A
N/A,Baith Al Karak,26.3925826,50.0314809,cafe,4,1553,OPERATIONAL,https://maps.google.com/?cid=N/A
N/A,CAMEL COFFEE | مقهى وشيشة الجمل,26.4007705,50.0172501,cafe,4.1,381,OPERATIONAL,https://maps.google.com/?cid=N/A
N/A,VERT CAFÉ,26.3981215,50.036454799999994,cafe,4.7,389,OPERATIONAL,https://maps.google.com/?cid=N/A
N/A,Starbucks,26.394490599999997,50.019149999999996,cafe,4.2,240,OPERATIONAL,https://maps.google.com/?cid=N/A
N/A,شاي قرمز,26.3796064,50.0265919,cafe,4.4,300,OPERATIONAL,https://maps.google.com/?cid=N/A
N/A,Starbucks,26.391545999999998,50.036877999999994,cafe,4.1,435,OPERATIONAL,https://maps.google.com/?cid=N/A
N/A,مقهى سمبلسيتي |Simplicity cafe,26.3938842,50.0343871,cafe,4.2,131,OPERATIONAL,https://maps.google.com/?cid=N/A
N/A,Camel car services & Shisha bar | مغسلة و مقهى وشيشه الجمل,26.4008742,50.0172615,cafe,4.2,830,OPERATIONAL,https://maps.google.com/?cid=N/A
N/A,٧ جرام - النخيل مول,26.3902122,50.037221599999995,cafe,4.9,1742,OPERATIONAL,https://maps.google.com/?cid=N/A
N/A,"L'ETO caffe - Nakheel Mall, Dammam",26.3902152,50.037044599999994,cafe,4.6,3635,OPERATIONAL,https://maps.google.com/?cid=N/A
N/A,DAZZLING CAFE,26.3911823,50.0382165,cafe,4.6,648,OPERATIONAL,https://maps.google.com/?cid=N/A
N/A,Barn's | بارنز,26.395906399999998,50.0380933,cafe,4.2,33,OPERATIONAL,https://maps.google.com/?cid=N/A
N/A,لمة كرك,26.392700899999998,50.0314145,cafe,4.1,138,OPERATIONAL,https://maps.google.com/?cid=N/A
N/A,مزاج مغربي طريق ابوحدرية,26.397333,50.018502399999996,cafe,4.3,29,OPERATIONAL,https://maps.google.com/?cid=N/A
N/A,Tim Hortons,26.3912765,50.0380026,cafe,4.5,220,OPERATIONAL,https://maps.google.com/?cid=N/A
N/A,Cinnabon,26.39135,50.038947,cafe,2.7,153,OPERATIONAL,https://maps.google.com/?cid=N/A
N/A,كيف كافي - KAIF COFFEE,26.4014082,50.0170757,cafe,4.7,51,OPERATIONAL,https://maps.google.com/?cid=N/A
N/A,مقهى أصل الشاي,26.393842499999998,50.034093299999995,cafe,4.3,56,OPERATIONAL,https://maps.google.com/?cid=N/A
N/A,مقلط الفريج الفيصلية,26.3981946,50.046638599999994,cafe,4.5,6648,OPERATIONAL,https://maps.google.com/?cid=N/A
N/A,The Coffee Lab,26.384081899999998,50.0547028,cafe,4,1184,OPERATIONAL,https://maps.google.com/?cid=N/A
N/A,ديوانية الديرة الدمام,26.399140199999998,50.047871799999996,cafe,4,1261,OPERATIONAL,https://maps.google.com/?cid=N/A
N/A,COPLANT coffee & dessert,26.398176499999998,50.0473025,cafe,4.2,594,OPERATIONAL,https://maps.google.com/?cid=N/A
N/A,Baith Al Karak,26.3925826,50.0314809,cafe,4,1553,OPERATIONAL,https://maps.google.com/?cid=N/A
N/A,VERT CAFÉ,26.3981215,50.036454799999994,cafe,4.7,389,OPERATIONAL,https://maps.google.com/?cid=N/A
N/A,All Day,26.400994599999997,50.051673,cafe,4.4,154,OPERATIONAL,https://maps.google.com/?cid=N/A
N/A,Dunkin' - دانكن,26.4036875,50.0388125,cafe,4.3,496,OPERATIONAL,https://maps.google.com/?cid=N/A
N/A,VERDE Coffee Lounge,26.3980371,50.0470006,cafe,4.4,544,OPERATIONAL,https://maps.google.com/?cid=N/A
N/A,Starbucks,26.3914188,50.0472447,cafe,4,778,OPERATIONAL,https://maps.google.com/?cid=N/A
N/A,Starbucks,26.3961264,50.0431153,cafe,4,1786,OPERATIONAL,https://maps.google.com/?cid=N/A
N/A,Dura Specialty Cafe,26.3982401,50.0464914,cafe,4.2,460,OPERATIONAL,https://maps.google.com/?cid=N/A
N/A,Starbucks,26.391545999999998,50.036877999999994,cafe,4.1,435,OPERATIONAL,https://maps.google.com/?cid=N/A
N/A,مقهى سمبلسيتي |Simplicity cafe,26.3938842,50.0343871,cafe,4.2,131,OPERATIONAL,https://maps.google.com/?cid=N/A
N/A,مركز القوة العاشرة - Tenth power,26.3818766,50.0473041,cafe,4.8,230,OPERATIONAL,https://maps.google.com/?cid=N/A
N/A,٧ جرام - النخيل مول,26.3902122,50.037221599999995,cafe,4.9,1742,OPERATIONAL,https://maps.google.com/?cid=N/A
N/A,DAZZLING CAFE,26.3911823,50.0382165,cafe,4.6,648,OPERATIONAL,https://maps.google.com/?cid=N/A
N/A,"L'ETO caffe - Nakheel Mall, Dammam",26.3902152,50.037044599999994,cafe,4.6,3635,OPERATIONAL,https://maps.google.com/?cid=N/A
N/A,Barn's | بارنز,26.395906399999998,50.0380933,cafe,4.2,33,OPERATIONAL,https://maps.google.com/?cid=N/A
N/A,لمة كرك,26.392700899999998,50.0314145,cafe,4.1,138,OPERATIONAL,https://maps.google.com/?cid=N/A
N/A,The Coffee Lab,26.384081899999998,50.0547028,cafe,4,1184,OPERATIONAL,https://maps.google.com/?cid=N/A
N/A,Brunswick,26.3900466,50.0655858,cafe,4.3,1323,OPERATIONAL,https://maps.google.com/?cid=N/A
N/A,GRAV CAFE قراف كافيه,26.3937614,50.0723649,cafe,4.4,1269,OPERATIONAL,https://maps.google.com/?cid=N/A
N/A,THiRDWAVE | Al-Faisaliyah | ثيردويڤ - الفيصلية,26.3915795,50.0726606,cafe,4.4,1930,OPERATIONAL,https://maps.google.com/?cid=N/A
N/A,شاي بخار,26.393422599999997,50.072139199999995,cafe,4.3,1207,OPERATIONAL,https://maps.google.com/?cid=N/A
N/A,شاي كيف التوأم 3,26.400360199999998,50.0662032,cafe,4.1,840,OPERATIONAL,https://maps.google.com/?cid=N/A
N/A,مقهى ومحمصة سمبلسيتي | Simplicity cafe & roastery,26.403091099999997,50.0629042,cafe,4.5,497,OPERATIONAL,https://maps.google.com/?cid=N/A
N/A,Dose cafe,26.3983125,50.0681875,cafe,4,1814,OPERATIONAL,https://maps.google.com/?cid=N/A
N/A,All Day,26.400994599999997,50.051673,cafe,4.4,154,OPERATIONAL,https://maps.google.com/?cid=N/A
N/A,24Cafe,26.393901699999997,50.0707752,cafe,4.3,225,OPERATIONAL,https://maps.google.com/?cid=N/A
N/A,Starbucks,26.3914188,50.0472447,cafe,4,778,OPERATIONAL,https://maps.google.com/?cid=N/A
N/A,Cinnabon,26.403578699999997,50.05720720000001,cafe,3.2,339,OPERATIONAL,https://maps.google.com/?cid=N/A
N/A,التقاء,26.405305799999997,50.0608133,cafe,4.2,315,OPERATIONAL,https://maps.google.com/?cid=N/A
N/A,Black Cafe بلاك كافيه,26.4039933,50.0542013,cafe,4.3,910,OPERATIONAL,https://maps.google.com/?cid=N/A
N/A,Dunkin' - دانكن,26.4050098,50.0598283,cafe,4.2,435,OPERATIONAL,https://maps.google.com/?cid=N/A
N/A,Dunkin' - دانكن,26.402264000000002,50.064771,cafe,4.2,1195,OPERATIONAL,https://maps.google.com/?cid=N/A
N/A,Barn's | بارنز,26.3826745,50.055182699999996,cafe,4.3,623,OPERATIONAL,https://maps.google.com/?cid=N/A
N/A,Krispy Kreme FAYSALIA,26.3985307,50.0682312,cafe,4.2,749,OPERATIONAL,https://maps.google.com/?cid=N/A
N/A,PETS PARK قهوة وقطوة,26.3881512,50.0756239,cafe,3.8,233,OPERATIONAL,https://maps.google.com/?cid=N/A
N/A,WACAFE Al Rawdah | وكف الروضة,26.3955394,50.077867,cafe,4.3,2827,OPERATIONAL,https://maps.google.com/?cid=N/A
N/A,Half Million,26.3994216,50.0757644,cafe,4.3,774,OPERATIONAL,https://maps.google.com/?cid=N/A
N/A,UMQ Coffee 2.1,26.397824500000002,50.092468499999995,cafe,4.4,1344,OPERATIONAL,https://maps.google.com/?cid=N/A
N/A,بكلو Piccolo,26.400392699999998,50.0734563,cafe,4.3,2321,OPERATIONAL,https://maps.google.com/?cid=N/A
N/A,Brunswick,26.3900466,50.0655858,cafe,4.3,1323,OPERATIONAL,https://maps.google.com/?cid=N/A
N/A,GRAV CAFE قراف كافيه,26.3937614,50.0723649,cafe,4.4,1269,OPERATIONAL,https://maps.google.com/?cid=N/A
N/A,THiRDWAVE | Al-Faisaliyah | ثيردويڤ - الفيصلية,26.3915795,50.0726606,cafe,4.4,1930,OPERATIONAL,https://maps.google.com/?cid=N/A
N/A,شاي بخار,26.393422599999997,50.072139199999995,cafe,4.3,1207,OPERATIONAL,https://maps.google.com/?cid=N/A
N/A,Dose cafe,26.3983125,50.0681875,cafe,4,1814,OPERATIONAL,https://maps.google.com/?cid=N/A
N/A,Cafe Flow,26.3941208,50.0786431,cafe,4.6,261,OPERATIONAL,https://maps.google.com/?cid=N/A
N/A,Starbucks,26.400726000000002,50.073291999999995,cafe,4.1,320,OPERATIONAL,https://maps.google.com/?cid=N/A
N/A,Kiva Han Coffee - كيفاهان كافيه,26.3994678,50.0753396,cafe,4,804,OPERATIONAL,https://maps.google.com/?cid=N/A
N/A,24Cafe,26.393901699999997,50.0707752,cafe,4.3,225,OPERATIONAL,https://maps.google.com/?cid=N/A
N/A,dr.CAFE COFFEE,26.3940861,50.0851322,cafe,4.7,295,OPERATIONAL,https://maps.google.com/?cid=N/A
N/A,Starbucks,26.395542,50.078075,cafe,4,834,OPERATIONAL,https://maps.google.com/?cid=N/A
N/A,Choco Bliss,26.3931698,50.0846727,cafe,4.9,350,OPERATIONAL,https://maps.google.com/?cid=N/A
N/A,PETS PARK قهوة وقطوة,26.3881512,50.0756239,cafe,3.8,233,OPERATIONAL,https://maps.google.com/?cid=N/A
N/A,Krispy Kreme FAYSALIA,26.3985307,50.0682312,cafe,4.2,749,OPERATIONAL,https://maps.google.com/?cid=N/A
N/A,Otten اوتن,26.392082600000002,50.1039475,cafe,4.4,907,OPERATIONAL,https://maps.google.com/?cid=N/A
N/A,نَصّ | الدمام,26.3860817,50.1044212,cafe,3.8,707,OPERATIONAL,https://maps.google.com/?cid=N/A
N/A,UMQ Coffee 2.1,26.397824500000002,50.092468499999995,cafe,4.4,1344,OPERATIONAL,https://maps.google.com/?cid=N/A
N/A,20 U R,26.403187499999998,50.1018125,cafe,4.3,1690,OPERATIONAL,https://maps.google.com/?cid=N/A
N/A,مثلث الكرات triangle balls,26.386847099999997,50.104406499999996,cafe,4,679,OPERATIONAL,https://maps.google.com/?cid=N/A
N/A,HAZEL COFFEE | هزل كوفي,26.4049701,50.1021156,cafe,4.6,321,OPERATIONAL,https://maps.google.com/?cid=N/A
N/A,All Day,26.4048886,50.1021526,cafe,4.4,1954,OPERATIONAL,https://maps.google.com/?cid=N/A
N/A,Bitten Café,26.4003421,50.096310499999994,cafe,4.4,560,OPERATIONAL,https://maps.google.com/?cid=N/A
N/A,Hassad Coffee Roasters | محمصة حصاد,26.4037354,50.1017617,cafe,4.7,365,OPERATIONAL,https://maps.google.com/?cid=N/A
N/A,Kyan‎,26.3837978,50.097206899999996,cafe,4.2,623,OPERATIONAL,https://maps.google.com/?cid=N/A
N/A,ديلي كب Daily cup,26.401926399999997,50.0996703,cafe,4.4,143,OPERATIONAL,https://maps.google.com/?cid=N/A
N/A,Pages Coffee,26.400152199999997,50.0972709,cafe,3.9,647,OPERATIONAL,https://maps.google.com/?cid=N/A
N/A,Line Espresso Bar & Roastery,26.3980954,50.0929594,cafe,4.5,297,OPERATIONAL,https://maps.google.com/?cid=N/A
N/A,مقهى ومحمصة سمبلسيتي | Simplicity cafe & roastery,26.403173400000004,50.105962,cafe,4.7,187,OPERATIONAL,https://maps.google.com/?cid=N/A
N/A,Coffee Warehouse,26.3947582,50.104745699999995,cafe,4.2,1682,OPERATIONAL,https://maps.google.com/?cid=N/A
N/A,dr.CAFE COFFEE,26.3940861,50.0851322,cafe,4.7,295,OPERATIONAL,https://maps.google.com/?cid=N/A
N/A,Barn's | بارنز,26.4026991,50.101131099999996,cafe,4.2,621,OPERATIONAL,https://maps.google.com/?cid=N/A
N/A,LAMBDA | لامدا,26.3812317,50.0988998,cafe,4.6,544,OPERATIONAL,https://maps.google.com/?cid=N/A
N/A,Choco Bliss,26.3931698,50.0846727,cafe,4.9,350,OPERATIONAL,https://maps.google.com/?cid=N/A
N/A,Dunkin' - دانكن,26.403043000000004,50.100317999999994,cafe,4,857,OPERATIONAL,https://maps.google.com/?cid=N/A
N/A,Otten اوتن,26.392082600000002,50.1039475,cafe,4.4,907,OPERATIONAL,https://maps.google.com/?cid=N/A
N/A,نَصّ | الدمام,26.3860817,50.1044212,cafe,3.8,707,OPERATIONAL,https://maps.google.com/?cid=N/A
N/A,مثلث الكرات triangle balls,26.386847099999997,50.104406499999996,cafe,4,679,OPERATIONAL,https://maps.google.com/?cid=N/A
N/A,مقهى الدب,26.3919033,50.1229357,cafe,4.2,278,OPERATIONAL,https://maps.google.com/?cid=N/A
N/A,W Gym,26.401343699999998,50.1137757,cafe,4.2,840,OPERATIONAL,https://maps.google.com/?cid=N/A
N/A,Garden Gate,26.3981338,50.127047600000004,cafe,4.7,1014,OPERATIONAL,https://maps.google.com/?cid=N/A
N/A,Coffee Warehouse,26.3947582,50.104745699999995,cafe,4.2,1682,OPERATIONAL,https://maps.google.com/?cid=N/A
N/A,Moroccan Taste,26.4008246,50.1152489,cafe,4.2,225,OPERATIONAL,https://maps.google.com/?cid=N/A
N/A,Karak Alhazah,26.3936988,50.1047212,cafe,4.3,457,OPERATIONAL,https://maps.google.com/?cid=N/A
N/A,Starbucks,26.3992743,50.1049799,cafe,3.9,258,OPERATIONAL,https://maps.google.com/?cid=N/A
N/A,الكرك,26.4016919,50.1051332,cafe,3.7,130,OPERATIONAL,https://maps.google.com/?cid=N/A
N/A,Tim Hortons,26.3911756,50.113878899999996,cafe,4.6,196,OPERATIONAL,https://maps.google.com/?cid=N/A
N/A,Costa Coffee,26.391167,50.1137723,cafe,4.9,411,OPERATIONAL,https://maps.google.com/?cid=N/A
N/A,Starbucks,26.4003282,50.117192499999994,cafe,3.9,2072,OPERATIONAL,https://maps.google.com/?cid=N/A
N/A,TIM HORTONS,26.4000118,50.116987699999996,cafe,4.1,483,OPERATIONAL,https://maps.google.com/?cid=N/A
N/A,THiRDWAVE | Al Nuzha | ثيردويڤ النزهة,26.3829514,50.1045126,cafe,4.8,96,OPERATIONAL,https://maps.google.com/?cid=N/A
N/A,Road Café | قهوة الطريق,26.3896646,50.1126813,cafe,4.3,218,OPERATIONAL,https://maps.google.com/?cid=N/A
N/A,Krispy Kreme Othaim Mall,26.4007775,50.1170463,cafe,3.9,22,OPERATIONAL,https://maps.google.com/?cid=N/A
N/A,نويمي كافيه,26.4003697,50.1170372,cafe,4.4,26,OPERATIONAL,https://maps.google.com/?cid=N/A
N/A,دلة كافية,26.401303,50.1162892,cafe,4.3,23,OPERATIONAL,https://maps.google.com/?cid=N/A
N/A,مقهى الدب,26.3919033,50.1229357,cafe,4.2,278,OPERATIONAL,https://maps.google.com/?cid=N/A
N/A,Garden Gate,26.3981338,50.127047600000004,cafe,4.7,1014,OPERATIONAL,https://maps.google.com/?cid=N/A
N/A,مقهى بيت الدراجين,26.3840625,50.1253125,cafe,3.7,3,OPERATIONAL,https://maps.google.com/?cid=N/A
N/A,Cafè and burgers,26.3917443,50.125843599999996,cafe,4.5,6,OPERATIONAL,https://maps.google.com/?cid=N/A
N/A,ديڤا كافيه -Diva coffee,26.386050299999997,50.1221636,cafe,4.7,46,OPERATIONAL,https://maps.google.com/?cid=N/A
N/A,كوفي نزهة Nuzhah Cafe,26.392979999999998,50.1260614,cafe,3,2,OPERATIONAL,https://maps.google.com/?cid=N/A
N/A,Bukhari Farrah 3 qasr Al Khalige,26.384078499999998,50.1412458,cafe,No rating,No reviews,OPERATIONAL,https://maps.google.com/?cid=N/A
N/A,CAWALEES كواليس,26.3805505,50.148041,cafe,3.8,234,OPERATIONAL,https://maps.google.com/?cid=N/A
N/A,Starbucks,26.380989099999997,50.148113699999996,cafe,4.4,260,OPERATIONAL,https://maps.google.com/?cid=N/A
N/A,Dunkin' - دانكن,26.385531999999998,50.149494999999995,cafe,3.1,79,OPERATIONAL,https://maps.google.com/?cid=N/A
N/A,Barn's | بارنز,26.3878362,50.1493994,cafe,4.1,19,OPERATIONAL,https://maps.google.com/?cid=N/A
N/A,Derby Coffee,26.3969097,50.1482063,cafe,4.1,98,OPERATIONAL,https://maps.google.com/?cid=N/A
N/A,دانكن,26.3813152,50.1481985,cafe,1.8,16,OPERATIONAL,https://maps.google.com/?cid=N/A
N/A,Bukhari Farrah 3 qasr Al Khalige,26.384078499999998,50.1412458,cafe,No rating,No reviews,OPERATIONAL,https://maps.google.com/?cid=N/A
N/A,Al Seef cafe,26.3969223,50.1679341,cafe,4.2,2209,OPERATIONAL,https://maps.google.com/?cid=N/A
N/A,Clix,26.3888729,50.178373,cafe,4.6,2545,OPERATIONAL,https://maps.google.com/?cid=N/A
N/A,8oz Coffee | ايت اوز كوفي,26.3825473,50.17834380000001,cafe,4.2,901,OPERATIONAL,https://maps.google.com/?cid=N/A
N/A,Dunkin' - دانكن,26.3886765,50.177850199999995,cafe,4.2,405,OPERATIONAL,https://maps.google.com/?cid=N/A
N/A,اولابز | OLABS‏,26.3843137,50.167625,cafe,3.8,48,OPERATIONAL,https://maps.google.com/?cid=N/A
N/A,Costa Coffee,26.391662999999998,50.177547,cafe,2.5,23,OPERATIONAL,https://maps.google.com/?cid=N/A
N/A,Mana,26.388974299999997,50.1783801,cafe,4.5,46,OPERATIONAL,https://maps.google.com/?cid=N/A
N/A,مقهى شاهي جمر Jamar Tea Cafe,26.3887495,50.1783814,cafe,4.1,32,OPERATIONAL,https://maps.google.com/?cid=N/A
N/A,Barn’s,26.3893523,50.178064199999994,cafe,2.6,9,OPERATIONAL,https://maps.google.com/?cid=N/A
N/A,Haifa Markets,26.3905089,50.181316599999995,cafe,5,1,OPERATIONAL,https://maps.google.com/?cid=N/A
N/A,Avens Bistro ( Al Youm Tower),26.379203399999998,50.1702173,cafe,5,4,OPERATIONAL,https://maps.google.com/?cid=N/A
N/A,Clix,26.3888729,50.178373,cafe,4.6,2545,OPERATIONAL,https://maps.google.com/?cid=N/A
N/A,8oz Coffee | ايت اوز كوفي,26.3825473,50.17834380000001,cafe,4.2,901,OPERATIONAL,https://maps.google.com/?cid=N/A
N/A,Dunkin' - دانكن,26.3886765,50.177850199999995,cafe,4.2,405,OPERATIONAL,https://maps.google.com/?cid=N/A
N/A,Dunkin' - دانكن,26.384919999999997,50.186232000000004,cafe,3.8,249,OPERATIONAL,https://maps.google.com/?cid=N/A
N/A,Costa Coffee,26.391662999999998,50.177547,cafe,2.5,23,OPERATIONAL,https://maps.google.com/?cid=N/A
N/A,Mana,26.388974299999997,50.1783801,cafe,4.5,46,OPERATIONAL,https://maps.google.com/?cid=N/A
N/A,Dunkin' - دانكن,26.3951875,50.1925625,cafe,3.6,67,OPERATIONAL,https://maps.google.com/?cid=N/A
N/A,دانكن,26.3882399,50.1875746,cafe,3.7,16,OPERATIONAL,https://maps.google.com/?cid=N/A
N/A,The HUB Co.,26.394886999999997,50.189222,cafe,4.7,3,OPERATIONAL,https://maps.google.com/?cid=N/A
N/A,مقهى شاهي جمر Jamar Tea Cafe,26.3887495,50.1783814,cafe,4.1,32,OPERATIONAL,https://maps.google.com/?cid=N/A
N/A,Barn’s,26.3893523,50.178064199999994,cafe,2.6,9,OPERATIONAL,https://maps.google.com/?cid=N/A
N/A,كاس بن | kasbon,26.3902725,50.186124899999996,cafe,1,2,OPERATIONAL,https://maps.google.com/?cid=N/A
N/A,Phobia cafe,26.393996299999998,50.190087899999995,cafe,3.8,10,OPERATIONAL,https://maps.google.com/?cid=N/A
N/A,شاي متعب,26.3807314,50.1818341,cafe,5,39,OPERATIONAL,https://maps.google.com/?cid=N/A
N/A,LOVE&PEACE EXPRESS,26.392299700000002,50.1942433,cafe,5,6,OPERATIONAL,https://maps.google.com/?cid=N/A
N/A,مستهل,26.405448699999997,50.1861463,cafe,5,12,OPERATIONAL,https://maps.google.com/?cid=N/A
N/A,Haifa Markets,26.3905089,50.181316599999995,cafe,5,1,OPERATIONAL,https://maps.google.com/?cid=N/A
N/A,شاهي الشتاء,26.403865099999997,50.183664099999994,cafe,5,3,OPERATIONAL,https://maps.google.com/?cid=N/A
N/A,Dunkin' - دانكن,26.3951875,50.1925625,cafe,3.6,67,OPERATIONAL,https://maps.google.com/?cid=N/A
N/A,بيت المزاج,26.3841951,50.205358700000005,cafe,4.7,15,OPERATIONAL,https://maps.google.com/?cid=N/A
N/A,LOVE&PEACE EXPRESS,26.392299700000002,50.1942433,cafe,5,6,OPERATIONAL,https://maps.google.com/?cid=N/A
N/A,ملك الشاي,26.388724399999997,50.2355251,cafe,4.8,810,OPERATIONAL,https://maps.google.com/?cid=N/A
N/A,شاي رمله,26.389180800000002,50.2353914,cafe,4.1,91,OPERATIONAL,https://maps.google.com/?cid=N/A
N/A,W Souffle,26.391995800000004,50.233421,cafe,4.4,153,OPERATIONAL,https://maps.google.com/?cid=N/A
N/A,شاي جمرة,26.3908144,50.2342808,cafe,4.6,239,OPERATIONAL,https://maps.google.com/?cid=N/A
N/A,شاهي هدب,26.388245599999998,50.235756099999996,cafe,4.9,99,OPERATIONAL,https://maps.google.com/?cid=N/A
N/A,شاي بدو,26.390537499999997,50.2344219,cafe,4.6,109,OPERATIONAL,https://maps.google.com/?cid=N/A
N/A,شاهي القشلة,26.3891027,50.2354306,cafe,4.8,112,OPERATIONAL,https://maps.google.com/?cid=N/A
N/A,خوّه - Khowwh,26.3880767,50.235810099999995,cafe,4.9,301,OPERATIONAL,https://maps.google.com/?cid=N/A
N/A,موج,26.391540499999998,50.2337971,cafe,4.6,124,OPERATIONAL,https://maps.google.com/?cid=N/A
N/A,ايميز البحر / Amies,26.3924889,50.2332829,cafe,4.9,109,OPERATIONAL,https://maps.google.com/?cid=N/A
N/A,FUN_ICE,26.3906214,50.233795099999995,cafe,3.7,15,OPERATIONAL,https://maps.google.com/?cid=N/A
N/A,شاي تذكار,26.3850309,50.235942599999994,cafe,4.2,46,OPERATIONAL,https://maps.google.com/?cid=N/A
N/A,مقهى ثروة,26.386771699999997,50.2360767,cafe,4.5,53,OPERATIONAL,https://maps.google.com/?cid=N/A
N/A,عرّاب الشاي عراب الشاي,26.3859911,50.236051499999995,cafe,4.8,144,OPERATIONAL,https://maps.google.com/?cid=N/A
N/A,شاي ابوريان اللذ ذرة مشوي,26.3987317,50.2293745,cafe,4.9,39,OPERATIONAL,https://maps.google.com/?cid=N/A
N/A,فود ترك سدرة,26.3914723,50.2339785,cafe,4.6,31,OPERATIONAL,https://maps.google.com/?cid=N/A
N/A,شاهي قديم,26.3857833,50.2360646,cafe,4.7,27,OPERATIONAL,https://maps.google.com/?cid=N/A
N/A,شاي وتم,26.391421299999998,50.2339095,cafe,5,36,OPERATIONAL,https://maps.google.com/?cid=N/A
N/A,شاي منَعنَع,26.3949435,50.2316879,cafe,4.9,13,OPERATIONAL,https://maps.google.com/?cid=N/A
N/A,Archi | أرتشي,26.3799432,50.218266799999995,cafe,4.9,8,OPERATIONAL,https://maps.google.com/?cid=N/A
N/A,شاي ابو شنب,26.381787499999998,50.2343906,cafe,4.3,244,OPERATIONAL,https://maps.google.com/?cid=N/A
N/A,ملك الشاي,26.388724399999997,50.2355251,cafe,4.8,810,OPERATIONAL,https://maps.google.com/?cid=N/A
N/A,شاي رمله,26.389180800000002,50.2353914,cafe,4.1,91,OPERATIONAL,https://maps.google.com/?cid=N/A
N/A,W Souffle,26.391995800000004,50.233421,cafe,4.4,153,OPERATIONAL,https://maps.google.com/?cid=N/A
N/A,شاي جمرة,26.3908144,50.2342808,cafe,4.6,239,OPERATIONAL,https://maps.google.com/?cid=N/A
N/A,شاهي هدب,26.388245599999998,50.235756099999996,cafe,4.9,99,OPERATIONAL,https://maps.google.com/?cid=N/A
N/A,بيالة,26.383677499999997,50.2355184,cafe,4.3,36,OPERATIONAL,https://maps.google.com/?cid=N/A
N/A,شاي بدو,26.390537499999997,50.2344219,cafe,4.6,109,OPERATIONAL,https://maps.google.com/?cid=N/A
N/A,خوّه - Khowwh,26.3880767,50.235810099999995,cafe,4.9,301,OPERATIONAL,https://maps.google.com/?cid=N/A
N/A,شاهي القشلة,26.3891027,50.2354306,cafe,4.8,112,OPERATIONAL,https://maps.google.com/?cid=N/A
N/A,موج,26.391540499999998,50.2337971,cafe,4.6,124,OPERATIONAL,https://maps.google.com/?cid=N/A
N/A,شاي مسقف,26.383457699999997,50.2354011,cafe,4.6,53,OPERATIONAL,https://maps.google.com/?cid=N/A
N/A,ايميز البحر / Amies,26.3924889,50.2332829,cafe,4.9,109,OPERATIONAL,https://maps.google.com/?cid=N/A
N/A,مقطار,26.3827688,50.235010499999994,cafe,4.4,61,OPERATIONAL,https://maps.google.com/?cid=N/A
N/A,شاهي ضو,26.384839799999998,50.2358676,cafe,4.9,161,OPERATIONAL,https://maps.google.com/?cid=N/A
N/A,FUN_ICE,26.3906214,50.233795099999995,cafe,3.7,15,OPERATIONAL,https://maps.google.com/?cid=N/A
N/A,شاي تذكار,26.3850309,50.235942599999994,cafe,4.2,46,OPERATIONAL,https://maps.google.com/?cid=N/A
N/A,مستهل,26.3823004,50.2348455,cafe,3.9,19,OPERATIONAL,https://maps.google.com/?cid=N/A
N/A,مقهى ثروة,26.386771699999997,50.2360767,cafe,4.5,53,OPERATIONAL,https://maps.google.com/?cid=N/A
N/A,عرّاب الشاي عراب الشاي,26.3859911,50.236051499999995,cafe,4.8,144,OPERATIONAL,https://maps.google.com/?cid=N/A
N/A,CAMEL COFFEE | مقهى وشيشة الجمل,26.4007705,50.0172501,cafe,4.1,381,OPERATIONAL,https://maps.google.com/?cid=N/A
N/A,graph cafe,26.412166199999998,50.0138861,cafe,4.2,332,OPERATIONAL,https://maps.google.com/?cid=N/A
N/A,COPLANT coffee & Dessert,26.421784,50.003073,cafe,4.2,495,OPERATIONAL,https://maps.google.com/?cid=N/A
N/A,Camel car services & Shisha bar | مغسلة و مقهى وشيشه الجمل,26.4008742,50.0172615,cafe,4.2,830,OPERATIONAL,https://maps.google.com/?cid=N/A
N/A,graph cafe,26.4122108,49.997357900000004,cafe,4.4,141,OPERATIONAL,https://maps.google.com/?cid=N/A
N/A,Barn's | بارنز,26.4071547,50.014049799999995,cafe,4,207,OPERATIONAL,https://maps.google.com/?cid=N/A
N/A,Crepe Roll كريب رول الضاحية,26.4176905,50.0051147,cafe,3.9,250,OPERATIONAL,https://maps.google.com/?cid=N/A
N/A,مقهى صلدا - salda coffee,26.4195734,49.997157699999995,cafe,4.5,60,OPERATIONAL,https://maps.google.com/?cid=N/A
N/A,After Ten cafe مقهى بعد العاشرة,26.412640699999997,50.013675199999994,cafe,3.9,125,OPERATIONAL,https://maps.google.com/?cid=N/A
N/A,Road Café | قهوة الطريق,26.411977,50.013895999999995,cafe,4.4,650,OPERATIONAL,https://maps.google.com/?cid=N/A
N/A,ديوانية ليالي تراثية,26.4064728,50.013510499999995,cafe,3.9,158,OPERATIONAL,https://maps.google.com/?cid=N/A
N/A,كرك وزيادة,26.4112595,50.004996,cafe,4.5,42,OPERATIONAL,https://maps.google.com/?cid=N/A
N/A,كيف كافي - KAIF COFFEE,26.4014082,50.0170757,cafe,4.7,51,OPERATIONAL,https://maps.google.com/?cid=N/A
N/A,Mantorose cafe,26.4198682,49.997152,cafe,3.4,61,OPERATIONAL,https://maps.google.com/?cid=N/A
N/A,مقهى أمواج الشرق,26.4021826,50.010479,cafe,4.2,13,OPERATIONAL,https://maps.google.com/?cid=N/A
N/A,Al-Fanar Coffee,26.406812499999997,50.014312499999996,cafe,3.2,38,OPERATIONAL,https://maps.google.com/?cid=N/A
N/A,مقنن وجبنه كافيه,26.4117863,50.0164433,cafe,4.8,16,OPERATIONAL,https://maps.google.com/?cid=N/A
N/A,شاهي حكيم,26.423427699999998,50.00494,cafe,4.8,20,OPERATIONAL,https://maps.google.com/?cid=N/A
N/A,مقهى نسمات المزاج,26.4182015,50.018923799999996,cafe,4.2,36,OPERATIONAL,https://maps.google.com/?cid=N/A
N/A,Karak,26.410965299999997,50.015964200000006,cafe,No rating,No reviews,OPERATIONAL,https://maps.google.com/?cid=N/A
N/A,فلافي كلاود﻿س,26.422902099999998,50.027547999999996,cafe,4.1,646,OPERATIONAL,https://maps.google.com/?cid=N/A
N/A,CAMEL COFFEE | مقهى وشيشة الجمل,26.4007705,50.0172501,cafe,4.1,381,OPERATIONAL,https://maps.google.com/?cid=N/A
N/A,paper cup cafe,26.422857399999998,50.024840399999995,cafe,4.6,287,OPERATIONAL,https://maps.google.com/?cid=N/A
N/A,graph cafe,26.412166199999998,50.0138861,cafe,4.2,332,OPERATIONAL,https://maps.google.com/?cid=N/A
N/A,لايف الخوارزمي .,26.4208662,50.034020399999996,cafe,3.8,358,OPERATIONAL,https://maps.google.com/?cid=N/A
N/A,Camel car services & Shisha bar | مغسلة و مقهى وشيشه الجمل,26.4008742,50.0172615,cafe,4.2,830,OPERATIONAL,https://maps.google.com/?cid=N/A
N/A,Barn's | بارنز,26.4071547,50.014049799999995,cafe,4,207,OPERATIONAL,https://maps.google.com/?cid=N/A
N/A,Barn's | بارنز,26.422528,50.027916999999995,cafe,4.2,121,OPERATIONAL,https://maps.google.com/?cid=N/A
N/A,كوب وحلى | cup and dessert,26.4189669,50.0188778,cafe,4.8,199,OPERATIONAL,https://maps.google.com/?cid=N/A
N/A,Costa Coffee,26.422661599999998,50.028114599999995,cafe,4.7,457,OPERATIONAL,https://maps.google.com/?cid=N/A
N/A,101Cafe,26.421855299999997,50.0264844,cafe,4.3,501,OPERATIONAL,https://maps.google.com/?cid=N/A
N/A,Dunkin' - دانكن,26.422885500000003,50.0280602,cafe,4.3,209,OPERATIONAL,https://maps.google.com/?cid=N/A
N/A,After Ten cafe مقهى بعد العاشرة,26.412640699999997,50.013675199999994,cafe,3.9,125,OPERATIONAL,https://maps.google.com/?cid=N/A
N/A,Road Café | قهوة الطريق,26.411977,50.013895999999995,cafe,4.4,650,OPERATIONAL,https://maps.google.com/?cid=N/A
N/A,ديوانية ليالي تراثية,26.4064728,50.013510499999995,cafe,3.9,158,OPERATIONAL,https://maps.google.com/?cid=N/A
N/A,Mantorose Cafe,26.422919999999998,50.024977199999995,cafe,3.7,109,OPERATIONAL,https://maps.google.com/?cid=N/A
N/A,كيف كافي - KAIF COFFEE,26.4014082,50.0170757,cafe,4.7,51,OPERATIONAL,https://maps.google.com/?cid=N/A
N/A,Crepe Town Coffee,26.414773999999998,50.0231425,cafe,3.7,82,OPERATIONAL,https://maps.google.com/?cid=N/A
N/A,Elene Cafe,26.4113559,50.025422299999995,cafe,4.8,58,OPERATIONAL,https://maps.google.com/?cid=N/A
N/A,Bati Dolci Cafe,26.4228463,50.027497,cafe,4.7,78,OPERATIONAL,https://maps.google.com/?cid=N/A
N/A,مقلط الفريج الفيصلية,26.3981946,50.046638599999994,cafe,4.5,6648,OPERATIONAL,https://maps.google.com/?cid=N/A
N/A,ديوانية الديرة الدمام,26.399140199999998,50.047871799999996,cafe,4,1261,OPERATIONAL,https://maps.google.com/?cid=N/A
N/A,COPLANT coffee & dessert,26.398176499999998,50.0473025,cafe,4.2,594,OPERATIONAL,https://maps.google.com/?cid=N/A
N/A,All Day,26.400994599999997,50.051673,cafe,4.4,154,OPERATIONAL,https://maps.google.com/?cid=N/A
N/A,Dunkin' - دانكن,26.4036875,50.0388125,cafe,4.3,496,OPERATIONAL,https://maps.google.com/?cid=N/A
N/A,VERDE Coffee Lounge,26.3980371,50.0470006,cafe,4.4,544,OPERATIONAL,https://maps.google.com/?cid=N/A
N/A,Black Cafe بلاك كافيه,26.4039933,50.0542013,cafe,4.3,910,OPERATIONAL,https://maps.google.com/?cid=N/A
N/A,لايف الخوارزمي .,26.4208662,50.034020399999996,cafe,3.8,358,OPERATIONAL,https://maps.google.com/?cid=N/A
N/A,Dura Specialty Cafe,26.3982401,50.0464914,cafe,4.2,460,OPERATIONAL,https://maps.google.com/?cid=N/A
N/A,Tim Hortons Mazaya Dabab,26.414151999999998,50.054469,cafe,4.2,319,OPERATIONAL,https://maps.google.com/?cid=N/A
N/A,Mantorose Cafe,26.4146274,50.0539967,cafe,4.3,66,OPERATIONAL,https://maps.google.com/?cid=N/A
N/A,Luxurious,26.398007699999997,50.0468061,cafe,4.3,436,OPERATIONAL,https://maps.google.com/?cid=N/A
N/A,فلافل حارتنا الطيبين,26.4119375,50.0461185,cafe,3.8,98,OPERATIONAL,https://maps.google.com/?cid=N/A
N/A,ADNOC Service Station | Al Dabbab District (2051),26.4139357,50.054513899999996,cafe,3.7,29,OPERATIONAL,https://maps.google.com/?cid=N/A
N/A,دوح وشاهي فرع الدمام,26.411480899999997,50.0566043,cafe,4.1,137,OPERATIONAL,https://maps.google.com/?cid=N/A
N/A,كنافة مختص,26.4122879,50.0550079,cafe,4.9,71,OPERATIONAL,https://maps.google.com/?cid=N/A
N/A,Bogota Cafe,26.398285599999998,50.0465563,cafe,4,371,OPERATIONAL,https://maps.google.com/?cid=N/A
N/A,Al-Fanar Coffee,26.398191500000003,50.0426679,cafe,4,204,OPERATIONAL,https://maps.google.com/?cid=N/A
N/A,Road Café | قهوة الطريق,26.3987567,50.0472337,cafe,4.5,43,OPERATIONAL,https://maps.google.com/?cid=N/A
N/A,ديلي كب Daily cup,26.4122775,50.0550129,cafe,4.7,25,OPERATIONAL,https://maps.google.com/?cid=N/A
N/A,GRAPH Cafe,26.4074796,50.0666358,cafe,4.2,1773,OPERATIONAL,https://maps.google.com/?cid=N/A
N/A,Khalifa tea,26.407518399999997,50.066486499999996,cafe,4.3,670,OPERATIONAL,https://maps.google.com/?cid=N/A
N/A,مقهى ومحمصة سمبلسيتي | Simplicity cafe & roastery,26.403091099999997,50.0629042,cafe,4.5,497,OPERATIONAL,https://maps.google.com/?cid=N/A
N/A,شاي كيف التوأم 3,26.400360199999998,50.0662032,cafe,4.1,840,OPERATIONAL,https://maps.google.com/?cid=N/A
N/A,Frieze Cafe,26.4052133,50.070036,cafe,4.4,916,OPERATIONAL,https://maps.google.com/?cid=N/A
N/A,Barn's | بارنز,26.4134936,50.073779599999995,cafe,4.2,968,OPERATIONAL,https://maps.google.com/?cid=N/A
N/A,Happiness Cup,26.408019799999998,50.0718702,cafe,4.4,1640,OPERATIONAL,https://maps.google.com/?cid=N/A
N/A,Dose cafe,26.3983125,50.0681875,cafe,4,1814,OPERATIONAL,https://maps.google.com/?cid=N/A
N/A,SOCIAL POOL مقهى ومركز ترفيهي سوشيال بول,26.4074799,50.066545700000006,cafe,4.4,310,OPERATIONAL,https://maps.google.com/?cid=N/A
N/A,All Day,26.400994599999997,50.051673,cafe,4.4,154,OPERATIONAL,https://maps.google.com/?cid=N/A
N/A,Cinnabon,26.403578699999997,50.05720720000001,cafe,3.2,339,OPERATIONAL,https://maps.google.com/?cid=N/A
N/A,Black Cafe بلاك كافيه,26.4039933,50.0542013,cafe,4.3,910,OPERATIONAL,https://maps.google.com/?cid=N/A
N/A,التقاء,26.405305799999997,50.0608133,cafe,4.2,315,OPERATIONAL,https://maps.google.com/?cid=N/A
N/A,Dunkin' - دانكن,26.4050098,50.0598283,cafe,4.2,435,OPERATIONAL,https://maps.google.com/?cid=N/A
N/A,Dunkin' - دانكن,26.402264000000002,50.064771,cafe,4.2,1195,OPERATIONAL,https://maps.google.com/?cid=N/A
N/A,Tim Hortons Mazaya Dabab,26.414151999999998,50.054469,cafe,4.2,319,OPERATIONAL,https://maps.google.com/?cid=N/A
N/A,مزاج مغربي,26.407504799999998,50.058998599999995,cafe,4.5,75,OPERATIONAL,https://maps.google.com/?cid=N/A
N/A,محمصة و مقهى عصر,26.4075466,50.0662667,cafe,4.5,405,OPERATIONAL,https://maps.google.com/?cid=N/A
N/A,غصين البن,26.407576199999998,50.0721705,cafe,4.6,168,OPERATIONAL,https://maps.google.com/?cid=N/A
N/A,ARCHI,26.411773600000004,50.093381699999995,cafe,4.1,1148,OPERATIONAL,https://maps.google.com/?cid=N/A
N/A,Half Million,26.3994216,50.0757644,cafe,4.3,774,OPERATIONAL,https://maps.google.com/?cid=N/A
N/A,GRAPH Cafe,26.4074796,50.0666358,cafe,4.2,1773,OPERATIONAL,https://maps.google.com/?cid=N/A
N/A,بكلو Piccolo,26.400392699999998,50.0734563,cafe,4.3,2321,OPERATIONAL,https://maps.google.com/?cid=N/A
N/A,Khalifa tea,26.407518399999997,50.066486499999996,cafe,4.3,670,OPERATIONAL,https://maps.google.com/?cid=N/A
N/A,Frieze Cafe,26.4052133,50.070036,cafe,4.4,916,OPERATIONAL,https://maps.google.com/?cid=N/A
N/A,Barn's | بارنز,26.4134936,50.073779599999995,cafe,4.2,968,OPERATIONAL,https://maps.google.com/?cid=N/A
N/A,Happiness Cup,26.408019799999998,50.0718702,cafe,4.4,1640,OPERATIONAL,https://maps.google.com/?cid=N/A
N/A,Starbucks,26.400726000000002,50.073291999999995,cafe,4.1,320,OPERATIONAL,https://maps.google.com/?cid=N/A
N/A,SOCIAL POOL مقهى ومركز ترفيهي سوشيال بول,26.4074799,50.066545700000006,cafe,4.4,310,OPERATIONAL,https://maps.google.com/?cid=N/A
N/A,Dunkin' - دانكن,26.414745999999997,50.07622800000001,cafe,3.5,242,OPERATIONAL,https://maps.google.com/?cid=N/A
N/A,Kiva Han Coffee - كيفاهان كافيه,26.3994678,50.0753396,cafe,4,804,OPERATIONAL,https://maps.google.com/?cid=N/A
N/A,Tim Hortons,26.411576999999998,50.092782,cafe,4.2,782,OPERATIONAL,https://maps.google.com/?cid=N/A
N/A,غصين البن,26.407576199999998,50.0721705,cafe,4.6,168,OPERATIONAL,https://maps.google.com/?cid=N/A
N/A,محمصة و مقهى عصر,26.4075466,50.0662667,cafe,4.5,405,OPERATIONAL,https://maps.google.com/?cid=N/A
N/A,Dunkin' Donuts - 30057,26.405165999999998,50.069483,cafe,4,240,OPERATIONAL,https://maps.google.com/?cid=N/A
N/A,ديوانية قهوة المساء,26.421163,50.084927699999994,cafe,3.8,513,OPERATIONAL,https://maps.google.com/?cid=N/A
N/A,Dunkin' - دانكن,26.4116374,50.093292999999996,cafe,4,937,OPERATIONAL,https://maps.google.com/?cid=N/A
N/A,Dallat Al Faisaliah,26.403173600000002,50.071507399999994,cafe,4,498,OPERATIONAL,https://maps.google.com/?cid=N/A
N/A,ARCHI,26.411773600000004,50.093381699999995,cafe,4.1,1148,OPERATIONAL,https://maps.google.com/?cid=N/A
N/A,UMQ Coffee 2.1,26.397824500000002,50.092468499999995,cafe,4.4,1344,OPERATIONAL,https://maps.google.com/?cid=N/A
N/A,20 U R,26.403187499999998,50.1018125,cafe,4.3,1690,OPERATIONAL,https://maps.google.com/?cid=N/A
N/A,HAZEL COFFEE | هزل كوفي,26.4049701,50.1021156,cafe,4.6,321,OPERATIONAL,https://maps.google.com/?cid=N/A
N/A,All Day,26.4048886,50.1021526,cafe,4.4,1954,OPERATIONAL,https://maps.google.com/?cid=N/A
N/A,بيلا سويت | Billa sweet,26.4120529,50.096745999999996,cafe,4.1,1554,OPERATIONAL,https://maps.google.com/?cid=N/A
N/A,Hassad Coffee Roasters | محمصة حصاد,26.4037354,50.1017617,cafe,4.7,365,OPERATIONAL,https://maps.google.com/?cid=N/A
N/A,Bitten Café,26.4003421,50.096310499999994,cafe,4.4,560,OPERATIONAL,https://maps.google.com/?cid=N/A
N/A,ديلي كب Daily cup,26.401926399999997,50.0996703,cafe,4.4,143,OPERATIONAL,https://maps.google.com/?cid=N/A
N/A,Pages Coffee,26.400152199999997,50.0972709,cafe,3.9,647,OPERATIONAL,https://maps.google.com/?cid=N/A
N/A,Savor Bakery (Dammam),26.4111762,50.1092918,cafe,4.3,534,OPERATIONAL,https://maps.google.com/?cid=N/A
N/A,Line Espresso Bar & Roastery,26.3980954,50.0929594,cafe,4.5,297,OPERATIONAL,https://maps.google.com/?cid=N/A
N/A,Mantorose Cafe,26.416169399999998,50.094157599999996,cafe,4.2,983,OPERATIONAL,https://maps.google.com/?cid=N/A
N/A,مقهى ومحمصة سمبلسيتي | Simplicity cafe & roastery,26.403173400000004,50.105962,cafe,4.7,187,OPERATIONAL,https://maps.google.com/?cid=N/A
N/A,Madeleine Boutique,26.4063195,50.101053799999995,cafe,4,188,OPERATIONAL,https://maps.google.com/?cid=N/A
N/A,Starbucks,26.4109085,50.109440799999994,cafe,4.3,1117,OPERATIONAL,https://maps.google.com/?cid=N/A
N/A,Onda Coffee مقهى أوندا,26.4055163,50.1012236,cafe,4.4,343,OPERATIONAL,https://maps.google.com/?cid=N/A
N/A,Barn's | بارنز,26.4026991,50.101131099999996,cafe,4.2,621,OPERATIONAL,https://maps.google.com/?cid=N/A
N/A,ديوانية زعفران,26.4208434,50.100605099999996,cafe,4,1022,OPERATIONAL,https://maps.google.com/?cid=N/A
N/A,BREWS coffee and brunch,26.421445,50.0906508,cafe,4.8,253,OPERATIONAL,https://maps.google.com/?cid=N/A
N/A,HAZEL COFFEE | هزل كوفي,26.4049701,50.1021156,cafe,4.6,321,OPERATIONAL,https://maps.google.com/?cid=N/A
N/A,All Day,26.4048886,50.1021526,cafe,4.4,1954,OPERATIONAL,https://maps.google.com/?cid=N/A
N/A,W Gym,26.401343699999998,50.1137757,cafe,4.2,840,OPERATIONAL,https://maps.google.com/?cid=N/A
N/A,Savor Bakery (Dammam),26.4111762,50.1092918,cafe,4.3,534,OPERATIONAL,https://maps.google.com/?cid=N/A
N/A,مقهى ومحمصة سمبلسيتي | Simplicity cafe & roastery,26.403173400000004,50.105962,cafe,4.7,187,OPERATIONAL,https://maps.google.com/?cid=N/A
N/A,Ojair Specialty Coffee,26.4111576,50.114582,cafe,4.5,506,OPERATIONAL,https://maps.google.com/?cid=N/A
N/A,Starbucks,26.4109085,50.109440799999994,cafe,4.3,1117,OPERATIONAL,https://maps.google.com/?cid=N/A
N/A,Madeleine Boutique,26.4063195,50.101053799999995,cafe,4,188,OPERATIONAL,https://maps.google.com/?cid=N/A
N/A,Mafaz,26.406983699999998,50.1129068,cafe,4.2,426,OPERATIONAL,https://maps.google.com/?cid=N/A
N/A,Moroccan Taste,26.4008246,50.1152489,cafe,4.2,225,OPERATIONAL,https://maps.google.com/?cid=N/A
N/A,Low.coffee,26.4026526,50.105332499999996,cafe,4.8,381,OPERATIONAL,https://maps.google.com/?cid=N/A
N/A,Mantorose Cafe,26.4165031,50.1206641,cafe,4.1,612,OPERATIONAL,https://maps.google.com/?cid=N/A
N/A,Dunkin' - دانكن,26.411542299999997,50.1108724,cafe,3.8,338,OPERATIONAL,https://maps.google.com/?cid=N/A
N/A,Dunkin' - دانكن,26.4161844,50.115632100000006,cafe,3.7,271,OPERATIONAL,https://maps.google.com/?cid=N/A
N/A,Kuba cafe,26.4136743,50.115859,cafe,4.6,165,OPERATIONAL,https://maps.google.com/?cid=N/A
N/A,Saadeddin Pastry,26.4091678,50.109314399999995,cafe,4,315,OPERATIONAL,https://maps.google.com/?cid=N/A
N/A,الكرك,26.4016919,50.1051332,cafe,3.7,130,OPERATIONAL,https://maps.google.com/?cid=N/A
N/A,Krispy Kreme,26.409298699999997,50.1085754,cafe,4.2,938,OPERATIONAL,https://maps.google.com/?cid=N/A
N/A,Wanasah Coffee,26.4208437,50.1071064,cafe,3.7,234,OPERATIONAL,https://maps.google.com/?cid=N/A
N/A,Barn's | بارنز,26.4123958,50.1103186,cafe,4.1,60,OPERATIONAL,https://maps.google.com/?cid=N/A
N/A,Garden Gate,26.3981338,50.127047600000004,cafe,4.7,1014,OPERATIONAL,https://maps.google.com/?cid=N/A
N/A,Mantorose Cafe,26.4165031,50.1206641,cafe,4.1,612,OPERATIONAL,https://maps.google.com/?cid=N/A
N/A,Dunkin' - دانكن,26.4100002,50.1332867,cafe,4.3,241,OPERATIONAL,https://maps.google.com/?cid=N/A
N/A,Starbucks,26.406900000000004,50.138279,cafe,4.2,274,OPERATIONAL,https://maps.google.com/?cid=N/A
N/A,مقهى ومحمصة سمبلسيتي | Simplicity cafe & roastery,26.4116629,50.123603900000006,cafe,5,6,OPERATIONAL,https://maps.google.com/?cid=N/A
N/A,مستودعات بيانولا,26.4078572,50.1408418,cafe,3.5,6,OPERATIONAL,https://maps.google.com/?cid=N/A
N/A,Starbucks,26.406900000000004,50.138279,cafe,4.2,274,OPERATIONAL,https://maps.google.com/?cid=N/A
N/A,مستودعات بيانولا,26.4078572,50.1408418,cafe,3.5,6,OPERATIONAL,https://maps.google.com/?cid=N/A
N/A,Tea shop🍔☕,26.4190334,50.1626352,cafe,No rating,No reviews,OPERATIONAL,https://maps.google.com/?cid=N/A
N/A,Al Seef cafe,26.3969223,50.1679341,cafe,4.2,2209,OPERATIONAL,https://maps.google.com/?cid=N/A
N/A,Diwan Lounge,26.412550799999998,50.1733147,cafe,4,2118,OPERATIONAL,https://maps.google.com/?cid=N/A
N/A,بوس كافيه BOSS CAFE,26.4127257,50.173091,cafe,3.9,374,OPERATIONAL,https://maps.google.com/?cid=N/A
N/A,ALKARAK,26.415274099999998,50.1701619,cafe,3.7,26,OPERATIONAL,https://maps.google.com/?cid=N/A
N/A,Road Café | قهوة الطريق,26.4155411,50.170123499999995,cafe,4.6,9,OPERATIONAL,https://maps.google.com/?cid=N/A
N/A,مقام للقهوة والشاي,26.411922,50.1695277,cafe,1,1,OPERATIONAL,https://maps.google.com/?cid=N/A
N/A,Coffèa,26.4120442,50.169275899999995,cafe,5,5,OPERATIONAL,https://maps.google.com/?cid=N/A
N/A,Archi,26.411875,50.169233399999996,cafe,No rating,No reviews,OPERATIONAL,https://maps.google.com/?cid=N/A
N/A,Tanween,26.410391399999998,50.1675514,cafe,No rating,No reviews,OPERATIONAL,https://maps.google.com/?cid=N/A
N/A,Tea shop🍔☕,26.4190334,50.1626352,cafe,No rating,No reviews,OPERATIONAL,https://maps.google.com/?cid=N/A
N/A,Diwan Lounge,26.412550799999998,50.1733147,cafe,4,2118,OPERATIONAL,https://maps.google.com/?cid=N/A
N/A,بوس كافيه BOSS CAFE,26.4127257,50.173091,cafe,3.9,374,OPERATIONAL,https://maps.google.com/?cid=N/A
N/A,Hokm cafe-مقهى حكم,26.4063724,50.1865433,cafe,4,42,OPERATIONAL,https://maps.google.com/?cid=N/A
N/A,Bomboloni بومبولوني,26.4078067,50.188981399999996,cafe,4.4,109,OPERATIONAL,https://maps.google.com/?cid=N/A
N/A,daily cup ديلي كب,26.4078646,50.1891902,cafe,4.2,20,OPERATIONAL,https://maps.google.com/?cid=N/A
N/A,مقهى حكم مغطى لتقديم المشروبات,26.407114699999997,50.1882527,cafe,2,1,OPERATIONAL,https://maps.google.com/?cid=N/A
N/A,مستهل,26.405448699999997,50.1861463,cafe,5,12,OPERATIONAL,https://maps.google.com/?cid=N/A
N/A,مزاج كافيه,26.4061098,50.187248700000005,cafe,5,2,OPERATIONAL,https://maps.google.com/?cid=N/A
N/A,شاهي الشتاء,26.403865099999997,50.183664099999994,cafe,5,3,OPERATIONAL,https://maps.google.com/?cid=N/A
N/A,فود ترك عزوز واااااو,26.405604099999998,50.1866135,cafe,No rating,No reviews,OPERATIONAL,https://maps.google.com/?cid=N/A
N/A,حار وحلو,26.412673899999998,50.220115899999996,cafe,5,4,OPERATIONAL,https://maps.google.com/?cid=N/A
N/A,سلالات الشاي,26.4099379,50.2219711,cafe,4.8,75,OPERATIONAL,https://maps.google.com/?cid=N/A
N/A,فود ترك شاي حكاية,26.409818899999998,50.222070099999996,cafe,4.8,46,OPERATIONAL,https://maps.google.com/?cid=N/A
N/A,RedCups V60,26.4068,50.2237891,cafe,4.8,85,OPERATIONAL,https://maps.google.com/?cid=N/A
N/A,فود ترك حكاية,26.4061688,50.2242847,cafe,4.3,22,OPERATIONAL,https://maps.google.com/?cid=N/A
N/A,شاي ابوريان اللذ ذرة مشوي,26.3987317,50.2293745,cafe,4.9,39,OPERATIONAL,https://maps.google.com/?cid=N/A
N/A,شاهي وكرك,26.4119977,50.221163499999996,cafe,4.7,3,OPERATIONAL,https://maps.google.com/?cid=N/A
N/A,مزاج التوأم,26.4112419,50.2214871,cafe,4.7,3,OPERATIONAL,https://maps.google.com/?cid=N/A
N/A,باشا بورشيد,26.405075999999998,50.2255681,cafe,4.7,25,OPERATIONAL,https://maps.google.com/?cid=N/A
N/A,شاي سُكرة,26.4005486,50.2289313,cafe,4.8,6,OPERATIONAL,https://maps.google.com/?cid=N/A
N/A,فود ترك عـذق,26.4060147,50.2243729,cafe,5,11,OPERATIONAL,https://maps.google.com/?cid=N/A
N/A,شاهي ابو ناصر,26.4057994,50.2250156,cafe,No rating,No reviews,OPERATIONAL,https://maps.google.com/?cid=N/A
N/A,فود ترك ولد منيرة,26.4095803,50.2222669,cafe,4.6,5,OPERATIONAL,https://maps.google.com/?cid=N/A
N/A,نفل,26.408514099999998,50.2228427,cafe,4.9,10,OPERATIONAL,https://maps.google.com/?cid=N/A
N/A,شاي اخوو العيال,26.405907499999998,50.224909,cafe,5,6,OPERATIONAL,https://maps.google.com/?cid=N/A
N/A,شاي أبو ساره,26.4092417,50.222340100000004,cafe,4.8,11,OPERATIONAL,https://maps.google.com/?cid=N/A
N/A,30 ديسمبر شاي شباتي نوتيلا نودلز,26.411113,50.2210952,cafe,4.5,4,OPERATIONAL,https://maps.google.com/?cid=N/A
N/A,شاي وضيحة,26.4132234,50.2202342,cafe,5,1,OPERATIONAL,https://maps.google.com/?cid=N/A
N/A,شاي حبق و نعناع,26.4063086,50.224260799999996,cafe,No rating,No reviews,OPERATIONAL,https://maps.google.com/?cid=N/A
N/A,شاهي أبو سعود,26.4063192,50.2240574,cafe,5,1,OPERATIONAL,https://maps.google.com/?cid=N/A
N/A,حار وحلو,26.412673899999998,50.220115899999996,cafe,5,4,OPERATIONAL,https://maps.google.com/?cid=N/A
