Place ID,Name,Latitude,Longitude,Category,Rating,Number of Reviews,Business Status,Google Maps URL
N/A,KFC,26.2446774,49.9814928,restaurant,3.9,1341,OPERATIONAL,https://maps.google.com/?cid=N/A
N/A,Apsara Restaurant,26.241051799999997,49.974508,restaurant,3.7,338,OPERATIONAL,https://maps.google.com/?cid=N/A
N/A,Sakbe Restaurant,26.2454121,49.981569799999995,restaurant,3.9,646,OPERATIONAL,https://maps.google.com/?cid=N/A
N/A,Golden Oven Bokhari Restaurant,26.2385147,49.9719934,restaurant,3.8,1247,OPERATIONAL,https://maps.google.com/?cid=N/A
N/A,Rakan Al-Bukhari Restaurants,26.2454172,49.981711399999995,restaurant,3.4,366,OPERATIONAL,https://maps.google.com/?cid=N/A
N/A,فوال نور الصباح,26.245312499999997,49.981562499999995,restaurant,4,261,OPERATIONAL,https://maps.google.com/?cid=N/A
N/A,Taj Al Masi Broasted,26.241164100000002,49.9742551,restaurant,4,293,OPERATIONAL,https://maps.google.com/?cid=N/A
N/A,كفتيريا و بوفيه جبل الزيتون,26.2448795,49.9812879,restaurant,4.5,69,OPERATIONAL,https://maps.google.com/?cid=N/A
N/A,Harakat al barakat restaurant,26.236775599999998,49.9698608,restaurant,4,86,OPERATIONAL,https://maps.google.com/?cid=N/A
N/A,Eastern Delight,26.238167699999998,49.9720491,restaurant,4.1,38,OPERATIONAL,https://maps.google.com/?cid=N/A
N/A,FUNNY DUCK,26.244819399999997,49.9813657,restaurant,3.9,45,OPERATIONAL,https://maps.google.com/?cid=N/A
N/A,Iconic restaurant 1,26.238334199999997,49.971848699999995,restaurant,3.8,14,OPERATIONAL,https://maps.google.com/?cid=N/A
N/A,Modon Lake Restaurant,26.2366255,49.9695566,restaurant,4,132,OPERATIONAL,https://maps.google.com/?cid=N/A
N/A,Maimoona Restaurant,26.2365982,49.969422599999994,restaurant,3.6,25,OPERATIONAL,https://maps.google.com/?cid=N/A
N/A,Mehmoona Restaurant,26.2411085,49.9743615,restaurant,3.7,17,OPERATIONAL,https://maps.google.com/?cid=N/A
N/A,RESTAURANT RUKAN MULTAN مطعم ركن ملتان,26.2408609,49.9741297,restaurant,4.8,6,OPERATIONAL,https://maps.google.com/?cid=N/A
N/A,Nouf Restaurant,26.2385833,49.971801,restaurant,3.8,180,OPERATIONAL,https://maps.google.com/?cid=N/A
N/A,قمر الضواحي,26.2413861,49.974094900000004,restaurant,4.3,6,OPERATIONAL,https://maps.google.com/?cid=N/A
N/A,Fast food restaurant,26.245208299999998,49.981575799999995,restaurant,3.7,49,OPERATIONAL,https://maps.google.com/?cid=N/A
N/A,KFC,26.2446774,49.9814928,restaurant,3.9,1341,OPERATIONAL,https://maps.google.com/?cid=N/A
N/A,Sakbe Restaurant,26.2454121,49.981569799999995,restaurant,3.9,646,OPERATIONAL,https://maps.google.com/?cid=N/A
N/A,Rakan Al-Bukhari Restaurants,26.2454172,49.981711399999995,restaurant,3.4,366,OPERATIONAL,https://maps.google.com/?cid=N/A
N/A,فوال نور الصباح,26.245312499999997,49.981562499999995,restaurant,4,261,OPERATIONAL,https://maps.google.com/?cid=N/A
N/A,كفتيريا و بوفيه جبل الزيتون,26.2448795,49.9812879,restaurant,4.5,69,OPERATIONAL,https://maps.google.com/?cid=N/A
N/A,FUNNY DUCK,26.244819399999997,49.9813657,restaurant,3.9,45,OPERATIONAL,https://maps.google.com/?cid=N/A
N/A,Fast food restaurant,26.245208299999998,49.981575799999995,restaurant,3.7,49,OPERATIONAL,https://maps.google.com/?cid=N/A
N/A,food & drinks,26.2413034,49.9983703,restaurant,4.7,15,OPERATIONAL,https://maps.google.com/?cid=N/A
N/A,بوفية سفرة اليوم للوجبات السريعة,26.2411674,49.99804710000001,restaurant,5,4,OPERATIONAL,https://maps.google.com/?cid=N/A
N/A,حكاية,26.2502021,49.985752299999994,restaurant,5,1,OPERATIONAL,https://maps.google.com/?cid=N/A
N/A,food & drinks,26.2413034,49.9983703,restaurant,4.7,15,OPERATIONAL,https://maps.google.com/?cid=N/A
N/A,بوفية سفرة اليوم للوجبات السريعة,26.2411674,49.99804710000001,restaurant,5,4,OPERATIONAL,https://maps.google.com/?cid=N/A
N/A,Ghaim Kitchen,26.2559965,50.0702991,restaurant,5,34,OPERATIONAL,https://maps.google.com/?cid=N/A
N/A,Ghaim Kitchen,26.2559965,50.0702991,restaurant,5,34,OPERATIONAL,https://maps.google.com/?cid=N/A
N/A,Madhghoot Tehamah(MT),26.2498583,50.1987685,restaurant,4.2,1172,OPERATIONAL,https://maps.google.com/?cid=N/A
N/A,بوفيه نورالشرق,26.2614509,50.1905729,restaurant,4,10,OPERATIONAL,https://maps.google.com/?cid=N/A
N/A,مطعم المضغوط الناضج,26.2500382,50.2016596,restaurant,4,652,OPERATIONAL,https://maps.google.com/?cid=N/A
N/A,مطاعم البراري البخاري,26.2500547,50.2015969,restaurant,4,259,OPERATIONAL,https://maps.google.com/?cid=N/A
N/A,Modon Alam Pakistani Restaurant,26.2398736,50.199346899999995,restaurant,4.3,97,OPERATIONAL,https://maps.google.com/?cid=N/A
N/A,Barn's | بارنز,26.2502376,50.202686899999996,restaurant,3.9,19,OPERATIONAL,https://maps.google.com/?cid=N/A
N/A,Silver Tower Restaurant,26.2493309,50.1996867,restaurant,3.9,215,OPERATIONAL,https://maps.google.com/?cid=N/A
N/A,مطعم الشام القديمة,26.2493295,50.1986567,restaurant,4.1,96,OPERATIONAL,https://maps.google.com/?cid=N/A
N/A,مطعم وبروستد الشام الاسكان,26.2495795,50.2007978,restaurant,3.8,172,OPERATIONAL,https://maps.google.com/?cid=N/A
N/A,Buffet AlSaada,26.250128,50.201623999999995,restaurant,3.8,127,OPERATIONAL,https://maps.google.com/?cid=N/A
N/A,Cafeteria Nalukettu,26.2495788,50.2007182,restaurant,3.8,135,OPERATIONAL,https://maps.google.com/?cid=N/A
N/A,Sagar Restaurant,26.254437,50.201758,restaurant,3.7,30,OPERATIONAL,https://maps.google.com/?cid=N/A
N/A,مطعم حارة البركة 3,26.257044099999998,50.2021314,restaurant,4,83,OPERATIONAL,https://maps.google.com/?cid=N/A
N/A,Snackhouse Central Kitchen,26.2443565,50.199714099999994,restaurant,4.5,39,OPERATIONAL,https://maps.google.com/?cid=N/A
N/A,O Burger,26.238694600000002,50.1984013,restaurant,3.9,24,OPERATIONAL,https://maps.google.com/?cid=N/A
N/A,كافتيريا ساندوتش غير - Different Sandwiches,26.246015399999997,50.2001056,restaurant,3.6,152,OPERATIONAL,https://maps.google.com/?cid=N/A
N/A,بوفية سعد,26.2562335,50.1939566,restaurant,3.7,36,OPERATIONAL,https://maps.google.com/?cid=N/A
N/A,فوال و مخبز نور الصباح,26.249463799999997,50.1997563,restaurant,4.5,11,OPERATIONAL,https://maps.google.com/?cid=N/A
N/A,بوفية مبروك,26.255105,50.201769299999995,restaurant,3.9,16,OPERATIONAL,https://maps.google.com/?cid=N/A
N/A,بوفية زهور الخبر,26.2600639,50.19768690000001,restaurant,3.8,82,OPERATIONAL,https://maps.google.com/?cid=N/A
N/A,Blue Garden Restaurant Khobar,26.2551003,50.221004,restaurant,4.1,11005,OPERATIONAL,https://maps.google.com/?cid=N/A
N/A,Bait AlRobyan,26.2509153,50.2151533,restaurant,4.5,2146,OPERATIONAL,https://maps.google.com/?cid=N/A
N/A,Chef Eyad Khobar,26.255573199999997,50.2210499,restaurant,4.6,3674,OPERATIONAL,https://maps.google.com/?cid=N/A
N/A,Madhghoot Tehamah(MT),26.2498583,50.1987685,restaurant,4.2,1172,OPERATIONAL,https://maps.google.com/?cid=N/A
N/A,ceasario,26.255441599999997,50.220722599999995,restaurant,4,875,OPERATIONAL,https://maps.google.com/?cid=N/A
N/A,مطعم لارتيستوLartisto,26.250819,50.2152641,restaurant,4.6,315,OPERATIONAL,https://maps.google.com/?cid=N/A
N/A,مطعم المضغوط الناضج,26.2500382,50.2016596,restaurant,4,652,OPERATIONAL,https://maps.google.com/?cid=N/A
N/A,مطاعم البراري البخاري,26.2500547,50.2015969,restaurant,4,259,OPERATIONAL,https://maps.google.com/?cid=N/A
N/A,Herfy,26.257799400000003,50.2037926,restaurant,3.6,621,OPERATIONAL,https://maps.google.com/?cid=N/A
N/A,نكهة أماسينا للولائم والحفلات الخارجية,26.2601191,50.2041041,restaurant,4.2,286,OPERATIONAL,https://maps.google.com/?cid=N/A
N/A,Modon Alam Pakistani Restaurant,26.2398736,50.199346899999995,restaurant,4.3,97,OPERATIONAL,https://maps.google.com/?cid=N/A
N/A,Reem AlKhobar Sweets,26.2507019,50.211849199999996,restaurant,4.3,279,OPERATIONAL,https://maps.google.com/?cid=N/A
N/A,SHAWARMA & FALAFEL MUHALHIL,26.2568406,50.2037006,restaurant,3.5,273,OPERATIONAL,https://maps.google.com/?cid=N/A
N/A,Tim Hortons,26.240678799999998,50.21445250000001,restaurant,4,239,OPERATIONAL,https://maps.google.com/?cid=N/A
N/A,Barn's | بارنز,26.2502376,50.202686899999996,restaurant,3.9,19,OPERATIONAL,https://maps.google.com/?cid=N/A
N/A,Voile Nour Al-Sabah,26.257583500000003,50.2037409,restaurant,3.5,106,OPERATIONAL,https://maps.google.com/?cid=N/A
N/A,Silver Tower Restaurant,26.2493309,50.1996867,restaurant,3.9,215,OPERATIONAL,https://maps.google.com/?cid=N/A
N/A,مطعم الشام القديمة,26.2493295,50.1986567,restaurant,4.1,96,OPERATIONAL,https://maps.google.com/?cid=N/A
N/A,مطعم وبروستد الشام الاسكان,26.2495795,50.2007978,restaurant,3.8,172,OPERATIONAL,https://maps.google.com/?cid=N/A
N/A,Buffet AlSaada,26.250128,50.201623999999995,restaurant,3.8,127,OPERATIONAL,https://maps.google.com/?cid=N/A
N/A,Oriya,26.2558523,50.2210788,restaurant,4,3711,OPERATIONAL,https://maps.google.com/?cid=N/A
N/A,Blue Garden Restaurant Khobar,26.2551003,50.221004,restaurant,4.1,11005,OPERATIONAL,https://maps.google.com/?cid=N/A
N/A,Bait AlRobyan,26.2509153,50.2151533,restaurant,4.5,2146,OPERATIONAL,https://maps.google.com/?cid=N/A
N/A,Chef Eyad Khobar,26.255573199999997,50.2210499,restaurant,4.6,3674,OPERATIONAL,https://maps.google.com/?cid=N/A
N/A,ceasario,26.255441599999997,50.220722599999995,restaurant,4,875,OPERATIONAL,https://maps.google.com/?cid=N/A
N/A,مطعم لارتيستوLartisto,26.250819,50.2152641,restaurant,4.6,315,OPERATIONAL,https://maps.google.com/?cid=N/A
N/A,Reem AlKhobar Sweets,26.2507019,50.211849199999996,restaurant,4.3,279,OPERATIONAL,https://maps.google.com/?cid=N/A
N/A,Tim Hortons,26.240678799999998,50.21445250000001,restaurant,4,239,OPERATIONAL,https://maps.google.com/?cid=N/A
N/A,Ocean,26.2557565,50.221144599999995,restaurant,3.5,1864,OPERATIONAL,https://maps.google.com/?cid=N/A
N/A,Tasty Burger البرقر اللذيذ,26.2506786,50.212265699999996,restaurant,4.4,52,OPERATIONAL,https://maps.google.com/?cid=N/A
N/A,فوال الخبزة الساخنة,26.2506599,50.212018799999996,restaurant,4,12,OPERATIONAL,https://maps.google.com/?cid=N/A
N/A,مطعم كروان الشرق,26.2506243,50.2116068,restaurant,4.8,6,OPERATIONAL,https://maps.google.com/?cid=N/A
N/A,بوفيه حسن خواجي لتقديم الوجبات,26.2507324,50.2115345,restaurant,4.5,6,OPERATIONAL,https://maps.google.com/?cid=N/A
N/A,فوال أحلى عدس لتقديم الوجبات,26.2507417,50.2128708,restaurant,5,4,OPERATIONAL,https://maps.google.com/?cid=N/A
N/A,Our Hamat transportation company.,26.2738616,49.9882795,restaurant,4.4,39,OPERATIONAL,https://maps.google.com/?cid=N/A
N/A,McDonald's,26.2654423,50.0705652,restaurant,3,247,OPERATIONAL,https://maps.google.com/?cid=N/A
N/A,معجنات أفران أجيال,26.2658848,50.07091930000001,restaurant,4.5,146,OPERATIONAL,https://maps.google.com/?cid=N/A
N/A,Anjar Restaurant مطعم عنجر للمعجنات والشاورما,26.265894199999998,50.070705100000005,restaurant,4,274,OPERATIONAL,https://maps.google.com/?cid=N/A
N/A,شواية اجيال,26.2659904,50.072078,restaurant,4.1,198,OPERATIONAL,https://maps.google.com/?cid=N/A
N/A,Ovlo,26.2658845,50.0705512,restaurant,4.5,110,OPERATIONAL,https://maps.google.com/?cid=N/A
N/A,Subway,26.2655225,50.0712506,restaurant,4.8,146,OPERATIONAL,https://maps.google.com/?cid=N/A
N/A,مطعم زنبق الشام (شاورما_برجر) عالفحم,26.2658843,50.0705618,restaurant,4.3,99,OPERATIONAL,https://maps.google.com/?cid=N/A
N/A,ورق عنب سوما | Soma Grape Leaves,26.2661043,50.0715299,restaurant,4.9,86,OPERATIONAL,https://maps.google.com/?cid=N/A
N/A,Ghaim Kitchen,26.2559965,50.0702991,restaurant,5,34,OPERATIONAL,https://maps.google.com/?cid=N/A
N/A,قصر لبدة,26.2654347,50.0707795,restaurant,5,2,OPERATIONAL,https://maps.google.com/?cid=N/A
N/A,باستا واندومي اسرع لقمه,26.265754299999998,50.0708663,restaurant,4.1,34,OPERATIONAL,https://maps.google.com/?cid=N/A
N/A,مطعم رشتة,26.265749200000002,50.0715265,restaurant,4.3,14,OPERATIONAL,https://maps.google.com/?cid=N/A
N/A,McDonald's,26.2654423,50.0705652,restaurant,3,247,OPERATIONAL,https://maps.google.com/?cid=N/A
N/A,معجنات أفران أجيال,26.2658848,50.07091930000001,restaurant,4.5,146,OPERATIONAL,https://maps.google.com/?cid=N/A
N/A,Anjar Restaurant مطعم عنجر للمعجنات والشاورما,26.265894199999998,50.070705100000005,restaurant,4,274,OPERATIONAL,https://maps.google.com/?cid=N/A
N/A,شواية اجيال,26.2659904,50.072078,restaurant,4.1,198,OPERATIONAL,https://maps.google.com/?cid=N/A
N/A,Ovlo,26.2658845,50.0705512,restaurant,4.5,110,OPERATIONAL,https://maps.google.com/?cid=N/A
N/A,Subway,26.2655225,50.0712506,restaurant,4.8,146,OPERATIONAL,https://maps.google.com/?cid=N/A
N/A,مطعم زنبق الشام (شاورما_برجر) عالفحم,26.2658843,50.0705618,restaurant,4.3,99,OPERATIONAL,https://maps.google.com/?cid=N/A
N/A,ورق عنب سوما | Soma Grape Leaves,26.2661043,50.0715299,restaurant,4.9,86,OPERATIONAL,https://maps.google.com/?cid=N/A
N/A,قصر لبدة,26.2654347,50.0707795,restaurant,5,2,OPERATIONAL,https://maps.google.com/?cid=N/A
N/A,باستا واندومي اسرع لقمه,26.265754299999998,50.0708663,restaurant,4.1,34,OPERATIONAL,https://maps.google.com/?cid=N/A
N/A,مطعم رشتة,26.265749200000002,50.0715265,restaurant,4.3,14,OPERATIONAL,https://maps.google.com/?cid=N/A
N/A,كبدة حجازي، حي الثقبة,26.270245199999998,50.18668350000001,restaurant,4,1525,OPERATIONAL,https://maps.google.com/?cid=N/A
N/A,Traghif,26.273110199999998,50.185483399999995,restaurant,4.9,134,OPERATIONAL,https://maps.google.com/?cid=N/A
N/A,Burger Al Mashwi برجر المشوی,26.2694549,50.1869325,restaurant,4.9,9,OPERATIONAL,https://maps.google.com/?cid=N/A
N/A,كبة قدورة,26.269682699999997,50.186913499999996,restaurant,3.9,8,OPERATIONAL,https://maps.google.com/?cid=N/A
N/A,مطعم رايق,26.270410599999998,50.1928548,restaurant,4.1,2395,OPERATIONAL,https://maps.google.com/?cid=N/A
N/A,Belad Al Sham Grills & Resturant,26.274692599999998,50.190011399999996,restaurant,4.2,6155,OPERATIONAL,https://maps.google.com/?cid=N/A
N/A,Peshawari Kabab House,26.272206699999998,50.194554499999995,restaurant,4.2,5120,OPERATIONAL,https://maps.google.com/?cid=N/A
N/A,Shwaiat Al-Khalij,26.269423099999997,50.1899172,restaurant,4.1,4995,OPERATIONAL,https://maps.google.com/?cid=N/A
N/A,Abu Hilal Resturant .,26.270738899999998,50.1937917,restaurant,4.3,4506,OPERATIONAL,https://maps.google.com/?cid=N/A
N/A,RAYG Restaurant,26.2768731,50.195347299999995,restaurant,4.2,2316,OPERATIONAL,https://maps.google.com/?cid=N/A
N/A,Kufa,26.2800573,50.191848099999994,restaurant,4.1,2847,OPERATIONAL,https://maps.google.com/?cid=N/A
N/A,مطعم عيال بحر,26.268876,50.187277699999996,restaurant,4.2,2178,OPERATIONAL,https://maps.google.com/?cid=N/A
N/A,Shawaya House,26.272347,50.1951582,restaurant,3.8,1809,OPERATIONAL,https://maps.google.com/?cid=N/A
N/A,‏سمبوسة الشرق الاوسط الثقبة الخبر,26.2782168,50.1908089,restaurant,4.1,351,OPERATIONAL,https://maps.google.com/?cid=N/A
N/A,مطعم مورغي,26.278467,50.1831141,restaurant,4.2,277,OPERATIONAL,https://maps.google.com/?cid=N/A
N/A,Fillfilah فلفلة,26.269261999999998,50.189322999999995,restaurant,3.4,1925,OPERATIONAL,https://maps.google.com/?cid=N/A
N/A,Rummaan Hyderabadi Restaurant - Thoqba,26.277554100000003,50.1932628,restaurant,3.8,221,OPERATIONAL,https://maps.google.com/?cid=N/A
N/A,GRILL MEAL RESTAURANT THOUQBHA,26.274615299999997,50.1921146,restaurant,3.8,427,OPERATIONAL,https://maps.google.com/?cid=N/A
N/A,Al HABIB RESTAURANT,26.271912999999998,50.1932652,restaurant,4.1,222,OPERATIONAL,https://maps.google.com/?cid=N/A
N/A,Lahza shawarma,26.269518200000004,50.191093699999996,restaurant,3.9,970,OPERATIONAL,https://maps.google.com/?cid=N/A
N/A,Shwaiat Al-Khalij,26.2783119,50.190163,restaurant,4.2,73,OPERATIONAL,https://maps.google.com/?cid=N/A
N/A,Aleppo Castle Restaurant,26.272636,50.199097099999996,restaurant,4.1,1296,OPERATIONAL,https://maps.google.com/?cid=N/A
N/A,Al Rukun Al Tazaj,26.270007399999997,50.1916164,restaurant,4.3,1076,OPERATIONAL,https://maps.google.com/?cid=N/A
N/A,مطعم الرغيف مصرى,26.2752283,50.190508099999995,restaurant,3.8,164,OPERATIONAL,https://maps.google.com/?cid=N/A
N/A,Dugheither Leisure Island,26.2724065,50.2206811,restaurant,4.4,3316,OPERATIONAL,https://maps.google.com/?cid=N/A
N/A,Golden Gate Restaurant Alkhobar Corniche مطعم جولدن جيت الخبر كورنيش,26.2722142,50.2155474,restaurant,4.3,3327,OPERATIONAL,https://maps.google.com/?cid=N/A
N/A,Palm Grove Restaurant,26.2771936,50.2121219,restaurant,3.9,1652,OPERATIONAL,https://maps.google.com/?cid=N/A
N/A,Peshawari Kabab House,26.272206699999998,50.194554499999995,restaurant,4.2,5120,OPERATIONAL,https://maps.google.com/?cid=N/A
N/A,Sun Room Cafe & Restaurant,26.272147699999998,50.2211776,restaurant,3.7,4253,OPERATIONAL,https://maps.google.com/?cid=N/A
N/A,Raising Cane's,26.268501500000003,50.2162229,restaurant,4.6,2422,OPERATIONAL,https://maps.google.com/?cid=N/A
N/A,Karam Beirut - Al Khobar,26.2723521,50.2211958,restaurant,4.2,6236,OPERATIONAL,https://maps.google.com/?cid=N/A
N/A,Salkara Family Restaurant,26.278311,50.203666899999995,restaurant,4,3257,OPERATIONAL,https://maps.google.com/?cid=N/A
N/A,Shalimar Restaurant,26.2760473,50.210731700000004,restaurant,4.1,4180,OPERATIONAL,https://maps.google.com/?cid=N/A
N/A,Shekhdar,26.2724916,50.2161857,restaurant,4.6,1333,OPERATIONAL,https://maps.google.com/?cid=N/A
N/A,Raye Mashwyat / Grill Patron,26.2693907,50.2068115,restaurant,4.4,5161,OPERATIONAL,https://maps.google.com/?cid=N/A
N/A,Shawaya House,26.272347,50.1951582,restaurant,3.8,1809,OPERATIONAL,https://maps.google.com/?cid=N/A
N/A,مطعم باجه وكباب عراقي الخبر,26.271172699999997,50.210924000000006,restaurant,3.9,580,OPERATIONAL,https://maps.google.com/?cid=N/A
N/A,McDonald's,26.266576999999998,50.212969,restaurant,3.8,2118,OPERATIONAL,https://maps.google.com/?cid=N/A
N/A,Brasa De Brazil Khobar,26.272020299999998,50.2205671,restaurant,4.2,5165,OPERATIONAL,https://maps.google.com/?cid=N/A
N/A,South Street Restaurant,26.274314999999998,50.2155031,restaurant,4.3,386,OPERATIONAL,https://maps.google.com/?cid=N/A
N/A,Sanbok Restaurant,26.2718302,50.2207358,restaurant,3.7,3637,OPERATIONAL,https://maps.google.com/?cid=N/A
N/A,Taj al Hind Bollywood Kitchen,26.2668778,50.2127616,restaurant,4.8,4594,OPERATIONAL,https://maps.google.com/?cid=N/A
N/A,Egah Restaurant & Cafe - مطعم ايجه,26.2717584,50.2209392,restaurant,4.1,593,OPERATIONAL,https://maps.google.com/?cid=N/A
N/A,Anjappar Indian Restaurant - Khobar,26.2698125,50.2163125,restaurant,3.7,1375,OPERATIONAL,https://maps.google.com/?cid=N/A
N/A,Oriya,26.2558523,50.2210788,restaurant,4,3711,OPERATIONAL,https://maps.google.com/?cid=N/A
N/A,Dugheither Leisure Island,26.2724065,50.2206811,restaurant,4.4,3316,OPERATIONAL,https://maps.google.com/?cid=N/A
N/A,Blue Garden Restaurant Khobar,26.2551003,50.221004,restaurant,4.1,11005,OPERATIONAL,https://maps.google.com/?cid=N/A
N/A,Golden Gate Restaurant Alkhobar Corniche مطعم جولدن جيت الخبر كورنيش,26.2722142,50.2155474,restaurant,4.3,3327,OPERATIONAL,https://maps.google.com/?cid=N/A
N/A,Sun Room Cafe & Restaurant,26.272147699999998,50.2211776,restaurant,3.7,4253,OPERATIONAL,https://maps.google.com/?cid=N/A
N/A,Raising Cane's,26.268501500000003,50.2162229,restaurant,4.6,2422,OPERATIONAL,https://maps.google.com/?cid=N/A
N/A,Karam Beirut - Al Khobar,26.2723521,50.2211958,restaurant,4.2,6236,OPERATIONAL,https://maps.google.com/?cid=N/A
N/A,Chef Eyad Khobar,26.255573199999997,50.2210499,restaurant,4.6,3674,OPERATIONAL,https://maps.google.com/?cid=N/A
N/A,Shekhdar,26.2724916,50.2161857,restaurant,4.6,1333,OPERATIONAL,https://maps.google.com/?cid=N/A
N/A,Brasa De Brazil Khobar,26.272020299999998,50.2205671,restaurant,4.2,5165,OPERATIONAL,https://maps.google.com/?cid=N/A
N/A,McDonald's,26.266576999999998,50.212969,restaurant,3.8,2118,OPERATIONAL,https://maps.google.com/?cid=N/A
N/A,Melrose Lounge,26.276768699999998,50.2199774,restaurant,4.6,1667,OPERATIONAL,https://maps.google.com/?cid=N/A
N/A,Como Seafood Restaurant,26.278237299999997,50.218970899999995,restaurant,4.1,3898,OPERATIONAL,https://maps.google.com/?cid=N/A
N/A,Sanbok Restaurant,26.2718302,50.2207358,restaurant,3.7,3637,OPERATIONAL,https://maps.google.com/?cid=N/A
N/A,Egah Restaurant & Cafe - مطعم ايجه,26.2717584,50.2209392,restaurant,4.1,593,OPERATIONAL,https://maps.google.com/?cid=N/A
N/A,South Street Restaurant,26.274314999999998,50.2155031,restaurant,4.3,386,OPERATIONAL,https://maps.google.com/?cid=N/A
N/A,ceasario,26.255441599999997,50.220722599999995,restaurant,4,875,OPERATIONAL,https://maps.google.com/?cid=N/A
N/A,Taj al Hind Bollywood Kitchen,26.2668778,50.2127616,restaurant,4.8,4594,OPERATIONAL,https://maps.google.com/?cid=N/A
N/A,Anjappar Indian Restaurant - Khobar,26.2698125,50.2163125,restaurant,3.7,1375,OPERATIONAL,https://maps.google.com/?cid=N/A
N/A,Golden Juice,26.2700575,50.212534899999994,restaurant,4,2110,OPERATIONAL,https://maps.google.com/?cid=N/A
N/A,Our Hamat transportation company.,26.2738616,49.9882795,restaurant,4.4,39,OPERATIONAL,https://maps.google.com/?cid=N/A
N/A,ميز وحدات المنطقة والقاعدة,26.292811999999998,50.017777699999996,restaurant,4.3,4,OPERATIONAL,https://maps.google.com/?cid=N/A
N/A,Restaurant and Mandi Rehab,26.296407,50.034987699999995,restaurant,3.8,1725,OPERATIONAL,https://maps.google.com/?cid=N/A
N/A,مطعم أبو الطيب ( فرع جبرين) Abu Tayeb Restaurant ( branch of Gabrin),26.2950627,50.034230699999995,restaurant,3.8,427,OPERATIONAL,https://maps.google.com/?cid=N/A
N/A,ALKARAK,26.2958212,50.03428840000001,restaurant,3.9,649,OPERATIONAL,https://maps.google.com/?cid=N/A
N/A,Herfy,26.2949657,50.0346039,restaurant,2.8,264,OPERATIONAL,https://maps.google.com/?cid=N/A
N/A,كبدة عزام,26.295360700000003,50.0341051,restaurant,4.1,121,OPERATIONAL,https://maps.google.com/?cid=N/A
N/A,Barn's | بارنز,26.2954097,50.0356568,restaurant,3.6,26,OPERATIONAL,https://maps.google.com/?cid=N/A
N/A,البيتزا الحاره Pizza hot,26.2953886,50.0341117,restaurant,4.4,149,OPERATIONAL,https://maps.google.com/?cid=N/A
N/A,Wasam Buffet,26.2957172,50.034253199999995,restaurant,3.7,86,OPERATIONAL,https://maps.google.com/?cid=N/A
N/A,بخاري بالخمس,26.2950129,50.0344185,restaurant,3.8,48,OPERATIONAL,https://maps.google.com/?cid=N/A
N/A,فوال تمیس Breakfast Center,26.2953166,50.034098199999995,restaurant,3.7,48,OPERATIONAL,https://maps.google.com/?cid=N/A
N/A,ميز وحدات المنطقة والقاعدة,26.292811999999998,50.017777699999996,restaurant,4.3,4,OPERATIONAL,https://maps.google.com/?cid=N/A
N/A,TastiestDish,26.284738599999997,50.060786900000004,restaurant,4.3,314,OPERATIONAL,https://maps.google.com/?cid=N/A
N/A,شركة ألذ طبق لتقديم الوجبات شركة شخص واحد,26.2847334,50.0607544,restaurant,4.6,84,OPERATIONAL,https://maps.google.com/?cid=N/A
N/A,بوفية عبدالله مطيلق العتيبي,26.2843805,50.0603129,restaurant,3.5,46,OPERATIONAL,https://maps.google.com/?cid=N/A
N/A,مطعم احلا الايام لتقديم الوجبات,26.284519799999998,50.0611819,restaurant,3.3,9,OPERATIONAL,https://maps.google.com/?cid=N/A
N/A,TastiestDish,26.284738599999997,50.060786900000004,restaurant,4.3,314,OPERATIONAL,https://maps.google.com/?cid=N/A
N/A,شركة ألذ طبق لتقديم الوجبات شركة شخص واحد,26.2847334,50.0607544,restaurant,4.6,84,OPERATIONAL,https://maps.google.com/?cid=N/A
N/A,بوفية عبدالله مطيلق العتيبي,26.2843805,50.0603129,restaurant,3.5,46,OPERATIONAL,https://maps.google.com/?cid=N/A
N/A,مطعم احلا الايام لتقديم الوجبات,26.284519799999998,50.0611819,restaurant,3.3,9,OPERATIONAL,https://maps.google.com/?cid=N/A
N/A,Casapasta | كازاباستا,26.289813499999998,50.100793200000005,restaurant,4.5,137,OPERATIONAL,https://maps.google.com/?cid=N/A
N/A,The Club Club ذا كلوب كلوب,26.2897538,50.100772299999996,restaurant,4.3,60,OPERATIONAL,https://maps.google.com/?cid=N/A
N/A,Ronaldo’s Pizza رونالدوز بيتزا,26.289870099999998,50.100784999999995,restaurant,4.1,40,OPERATIONAL,https://maps.google.com/?cid=N/A
N/A,Dhahran Hills Snack Bar,26.2910605,50.1057303,restaurant,3.8,72,OPERATIONAL,https://maps.google.com/?cid=N/A
N/A,Jebel Heights Food Court,26.289821099999998,50.100757599999994,restaurant,3.7,7,OPERATIONAL,https://maps.google.com/?cid=N/A
N/A,عريكة أركان الديرة,26.284765399999998,50.1329898,restaurant,4.1,131,OPERATIONAL,https://maps.google.com/?cid=N/A
N/A,بوفيه البنوك,26.284483899999998,50.133044,restaurant,3.8,18,OPERATIONAL,https://maps.google.com/?cid=N/A
N/A,مطعم ومطبخ فارس الفرسان,26.2844972,50.13306980000001,restaurant,3,151,OPERATIONAL,https://maps.google.com/?cid=N/A
N/A,مطاعم أرض البركة,26.2844508,50.1329718,restaurant,3.4,49,OPERATIONAL,https://maps.google.com/?cid=N/A
N/A,Dhahran Hills Snack Bar,26.2910605,50.1057303,restaurant,3.8,72,OPERATIONAL,https://maps.google.com/?cid=N/A
N/A,عريكة أركان الديرة,26.284765399999998,50.1329898,restaurant,4.1,131,OPERATIONAL,https://maps.google.com/?cid=N/A
N/A,بوفيه البنوك,26.284483899999998,50.133044,restaurant,3.8,18,OPERATIONAL,https://maps.google.com/?cid=N/A
N/A,مطعم ومطبخ فارس الفرسان,26.2844972,50.13306980000001,restaurant,3,151,OPERATIONAL,https://maps.google.com/?cid=N/A
N/A,مطاعم أرض البركة,26.2844508,50.1329718,restaurant,3.4,49,OPERATIONAL,https://maps.google.com/?cid=N/A
N/A,Al Rashid Mall,26.2908311,50.1805653,restaurant,4.3,50912,OPERATIONAL,https://maps.google.com/?cid=N/A
N/A,Mandi King Restaurant,26.2812475,50.1819547,restaurant,3.8,5200,OPERATIONAL,https://maps.google.com/?cid=N/A
N/A,Dar Mubarak,26.2837098,50.1810086,restaurant,4.5,4780,OPERATIONAL,https://maps.google.com/?cid=N/A
N/A,مطعم مورغي,26.278467,50.1831141,restaurant,4.2,277,OPERATIONAL,https://maps.google.com/?cid=N/A
N/A,McDonald's,26.290136,50.181503,restaurant,3.7,1726,OPERATIONAL,https://maps.google.com/?cid=N/A
N/A,مطعم فلافل الياسمين | Falafel Al Yasmeen,26.278585699999997,50.1852209,restaurant,4.5,1251,OPERATIONAL,https://maps.google.com/?cid=N/A
N/A,Domino's,26.294371599999998,50.1706371,restaurant,3.8,541,OPERATIONAL,https://maps.google.com/?cid=N/A
N/A,Karak and Chabati,26.2779715,50.1833563,restaurant,3.9,951,OPERATIONAL,https://maps.google.com/?cid=N/A
N/A,KFC,26.2898125,50.1809375,restaurant,3.5,315,OPERATIONAL,https://maps.google.com/?cid=N/A
N/A,Asmahan Restaurant,26.2905919,50.178427,restaurant,4.5,505,OPERATIONAL,https://maps.google.com/?cid=N/A
N/A,Barn's | بارنز,26.2935069,50.1720541,restaurant,4.1,55,OPERATIONAL,https://maps.google.com/?cid=N/A
N/A,Fuddruckers,26.2908311,50.1805653,restaurant,4.1,2449,OPERATIONAL,https://maps.google.com/?cid=N/A
N/A,مطعم الرواق الشعبي / الراشد مول,26.291059699999998,50.180273199999995,restaurant,4,769,OPERATIONAL,https://maps.google.com/?cid=N/A
N/A,Kudu - Venicia Mall,26.2870979,50.183746799999994,restaurant,4,358,OPERATIONAL,https://maps.google.com/?cid=N/A
N/A,Hardee’s,26.2903117,50.1805573,restaurant,4.1,410,OPERATIONAL,https://maps.google.com/?cid=N/A
N/A,AlRowad Restaurant,26.2791565,50.1856145,restaurant,4.3,291,OPERATIONAL,https://maps.google.com/?cid=N/A
N/A,Herfy,26.2867805,50.1842939,restaurant,3.7,500,OPERATIONAL,https://maps.google.com/?cid=N/A
N/A,La Casa Pasta,26.2918602,50.180953599999995,restaurant,4.2,264,OPERATIONAL,https://maps.google.com/?cid=N/A
N/A,Noodlez,26.289734,50.181078899999996,restaurant,4,590,OPERATIONAL,https://maps.google.com/?cid=N/A
N/A,بوفيه كرك ياسر,26.284305699999997,50.18445020000001,restaurant,4.2,123,OPERATIONAL,https://maps.google.com/?cid=N/A
N/A,Al Rashid Mall,26.2908311,50.1805653,restaurant,4.3,50912,OPERATIONAL,https://maps.google.com/?cid=N/A
N/A,الرومانسية -الخبر | Al romansiah,26.283026,50.201789999999995,restaurant,4,8523,OPERATIONAL,https://maps.google.com/?cid=N/A
N/A,Al Shallal Pastries,26.2910763,50.202858899999995,restaurant,4.4,7833,OPERATIONAL,https://maps.google.com/?cid=N/A
N/A,Shwaiat Al-Khalij,26.290148799999997,50.1941407,restaurant,4.2,4256,OPERATIONAL,https://maps.google.com/?cid=N/A
N/A,Ninar restaurant,26.2883845,50.1887743,restaurant,4.5,9607,OPERATIONAL,https://maps.google.com/?cid=N/A
N/A,Modawar,26.2961365,50.1915905,restaurant,4.2,1907,OPERATIONAL,https://maps.google.com/?cid=N/A
N/A,Madina Restaurant,26.288042299999997,50.188332599999995,restaurant,3.9,9057,OPERATIONAL,https://maps.google.com/?cid=N/A
N/A,Belad Al Sham Grills & Resturant,26.274692599999998,50.190011399999996,restaurant,4.2,6155,OPERATIONAL,https://maps.google.com/?cid=N/A
N/A,Mandi King Restaurant,26.2812475,50.1819547,restaurant,3.8,5200,OPERATIONAL,https://maps.google.com/?cid=N/A
N/A,Peshawari Kabab House,26.272206699999998,50.194554499999995,restaurant,4.2,5120,OPERATIONAL,https://maps.google.com/?cid=N/A
N/A,RAYG Restaurant,26.2768731,50.195347299999995,restaurant,4.2,2316,OPERATIONAL,https://maps.google.com/?cid=N/A
N/A,Fawwal Abu Azooz,26.2888535,50.1880004,restaurant,3.9,3462,OPERATIONAL,https://maps.google.com/?cid=N/A
N/A,Kufa,26.2800573,50.191848099999994,restaurant,4.1,2847,OPERATIONAL,https://maps.google.com/?cid=N/A
N/A,مطعم حارة ورد |فرع الخبر,26.2846974,50.196128300000005,restaurant,4.7,10269,OPERATIONAL,https://maps.google.com/?cid=N/A
N/A,Curry House,26.2833048,50.1922953,restaurant,4.2,924,OPERATIONAL,https://maps.google.com/?cid=N/A
N/A,ركن وردة - Rokn Warda,26.2922467,50.185113199999996,restaurant,4.5,2605,OPERATIONAL,https://maps.google.com/?cid=N/A
N/A,Dar Mubarak,26.2837098,50.1810086,restaurant,4.5,4780,OPERATIONAL,https://maps.google.com/?cid=N/A
N/A,Marboha Restauarnt,26.282135099999998,50.2017177,restaurant,4.8,7411,OPERATIONAL,https://maps.google.com/?cid=N/A
N/A,Shawatee alshawaya Restaurant,26.2895467,50.1920059,restaurant,4.2,4090,OPERATIONAL,https://maps.google.com/?cid=N/A
N/A,مطعم كماله kimalah restaurant,26.2811854,50.192626399999995,restaurant,4.2,3608,OPERATIONAL,https://maps.google.com/?cid=N/A
N/A,الرومانسية -الخبر | Al romansiah,26.283026,50.201789999999995,restaurant,4,8523,OPERATIONAL,https://maps.google.com/?cid=N/A
N/A,Mama Noura,26.2920753,50.220149,restaurant,4,2475,OPERATIONAL,https://maps.google.com/?cid=N/A
N/A,Al Shallal Pastries,26.2910763,50.202858899999995,restaurant,4.4,7833,OPERATIONAL,https://maps.google.com/?cid=N/A
N/A,Shajarat AlDurr,26.2933374,50.217887,restaurant,4.6,20328,OPERATIONAL,https://maps.google.com/?cid=N/A
N/A,Shawayyat AlKhaleej,26.2896321,50.2101543,restaurant,4.2,750,OPERATIONAL,https://maps.google.com/?cid=N/A
N/A,مطعم بكي,26.287230599999997,50.2119418,restaurant,4.1,4851,OPERATIONAL,https://maps.google.com/?cid=N/A
N/A,Palm Grove Restaurant,26.2771936,50.2121219,restaurant,3.9,1652,OPERATIONAL,https://maps.google.com/?cid=N/A
N/A,Al Marsah Seafood Restaurant,26.2886109,50.217419199999995,restaurant,4.1,9569,OPERATIONAL,https://maps.google.com/?cid=N/A
N/A,Kebba Khobar House,26.2895866,50.2117812,restaurant,4.4,1038,OPERATIONAL,https://maps.google.com/?cid=N/A
N/A,Waha Al Rehab Restaurant,26.2887602,50.2146128,restaurant,4.1,4341,OPERATIONAL,https://maps.google.com/?cid=N/A
N/A,Green Flag Restaurant,26.2864303,50.213176,restaurant,4.1,3457,OPERATIONAL,https://maps.google.com/?cid=N/A
N/A,The Cheesecake Factory,26.283033,50.219888999999995,restaurant,4.4,6731,OPERATIONAL,https://maps.google.com/?cid=N/A
N/A,مطعم العروبة,26.2881751,50.2076844,restaurant,4,1108,OPERATIONAL,https://maps.google.com/?cid=N/A
N/A,Hellenika,26.2818345,50.2220069,restaurant,4.3,1161,OPERATIONAL,https://maps.google.com/?cid=N/A
N/A,Macéo,26.282050599999998,50.2222717,restaurant,4.2,2892,OPERATIONAL,https://maps.google.com/?cid=N/A
N/A,مطعم ماما رباب للمأكولات البحرية,26.2953412,50.214615699999996,restaurant,4.4,5006,OPERATIONAL,https://maps.google.com/?cid=N/A
N/A,Salkara Family Restaurant,26.278311,50.203666899999995,restaurant,4,3257,OPERATIONAL,https://maps.google.com/?cid=N/A
N/A,مطعم حارة ورد |فرع الخبر,26.2846974,50.196128300000005,restaurant,4.7,10269,OPERATIONAL,https://maps.google.com/?cid=N/A
N/A,McDonald's,26.286029,50.22036800000001,restaurant,3.8,4616,OPERATIONAL,https://maps.google.com/?cid=N/A
N/A,McDonald's,26.294236,50.207408,restaurant,3.9,4012,OPERATIONAL,https://maps.google.com/?cid=N/A
N/A,Mama Noura,26.2920753,50.220149,restaurant,4,2475,OPERATIONAL,https://maps.google.com/?cid=N/A
N/A,Shajarat AlDurr,26.2933374,50.217887,restaurant,4.6,20328,OPERATIONAL,https://maps.google.com/?cid=N/A
N/A,Azmy,26.295335599999998,50.2184702,restaurant,4.5,2498,OPERATIONAL,https://maps.google.com/?cid=N/A
N/A,Off white,26.2929686,50.2228698,restaurant,4.4,13707,OPERATIONAL,https://maps.google.com/?cid=N/A
N/A,Dugheither Leisure Island,26.2724065,50.2206811,restaurant,4.4,3316,OPERATIONAL,https://maps.google.com/?cid=N/A
N/A,مطعم بكي,26.287230599999997,50.2119418,restaurant,4.1,4851,OPERATIONAL,https://maps.google.com/?cid=N/A
N/A,Al Marsah Seafood Restaurant,26.2886109,50.217419199999995,restaurant,4.1,9569,OPERATIONAL,https://maps.google.com/?cid=N/A
N/A,Sun Room Cafe & Restaurant,26.272147699999998,50.2211776,restaurant,3.7,4253,OPERATIONAL,https://maps.google.com/?cid=N/A
N/A,The Cheesecake Factory,26.283033,50.219888999999995,restaurant,4.4,6731,OPERATIONAL,https://maps.google.com/?cid=N/A
N/A,Waha Al Rehab Restaurant,26.2887602,50.2146128,restaurant,4.1,4341,OPERATIONAL,https://maps.google.com/?cid=N/A
N/A,Hellenika,26.2818345,50.2220069,restaurant,4.3,1161,OPERATIONAL,https://maps.google.com/?cid=N/A
N/A,Green Flag Restaurant,26.2864303,50.213176,restaurant,4.1,3457,OPERATIONAL,https://maps.google.com/?cid=N/A
N/A,Macéo,26.282050599999998,50.2222717,restaurant,4.2,2892,OPERATIONAL,https://maps.google.com/?cid=N/A
N/A,SULTAN LOUNGE & CAFE,26.2940795,50.2203355,restaurant,4,1221,OPERATIONAL,https://maps.google.com/?cid=N/A
N/A,Karam Beirut - Al Khobar,26.2723521,50.2211958,restaurant,4.2,6236,OPERATIONAL,https://maps.google.com/?cid=N/A
N/A,McDonald's,26.286029,50.22036800000001,restaurant,3.8,4616,OPERATIONAL,https://maps.google.com/?cid=N/A
N/A,NOZOMI Khobar,26.281831999999998,50.222160599999995,restaurant,4.4,1130,OPERATIONAL,https://maps.google.com/?cid=N/A
N/A,Beit Ward | بيت ورد,26.283312499999997,50.2193125,restaurant,4.6,2751,OPERATIONAL,https://maps.google.com/?cid=N/A
N/A,Abu Hilal Restaurants,26.286215799999997,50.2125177,restaurant,4.2,2446,OPERATIONAL,https://maps.google.com/?cid=N/A
N/A,Tea Time,26.2825825,50.217741399999994,restaurant,4.2,3094,OPERATIONAL,https://maps.google.com/?cid=N/A
N/A,ميز وحدات المنطقة والقاعدة,26.292811999999998,50.017777699999996,restaurant,4.3,4,OPERATIONAL,https://maps.google.com/?cid=N/A
N/A,Restaurant and Mandi Rehab,26.296407,50.034987699999995,restaurant,3.8,1725,OPERATIONAL,https://maps.google.com/?cid=N/A
N/A,ALKARAK,26.2958212,50.03428840000001,restaurant,3.9,649,OPERATIONAL,https://maps.google.com/?cid=N/A
N/A,مطعم أبو الطيب ( فرع جبرين) Abu Tayeb Restaurant ( branch of Gabrin),26.2950627,50.034230699999995,restaurant,3.8,427,OPERATIONAL,https://maps.google.com/?cid=N/A
N/A,Herfy,26.2949657,50.0346039,restaurant,2.8,264,OPERATIONAL,https://maps.google.com/?cid=N/A
N/A,كبدة عزام,26.295360700000003,50.0341051,restaurant,4.1,121,OPERATIONAL,https://maps.google.com/?cid=N/A
N/A,Barn's | بارنز,26.2954097,50.0356568,restaurant,3.6,26,OPERATIONAL,https://maps.google.com/?cid=N/A
N/A,البيتزا الحاره Pizza hot,26.2953886,50.0341117,restaurant,4.4,149,OPERATIONAL,https://maps.google.com/?cid=N/A
N/A,Wasam Buffet,26.2957172,50.034253199999995,restaurant,3.7,86,OPERATIONAL,https://maps.google.com/?cid=N/A
N/A,بخاري بالخمس,26.2950129,50.0344185,restaurant,3.8,48,OPERATIONAL,https://maps.google.com/?cid=N/A
N/A,فوال تمیس Breakfast Center,26.2953166,50.034098199999995,restaurant,3.7,48,OPERATIONAL,https://maps.google.com/?cid=N/A
N/A,ًءءء,26.3013825,50.026339199999995,restaurant,No rating,No reviews,OPERATIONAL,https://maps.google.com/?cid=N/A
N/A,Restaurant and Mandi Rehab,26.296407,50.034987699999995,restaurant,3.8,1725,OPERATIONAL,https://maps.google.com/?cid=N/A
N/A,ALKARAK,26.2958212,50.03428840000001,restaurant,3.9,649,OPERATIONAL,https://maps.google.com/?cid=N/A
N/A,مطعم أبو الطيب ( فرع جبرين) Abu Tayeb Restaurant ( branch of Gabrin),26.2950627,50.034230699999995,restaurant,3.8,427,OPERATIONAL,https://maps.google.com/?cid=N/A
N/A,Herfy,26.2949657,50.0346039,restaurant,2.8,264,OPERATIONAL,https://maps.google.com/?cid=N/A
N/A,كبدة عزام,26.295360700000003,50.0341051,restaurant,4.1,121,OPERATIONAL,https://maps.google.com/?cid=N/A
N/A,Barn's | بارنز,26.2954097,50.0356568,restaurant,3.6,26,OPERATIONAL,https://maps.google.com/?cid=N/A
N/A,البيتزا الحاره Pizza hot,26.2953886,50.0341117,restaurant,4.4,149,OPERATIONAL,https://maps.google.com/?cid=N/A
N/A,Wasam Buffet,26.2957172,50.034253199999995,restaurant,3.7,86,OPERATIONAL,https://maps.google.com/?cid=N/A
N/A,بخاري بالخمس,26.2950129,50.0344185,restaurant,3.8,48,OPERATIONAL,https://maps.google.com/?cid=N/A
N/A,فوال تمیس Breakfast Center,26.2953166,50.034098199999995,restaurant,3.7,48,OPERATIONAL,https://maps.google.com/?cid=N/A
N/A,Casapasta | كازاباستا,26.289813499999998,50.100793200000005,restaurant,4.5,137,OPERATIONAL,https://maps.google.com/?cid=N/A
N/A,The Club Club ذا كلوب كلوب,26.2897538,50.100772299999996,restaurant,4.3,60,OPERATIONAL,https://maps.google.com/?cid=N/A
N/A,Ronaldo’s Pizza رونالدوز بيتزا,26.289870099999998,50.100784999999995,restaurant,4.1,40,OPERATIONAL,https://maps.google.com/?cid=N/A
N/A,Dhahran Hills Snack Bar,26.2910605,50.1057303,restaurant,3.8,72,OPERATIONAL,https://maps.google.com/?cid=N/A
N/A,Jebel Heights Food Court,26.289821099999998,50.100757599999994,restaurant,3.7,7,OPERATIONAL,https://maps.google.com/?cid=N/A
N/A,فيلا ماماز Villamamas,26.2977109,50.107614999999996,restaurant,4,11,OPERATIONAL,https://maps.google.com/?cid=N/A
N/A,Dhahran Dining Hall,26.3082371,50.1289825,restaurant,3.9,1650,OPERATIONAL,https://maps.google.com/?cid=N/A
N/A,eat’sy Golf,26.3025023,50.1218702,restaurant,4,265,OPERATIONAL,https://maps.google.com/?cid=N/A
N/A,Tandoori House,26.3039249,50.1297697,restaurant,4,1381,OPERATIONAL,https://maps.google.com/?cid=N/A
N/A,Freshhouse فريش هاوس,26.3091004,50.12839100000001,restaurant,4.5,236,OPERATIONAL,https://maps.google.com/?cid=N/A
N/A,Subway,26.305258799999997,50.129315999999996,restaurant,4.4,112,OPERATIONAL,https://maps.google.com/?cid=N/A
N/A,Operation Falafel Aramco,26.308739799999998,50.129581900000005,restaurant,4.6,341,OPERATIONAL,https://maps.google.com/?cid=N/A
N/A,CHICO | تشيكو,26.3088506,50.1295439,restaurant,4,42,OPERATIONAL,https://maps.google.com/?cid=N/A
N/A,TAKE Steak Burger (Aramco Camp),26.308607499999997,50.1289375,restaurant,4.4,30,OPERATIONAL,https://maps.google.com/?cid=N/A
N/A,Saadeddin Pastry,26.309104299999998,50.128979799999996,restaurant,3.8,41,OPERATIONAL,https://maps.google.com/?cid=N/A
N/A,Lucas Pastaria -Aramco,26.3045933,50.1287253,restaurant,4.7,10,OPERATIONAL,https://maps.google.com/?cid=N/A
N/A,Zafi Chicken,26.3042201,50.129474699999996,restaurant,3.9,21,OPERATIONAL,https://maps.google.com/?cid=N/A
N/A,"Greens Restaurant ,Aramco Lulu",26.3089959,50.1285332,restaurant,5,1,OPERATIONAL,https://maps.google.com/?cid=N/A
N/A,فيلا ماماز Villamamas,26.2977109,50.107614999999996,restaurant,4,11,OPERATIONAL,https://maps.google.com/?cid=N/A
N/A,Cafeteria,26.305087500000003,50.1181406,restaurant,No rating,No reviews,OPERATIONAL,https://maps.google.com/?cid=N/A
N/A,Dhahran Dining Hall,26.3082371,50.1289825,restaurant,3.9,1650,OPERATIONAL,https://maps.google.com/?cid=N/A
N/A,eat’sy Golf,26.3025023,50.1218702,restaurant,4,265,OPERATIONAL,https://maps.google.com/?cid=N/A
N/A,Tandoori House,26.3039249,50.1297697,restaurant,4,1381,OPERATIONAL,https://maps.google.com/?cid=N/A
N/A,Kufa,26.3003292,50.1484667,restaurant,4.2,3233,OPERATIONAL,https://maps.google.com/?cid=N/A
N/A,Freshhouse فريش هاوس,26.3091004,50.12839100000001,restaurant,4.5,236,OPERATIONAL,https://maps.google.com/?cid=N/A
N/A,Subway,26.305258799999997,50.129315999999996,restaurant,4.4,112,OPERATIONAL,https://maps.google.com/?cid=N/A
N/A,Operation Falafel Aramco,26.308739799999998,50.129581900000005,restaurant,4.6,341,OPERATIONAL,https://maps.google.com/?cid=N/A
N/A,Students Restaurant,26.3104931,50.1446043,restaurant,3.9,860,OPERATIONAL,https://maps.google.com/?cid=N/A
N/A,Tim Hortons,26.309983300000003,50.1366531,restaurant,4.4,125,OPERATIONAL,https://maps.google.com/?cid=N/A
N/A,CHICO | تشيكو,26.3088506,50.1295439,restaurant,4,42,OPERATIONAL,https://maps.google.com/?cid=N/A
N/A,Freshhouse فريش هاوس,26.311577999999997,50.1362658,restaurant,4.4,57,OPERATIONAL,https://maps.google.com/?cid=N/A
N/A,TAKE Steak Burger (Aramco Camp),26.308607499999997,50.1289375,restaurant,4.4,30,OPERATIONAL,https://maps.google.com/?cid=N/A
N/A,Saadeddin Pastry,26.309104299999998,50.128979799999996,restaurant,3.8,41,OPERATIONAL,https://maps.google.com/?cid=N/A
N/A,Malama,26.3109887,50.1316888,restaurant,4.4,5,OPERATIONAL,https://maps.google.com/?cid=N/A
N/A,Pua Pua,26.300504099999998,50.1488063,restaurant,4.4,14,OPERATIONAL,https://maps.google.com/?cid=N/A
N/A,Lucas Pastaria -Aramco,26.3045933,50.1287253,restaurant,4.7,10,OPERATIONAL,https://maps.google.com/?cid=N/A
N/A,Zafi Chicken,26.3042201,50.129474699999996,restaurant,3.9,21,OPERATIONAL,https://maps.google.com/?cid=N/A
N/A,"Greens Restaurant ,Aramco Lulu",26.3089959,50.1285332,restaurant,5,1,OPERATIONAL,https://maps.google.com/?cid=N/A
N/A,مطعم شاشليك,26.300269999999998,50.148488,restaurant,4,84,OPERATIONAL,https://maps.google.com/?cid=N/A
N/A,Kufa,26.3003292,50.1484667,restaurant,4.2,3233,OPERATIONAL,https://maps.google.com/?cid=N/A
N/A,McDonald’s,26.314404,50.147499,restaurant,2.9,93,OPERATIONAL,https://maps.google.com/?cid=N/A
N/A,Students Restaurant,26.3104931,50.1446043,restaurant,3.9,860,OPERATIONAL,https://maps.google.com/?cid=N/A
N/A,Shatiraty,26.313814299999997,50.1477411,restaurant,4,176,OPERATIONAL,https://maps.google.com/?cid=N/A
N/A,منؤشة الريف,26.314077500000003,50.148084100000005,restaurant,3.9,246,OPERATIONAL,https://maps.google.com/?cid=N/A
N/A,The Crêpe Café,26.305667999999997,50.167887,restaurant,3.9,719,OPERATIONAL,https://maps.google.com/?cid=N/A
N/A,Noodlez,26.3034304,50.168658199999996,restaurant,4,158,OPERATIONAL,https://maps.google.com/?cid=N/A
N/A,Burger King - KFU,26.31411,50.14794,restaurant,3.6,183,OPERATIONAL,https://maps.google.com/?cid=N/A
N/A,Shawarma Guys,26.3139373,50.1476231,restaurant,3.8,265,OPERATIONAL,https://maps.google.com/?cid=N/A
N/A,Pua Pua,26.300504099999998,50.1488063,restaurant,4.4,14,OPERATIONAL,https://maps.google.com/?cid=N/A
N/A,مطعم شاشليك,26.300269999999998,50.148488,restaurant,4,84,OPERATIONAL,https://maps.google.com/?cid=N/A
N/A,New York Fries,26.3034304,50.168658199999996,restaurant,2.4,61,OPERATIONAL,https://maps.google.com/?cid=N/A
N/A,Al Jabal Restaurant,26.306490399999998,50.1447235,restaurant,4.7,7,OPERATIONAL,https://maps.google.com/?cid=N/A
N/A,Best Falafel,26.314024,50.147507,restaurant,3.2,108,OPERATIONAL,https://maps.google.com/?cid=N/A
N/A,مطعم الطالبات,26.3002887,50.148330599999994,restaurant,No rating,No reviews,OPERATIONAL,https://maps.google.com/?cid=N/A
N/A,Imza,26.3139093,50.1476965,restaurant,3.8,24,OPERATIONAL,https://maps.google.com/?cid=N/A
N/A,Bait Tunur,26.3003376,50.148296699999996,restaurant,4,5,OPERATIONAL,https://maps.google.com/?cid=N/A
N/A,لقمة زاد,26.3136472,50.148443,restaurant,3.2,23,OPERATIONAL,https://maps.google.com/?cid=N/A
N/A,Albaik,26.3088308,50.1738323,restaurant,3.7,1680,OPERATIONAL,https://maps.google.com/?cid=N/A
N/A,Parker's,26.307287799999997,50.1782967,restaurant,4,8824,OPERATIONAL,https://maps.google.com/?cid=N/A
N/A,BLANCA بلانكا,26.3059251,50.1832442,restaurant,4.5,4393,OPERATIONAL,https://maps.google.com/?cid=N/A
N/A,Zad al sultan,26.298194499999997,50.1799635,restaurant,4.5,1633,OPERATIONAL,https://maps.google.com/?cid=N/A
N/A,Al Rafidain,26.2992785,50.1755372,restaurant,4.5,2812,OPERATIONAL,https://maps.google.com/?cid=N/A
N/A,Naranj Damascus Restaurant,26.299179799999997,50.1808875,restaurant,4.2,6648,OPERATIONAL,https://maps.google.com/?cid=N/A
N/A,Fatte w Snobar,26.304639899999998,50.180399699999995,restaurant,4.2,15307,OPERATIONAL,https://maps.google.com/?cid=N/A
N/A,Burger Site,26.2991541,50.175814599999995,restaurant,4.3,7191,OPERATIONAL,https://maps.google.com/?cid=N/A
N/A,The Peak,26.307668999999997,50.1806854,restaurant,4.5,7562,OPERATIONAL,https://maps.google.com/?cid=N/A
N/A,Kokoro,26.3050826,50.1783032,restaurant,4.6,2242,OPERATIONAL,https://maps.google.com/?cid=N/A
N/A,PICKUP Burger,26.2981886,50.17803920000001,restaurant,4.6,1017,OPERATIONAL,https://maps.google.com/?cid=N/A
N/A,قصدير | Qasder,26.2990274,50.179080000000006,restaurant,4.2,661,OPERATIONAL,https://maps.google.com/?cid=N/A
N/A,Boofiya Omar,26.303219,50.1761646,restaurant,4.4,589,OPERATIONAL,https://maps.google.com/?cid=N/A
N/A,ILFIGO,26.305891,50.1836176,restaurant,4.1,2400,OPERATIONAL,https://maps.google.com/?cid=N/A
N/A,Public,26.3082444,50.1780493,restaurant,4.7,1677,OPERATIONAL,https://maps.google.com/?cid=N/A
N/A,كاس جبن,26.2988103,50.1792869,restaurant,4.4,948,OPERATIONAL,https://maps.google.com/?cid=N/A
N/A,مطعم بخاري نص سفري الخبر,26.2992754,50.1790671,restaurant,4.6,877,OPERATIONAL,https://maps.google.com/?cid=N/A
N/A,Farrouj Abu Alabed,26.2992347,50.179080199999994,restaurant,4,745,OPERATIONAL,https://maps.google.com/?cid=N/A
N/A,Parker's,26.307287799999997,50.1782967,restaurant,4,8824,OPERATIONAL,https://maps.google.com/?cid=N/A
N/A,Shwaiat Al-Khalij,26.290148799999997,50.1941407,restaurant,4.2,4256,OPERATIONAL,https://maps.google.com/?cid=N/A
N/A,BLANCA بلانكا,26.3059251,50.1832442,restaurant,4.5,4393,OPERATIONAL,https://maps.google.com/?cid=N/A
N/A,Modawar,26.2961365,50.1915905,restaurant,4.2,1907,OPERATIONAL,https://maps.google.com/?cid=N/A
N/A,Naranj Damascus Restaurant,26.299179799999997,50.1808875,restaurant,4.2,6648,OPERATIONAL,https://maps.google.com/?cid=N/A
N/A,Zad al sultan,26.298194499999997,50.1799635,restaurant,4.5,1633,OPERATIONAL,https://maps.google.com/?cid=N/A
N/A,Fatte w Snobar,26.304639899999998,50.180399699999995,restaurant,4.2,15307,OPERATIONAL,https://maps.google.com/?cid=N/A
N/A,McDonald's,26.305235,50.196318999999995,restaurant,3.8,3797,OPERATIONAL,https://maps.google.com/?cid=N/A
N/A,The Peak,26.307668999999997,50.1806854,restaurant,4.5,7562,OPERATIONAL,https://maps.google.com/?cid=N/A
N/A,And Salad,26.3030911,50.2017035,restaurant,4.3,2480,OPERATIONAL,https://maps.google.com/?cid=N/A
N/A,Kokoro,26.3050826,50.1783032,restaurant,4.6,2242,OPERATIONAL,https://maps.google.com/?cid=N/A
N/A,Burger Site,26.2991541,50.175814599999995,restaurant,4.3,7191,OPERATIONAL,https://maps.google.com/?cid=N/A
N/A,PICKUP Burger,26.2981886,50.17803920000001,restaurant,4.6,1017,OPERATIONAL,https://maps.google.com/?cid=N/A
N/A,قصدير | Qasder,26.2990274,50.179080000000006,restaurant,4.2,661,OPERATIONAL,https://maps.google.com/?cid=N/A
N/A,Boofiya Omar,26.303219,50.1761646,restaurant,4.4,589,OPERATIONAL,https://maps.google.com/?cid=N/A
N/A,ILFIGO,26.305891,50.1836176,restaurant,4.1,2400,OPERATIONAL,https://maps.google.com/?cid=N/A
N/A,Public,26.3082444,50.1780493,restaurant,4.7,1677,OPERATIONAL,https://maps.google.com/?cid=N/A
N/A,كاس جبن,26.2988103,50.1792869,restaurant,4.4,948,OPERATIONAL,https://maps.google.com/?cid=N/A
N/A,Wdh Tea,26.2986807,50.219212299999995,restaurant,4.3,1487,OPERATIONAL,https://maps.google.com/?cid=N/A
N/A,Shajarat AlDurr,26.2933374,50.217887,restaurant,4.6,20328,OPERATIONAL,https://maps.google.com/?cid=N/A
N/A,Al Shallal Pastries,26.2910763,50.202858899999995,restaurant,4.4,7833,OPERATIONAL,https://maps.google.com/?cid=N/A
N/A,Azmy,26.295335599999998,50.2184702,restaurant,4.5,2498,OPERATIONAL,https://maps.google.com/?cid=N/A
N/A,Belad Al-Sham,26.2971167,50.215826299999996,restaurant,4.3,8424,OPERATIONAL,https://maps.google.com/?cid=N/A
N/A,KOY & BAKERY HOUSE,26.3041815,50.21124770000001,restaurant,4.4,3017,OPERATIONAL,https://maps.google.com/?cid=N/A
N/A,The Pantry Restaurant,26.3090409,50.2148706,restaurant,4.4,3515,OPERATIONAL,https://maps.google.com/?cid=N/A
N/A,Sucre de Nada - سكر الندى,26.314968399999998,50.212457799999996,restaurant,4,931,OPERATIONAL,https://maps.google.com/?cid=N/A
N/A,Ayyash,26.2964827,50.218742999999996,restaurant,4.3,2514,OPERATIONAL,https://maps.google.com/?cid=N/A
N/A,Oi,26.3003454,50.2199405,restaurant,4,2339,OPERATIONAL,https://maps.google.com/?cid=N/A
N/A,Moma’s Garden,26.2994615,50.215795799999995,restaurant,4.7,1381,OPERATIONAL,https://maps.google.com/?cid=N/A
N/A,باست,26.297347499999997,50.214583499999996,restaurant,4.5,1097,OPERATIONAL,https://maps.google.com/?cid=N/A
N/A,OffTheEarth,26.3119351,50.2171357,restaurant,4.5,968,OPERATIONAL,https://maps.google.com/?cid=N/A
N/A,Sandwich Faqeer,26.312128700000002,50.21759360000001,restaurant,3.5,1451,OPERATIONAL,https://maps.google.com/?cid=N/A
N/A,Shawayyat AlKhaleej,26.2896321,50.2101543,restaurant,4.2,750,OPERATIONAL,https://maps.google.com/?cid=N/A
N/A,McDonald's,26.305235,50.196318999999995,restaurant,3.8,3797,OPERATIONAL,https://maps.google.com/?cid=N/A
N/A,And Salad,26.3030911,50.2017035,restaurant,4.3,2480,OPERATIONAL,https://maps.google.com/?cid=N/A
N/A,OMYO BURGER اوميو همبرجر,26.2987212,50.2101751,restaurant,4.5,863,OPERATIONAL,https://maps.google.com/?cid=N/A
N/A,Damascus Gate Restaurant,26.297071,50.215250999999995,restaurant,4.1,4147,OPERATIONAL,https://maps.google.com/?cid=N/A
N/A,Nakhat Alsharq,26.302198699999998,50.21111930000001,restaurant,4.1,3972,OPERATIONAL,https://maps.google.com/?cid=N/A
N/A,Mama Noura,26.2920753,50.220149,restaurant,4,2475,OPERATIONAL,https://maps.google.com/?cid=N/A
N/A,Wdh Tea,26.2986807,50.219212299999995,restaurant,4.3,1487,OPERATIONAL,https://maps.google.com/?cid=N/A
N/A,Shajarat AlDurr,26.2933374,50.217887,restaurant,4.6,20328,OPERATIONAL,https://maps.google.com/?cid=N/A
N/A,Azmy,26.295335599999998,50.2184702,restaurant,4.5,2498,OPERATIONAL,https://maps.google.com/?cid=N/A
N/A,PlCKUP Burger,26.3078981,50.2240548,restaurant,4.6,1978,OPERATIONAL,https://maps.google.com/?cid=N/A
N/A,Belad Al-Sham,26.2971167,50.215826299999996,restaurant,4.3,8424,OPERATIONAL,https://maps.google.com/?cid=N/A
N/A,Lumee,26.30706,50.225012199999995,restaurant,4.6,3324,OPERATIONAL,https://maps.google.com/?cid=N/A
N/A,Off white,26.2929686,50.2228698,restaurant,4.4,13707,OPERATIONAL,https://maps.google.com/?cid=N/A
N/A,The Pantry Restaurant,26.3090409,50.2148706,restaurant,4.4,3515,OPERATIONAL,https://maps.google.com/?cid=N/A
N/A,Ayyash,26.2964827,50.218742999999996,restaurant,4.3,2514,OPERATIONAL,https://maps.google.com/?cid=N/A
N/A,Oi,26.3003454,50.2199405,restaurant,4,2339,OPERATIONAL,https://maps.google.com/?cid=N/A
N/A,Moma’s Garden,26.2994615,50.215795799999995,restaurant,4.7,1381,OPERATIONAL,https://maps.google.com/?cid=N/A
N/A,OffTheEarth,26.3119351,50.2171357,restaurant,4.5,968,OPERATIONAL,https://maps.google.com/?cid=N/A
N/A,Sandwich Faqeer,26.312128700000002,50.21759360000001,restaurant,3.5,1451,OPERATIONAL,https://maps.google.com/?cid=N/A
N/A,باست,26.297347499999997,50.214583499999996,restaurant,4.5,1097,OPERATIONAL,https://maps.google.com/?cid=N/A
N/A,Wahmy Burger,26.304724399999998,50.2233204,restaurant,4.4,3170,OPERATIONAL,https://maps.google.com/?cid=N/A
N/A,Swiss Butter - Corniche Park,26.3072859,50.2249457,restaurant,4.6,2048,OPERATIONAL,https://maps.google.com/?cid=N/A
N/A,ARCHI,26.309453599999998,50.222403199999995,restaurant,4,1415,OPERATIONAL,https://maps.google.com/?cid=N/A
N/A,La Gioia Restaurant | مطعم لاجويا,26.309310099999998,50.2210517,restaurant,4.2,1259,OPERATIONAL,https://maps.google.com/?cid=N/A
N/A,بوفية راس السعادة,26.3305533,49.982676,restaurant,3.9,40,OPERATIONAL,https://maps.google.com/?cid=N/A
N/A,النكهة المفحمة (شاورما ومعجنات),26.3306608,49.9827843,restaurant,3.3,21,OPERATIONAL,https://maps.google.com/?cid=N/A
N/A,بوفية راس السعادة,26.3305533,49.982676,restaurant,3.9,40,OPERATIONAL,https://maps.google.com/?cid=N/A
N/A,Nouf food truck,26.321590999999998,49.9920295,restaurant,4.9,8,OPERATIONAL,https://maps.google.com/?cid=N/A
N/A,النكهة المفحمة (شاورما ومعجنات),26.3306608,49.9827843,restaurant,3.3,21,OPERATIONAL,https://maps.google.com/?cid=N/A
N/A,مطعم المضغوط الماسي,26.3292747,50.004177899999995,restaurant,4,211,OPERATIONAL,https://maps.google.com/?cid=N/A
N/A,مطعم فجر الشام,26.329400999999997,50.0044975,restaurant,3.9,248,OPERATIONAL,https://maps.google.com/?cid=N/A
N/A,بروستد ركن الدوك,26.3292861,50.0042383,restaurant,4.3,110,OPERATIONAL,https://maps.google.com/?cid=N/A
N/A,مناقيش وفلافل العروبة لتقديم الوجبات,26.333384799999997,50.0099192,restaurant,4.4,65,OPERATIONAL,https://maps.google.com/?cid=N/A
N/A,مطعم برندة الخليج,26.333298199999998,50.010160199999994,restaurant,4.3,36,OPERATIONAL,https://maps.google.com/?cid=N/A
N/A,مطاعم موج الشرقية البخاري,26.3333075,50.0095611,restaurant,3.2,61,OPERATIONAL,https://maps.google.com/?cid=N/A
N/A,Tim Hortons,26.3209034,50.021542399999994,restaurant,4.2,91,OPERATIONAL,https://maps.google.com/?cid=N/A
N/A,فوال نور الصباح,26.3329362,50.0091422,restaurant,3,43,OPERATIONAL,https://maps.google.com/?cid=N/A
N/A,مطعم ملتقى الأسطوره للاكلات الشعبية,26.329272,50.004578599999995,restaurant,4.1,31,OPERATIONAL,https://maps.google.com/?cid=N/A
N/A,Hospital Restaurant,26.3216058,50.021766199999995,restaurant,3.5,19,OPERATIONAL,https://maps.google.com/?cid=N/A
N/A,كاسبن Kasbon,26.3210339,50.0222064,restaurant,2.5,28,OPERATIONAL,https://maps.google.com/?cid=N/A
N/A,بوفيه أنوار دمشق للفلافل وعصائر,26.3319771,50.0023394,restaurant,4.5,30,OPERATIONAL,https://maps.google.com/?cid=N/A
N/A,Anjar Restaurant مطعم عنجر للمعجنات والشاورما,26.321659800000003,50.0186865,restaurant,3.8,20,OPERATIONAL,https://maps.google.com/?cid=N/A
N/A,الميز,26.3232932,50.019751199999995,restaurant,3.2,20,OPERATIONAL,https://maps.google.com/?cid=N/A
N/A,مطعم فرن الشباب البخاري,26.331862200000003,50.0024194,restaurant,2.6,28,OPERATIONAL,https://maps.google.com/?cid=N/A
N/A,مطعم ملوح ومعصوب,26.3333589,50.0099437,restaurant,4.4,25,OPERATIONAL,https://maps.google.com/?cid=N/A
N/A,Mess Hall - صالة الطعام,26.323218800000003,50.0151744,restaurant,5,1,OPERATIONAL,https://maps.google.com/?cid=N/A
N/A,بلوفات 2 BLUFAT,26.3213021,50.01825900000001,restaurant,No rating,No reviews,OPERATIONAL,https://maps.google.com/?cid=N/A
N/A,Tim Hortons,26.3209034,50.021542399999994,restaurant,4.2,91,OPERATIONAL,https://maps.google.com/?cid=N/A
N/A,Hospital Restaurant,26.3216058,50.021766199999995,restaurant,3.5,19,OPERATIONAL,https://maps.google.com/?cid=N/A
N/A,كاسبن Kasbon,26.3210339,50.0222064,restaurant,2.5,28,OPERATIONAL,https://maps.google.com/?cid=N/A
N/A,Anjar Restaurant مطعم عنجر للمعجنات والشاورما,26.321659800000003,50.0186865,restaurant,3.8,20,OPERATIONAL,https://maps.google.com/?cid=N/A
N/A,الميز,26.3232932,50.019751199999995,restaurant,3.2,20,OPERATIONAL,https://maps.google.com/?cid=N/A
N/A,Mess Hall - صالة الطعام,26.323218800000003,50.0151744,restaurant,5,1,OPERATIONAL,https://maps.google.com/?cid=N/A
N/A,بلوفات 2 BLUFAT,26.3213021,50.01825900000001,restaurant,No rating,No reviews,OPERATIONAL,https://maps.google.com/?cid=N/A
N/A,باست ارامكو,26.327547799999998,50.109365999999994,restaurant,5,1,OPERATIONAL,https://maps.google.com/?cid=N/A
N/A,Abo Azoz بوعزوز,26.3159286,50.131614,restaurant,3.1,49,OPERATIONAL,https://maps.google.com/?cid=N/A
N/A,Munirah Dining Hall,26.316127599999998,50.129307999999995,restaurant,3,4,OPERATIONAL,https://maps.google.com/?cid=N/A
N/A,سلم ان لايت Slim ‘n Lite,26.315451799999998,50.1315606,restaurant,5,16,OPERATIONAL,https://maps.google.com/?cid=N/A
N/A,واحد فلافل المنيرة Wahed Falafel Muneera,26.315842999999997,50.1316499,restaurant,4.6,25,OPERATIONAL,https://maps.google.com/?cid=N/A
N/A,Blue Zone,26.316223400000002,50.1193235,restaurant,4,2,OPERATIONAL,https://maps.google.com/?cid=N/A
N/A,باست ارامكو,26.327547799999998,50.109365999999994,restaurant,5,1,OPERATIONAL,https://maps.google.com/?cid=N/A
N/A,McDonald’s,26.314404,50.147499,restaurant,2.9,93,OPERATIONAL,https://maps.google.com/?cid=N/A
N/A,Operation Falafel Aramco,26.308739799999998,50.129581900000005,restaurant,4.6,341,OPERATIONAL,https://maps.google.com/?cid=N/A
N/A,Students Restaurant,26.3104931,50.1446043,restaurant,3.9,860,OPERATIONAL,https://maps.google.com/?cid=N/A
N/A,Tim Hortons,26.309983300000003,50.1366531,restaurant,4.4,125,OPERATIONAL,https://maps.google.com/?cid=N/A
N/A,CHICO | تشيكو,26.3088506,50.1295439,restaurant,4,42,OPERATIONAL,https://maps.google.com/?cid=N/A
N/A,Freshhouse فريش هاوس,26.311577999999997,50.1362658,restaurant,4.4,57,OPERATIONAL,https://maps.google.com/?cid=N/A
N/A,Abo Azoz بوعزوز,26.3159286,50.131614,restaurant,3.1,49,OPERATIONAL,https://maps.google.com/?cid=N/A
N/A,Shatiraty,26.313814299999997,50.1477411,restaurant,4,176,OPERATIONAL,https://maps.google.com/?cid=N/A
N/A,منؤشة الريف,26.314077500000003,50.148084100000005,restaurant,3.9,246,OPERATIONAL,https://maps.google.com/?cid=N/A
N/A,Burger King - KFU,26.31411,50.14794,restaurant,3.6,183,OPERATIONAL,https://maps.google.com/?cid=N/A
N/A,Shawarma Guys,26.3139373,50.1476231,restaurant,3.8,265,OPERATIONAL,https://maps.google.com/?cid=N/A
N/A,Saadeddin Pastry,26.309104299999998,50.128979799999996,restaurant,3.8,41,OPERATIONAL,https://maps.google.com/?cid=N/A
N/A,Malama,26.3109887,50.1316888,restaurant,4.4,5,OPERATIONAL,https://maps.google.com/?cid=N/A
N/A,Munirah Dining Hall,26.316127599999998,50.129307999999995,restaurant,3,4,OPERATIONAL,https://maps.google.com/?cid=N/A
N/A,Aramco's Dining Hall,26.328165,50.138017999999995,restaurant,4,4,OPERATIONAL,https://maps.google.com/?cid=N/A
N/A,سلم ان لايت Slim ‘n Lite,26.315451799999998,50.1315606,restaurant,5,16,OPERATIONAL,https://maps.google.com/?cid=N/A
N/A,Best Falafel,26.314024,50.147507,restaurant,3.2,108,OPERATIONAL,https://maps.google.com/?cid=N/A
N/A,واحد فلافل المنيرة Wahed Falafel Muneera,26.315842999999997,50.1316499,restaurant,4.6,25,OPERATIONAL,https://maps.google.com/?cid=N/A
N/A,Rayg,26.323335099999998,50.1618637,restaurant,4.1,3922,OPERATIONAL,https://maps.google.com/?cid=N/A
N/A,Mozon Restaurant,26.323583199999998,50.1634999,restaurant,3.9,4458,OPERATIONAL,https://maps.google.com/?cid=N/A
N/A,McDonald's,26.33201,50.151145,restaurant,3.8,4272,OPERATIONAL,https://maps.google.com/?cid=N/A
N/A,Goat Diner,26.331380799999998,50.1618614,restaurant,4.3,2536,OPERATIONAL,https://maps.google.com/?cid=N/A
N/A,بخاري روشاز,26.322230299999998,50.1570198,restaurant,4.3,704,OPERATIONAL,https://maps.google.com/?cid=N/A
N/A,Medar Gulf Seafood,26.325449700000004,50.1665662,restaurant,4.1,2408,OPERATIONAL,https://maps.google.com/?cid=N/A
N/A,Falafel Dam,26.3224435,50.155479299999996,restaurant,3.7,778,OPERATIONAL,https://maps.google.com/?cid=N/A
N/A,Makbous Express,26.3232213,50.160258999999996,restaurant,4,2484,OPERATIONAL,https://maps.google.com/?cid=N/A
N/A,Al Jeddawi Restaurant,26.3234909,50.162791299999995,restaurant,3.9,2580,OPERATIONAL,https://maps.google.com/?cid=N/A
N/A,Shabab Albukhari Restaurant,26.3229544,50.1620875,restaurant,4.1,907,OPERATIONAL,https://maps.google.com/?cid=N/A
N/A,Burger King - Doha,26.330621999999998,50.163213,restaurant,4,1188,OPERATIONAL,https://maps.google.com/?cid=N/A
N/A,60 Grams,26.3314359,50.162262999999996,restaurant,4.6,606,OPERATIONAL,https://maps.google.com/?cid=N/A
N/A,Moalem Alshami Barbecue,26.322893800000003,50.1588183,restaurant,4.2,609,OPERATIONAL,https://maps.google.com/?cid=N/A
N/A,برغرايززر | Burgerizzr,26.322488,50.155812,restaurant,4.3,1024,OPERATIONAL,https://maps.google.com/?cid=N/A
N/A,Manoosha Alreef,26.322222800000002,50.1568149,restaurant,4.1,1332,OPERATIONAL,https://maps.google.com/?cid=N/A
N/A,Kudu - Doha Center,26.323722099999998,50.1648165,restaurant,3.7,1218,OPERATIONAL,https://maps.google.com/?cid=N/A
N/A,هندسة المعصوب,26.3266152,50.1670899,restaurant,4.6,1013,OPERATIONAL,https://maps.google.com/?cid=N/A
N/A,Lahza,26.3232352,50.1612021,restaurant,4.1,291,OPERATIONAL,https://maps.google.com/?cid=N/A
N/A,Eastern Wall Restaurant | 达曼中餐馆 مطعم السور الشرقي,26.333299099999998,50.149716299999994,restaurant,4.1,417,OPERATIONAL,https://maps.google.com/?cid=N/A
N/A,Villaggio Restaurants Village,26.3279391,50.179853699999995,restaurant,4.4,9231,OPERATIONAL,https://maps.google.com/?cid=N/A
N/A,Albaik,26.3088308,50.1738323,restaurant,3.7,1680,OPERATIONAL,https://maps.google.com/?cid=N/A
N/A,Rayg,26.323335099999998,50.1618637,restaurant,4.1,3922,OPERATIONAL,https://maps.google.com/?cid=N/A
N/A,Mozon Restaurant,26.323583199999998,50.1634999,restaurant,3.9,4458,OPERATIONAL,https://maps.google.com/?cid=N/A
N/A,Public,26.3082444,50.1780493,restaurant,4.7,1677,OPERATIONAL,https://maps.google.com/?cid=N/A
N/A,Applebee's,26.3103874,50.168752,restaurant,4.2,2122,OPERATIONAL,https://maps.google.com/?cid=N/A
N/A,Medar Gulf Seafood,26.325449700000004,50.1665662,restaurant,4.1,2408,OPERATIONAL,https://maps.google.com/?cid=N/A
N/A,Makbous Express,26.3232213,50.160258999999996,restaurant,4,2484,OPERATIONAL,https://maps.google.com/?cid=N/A
N/A,Al Jeddawi Restaurant,26.3234909,50.162791299999995,restaurant,3.9,2580,OPERATIONAL,https://maps.google.com/?cid=N/A
N/A,Queen of India,26.3281733,50.1800457,restaurant,4.2,3307,OPERATIONAL,https://maps.google.com/?cid=N/A
N/A,Shabab Albukhari Restaurant,26.3229544,50.1620875,restaurant,4.1,907,OPERATIONAL,https://maps.google.com/?cid=N/A
N/A,IKEA Restaurant,26.3097799,50.1680257,restaurant,4.1,3130,OPERATIONAL,https://maps.google.com/?cid=N/A
N/A,Thermo Steakhouse,26.3281094,50.1798352,restaurant,4.4,2298,OPERATIONAL,https://maps.google.com/?cid=N/A
N/A,Barn's | بارنز,26.3227222,50.1797506,restaurant,4.3,702,OPERATIONAL,https://maps.google.com/?cid=N/A
N/A,Burger King - Doha,26.330621999999998,50.163213,restaurant,4,1188,OPERATIONAL,https://maps.google.com/?cid=N/A
N/A,Moalem Alshami Barbecue,26.322893800000003,50.1588183,restaurant,4.2,609,OPERATIONAL,https://maps.google.com/?cid=N/A
N/A,هندسة المعصوب,26.3266152,50.1670899,restaurant,4.6,1013,OPERATIONAL,https://maps.google.com/?cid=N/A
N/A,Kudu - Doha Center,26.323722099999998,50.1648165,restaurant,3.7,1218,OPERATIONAL,https://maps.google.com/?cid=N/A
N/A,Lahza,26.3232352,50.1612021,restaurant,4.1,291,OPERATIONAL,https://maps.google.com/?cid=N/A
N/A,Villaggio Restaurants Village,26.3279391,50.179853699999995,restaurant,4.4,9231,OPERATIONAL,https://maps.google.com/?cid=N/A
N/A,Urth Caffe,26.3174247,50.203582,restaurant,4.2,3132,OPERATIONAL,https://maps.google.com/?cid=N/A
N/A,San Carlo Cicchetti - سان كارلو,26.317356999999998,50.2038298,restaurant,4,1827,OPERATIONAL,https://maps.google.com/?cid=N/A
N/A,Aghatti Restaurant,26.3181527,50.2034148,restaurant,4.4,3204,OPERATIONAL,https://maps.google.com/?cid=N/A
N/A,Doro Pizzeria,26.3169984,50.2034685,restaurant,4,1956,OPERATIONAL,https://maps.google.com/?cid=N/A
N/A,Evoo,26.3175785,50.204001,restaurant,4.2,2183,OPERATIONAL,https://maps.google.com/?cid=N/A
N/A,OVVIO,26.3183859,50.194120999999996,restaurant,4.4,127,OPERATIONAL,https://maps.google.com/?cid=N/A
N/A,Meat at Tony's,26.3167648,50.203629799999995,restaurant,4,1081,OPERATIONAL,https://maps.google.com/?cid=N/A
N/A,Queen of India,26.3281733,50.1800457,restaurant,4.2,3307,OPERATIONAL,https://maps.google.com/?cid=N/A
N/A,HOUSE OF AGAPI,26.3177053,50.203983699999995,restaurant,4.7,1872,OPERATIONAL,https://maps.google.com/?cid=N/A
N/A,Thermo Steakhouse,26.3281094,50.1798352,restaurant,4.4,2298,OPERATIONAL,https://maps.google.com/?cid=N/A
N/A,Barn's | بارنز,26.3227222,50.1797506,restaurant,4.3,702,OPERATIONAL,https://maps.google.com/?cid=N/A
N/A,Pikniq,26.317961,50.2039049,restaurant,4.5,3106,OPERATIONAL,https://maps.google.com/?cid=N/A
N/A,Caesar 7,26.328836499999998,50.1807881,restaurant,4.8,474,OPERATIONAL,https://maps.google.com/?cid=N/A
N/A,Crazy Pizza,26.328431199999997,50.1819346,restaurant,4.6,610,OPERATIONAL,https://maps.google.com/?cid=N/A
N/A,Daskalides Chocolatier,26.3176924,50.2036308,restaurant,4.3,1064,OPERATIONAL,https://maps.google.com/?cid=N/A
N/A,Puro Salad,26.3183392,50.1941373,restaurant,4.6,119,OPERATIONAL,https://maps.google.com/?cid=N/A
N/A,Set Kafa,26.3281071,50.180371799999996,restaurant,3.7,1004,OPERATIONAL,https://maps.google.com/?cid=N/A
N/A,هارديز,26.3240215,50.1798295,restaurant,4,214,OPERATIONAL,https://maps.google.com/?cid=N/A
N/A,مشويات فلامنجو1|Flamingo Restaurant 1,26.3166875,50.203937499999995,restaurant,3.7,43,OPERATIONAL,https://maps.google.com/?cid=N/A
N/A,Urth Caffe,26.3174247,50.203582,restaurant,4.2,3132,OPERATIONAL,https://maps.google.com/?cid=N/A
N/A,مقهى ومحمصة اودن | OUDEN,26.321353799999997,50.2216774,restaurant,4.3,1397,OPERATIONAL,https://maps.google.com/?cid=N/A
N/A,Sucre de Nada - سكر الندى,26.314968399999998,50.212457799999996,restaurant,4,931,OPERATIONAL,https://maps.google.com/?cid=N/A
N/A,The Pantry Restaurant,26.3090409,50.2148706,restaurant,4.4,3515,OPERATIONAL,https://maps.google.com/?cid=N/A
N/A,Tazaj,26.3185802,50.223019699999995,restaurant,3.5,1051,OPERATIONAL,https://maps.google.com/?cid=N/A
N/A,OffTheEarth,26.3119351,50.2171357,restaurant,4.5,968,OPERATIONAL,https://maps.google.com/?cid=N/A
N/A,Sandwich Faqeer,26.312128700000002,50.21759360000001,restaurant,3.5,1451,OPERATIONAL,https://maps.google.com/?cid=N/A
N/A,San Carlo Cicchetti - سان كارلو,26.317356999999998,50.2038298,restaurant,4,1827,OPERATIONAL,https://maps.google.com/?cid=N/A
N/A,Meat Moot Khobar,26.321809800000004,50.221050299999995,restaurant,4.7,2395,OPERATIONAL,https://maps.google.com/?cid=N/A
N/A,مطعم بيراديز الهندي Peradiz Indian Restaurant,26.3196707,50.221830999999995,restaurant,4.8,3014,OPERATIONAL,https://maps.google.com/?cid=N/A
N/A,Aghatti Restaurant,26.3181527,50.2034148,restaurant,4.4,3204,OPERATIONAL,https://maps.google.com/?cid=N/A
N/A,Takara Restaurant ® مطعم تاكارا,26.321277,50.2200522,restaurant,4.7,4808,OPERATIONAL,https://maps.google.com/?cid=N/A
N/A,Doro Pizzeria,26.3169984,50.2034685,restaurant,4,1956,OPERATIONAL,https://maps.google.com/?cid=N/A
N/A,McDonald's,26.329109,50.213575999999996,restaurant,3.9,2734,OPERATIONAL,https://maps.google.com/?cid=N/A
N/A,Fattah & Snober Restaurant,26.3200118,50.222648199999995,restaurant,4.4,4664,OPERATIONAL,https://maps.google.com/?cid=N/A
N/A,Evoo,26.3175785,50.204001,restaurant,4.2,2183,OPERATIONAL,https://maps.google.com/?cid=N/A
N/A,Umbrella restaurant - Alkhobar,26.3194178,50.221860899999996,restaurant,4.6,903,OPERATIONAL,https://maps.google.com/?cid=N/A
N/A,Meat at Tony's,26.3167648,50.203629799999995,restaurant,4,1081,OPERATIONAL,https://maps.google.com/?cid=N/A
N/A,Seven,26.3264377,50.2127401,restaurant,4.2,3212,OPERATIONAL,https://maps.google.com/?cid=N/A
N/A,OVVIO,26.3183859,50.194120999999996,restaurant,4.4,127,OPERATIONAL,https://maps.google.com/?cid=N/A
N/A,مقهى ومحمصة اودن | OUDEN,26.321353799999997,50.2216774,restaurant,4.3,1397,OPERATIONAL,https://maps.google.com/?cid=N/A
N/A,PlCKUP Burger,26.3078981,50.2240548,restaurant,4.6,1978,OPERATIONAL,https://maps.google.com/?cid=N/A
N/A,Tazaj,26.3185802,50.223019699999995,restaurant,3.5,1051,OPERATIONAL,https://maps.google.com/?cid=N/A
N/A,Sandwich Faqeer,26.312128700000002,50.21759360000001,restaurant,3.5,1451,OPERATIONAL,https://maps.google.com/?cid=N/A
N/A,OffTheEarth,26.3119351,50.2171357,restaurant,4.5,968,OPERATIONAL,https://maps.google.com/?cid=N/A
N/A,ARCHI,26.309453599999998,50.222403199999995,restaurant,4,1415,OPERATIONAL,https://maps.google.com/?cid=N/A
N/A,Swiss Butter - Corniche Park,26.3072859,50.2249457,restaurant,4.6,2048,OPERATIONAL,https://maps.google.com/?cid=N/A
N/A,مطعم بيراديز الهندي Peradiz Indian Restaurant,26.3196707,50.221830999999995,restaurant,4.8,3014,OPERATIONAL,https://maps.google.com/?cid=N/A
N/A,Meat Moot Khobar,26.321809800000004,50.221050299999995,restaurant,4.7,2395,OPERATIONAL,https://maps.google.com/?cid=N/A
N/A,AL DENTE,26.316677499999997,50.2230284,restaurant,4.5,2385,OPERATIONAL,https://maps.google.com/?cid=N/A
N/A,La Gioia Restaurant | مطعم لاجويا,26.309310099999998,50.2210517,restaurant,4.2,1259,OPERATIONAL,https://maps.google.com/?cid=N/A
N/A,Fatto,26.3072794,50.2250488,restaurant,4.6,4527,OPERATIONAL,https://maps.google.com/?cid=N/A
N/A,Burger Site,26.3076672,50.224112999999996,restaurant,4.6,2193,OPERATIONAL,https://maps.google.com/?cid=N/A
N/A,Takara Restaurant ® مطعم تاكارا,26.321277,50.2200522,restaurant,4.7,4808,OPERATIONAL,https://maps.google.com/?cid=N/A
N/A,Doka Bakery House Al Khobar دوكة الخبر,26.3103448,50.2242349,restaurant,4.5,1854,OPERATIONAL,https://maps.google.com/?cid=N/A
N/A,مقهى و محمصة وودز | WOODS Specialty Café & Roastery‎,26.3130416,50.22370480000001,restaurant,4.4,3168,OPERATIONAL,https://maps.google.com/?cid=N/A
N/A,Fattah & Snober Restaurant,26.3200118,50.222648199999995,restaurant,4.4,4664,OPERATIONAL,https://maps.google.com/?cid=N/A
N/A,Umbrella restaurant - Alkhobar,26.3194178,50.221860899999996,restaurant,4.6,903,OPERATIONAL,https://maps.google.com/?cid=N/A
N/A,دار مبارك للمأكولات البحرية والخليجية,26.309455999999997,50.222195299999996,restaurant,4.4,2451,OPERATIONAL,https://maps.google.com/?cid=N/A
N/A,Addict,26.3078261,50.2240885,restaurant,4.4,2145,OPERATIONAL,https://maps.google.com/?cid=N/A
N/A,AlBaik,26.341866999999997,49.97018,restaurant,3.5,2251,OPERATIONAL,https://maps.google.com/?cid=N/A
N/A,McDonald's,26.34987,49.969378,restaurant,3.4,593,OPERATIONAL,https://maps.google.com/?cid=N/A
N/A,KFC,26.3425184,49.9712521,restaurant,4.4,1145,OPERATIONAL,https://maps.google.com/?cid=N/A
N/A,بوفيه بترو سحاب,26.342366799999997,49.970688499999994,restaurant,3.7,145,OPERATIONAL,https://maps.google.com/?cid=N/A
N/A,Domino's Pizza,26.342435299999998,49.9708706,restaurant,3.8,124,OPERATIONAL,https://maps.google.com/?cid=N/A
N/A,Shawarmer | شاورمر,26.342041599999998,49.9699957,restaurant,4.4,628,OPERATIONAL,https://maps.google.com/?cid=N/A
N/A,جباتي وكرك,26.3419848,49.971340299999994,restaurant,3.1,156,OPERATIONAL,https://maps.google.com/?cid=N/A
N/A,مطبخ ومطعم ديار العز,26.3510216,49.9692034,restaurant,4.2,347,OPERATIONAL,https://maps.google.com/?cid=N/A
N/A,Subway,26.3422156,49.970304299999995,restaurant,3.3,63,OPERATIONAL,https://maps.google.com/?cid=N/A
N/A,فوال شعبيات الأفراح,26.346343899999997,49.970518299999995,restaurant,3.9,137,OPERATIONAL,https://maps.google.com/?cid=N/A
N/A,Hala Al Hadiya Restaurant,26.343082400000004,49.970800100000005,restaurant,3.9,87,OPERATIONAL,https://maps.google.com/?cid=N/A
N/A,Qasr Al Ratem - مطعم قصر الرتم,26.3424494,49.971058199999995,restaurant,4.4,106,OPERATIONAL,https://maps.google.com/?cid=N/A
N/A,بوفية شرق الفرسان,26.347468499999998,49.970238599999995,restaurant,4.4,31,OPERATIONAL,https://maps.google.com/?cid=N/A
N/A,ورق عنب الشرقيه,26.348070699999997,49.97006270000001,restaurant,4.5,16,OPERATIONAL,https://maps.google.com/?cid=N/A
N/A,La bamba bubbles Manila. مطعم بطاطس بليله,26.3325131,49.9827964,restaurant,5,5,OPERATIONAL,https://maps.google.com/?cid=N/A
N/A,بوفية راس السعادة,26.3305533,49.982676,restaurant,3.9,40,OPERATIONAL,https://maps.google.com/?cid=N/A
N/A,بوفية مير الشرق,26.3505489,49.969043000000006,restaurant,4.2,10,OPERATIONAL,https://maps.google.com/?cid=N/A
N/A,النكهة المفحمة (شاورما ومعجنات),26.3306608,49.9827843,restaurant,3.3,21,OPERATIONAL,https://maps.google.com/?cid=N/A
N/A,اكسورات جولات,26.341825,49.966887199999995,restaurant,4.7,3,OPERATIONAL,https://maps.google.com/?cid=N/A
N/A,شوي خارجي شيف عماد ابو عامر السوري,26.3426393,49.9671198,restaurant,4.3,3,OPERATIONAL,https://maps.google.com/?cid=N/A
N/A,McDonald's,26.343225,50.000093,restaurant,3.5,426,OPERATIONAL,https://maps.google.com/?cid=N/A
N/A,Golden Grill Restaurant,26.3359375,50.0000625,restaurant,3.8,904,OPERATIONAL,https://maps.google.com/?cid=N/A
N/A,Kudu - Dammam - Tamimi Complex,26.3425579,49.995624,restaurant,3.9,287,OPERATIONAL,https://maps.google.com/?cid=N/A
N/A,بوفية تسالي الاسطوره,26.3479459,49.999281599999996,restaurant,3.7,65,OPERATIONAL,https://maps.google.com/?cid=N/A
N/A,مطعم نخبه المشاوي لتقديم الوجبات,26.340789599999997,49.996598000000006,restaurant,4.2,114,OPERATIONAL,https://maps.google.com/?cid=N/A
N/A,بيتزا فطيرة واي,26.336192999999998,49.9999306,restaurant,4.2,99,OPERATIONAL,https://maps.google.com/?cid=N/A
N/A,مطعم البوادي للأكلات الشعبية,26.3361654,50.0000849,restaurant,3.8,85,OPERATIONAL,https://maps.google.com/?cid=N/A
N/A,مطعم سكبة الثانية,26.3409203,49.9964636,restaurant,4.5,94,OPERATIONAL,https://maps.google.com/?cid=N/A
N/A,بوفية اذواق العروبه لتقديم الوجبات,26.333788199999997,50.000958399999995,restaurant,3.8,35,OPERATIONAL,https://maps.google.com/?cid=N/A
N/A,بوفيه دنيا العروبة,26.3362066,50.0000034,restaurant,3,36,OPERATIONAL,https://maps.google.com/?cid=N/A
N/A,Barn's | بارنز,26.3359602,49.9998485,restaurant,3.1,14,OPERATIONAL,https://maps.google.com/?cid=N/A
N/A,بوفية شرق العروبة,26.3412196,49.996262699999996,restaurant,3.7,33,OPERATIONAL,https://maps.google.com/?cid=N/A
N/A,بوفيه أنوار دمشق للفلافل وعصائر,26.3319771,50.0023394,restaurant,4.5,30,OPERATIONAL,https://maps.google.com/?cid=N/A
N/A,بوفية وشاورما رمز طيف,26.3403981,49.9972528,restaurant,4,35,OPERATIONAL,https://maps.google.com/?cid=N/A
N/A,حلويات ام دانه,26.347159899999998,49.997641699999996,restaurant,5,7,OPERATIONAL,https://maps.google.com/?cid=N/A
N/A,La bamba bubbles Manila. مطعم بطاطس بليله,26.3325131,49.9827964,restaurant,5,5,OPERATIONAL,https://maps.google.com/?cid=N/A
N/A,مطعم فرن الشباب البخاري,26.331862200000003,50.0024194,restaurant,2.6,28,OPERATIONAL,https://maps.google.com/?cid=N/A
N/A,بوفية راس السعادة,26.3305533,49.982676,restaurant,3.9,40,OPERATIONAL,https://maps.google.com/?cid=N/A
N/A,النكهة المفحمة (شاورما ومعجنات),26.3306608,49.9827843,restaurant,3.3,21,OPERATIONAL,https://maps.google.com/?cid=N/A
N/A,ليتي,26.3426325,50.0037144,restaurant,No rating,No reviews,OPERATIONAL,https://maps.google.com/?cid=N/A
N/A,McDonald's,26.343225,50.000093,restaurant,3.5,426,OPERATIONAL,https://maps.google.com/?cid=N/A
N/A,Golden Grill Restaurant,26.3359375,50.0000625,restaurant,3.8,904,OPERATIONAL,https://maps.google.com/?cid=N/A
N/A,مطعم المضغوط الماسي,26.3292747,50.004177899999995,restaurant,4,211,OPERATIONAL,https://maps.google.com/?cid=N/A
N/A,مطعم فطيرة وكباب,26.335009499999998,50.012315099999995,restaurant,4.5,187,OPERATIONAL,https://maps.google.com/?cid=N/A
N/A,مطعم فجر الشام,26.329400999999997,50.0044975,restaurant,3.9,248,OPERATIONAL,https://maps.google.com/?cid=N/A
N/A,مطعم درة البخاري,26.3347984,50.0131088,restaurant,3.9,74,OPERATIONAL,https://maps.google.com/?cid=N/A
N/A,بروستد ركن الدوك,26.3292861,50.0042383,restaurant,4.3,110,OPERATIONAL,https://maps.google.com/?cid=N/A
N/A,مطعم نخبه المشاوي لتقديم الوجبات,26.340789599999997,49.996598000000006,restaurant,4.2,114,OPERATIONAL,https://maps.google.com/?cid=N/A
N/A,مناقيش وفلافل العروبة لتقديم الوجبات,26.333384799999997,50.0099192,restaurant,4.4,65,OPERATIONAL,https://maps.google.com/?cid=N/A
N/A,مطعم برندة الخليج,26.333298199999998,50.010160199999994,restaurant,4.3,36,OPERATIONAL,https://maps.google.com/?cid=N/A
N/A,بيتزا فطيرة واي,26.336192999999998,49.9999306,restaurant,4.2,99,OPERATIONAL,https://maps.google.com/?cid=N/A
N/A,مطاعم موج الشرقية البخاري,26.3333075,50.0095611,restaurant,3.2,61,OPERATIONAL,https://maps.google.com/?cid=N/A
N/A,مطعم البوادي للأكلات الشعبية,26.3361654,50.0000849,restaurant,3.8,85,OPERATIONAL,https://maps.google.com/?cid=N/A
N/A,فوال نور الصباح,26.3329362,50.0091422,restaurant,3,43,OPERATIONAL,https://maps.google.com/?cid=N/A
N/A,بوفية اذواق العروبه لتقديم الوجبات,26.333788199999997,50.000958399999995,restaurant,3.8,35,OPERATIONAL,https://maps.google.com/?cid=N/A
N/A,مطعم سكبة الثانية,26.3409203,49.9964636,restaurant,4.5,94,OPERATIONAL,https://maps.google.com/?cid=N/A
N/A,1M بروستد هلا,26.3351065,50.012616099999995,restaurant,3.8,73,OPERATIONAL,https://maps.google.com/?cid=N/A
N/A,بوفيه دنيا العروبة,26.3362066,50.0000034,restaurant,3,36,OPERATIONAL,https://maps.google.com/?cid=N/A
N/A,Barn's | بارنز,26.3359602,49.9998485,restaurant,3.1,14,OPERATIONAL,https://maps.google.com/?cid=N/A
N/A,مطعم ملتقى الأسطوره للاكلات الشعبية,26.329272,50.004578599999995,restaurant,4.1,31,OPERATIONAL,https://maps.google.com/?cid=N/A
N/A,سناعة أمي لطيفه الفاخريه,26.340363399999998,50.0375593,restaurant,4.6,108,OPERATIONAL,https://maps.google.com/?cid=N/A
N/A,مطعم زدو,26.343631499999997,50.0397562,restaurant,4.4,90,OPERATIONAL,https://maps.google.com/?cid=N/A
N/A,مدلل للاكلات الشعبية,26.3402572,50.0373065,restaurant,4.5,74,OPERATIONAL,https://maps.google.com/?cid=N/A
N/A,Houria Al Sharqiah fast food buffet,26.3445268,50.041081999999996,restaurant,4.2,36,OPERATIONAL,https://maps.google.com/?cid=N/A
N/A,لذيذ برجر مشوي,26.3421012,50.037431299999994,restaurant,3.8,21,OPERATIONAL,https://maps.google.com/?cid=N/A
N/A,عصائر عنب ايس,26.3410412,50.0350721,restaurant,4.6,8,OPERATIONAL,https://maps.google.com/?cid=N/A
N/A,فود تراك THE WOOLF,26.3465961,50.0373106,restaurant,5,10,OPERATIONAL,https://maps.google.com/?cid=N/A
N/A,Chemistry Coffee كيمستري كوفي,26.3458802,50.0463409,restaurant,4.1,1379,OPERATIONAL,https://maps.google.com/?cid=N/A
N/A,Soldout Restaurant® مطعم سولد اوت,26.3456411,50.045944399999996,restaurant,4.8,2057,OPERATIONAL,https://maps.google.com/?cid=N/A
N/A,حاشي باشا| فرع طيبة,26.34827,50.047021,restaurant,3.9,1401,OPERATIONAL,https://maps.google.com/?cid=N/A
N/A,Fillfilah Restaurant فلفلة,26.350672499999998,50.0509438,restaurant,3.5,2675,OPERATIONAL,https://maps.google.com/?cid=N/A
N/A,شرار,26.346984499999998,50.0486265,restaurant,3.1,234,OPERATIONAL,https://maps.google.com/?cid=N/A
N/A,Qasser Al-Madhbi,26.3482897,50.0497094,restaurant,3.8,714,OPERATIONAL,https://maps.google.com/?cid=N/A
N/A,McDonald's,26.349902,50.051781999999996,restaurant,3.1,1079,OPERATIONAL,https://maps.google.com/?cid=N/A
N/A,فلافل عكار,26.348667,50.0504487,restaurant,4.4,413,OPERATIONAL,https://maps.google.com/?cid=N/A
N/A,المشوى العنابي | Ennabi Grill,26.3469278,50.048522,restaurant,3.7,617,OPERATIONAL,https://maps.google.com/?cid=N/A
N/A,Lazona,26.3491504,50.0507183,restaurant,4,189,OPERATIONAL,https://maps.google.com/?cid=N/A
N/A,مطاعم الرمانة,26.350263899999998,50.050263799999996,restaurant,4.1,153,OPERATIONAL,https://maps.google.com/?cid=N/A
N/A,جباتي وكرك (هبشة),26.348855,50.0507893,restaurant,4.6,232,OPERATIONAL,https://maps.google.com/?cid=N/A
N/A,Low Calories,26.3460257,50.0469923,restaurant,4.6,141,OPERATIONAL,https://maps.google.com/?cid=N/A
N/A,دعج Daaj,26.347621699999998,50.046189899999995,restaurant,4.7,130,OPERATIONAL,https://maps.google.com/?cid=N/A
N/A,بوفية ترويقة,26.346296,50.047665099999996,restaurant,3.9,276,OPERATIONAL,https://maps.google.com/?cid=N/A
N/A,شاورما الاستاذ - حي طيبة,26.3493705,50.048845899999996,restaurant,4,76,OPERATIONAL,https://maps.google.com/?cid=N/A
N/A,Maestro Pizza,26.349515999999998,50.0513865,restaurant,4,136,OPERATIONAL,https://maps.google.com/?cid=N/A
N/A,Faqsah,26.3448928,50.051294399999996,restaurant,4.4,505,OPERATIONAL,https://maps.google.com/?cid=N/A
N/A,Faqsah,26.3448928,50.051294399999996,restaurant,4.4,505,OPERATIONAL,https://maps.google.com/?cid=N/A
N/A,بخاري,26.3469232,50.0540459,restaurant,4.2,72,OPERATIONAL,https://maps.google.com/?cid=N/A
N/A,بوفية أكله هنية,26.344120699999998,50.0776901,restaurant,3.3,47,OPERATIONAL,https://maps.google.com/?cid=N/A
N/A,Ruwai Fried 5 village 2 بروستد روي,26.3466922,50.0542276,restaurant,4.6,25,OPERATIONAL,https://maps.google.com/?cid=N/A
N/A,"পদ্মা সেতু রেস্টুরেন্ট, দাম্মাম, সৌদি আরব।",26.344984699999998,50.0771576,restaurant,4,3,OPERATIONAL,https://maps.google.com/?cid=N/A
N/A,مطعم هندي,26.3449435,50.077085399999994,restaurant,5,1,OPERATIONAL,https://maps.google.com/?cid=N/A
N/A,مطعم أكلات شرقية,26.344936699999998,50.07715830000001,restaurant,3,3,OPERATIONAL,https://maps.google.com/?cid=N/A
N/A,مضغوط دكه,26.339008699999997,50.051164899999996,restaurant,No rating,No reviews,OPERATIONAL,https://maps.google.com/?cid=N/A
N/A,معجنات الوصيد الشعله Alwaseed Restaurant Alshala,26.3426883,50.0790038,restaurant,4,412,OPERATIONAL,https://maps.google.com/?cid=N/A
N/A,WAOBAO,26.3442293,50.0897411,restaurant,3.1,22,OPERATIONAL,https://maps.google.com/?cid=N/A
N/A,بوفية أكله هنية,26.344120699999998,50.0776901,restaurant,3.3,47,OPERATIONAL,https://maps.google.com/?cid=N/A
N/A,Leen Kitchen,26.3442967,50.089876200000006,restaurant,3.8,4,OPERATIONAL,https://maps.google.com/?cid=N/A
N/A,"পদ্মা সেতু রেস্টুরেন্ট, দাম্মাম, সৌদি আরব।",26.344984699999998,50.0771576,restaurant,4,3,OPERATIONAL,https://maps.google.com/?cid=N/A
N/A,بوفية عنتر,26.3428938,50.078846299999995,restaurant,3.5,10,OPERATIONAL,https://maps.google.com/?cid=N/A
N/A,Mo3allem shawarma,26.344256299999998,50.0898243,restaurant,2.7,6,OPERATIONAL,https://maps.google.com/?cid=N/A
N/A,مطعم هندي,26.3449435,50.077085399999994,restaurant,5,1,OPERATIONAL,https://maps.google.com/?cid=N/A
N/A,مطعم أكلات شرقية,26.344936699999998,50.07715830000001,restaurant,3,3,OPERATIONAL,https://maps.google.com/?cid=N/A
N/A,شاورمجي الادارة,26.341466399999998,50.085060299999995,restaurant,No rating,No reviews,OPERATIONAL,https://maps.google.com/?cid=N/A
N/A,WAOBAO,26.3442293,50.0897411,restaurant,3.1,22,OPERATIONAL,https://maps.google.com/?cid=N/A
N/A,Leen Kitchen,26.3442967,50.089876200000006,restaurant,3.8,4,OPERATIONAL,https://maps.google.com/?cid=N/A
N/A,Mo3allem shawarma,26.344256299999998,50.0898243,restaurant,2.7,6,OPERATIONAL,https://maps.google.com/?cid=N/A
N/A,بوفية الويبز,26.349981099999997,50.0926439,restaurant,5,1,OPERATIONAL,https://maps.google.com/?cid=N/A
N/A,Jon & Vinny's Ithra,26.3345393,50.1218606,restaurant,4.4,345,OPERATIONAL,https://maps.google.com/?cid=N/A
N/A,Pizza Bar By IOI,26.3389375,50.120062499999996,restaurant,4.2,401,OPERATIONAL,https://maps.google.com/?cid=N/A
N/A,Shatiraty,26.335640899999998,50.131484199999996,restaurant,4.2,512,OPERATIONAL,https://maps.google.com/?cid=N/A
N/A,Cantina by pattis,26.334987299999998,50.1199711,restaurant,2.9,16,OPERATIONAL,https://maps.google.com/?cid=N/A
N/A,Subway,26.334944699999998,50.1324964,restaurant,3.9,11,OPERATIONAL,https://maps.google.com/?cid=N/A
N/A,Pattis Ithra Library,26.3356875,50.120437499999994,restaurant,2.9,17,OPERATIONAL,https://maps.google.com/?cid=N/A
N/A,فراي إن قو إثراء أرامكو,26.3351569,50.1220681,restaurant,5,1,OPERATIONAL,https://maps.google.com/?cid=N/A
N/A,8 Portions Pizza,26.3436412,50.147852099999994,restaurant,4.6,8960,OPERATIONAL,https://maps.google.com/?cid=N/A
N/A,Al Mumtaz Restaurant,26.346219899999998,50.1362835,restaurant,4,1941,OPERATIONAL,https://maps.google.com/?cid=N/A
N/A,McDonald's,26.348571999999997,50.143153999999996,restaurant,3.8,2805,OPERATIONAL,https://maps.google.com/?cid=N/A
N/A,Shawarma Teef,26.344683,50.1383715,restaurant,4.2,951,OPERATIONAL,https://maps.google.com/?cid=N/A
N/A,Qurb cafe,26.348195600000004,50.1411429,restaurant,4.8,340,OPERATIONAL,https://maps.google.com/?cid=N/A
N/A,Tasty Toast,26.347089099999998,50.1444268,restaurant,4.1,463,OPERATIONAL,https://maps.google.com/?cid=N/A
N/A,Beit Misk Restaurant,26.346280399999998,50.145006300000006,restaurant,3.8,4511,OPERATIONAL,https://maps.google.com/?cid=N/A
N/A,المطعم الصومالي,26.3331561,50.1483688,restaurant,4.3,929,OPERATIONAL,https://maps.google.com/?cid=N/A
N/A,Party Box,26.3445212,50.1450469,restaurant,4.3,934,OPERATIONAL,https://maps.google.com/?cid=N/A
N/A,Shawarmer | شاورمر,26.3479813,50.1432989,restaurant,4.6,1463,OPERATIONAL,https://maps.google.com/?cid=N/A
N/A,Al Lahib,26.3445005,50.1450556,restaurant,4,1535,OPERATIONAL,https://maps.google.com/?cid=N/A
N/A,KFC,26.347421299999997,50.143959599999995,restaurant,3.7,1217,OPERATIONAL,https://maps.google.com/?cid=N/A
N/A,Eastern Wall Restaurant | 达曼中餐馆 مطعم السور الشرقي,26.333299099999998,50.149716299999994,restaurant,4.1,417,OPERATIONAL,https://maps.google.com/?cid=N/A
N/A,شاورمجي | SHAWERMAGY,26.3482313,50.1433567,restaurant,4.1,1171,OPERATIONAL,https://maps.google.com/?cid=N/A
N/A,KILO KABAB,26.3473561,50.1441734,restaurant,4.1,881,OPERATIONAL,https://maps.google.com/?cid=N/A
N/A,مطعم بخاري غير,26.345477,50.1370642,restaurant,4.2,132,OPERATIONAL,https://maps.google.com/?cid=N/A
N/A,Bawan Broasted,26.3463137,50.1368418,restaurant,4,965,OPERATIONAL,https://maps.google.com/?cid=N/A
N/A,Hamburgini هامبرغيني - Al Qusur,26.348366199999997,50.1431921,restaurant,3.9,308,OPERATIONAL,https://maps.google.com/?cid=N/A
N/A,Tokuzo,26.3458788,50.1455749,restaurant,4.1,1053,OPERATIONAL,https://maps.google.com/?cid=N/A
N/A,مطعم ومطبخ دانه - Dana Catering,26.337405699999998,50.1463738,restaurant,4.1,771,OPERATIONAL,https://maps.google.com/?cid=N/A
N/A,8 Portions Pizza,26.3436412,50.147852099999994,restaurant,4.6,8960,OPERATIONAL,https://maps.google.com/?cid=N/A
N/A,McDonald's,26.33201,50.151145,restaurant,3.8,4272,OPERATIONAL,https://maps.google.com/?cid=N/A
N/A,Goat Diner,26.331380799999998,50.1618614,restaurant,4.3,2536,OPERATIONAL,https://maps.google.com/?cid=N/A
N/A,Yasumi Ramen Shop Dhahran -‎ يسومي رامن الظهران,26.3394574,50.152420899999996,restaurant,4.3,1215,OPERATIONAL,https://maps.google.com/?cid=N/A
N/A,Five Guys,26.3390886,50.152854,restaurant,4,596,OPERATIONAL,https://maps.google.com/?cid=N/A
N/A,Beit Misk Restaurant,26.346280399999998,50.145006300000006,restaurant,3.8,4511,OPERATIONAL,https://maps.google.com/?cid=N/A
N/A,المطعم الصومالي,26.3331561,50.1483688,restaurant,4.3,929,OPERATIONAL,https://maps.google.com/?cid=N/A
N/A,Tasty Toast,26.347089099999998,50.1444268,restaurant,4.1,463,OPERATIONAL,https://maps.google.com/?cid=N/A
N/A,60 Grams,26.3314359,50.162262999999996,restaurant,4.6,606,OPERATIONAL,https://maps.google.com/?cid=N/A
N/A,Burger King - Doha,26.330621999999998,50.163213,restaurant,4,1188,OPERATIONAL,https://maps.google.com/?cid=N/A
N/A,Party Box,26.3445212,50.1450469,restaurant,4.3,934,OPERATIONAL,https://maps.google.com/?cid=N/A
N/A,Eastern Wall Restaurant | 达曼中餐馆 مطعم السور الشرقي,26.333299099999998,50.149716299999994,restaurant,4.1,417,OPERATIONAL,https://maps.google.com/?cid=N/A
N/A,سالدوتش | Saldwich,26.3390567,50.152676500000005,restaurant,4.2,377,OPERATIONAL,https://maps.google.com/?cid=N/A
N/A,Al Lahib,26.3445005,50.1450556,restaurant,4,1535,OPERATIONAL,https://maps.google.com/?cid=N/A
N/A,KFC,26.347421299999997,50.143959599999995,restaurant,3.7,1217,OPERATIONAL,https://maps.google.com/?cid=N/A
N/A,KILO KABAB,26.3473561,50.1441734,restaurant,4.1,881,OPERATIONAL,https://maps.google.com/?cid=N/A
N/A,Novanta Pizza,26.3389608,50.152532799999996,restaurant,4.7,919,OPERATIONAL,https://maps.google.com/?cid=N/A
N/A,Tokuzo,26.3458788,50.1455749,restaurant,4.1,1053,OPERATIONAL,https://maps.google.com/?cid=N/A
N/A,مطعم ومطبخ دانه - Dana Catering,26.337405699999998,50.1463738,restaurant,4.1,771,OPERATIONAL,https://maps.google.com/?cid=N/A
N/A,Mishwar Express,26.344902500000003,50.146580199999995,restaurant,3.4,738,OPERATIONAL,https://maps.google.com/?cid=N/A
N/A,Villaggio Restaurants Village,26.3279391,50.179853699999995,restaurant,4.4,9231,OPERATIONAL,https://maps.google.com/?cid=N/A
N/A,Bell’evento,26.3437308,50.1845061,restaurant,4.8,3641,OPERATIONAL,https://maps.google.com/?cid=N/A
N/A,Goat Diner,26.331380799999998,50.1618614,restaurant,4.3,2536,OPERATIONAL,https://maps.google.com/?cid=N/A
N/A,Munch Bakery,26.3437347,50.1845035,restaurant,4.1,301,OPERATIONAL,https://maps.google.com/?cid=N/A
N/A,Queen of India,26.3281733,50.1800457,restaurant,4.2,3307,OPERATIONAL,https://maps.google.com/?cid=N/A
N/A,60 Grams,26.3314359,50.162262999999996,restaurant,4.6,606,OPERATIONAL,https://maps.google.com/?cid=N/A
N/A,Burger King - Doha,26.330621999999998,50.163213,restaurant,4,1188,OPERATIONAL,https://maps.google.com/?cid=N/A
N/A,Thermo Steakhouse,26.3281094,50.1798352,restaurant,4.4,2298,OPERATIONAL,https://maps.google.com/?cid=N/A
N/A,Oasis Cafe & Lounge,26.3331992,50.1808413,restaurant,3.7,210,OPERATIONAL,https://maps.google.com/?cid=N/A
N/A,هندسة المعصوب,26.3266152,50.1670899,restaurant,4.6,1013,OPERATIONAL,https://maps.google.com/?cid=N/A
N/A,Sala Pizza,26.3426774,50.181902799999996,restaurant,4.1,1188,OPERATIONAL,https://maps.google.com/?cid=N/A
N/A,KFC,26.330446799999997,50.1627988,restaurant,3.9,765,OPERATIONAL,https://maps.google.com/?cid=N/A
N/A,Herfy,26.334194,50.1798311,restaurant,3.7,748,OPERATIONAL,https://maps.google.com/?cid=N/A
N/A,نمط Namat Health Kitchen,26.342651,50.1818716,restaurant,4.2,263,OPERATIONAL,https://maps.google.com/?cid=N/A
N/A,Caesar 7,26.328836499999998,50.1807881,restaurant,4.8,474,OPERATIONAL,https://maps.google.com/?cid=N/A
N/A,Al Mokhtar Pastry & Restaurant,26.3272288,50.1679343,restaurant,4.1,269,OPERATIONAL,https://maps.google.com/?cid=N/A
N/A,Snack House,26.3273422,50.1674799,restaurant,4,1017,OPERATIONAL,https://maps.google.com/?cid=N/A
N/A,Noodlez,26.3301263,50.1625115,restaurant,4,182,OPERATIONAL,https://maps.google.com/?cid=N/A
N/A,Green Apple Pie,26.3440238,50.1628151,restaurant,4.1,250,OPERATIONAL,https://maps.google.com/?cid=N/A
N/A,Crazy Pizza,26.328431199999997,50.1819346,restaurant,4.6,610,OPERATIONAL,https://maps.google.com/?cid=N/A
N/A,Joe's Bakery,26.343711600000002,50.2033132,restaurant,4.3,3943,OPERATIONAL,https://maps.google.com/?cid=N/A
N/A,Webrew Coffee Roasters,26.343417199999998,50.2031579,restaurant,4.4,1729,OPERATIONAL,https://maps.google.com/?cid=N/A
N/A,MALAMA | مالاما,26.3372958,50.201901,restaurant,4.5,1531,OPERATIONAL,https://maps.google.com/?cid=N/A
N/A,Bell’evento,26.3437308,50.1845061,restaurant,4.8,3641,OPERATIONAL,https://maps.google.com/?cid=N/A
N/A,Biscotti,26.3386689,50.1918866,restaurant,4.2,2338,OPERATIONAL,https://maps.google.com/?cid=N/A
N/A,Raising Cane's,26.3454318,50.1961674,restaurant,4.4,4188,OPERATIONAL,https://maps.google.com/?cid=N/A
N/A,ليوباردو Leopardo,26.350304599999998,50.1952891,restaurant,4.4,4025,OPERATIONAL,https://maps.google.com/?cid=N/A
N/A,AL Shallal Pastry,26.3438834,50.2036318,restaurant,4,572,OPERATIONAL,https://maps.google.com/?cid=N/A
N/A,UPSTAIRS,26.3433775,50.2032281,restaurant,4.3,442,OPERATIONAL,https://maps.google.com/?cid=N/A
N/A,The Wings Club,26.3439512,50.2037604,restaurant,4.4,633,OPERATIONAL,https://maps.google.com/?cid=N/A
N/A,Lghawees,26.3439204,50.2036447,restaurant,3.8,5412,OPERATIONAL,https://maps.google.com/?cid=N/A
N/A,Scatola,26.343883500000004,50.2036319,restaurant,4.3,887,OPERATIONAL,https://maps.google.com/?cid=N/A
N/A,Madame Banquet,26.334127799999997,50.188708299999995,restaurant,3.9,1117,OPERATIONAL,https://maps.google.com/?cid=N/A
N/A,Munch Bakery,26.3437347,50.1845035,restaurant,4.1,301,OPERATIONAL,https://maps.google.com/?cid=N/A
N/A,"Popeyes - Adnoc, King Fahad Rd.",26.338487999999998,50.198448000000006,restaurant,4.6,720,OPERATIONAL,https://maps.google.com/?cid=N/A
N/A,Spread,26.3372286,50.2016595,restaurant,4.2,737,OPERATIONAL,https://maps.google.com/?cid=N/A
N/A,Abs Kitchen أبز كيتشن الراكة,26.343895,50.2036575,restaurant,4.3,875,OPERATIONAL,https://maps.google.com/?cid=N/A
N/A,Los Chavos Tacos,26.3373943,50.2014953,restaurant,4.4,942,OPERATIONAL,https://maps.google.com/?cid=N/A
N/A,Oasis Cafe & Lounge,26.3331992,50.1808413,restaurant,3.7,210,OPERATIONAL,https://maps.google.com/?cid=N/A
N/A,Sala Pizza,26.3426774,50.181902799999996,restaurant,4.1,1188,OPERATIONAL,https://maps.google.com/?cid=N/A
N/A,Soldout Restaurant® مطعم سولد اوت,26.338647299999998,50.20875600000001,restaurant,4.7,7043,OPERATIONAL,https://maps.google.com/?cid=N/A
N/A,Joe's Bakery,26.343711600000002,50.2033132,restaurant,4.3,3943,OPERATIONAL,https://maps.google.com/?cid=N/A
N/A,Webrew Coffee Roasters,26.343417199999998,50.2031579,restaurant,4.4,1729,OPERATIONAL,https://maps.google.com/?cid=N/A
N/A,MALAMA | مالاما,26.3372958,50.201901,restaurant,4.5,1531,OPERATIONAL,https://maps.google.com/?cid=N/A
N/A,Ziba Restaurant ® مطعم زيبا,26.3507422,50.2113997,restaurant,4.6,5079,OPERATIONAL,https://maps.google.com/?cid=N/A
N/A,Raising Cane's,26.3454318,50.1961674,restaurant,4.4,4188,OPERATIONAL,https://maps.google.com/?cid=N/A
N/A,AL Shallal Pastry,26.3438834,50.2036318,restaurant,4,572,OPERATIONAL,https://maps.google.com/?cid=N/A
N/A,Nice Bun,26.343879299999998,50.2042712,restaurant,4.3,705,OPERATIONAL,https://maps.google.com/?cid=N/A
N/A,McDonald's,26.329109,50.213575999999996,restaurant,3.9,2734,OPERATIONAL,https://maps.google.com/?cid=N/A
N/A,Uplift,26.3518871,50.210944999999995,restaurant,4.2,1313,OPERATIONAL,https://maps.google.com/?cid=N/A
N/A,The Wings Club,26.3439512,50.2037604,restaurant,4.4,633,OPERATIONAL,https://maps.google.com/?cid=N/A
N/A,Lghawees,26.3439204,50.2036447,restaurant,3.8,5412,OPERATIONAL,https://maps.google.com/?cid=N/A
N/A,Scatola,26.343883500000004,50.2036319,restaurant,4.3,887,OPERATIONAL,https://maps.google.com/?cid=N/A
N/A,UPSTAIRS,26.3433775,50.2032281,restaurant,4.3,442,OPERATIONAL,https://maps.google.com/?cid=N/A
N/A,Seven,26.3264377,50.2127401,restaurant,4.2,3212,OPERATIONAL,https://maps.google.com/?cid=N/A
N/A,Maya,26.3507906,50.2116355,restaurant,4.6,913,OPERATIONAL,https://maps.google.com/?cid=N/A
N/A,Bistro,26.351026899999997,50.2119086,restaurant,4,409,OPERATIONAL,https://maps.google.com/?cid=N/A
N/A,"Popeyes - Adnoc, King Fahad Rd.",26.338487999999998,50.198448000000006,restaurant,4.6,720,OPERATIONAL,https://maps.google.com/?cid=N/A
N/A,The Breakfast Club,26.3301064,50.212715599999996,restaurant,4.1,2283,OPERATIONAL,https://maps.google.com/?cid=N/A
N/A,ARCHI,26.328346699999997,50.2138995,restaurant,4.3,209,OPERATIONAL,https://maps.google.com/?cid=N/A
N/A,SALT,26.335142299999998,50.2257871,restaurant,3.9,9538,OPERATIONAL,https://maps.google.com/?cid=N/A
N/A,Joe & The Juice,26.3347287,50.2260543,restaurant,4.7,159,OPERATIONAL,https://maps.google.com/?cid=N/A
N/A,Almagles,26.332667999999998,50.214512299999996,restaurant,3.9,124,OPERATIONAL,https://maps.google.com/?cid=N/A
N/A,خلية و بلح,26.362367499999998,49.966526599999995,restaurant,4.4,311,OPERATIONAL,https://maps.google.com/?cid=N/A
N/A,McDonald's,26.34987,49.969378,restaurant,3.4,593,OPERATIONAL,https://maps.google.com/?cid=N/A
N/A,فلافل لمار دمشق,26.360603599999997,49.966498599999994,restaurant,4.5,418,OPERATIONAL,https://maps.google.com/?cid=N/A
N/A,مطبق و معصوب أركان الديرة الفرسان,26.357954099999997,49.9652378,restaurant,3.9,423,OPERATIONAL,https://maps.google.com/?cid=N/A
N/A,Lamar Pies Restaurant,26.3606557,49.966479199999995,restaurant,4,386,OPERATIONAL,https://maps.google.com/?cid=N/A
N/A,مطبخ ومطعم ديار العز,26.3510216,49.9692034,restaurant,4.2,347,OPERATIONAL,https://maps.google.com/?cid=N/A
N/A,مطعم دايترز للأكل الصحي | Dieters healthy food restaurant,26.360031799999998,49.966614299999996,restaurant,4.4,178,OPERATIONAL,https://maps.google.com/?cid=N/A
N/A,فوال شعبيات الأفراح,26.346343899999997,49.970518299999995,restaurant,3.9,137,OPERATIONAL,https://maps.google.com/?cid=N/A
N/A,سلة بيت الفلافل,26.3619129,49.9661081,restaurant,4.9,341,OPERATIONAL,https://maps.google.com/?cid=N/A
N/A,استاذ الشاورما- الفرسان,26.3614478,49.9702711,restaurant,4.4,83,OPERATIONAL,https://maps.google.com/?cid=N/A
N/A,بوفية وإستراحة السعاده للأكلات الشعبيه والوجبات السريعه,26.358005199999997,49.9654186,restaurant,4.1,184,OPERATIONAL,https://maps.google.com/?cid=N/A
N/A,مطعم استار,26.361279099999997,49.966280999999995,restaurant,4.4,84,OPERATIONAL,https://maps.google.com/?cid=N/A
N/A,Taslis Bukhari Restaurant (19),26.3556608,49.9679017,restaurant,3.3,116,OPERATIONAL,https://maps.google.com/?cid=N/A
N/A,مطعم تثليث البخاري,26.366327100000003,49.964734,restaurant,3.7,159,OPERATIONAL,https://maps.google.com/?cid=N/A
N/A,مطاعم شواية العصر,26.3616855,49.9706495,restaurant,4.5,85,OPERATIONAL,https://maps.google.com/?cid=N/A
N/A,كنافة لمار دمشق,26.3607034,49.9664724,restaurant,4.9,38,OPERATIONAL,https://maps.google.com/?cid=N/A
N/A,مطاعم دانه السور للبخاري,26.3577613,49.963254,restaurant,3.3,49,OPERATIONAL,https://maps.google.com/?cid=N/A
N/A,بوفية كارديو,26.360812499999998,49.9664375,restaurant,4.1,38,OPERATIONAL,https://maps.google.com/?cid=N/A
N/A,Barn's | بارنز,26.358999999999998,49.966699999999996,restaurant,4.2,27,OPERATIONAL,https://maps.google.com/?cid=N/A
N/A,Noor Al fursan,26.3662638,49.964762199999996,restaurant,4,35,OPERATIONAL,https://maps.google.com/?cid=N/A
N/A,مطعم شباب العروبه البخاری لتقدیم الوجبات,26.3545256,49.992072099999994,restaurant,4.3,39,OPERATIONAL,https://maps.google.com/?cid=N/A
N/A,بوفية تسالي الاسطوره,26.3479459,49.999281599999996,restaurant,3.7,65,OPERATIONAL,https://maps.google.com/?cid=N/A
N/A,بوفية النبلة للوجبات السريعة,26.3611154,49.984317100000005,restaurant,4.5,65,OPERATIONAL,https://maps.google.com/?cid=N/A
N/A,حلويات ام دانه,26.347159899999998,49.997641699999996,restaurant,5,7,OPERATIONAL,https://maps.google.com/?cid=N/A
N/A,بوفية واجهة العروبة,26.351715199999997,49.994520599999994,restaurant,No rating,No reviews,OPERATIONAL,https://maps.google.com/?cid=N/A
N/A,McDonald's,26.350703,50.017973,restaurant,3.6,1125,OPERATIONAL,https://maps.google.com/?cid=N/A
N/A,Falafel Themar - فلافل ثمار,26.3513125,50.0183125,restaurant,4.2,396,OPERATIONAL,https://maps.google.com/?cid=N/A
N/A,بوفية تسالي الاسطوره,26.3479459,49.999281599999996,restaurant,3.7,65,OPERATIONAL,https://maps.google.com/?cid=N/A
N/A,بيتزا اكسبريس,26.351594499999997,50.0183302,restaurant,3.9,67,OPERATIONAL,https://maps.google.com/?cid=N/A
N/A,pakistani restaurant,26.351565299999997,50.0175694,restaurant,3.2,9,OPERATIONAL,https://maps.google.com/?cid=N/A
N/A,بوفية أفضل وجبة,26.351577199999998,50.018285999999996,restaurant,3.5,38,OPERATIONAL,https://maps.google.com/?cid=N/A
N/A,Chabati-Karak,26.351541599999997,50.018293,restaurant,2.5,34,OPERATIONAL,https://maps.google.com/?cid=N/A
N/A,Spice Source Restaurant | مطعم مصدر التوابل,26.351260399999997,50.0178428,restaurant,4.5,15,OPERATIONAL,https://maps.google.com/?cid=N/A
N/A,فوال وشعبيات الشيوخ,26.3514671,50.0181334,restaurant,3.5,16,OPERATIONAL,https://maps.google.com/?cid=N/A
N/A,91 dammaam Fifa game,26.3627905,50.0093909,restaurant,No rating,No reviews,OPERATIONAL,https://maps.google.com/?cid=N/A
N/A,বাংলাদেশী হোটেল,26.362372999999998,50.013858,restaurant,No rating,No reviews,OPERATIONAL,https://maps.google.com/?cid=N/A
N/A,مطاعم ومحانذ بن عواض,26.367810499999997,50.036772899999995,restaurant,4,2317,OPERATIONAL,https://maps.google.com/?cid=N/A
N/A,حنيذ الروشن | Haneeth Alroshen,26.367558799999998,50.0275701,restaurant,4,1045,OPERATIONAL,https://maps.google.com/?cid=N/A
N/A,بوفية مدوّر,26.367404099999998,50.036527,restaurant,3.4,356,OPERATIONAL,https://maps.google.com/?cid=N/A
N/A,McDonald's,26.350703,50.017973,restaurant,3.6,1125,OPERATIONAL,https://maps.google.com/?cid=N/A
N/A,مندي الجزيرة,26.3675911,50.036908399999994,restaurant,3.9,410,OPERATIONAL,https://maps.google.com/?cid=N/A
N/A,معصوبي,26.3605786,50.041654099999995,restaurant,4.5,570,OPERATIONAL,https://maps.google.com/?cid=N/A
N/A,Falafel Themar - فلافل ثمار,26.3513125,50.0183125,restaurant,4.2,396,OPERATIONAL,https://maps.google.com/?cid=N/A
N/A,Barn's | بارنز,26.369684200000002,50.027310899999996,restaurant,2.8,24,OPERATIONAL,https://maps.google.com/?cid=N/A
N/A,فوال الأفراح,26.365133399999998,50.030911200000006,restaurant,3.8,115,OPERATIONAL,https://maps.google.com/?cid=N/A
N/A,مطعم قمة جوان,26.351515199999998,50.040016699999995,restaurant,3.6,37,OPERATIONAL,https://maps.google.com/?cid=N/A
N/A,Pakistani Restaurant,26.363705399999997,50.0290615,restaurant,3.9,173,OPERATIONAL,https://maps.google.com/?cid=N/A
N/A,مطعم مقرن النيلين,26.365836599999998,50.0311044,restaurant,4.2,58,OPERATIONAL,https://maps.google.com/?cid=N/A
N/A,TAWG JUICES / عصائر توق,26.3644684,50.037932600000005,restaurant,4.1,35,OPERATIONAL,https://maps.google.com/?cid=N/A
N/A,مطاعم ومطابخ غذوان,26.366246399999998,50.0382707,restaurant,4.2,488,OPERATIONAL,https://maps.google.com/?cid=N/A
N/A,مقهى غصن الشاي,26.363449199999998,50.0399471,restaurant,3.8,92,OPERATIONAL,https://maps.google.com/?cid=N/A
N/A,Burger Grill,26.3505625,50.041062499999995,restaurant,3.9,151,OPERATIONAL,https://maps.google.com/?cid=N/A
N/A,بيتزا اكسبريس,26.351594499999997,50.0183302,restaurant,3.9,67,OPERATIONAL,https://maps.google.com/?cid=N/A
N/A,بوفية امتياز الفنار للسندويشات والعصيرات الطازجة,26.3661887,50.032650999999994,restaurant,3.9,162,OPERATIONAL,https://maps.google.com/?cid=N/A
N/A,شاورما ريف,26.366618,50.033084599999995,restaurant,3.3,59,OPERATIONAL,https://maps.google.com/?cid=N/A
N/A,Shekhdar Restaurants,26.364430799999997,50.046116999999995,restaurant,4.3,2699,OPERATIONAL,https://maps.google.com/?cid=N/A
N/A,Chemistry Coffee كيمستري كوفي,26.3458802,50.0463409,restaurant,4.1,1379,OPERATIONAL,https://maps.google.com/?cid=N/A
N/A,Al Maluh Restaurants,26.3556189,50.061169299999996,restaurant,3.8,1335,OPERATIONAL,https://maps.google.com/?cid=N/A
N/A,Soldout Restaurant® مطعم سولد اوت,26.3456411,50.045944399999996,restaurant,4.8,2057,OPERATIONAL,https://maps.google.com/?cid=N/A
N/A,حاشي باشا| فرع طيبة,26.34827,50.047021,restaurant,3.9,1401,OPERATIONAL,https://maps.google.com/?cid=N/A
N/A,Fillfilah Restaurant فلفلة,26.350672499999998,50.0509438,restaurant,3.5,2675,OPERATIONAL,https://maps.google.com/?cid=N/A
N/A,شرار,26.346984499999998,50.0486265,restaurant,3.1,234,OPERATIONAL,https://maps.google.com/?cid=N/A
N/A,معصوبي,26.3605786,50.041654099999995,restaurant,4.5,570,OPERATIONAL,https://maps.google.com/?cid=N/A
N/A,Qasser Al-Madhbi,26.3482897,50.0497094,restaurant,3.8,714,OPERATIONAL,https://maps.google.com/?cid=N/A
N/A,McDonald's,26.349902,50.051781999999996,restaurant,3.1,1079,OPERATIONAL,https://maps.google.com/?cid=N/A
N/A,مطاعم حنيذ الجنوب - طيبة,26.3590688,50.0437814,restaurant,3.6,915,OPERATIONAL,https://maps.google.com/?cid=N/A
N/A,The Coffee Address | عنوان القهوة,26.361708999999998,50.045417,restaurant,4.1,148,OPERATIONAL,https://maps.google.com/?cid=N/A
N/A,فلافل عكار,26.348667,50.0504487,restaurant,4.4,413,OPERATIONAL,https://maps.google.com/?cid=N/A
N/A,McDonald's,26.365381,50.0472143,restaurant,3.8,287,OPERATIONAL,https://maps.google.com/?cid=N/A
N/A,Concept Burger كونسبت برجر,26.3554584,50.0467845,restaurant,4.2,249,OPERATIONAL,https://maps.google.com/?cid=N/A
N/A,المشوى العنابي | Ennabi Grill,26.3469278,50.048522,restaurant,3.7,617,OPERATIONAL,https://maps.google.com/?cid=N/A
N/A,ريف العرب,26.3642962,50.0458018,restaurant,4.1,272,OPERATIONAL,https://maps.google.com/?cid=N/A
N/A,Lazona,26.3491504,50.0507183,restaurant,4,189,OPERATIONAL,https://maps.google.com/?cid=N/A
N/A,مطاعم الرمانة,26.350263899999998,50.050263799999996,restaurant,4.1,153,OPERATIONAL,https://maps.google.com/?cid=N/A
N/A,فوال ومخابز أحلى زمان,26.357401199999998,50.045814899999996,restaurant,3.9,366,OPERATIONAL,https://maps.google.com/?cid=N/A
N/A,Shwaiat Al-Khalij,26.366772899999997,50.068476600000004,restaurant,4.2,5350,OPERATIONAL,https://maps.google.com/?cid=N/A
N/A,مشويات ملتقي الرافدين - حي طيبة,26.3620907,50.0689742,restaurant,4.7,8166,OPERATIONAL,https://maps.google.com/?cid=N/A
N/A,Al Maluh Restaurants,26.3556189,50.061169299999996,restaurant,3.8,1335,OPERATIONAL,https://maps.google.com/?cid=N/A
N/A,McDonald's,26.366403,50.069747,restaurant,3.5,3415,OPERATIONAL,https://maps.google.com/?cid=N/A
N/A,Abu Hilal Restaurants,26.3586027,50.0634284,restaurant,4,1794,OPERATIONAL,https://maps.google.com/?cid=N/A
N/A,Qasr Al Ratem,26.3650247,50.0736248,restaurant,4,4795,OPERATIONAL,https://maps.google.com/?cid=N/A
N/A,Broasted Karam,26.362676699999998,50.069976999999994,restaurant,4,3263,OPERATIONAL,https://maps.google.com/?cid=N/A
N/A,King Maktoom' Restaurant,26.3539784,50.071345099999995,restaurant,4.3,679,OPERATIONAL,https://maps.google.com/?cid=N/A
N/A,Sandwich Faqeer,26.358737299999998,50.0635701,restaurant,3.1,346,OPERATIONAL,https://maps.google.com/?cid=N/A
N/A,AlAsr AlHadith Restaurant,26.3589222,50.064051199999994,restaurant,4.2,1697,OPERATIONAL,https://maps.google.com/?cid=N/A
N/A,Mathghout Hashikum,26.3599981,50.0657832,restaurant,3.9,1479,OPERATIONAL,https://maps.google.com/?cid=N/A
N/A,Masterpieces Sea Waves,26.363332999999997,50.0710335,restaurant,4.5,4286,OPERATIONAL,https://maps.google.com/?cid=N/A
N/A,Fillfilah Restaurant فلفلة,26.350672499999998,50.0509438,restaurant,3.5,2675,OPERATIONAL,https://maps.google.com/?cid=N/A
N/A,Curve Burger,26.3684235,50.067058499999995,restaurant,4.1,1700,OPERATIONAL,https://maps.google.com/?cid=N/A
N/A,مطعم بيت الباشوات ‏الفاخرية,26.359379999999998,50.0671384,restaurant,4.1,1008,OPERATIONAL,https://maps.google.com/?cid=N/A
N/A,Falafel Amo Basil,26.363856100000003,50.071018099999996,restaurant,4.1,1852,OPERATIONAL,https://maps.google.com/?cid=N/A
N/A,مطعم جازلي,26.3653817,50.0613159,restaurant,4.6,2238,OPERATIONAL,https://maps.google.com/?cid=N/A
N/A,مطبق ومعصوب اركان الديرة فرع حي طيبه,26.368709700000004,50.0667763,restaurant,4,1977,OPERATIONAL,https://maps.google.com/?cid=N/A
N/A,Herfy,26.359989,50.074004099999996,restaurant,3.5,1059,OPERATIONAL,https://maps.google.com/?cid=N/A
N/A,McDonald's,26.349902,50.051781999999996,restaurant,3.1,1079,OPERATIONAL,https://maps.google.com/?cid=N/A
N/A,مشويات ملتقي الرافدين - حي طيبة,26.3620907,50.0689742,restaurant,4.7,8166,OPERATIONAL,https://maps.google.com/?cid=N/A
N/A,AL Shallal Pastry,26.366140899999998,50.0755249,restaurant,4.3,641,OPERATIONAL,https://maps.google.com/?cid=N/A
N/A,Qasr Al Ratem,26.3650247,50.0736248,restaurant,4,4795,OPERATIONAL,https://maps.google.com/?cid=N/A
N/A,King Maktoom' Restaurant,26.3539784,50.071345099999995,restaurant,4.3,679,OPERATIONAL,https://maps.google.com/?cid=N/A
N/A,Broasted Karam,26.362676699999998,50.069976999999994,restaurant,4,3263,OPERATIONAL,https://maps.google.com/?cid=N/A
N/A,Biryani Athawaqa Restaurant (Al Shula District) مطعم برياني الذواقة - حي الشعلة,26.365190899999998,50.076249499999996,restaurant,4.1,1398,OPERATIONAL,https://maps.google.com/?cid=N/A
N/A,Masterpieces Sea Waves,26.363332999999997,50.0710335,restaurant,4.5,4286,OPERATIONAL,https://maps.google.com/?cid=N/A
N/A,Sikkat Karak,26.366277699999998,50.075632999999996,restaurant,4.3,1095,OPERATIONAL,https://maps.google.com/?cid=N/A
N/A,Falafel Amo Basil,26.363856100000003,50.071018099999996,restaurant,4.1,1852,OPERATIONAL,https://maps.google.com/?cid=N/A
N/A,Herfy,26.359989,50.074004099999996,restaurant,3.5,1059,OPERATIONAL,https://maps.google.com/?cid=N/A
N/A,الروشنة للمأكولات الخليجية,26.3637654,50.0737349,restaurant,4.4,756,OPERATIONAL,https://maps.google.com/?cid=N/A
N/A,Rice & Saffron Restaurant,26.3682824,50.0788108,restaurant,4.3,569,OPERATIONAL,https://maps.google.com/?cid=N/A
N/A,مطعم نمط صحي للوجبات الصحية,26.369808499999998,50.084136199999996,restaurant,4.5,493,OPERATIONAL,https://maps.google.com/?cid=N/A
N/A,فوال نور الصباح,26.3560625,50.0701875,restaurant,3.8,964,OPERATIONAL,https://maps.google.com/?cid=N/A
N/A,فطيرة الفلافل الفاخرية,26.3633603,50.0735494,restaurant,4.3,219,OPERATIONAL,https://maps.google.com/?cid=N/A
N/A,مطعم عزمي,26.369879500000003,50.0842606,restaurant,4.5,252,OPERATIONAL,https://maps.google.com/?cid=N/A
N/A,Mishwar,26.3645452,50.070427099999996,restaurant,3.5,1547,OPERATIONAL,https://maps.google.com/?cid=N/A
N/A,شاورما اول لحظة حي الشعلة الدمام,26.3595296,50.0742864,restaurant,3.9,164,OPERATIONAL,https://maps.google.com/?cid=N/A
N/A,دكان فلافل,26.362530699999997,50.069668,restaurant,4.4,783,OPERATIONAL,https://maps.google.com/?cid=N/A
N/A,وجبات صحية Fit Fuel,26.3650244,50.075924199999996,restaurant,4.5,140,OPERATIONAL,https://maps.google.com/?cid=N/A
N/A,LLAMA,26.3665579,50.0939111,restaurant,4.5,3287,OPERATIONAL,https://maps.google.com/?cid=N/A
N/A,حنيذ عمر | Hanith Omar,26.3654022,50.0948944,restaurant,3.8,1295,OPERATIONAL,https://maps.google.com/?cid=N/A
N/A,Milan Way Cafe and Restaurant,26.366882999999998,50.093657099999994,restaurant,4.2,2332,OPERATIONAL,https://maps.google.com/?cid=N/A
N/A,بوفية طعمية بدر,26.353746899999997,50.0982468,restaurant,4.3,607,OPERATIONAL,https://maps.google.com/?cid=N/A
N/A,Zwarah Restaurant,26.366435000000003,50.0940113,restaurant,4.5,703,OPERATIONAL,https://maps.google.com/?cid=N/A
N/A,مطاعم شواية سماء الخليج,26.353398,50.097332,restaurant,3.9,672,OPERATIONAL,https://maps.google.com/?cid=N/A
N/A,Mofattah Afandi Restaurant,26.351097300000003,50.0942903,restaurant,4.3,270,OPERATIONAL,https://maps.google.com/?cid=N/A
N/A,بوفيه جاز,26.3537441,50.0982671,restaurant,4.4,290,OPERATIONAL,https://maps.google.com/?cid=N/A
N/A,ماي دومي - MY DOMI حي الفاخرية - الشعلة,26.3526688,50.0963906,restaurant,4.6,74,OPERATIONAL,https://maps.google.com/?cid=N/A
N/A,مطاعم شعبيات القوافل,26.350982199999997,50.093665099999996,restaurant,4.3,277,OPERATIONAL,https://maps.google.com/?cid=N/A
N/A,Qamosh قَموش,26.365309500000002,50.0950059,restaurant,3.4,91,OPERATIONAL,https://maps.google.com/?cid=N/A
N/A,بيت شرق,26.3510189,50.0934795,restaurant,4.5,242,OPERATIONAL,https://maps.google.com/?cid=N/A
N/A,Barn's | بارنز,26.354257399999998,50.0996351,restaurant,4.5,180,OPERATIONAL,https://maps.google.com/?cid=N/A
N/A,Chef & Beef,26.365429799999998,50.0947561,restaurant,4.7,354,OPERATIONAL,https://maps.google.com/?cid=N/A
N/A,بوفية سد الفاخرية1,26.354138199999998,50.0992294,restaurant,4.1,316,OPERATIONAL,https://maps.google.com/?cid=N/A
N/A,مطعم فايف للمشويات الشعله,26.351022399999998,50.0938443,restaurant,4.2,129,OPERATIONAL,https://maps.google.com/?cid=N/A
N/A,بروستد زاد الأسطورة Legendary Broasted,26.355547299999998,50.099209599999995,restaurant,4.4,155,OPERATIONAL,https://maps.google.com/?cid=N/A
N/A,Gezzar Grills Restourant مطعم مشويات الجزار,26.3512161,50.0941666,restaurant,4.3,114,OPERATIONAL,https://maps.google.com/?cid=N/A
N/A,لقيمات و بانكيك رزون,26.365358399999998,50.0946395,restaurant,4.3,189,OPERATIONAL,https://maps.google.com/?cid=N/A
N/A,Velvet Rose | أسر منتجة | ورق عنب,26.356340900000003,50.131928099999996,restaurant,4.5,14,OPERATIONAL,https://maps.google.com/?cid=N/A
N/A,Al Mumtaz Restaurant,26.346219899999998,50.1362835,restaurant,4,1941,OPERATIONAL,https://maps.google.com/?cid=N/A
N/A,McDonald's,26.348571999999997,50.143153999999996,restaurant,3.8,2805,OPERATIONAL,https://maps.google.com/?cid=N/A
N/A,Shawarma Teef,26.344683,50.1383715,restaurant,4.2,951,OPERATIONAL,https://maps.google.com/?cid=N/A
N/A,Qurb cafe,26.348195600000004,50.1411429,restaurant,4.8,340,OPERATIONAL,https://maps.google.com/?cid=N/A
N/A,Tasty Toast,26.347089099999998,50.1444268,restaurant,4.1,463,OPERATIONAL,https://maps.google.com/?cid=N/A
N/A,Beit Misk Restaurant,26.346280399999998,50.145006300000006,restaurant,3.8,4511,OPERATIONAL,https://maps.google.com/?cid=N/A
N/A,Shawarmer | شاورمر,26.3479813,50.1432989,restaurant,4.6,1463,OPERATIONAL,https://maps.google.com/?cid=N/A
N/A,KFC,26.347421299999997,50.143959599999995,restaurant,3.7,1217,OPERATIONAL,https://maps.google.com/?cid=N/A
N/A,شاورمجي | SHAWERMAGY,26.3482313,50.1433567,restaurant,4.1,1171,OPERATIONAL,https://maps.google.com/?cid=N/A
N/A,KILO KABAB,26.3473561,50.1441734,restaurant,4.1,881,OPERATIONAL,https://maps.google.com/?cid=N/A
N/A,مطعم بخاري غير,26.345477,50.1370642,restaurant,4.2,132,OPERATIONAL,https://maps.google.com/?cid=N/A
N/A,Bawan Broasted,26.3463137,50.1368418,restaurant,4,965,OPERATIONAL,https://maps.google.com/?cid=N/A
N/A,Hamburgini هامبرغيني - Al Qusur,26.348366199999997,50.1431921,restaurant,3.9,308,OPERATIONAL,https://maps.google.com/?cid=N/A
N/A,Casapasta | كازاباستا,26.348161899999997,50.14342380000001,restaurant,4,360,OPERATIONAL,https://maps.google.com/?cid=N/A
N/A,جاوي سريع Jawi Express,26.348763899999998,50.1336739,restaurant,4.4,420,OPERATIONAL,https://maps.google.com/?cid=N/A
N/A,Falafel Tim,26.3450269,50.1375064,restaurant,4.3,592,OPERATIONAL,https://maps.google.com/?cid=N/A
N/A,Luqaymat Bint Al Qadi,26.344946200000003,50.1375045,restaurant,4.1,688,OPERATIONAL,https://maps.google.com/?cid=N/A
N/A,Waleemat Al Sharqiah,26.3452803,50.1372413,restaurant,3.5,464,OPERATIONAL,https://maps.google.com/?cid=N/A
N/A,Eastern People Seafood,26.3473844,50.1441373,restaurant,3.9,792,OPERATIONAL,https://maps.google.com/?cid=N/A
N/A,Herfy,26.343643399999998,50.138831200000006,restaurant,3.5,609,OPERATIONAL,https://maps.google.com/?cid=N/A
N/A,McDonald's,26.348571999999997,50.143153999999996,restaurant,3.8,2805,OPERATIONAL,https://maps.google.com/?cid=N/A
N/A,Tasty Toast,26.347089099999998,50.1444268,restaurant,4.1,463,OPERATIONAL,https://maps.google.com/?cid=N/A
N/A,Beit Misk Restaurant,26.346280399999998,50.145006300000006,restaurant,3.8,4511,OPERATIONAL,https://maps.google.com/?cid=N/A
N/A,Shawarmer | شاورمر,26.3479813,50.1432989,restaurant,4.6,1463,OPERATIONAL,https://maps.google.com/?cid=N/A
N/A,KFC,26.347421299999997,50.143959599999995,restaurant,3.7,1217,OPERATIONAL,https://maps.google.com/?cid=N/A
N/A,شاورمجي | SHAWERMAGY,26.3482313,50.1433567,restaurant,4.1,1171,OPERATIONAL,https://maps.google.com/?cid=N/A
N/A,KILO KABAB,26.3473561,50.1441734,restaurant,4.1,881,OPERATIONAL,https://maps.google.com/?cid=N/A
N/A,Hamburgini هامبرغيني - Al Qusur,26.348366199999997,50.1431921,restaurant,3.9,308,OPERATIONAL,https://maps.google.com/?cid=N/A
N/A,Tokuzo,26.3458788,50.1455749,restaurant,4.1,1053,OPERATIONAL,https://maps.google.com/?cid=N/A
N/A,Casapasta | كازاباستا,26.348161899999997,50.14342380000001,restaurant,4,360,OPERATIONAL,https://maps.google.com/?cid=N/A
N/A,Eastern People Seafood,26.3473844,50.1441373,restaurant,3.9,792,OPERATIONAL,https://maps.google.com/?cid=N/A
N/A,Maestro Pizza,26.3483353,50.143281699999996,restaurant,4.1,506,OPERATIONAL,https://maps.google.com/?cid=N/A
N/A,Domino's Pizza,26.348197,50.143355899999996,restaurant,3.6,337,OPERATIONAL,https://maps.google.com/?cid=N/A
N/A,POSHAK Doha Plaza - Khobar| بوشاك,26.3480629,50.143353,restaurant,4.3,491,OPERATIONAL,https://maps.google.com/?cid=N/A
N/A,Hardee's,26.3473795,50.1439916,restaurant,3.9,700,OPERATIONAL,https://maps.google.com/?cid=N/A
N/A,ADNOC Service Station | Al Qashlah (2007),26.3630838,50.1779371,restaurant,4.4,400,OPERATIONAL,https://maps.google.com/?cid=N/A
N/A,Enab Beirut عنب بيروت,26.366633999999998,50.1772759,restaurant,4,773,OPERATIONAL,https://maps.google.com/?cid=N/A
N/A,Sigdang Adnoc,26.3632383,50.1771033,restaurant,4,57,OPERATIONAL,https://maps.google.com/?cid=N/A
N/A,Sandwich Faqeer | ساندوتش فقير,26.3631571,50.1772907,restaurant,3.4,118,OPERATIONAL,https://maps.google.com/?cid=N/A
N/A,Il Vero,26.3670642,50.1779619,restaurant,4.1,111,OPERATIONAL,https://maps.google.com/?cid=N/A
N/A,Al Diwan,26.3672927,50.1775886,restaurant,4.1,77,OPERATIONAL,https://maps.google.com/?cid=N/A
N/A,مطعم,26.3634202,50.1683045,restaurant,2.6,12,OPERATIONAL,https://maps.google.com/?cid=N/A
N/A,AlBaik,26.361876799999997,50.197102400000006,restaurant,3.1,652,OPERATIONAL,https://maps.google.com/?cid=N/A
N/A,Raising Cane's,26.3454318,50.1961674,restaurant,4.4,4188,OPERATIONAL,https://maps.google.com/?cid=N/A
N/A,McDonald's,26.359828000000004,50.189654000000004,restaurant,3.9,3654,OPERATIONAL,https://maps.google.com/?cid=N/A
N/A,ليوباردو Leopardo,26.350304599999998,50.1952891,restaurant,4.4,4025,OPERATIONAL,https://maps.google.com/?cid=N/A
N/A,مطعم المضياف (الراكة),26.3612422,50.1938171,restaurant,4.3,2449,OPERATIONAL,https://maps.google.com/?cid=N/A
N/A,Qasr AlMadhbi,26.3636043,50.2008331,restaurant,4.1,4534,OPERATIONAL,https://maps.google.com/?cid=N/A
N/A,حدائق حمص,26.363225999999997,50.1995125,restaurant,4.2,1104,OPERATIONAL,https://maps.google.com/?cid=N/A
N/A,بوفية عمر الراكة,26.3625312,50.1966153,restaurant,4.3,196,OPERATIONAL,https://maps.google.com/?cid=N/A
N/A,Ashaz Modern Indian Restaurant,26.3627275,50.196479599999996,restaurant,4.7,1304,OPERATIONAL,https://maps.google.com/?cid=N/A
N/A,ADNOC Service Station | Al Qashlah (2007),26.3630838,50.1779371,restaurant,4.4,400,OPERATIONAL,https://maps.google.com/?cid=N/A
N/A,SMOKIT | سموكيت,26.3613564,50.194067,restaurant,4.1,650,OPERATIONAL,https://maps.google.com/?cid=N/A
N/A,Green Bukhari الاخضر البخاري,26.3620102,50.1958142,restaurant,3.9,1711,OPERATIONAL,https://maps.google.com/?cid=N/A
N/A,Shawarmer | شاورمر,26.359553299999998,50.1882801,restaurant,4,3187,OPERATIONAL,https://maps.google.com/?cid=N/A
N/A,Kudu - Al Rakah Al Shamaliyah,26.364225100000002,50.2002842,restaurant,3.9,1680,OPERATIONAL,https://maps.google.com/?cid=N/A
N/A,مطعم هاشم,26.3617612,50.1968399,restaurant,3.5,817,OPERATIONAL,https://maps.google.com/?cid=N/A
N/A,Al Lahib Broasted,26.362045199999997,50.197350899999996,restaurant,3.7,592,OPERATIONAL,https://maps.google.com/?cid=N/A
N/A,Dunkin' Donuts,26.359581499999997,50.1883863,restaurant,4.1,435,OPERATIONAL,https://maps.google.com/?cid=N/A
N/A,Casapasta | كازاباستا,26.3599203,50.1892631,restaurant,4,664,OPERATIONAL,https://maps.google.com/?cid=N/A
N/A,مطعم نمط صحي لتقديم الوجبات الصحية,26.3629215,50.198867199999995,restaurant,4.7,455,OPERATIONAL,https://maps.google.com/?cid=N/A
N/A,Salad & Tacos سالد أند تاكوز,26.3619807,50.195008699999995,restaurant,4.3,413,OPERATIONAL,https://maps.google.com/?cid=N/A
N/A,Ziba Restaurant ® مطعم زيبا,26.3507422,50.2113997,restaurant,4.6,5079,OPERATIONAL,https://maps.google.com/?cid=N/A
N/A,AlBaik,26.361876799999997,50.197102400000006,restaurant,3.1,652,OPERATIONAL,https://maps.google.com/?cid=N/A
N/A,ليوباردو Leopardo,26.350304599999998,50.1952891,restaurant,4.4,4025,OPERATIONAL,https://maps.google.com/?cid=N/A
N/A,تشكي تشيز | Chuck E Cheese,26.356091,50.20865,restaurant,4.3,3337,OPERATIONAL,https://maps.google.com/?cid=N/A
N/A,AL Shallal Pastry,26.3438834,50.2036318,restaurant,4,572,OPERATIONAL,https://maps.google.com/?cid=N/A
N/A,Nice Bun,26.343879299999998,50.2042712,restaurant,4.3,705,OPERATIONAL,https://maps.google.com/?cid=N/A
N/A,Qasr AlMadhbi,26.3636043,50.2008331,restaurant,4.1,4534,OPERATIONAL,https://maps.google.com/?cid=N/A
N/A,Uplift,26.3518871,50.210944999999995,restaurant,4.2,1313,OPERATIONAL,https://maps.google.com/?cid=N/A
N/A,YAAS,26.360678999999998,50.2067803,restaurant,4.5,1196,OPERATIONAL,https://maps.google.com/?cid=N/A
N/A,Jam’d,26.360903399999998,50.206576899999995,restaurant,4.6,1500,OPERATIONAL,https://maps.google.com/?cid=N/A
N/A,The Wings Club,26.3439512,50.2037604,restaurant,4.4,633,OPERATIONAL,https://maps.google.com/?cid=N/A
N/A,Lghawees,26.3439204,50.2036447,restaurant,3.8,5412,OPERATIONAL,https://maps.google.com/?cid=N/A
N/A,Scatola,26.343883500000004,50.2036319,restaurant,4.3,887,OPERATIONAL,https://maps.google.com/?cid=N/A
N/A,TEA TIME RAKAH (وقت الشاي),26.3661908,50.2041242,restaurant,4.1,662,OPERATIONAL,https://maps.google.com/?cid=N/A
N/A,F6or Faris,26.3528761,50.2111199,restaurant,4,1373,OPERATIONAL,https://maps.google.com/?cid=N/A
N/A,Maya,26.3507906,50.2116355,restaurant,4.6,913,OPERATIONAL,https://maps.google.com/?cid=N/A
N/A,مطعم راكة الحديث,26.3656409,50.203900399999995,restaurant,3.8,1855,OPERATIONAL,https://maps.google.com/?cid=N/A
N/A,حدائق حمص,26.363225999999997,50.1995125,restaurant,4.2,1104,OPERATIONAL,https://maps.google.com/?cid=N/A
N/A,Hashi Basha - South Rakkah Branch,26.366246999999998,50.204961,restaurant,4.1,1612,OPERATIONAL,https://maps.google.com/?cid=N/A
N/A,مطعم عنجر للمعجنات والشاورما Anjar Restaurant,26.365509,50.2038103,restaurant,4,1736,OPERATIONAL,https://maps.google.com/?cid=N/A
N/A,مطعم فوال حسن یوسف آل طریف,26.361335999999998,50.2157563,restaurant,4.2,5,OPERATIONAL,https://maps.google.com/?cid=N/A
N/A,مطاعم سنابل ربوع لتقديم الوجبات,26.3612996,50.2155859,restaurant,4,4,OPERATIONAL,https://maps.google.com/?cid=N/A
N/A,Sub’ze,26.361584,50.2156027,restaurant,5,2,OPERATIONAL,https://maps.google.com/?cid=N/A
N/A,برغرايززر | Burgerizzr‎,26.371812,49.971638999999996,restaurant,4.6,779,OPERATIONAL,https://maps.google.com/?cid=N/A
N/A,Herfy 420,26.3719388,49.9715468,restaurant,3.4,551,OPERATIONAL,https://maps.google.com/?cid=N/A
N/A,Maestro Pizza,26.372163399999998,49.970419299999996,restaurant,3.9,215,OPERATIONAL,https://maps.google.com/?cid=N/A
N/A,بوفية انوار الامانة,26.380376599999998,49.9714835,restaurant,4.1,84,OPERATIONAL,https://maps.google.com/?cid=N/A
N/A,مطعم تثليث البخاري,26.366327100000003,49.964734,restaurant,3.7,159,OPERATIONAL,https://maps.google.com/?cid=N/A
N/A,مطاعم تثليث,26.3858923,49.9721051,restaurant,3.5,71,OPERATIONAL,https://maps.google.com/?cid=N/A
N/A,مطاعم شواية العصر,26.3616855,49.9706495,restaurant,4.5,85,OPERATIONAL,https://maps.google.com/?cid=N/A
N/A,مطعم موائد الطائف للاكلات الشعبية,26.367703499999998,49.9642882,restaurant,3.5,89,OPERATIONAL,https://maps.google.com/?cid=N/A
N/A,Noor Al fursan,26.3662638,49.964762199999996,restaurant,4,35,OPERATIONAL,https://maps.google.com/?cid=N/A
N/A,فلافل الماس دمشق,26.3856352,49.9723994,restaurant,4.4,53,OPERATIONAL,https://maps.google.com/?cid=N/A
N/A,وجبات صحية Fit Fuel,26.3665463,49.964690100000006,restaurant,4.8,41,OPERATIONAL,https://maps.google.com/?cid=N/A
N/A,بوفية منبع السعادة لتقديم الوجبات السريعة,26.380230599999997,49.9649117,restaurant,4.7,33,OPERATIONAL,https://maps.google.com/?cid=N/A
N/A,بوفيه نور السعادة,26.367870999999997,49.964063800000005,restaurant,3.4,5,OPERATIONAL,https://maps.google.com/?cid=N/A
N/A,بوفية واحة الابداع,26.3734557,49.964075199999996,restaurant,2.6,15,OPERATIONAL,https://maps.google.com/?cid=N/A
N/A,فود ترك سمبوسه زمان,26.3727104,49.963232,restaurant,5,26,OPERATIONAL,https://maps.google.com/?cid=N/A
N/A,Sandwich Faqeer Al Asala,26.373321599999997,49.9751512,restaurant,3.3,6,OPERATIONAL,https://maps.google.com/?cid=N/A
N/A,مطعم المسار الراقي لتقديم الوجبات,26.3801834,49.9650177,restaurant,3.8,4,OPERATIONAL,https://maps.google.com/?cid=N/A
N/A,شاهي وسمرة,26.3762014,49.97258,restaurant,5,6,OPERATIONAL,https://maps.google.com/?cid=N/A
N/A,مطعم درة العاشر البخاري,26.385424099999998,49.9852512,restaurant,4,69,OPERATIONAL,https://maps.google.com/?cid=N/A
N/A,بوفيه ليان السعادة الفرع (3),26.3822734,49.9999598,restaurant,4.2,201,OPERATIONAL,https://maps.google.com/?cid=N/A
N/A,تيم هورتينز Tim Hortons,26.378382199999997,49.9913315,restaurant,4.3,116,OPERATIONAL,https://maps.google.com/?cid=N/A
N/A,مطعم ماما ليونه,26.3822771,49.9999769,restaurant,4.3,64,OPERATIONAL,https://maps.google.com/?cid=N/A
N/A,فلافل يخضور,26.3824127,50.000215999999995,restaurant,3.7,39,OPERATIONAL,https://maps.google.com/?cid=N/A
N/A,مطعم هاني ابوعبدالله البخاري ( فوال نورالصباح ),26.382453299999998,50.0002937,restaurant,3.5,42,OPERATIONAL,https://maps.google.com/?cid=N/A
N/A,الخيّال شعبيات وأكثر,26.385321299999998,49.985070099999994,restaurant,3.5,25,OPERATIONAL,https://maps.google.com/?cid=N/A
N/A,فود تراك طبطبه,26.3829381,50.0012228,restaurant,4.8,22,OPERATIONAL,https://maps.google.com/?cid=N/A
N/A,LAZONA ALDAHYA | لازونا الضاحية,26.3801138,50.0035768,restaurant,3.8,4,OPERATIONAL,https://maps.google.com/?cid=N/A
N/A,Tea Time وقت الشاي,26.3825941,50.000726199999995,restaurant,No rating,No reviews,OPERATIONAL,https://maps.google.com/?cid=N/A
N/A,اندومي ستايشن | Indomi Station,26.3828972,50.0010792,restaurant,5,8,OPERATIONAL,https://maps.google.com/?cid=N/A
N/A,McDonald's,26.380277000000003,50.011601999999996,restaurant,3.8,979,OPERATIONAL,https://maps.google.com/?cid=N/A
N/A,Shawarmer | شاورمر,26.3806823,50.011999499999995,restaurant,4.8,1129,OPERATIONAL,https://maps.google.com/?cid=N/A
N/A,مطعم ريف الشرقية البخاري,26.372682899999997,50.0239937,restaurant,4,300,OPERATIONAL,https://maps.google.com/?cid=N/A
N/A,KFC,26.380162499999997,50.0112132,restaurant,4.3,103,OPERATIONAL,https://maps.google.com/?cid=N/A
N/A,بوفيه ليان السعادة الفرع (3),26.3822734,49.9999598,restaurant,4.2,201,OPERATIONAL,https://maps.google.com/?cid=N/A
N/A,Pakistani Restaurant,26.3725147,50.024145999999995,restaurant,4,24,OPERATIONAL,https://maps.google.com/?cid=N/A
N/A,Hardees,26.380129099999998,50.011083299999996,restaurant,4.1,92,OPERATIONAL,https://maps.google.com/?cid=N/A
N/A,مطعم ماما ليونه,26.3822771,49.9999769,restaurant,4.3,64,OPERATIONAL,https://maps.google.com/?cid=N/A
N/A,فلافل يخضور,26.3824127,50.000215999999995,restaurant,3.7,39,OPERATIONAL,https://maps.google.com/?cid=N/A
N/A,مطعم هاني ابوعبدالله البخاري ( فوال نورالصباح ),26.382453299999998,50.0002937,restaurant,3.5,42,OPERATIONAL,https://maps.google.com/?cid=N/A
N/A,ع,26.3804601,50.0113371,restaurant,2.3,63,OPERATIONAL,https://maps.google.com/?cid=N/A
N/A,مفضلتي,26.3727613,50.0240276,restaurant,3,2,OPERATIONAL,https://maps.google.com/?cid=N/A
N/A,افضل وجبه Best meal,26.3805667,50.0113649,restaurant,4,4,OPERATIONAL,https://maps.google.com/?cid=N/A
N/A,بوفيه افضل وجبه,26.3725372,50.024225699999995,restaurant,1.4,11,OPERATIONAL,https://maps.google.com/?cid=N/A
N/A,فود تراك طبطبه,26.3829381,50.0012228,restaurant,4.8,22,OPERATIONAL,https://maps.google.com/?cid=N/A
N/A,LAZONA ALDAHYA | لازونا الضاحية,26.3801138,50.0035768,restaurant,3.8,4,OPERATIONAL,https://maps.google.com/?cid=N/A
N/A,91 dammaam Fifa game,26.3627905,50.0093909,restaurant,No rating,No reviews,OPERATIONAL,https://maps.google.com/?cid=N/A
N/A,বাংলাদেশী হোটেল,26.362372999999998,50.013858,restaurant,No rating,No reviews,OPERATIONAL,https://maps.google.com/?cid=N/A
N/A,Tea Time وقت الشاي,26.3825941,50.000726199999995,restaurant,No rating,No reviews,OPERATIONAL,https://maps.google.com/?cid=N/A
N/A,مطاعم ومحانذ بن عواض,26.367810499999997,50.036772899999995,restaurant,4,2317,OPERATIONAL,https://maps.google.com/?cid=N/A
N/A,حنيذ الروشن | Haneeth Alroshen,26.367558799999998,50.0275701,restaurant,4,1045,OPERATIONAL,https://maps.google.com/?cid=N/A
N/A,بوفية مدوّر,26.367404099999998,50.036527,restaurant,3.4,356,OPERATIONAL,https://maps.google.com/?cid=N/A
N/A,مندي الجزيرة,26.3675911,50.036908399999994,restaurant,3.9,410,OPERATIONAL,https://maps.google.com/?cid=N/A
N/A,مطاعم حنيذ الجنوب - المنار,26.3700591,50.0347763,restaurant,3.8,654,OPERATIONAL,https://maps.google.com/?cid=N/A
N/A,Bab Bukhokha Restaurants & Kitchens,26.3753326,50.030232,restaurant,3.9,1323,OPERATIONAL,https://maps.google.com/?cid=N/A
N/A,Rommanah Restaurant,26.3727536,50.041367,restaurant,3.6,443,OPERATIONAL,https://maps.google.com/?cid=N/A
N/A,سلة بيت الفلافل,26.372447899999997,50.0402238,restaurant,4.9,577,OPERATIONAL,https://maps.google.com/?cid=N/A
N/A,مطبخ المنار,26.378577099999998,50.037993199999995,restaurant,4.5,224,OPERATIONAL,https://maps.google.com/?cid=N/A
N/A,Barn's | بارنز,26.369684200000002,50.027310899999996,restaurant,2.8,24,OPERATIONAL,https://maps.google.com/?cid=N/A
N/A,مطعم ريف الشرقية البخاري,26.372682899999997,50.0239937,restaurant,4,300,OPERATIONAL,https://maps.google.com/?cid=N/A
N/A,مطعم نصف مخصوص,26.370507699999997,50.0381539,restaurant,4.5,339,OPERATIONAL,https://maps.google.com/?cid=N/A
N/A,فوال الأفراح,26.365133399999998,50.030911200000006,restaurant,3.8,115,OPERATIONAL,https://maps.google.com/?cid=N/A
N/A,مطعم مقرن النيلين,26.365836599999998,50.0311044,restaurant,4.2,58,OPERATIONAL,https://maps.google.com/?cid=N/A
N/A,Pakistani Restaurant,26.363705399999997,50.0290615,restaurant,3.9,173,OPERATIONAL,https://maps.google.com/?cid=N/A
N/A,مطاعم ومطابخ غذوان,26.366246399999998,50.0382707,restaurant,4.2,488,OPERATIONAL,https://maps.google.com/?cid=N/A
N/A,Green Chillies Restaurant,26.370521999999998,50.037303900000005,restaurant,3.7,242,OPERATIONAL,https://maps.google.com/?cid=N/A
N/A,TAWG JUICES / عصائر توق,26.3644684,50.037932600000005,restaurant,4.1,35,OPERATIONAL,https://maps.google.com/?cid=N/A
N/A,برجر جمان OUT LAW BURGER,26.3709122,50.033995,restaurant,4.5,81,OPERATIONAL,https://maps.google.com/?cid=N/A
N/A,بوفيه المنار,26.381073299999997,50.0248455,restaurant,4.6,48,OPERATIONAL,https://maps.google.com/?cid=N/A
N/A,مطعم رايق,26.378369400000004,50.0595102,restaurant,4.1,5554,OPERATIONAL,https://maps.google.com/?cid=N/A
N/A,Shekhdar Restaurants,26.364430799999997,50.046116999999995,restaurant,4.3,2699,OPERATIONAL,https://maps.google.com/?cid=N/A
N/A,مطاعم ومحانذ بن عواض,26.367810499999997,50.036772899999995,restaurant,4,2317,OPERATIONAL,https://maps.google.com/?cid=N/A
N/A,Cart Restaurant مطعم كارت,26.376441099999997,50.0611651,restaurant,4.6,2879,OPERATIONAL,https://maps.google.com/?cid=N/A
N/A,88PORT | ٨٨ بورت,26.3699172,50.0574764,restaurant,4.4,2444,OPERATIONAL,https://maps.google.com/?cid=N/A
N/A,Sinjar,26.3788874,50.058491599999996,restaurant,4,8593,OPERATIONAL,https://maps.google.com/?cid=N/A
N/A,Deep Fries,26.380268299999997,50.0574398,restaurant,4.5,2324,OPERATIONAL,https://maps.google.com/?cid=N/A
N/A,فروج ابوالعبد,26.3768206,50.0608731,restaurant,3.8,1661,OPERATIONAL,https://maps.google.com/?cid=N/A
N/A,عجيّل,26.3818725,50.0473727,restaurant,3.9,1005,OPERATIONAL,https://maps.google.com/?cid=N/A
N/A,Bukhari Hut,26.378401099999998,50.059501,restaurant,4.1,897,OPERATIONAL,https://maps.google.com/?cid=N/A
N/A,TAG Restaurant KSA- مطعم تاغ,26.381182199999998,50.0564622,restaurant,4.2,1415,OPERATIONAL,https://maps.google.com/?cid=N/A
N/A,بخاري روشاز,26.3842029,50.053892399999995,restaurant,4.2,585,OPERATIONAL,https://maps.google.com/?cid=N/A
N/A,Tashbia'a,26.3698214,50.0575555,restaurant,4.7,3428,OPERATIONAL,https://maps.google.com/?cid=N/A
N/A,Sama Deeraty Restaurant Taybah,26.370489499999998,50.0566278,restaurant,3.8,3113,OPERATIONAL,https://maps.google.com/?cid=N/A
N/A,بوفية مدوّر,26.367404099999998,50.036527,restaurant,3.4,356,OPERATIONAL,https://maps.google.com/?cid=N/A
N/A,فوال ابو عزوز,26.378261,50.059625499999996,restaurant,4,1021,OPERATIONAL,https://maps.google.com/?cid=N/A
N/A,Tea Time FAISALIYA,26.376551100000004,50.0610947,restaurant,4.2,2067,OPERATIONAL,https://maps.google.com/?cid=N/A
N/A,House of spices مطعم بيت التوابل,26.378328000000003,50.0584454,restaurant,4.1,1226,OPERATIONAL,https://maps.google.com/?cid=N/A
N/A,اصل البرجر TBO,26.3792334,50.058196099999996,restaurant,4.6,3680,OPERATIONAL,https://maps.google.com/?cid=N/A
N/A,KFC,26.3819336,50.0557308,restaurant,3.6,1983,OPERATIONAL,https://maps.google.com/?cid=N/A
N/A,مطعم رايق,26.378369400000004,50.0595102,restaurant,4.1,5554,OPERATIONAL,https://maps.google.com/?cid=N/A
N/A,Shwaiat Al-Khalij,26.366772899999997,50.068476600000004,restaurant,4.2,5350,OPERATIONAL,https://maps.google.com/?cid=N/A
N/A,Cart Restaurant مطعم كارت,26.376441099999997,50.0611651,restaurant,4.6,2879,OPERATIONAL,https://maps.google.com/?cid=N/A
N/A,88PORT | ٨٨ بورت,26.3699172,50.0574764,restaurant,4.4,2444,OPERATIONAL,https://maps.google.com/?cid=N/A
N/A,Sinjar,26.3788874,50.058491599999996,restaurant,4,8593,OPERATIONAL,https://maps.google.com/?cid=N/A
N/A,مشويات ملتقي الرافدين - حي طيبة,26.3620907,50.0689742,restaurant,4.7,8166,OPERATIONAL,https://maps.google.com/?cid=N/A
N/A,Deep Fries,26.380268299999997,50.0574398,restaurant,4.5,2324,OPERATIONAL,https://maps.google.com/?cid=N/A
N/A,McDonald's,26.366403,50.069747,restaurant,3.5,3415,OPERATIONAL,https://maps.google.com/?cid=N/A
N/A,فروج ابوالعبد,26.3768206,50.0608731,restaurant,3.8,1661,OPERATIONAL,https://maps.google.com/?cid=N/A
N/A,Fareej Al Mubarakia,26.3764211,50.0612687,restaurant,4.1,5491,OPERATIONAL,https://maps.google.com/?cid=N/A
N/A,AL Shallal Pastry,26.366140899999998,50.0755249,restaurant,4.3,641,OPERATIONAL,https://maps.google.com/?cid=N/A
N/A,Qasr Al Ratem,26.3650247,50.0736248,restaurant,4,4795,OPERATIONAL,https://maps.google.com/?cid=N/A
N/A,Bukhari Hut,26.378401099999998,50.059501,restaurant,4.1,897,OPERATIONAL,https://maps.google.com/?cid=N/A
N/A,Broasted Karam,26.362676699999998,50.069976999999994,restaurant,4,3263,OPERATIONAL,https://maps.google.com/?cid=N/A
N/A,TAG Restaurant KSA- مطعم تاغ,26.381182199999998,50.0564622,restaurant,4.2,1415,OPERATIONAL,https://maps.google.com/?cid=N/A
N/A,Tashbia'a,26.3698214,50.0575555,restaurant,4.7,3428,OPERATIONAL,https://maps.google.com/?cid=N/A
N/A,بخاري روشاز,26.3842029,50.053892399999995,restaurant,4.2,585,OPERATIONAL,https://maps.google.com/?cid=N/A
N/A,Tea Time FAISALIYA,26.376551100000004,50.0610947,restaurant,4.2,2067,OPERATIONAL,https://maps.google.com/?cid=N/A
N/A,Sama Deeraty Restaurant Taybah,26.370489499999998,50.0566278,restaurant,3.8,3113,OPERATIONAL,https://maps.google.com/?cid=N/A
N/A,فوال ابو عزوز,26.378261,50.059625499999996,restaurant,4,1021,OPERATIONAL,https://maps.google.com/?cid=N/A
N/A,مطعم عصيدة و مرق,26.3719327,50.0868433,restaurant,4.2,1780,OPERATIONAL,https://maps.google.com/?cid=N/A
N/A,LLAMA,26.3665579,50.0939111,restaurant,4.5,3287,OPERATIONAL,https://maps.google.com/?cid=N/A
N/A,AL Shallal Pastry,26.366140899999998,50.0755249,restaurant,4.3,641,OPERATIONAL,https://maps.google.com/?cid=N/A
N/A,Umbrella - Dammam,26.376071999999997,50.088830099999996,restaurant,4.3,2332,OPERATIONAL,https://maps.google.com/?cid=N/A
N/A,Al Mumtaz Restaurant,26.3717352,50.0865201,restaurant,4.1,2621,OPERATIONAL,https://maps.google.com/?cid=N/A
N/A,Qasr Al Ratem,26.3650247,50.0736248,restaurant,4,4795,OPERATIONAL,https://maps.google.com/?cid=N/A
N/A,Nabil's Maqlooba,26.3714203,50.0859168,restaurant,4.3,1387,OPERATIONAL,https://maps.google.com/?cid=N/A
N/A,Biryani Athawaqa Restaurant (Al Shula District) مطعم برياني الذواقة - حي الشعلة,26.365190899999998,50.076249499999996,restaurant,4.1,1398,OPERATIONAL,https://maps.google.com/?cid=N/A
N/A,Milan Way Cafe and Restaurant,26.366882999999998,50.093657099999994,restaurant,4.2,2332,OPERATIONAL,https://maps.google.com/?cid=N/A
N/A,Modawar | كافتريا مدور,26.3708693,50.0945634,restaurant,4.3,673,OPERATIONAL,https://maps.google.com/?cid=N/A
N/A,شاورما سنع الدمام,26.3708822,50.0851452,restaurant,4.2,673,OPERATIONAL,https://maps.google.com/?cid=N/A
N/A,Zwarah Restaurant,26.366435000000003,50.0940113,restaurant,4.5,703,OPERATIONAL,https://maps.google.com/?cid=N/A
N/A,Tikka n’ Go,26.3685337,50.0922663,restaurant,4.5,1482,OPERATIONAL,https://maps.google.com/?cid=N/A
N/A,PAKKA RESTAURANT (Indian Food),26.376023399999998,50.088758999999996,restaurant,4.4,445,OPERATIONAL,https://maps.google.com/?cid=N/A
N/A,مضغوط تهامه,26.3726789,50.086042500000005,restaurant,4,170,OPERATIONAL,https://maps.google.com/?cid=N/A
N/A,Sikkat Karak,26.366277699999998,50.075632999999996,restaurant,4.3,1095,OPERATIONAL,https://maps.google.com/?cid=N/A
N/A,٦ رجب | الندى,26.3712822,50.08578,restaurant,4.1,546,OPERATIONAL,https://maps.google.com/?cid=N/A
N/A,The Peak,26.371358599999997,50.0896446,restaurant,4.5,687,OPERATIONAL,https://maps.google.com/?cid=N/A
N/A,Tim Hortons Mazaya Gas Station,26.379904999999997,50.086740999999996,restaurant,4.2,1873,OPERATIONAL,https://maps.google.com/?cid=N/A
N/A,Rice & Saffron Restaurant,26.3682824,50.0788108,restaurant,4.3,569,OPERATIONAL,https://maps.google.com/?cid=N/A
N/A,LLAMA,26.3665579,50.0939111,restaurant,4.5,3287,OPERATIONAL,https://maps.google.com/?cid=N/A
N/A,مطعم عصيدة و مرق,26.3719327,50.0868433,restaurant,4.2,1780,OPERATIONAL,https://maps.google.com/?cid=N/A
N/A,Umbrella - Dammam,26.376071999999997,50.088830099999996,restaurant,4.3,2332,OPERATIONAL,https://maps.google.com/?cid=N/A
N/A,حنيذ عمر | Hanith Omar,26.3654022,50.0948944,restaurant,3.8,1295,OPERATIONAL,https://maps.google.com/?cid=N/A
N/A,Al Mumtaz Restaurant,26.3717352,50.0865201,restaurant,4.1,2621,OPERATIONAL,https://maps.google.com/?cid=N/A
N/A,Milan Way Cafe and Restaurant,26.366882999999998,50.093657099999994,restaurant,4.2,2332,OPERATIONAL,https://maps.google.com/?cid=N/A
N/A,Freshhouse فريش هاوس,26.3824036,50.104395399999994,restaurant,3.9,1006,OPERATIONAL,https://maps.google.com/?cid=N/A
N/A,منؤشة الريف,26.3819353,50.1034881,restaurant,4.2,1112,OPERATIONAL,https://maps.google.com/?cid=N/A
N/A,Nabil's Maqlooba,26.3714203,50.0859168,restaurant,4.3,1387,OPERATIONAL,https://maps.google.com/?cid=N/A
N/A,Modawar | كافتريا مدور,26.3708693,50.0945634,restaurant,4.3,673,OPERATIONAL,https://maps.google.com/?cid=N/A
N/A,Hassawiyah Restaurant,26.379191499999997,50.0995772,restaurant,4.1,907,OPERATIONAL,https://maps.google.com/?cid=N/A
N/A,Zwarah Restaurant,26.366435000000003,50.0940113,restaurant,4.5,703,OPERATIONAL,https://maps.google.com/?cid=N/A
N/A,Tikka n’ Go,26.3685337,50.0922663,restaurant,4.5,1482,OPERATIONAL,https://maps.google.com/?cid=N/A
N/A,Masmakat Al Fareej,26.3836081,50.1034753,restaurant,4,2177,OPERATIONAL,https://maps.google.com/?cid=N/A
N/A,PAKKA RESTAURANT (Indian Food),26.376023399999998,50.088758999999996,restaurant,4.4,445,OPERATIONAL,https://maps.google.com/?cid=N/A
N/A,مضغوط تهامه,26.3726789,50.086042500000005,restaurant,4,170,OPERATIONAL,https://maps.google.com/?cid=N/A
N/A,٦ رجب | الندى,26.3712822,50.08578,restaurant,4.1,546,OPERATIONAL,https://maps.google.com/?cid=N/A
N/A,The Peak,26.371358599999997,50.0896446,restaurant,4.5,687,OPERATIONAL,https://maps.google.com/?cid=N/A
N/A,Turkistachio,26.3815126,50.1034264,restaurant,4,1345,OPERATIONAL,https://maps.google.com/?cid=N/A
N/A,Tim Hortons Mazaya Gas Station,26.379904999999997,50.086740999999996,restaurant,4.2,1873,OPERATIONAL,https://maps.google.com/?cid=N/A
N/A,MALAMA | مالاما,26.3729829,50.120540899999995,restaurant,4.3,193,OPERATIONAL,https://maps.google.com/?cid=N/A
N/A,Saladay سالاداي,26.376045899999998,50.1224546,restaurant,4.2,329,OPERATIONAL,https://maps.google.com/?cid=N/A
N/A,Kudu - Hajer District - Dammam,26.3745291,50.1194941,restaurant,3.9,353,OPERATIONAL,https://maps.google.com/?cid=N/A
N/A,Ronaldo’s Pizza رونالدوز بيتزا,26.376328899999997,50.122990099999996,restaurant,3.9,347,OPERATIONAL,https://maps.google.com/?cid=N/A
N/A,مطعم الرواق الشامي للمشويات والمعجنات,26.3723775,50.123807,restaurant,3.7,336,OPERATIONAL,https://maps.google.com/?cid=N/A
N/A,Griddle - جريدل,26.3762987,50.122353499999996,restaurant,3.9,82,OPERATIONAL,https://maps.google.com/?cid=N/A
N/A,Friends Burger فريندز برجر,26.3730893,50.126309,restaurant,4.8,335,OPERATIONAL,https://maps.google.com/?cid=N/A
N/A,بوفية الخير الطازج,26.3752052,50.1185681,restaurant,3.9,110,OPERATIONAL,https://maps.google.com/?cid=N/A
N/A,بوفية أصل المختصين,26.3754369,50.1130377,restaurant,4.2,32,OPERATIONAL,https://maps.google.com/?cid=N/A
N/A,شاورما على المزاج,26.375994799999997,50.1231399,restaurant,3.4,80,OPERATIONAL,https://maps.google.com/?cid=N/A
N/A,بوفية لذيذ واطعم,26.3756209,50.1228901,restaurant,4.2,44,OPERATIONAL,https://maps.google.com/?cid=N/A
N/A,بوفية ذوق هجر,26.3728496,50.104511599999995,restaurant,4.4,33,OPERATIONAL,https://maps.google.com/?cid=N/A
N/A,مطعم النمس,26.383938200000003,50.125346099999994,restaurant,4.4,97,OPERATIONAL,https://maps.google.com/?cid=N/A
N/A,مطعم كواتم النزهة البخاري,26.372496899999998,50.123436299999995,restaurant,2.4,49,OPERATIONAL,https://maps.google.com/?cid=N/A
N/A,مطعم طلة جبل للوجبات السريعة,26.3721979,50.123879099999996,restaurant,4.7,49,OPERATIONAL,https://maps.google.com/?cid=N/A
N/A,آيس الحفرة ice cukur,26.3730175,50.1269561,restaurant,5,30,OPERATIONAL,https://maps.google.com/?cid=N/A
N/A,بوفية المختص,26.3751961,50.1185471,restaurant,4.4,12,OPERATIONAL,https://maps.google.com/?cid=N/A
N/A,Come to Momma,26.3712449,50.1395786,restaurant,4.5,4402,OPERATIONAL,https://maps.google.com/?cid=N/A
N/A,Saladay سالاداي,26.376045899999998,50.1224546,restaurant,4.2,329,OPERATIONAL,https://maps.google.com/?cid=N/A
N/A,Wood Pizza,26.3837129,50.1408951,restaurant,4.7,547,OPERATIONAL,https://maps.google.com/?cid=N/A
N/A,Ronaldo’s Pizza رونالدوز بيتزا,26.376328899999997,50.122990099999996,restaurant,3.9,347,OPERATIONAL,https://maps.google.com/?cid=N/A
N/A,KFC,26.3810972,50.148139799999996,restaurant,4.4,368,OPERATIONAL,https://maps.google.com/?cid=N/A
N/A,Falafel pie,26.3816655,50.1482008,restaurant,4.6,184,OPERATIONAL,https://maps.google.com/?cid=N/A
N/A,LEVANTINE LOUNG & RESTAURANT ليفانتين لاونج,26.3740489,50.1480464,restaurant,4.8,135,OPERATIONAL,https://maps.google.com/?cid=N/A
N/A,Al Tazij Bukhari Restaurant,26.3840491,50.14127,restaurant,3.7,263,OPERATIONAL,https://maps.google.com/?cid=N/A
N/A,مطعم الرواق الشامي للمشويات والمعجنات,26.3723775,50.123807,restaurant,3.7,336,OPERATIONAL,https://maps.google.com/?cid=N/A
N/A,بوفية فطور بيروت٢,26.3833116,50.1399871,restaurant,4.2,65,OPERATIONAL,https://maps.google.com/?cid=N/A
N/A,Friends Burger فريندز برجر,26.3730893,50.126309,restaurant,4.8,335,OPERATIONAL,https://maps.google.com/?cid=N/A
N/A,Griddle - جريدل,26.3762987,50.122353499999996,restaurant,3.9,82,OPERATIONAL,https://maps.google.com/?cid=N/A
N/A,شاورما على المزاج,26.375994799999997,50.1231399,restaurant,3.4,80,OPERATIONAL,https://maps.google.com/?cid=N/A
N/A,بوفية لذيذ واطعم,26.3756209,50.1228901,restaurant,4.2,44,OPERATIONAL,https://maps.google.com/?cid=N/A
N/A,فول و تميس حسن يوسف,26.3839863,50.14121,restaurant,3.4,74,OPERATIONAL,https://maps.google.com/?cid=N/A
N/A,Gaslamp restaurant,26.3712449,50.1395872,restaurant,3.5,17,OPERATIONAL,https://maps.google.com/?cid=N/A
N/A,مطعم النمس,26.383938200000003,50.125346099999994,restaurant,4.4,97,OPERATIONAL,https://maps.google.com/?cid=N/A
N/A,مطعم كواتم النزهة البخاري,26.372496899999998,50.123436299999995,restaurant,2.4,49,OPERATIONAL,https://maps.google.com/?cid=N/A
N/A,مطعم طلة جبل للوجبات السريعة,26.3721979,50.123879099999996,restaurant,4.7,49,OPERATIONAL,https://maps.google.com/?cid=N/A
N/A,Falafel pie,26.3816655,50.1482008,restaurant,4.6,184,OPERATIONAL,https://maps.google.com/?cid=N/A
N/A,KFC,26.3810972,50.148139799999996,restaurant,4.4,368,OPERATIONAL,https://maps.google.com/?cid=N/A
N/A,LEVANTINE LOUNG & RESTAURANT ليفانتين لاونج,26.3740489,50.1480464,restaurant,4.8,135,OPERATIONAL,https://maps.google.com/?cid=N/A
N/A,Belad Al-Sham Restaurant,26.372868800000003,50.178602299999994,restaurant,4.1,1838,OPERATIONAL,https://maps.google.com/?cid=N/A
N/A,SKY By Archi,26.369928599999998,50.176820299999996,restaurant,4,1006,OPERATIONAL,https://maps.google.com/?cid=N/A
N/A,Four Squares Café,26.379938,50.178208,restaurant,4.7,2098,OPERATIONAL,https://maps.google.com/?cid=N/A
N/A,ADNOC Service Station | Al Qashlah (2007),26.3630838,50.1779371,restaurant,4.4,400,OPERATIONAL,https://maps.google.com/?cid=N/A
N/A,KFC,26.382182699999998,50.1783078,restaurant,3.7,1926,OPERATIONAL,https://maps.google.com/?cid=N/A
N/A,Kebdat Hijazi,26.381605999999998,50.1782653,restaurant,4,1579,OPERATIONAL,https://maps.google.com/?cid=N/A
N/A,Enab Beirut عنب بيروت,26.366633999999998,50.1772759,restaurant,4,773,OPERATIONAL,https://maps.google.com/?cid=N/A
N/A,برغرايززر | Burgerizzr,26.3826099,50.1784354,restaurant,4.5,1835,OPERATIONAL,https://maps.google.com/?cid=N/A
N/A,Kudu - Al Safa - Dammam,26.3860893,50.1782225,restaurant,4.2,402,OPERATIONAL,https://maps.google.com/?cid=N/A
N/A,Popeyes,26.3859581,50.178224099999994,restaurant,4.4,805,OPERATIONAL,https://maps.google.com/?cid=N/A
N/A,DOB Dining Hall,26.3837384,50.168321399999996,restaurant,3.5,57,OPERATIONAL,https://maps.google.com/?cid=N/A
N/A,Hardee's,26.3820277,50.1782694,restaurant,4,976,OPERATIONAL,https://maps.google.com/?cid=N/A
N/A,Tim Hortons,26.370908699999998,50.1747995,restaurant,4.8,209,OPERATIONAL,https://maps.google.com/?cid=N/A
N/A,Sigdang Adnoc,26.3632383,50.1771033,restaurant,4,57,OPERATIONAL,https://maps.google.com/?cid=N/A
N/A,Sandwich Faqeer | ساندوتش فقير,26.3631571,50.1772907,restaurant,3.4,118,OPERATIONAL,https://maps.google.com/?cid=N/A
N/A,Il Vero,26.3670642,50.1779619,restaurant,4.1,111,OPERATIONAL,https://maps.google.com/?cid=N/A
N/A,مطعم الذواق,26.3715089,50.174714099999996,restaurant,3.2,76,OPERATIONAL,https://maps.google.com/?cid=N/A
N/A,Belad Al-Sham Restaurant,26.372868800000003,50.178602299999994,restaurant,4.1,1838,OPERATIONAL,https://maps.google.com/?cid=N/A
N/A,SKY By Archi,26.369928599999998,50.176820299999996,restaurant,4,1006,OPERATIONAL,https://maps.google.com/?cid=N/A
N/A,Four Squares Café,26.379938,50.178208,restaurant,4.7,2098,OPERATIONAL,https://maps.google.com/?cid=N/A
N/A,بوفية عمر الراكة,26.3625312,50.1966153,restaurant,4.3,196,OPERATIONAL,https://maps.google.com/?cid=N/A
N/A,Ashaz Modern Indian Restaurant,26.3627275,50.196479599999996,restaurant,4.7,1304,OPERATIONAL,https://maps.google.com/?cid=N/A
N/A,KFC,26.382182699999998,50.1783078,restaurant,3.7,1926,OPERATIONAL,https://maps.google.com/?cid=N/A
N/A,Kebdat Hijazi,26.381605999999998,50.1782653,restaurant,4,1579,OPERATIONAL,https://maps.google.com/?cid=N/A
N/A,Salad & Tacos سالد أند تاكوز,26.3619807,50.195008699999995,restaurant,4.3,413,OPERATIONAL,https://maps.google.com/?cid=N/A
N/A,برغرايززر | Burgerizzr,26.3826099,50.1784354,restaurant,4.5,1835,OPERATIONAL,https://maps.google.com/?cid=N/A
N/A,Cheezycrab تشيزي كراب,26.3626226,50.1965794,restaurant,4.8,1107,OPERATIONAL,https://maps.google.com/?cid=N/A
N/A,Manoosha Alreef,26.362506399999997,50.196254599999996,restaurant,4.1,1432,OPERATIONAL,https://maps.google.com/?cid=N/A
N/A,Hardee's,26.3820277,50.1782694,restaurant,4,976,OPERATIONAL,https://maps.google.com/?cid=N/A
N/A,Marassi Al Shouq Restaurant,26.363936,50.1920412,restaurant,4.4,105,OPERATIONAL,https://maps.google.com/?cid=N/A
N/A,Roshm alsharq,26.3698187,50.190545799999995,restaurant,4.4,629,OPERATIONAL,https://maps.google.com/?cid=N/A
N/A,Curry leaf restaurant,26.3624096,50.196409599999996,restaurant,3.4,56,OPERATIONAL,https://maps.google.com/?cid=N/A
N/A,Habak,26.3670339,50.1862376,restaurant,4.2,665,OPERATIONAL,https://maps.google.com/?cid=N/A
N/A,Krab,26.3619384,50.1950505,restaurant,4.7,490,OPERATIONAL,https://maps.google.com/?cid=N/A
N/A,جرة وصاج,26.3625674,50.1963163,restaurant,3.8,543,OPERATIONAL,https://maps.google.com/?cid=N/A
N/A,بوفية طاولة السعادة لتقديم الوجبات,26.3788496,50.196565199999995,restaurant,4.2,35,OPERATIONAL,https://maps.google.com/?cid=N/A
N/A,Qasr AlMadhbi,26.3636043,50.2008331,restaurant,4.1,4534,OPERATIONAL,https://maps.google.com/?cid=N/A
N/A,TEA TIME RAKAH (وقت الشاي),26.3661908,50.2041242,restaurant,4.1,662,OPERATIONAL,https://maps.google.com/?cid=N/A
N/A,مطعم راكة الحديث,26.3656409,50.203900399999995,restaurant,3.8,1855,OPERATIONAL,https://maps.google.com/?cid=N/A
N/A,Hashi Basha - South Rakkah Branch,26.366246999999998,50.204961,restaurant,4.1,1612,OPERATIONAL,https://maps.google.com/?cid=N/A
N/A,مطعم عنجر للمعجنات والشاورما Anjar Restaurant,26.365509,50.2038103,restaurant,4,1736,OPERATIONAL,https://maps.google.com/?cid=N/A
N/A,Golden Juice,26.3624504,50.2062228,restaurant,3.9,679,OPERATIONAL,https://maps.google.com/?cid=N/A
N/A,Kudu - Al Rakah Al Shamaliyah,26.364225100000002,50.2002842,restaurant,3.9,1680,OPERATIONAL,https://maps.google.com/?cid=N/A
N/A,KFC,26.3628692,50.206012699999995,restaurant,3.6,1420,OPERATIONAL,https://maps.google.com/?cid=N/A
N/A,Makbous Express,26.362880099999998,50.205855199999995,restaurant,4.3,1301,OPERATIONAL,https://maps.google.com/?cid=N/A
N/A,Maiz Restaurant,26.3656875,50.2030625,restaurant,3.9,1455,OPERATIONAL,https://maps.google.com/?cid=N/A
N/A,University Towers Restaurant,26.3667992,50.204802099999995,restaurant,4.2,736,OPERATIONAL,https://maps.google.com/?cid=N/A
N/A,Hardee's,26.3671875,50.204562499999994,restaurant,3.9,1067,OPERATIONAL,https://maps.google.com/?cid=N/A
N/A,ورق عنب ليليا,26.3638643,50.199367599999995,restaurant,4.7,603,OPERATIONAL,https://maps.google.com/?cid=N/A
N/A,معجنات روز الشام,26.363813800000003,50.1995648,restaurant,4.9,318,OPERATIONAL,https://maps.google.com/?cid=N/A
N/A,Indian family restaurant,26.363936199999998,50.2022307,restaurant,3.8,1385,OPERATIONAL,https://maps.google.com/?cid=N/A
N/A,Wadi Shawaya Restaurant,26.3659192,50.2044576,restaurant,4.1,325,OPERATIONAL,https://maps.google.com/?cid=N/A
N/A,مطاعم القناعة البخاري,26.3643998,50.201771799999996,restaurant,3.6,248,OPERATIONAL,https://maps.google.com/?cid=N/A
N/A,Spicy Restaurant,26.3633863,50.2010899,restaurant,4.2,188,OPERATIONAL,https://maps.google.com/?cid=N/A
N/A,فوال بسمة الطائف,26.3642498,50.201546300000004,restaurant,3.9,197,OPERATIONAL,https://maps.google.com/?cid=N/A
N/A,بروست الباسل الراكة Broast Al Basel Rakah,26.365953599999997,50.2044366,restaurant,4,149,OPERATIONAL,https://maps.google.com/?cid=N/A
N/A,Lazona albahar | لازونا البحر,26.3718391,50.228595,restaurant,4.5,134,OPERATIONAL,https://maps.google.com/?cid=N/A
N/A,مطاعم البلدي البخاري,26.3721125,50.2283906,restaurant,4.1,57,OPERATIONAL,https://maps.google.com/?cid=N/A
N/A,Win Burger | وين برجر,26.3752734,50.2351532,restaurant,4.3,62,OPERATIONAL,https://maps.google.com/?cid=N/A
N/A,فوال وتمیس نورالصباح,26.3717114,50.2268656,restaurant,4,54,OPERATIONAL,https://maps.google.com/?cid=N/A
N/A,ذرتي,26.3852571,50.235446,restaurant,4.5,17,OPERATIONAL,https://maps.google.com/?cid=N/A
N/A,مطعم مندي المزاج الحضرمي,26.3716875,50.227937499999996,restaurant,4.1,14,OPERATIONAL,https://maps.google.com/?cid=N/A
N/A,مطعم كشته ارت,26.371872200000002,50.227169599999996,restaurant,4.8,39,OPERATIONAL,https://maps.google.com/?cid=N/A
N/A,مطعم واحة كبسه البخاري - WAHAD KABSA AL BUKHARI RESTAURANT,26.3724971,50.228611,restaurant,4.5,6,OPERATIONAL,https://maps.google.com/?cid=N/A
N/A,مطعم درة العاشر البخاري,26.385424099999998,49.9852512,restaurant,4,69,OPERATIONAL,https://maps.google.com/?cid=N/A
N/A,بوفية انوار الامانة,26.380376599999998,49.9714835,restaurant,4.1,84,OPERATIONAL,https://maps.google.com/?cid=N/A
N/A,مطاعم تثليث,26.3858923,49.9721051,restaurant,3.5,71,OPERATIONAL,https://maps.google.com/?cid=N/A
N/A,مطعم ومطبخ طاهرة بخاري,26.3900822,49.9861036,restaurant,3.6,89,OPERATIONAL,https://maps.google.com/?cid=N/A
N/A,فلافل الماس دمشق,26.3856352,49.9723994,restaurant,4.4,53,OPERATIONAL,https://maps.google.com/?cid=N/A
N/A,فوال وتميس العنزي,26.388067399999997,49.962237599999995,restaurant,2.1,14,OPERATIONAL,https://maps.google.com/?cid=N/A
N/A,الخيّال شعبيات وأكثر,26.385321299999998,49.985070099999994,restaurant,3.5,25,OPERATIONAL,https://maps.google.com/?cid=N/A
N/A,دجاج وبيض,26.390121999999998,49.986239999999995,restaurant,4,21,OPERATIONAL,https://maps.google.com/?cid=N/A
N/A,Pepper & Hot Restaurants,26.388507999999998,49.962315,restaurant,4.4,17,OPERATIONAL,https://maps.google.com/?cid=N/A
N/A,فلافل ضواحي دمشق,26.385675499999998,49.9723508,restaurant,3.7,14,OPERATIONAL,https://maps.google.com/?cid=N/A
N/A,مطعم درة العاشر البخاري,26.385424099999998,49.9852512,restaurant,4,69,OPERATIONAL,https://maps.google.com/?cid=N/A
N/A,بوفيه المذاق المذهل,26.393379,49.993701099999996,restaurant,4,234,OPERATIONAL,https://maps.google.com/?cid=N/A
N/A,حلا الين للحلويات,26.391324400000002,49.995335,restaurant,4,39,OPERATIONAL,https://maps.google.com/?cid=N/A
N/A,مشويات و معجنات جياد دمشق,26.391792199999998,49.995191500000004,restaurant,3.7,123,OPERATIONAL,https://maps.google.com/?cid=N/A
N/A,بوفيه ليان السعادة الفرع (3),26.3822734,49.9999598,restaurant,4.2,201,OPERATIONAL,https://maps.google.com/?cid=N/A
N/A,بوفية فن تاج الضاحية,26.3922688,49.9922937,restaurant,4.4,39,OPERATIONAL,https://maps.google.com/?cid=N/A
N/A,برجر المشوي,26.392563499999998,49.9907341,restaurant,4,63,OPERATIONAL,https://maps.google.com/?cid=N/A
N/A,Simplest Burger,26.393299199999998,49.993076599999995,restaurant,4.7,69,OPERATIONAL,https://maps.google.com/?cid=N/A
N/A,مطعم ماما ليونه,26.3822771,49.9999769,restaurant,4.3,64,OPERATIONAL,https://maps.google.com/?cid=N/A
N/A,مطعم ومطبخ طاهرة بخاري,26.3900822,49.9861036,restaurant,3.6,89,OPERATIONAL,https://maps.google.com/?cid=N/A
N/A,فلافل يخضور,26.3824127,50.000215999999995,restaurant,3.7,39,OPERATIONAL,https://maps.google.com/?cid=N/A
N/A,بطاطس حاتم جيزاني,26.393345699999998,49.994230699999996,restaurant,4.2,5,OPERATIONAL,https://maps.google.com/?cid=N/A
N/A,الخيّال شعبيات وأكثر,26.385321299999998,49.985070099999994,restaurant,3.5,25,OPERATIONAL,https://maps.google.com/?cid=N/A
N/A,مطعم هاني ابوعبدالله البخاري ( فوال نورالصباح ),26.382453299999998,50.0002937,restaurant,3.5,42,OPERATIONAL,https://maps.google.com/?cid=N/A
N/A,دجاج وبيض,26.390121999999998,49.986239999999995,restaurant,4,21,OPERATIONAL,https://maps.google.com/?cid=N/A
N/A,مطعم الشيف شعاع,26.3919501,49.9949283,restaurant,4.7,78,OPERATIONAL,https://maps.google.com/?cid=N/A
N/A,فود تراك طبطبه,26.3829381,50.0012228,restaurant,4.8,22,OPERATIONAL,https://maps.google.com/?cid=N/A
N/A,لقيمات ترشرش,26.3920934,49.9913187,restaurant,3.7,3,OPERATIONAL,https://maps.google.com/?cid=N/A
N/A,Shobrah Al Bukhari Restaurant,26.399040199999998,50.017959000000005,restaurant,4,1235,OPERATIONAL,https://maps.google.com/?cid=N/A
N/A,McDonald's,26.380277000000003,50.011601999999996,restaurant,3.8,979,OPERATIONAL,https://maps.google.com/?cid=N/A
N/A,مطبخ ومطعم ديار العز,26.4035798,50.0184858,restaurant,4.6,124,OPERATIONAL,https://maps.google.com/?cid=N/A
N/A,مطعم صقور البادية,26.4036511,50.0164348,restaurant,4.3,177,OPERATIONAL,https://maps.google.com/?cid=N/A
N/A,Shawarmer | شاورمر,26.3806823,50.011999499999995,restaurant,4.8,1129,OPERATIONAL,https://maps.google.com/?cid=N/A
N/A,KFC,26.380162499999997,50.0112132,restaurant,4.3,103,OPERATIONAL,https://maps.google.com/?cid=N/A
N/A,مطعم رمال اوس,26.3957631,50.0176832,restaurant,4.4,125,OPERATIONAL,https://maps.google.com/?cid=N/A
N/A,حلا الين للحلويات,26.391324400000002,49.995335,restaurant,4,39,OPERATIONAL,https://maps.google.com/?cid=N/A
N/A,بوفية لمار الضاحيه,26.4036036,50.003153499999996,restaurant,3.9,47,OPERATIONAL,https://maps.google.com/?cid=N/A
N/A,فوال الرباط,26.3987771,50.017852500000004,restaurant,3.4,114,OPERATIONAL,https://maps.google.com/?cid=N/A
N/A,Hardees,26.380129099999998,50.011083299999996,restaurant,4.1,92,OPERATIONAL,https://maps.google.com/?cid=N/A
N/A,مطعم الجنوب الحنيذ المنزلي,26.3931701,50.0238708,restaurant,3.4,10,OPERATIONAL,https://maps.google.com/?cid=N/A
N/A,مطاعم طلة الخير البخاري,26.4038038,50.003057,restaurant,3.9,82,OPERATIONAL,https://maps.google.com/?cid=N/A
N/A,بوفية سحب سبأ للوجبات السريعة,26.3960273,50.0185823,restaurant,3.3,63,OPERATIONAL,https://maps.google.com/?cid=N/A
N/A,بروستد الجود الشرقي,26.3955168,50.0191464,restaurant,4.6,118,OPERATIONAL,https://maps.google.com/?cid=N/A
N/A,Popeyes - بوبايز,26.3972508,50.0185217,restaurant,4.6,58,OPERATIONAL,https://maps.google.com/?cid=N/A
N/A,مطبخ دياز العز للولائم,26.4040751,50.018346699999995,restaurant,3.8,8,OPERATIONAL,https://maps.google.com/?cid=N/A
N/A,بوفية روابي السعيدة,26.3969937,50.0170025,restaurant,2.6,18,OPERATIONAL,https://maps.google.com/?cid=N/A
N/A,ع,26.3804601,50.0113371,restaurant,2.3,63,OPERATIONAL,https://maps.google.com/?cid=N/A
N/A,بوفية ساعة كرك,26.3990066,50.006085,restaurant,4.1,14,OPERATIONAL,https://maps.google.com/?cid=N/A
N/A,AlBaik,26.395705699999997,50.041034499999995,restaurant,4,10794,OPERATIONAL,https://maps.google.com/?cid=N/A
N/A,فول خلوفة الدمام,26.3952499,50.0412276,restaurant,3.7,1975,OPERATIONAL,https://maps.google.com/?cid=N/A
N/A,مطعم قصر لبدة,26.389548200000004,50.0413614,restaurant,4.2,879,OPERATIONAL,https://maps.google.com/?cid=N/A
N/A,Shobrah Al Bukhari Restaurant,26.399040199999998,50.017959000000005,restaurant,4,1235,OPERATIONAL,https://maps.google.com/?cid=N/A
N/A,Baith Al Karak,26.3925826,50.0314809,restaurant,4,1553,OPERATIONAL,https://maps.google.com/?cid=N/A
N/A,Subway,26.396497,50.042639,restaurant,4.1,1285,OPERATIONAL,https://maps.google.com/?cid=N/A
N/A,بوفية عهود,26.4019363,50.0351621,restaurant,4,715,OPERATIONAL,https://maps.google.com/?cid=N/A
N/A,مطعم بخاري مبهر,26.4008742,50.0402287,restaurant,3.9,360,OPERATIONAL,https://maps.google.com/?cid=N/A
N/A,منؤشة الريف,26.396322299999998,50.0426633,restaurant,4.2,1466,OPERATIONAL,https://maps.google.com/?cid=N/A
N/A,Maestro Pizza,26.3961983,50.042703499999995,restaurant,3.9,1034,OPERATIONAL,https://maps.google.com/?cid=N/A
N/A,تكا سيندوج,26.392710299999997,50.031414999999996,restaurant,3.8,99,OPERATIONAL,https://maps.google.com/?cid=N/A
N/A,كبدة عربان,26.399265699999997,50.0412829,restaurant,4,1157,OPERATIONAL,https://maps.google.com/?cid=N/A
N/A,مطبخ ومندي ريم البوادي,26.399697699999997,50.0408853,restaurant,3.9,984,OPERATIONAL,https://maps.google.com/?cid=N/A
N/A,"Operation Falafel, Centro",26.3961436,50.042824499999995,restaurant,4.3,487,OPERATIONAL,https://maps.google.com/?cid=N/A
N/A,SALT,26.391664799999997,50.036403299999996,restaurant,4.7,1091,OPERATIONAL,https://maps.google.com/?cid=N/A
N/A,مطبخ نجد,26.3983979,50.037338399999996,restaurant,3.8,332,OPERATIONAL,https://maps.google.com/?cid=N/A
N/A,Nando's - Nakheel Mall Damamm,26.390826800000003,50.0375892,restaurant,4.4,1436,OPERATIONAL,https://maps.google.com/?cid=N/A
N/A,Sushi Library,26.391537,50.037119999999994,restaurant,4.4,1960,OPERATIONAL,https://maps.google.com/?cid=N/A
N/A,مطبخ مها للولائم,26.3900042,50.0408221,restaurant,4.1,351,OPERATIONAL,https://maps.google.com/?cid=N/A
N/A,Jamie's Italian Nakheel Mall Dammam,26.391735999999998,50.037040700000006,restaurant,4.5,2344,OPERATIONAL,https://maps.google.com/?cid=N/A
N/A,AlBaik,26.395705699999997,50.041034499999995,restaurant,4,10794,OPERATIONAL,https://maps.google.com/?cid=N/A
N/A,Cocktail Mazza,26.402488899999998,50.0512902,restaurant,4.1,4004,OPERATIONAL,https://maps.google.com/?cid=N/A
N/A,Tikkaway,26.401554899999997,50.049242799999995,restaurant,4.4,1490,OPERATIONAL,https://maps.google.com/?cid=N/A
N/A,Madghout Touhama,26.3992424,50.0447803,restaurant,4.2,4844,OPERATIONAL,https://maps.google.com/?cid=N/A
N/A,مقلط الفريج الفيصلية,26.3981946,50.046638599999994,restaurant,4.5,6648,OPERATIONAL,https://maps.google.com/?cid=N/A
N/A,شواية الخليج‎,26.401562499999997,50.040437499999996,restaurant,4.1,4166,OPERATIONAL,https://maps.google.com/?cid=N/A
N/A,Kufa,26.402570899999997,50.051403199999996,restaurant,4.1,6842,OPERATIONAL,https://maps.google.com/?cid=N/A
N/A,مظبيكم,26.3995006,50.0454307,restaurant,4.1,1308,OPERATIONAL,https://maps.google.com/?cid=N/A
N/A,عجيّل,26.3818725,50.0473727,restaurant,3.9,1005,OPERATIONAL,https://maps.google.com/?cid=N/A
N/A,Mozon,26.3979738,50.046833199999995,restaurant,3.6,627,OPERATIONAL,https://maps.google.com/?cid=N/A
N/A,فول خلوفة الدمام,26.3952499,50.0412276,restaurant,3.7,1975,OPERATIONAL,https://maps.google.com/?cid=N/A
N/A,بخاري روشاز,26.3842029,50.053892399999995,restaurant,4.2,585,OPERATIONAL,https://maps.google.com/?cid=N/A
N/A,WOOD GRILL,26.3992325,50.0447608,restaurant,4.2,941,OPERATIONAL,https://maps.google.com/?cid=N/A
N/A,Abuzaid restaurant,26.399436299999998,50.0451021,restaurant,3.9,1333,OPERATIONAL,https://maps.google.com/?cid=N/A
N/A,مطعم قصر لبدة,26.389548200000004,50.0413614,restaurant,4.2,879,OPERATIONAL,https://maps.google.com/?cid=N/A
N/A,YA Mal AlTeeb مطعم يامال الطيب,26.4019092,50.050196199999995,restaurant,4.2,3889,OPERATIONAL,https://maps.google.com/?cid=N/A
N/A,باست,26.403861,50.0541254,restaurant,4.3,379,OPERATIONAL,https://maps.google.com/?cid=N/A
N/A,بيت الشواية Shawaya House,26.4018706,50.0399509,restaurant,3.8,899,OPERATIONAL,https://maps.google.com/?cid=N/A
N/A,ورق عنب سوما | Soma Grape Leaves,26.3969378,50.044418799999995,restaurant,4.7,931,OPERATIONAL,https://maps.google.com/?cid=N/A
N/A,Baith Al Karak,26.3925826,50.0314809,restaurant,4,1553,OPERATIONAL,https://maps.google.com/?cid=N/A
N/A,AlRomansiah Restaurant,26.4058688,50.0615876,restaurant,4.1,16820,OPERATIONAL,https://maps.google.com/?cid=N/A
N/A,بوفية عمر الفيصلية,26.401582899999998,50.064097800000006,restaurant,4.1,1600,OPERATIONAL,https://maps.google.com/?cid=N/A
N/A,alyahya bakeries,26.4050485,50.062115,restaurant,4.5,2306,OPERATIONAL,https://maps.google.com/?cid=N/A
N/A,Q EAT,26.3912423,50.073927399999995,restaurant,4.7,1466,OPERATIONAL,https://maps.google.com/?cid=N/A
N/A,McDonald's,26.404125,50.057959,restaurant,3.8,7742,OPERATIONAL,https://maps.google.com/?cid=N/A
N/A,Casapasta | كازاباستا,26.4037829,50.0575103,restaurant,3.8,2419,OPERATIONAL,https://maps.google.com/?cid=N/A
N/A,GRAV CAFE قراف كافيه,26.3937614,50.0723649,restaurant,4.4,1269,OPERATIONAL,https://maps.google.com/?cid=N/A
N/A,بخاري روشاز,26.3842029,50.053892399999995,restaurant,4.2,585,OPERATIONAL,https://maps.google.com/?cid=N/A
N/A,فطور الطيبين الدمام,26.3936584,50.07245760000001,restaurant,4.3,1637,OPERATIONAL,https://maps.google.com/?cid=N/A
N/A,Past | باست,26.4002342,50.0748132,restaurant,4.4,421,OPERATIONAL,https://maps.google.com/?cid=N/A
N/A,Nathri Restaurant,26.3899305,50.0654713,restaurant,4,1053,OPERATIONAL,https://maps.google.com/?cid=N/A
N/A,Chapati & Karak,26.395509,50.078162999999996,restaurant,3.8,573,OPERATIONAL,https://maps.google.com/?cid=N/A
N/A,McDonald's,26.399303,50.075584,restaurant,3.2,466,OPERATIONAL,https://maps.google.com/?cid=N/A
N/A,Lute,26.391267199999998,50.0729058,restaurant,4.2,2195,OPERATIONAL,https://maps.google.com/?cid=N/A
N/A,برغرايززر | Burgerizzr,26.403568,50.063466999999996,restaurant,4.1,1653,OPERATIONAL,https://maps.google.com/?cid=N/A
N/A,KFC,26.3819336,50.0557308,restaurant,3.6,1983,OPERATIONAL,https://maps.google.com/?cid=N/A
N/A,bin aqoul,26.3936566,50.072373400000004,restaurant,3.9,1538,OPERATIONAL,https://maps.google.com/?cid=N/A
N/A,دوار السعادة,26.3814834,50.0563771,restaurant,4,200,OPERATIONAL,https://maps.google.com/?cid=N/A
N/A,Awake,26.390048999999998,50.065643599999994,restaurant,4.2,785,OPERATIONAL,https://maps.google.com/?cid=N/A
N/A,Baba Khabbaz,26.396890400000004,50.068089,restaurant,4.3,2025,OPERATIONAL,https://maps.google.com/?cid=N/A
N/A,Q EAT,26.3912423,50.073927399999995,restaurant,4.7,1466,OPERATIONAL,https://maps.google.com/?cid=N/A
N/A,GRAV CAFE قراف كافيه,26.3937614,50.0723649,restaurant,4.4,1269,OPERATIONAL,https://maps.google.com/?cid=N/A
N/A,Chapati & Karak,26.395509,50.078162999999996,restaurant,3.8,573,OPERATIONAL,https://maps.google.com/?cid=N/A
N/A,Past | باست,26.4002342,50.0748132,restaurant,4.4,421,OPERATIONAL,https://maps.google.com/?cid=N/A
N/A,فطور الطيبين الدمام,26.3936584,50.07245760000001,restaurant,4.3,1637,OPERATIONAL,https://maps.google.com/?cid=N/A
N/A,McDonald's,26.399303,50.075584,restaurant,3.2,466,OPERATIONAL,https://maps.google.com/?cid=N/A
N/A,Lute,26.391267199999998,50.0729058,restaurant,4.2,2195,OPERATIONAL,https://maps.google.com/?cid=N/A
N/A,bin aqoul,26.3936566,50.072373400000004,restaurant,3.9,1538,OPERATIONAL,https://maps.google.com/?cid=N/A
N/A,Burger Hub,26.395353300000004,50.0782324,restaurant,4.7,1338,OPERATIONAL,https://maps.google.com/?cid=N/A
N/A,لقيمات بنت القاضي - فرع الفيصلية,26.392169000000003,50.0687401,restaurant,4.1,1408,OPERATIONAL,https://maps.google.com/?cid=N/A
N/A,Baba Khabbaz,26.396890400000004,50.068089,restaurant,4.3,2025,OPERATIONAL,https://maps.google.com/?cid=N/A
N/A,smoke arts - سموك أرتس,26.391392399999997,50.072815899999995,restaurant,4.5,498,OPERATIONAL,https://maps.google.com/?cid=N/A
N/A,Shrimp Caption,26.3913702,50.0728237,restaurant,4.5,1764,OPERATIONAL,https://maps.google.com/?cid=N/A
N/A,Tim Hortons Mazaya Gas Station,26.379904999999997,50.086740999999996,restaurant,4.2,1873,OPERATIONAL,https://maps.google.com/?cid=N/A
N/A,Kishna Restaurant,26.3911481,50.073037299999996,restaurant,4.2,1612,OPERATIONAL,https://maps.google.com/?cid=N/A
N/A,Riocha,26.3956178,50.0779305,restaurant,4.4,584,OPERATIONAL,https://maps.google.com/?cid=N/A
N/A,كيتشن بارك,26.3947327,50.0861871,restaurant,2.4,80,OPERATIONAL,https://maps.google.com/?cid=N/A
N/A,Al lahib,26.405403399999997,50.0831703,restaurant,3.9,287,OPERATIONAL,https://maps.google.com/?cid=N/A
N/A,Zad AlSultan,26.392751699999998,50.104758700000005,restaurant,4.1,6119,OPERATIONAL,https://maps.google.com/?cid=N/A
N/A,Sofret fayzah,26.4047564,50.102257099999996,restaurant,4.3,4147,OPERATIONAL,https://maps.google.com/?cid=N/A
N/A,All Day,26.4048886,50.1021526,restaurant,4.4,1954,OPERATIONAL,https://maps.google.com/?cid=N/A
N/A,Weber Burger,26.401653699999997,50.1051323,restaurant,4.6,2034,OPERATIONAL,https://maps.google.com/?cid=N/A
N/A,AL Shallal Pastry,26.401105899999997,50.0989602,restaurant,4.3,551,OPERATIONAL,https://maps.google.com/?cid=N/A
N/A,Freshhouse فريش هاوس,26.3824036,50.104395399999994,restaurant,3.9,1006,OPERATIONAL,https://maps.google.com/?cid=N/A
N/A,منؤشة الريف,26.3819353,50.1034881,restaurant,4.2,1112,OPERATIONAL,https://maps.google.com/?cid=N/A
N/A,Maoon Restarunt,26.4018511,50.105152,restaurant,4.5,943,OPERATIONAL,https://maps.google.com/?cid=N/A
N/A,Lghawees | لغاويص,26.401492299999997,50.1050336,restaurant,3.8,1095,OPERATIONAL,https://maps.google.com/?cid=N/A
N/A,Lazona,26.4044312,50.106699199999994,restaurant,4.1,446,OPERATIONAL,https://maps.google.com/?cid=N/A
N/A,Masmakat Al Fareej,26.3836081,50.1034753,restaurant,4,2177,OPERATIONAL,https://maps.google.com/?cid=N/A
N/A,مطعم ميدار للمأكولات البحرية medar,26.4006375,50.098066200000005,restaurant,4.2,1168,OPERATIONAL,https://maps.google.com/?cid=N/A
N/A,مطعم المضياف (النزهه),26.401363399999997,50.1050062,restaurant,4,791,OPERATIONAL,https://maps.google.com/?cid=N/A
N/A,lahza,26.393858400000003,50.104715999999996,restaurant,4,297,OPERATIONAL,https://maps.google.com/?cid=N/A
N/A,Turkistachio,26.3815126,50.1034264,restaurant,4,1345,OPERATIONAL,https://maps.google.com/?cid=N/A
N/A,Shawarmer | شاورمر,26.3950192,50.104735999999995,restaurant,4.5,895,OPERATIONAL,https://maps.google.com/?cid=N/A
N/A,Coffee Warehouse,26.3947582,50.104745699999995,restaurant,4.2,1682,OPERATIONAL,https://maps.google.com/?cid=N/A
N/A,Barn's | بارنز,26.4026991,50.101131099999996,restaurant,4.2,621,OPERATIONAL,https://maps.google.com/?cid=N/A
N/A,Trip brgr,26.4035405,50.101703199999996,restaurant,4.1,450,OPERATIONAL,https://maps.google.com/?cid=N/A
N/A,Kudu - Al Imam Ali Ibn Abi Talib St,26.402847299999998,50.1009764,restaurant,3.8,1403,OPERATIONAL,https://maps.google.com/?cid=N/A
N/A,Zad AlSultan,26.392751699999998,50.104758700000005,restaurant,4.1,6119,OPERATIONAL,https://maps.google.com/?cid=N/A
N/A,Al Tazaj,26.4007081,50.1144646,restaurant,3.6,2341,OPERATIONAL,https://maps.google.com/?cid=N/A
N/A,McDonald's,26.400232,50.117458,restaurant,3.6,981,OPERATIONAL,https://maps.google.com/?cid=N/A
N/A,lahza,26.393858400000003,50.104715999999996,restaurant,4,297,OPERATIONAL,https://maps.google.com/?cid=N/A
N/A,Shawarmer | شاورمر,26.3950192,50.104735999999995,restaurant,4.5,895,OPERATIONAL,https://maps.google.com/?cid=N/A
N/A,Coffee Warehouse,26.3947582,50.104745699999995,restaurant,4.2,1682,OPERATIONAL,https://maps.google.com/?cid=N/A
N/A,Zaman Awwal,26.393726599999997,50.1047215,restaurant,4.2,512,OPERATIONAL,https://maps.google.com/?cid=N/A
N/A,Burger King - Othaim Dammam,26.400530000000003,50.114816999999995,restaurant,3.8,1214,OPERATIONAL,https://maps.google.com/?cid=N/A
N/A,Lorenzo Pizza | لورينزو بيتزا,26.3970625,50.1048286,restaurant,3.8,203,OPERATIONAL,https://maps.google.com/?cid=N/A
N/A,KFC,26.400097900000002,50.1170614,restaurant,4,711,OPERATIONAL,https://maps.google.com/?cid=N/A
N/A,معجنات نور الياسمين,26.3932076,50.1046555,restaurant,4.2,315,OPERATIONAL,https://maps.google.com/?cid=N/A
N/A,Kudu - Mohammed Bin Fahd Street - Dammam,26.4004504,50.1150443,restaurant,3.8,1338,OPERATIONAL,https://maps.google.com/?cid=N/A
N/A,La Tavola Italian Restaurant مطعم لاتاڤولا الايطالى,26.4001967,50.117668900000005,restaurant,4.9,1176,OPERATIONAL,https://maps.google.com/?cid=N/A
N/A,Meltzone,26.3951185,50.1047181,restaurant,4.1,429,OPERATIONAL,https://maps.google.com/?cid=N/A
N/A,Grill Shack,26.3939265,50.1047384,restaurant,3.9,574,OPERATIONAL,https://maps.google.com/?cid=N/A
N/A,Hunger Bell Cafeteria كافتيريا جرس الجوع,26.3936919,50.1047162,restaurant,4.6,38,OPERATIONAL,https://maps.google.com/?cid=N/A
N/A,TIM HORTONS,26.4000118,50.116987699999996,restaurant,4.1,483,OPERATIONAL,https://maps.google.com/?cid=N/A
N/A,Canton - كانتون,26.400317899999997,50.1173517,restaurant,3.9,212,OPERATIONAL,https://maps.google.com/?cid=N/A
N/A,Herfy 215,26.4001268,50.1155815,restaurant,3.5,663,OPERATIONAL,https://maps.google.com/?cid=N/A
N/A,Hardee's,26.4005625,50.1169375,restaurant,3.9,107,OPERATIONAL,https://maps.google.com/?cid=N/A
N/A,Wood Pizza,26.3837129,50.1408951,restaurant,4.7,547,OPERATIONAL,https://maps.google.com/?cid=N/A
N/A,Al Tazij Bukhari Restaurant,26.3840491,50.14127,restaurant,3.7,263,OPERATIONAL,https://maps.google.com/?cid=N/A
N/A,Rakah Modern Restaurant,26.4021421,50.1396291,restaurant,3.8,699,OPERATIONAL,https://maps.google.com/?cid=N/A
N/A,Domino's Pizza,26.388213699999998,50.14939,restaurant,3.7,133,OPERATIONAL,https://maps.google.com/?cid=N/A
N/A,Herfy,26.387729200000003,50.149386299999996,restaurant,3.6,937,OPERATIONAL,https://maps.google.com/?cid=N/A
N/A,Barn's | بارنز,26.3878362,50.1493994,restaurant,4.1,19,OPERATIONAL,https://maps.google.com/?cid=N/A
N/A,بوفية فطور بيروت٢,26.3833116,50.1399871,restaurant,4.2,65,OPERATIONAL,https://maps.google.com/?cid=N/A
N/A,مطعم شباب خلیجی بخاري shabab khaleeji restaurant,26.402070000000002,50.139716,restaurant,3.9,20,OPERATIONAL,https://maps.google.com/?cid=N/A
N/A,مطعم حصن الشام لتقديم الوجبات,26.388248200000003,50.1494497,restaurant,3.5,15,OPERATIONAL,https://maps.google.com/?cid=N/A
N/A,فول و تميس حسن يوسف,26.3839863,50.14121,restaurant,3.4,74,OPERATIONAL,https://maps.google.com/?cid=N/A
N/A,مطعم النمس,26.383938200000003,50.125346099999994,restaurant,4.4,97,OPERATIONAL,https://maps.google.com/?cid=N/A
N/A,مطعم سكبة الاولى,26.401957,50.1397628,restaurant,3.3,15,OPERATIONAL,https://maps.google.com/?cid=N/A
N/A,مخبر فوال حسن یوسف قصرالخلیج,26.3839746,50.1412039,restaurant,3.1,31,OPERATIONAL,https://maps.google.com/?cid=N/A
N/A,Crust Station,26.3861293,50.1261138,restaurant,4.5,4,OPERATIONAL,https://maps.google.com/?cid=N/A
N/A,Amiantit Indian Canteen,26.388198199999998,50.130204299999995,restaurant,3,2,OPERATIONAL,https://maps.google.com/?cid=N/A
N/A,Shabab khaleeji Restaurant مطعم شباب خلیجی,26.402102199999998,50.1396599,restaurant,No rating,No reviews,OPERATIONAL,https://maps.google.com/?cid=N/A
N/A,Falafel pie,26.3816655,50.1482008,restaurant,4.6,184,OPERATIONAL,https://maps.google.com/?cid=N/A
N/A,KFC,26.3810972,50.148139799999996,restaurant,4.4,368,OPERATIONAL,https://maps.google.com/?cid=N/A
N/A,Domino's Pizza,26.388213699999998,50.14939,restaurant,3.7,133,OPERATIONAL,https://maps.google.com/?cid=N/A
N/A,Herfy,26.387729200000003,50.149386299999996,restaurant,3.6,937,OPERATIONAL,https://maps.google.com/?cid=N/A
N/A,Barn's | بارنز,26.3878362,50.1493994,restaurant,4.1,19,OPERATIONAL,https://maps.google.com/?cid=N/A
N/A,Saihati restaurant,26.4032083,50.159605299999996,restaurant,4.3,43,OPERATIONAL,https://maps.google.com/?cid=N/A
N/A,مطعم حصن الشام لتقديم الوجبات,26.388248200000003,50.1494497,restaurant,3.5,15,OPERATIONAL,https://maps.google.com/?cid=N/A
N/A,KFC,26.382182699999998,50.1783078,restaurant,3.7,1926,OPERATIONAL,https://maps.google.com/?cid=N/A
N/A,Kebdat Hijazi,26.381605999999998,50.1782653,restaurant,4,1579,OPERATIONAL,https://maps.google.com/?cid=N/A
N/A,برغرايززر | Burgerizzr,26.3826099,50.1784354,restaurant,4.5,1835,OPERATIONAL,https://maps.google.com/?cid=N/A
N/A,Kudu - Al Safa - Dammam,26.3860893,50.1782225,restaurant,4.2,402,OPERATIONAL,https://maps.google.com/?cid=N/A
N/A,Popeyes,26.3859581,50.178224099999994,restaurant,4.4,805,OPERATIONAL,https://maps.google.com/?cid=N/A
N/A,Asyakh Alshawwaya Restaurant,26.388607999999998,50.1784058,restaurant,4.7,221,OPERATIONAL,https://maps.google.com/?cid=N/A
N/A,DOB Dining Hall,26.3837384,50.168321399999996,restaurant,3.5,57,OPERATIONAL,https://maps.google.com/?cid=N/A
N/A,Hardee's,26.3820277,50.1782694,restaurant,4,976,OPERATIONAL,https://maps.google.com/?cid=N/A
N/A,Mezbaan Raka,26.3880633,50.178352999999994,restaurant,3.8,72,OPERATIONAL,https://maps.google.com/?cid=N/A
N/A,BURDOG,26.3884696,50.1784129,restaurant,4.8,832,OPERATIONAL,https://maps.google.com/?cid=N/A
N/A,Domino's Pizza,26.388038599999998,50.178152999999995,restaurant,3.4,295,OPERATIONAL,https://maps.google.com/?cid=N/A
N/A,SALATA | سلاته,26.3884375,50.1783125,restaurant,4.7,128,OPERATIONAL,https://maps.google.com/?cid=N/A
N/A,Costa Coffee,26.391662999999998,50.177547,restaurant,2.5,23,OPERATIONAL,https://maps.google.com/?cid=N/A
N/A,Al Gosaibi Foods Company,26.400909799999997,50.1679095,restaurant,4,113,OPERATIONAL,https://maps.google.com/?cid=N/A
N/A,بوفية دار اليوم,26.379392799999998,50.170372799999996,restaurant,3,2,OPERATIONAL,https://maps.google.com/?cid=N/A
N/A,الميز,26.3952565,50.18209050000001,restaurant,3.7,6,OPERATIONAL,https://maps.google.com/?cid=N/A
N/A,Kudu - Al Safa - Dammam,26.3860893,50.1782225,restaurant,4.2,402,OPERATIONAL,https://maps.google.com/?cid=N/A
N/A,Popeyes,26.3859581,50.178224099999994,restaurant,4.4,805,OPERATIONAL,https://maps.google.com/?cid=N/A
N/A,Asyakh Alshawwaya Restaurant,26.388607999999998,50.1784058,restaurant,4.7,221,OPERATIONAL,https://maps.google.com/?cid=N/A
N/A,Mezbaan Raka,26.3880633,50.178352999999994,restaurant,3.8,72,OPERATIONAL,https://maps.google.com/?cid=N/A
N/A,Main Restaurant,26.3975536,50.1904432,restaurant,3.7,309,OPERATIONAL,https://maps.google.com/?cid=N/A
N/A,BURDOG,26.3884696,50.1784129,restaurant,4.8,832,OPERATIONAL,https://maps.google.com/?cid=N/A
N/A,Domino's Pizza,26.388038599999998,50.178152999999995,restaurant,3.4,295,OPERATIONAL,https://maps.google.com/?cid=N/A
N/A,SALATA | سلاته,26.3884375,50.1783125,restaurant,4.7,128,OPERATIONAL,https://maps.google.com/?cid=N/A
N/A,Costa Coffee,26.391662999999998,50.177547,restaurant,2.5,23,OPERATIONAL,https://maps.google.com/?cid=N/A
N/A,فود ترك low and slow,26.381306199999997,50.1827778,restaurant,4.9,45,OPERATIONAL,https://maps.google.com/?cid=N/A
N/A,Tasty Elements عناصر الذيذه,26.405062899999997,50.1844517,restaurant,3.8,8,OPERATIONAL,https://maps.google.com/?cid=N/A
N/A,Students' Canteen,26.3975518,50.1904597,restaurant,3.5,24,OPERATIONAL,https://maps.google.com/?cid=N/A
N/A,الميز,26.3952565,50.18209050000001,restaurant,3.7,6,OPERATIONAL,https://maps.google.com/?cid=N/A
N/A,Boys Ground Cafeteria,26.381836500000002,50.183340199999996,restaurant,2.3,7,OPERATIONAL,https://maps.google.com/?cid=N/A
N/A,مطاعم مقلوبة جهاد,26.383256499999998,50.1926936,restaurant,5,2,OPERATIONAL,https://maps.google.com/?cid=N/A
N/A,مطعم - تحت الإنشاء,26.3958901,50.2008368,restaurant,No rating,No reviews,OPERATIONAL,https://maps.google.com/?cid=N/A
N/A,مطعم لدنا الجبيل,26.383265800000004,50.1927161,restaurant,No rating,No reviews,OPERATIONAL,https://maps.google.com/?cid=N/A
N/A,لذة,26.3807509,50.183624099999996,restaurant,No rating,No reviews,OPERATIONAL,https://maps.google.com/?cid=N/A
N/A,مطعم - تحت الإنشاء,26.3958901,50.2008368,restaurant,No rating,No reviews,OPERATIONAL,https://maps.google.com/?cid=N/A
N/A,MY DOMI - ماي دومي - بحر الراكة,26.3880625,50.2353125,restaurant,4.2,146,OPERATIONAL,https://maps.google.com/?cid=N/A
N/A,Pastron Pasta,26.3872125,50.235953099999996,restaurant,4.4,41,OPERATIONAL,https://maps.google.com/?cid=N/A
N/A,ذرتي,26.3852571,50.235446,restaurant,4.5,17,OPERATIONAL,https://maps.google.com/?cid=N/A
N/A,بطاطس ابو موضي ٢,26.3917549,50.2336734,restaurant,4,9,OPERATIONAL,https://maps.google.com/?cid=N/A
N/A,Um Hanan Local Food,26.4032262,50.2260596,restaurant,4.9,23,OPERATIONAL,https://maps.google.com/?cid=N/A
N/A,3 يناير,26.386242199999998,50.2360019,restaurant,4.2,51,OPERATIONAL,https://maps.google.com/?cid=N/A
N/A,باستا وايز,26.3907338,50.234352699999995,restaurant,4.7,99,OPERATIONAL,https://maps.google.com/?cid=N/A
N/A,إندوفرايز Endofries,26.391004499999998,50.2341799,restaurant,4.5,34,OPERATIONAL,https://maps.google.com/?cid=N/A
N/A,OTARO,26.387418999999998,50.2359667,restaurant,5,19,OPERATIONAL,https://maps.google.com/?cid=N/A
N/A,عربة وفود ترك ام تركي,26.3918679,50.2338291,restaurant,5,16,OPERATIONAL,https://maps.google.com/?cid=N/A
N/A,مطعم حواء,26.388355699999998,50.2356202,restaurant,5,3,OPERATIONAL,https://maps.google.com/?cid=N/A
N/A,pasta wise,26.390454499999997,50.234492499999995,restaurant,5,27,OPERATIONAL,https://maps.google.com/?cid=N/A
N/A,بوتيروس باشا,26.405177,50.2255663,restaurant,No rating,No reviews,OPERATIONAL,https://maps.google.com/?cid=N/A
N/A,BiSoeet,26.392774,50.2324309,restaurant,5,7,OPERATIONAL,https://maps.google.com/?cid=N/A
N/A,Shokah,26.391237500000003,50.2333906,restaurant,5,4,OPERATIONAL,https://maps.google.com/?cid=N/A
N/A,ابوراشد ام راشد اللاكلات الشعبية,26.3924454,50.2333033,restaurant,5,5,OPERATIONAL,https://maps.google.com/?cid=N/A
N/A,شاي جمر,26.4011775,50.227481499999996,restaurant,5,1,OPERATIONAL,https://maps.google.com/?cid=N/A
N/A,BUN RUN BURGER 🍔 بان ران برقر,26.391895599999998,50.2336935,restaurant,4.8,25,OPERATIONAL,https://maps.google.com/?cid=N/A
N/A,مطعم ركن الشرقية البخاري,26.410021399999998,49.986998899999996,restaurant,3.2,36,OPERATIONAL,https://maps.google.com/?cid=N/A
N/A,مطعم أصل اللذائذ لتقديم الوجبات,26.418051,49.9842501,restaurant,3.3,73,OPERATIONAL,https://maps.google.com/?cid=N/A
N/A,مطعم اطياف رنيم,26.4073826,49.9879609,restaurant,3,179,OPERATIONAL,https://maps.google.com/?cid=N/A
N/A,Burger Almashvi,26.4102021,49.9875427,restaurant,4.1,60,OPERATIONAL,https://maps.google.com/?cid=N/A
N/A,مطعم ليالي الضاحية,26.4180475,49.9841945,restaurant,4.7,90,OPERATIONAL,https://maps.google.com/?cid=N/A
N/A,واقــف برجـر ( الضاحية ) - BURGER WAQF,26.417573599999997,50.0051693,restaurant,4.2,649,OPERATIONAL,https://maps.google.com/?cid=N/A
N/A,Kebdat Hijazi,26.4168791,50.004756199999996,restaurant,4,1767,OPERATIONAL,https://maps.google.com/?cid=N/A
N/A,بروستد كوخ الكتكوت,26.419871399999998,49.9967778,restaurant,4.5,100,OPERATIONAL,https://maps.google.com/?cid=N/A
N/A,ورق عنب الشرقية grape leaves,26.417744499999998,50.004378700000004,restaurant,4.2,148,OPERATIONAL,https://maps.google.com/?cid=N/A
N/A,معجنات نور الشام فرع2 الضاحية,26.4156651,50.0007947,restaurant,4.6,82,OPERATIONAL,https://maps.google.com/?cid=N/A
N/A,مطعم النكهه الفاخره,26.419854700000002,49.996777699999996,restaurant,3.7,188,OPERATIONAL,https://maps.google.com/?cid=N/A
N/A,مطعم كباب الفسطاط,26.411318299999998,50.0048332,restaurant,3.8,106,OPERATIONAL,https://maps.google.com/?cid=N/A
N/A,بوفية قمة الضاحية,26.4113518,49.9895979,restaurant,3.5,105,OPERATIONAL,https://maps.google.com/?cid=N/A
N/A,مطعم ركني الشيف البخاري,26.416531199999998,50.0053367,restaurant,3.6,112,OPERATIONAL,https://maps.google.com/?cid=N/A
N/A,معصوبي,26.416900899999998,50.004760499999996,restaurant,4.6,106,OPERATIONAL,https://maps.google.com/?cid=N/A
N/A,مطعم شموخ عدن للاكلات الشعبيه,26.414485,49.9919045,restaurant,4.2,53,OPERATIONAL,https://maps.google.com/?cid=N/A
N/A,مطعم ركن الشرقية البخاري,26.410021399999998,49.986998899999996,restaurant,3.2,36,OPERATIONAL,https://maps.google.com/?cid=N/A
N/A,بروست تشكن فاير,26.4172127,50.0046914,restaurant,4,60,OPERATIONAL,https://maps.google.com/?cid=N/A
N/A,بيتزا كيو الضاحية بيتزا معجنات فطائر,26.411165999999998,49.9897393,restaurant,4,48,OPERATIONAL,https://maps.google.com/?cid=N/A
N/A,Zaman dressing - suburb,26.419714,49.9969718,restaurant,3.6,148,OPERATIONAL,https://maps.google.com/?cid=N/A
N/A,مطعم أصل اللذائذ لتقديم الوجبات,26.418051,49.9842501,restaurant,3.3,73,OPERATIONAL,https://maps.google.com/?cid=N/A
N/A,بوفية لمار الضاحيه,26.4036036,50.003153499999996,restaurant,3.9,47,OPERATIONAL,https://maps.google.com/?cid=N/A
N/A,مطعم اطياف رنيم,26.4073826,49.9879609,restaurant,3,179,OPERATIONAL,https://maps.google.com/?cid=N/A
N/A,مطاعم طلة الخير البخاري,26.4038038,50.003057,restaurant,3.9,82,OPERATIONAL,https://maps.google.com/?cid=N/A
N/A,كنافة الهنا فرع الضاحيه,26.4177689,50.004376,restaurant,4.2,31,OPERATIONAL,https://maps.google.com/?cid=N/A
N/A,عريكة عم قاسم الأصلية,26.4157565,50.0239696,restaurant,4.1,497,OPERATIONAL,https://maps.google.com/?cid=N/A
N/A,Herfy,26.419625099999998,50.0200807,restaurant,3.7,3402,OPERATIONAL,https://maps.google.com/?cid=N/A
N/A,مطعم ولائم الطاهي,26.405355699999998,50.01583180000001,restaurant,3.9,1070,OPERATIONAL,https://maps.google.com/?cid=N/A
N/A,واقــف برجـر ( الضاحية ) - BURGER WAQF,26.417573599999997,50.0051693,restaurant,4.2,649,OPERATIONAL,https://maps.google.com/?cid=N/A
N/A,حاشيكم,26.4151913,50.0228567,restaurant,3.9,1250,OPERATIONAL,https://maps.google.com/?cid=N/A
N/A,مطعم نواف البخاري,26.420411599999998,50.003658699999995,restaurant,4.3,868,OPERATIONAL,https://maps.google.com/?cid=N/A
N/A,بروستد كرم 2,26.4191407,50.019310399999995,restaurant,4.1,730,OPERATIONAL,https://maps.google.com/?cid=N/A
N/A,شاورمجي | SHAWERMAGY,26.419882899999998,50.003618800000005,restaurant,4.1,2913,OPERATIONAL,https://maps.google.com/?cid=N/A
N/A,مطعم تكتكة المضغوط,26.4185251,50.0192074,restaurant,4.3,197,OPERATIONAL,https://maps.google.com/?cid=N/A
N/A,Kebdat Hijazi,26.4168791,50.004756199999996,restaurant,4,1767,OPERATIONAL,https://maps.google.com/?cid=N/A
N/A,مطعم مالح حلو | الدمام - حي النور,26.4190978,50.019194,restaurant,4.5,368,OPERATIONAL,https://maps.google.com/?cid=N/A
N/A,Barn's | بارنز,26.4071547,50.014049799999995,restaurant,4,207,OPERATIONAL,https://maps.google.com/?cid=N/A
N/A,Falafel Jasmine Sham,26.411769399999997,50.0173485,restaurant,4.3,791,OPERATIONAL,https://maps.google.com/?cid=N/A
N/A,Classico Diet,26.418571399999998,50.017965,restaurant,4.5,164,OPERATIONAL,https://maps.google.com/?cid=N/A
N/A,Bashvot restaurant,26.421678399999998,50.0026954,restaurant,3.6,441,OPERATIONAL,https://maps.google.com/?cid=N/A
N/A,Fawal Al Taif,26.4114139,50.0165717,restaurant,3.8,940,OPERATIONAL,https://maps.google.com/?cid=N/A
N/A,مطبخ ومطعم ديار العز,26.4035798,50.0184858,restaurant,4.6,124,OPERATIONAL,https://maps.google.com/?cid=N/A
N/A,مطعم حدائق طابا,26.411279699999998,50.0153094,restaurant,3.8,667,OPERATIONAL,https://maps.google.com/?cid=N/A
N/A,بوفية تسالي الشرقية,26.404057299999998,50.0185307,restaurant,4,364,OPERATIONAL,https://maps.google.com/?cid=N/A
N/A,McDonald's,26.423391,50.029582,restaurant,3.6,2308,OPERATIONAL,https://maps.google.com/?cid=N/A
N/A,الرواق الشعبي - حي بدر,26.4120705,50.0322183,restaurant,4,1847,OPERATIONAL,https://maps.google.com/?cid=N/A
N/A,McDonald's,26.404439999999997,50.03745,restaurant,3.7,4265,OPERATIONAL,https://maps.google.com/?cid=N/A
N/A,Vitamin Palace,26.4182518,50.0286222,restaurant,4,4113,OPERATIONAL,https://maps.google.com/?cid=N/A
N/A,عريكة عم قاسم الأصلية,26.4157565,50.0239696,restaurant,4.1,497,OPERATIONAL,https://maps.google.com/?cid=N/A
N/A,AlRafidain Restaurant,26.415902199999998,50.0253607,restaurant,4.3,3472,OPERATIONAL,https://maps.google.com/?cid=N/A
N/A,Baba Khabbaz,26.4075284,50.036011099999996,restaurant,4.2,2354,OPERATIONAL,https://maps.google.com/?cid=N/A
N/A,Restaurants Abu Hilal,26.411363100000003,50.0333091,restaurant,4.2,3776,OPERATIONAL,https://maps.google.com/?cid=N/A
N/A,Alghamdi Beans and Bread,26.418751099999998,50.030907799999994,restaurant,4.2,1589,OPERATIONAL,https://maps.google.com/?cid=N/A
N/A,مطاعم أبو هلال,26.421022500000003,50.0236829,restaurant,4.1,858,OPERATIONAL,https://maps.google.com/?cid=N/A
N/A,Samadeeraty Restaurant,26.4098518,50.0343595,restaurant,3.9,3153,OPERATIONAL,https://maps.google.com/?cid=N/A
N/A,Al Rafidain Grills,26.4218497,50.0256031,restaurant,4.5,2637,OPERATIONAL,https://maps.google.com/?cid=N/A
N/A,فلافي كلاود﻿س,26.422902099999998,50.027547999999996,restaurant,4.1,646,OPERATIONAL,https://maps.google.com/?cid=N/A
N/A,مطعم سمك ورز للمأكولات البحرية (Fish & Rice Seafood Restaurant),26.4167295,50.026851799999996,restaurant,4.6,1164,OPERATIONAL,https://maps.google.com/?cid=N/A
N/A,Qasr Al Ratem,26.4214172,50.0250718,restaurant,3.9,1290,OPERATIONAL,https://maps.google.com/?cid=N/A
N/A,Rahal,26.416156299999997,50.0299153,restaurant,4.1,1431,OPERATIONAL,https://maps.google.com/?cid=N/A
N/A,Herfy,26.419625099999998,50.0200807,restaurant,3.7,3402,OPERATIONAL,https://maps.google.com/?cid=N/A
N/A,مطاعم مأدبه (ماكولات خليجيه ),26.4030688,50.03907710000001,restaurant,4.1,1183,OPERATIONAL,https://maps.google.com/?cid=N/A
N/A,حاشيكم,26.4151913,50.0228567,restaurant,3.9,1250,OPERATIONAL,https://maps.google.com/?cid=N/A
N/A,Mama Noura,26.4052713,50.056545299999996,restaurant,3.9,4118,OPERATIONAL,https://maps.google.com/?cid=N/A
N/A,Al Tazaj,26.404679899999998,50.0550038,restaurant,3.6,5088,OPERATIONAL,https://maps.google.com/?cid=N/A
N/A,Cocktail Mazza,26.402488899999998,50.0512902,restaurant,4.1,4004,OPERATIONAL,https://maps.google.com/?cid=N/A
N/A,Zad Al Sultan - Uhud,26.4054052,50.0568531,restaurant,4.4,1290,OPERATIONAL,https://maps.google.com/?cid=N/A
N/A,Tikkaway,26.401554899999997,50.049242799999995,restaurant,4.4,1490,OPERATIONAL,https://maps.google.com/?cid=N/A
N/A,Madghout Touhama,26.3992424,50.0447803,restaurant,4.2,4844,OPERATIONAL,https://maps.google.com/?cid=N/A
N/A,الرواق الشعبي - حي بدر,26.4120705,50.0322183,restaurant,4,1847,OPERATIONAL,https://maps.google.com/?cid=N/A
N/A,مقلط الفريج الفيصلية,26.3981946,50.046638599999994,restaurant,4.5,6648,OPERATIONAL,https://maps.google.com/?cid=N/A
N/A,McDonald's,26.404439999999997,50.03745,restaurant,3.7,4265,OPERATIONAL,https://maps.google.com/?cid=N/A
N/A,شواية الخليج‎,26.401562499999997,50.040437499999996,restaurant,4.1,4166,OPERATIONAL,https://maps.google.com/?cid=N/A
N/A,Kufa,26.402570899999997,50.051403199999996,restaurant,4.1,6842,OPERATIONAL,https://maps.google.com/?cid=N/A
N/A,Falafel Pie | فطيرة الفلافل,26.4113704,50.0567253,restaurant,3.9,2359,OPERATIONAL,https://maps.google.com/?cid=N/A
N/A,McDonald's,26.404125,50.057959,restaurant,3.8,7742,OPERATIONAL,https://maps.google.com/?cid=N/A
N/A,مظبيكم,26.3995006,50.0454307,restaurant,4.1,1308,OPERATIONAL,https://maps.google.com/?cid=N/A
N/A,ALKOOT Restaurant,26.411673999999998,50.0554835,restaurant,3.9,1010,OPERATIONAL,https://maps.google.com/?cid=N/A
N/A,Casapasta | كازاباستا,26.4037829,50.0575103,restaurant,3.8,2419,OPERATIONAL,https://maps.google.com/?cid=N/A
N/A,Mozon,26.3979738,50.046833199999995,restaurant,3.6,627,OPERATIONAL,https://maps.google.com/?cid=N/A
N/A,Baba Khabbaz,26.4075284,50.036011099999996,restaurant,4.2,2354,OPERATIONAL,https://maps.google.com/?cid=N/A
N/A,مطعم رايق,26.409348700000002,50.057556299999995,restaurant,3.8,537,OPERATIONAL,https://maps.google.com/?cid=N/A
N/A,Abuzaid restaurant,26.399436299999998,50.0451021,restaurant,3.9,1333,OPERATIONAL,https://maps.google.com/?cid=N/A
N/A,Mama Noura,26.4052713,50.056545299999996,restaurant,3.9,4118,OPERATIONAL,https://maps.google.com/?cid=N/A
N/A,AlRomansiah Restaurant,26.4058688,50.0615876,restaurant,4.1,16820,OPERATIONAL,https://maps.google.com/?cid=N/A
N/A,Al Tazaj,26.404679899999998,50.0550038,restaurant,3.6,5088,OPERATIONAL,https://maps.google.com/?cid=N/A
N/A,Zad Al Sultan - Uhud,26.4054052,50.0568531,restaurant,4.4,1290,OPERATIONAL,https://maps.google.com/?cid=N/A
N/A,بوفية عمر الفيصلية,26.401582899999998,50.064097800000006,restaurant,4.1,1600,OPERATIONAL,https://maps.google.com/?cid=N/A
N/A,alyahya bakeries,26.4050485,50.062115,restaurant,4.5,2306,OPERATIONAL,https://maps.google.com/?cid=N/A
N/A,McDonald's,26.404125,50.057959,restaurant,3.8,7742,OPERATIONAL,https://maps.google.com/?cid=N/A
N/A,Falafel Pie | فطيرة الفلافل,26.4113704,50.0567253,restaurant,3.9,2359,OPERATIONAL,https://maps.google.com/?cid=N/A
N/A,مطعم الرواق الشعبي فرع القادسية,26.4140357,50.0687078,restaurant,4,3146,OPERATIONAL,https://maps.google.com/?cid=N/A
N/A,Casapasta | كازاباستا,26.4037829,50.0575103,restaurant,3.8,2419,OPERATIONAL,https://maps.google.com/?cid=N/A
N/A,ALKOOT Restaurant,26.411673999999998,50.0554835,restaurant,3.9,1010,OPERATIONAL,https://maps.google.com/?cid=N/A
N/A,مطعم رايق,26.409348700000002,50.057556299999995,restaurant,3.8,537,OPERATIONAL,https://maps.google.com/?cid=N/A
N/A,Romansi Al Sharqiya,26.4143017,50.0543379,restaurant,3.9,2234,OPERATIONAL,https://maps.google.com/?cid=N/A
N/A,Alkabsa Alhasawiya Restaurant,26.4166141,50.0514388,restaurant,3.9,3249,OPERATIONAL,https://maps.google.com/?cid=N/A
N/A,Barn's | بارنز,26.4134936,50.073779599999995,restaurant,4.2,968,OPERATIONAL,https://maps.google.com/?cid=N/A
N/A,Ghawi Falafel | غاوي فلافل,26.407071799999997,50.0676667,restaurant,4.3,852,OPERATIONAL,https://maps.google.com/?cid=N/A
N/A,MAZA RESTAURANT,26.412959999999998,50.0543596,restaurant,3.9,1930,OPERATIONAL,https://maps.google.com/?cid=N/A
N/A,باست,26.403861,50.0541254,restaurant,4.3,379,OPERATIONAL,https://maps.google.com/?cid=N/A
N/A,برغرايززر | Burgerizzr,26.403568,50.063466999999996,restaurant,4.1,1653,OPERATIONAL,https://maps.google.com/?cid=N/A
N/A,lahza | لحظة,26.4100741,50.0568575,restaurant,4,701,OPERATIONAL,https://maps.google.com/?cid=N/A
N/A,ARCHI,26.411773600000004,50.093381699999995,restaurant,4.1,1148,OPERATIONAL,https://maps.google.com/?cid=N/A
N/A,Kufa,26.417508299999998,50.0818185,restaurant,4.1,6008,OPERATIONAL,https://maps.google.com/?cid=N/A
N/A,مطعم الرواق الشعبي فرع القادسية,26.4140357,50.0687078,restaurant,4,3146,OPERATIONAL,https://maps.google.com/?cid=N/A
N/A,مشويات البراحة,26.422694099999998,50.0788727,restaurant,4.2,2875,OPERATIONAL,https://maps.google.com/?cid=N/A
N/A,بيلا سويت | Billa sweet,26.4120529,50.096745999999996,restaurant,4.1,1554,OPERATIONAL,https://maps.google.com/?cid=N/A
N/A,Kabana Restaurants,26.421773599999998,50.085260899999994,restaurant,4.1,1425,OPERATIONAL,https://maps.google.com/?cid=N/A
N/A,Past | باست,26.4002342,50.0748132,restaurant,4.4,421,OPERATIONAL,https://maps.google.com/?cid=N/A
N/A,Barn's | بارنز,26.4134936,50.073779599999995,restaurant,4.2,968,OPERATIONAL,https://maps.google.com/?cid=N/A
N/A,McDonald's,26.399303,50.075584,restaurant,3.2,466,OPERATIONAL,https://maps.google.com/?cid=N/A
N/A,Falafel Rabieh,26.423748699999997,50.0799643,restaurant,4.2,3603,OPERATIONAL,https://maps.google.com/?cid=N/A
N/A,McDonald's,26.415105999999998,50.076997999999996,restaurant,3.7,4646,OPERATIONAL,https://maps.google.com/?cid=N/A
N/A,بوفية شيربا,26.4070042,50.0678178,restaurant,4.1,1020,OPERATIONAL,https://maps.google.com/?cid=N/A
N/A,بوفية الرزق للأكلات الشعبية,26.420043399999997,50.0892542,restaurant,4.2,1638,OPERATIONAL,https://maps.google.com/?cid=N/A
N/A,Clean Protein | كلين بروتين,26.405052299999998,50.0694884,restaurant,4,1263,OPERATIONAL,https://maps.google.com/?cid=N/A
N/A,Al lahib,26.405403399999997,50.0831703,restaurant,3.9,287,OPERATIONAL,https://maps.google.com/?cid=N/A
N/A,Mishwar,26.3981599,50.0877157,restaurant,3.7,1092,OPERATIONAL,https://maps.google.com/?cid=N/A
N/A,فاي phi,26.399930299999998,50.0753476,restaurant,4.3,255,OPERATIONAL,https://maps.google.com/?cid=N/A
N/A,Little Caesars Pizza! Pizza! !ليتل سيزرز بيتزا! بيتزا,26.4027645,50.084797699999996,restaurant,4,1070,OPERATIONAL,https://maps.google.com/?cid=N/A
N/A,AlBaik,26.412871,50.110655,restaurant,4.1,12966,OPERATIONAL,https://maps.google.com/?cid=N/A
N/A,ARCHI,26.411773600000004,50.093381699999995,restaurant,4.1,1148,OPERATIONAL,https://maps.google.com/?cid=N/A
N/A,Pickup Burger,26.4111653,50.109001299999996,restaurant,4.5,1512,OPERATIONAL,https://maps.google.com/?cid=N/A
N/A,And salad,26.410954099999998,50.108980599999995,restaurant,4.1,941,OPERATIONAL,https://maps.google.com/?cid=N/A
N/A,McDonald's,26.41561,50.108993,restaurant,3.8,4375,OPERATIONAL,https://maps.google.com/?cid=N/A
N/A,KOKORO (Dammam),26.4112361,50.1091324,restaurant,4.6,459,OPERATIONAL,https://maps.google.com/?cid=N/A
N/A,Sofret fayzah,26.4047564,50.102257099999996,restaurant,4.3,4147,OPERATIONAL,https://maps.google.com/?cid=N/A
N/A,All Day,26.4048886,50.1021526,restaurant,4.4,1954,OPERATIONAL,https://maps.google.com/?cid=N/A
N/A,Weber Burger,26.401653699999997,50.1051323,restaurant,4.6,2034,OPERATIONAL,https://maps.google.com/?cid=N/A
N/A,بيلا سويت | Billa sweet,26.4120529,50.096745999999996,restaurant,4.1,1554,OPERATIONAL,https://maps.google.com/?cid=N/A
N/A,AL Shallal Pastry,26.401105899999997,50.0989602,restaurant,4.3,551,OPERATIONAL,https://maps.google.com/?cid=N/A
N/A,Eastern Coast - Seafood,26.417952,50.112148,restaurant,4.2,2371,OPERATIONAL,https://maps.google.com/?cid=N/A
N/A,Maoon Restarunt,26.4018511,50.105152,restaurant,4.5,943,OPERATIONAL,https://maps.google.com/?cid=N/A
N/A,Lazona,26.4044312,50.106699199999994,restaurant,4.1,446,OPERATIONAL,https://maps.google.com/?cid=N/A
N/A,Lghawees | لغاويص,26.401492299999997,50.1050336,restaurant,3.8,1095,OPERATIONAL,https://maps.google.com/?cid=N/A
N/A,مطعم ميدار للمأكولات البحرية medar,26.4006375,50.098066200000005,restaurant,4.2,1168,OPERATIONAL,https://maps.google.com/?cid=N/A
N/A,مطعم المضياف (النزهه),26.401363399999997,50.1050062,restaurant,4,791,OPERATIONAL,https://maps.google.com/?cid=N/A
N/A,Romansi Al Sharqiya,26.4067433,50.1077222,restaurant,4.3,594,OPERATIONAL,https://maps.google.com/?cid=N/A
N/A,KFC,26.4097229,50.1088424,restaurant,3.4,1647,OPERATIONAL,https://maps.google.com/?cid=N/A
N/A,Madeleine Boutique,26.4063195,50.101053799999995,restaurant,4,188,OPERATIONAL,https://maps.google.com/?cid=N/A
N/A,AlBaik,26.412871,50.110655,restaurant,4.1,12966,OPERATIONAL,https://maps.google.com/?cid=N/A
N/A,Pickup Burger,26.4111653,50.109001299999996,restaurant,4.5,1512,OPERATIONAL,https://maps.google.com/?cid=N/A
N/A,Al Tazaj,26.4007081,50.1144646,restaurant,3.6,2341,OPERATIONAL,https://maps.google.com/?cid=N/A
N/A,And salad,26.410954099999998,50.108980599999995,restaurant,4.1,941,OPERATIONAL,https://maps.google.com/?cid=N/A
N/A,McDonald's,26.41561,50.108993,restaurant,3.8,4375,OPERATIONAL,https://maps.google.com/?cid=N/A
N/A,KOKORO (Dammam),26.4112361,50.1091324,restaurant,4.6,459,OPERATIONAL,https://maps.google.com/?cid=N/A
N/A,Eastern Coast - Seafood,26.417952,50.112148,restaurant,4.2,2371,OPERATIONAL,https://maps.google.com/?cid=N/A
N/A,Madghout Thahamah MT Restuarant,26.414629899999998,50.117655799999994,restaurant,4.2,3030,OPERATIONAL,https://maps.google.com/?cid=N/A
N/A,Abu Hilal Restaurant,26.4141479,50.1197464,restaurant,4.2,2159,OPERATIONAL,https://maps.google.com/?cid=N/A
N/A,Lazona,26.4044312,50.106699199999994,restaurant,4.1,446,OPERATIONAL,https://maps.google.com/?cid=N/A
N/A,ADNOC Service Station | King Fahad Rd. (2016),26.409939299999998,50.133268199999996,restaurant,4.1,196,OPERATIONAL,https://maps.google.com/?cid=N/A
N/A,Damascus Gardens Pastries Restaurant,26.412203299999998,50.1222866,restaurant,4.2,2845,OPERATIONAL,https://maps.google.com/?cid=N/A
N/A,"Red Table Restaurant, Abdullah Fouad Branch",26.4224581,50.1136254,restaurant,3.9,2115,OPERATIONAL,https://maps.google.com/?cid=N/A
N/A,Romansi Al Sharqiya,26.4067433,50.1077222,restaurant,4.3,594,OPERATIONAL,https://maps.google.com/?cid=N/A
N/A,KFC,26.4097229,50.1088424,restaurant,3.4,1647,OPERATIONAL,https://maps.google.com/?cid=N/A
N/A,McDonald's,26.400232,50.117458,restaurant,3.6,981,OPERATIONAL,https://maps.google.com/?cid=N/A
N/A,Sendebad Pastries,26.418814700000002,50.114916400000006,restaurant,4.2,1764,OPERATIONAL,https://maps.google.com/?cid=N/A
N/A,Rabieh Falafel,26.415334599999998,50.117299599999996,restaurant,4.2,1631,OPERATIONAL,https://maps.google.com/?cid=N/A
N/A,Kudu - Fatima Zahra Street,26.415168599999998,50.1175267,restaurant,3.9,1141,OPERATIONAL,https://maps.google.com/?cid=N/A
N/A,ALKARAK,26.4142373,50.1196409,restaurant,4.2,1328,OPERATIONAL,https://maps.google.com/?cid=N/A
N/A,ADNOC Service Station | King Fahad Rd. (2016),26.409939299999998,50.133268199999996,restaurant,4.1,196,OPERATIONAL,https://maps.google.com/?cid=N/A
N/A,Damascus Gardens Pastries Restaurant,26.412203299999998,50.1222866,restaurant,4.2,2845,OPERATIONAL,https://maps.google.com/?cid=N/A
N/A,Domino's,26.411339800000004,50.123994700000004,restaurant,4.1,589,OPERATIONAL,https://maps.google.com/?cid=N/A
N/A,Rakah Modern Restaurant,26.4021421,50.1396291,restaurant,3.8,699,OPERATIONAL,https://maps.google.com/?cid=N/A
N/A,Modon Alam Pakistani Restaurant,26.4154268,50.150340199999995,restaurant,4.2,129,OPERATIONAL,https://maps.google.com/?cid=N/A
N/A,Khalidiya Restaurant,26.405712599999998,50.1453692,restaurant,3.8,145,OPERATIONAL,https://maps.google.com/?cid=N/A
N/A,Mehran Restaurant | مطعم مهران,26.415923799999998,50.1480724,restaurant,4.4,58,OPERATIONAL,https://maps.google.com/?cid=N/A
N/A,زهور الفاو,26.414015,50.135323299999996,restaurant,3.8,27,OPERATIONAL,https://maps.google.com/?cid=N/A
N/A,مطعم شباب خلیجی بخاري shabab khaleeji restaurant,26.402070000000002,50.139716,restaurant,3.9,20,OPERATIONAL,https://maps.google.com/?cid=N/A
N/A,Mix Meals,26.4095978,50.1329786,restaurant,4.4,20,OPERATIONAL,https://maps.google.com/?cid=N/A
N/A,The Square Restaurant,26.407518,50.138687999999995,restaurant,3.6,35,OPERATIONAL,https://maps.google.com/?cid=N/A
N/A,مطعم سكبة الاولى,26.401957,50.1397628,restaurant,3.3,15,OPERATIONAL,https://maps.google.com/?cid=N/A
N/A,Shojib,26.4185868,50.1421444,restaurant,1,1,OPERATIONAL,https://maps.google.com/?cid=N/A
N/A,Shabab khaleeji Restaurant مطعم شباب خلیجی,26.402102199999998,50.1396599,restaurant,No rating,No reviews,OPERATIONAL,https://maps.google.com/?cid=N/A
N/A,Lalazar The Continental Flavours Restaurant,26.4116292,50.1236941,restaurant,No rating,No reviews,OPERATIONAL,https://maps.google.com/?cid=N/A
N/A,ورق عنب مهدي,26.415244899999998,50.122802400000005,restaurant,No rating,No reviews,OPERATIONAL,https://maps.google.com/?cid=N/A
N/A,Srilankan Kandy Restaurant,26.4171732,50.1606929,restaurant,4,396,OPERATIONAL,https://maps.google.com/?cid=N/A
N/A,Malabar restaurant,26.4157208,50.1655859,restaurant,3.8,265,OPERATIONAL,https://maps.google.com/?cid=N/A
N/A,Modon Alam Pakistani Restaurant,26.4154268,50.150340199999995,restaurant,4.2,129,OPERATIONAL,https://maps.google.com/?cid=N/A
N/A,"فرايزون Frizone (الخالديه الجنوبيه , الميناء)",26.4189669,50.1615371,restaurant,3.9,68,OPERATIONAL,https://maps.google.com/?cid=N/A
N/A,Khalidiya Restaurant,26.405712599999998,50.1453692,restaurant,3.8,145,OPERATIONAL,https://maps.google.com/?cid=N/A
N/A,Madina Restaurant,26.417883200000002,50.160958199999996,restaurant,3.8,120,OPERATIONAL,https://maps.google.com/?cid=N/A
N/A,Meena,26.4181724,50.164603899999996,restaurant,4.3,71,OPERATIONAL,https://maps.google.com/?cid=N/A
N/A,Mehran Restaurant | مطعم مهران,26.415923799999998,50.1480724,restaurant,4.4,58,OPERATIONAL,https://maps.google.com/?cid=N/A
N/A,مطعم يحيى الذهبي البخاري,26.418487,50.161302,restaurant,4,110,OPERATIONAL,https://maps.google.com/?cid=N/A
N/A,Saihati restaurant,26.4032083,50.159605299999996,restaurant,4.3,43,OPERATIONAL,https://maps.google.com/?cid=N/A
N/A,Mina hotel,26.4157247,50.1617684,restaurant,4.4,8,OPERATIONAL,https://maps.google.com/?cid=N/A
N/A,Furooj Delicious Taste فروج الطعم اللذيذ,26.4174212,50.160742,restaurant,3.6,14,OPERATIONAL,https://maps.google.com/?cid=N/A
N/A,Kashmir Cafe مطعم سفرة الأرز,26.416314399999997,50.1601505,restaurant,4,36,OPERATIONAL,https://maps.google.com/?cid=N/A
N/A,مطبخ الخيمة الكبيره,26.4181796,50.164585699999996,restaurant,4.7,19,OPERATIONAL,https://maps.google.com/?cid=N/A
N/A,Maimona Restaurant,26.417117899999997,50.160564199999996,restaurant,3.9,46,OPERATIONAL,https://maps.google.com/?cid=N/A
N/A,SAHEL AL MENA RESTAURANT مطعم سهل الميناء,26.4101961,50.1559733,restaurant,2.6,11,OPERATIONAL,https://maps.google.com/?cid=N/A
N/A,3star Indian hotel (Tamil),26.416475600000002,50.1603941,restaurant,2.8,4,OPERATIONAL,https://maps.google.com/?cid=N/A
N/A,مطعم غوري البخاري باكستاني,26.4172096,50.1607073,restaurant,3.7,41,OPERATIONAL,https://maps.google.com/?cid=N/A
N/A,فوال نور الصباح,26.418498099999997,50.1612699,restaurant,3.5,26,OPERATIONAL,https://maps.google.com/?cid=N/A
N/A,Dess pardess .Pakistani restaurant,26.4174647,50.166603800000004,restaurant,5,2,OPERATIONAL,https://maps.google.com/?cid=N/A
N/A,Diwan Lounge,26.412550799999998,50.1733147,restaurant,4,2118,OPERATIONAL,https://maps.google.com/?cid=N/A
N/A,مطعم شوايه صحاري,26.414975,50.170525999999995,restaurant,4.1,760,OPERATIONAL,https://maps.google.com/?cid=N/A
N/A,باكستاني مطعم تاج الامتياز Pakistani restaurant,26.4167575,50.173523499999995,restaurant,4.3,81,OPERATIONAL,https://maps.google.com/?cid=N/A
N/A,مطعم دروازة البيت للأكلات الشعبية,26.4140212,50.1745253,restaurant,4.5,610,OPERATIONAL,https://maps.google.com/?cid=N/A
N/A,Malabar restaurant,26.4157208,50.1655859,restaurant,3.8,265,OPERATIONAL,https://maps.google.com/?cid=N/A
N/A,Srilankan Kandy Restaurant,26.4171732,50.1606929,restaurant,4,396,OPERATIONAL,https://maps.google.com/?cid=N/A
N/A,Zaman Awal,26.4147484,50.170135300000005,restaurant,4.4,130,OPERATIONAL,https://maps.google.com/?cid=N/A
N/A,مطعم شباب عنك البخاري,26.4166076,50.172435,restaurant,3.9,266,OPERATIONAL,https://maps.google.com/?cid=N/A
N/A,Herfy,26.4151028,50.170287099999996,restaurant,3.5,789,OPERATIONAL,https://maps.google.com/?cid=N/A
N/A,Mumtaz restaurant pakistani,26.415255,50.174959799999996,restaurant,4.8,18,OPERATIONAL,https://maps.google.com/?cid=N/A
N/A,"فرايزون Frizone (الخالديه الجنوبيه , الميناء)",26.4189669,50.1615371,restaurant,3.9,68,OPERATIONAL,https://maps.google.com/?cid=N/A
N/A,Madina Restaurant,26.417883200000002,50.160958199999996,restaurant,3.8,120,OPERATIONAL,https://maps.google.com/?cid=N/A
N/A,Meena,26.4181724,50.164603899999996,restaurant,4.3,71,OPERATIONAL,https://maps.google.com/?cid=N/A
N/A,Boofia Almakhtas بوفيه يد المختص,26.4155697,50.1695184,restaurant,4.3,31,OPERATIONAL,https://maps.google.com/?cid=N/A
N/A,مطعم يحيى الذهبي البخاري,26.418487,50.161302,restaurant,4,110,OPERATIONAL,https://maps.google.com/?cid=N/A
N/A,Rummaan Hyderabadi Restaurant - Dammam Seaport,26.416840099999998,50.1731699,restaurant,3.6,9,OPERATIONAL,https://maps.google.com/?cid=N/A
N/A,مطعم قلعه السعادة,26.4147529,50.1753682,restaurant,3.9,19,OPERATIONAL,https://maps.google.com/?cid=N/A
N/A,فوال ومخبز جود النخيل,26.414748499999998,50.1699103,restaurant,4.1,23,OPERATIONAL,https://maps.google.com/?cid=N/A
N/A,Thamees Dhukkan,26.410928799999997,50.1802071,restaurant,4.1,122,OPERATIONAL,https://maps.google.com/?cid=N/A
N/A,ANJIK Restaurant,26.4076406,50.188668299999996,restaurant,4.3,2779,OPERATIONAL,https://maps.google.com/?cid=N/A
N/A,Main Restaurant,26.3975536,50.1904432,restaurant,3.7,309,OPERATIONAL,https://maps.google.com/?cid=N/A
N/A,بوفية سور المذاق,26.4064332,50.1867269,restaurant,4.5,72,OPERATIONAL,https://maps.google.com/?cid=N/A
N/A,Thamees Dhukkan,26.410928799999997,50.1802071,restaurant,4.1,122,OPERATIONAL,https://maps.google.com/?cid=N/A
N/A,Bomboloni بومبولوني,26.4078067,50.188981399999996,restaurant,4.4,109,OPERATIONAL,https://maps.google.com/?cid=N/A
N/A,بوفية النورس الأولى,26.4107941,50.180295099999995,restaurant,3.9,14,OPERATIONAL,https://maps.google.com/?cid=N/A
N/A,مطبخ شغف للحفلات والولائم Passion of Catering,26.410515099999998,50.1809327,restaurant,3.8,24,OPERATIONAL,https://maps.google.com/?cid=N/A
N/A,Tasty Elements عناصر الذيذه,26.405062899999997,50.1844517,restaurant,3.8,8,OPERATIONAL,https://maps.google.com/?cid=N/A
N/A,اقبال للمأكولات الشعبية,26.4077225,50.189848999999995,restaurant,5,23,OPERATIONAL,https://maps.google.com/?cid=N/A
N/A,Students' Canteen,26.3975518,50.1904597,restaurant,3.5,24,OPERATIONAL,https://maps.google.com/?cid=N/A
N/A,فود ترك عصيرات,26.4060027,50.1870912,restaurant,No rating,No reviews,OPERATIONAL,https://maps.google.com/?cid=N/A
N/A,بطاطس جيزاني cruella,26.412885499999998,50.2203733,restaurant,4.8,868,OPERATIONAL,https://maps.google.com/?cid=N/A
N/A,متعة الجليد _ FUN ICE,26.412523099999998,50.2205681,restaurant,4.3,193,OPERATIONAL,https://maps.google.com/?cid=N/A
N/A,طفران - TAFRAN,26.4125601,50.2202047,restaurant,4.2,124,OPERATIONAL,https://maps.google.com/?cid=N/A
N/A,بلوفات BLUFAT,26.412187499999998,50.2207656,restaurant,4.3,209,OPERATIONAL,https://maps.google.com/?cid=N/A
N/A,كوري كورن - الكباب الكوري المقرمش - فرع الخبر,26.4088912,50.2226163,restaurant,4.8,30,OPERATIONAL,https://maps.google.com/?cid=N/A
N/A,فود تردك جداويه,26.4109311,50.221451599999995,restaurant,3.9,34,OPERATIONAL,https://maps.google.com/?cid=N/A
N/A,Chico تشيكو,26.409098099999998,50.222445699999994,restaurant,4.6,9,OPERATIONAL,https://maps.google.com/?cid=N/A
N/A,تاوة الطيبين بحر الراكة,26.4088881,50.2226736,restaurant,4.6,17,OPERATIONAL,https://maps.google.com/?cid=N/A
N/A,Zoz Kitchen,26.4108375,50.2215469,restaurant,5,4,OPERATIONAL,https://maps.google.com/?cid=N/A
N/A,انا غير,26.409445899999998,50.222156299999995,restaurant,4,1,OPERATIONAL,https://maps.google.com/?cid=N/A
N/A,SNAX.966,26.4100581,50.221913099999995,restaurant,No rating,No reviews,OPERATIONAL,https://maps.google.com/?cid=N/A
N/A,INNOVATION Pizza - اينوفيشن بيتزا,26.413051300000003,50.2203931,restaurant,5,52,OPERATIONAL,https://maps.google.com/?cid=N/A
N/A,كبدة ريف,26.4111494,50.2212769,restaurant,4,4,OPERATIONAL,https://maps.google.com/?cid=N/A
N/A,بطاطس جيزاني cruella,26.412885499999998,50.2203733,restaurant,4.8,868,OPERATIONAL,https://maps.google.com/?cid=N/A
N/A,متعة الجليد _ FUN ICE,26.412523099999998,50.2205681,restaurant,4.3,193,OPERATIONAL,https://maps.google.com/?cid=N/A
N/A,طفران - TAFRAN,26.4125601,50.2202047,restaurant,4.2,124,OPERATIONAL,https://maps.google.com/?cid=N/A
N/A,بلوفات BLUFAT,26.412187499999998,50.2207656,restaurant,4.3,209,OPERATIONAL,https://maps.google.com/?cid=N/A
N/A,Um Hanan Local Food,26.4032262,50.2260596,restaurant,4.9,23,OPERATIONAL,https://maps.google.com/?cid=N/A
N/A,كوري كورن - الكباب الكوري المقرمش - فرع الخبر,26.4088912,50.2226163,restaurant,4.8,30,OPERATIONAL,https://maps.google.com/?cid=N/A
N/A,فود تردك جداويه,26.4109311,50.221451599999995,restaurant,3.9,34,OPERATIONAL,https://maps.google.com/?cid=N/A
N/A,Chico تشيكو,26.409098099999998,50.222445699999994,restaurant,4.6,9,OPERATIONAL,https://maps.google.com/?cid=N/A
N/A,تاوة الطيبين بحر الراكة,26.4088881,50.2226736,restaurant,4.6,17,OPERATIONAL,https://maps.google.com/?cid=N/A
N/A,بوتيروس باشا,26.405177,50.2255663,restaurant,No rating,No reviews,OPERATIONAL,https://maps.google.com/?cid=N/A
N/A,انا غير,26.409445899999998,50.222156299999995,restaurant,4,1,OPERATIONAL,https://maps.google.com/?cid=N/A
N/A,Zoz Kitchen,26.4108375,50.2215469,restaurant,5,4,OPERATIONAL,https://maps.google.com/?cid=N/A
N/A,فود ترك اي ار سفن,26.4069243,50.2237667,restaurant,No rating,No reviews,OPERATIONAL,https://maps.google.com/?cid=N/A
N/A,شاي جمر,26.4011775,50.227481499999996,restaurant,5,1,OPERATIONAL,https://maps.google.com/?cid=N/A
N/A,فود ترك حوسة,26.4067625,50.2239844,restaurant,No rating,No reviews,OPERATIONAL,https://maps.google.com/?cid=N/A
N/A,SNAX.966,26.4100581,50.221913099999995,restaurant,No rating,No reviews,OPERATIONAL,https://maps.google.com/?cid=N/A
N/A,هيلة,26.4069342,50.2237965,restaurant,5,17,OPERATIONAL,https://maps.google.com/?cid=N/A
N/A,كبدة ريف,26.4111494,50.2212769,restaurant,4,4,OPERATIONAL,https://maps.google.com/?cid=N/A
N/A,INNOVATION Pizza - اينوفيشن بيتزا,26.413051300000003,50.2203931,restaurant,5,52,OPERATIONAL,https://maps.google.com/?cid=N/A
N/A,كبده حساويه,26.4050187,50.2249237,restaurant,3,2,OPERATIONAL,https://maps.google.com/?cid=N/A
N/A,Zaman Bairot,26.4387795,49.9821483,restaurant,4.1,247,OPERATIONAL,https://maps.google.com/?cid=N/A
N/A,بروستد كيان الشرقية,26.4390327,49.9764224,restaurant,3.8,105,OPERATIONAL,https://maps.google.com/?cid=N/A
N/A,بوفية تسالي واو,26.4368725,49.9766212,restaurant,4.3,87,OPERATIONAL,https://maps.google.com/?cid=N/A
N/A,مطعم فوال الضاحية,26.4339136,49.9866288,restaurant,3.9,100,OPERATIONAL,https://maps.google.com/?cid=N/A
N/A,Maasob Lamah,26.437755799999998,49.9777655,restaurant,4.6,122,OPERATIONAL,https://maps.google.com/?cid=N/A
N/A,بوفية شطائر الطائر,26.4389094,49.9827495,restaurant,4.2,47,OPERATIONAL,https://maps.google.com/?cid=N/A
N/A,نسيم برجرمشوي و بروست,26.436892699999998,49.985847799999995,restaurant,3.9,32,OPERATIONAL,https://maps.google.com/?cid=N/A
N/A,بوفية ركن الضاحية,26.4337739,49.9866661,restaurant,4.5,84,OPERATIONAL,https://maps.google.com/?cid=N/A
N/A,مطعم مضغوط العائلة,26.4368458,49.9858604,restaurant,3.9,28,OPERATIONAL,https://maps.google.com/?cid=N/A
N/A,بوفية صقور لبنان,26.438211199999998,49.979753699999996,restaurant,4,42,OPERATIONAL,https://maps.google.com/?cid=N/A
N/A,بوفيه قلعة النور الوجبات السريعة 2,26.4331744,49.9868507,restaurant,4.6,10,OPERATIONAL,https://maps.google.com/?cid=N/A
N/A,بوفيه نجمه الضاحيه,26.436885999999998,49.9857588,restaurant,4.5,15,OPERATIONAL,https://maps.google.com/?cid=N/A
N/A,مطعم نقطة الضاحيه,26.4385087,49.9838039,restaurant,4.3,16,OPERATIONAL,https://maps.google.com/?cid=N/A
N/A,برجر مشوي,26.432393899999997,49.987087599999995,restaurant,2.8,4,OPERATIONAL,https://maps.google.com/?cid=N/A
N/A,مطعم الذوق الذهبي,26.4331621,49.986869299999995,restaurant,4.1,18,OPERATIONAL,https://maps.google.com/?cid=N/A
N/A,طبق الحجاز للمنتو واليغمش,26.4389941,49.983476599999996,restaurant,3.4,20,OPERATIONAL,https://maps.google.com/?cid=N/A
N/A,وبرستد وبيتزاركن كنان للوجبات السريعة,26.439274299999997,49.976346799999995,restaurant,5,1,OPERATIONAL,https://maps.google.com/?cid=N/A
N/A,مطبخ الوفاء,26.441691499999997,49.9751225,restaurant,No rating,No reviews,OPERATIONAL,https://maps.google.com/?cid=N/A
N/A,مطعم نواف البخاري,26.420411599999998,50.003658699999995,restaurant,4.3,868,OPERATIONAL,https://maps.google.com/?cid=N/A
N/A,شاورمجي | SHAWERMAGY,26.419882899999998,50.003618800000005,restaurant,4.1,2913,OPERATIONAL,https://maps.google.com/?cid=N/A
N/A,لافا شاورما,26.424969599999997,50.004340899999995,restaurant,4.5,285,OPERATIONAL,https://maps.google.com/?cid=N/A
N/A,Bashvot restaurant,26.421678399999998,50.0026954,restaurant,3.6,441,OPERATIONAL,https://maps.google.com/?cid=N/A
N/A,بروستد كوخ الكتكوت,26.419871399999998,49.9967778,restaurant,4.5,100,OPERATIONAL,https://maps.google.com/?cid=N/A
N/A,مطعم فوال الضاحية,26.4339136,49.9866288,restaurant,3.9,100,OPERATIONAL,https://maps.google.com/?cid=N/A
N/A,Voile Noor morning,26.421615199999998,50.0027014,restaurant,3.6,198,OPERATIONAL,https://maps.google.com/?cid=N/A
N/A,مطعم النكهه الفاخره,26.419854700000002,49.996777699999996,restaurant,3.7,188,OPERATIONAL,https://maps.google.com/?cid=N/A
N/A,مطعم خبزي الأحمر,26.4339749,50.004155,restaurant,3.3,67,OPERATIONAL,https://maps.google.com/?cid=N/A
N/A,فلافل الراية,26.4229019,49.9991476,restaurant,4.1,94,OPERATIONAL,https://maps.google.com/?cid=N/A
N/A,BURGER MASHWI🍔,26.4237674,50.002558199999996,restaurant,4.2,117,OPERATIONAL,https://maps.google.com/?cid=N/A
N/A,مطعم فخر الضاحية البخارى,26.4228384,49.9992363,restaurant,3.8,52,OPERATIONAL,https://maps.google.com/?cid=N/A
N/A,خبز الفلافل الدمشقي falafel bread Damascus,26.420222600000002,50.0036086,restaurant,3.3,95,OPERATIONAL,https://maps.google.com/?cid=N/A
N/A,Zaman dressing - suburb,26.419714,49.9969718,restaurant,3.6,148,OPERATIONAL,https://maps.google.com/?cid=N/A
N/A,بوفية شموع المنامه حي الضاحيه,26.421640699999998,50.002447499999995,restaurant,3.5,97,OPERATIONAL,https://maps.google.com/?cid=N/A
N/A,المطبخ المغربي للمأكولات المغربية- أسر منتجة,26.4237401,49.996192099999995,restaurant,4.4,49,OPERATIONAL,https://maps.google.com/?cid=N/A
N/A,مطعم أصل اللذائذ لتقديم الوجبات,26.418051,49.9842501,restaurant,3.3,73,OPERATIONAL,https://maps.google.com/?cid=N/A
N/A,مطعم الريحانتان الضاحية,26.4203491,50.003486800000005,restaurant,3.6,179,OPERATIONAL,https://maps.google.com/?cid=N/A
N/A,نسيم برجرمشوي و بروست,26.436892699999998,49.985847799999995,restaurant,3.9,32,OPERATIONAL,https://maps.google.com/?cid=N/A
N/A,Herfy,26.419625099999998,50.0200807,restaurant,3.7,3402,OPERATIONAL,https://maps.google.com/?cid=N/A
N/A,واقــف برجـر ( الضاحية ) - BURGER WAQF,26.417573599999997,50.0051693,restaurant,4.2,649,OPERATIONAL,https://maps.google.com/?cid=N/A
N/A,مطعم نواف البخاري,26.420411599999998,50.003658699999995,restaurant,4.3,868,OPERATIONAL,https://maps.google.com/?cid=N/A
N/A,بروستد كرم 2,26.4191407,50.019310399999995,restaurant,4.1,730,OPERATIONAL,https://maps.google.com/?cid=N/A
N/A,شاورمجي | SHAWERMAGY,26.419882899999998,50.003618800000005,restaurant,4.1,2913,OPERATIONAL,https://maps.google.com/?cid=N/A
N/A,Al Millas Al Hasawi Restaurant,26.4262459,50.011888899999995,restaurant,4,1190,OPERATIONAL,https://maps.google.com/?cid=N/A
N/A,بوفيه ليان السعادة,26.4300289,50.0119875,restaurant,4.2,626,OPERATIONAL,https://maps.google.com/?cid=N/A
N/A,لافا شاورما,26.424969599999997,50.004340899999995,restaurant,4.5,285,OPERATIONAL,https://maps.google.com/?cid=N/A
N/A,مطعم تكتكة المضغوط,26.4185251,50.0192074,restaurant,4.3,197,OPERATIONAL,https://maps.google.com/?cid=N/A
N/A,مطعم مالح حلو | الدمام - حي النور,26.4190978,50.019194,restaurant,4.5,368,OPERATIONAL,https://maps.google.com/?cid=N/A
N/A,Kebdat Hijazi,26.4168791,50.004756199999996,restaurant,4,1767,OPERATIONAL,https://maps.google.com/?cid=N/A
N/A,Bashvot restaurant,26.421678399999998,50.0026954,restaurant,3.6,441,OPERATIONAL,https://maps.google.com/?cid=N/A
N/A,Aloosh Restaurant Dammam,26.4244594,50.0118364,restaurant,4.4,228,OPERATIONAL,https://maps.google.com/?cid=N/A
N/A,Classico Diet,26.418571399999998,50.017965,restaurant,4.5,164,OPERATIONAL,https://maps.google.com/?cid=N/A
N/A,فوال بصمة الافراح حي النور,26.4249843,50.0240127,restaurant,3.9,363,OPERATIONAL,https://maps.google.com/?cid=N/A
N/A,دايزر | DAIZER,26.4185547,50.0179419,restaurant,4.5,371,OPERATIONAL,https://maps.google.com/?cid=N/A
N/A,ورق عنب الشرقية grape leaves,26.417744499999998,50.004378700000004,restaurant,4.2,148,OPERATIONAL,https://maps.google.com/?cid=N/A
N/A,بوفيه ليان السعادة الفرع (2),26.4317044,50.0219277,restaurant,4.2,396,OPERATIONAL,https://maps.google.com/?cid=N/A
N/A,Voile Noor morning,26.421615199999998,50.0027014,restaurant,3.6,198,OPERATIONAL,https://maps.google.com/?cid=N/A
N/A,McDonald's,26.423391,50.029582,restaurant,3.6,2308,OPERATIONAL,https://maps.google.com/?cid=N/A
N/A,Vitamin Palace,26.4182518,50.0286222,restaurant,4,4113,OPERATIONAL,https://maps.google.com/?cid=N/A
N/A,AlRafidain Restaurant,26.415902199999998,50.0253607,restaurant,4.3,3472,OPERATIONAL,https://maps.google.com/?cid=N/A
N/A,Alghamdi Beans and Bread,26.418751099999998,50.030907799999994,restaurant,4.2,1589,OPERATIONAL,https://maps.google.com/?cid=N/A
N/A,مطاعم أبو هلال,26.421022500000003,50.0236829,restaurant,4.1,858,OPERATIONAL,https://maps.google.com/?cid=N/A
N/A,Kufa,26.425912099999998,50.0362501,restaurant,3.9,980,OPERATIONAL,https://maps.google.com/?cid=N/A
N/A,مطعم جبال فيفا,26.4278437,50.0376139,restaurant,4,1540,OPERATIONAL,https://maps.google.com/?cid=N/A
N/A,فلافي كلاود﻿س,26.422902099999998,50.027547999999996,restaurant,4.1,646,OPERATIONAL,https://maps.google.com/?cid=N/A
N/A,Al Rafidain Grills,26.4218497,50.0256031,restaurant,4.5,2637,OPERATIONAL,https://maps.google.com/?cid=N/A
N/A,Qasr Al Ratem,26.4214172,50.0250718,restaurant,3.9,1290,OPERATIONAL,https://maps.google.com/?cid=N/A
N/A,مطعم سمك ورز للمأكولات البحرية (Fish & Rice Seafood Restaurant),26.4167295,50.026851799999996,restaurant,4.6,1164,OPERATIONAL,https://maps.google.com/?cid=N/A
N/A,Herfy,26.419625099999998,50.0200807,restaurant,3.7,3402,OPERATIONAL,https://maps.google.com/?cid=N/A
N/A,Rahal,26.416156299999997,50.0299153,restaurant,4.1,1431,OPERATIONAL,https://maps.google.com/?cid=N/A
N/A,KFC,26.4207455,50.0231237,restaurant,3.6,1856,OPERATIONAL,https://maps.google.com/?cid=N/A
N/A,مطعم واحة حضرموت للمندي والمظبي والمكموت,26.4218698,50.035946599999995,restaurant,3.9,389,OPERATIONAL,https://maps.google.com/?cid=N/A
N/A,Shawarmer | شاورمر,26.4237659,50.0307909,restaurant,4.1,1583,OPERATIONAL,https://maps.google.com/?cid=N/A
N/A,منؤشة الريف,26.4265898,50.0352921,restaurant,4.3,784,OPERATIONAL,https://maps.google.com/?cid=N/A
N/A,بروستد كرم 2,26.4191407,50.019310399999995,restaurant,4.1,730,OPERATIONAL,https://maps.google.com/?cid=N/A
N/A,Casapasta | كازاباستا,26.423835399999998,50.0307004,restaurant,4.1,698,OPERATIONAL,https://maps.google.com/?cid=N/A
N/A,Broast rukun al Tazaj,26.421179199999997,50.0264563,restaurant,3.9,1783,OPERATIONAL,https://maps.google.com/?cid=N/A
N/A,Alkabsa Alhasawiya Restaurant,26.4166141,50.0514388,restaurant,3.9,3249,OPERATIONAL,https://maps.google.com/?cid=N/A
N/A,Atlas Restaurant,26.420892499999997,50.0476394,restaurant,3.9,1757,OPERATIONAL,https://maps.google.com/?cid=N/A
N/A,حاشي باشا| فرع الفيحاء,26.433529,50.044556,restaurant,4,2195,OPERATIONAL,https://maps.google.com/?cid=N/A
N/A,Kufa,26.425912099999998,50.0362501,restaurant,3.9,980,OPERATIONAL,https://maps.google.com/?cid=N/A
N/A,مطعم جبال فيفا,26.4278437,50.0376139,restaurant,4,1540,OPERATIONAL,https://maps.google.com/?cid=N/A
N/A,Althawaqa Biryani,26.4233235,50.0454715,restaurant,3.9,1374,OPERATIONAL,https://maps.google.com/?cid=N/A
N/A,مطعم الراكوبة للمأكولات السودانية,26.4383493,50.0563392,restaurant,4.1,414,OPERATIONAL,https://maps.google.com/?cid=N/A
N/A,مطعم واحة حضرموت للمندي والمظبي والمكموت,26.4218698,50.035946599999995,restaurant,3.9,389,OPERATIONAL,https://maps.google.com/?cid=N/A
N/A,منؤشة الريف,26.4265898,50.0352921,restaurant,4.3,784,OPERATIONAL,https://maps.google.com/?cid=N/A
N/A,Al Deek Al Romie Restaurant,26.4243922,50.044498499999996,restaurant,3.8,824,OPERATIONAL,https://maps.google.com/?cid=N/A
N/A,بوبايز POPEYES,26.4286995,50.0405701,restaurant,4.7,775,OPERATIONAL,https://maps.google.com/?cid=N/A
N/A,Maestro Pizza,26.426464799999998,50.035340999999995,restaurant,4.2,1100,OPERATIONAL,https://maps.google.com/?cid=N/A
N/A,شركة مطعم العصر الحديث ،،(((٣))) حي احد,26.4271386,50.037765199999996,restaurant,4.2,150,OPERATIONAL,https://maps.google.com/?cid=N/A
N/A,ورق عنب ساور,26.435839200000004,50.046964499999994,restaurant,4.1,684,OPERATIONAL,https://maps.google.com/?cid=N/A
N/A,فوال الطائف,26.4329213,50.044770899999996,restaurant,3.8,847,OPERATIONAL,https://maps.google.com/?cid=N/A
N/A,KFC,26.4274375,50.0429375,restaurant,4,412,OPERATIONAL,https://maps.google.com/?cid=N/A
N/A,ورق عنب ستيشن,26.437854599999998,50.0376736,restaurant,4.5,107,OPERATIONAL,https://maps.google.com/?cid=N/A
N/A,لذائذ الماكولات,26.4234179,50.040152799999994,restaurant,4.3,211,OPERATIONAL,https://maps.google.com/?cid=N/A
N/A,حاشيكم,26.4325153,50.0432914,restaurant,4.4,450,OPERATIONAL,https://maps.google.com/?cid=N/A
N/A,Little Caesars Pizza! Pizza! !ليتل سيزرز بيتزا! بيتزا,26.426831999999997,50.0352117,restaurant,3.5,186,OPERATIONAL,https://maps.google.com/?cid=N/A
N/A,بوفية عمر القادسية,26.4216981,50.0730791,restaurant,4.2,3962,OPERATIONAL,https://maps.google.com/?cid=N/A
N/A,بروستد الرازي,26.422668200000004,50.0724904,restaurant,4.1,1001,OPERATIONAL,https://maps.google.com/?cid=N/A
N/A,Hashi Basha,26.42287,50.072944,restaurant,3.9,1429,OPERATIONAL,https://maps.google.com/?cid=N/A
N/A,Zafran Indian Restaurant,26.439708099999997,50.064611799999994,restaurant,4.5,1768,OPERATIONAL,https://maps.google.com/?cid=N/A
N/A,BURGER WAQF,26.428387599999997,50.0744263,restaurant,4.6,2150,OPERATIONAL,https://maps.google.com/?cid=N/A
N/A,كوفه حي الأثير,26.438976699999998,50.0654107,restaurant,4.1,4314,OPERATIONAL,https://maps.google.com/?cid=N/A
N/A,Abu Tayeb Restaurant,26.440784299999997,50.071021599999995,restaurant,4.1,2756,OPERATIONAL,https://maps.google.com/?cid=N/A
N/A,Baba abdo restaurant مطعم بابا عبده,26.440890699999997,50.0606614,restaurant,3.6,1766,OPERATIONAL,https://maps.google.com/?cid=N/A
N/A,مطعم الراكوبة للمأكولات السودانية,26.4383493,50.0563392,restaurant,4.1,414,OPERATIONAL,https://maps.google.com/?cid=N/A
N/A,SAFSAF Restaurant,26.442056200000003,50.064052399999994,restaurant,4,2147,OPERATIONAL,https://maps.google.com/?cid=N/A
N/A,Ruchi Restaurant Dammam مطعم تاج الدمام,26.441981799999997,50.062758,restaurant,3.8,1504,OPERATIONAL,https://maps.google.com/?cid=N/A
N/A,Kareem Broasted,26.4288608,50.0741431,restaurant,4.2,775,OPERATIONAL,https://maps.google.com/?cid=N/A
N/A,Barn's | بارنز,26.4308214,50.068192700000004,restaurant,4.4,307,OPERATIONAL,https://maps.google.com/?cid=N/A
N/A,Broast Al Basel,26.433432,50.066334399999995,restaurant,4.1,1724,OPERATIONAL,https://maps.google.com/?cid=N/A
N/A,KFC,26.430780199999997,50.067302399999996,restaurant,3.7,1526,OPERATIONAL,https://maps.google.com/?cid=N/A
N/A,بوفية سهول المسيلة لتقديم الوجبات,26.4228201,50.0723043,restaurant,4.2,1069,OPERATIONAL,https://maps.google.com/?cid=N/A
N/A,Domino's Pizza,26.429455299999997,50.0662966,restaurant,3.9,570,OPERATIONAL,https://maps.google.com/?cid=N/A
N/A,Tim Hortons,26.430946000000002,50.067986999999995,restaurant,4.1,693,OPERATIONAL,https://maps.google.com/?cid=N/A
N/A,مطعم فرتكا,26.421840399999997,50.0735087,restaurant,4.3,416,OPERATIONAL,https://maps.google.com/?cid=N/A
N/A,شواية الخليج,26.439373999999997,50.083058799999996,restaurant,4.3,3524,OPERATIONAL,https://maps.google.com/?cid=N/A
N/A,بوفية عمر القادسية,26.4216981,50.0730791,restaurant,4.2,3962,OPERATIONAL,https://maps.google.com/?cid=N/A
N/A,Kufa,26.417508299999998,50.0818185,restaurant,4.1,6008,OPERATIONAL,https://maps.google.com/?cid=N/A
N/A,Roma Castle Restaurant,26.423507299999997,50.0932506,restaurant,4.2,5082,OPERATIONAL,https://maps.google.com/?cid=N/A
N/A,دلع كرشك,26.4372574,50.0840135,restaurant,3.8,4663,OPERATIONAL,https://maps.google.com/?cid=N/A
N/A,Dongola Restaurant,26.435881499999997,50.093044199999994,restaurant,4.2,1829,OPERATIONAL,https://maps.google.com/?cid=N/A
N/A,Atlas grill restaurant مطعم أطلس,26.423412499999998,50.09275590000001,restaurant,4.1,2667,OPERATIONAL,https://maps.google.com/?cid=N/A
N/A,بروستد الرازي,26.422668200000004,50.0724904,restaurant,4.1,1001,OPERATIONAL,https://maps.google.com/?cid=N/A
N/A,مشويات البراحة,26.422694099999998,50.0788727,restaurant,4.2,2875,OPERATIONAL,https://maps.google.com/?cid=N/A
N/A,Kabana Restaurants,26.421773599999998,50.085260899999994,restaurant,4.1,1425,OPERATIONAL,https://maps.google.com/?cid=N/A
N/A,Hashi Basha,26.42287,50.072944,restaurant,3.9,1429,OPERATIONAL,https://maps.google.com/?cid=N/A
N/A,BURGER WAQF,26.428387599999997,50.0744263,restaurant,4.6,2150,OPERATIONAL,https://maps.google.com/?cid=N/A
N/A,معجنات قناطر دمشق,26.4381253,50.0781734,restaurant,4.3,2774,OPERATIONAL,https://maps.google.com/?cid=N/A
N/A,Abu Hilal restaurants,26.4361841,50.0898384,restaurant,4.2,3472,OPERATIONAL,https://maps.google.com/?cid=N/A
N/A,Fresh Broasted,26.434560899999997,50.0856469,restaurant,4.2,2318,OPERATIONAL,https://maps.google.com/?cid=N/A
N/A,مطعم جحا المصري حي القزاز الدمام,26.4336102,50.0954829,restaurant,4.1,808,OPERATIONAL,https://maps.google.com/?cid=N/A
N/A,Falafel Rabieh,26.423748699999997,50.0799643,restaurant,4.2,3603,OPERATIONAL,https://maps.google.com/?cid=N/A
N/A,مطعم طرح البحر للماكولات البحرية,26.4416272,50.0821718,restaurant,4.4,798,OPERATIONAL,https://maps.google.com/?cid=N/A
N/A,McDonald's,26.434590999999998,50.08549800000001,restaurant,3.9,3061,OPERATIONAL,https://maps.google.com/?cid=N/A
N/A,مطعم فول القاهره الدمام,26.4383491,50.078336799999995,restaurant,4.4,710,OPERATIONAL,https://maps.google.com/?cid=N/A
N/A,Shwaiat Al-Khalij,26.4244688,50.114448599999996,restaurant,4.3,2142,OPERATIONAL,https://maps.google.com/?cid=N/A
N/A,Hadhramaut Restaurant,26.434696799999998,50.098758499999995,restaurant,4,3205,OPERATIONAL,https://maps.google.com/?cid=N/A
N/A,الرغيف المصرى,26.437148999999998,50.0977706,restaurant,4.1,1431,OPERATIONAL,https://maps.google.com/?cid=N/A
N/A,Roma Castle Restaurant,26.423507299999997,50.0932506,restaurant,4.2,5082,OPERATIONAL,https://maps.google.com/?cid=N/A
N/A,Dongola Restaurant,26.435881499999997,50.093044199999994,restaurant,4.2,1829,OPERATIONAL,https://maps.google.com/?cid=N/A
N/A,Atlas grill restaurant مطعم أطلس,26.423412499999998,50.09275590000001,restaurant,4.1,2667,OPERATIONAL,https://maps.google.com/?cid=N/A
N/A,Nilamuttam Restaurant,26.4228666,50.1092909,restaurant,4.2,637,OPERATIONAL,https://maps.google.com/?cid=N/A
N/A,مطعم جحا المصري حي القزاز الدمام,26.4336102,50.0954829,restaurant,4.1,808,OPERATIONAL,https://maps.google.com/?cid=N/A
N/A,Al Kabsh / الكبش,26.438318199999998,50.1066002,restaurant,4,2882,OPERATIONAL,https://maps.google.com/?cid=N/A
N/A,Abu Hilal restaurants,26.4361841,50.0898384,restaurant,4.2,3472,OPERATIONAL,https://maps.google.com/?cid=N/A
N/A,Nehari House Restaurant,26.4372634,50.106577599999994,restaurant,4,1313,OPERATIONAL,https://maps.google.com/?cid=N/A
N/A,Khartoum restaurant,26.4365284,50.0995974,restaurant,4.3,1073,OPERATIONAL,https://maps.google.com/?cid=N/A
N/A,مطعم فول الجمهورية للاكلات المصرية,26.4366147,50.09890970000001,restaurant,4.3,341,OPERATIONAL,https://maps.google.com/?cid=N/A
N/A,KFC,26.4226422,50.0919921,restaurant,3.7,2548,OPERATIONAL,https://maps.google.com/?cid=N/A
N/A,اسماك ابن حميدو,26.4333329,50.0954877,restaurant,4.2,575,OPERATIONAL,https://maps.google.com/?cid=N/A
N/A,Anjappar Indian Restaurant Dammam,26.435593299999997,50.1076786,restaurant,4.3,524,OPERATIONAL,https://maps.google.com/?cid=N/A
N/A,PESHAWARI KABAB DAMAM ADAMA BRANCH,26.4365231,50.1076579,restaurant,4.1,2007,OPERATIONAL,https://maps.google.com/?cid=N/A
N/A,الكبسة الدمامية (الدمام) | Al-Kabsah Al-Dammamiah,26.423979799999998,50.0940097,restaurant,4.1,384,OPERATIONAL,https://maps.google.com/?cid=N/A
N/A,مطعم ليالي اسكندرية,26.4299407,50.0942777,restaurant,4.2,534,OPERATIONAL,https://maps.google.com/?cid=N/A
N/A,مطاعم هاشم,26.437336300000002,50.0921889,restaurant,3.7,3089,OPERATIONAL,https://maps.google.com/?cid=N/A
N/A,Shwaiat Al-Khalij,26.4244688,50.114448599999996,restaurant,4.3,2142,OPERATIONAL,https://maps.google.com/?cid=N/A
N/A,Nilamuttam Restaurant,26.4228666,50.1092909,restaurant,4.2,637,OPERATIONAL,https://maps.google.com/?cid=N/A
N/A,AL AKER SWEETS,26.441792699999997,50.1214957,restaurant,4.3,2824,OPERATIONAL,https://maps.google.com/?cid=N/A
N/A,Eastern Coast - Seafood,26.417952,50.112148,restaurant,4.2,2371,OPERATIONAL,https://maps.google.com/?cid=N/A
N/A,Layaly Zaman,26.4408218,50.1238852,restaurant,4.5,1844,OPERATIONAL,https://maps.google.com/?cid=N/A
N/A,Bombai Ryani,26.4348162,50.1172951,restaurant,3.7,2709,OPERATIONAL,https://maps.google.com/?cid=N/A
N/A,Diyar Al Sham Restaurant,26.4416405,50.1207316,restaurant,4.3,1494,OPERATIONAL,https://maps.google.com/?cid=N/A
N/A,قلعة عمّان,26.4404725,50.1245422,restaurant,4.4,1493,OPERATIONAL,https://maps.google.com/?cid=N/A
N/A,Anjappar Indian Restaurant Dammam,26.435593299999997,50.1076786,restaurant,4.3,524,OPERATIONAL,https://maps.google.com/?cid=N/A
N/A,ATYAAB AL TAZAJ,26.4388098,50.127080799999995,restaurant,4,2050,OPERATIONAL,https://maps.google.com/?cid=N/A
N/A,PESHAWARI KABAB DAMAM ADAMA BRANCH,26.4365231,50.1076579,restaurant,4.1,2007,OPERATIONAL,https://maps.google.com/?cid=N/A
N/A,"Red Table Restaurant, Abdullah Fouad Branch",26.4224581,50.1136254,restaurant,3.9,2115,OPERATIONAL,https://maps.google.com/?cid=N/A
N/A,Kufa,26.4249931,50.114772099999996,restaurant,4,424,OPERATIONAL,https://maps.google.com/?cid=N/A
N/A,GARNISH SOUTH INDIAN RESTAURANT,26.4386735,50.1130469,restaurant,3.9,1385,OPERATIONAL,https://maps.google.com/?cid=N/A
N/A,Sendebad Pastries,26.418814700000002,50.114916400000006,restaurant,4.2,1764,OPERATIONAL,https://maps.google.com/?cid=N/A
N/A,Rose Garden Restaurant,26.436693599999998,50.1062886,restaurant,3.9,329,OPERATIONAL,https://maps.google.com/?cid=N/A
N/A,Chettinad Restaurant,26.4366424,50.107417899999994,restaurant,4.1,478,OPERATIONAL,https://maps.google.com/?cid=N/A
N/A,Makbous Express,26.440980699999997,50.1238489,restaurant,4.2,1146,OPERATIONAL,https://maps.google.com/?cid=N/A
N/A,Bawan Broasted,26.435125100000004,50.1175265,restaurant,4,1414,OPERATIONAL,https://maps.google.com/?cid=N/A
N/A,Kilo Meshakil-كيلو مشكل,26.439066300000004,50.126775699999996,restaurant,4.7,2031,OPERATIONAL,https://maps.google.com/?cid=N/A
N/A,GOLDEN JUICE,26.428713199999997,50.136372099999996,restaurant,4.1,339,OPERATIONAL,https://maps.google.com/?cid=N/A
N/A,ATYAAB AL TAZAJ,26.4388098,50.127080799999995,restaurant,4,2050,OPERATIONAL,https://maps.google.com/?cid=N/A
N/A,Kilo Meshakil-كيلو مشكل,26.439066300000004,50.126775699999996,restaurant,4.7,2031,OPERATIONAL,https://maps.google.com/?cid=N/A
N/A,مطعم النوخذه الشرقي,26.4366129,50.1300191,restaurant,3.9,1945,OPERATIONAL,https://maps.google.com/?cid=N/A
N/A,Ifrane Restaurant,26.4389041,50.1268477,restaurant,4.2,759,OPERATIONAL,https://maps.google.com/?cid=N/A
N/A,Green Bukhari,26.430560699999997,50.1335534,restaurant,3.5,293,OPERATIONAL,https://maps.google.com/?cid=N/A
N/A,مطعم عنجر للمعجنات والشاورما Anjar Restaurant,26.438333699999998,50.127845699999995,restaurant,4,522,OPERATIONAL,https://maps.google.com/?cid=N/A
N/A,Wahed Karak واحد كرك,26.4306776,50.133390399999996,restaurant,3.9,230,OPERATIONAL,https://maps.google.com/?cid=N/A
N/A,مطعم و شعبيات تلال مأرب للأكلات الشعبية,26.437727799999998,50.1288208,restaurant,4,135,OPERATIONAL,https://maps.google.com/?cid=N/A
N/A,مطعم بلودان للمشويات,26.4376231,50.12906170000001,restaurant,4,339,OPERATIONAL,https://maps.google.com/?cid=N/A
N/A,كبدة عزام,26.430891199999998,50.1329662,restaurant,3.9,78,OPERATIONAL,https://maps.google.com/?cid=N/A
N/A,Saraya Alzad Restaurant,26.438164099999998,50.127553999999996,restaurant,4.2,144,OPERATIONAL,https://maps.google.com/?cid=N/A
N/A,Palestine Falafel,26.437614999999997,50.1291045,restaurant,3.6,344,OPERATIONAL,https://maps.google.com/?cid=N/A
N/A,بوفية الصنعاني,26.4336664,50.1295802,restaurant,3.8,366,OPERATIONAL,https://maps.google.com/?cid=N/A
N/A,بوفية وضحى,26.429206999999998,50.135720199999994,restaurant,4,89,OPERATIONAL,https://maps.google.com/?cid=N/A
N/A,بوفية التقى,26.438979399999997,50.126844,restaurant,4.2,159,OPERATIONAL,https://maps.google.com/?cid=N/A
N/A,Dqaig Restaurant مطعم دقايق,26.437440799999997,50.1293771,restaurant,3.9,279,OPERATIONAL,https://maps.google.com/?cid=N/A
N/A,Tim Horton,26.429514800000003,50.135101,restaurant,4.2,55,OPERATIONAL,https://maps.google.com/?cid=N/A
N/A,مطعم ضيعة بيروت - dayeat beirut restaurant,26.437614999999997,50.1291045,restaurant,4,90,OPERATIONAL,https://maps.google.com/?cid=N/A
N/A,BAZZA | بزه,26.4375629,50.129152500000004,restaurant,4.3,70,OPERATIONAL,https://maps.google.com/?cid=N/A
N/A,Srilankan Kandy Restaurant,26.4171732,50.1606929,restaurant,4,396,OPERATIONAL,https://maps.google.com/?cid=N/A
N/A,"فرايزون Frizone (الخالديه الجنوبيه , الميناء)",26.4189669,50.1615371,restaurant,3.9,68,OPERATIONAL,https://maps.google.com/?cid=N/A
N/A,Madina Restaurant,26.417883200000002,50.160958199999996,restaurant,3.8,120,OPERATIONAL,https://maps.google.com/?cid=N/A
N/A,مطعم يحيى الذهبي البخاري,26.418487,50.161302,restaurant,4,110,OPERATIONAL,https://maps.google.com/?cid=N/A
N/A,Furooj Delicious Taste فروج الطعم اللذيذ,26.4174212,50.160742,restaurant,3.6,14,OPERATIONAL,https://maps.google.com/?cid=N/A
N/A,Kashmir Cafe مطعم سفرة الأرز,26.416314399999997,50.1601505,restaurant,4,36,OPERATIONAL,https://maps.google.com/?cid=N/A
N/A,Maimona Restaurant,26.417117899999997,50.160564199999996,restaurant,3.9,46,OPERATIONAL,https://maps.google.com/?cid=N/A
N/A,مطعم غوري البخاري باكستاني,26.4172096,50.1607073,restaurant,3.7,41,OPERATIONAL,https://maps.google.com/?cid=N/A
N/A,3star Indian hotel (Tamil),26.416475600000002,50.1603941,restaurant,2.8,4,OPERATIONAL,https://maps.google.com/?cid=N/A
N/A,فوال نور الصباح,26.418498099999997,50.1612699,restaurant,3.5,26,OPERATIONAL,https://maps.google.com/?cid=N/A
N/A,Al Rakan Restaurant for Bukhari & Peshawari Food,26.4185022,50.1612735,restaurant,5,2,OPERATIONAL,https://maps.google.com/?cid=N/A
N/A,مطعم محمد سلمان الطلاسي,26.4179808,50.1611013,restaurant,4.2,9,OPERATIONAL,https://maps.google.com/?cid=N/A
N/A,مركز سمور,26.4168538,50.161401,restaurant,5,1,OPERATIONAL,https://maps.google.com/?cid=N/A
N/A,The Fine Corner Restaurant,26.4185343,50.161287599999994,restaurant,3,1,OPERATIONAL,https://maps.google.com/?cid=N/A
N/A,باكستاني مطعم تاج الامتياز Pakistani restaurant,26.4167575,50.173523499999995,restaurant,4.3,81,OPERATIONAL,https://maps.google.com/?cid=N/A
N/A,مطعم شباب عنك البخاري,26.4166076,50.172435,restaurant,3.9,266,OPERATIONAL,https://maps.google.com/?cid=N/A
N/A,Meena,26.4181724,50.164603899999996,restaurant,4.3,71,OPERATIONAL,https://maps.google.com/?cid=N/A
N/A,Boofia Almakhtas بوفيه يد المختص,26.4155697,50.1695184,restaurant,4.3,31,OPERATIONAL,https://maps.google.com/?cid=N/A
N/A,Rummaan Hyderabadi Restaurant - Dammam Seaport,26.416840099999998,50.1731699,restaurant,3.6,9,OPERATIONAL,https://maps.google.com/?cid=N/A
N/A,Munna boofiya,26.416261199999997,50.1731072,restaurant,4.3,18,OPERATIONAL,https://maps.google.com/?cid=N/A
N/A,بوفية طارق,26.4170315,50.1732401,restaurant,4.1,30,OPERATIONAL,https://maps.google.com/?cid=N/A
N/A,Modan Al Tameez Restaurant,26.4170603,50.1727574,restaurant,3.4,8,OPERATIONAL,https://maps.google.com/?cid=N/A
N/A,Bangladeshi Sheraton Restaurant,26.4157703,50.1724007,restaurant,5,6,OPERATIONAL,https://maps.google.com/?cid=N/A
N/A,مطبخ الخيمة الكبيره,26.4181796,50.164585699999996,restaurant,4.7,19,OPERATIONAL,https://maps.google.com/?cid=N/A
N/A,Goodness Restuarant,26.4161093,50.17253600000001,restaurant,4.4,14,OPERATIONAL,https://maps.google.com/?cid=N/A
N/A,مطعم عنوان المذاق البخاری,26.415555599999998,50.1756861,restaurant,No rating,No reviews,OPERATIONAL,https://maps.google.com/?cid=N/A
N/A,Bismillah Hotel,26.416669300000002,50.1737329,restaurant,5,2,OPERATIONAL,https://maps.google.com/?cid=N/A
N/A,Dess pardess .Pakistani restaurant,26.4174647,50.166603800000004,restaurant,5,2,OPERATIONAL,https://maps.google.com/?cid=N/A
N/A,Al-Noorin Restaurant serving meals (Pakistani),26.4176735,50.1657924,restaurant,3.9,29,OPERATIONAL,https://maps.google.com/?cid=N/A
N/A,Mansehra Pakistani Resturant,26.4176808,50.16536610000001,restaurant,5,6,OPERATIONAL,https://maps.google.com/?cid=N/A
N/A,مطعم عز الشرقية,26.4168891,50.1730717,restaurant,3.8,6,OPERATIONAL,https://maps.google.com/?cid=N/A
N/A,Kauser Restaurant,26.4181518,50.164648899999996,restaurant,3.5,2,OPERATIONAL,https://maps.google.com/?cid=N/A
N/A,Zaman Bairot,26.4387795,49.9821483,restaurant,4.1,247,OPERATIONAL,https://maps.google.com/?cid=N/A
N/A,بروستد كيان الشرقية,26.4390327,49.9764224,restaurant,3.8,105,OPERATIONAL,https://maps.google.com/?cid=N/A
N/A,بوفية تسالي واو,26.4368725,49.9766212,restaurant,4.3,87,OPERATIONAL,https://maps.google.com/?cid=N/A
N/A,Maasob Lamah,26.437755799999998,49.9777655,restaurant,4.6,122,OPERATIONAL,https://maps.google.com/?cid=N/A
N/A,مطعم أرز عنبر البخاري,26.441714899999997,49.9867607,restaurant,4.1,62,OPERATIONAL,https://maps.google.com/?cid=N/A
N/A,فوال مستقبل الابتسامة للاكلات الشعبية,26.441783899999997,49.9867462,restaurant,4.1,22,OPERATIONAL,https://maps.google.com/?cid=N/A
N/A,بوفية شطائر الطائر,26.4389094,49.9827495,restaurant,4.2,47,OPERATIONAL,https://maps.google.com/?cid=N/A
N/A,Buffet Lebanon Gardens,26.4535886,49.9840603,restaurant,3.6,215,OPERATIONAL,https://maps.google.com/?cid=N/A
N/A,بوفية قصة جائع,26.448597399999997,49.983833399999995,restaurant,4.3,18,OPERATIONAL,https://maps.google.com/?cid=N/A
N/A,بوفية صقور لبنان,26.438211199999998,49.979753699999996,restaurant,4,42,OPERATIONAL,https://maps.google.com/?cid=N/A
N/A,فلافل الراية 2,26.44973,49.9802077,restaurant,4.2,16,OPERATIONAL,https://maps.google.com/?cid=N/A
N/A,مطعم نقطة الضاحيه,26.4385087,49.9838039,restaurant,4.3,16,OPERATIONAL,https://maps.google.com/?cid=N/A
N/A,طبق الحجاز للمنتو واليغمش,26.4389941,49.983476599999996,restaurant,3.4,20,OPERATIONAL,https://maps.google.com/?cid=N/A
N/A,مطبخ الوفاء,26.441691499999997,49.9751225,restaurant,No rating,No reviews,OPERATIONAL,https://maps.google.com/?cid=N/A
N/A,وبرستد وبيتزاركن كنان للوجبات السريعة,26.439274299999997,49.976346799999995,restaurant,5,1,OPERATIONAL,https://maps.google.com/?cid=N/A
N/A,مطعم مدادا للمأكولات التركية الضاحية,26.4443984,50.0017874,restaurant,3.7,558,OPERATIONAL,https://maps.google.com/?cid=N/A
N/A,Zaman Bairot,26.4387795,49.9821483,restaurant,4.1,247,OPERATIONAL,https://maps.google.com/?cid=N/A
N/A,فلافل العقيد,26.4460753,50.0005348,restaurant,4,285,OPERATIONAL,https://maps.google.com/?cid=N/A
N/A,مطعم روشة الفطيرة,26.445251799999998,50.0007095,restaurant,4.3,329,OPERATIONAL,https://maps.google.com/?cid=N/A
N/A,تكة وسلطة للآكلات الشعبيه,26.4439432,50.001162199999996,restaurant,4.1,156,OPERATIONAL,https://maps.google.com/?cid=N/A
N/A,مطعم مميز الخليج الضاحية,26.4447817,50.0016519,restaurant,4.4,133,OPERATIONAL,https://maps.google.com/?cid=N/A
N/A,فلافل تيم الشام الضاحية فرع 2,26.4418047,50.001937399999996,restaurant,4.4,182,OPERATIONAL,https://maps.google.com/?cid=N/A
N/A,مطعم الغمغام بالضاحية,26.453312,49.9982908,restaurant,4.1,67,OPERATIONAL,https://maps.google.com/?cid=N/A
N/A,مرجع العصيرات - ينابيع المودة,26.4459417,50.0005811,restaurant,4.2,138,OPERATIONAL,https://maps.google.com/?cid=N/A
N/A,DOS Burger دوس برجر,26.443807399999997,49.9966089,restaurant,4.5,267,OPERATIONAL,https://maps.google.com/?cid=N/A
N/A,مطعم بخاري تنور الشباب,26.447448299999998,50.0010189,restaurant,3,105,OPERATIONAL,https://maps.google.com/?cid=N/A
N/A,Barn's | بارنز,26.4438997,50.0047776,restaurant,4.2,92,OPERATIONAL,https://maps.google.com/?cid=N/A
N/A,مطعم أرز عنبر البخاري,26.441714899999997,49.9867607,restaurant,4.1,62,OPERATIONAL,https://maps.google.com/?cid=N/A
N/A,بوفيه صقور الضاحيه,26.4446212,50.00173110000001,restaurant,4.3,36,OPERATIONAL,https://maps.google.com/?cid=N/A
N/A,فوال مستقبل الابتسامة للاكلات الشعبية,26.441783899999997,49.9867462,restaurant,4.1,22,OPERATIONAL,https://maps.google.com/?cid=N/A
N/A,مطعم قمر الضاحية,26.4530086,49.9984009,restaurant,4.6,49,OPERATIONAL,https://maps.google.com/?cid=N/A
N/A,بوفية شطائر الطائر,26.4389094,49.9827495,restaurant,4.2,47,OPERATIONAL,https://maps.google.com/?cid=N/A
N/A,نسيم برجرمشوي و بروست,26.436892699999998,49.985847799999995,restaurant,3.9,32,OPERATIONAL,https://maps.google.com/?cid=N/A
N/A,ورق عنب جمعة محاشي,26.440689199999998,49.9973069,restaurant,4.8,28,OPERATIONAL,https://maps.google.com/?cid=N/A
N/A,مطعم مدادا للمأكولات التركية الضاحية,26.4443984,50.0017874,restaurant,3.7,558,OPERATIONAL,https://maps.google.com/?cid=N/A
N/A,فلافل العقيد,26.4460753,50.0005348,restaurant,4,285,OPERATIONAL,https://maps.google.com/?cid=N/A
N/A,مطعم روشة الفطيرة,26.445251799999998,50.0007095,restaurant,4.3,329,OPERATIONAL,https://maps.google.com/?cid=N/A
N/A,تكة وسلطة للآكلات الشعبيه,26.4439432,50.001162199999996,restaurant,4.1,156,OPERATIONAL,https://maps.google.com/?cid=N/A
N/A,مطعم مميز الخليج الضاحية,26.4447817,50.0016519,restaurant,4.4,133,OPERATIONAL,https://maps.google.com/?cid=N/A
N/A,فلافل تيم الشام الضاحية فرع 2,26.4418047,50.001937399999996,restaurant,4.4,182,OPERATIONAL,https://maps.google.com/?cid=N/A
N/A,مرجع العصيرات - ينابيع المودة,26.4459417,50.0005811,restaurant,4.2,138,OPERATIONAL,https://maps.google.com/?cid=N/A
N/A,مطعم الغمغام بالضاحية,26.453312,49.9982908,restaurant,4.1,67,OPERATIONAL,https://maps.google.com/?cid=N/A
N/A,DOS Burger دوس برجر,26.443807399999997,49.9966089,restaurant,4.5,267,OPERATIONAL,https://maps.google.com/?cid=N/A
N/A,Eastern Sea Restaurant,26.457956499999998,50.017357,restaurant,4.1,37,OPERATIONAL,https://maps.google.com/?cid=N/A
N/A,Barn's | بارنز,26.4438997,50.0047776,restaurant,4.2,92,OPERATIONAL,https://maps.google.com/?cid=N/A
N/A,مطعم بخاري تنور الشباب,26.447448299999998,50.0010189,restaurant,3,105,OPERATIONAL,https://maps.google.com/?cid=N/A
N/A,Des Pardes,26.4358157,50.0188506,restaurant,3.8,296,OPERATIONAL,https://maps.google.com/?cid=N/A
N/A,مطعم ريم الغلا للوجبات السودانية,26.4591349,50.0142787,restaurant,3.8,281,OPERATIONAL,https://maps.google.com/?cid=N/A
N/A,بوفيه صقور الضاحيه,26.4446212,50.00173110000001,restaurant,4.3,36,OPERATIONAL,https://maps.google.com/?cid=N/A
N/A,مطعم مثلث البخاري,26.4577515,50.017348899999995,restaurant,3.9,130,OPERATIONAL,https://maps.google.com/?cid=N/A
N/A,مطعم قمر الضاحية,26.4530086,49.9984009,restaurant,4.6,49,OPERATIONAL,https://maps.google.com/?cid=N/A
N/A,Siddique Restaurant,26.448312899999998,50.0181165,restaurant,4.1,113,OPERATIONAL,https://maps.google.com/?cid=N/A
N/A,ورق عنب ستيشن,26.437854599999998,50.0376736,restaurant,4.5,107,OPERATIONAL,https://maps.google.com/?cid=N/A
N/A,Aden Pop Restaurant,26.456786299999997,50.0279896,restaurant,4.1,315,OPERATIONAL,https://maps.google.com/?cid=N/A
N/A,Tim Hortons Alnoor,26.436048099999997,50.03450600000001,restaurant,4.3,212,OPERATIONAL,https://maps.google.com/?cid=N/A
N/A,ADNOC Service Station | Al Noor District (2052),26.4361292,50.0341727,restaurant,4.1,60,OPERATIONAL,https://maps.google.com/?cid=N/A
N/A,CHENNAI RESTAURANT,26.4501532,50.041164599999995,restaurant,4.1,121,OPERATIONAL,https://maps.google.com/?cid=N/A
N/A,Modan Alam Pakistani hotel,26.446638,50.0268787,restaurant,4,31,OPERATIONAL,https://maps.google.com/?cid=N/A
N/A,مطاعم الجرة العدنية للأكلات الشعبية,26.4354156,50.0349831,restaurant,4.1,187,OPERATIONAL,https://maps.google.com/?cid=N/A
N/A,Siddique Restaurant,26.448312899999998,50.0181165,restaurant,4.1,113,OPERATIONAL,https://maps.google.com/?cid=N/A
N/A,.,26.437817799999998,50.0296506,restaurant,3.9,44,OPERATIONAL,https://maps.google.com/?cid=N/A
N/A,معطم ديس برديس,26.4469848,50.0266337,restaurant,4.4,16,OPERATIONAL,https://maps.google.com/?cid=N/A
N/A,بوفية الرزق للأكلات الشعبية 2 فرع الخضريه,26.448233,50.043099399999996,restaurant,4.5,77,OPERATIONAL,https://maps.google.com/?cid=N/A
N/A,WELCOME RESTAURANT,26.4405736,50.0179493,restaurant,4.2,107,OPERATIONAL,https://maps.google.com/?cid=N/A
N/A,BAHAR HOTEL&SWEETS,26.440869799999998,50.0176161,restaurant,4.1,124,OPERATIONAL,https://maps.google.com/?cid=N/A
N/A,بوفية مدارات الرازي,26.4387528,50.0396144,restaurant,3.8,120,OPERATIONAL,https://maps.google.com/?cid=N/A
N/A,مخبز وفوال,26.437308299999998,50.037262,restaurant,3.5,28,OPERATIONAL,https://maps.google.com/?cid=N/A
N/A,Restaurant,26.4362087,50.019464299999996,restaurant,4,77,OPERATIONAL,https://maps.google.com/?cid=N/A
N/A,مطاعم الأمانة الطازج,26.4522227,50.0220444,restaurant,4,45,OPERATIONAL,https://maps.google.com/?cid=N/A
N/A,ℕ𝕠𝕒𝕜𝕙𝕒𝕝𝕚 𝕣𝕖𝕤𝕥𝕒𝕦𝕣𝕒𝕟𝕥 𝕕𝕒𝕞𝕞𝕒𝕞,26.4479255,50.026159199999995,restaurant,4.2,23,OPERATIONAL,https://maps.google.com/?cid=N/A
N/A,Noakhali restsutsnt নোয়াখালী রেষ্টুরেন্ট,26.4480132,50.0259347,restaurant,2.5,4,OPERATIONAL,https://maps.google.com/?cid=N/A
N/A,ثمار الريف للوجبات,26.4487475,50.0236424,restaurant,4.1,104,OPERATIONAL,https://maps.google.com/?cid=N/A
N/A,حاشي باشا| فرع الفيحاء,26.433529,50.044556,restaurant,4,2195,OPERATIONAL,https://maps.google.com/?cid=N/A
N/A,مطعم الراكوبة للمأكولات السودانية,26.4383493,50.0563392,restaurant,4.1,414,OPERATIONAL,https://maps.google.com/?cid=N/A
N/A,Ennabi Grill,26.459283,50.050760999999994,restaurant,4,3935,OPERATIONAL,https://maps.google.com/?cid=N/A
N/A,Aljara Alshabia restaurant Dammam,26.454477999999998,50.0583916,restaurant,4.4,902,OPERATIONAL,https://maps.google.com/?cid=N/A
N/A,Fawal Raseel Al Taif,26.4586227,50.051054799999996,restaurant,4,1509,OPERATIONAL,https://maps.google.com/?cid=N/A
N/A,ورق عنب ساور,26.435839200000004,50.046964499999994,restaurant,4.1,684,OPERATIONAL,https://maps.google.com/?cid=N/A
N/A,مطعم شموخ القوافل للاكلات الشعبية,26.459167299999997,50.049837499999995,restaurant,4.1,1605,OPERATIONAL,https://maps.google.com/?cid=N/A
N/A,ورق عنب ستيشن,26.437854599999998,50.0376736,restaurant,4.5,107,OPERATIONAL,https://maps.google.com/?cid=N/A
N/A,Antar resturent,26.4373175,50.053697899999996,restaurant,4.1,677,OPERATIONAL,https://maps.google.com/?cid=N/A
N/A,دولمة | Dolma,26.4364313,50.0470417,restaurant,3.9,841,OPERATIONAL,https://maps.google.com/?cid=N/A
N/A,Firdaus Restaurant Pakistani مطعم فردوس باكستاني,26.4541786,50.05499880000001,restaurant,4.1,361,OPERATIONAL,https://maps.google.com/?cid=N/A
N/A,بوفية رحاب مآرب,26.4431732,50.0469946,restaurant,4,244,OPERATIONAL,https://maps.google.com/?cid=N/A
N/A,Gjar ورق عنب جي جار,26.4359167,50.0470556,restaurant,4.2,185,OPERATIONAL,https://maps.google.com/?cid=N/A
N/A,مطعم مستر معصوب,26.4337348,50.0458449,restaurant,4.5,126,OPERATIONAL,https://maps.google.com/?cid=N/A
N/A,Meltzone,26.4368941,50.047371999999996,restaurant,4.3,400,OPERATIONAL,https://maps.google.com/?cid=N/A
N/A,Pastry Mushatta,26.440248099999998,50.042310199999996,restaurant,4,391,OPERATIONAL,https://maps.google.com/?cid=N/A
N/A,مطعم صاج سبا,26.4408653,50.0499716,restaurant,4.1,426,OPERATIONAL,https://maps.google.com/?cid=N/A
N/A,تثليث البخاري Tathlith Bukhari Restaurant,26.438221199999997,50.0563694,restaurant,3.7,158,OPERATIONAL,https://maps.google.com/?cid=N/A
N/A,Tihama Oasis Restaurant for traditional food,26.4378805,50.0564484,restaurant,3.7,468,OPERATIONAL,https://maps.google.com/?cid=N/A
N/A,Sadd Ma'arib,26.441524299999998,50.0749182,restaurant,4.4,18262,OPERATIONAL,https://maps.google.com/?cid=N/A
N/A,McDonald's,26.442751,50.065962000000006,restaurant,3.7,2379,OPERATIONAL,https://maps.google.com/?cid=N/A
N/A,Zafran Indian Restaurant,26.439708099999997,50.064611799999994,restaurant,4.5,1768,OPERATIONAL,https://maps.google.com/?cid=N/A
N/A,Casa Restaurant,26.4534375,50.0646917,restaurant,4.2,577,OPERATIONAL,https://maps.google.com/?cid=N/A
N/A,كوفه حي الأثير,26.438976699999998,50.0654107,restaurant,4.1,4314,OPERATIONAL,https://maps.google.com/?cid=N/A
N/A,Emilien,26.4567522,50.062189599999996,restaurant,4.5,1243,OPERATIONAL,https://maps.google.com/?cid=N/A
N/A,سيفة للحلوى العمانية,26.4523366,50.0684542,restaurant,4.6,198,OPERATIONAL,https://maps.google.com/?cid=N/A
N/A,Abu Tayeb Restaurant,26.440784299999997,50.071021599999995,restaurant,4.1,2756,OPERATIONAL,https://maps.google.com/?cid=N/A
N/A,Baba abdo restaurant مطعم بابا عبده,26.440890699999997,50.0606614,restaurant,3.6,1766,OPERATIONAL,https://maps.google.com/?cid=N/A
N/A,مطعم باجة وكباب عراقي الدمام,26.4554422,50.0709624,restaurant,4,339,OPERATIONAL,https://maps.google.com/?cid=N/A
N/A,مطعم الراكوبة للمأكولات السودانية,26.4383493,50.0563392,restaurant,4.1,414,OPERATIONAL,https://maps.google.com/?cid=N/A
N/A,Syrian House Restaurant,26.441682999999998,50.077144999999994,restaurant,4.3,2224,OPERATIONAL,https://maps.google.com/?cid=N/A
N/A,SAFSAF Restaurant,26.442056200000003,50.064052399999994,restaurant,4,2147,OPERATIONAL,https://maps.google.com/?cid=N/A
N/A,Suhail Restaurant,26.4417035,50.0726872,restaurant,4.2,1655,OPERATIONAL,https://maps.google.com/?cid=N/A
N/A,مطبق ومعصوب مطعم مشهور الخليج,26.4421856,50.0764272,restaurant,4.1,1093,OPERATIONAL,https://maps.google.com/?cid=N/A
N/A,Ruchi Restaurant Dammam مطعم تاج الدمام,26.441981799999997,50.062758,restaurant,3.8,1504,OPERATIONAL,https://maps.google.com/?cid=N/A
N/A,Indian Paradise Restaurant Dammam,26.452377199999997,50.0680848,restaurant,4,133,OPERATIONAL,https://maps.google.com/?cid=N/A
N/A,مطاعم أصل العرب asl alarab restaurants,26.441528899999998,50.0751123,restaurant,4.3,1216,OPERATIONAL,https://maps.google.com/?cid=N/A
N/A,Broast Al Basel,26.433432,50.066334399999995,restaurant,4.1,1724,OPERATIONAL,https://maps.google.com/?cid=N/A
N/A,Sadd Ma'arib,26.441524299999998,50.0749182,restaurant,4.4,18262,OPERATIONAL,https://maps.google.com/?cid=N/A
N/A,شواية الخليج,26.439373999999997,50.083058799999996,restaurant,4.3,3524,OPERATIONAL,https://maps.google.com/?cid=N/A
N/A,دلع كرشك,26.4372574,50.0840135,restaurant,3.8,4663,OPERATIONAL,https://maps.google.com/?cid=N/A
N/A,Alyahya Bakeries,26.4593138,50.087013299999995,restaurant,4.5,6133,OPERATIONAL,https://maps.google.com/?cid=N/A
N/A,شواية الخليج,26.4514903,50.0963801,restaurant,4.2,972,OPERATIONAL,https://maps.google.com/?cid=N/A
N/A,معجنات قناطر دمشق,26.4381253,50.0781734,restaurant,4.3,2774,OPERATIONAL,https://maps.google.com/?cid=N/A
N/A,Abu Hilal restaurants,26.4361841,50.0898384,restaurant,4.2,3472,OPERATIONAL,https://maps.google.com/?cid=N/A
N/A,Shrimp House Restaurant,26.4593813,50.086612599999995,restaurant,4.2,5789,OPERATIONAL,https://maps.google.com/?cid=N/A
N/A,Fresh Broasted,26.434560899999997,50.0856469,restaurant,4.2,2318,OPERATIONAL,https://maps.google.com/?cid=N/A
N/A,بوفية البشرى,26.4472092,50.0941039,restaurant,4.2,817,OPERATIONAL,https://maps.google.com/?cid=N/A
N/A,مطعم طرح البحر للماكولات البحرية,26.4416272,50.0821718,restaurant,4.4,798,OPERATIONAL,https://maps.google.com/?cid=N/A
N/A,مطعم وشاي بستكانة | Besteacana Restaurant & Tea,26.459061,50.0802487,restaurant,4.6,727,OPERATIONAL,https://maps.google.com/?cid=N/A
N/A,Abu Tayeb Restaurant,26.440784299999997,50.071021599999995,restaurant,4.1,2756,OPERATIONAL,https://maps.google.com/?cid=N/A
N/A,مطعم فول القاهره الدمام,26.4383491,50.078336799999995,restaurant,4.4,710,OPERATIONAL,https://maps.google.com/?cid=N/A
N/A,Asar al- Bukhari Restaurant,26.440972799999997,50.0818412,restaurant,4.2,1875,OPERATIONAL,https://maps.google.com/?cid=N/A
N/A,McDonald's,26.434590999999998,50.08549800000001,restaurant,3.9,3061,OPERATIONAL,https://maps.google.com/?cid=N/A
N/A,Syrian House Restaurant,26.441682999999998,50.077144999999994,restaurant,4.3,2224,OPERATIONAL,https://maps.google.com/?cid=N/A
N/A,Indian Tanoor Restaurant,26.4586514,50.083757399999996,restaurant,4.3,2233,OPERATIONAL,https://maps.google.com/?cid=N/A
N/A,Suhail Restaurant,26.4417035,50.0726872,restaurant,4.2,1655,OPERATIONAL,https://maps.google.com/?cid=N/A
N/A,AlBaik,26.456944699999998,50.108667399999995,restaurant,4.1,10459,OPERATIONAL,https://maps.google.com/?cid=N/A
N/A,Shajarat Al-durr restaurant,26.4568327,50.100971099999995,restaurant,4.8,12550,OPERATIONAL,https://maps.google.com/?cid=N/A
N/A,دوار السعادة,26.4567783,50.101194799999995,restaurant,4.3,500,OPERATIONAL,https://maps.google.com/?cid=N/A
N/A,الرغيف المصرى,26.437148999999998,50.0977706,restaurant,4.1,1431,OPERATIONAL,https://maps.google.com/?cid=N/A
N/A,Hadhramaut Restaurant,26.434696799999998,50.098758499999995,restaurant,4,3205,OPERATIONAL,https://maps.google.com/?cid=N/A
N/A,فتة وصنوبر,26.4550359,50.0970422,restaurant,4.1,8933,OPERATIONAL,https://maps.google.com/?cid=N/A
N/A,Rayg Shawarma,26.458214299999998,50.09635170000001,restaurant,4.1,820,OPERATIONAL,https://maps.google.com/?cid=N/A
N/A,Brava Ristorante Italiano,26.4568807,50.1009044,restaurant,4.7,1256,OPERATIONAL,https://maps.google.com/?cid=N/A
N/A,Dongola Restaurant,26.435881499999997,50.093044199999994,restaurant,4.2,1829,OPERATIONAL,https://maps.google.com/?cid=N/A
N/A,شواية الخليج,26.4514903,50.0963801,restaurant,4.2,972,OPERATIONAL,https://maps.google.com/?cid=N/A
N/A,Rummaan Dammam Hyderabadi Restaurant,26.4437067,50.0982966,restaurant,4.1,1284,OPERATIONAL,https://maps.google.com/?cid=N/A
N/A,حارة ورد الدمام | Harat Ward Dammam,26.4575872,50.0971148,restaurant,4.8,6056,OPERATIONAL,https://maps.google.com/?cid=N/A
N/A,دروازة الصيّاد البحري للمأكولات البحرية,26.456716,50.09248,restaurant,4,8641,OPERATIONAL,https://maps.google.com/?cid=N/A
N/A,Cuz balcony restaurant مطعم شرفة كوز,26.455869999999997,50.1022578,restaurant,4.4,664,OPERATIONAL,https://maps.google.com/?cid=N/A
N/A,Al Kabsh / الكبش,26.438318199999998,50.1066002,restaurant,4,2882,OPERATIONAL,https://maps.google.com/?cid=N/A
N/A,Holidays Restaurant,26.442264899999998,50.0976717,restaurant,4,2448,OPERATIONAL,https://maps.google.com/?cid=N/A
N/A,Royal Malabar Restaurant مطعم رويال مالابار - Dammam‎,26.455698299999998,50.097042699999996,restaurant,3.9,2688,OPERATIONAL,https://maps.google.com/?cid=N/A
N/A,بوفية البشرى,26.4472092,50.0941039,restaurant,4.2,817,OPERATIONAL,https://maps.google.com/?cid=N/A
N/A,Nehari House Restaurant,26.4372634,50.106577599999994,restaurant,4,1313,OPERATIONAL,https://maps.google.com/?cid=N/A
N/A,Khartoum restaurant,26.4365284,50.0995974,restaurant,4.3,1073,OPERATIONAL,https://maps.google.com/?cid=N/A
N/A,AlRomansiah,26.455757,50.113838,restaurant,4.3,15257,OPERATIONAL,https://maps.google.com/?cid=N/A
N/A,AlBaik,26.456944699999998,50.108667399999995,restaurant,4.1,10459,OPERATIONAL,https://maps.google.com/?cid=N/A
N/A,دار مبارك للماكولات البحرية والخليجية,26.4521128,50.1301357,restaurant,4.5,4234,OPERATIONAL,https://maps.google.com/?cid=N/A
N/A,Shrimp Nation,26.4513039,50.130133099999995,restaurant,4.2,3815,OPERATIONAL,https://maps.google.com/?cid=N/A
N/A,AL AKER SWEETS,26.441792699999997,50.1214957,restaurant,4.3,2824,OPERATIONAL,https://maps.google.com/?cid=N/A
N/A,McDonald's,26.442628,50.118421,restaurant,4,3875,OPERATIONAL,https://maps.google.com/?cid=N/A
N/A,AL Shallal Pastry,26.4420613,50.1203135,restaurant,4.2,897,OPERATIONAL,https://maps.google.com/?cid=N/A
N/A,بيت ناظم العراقي,26.451389499999998,50.1285995,restaurant,4.4,2686,OPERATIONAL,https://maps.google.com/?cid=N/A
N/A,Layaly Zaman,26.4408218,50.1238852,restaurant,4.5,1844,OPERATIONAL,https://maps.google.com/?cid=N/A
N/A,Deep Fries,26.4514683,50.1288382,restaurant,4.7,3641,OPERATIONAL,https://maps.google.com/?cid=N/A
N/A,Al Kabsh / الكبش,26.438318199999998,50.1066002,restaurant,4,2882,OPERATIONAL,https://maps.google.com/?cid=N/A
N/A,عم سمير بتاع الفطير الدمام,26.456633399999998,50.113569999999996,restaurant,4.6,2233,OPERATIONAL,https://maps.google.com/?cid=N/A
N/A,Ankawa Iraqi Restaurant,26.45743,50.1128262,restaurant,4.6,4918,OPERATIONAL,https://maps.google.com/?cid=N/A
N/A,Diyar Al Sham Restaurant,26.4416405,50.1207316,restaurant,4.3,1494,OPERATIONAL,https://maps.google.com/?cid=N/A
N/A,Bombai Ryani,26.4348162,50.1172951,restaurant,3.7,2709,OPERATIONAL,https://maps.google.com/?cid=N/A
N/A,Balcony,26.453971199999998,50.120255699999994,restaurant,4.2,3034,OPERATIONAL,https://maps.google.com/?cid=N/A
N/A,Pastel Cafe Dammam - باستيل المزروعيه,26.4525661,50.1235084,restaurant,4.2,2186,OPERATIONAL,https://maps.google.com/?cid=N/A
N/A,قلعة عمّان,26.4404725,50.1245422,restaurant,4.4,1493,OPERATIONAL,https://maps.google.com/?cid=N/A
N/A,"Operation Falafel, Ash Shati Al Gharbi",26.455586699999998,50.118909099999996,restaurant,4.2,5150,OPERATIONAL,https://maps.google.com/?cid=N/A
N/A,ATYAAB AL TAZAJ,26.4388098,50.127080799999995,restaurant,4,2050,OPERATIONAL,https://maps.google.com/?cid=N/A
N/A,دار مبارك للماكولات البحرية والخليجية,26.4521128,50.1301357,restaurant,4.5,4234,OPERATIONAL,https://maps.google.com/?cid=N/A
N/A,Shrimp Nation,26.4513039,50.130133099999995,restaurant,4.2,3815,OPERATIONAL,https://maps.google.com/?cid=N/A
N/A,بيت ناظم العراقي,26.451389499999998,50.1285995,restaurant,4.4,2686,OPERATIONAL,https://maps.google.com/?cid=N/A
N/A,Deep Fries,26.4514683,50.1288382,restaurant,4.7,3641,OPERATIONAL,https://maps.google.com/?cid=N/A
N/A,Layaly Zaman,26.4408218,50.1238852,restaurant,4.5,1844,OPERATIONAL,https://maps.google.com/?cid=N/A
N/A,قلعة عمّان,26.4404725,50.1245422,restaurant,4.4,1493,OPERATIONAL,https://maps.google.com/?cid=N/A
N/A,Pastel Cafe Dammam - باستيل المزروعيه,26.4525661,50.1235084,restaurant,4.2,2186,OPERATIONAL,https://maps.google.com/?cid=N/A
N/A,كبدة وصدقتها,26.452241599999997,50.129204099999995,restaurant,4.5,999,OPERATIONAL,https://maps.google.com/?cid=N/A
N/A,ATYAAB AL TAZAJ,26.4388098,50.127080799999995,restaurant,4,2050,OPERATIONAL,https://maps.google.com/?cid=N/A
N/A,Chili's,26.4512905,50.128825299999995,restaurant,3.9,2362,OPERATIONAL,https://maps.google.com/?cid=N/A
N/A,Makbous Express,26.440980699999997,50.1238489,restaurant,4.2,1146,OPERATIONAL,https://maps.google.com/?cid=N/A
N/A,Kilo Meshakil-كيلو مشكل,26.439066300000004,50.126775699999996,restaurant,4.7,2031,OPERATIONAL,https://maps.google.com/?cid=N/A
N/A,براير كافيه Briar Cafe & Tea room,26.451165,50.131209000000005,restaurant,4.2,791,OPERATIONAL,https://maps.google.com/?cid=N/A
N/A,مطاعم الدمام البخاري الممتاز,26.440184499999997,50.125006199999994,restaurant,4.1,765,OPERATIONAL,https://maps.google.com/?cid=N/A
N/A,Sanabel Al Shaam,26.440144999999998,50.1245024,restaurant,4.5,448,OPERATIONAL,https://maps.google.com/?cid=N/A
N/A,wokkong,26.4514134,50.1286284,restaurant,4.5,1304,OPERATIONAL,https://maps.google.com/?cid=N/A
N/A,Ifrane Restaurant,26.4389041,50.1268477,restaurant,4.2,759,OPERATIONAL,https://maps.google.com/?cid=N/A
N/A,الصاج اللبناني,26.4405972,50.1243164,restaurant,4.1,469,OPERATIONAL,https://maps.google.com/?cid=N/A
N/A,مطعم النوخذه الشرقي,26.4366129,50.1300191,restaurant,3.9,1945,OPERATIONAL,https://maps.google.com/?cid=N/A
N/A,Riviera Avenue 2 ريفييرا أفينيو,26.452278999999997,50.1257654,restaurant,4.3,108,OPERATIONAL,https://maps.google.com/?cid=N/A
N/A,MATAAM YASIN AL BUKHARI,26.4526054,50.1800406,restaurant,3.5,2,OPERATIONAL,https://maps.google.com/?cid=N/A
N/A,MATAAM YASIN AL BUKHARI,26.4526054,50.1800406,restaurant,3.5,2,OPERATIONAL,https://maps.google.com/?cid=N/A
N/A,مطعم الغمغام بالضاحية,26.453312,49.9982908,restaurant,4.1,67,OPERATIONAL,https://maps.google.com/?cid=N/A
N/A,Talis Bukhari Restaurant ١٦مطعم تثليث البخاري,26.471656799999998,50.004148699999995,restaurant,3.7,144,OPERATIONAL,https://maps.google.com/?cid=N/A
N/A,مطعم قمر الضاحية,26.4530086,49.9984009,restaurant,4.6,49,OPERATIONAL,https://maps.google.com/?cid=N/A
N/A,مطاعم البرية البخاري,26.4670404,50.0047193,restaurant,3.8,29,OPERATIONAL,https://maps.google.com/?cid=N/A
N/A,Mutam Nisaf Alqamar,26.4766782,49.995661,restaurant,4.6,58,OPERATIONAL,https://maps.google.com/?cid=N/A
N/A,Buffet Lebanon Gardens,26.4535886,49.9840603,restaurant,3.6,215,OPERATIONAL,https://maps.google.com/?cid=N/A
N/A,مشويات علوش,26.463052299999998,49.9899467,restaurant,4.2,17,OPERATIONAL,https://maps.google.com/?cid=N/A
N/A,مطعم فنان المندي,26.4625555,49.989184099999996,restaurant,4.4,27,OPERATIONAL,https://maps.google.com/?cid=N/A
N/A,بوفية فطور دلة لتقديم الوجبات,26.4765625,49.9958125,restaurant,4.1,17,OPERATIONAL,https://maps.google.com/?cid=N/A
N/A,بوفية سميج,26.4686734,50.006275699999996,restaurant,4.1,48,OPERATIONAL,https://maps.google.com/?cid=N/A
N/A,مطاعم خروف المعلم للأكلات الشعبية,26.468014399999998,50.006758299999994,restaurant,4.2,169,OPERATIONAL,https://maps.google.com/?cid=N/A
N/A,سبايسي ميل الضاحية,26.4533375,49.9981967,restaurant,3.9,28,OPERATIONAL,https://maps.google.com/?cid=N/A
N/A,বাংলাদেশ রেস্টুরেন্ট-Bangladesh Restaurant,26.469072999999998,50.0059798,restaurant,4.2,5,OPERATIONAL,https://maps.google.com/?cid=N/A
N/A,تكا وكباب,26.473398399999997,50.0033987,restaurant,3,7,OPERATIONAL,https://maps.google.com/?cid=N/A
N/A,Creme_de_la_cerme,26.451891999999997,49.993105,restaurant,No rating,No reviews,OPERATIONAL,https://maps.google.com/?cid=N/A
N/A,Qasr Al Nakheel,26.472085399999997,50.0165977,restaurant,4.5,1452,OPERATIONAL,https://maps.google.com/?cid=N/A
N/A,Gardens Restaruant & Lounge,26.471815499999998,50.0182102,restaurant,4.6,2066,OPERATIONAL,https://maps.google.com/?cid=N/A
N/A,The Sheikh of Grilled Lamb Restaurant,26.4677111,50.0070901,restaurant,4.7,285,OPERATIONAL,https://maps.google.com/?cid=N/A
N/A,مطعم ومطبخ جمر الحنيذ,26.467689399999998,50.0071096,restaurant,3.8,255,OPERATIONAL,https://maps.google.com/?cid=N/A
N/A,Barn's | بارنز,26.467665,50.018406299999995,restaurant,4.4,39,OPERATIONAL,https://maps.google.com/?cid=N/A
N/A,Eastern Sea Restaurant,26.457956499999998,50.017357,restaurant,4.1,37,OPERATIONAL,https://maps.google.com/?cid=N/A
N/A,مطاعم ضواحي نجد البخاري لتقديم الوجبات,26.463307500000003,50.0121951,restaurant,4.3,360,OPERATIONAL,https://maps.google.com/?cid=N/A
N/A,Pakistani Hotel. مطعم نكهات السند لتقديم الوجبات,26.461062499999997,50.01143750000001,restaurant,4.8,20,OPERATIONAL,https://maps.google.com/?cid=N/A
N/A,مطعم ريم الغلا للوجبات السودانية,26.4591349,50.0142787,restaurant,3.8,281,OPERATIONAL,https://maps.google.com/?cid=N/A
N/A,مطعم مثلث البخاري,26.4577515,50.017348899999995,restaurant,3.9,130,OPERATIONAL,https://maps.google.com/?cid=N/A
N/A,Talis Bukhari Restaurant ١٦مطعم تثليث البخاري,26.471656799999998,50.004148699999995,restaurant,3.7,144,OPERATIONAL,https://maps.google.com/?cid=N/A
N/A,مطعم صاج سبأ(فرع النابيه),26.4676105,50.0178343,restaurant,4.4,39,OPERATIONAL,https://maps.google.com/?cid=N/A
N/A,Dhaka Hotel,26.462806399999998,50.012821699999996,restaurant,4,102,OPERATIONAL,https://maps.google.com/?cid=N/A
N/A,Rabea resturant مطعم ربيع الجود,26.460972899999998,50.0184161,restaurant,4.3,142,OPERATIONAL,https://maps.google.com/?cid=N/A
N/A,مطاعم البرية البخاري,26.4670404,50.0047193,restaurant,3.8,29,OPERATIONAL,https://maps.google.com/?cid=N/A
N/A,مطبخ نكهة الماضي للولائم,26.4749488,50.0119572,restaurant,4.3,70,OPERATIONAL,https://maps.google.com/?cid=N/A
N/A,مطعم خرسان البخاري,26.457696,50.017558099999995,restaurant,3.5,13,OPERATIONAL,https://maps.google.com/?cid=N/A
N/A,مطعم ليان للمشويات,26.4611603,50.011469999999996,restaurant,4.6,11,OPERATIONAL,https://maps.google.com/?cid=N/A
N/A,Sindh Flavors Restaurant for serving meals,26.461160399999997,50.011207299999995,restaurant,4.3,6,OPERATIONAL,https://maps.google.com/?cid=N/A
N/A,Marhaba Restaurant,26.4607855,50.0080537,restaurant,3.9,84,OPERATIONAL,https://maps.google.com/?cid=N/A
N/A,Qasr Al Nakheel,26.472085399999997,50.0165977,restaurant,4.5,1452,OPERATIONAL,https://maps.google.com/?cid=N/A
N/A,Asyakh أسياخ (سيهات),26.4639495,50.030932299999996,restaurant,4.5,619,OPERATIONAL,https://maps.google.com/?cid=N/A
N/A,هندسة المعصوب,26.464784299999998,50.0321359,restaurant,4.6,2197,OPERATIONAL,https://maps.google.com/?cid=N/A
N/A,Gardens Restaruant & Lounge,26.471815499999998,50.0182102,restaurant,4.6,2066,OPERATIONAL,https://maps.google.com/?cid=N/A
N/A,مطعم فجر سيهات,26.475950299999997,50.0336249,restaurant,4.2,2313,OPERATIONAL,https://maps.google.com/?cid=N/A
N/A,Hamsa restaurant,26.467318,50.039934099999996,restaurant,4.4,590,OPERATIONAL,https://maps.google.com/?cid=N/A
N/A,Garage Burger,26.4728528,50.036729199999996,restaurant,4.5,2113,OPERATIONAL,https://maps.google.com/?cid=N/A
N/A,مطعم صبار و بهار,26.4643974,50.032293499999994,restaurant,4.2,1225,OPERATIONAL,https://maps.google.com/?cid=N/A
N/A,سبايسي ميل Spicy Meal,26.4641429,50.0314607,restaurant,3.8,858,OPERATIONAL,https://maps.google.com/?cid=N/A
N/A,Toos Kitchen,26.4757799,50.0321901,restaurant,4.3,1070,OPERATIONAL,https://maps.google.com/?cid=N/A
N/A,In & Out Falafel,26.4681395,50.0421881,restaurant,4.2,460,OPERATIONAL,https://maps.google.com/?cid=N/A
N/A,منتو الخليج,26.476595099999997,50.034728,restaurant,4.1,197,OPERATIONAL,https://maps.google.com/?cid=N/A
N/A,Hadi’s Burger,26.471917299999998,50.0264989,restaurant,4.8,317,OPERATIONAL,https://maps.google.com/?cid=N/A
N/A,Fluffy Pancake Cafe فلافي بانكيك,26.467724399999998,50.0412448,restaurant,4.2,142,OPERATIONAL,https://maps.google.com/?cid=N/A
N/A,Aden Pop Restaurant,26.456786299999997,50.0279896,restaurant,4.1,315,OPERATIONAL,https://maps.google.com/?cid=N/A
N/A,Barn's | بارنز,26.467665,50.018406299999995,restaurant,4.4,39,OPERATIONAL,https://maps.google.com/?cid=N/A
N/A,Lettuce go | ليتس جو,26.4647981,50.032179799999994,restaurant,4.4,212,OPERATIONAL,https://maps.google.com/?cid=N/A
N/A,Palatable Burger,26.4653797,50.0339024,restaurant,4.3,490,OPERATIONAL,https://maps.google.com/?cid=N/A
N/A,مطعم مذاق زعفران,26.4758374,50.032326999999995,restaurant,4,772,OPERATIONAL,https://maps.google.com/?cid=N/A
N/A,Sagar Restaurant,26.4639375,50.0378281,restaurant,4.1,120,OPERATIONAL,https://maps.google.com/?cid=N/A
N/A,Sky Burger,26.4666574,50.0476716,restaurant,4.4,1854,OPERATIONAL,https://maps.google.com/?cid=N/A
N/A,Waraq 3nb Station,26.462635900000002,50.0494985,restaurant,4.2,1952,OPERATIONAL,https://maps.google.com/?cid=N/A
N/A,"SOLACE, سولاس",26.465545799999997,50.0604483,restaurant,4.5,2165,OPERATIONAL,https://maps.google.com/?cid=N/A
N/A,Delle Rose,26.4731016,50.048448799999996,restaurant,4.1,2885,OPERATIONAL,https://maps.google.com/?cid=N/A
N/A,Your Escape يور اسكيب,26.4665414,50.0601874,restaurant,4.5,996,OPERATIONAL,https://maps.google.com/?cid=N/A
N/A,McDonald's,26.469011,50.059881999999995,restaurant,3.7,2973,OPERATIONAL,https://maps.google.com/?cid=N/A
N/A,Al Tanour Restaurants Dammam Branch,26.469736599999997,50.059605399999995,restaurant,4.7,2638,OPERATIONAL,https://maps.google.com/?cid=N/A
N/A,فروج الأكابر سيهات,26.4699541,50.0585557,restaurant,4.6,2223,OPERATIONAL,https://maps.google.com/?cid=N/A
N/A,هندسة المعصوب,26.464784299999998,50.0321359,restaurant,4.6,2197,OPERATIONAL,https://maps.google.com/?cid=N/A
N/A,مطعم المضياف (المحمدية),26.4695884,50.0587793,restaurant,4,835,OPERATIONAL,https://maps.google.com/?cid=N/A
N/A,Mandi Al-Ahsa,26.465671999999998,50.0604132,restaurant,4.1,1640,OPERATIONAL,https://maps.google.com/?cid=N/A
N/A,رد كاب برجر (سيهـات) برجر - كريسبي - ميلك شيك,26.4684439,50.0469478,restaurant,4.7,2095,OPERATIONAL,https://maps.google.com/?cid=N/A
N/A,Ennabi Grill,26.459283,50.050760999999994,restaurant,4,3935,OPERATIONAL,https://maps.google.com/?cid=N/A
N/A,Lemons,26.463664899999998,50.048922399999995,restaurant,4.4,1378,OPERATIONAL,https://maps.google.com/?cid=N/A
N/A,مشويات بو لجين bbq_party,26.469992599999998,50.047798,restaurant,4.4,511,OPERATIONAL,https://maps.google.com/?cid=N/A
N/A,Fareej AlBaja,26.464462299999997,50.0486528,restaurant,3.9,961,OPERATIONAL,https://maps.google.com/?cid=N/A
N/A,Hamsa restaurant,26.467318,50.039934099999996,restaurant,4.4,590,OPERATIONAL,https://maps.google.com/?cid=N/A
N/A,Aldehleez Barbecue مشويات الدهليز,26.4698131,50.047574499999996,restaurant,4.1,1082,OPERATIONAL,https://maps.google.com/?cid=N/A
N/A,Frykit,26.4677395,50.059161499999995,restaurant,4.3,973,OPERATIONAL,https://maps.google.com/?cid=N/A
N/A,Garage Burger,26.4728528,50.036729199999996,restaurant,4.5,2113,OPERATIONAL,https://maps.google.com/?cid=N/A
N/A,Raising Cane's,26.4620222,50.068366700000006,restaurant,4.6,1844,OPERATIONAL,https://maps.google.com/?cid=N/A
N/A,"SOLACE, سولاس",26.465545799999997,50.0604483,restaurant,4.5,2165,OPERATIONAL,https://maps.google.com/?cid=N/A
N/A,Waraq 3nb Station,26.462635900000002,50.0494985,restaurant,4.2,1952,OPERATIONAL,https://maps.google.com/?cid=N/A
N/A,Your Escape يور اسكيب,26.4665414,50.0601874,restaurant,4.5,996,OPERATIONAL,https://maps.google.com/?cid=N/A
N/A,McDonald's,26.469011,50.059881999999995,restaurant,3.7,2973,OPERATIONAL,https://maps.google.com/?cid=N/A
N/A,Casa Restaurant,26.4534375,50.0646917,restaurant,4.2,577,OPERATIONAL,https://maps.google.com/?cid=N/A
N/A,Al Tanour Restaurants Dammam Branch,26.469736599999997,50.059605399999995,restaurant,4.7,2638,OPERATIONAL,https://maps.google.com/?cid=N/A
N/A,فروج الأكابر سيهات,26.4699541,50.0585557,restaurant,4.6,2223,OPERATIONAL,https://maps.google.com/?cid=N/A
N/A,Mandi Al-Ahsa,26.465671999999998,50.0604132,restaurant,4.1,1640,OPERATIONAL,https://maps.google.com/?cid=N/A
N/A,مطعم المضياف (المحمدية),26.4695884,50.0587793,restaurant,4,835,OPERATIONAL,https://maps.google.com/?cid=N/A
N/A,Emilien,26.4567522,50.062189599999996,restaurant,4.5,1243,OPERATIONAL,https://maps.google.com/?cid=N/A
N/A,سيفة للحلوى العمانية,26.4523366,50.0684542,restaurant,4.6,198,OPERATIONAL,https://maps.google.com/?cid=N/A
N/A,مطعم باجة وكباب عراقي الدمام,26.4554422,50.0709624,restaurant,4,339,OPERATIONAL,https://maps.google.com/?cid=N/A
N/A,Mays AlQamar,26.474843999999997,50.057401,restaurant,3.8,2703,OPERATIONAL,https://maps.google.com/?cid=N/A
N/A,Ennabi Grill,26.459283,50.050760999999994,restaurant,4,3935,OPERATIONAL,https://maps.google.com/?cid=N/A
N/A,Frykit,26.4677395,50.059161499999995,restaurant,4.3,973,OPERATIONAL,https://maps.google.com/?cid=N/A
N/A,Nokhitha Seafood Restaurant,26.4646156,50.0609663,restaurant,4,2515,OPERATIONAL,https://maps.google.com/?cid=N/A
N/A,Casa Pasta,26.4618048,50.068238799999996,restaurant,3.9,1386,OPERATIONAL,https://maps.google.com/?cid=N/A
N/A,MAZAR Shawarma & Potato,26.4631255,50.0632452,restaurant,4,1454,OPERATIONAL,https://maps.google.com/?cid=N/A
N/A,Pizza Hut,26.4618249,50.068104999999996,restaurant,4,425,OPERATIONAL,https://maps.google.com/?cid=N/A
N/A,Al Tazaj,26.458521700000002,50.090325799999995,restaurant,3.7,2637,OPERATIONAL,https://maps.google.com/?cid=N/A
N/A,Raising Cane's,26.4620222,50.068366700000006,restaurant,4.6,1844,OPERATIONAL,https://maps.google.com/?cid=N/A
N/A,Alyahya Bakeries,26.4593138,50.087013299999995,restaurant,4.5,6133,OPERATIONAL,https://maps.google.com/?cid=N/A
N/A,Nakhat Alsharq,26.459451700000002,50.0936628,restaurant,4.2,2169,OPERATIONAL,https://maps.google.com/?cid=N/A
N/A,دروازة الصيّاد البحري للمأكولات البحرية,26.456716,50.09248,restaurant,4,8641,OPERATIONAL,https://maps.google.com/?cid=N/A
N/A,Shrimp House Restaurant,26.4593813,50.086612599999995,restaurant,4.2,5789,OPERATIONAL,https://maps.google.com/?cid=N/A
N/A,مطعم وشاي بستكانة | Besteacana Restaurant & Tea,26.459061,50.0802487,restaurant,4.6,727,OPERATIONAL,https://maps.google.com/?cid=N/A
N/A,McDonald's,26.459446999999997,50.091989999999996,restaurant,3.8,3913,OPERATIONAL,https://maps.google.com/?cid=N/A
N/A,Indian Tanoor Restaurant,26.4586514,50.083757399999996,restaurant,4.3,2233,OPERATIONAL,https://maps.google.com/?cid=N/A
N/A,مطعم دار الميدان الشامي,26.458672200000002,50.0873901,restaurant,4.2,1471,OPERATIONAL,https://maps.google.com/?cid=N/A
N/A,Half Pound,26.4587331,50.0807791,restaurant,4.7,2303,OPERATIONAL,https://maps.google.com/?cid=N/A
N/A,كشري لوز وورد,26.4546347,50.0920595,restaurant,4.8,1148,OPERATIONAL,https://maps.google.com/?cid=N/A
N/A,مطاعم حمص وفول,26.4563395,50.081307699999996,restaurant,4.5,1102,OPERATIONAL,https://maps.google.com/?cid=N/A
N/A,مطعم فريج السلطان,26.4589054,50.0804251,restaurant,4.7,4595,OPERATIONAL,https://maps.google.com/?cid=N/A
N/A,Casa Pasta,26.4618048,50.068238799999996,restaurant,3.9,1386,OPERATIONAL,https://maps.google.com/?cid=N/A
N/A,Goodness of Damascus Restaurant - Syrian dishes,26.458672200000002,50.08749100000001,restaurant,3.9,1056,OPERATIONAL,https://maps.google.com/?cid=N/A
N/A,Shezan Indian Restaurant,26.459255700000003,50.093892499999995,restaurant,3.5,1974,OPERATIONAL,https://maps.google.com/?cid=N/A
N/A,ميس القمر الدمام المباركيه,26.470650799999998,50.0924829,restaurant,3.8,341,OPERATIONAL,https://maps.google.com/?cid=N/A
N/A,Pizza Hut,26.4618249,50.068104999999996,restaurant,4,425,OPERATIONAL,https://maps.google.com/?cid=N/A
N/A,فوال نور الصباح,26.4555981,50.0888673,restaurant,3.9,827,OPERATIONAL,https://maps.google.com/?cid=N/A
N/A,AlBaik,26.456944699999998,50.108667399999995,restaurant,4.1,10459,OPERATIONAL,https://maps.google.com/?cid=N/A
N/A,Shajarat Al-durr restaurant,26.4568327,50.100971099999995,restaurant,4.8,12550,OPERATIONAL,https://maps.google.com/?cid=N/A
N/A,دوار السعادة,26.4567783,50.101194799999995,restaurant,4.3,500,OPERATIONAL,https://maps.google.com/?cid=N/A
N/A,Al Tazaj,26.458521700000002,50.090325799999995,restaurant,3.7,2637,OPERATIONAL,https://maps.google.com/?cid=N/A
N/A,فتة وصنوبر,26.4550359,50.0970422,restaurant,4.1,8933,OPERATIONAL,https://maps.google.com/?cid=N/A
N/A,Rayg Shawarma,26.458214299999998,50.09635170000001,restaurant,4.1,820,OPERATIONAL,https://maps.google.com/?cid=N/A
N/A,Brava Ristorante Italiano,26.4568807,50.1009044,restaurant,4.7,1256,OPERATIONAL,https://maps.google.com/?cid=N/A
N/A,Alyahya Bakeries,26.4593138,50.087013299999995,restaurant,4.5,6133,OPERATIONAL,https://maps.google.com/?cid=N/A
N/A,Nakhat Alsharq,26.459451700000002,50.0936628,restaurant,4.2,2169,OPERATIONAL,https://maps.google.com/?cid=N/A
N/A,حارة ورد الدمام | Harat Ward Dammam,26.4575872,50.0971148,restaurant,4.8,6056,OPERATIONAL,https://maps.google.com/?cid=N/A
N/A,دروازة الصيّاد البحري للمأكولات البحرية,26.456716,50.09248,restaurant,4,8641,OPERATIONAL,https://maps.google.com/?cid=N/A
N/A,Cuz balcony restaurant مطعم شرفة كوز,26.455869999999997,50.1022578,restaurant,4.4,664,OPERATIONAL,https://maps.google.com/?cid=N/A
N/A,McDonald's,26.462194999999998,50.11366100000001,restaurant,3.8,4472,OPERATIONAL,https://maps.google.com/?cid=N/A
N/A,Royal Malabar Restaurant مطعم رويال مالابار - Dammam‎,26.455698299999998,50.097042699999996,restaurant,3.9,2688,OPERATIONAL,https://maps.google.com/?cid=N/A
N/A,Shrimp House Restaurant,26.4593813,50.086612599999995,restaurant,4.2,5789,OPERATIONAL,https://maps.google.com/?cid=N/A
N/A,McDonald's,26.459446999999997,50.091989999999996,restaurant,3.8,3913,OPERATIONAL,https://maps.google.com/?cid=N/A
N/A,Ankawa Iraqi Restaurant,26.45743,50.1128262,restaurant,4.6,4918,OPERATIONAL,https://maps.google.com/?cid=N/A
N/A,مطعم ماكس Macs Eatery,26.456973299999998,50.096813999999995,restaurant,4.8,2298,OPERATIONAL,https://maps.google.com/?cid=N/A
N/A,شركة مطاعم مارب للاكلات الشعبيه,26.4522968,50.1057233,restaurant,4.2,2741,OPERATIONAL,https://maps.google.com/?cid=N/A
N/A,مطعم دار الميدان الشامي,26.458672200000002,50.0873901,restaurant,4.2,1471,OPERATIONAL,https://maps.google.com/?cid=N/A
N/A,AlBaik,26.456944699999998,50.108667399999995,restaurant,4.1,10459,OPERATIONAL,https://maps.google.com/?cid=N/A
N/A,AlRomansiah,26.455757,50.113838,restaurant,4.3,15257,OPERATIONAL,https://maps.google.com/?cid=N/A
N/A,The Coffee Address | عنوان القهوة,26.46422,50.121457,restaurant,4.4,986,OPERATIONAL,https://maps.google.com/?cid=N/A
N/A,Burger Site,26.464150999999998,50.1215839,restaurant,4.3,3590,OPERATIONAL,https://maps.google.com/?cid=N/A
N/A,Lumiere Lounge,26.4661811,50.1230659,restaurant,4.2,3614,OPERATIONAL,https://maps.google.com/?cid=N/A
N/A,McDonald's,26.462194999999998,50.11366100000001,restaurant,3.8,4472,OPERATIONAL,https://maps.google.com/?cid=N/A
N/A,Ankawa Iraqi Restaurant,26.45743,50.1128262,restaurant,4.6,4918,OPERATIONAL,https://maps.google.com/?cid=N/A
N/A,عم سمير بتاع الفطير الدمام,26.456633399999998,50.113569999999996,restaurant,4.6,2233,OPERATIONAL,https://maps.google.com/?cid=N/A
N/A,Balcony,26.453971199999998,50.120255699999994,restaurant,4.2,3034,OPERATIONAL,https://maps.google.com/?cid=N/A
N/A,"Operation Falafel, Ash Shati Al Gharbi",26.455586699999998,50.118909099999996,restaurant,4.2,5150,OPERATIONAL,https://maps.google.com/?cid=N/A
N/A,Pastel Cafe Dammam - باستيل المزروعيه,26.4525661,50.1235084,restaurant,4.2,2186,OPERATIONAL,https://maps.google.com/?cid=N/A
N/A,Steak House,26.460248099999998,50.1209456,restaurant,4.3,5159,OPERATIONAL,https://maps.google.com/?cid=N/A
N/A,تشكي تشيز | Chuck E Cheese,26.457756,50.113119999999995,restaurant,4.1,3014,OPERATIONAL,https://maps.google.com/?cid=N/A
N/A,Beach Park Restaurant & Lounge,26.4663204,50.1231285,restaurant,4.4,2660,OPERATIONAL,https://maps.google.com/?cid=N/A
N/A,Lghawees | لغاويص,26.4640086,50.1211966,restaurant,4.1,1657,OPERATIONAL,https://maps.google.com/?cid=N/A
N/A,Kilo Kabab,26.4641372,50.1214765,restaurant,4.2,2366,OPERATIONAL,https://maps.google.com/?cid=N/A
N/A,Shrimp’s Up,26.4685195,50.123683799999995,restaurant,4.6,680,OPERATIONAL,https://maps.google.com/?cid=N/A
N/A,KFC,26.4541678,50.1194188,restaurant,3.6,1951,OPERATIONAL,https://maps.google.com/?cid=N/A
N/A,مطعم موليا,26.4683751,50.123432799999996,restaurant,4.5,765,OPERATIONAL,https://maps.google.com/?cid=N/A
N/A,Osmanli Lezzet المذاق العثماني,26.471727599999998,50.131481,restaurant,4.5,11171,OPERATIONAL,https://maps.google.com/?cid=N/A
N/A,Lumiere Lounge,26.4661811,50.1230659,restaurant,4.2,3614,OPERATIONAL,https://maps.google.com/?cid=N/A
N/A,The Coffee Address | عنوان القهوة,26.46422,50.121457,restaurant,4.4,986,OPERATIONAL,https://maps.google.com/?cid=N/A
N/A,Burger Site,26.464150999999998,50.1215839,restaurant,4.3,3590,OPERATIONAL,https://maps.google.com/?cid=N/A
N/A,Beach Park Restaurant & Lounge,26.4663204,50.1231285,restaurant,4.4,2660,OPERATIONAL,https://maps.google.com/?cid=N/A
N/A,Shrimp’s Up,26.4685195,50.123683799999995,restaurant,4.6,680,OPERATIONAL,https://maps.google.com/?cid=N/A
N/A,Kilo Kabab,26.4641372,50.1214765,restaurant,4.2,2366,OPERATIONAL,https://maps.google.com/?cid=N/A
N/A,مطعم موليا,26.4683751,50.123432799999996,restaurant,4.5,765,OPERATIONAL,https://maps.google.com/?cid=N/A
N/A,المشوى العنابي | Ennabi Grill,26.462474399999998,50.1221829,restaurant,4,2612,OPERATIONAL,https://maps.google.com/?cid=N/A
N/A,قدر عيش لتقديم الوجبات,26.468484099999998,50.1235761,restaurant,4.7,625,OPERATIONAL,https://maps.google.com/?cid=N/A
N/A,Sour,26.4665383,50.122444599999994,restaurant,4,458,OPERATIONAL,https://maps.google.com/?cid=N/A
N/A,Burger King - Shateaa,26.4625655,50.122227599999995,restaurant,4.1,668,OPERATIONAL,https://maps.google.com/?cid=N/A
N/A,Hot Taste - Dammam,26.468387099999998,50.123562,restaurant,4.5,366,OPERATIONAL,https://maps.google.com/?cid=N/A
N/A,معجنات ابن الشام,26.466995599999997,50.1225831,restaurant,4.8,166,OPERATIONAL,https://maps.google.com/?cid=N/A
N/A,Barn's | بارنز,26.464807699999998,50.1321702,restaurant,3.8,52,OPERATIONAL,https://maps.google.com/?cid=N/A
N/A,KFC,26.467187499999998,50.1231875,restaurant,3.9,218,OPERATIONAL,https://maps.google.com/?cid=N/A
N/A,Domino's Pizza 62815,26.4646844,50.132030099999994,restaurant,3.9,257,OPERATIONAL,https://maps.google.com/?cid=N/A
N/A,عجيل,26.464376299999998,50.121717800000006,restaurant,3.9,146,OPERATIONAL,https://maps.google.com/?cid=N/A
N/A,مخبز و فوال نور الصباح,26.464260499999998,50.123628000000004,restaurant,3.9,164,OPERATIONAL,https://maps.google.com/?cid=N/A
N/A,Restaurant (مطعم),26.4873999,49.9750166,restaurant,4,58,OPERATIONAL,https://maps.google.com/?cid=N/A
N/A,شركة وجبتي المميزه (بوفيه),26.4873007,49.974736,restaurant,3,12,OPERATIONAL,https://maps.google.com/?cid=N/A
N/A,Saihat hotel Dining area,26.4851889,49.9865873,restaurant,3.3,14,OPERATIONAL,https://maps.google.com/?cid=N/A
N/A,Mutam Nisaf Alqamar,26.4766782,49.995661,restaurant,4.6,58,OPERATIONAL,https://maps.google.com/?cid=N/A
N/A,بوفية صباح البلد,26.4821034,50.0033366,restaurant,4.4,26,OPERATIONAL,https://maps.google.com/?cid=N/A
N/A,بوفية فطور دلة لتقديم الوجبات,26.4765625,49.9958125,restaurant,4.1,17,OPERATIONAL,https://maps.google.com/?cid=N/A
N/A,برجر مشوي,26.4760499,50.0053744,restaurant,3.9,11,OPERATIONAL,https://maps.google.com/?cid=N/A
N/A,Saihat hotel Dining area,26.4851889,49.9865873,restaurant,3.3,14,OPERATIONAL,https://maps.google.com/?cid=N/A
N/A,مطاعم لؤلؤة الطعم للوجبات السريعة,26.478425599999998,50.0036084,restaurant,3.9,15,OPERATIONAL,https://maps.google.com/?cid=N/A
N/A,ليان بوفيه,26.482152700000004,50.0033697,restaurant,No rating,No reviews,OPERATIONAL,https://maps.google.com/?cid=N/A
N/A,Broasted Shargia,26.488137599999998,49.992623699999996,restaurant,3.1,9,OPERATIONAL,https://maps.google.com/?cid=N/A
N/A,مطعم ٩٠جرام,26.478011499999997,50.006366199999995,restaurant,4.1,42,OPERATIONAL,https://maps.google.com/?cid=N/A
N/A,مطعم احمد السويدي للمأكولات البحرية,26.4780317,50.0063861,restaurant,5,3,OPERATIONAL,https://maps.google.com/?cid=N/A
N/A,Qasr Al Nakheel,26.472085399999997,50.0165977,restaurant,4.5,1452,OPERATIONAL,https://maps.google.com/?cid=N/A
N/A,Gardens Restaruant & Lounge,26.471815499999998,50.0182102,restaurant,4.6,2066,OPERATIONAL,https://maps.google.com/?cid=N/A
N/A,Talis Bukhari Restaurant ١٦مطعم تثليث البخاري,26.471656799999998,50.004148699999995,restaurant,3.7,144,OPERATIONAL,https://maps.google.com/?cid=N/A
N/A,مطبخ نكهة الماضي للولائم,26.4749488,50.0119572,restaurant,4.3,70,OPERATIONAL,https://maps.google.com/?cid=N/A
N/A,تنور الشام,26.473176,50.008851799999995,restaurant,3.3,56,OPERATIONAL,https://maps.google.com/?cid=N/A
N/A,Falafel Dorar Nabyah,26.473912499999997,50.0061916,restaurant,4.3,72,OPERATIONAL,https://maps.google.com/?cid=N/A
N/A,بوفية صباح البلد,26.4821034,50.0033366,restaurant,4.4,26,OPERATIONAL,https://maps.google.com/?cid=N/A
N/A,بوفية استراحة هلا بالنابية,26.4747621,50.0082429,restaurant,4.2,74,OPERATIONAL,https://maps.google.com/?cid=N/A
N/A,قصر النخيل للطلبات الخارجية,26.4718329,50.017824,restaurant,4.3,8,OPERATIONAL,https://maps.google.com/?cid=N/A
N/A,برجر مشوي,26.4760499,50.0053744,restaurant,3.9,11,OPERATIONAL,https://maps.google.com/?cid=N/A
N/A,فوال وتميس الرباط,26.4743137,50.0083726,restaurant,4,4,OPERATIONAL,https://maps.google.com/?cid=N/A
N/A,تقديمات ولقيمات,26.4780737,50.0064703,restaurant,4.3,55,OPERATIONAL,https://maps.google.com/?cid=N/A
N/A,لقمة وشبعة لتقديم الوجبات,26.474051900000003,50.0085603,restaurant,4,3,OPERATIONAL,https://maps.google.com/?cid=N/A
N/A,مطعم نايفة العنزي,26.474447599999998,50.0077636,restaurant,4,8,OPERATIONAL,https://maps.google.com/?cid=N/A
N/A,دجاج نبع الصفا,26.474076699999998,50.0082107,restaurant,4.5,17,OPERATIONAL,https://maps.google.com/?cid=N/A
N/A,Bufiya samaya,26.474516299999998,50.008287499999994,restaurant,5,3,OPERATIONAL,https://maps.google.com/?cid=N/A
N/A,مطعم مشويات دمشق,26.472942699999997,50.008676699999995,restaurant,2.1,7,OPERATIONAL,https://maps.google.com/?cid=N/A
N/A,مطاعم لؤلؤة الطعم للوجبات السريعة,26.478425599999998,50.0036084,restaurant,3.9,15,OPERATIONAL,https://maps.google.com/?cid=N/A
N/A,بوفية ركن النابية,26.478068999999998,50.0070702,restaurant,4.1,8,OPERATIONAL,https://maps.google.com/?cid=N/A
N/A,مطعم كيس فلافل,26.4927584,50.036037799999995,restaurant,4.3,571,OPERATIONAL,https://maps.google.com/?cid=N/A
N/A,Baab Al Murad Grill,26.488765599999997,50.037965299999996,restaurant,4.1,2615,OPERATIONAL,https://maps.google.com/?cid=N/A
N/A,Alsadiq Restaurant,26.4901414,50.039884199999996,restaurant,4.2,4448,OPERATIONAL,https://maps.google.com/?cid=N/A
N/A,Madad Restaurant,26.4893514,50.0393919,restaurant,4.1,2788,OPERATIONAL,https://maps.google.com/?cid=N/A
N/A,مطعم فجر سيهات,26.475950299999997,50.0336249,restaurant,4.2,2313,OPERATIONAL,https://maps.google.com/?cid=N/A
N/A,Falafel radawy,26.4845911,50.037726299999996,restaurant,4.3,359,OPERATIONAL,https://maps.google.com/?cid=N/A
N/A,Abu Arif,26.488467,50.034627,restaurant,4.5,1508,OPERATIONAL,https://maps.google.com/?cid=N/A
N/A,Garage Burger,26.4728528,50.036729199999996,restaurant,4.5,2113,OPERATIONAL,https://maps.google.com/?cid=N/A
N/A,مطعم بحريات إكسبرس,26.4911125,50.0311719,restaurant,4.4,321,OPERATIONAL,https://maps.google.com/?cid=N/A
N/A,مطعم علياء,26.4956512,50.031192399999995,restaurant,4.1,2154,OPERATIONAL,https://maps.google.com/?cid=N/A
N/A,باب حارتنا Bab Harthana,26.4888874,50.038106899999995,restaurant,4.3,522,OPERATIONAL,https://maps.google.com/?cid=N/A
N/A,Kanadati Seafood Restaurant,26.477350899999998,50.036635,restaurant,4.2,1388,OPERATIONAL,https://maps.google.com/?cid=N/A
N/A,مخابز أجياد الشرق فرع حي الطف,26.4930809,50.0321716,restaurant,4.2,344,OPERATIONAL,https://maps.google.com/?cid=N/A
N/A,Aldeerah grills 2,26.492381299999998,50.0365366,restaurant,4,480,OPERATIONAL,https://maps.google.com/?cid=N/A
N/A,Tikka King,26.481555,50.040982199999995,restaurant,4.7,2497,OPERATIONAL,https://maps.google.com/?cid=N/A
N/A,Toos Kitchen,26.4757799,50.0321901,restaurant,4.3,1070,OPERATIONAL,https://maps.google.com/?cid=N/A
N/A,مشويات وتكا شيف الديرة ( ٢ ),26.4887545,50.036240600000006,restaurant,3.9,359,OPERATIONAL,https://maps.google.com/?cid=N/A
N/A,منتو الخليج,26.476595099999997,50.034728,restaurant,4.1,197,OPERATIONAL,https://maps.google.com/?cid=N/A
N/A,Hadi’s Burger,26.471917299999998,50.0264989,restaurant,4.8,317,OPERATIONAL,https://maps.google.com/?cid=N/A
N/A,مطعم شبك وسمك للمأكولات البحريه,26.490606,50.039258,restaurant,4.4,219,OPERATIONAL,https://maps.google.com/?cid=N/A
N/A,AlBaik,26.478280899999998,50.056087399999996,restaurant,4.1,2372,OPERATIONAL,https://maps.google.com/?cid=N/A
N/A,Khan al-Rayhan,26.485017799999998,50.0530628,restaurant,4.8,14498,OPERATIONAL,https://maps.google.com/?cid=N/A
N/A,جيادا - الخروف المدخن | GIADA - SMOKED LAMB,26.4781215,50.042693,restaurant,3.9,780,OPERATIONAL,https://maps.google.com/?cid=N/A
N/A,Baab Al Murad Grill,26.488765599999997,50.037965299999996,restaurant,4.1,2615,OPERATIONAL,https://maps.google.com/?cid=N/A
N/A,واقف برجر(سيــهات) - BURGER WAQF,26.478996199999997,50.055614899999995,restaurant,4.5,4186,OPERATIONAL,https://maps.google.com/?cid=N/A
N/A,Alsadiq Restaurant,26.4901414,50.039884199999996,restaurant,4.2,4448,OPERATIONAL,https://maps.google.com/?cid=N/A
N/A,Delle Rose,26.4731016,50.048448799999996,restaurant,4.1,2885,OPERATIONAL,https://maps.google.com/?cid=N/A
N/A,Kufa,26.479899999999997,50.055248399999996,restaurant,4.1,1287,OPERATIONAL,https://maps.google.com/?cid=N/A
N/A,SPREE Rooftop Lounge,26.4840202,50.053717299999995,restaurant,4.1,1209,OPERATIONAL,https://maps.google.com/?cid=N/A
N/A,Madad Restaurant,26.4893514,50.0393919,restaurant,4.1,2788,OPERATIONAL,https://maps.google.com/?cid=N/A
N/A,Kudu - Sehat,26.484494100000003,50.0535079,restaurant,3.9,1666,OPERATIONAL,https://maps.google.com/?cid=N/A
N/A,Farooj Abo Alabid | فروج ابوالعبد,26.478559,50.0558182,restaurant,4.2,459,OPERATIONAL,https://maps.google.com/?cid=N/A
N/A,Mays AlQamar,26.474843999999997,50.057401,restaurant,3.8,2703,OPERATIONAL,https://maps.google.com/?cid=N/A
N/A,مطعم فجر سيهات,26.475950299999997,50.0336249,restaurant,4.2,2313,OPERATIONAL,https://maps.google.com/?cid=N/A
N/A,Cancun,26.478804,50.045482899999996,restaurant,4.3,1345,OPERATIONAL,https://maps.google.com/?cid=N/A
N/A,UNAGI RESTAURANT,26.4851621,50.0511276,restaurant,4.5,959,OPERATIONAL,https://maps.google.com/?cid=N/A
N/A,Falafel radawy,26.4845911,50.037726299999996,restaurant,4.3,359,OPERATIONAL,https://maps.google.com/?cid=N/A
N/A,مشويات بو لجين bbq_party,26.469992599999998,50.047798,restaurant,4.4,511,OPERATIONAL,https://maps.google.com/?cid=N/A
N/A,Abu Arif,26.488467,50.034627,restaurant,4.5,1508,OPERATIONAL,https://maps.google.com/?cid=N/A
N/A,KFC,26.4803561,50.0543361,restaurant,3.7,1293,OPERATIONAL,https://maps.google.com/?cid=N/A
N/A,AlBaik,26.478280899999998,50.056087399999996,restaurant,4.1,2372,OPERATIONAL,https://maps.google.com/?cid=N/A
N/A,Khan al-Rayhan,26.485017799999998,50.0530628,restaurant,4.8,14498,OPERATIONAL,https://maps.google.com/?cid=N/A
N/A,واقف برجر(سيــهات) - BURGER WAQF,26.478996199999997,50.055614899999995,restaurant,4.5,4186,OPERATIONAL,https://maps.google.com/?cid=N/A
N/A,Kufa,26.479899999999997,50.055248399999996,restaurant,4.1,1287,OPERATIONAL,https://maps.google.com/?cid=N/A
N/A,SPREE Rooftop Lounge,26.4840202,50.053717299999995,restaurant,4.1,1209,OPERATIONAL,https://maps.google.com/?cid=N/A
N/A,Mays AlQamar,26.474843999999997,50.057401,restaurant,3.8,2703,OPERATIONAL,https://maps.google.com/?cid=N/A
N/A,Kudu - Sehat,26.484494100000003,50.0535079,restaurant,3.9,1666,OPERATIONAL,https://maps.google.com/?cid=N/A
N/A,Farooj Abo Alabid | فروج ابوالعبد,26.478559,50.0558182,restaurant,4.2,459,OPERATIONAL,https://maps.google.com/?cid=N/A
N/A,UNAGI RESTAURANT,26.4851621,50.0511276,restaurant,4.5,959,OPERATIONAL,https://maps.google.com/?cid=N/A
N/A,KFC,26.4803561,50.0543361,restaurant,3.7,1293,OPERATIONAL,https://maps.google.com/?cid=N/A
N/A,Elia Restaurant,26.4850979,50.050952599999995,restaurant,4,2568,OPERATIONAL,https://maps.google.com/?cid=N/A
N/A,Shawarman,26.4790783,50.0555999,restaurant,3.9,663,OPERATIONAL,https://maps.google.com/?cid=N/A
N/A,Babel Restaurant,26.479034799999997,50.0556123,restaurant,4,845,OPERATIONAL,https://maps.google.com/?cid=N/A
N/A,مطعم ومطبخ السندباد,26.4711778,50.0589817,restaurant,4.6,479,OPERATIONAL,https://maps.google.com/?cid=N/A
N/A,Arkaan Al Diera Restaurant,26.4812306,50.054727,restaurant,4.1,454,OPERATIONAL,https://maps.google.com/?cid=N/A
N/A,Hardee's,26.4801875,50.054312499999995,restaurant,3.9,1004,OPERATIONAL,https://maps.google.com/?cid=N/A
N/A,Subway,26.474542,50.057567,restaurant,4.1,686,OPERATIONAL,https://maps.google.com/?cid=N/A
N/A,La Fondue Restaurant & Cafe مطعم ومقهى لافوندو,26.4864623,50.0515457,restaurant,3.9,1065,OPERATIONAL,https://maps.google.com/?cid=N/A
N/A,دوار السعادة,26.474773499999998,50.0574118,restaurant,4.6,69,OPERATIONAL,https://maps.google.com/?cid=N/A
N/A,مخابز العيد | Al-Eid Bakeries,26.4803045,50.0551701,restaurant,4.1,325,OPERATIONAL,https://maps.google.com/?cid=N/A
N/A,Paradise Beach Club,26.472876,50.086186999999995,restaurant,4.1,641,OPERATIONAL,https://maps.google.com/?cid=N/A
N/A,Domino's Pizza,26.4720789,50.086439,restaurant,3.8,373,OPERATIONAL,https://maps.google.com/?cid=N/A
N/A,رشوف,26.478075399999998,50.093491799999995,restaurant,4.9,163,OPERATIONAL,https://maps.google.com/?cid=N/A
N/A,Classic77,26.4753926,50.085623299999995,restaurant,5,80,OPERATIONAL,https://maps.google.com/?cid=N/A
N/A,كلاسيك 77,26.4767096,50.0874953,restaurant,3.5,2,OPERATIONAL,https://maps.google.com/?cid=N/A
N/A,مقرمشات سلطع,26.4802559,50.094127099999994,restaurant,5,1,OPERATIONAL,https://maps.google.com/?cid=N/A
N/A,سواحل بيروت,26.4805159,50.0975562,restaurant,3.8,847,OPERATIONAL,https://maps.google.com/?cid=N/A
N/A,البيك فرع مشروع سفن الدمام,26.477955899999998,50.0988103,restaurant,2.9,16,OPERATIONAL,https://maps.google.com/?cid=N/A
N/A,كلين بروتين | Clean Protein,26.4730788,50.0962136,restaurant,4.2,105,OPERATIONAL,https://maps.google.com/?cid=N/A
N/A,Herfy 352,26.4735139,50.0964774,restaurant,3.5,596,OPERATIONAL,https://maps.google.com/?cid=N/A
N/A,jh,26.472873099999997,50.095019199999996,restaurant,4.3,7,OPERATIONAL,https://maps.google.com/?cid=N/A
N/A,معمول مميز,26.473214799999997,50.0948011,restaurant,4.5,24,OPERATIONAL,https://maps.google.com/?cid=N/A
N/A,رشوف,26.478075399999998,50.093491799999995,restaurant,4.9,163,OPERATIONAL,https://maps.google.com/?cid=N/A
N/A,بوفية فجر اليمن,26.472022799999998,50.093988499999995,restaurant,4.8,36,OPERATIONAL,https://maps.google.com/?cid=N/A
N/A,مطعم الفرخة المشويه,26.471462,50.0919921,restaurant,4.2,10,OPERATIONAL,https://maps.google.com/?cid=N/A
N/A,بسطة ابو دانه,26.4866836,50.1038384,restaurant,4.5,8,OPERATIONAL,https://maps.google.com/?cid=N/A
N/A,مطعم شفرفر,26.483089999999997,50.106238,restaurant,4,4,OPERATIONAL,https://maps.google.com/?cid=N/A
N/A,كوني بيتزا,26.4845404,50.1054624,restaurant,3.9,17,OPERATIONAL,https://maps.google.com/?cid=N/A
N/A,Funchick,26.471467999999998,50.091999099999995,restaurant,4,3,OPERATIONAL,https://maps.google.com/?cid=N/A
N/A,كلاسيك 77,26.4767096,50.0874953,restaurant,3.5,2,OPERATIONAL,https://maps.google.com/?cid=N/A
N/A,مقرمشات سلطع,26.4802559,50.094127099999994,restaurant,5,1,OPERATIONAL,https://maps.google.com/?cid=N/A
N/A,Al Rayyan Restaurant,26.471398999999998,50.0923526,restaurant,No rating,No reviews,OPERATIONAL,https://maps.google.com/?cid=N/A
N/A,Heritage Village,26.4919855,50.1205839,restaurant,4.2,12232,OPERATIONAL,https://maps.google.com/?cid=N/A
N/A,Blameda Restaurant,26.479837500000002,50.117628599999996,restaurant,4.1,3972,OPERATIONAL,https://maps.google.com/?cid=N/A
N/A,Loop Restaurant & Cafe,26.481351999999998,50.1179511,restaurant,4.1,3189,OPERATIONAL,https://maps.google.com/?cid=N/A
N/A,Oceana,26.478239199999997,50.1171733,restaurant,3.7,1330,OPERATIONAL,https://maps.google.com/?cid=N/A
N/A,مطعم فريج الطيبين للأكلات الشعبية( فرع الشاطئ ),26.473483599999998,50.1181936,restaurant,4.1,1126,OPERATIONAL,https://maps.google.com/?cid=N/A
N/A,Naia Lounge,26.4933086,50.1207274,restaurant,3.7,442,OPERATIONAL,https://maps.google.com/?cid=N/A
N/A,Elakkad Restaurant,26.480035899999997,50.132588999999996,restaurant,4.3,367,OPERATIONAL,https://maps.google.com/?cid=N/A
N/A,Freshhouse فريش هاوس,26.4780883,50.1323432,restaurant,4,191,OPERATIONAL,https://maps.google.com/?cid=N/A
N/A,Istikanat Zaman Cafe,26.4939848,50.124046199999995,restaurant,4.4,411,OPERATIONAL,https://maps.google.com/?cid=N/A
N/A,Kebabgy Corner ركن الكبابجي,26.4802845,50.13259300000001,restaurant,4.3,365,OPERATIONAL,https://maps.google.com/?cid=N/A
N/A,Rawaa Restuarant,26.474360899999997,50.1255489,restaurant,3.8,485,OPERATIONAL,https://maps.google.com/?cid=N/A
N/A,Dandara Restaurant,26.4762591,50.1190861,restaurant,4.2,289,OPERATIONAL,https://maps.google.com/?cid=N/A
N/A,جيت آت برجر,26.4936619,50.124100999999996,restaurant,4.8,137,OPERATIONAL,https://maps.google.com/?cid=N/A
N/A,Foul Nour Al-Sabah,26.4886786,50.1289922,restaurant,3.8,161,OPERATIONAL,https://maps.google.com/?cid=N/A
N/A,MAR Lounge,26.493308799999998,50.120727699999996,restaurant,4.3,15,OPERATIONAL,https://maps.google.com/?cid=N/A
N/A,healthy and fitness,26.4925777,50.1223349,restaurant,3.4,26,OPERATIONAL,https://maps.google.com/?cid=N/A
N/A,كوفي وشعبيات انس,26.486044699999997,50.1195672,restaurant,4.6,9,OPERATIONAL,https://maps.google.com/?cid=N/A
N/A,Crepe Way,26.4851478,50.11909850000001,restaurant,4,28,OPERATIONAL,https://maps.google.com/?cid=N/A
N/A,مطعم بيت صور,26.493705199999997,50.1241099,restaurant,4,26,OPERATIONAL,https://maps.google.com/?cid=N/A
N/A,Osmanli Lezzet المذاق العثماني,26.471727599999998,50.131481,restaurant,4.5,11171,OPERATIONAL,https://maps.google.com/?cid=N/A
N/A,Elakkad Restaurant,26.480035899999997,50.132588999999996,restaurant,4.3,367,OPERATIONAL,https://maps.google.com/?cid=N/A
N/A,Freshhouse فريش هاوس,26.4780883,50.1323432,restaurant,4,191,OPERATIONAL,https://maps.google.com/?cid=N/A
N/A,Kebabgy Corner ركن الكبابجي,26.4802845,50.13259300000001,restaurant,4.3,365,OPERATIONAL,https://maps.google.com/?cid=N/A
N/A,Rawaa Restuarant,26.474360899999997,50.1255489,restaurant,3.8,485,OPERATIONAL,https://maps.google.com/?cid=N/A
N/A,Foul Nour Al-Sabah,26.4886786,50.1289922,restaurant,3.8,161,OPERATIONAL,https://maps.google.com/?cid=N/A
N/A,Abu Rakan Food Truck,26.477587999999997,50.133308199999995,restaurant,4.5,109,OPERATIONAL,https://maps.google.com/?cid=N/A
N/A,Cheese Skirt,26.477041300000003,50.1332163,restaurant,4.2,57,OPERATIONAL,https://maps.google.com/?cid=N/A
N/A,فول فلافل,26.4820463,50.1270831,restaurant,No rating,No reviews,OPERATIONAL,https://maps.google.com/?cid=N/A
N/A,Zamil Shipyard restaurant,26.4860774,50.2155336,restaurant,3.2,18,OPERATIONAL,https://maps.google.com/?cid=N/A
N/A,Zamil Shipyard restaurant,26.4860774,50.2155336,restaurant,3.2,18,OPERATIONAL,https://maps.google.com/?cid=N/A
N/A,healthy light,26.5129967,49.9768547,restaurant,4.2,408,OPERATIONAL,https://maps.google.com/?cid=N/A
N/A,in & out falafel restaurant,26.513268099999998,49.9786262,restaurant,4.2,461,OPERATIONAL,https://maps.google.com/?cid=N/A
N/A,مطعم كسرة خبز,26.509361499999997,49.9752204,restaurant,4.1,709,OPERATIONAL,https://maps.google.com/?cid=N/A
N/A,مطعم مميز الخليج الجش,26.513090199999997,49.9773036,restaurant,4.4,162,OPERATIONAL,https://maps.google.com/?cid=N/A
N/A,Bzarkum Samak,26.5126946,49.974872100000006,restaurant,4,370,OPERATIONAL,https://maps.google.com/?cid=N/A
N/A,Al Jazeera Nsaem Bukhari Restaurant,26.512644599999998,49.974408399999994,restaurant,3.6,350,OPERATIONAL,https://maps.google.com/?cid=N/A
N/A,Restaurant (مطعم),26.4873999,49.9750166,restaurant,4,58,OPERATIONAL,https://maps.google.com/?cid=N/A
N/A,مطعم كشري بوكس,26.5132722,49.9787195,restaurant,4,213,OPERATIONAL,https://maps.google.com/?cid=N/A
N/A,Shater Abbas Restaurant,26.513269599999997,49.9792548,restaurant,4.1,405,OPERATIONAL,https://maps.google.com/?cid=N/A
N/A,شركة وجبتي المميزه (بوفيه),26.4873007,49.974736,restaurant,3,12,OPERATIONAL,https://maps.google.com/?cid=N/A
N/A,زاهب برجر,26.512772299999998,49.974659599999995,restaurant,4.1,50,OPERATIONAL,https://maps.google.com/?cid=N/A
N/A,Delicious Box,26.511229099999998,49.9764106,restaurant,4.9,13,OPERATIONAL,https://maps.google.com/?cid=N/A
N/A,مطعم سفرة ولمة لتقديم الوجبات-الجش,26.512676100000004,49.974353300000004,restaurant,4.6,7,OPERATIONAL,https://maps.google.com/?cid=N/A
N/A,بوفية احلى مطبق,26.5124949,49.9916171,restaurant,4.5,48,OPERATIONAL,https://maps.google.com/?cid=N/A
N/A,Turath Al Hasanen grilled food (Aljish),26.5127745,49.991390499999994,restaurant,4.2,185,OPERATIONAL,https://maps.google.com/?cid=N/A
N/A,مطعم جود للمشويات بالملاحة,26.5055415,50.0024077,restaurant,4.8,33,OPERATIONAL,https://maps.google.com/?cid=N/A
N/A,مطعم برويز,26.5140074,49.9914713,restaurant,4.8,25,OPERATIONAL,https://maps.google.com/?cid=N/A
N/A,Legend crackers,26.511448299999998,49.9834257,restaurant,5,1,OPERATIONAL,https://maps.google.com/?cid=N/A
N/A,سكروز بيكري,26.5084563,50.004197299999994,restaurant,5,29,OPERATIONAL,https://maps.google.com/?cid=N/A
N/A,Broasted Shargia,26.488137599999998,49.992623699999996,restaurant,3.1,9,OPERATIONAL,https://maps.google.com/?cid=N/A
N/A,Mr.Taco مستر تاكو,26.5061812,50.003836,restaurant,5,2,OPERATIONAL,https://maps.google.com/?cid=N/A
N/A,مطعم ١٤ نور 14 noor,26.5067584,50.0037172,restaurant,5,13,OPERATIONAL,https://maps.google.com/?cid=N/A
N/A,مشويات عقاب,26.5135999,49.991527999999995,restaurant,5,3,OPERATIONAL,https://maps.google.com/?cid=N/A
N/A,مزرعه حميد الضاحي للولائم,26.5001814,50.0241538,restaurant,4.8,33,OPERATIONAL,https://maps.google.com/?cid=N/A
N/A,مطعم جود للمشويات بالملاحة,26.5055415,50.0024077,restaurant,4.8,33,OPERATIONAL,https://maps.google.com/?cid=N/A
N/A,سكروز بيكري,26.5084563,50.004197299999994,restaurant,5,29,OPERATIONAL,https://maps.google.com/?cid=N/A
N/A,Mr.Taco مستر تاكو,26.5061812,50.003836,restaurant,5,2,OPERATIONAL,https://maps.google.com/?cid=N/A
N/A,مطعم ١٤ نور 14 noor,26.5067584,50.0037172,restaurant,5,13,OPERATIONAL,https://maps.google.com/?cid=N/A
N/A,مطعم بستان - Bostan restaurant,26.508576299999998,50.015274899999994,restaurant,4.3,147,OPERATIONAL,https://maps.google.com/?cid=N/A
N/A,مطعم كيس فلافل,26.4927584,50.036037799999995,restaurant,4.3,571,OPERATIONAL,https://maps.google.com/?cid=N/A
N/A,Mashmum Restaurant,26.499147599999997,50.0313557,restaurant,3.9,3422,OPERATIONAL,https://maps.google.com/?cid=N/A
N/A,مطعم علياء,26.4956512,50.031192399999995,restaurant,4.1,2154,OPERATIONAL,https://maps.google.com/?cid=N/A
N/A,مطعم بحريات إكسبرس,26.4911125,50.0311719,restaurant,4.4,321,OPERATIONAL,https://maps.google.com/?cid=N/A
N/A,مخابز أجياد الشرق فرع حي الطف,26.4930809,50.0321716,restaurant,4.2,344,OPERATIONAL,https://maps.google.com/?cid=N/A
N/A,مطعم ديرة رحال,26.5069749,50.0358929,restaurant,4.5,328,OPERATIONAL,https://maps.google.com/?cid=N/A
N/A,Mandi AlAhsaa,26.5093459,50.0279185,restaurant,3.9,705,OPERATIONAL,https://maps.google.com/?cid=N/A
N/A,Aldeerah grills 2,26.492381299999998,50.0365366,restaurant,4,480,OPERATIONAL,https://maps.google.com/?cid=N/A
N/A,بروستد ريم,26.4899596,50.034048299999995,restaurant,4,556,OPERATIONAL,https://maps.google.com/?cid=N/A
N/A,Abu hassan Bbq,26.505487499999997,50.0354119,restaurant,4.8,244,OPERATIONAL,https://maps.google.com/?cid=N/A
N/A,مندي تنور جواثا,26.4890686,50.0348038,restaurant,3.9,784,OPERATIONAL,https://maps.google.com/?cid=N/A
N/A,Big Daddy,26.4893897,50.0345385,restaurant,4.5,302,OPERATIONAL,https://maps.google.com/?cid=N/A
N/A,Dose Burger دوز برجر,26.4892421,50.0343088,restaurant,4.4,133,OPERATIONAL,https://maps.google.com/?cid=N/A
N/A,مطعم مشويات الأطايب,26.4950999,50.0343289,restaurant,4.3,349,OPERATIONAL,https://maps.google.com/?cid=N/A
N/A,مزرعه حميد الضاحي للولائم,26.5001814,50.0241538,restaurant,4.8,33,OPERATIONAL,https://maps.google.com/?cid=N/A
N/A,Babel,26.4914287,50.0328782,restaurant,3.9,367,OPERATIONAL,https://maps.google.com/?cid=N/A
N/A,(مطعم زاوية المشوي) باربكيو كورنر,26.4927995,50.033231900000004,restaurant,4.4,132,OPERATIONAL,https://maps.google.com/?cid=N/A
N/A,مطعم شعبيات الوافي,26.4901642,50.03387970000001,restaurant,3.8,216,OPERATIONAL,https://maps.google.com/?cid=N/A
N/A,مطعم كيس فلافل,26.4927584,50.036037799999995,restaurant,4.3,571,OPERATIONAL,https://maps.google.com/?cid=N/A
N/A,Alsadiq Restaurant,26.4901414,50.039884199999996,restaurant,4.2,4448,OPERATIONAL,https://maps.google.com/?cid=N/A
N/A,Mashmum Restaurant,26.499147599999997,50.0313557,restaurant,3.9,3422,OPERATIONAL,https://maps.google.com/?cid=N/A
N/A,Madad Restaurant,26.4893514,50.0393919,restaurant,4.1,2788,OPERATIONAL,https://maps.google.com/?cid=N/A
N/A,مطعم ديرة رحال,26.5069749,50.0358929,restaurant,4.5,328,OPERATIONAL,https://maps.google.com/?cid=N/A
N/A,Mays AlJabal,26.4926875,50.044937499999996,restaurant,4.1,1613,OPERATIONAL,https://maps.google.com/?cid=N/A
N/A,Aldeerah grills 2,26.492381299999998,50.0365366,restaurant,4,480,OPERATIONAL,https://maps.google.com/?cid=N/A
N/A,بوفية زاد الشراع,26.492432299999997,50.0452406,restaurant,4,620,OPERATIONAL,https://maps.google.com/?cid=N/A
N/A,مطعم شبك وسمك للمأكولات البحريه,26.490606,50.039258,restaurant,4.4,219,OPERATIONAL,https://maps.google.com/?cid=N/A
N/A,Abu hassan Bbq,26.505487499999997,50.0354119,restaurant,4.8,244,OPERATIONAL,https://maps.google.com/?cid=N/A
N/A,BurgerWorks,26.488241600000002,50.0472165,restaurant,4.1,691,OPERATIONAL,https://maps.google.com/?cid=N/A
N/A,مطعم ليون,26.4925288,50.045093699999995,restaurant,4.3,142,OPERATIONAL,https://maps.google.com/?cid=N/A
N/A,مطعم مشويات الأطايب,26.4950999,50.0343289,restaurant,4.3,349,OPERATIONAL,https://maps.google.com/?cid=N/A
N/A,Kushari in Hand,26.4908289,50.0389816,restaurant,4.3,577,OPERATIONAL,https://maps.google.com/?cid=N/A
N/A,Falafel Inbox,26.491010499999998,50.038815,restaurant,4.4,112,OPERATIONAL,https://maps.google.com/?cid=N/A
N/A,تاوة ام علي الجشي,26.4880925,50.047793,restaurant,4.2,204,OPERATIONAL,https://maps.google.com/?cid=N/A
N/A,ROLH BURGER رولة,26.4891221,50.039142600000005,restaurant,4.7,247,OPERATIONAL,https://maps.google.com/?cid=N/A
N/A,مطاعم ومطابخ الجواد,26.4891968,50.0403434,restaurant,4,295,OPERATIONAL,https://maps.google.com/?cid=N/A
N/A,تاوة الطيبين,26.4951175,50.0518679,restaurant,4.7,88,OPERATIONAL,https://maps.google.com/?cid=N/A
N/A,تاوة الطيبين,26.4951175,50.0518679,restaurant,4.7,88,OPERATIONAL,https://maps.google.com/?cid=N/A
N/A,ديب برجر deep burger,26.4985476,50.0504416,restaurant,4.8,60,OPERATIONAL,https://maps.google.com/?cid=N/A
N/A,Banat Al-Balad Food Truck,26.4938506,50.0525958,restaurant,4.2,216,OPERATIONAL,https://maps.google.com/?cid=N/A
N/A,Real Burger,26.496744,50.051173999999996,restaurant,3.9,11,OPERATIONAL,https://maps.google.com/?cid=N/A
N/A,مشويات ابو غدير,26.4964627,50.051874,restaurant,3.3,9,OPERATIONAL,https://maps.google.com/?cid=N/A
N/A,عربة تاوتي,26.4922038,50.0532208,restaurant,4.2,95,OPERATIONAL,https://maps.google.com/?cid=N/A
N/A,شاي ومشوي الدانة,26.497532099999997,50.0509114,restaurant,3.9,7,OPERATIONAL,https://maps.google.com/?cid=N/A
N/A,chocobox شوكو بوكس,26.496204,50.051466,restaurant,4.1,94,OPERATIONAL,https://maps.google.com/?cid=N/A
N/A,Flavor 7 -food truck,26.4890768,50.0587344,restaurant,4.3,41,OPERATIONAL,https://maps.google.com/?cid=N/A
N/A,Brothers Food Truck,26.4945438,50.0521512,restaurant,4,4,OPERATIONAL,https://maps.google.com/?cid=N/A
N/A,Bunzz Burger,26.4954374,50.0517435,restaurant,3.5,11,OPERATIONAL,https://maps.google.com/?cid=N/A
N/A,The Best choice,26.4923936,50.0530851,restaurant,4,5,OPERATIONAL,https://maps.google.com/?cid=N/A
N/A,عربه الدانه للمأكولات,26.4964831,50.051302299999996,restaurant,4.4,9,OPERATIONAL,https://maps.google.com/?cid=N/A
N/A,LaVeranda,26.4931013,50.0525748,restaurant,No rating,No reviews,OPERATIONAL,https://maps.google.com/?cid=N/A
N/A,Heritage Village,26.4919855,50.1205839,restaurant,4.2,12232,OPERATIONAL,https://maps.google.com/?cid=N/A
N/A,Naia Lounge,26.4933086,50.1207274,restaurant,3.7,442,OPERATIONAL,https://maps.google.com/?cid=N/A
N/A,Istikanat Zaman Cafe,26.4939848,50.124046199999995,restaurant,4.4,411,OPERATIONAL,https://maps.google.com/?cid=N/A
N/A,جيت آت برجر,26.4936619,50.124100999999996,restaurant,4.8,137,OPERATIONAL,https://maps.google.com/?cid=N/A
N/A,MAR Lounge,26.493308799999998,50.120727699999996,restaurant,4.3,15,OPERATIONAL,https://maps.google.com/?cid=N/A
N/A,healthy and fitness,26.4925777,50.1223349,restaurant,3.4,26,OPERATIONAL,https://maps.google.com/?cid=N/A
N/A,مطعم بيت صور,26.493705199999997,50.1241099,restaurant,4,26,OPERATIONAL,https://maps.google.com/?cid=N/A
N/A,ملح وبهار,26.498257,50.127476699999995,restaurant,4.8,28,OPERATIONAL,https://maps.google.com/?cid=N/A
N/A,عصائر وايس كريم انس,26.4982191,50.127068699999995,restaurant,4,6,OPERATIONAL,https://maps.google.com/?cid=N/A
N/A,ماماشماء,26.4976056,50.1302934,restaurant,5,2,OPERATIONAL,https://maps.google.com/?cid=N/A
N/A,اصل البطاطة بطاطس ذره و بليله,26.4983336,50.126535,restaurant,4,4,OPERATIONAL,https://maps.google.com/?cid=N/A
N/A,NYAN truck,26.4930524,50.1214766,restaurant,5,37,OPERATIONAL,https://maps.google.com/?cid=N/A
N/A,براد المربعانية,26.498196699999998,50.1276668,restaurant,5,4,OPERATIONAL,https://maps.google.com/?cid=N/A
N/A,مطعم لفانا,26.498814199999998,50.130332599999996,restaurant,No rating,No reviews,OPERATIONAL,https://maps.google.com/?cid=N/A
N/A,افو جادرو,26.4984235,50.1261815,restaurant,No rating,No reviews,OPERATIONAL,https://maps.google.com/?cid=N/A
N/A,Beit Misk Restaurant,26.4967579,50.134571199999996,restaurant,3.9,5181,OPERATIONAL,https://maps.google.com/?cid=N/A
N/A,Istikanat Zaman Cafe,26.4939848,50.124046199999995,restaurant,4.4,411,OPERATIONAL,https://maps.google.com/?cid=N/A
N/A,جيت آت برجر,26.4936619,50.124100999999996,restaurant,4.8,137,OPERATIONAL,https://maps.google.com/?cid=N/A
N/A,KAARI,26.497057400000003,50.134413099999996,restaurant,4.4,192,OPERATIONAL,https://maps.google.com/?cid=N/A
N/A,Takya Burger - تكية برجر,26.496816199999998,50.134372899999995,restaurant,3.6,40,OPERATIONAL,https://maps.google.com/?cid=N/A
N/A,مطعم بيت صور,26.493705199999997,50.1241099,restaurant,4,26,OPERATIONAL,https://maps.google.com/?cid=N/A
N/A,ملح وبهار,26.498257,50.127476699999995,restaurant,4.8,28,OPERATIONAL,https://maps.google.com/?cid=N/A
N/A,عصائر وايس كريم انس,26.4982191,50.127068699999995,restaurant,4,6,OPERATIONAL,https://maps.google.com/?cid=N/A
N/A,ماماشماء,26.4976056,50.1302934,restaurant,5,2,OPERATIONAL,https://maps.google.com/?cid=N/A
N/A,Big Potato,26.4969656,50.133878499999994,restaurant,4,2,OPERATIONAL,https://maps.google.com/?cid=N/A
N/A,اصل البطاطة بطاطس ذره و بليله,26.4983336,50.126535,restaurant,4,4,OPERATIONAL,https://maps.google.com/?cid=N/A
N/A,براد المربعانية,26.498196699999998,50.1276668,restaurant,5,4,OPERATIONAL,https://maps.google.com/?cid=N/A
N/A,مطعم لفانا,26.498814199999998,50.130332599999996,restaurant,No rating,No reviews,OPERATIONAL,https://maps.google.com/?cid=N/A
N/A,افو جادرو,26.4984235,50.1261815,restaurant,No rating,No reviews,OPERATIONAL,https://maps.google.com/?cid=N/A
N/A,PMU Cafeteria,26.146202,50.0913487,restaurant,3.1,57,OPERATIONAL,https://maps.google.com/?cid=N/A
N/A,فقسة PMU,26.144496999999998,50.090961,restaurant,5,1,OPERATIONAL,https://maps.google.com/?cid=N/A
N/A,Alley,26.145940099999997,50.0911683,restaurant,2.7,6,OPERATIONAL,https://maps.google.com/?cid=N/A
N/A,Faqsah فقسة,26.145981,50.091052999999995,restaurant,No rating,No reviews,OPERATIONAL,https://maps.google.com/?cid=N/A
N/A,PMU Cafeteria,26.146202,50.0913487,restaurant,3.1,57,OPERATIONAL,https://maps.google.com/?cid=N/A
N/A,فقسة PMU,26.144496999999998,50.090961,restaurant,5,1,OPERATIONAL,https://maps.google.com/?cid=N/A
N/A,مطعم أرز البخاری,26.1430197,50.1034487,restaurant,3.5,13,OPERATIONAL,https://maps.google.com/?cid=N/A
N/A,Alley,26.145940099999997,50.0911683,restaurant,2.7,6,OPERATIONAL,https://maps.google.com/?cid=N/A
N/A,Faqsah فقسة,26.145981,50.091052999999995,restaurant,No rating,No reviews,OPERATIONAL,https://maps.google.com/?cid=N/A
N/A,Al Lahib Restaurant,26.157035,50.121644599999996,restaurant,3.9,588,OPERATIONAL,https://maps.google.com/?cid=N/A
N/A,Rawan Bukhari Restaurant,26.1576198,50.119678199999996,restaurant,4,490,OPERATIONAL,https://maps.google.com/?cid=N/A
N/A,بوفيه بحر المزاج ٢,26.1583091,50.119137099999996,restaurant,4.7,14,OPERATIONAL,https://maps.google.com/?cid=N/A
N/A,فوال حسن يوسف,26.1566077,50.127451199999996,restaurant,3.4,25,OPERATIONAL,https://maps.google.com/?cid=N/A
N/A,منتو صح,26.1536875,50.144687499999996,restaurant,4.6,446,OPERATIONAL,https://maps.google.com/?cid=N/A
N/A,حاشي بن عواض,26.1540406,50.1463235,restaurant,4,172,OPERATIONAL,https://maps.google.com/?cid=N/A
N/A,أيقونة الشاورما,26.153728899999997,50.1446998,restaurant,4,239,OPERATIONAL,https://maps.google.com/?cid=N/A
N/A,لقيمات مال أول,26.1536793,50.1447511,restaurant,4.2,313,OPERATIONAL,https://maps.google.com/?cid=N/A
N/A,فوال فطور الفجر,26.1539869,50.143436,restaurant,3.8,609,OPERATIONAL,https://maps.google.com/?cid=N/A
N/A,كوثر العزيزية,26.1544375,50.1406875,restaurant,3.6,224,OPERATIONAL,https://maps.google.com/?cid=N/A
N/A,مطعم طيف الشام,26.154376799999998,50.144895,restaurant,3.9,211,OPERATIONAL,https://maps.google.com/?cid=N/A
N/A,مطعم تثليث البخاري الهالیا مطعم کروان الاشراق البخاری,26.1546973,50.1431535,restaurant,3.9,198,OPERATIONAL,https://maps.google.com/?cid=N/A
N/A,مطاعم ربع خروف,26.155380800000003,50.1389478,restaurant,3.5,131,OPERATIONAL,https://maps.google.com/?cid=N/A
N/A,ورق عنب دولمه فاكتوري,26.1537831,50.1443631,restaurant,4.5,66,OPERATIONAL,https://maps.google.com/?cid=N/A
N/A,مطعم ورود الشام,26.153639499999997,50.144323,restaurant,4,54,OPERATIONAL,https://maps.google.com/?cid=N/A
N/A,مطعم الصحن الذهبي فرع العزيزية,26.153700699999998,50.1446068,restaurant,4,63,OPERATIONAL,https://maps.google.com/?cid=N/A
N/A,بوفية أكرك النداوي الوجبات السريعة فرع العزيزية,26.155289,50.13945950000001,restaurant,4.1,34,OPERATIONAL,https://maps.google.com/?cid=N/A
N/A,بوفيه شموخ القناعه,26.154411999999997,50.138407099999995,restaurant,4.8,74,OPERATIONAL,https://maps.google.com/?cid=N/A
N/A,فوال حسن يوسف,26.1566077,50.127451199999996,restaurant,3.4,25,OPERATIONAL,https://maps.google.com/?cid=N/A
N/A,SHAEBIAT SANA'A RESTAURANT,26.153907399999998,50.1438932,restaurant,4.1,42,OPERATIONAL,https://maps.google.com/?cid=N/A
N/A,بوفية سهل المسيلة لتقديم الوجبات والأكلات الشعبية,26.1549935,50.140921399999996,restaurant,4.9,13,OPERATIONAL,https://maps.google.com/?cid=N/A
N/A,Icon Sandwiches…Shwarma,26.1537945,50.144746700000006,restaurant,3.6,14,OPERATIONAL,https://maps.google.com/?cid=N/A
N/A,فول شاطئ نصف القمر,26.1546688,50.1433943,restaurant,3.3,43,OPERATIONAL,https://maps.google.com/?cid=N/A
N/A,سدة الجوع للوجبات السريعة,26.154043299999998,50.140796099999996,restaurant,4.1,34,OPERATIONAL,https://maps.google.com/?cid=N/A
N/A,McDonald's,26.154764999999998,50.161443,restaurant,3.6,1788,OPERATIONAL,https://maps.google.com/?cid=N/A
N/A,88PORT | ٨٨ بورت,26.1520409,50.160781899999996,restaurant,4.6,674,OPERATIONAL,https://maps.google.com/?cid=N/A
N/A,شرنبي,26.1552412,50.1613517,restaurant,4.4,845,OPERATIONAL,https://maps.google.com/?cid=N/A
N/A,حاشيكم,26.1550625,50.1613125,restaurant,3.9,685,OPERATIONAL,https://maps.google.com/?cid=N/A
N/A,KFC,26.1573324,50.161497499999996,restaurant,4,798,OPERATIONAL,https://maps.google.com/?cid=N/A
N/A,منتو صح,26.1536875,50.144687499999996,restaurant,4.6,446,OPERATIONAL,https://maps.google.com/?cid=N/A
N/A,Gate falafel,26.1526596,50.156326199999995,restaurant,3.9,398,OPERATIONAL,https://maps.google.com/?cid=N/A
N/A,حاشي بن عواض,26.1540406,50.1463235,restaurant,4,172,OPERATIONAL,https://maps.google.com/?cid=N/A
N/A,Domino's دومينوز,26.155096399999998,50.1613737,restaurant,3.3,69,OPERATIONAL,https://maps.google.com/?cid=N/A
N/A,أيقونة الشاورما,26.153728899999997,50.1446998,restaurant,4,239,OPERATIONAL,https://maps.google.com/?cid=N/A
N/A,لقيمات مال أول,26.1536793,50.1447511,restaurant,4.2,313,OPERATIONAL,https://maps.google.com/?cid=N/A
N/A,فوال فطور الفجر,26.1539869,50.143436,restaurant,3.8,609,OPERATIONAL,https://maps.google.com/?cid=N/A
N/A,المشوى العنابي | Ennabi Grill,26.1551441,50.161397199999996,restaurant,3.2,134,OPERATIONAL,https://maps.google.com/?cid=N/A
N/A,Burger King - Azizia View,26.1542724,50.1614546,restaurant,4.4,286,OPERATIONAL,https://maps.google.com/?cid=N/A
N/A,Restaurant Miamis مطاعم مياميس,26.1534931,50.151269899999996,restaurant,4.5,180,OPERATIONAL,https://maps.google.com/?cid=N/A
N/A,معجنات أبو ماهر,26.1523595,50.1582258,restaurant,3.5,354,OPERATIONAL,https://maps.google.com/?cid=N/A
N/A,كوثر العزيزية,26.1544375,50.1406875,restaurant,3.6,224,OPERATIONAL,https://maps.google.com/?cid=N/A
N/A,مطعم طيف الشام,26.154376799999998,50.144895,restaurant,3.9,211,OPERATIONAL,https://maps.google.com/?cid=N/A
N/A,مطعم تثليث البخاري الهالیا مطعم کروان الاشراق البخاری,26.1546973,50.1431535,restaurant,3.9,198,OPERATIONAL,https://maps.google.com/?cid=N/A
N/A,مطعم بنجاب العزیزیة(Restaurant Punjab Al Aziziyah)(Pakistani Hotel),26.1531906,50.154344200000004,restaurant,4,46,OPERATIONAL,https://maps.google.com/?cid=N/A
N/A,McDonald's,26.154764999999998,50.161443,restaurant,3.6,1788,OPERATIONAL,https://maps.google.com/?cid=N/A
N/A,88PORT | ٨٨ بورت,26.1520409,50.160781899999996,restaurant,4.6,674,OPERATIONAL,https://maps.google.com/?cid=N/A
N/A,شرنبي,26.1552412,50.1613517,restaurant,4.4,845,OPERATIONAL,https://maps.google.com/?cid=N/A
N/A,حاشيكم,26.1550625,50.1613125,restaurant,3.9,685,OPERATIONAL,https://maps.google.com/?cid=N/A
N/A,KFC,26.1573324,50.161497499999996,restaurant,4,798,OPERATIONAL,https://maps.google.com/?cid=N/A
N/A,Domino's دومينوز,26.155096399999998,50.1613737,restaurant,3.3,69,OPERATIONAL,https://maps.google.com/?cid=N/A
N/A,المشوى العنابي | Ennabi Grill,26.1551441,50.161397199999996,restaurant,3.2,134,OPERATIONAL,https://maps.google.com/?cid=N/A
N/A,Burger King - Azizia View,26.1542724,50.1614546,restaurant,4.4,286,OPERATIONAL,https://maps.google.com/?cid=N/A
N/A,معجنات أبو ماهر,26.1523595,50.1582258,restaurant,3.5,354,OPERATIONAL,https://maps.google.com/?cid=N/A
N/A,بوفيه الدببة الثلاثة للفلافل,26.1571657,50.161640899999995,restaurant,3.9,67,OPERATIONAL,https://maps.google.com/?cid=N/A
N/A,مطعم ويفز,26.1504825,50.1643018,restaurant,4.5,71,OPERATIONAL,https://maps.google.com/?cid=N/A
N/A,بيت المرسة,26.157088899999998,50.1616849,restaurant,4.8,45,OPERATIONAL,https://maps.google.com/?cid=N/A
N/A,فن برجر الطازج,26.1573314,50.1615186,restaurant,4.2,60,OPERATIONAL,https://maps.google.com/?cid=N/A
N/A,كوب لذه,26.1571404,50.161678599999995,restaurant,4.9,40,OPERATIONAL,https://maps.google.com/?cid=N/A
N/A,عصائر ثمار العزيزيه,26.151632199999998,50.158783799999995,restaurant,4.3,36,OPERATIONAL,https://maps.google.com/?cid=N/A
N/A,توت كريب TOOT CREPE,26.157189499999998,50.161661099999996,restaurant,4.7,15,OPERATIONAL,https://maps.google.com/?cid=N/A
N/A,صب واي Subway,26.152049599999998,50.16090510000001,restaurant,4.9,77,OPERATIONAL,https://maps.google.com/?cid=N/A
N/A,مطاعم تراث الشرق,26.1571723,50.161174599999995,restaurant,3.4,7,OPERATIONAL,https://maps.google.com/?cid=N/A
N/A,كافتريا ريما,26.156798,50.1614879,restaurant,3,19,OPERATIONAL,https://maps.google.com/?cid=N/A
N/A,البوفية,26.1570778,50.1613359,restaurant,4,7,OPERATIONAL,https://maps.google.com/?cid=N/A
N/A,La Terrace,26.1572359,50.1940239,restaurant,3.9,17,OPERATIONAL,https://maps.google.com/?cid=N/A
N/A,Deli Bakery,26.1573648,50.1940873,restaurant,4,21,OPERATIONAL,https://maps.google.com/?cid=N/A
N/A,Al Lahib Restaurant,26.157035,50.121644599999996,restaurant,3.9,588,OPERATIONAL,https://maps.google.com/?cid=N/A
N/A,Rawan Bukhari Restaurant,26.1576198,50.119678199999996,restaurant,4,490,OPERATIONAL,https://maps.google.com/?cid=N/A
N/A,بوفيه بحر المزاج ٢,26.1583091,50.119137099999996,restaurant,4.7,14,OPERATIONAL,https://maps.google.com/?cid=N/A
N/A,بوفية جبن و كبدة,26.1633968,50.1149136,restaurant,4.3,32,OPERATIONAL,https://maps.google.com/?cid=N/A
N/A,بوفية كيان السعادة,26.167569699999998,50.117123299999996,restaurant,5,19,OPERATIONAL,https://maps.google.com/?cid=N/A
N/A,مطعم سفير الجنوب للاكلات الشعبية,26.175026,50.1459809,restaurant,4,1242,OPERATIONAL,https://maps.google.com/?cid=N/A
N/A,فلافل ياسمين الشام,26.1746424,50.1486263,restaurant,4.7,595,OPERATIONAL,https://maps.google.com/?cid=N/A
N/A,مطعم الكبسة الدمامية (الخبر) | Al-Kabsah Al-Dammamiah,26.175716599999998,50.1416198,restaurant,3.9,186,OPERATIONAL,https://maps.google.com/?cid=N/A
N/A,معجنات جوري الشام,26.1749434,50.1456838,restaurant,4.8,142,OPERATIONAL,https://maps.google.com/?cid=N/A
N/A,مطاعم ربع خروف,26.155380800000003,50.1389478,restaurant,3.5,131,OPERATIONAL,https://maps.google.com/?cid=N/A
N/A,Shaam Al Falafel Restaurant مطعم شام الفلفل,26.1747999,50.1457791,restaurant,4.3,28,OPERATIONAL,https://maps.google.com/?cid=N/A
N/A,UFO | البرجر الطائر,26.1747528,50.1478742,restaurant,4.3,84,OPERATIONAL,https://maps.google.com/?cid=N/A
N/A,مطاعم البخاري,26.179381400000004,50.137379499999994,restaurant,3.7,21,OPERATIONAL,https://maps.google.com/?cid=N/A
N/A,بوفية أكرك النداوي الوجبات السريعة فرع العزيزية,26.155289,50.13945950000001,restaurant,4.1,34,OPERATIONAL,https://maps.google.com/?cid=N/A
N/A,فوال نور الصباح,26.1751641,50.145564199999995,restaurant,2.9,10,OPERATIONAL,https://maps.google.com/?cid=N/A
N/A,بوفيه شموخ القناعه,26.154411999999997,50.138407099999995,restaurant,4.8,74,OPERATIONAL,https://maps.google.com/?cid=N/A
N/A,بوفيه وجبة الزاوية,26.174645599999998,50.1483249,restaurant,4.7,22,OPERATIONAL,https://maps.google.com/?cid=N/A
N/A,Madinah Hotel Pakistani,26.1755306,50.1426285,restaurant,4.3,7,OPERATIONAL,https://maps.google.com/?cid=N/A
N/A,فوال حسن يوسف,26.1566077,50.127451199999996,restaurant,3.4,25,OPERATIONAL,https://maps.google.com/?cid=N/A
N/A,.برجر مشوي على الفحم العزيزية,26.1751494,50.1456896,restaurant,4,18,OPERATIONAL,https://maps.google.com/?cid=N/A
N/A,بوفية سهل المسيلة لتقديم الوجبات والأكلات الشعبية,26.1549935,50.140921399999996,restaurant,4.9,13,OPERATIONAL,https://maps.google.com/?cid=N/A
N/A,لقيمات ماضينا,26.175624799999998,50.1423695,restaurant,4.6,91,OPERATIONAL,https://maps.google.com/?cid=N/A
N/A,Al-Omran Restaurant,26.176325499999997,50.1375605,restaurant,4.2,28,OPERATIONAL,https://maps.google.com/?cid=N/A
N/A,مطعم شواية الأطلال البخاري,26.1758956,50.1448299,restaurant,3.9,15,OPERATIONAL,https://maps.google.com/?cid=N/A
N/A,بوفيه نكهات الجنوب,26.1749519,50.145643199999995,restaurant,4.6,10,OPERATIONAL,https://maps.google.com/?cid=N/A
N/A,مطعم سفير الجنوب للاكلات الشعبية,26.175026,50.1459809,restaurant,4,1242,OPERATIONAL,https://maps.google.com/?cid=N/A
N/A,Belad Al-Sham,26.1738862,50.153679,restaurant,4,1042,OPERATIONAL,https://maps.google.com/?cid=N/A
N/A,AL Shallal Pastry,26.173464199999998,50.1561933,restaurant,3.9,587,OPERATIONAL,https://maps.google.com/?cid=N/A
N/A,Shawati Alkhaleej,26.1734971,50.1561009,restaurant,4.2,585,OPERATIONAL,https://maps.google.com/?cid=N/A
N/A,مطعم الصاج اللبناني,26.174001399999998,50.152660499999996,restaurant,4.1,545,OPERATIONAL,https://maps.google.com/?cid=N/A
N/A,حلا نحلة,26.1731456,50.1583255,restaurant,4.9,722,OPERATIONAL,https://maps.google.com/?cid=N/A
N/A,ورق عنب سوما | Soma Grape Leaves,26.1732783,50.162124999999996,restaurant,4.6,1166,OPERATIONAL,https://maps.google.com/?cid=N/A
N/A,The Coffee Address | عنوان القهوة,26.168681199999998,50.162199099999995,restaurant,4.3,160,OPERATIONAL,https://maps.google.com/?cid=N/A
N/A,Kudu - Al-Shiraa - Al Khobar,26.172158399999997,50.1621235,restaurant,3.9,515,OPERATIONAL,https://maps.google.com/?cid=N/A
N/A,فوال ابو عزوز,26.172665199999997,50.1617302,restaurant,4.2,294,OPERATIONAL,https://maps.google.com/?cid=N/A
N/A,Different bukhari restaurant,26.1734923,50.1606394,restaurant,4.1,194,OPERATIONAL,https://maps.google.com/?cid=N/A
N/A,Lahza,26.175044099999997,50.150316600000004,restaurant,4.4,338,OPERATIONAL,https://maps.google.com/?cid=N/A
N/A,مطعم مالح حلو | العزيزية,26.173441,50.1564629,restaurant,4.5,339,OPERATIONAL,https://maps.google.com/?cid=N/A
N/A,فلافل ياسمين الشام,26.1746424,50.1486263,restaurant,4.7,595,OPERATIONAL,https://maps.google.com/?cid=N/A
N/A,Jody Kitchen,26.1736127,50.1543905,restaurant,4.2,350,OPERATIONAL,https://maps.google.com/?cid=N/A
N/A,شاورمجي | SHAWERMAGY,26.1750062,50.1505331,restaurant,4.2,1170,OPERATIONAL,https://maps.google.com/?cid=N/A
N/A,Maza Broasted,26.1711414,50.1621141,restaurant,3.9,278,OPERATIONAL,https://maps.google.com/?cid=N/A
N/A,KFC,26.1573324,50.161497499999996,restaurant,4,798,OPERATIONAL,https://maps.google.com/?cid=N/A
N/A,مطاعم ولائم الطاهي,26.176482,50.162490899999995,restaurant,4.2,294,OPERATIONAL,https://maps.google.com/?cid=N/A
N/A,shabab Al Bukhari Azizia Restaurant,26.173481499999998,50.1563641,restaurant,3.8,336,OPERATIONAL,https://maps.google.com/?cid=N/A
N/A,ورق عنب سوما | Soma Grape Leaves,26.1732783,50.162124999999996,restaurant,4.6,1166,OPERATIONAL,https://maps.google.com/?cid=N/A
N/A,The Coffee Address | عنوان القهوة,26.168681199999998,50.162199099999995,restaurant,4.3,160,OPERATIONAL,https://maps.google.com/?cid=N/A
N/A,Kudu - Al-Shiraa - Al Khobar,26.172158399999997,50.1621235,restaurant,3.9,515,OPERATIONAL,https://maps.google.com/?cid=N/A
N/A,فوال ابو عزوز,26.172665199999997,50.1617302,restaurant,4.2,294,OPERATIONAL,https://maps.google.com/?cid=N/A
N/A,Different bukhari restaurant,26.1734923,50.1606394,restaurant,4.1,194,OPERATIONAL,https://maps.google.com/?cid=N/A
N/A,Maza Broasted,26.1711414,50.1621141,restaurant,3.9,278,OPERATIONAL,https://maps.google.com/?cid=N/A
N/A,مطاعم ولائم الطاهي,26.176482,50.162490899999995,restaurant,4.2,294,OPERATIONAL,https://maps.google.com/?cid=N/A
N/A,مطعم و بروستد الشام - العزيزية,26.1737228,50.1596431,restaurant,4.7,838,OPERATIONAL,https://maps.google.com/?cid=N/A
N/A,Barn's | بارنز,26.1762145,50.162633799999995,restaurant,4.3,96,OPERATIONAL,https://maps.google.com/?cid=N/A
N/A,الشروق للأكلات الشعبية,26.1734711,50.1607725,restaurant,3.4,267,OPERATIONAL,https://maps.google.com/?cid=N/A
N/A,AL SIF WORLD PASTRY,26.173687,50.1594869,restaurant,4.6,130,OPERATIONAL,https://maps.google.com/?cid=N/A
N/A,Grinburger | قرين برجر,26.1735143,50.1610917,restaurant,4.1,72,OPERATIONAL,https://maps.google.com/?cid=N/A
N/A,بوفية بحر المزاج,26.1723179,50.1619076,restaurant,4.2,98,OPERATIONAL,https://maps.google.com/?cid=N/A
N/A,Burger Mashvi AL Faham,26.165088299999997,50.1596133,restaurant,4.5,12,OPERATIONAL,https://maps.google.com/?cid=N/A
N/A,رواسي الكرم لخدمات الإعاشة - Rawasi Alkaram Catering,26.1688747,50.1620128,restaurant,No rating,No reviews,OPERATIONAL,https://maps.google.com/?cid=N/A
N/A,كرك شيى,26.171339099999997,50.1619253,restaurant,4.5,13,OPERATIONAL,https://maps.google.com/?cid=N/A
N/A,Leen Reasturant,26.1794893,50.1851706,restaurant,4.1,1841,OPERATIONAL,https://maps.google.com/?cid=N/A
N/A,مطاعم ومعجنات الناعورة,26.1776128,50.194923499999994,restaurant,3.6,72,OPERATIONAL,https://maps.google.com/?cid=N/A
N/A,La Terrace,26.1572359,50.1940239,restaurant,3.9,17,OPERATIONAL,https://maps.google.com/?cid=N/A
N/A,Deli Bakery,26.1573648,50.1940873,restaurant,4,21,OPERATIONAL,https://maps.google.com/?cid=N/A
N/A,مطعم المرجان الماسي,26.1776768,50.1949872,restaurant,3.9,15,OPERATIONAL,https://maps.google.com/?cid=N/A
N/A,مطبخ ام فايز,26.1914025,50.0568247,restaurant,4.6,88,OPERATIONAL,https://maps.google.com/?cid=N/A
N/A,تعوبي,26.191781199999998,50.056061299999996,restaurant,4,2,OPERATIONAL,https://maps.google.com/?cid=N/A
N/A,رشفه,26.192422500000003,50.055755,restaurant,No rating,No reviews,OPERATIONAL,https://maps.google.com/?cid=N/A
N/A,مطعم الكبسة الدمامية (الخبر) | Al-Kabsah Al-Dammamiah,26.175716599999998,50.1416198,restaurant,3.9,186,OPERATIONAL,https://maps.google.com/?cid=N/A
N/A,مطاعم البخاري,26.179381400000004,50.137379499999994,restaurant,3.7,21,OPERATIONAL,https://maps.google.com/?cid=N/A
N/A,فوال نور الصباح,26.1751641,50.145564199999995,restaurant,2.9,10,OPERATIONAL,https://maps.google.com/?cid=N/A
N/A,Madinah Hotel Pakistani,26.1755306,50.1426285,restaurant,4.3,7,OPERATIONAL,https://maps.google.com/?cid=N/A
N/A,لقيمات ماضينا,26.175624799999998,50.1423695,restaurant,4.6,91,OPERATIONAL,https://maps.google.com/?cid=N/A
N/A,.برجر مشوي على الفحم العزيزية,26.1751494,50.1456896,restaurant,4,18,OPERATIONAL,https://maps.google.com/?cid=N/A
N/A,Al-Omran Restaurant,26.176325499999997,50.1375605,restaurant,4.2,28,OPERATIONAL,https://maps.google.com/?cid=N/A
N/A,مطعم شواية الأطلال البخاري,26.1758956,50.1448299,restaurant,3.9,15,OPERATIONAL,https://maps.google.com/?cid=N/A
N/A,بوفية سماء العزيزية,26.175535099999998,50.1427026,restaurant,5,3,OPERATIONAL,https://maps.google.com/?cid=N/A
N/A,مطعم وضحى الجنوب للأكلات الشعبية,26.175486,50.142939399999996,restaurant,4.9,18,OPERATIONAL,https://maps.google.com/?cid=N/A
N/A,The Great Grill,26.1750582,50.1457647,restaurant,3.5,31,OPERATIONAL,https://maps.google.com/?cid=N/A
N/A,مندي الشراع,26.175625699999998,50.142338699999996,restaurant,4.3,49,OPERATIONAL,https://maps.google.com/?cid=N/A
N/A,عصيدة ومرق,26.184269099999998,50.158415000000005,restaurant,4.1,1191,OPERATIONAL,https://maps.google.com/?cid=N/A
N/A,مطعم سفير الجنوب للاكلات الشعبية,26.175026,50.1459809,restaurant,4,1242,OPERATIONAL,https://maps.google.com/?cid=N/A
N/A,Belad Al-Sham,26.1738862,50.153679,restaurant,4,1042,OPERATIONAL,https://maps.google.com/?cid=N/A
N/A,AL Shallal Pastry,26.173464199999998,50.1561933,restaurant,3.9,587,OPERATIONAL,https://maps.google.com/?cid=N/A
N/A,Shawati Alkhaleej,26.1734971,50.1561009,restaurant,4.2,585,OPERATIONAL,https://maps.google.com/?cid=N/A
N/A,مطعم الصاج اللبناني,26.174001399999998,50.152660499999996,restaurant,4.1,545,OPERATIONAL,https://maps.google.com/?cid=N/A
N/A,حلا نحلة,26.1731456,50.1583255,restaurant,4.9,722,OPERATIONAL,https://maps.google.com/?cid=N/A
N/A,Different bukhari restaurant,26.1734923,50.1606394,restaurant,4.1,194,OPERATIONAL,https://maps.google.com/?cid=N/A
N/A,فلافل وشاورما على كيفك - فرع العزيزية,26.1869141,50.15964710000001,restaurant,3.8,445,OPERATIONAL,https://maps.google.com/?cid=N/A
N/A,Lahza,26.175044099999997,50.150316600000004,restaurant,4.4,338,OPERATIONAL,https://maps.google.com/?cid=N/A
N/A,فلافل ياسمين الشام,26.1746424,50.1486263,restaurant,4.7,595,OPERATIONAL,https://maps.google.com/?cid=N/A
N/A,مطعم مالح حلو | العزيزية,26.173441,50.1564629,restaurant,4.5,339,OPERATIONAL,https://maps.google.com/?cid=N/A
N/A,اي بلس | A PLUS,26.1867062,50.1596883,restaurant,4.4,238,OPERATIONAL,https://maps.google.com/?cid=N/A
N/A,Jody Kitchen,26.1736127,50.1543905,restaurant,4.2,350,OPERATIONAL,https://maps.google.com/?cid=N/A
N/A,شاورمجي | SHAWERMAGY,26.1750062,50.1505331,restaurant,4.2,1170,OPERATIONAL,https://maps.google.com/?cid=N/A
N/A,سناعة امي لطيفة العزيزيه,26.1791491,50.1638783,restaurant,3.9,291,OPERATIONAL,https://maps.google.com/?cid=N/A
N/A,مطاعم ولائم الطاهي,26.176482,50.162490899999995,restaurant,4.2,294,OPERATIONAL,https://maps.google.com/?cid=N/A
N/A,shabab Al Bukhari Azizia Restaurant,26.173481499999998,50.1563641,restaurant,3.8,336,OPERATIONAL,https://maps.google.com/?cid=N/A
N/A,مطعم و بروستد الشام - العزيزية,26.1737228,50.1596431,restaurant,4.7,838,OPERATIONAL,https://maps.google.com/?cid=N/A
N/A,كنافة الارجوان,26.1870065,50.15897880000001,restaurant,4.5,287,OPERATIONAL,https://maps.google.com/?cid=N/A
N/A,مطعم الرواق الشعبي/ فرع العزيزية,26.183333599999997,50.184665599999995,restaurant,4.1,3412,OPERATIONAL,https://maps.google.com/?cid=N/A
N/A,Jareed restaurant,26.1844018,50.1851657,restaurant,4.4,1486,OPERATIONAL,https://maps.google.com/?cid=N/A
N/A,عصيدة ومرق,26.184269099999998,50.158415000000005,restaurant,4.1,1191,OPERATIONAL,https://maps.google.com/?cid=N/A
N/A,Shwaiat Al-Khalij,26.1874351,50.185932099999995,restaurant,4.1,492,OPERATIONAL,https://maps.google.com/?cid=N/A
N/A,The Coffee Address | عنوان القهوة,26.1861537,50.1864056,restaurant,4.5,332,OPERATIONAL,https://maps.google.com/?cid=N/A
N/A,Fatoor AlTaibeen,26.1861915,50.1864358,restaurant,4.1,4174,OPERATIONAL,https://maps.google.com/?cid=N/A
N/A,Leen Reasturant,26.1794893,50.1851706,restaurant,4.1,1841,OPERATIONAL,https://maps.google.com/?cid=N/A
N/A,مطعم صياديه شعيب للمأكولات البحريه sayadieh shuaib,26.1867244,50.1867824,restaurant,4.7,802,OPERATIONAL,https://maps.google.com/?cid=N/A
N/A,KFC,26.184980499999998,50.1858073,restaurant,3.7,1532,OPERATIONAL,https://maps.google.com/?cid=N/A
N/A,Sama Deeraty,26.186362,50.185188800000006,restaurant,3.8,4937,OPERATIONAL,https://maps.google.com/?cid=N/A
N/A,السيف كافية العزيزية,26.1829221,50.1844135,restaurant,4.2,396,OPERATIONAL,https://maps.google.com/?cid=N/A
N/A,Falafel Pie,26.1868168,50.186833299999996,restaurant,4,338,OPERATIONAL,https://maps.google.com/?cid=N/A
N/A,Hardee's,26.185062499999997,50.1858125,restaurant,3.9,1399,OPERATIONAL,https://maps.google.com/?cid=N/A
N/A,مطعم عريكة ماضينا,26.1844789,50.1839787,restaurant,4.3,1450,OPERATIONAL,https://maps.google.com/?cid=N/A
N/A,فلافل وشاورما على كيفك - فرع العزيزية,26.1869141,50.15964710000001,restaurant,3.8,445,OPERATIONAL,https://maps.google.com/?cid=N/A
N/A,مندي الأحساء,26.180785,50.1836744,restaurant,4.3,230,OPERATIONAL,https://maps.google.com/?cid=N/A
N/A,Kudu - Tahlia District - Al Khobar,26.183802000000004,50.1853042,restaurant,3.8,189,OPERATIONAL,https://maps.google.com/?cid=N/A
N/A,اي بلس | A PLUS,26.1867062,50.1596883,restaurant,4.4,238,OPERATIONAL,https://maps.google.com/?cid=N/A
N/A,سناعة امي لطيفة العزيزيه,26.1791491,50.1638783,restaurant,3.9,291,OPERATIONAL,https://maps.google.com/?cid=N/A
N/A,Pizza Hut,26.183049099999998,50.1843402,restaurant,3.9,581,OPERATIONAL,https://maps.google.com/?cid=N/A
N/A,مطعم الرواق الشعبي/ فرع العزيزية,26.183333599999997,50.184665599999995,restaurant,4.1,3412,OPERATIONAL,https://maps.google.com/?cid=N/A
N/A,Jareed restaurant,26.1844018,50.1851657,restaurant,4.4,1486,OPERATIONAL,https://maps.google.com/?cid=N/A
N/A,Shwaiat Al-Khalij,26.1874351,50.185932099999995,restaurant,4.1,492,OPERATIONAL,https://maps.google.com/?cid=N/A
N/A,McDonald's,26.191461,50.190053999999996,restaurant,3.8,4092,OPERATIONAL,https://maps.google.com/?cid=N/A
N/A,مشويات ملتقى الرافدين - الخبر,26.1926934,50.1894669,restaurant,4.2,2524,OPERATIONAL,https://maps.google.com/?cid=N/A
N/A,The Coffee Address | عنوان القهوة,26.1861537,50.1864056,restaurant,4.5,332,OPERATIONAL,https://maps.google.com/?cid=N/A
N/A,Modawar | كافتريا مدور,26.1983011,50.194527900000004,restaurant,4.2,527,OPERATIONAL,https://maps.google.com/?cid=N/A
N/A,Fatoor AlTaibeen,26.1861915,50.1864358,restaurant,4.1,4174,OPERATIONAL,https://maps.google.com/?cid=N/A
N/A,مطعم مشوار العزيزية,26.189740099999998,50.1874914,restaurant,3.5,1330,OPERATIONAL,https://maps.google.com/?cid=N/A
N/A,فروج ابو العبد,26.1883531,50.1879218,restaurant,4,880,OPERATIONAL,https://maps.google.com/?cid=N/A
N/A,مطعم ومطبخ جمرة الجنوب,26.195844299999997,50.1928017,restaurant,3.3,3364,OPERATIONAL,https://maps.google.com/?cid=N/A
N/A,Leen Reasturant,26.1794893,50.1851706,restaurant,4.1,1841,OPERATIONAL,https://maps.google.com/?cid=N/A
N/A,مطعم صياديه شعيب للمأكولات البحريه sayadieh shuaib,26.1867244,50.1867824,restaurant,4.7,802,OPERATIONAL,https://maps.google.com/?cid=N/A
N/A,Masterpiece of Seas,26.1884087,50.187937899999994,restaurant,4.5,3355,OPERATIONAL,https://maps.google.com/?cid=N/A
N/A,KFC,26.184980499999998,50.1858073,restaurant,3.7,1532,OPERATIONAL,https://maps.google.com/?cid=N/A
N/A,مطعم غزال فرع العزيزيه,26.187932099999998,50.1874975,restaurant,4.1,362,OPERATIONAL,https://maps.google.com/?cid=N/A
N/A,افران الحطب,26.1887135,50.1880792,restaurant,4.1,220,OPERATIONAL,https://maps.google.com/?cid=N/A
N/A,الطازج,26.195565900000002,50.1927216,restaurant,2.2,371,OPERATIONAL,https://maps.google.com/?cid=N/A
N/A,راعي البروستد فرع العزيزيه الخبر,26.1966224,50.1932256,restaurant,4.2,1177,OPERATIONAL,https://maps.google.com/?cid=N/A
N/A,Sama Deeraty,26.186362,50.185188800000006,restaurant,3.8,4937,OPERATIONAL,https://maps.google.com/?cid=N/A
N/A,Qafsha,26.1806179,50.2030506,restaurant,4.2,153,OPERATIONAL,https://maps.google.com/?cid=N/A
N/A,موسسه روابى بارده التبريد والتكيف,26.1954106,50.206418299999996,restaurant,No rating,No reviews,OPERATIONAL,https://maps.google.com/?cid=N/A
N/A,McDonald's,26.182266199999997,50.330189,restaurant,3.7,228,OPERATIONAL,https://maps.google.com/?cid=N/A
N/A,Burger King - Causeway,26.1867702,50.319255999999996,restaurant,4.6,201,OPERATIONAL,https://maps.google.com/?cid=N/A
N/A,رشفه,26.192422500000003,50.055755,restaurant,No rating,No reviews,OPERATIONAL,https://maps.google.com/?cid=N/A
N/A,حياة الصحة لتقديم الوجبات,26.1966783,50.1458825,restaurant,5,1,OPERATIONAL,https://maps.google.com/?cid=N/A
N/A,فوال و مخبز نور الصباح,26.1951467,50.1611774,restaurant,3.7,98,OPERATIONAL,https://maps.google.com/?cid=N/A
N/A,بروستد بسام | Bassam Broasted,26.1953066,50.1612203,restaurant,4.3,17,OPERATIONAL,https://maps.google.com/?cid=N/A
N/A,حياة الصحة لتقديم الوجبات,26.1966783,50.1458825,restaurant,5,1,OPERATIONAL,https://maps.google.com/?cid=N/A
N/A,Burger 🍔 Mashwi,26.198775599999998,50.167833599999994,restaurant,No rating,No reviews,OPERATIONAL,https://maps.google.com/?cid=N/A
N/A,فوال و مخبز نور الصباح,26.1951467,50.1611774,restaurant,3.7,98,OPERATIONAL,https://maps.google.com/?cid=N/A
N/A,بوفية زمن السعادة,26.191880800000003,50.176901199999996,restaurant,3.8,10,OPERATIONAL,https://maps.google.com/?cid=N/A
N/A,لمسات لذاذة,26.1915251,50.1771075,restaurant,4,58,OPERATIONAL,https://maps.google.com/?cid=N/A
N/A,بروستد بسام | Bassam Broasted,26.1953066,50.1612203,restaurant,4.3,17,OPERATIONAL,https://maps.google.com/?cid=N/A
N/A,مطعم جفرا,26.1919188,50.1769786,restaurant,3,7,OPERATIONAL,https://maps.google.com/?cid=N/A
N/A,Burger 🍔 Mashwi,26.198775599999998,50.167833599999994,restaurant,No rating,No reviews,OPERATIONAL,https://maps.google.com/?cid=N/A
N/A,تكا الاصلي,26.2081563,50.170384999999996,restaurant,4.5,2,OPERATIONAL,https://maps.google.com/?cid=N/A
N/A,AlBaik,26.207780999999997,50.19643,restaurant,3.8,3805,OPERATIONAL,https://maps.google.com/?cid=N/A
N/A,Shrimp Nation,26.2022889,50.195311499999995,restaurant,4.3,3817,OPERATIONAL,https://maps.google.com/?cid=N/A
N/A,McDonald's,26.191461,50.190053999999996,restaurant,3.8,4092,OPERATIONAL,https://maps.google.com/?cid=N/A
N/A,Modawar | كافتريا مدور,26.1983011,50.194527900000004,restaurant,4.2,527,OPERATIONAL,https://maps.google.com/?cid=N/A
N/A,مشويات ملتقى الرافدين - الخبر,26.1926934,50.1894669,restaurant,4.2,2524,OPERATIONAL,https://maps.google.com/?cid=N/A
N/A,مطعم المضياف (العزيزية),26.2026391,50.1954018,restaurant,4.3,779,OPERATIONAL,https://maps.google.com/?cid=N/A
N/A,مطعم ومطبخ جمرة الجنوب,26.195844299999997,50.1928017,restaurant,3.3,3364,OPERATIONAL,https://maps.google.com/?cid=N/A
N/A,Lghawees | لغاويص,26.2081524,50.1967376,restaurant,3.8,1592,OPERATIONAL,https://maps.google.com/?cid=N/A
N/A,الطازج,26.195565900000002,50.1927216,restaurant,2.2,371,OPERATIONAL,https://maps.google.com/?cid=N/A
N/A,برغرايززر | Burgerizzr,26.200628,50.194689999999994,restaurant,4.2,923,OPERATIONAL,https://maps.google.com/?cid=N/A
N/A,راعي البروستد فرع العزيزيه الخبر,26.1966224,50.1932256,restaurant,4.2,1177,OPERATIONAL,https://maps.google.com/?cid=N/A
N/A,مطعم اللذة المغربية .,26.2090189,50.1954244,restaurant,4.1,609,OPERATIONAL,https://maps.google.com/?cid=N/A
N/A,Casa Pasta | كازا باستا,26.208985,50.1959108,restaurant,3.6,898,OPERATIONAL,https://maps.google.com/?cid=N/A
N/A,Kufa,26.205364199999998,50.1962617,restaurant,4,417,OPERATIONAL,https://maps.google.com/?cid=N/A
N/A,New Al Madina Al Bukhair Restaurant / مطاعم البخاري,26.2085224,50.1876839,restaurant,4,1007,OPERATIONAL,https://maps.google.com/?cid=N/A
N/A,Thai House,26.2022329,50.1952226,restaurant,4.7,1828,OPERATIONAL,https://maps.google.com/?cid=N/A
N/A,Shawarmer | شاورمر,26.190365200000002,50.1892754,restaurant,3.9,2133,OPERATIONAL,https://maps.google.com/?cid=N/A
N/A,MEDAR SEAFOOD RESTAURANT,26.202678799999997,50.195419099999995,restaurant,4.1,266,OPERATIONAL,https://maps.google.com/?cid=N/A
N/A,هوبا |Hoba|,26.2009287,50.1944069,restaurant,3.5,181,OPERATIONAL,https://maps.google.com/?cid=N/A
N/A,AlBaik,26.207780999999997,50.19643,restaurant,3.8,3805,OPERATIONAL,https://maps.google.com/?cid=N/A
N/A,Shrimp Nation,26.2022889,50.195311499999995,restaurant,4.3,3817,OPERATIONAL,https://maps.google.com/?cid=N/A
N/A,Modawar | كافتريا مدور,26.1983011,50.194527900000004,restaurant,4.2,527,OPERATIONAL,https://maps.google.com/?cid=N/A
N/A,مطعم المضياف (العزيزية),26.2026391,50.1954018,restaurant,4.3,779,OPERATIONAL,https://maps.google.com/?cid=N/A
N/A,Spices Lounge Restaurant,26.2024083,50.212524599999995,restaurant,4.2,2277,OPERATIONAL,https://maps.google.com/?cid=N/A
N/A,Lghawees | لغاويص,26.2081524,50.1967376,restaurant,3.8,1592,OPERATIONAL,https://maps.google.com/?cid=N/A
N/A,IVY Restaurant & Cafè مطعم و مقهى ايفي,26.1993445,50.2122387,restaurant,4.6,489,OPERATIONAL,https://maps.google.com/?cid=N/A
N/A,مطعم مذاق الفخار,26.206257599999997,50.208379799999996,restaurant,4,1030,OPERATIONAL,https://maps.google.com/?cid=N/A
N/A,Herfy,26.2146232,50.2071021,restaurant,3.7,1064,OPERATIONAL,https://maps.google.com/?cid=N/A
N/A,Ala Kaifak,26.2087976,50.2080492,restaurant,4.1,493,OPERATIONAL,https://maps.google.com/?cid=N/A
N/A,برغرايززر | Burgerizzr,26.200628,50.194689999999994,restaurant,4.2,923,OPERATIONAL,https://maps.google.com/?cid=N/A
N/A,Kufa,26.205364199999998,50.1962617,restaurant,4,417,OPERATIONAL,https://maps.google.com/?cid=N/A
N/A,Casa Pasta | كازا باستا,26.208985,50.1959108,restaurant,3.6,898,OPERATIONAL,https://maps.google.com/?cid=N/A
N/A,مطعم اللذة المغربية .,26.2090189,50.1954244,restaurant,4.1,609,OPERATIONAL,https://maps.google.com/?cid=N/A
N/A,معصوب التحلية | masoub altahlya,26.2059933,50.2089232,restaurant,4.4,324,OPERATIONAL,https://maps.google.com/?cid=N/A
N/A,Thai House,26.2022329,50.1952226,restaurant,4.7,1828,OPERATIONAL,https://maps.google.com/?cid=N/A
N/A,MEDAR SEAFOOD RESTAURANT,26.202678799999997,50.195419099999995,restaurant,4.1,266,OPERATIONAL,https://maps.google.com/?cid=N/A
N/A,Broast Rukun Al-Tazaj,26.2017703,50.209486899999995,restaurant,4.3,768,OPERATIONAL,https://maps.google.com/?cid=N/A
N/A,لقيمات بنت القاضي الخبر - فرع الجسر,26.2014255,50.2077975,restaurant,4.2,954,OPERATIONAL,https://maps.google.com/?cid=N/A
N/A,هوبا |Hoba|,26.2009287,50.1944069,restaurant,3.5,181,OPERATIONAL,https://maps.google.com/?cid=N/A
N/A,Spices Lounge Restaurant,26.2024083,50.212524599999995,restaurant,4.2,2277,OPERATIONAL,https://maps.google.com/?cid=N/A
N/A,IVY Restaurant & Cafè مطعم و مقهى ايفي,26.1993445,50.2122387,restaurant,4.6,489,OPERATIONAL,https://maps.google.com/?cid=N/A
N/A,Dan Rose Restaurant,26.199075999999998,50.212170799999996,restaurant,5,2,OPERATIONAL,https://maps.google.com/?cid=N/A
N/A,INDIAN RESTAURANT,26.2213083,50.183925099999996,restaurant,3.9,134,OPERATIONAL,https://maps.google.com/?cid=N/A
N/A,Barn's | بارنز,26.216987300000003,50.184948399999996,restaurant,3.3,27,OPERATIONAL,https://maps.google.com/?cid=N/A
N/A,مطعم شواية كيف,26.2170991,50.1848518,restaurant,3.8,38,OPERATIONAL,https://maps.google.com/?cid=N/A
N/A,بوفية عبدالله العتيبي الفرع الثاني,26.216045899999997,50.179522,restaurant,2.7,52,OPERATIONAL,https://maps.google.com/?cid=N/A
N/A,مطعم شروق الوادي,26.220245199999997,50.1838057,restaurant,4.4,17,OPERATIONAL,https://maps.google.com/?cid=N/A
N/A,Restaurants,26.220690899999997,50.183816199999995,restaurant,4.7,3,OPERATIONAL,https://maps.google.com/?cid=N/A
N/A,Bangali restaurant,26.226070699999998,50.1840033,restaurant,4.1,34,OPERATIONAL,https://maps.google.com/?cid=N/A
N/A,Kobhar,26.2173818,50.1843508,restaurant,3.5,106,OPERATIONAL,https://maps.google.com/?cid=N/A
N/A,مطبخ سجى البوادي,26.2277694,50.1837751,restaurant,3.1,104,OPERATIONAL,https://maps.google.com/?cid=N/A
N/A,আল-মদিনা হোটেল এন্ড রেস্টুরেন্ট,26.2214341,50.183926799999995,restaurant,5,2,OPERATIONAL,https://maps.google.com/?cid=N/A
N/A,Rainbow restaurant (Bufiya),26.2222546,50.1839194,restaurant,3,3,OPERATIONAL,https://maps.google.com/?cid=N/A
N/A,بوفية ليال الطائف,26.2221607,50.183842999999996,restaurant,4.3,8,OPERATIONAL,https://maps.google.com/?cid=N/A
N/A,بوفيه مئه للوجبات السريعه,26.2278573,50.183434299999995,restaurant,5,1,OPERATIONAL,https://maps.google.com/?cid=N/A
N/A,",مطعم نور الرافدين لتقديم الوجباتNoor Al Rafidin Restaurant,",26.2176661,50.1850488,restaurant,3.7,9,OPERATIONAL,https://maps.google.com/?cid=N/A
N/A,Adnan Resturant,26.2223656,50.1839447,restaurant,3,1,OPERATIONAL,https://maps.google.com/?cid=N/A
N/A,Hana Atallah Bin Mohsen Restaurant مطعم هيا عبد الله بن محسن,26.222300999999998,50.1845383,restaurant,4,12,OPERATIONAL,https://maps.google.com/?cid=N/A
N/A,Chittwan,26.225370899999998,50.1820707,restaurant,No rating,No reviews,OPERATIONAL,https://maps.google.com/?cid=N/A
N/A,تكا الاصلي,26.2081563,50.170384999999996,restaurant,4.5,2,OPERATIONAL,https://maps.google.com/?cid=N/A
N/A,مطعم النوخذة الشرقي للاكلات البحرية,26.2325391,50.1952632,restaurant,4,729,OPERATIONAL,https://maps.google.com/?cid=N/A
N/A,مطعم اللذة المغربية .,26.2090189,50.1954244,restaurant,4.1,609,OPERATIONAL,https://maps.google.com/?cid=N/A
N/A,Casa Pasta | كازا باستا,26.208985,50.1959108,restaurant,3.6,898,OPERATIONAL,https://maps.google.com/?cid=N/A
N/A,New Al Madina Al Bukhair Restaurant / مطاعم البخاري,26.2085224,50.1876839,restaurant,4,1007,OPERATIONAL,https://maps.google.com/?cid=N/A
N/A,Tim Hortons,26.231441399999998,50.1939287,restaurant,4.2,122,OPERATIONAL,https://maps.google.com/?cid=N/A
N/A,Barn's | بارنز,26.231664199999997,50.194111199999995,restaurant,4.5,99,OPERATIONAL,https://maps.google.com/?cid=N/A
N/A,Batotta Restaurant,26.208876399999998,50.1893314,restaurant,3.5,481,OPERATIONAL,https://maps.google.com/?cid=N/A
N/A,Siran express سيران اكسبرس,26.218898799999998,50.202353699999996,restaurant,4.5,244,OPERATIONAL,https://maps.google.com/?cid=N/A
N/A,الماعون الشرقي,26.209141799999998,50.1909351,restaurant,4.4,240,OPERATIONAL,https://maps.google.com/?cid=N/A
N/A,مطعم سلة السمك Fish basket restaurant,26.208926899999998,50.188205499999995,restaurant,4.4,169,OPERATIONAL,https://maps.google.com/?cid=N/A
N/A,خلية الرابعه,26.208321599999998,50.1926774,restaurant,4.2,124,OPERATIONAL,https://maps.google.com/?cid=N/A
N/A,بوفية على اللفة,26.2317303,50.19364,restaurant,4.3,169,OPERATIONAL,https://maps.google.com/?cid=N/A
N/A,Little Caesars Pizza! Pizza! !ليتل سيزرز بيتزا! بيتزا,26.2090192,50.1954724,restaurant,3.8,118,OPERATIONAL,https://maps.google.com/?cid=N/A
N/A,Domino's Pizza,26.209002599999998,50.1956987,restaurant,3.8,371,OPERATIONAL,https://maps.google.com/?cid=N/A
N/A,فلافل الجوهرة,26.2148503,50.1889107,restaurant,4.2,503,OPERATIONAL,https://maps.google.com/?cid=N/A
N/A,Burger Al Mashwi برجر المشوی,26.2108751,50.1892731,restaurant,4,141,OPERATIONAL,https://maps.google.com/?cid=N/A
N/A,مطعم دار الشواية البخاري,26.213522100000002,50.189358899999995,restaurant,3.7,255,OPERATIONAL,https://maps.google.com/?cid=N/A
N/A,مطعم نكهات التكة,26.2173876,50.2034994,restaurant,4,259,OPERATIONAL,https://maps.google.com/?cid=N/A
N/A,فوال ومخبز تميس صباح الخير,26.208826,50.189777299999996,restaurant,3.7,150,OPERATIONAL,https://maps.google.com/?cid=N/A
N/A,INDIAN RESTAURANT,26.2213083,50.183925099999996,restaurant,3.9,134,OPERATIONAL,https://maps.google.com/?cid=N/A
N/A,Burger King - Al Jisr,26.218267,50.208152000000005,restaurant,3.8,1966,OPERATIONAL,https://maps.google.com/?cid=N/A
N/A,Mandi Sunset Restaurant,26.217644,50.207305299999994,restaurant,4,1811,OPERATIONAL,https://maps.google.com/?cid=N/A
N/A,Enab w teen near Bahrain Bridge,26.2229389,50.2158783,restaurant,3.5,1464,OPERATIONAL,https://maps.google.com/?cid=N/A
N/A,Herfy,26.2146232,50.2071021,restaurant,3.7,1064,OPERATIONAL,https://maps.google.com/?cid=N/A
N/A,سكَّة كرك - Sikkat Karak,26.2174999,50.2073113,restaurant,4.6,784,OPERATIONAL,https://maps.google.com/?cid=N/A
N/A,Ala Kaifak,26.2087976,50.2080492,restaurant,4.1,493,OPERATIONAL,https://maps.google.com/?cid=N/A
N/A,Saudi Burger Al jisr,26.218288200000003,50.206743499999995,restaurant,4.1,645,OPERATIONAL,https://maps.google.com/?cid=N/A
N/A,شاورما ثواني,26.2170281,50.2069069,restaurant,4.2,599,OPERATIONAL,https://maps.google.com/?cid=N/A
N/A,مخبز زمان أول للخبز الحساوي والفطاير,26.2163315,50.2069797,restaurant,4.1,311,OPERATIONAL,https://maps.google.com/?cid=N/A
N/A,Koshary El Tahrir (كشري التحرير),26.216138899999997,50.212928899999994,restaurant,4.4,250,OPERATIONAL,https://maps.google.com/?cid=N/A
N/A,مطعم رولان الايطالي. Rolan Restaurant,26.2333192,50.2153001,restaurant,4.7,548,OPERATIONAL,https://maps.google.com/?cid=N/A
N/A,AlSham Broasted,26.209083999999997,50.2079825,restaurant,3.9,552,OPERATIONAL,https://maps.google.com/?cid=N/A
N/A,Siran express سيران اكسبرس,26.218898799999998,50.202353699999996,restaurant,4.5,244,OPERATIONAL,https://maps.google.com/?cid=N/A
N/A,معجنات اوركيد الشام,26.2139028,50.207907899999995,restaurant,4.8,305,OPERATIONAL,https://maps.google.com/?cid=N/A
N/A,TAWA,26.217925899999997,50.20679,restaurant,4.2,824,OPERATIONAL,https://maps.google.com/?cid=N/A
N/A,Al-Shorooq Local Quisine,26.2126165,50.2074104,restaurant,3.7,398,OPERATIONAL,https://maps.google.com/?cid=N/A
N/A,Restaurant Madghut Basamati,26.217862099999998,50.207302299999995,restaurant,3.8,357,OPERATIONAL,https://maps.google.com/?cid=N/A
N/A,ميلتزون | Meltzone,26.2098968,50.208460599999995,restaurant,4,756,OPERATIONAL,https://maps.google.com/?cid=N/A
N/A,مطعم الحجاز للرز البخاري,26.209722499999998,50.2079538,restaurant,3.7,163,OPERATIONAL,https://maps.google.com/?cid=N/A
N/A,مطعم فوال نور الصباح,26.215968,50.2070393,restaurant,3.8,272,OPERATIONAL,https://maps.google.com/?cid=N/A
N/A,Enab w teen near Bahrain Bridge,26.2229389,50.2158783,restaurant,3.5,1464,OPERATIONAL,https://maps.google.com/?cid=N/A
N/A,Koshary El Tahrir (كشري التحرير),26.216138899999997,50.212928899999994,restaurant,4.4,250,OPERATIONAL,https://maps.google.com/?cid=N/A
N/A,مطعم ولاونج فونتون VONTONE LOUNGE,26.2230711,50.2166728,restaurant,4,136,OPERATIONAL,https://maps.google.com/?cid=N/A
N/A,Kimchi Lounge Palace,26.2200669,50.2129554,restaurant,4.5,86,OPERATIONAL,https://maps.google.com/?cid=N/A
N/A,Palmette Restaurant and Café,26.2213669,50.2129822,restaurant,4.8,48,OPERATIONAL,https://maps.google.com/?cid=N/A
N/A,مطعم عرب المندي,26.2196018,50.2118915,restaurant,No rating,No reviews,OPERATIONAL,https://maps.google.com/?cid=N/A
N/A,Madhghoot Tehamah(MT),26.2498583,50.1987685,restaurant,4.2,1172,OPERATIONAL,https://maps.google.com/?cid=N/A
N/A,مطعم النوخذة الشرقي للاكلات البحرية,26.2325391,50.1952632,restaurant,4,729,OPERATIONAL,https://maps.google.com/?cid=N/A
N/A,Tim Hortons,26.231441399999998,50.1939287,restaurant,4.2,122,OPERATIONAL,https://maps.google.com/?cid=N/A
N/A,Barn's | بارنز,26.231664199999997,50.194111199999995,restaurant,4.5,99,OPERATIONAL,https://maps.google.com/?cid=N/A
N/A,بوفية على اللفة,26.2317303,50.19364,restaurant,4.3,169,OPERATIONAL,https://maps.google.com/?cid=N/A
N/A,Modon Alam Pakistani Restaurant,26.2398736,50.199346899999995,restaurant,4.3,97,OPERATIONAL,https://maps.google.com/?cid=N/A
N/A,مطعم خـط البحـرين,26.2302477,50.1957094,restaurant,3.9,95,OPERATIONAL,https://maps.google.com/?cid=N/A
N/A,مطعم الشام القديمة,26.2493295,50.1986567,restaurant,4.1,96,OPERATIONAL,https://maps.google.com/?cid=N/A
N/A,Silver Tower Restaurant,26.2493309,50.1996867,restaurant,3.9,215,OPERATIONAL,https://maps.google.com/?cid=N/A
N/A,Tim Hortons,26.2298433,50.195532899999996,restaurant,4.4,17,OPERATIONAL,https://maps.google.com/?cid=N/A
N/A,O Burger,26.238694600000002,50.1984013,restaurant,3.9,24,OPERATIONAL,https://maps.google.com/?cid=N/A
N/A,Snackhouse Central Kitchen,26.2443565,50.199714099999994,restaurant,4.5,39,OPERATIONAL,https://maps.google.com/?cid=N/A
N/A,كافتيريا ساندوتش غير - Different Sandwiches,26.246015399999997,50.2001056,restaurant,3.6,152,OPERATIONAL,https://maps.google.com/?cid=N/A
N/A,مطبخ سجى البوادي,26.2277694,50.1837751,restaurant,3.1,104,OPERATIONAL,https://maps.google.com/?cid=N/A
N/A,فوال و مخبز نور الصباح,26.249463799999997,50.1997563,restaurant,4.5,11,OPERATIONAL,https://maps.google.com/?cid=N/A
N/A,Hotel Tandoori Night,26.2398691,50.1992988,restaurant,3.7,24,OPERATIONAL,https://maps.google.com/?cid=N/A
N/A,Noodlez Commissary,26.2452845,50.2010169,restaurant,4.5,4,OPERATIONAL,https://maps.google.com/?cid=N/A
N/A,مطابخ ولائم الفرسان,26.2318438,50.187412699999996,restaurant,3.8,12,OPERATIONAL,https://maps.google.com/?cid=N/A
N/A,مطبخ فن الخروف المشوي 🇸🇦,26.2274407,50.186876999999996,restaurant,4.3,37,OPERATIONAL,https://maps.google.com/?cid=N/A
N/A,Bait AlRobyan,26.2509153,50.2151533,restaurant,4.5,2146,OPERATIONAL,https://maps.google.com/?cid=N/A
N/A,Madhghoot Tehamah(MT),26.2498583,50.1987685,restaurant,4.2,1172,OPERATIONAL,https://maps.google.com/?cid=N/A
N/A,مطعم لارتيستوLartisto,26.250819,50.2152641,restaurant,4.6,315,OPERATIONAL,https://maps.google.com/?cid=N/A
N/A,مطعم رولان الايطالي. Rolan Restaurant,26.2333192,50.2153001,restaurant,4.7,548,OPERATIONAL,https://maps.google.com/?cid=N/A
N/A,مطعم المضغوط الناضج,26.2500382,50.2016596,restaurant,4,652,OPERATIONAL,https://maps.google.com/?cid=N/A
N/A,مطاعم البراري البخاري,26.2500547,50.2015969,restaurant,4,259,OPERATIONAL,https://maps.google.com/?cid=N/A
N/A,Modon Alam Pakistani Restaurant,26.2398736,50.199346899999995,restaurant,4.3,97,OPERATIONAL,https://maps.google.com/?cid=N/A
N/A,Reem AlKhobar Sweets,26.2507019,50.211849199999996,restaurant,4.3,279,OPERATIONAL,https://maps.google.com/?cid=N/A
N/A,Tim Hortons,26.240678799999998,50.21445250000001,restaurant,4,239,OPERATIONAL,https://maps.google.com/?cid=N/A
N/A,Barn's | بارنز,26.2502376,50.202686899999996,restaurant,3.9,19,OPERATIONAL,https://maps.google.com/?cid=N/A
N/A,Silver Tower Restaurant,26.2493309,50.1996867,restaurant,3.9,215,OPERATIONAL,https://maps.google.com/?cid=N/A
N/A,مطعم الشام القديمة,26.2493295,50.1986567,restaurant,4.1,96,OPERATIONAL,https://maps.google.com/?cid=N/A
N/A,مطعم وبروستد الشام الاسكان,26.2495795,50.2007978,restaurant,3.8,172,OPERATIONAL,https://maps.google.com/?cid=N/A
N/A,Buffet AlSaada,26.250128,50.201623999999995,restaurant,3.8,127,OPERATIONAL,https://maps.google.com/?cid=N/A
N/A,Cafeteria Nalukettu,26.2495788,50.2007182,restaurant,3.8,135,OPERATIONAL,https://maps.google.com/?cid=N/A
N/A,Tasty Burger البرقر اللذيذ,26.2506786,50.212265699999996,restaurant,4.4,52,OPERATIONAL,https://maps.google.com/?cid=N/A
N/A,O Burger,26.238694600000002,50.1984013,restaurant,3.9,24,OPERATIONAL,https://maps.google.com/?cid=N/A
N/A,Snackhouse Central Kitchen,26.2443565,50.199714099999994,restaurant,4.5,39,OPERATIONAL,https://maps.google.com/?cid=N/A
N/A,كافتيريا ساندوتش غير - Different Sandwiches,26.246015399999997,50.2001056,restaurant,3.6,152,OPERATIONAL,https://maps.google.com/?cid=N/A
N/A,بوفية الاسطوره,26.2350659,50.2129859,restaurant,4,12,OPERATIONAL,https://maps.google.com/?cid=N/A
N/A,مطعم رولان الايطالي. Rolan Restaurant,26.2333192,50.2153001,restaurant,4.7,548,OPERATIONAL,https://maps.google.com/?cid=N/A
N/A,Tim Hortons,26.240678799999998,50.21445250000001,restaurant,4,239,OPERATIONAL,https://maps.google.com/?cid=N/A
N/A,بوفية الاسطوره,26.2350659,50.2129859,restaurant,4,12,OPERATIONAL,https://maps.google.com/?cid=N/A
N/A,McDonald's,26.2654423,50.0705652,restaurant,3,247,OPERATIONAL,https://maps.google.com/?cid=N/A
N/A,معجنات أفران أجيال,26.2658848,50.07091930000001,restaurant,4.5,146,OPERATIONAL,https://maps.google.com/?cid=N/A
N/A,Anjar Restaurant مطعم عنجر للمعجنات والشاورما,26.265894199999998,50.070705100000005,restaurant,4,274,OPERATIONAL,https://maps.google.com/?cid=N/A
N/A,شواية اجيال,26.2659904,50.072078,restaurant,4.1,198,OPERATIONAL,https://maps.google.com/?cid=N/A
N/A,Ovlo,26.2658845,50.0705512,restaurant,4.5,110,OPERATIONAL,https://maps.google.com/?cid=N/A
N/A,Subway,26.2655225,50.0712506,restaurant,4.8,146,OPERATIONAL,https://maps.google.com/?cid=N/A
N/A,مطعم زنبق الشام (شاورما_برجر) عالفحم,26.2658843,50.0705618,restaurant,4.3,99,OPERATIONAL,https://maps.google.com/?cid=N/A
N/A,Ghaim Kitchen,26.2559965,50.0702991,restaurant,5,34,OPERATIONAL,https://maps.google.com/?cid=N/A
N/A,ورق عنب سوما | Soma Grape Leaves,26.2661043,50.0715299,restaurant,4.9,86,OPERATIONAL,https://maps.google.com/?cid=N/A
N/A,قصر لبدة,26.2654347,50.0707795,restaurant,5,2,OPERATIONAL,https://maps.google.com/?cid=N/A
N/A,باستا واندومي اسرع لقمه,26.265754299999998,50.0708663,restaurant,4.1,34,OPERATIONAL,https://maps.google.com/?cid=N/A
N/A,مطعم رشتة,26.265749200000002,50.0715265,restaurant,4.3,14,OPERATIONAL,https://maps.google.com/?cid=N/A
N/A,McDonald's,26.2654423,50.0705652,restaurant,3,247,OPERATIONAL,https://maps.google.com/?cid=N/A
N/A,معجنات أفران أجيال,26.2658848,50.07091930000001,restaurant,4.5,146,OPERATIONAL,https://maps.google.com/?cid=N/A
N/A,Anjar Restaurant مطعم عنجر للمعجنات والشاورما,26.265894199999998,50.070705100000005,restaurant,4,274,OPERATIONAL,https://maps.google.com/?cid=N/A
N/A,شواية اجيال,26.2659904,50.072078,restaurant,4.1,198,OPERATIONAL,https://maps.google.com/?cid=N/A
N/A,Ovlo,26.2658845,50.0705512,restaurant,4.5,110,OPERATIONAL,https://maps.google.com/?cid=N/A
N/A,Subway,26.2655225,50.0712506,restaurant,4.8,146,OPERATIONAL,https://maps.google.com/?cid=N/A
N/A,مطعم زنبق الشام (شاورما_برجر) عالفحم,26.2658843,50.0705618,restaurant,4.3,99,OPERATIONAL,https://maps.google.com/?cid=N/A
N/A,Ghaim Kitchen,26.2559965,50.0702991,restaurant,5,34,OPERATIONAL,https://maps.google.com/?cid=N/A
N/A,ورق عنب سوما | Soma Grape Leaves,26.2661043,50.0715299,restaurant,4.9,86,OPERATIONAL,https://maps.google.com/?cid=N/A
N/A,قصر لبدة,26.2654347,50.0707795,restaurant,5,2,OPERATIONAL,https://maps.google.com/?cid=N/A
N/A,باستا واندومي اسرع لقمه,26.265754299999998,50.0708663,restaurant,4.1,34,OPERATIONAL,https://maps.google.com/?cid=N/A
N/A,مطعم رشتة,26.265749200000002,50.0715265,restaurant,4.3,14,OPERATIONAL,https://maps.google.com/?cid=N/A
N/A,مطعم رايق,26.270410599999998,50.1928548,restaurant,4.1,2395,OPERATIONAL,https://maps.google.com/?cid=N/A
N/A,Shwaiat Al-Khalij,26.269423099999997,50.1899172,restaurant,4.1,4995,OPERATIONAL,https://maps.google.com/?cid=N/A
N/A,مطعم عيال بحر,26.268876,50.187277699999996,restaurant,4.2,2178,OPERATIONAL,https://maps.google.com/?cid=N/A
N/A,Madhghoot Tehamah(MT),26.2498583,50.1987685,restaurant,4.2,1172,OPERATIONAL,https://maps.google.com/?cid=N/A
N/A,Fillfilah فلفلة,26.269261999999998,50.189322999999995,restaurant,3.4,1925,OPERATIONAL,https://maps.google.com/?cid=N/A
N/A,Lahza shawarma,26.269518200000004,50.191093699999996,restaurant,3.9,970,OPERATIONAL,https://maps.google.com/?cid=N/A
N/A,KFC,26.2682627,50.187553799999996,restaurant,3.7,1178,OPERATIONAL,https://maps.google.com/?cid=N/A
N/A,Al Rukun Al Tazaj,26.270007399999997,50.1916164,restaurant,4.3,1076,OPERATIONAL,https://maps.google.com/?cid=N/A
N/A,Mishwar مطعم مشوارالثقبة,26.2696114,50.190410500000006,restaurant,3.6,1403,OPERATIONAL,https://maps.google.com/?cid=N/A
N/A,Western Grills for Suya,26.269866,50.1910621,restaurant,4.1,504,OPERATIONAL,https://maps.google.com/?cid=N/A
N/A,كبدة حجازي، حي الثقبة,26.270245199999998,50.18668350000001,restaurant,4,1525,OPERATIONAL,https://maps.google.com/?cid=N/A
N/A,Aseer Restaurant,26.269176599999998,50.1899643,restaurant,4,1584,OPERATIONAL,https://maps.google.com/?cid=N/A
N/A,Taka Ahl Al Bahrain,26.269243499999998,50.190556,restaurant,3.8,797,OPERATIONAL,https://maps.google.com/?cid=N/A
N/A,Aljazeera Mendy Restaurant,26.262755499999997,50.203683899999994,restaurant,4,896,OPERATIONAL,https://maps.google.com/?cid=N/A
N/A,بوفيه نورالشرق,26.2614509,50.1905729,restaurant,4,10,OPERATIONAL,https://maps.google.com/?cid=N/A
N/A,Kufa,26.268892,50.1893137,restaurant,4.1,129,OPERATIONAL,https://maps.google.com/?cid=N/A
N/A,Maestro Pizza,26.2688916,50.1893525,restaurant,4.1,927,OPERATIONAL,https://maps.google.com/?cid=N/A
N/A,Herfy,26.2690086,50.1897063,restaurant,3.7,664,OPERATIONAL,https://maps.google.com/?cid=N/A
N/A,Fata'ir Al Taif Restaurant,26.269651399999997,50.1906439,restaurant,4.3,490,OPERATIONAL,https://maps.google.com/?cid=N/A
N/A,Oriya,26.2558523,50.2210788,restaurant,4,3711,OPERATIONAL,https://maps.google.com/?cid=N/A
N/A,Blue Garden Restaurant Khobar,26.2551003,50.221004,restaurant,4.1,11005,OPERATIONAL,https://maps.google.com/?cid=N/A
N/A,Bait AlRobyan,26.2509153,50.2151533,restaurant,4.5,2146,OPERATIONAL,https://maps.google.com/?cid=N/A
N/A,Raising Cane's,26.268501500000003,50.2162229,restaurant,4.6,2422,OPERATIONAL,https://maps.google.com/?cid=N/A
N/A,Chef Eyad Khobar,26.255573199999997,50.2210499,restaurant,4.6,3674,OPERATIONAL,https://maps.google.com/?cid=N/A
N/A,Madhghoot Tehamah(MT),26.2498583,50.1987685,restaurant,4.2,1172,OPERATIONAL,https://maps.google.com/?cid=N/A
N/A,Raye Mashwyat / Grill Patron,26.2693907,50.2068115,restaurant,4.4,5161,OPERATIONAL,https://maps.google.com/?cid=N/A
N/A,McDonald's,26.266576999999998,50.212969,restaurant,3.8,2118,OPERATIONAL,https://maps.google.com/?cid=N/A
N/A,ceasario,26.255441599999997,50.220722599999995,restaurant,4,875,OPERATIONAL,https://maps.google.com/?cid=N/A
N/A,Taj al Hind Bollywood Kitchen,26.2668778,50.2127616,restaurant,4.8,4594,OPERATIONAL,https://maps.google.com/?cid=N/A
N/A,Thaza Restaurant,26.2696199,50.206366499999994,restaurant,3.9,761,OPERATIONAL,https://maps.google.com/?cid=N/A
N/A,Golden Juice,26.2700575,50.212534899999994,restaurant,4,2110,OPERATIONAL,https://maps.google.com/?cid=N/A
N/A,Hala Fish's Restaurant,26.27017,50.2125912,restaurant,4.7,1732,OPERATIONAL,https://maps.google.com/?cid=N/A
N/A,مطعم لارتيستوLartisto,26.250819,50.2152641,restaurant,4.6,315,OPERATIONAL,https://maps.google.com/?cid=N/A
N/A,Al Dar Al Arabi,26.2693327,50.2055746,restaurant,4.1,1318,OPERATIONAL,https://maps.google.com/?cid=N/A
N/A,مُدير كبير,26.2640385,50.2142844,restaurant,3.6,203,OPERATIONAL,https://maps.google.com/?cid=N/A
N/A,Barn's | بارنز,26.2661719,50.203895499999994,restaurant,4.2,528,OPERATIONAL,https://maps.google.com/?cid=N/A
N/A,Amy's Kitchen,26.2687055,50.2128278,restaurant,4.1,410,OPERATIONAL,https://maps.google.com/?cid=N/A
N/A,Buffet Donya Al Hana,26.267664699999997,50.2006698,restaurant,4.6,576,OPERATIONAL,https://maps.google.com/?cid=N/A
N/A,Aljazeera Mendy Restaurant,26.262755499999997,50.203683899999994,restaurant,4,896,OPERATIONAL,https://maps.google.com/?cid=N/A
N/A,Oriya,26.2558523,50.2210788,restaurant,4,3711,OPERATIONAL,https://maps.google.com/?cid=N/A
N/A,Blue Garden Restaurant Khobar,26.2551003,50.221004,restaurant,4.1,11005,OPERATIONAL,https://maps.google.com/?cid=N/A
N/A,Bait AlRobyan,26.2509153,50.2151533,restaurant,4.5,2146,OPERATIONAL,https://maps.google.com/?cid=N/A
N/A,Chef Eyad Khobar,26.255573199999997,50.2210499,restaurant,4.6,3674,OPERATIONAL,https://maps.google.com/?cid=N/A
N/A,ceasario,26.255441599999997,50.220722599999995,restaurant,4,875,OPERATIONAL,https://maps.google.com/?cid=N/A
N/A,مطعم لارتيستوLartisto,26.250819,50.2152641,restaurant,4.6,315,OPERATIONAL,https://maps.google.com/?cid=N/A
N/A,مُدير كبير,26.2640385,50.2142844,restaurant,3.6,203,OPERATIONAL,https://maps.google.com/?cid=N/A
N/A,Sea Rock Bufiya,26.262377299999997,50.2189595,restaurant,4,182,OPERATIONAL,https://maps.google.com/?cid=N/A
N/A,Ocean,26.2557565,50.221144599999995,restaurant,3.5,1864,OPERATIONAL,https://maps.google.com/?cid=N/A
N/A,مطعم أصيل الشام,26.255574799999998,50.212986199999996,restaurant,4.4,70,OPERATIONAL,https://maps.google.com/?cid=N/A
N/A,CRISP,26.263989799999997,50.213136299999995,restaurant,3.7,270,OPERATIONAL,https://maps.google.com/?cid=N/A
N/A,بوفية قطوف الخيرات,26.258706699999998,50.2122989,restaurant,4,17,OPERATIONAL,https://maps.google.com/?cid=N/A
N/A,Bari باري,26.2623535,50.2125431,restaurant,No rating,No reviews,OPERATIONAL,https://maps.google.com/?cid=N/A
N/A,McDonald's,26.2654423,50.0705652,restaurant,3,247,OPERATIONAL,https://maps.google.com/?cid=N/A
N/A,TastiestDish,26.284738599999997,50.060786900000004,restaurant,4.3,314,OPERATIONAL,https://maps.google.com/?cid=N/A
N/A,معجنات أفران أجيال,26.2658848,50.07091930000001,restaurant,4.5,146,OPERATIONAL,https://maps.google.com/?cid=N/A
N/A,Anjar Restaurant مطعم عنجر للمعجنات والشاورما,26.265894199999998,50.070705100000005,restaurant,4,274,OPERATIONAL,https://maps.google.com/?cid=N/A
N/A,شواية اجيال,26.2659904,50.072078,restaurant,4.1,198,OPERATIONAL,https://maps.google.com/?cid=N/A
N/A,Ovlo,26.2658845,50.0705512,restaurant,4.5,110,OPERATIONAL,https://maps.google.com/?cid=N/A
N/A,شركة ألذ طبق لتقديم الوجبات شركة شخص واحد,26.2847334,50.0607544,restaurant,4.6,84,OPERATIONAL,https://maps.google.com/?cid=N/A
N/A,Subway,26.2655225,50.0712506,restaurant,4.8,146,OPERATIONAL,https://maps.google.com/?cid=N/A
N/A,بوفية عبدالله مطيلق العتيبي,26.2843805,50.0603129,restaurant,3.5,46,OPERATIONAL,https://maps.google.com/?cid=N/A
N/A,مطعم زنبق الشام (شاورما_برجر) عالفحم,26.2658843,50.0705618,restaurant,4.3,99,OPERATIONAL,https://maps.google.com/?cid=N/A
N/A,مطعم احلا الايام لتقديم الوجبات,26.284519799999998,50.0611819,restaurant,3.3,9,OPERATIONAL,https://maps.google.com/?cid=N/A
N/A,ورق عنب سوما | Soma Grape Leaves,26.2661043,50.0715299,restaurant,4.9,86,OPERATIONAL,https://maps.google.com/?cid=N/A
N/A,قصر لبدة,26.2654347,50.0707795,restaurant,5,2,OPERATIONAL,https://maps.google.com/?cid=N/A
N/A,باستا واندومي اسرع لقمه,26.265754299999998,50.0708663,restaurant,4.1,34,OPERATIONAL,https://maps.google.com/?cid=N/A
N/A,مطعم رشتة,26.265749200000002,50.0715265,restaurant,4.3,14,OPERATIONAL,https://maps.google.com/?cid=N/A
N/A,شواية اجيال,26.2659904,50.072078,restaurant,4.1,198,OPERATIONAL,https://maps.google.com/?cid=N/A
N/A,ورق عنب سوما | Soma Grape Leaves,26.2661043,50.0715299,restaurant,4.9,86,OPERATIONAL,https://maps.google.com/?cid=N/A
N/A,عريكة أركان الديرة,26.284765399999998,50.1329898,restaurant,4.1,131,OPERATIONAL,https://maps.google.com/?cid=N/A
N/A,بوفيه البنوك,26.284483899999998,50.133044,restaurant,3.8,18,OPERATIONAL,https://maps.google.com/?cid=N/A
N/A,مطعم ومطبخ فارس الفرسان,26.2844972,50.13306980000001,restaurant,3,151,OPERATIONAL,https://maps.google.com/?cid=N/A
N/A,مطاعم أرض البركة,26.2844508,50.1329718,restaurant,3.4,49,OPERATIONAL,https://maps.google.com/?cid=N/A
N/A,Mandi King Restaurant,26.2812475,50.1819547,restaurant,3.8,5200,OPERATIONAL,https://maps.google.com/?cid=N/A
N/A,Dar Mubarak,26.2837098,50.1810086,restaurant,4.5,4780,OPERATIONAL,https://maps.google.com/?cid=N/A
N/A,مطعم مورغي,26.278467,50.1831141,restaurant,4.2,277,OPERATIONAL,https://maps.google.com/?cid=N/A
N/A,مطعم فلافل الياسمين | Falafel Al Yasmeen,26.278585699999997,50.1852209,restaurant,4.5,1251,OPERATIONAL,https://maps.google.com/?cid=N/A
N/A,Karak and Chabati,26.2779715,50.1833563,restaurant,3.9,951,OPERATIONAL,https://maps.google.com/?cid=N/A
N/A,AlRowad Restaurant,26.2791565,50.1856145,restaurant,4.3,291,OPERATIONAL,https://maps.google.com/?cid=N/A
N/A,شاورما معبوج,26.278617,50.183048799999995,restaurant,4.7,168,OPERATIONAL,https://maps.google.com/?cid=N/A
N/A,مطعم ومطبخ حنيذ تهامه للحنيذ والأكلات الشعبيه,26.279075199999998,50.1857996,restaurant,3.7,131,OPERATIONAL,https://maps.google.com/?cid=N/A
N/A,برجر مشوي,26.2734983,50.185679699999994,restaurant,4,62,OPERATIONAL,https://maps.google.com/?cid=N/A
N/A,بوفية مزاج,26.2838487,50.1816684,restaurant,4.3,87,OPERATIONAL,https://maps.google.com/?cid=N/A
N/A,كريب عنتر,26.2737059,50.186313999999996,restaurant,3.9,49,OPERATIONAL,https://maps.google.com/?cid=N/A
N/A,حبة وربع,26.2734642,50.1869532,restaurant,4.6,100,OPERATIONAL,https://maps.google.com/?cid=N/A
N/A,مطعم شيف حضرموت للأكلات الشعبية,26.2814002,50.181892999999995,restaurant,3.7,56,OPERATIONAL,https://maps.google.com/?cid=N/A
N/A,Traghif,26.273110199999998,50.185483399999995,restaurant,4.9,134,OPERATIONAL,https://maps.google.com/?cid=N/A
N/A,Cafeteria Pakistani مطعم باكستاني,26.2786117,50.185318099999996,restaurant,4.2,13,OPERATIONAL,https://maps.google.com/?cid=N/A
N/A,Thuqbat Al Ahlam Cafeteria,26.2737241,50.186212999999995,restaurant,4.4,13,OPERATIONAL,https://maps.google.com/?cid=N/A
N/A,Jehan Cafe,26.2790823,50.1866871,restaurant,3.3,8,OPERATIONAL,https://maps.google.com/?cid=N/A
N/A,Güneş Restaurant مطعم غونيش,26.2850228,50.1818664,restaurant,4.3,6,OPERATIONAL,https://maps.google.com/?cid=N/A
N/A,بوفية دجاج بلال,26.2784506,50.184032099999996,restaurant,4.9,41,OPERATIONAL,https://maps.google.com/?cid=N/A
N/A,بشميلا,26.280741,50.182184,restaurant,4.6,108,OPERATIONAL,https://maps.google.com/?cid=N/A
N/A,الرومانسية -الخبر | Al romansiah,26.283026,50.201789999999995,restaurant,4,8523,OPERATIONAL,https://maps.google.com/?cid=N/A
N/A,Ninar restaurant,26.2883845,50.1887743,restaurant,4.5,9607,OPERATIONAL,https://maps.google.com/?cid=N/A
N/A,مطعم رايق,26.270410599999998,50.1928548,restaurant,4.1,2395,OPERATIONAL,https://maps.google.com/?cid=N/A
N/A,Madina Restaurant,26.288042299999997,50.188332599999995,restaurant,3.9,9057,OPERATIONAL,https://maps.google.com/?cid=N/A
N/A,Belad Al Sham Grills & Resturant,26.274692599999998,50.190011399999996,restaurant,4.2,6155,OPERATIONAL,https://maps.google.com/?cid=N/A
N/A,Peshawari Kabab House,26.272206699999998,50.194554499999995,restaurant,4.2,5120,OPERATIONAL,https://maps.google.com/?cid=N/A
N/A,Mandi King Restaurant,26.2812475,50.1819547,restaurant,3.8,5200,OPERATIONAL,https://maps.google.com/?cid=N/A
N/A,Shwaiat Al-Khalij,26.269423099999997,50.1899172,restaurant,4.1,4995,OPERATIONAL,https://maps.google.com/?cid=N/A
N/A,Abu Hilal Resturant .,26.270738899999998,50.1937917,restaurant,4.3,4506,OPERATIONAL,https://maps.google.com/?cid=N/A
N/A,RAYG Restaurant,26.2768731,50.195347299999995,restaurant,4.2,2316,OPERATIONAL,https://maps.google.com/?cid=N/A
N/A,Kufa,26.2800573,50.191848099999994,restaurant,4.1,2847,OPERATIONAL,https://maps.google.com/?cid=N/A
N/A,مطعم حارة ورد |فرع الخبر,26.2846974,50.196128300000005,restaurant,4.7,10269,OPERATIONAL,https://maps.google.com/?cid=N/A
N/A,Salkara Family Restaurant,26.278311,50.203666899999995,restaurant,4,3257,OPERATIONAL,https://maps.google.com/?cid=N/A
N/A,Curry House,26.2833048,50.1922953,restaurant,4.2,924,OPERATIONAL,https://maps.google.com/?cid=N/A
N/A,Dar Mubarak,26.2837098,50.1810086,restaurant,4.5,4780,OPERATIONAL,https://maps.google.com/?cid=N/A
N/A,مطعم عيال بحر,26.268876,50.187277699999996,restaurant,4.2,2178,OPERATIONAL,https://maps.google.com/?cid=N/A
N/A,Marboha Restauarnt,26.282135099999998,50.2017177,restaurant,4.8,7411,OPERATIONAL,https://maps.google.com/?cid=N/A
N/A,مطعم كماله kimalah restaurant,26.2811854,50.192626399999995,restaurant,4.2,3608,OPERATIONAL,https://maps.google.com/?cid=N/A
N/A,Layali Zaman,26.283477899999998,50.1959454,restaurant,4.5,3480,OPERATIONAL,https://maps.google.com/?cid=N/A
N/A,Shawaya House,26.272347,50.1951582,restaurant,3.8,1809,OPERATIONAL,https://maps.google.com/?cid=N/A
N/A,الرومانسية -الخبر | Al romansiah,26.283026,50.201789999999995,restaurant,4,8523,OPERATIONAL,https://maps.google.com/?cid=N/A
N/A,Dugheither Leisure Island,26.2724065,50.2206811,restaurant,4.4,3316,OPERATIONAL,https://maps.google.com/?cid=N/A
N/A,Golden Gate Restaurant Alkhobar Corniche مطعم جولدن جيت الخبر كورنيش,26.2722142,50.2155474,restaurant,4.3,3327,OPERATIONAL,https://maps.google.com/?cid=N/A
N/A,مطعم بكي,26.287230599999997,50.2119418,restaurant,4.1,4851,OPERATIONAL,https://maps.google.com/?cid=N/A
N/A,Palm Grove Restaurant,26.2771936,50.2121219,restaurant,3.9,1652,OPERATIONAL,https://maps.google.com/?cid=N/A
N/A,Peshawari Kabab House,26.272206699999998,50.194554499999995,restaurant,4.2,5120,OPERATIONAL,https://maps.google.com/?cid=N/A
N/A,Sun Room Cafe & Restaurant,26.272147699999998,50.2211776,restaurant,3.7,4253,OPERATIONAL,https://maps.google.com/?cid=N/A
N/A,Raising Cane's,26.268501500000003,50.2162229,restaurant,4.6,2422,OPERATIONAL,https://maps.google.com/?cid=N/A
N/A,Green Flag Restaurant,26.2864303,50.213176,restaurant,4.1,3457,OPERATIONAL,https://maps.google.com/?cid=N/A
N/A,RAYG Restaurant,26.2768731,50.195347299999995,restaurant,4.2,2316,OPERATIONAL,https://maps.google.com/?cid=N/A
N/A,Karam Beirut - Al Khobar,26.2723521,50.2211958,restaurant,4.2,6236,OPERATIONAL,https://maps.google.com/?cid=N/A
N/A,The Cheesecake Factory,26.283033,50.219888999999995,restaurant,4.4,6731,OPERATIONAL,https://maps.google.com/?cid=N/A
N/A,مطعم العروبة,26.2881751,50.2076844,restaurant,4,1108,OPERATIONAL,https://maps.google.com/?cid=N/A
N/A,Salkara Family Restaurant,26.278311,50.203666899999995,restaurant,4,3257,OPERATIONAL,https://maps.google.com/?cid=N/A
N/A,Abu Hilal Restaurants,26.286215799999997,50.2125177,restaurant,4.2,2446,OPERATIONAL,https://maps.google.com/?cid=N/A
N/A,Shalimar Restaurant,26.2760473,50.210731700000004,restaurant,4.1,4180,OPERATIONAL,https://maps.google.com/?cid=N/A
N/A,Marboha Restauarnt,26.282135099999998,50.2017177,restaurant,4.8,7411,OPERATIONAL,https://maps.google.com/?cid=N/A
N/A,Beit Ward | بيت ورد,26.283312499999997,50.2193125,restaurant,4.6,2751,OPERATIONAL,https://maps.google.com/?cid=N/A
N/A,Tea Time,26.2825825,50.217741399999994,restaurant,4.2,3094,OPERATIONAL,https://maps.google.com/?cid=N/A
N/A,Shekhdar,26.2724916,50.2161857,restaurant,4.6,1333,OPERATIONAL,https://maps.google.com/?cid=N/A
N/A,Dugheither Leisure Island,26.2724065,50.2206811,restaurant,4.4,3316,OPERATIONAL,https://maps.google.com/?cid=N/A
N/A,Golden Gate Restaurant Alkhobar Corniche مطعم جولدن جيت الخبر كورنيش,26.2722142,50.2155474,restaurant,4.3,3327,OPERATIONAL,https://maps.google.com/?cid=N/A
N/A,Palm Grove Restaurant,26.2771936,50.2121219,restaurant,3.9,1652,OPERATIONAL,https://maps.google.com/?cid=N/A
N/A,Sun Room Cafe & Restaurant,26.272147699999998,50.2211776,restaurant,3.7,4253,OPERATIONAL,https://maps.google.com/?cid=N/A
N/A,Raising Cane's,26.268501500000003,50.2162229,restaurant,4.6,2422,OPERATIONAL,https://maps.google.com/?cid=N/A
N/A,The Cheesecake Factory,26.283033,50.219888999999995,restaurant,4.4,6731,OPERATIONAL,https://maps.google.com/?cid=N/A
N/A,Hellenika,26.2818345,50.2220069,restaurant,4.3,1161,OPERATIONAL,https://maps.google.com/?cid=N/A
N/A,Karam Beirut - Al Khobar,26.2723521,50.2211958,restaurant,4.2,6236,OPERATIONAL,https://maps.google.com/?cid=N/A
N/A,Macéo,26.282050599999998,50.2222717,restaurant,4.2,2892,OPERATIONAL,https://maps.google.com/?cid=N/A
N/A,McDonald's,26.286029,50.22036800000001,restaurant,3.8,4616,OPERATIONAL,https://maps.google.com/?cid=N/A
N/A,NOZOMI Khobar,26.281831999999998,50.222160599999995,restaurant,4.4,1130,OPERATIONAL,https://maps.google.com/?cid=N/A
N/A,Beit Ward | بيت ورد,26.283312499999997,50.2193125,restaurant,4.6,2751,OPERATIONAL,https://maps.google.com/?cid=N/A
N/A,Tea Time,26.2825825,50.217741399999994,restaurant,4.2,3094,OPERATIONAL,https://maps.google.com/?cid=N/A
N/A,Shrimpy,26.283839399999998,50.218592099999995,restaurant,3.6,4529,OPERATIONAL,https://maps.google.com/?cid=N/A
N/A,Shekhdar,26.2724916,50.2161857,restaurant,4.6,1333,OPERATIONAL,https://maps.google.com/?cid=N/A
N/A,Nakhat Alshraq,26.2829359,50.2191783,restaurant,4.3,1457,OPERATIONAL,https://maps.google.com/?cid=N/A
N/A,Brasa De Brazil Khobar,26.272020299999998,50.2205671,restaurant,4.2,5165,OPERATIONAL,https://maps.google.com/?cid=N/A
N/A,Melrose Lounge,26.276768699999998,50.2199774,restaurant,4.6,1667,OPERATIONAL,https://maps.google.com/?cid=N/A
N/A,Como Seafood Restaurant,26.278237299999997,50.218970899999995,restaurant,4.1,3898,OPERATIONAL,https://maps.google.com/?cid=N/A
N/A,Oah Yamal Restaurant,26.284007199999998,50.2203404,restaurant,4,7358,OPERATIONAL,https://maps.google.com/?cid=N/A
N/A,TastiestDish,26.284738599999997,50.060786900000004,restaurant,4.3,314,OPERATIONAL,https://maps.google.com/?cid=N/A
N/A,شركة ألذ طبق لتقديم الوجبات شركة شخص واحد,26.2847334,50.0607544,restaurant,4.6,84,OPERATIONAL,https://maps.google.com/?cid=N/A
N/A,بوفية عبدالله مطيلق العتيبي,26.2843805,50.0603129,restaurant,3.5,46,OPERATIONAL,https://maps.google.com/?cid=N/A
N/A,مطعم احلا الايام لتقديم الوجبات,26.284519799999998,50.0611819,restaurant,3.3,9,OPERATIONAL,https://maps.google.com/?cid=N/A
N/A,Casapasta | كازاباستا,26.289813499999998,50.100793200000005,restaurant,4.5,137,OPERATIONAL,https://maps.google.com/?cid=N/A
N/A,The Club Club ذا كلوب كلوب,26.2897538,50.100772299999996,restaurant,4.3,60,OPERATIONAL,https://maps.google.com/?cid=N/A
N/A,Ronaldo’s Pizza رونالدوز بيتزا,26.289870099999998,50.100784999999995,restaurant,4.1,40,OPERATIONAL,https://maps.google.com/?cid=N/A
N/A,Dhahran Hills Snack Bar,26.2910605,50.1057303,restaurant,3.8,72,OPERATIONAL,https://maps.google.com/?cid=N/A
N/A,Jebel Heights Food Court,26.289821099999998,50.100757599999994,restaurant,3.7,7,OPERATIONAL,https://maps.google.com/?cid=N/A
N/A,فيلا ماماز Villamamas,26.2977109,50.107614999999996,restaurant,4,11,OPERATIONAL,https://maps.google.com/?cid=N/A
N/A,eat’sy Golf,26.3025023,50.1218702,restaurant,4,265,OPERATIONAL,https://maps.google.com/?cid=N/A
N/A,Dhahran Hills Snack Bar,26.2910605,50.1057303,restaurant,3.8,72,OPERATIONAL,https://maps.google.com/?cid=N/A
N/A,فيلا ماماز Villamamas,26.2977109,50.107614999999996,restaurant,4,11,OPERATIONAL,https://maps.google.com/?cid=N/A
N/A,Cafeteria,26.305087500000003,50.1181406,restaurant,No rating,No reviews,OPERATIONAL,https://maps.google.com/?cid=N/A
N/A,Tandoori House,26.3039249,50.1297697,restaurant,4,1381,OPERATIONAL,https://maps.google.com/?cid=N/A
N/A,Kufa,26.3003292,50.1484667,restaurant,4.2,3233,OPERATIONAL,https://maps.google.com/?cid=N/A
N/A,عريكة أركان الديرة,26.284765399999998,50.1329898,restaurant,4.1,131,OPERATIONAL,https://maps.google.com/?cid=N/A
N/A,Subway,26.305258799999997,50.129315999999996,restaurant,4.4,112,OPERATIONAL,https://maps.google.com/?cid=N/A
N/A,بوفيه البنوك,26.284483899999998,50.133044,restaurant,3.8,18,OPERATIONAL,https://maps.google.com/?cid=N/A
N/A,مطعم ومطبخ فارس الفرسان,26.2844972,50.13306980000001,restaurant,3,151,OPERATIONAL,https://maps.google.com/?cid=N/A
N/A,مطاعم أرض البركة,26.2844508,50.1329718,restaurant,3.4,49,OPERATIONAL,https://maps.google.com/?cid=N/A
N/A,Pua Pua,26.300504099999998,50.1488063,restaurant,4.4,14,OPERATIONAL,https://maps.google.com/?cid=N/A
N/A,Lucas Pastaria -Aramco,26.3045933,50.1287253,restaurant,4.7,10,OPERATIONAL,https://maps.google.com/?cid=N/A
N/A,Zafi Chicken,26.3042201,50.129474699999996,restaurant,3.9,21,OPERATIONAL,https://maps.google.com/?cid=N/A
N/A,مطعم شاشليك,26.300269999999998,50.148488,restaurant,4,84,OPERATIONAL,https://maps.google.com/?cid=N/A
N/A,Petro,26.3020587,50.1375605,restaurant,3.7,6,OPERATIONAL,https://maps.google.com/?cid=N/A
N/A,مطعم الطالبات,26.3002887,50.148330599999994,restaurant,No rating,No reviews,OPERATIONAL,https://maps.google.com/?cid=N/A
N/A,Bait Tunur,26.3003376,50.148296699999996,restaurant,4,5,OPERATIONAL,https://maps.google.com/?cid=N/A
N/A,This your time - هذا وقتك,26.3005231,50.148579,restaurant,4.9,7,OPERATIONAL,https://maps.google.com/?cid=N/A
N/A,Kufa,26.3003292,50.1484667,restaurant,4.2,3233,OPERATIONAL,https://maps.google.com/?cid=N/A
N/A,Pua Pua,26.300504099999998,50.1488063,restaurant,4.4,14,OPERATIONAL,https://maps.google.com/?cid=N/A
N/A,مطعم شاشليك,26.300269999999998,50.148488,restaurant,4,84,OPERATIONAL,https://maps.google.com/?cid=N/A
N/A,مطعم الطالبات,26.3002887,50.148330599999994,restaurant,No rating,No reviews,OPERATIONAL,https://maps.google.com/?cid=N/A
N/A,Bait Tunur,26.3003376,50.148296699999996,restaurant,4,5,OPERATIONAL,https://maps.google.com/?cid=N/A
N/A,This your time - هذا وقتك,26.3005231,50.148579,restaurant,4.9,7,OPERATIONAL,https://maps.google.com/?cid=N/A
N/A,Al Rashid Mall,26.2908311,50.1805653,restaurant,4.3,50912,OPERATIONAL,https://maps.google.com/?cid=N/A
N/A,Zad al sultan,26.298194499999997,50.1799635,restaurant,4.5,1633,OPERATIONAL,https://maps.google.com/?cid=N/A
N/A,Al Rafidain,26.2992785,50.1755372,restaurant,4.5,2812,OPERATIONAL,https://maps.google.com/?cid=N/A
N/A,Naranj Damascus Restaurant,26.299179799999997,50.1808875,restaurant,4.2,6648,OPERATIONAL,https://maps.google.com/?cid=N/A
N/A,Burger Site,26.2991541,50.175814599999995,restaurant,4.3,7191,OPERATIONAL,https://maps.google.com/?cid=N/A
N/A,Fatte w Snobar,26.304639899999998,50.180399699999995,restaurant,4.2,15307,OPERATIONAL,https://maps.google.com/?cid=N/A
N/A,Kokoro,26.3050826,50.1783032,restaurant,4.6,2242,OPERATIONAL,https://maps.google.com/?cid=N/A
N/A,PICKUP Burger,26.2981886,50.17803920000001,restaurant,4.6,1017,OPERATIONAL,https://maps.google.com/?cid=N/A
N/A,قصدير | Qasder,26.2990274,50.179080000000006,restaurant,4.2,661,OPERATIONAL,https://maps.google.com/?cid=N/A
N/A,Boofiya Omar,26.303219,50.1761646,restaurant,4.4,589,OPERATIONAL,https://maps.google.com/?cid=N/A
N/A,كاس جبن,26.2988103,50.1792869,restaurant,4.4,948,OPERATIONAL,https://maps.google.com/?cid=N/A
N/A,مطعم بخاري نص سفري الخبر,26.2992754,50.1790671,restaurant,4.6,877,OPERATIONAL,https://maps.google.com/?cid=N/A
N/A,ركن وردة - Rokn Warda,26.2922467,50.185113199999996,restaurant,4.5,2605,OPERATIONAL,https://maps.google.com/?cid=N/A
N/A,Farrouj Abu Alabed,26.2992347,50.179080199999994,restaurant,4,745,OPERATIONAL,https://maps.google.com/?cid=N/A
N/A,Dar Mubarak,26.2837098,50.1810086,restaurant,4.5,4780,OPERATIONAL,https://maps.google.com/?cid=N/A
N/A,STAKT BURGER,26.300039299999998,50.1741296,restaurant,4.4,2501,OPERATIONAL,https://maps.google.com/?cid=N/A
N/A,Lebdah Palace Restaurant,26.3039044,50.1750869,restaurant,4.2,2160,OPERATIONAL,https://maps.google.com/?cid=N/A
N/A,A PLUS,26.299574099999997,50.1739508,restaurant,4.3,1487,OPERATIONAL,https://maps.google.com/?cid=N/A
N/A,Al Rashid Mall,26.2908311,50.1805653,restaurant,4.3,50912,OPERATIONAL,https://maps.google.com/?cid=N/A
N/A,Al Shallal Pastries,26.2910763,50.202858899999995,restaurant,4.4,7833,OPERATIONAL,https://maps.google.com/?cid=N/A
N/A,Shwaiat Al-Khalij,26.290148799999997,50.1941407,restaurant,4.2,4256,OPERATIONAL,https://maps.google.com/?cid=N/A
N/A,Ninar restaurant,26.2883845,50.1887743,restaurant,4.5,9607,OPERATIONAL,https://maps.google.com/?cid=N/A
N/A,Modawar,26.2961365,50.1915905,restaurant,4.2,1907,OPERATIONAL,https://maps.google.com/?cid=N/A
N/A,Madina Restaurant,26.288042299999997,50.188332599999995,restaurant,3.9,9057,OPERATIONAL,https://maps.google.com/?cid=N/A
N/A,Zad al sultan,26.298194499999997,50.1799635,restaurant,4.5,1633,OPERATIONAL,https://maps.google.com/?cid=N/A
N/A,Naranj Damascus Restaurant,26.299179799999997,50.1808875,restaurant,4.2,6648,OPERATIONAL,https://maps.google.com/?cid=N/A
N/A,McDonald's,26.305235,50.196318999999995,restaurant,3.8,3797,OPERATIONAL,https://maps.google.com/?cid=N/A
N/A,PICKUP Burger,26.2981886,50.17803920000001,restaurant,4.6,1017,OPERATIONAL,https://maps.google.com/?cid=N/A
N/A,قصدير | Qasder,26.2990274,50.179080000000006,restaurant,4.2,661,OPERATIONAL,https://maps.google.com/?cid=N/A
N/A,Fawwal Abu Azooz,26.2888535,50.1880004,restaurant,3.9,3462,OPERATIONAL,https://maps.google.com/?cid=N/A
N/A,مطعم حارة ورد |فرع الخبر,26.2846974,50.196128300000005,restaurant,4.7,10269,OPERATIONAL,https://maps.google.com/?cid=N/A
N/A,ركن وردة - Rokn Warda,26.2922467,50.185113199999996,restaurant,4.5,2605,OPERATIONAL,https://maps.google.com/?cid=N/A
N/A,ARCHI ارتشي,26.2986126,50.189802099999994,restaurant,4.3,421,OPERATIONAL,https://maps.google.com/?cid=N/A
N/A,كاس جبن,26.2988103,50.1792869,restaurant,4.4,948,OPERATIONAL,https://maps.google.com/?cid=N/A
N/A,Curry House,26.2833048,50.1922953,restaurant,4.2,924,OPERATIONAL,https://maps.google.com/?cid=N/A
N/A,مطعم بخاري نص سفري الخبر,26.2992754,50.1790671,restaurant,4.6,877,OPERATIONAL,https://maps.google.com/?cid=N/A
N/A,Farrouj Abu Alabed,26.2992347,50.179080199999994,restaurant,4,745,OPERATIONAL,https://maps.google.com/?cid=N/A
N/A,الرومانسية -الخبر | Al romansiah,26.283026,50.201789999999995,restaurant,4,8523,OPERATIONAL,https://maps.google.com/?cid=N/A
N/A,Mama Noura,26.2920753,50.220149,restaurant,4,2475,OPERATIONAL,https://maps.google.com/?cid=N/A
N/A,Wdh Tea,26.2986807,50.219212299999995,restaurant,4.3,1487,OPERATIONAL,https://maps.google.com/?cid=N/A
N/A,Shajarat AlDurr,26.2933374,50.217887,restaurant,4.6,20328,OPERATIONAL,https://maps.google.com/?cid=N/A
N/A,Al Shallal Pastries,26.2910763,50.202858899999995,restaurant,4.4,7833,OPERATIONAL,https://maps.google.com/?cid=N/A
N/A,Azmy,26.295335599999998,50.2184702,restaurant,4.5,2498,OPERATIONAL,https://maps.google.com/?cid=N/A
N/A,Belad Al-Sham,26.2971167,50.215826299999996,restaurant,4.3,8424,OPERATIONAL,https://maps.google.com/?cid=N/A
N/A,KOY & BAKERY HOUSE,26.3041815,50.21124770000001,restaurant,4.4,3017,OPERATIONAL,https://maps.google.com/?cid=N/A
N/A,Shwaiat Al-Khalij,26.290148799999997,50.1941407,restaurant,4.2,4256,OPERATIONAL,https://maps.google.com/?cid=N/A
N/A,Off white,26.2929686,50.2228698,restaurant,4.4,13707,OPERATIONAL,https://maps.google.com/?cid=N/A
N/A,Ayyash,26.2964827,50.218742999999996,restaurant,4.3,2514,OPERATIONAL,https://maps.google.com/?cid=N/A
N/A,Moma’s Garden,26.2994615,50.215795799999995,restaurant,4.7,1381,OPERATIONAL,https://maps.google.com/?cid=N/A
N/A,Shawayyat AlKhaleej,26.2896321,50.2101543,restaurant,4.2,750,OPERATIONAL,https://maps.google.com/?cid=N/A
N/A,باست,26.297347499999997,50.214583499999996,restaurant,4.5,1097,OPERATIONAL,https://maps.google.com/?cid=N/A
N/A,Oi,26.3003454,50.2199405,restaurant,4,2339,OPERATIONAL,https://maps.google.com/?cid=N/A
N/A,مطعم بكي,26.287230599999997,50.2119418,restaurant,4.1,4851,OPERATIONAL,https://maps.google.com/?cid=N/A
N/A,Al Marsah Seafood Restaurant,26.2886109,50.217419199999995,restaurant,4.1,9569,OPERATIONAL,https://maps.google.com/?cid=N/A
N/A,And Salad,26.3030911,50.2017035,restaurant,4.3,2480,OPERATIONAL,https://maps.google.com/?cid=N/A
N/A,Kebba Khobar House,26.2895866,50.2117812,restaurant,4.4,1038,OPERATIONAL,https://maps.google.com/?cid=N/A
N/A,Waha Al Rehab Restaurant,26.2887602,50.2146128,restaurant,4.1,4341,OPERATIONAL,https://maps.google.com/?cid=N/A
N/A,Mama Noura,26.2920753,50.220149,restaurant,4,2475,OPERATIONAL,https://maps.google.com/?cid=N/A
N/A,Wdh Tea,26.2986807,50.219212299999995,restaurant,4.3,1487,OPERATIONAL,https://maps.google.com/?cid=N/A
N/A,Shajarat AlDurr,26.2933374,50.217887,restaurant,4.6,20328,OPERATIONAL,https://maps.google.com/?cid=N/A
N/A,Azmy,26.295335599999998,50.2184702,restaurant,4.5,2498,OPERATIONAL,https://maps.google.com/?cid=N/A
N/A,Belad Al-Sham,26.2971167,50.215826299999996,restaurant,4.3,8424,OPERATIONAL,https://maps.google.com/?cid=N/A
N/A,Off white,26.2929686,50.2228698,restaurant,4.4,13707,OPERATIONAL,https://maps.google.com/?cid=N/A
N/A,Ayyash,26.2964827,50.218742999999996,restaurant,4.3,2514,OPERATIONAL,https://maps.google.com/?cid=N/A
N/A,Oi,26.3003454,50.2199405,restaurant,4,2339,OPERATIONAL,https://maps.google.com/?cid=N/A
N/A,Moma’s Garden,26.2994615,50.215795799999995,restaurant,4.7,1381,OPERATIONAL,https://maps.google.com/?cid=N/A
N/A,باست,26.297347499999997,50.214583499999996,restaurant,4.5,1097,OPERATIONAL,https://maps.google.com/?cid=N/A
N/A,Wahmy Burger,26.304724399999998,50.2233204,restaurant,4.4,3170,OPERATIONAL,https://maps.google.com/?cid=N/A
N/A,Al Marsah Seafood Restaurant,26.2886109,50.217419199999995,restaurant,4.1,9569,OPERATIONAL,https://maps.google.com/?cid=N/A
N/A,Waha Al Rehab Restaurant,26.2887602,50.2146128,restaurant,4.1,4341,OPERATIONAL,https://maps.google.com/?cid=N/A
N/A,The Cheesecake Factory,26.283033,50.219888999999995,restaurant,4.4,6731,OPERATIONAL,https://maps.google.com/?cid=N/A
N/A,Hellenika,26.2818345,50.2220069,restaurant,4.3,1161,OPERATIONAL,https://maps.google.com/?cid=N/A
N/A,Damascus Gate Restaurant,26.297071,50.215250999999995,restaurant,4.1,4147,OPERATIONAL,https://maps.google.com/?cid=N/A
N/A,SULTAN LOUNGE & CAFE,26.2940795,50.2203355,restaurant,4,1221,OPERATIONAL,https://maps.google.com/?cid=N/A
N/A,Macéo,26.282050599999998,50.2222717,restaurant,4.2,2892,OPERATIONAL,https://maps.google.com/?cid=N/A
N/A,مطعم ماما رباب للمأكولات البحرية,26.2953412,50.214615699999996,restaurant,4.4,5006,OPERATIONAL,https://maps.google.com/?cid=N/A
N/A,Dhahran Dining Hall,26.3082371,50.1289825,restaurant,3.9,1650,OPERATIONAL,https://maps.google.com/?cid=N/A
N/A,eat’sy Golf,26.3025023,50.1218702,restaurant,4,265,OPERATIONAL,https://maps.google.com/?cid=N/A
N/A,Tandoori House,26.3039249,50.1297697,restaurant,4,1381,OPERATIONAL,https://maps.google.com/?cid=N/A
N/A,Freshhouse فريش هاوس,26.3091004,50.12839100000001,restaurant,4.5,236,OPERATIONAL,https://maps.google.com/?cid=N/A
N/A,Subway,26.305258799999997,50.129315999999996,restaurant,4.4,112,OPERATIONAL,https://maps.google.com/?cid=N/A
N/A,Operation Falafel Aramco,26.308739799999998,50.129581900000005,restaurant,4.6,341,OPERATIONAL,https://maps.google.com/?cid=N/A
N/A,CHICO | تشيكو,26.3088506,50.1295439,restaurant,4,42,OPERATIONAL,https://maps.google.com/?cid=N/A
N/A,Abo Azoz بوعزوز,26.3159286,50.131614,restaurant,3.1,49,OPERATIONAL,https://maps.google.com/?cid=N/A
N/A,TAKE Steak Burger (Aramco Camp),26.308607499999997,50.1289375,restaurant,4.4,30,OPERATIONAL,https://maps.google.com/?cid=N/A
N/A,Saadeddin Pastry,26.309104299999998,50.128979799999996,restaurant,3.8,41,OPERATIONAL,https://maps.google.com/?cid=N/A
N/A,Malama,26.3109887,50.1316888,restaurant,4.4,5,OPERATIONAL,https://maps.google.com/?cid=N/A
N/A,Munirah Dining Hall,26.316127599999998,50.129307999999995,restaurant,3,4,OPERATIONAL,https://maps.google.com/?cid=N/A
N/A,Lucas Pastaria -Aramco,26.3045933,50.1287253,restaurant,4.7,10,OPERATIONAL,https://maps.google.com/?cid=N/A
N/A,"Greens Restaurant ,Aramco Lulu",26.3089959,50.1285332,restaurant,5,1,OPERATIONAL,https://maps.google.com/?cid=N/A
N/A,Zafi Chicken,26.3042201,50.129474699999996,restaurant,3.9,21,OPERATIONAL,https://maps.google.com/?cid=N/A
N/A,سلم ان لايت Slim ‘n Lite,26.315451799999998,50.1315606,restaurant,5,16,OPERATIONAL,https://maps.google.com/?cid=N/A
N/A,EXPEC & Engineering Dining Hall,26.312317099999998,50.1302216,restaurant,2.3,3,OPERATIONAL,https://maps.google.com/?cid=N/A
N/A,واحد فلافل المنيرة Wahed Falafel Muneera,26.315842999999997,50.1316499,restaurant,4.6,25,OPERATIONAL,https://maps.google.com/?cid=N/A
N/A,Blue Zone,26.316223400000002,50.1193235,restaurant,4,2,OPERATIONAL,https://maps.google.com/?cid=N/A
N/A,Dhahran Dining Hall,26.3082371,50.1289825,restaurant,3.9,1650,OPERATIONAL,https://maps.google.com/?cid=N/A
N/A,Tandoori House,26.3039249,50.1297697,restaurant,4,1381,OPERATIONAL,https://maps.google.com/?cid=N/A
N/A,Freshhouse فريش هاوس,26.3091004,50.12839100000001,restaurant,4.5,236,OPERATIONAL,https://maps.google.com/?cid=N/A
N/A,Subway,26.305258799999997,50.129315999999996,restaurant,4.4,112,OPERATIONAL,https://maps.google.com/?cid=N/A
N/A,Operation Falafel Aramco,26.308739799999998,50.129581900000005,restaurant,4.6,341,OPERATIONAL,https://maps.google.com/?cid=N/A
N/A,McDonald’s,26.314404,50.147499,restaurant,2.9,93,OPERATIONAL,https://maps.google.com/?cid=N/A
N/A,Students Restaurant,26.3104931,50.1446043,restaurant,3.9,860,OPERATIONAL,https://maps.google.com/?cid=N/A
N/A,Tim Hortons,26.309983300000003,50.1366531,restaurant,4.4,125,OPERATIONAL,https://maps.google.com/?cid=N/A
N/A,CHICO | تشيكو,26.3088506,50.1295439,restaurant,4,42,OPERATIONAL,https://maps.google.com/?cid=N/A
N/A,Freshhouse فريش هاوس,26.311577999999997,50.1362658,restaurant,4.4,57,OPERATIONAL,https://maps.google.com/?cid=N/A
N/A,Abo Azoz بوعزوز,26.3159286,50.131614,restaurant,3.1,49,OPERATIONAL,https://maps.google.com/?cid=N/A
N/A,Shatiraty,26.313814299999997,50.1477411,restaurant,4,176,OPERATIONAL,https://maps.google.com/?cid=N/A
N/A,منؤشة الريف,26.314077500000003,50.148084100000005,restaurant,3.9,246,OPERATIONAL,https://maps.google.com/?cid=N/A
N/A,TAKE Steak Burger (Aramco Camp),26.308607499999997,50.1289375,restaurant,4.4,30,OPERATIONAL,https://maps.google.com/?cid=N/A
N/A,Saadeddin Pastry,26.309104299999998,50.128979799999996,restaurant,3.8,41,OPERATIONAL,https://maps.google.com/?cid=N/A
N/A,Burger King - KFU,26.31411,50.14794,restaurant,3.6,183,OPERATIONAL,https://maps.google.com/?cid=N/A
N/A,Shawarma Guys,26.3139373,50.1476231,restaurant,3.8,265,OPERATIONAL,https://maps.google.com/?cid=N/A
N/A,Malama,26.3109887,50.1316888,restaurant,4.4,5,OPERATIONAL,https://maps.google.com/?cid=N/A
N/A,Munirah Dining Hall,26.316127599999998,50.129307999999995,restaurant,3,4,OPERATIONAL,https://maps.google.com/?cid=N/A
N/A,Applebee's,26.3103874,50.168752,restaurant,4.2,2122,OPERATIONAL,https://maps.google.com/?cid=N/A
N/A,بخاري روشاز,26.322230299999998,50.1570198,restaurant,4.3,704,OPERATIONAL,https://maps.google.com/?cid=N/A
N/A,Falafel Dam,26.3224435,50.155479299999996,restaurant,3.7,778,OPERATIONAL,https://maps.google.com/?cid=N/A
N/A,Makbous Express,26.3232213,50.160258999999996,restaurant,4,2484,OPERATIONAL,https://maps.google.com/?cid=N/A
N/A,IKEA Restaurant,26.3097799,50.1680257,restaurant,4.1,3130,OPERATIONAL,https://maps.google.com/?cid=N/A
N/A,Shabab Albukhari Restaurant,26.3229544,50.1620875,restaurant,4.1,907,OPERATIONAL,https://maps.google.com/?cid=N/A
N/A,Moalem Alshami Barbecue,26.322893800000003,50.1588183,restaurant,4.2,609,OPERATIONAL,https://maps.google.com/?cid=N/A
N/A,برغرايززر | Burgerizzr,26.322488,50.155812,restaurant,4.3,1024,OPERATIONAL,https://maps.google.com/?cid=N/A
N/A,Manoosha Alreef,26.322222800000002,50.1568149,restaurant,4.1,1332,OPERATIONAL,https://maps.google.com/?cid=N/A
N/A,Lahza,26.3232352,50.1612021,restaurant,4.1,291,OPERATIONAL,https://maps.google.com/?cid=N/A
N/A,كراي Cry,26.322488699999997,50.1555846,restaurant,3.6,125,OPERATIONAL,https://maps.google.com/?cid=N/A
N/A,The Specialist,26.3229082,50.158876299999996,restaurant,4.3,563,OPERATIONAL,https://maps.google.com/?cid=N/A
N/A,Falafel Pie,26.3222792,50.157525199999995,restaurant,4,225,OPERATIONAL,https://maps.google.com/?cid=N/A
N/A,Days Burger,26.322439400000004,50.155547999999996,restaurant,4.7,1745,OPERATIONAL,https://maps.google.com/?cid=N/A
N/A,مطعم ومطبخ دانه - Dana Catering,26.3230687,50.1600068,restaurant,4,249,OPERATIONAL,https://maps.google.com/?cid=N/A
N/A,Bake Home,26.322719799999998,50.159113299999994,restaurant,4.1,390,OPERATIONAL,https://maps.google.com/?cid=N/A
N/A,معجنات نسائم الشام,26.322925299999998,50.1589162,restaurant,4.4,178,OPERATIONAL,https://maps.google.com/?cid=N/A
N/A,Kufa,26.3003292,50.1484667,restaurant,4.2,3233,OPERATIONAL,https://maps.google.com/?cid=N/A
N/A,BurgerFuel Amwaj Mall,26.310474499999998,50.168963399999996,restaurant,4.3,1734,OPERATIONAL,https://maps.google.com/?cid=N/A
N/A,The Peak Dhahran | ذا بيك الظهران,26.317497399999997,50.1673494,restaurant,3.9,131,OPERATIONAL,https://maps.google.com/?cid=N/A
N/A,Albaik,26.3088308,50.1738323,restaurant,3.7,1680,OPERATIONAL,https://maps.google.com/?cid=N/A
N/A,Parker's,26.307287799999997,50.1782967,restaurant,4,8824,OPERATIONAL,https://maps.google.com/?cid=N/A
N/A,BLANCA بلانكا,26.3059251,50.1832442,restaurant,4.5,4393,OPERATIONAL,https://maps.google.com/?cid=N/A
N/A,Fatte w Snobar,26.304639899999998,50.180399699999995,restaurant,4.2,15307,OPERATIONAL,https://maps.google.com/?cid=N/A
N/A,Al Rafidain,26.2992785,50.1755372,restaurant,4.5,2812,OPERATIONAL,https://maps.google.com/?cid=N/A
N/A,The Peak,26.307668999999997,50.1806854,restaurant,4.5,7562,OPERATIONAL,https://maps.google.com/?cid=N/A
N/A,Kokoro,26.3050826,50.1783032,restaurant,4.6,2242,OPERATIONAL,https://maps.google.com/?cid=N/A
N/A,Burger Site,26.2991541,50.175814599999995,restaurant,4.3,7191,OPERATIONAL,https://maps.google.com/?cid=N/A
N/A,Boofiya Omar,26.303219,50.1761646,restaurant,4.4,589,OPERATIONAL,https://maps.google.com/?cid=N/A
N/A,ILFIGO,26.305891,50.1836176,restaurant,4.1,2400,OPERATIONAL,https://maps.google.com/?cid=N/A
N/A,Public,26.3082444,50.1780493,restaurant,4.7,1677,OPERATIONAL,https://maps.google.com/?cid=N/A
N/A,Lebdah Palace Restaurant,26.3039044,50.1750869,restaurant,4.2,2160,OPERATIONAL,https://maps.google.com/?cid=N/A
N/A,STAKT BURGER,26.300039299999998,50.1741296,restaurant,4.4,2501,OPERATIONAL,https://maps.google.com/?cid=N/A
N/A,LMK,26.3076203,50.1808174,restaurant,4.5,1154,OPERATIONAL,https://maps.google.com/?cid=N/A
N/A,Applebee's,26.3103874,50.168752,restaurant,4.2,2122,OPERATIONAL,https://maps.google.com/?cid=N/A
N/A,A PLUS,26.299574099999997,50.1739508,restaurant,4.3,1487,OPERATIONAL,https://maps.google.com/?cid=N/A
N/A,Section-B,26.306384299999998,50.1833083,restaurant,4.3,2055,OPERATIONAL,https://maps.google.com/?cid=N/A
N/A,Deep Fries,26.302717599999998,50.1809839,restaurant,4.6,1635,OPERATIONAL,https://maps.google.com/?cid=N/A
N/A,Urth Caffe,26.3174247,50.203582,restaurant,4.2,3132,OPERATIONAL,https://maps.google.com/?cid=N/A
N/A,Parker's,26.307287799999997,50.1782967,restaurant,4,8824,OPERATIONAL,https://maps.google.com/?cid=N/A
N/A,BLANCA بلانكا,26.3059251,50.1832442,restaurant,4.5,4393,OPERATIONAL,https://maps.google.com/?cid=N/A
N/A,McDonald's,26.305235,50.196318999999995,restaurant,3.8,3797,OPERATIONAL,https://maps.google.com/?cid=N/A
N/A,Fatte w Snobar,26.304639899999998,50.180399699999995,restaurant,4.2,15307,OPERATIONAL,https://maps.google.com/?cid=N/A
N/A,The Peak,26.307668999999997,50.1806854,restaurant,4.5,7562,OPERATIONAL,https://maps.google.com/?cid=N/A
N/A,Kokoro,26.3050826,50.1783032,restaurant,4.6,2242,OPERATIONAL,https://maps.google.com/?cid=N/A
N/A,And Salad,26.3030911,50.2017035,restaurant,4.3,2480,OPERATIONAL,https://maps.google.com/?cid=N/A
N/A,San Carlo Cicchetti - سان كارلو,26.317356999999998,50.2038298,restaurant,4,1827,OPERATIONAL,https://maps.google.com/?cid=N/A
N/A,ILFIGO,26.305891,50.1836176,restaurant,4.1,2400,OPERATIONAL,https://maps.google.com/?cid=N/A
N/A,Public,26.3082444,50.1780493,restaurant,4.7,1677,OPERATIONAL,https://maps.google.com/?cid=N/A
N/A,ARCHI ارتشي,26.2986126,50.189802099999994,restaurant,4.3,421,OPERATIONAL,https://maps.google.com/?cid=N/A
N/A,Waraq 3nb Station,26.3059512,50.190455,restaurant,4.4,1176,OPERATIONAL,https://maps.google.com/?cid=N/A
N/A,LMK,26.3076203,50.1808174,restaurant,4.5,1154,OPERATIONAL,https://maps.google.com/?cid=N/A
N/A,Doro Pizzeria,26.3169984,50.2034685,restaurant,4,1956,OPERATIONAL,https://maps.google.com/?cid=N/A
N/A,Section-B,26.306384299999998,50.1833083,restaurant,4.3,2055,OPERATIONAL,https://maps.google.com/?cid=N/A
N/A,The Cuts Urban Kitchen,26.305489899999998,50.1939962,restaurant,4.1,3066,OPERATIONAL,https://maps.google.com/?cid=N/A
N/A,Shawarmer | شاورمر,26.304383899999998,50.197972400000005,restaurant,4,3183,OPERATIONAL,https://maps.google.com/?cid=N/A
N/A,Deep Fries,26.302717599999998,50.1809839,restaurant,4.6,1635,OPERATIONAL,https://maps.google.com/?cid=N/A
N/A,OAKBERRY Acai,26.3052063,50.1947742,restaurant,4.4,415,OPERATIONAL,https://maps.google.com/?cid=N/A
N/A,Urth Caffe,26.3174247,50.203582,restaurant,4.2,3132,OPERATIONAL,https://maps.google.com/?cid=N/A
N/A,KOY & BAKERY HOUSE,26.3041815,50.21124770000001,restaurant,4.4,3017,OPERATIONAL,https://maps.google.com/?cid=N/A
N/A,The Pantry Restaurant,26.3090409,50.2148706,restaurant,4.4,3515,OPERATIONAL,https://maps.google.com/?cid=N/A
N/A,Sucre de Nada - سكر الندى,26.314968399999998,50.212457799999996,restaurant,4,931,OPERATIONAL,https://maps.google.com/?cid=N/A
N/A,OffTheEarth,26.3119351,50.2171357,restaurant,4.5,968,OPERATIONAL,https://maps.google.com/?cid=N/A
N/A,Sandwich Faqeer,26.312128700000002,50.21759360000001,restaurant,3.5,1451,OPERATIONAL,https://maps.google.com/?cid=N/A
N/A,McDonald's,26.305235,50.196318999999995,restaurant,3.8,3797,OPERATIONAL,https://maps.google.com/?cid=N/A
N/A,And Salad,26.3030911,50.2017035,restaurant,4.3,2480,OPERATIONAL,https://maps.google.com/?cid=N/A
N/A,ARCHI,26.309453599999998,50.222403199999995,restaurant,4,1415,OPERATIONAL,https://maps.google.com/?cid=N/A
N/A,San Carlo Cicchetti - سان كارلو,26.317356999999998,50.2038298,restaurant,4,1827,OPERATIONAL,https://maps.google.com/?cid=N/A
N/A,Nakhat Alsharq,26.302198699999998,50.21111930000001,restaurant,4.1,3972,OPERATIONAL,https://maps.google.com/?cid=N/A
N/A,La Gioia Restaurant | مطعم لاجويا,26.309310099999998,50.2210517,restaurant,4.2,1259,OPERATIONAL,https://maps.google.com/?cid=N/A
N/A,OMYO BURGER اوميو همبرجر,26.2987212,50.2101751,restaurant,4.5,863,OPERATIONAL,https://maps.google.com/?cid=N/A
N/A,First Flavor Restaurant,26.2997305,50.2149144,restaurant,4.1,906,OPERATIONAL,https://maps.google.com/?cid=N/A
N/A,Aghatti Restaurant,26.3181527,50.2034148,restaurant,4.4,3204,OPERATIONAL,https://maps.google.com/?cid=N/A
N/A,Baytoti | بيتوتي,26.30359,50.205507,restaurant,4.6,3968,OPERATIONAL,https://maps.google.com/?cid=N/A
N/A,Sikka Karak,26.300733200000003,50.2149289,restaurant,4.3,1136,OPERATIONAL,https://maps.google.com/?cid=N/A
N/A,Doro Pizzeria,26.3169984,50.2034685,restaurant,4,1956,OPERATIONAL,https://maps.google.com/?cid=N/A
N/A,KAMAJ Restaurant مطعم كماج,26.303087599999998,50.2114469,restaurant,4.3,963,OPERATIONAL,https://maps.google.com/?cid=N/A
N/A,مقهى ومحمصة اودن | OUDEN,26.321353799999997,50.2216774,restaurant,4.3,1397,OPERATIONAL,https://maps.google.com/?cid=N/A
N/A,PlCKUP Burger,26.3078981,50.2240548,restaurant,4.6,1978,OPERATIONAL,https://maps.google.com/?cid=N/A
N/A,Lumee,26.30706,50.225012199999995,restaurant,4.6,3324,OPERATIONAL,https://maps.google.com/?cid=N/A
N/A,The Pantry Restaurant,26.3090409,50.2148706,restaurant,4.4,3515,OPERATIONAL,https://maps.google.com/?cid=N/A
N/A,Tazaj,26.3185802,50.223019699999995,restaurant,3.5,1051,OPERATIONAL,https://maps.google.com/?cid=N/A
N/A,Sucre de Nada - سكر الندى,26.314968399999998,50.212457799999996,restaurant,4,931,OPERATIONAL,https://maps.google.com/?cid=N/A
N/A,OffTheEarth,26.3119351,50.2171357,restaurant,4.5,968,OPERATIONAL,https://maps.google.com/?cid=N/A
N/A,Sandwich Faqeer,26.312128700000002,50.21759360000001,restaurant,3.5,1451,OPERATIONAL,https://maps.google.com/?cid=N/A
N/A,Oi,26.3003454,50.2199405,restaurant,4,2339,OPERATIONAL,https://maps.google.com/?cid=N/A
N/A,Wahmy Burger,26.304724399999998,50.2233204,restaurant,4.4,3170,OPERATIONAL,https://maps.google.com/?cid=N/A
N/A,Swiss Butter - Corniche Park,26.3072859,50.2249457,restaurant,4.6,2048,OPERATIONAL,https://maps.google.com/?cid=N/A
N/A,ARCHI,26.309453599999998,50.222403199999995,restaurant,4,1415,OPERATIONAL,https://maps.google.com/?cid=N/A
N/A,مطعم بيراديز الهندي Peradiz Indian Restaurant,26.3196707,50.221830999999995,restaurant,4.8,3014,OPERATIONAL,https://maps.google.com/?cid=N/A
N/A,La Gioia Restaurant | مطعم لاجويا,26.309310099999998,50.2210517,restaurant,4.2,1259,OPERATIONAL,https://maps.google.com/?cid=N/A
N/A,Fatto,26.3072794,50.2250488,restaurant,4.6,4527,OPERATIONAL,https://maps.google.com/?cid=N/A
N/A,Meat Moot Khobar,26.321809800000004,50.221050299999995,restaurant,4.7,2395,OPERATIONAL,https://maps.google.com/?cid=N/A
N/A,AL DENTE,26.316677499999997,50.2230284,restaurant,4.5,2385,OPERATIONAL,https://maps.google.com/?cid=N/A
N/A,Burger Site,26.3076672,50.224112999999996,restaurant,4.6,2193,OPERATIONAL,https://maps.google.com/?cid=N/A
N/A,عم سمير بتاع الفطير,26.3046364,50.223317200000004,restaurant,4.6,4437,OPERATIONAL,https://maps.google.com/?cid=N/A
N/A,شاورمجي الادارة,26.341466399999998,50.085060299999995,restaurant,No rating,No reviews,OPERATIONAL,https://maps.google.com/?cid=N/A
N/A,باست ارامكو,26.327547799999998,50.109365999999994,restaurant,5,1,OPERATIONAL,https://maps.google.com/?cid=N/A
N/A,Jon & Vinny's Ithra,26.3345393,50.1218606,restaurant,4.4,345,OPERATIONAL,https://maps.google.com/?cid=N/A
N/A,Pizza Bar By IOI,26.3389375,50.120062499999996,restaurant,4.2,401,OPERATIONAL,https://maps.google.com/?cid=N/A
N/A,Shatiraty,26.335640899999998,50.131484199999996,restaurant,4.2,512,OPERATIONAL,https://maps.google.com/?cid=N/A
N/A,Cantina by pattis,26.334987299999998,50.1199711,restaurant,2.9,16,OPERATIONAL,https://maps.google.com/?cid=N/A
N/A,Pattis Ithra Library,26.3356875,50.120437499999994,restaurant,2.9,17,OPERATIONAL,https://maps.google.com/?cid=N/A
N/A,باست ارامكو,26.327547799999998,50.109365999999994,restaurant,5,1,OPERATIONAL,https://maps.google.com/?cid=N/A
N/A,Blue Zone,26.316223400000002,50.1193235,restaurant,4,2,OPERATIONAL,https://maps.google.com/?cid=N/A
N/A,فراي إن قو إثراء أرامكو,26.3351569,50.1220681,restaurant,5,1,OPERATIONAL,https://maps.google.com/?cid=N/A
N/A,المطعم الصومالي,26.3331561,50.1483688,restaurant,4.3,929,OPERATIONAL,https://maps.google.com/?cid=N/A
N/A,Eastern Wall Restaurant | 达曼中餐馆 مطعم السور الشرقي,26.333299099999998,50.149716299999994,restaurant,4.1,417,OPERATIONAL,https://maps.google.com/?cid=N/A
N/A,مطعم ومطبخ دانه - Dana Catering,26.337405699999998,50.1463738,restaurant,4.1,771,OPERATIONAL,https://maps.google.com/?cid=N/A
N/A,Shatiraty,26.335640899999998,50.131484199999996,restaurant,4.2,512,OPERATIONAL,https://maps.google.com/?cid=N/A
N/A,Buffet Baba Nawaf,26.3334545,50.1487269,restaurant,4,424,OPERATIONAL,https://maps.google.com/?cid=N/A
N/A,أو مطعم المنظره Foal Al Dana,26.3335135,50.1480961,restaurant,3.9,828,OPERATIONAL,https://maps.google.com/?cid=N/A
N/A,Chick-ed تشيك-اد,26.3330356,50.1488294,restaurant,4.6,466,OPERATIONAL,https://maps.google.com/?cid=N/A
N/A,بوفيه زاويه الأمين,26.332293099999998,50.145072600000006,restaurant,3.5,32,OPERATIONAL,https://maps.google.com/?cid=N/A
N/A,Chineese Noodle,26.333226099999997,50.1497397,restaurant,3.9,26,OPERATIONAL,https://maps.google.com/?cid=N/A
N/A,Subway,26.334944699999998,50.1324964,restaurant,3.9,11,OPERATIONAL,https://maps.google.com/?cid=N/A
N/A,Aramco's Dining Hall,26.328165,50.138017999999995,restaurant,4,4,OPERATIONAL,https://maps.google.com/?cid=N/A
N/A,Ninja Store,26.3274257,50.1511207,restaurant,3.5,6,OPERATIONAL,https://maps.google.com/?cid=N/A
N/A,Snackbar,26.327082299999997,50.1369003,restaurant,5,2,OPERATIONAL,https://maps.google.com/?cid=N/A
N/A,Rayg,26.323335099999998,50.1618637,restaurant,4.1,3922,OPERATIONAL,https://maps.google.com/?cid=N/A
N/A,Mozon Restaurant,26.323583199999998,50.1634999,restaurant,3.9,4458,OPERATIONAL,https://maps.google.com/?cid=N/A
N/A,McDonald's,26.33201,50.151145,restaurant,3.8,4272,OPERATIONAL,https://maps.google.com/?cid=N/A
N/A,Goat Diner,26.331380799999998,50.1618614,restaurant,4.3,2536,OPERATIONAL,https://maps.google.com/?cid=N/A
N/A,Yasumi Ramen Shop Dhahran -‎ يسومي رامن الظهران,26.3394574,50.152420899999996,restaurant,4.3,1215,OPERATIONAL,https://maps.google.com/?cid=N/A
N/A,بخاري روشاز,26.322230299999998,50.1570198,restaurant,4.3,704,OPERATIONAL,https://maps.google.com/?cid=N/A
N/A,Five Guys,26.3390886,50.152854,restaurant,4,596,OPERATIONAL,https://maps.google.com/?cid=N/A
N/A,Medar Gulf Seafood,26.325449700000004,50.1665662,restaurant,4.1,2408,OPERATIONAL,https://maps.google.com/?cid=N/A
N/A,Falafel Dam,26.3224435,50.155479299999996,restaurant,3.7,778,OPERATIONAL,https://maps.google.com/?cid=N/A
N/A,Makbous Express,26.3232213,50.160258999999996,restaurant,4,2484,OPERATIONAL,https://maps.google.com/?cid=N/A
N/A,Al Jeddawi Restaurant,26.3234909,50.162791299999995,restaurant,3.9,2580,OPERATIONAL,https://maps.google.com/?cid=N/A
N/A,Shabab Albukhari Restaurant,26.3229544,50.1620875,restaurant,4.1,907,OPERATIONAL,https://maps.google.com/?cid=N/A
N/A,المطعم الصومالي,26.3331561,50.1483688,restaurant,4.3,929,OPERATIONAL,https://maps.google.com/?cid=N/A
N/A,60 Grams,26.3314359,50.162262999999996,restaurant,4.6,606,OPERATIONAL,https://maps.google.com/?cid=N/A
N/A,Burger King - Doha,26.330621999999998,50.163213,restaurant,4,1188,OPERATIONAL,https://maps.google.com/?cid=N/A
N/A,Moalem Alshami Barbecue,26.322893800000003,50.1588183,restaurant,4.2,609,OPERATIONAL,https://maps.google.com/?cid=N/A
N/A,برغرايززر | Burgerizzr,26.322488,50.155812,restaurant,4.3,1024,OPERATIONAL,https://maps.google.com/?cid=N/A
N/A,Manoosha Alreef,26.322222800000002,50.1568149,restaurant,4.1,1332,OPERATIONAL,https://maps.google.com/?cid=N/A
N/A,Eastern Wall Restaurant | 达曼中餐馆 مطعم السور الشرقي,26.333299099999998,50.149716299999994,restaurant,4.1,417,OPERATIONAL,https://maps.google.com/?cid=N/A
N/A,Villaggio Restaurants Village,26.3279391,50.179853699999995,restaurant,4.4,9231,OPERATIONAL,https://maps.google.com/?cid=N/A
N/A,Rayg,26.323335099999998,50.1618637,restaurant,4.1,3922,OPERATIONAL,https://maps.google.com/?cid=N/A
N/A,Mozon Restaurant,26.323583199999998,50.1634999,restaurant,3.9,4458,OPERATIONAL,https://maps.google.com/?cid=N/A
N/A,Goat Diner,26.331380799999998,50.1618614,restaurant,4.3,2536,OPERATIONAL,https://maps.google.com/?cid=N/A
N/A,Medar Gulf Seafood,26.325449700000004,50.1665662,restaurant,4.1,2408,OPERATIONAL,https://maps.google.com/?cid=N/A
N/A,Queen of India,26.3281733,50.1800457,restaurant,4.2,3307,OPERATIONAL,https://maps.google.com/?cid=N/A
N/A,Al Jeddawi Restaurant,26.3234909,50.162791299999995,restaurant,3.9,2580,OPERATIONAL,https://maps.google.com/?cid=N/A
N/A,Makbous Express,26.3232213,50.160258999999996,restaurant,4,2484,OPERATIONAL,https://maps.google.com/?cid=N/A
N/A,Shabab Albukhari Restaurant,26.3229544,50.1620875,restaurant,4.1,907,OPERATIONAL,https://maps.google.com/?cid=N/A
N/A,60 Grams,26.3314359,50.162262999999996,restaurant,4.6,606,OPERATIONAL,https://maps.google.com/?cid=N/A
N/A,Burger King - Doha,26.330621999999998,50.163213,restaurant,4,1188,OPERATIONAL,https://maps.google.com/?cid=N/A
N/A,Thermo Steakhouse,26.3281094,50.1798352,restaurant,4.4,2298,OPERATIONAL,https://maps.google.com/?cid=N/A
N/A,Barn's | بارنز,26.3227222,50.1797506,restaurant,4.3,702,OPERATIONAL,https://maps.google.com/?cid=N/A
N/A,هندسة المعصوب,26.3266152,50.1670899,restaurant,4.6,1013,OPERATIONAL,https://maps.google.com/?cid=N/A
N/A,Oasis Cafe & Lounge,26.3331992,50.1808413,restaurant,3.7,210,OPERATIONAL,https://maps.google.com/?cid=N/A
N/A,Kudu - Doha Center,26.323722099999998,50.1648165,restaurant,3.7,1218,OPERATIONAL,https://maps.google.com/?cid=N/A
N/A,Lahza,26.3232352,50.1612021,restaurant,4.1,291,OPERATIONAL,https://maps.google.com/?cid=N/A
N/A,KFC,26.330446799999997,50.1627988,restaurant,3.9,765,OPERATIONAL,https://maps.google.com/?cid=N/A
N/A,مطعم عنجر للمعجنات والشاورما Anjar Restaurant,26.3235229,50.163081,restaurant,4.1,452,OPERATIONAL,https://maps.google.com/?cid=N/A
N/A,Villaggio Restaurants Village,26.3279391,50.179853699999995,restaurant,4.4,9231,OPERATIONAL,https://maps.google.com/?cid=N/A
N/A,MALAMA | مالاما,26.3372958,50.201901,restaurant,4.5,1531,OPERATIONAL,https://maps.google.com/?cid=N/A
N/A,Biscotti,26.3386689,50.1918866,restaurant,4.2,2338,OPERATIONAL,https://maps.google.com/?cid=N/A
N/A,OVVIO,26.3183859,50.194120999999996,restaurant,4.4,127,OPERATIONAL,https://maps.google.com/?cid=N/A
N/A,Madame Banquet,26.334127799999997,50.188708299999995,restaurant,3.9,1117,OPERATIONAL,https://maps.google.com/?cid=N/A
N/A,Queen of India,26.3281733,50.1800457,restaurant,4.2,3307,OPERATIONAL,https://maps.google.com/?cid=N/A
N/A,"Popeyes - Adnoc, King Fahad Rd.",26.338487999999998,50.198448000000006,restaurant,4.6,720,OPERATIONAL,https://maps.google.com/?cid=N/A
N/A,Thermo Steakhouse,26.3281094,50.1798352,restaurant,4.4,2298,OPERATIONAL,https://maps.google.com/?cid=N/A
N/A,Spread,26.3372286,50.2016595,restaurant,4.2,737,OPERATIONAL,https://maps.google.com/?cid=N/A
N/A,Barn's | بارنز,26.3227222,50.1797506,restaurant,4.3,702,OPERATIONAL,https://maps.google.com/?cid=N/A
N/A,Los Chavos Tacos,26.3373943,50.2014953,restaurant,4.4,942,OPERATIONAL,https://maps.google.com/?cid=N/A
N/A,Oasis Cafe & Lounge,26.3331992,50.1808413,restaurant,3.7,210,OPERATIONAL,https://maps.google.com/?cid=N/A
N/A,Caesar 7,26.328836499999998,50.1807881,restaurant,4.8,474,OPERATIONAL,https://maps.google.com/?cid=N/A
N/A,Herfy,26.334194,50.1798311,restaurant,3.7,748,OPERATIONAL,https://maps.google.com/?cid=N/A
N/A,Crazy Pizza,26.328431199999997,50.1819346,restaurant,4.6,610,OPERATIONAL,https://maps.google.com/?cid=N/A
N/A,ADNOC Service Station | Qurtuba District 1 (2019),26.3383637,50.198210599999996,restaurant,4.5,60,OPERATIONAL,https://maps.google.com/?cid=N/A
N/A,Puro Salad,26.3183392,50.1941373,restaurant,4.6,119,OPERATIONAL,https://maps.google.com/?cid=N/A
N/A,Set Kafa,26.3281071,50.180371799999996,restaurant,3.7,1004,OPERATIONAL,https://maps.google.com/?cid=N/A
N/A,هارديز,26.3240215,50.1798295,restaurant,4,214,OPERATIONAL,https://maps.google.com/?cid=N/A
N/A,Wallflower,26.3279516,50.1801667,restaurant,4.5,560,OPERATIONAL,https://maps.google.com/?cid=N/A
N/A,Urth Caffe,26.3174247,50.203582,restaurant,4.2,3132,OPERATIONAL,https://maps.google.com/?cid=N/A
N/A,Soldout Restaurant® مطعم سولد اوت,26.338647299999998,50.20875600000001,restaurant,4.7,7043,OPERATIONAL,https://maps.google.com/?cid=N/A
N/A,MALAMA | مالاما,26.3372958,50.201901,restaurant,4.5,1531,OPERATIONAL,https://maps.google.com/?cid=N/A
N/A,San Carlo Cicchetti - سان كارلو,26.317356999999998,50.2038298,restaurant,4,1827,OPERATIONAL,https://maps.google.com/?cid=N/A
N/A,Aghatti Restaurant,26.3181527,50.2034148,restaurant,4.4,3204,OPERATIONAL,https://maps.google.com/?cid=N/A
N/A,McDonald's,26.329109,50.213575999999996,restaurant,3.9,2734,OPERATIONAL,https://maps.google.com/?cid=N/A
N/A,Takara Restaurant ® مطعم تاكارا,26.321277,50.2200522,restaurant,4.7,4808,OPERATIONAL,https://maps.google.com/?cid=N/A
N/A,Doro Pizzeria,26.3169984,50.2034685,restaurant,4,1956,OPERATIONAL,https://maps.google.com/?cid=N/A
N/A,Evoo,26.3175785,50.204001,restaurant,4.2,2183,OPERATIONAL,https://maps.google.com/?cid=N/A
N/A,Seven,26.3264377,50.2127401,restaurant,4.2,3212,OPERATIONAL,https://maps.google.com/?cid=N/A
N/A,Meat at Tony's,26.3167648,50.203629799999995,restaurant,4,1081,OPERATIONAL,https://maps.google.com/?cid=N/A
N/A,SALATA | سلاته,26.3190225,50.2079728,restaurant,4.2,1043,OPERATIONAL,https://maps.google.com/?cid=N/A
N/A,HOUSE OF AGAPI,26.3177053,50.203983699999995,restaurant,4.7,1872,OPERATIONAL,https://maps.google.com/?cid=N/A
N/A,"Popeyes - Adnoc, King Fahad Rd.",26.338487999999998,50.198448000000006,restaurant,4.6,720,OPERATIONAL,https://maps.google.com/?cid=N/A
N/A,ARCHI,26.328346699999997,50.2138995,restaurant,4.3,209,OPERATIONAL,https://maps.google.com/?cid=N/A
N/A,The Breakfast Club,26.3301064,50.212715599999996,restaurant,4.1,2283,OPERATIONAL,https://maps.google.com/?cid=N/A
N/A,KORK,26.3199623,50.216707,restaurant,4.5,1592,OPERATIONAL,https://maps.google.com/?cid=N/A
N/A,ثندر THNDR l,26.3193618,50.207308999999995,restaurant,4.1,506,OPERATIONAL,https://maps.google.com/?cid=N/A
N/A,Barn's | بارنز,26.32004,50.216398,restaurant,4.3,103,OPERATIONAL,https://maps.google.com/?cid=N/A
N/A,Spread,26.3372286,50.2016595,restaurant,4.2,737,OPERATIONAL,https://maps.google.com/?cid=N/A
N/A,SALT,26.335142299999998,50.2257871,restaurant,3.9,9538,OPERATIONAL,https://maps.google.com/?cid=N/A
N/A,مقهى ومحمصة اودن | OUDEN,26.321353799999997,50.2216774,restaurant,4.3,1397,OPERATIONAL,https://maps.google.com/?cid=N/A
N/A,Tazaj,26.3185802,50.223019699999995,restaurant,3.5,1051,OPERATIONAL,https://maps.google.com/?cid=N/A
N/A,Meat Moot Khobar,26.321809800000004,50.221050299999995,restaurant,4.7,2395,OPERATIONAL,https://maps.google.com/?cid=N/A
N/A,مطعم بيراديز الهندي Peradiz Indian Restaurant,26.3196707,50.221830999999995,restaurant,4.8,3014,OPERATIONAL,https://maps.google.com/?cid=N/A
N/A,AL DENTE,26.316677499999997,50.2230284,restaurant,4.5,2385,OPERATIONAL,https://maps.google.com/?cid=N/A
N/A,Takara Restaurant ® مطعم تاكارا,26.321277,50.2200522,restaurant,4.7,4808,OPERATIONAL,https://maps.google.com/?cid=N/A
N/A,Fattah & Snober Restaurant,26.3200118,50.222648199999995,restaurant,4.4,4664,OPERATIONAL,https://maps.google.com/?cid=N/A
N/A,McDonald's,26.329109,50.213575999999996,restaurant,3.9,2734,OPERATIONAL,https://maps.google.com/?cid=N/A
N/A,Umbrella restaurant - Alkhobar,26.3194178,50.221860899999996,restaurant,4.6,903,OPERATIONAL,https://maps.google.com/?cid=N/A
N/A,Seven,26.3264377,50.2127401,restaurant,4.2,3212,OPERATIONAL,https://maps.google.com/?cid=N/A
N/A,ADNOC Service Station | Khobar Corniche (2071),26.3187456,50.2229266,restaurant,4.2,178,OPERATIONAL,https://maps.google.com/?cid=N/A
N/A,BRK Burger,26.321175399999998,50.2216464,restaurant,4.5,618,OPERATIONAL,https://maps.google.com/?cid=N/A
N/A,سلايدركود Slider Code,26.3195694,50.222797,restaurant,4.1,468,OPERATIONAL,https://maps.google.com/?cid=N/A
N/A,Hard Eight Burger | هارد ايت برجر,26.3178057,50.2231692,restaurant,4.7,1109,OPERATIONAL,https://maps.google.com/?cid=N/A
N/A,Naya Daur,26.319848699999998,50.2217187,restaurant,4.5,2024,OPERATIONAL,https://maps.google.com/?cid=N/A
N/A,Zankil,26.3179245,50.222933399999995,restaurant,4.4,2695,OPERATIONAL,https://maps.google.com/?cid=N/A
N/A,The Butcher Shop & Grill,26.3195224,50.221849999999996,restaurant,4.5,3526,OPERATIONAL,https://maps.google.com/?cid=N/A
N/A,ARCHI,26.328346699999997,50.2138995,restaurant,4.3,209,OPERATIONAL,https://maps.google.com/?cid=N/A
N/A,Krusty Krab,26.3357724,50.2755447,restaurant,4.4,30,OPERATIONAL,https://maps.google.com/?cid=N/A
N/A,Krusty Krab,26.3357724,50.2755447,restaurant,4.4,30,OPERATIONAL,https://maps.google.com/?cid=N/A
N/A,Al Maluh Restaurants,26.3556189,50.061169299999996,restaurant,3.8,1335,OPERATIONAL,https://maps.google.com/?cid=N/A
N/A,Abu Hilal Restaurants,26.3586027,50.0634284,restaurant,4,1794,OPERATIONAL,https://maps.google.com/?cid=N/A
N/A,King Maktoom' Restaurant,26.3539784,50.071345099999995,restaurant,4.3,679,OPERATIONAL,https://maps.google.com/?cid=N/A
N/A,Sandwich Faqeer,26.358737299999998,50.0635701,restaurant,3.1,346,OPERATIONAL,https://maps.google.com/?cid=N/A
N/A,AlAsr AlHadith Restaurant,26.3589222,50.064051199999994,restaurant,4.2,1697,OPERATIONAL,https://maps.google.com/?cid=N/A
N/A,Fillfilah Restaurant فلفلة,26.350672499999998,50.0509438,restaurant,3.5,2675,OPERATIONAL,https://maps.google.com/?cid=N/A
N/A,Mathghout Hashikum,26.3599981,50.0657832,restaurant,3.9,1479,OPERATIONAL,https://maps.google.com/?cid=N/A
N/A,مطعم بيت الباشوات ‏الفاخرية,26.359379999999998,50.0671384,restaurant,4.1,1008,OPERATIONAL,https://maps.google.com/?cid=N/A
N/A,Qasser Al-Madhbi,26.3482897,50.0497094,restaurant,3.8,714,OPERATIONAL,https://maps.google.com/?cid=N/A
N/A,McDonald's,26.349902,50.051781999999996,restaurant,3.1,1079,OPERATIONAL,https://maps.google.com/?cid=N/A
N/A,فلافل عكار,26.348667,50.0504487,restaurant,4.4,413,OPERATIONAL,https://maps.google.com/?cid=N/A
N/A,Dar Hira Restaurant,26.3582933,50.0629566,restaurant,4.1,287,OPERATIONAL,https://maps.google.com/?cid=N/A
N/A,فوال نور الصباح,26.3560625,50.0701875,restaurant,3.8,964,OPERATIONAL,https://maps.google.com/?cid=N/A
N/A,Al Basel Broasted -بروست الباسل,26.359403,50.0647139,restaurant,3.7,242,OPERATIONAL,https://maps.google.com/?cid=N/A
N/A,Lazona,26.3491504,50.0507183,restaurant,4,189,OPERATIONAL,https://maps.google.com/?cid=N/A
N/A,مطاعم الرمانة,26.350263899999998,50.050263799999996,restaurant,4.1,153,OPERATIONAL,https://maps.google.com/?cid=N/A
N/A,جباتي وكرك (هبشة),26.348855,50.0507893,restaurant,4.6,232,OPERATIONAL,https://maps.google.com/?cid=N/A
N/A,ميرلوس للمأكولات البحرية والهندية,26.3544381,50.0770142,restaurant,4.9,561,OPERATIONAL,https://maps.google.com/?cid=N/A
N/A,Maestro Pizza,26.349515999999998,50.0513865,restaurant,4,136,OPERATIONAL,https://maps.google.com/?cid=N/A
N/A,Faqsah,26.3448928,50.051294399999996,restaurant,4.4,505,OPERATIONAL,https://maps.google.com/?cid=N/A
N/A,King Maktoom' Restaurant,26.3539784,50.071345099999995,restaurant,4.3,679,OPERATIONAL,https://maps.google.com/?cid=N/A
N/A,معجنات الوصيد الشعله Alwaseed Restaurant Alshala,26.3426883,50.0790038,restaurant,4,412,OPERATIONAL,https://maps.google.com/?cid=N/A
N/A,ميرلوس للمأكولات البحرية والهندية,26.3544381,50.0770142,restaurant,4.9,561,OPERATIONAL,https://maps.google.com/?cid=N/A
N/A,Mofattah Afandi Restaurant,26.351097300000003,50.0942903,restaurant,4.3,270,OPERATIONAL,https://maps.google.com/?cid=N/A
N/A,مطاعم شعبيات القوافل,26.350982199999997,50.093665099999996,restaurant,4.3,277,OPERATIONAL,https://maps.google.com/?cid=N/A
N/A,برجر مشوي على الفحم,26.356455699999998,50.0764041,restaurant,3.9,146,OPERATIONAL,https://maps.google.com/?cid=N/A
N/A,بيت شرق,26.3510189,50.0934795,restaurant,4.5,242,OPERATIONAL,https://maps.google.com/?cid=N/A
N/A,مطعم فايف للمشويات الشعله,26.351022399999998,50.0938443,restaurant,4.2,129,OPERATIONAL,https://maps.google.com/?cid=N/A
N/A,دواجن الفاخرية,26.349946799999998,50.0738315,restaurant,4.1,35,OPERATIONAL,https://maps.google.com/?cid=N/A
N/A,Al-Sharqya Al-Bokhary Restaurant,26.353556599999997,50.0718262,restaurant,3.8,137,OPERATIONAL,https://maps.google.com/?cid=N/A
N/A,Barn's | بارنز,26.358683,50.0749212,restaurant,4.3,88,OPERATIONAL,https://maps.google.com/?cid=N/A
N/A,BD Broasted بروستد,26.353307500000003,50.0719012,restaurant,4.3,71,OPERATIONAL,https://maps.google.com/?cid=N/A
N/A,Gezzar Grills Restourant مطعم مشويات الجزار,26.3512161,50.0941666,restaurant,4.3,114,OPERATIONAL,https://maps.google.com/?cid=N/A
N/A,كفتيريا منى الدوسري,26.3564617,50.076482899999995,restaurant,3.7,42,OPERATIONAL,https://maps.google.com/?cid=N/A
N/A,WAOBAO,26.3442293,50.0897411,restaurant,3.1,22,OPERATIONAL,https://maps.google.com/?cid=N/A
N/A,فوال صباح الخير الأفغاني,26.350960699999998,50.0935997,restaurant,3.4,23,OPERATIONAL,https://maps.google.com/?cid=N/A
N/A,بوفية مذاق الشعله,26.355309899999998,50.070960199999995,restaurant,3.7,21,OPERATIONAL,https://maps.google.com/?cid=N/A
N/A,بوفية أكله هنية,26.344120699999998,50.0776901,restaurant,3.3,47,OPERATIONAL,https://maps.google.com/?cid=N/A
N/A,مخبز و فوال نور الصباح,26.3542184,50.0771794,restaurant,3.7,26,OPERATIONAL,https://maps.google.com/?cid=N/A
N/A,بوفية طعمية بدر,26.353746899999997,50.0982468,restaurant,4.3,607,OPERATIONAL,https://maps.google.com/?cid=N/A
N/A,مطاعم شواية سماء الخليج,26.353398,50.097332,restaurant,3.9,672,OPERATIONAL,https://maps.google.com/?cid=N/A
N/A,Mofattah Afandi Restaurant,26.351097300000003,50.0942903,restaurant,4.3,270,OPERATIONAL,https://maps.google.com/?cid=N/A
N/A,بوفيه جاز,26.3537441,50.0982671,restaurant,4.4,290,OPERATIONAL,https://maps.google.com/?cid=N/A
N/A,ماي دومي - MY DOMI حي الفاخرية - الشعلة,26.3526688,50.0963906,restaurant,4.6,74,OPERATIONAL,https://maps.google.com/?cid=N/A
N/A,مطاعم شعبيات القوافل,26.350982199999997,50.093665099999996,restaurant,4.3,277,OPERATIONAL,https://maps.google.com/?cid=N/A
N/A,بيت شرق,26.3510189,50.0934795,restaurant,4.5,242,OPERATIONAL,https://maps.google.com/?cid=N/A
N/A,Barn's | بارنز,26.354257399999998,50.0996351,restaurant,4.5,180,OPERATIONAL,https://maps.google.com/?cid=N/A
N/A,بوفية سد الفاخرية1,26.354138199999998,50.0992294,restaurant,4.1,316,OPERATIONAL,https://maps.google.com/?cid=N/A
N/A,مطعم فايف للمشويات الشعله,26.351022399999998,50.0938443,restaurant,4.2,129,OPERATIONAL,https://maps.google.com/?cid=N/A
N/A,بروستد زاد الأسطورة Legendary Broasted,26.355547299999998,50.099209599999995,restaurant,4.4,155,OPERATIONAL,https://maps.google.com/?cid=N/A
N/A,Gezzar Grills Restourant مطعم مشويات الجزار,26.3512161,50.0941666,restaurant,4.3,114,OPERATIONAL,https://maps.google.com/?cid=N/A
N/A,WAOBAO,26.3442293,50.0897411,restaurant,3.1,22,OPERATIONAL,https://maps.google.com/?cid=N/A
N/A,فوال صباح الخير الأفغاني,26.350960699999998,50.0935997,restaurant,3.4,23,OPERATIONAL,https://maps.google.com/?cid=N/A
N/A,Leen Kitchen,26.3442967,50.089876200000006,restaurant,3.8,4,OPERATIONAL,https://maps.google.com/?cid=N/A
N/A,Mo3allem shawarma,26.344256299999998,50.0898243,restaurant,2.7,6,OPERATIONAL,https://maps.google.com/?cid=N/A
N/A,بوفية الويبز,26.349981099999997,50.0926439,restaurant,5,1,OPERATIONAL,https://maps.google.com/?cid=N/A
N/A,دوشا كيتشن,26.3522332,50.0949288,restaurant,5,5,OPERATIONAL,https://maps.google.com/?cid=N/A
N/A,My INDOMI,26.3522401,50.0947812,restaurant,5,2,OPERATIONAL,https://maps.google.com/?cid=N/A
N/A,Jon & Vinny's Ithra,26.3345393,50.1218606,restaurant,4.4,345,OPERATIONAL,https://maps.google.com/?cid=N/A
N/A,Pizza Bar By IOI,26.3389375,50.120062499999996,restaurant,4.2,401,OPERATIONAL,https://maps.google.com/?cid=N/A
N/A,Tasty Catering,26.349946799999998,50.1330822,restaurant,3.5,92,OPERATIONAL,https://maps.google.com/?cid=N/A
N/A,مطعم دوسه للوجبات السريعه Indian Resturant,26.3499396,50.1325548,restaurant,4.3,19,OPERATIONAL,https://maps.google.com/?cid=N/A
N/A,Cantina by pattis,26.334987299999998,50.1199711,restaurant,2.9,16,OPERATIONAL,https://maps.google.com/?cid=N/A
N/A,Pattis Ithra Library,26.3356875,50.120437499999994,restaurant,2.9,17,OPERATIONAL,https://maps.google.com/?cid=N/A
N/A,فراي إن قو إثراء أرامكو,26.3351569,50.1220681,restaurant,5,1,OPERATIONAL,https://maps.google.com/?cid=N/A
N/A,8 Portions Pizza,26.3436412,50.147852099999994,restaurant,4.6,8960,OPERATIONAL,https://maps.google.com/?cid=N/A
N/A,Al Mumtaz Restaurant,26.346219899999998,50.1362835,restaurant,4,1941,OPERATIONAL,https://maps.google.com/?cid=N/A
N/A,McDonald's,26.348571999999997,50.143153999999996,restaurant,3.8,2805,OPERATIONAL,https://maps.google.com/?cid=N/A
N/A,Shawarma Teef,26.344683,50.1383715,restaurant,4.2,951,OPERATIONAL,https://maps.google.com/?cid=N/A
N/A,Qurb cafe,26.348195600000004,50.1411429,restaurant,4.8,340,OPERATIONAL,https://maps.google.com/?cid=N/A
N/A,Tasty Toast,26.347089099999998,50.1444268,restaurant,4.1,463,OPERATIONAL,https://maps.google.com/?cid=N/A
N/A,Beit Misk Restaurant,26.346280399999998,50.145006300000006,restaurant,3.8,4511,OPERATIONAL,https://maps.google.com/?cid=N/A
N/A,Party Box,26.3445212,50.1450469,restaurant,4.3,934,OPERATIONAL,https://maps.google.com/?cid=N/A
N/A,Shawarmer | شاورمر,26.3479813,50.1432989,restaurant,4.6,1463,OPERATIONAL,https://maps.google.com/?cid=N/A
N/A,Al Lahib,26.3445005,50.1450556,restaurant,4,1535,OPERATIONAL,https://maps.google.com/?cid=N/A
N/A,KFC,26.347421299999997,50.143959599999995,restaurant,3.7,1217,OPERATIONAL,https://maps.google.com/?cid=N/A
N/A,شاورمجي | SHAWERMAGY,26.3482313,50.1433567,restaurant,4.1,1171,OPERATIONAL,https://maps.google.com/?cid=N/A
N/A,KILO KABAB,26.3473561,50.1441734,restaurant,4.1,881,OPERATIONAL,https://maps.google.com/?cid=N/A
N/A,مطعم بخاري غير,26.345477,50.1370642,restaurant,4.2,132,OPERATIONAL,https://maps.google.com/?cid=N/A
N/A,Bawan Broasted,26.3463137,50.1368418,restaurant,4,965,OPERATIONAL,https://maps.google.com/?cid=N/A
N/A,Hamburgini هامبرغيني - Al Qusur,26.348366199999997,50.1431921,restaurant,3.9,308,OPERATIONAL,https://maps.google.com/?cid=N/A
N/A,Tokuzo,26.3458788,50.1455749,restaurant,4.1,1053,OPERATIONAL,https://maps.google.com/?cid=N/A
N/A,Mishwar Express,26.344902500000003,50.146580199999995,restaurant,3.4,738,OPERATIONAL,https://maps.google.com/?cid=N/A
N/A,Casapasta | كازاباستا,26.348161899999997,50.14342380000001,restaurant,4,360,OPERATIONAL,https://maps.google.com/?cid=N/A
N/A,جاوي سريع Jawi Express,26.348763899999998,50.1336739,restaurant,4.4,420,OPERATIONAL,https://maps.google.com/?cid=N/A
N/A,8 Portions Pizza,26.3436412,50.147852099999994,restaurant,4.6,8960,OPERATIONAL,https://maps.google.com/?cid=N/A
N/A,McDonald's,26.348571999999997,50.143153999999996,restaurant,3.8,2805,OPERATIONAL,https://maps.google.com/?cid=N/A
N/A,Yasumi Ramen Shop Dhahran -‎ يسومي رامن الظهران,26.3394574,50.152420899999996,restaurant,4.3,1215,OPERATIONAL,https://maps.google.com/?cid=N/A
N/A,Five Guys,26.3390886,50.152854,restaurant,4,596,OPERATIONAL,https://maps.google.com/?cid=N/A
N/A,Qurb cafe,26.348195600000004,50.1411429,restaurant,4.8,340,OPERATIONAL,https://maps.google.com/?cid=N/A
N/A,Tasty Toast,26.347089099999998,50.1444268,restaurant,4.1,463,OPERATIONAL,https://maps.google.com/?cid=N/A
N/A,Beit Misk Restaurant,26.346280399999998,50.145006300000006,restaurant,3.8,4511,OPERATIONAL,https://maps.google.com/?cid=N/A
N/A,Party Box,26.3445212,50.1450469,restaurant,4.3,934,OPERATIONAL,https://maps.google.com/?cid=N/A
N/A,Shawarmer | شاورمر,26.3479813,50.1432989,restaurant,4.6,1463,OPERATIONAL,https://maps.google.com/?cid=N/A
N/A,سالدوتش | Saldwich,26.3390567,50.152676500000005,restaurant,4.2,377,OPERATIONAL,https://maps.google.com/?cid=N/A
N/A,Al Lahib,26.3445005,50.1450556,restaurant,4,1535,OPERATIONAL,https://maps.google.com/?cid=N/A
N/A,KFC,26.347421299999997,50.143959599999995,restaurant,3.7,1217,OPERATIONAL,https://maps.google.com/?cid=N/A
N/A,شاورمجي | SHAWERMAGY,26.3482313,50.1433567,restaurant,4.1,1171,OPERATIONAL,https://maps.google.com/?cid=N/A
N/A,KILO KABAB,26.3473561,50.1441734,restaurant,4.1,881,OPERATIONAL,https://maps.google.com/?cid=N/A
N/A,Hamburgini هامبرغيني - Al Qusur,26.348366199999997,50.1431921,restaurant,3.9,308,OPERATIONAL,https://maps.google.com/?cid=N/A
N/A,Novanta Pizza,26.3389608,50.152532799999996,restaurant,4.7,919,OPERATIONAL,https://maps.google.com/?cid=N/A
N/A,Tokuzo,26.3458788,50.1455749,restaurant,4.1,1053,OPERATIONAL,https://maps.google.com/?cid=N/A
N/A,Mishwar Express,26.344902500000003,50.146580199999995,restaurant,3.4,738,OPERATIONAL,https://maps.google.com/?cid=N/A
N/A,Casapasta | كازاباستا,26.348161899999997,50.14342380000001,restaurant,4,360,OPERATIONAL,https://maps.google.com/?cid=N/A
N/A,مطعم ومطبخ دانه - Dana Catering,26.337405699999998,50.1463738,restaurant,4.1,771,OPERATIONAL,https://maps.google.com/?cid=N/A
N/A,Bell’evento,26.3437308,50.1845061,restaurant,4.8,3641,OPERATIONAL,https://maps.google.com/?cid=N/A
N/A,Munch Bakery,26.3437347,50.1845035,restaurant,4.1,301,OPERATIONAL,https://maps.google.com/?cid=N/A
N/A,Sala Pizza,26.3426774,50.181902799999996,restaurant,4.1,1188,OPERATIONAL,https://maps.google.com/?cid=N/A
N/A,نمط Namat Health Kitchen,26.342651,50.1818716,restaurant,4.2,263,OPERATIONAL,https://maps.google.com/?cid=N/A
N/A,Green Apple Pie,26.3440238,50.1628151,restaurant,4.1,250,OPERATIONAL,https://maps.google.com/?cid=N/A
N/A,Saturn Bakery,26.3444282,50.1854185,restaurant,4.8,164,OPERATIONAL,https://maps.google.com/?cid=N/A
N/A,Wadi AlSur AlBokhari Restaurant,26.3373127,50.1663704,restaurant,3.6,294,OPERATIONAL,https://maps.google.com/?cid=N/A
N/A,Qaal,26.3428574,50.18232820000001,restaurant,4.3,496,OPERATIONAL,https://maps.google.com/?cid=N/A
N/A,We! Burgers,26.3426859,50.181876599999995,restaurant,3.3,72,OPERATIONAL,https://maps.google.com/?cid=N/A
N/A,دوار مشراق,26.344364199999998,50.1853852,restaurant,4.2,35,OPERATIONAL,https://maps.google.com/?cid=N/A
N/A,بوفية,26.3442837,50.179630599999996,restaurant,4.1,18,OPERATIONAL,https://maps.google.com/?cid=N/A
N/A,Yummie noodles | يم مي نودلز,26.342679999999998,50.1818563,restaurant,3.2,23,OPERATIONAL,https://maps.google.com/?cid=N/A
N/A,مخبز وفوال الرباط,26.338136199999997,50.165544,restaurant,2.7,16,OPERATIONAL,https://maps.google.com/?cid=N/A
N/A,مطعم ديار الكرام,26.3379169,50.166408,restaurant,5,1,OPERATIONAL,https://maps.google.com/?cid=N/A
N/A,بازار النكهات/Flavor's bazzar,26.344344699999997,50.185406099999994,restaurant,4.5,2,OPERATIONAL,https://maps.google.com/?cid=N/A
N/A,Joe's Bakery,26.343711600000002,50.2033132,restaurant,4.3,3943,OPERATIONAL,https://maps.google.com/?cid=N/A
N/A,Webrew Coffee Roasters,26.343417199999998,50.2031579,restaurant,4.4,1729,OPERATIONAL,https://maps.google.com/?cid=N/A
N/A,Bell’evento,26.3437308,50.1845061,restaurant,4.8,3641,OPERATIONAL,https://maps.google.com/?cid=N/A
N/A,Biscotti,26.3386689,50.1918866,restaurant,4.2,2338,OPERATIONAL,https://maps.google.com/?cid=N/A
N/A,Raising Cane's,26.3454318,50.1961674,restaurant,4.4,4188,OPERATIONAL,https://maps.google.com/?cid=N/A
N/A,ليوباردو Leopardo,26.350304599999998,50.1952891,restaurant,4.4,4025,OPERATIONAL,https://maps.google.com/?cid=N/A
N/A,McDonald's,26.359828000000004,50.189654000000004,restaurant,3.9,3654,OPERATIONAL,https://maps.google.com/?cid=N/A
N/A,AL Shallal Pastry,26.3438834,50.2036318,restaurant,4,572,OPERATIONAL,https://maps.google.com/?cid=N/A
N/A,Nice Bun,26.343879299999998,50.2042712,restaurant,4.3,705,OPERATIONAL,https://maps.google.com/?cid=N/A
N/A,The Wings Club,26.3439512,50.2037604,restaurant,4.4,633,OPERATIONAL,https://maps.google.com/?cid=N/A
N/A,Lghawees,26.3439204,50.2036447,restaurant,3.8,5412,OPERATIONAL,https://maps.google.com/?cid=N/A
N/A,UPSTAIRS,26.3433775,50.2032281,restaurant,4.3,442,OPERATIONAL,https://maps.google.com/?cid=N/A
N/A,Scatola,26.343883500000004,50.2036319,restaurant,4.3,887,OPERATIONAL,https://maps.google.com/?cid=N/A
N/A,Munch Bakery,26.3437347,50.1845035,restaurant,4.1,301,OPERATIONAL,https://maps.google.com/?cid=N/A
N/A,Madame Banquet,26.334127799999997,50.188708299999995,restaurant,3.9,1117,OPERATIONAL,https://maps.google.com/?cid=N/A
N/A,"Popeyes - Adnoc, King Fahad Rd.",26.338487999999998,50.198448000000006,restaurant,4.6,720,OPERATIONAL,https://maps.google.com/?cid=N/A
N/A,Abs Kitchen أبز كيتشن الراكة,26.343895,50.2036575,restaurant,4.3,875,OPERATIONAL,https://maps.google.com/?cid=N/A
N/A,Shawarmer | شاورمر,26.359553299999998,50.1882801,restaurant,4,3187,OPERATIONAL,https://maps.google.com/?cid=N/A
N/A,Dunkin' Donuts,26.359581499999997,50.1883863,restaurant,4.1,435,OPERATIONAL,https://maps.google.com/?cid=N/A
N/A,Casapasta | كازاباستا,26.3599203,50.1892631,restaurant,4,664,OPERATIONAL,https://maps.google.com/?cid=N/A
N/A,Soldout Restaurant® مطعم سولد اوت,26.338647299999998,50.20875600000001,restaurant,4.7,7043,OPERATIONAL,https://maps.google.com/?cid=N/A
N/A,Joe's Bakery,26.343711600000002,50.2033132,restaurant,4.3,3943,OPERATIONAL,https://maps.google.com/?cid=N/A
N/A,Webrew Coffee Roasters,26.343417199999998,50.2031579,restaurant,4.4,1729,OPERATIONAL,https://maps.google.com/?cid=N/A
N/A,MALAMA | مالاما,26.3372958,50.201901,restaurant,4.5,1531,OPERATIONAL,https://maps.google.com/?cid=N/A
N/A,Ziba Restaurant ® مطعم زيبا,26.3507422,50.2113997,restaurant,4.6,5079,OPERATIONAL,https://maps.google.com/?cid=N/A
N/A,Raising Cane's,26.3454318,50.1961674,restaurant,4.4,4188,OPERATIONAL,https://maps.google.com/?cid=N/A
N/A,ليوباردو Leopardo,26.350304599999998,50.1952891,restaurant,4.4,4025,OPERATIONAL,https://maps.google.com/?cid=N/A
N/A,AL Shallal Pastry,26.3438834,50.2036318,restaurant,4,572,OPERATIONAL,https://maps.google.com/?cid=N/A
N/A,Nice Bun,26.343879299999998,50.2042712,restaurant,4.3,705,OPERATIONAL,https://maps.google.com/?cid=N/A
N/A,تشكي تشيز | Chuck E Cheese,26.356091,50.20865,restaurant,4.3,3337,OPERATIONAL,https://maps.google.com/?cid=N/A
N/A,Uplift,26.3518871,50.210944999999995,restaurant,4.2,1313,OPERATIONAL,https://maps.google.com/?cid=N/A
N/A,The Wings Club,26.3439512,50.2037604,restaurant,4.4,633,OPERATIONAL,https://maps.google.com/?cid=N/A
N/A,Lghawees,26.3439204,50.2036447,restaurant,3.8,5412,OPERATIONAL,https://maps.google.com/?cid=N/A
N/A,Scatola,26.343883500000004,50.2036319,restaurant,4.3,887,OPERATIONAL,https://maps.google.com/?cid=N/A
N/A,UPSTAIRS,26.3433775,50.2032281,restaurant,4.3,442,OPERATIONAL,https://maps.google.com/?cid=N/A
N/A,YAAS,26.360678999999998,50.2067803,restaurant,4.5,1196,OPERATIONAL,https://maps.google.com/?cid=N/A
N/A,F6or Faris,26.3528761,50.2111199,restaurant,4,1373,OPERATIONAL,https://maps.google.com/?cid=N/A
N/A,Maya,26.3507906,50.2116355,restaurant,4.6,913,OPERATIONAL,https://maps.google.com/?cid=N/A
N/A,Bistro,26.351026899999997,50.2119086,restaurant,4,409,OPERATIONAL,https://maps.google.com/?cid=N/A
N/A,El Panero Restaurant,26.352779599999998,50.2113641,restaurant,4.7,371,OPERATIONAL,https://maps.google.com/?cid=N/A
N/A,SALT,26.335142299999998,50.2257871,restaurant,3.9,9538,OPERATIONAL,https://maps.google.com/?cid=N/A
N/A,Bistro,26.351026899999997,50.2119086,restaurant,4,409,OPERATIONAL,https://maps.google.com/?cid=N/A
N/A,ستيج برجر Stage Burger,26.3511441,50.2119686,restaurant,4.4,399,OPERATIONAL,https://maps.google.com/?cid=N/A
N/A,Joe & The Juice,26.3347287,50.2260543,restaurant,4.7,159,OPERATIONAL,https://maps.google.com/?cid=N/A
N/A,Krusty Krab,26.3357724,50.2755447,restaurant,4.4,30,OPERATIONAL,https://maps.google.com/?cid=N/A
N/A,Shwaiat Al-Khalij,26.366772899999997,50.068476600000004,restaurant,4.2,5350,OPERATIONAL,https://maps.google.com/?cid=N/A
N/A,Cart Restaurant مطعم كارت,26.376441099999997,50.0611651,restaurant,4.6,2879,OPERATIONAL,https://maps.google.com/?cid=N/A
N/A,88PORT | ٨٨ بورت,26.3699172,50.0574764,restaurant,4.4,2444,OPERATIONAL,https://maps.google.com/?cid=N/A
N/A,مشويات ملتقي الرافدين - حي طيبة,26.3620907,50.0689742,restaurant,4.7,8166,OPERATIONAL,https://maps.google.com/?cid=N/A
N/A,Al Maluh Restaurants,26.3556189,50.061169299999996,restaurant,3.8,1335,OPERATIONAL,https://maps.google.com/?cid=N/A
N/A,McDonald's,26.366403,50.069747,restaurant,3.5,3415,OPERATIONAL,https://maps.google.com/?cid=N/A
N/A,Abu Hilal Restaurants,26.3586027,50.0634284,restaurant,4,1794,OPERATIONAL,https://maps.google.com/?cid=N/A
N/A,فروج ابوالعبد,26.3768206,50.0608731,restaurant,3.8,1661,OPERATIONAL,https://maps.google.com/?cid=N/A
N/A,Fareej Al Mubarakia,26.3764211,50.0612687,restaurant,4.1,5491,OPERATIONAL,https://maps.google.com/?cid=N/A
N/A,AL Shallal Pastry,26.366140899999998,50.0755249,restaurant,4.3,641,OPERATIONAL,https://maps.google.com/?cid=N/A
N/A,Qasr Al Ratem,26.3650247,50.0736248,restaurant,4,4795,OPERATIONAL,https://maps.google.com/?cid=N/A
N/A,Broasted Karam,26.362676699999998,50.069976999999994,restaurant,4,3263,OPERATIONAL,https://maps.google.com/?cid=N/A
N/A,Sandwich Faqeer,26.358737299999998,50.0635701,restaurant,3.1,346,OPERATIONAL,https://maps.google.com/?cid=N/A
N/A,King Maktoom' Restaurant,26.3539784,50.071345099999995,restaurant,4.3,679,OPERATIONAL,https://maps.google.com/?cid=N/A
N/A,Tashbia'a,26.3698214,50.0575555,restaurant,4.7,3428,OPERATIONAL,https://maps.google.com/?cid=N/A
N/A,Biryani Athawaqa Restaurant (Al Shula District) مطعم برياني الذواقة - حي الشعلة,26.365190899999998,50.076249499999996,restaurant,4.1,1398,OPERATIONAL,https://maps.google.com/?cid=N/A
N/A,Sama Deeraty Restaurant Taybah,26.370489499999998,50.0566278,restaurant,3.8,3113,OPERATIONAL,https://maps.google.com/?cid=N/A
N/A,Tea Time FAISALIYA,26.376551100000004,50.0610947,restaurant,4.2,2067,OPERATIONAL,https://maps.google.com/?cid=N/A
N/A,AlAsr AlHadith Restaurant,26.3589222,50.064051199999994,restaurant,4.2,1697,OPERATIONAL,https://maps.google.com/?cid=N/A
N/A,فوال ابو عزوز,26.378261,50.059625499999996,restaurant,4,1021,OPERATIONAL,https://maps.google.com/?cid=N/A
N/A,Shwaiat Al-Khalij,26.366772899999997,50.068476600000004,restaurant,4.2,5350,OPERATIONAL,https://maps.google.com/?cid=N/A
N/A,LLAMA,26.3665579,50.0939111,restaurant,4.5,3287,OPERATIONAL,https://maps.google.com/?cid=N/A
N/A,مطعم عصيدة و مرق,26.3719327,50.0868433,restaurant,4.2,1780,OPERATIONAL,https://maps.google.com/?cid=N/A
N/A,مشويات ملتقي الرافدين - حي طيبة,26.3620907,50.0689742,restaurant,4.7,8166,OPERATIONAL,https://maps.google.com/?cid=N/A
N/A,McDonald's,26.366403,50.069747,restaurant,3.5,3415,OPERATIONAL,https://maps.google.com/?cid=N/A
N/A,AL Shallal Pastry,26.366140899999998,50.0755249,restaurant,4.3,641,OPERATIONAL,https://maps.google.com/?cid=N/A
N/A,Qasr Al Ratem,26.3650247,50.0736248,restaurant,4,4795,OPERATIONAL,https://maps.google.com/?cid=N/A
N/A,Umbrella - Dammam,26.376071999999997,50.088830099999996,restaurant,4.3,2332,OPERATIONAL,https://maps.google.com/?cid=N/A
N/A,Al Mumtaz Restaurant,26.3717352,50.0865201,restaurant,4.1,2621,OPERATIONAL,https://maps.google.com/?cid=N/A
N/A,Broasted Karam,26.362676699999998,50.069976999999994,restaurant,4,3263,OPERATIONAL,https://maps.google.com/?cid=N/A
N/A,حنيذ عمر | Hanith Omar,26.3654022,50.0948944,restaurant,3.8,1295,OPERATIONAL,https://maps.google.com/?cid=N/A
N/A,Milan Way Cafe and Restaurant,26.366882999999998,50.093657099999994,restaurant,4.2,2332,OPERATIONAL,https://maps.google.com/?cid=N/A
N/A,Nabil's Maqlooba,26.3714203,50.0859168,restaurant,4.3,1387,OPERATIONAL,https://maps.google.com/?cid=N/A
N/A,Biryani Athawaqa Restaurant (Al Shula District) مطعم برياني الذواقة - حي الشعلة,26.365190899999998,50.076249499999996,restaurant,4.1,1398,OPERATIONAL,https://maps.google.com/?cid=N/A
N/A,Modawar | كافتريا مدور,26.3708693,50.0945634,restaurant,4.3,673,OPERATIONAL,https://maps.google.com/?cid=N/A
N/A,Masterpieces Sea Waves,26.363332999999997,50.0710335,restaurant,4.5,4286,OPERATIONAL,https://maps.google.com/?cid=N/A
N/A,Zwarah Restaurant,26.366435000000003,50.0940113,restaurant,4.5,703,OPERATIONAL,https://maps.google.com/?cid=N/A
N/A,شاورما سنع الدمام,26.3708822,50.0851452,restaurant,4.2,673,OPERATIONAL,https://maps.google.com/?cid=N/A
N/A,Tikka n’ Go,26.3685337,50.0922663,restaurant,4.5,1482,OPERATIONAL,https://maps.google.com/?cid=N/A
N/A,Sikkat Karak,26.366277699999998,50.075632999999996,restaurant,4.3,1095,OPERATIONAL,https://maps.google.com/?cid=N/A
N/A,LLAMA,26.3665579,50.0939111,restaurant,4.5,3287,OPERATIONAL,https://maps.google.com/?cid=N/A
N/A,حنيذ عمر | Hanith Omar,26.3654022,50.0948944,restaurant,3.8,1295,OPERATIONAL,https://maps.google.com/?cid=N/A
N/A,Milan Way Cafe and Restaurant,26.366882999999998,50.093657099999994,restaurant,4.2,2332,OPERATIONAL,https://maps.google.com/?cid=N/A
N/A,بوفية طعمية بدر,26.353746899999997,50.0982468,restaurant,4.3,607,OPERATIONAL,https://maps.google.com/?cid=N/A
N/A,Modawar | كافتريا مدور,26.3708693,50.0945634,restaurant,4.3,673,OPERATIONAL,https://maps.google.com/?cid=N/A
N/A,Zwarah Restaurant,26.366435000000003,50.0940113,restaurant,4.5,703,OPERATIONAL,https://maps.google.com/?cid=N/A
N/A,Tikka n’ Go,26.3685337,50.0922663,restaurant,4.5,1482,OPERATIONAL,https://maps.google.com/?cid=N/A
N/A,The Peak,26.371358599999997,50.0896446,restaurant,4.5,687,OPERATIONAL,https://maps.google.com/?cid=N/A
N/A,مطعم فوال تراث مأرب,26.3738328,50.1029036,restaurant,4.4,732,OPERATIONAL,https://maps.google.com/?cid=N/A
N/A,مطاعم شواية سماء الخليج,26.353398,50.097332,restaurant,3.9,672,OPERATIONAL,https://maps.google.com/?cid=N/A
N/A,سلايت برجر Slight Burger,26.3708653,50.094704799999995,restaurant,4.8,407,OPERATIONAL,https://maps.google.com/?cid=N/A
N/A,Healthy spoon,26.3707772,50.0945466,restaurant,4.7,133,OPERATIONAL,https://maps.google.com/?cid=N/A
N/A,Subway,26.371522,50.089794999999995,restaurant,4.2,254,OPERATIONAL,https://maps.google.com/?cid=N/A
N/A,بوفيه جاز,26.3537441,50.0982671,restaurant,4.4,290,OPERATIONAL,https://maps.google.com/?cid=N/A
N/A,ماي دومي - MY DOMI حي الفاخرية - الشعلة,26.3526688,50.0963906,restaurant,4.6,74,OPERATIONAL,https://maps.google.com/?cid=N/A
N/A,Qamosh قَموش,26.365309500000002,50.0950059,restaurant,3.4,91,OPERATIONAL,https://maps.google.com/?cid=N/A
N/A,Barn's | بارنز,26.354257399999998,50.0996351,restaurant,4.5,180,OPERATIONAL,https://maps.google.com/?cid=N/A
N/A,شاورما سمير,26.3714005,50.0896091,restaurant,4,594,OPERATIONAL,https://maps.google.com/?cid=N/A
N/A,Chef & Beef,26.365429799999998,50.0947561,restaurant,4.7,354,OPERATIONAL,https://maps.google.com/?cid=N/A
N/A,مطعم بوابه البخاري,26.3730422,50.1004377,restaurant,3.3,266,OPERATIONAL,https://maps.google.com/?cid=N/A
N/A,MALAMA | مالاما,26.3729829,50.120540899999995,restaurant,4.3,193,OPERATIONAL,https://maps.google.com/?cid=N/A
N/A,Saladay سالاداي,26.376045899999998,50.1224546,restaurant,4.2,329,OPERATIONAL,https://maps.google.com/?cid=N/A
N/A,Kudu - Hajer District - Dammam,26.3745291,50.1194941,restaurant,3.9,353,OPERATIONAL,https://maps.google.com/?cid=N/A
N/A,Ronaldo’s Pizza رونالدوز بيتزا,26.376328899999997,50.122990099999996,restaurant,3.9,347,OPERATIONAL,https://maps.google.com/?cid=N/A
N/A,مطعم الرواق الشامي للمشويات والمعجنات,26.3723775,50.123807,restaurant,3.7,336,OPERATIONAL,https://maps.google.com/?cid=N/A
N/A,Griddle - جريدل,26.3762987,50.122353499999996,restaurant,3.9,82,OPERATIONAL,https://maps.google.com/?cid=N/A
N/A,Friends Burger فريندز برجر,26.3730893,50.126309,restaurant,4.8,335,OPERATIONAL,https://maps.google.com/?cid=N/A
N/A,بوفية الخير الطازج,26.3752052,50.1185681,restaurant,3.9,110,OPERATIONAL,https://maps.google.com/?cid=N/A
N/A,بوفية أصل المختصين,26.3754369,50.1130377,restaurant,4.2,32,OPERATIONAL,https://maps.google.com/?cid=N/A
N/A,شاورما على المزاج,26.375994799999997,50.1231399,restaurant,3.4,80,OPERATIONAL,https://maps.google.com/?cid=N/A
N/A,بوفية لذيذ واطعم,26.3756209,50.1228901,restaurant,4.2,44,OPERATIONAL,https://maps.google.com/?cid=N/A
N/A,مطعم كواتم النزهة البخاري,26.372496899999998,50.123436299999995,restaurant,2.4,49,OPERATIONAL,https://maps.google.com/?cid=N/A
N/A,مطعم طلة جبل للوجبات السريعة,26.3721979,50.123879099999996,restaurant,4.7,49,OPERATIONAL,https://maps.google.com/?cid=N/A
N/A,آيس الحفرة ice cukur,26.3730175,50.1269561,restaurant,5,30,OPERATIONAL,https://maps.google.com/?cid=N/A
N/A,بوفية المختص,26.3751961,50.1185471,restaurant,4.4,12,OPERATIONAL,https://maps.google.com/?cid=N/A
N/A,بوفيه,26.369933699999997,50.105529,restaurant,5,15,OPERATIONAL,https://maps.google.com/?cid=N/A
N/A,إستراحة الشبعان للسندوتشات والوجبات الخفيفة,26.375954399999998,50.111279499999995,restaurant,4.5,11,OPERATIONAL,https://maps.google.com/?cid=N/A
N/A,سندوتشات المختص,26.375541799999997,50.118767,restaurant,4,4,OPERATIONAL,https://maps.google.com/?cid=N/A
N/A,Come to Momma,26.3712449,50.1395786,restaurant,4.5,4402,OPERATIONAL,https://maps.google.com/?cid=N/A
N/A,مطعم الرواق الشامي للمشويات والمعجنات,26.3723775,50.123807,restaurant,3.7,336,OPERATIONAL,https://maps.google.com/?cid=N/A
N/A,Friends Burger فريندز برجر,26.3730893,50.126309,restaurant,4.8,335,OPERATIONAL,https://maps.google.com/?cid=N/A
N/A,Gaslamp restaurant,26.3712449,50.1395872,restaurant,3.5,17,OPERATIONAL,https://maps.google.com/?cid=N/A
N/A,Velvet Rose | أسر منتجة | ورق عنب,26.356340900000003,50.131928099999996,restaurant,4.5,14,OPERATIONAL,https://maps.google.com/?cid=N/A
N/A,آيس الحفرة ice cukur,26.3730175,50.1269561,restaurant,5,30,OPERATIONAL,https://maps.google.com/?cid=N/A
N/A,مطعم طلة جبل للوجبات السريعة,26.3721979,50.123879099999996,restaurant,4.7,49,OPERATIONAL,https://maps.google.com/?cid=N/A
N/A,مطعم كواتم النزهة البخاري,26.372496899999998,50.123436299999995,restaurant,2.4,49,OPERATIONAL,https://maps.google.com/?cid=N/A
N/A,Veal - ڤيل برجر,26.372984499999998,50.127345999999996,restaurant,5,1,OPERATIONAL,https://maps.google.com/?cid=N/A
N/A,LEVANTINE LOUNG & RESTAURANT ليفانتين لاونج,26.3740489,50.1480464,restaurant,4.8,135,OPERATIONAL,https://maps.google.com/?cid=N/A
N/A,مطعم,26.3634202,50.1683045,restaurant,2.6,12,OPERATIONAL,https://maps.google.com/?cid=N/A
N/A,Belad Al-Sham Restaurant,26.372868800000003,50.178602299999994,restaurant,4.1,1838,OPERATIONAL,https://maps.google.com/?cid=N/A
N/A,SKY By Archi,26.369928599999998,50.176820299999996,restaurant,4,1006,OPERATIONAL,https://maps.google.com/?cid=N/A
N/A,ADNOC Service Station | Al Qashlah (2007),26.3630838,50.1779371,restaurant,4.4,400,OPERATIONAL,https://maps.google.com/?cid=N/A
N/A,Enab Beirut عنب بيروت,26.366633999999998,50.1772759,restaurant,4,773,OPERATIONAL,https://maps.google.com/?cid=N/A
N/A,Tim Hortons,26.370908699999998,50.1747995,restaurant,4.8,209,OPERATIONAL,https://maps.google.com/?cid=N/A
N/A,Sigdang Adnoc,26.3632383,50.1771033,restaurant,4,57,OPERATIONAL,https://maps.google.com/?cid=N/A
N/A,Sandwich Faqeer | ساندوتش فقير,26.3631571,50.1772907,restaurant,3.4,118,OPERATIONAL,https://maps.google.com/?cid=N/A
N/A,Habak,26.3670339,50.1862376,restaurant,4.2,665,OPERATIONAL,https://maps.google.com/?cid=N/A
N/A,Il Vero,26.3670642,50.1779619,restaurant,4.1,111,OPERATIONAL,https://maps.google.com/?cid=N/A
N/A,مطعم الذواق,26.3715089,50.174714099999996,restaurant,3.2,76,OPERATIONAL,https://maps.google.com/?cid=N/A
N/A,Diyafat Alhana Boofiya,26.371406399999998,50.1748511,restaurant,3.4,99,OPERATIONAL,https://maps.google.com/?cid=N/A
N/A,Al Diwan,26.3672927,50.1775886,restaurant,4.1,77,OPERATIONAL,https://maps.google.com/?cid=N/A
N/A,Al Youm Dining Hall,26.378736699999997,50.1709101,restaurant,4,16,OPERATIONAL,https://maps.google.com/?cid=N/A
N/A,مطعم,26.3634202,50.1683045,restaurant,2.6,12,OPERATIONAL,https://maps.google.com/?cid=N/A
N/A,مطعم ألف ليلة,26.370303,50.179458999999994,restaurant,3.7,3,OPERATIONAL,https://maps.google.com/?cid=N/A
N/A,مطعم ومطبخ عزيمة,26.372794799999998,50.1786385,restaurant,4.1,14,OPERATIONAL,https://maps.google.com/?cid=N/A
N/A,Belad Al-Sham Restaurant,26.372868800000003,50.178602299999994,restaurant,4.1,1838,OPERATIONAL,https://maps.google.com/?cid=N/A
N/A,AlBaik,26.361876799999997,50.197102400000006,restaurant,3.1,652,OPERATIONAL,https://maps.google.com/?cid=N/A
N/A,McDonald's,26.359828000000004,50.189654000000004,restaurant,3.9,3654,OPERATIONAL,https://maps.google.com/?cid=N/A
N/A,مطعم المضياف (الراكة),26.3612422,50.1938171,restaurant,4.3,2449,OPERATIONAL,https://maps.google.com/?cid=N/A
N/A,Qasr AlMadhbi,26.3636043,50.2008331,restaurant,4.1,4534,OPERATIONAL,https://maps.google.com/?cid=N/A
N/A,SKY By Archi,26.369928599999998,50.176820299999996,restaurant,4,1006,OPERATIONAL,https://maps.google.com/?cid=N/A
N/A,TEA TIME RAKAH (وقت الشاي),26.3661908,50.2041242,restaurant,4.1,662,OPERATIONAL,https://maps.google.com/?cid=N/A
N/A,حدائق حمص,26.363225999999997,50.1995125,restaurant,4.2,1104,OPERATIONAL,https://maps.google.com/?cid=N/A
N/A,مطعم راكة الحديث,26.3656409,50.203900399999995,restaurant,3.8,1855,OPERATIONAL,https://maps.google.com/?cid=N/A
N/A,مطعم عنجر للمعجنات والشاورما Anjar Restaurant,26.365509,50.2038103,restaurant,4,1736,OPERATIONAL,https://maps.google.com/?cid=N/A
N/A,Hashi Basha - South Rakkah Branch,26.366246999999998,50.204961,restaurant,4.1,1612,OPERATIONAL,https://maps.google.com/?cid=N/A
N/A,بوفية عمر الراكة,26.3625312,50.1966153,restaurant,4.3,196,OPERATIONAL,https://maps.google.com/?cid=N/A
N/A,Ashaz Modern Indian Restaurant,26.3627275,50.196479599999996,restaurant,4.7,1304,OPERATIONAL,https://maps.google.com/?cid=N/A
N/A,ADNOC Service Station | Al Qashlah (2007),26.3630838,50.1779371,restaurant,4.4,400,OPERATIONAL,https://maps.google.com/?cid=N/A
N/A,SMOKIT | سموكيت,26.3613564,50.194067,restaurant,4.1,650,OPERATIONAL,https://maps.google.com/?cid=N/A
N/A,Green Bukhari الاخضر البخاري,26.3620102,50.1958142,restaurant,3.9,1711,OPERATIONAL,https://maps.google.com/?cid=N/A
N/A,Kudu - Al Rakah Al Shamaliyah,26.364225100000002,50.2002842,restaurant,3.9,1680,OPERATIONAL,https://maps.google.com/?cid=N/A
N/A,Shawarmer | شاورمر,26.359553299999998,50.1882801,restaurant,4,3187,OPERATIONAL,https://maps.google.com/?cid=N/A
N/A,مطعم هاشم,26.3617612,50.1968399,restaurant,3.5,817,OPERATIONAL,https://maps.google.com/?cid=N/A
N/A,Al Lahib Broasted,26.362045199999997,50.197350899999996,restaurant,3.7,592,OPERATIONAL,https://maps.google.com/?cid=N/A
N/A,AlBaik,26.361876799999997,50.197102400000006,restaurant,3.1,652,OPERATIONAL,https://maps.google.com/?cid=N/A
N/A,تشكي تشيز | Chuck E Cheese,26.356091,50.20865,restaurant,4.3,3337,OPERATIONAL,https://maps.google.com/?cid=N/A
N/A,Qasr AlMadhbi,26.3636043,50.2008331,restaurant,4.1,4534,OPERATIONAL,https://maps.google.com/?cid=N/A
N/A,YAAS,26.360678999999998,50.2067803,restaurant,4.5,1196,OPERATIONAL,https://maps.google.com/?cid=N/A
N/A,Jam’d,26.360903399999998,50.206576899999995,restaurant,4.6,1500,OPERATIONAL,https://maps.google.com/?cid=N/A
N/A,TEA TIME RAKAH (وقت الشاي),26.3661908,50.2041242,restaurant,4.1,662,OPERATIONAL,https://maps.google.com/?cid=N/A
N/A,F6or Faris,26.3528761,50.2111199,restaurant,4,1373,OPERATIONAL,https://maps.google.com/?cid=N/A
N/A,مطعم راكة الحديث,26.3656409,50.203900399999995,restaurant,3.8,1855,OPERATIONAL,https://maps.google.com/?cid=N/A
N/A,حدائق حمص,26.363225999999997,50.1995125,restaurant,4.2,1104,OPERATIONAL,https://maps.google.com/?cid=N/A
N/A,Hashi Basha - South Rakkah Branch,26.366246999999998,50.204961,restaurant,4.1,1612,OPERATIONAL,https://maps.google.com/?cid=N/A
N/A,مطعم عنجر للمعجنات والشاورما Anjar Restaurant,26.365509,50.2038103,restaurant,4,1736,OPERATIONAL,https://maps.google.com/?cid=N/A
N/A,Golden Juice,26.3624504,50.2062228,restaurant,3.9,679,OPERATIONAL,https://maps.google.com/?cid=N/A
N/A,بوفية عمر الراكة,26.3625312,50.1966153,restaurant,4.3,196,OPERATIONAL,https://maps.google.com/?cid=N/A
N/A,Ashaz Modern Indian Restaurant,26.3627275,50.196479599999996,restaurant,4.7,1304,OPERATIONAL,https://maps.google.com/?cid=N/A
N/A,El Panero Restaurant,26.352779599999998,50.2113641,restaurant,4.7,371,OPERATIONAL,https://maps.google.com/?cid=N/A
N/A,Chubby B,26.359429,50.2072034,restaurant,4.1,659,OPERATIONAL,https://maps.google.com/?cid=N/A
N/A,Green Bukhari الاخضر البخاري,26.3620102,50.1958142,restaurant,3.9,1711,OPERATIONAL,https://maps.google.com/?cid=N/A
N/A,SMOKIT | سموكيت,26.3613564,50.194067,restaurant,4.1,650,OPERATIONAL,https://maps.google.com/?cid=N/A
N/A,Kudu - Al Rakah Al Shamaliyah,26.364225100000002,50.2002842,restaurant,3.9,1680,OPERATIONAL,https://maps.google.com/?cid=N/A
N/A,KFC,26.3628692,50.206012699999995,restaurant,No rating,No reviews,OPERATIONAL,https://maps.google.com/?cid=N/A
N/A,Lazona albahar | لازونا البحر,26.3718391,50.228595,restaurant,4.5,134,OPERATIONAL,https://maps.google.com/?cid=N/A
N/A,مطاعم البلدي البخاري,26.3721125,50.2283906,restaurant,4.1,57,OPERATIONAL,https://maps.google.com/?cid=N/A
N/A,Win Burger | وين برجر,26.3752734,50.2351532,restaurant,4.3,62,OPERATIONAL,https://maps.google.com/?cid=N/A
N/A,فوال وتمیس نورالصباح,26.3717114,50.2268656,restaurant,4,54,OPERATIONAL,https://maps.google.com/?cid=N/A
N/A,مطعم مندي المزاج الحضرمي,26.3716875,50.227937499999996,restaurant,4.1,14,OPERATIONAL,https://maps.google.com/?cid=N/A
N/A,مطعم كشته ارت,26.371872200000002,50.227169599999996,restaurant,4.8,39,OPERATIONAL,https://maps.google.com/?cid=N/A
N/A,مطعم واحة كبسه البخاري - WAHAD KABSA AL BUKHARI RESTAURANT,26.3724971,50.228611,restaurant,4.5,6,OPERATIONAL,https://maps.google.com/?cid=N/A
N/A,مطعم فوال حسن یوسف آل طریف,26.361335999999998,50.2157563,restaurant,4.2,5,OPERATIONAL,https://maps.google.com/?cid=N/A
N/A,مطاعم سنابل ربوع لتقديم الوجبات,26.3612996,50.2155859,restaurant,4,4,OPERATIONAL,https://maps.google.com/?cid=N/A
N/A,Sub’ze,26.361584,50.2156027,restaurant,5,2,OPERATIONAL,https://maps.google.com/?cid=N/A
N/A,Win Burger | وين برجر,26.3752734,50.2351532,restaurant,4.3,62,OPERATIONAL,https://maps.google.com/?cid=N/A
N/A,مطعم رايق,26.378369400000004,50.0595102,restaurant,4.1,5554,OPERATIONAL,https://maps.google.com/?cid=N/A
N/A,Cart Restaurant مطعم كارت,26.376441099999997,50.0611651,restaurant,4.6,2879,OPERATIONAL,https://maps.google.com/?cid=N/A
N/A,Sinjar,26.3788874,50.058491599999996,restaurant,4,8593,OPERATIONAL,https://maps.google.com/?cid=N/A
N/A,Deep Fries,26.380268299999997,50.0574398,restaurant,4.5,2324,OPERATIONAL,https://maps.google.com/?cid=N/A
N/A,فروج ابوالعبد,26.3768206,50.0608731,restaurant,3.8,1661,OPERATIONAL,https://maps.google.com/?cid=N/A
N/A,Q EAT,26.3912423,50.073927399999995,restaurant,4.7,1466,OPERATIONAL,https://maps.google.com/?cid=N/A
N/A,Fareej Al Mubarakia,26.3764211,50.0612687,restaurant,4.1,5491,OPERATIONAL,https://maps.google.com/?cid=N/A
N/A,Bukhari Hut,26.378401099999998,50.059501,restaurant,4.1,897,OPERATIONAL,https://maps.google.com/?cid=N/A
N/A,TAG Restaurant KSA- مطعم تاغ,26.381182199999998,50.0564622,restaurant,4.2,1415,OPERATIONAL,https://maps.google.com/?cid=N/A
N/A,بخاري روشاز,26.3842029,50.053892399999995,restaurant,4.2,585,OPERATIONAL,https://maps.google.com/?cid=N/A
N/A,GRAV CAFE قراف كافيه,26.3937614,50.0723649,restaurant,4.4,1269,OPERATIONAL,https://maps.google.com/?cid=N/A
N/A,Tea Time FAISALIYA,26.376551100000004,50.0610947,restaurant,4.2,2067,OPERATIONAL,https://maps.google.com/?cid=N/A
N/A,فوال ابو عزوز,26.378261,50.059625499999996,restaurant,4,1021,OPERATIONAL,https://maps.google.com/?cid=N/A
N/A,Nathri Restaurant,26.3899305,50.0654713,restaurant,4,1053,OPERATIONAL,https://maps.google.com/?cid=N/A
N/A,فطور الطيبين الدمام,26.3936584,50.07245760000001,restaurant,4.3,1637,OPERATIONAL,https://maps.google.com/?cid=N/A
N/A,House of spices مطعم بيت التوابل,26.378328000000003,50.0584454,restaurant,4.1,1226,OPERATIONAL,https://maps.google.com/?cid=N/A
N/A,اصل البرجر TBO,26.3792334,50.058196099999996,restaurant,4.6,3680,OPERATIONAL,https://maps.google.com/?cid=N/A
N/A,Lute,26.391267199999998,50.0729058,restaurant,4.2,2195,OPERATIONAL,https://maps.google.com/?cid=N/A
N/A,KFC,26.3819336,50.0557308,restaurant,3.6,1983,OPERATIONAL,https://maps.google.com/?cid=N/A
N/A,Modawar | مدور,26.381077500000004,50.0565202,restaurant,4.3,527,OPERATIONAL,https://maps.google.com/?cid=N/A
N/A,مطعم عصيدة و مرق,26.3719327,50.0868433,restaurant,4.2,1780,OPERATIONAL,https://maps.google.com/?cid=N/A
N/A,Q EAT,26.3912423,50.073927399999995,restaurant,4.7,1466,OPERATIONAL,https://maps.google.com/?cid=N/A
N/A,Umbrella - Dammam,26.376071999999997,50.088830099999996,restaurant,4.3,2332,OPERATIONAL,https://maps.google.com/?cid=N/A
N/A,Al Mumtaz Restaurant,26.3717352,50.0865201,restaurant,4.1,2621,OPERATIONAL,https://maps.google.com/?cid=N/A
N/A,Nabil's Maqlooba,26.3714203,50.0859168,restaurant,4.3,1387,OPERATIONAL,https://maps.google.com/?cid=N/A
N/A,Chapati & Karak,26.395509,50.078162999999996,restaurant,3.8,573,OPERATIONAL,https://maps.google.com/?cid=N/A
N/A,فطور الطيبين الدمام,26.3936584,50.07245760000001,restaurant,4.3,1637,OPERATIONAL,https://maps.google.com/?cid=N/A
N/A,Lute,26.391267199999998,50.0729058,restaurant,4.2,2195,OPERATIONAL,https://maps.google.com/?cid=N/A
N/A,شاورما سنع الدمام,26.3708822,50.0851452,restaurant,4.2,673,OPERATIONAL,https://maps.google.com/?cid=N/A
N/A,PAKKA RESTAURANT (Indian Food),26.376023399999998,50.088758999999996,restaurant,4.4,445,OPERATIONAL,https://maps.google.com/?cid=N/A
N/A,Burger Hub,26.395353300000004,50.0782324,restaurant,4.7,1338,OPERATIONAL,https://maps.google.com/?cid=N/A
N/A,مضغوط تهامه,26.3726789,50.086042500000005,restaurant,4,170,OPERATIONAL,https://maps.google.com/?cid=N/A
N/A,٦ رجب | الندى,26.3712822,50.08578,restaurant,4.1,546,OPERATIONAL,https://maps.google.com/?cid=N/A
N/A,smoke arts - سموك أرتس,26.391392399999997,50.072815899999995,restaurant,4.5,498,OPERATIONAL,https://maps.google.com/?cid=N/A
N/A,Tim Hortons Mazaya Gas Station,26.379904999999997,50.086740999999996,restaurant,4.2,1873,OPERATIONAL,https://maps.google.com/?cid=N/A
N/A,Shrimp Caption,26.3913702,50.0728237,restaurant,4.5,1764,OPERATIONAL,https://maps.google.com/?cid=N/A
N/A,Kishna Restaurant,26.3911481,50.073037299999996,restaurant,4.2,1612,OPERATIONAL,https://maps.google.com/?cid=N/A
N/A,سمك و بهار,26.3708134,50.085049,restaurant,4.3,426,OPERATIONAL,https://maps.google.com/?cid=N/A
N/A,Zad AlSultan,26.392751699999998,50.104758700000005,restaurant,4.1,6119,OPERATIONAL,https://maps.google.com/?cid=N/A
N/A,Umbrella - Dammam,26.376071999999997,50.088830099999996,restaurant,4.3,2332,OPERATIONAL,https://maps.google.com/?cid=N/A
N/A,Freshhouse فريش هاوس,26.3824036,50.104395399999994,restaurant,3.9,1006,OPERATIONAL,https://maps.google.com/?cid=N/A
N/A,منؤشة الريف,26.3819353,50.1034881,restaurant,4.2,1112,OPERATIONAL,https://maps.google.com/?cid=N/A
N/A,Hassawiyah Restaurant,26.379191499999997,50.0995772,restaurant,4.1,907,OPERATIONAL,https://maps.google.com/?cid=N/A
N/A,Masmakat Al Fareej,26.3836081,50.1034753,restaurant,4,2177,OPERATIONAL,https://maps.google.com/?cid=N/A
N/A,PAKKA RESTAURANT (Indian Food),26.376023399999998,50.088758999999996,restaurant,4.4,445,OPERATIONAL,https://maps.google.com/?cid=N/A
N/A,Tim Hortons Mazaya Gas Station,26.379904999999997,50.086740999999996,restaurant,4.2,1873,OPERATIONAL,https://maps.google.com/?cid=N/A
N/A,lahza,26.393858400000003,50.104715999999996,restaurant,4,297,OPERATIONAL,https://maps.google.com/?cid=N/A
N/A,Turkistachio,26.3815126,50.1034264,restaurant,4,1345,OPERATIONAL,https://maps.google.com/?cid=N/A
N/A,مطعم فوال تراث مأرب,26.3738328,50.1029036,restaurant,4.4,732,OPERATIONAL,https://maps.google.com/?cid=N/A
N/A,Shawarmer | شاورمر,26.3950192,50.104735999999995,restaurant,4.5,895,OPERATIONAL,https://maps.google.com/?cid=N/A
N/A,Coffee Warehouse,26.3947582,50.104745699999995,restaurant,4.2,1682,OPERATIONAL,https://maps.google.com/?cid=N/A
N/A,OLABS | اولابز,26.376374199999997,50.0889491,restaurant,4,220,OPERATIONAL,https://maps.google.com/?cid=N/A
N/A,Zaman Awwal,26.393726599999997,50.1047215,restaurant,4.2,512,OPERATIONAL,https://maps.google.com/?cid=N/A
N/A,We Burger,26.3834418,50.0968191,restaurant,4,588,OPERATIONAL,https://maps.google.com/?cid=N/A
N/A,Kitchen And Mandi Jamiyin,26.394061699999998,50.09748,restaurant,4.4,265,OPERATIONAL,https://maps.google.com/?cid=N/A
N/A,Thoug Restaurant,26.3923658,50.092076299999995,restaurant,4.1,423,OPERATIONAL,https://maps.google.com/?cid=N/A
N/A,Same burger,26.3759409,50.088724,restaurant,4.1,147,OPERATIONAL,https://maps.google.com/?cid=N/A
N/A,خلية فوز,26.3820451,50.104354099999995,restaurant,4.4,235,OPERATIONAL,https://maps.google.com/?cid=N/A
N/A,Freshhouse فريش هاوس,26.3824036,50.104395399999994,restaurant,3.9,1006,OPERATIONAL,https://maps.google.com/?cid=N/A
N/A,منؤشة الريف,26.3819353,50.1034881,restaurant,4.2,1112,OPERATIONAL,https://maps.google.com/?cid=N/A
N/A,MALAMA | مالاما,26.3729829,50.120540899999995,restaurant,4.3,193,OPERATIONAL,https://maps.google.com/?cid=N/A
N/A,Masmakat Al Fareej,26.3836081,50.1034753,restaurant,4,2177,OPERATIONAL,https://maps.google.com/?cid=N/A
N/A,Turkistachio,26.3815126,50.1034264,restaurant,4,1345,OPERATIONAL,https://maps.google.com/?cid=N/A
N/A,Saladay سالاداي,26.376045899999998,50.1224546,restaurant,4.2,329,OPERATIONAL,https://maps.google.com/?cid=N/A
N/A,Kudu - Hajer District - Dammam,26.3745291,50.1194941,restaurant,3.9,353,OPERATIONAL,https://maps.google.com/?cid=N/A
N/A,Ronaldo’s Pizza رونالدوز بيتزا,26.376328899999997,50.122990099999996,restaurant,3.9,347,OPERATIONAL,https://maps.google.com/?cid=N/A
N/A,خلية فوز,26.3820451,50.104354099999995,restaurant,4.4,235,OPERATIONAL,https://maps.google.com/?cid=N/A
N/A,90'S BROASTED بروستد٩٠,26.3852187,50.1044419,restaurant,4,472,OPERATIONAL,https://maps.google.com/?cid=N/A
N/A,Domino's Pizza,26.381630899999998,50.1034545,restaurant,3.7,285,OPERATIONAL,https://maps.google.com/?cid=N/A
N/A,Wadi Aldoor,26.3834844,50.103653099999995,restaurant,4,732,OPERATIONAL,https://maps.google.com/?cid=N/A
N/A,كيتو اكسبرس Keto Express,26.3821208,50.1043555,restaurant,4.5,130,OPERATIONAL,https://maps.google.com/?cid=N/A
N/A,pep & co,26.3818229,50.1034885,restaurant,4.2,329,OPERATIONAL,https://maps.google.com/?cid=N/A
N/A,Nuzha Marvels Snacks,26.385120399999998,50.1044374,restaurant,4.2,289,OPERATIONAL,https://maps.google.com/?cid=N/A
N/A,دولمة | Dolma,26.382624099999997,50.104326900000004,restaurant,3.7,50,OPERATIONAL,https://maps.google.com/?cid=N/A
N/A,Harmony Food,26.381653699999998,50.1034528,restaurant,4.1,474,OPERATIONAL,https://maps.google.com/?cid=N/A
N/A,مطعم الرواق الشامي للمشويات والمعجنات,26.3723775,50.123807,restaurant,3.7,336,OPERATIONAL,https://maps.google.com/?cid=N/A
N/A,Wafflelicious وافليشز,26.382656899999997,50.104306099999995,restaurant,4,485,OPERATIONAL,https://maps.google.com/?cid=N/A
N/A,Come to Momma,26.3712449,50.1395786,restaurant,4.5,4402,OPERATIONAL,https://maps.google.com/?cid=N/A
N/A,Wood Pizza,26.3837129,50.1408951,restaurant,4.7,547,OPERATIONAL,https://maps.google.com/?cid=N/A
N/A,Falafel pie,26.3816655,50.1482008,restaurant,4.6,184,OPERATIONAL,https://maps.google.com/?cid=N/A
N/A,KFC,26.3810972,50.148139799999996,restaurant,4.4,368,OPERATIONAL,https://maps.google.com/?cid=N/A
N/A,Al Tazij Bukhari Restaurant,26.3840491,50.14127,restaurant,3.7,263,OPERATIONAL,https://maps.google.com/?cid=N/A
N/A,Domino's Pizza,26.388213699999998,50.14939,restaurant,3.7,133,OPERATIONAL,https://maps.google.com/?cid=N/A
N/A,Herfy,26.387729200000003,50.149386299999996,restaurant,3.6,937,OPERATIONAL,https://maps.google.com/?cid=N/A
N/A,Barn's | بارنز,26.3878362,50.1493994,restaurant,4.1,19,OPERATIONAL,https://maps.google.com/?cid=N/A
N/A,بوفية فطور بيروت٢,26.3833116,50.1399871,restaurant,4.2,65,OPERATIONAL,https://maps.google.com/?cid=N/A
N/A,مطعم النمس,26.383938200000003,50.125346099999994,restaurant,4.4,97,OPERATIONAL,https://maps.google.com/?cid=N/A
N/A,فول و تميس حسن يوسف,26.3839863,50.14121,restaurant,3.4,74,OPERATIONAL,https://maps.google.com/?cid=N/A
N/A,مطعم حصن الشام لتقديم الوجبات,26.388248200000003,50.1494497,restaurant,3.5,15,OPERATIONAL,https://maps.google.com/?cid=N/A
N/A,Gaslamp restaurant,26.3712449,50.1395872,restaurant,3.5,17,OPERATIONAL,https://maps.google.com/?cid=N/A
N/A,آيس الحفرة ice cukur,26.3730175,50.1269561,restaurant,5,30,OPERATIONAL,https://maps.google.com/?cid=N/A
N/A,مخبر فوال حسن یوسف قصرالخلیج,26.3839746,50.1412039,restaurant,3.1,31,OPERATIONAL,https://maps.google.com/?cid=N/A
N/A,Crust Station,26.3861293,50.1261138,restaurant,4.5,4,OPERATIONAL,https://maps.google.com/?cid=N/A
N/A,Amiantit Indian Canteen,26.388198199999998,50.130204299999995,restaurant,3,2,OPERATIONAL,https://maps.google.com/?cid=N/A
N/A,Veal - ڤيل برجر,26.372984499999998,50.127345999999996,restaurant,5,1,OPERATIONAL,https://maps.google.com/?cid=N/A
N/A,Wood Pizza,26.3837129,50.1408951,restaurant,4.7,547,OPERATIONAL,https://maps.google.com/?cid=N/A
N/A,DOB Dining Hall,26.3837384,50.168321399999996,restaurant,3.5,57,OPERATIONAL,https://maps.google.com/?cid=N/A
N/A,Falafel pie,26.3816655,50.1482008,restaurant,4.6,184,OPERATIONAL,https://maps.google.com/?cid=N/A
N/A,KFC,26.3810972,50.148139799999996,restaurant,4.4,368,OPERATIONAL,https://maps.google.com/?cid=N/A
N/A,LEVANTINE LOUNG & RESTAURANT ليفانتين لاونج,26.3740489,50.1480464,restaurant,4.8,135,OPERATIONAL,https://maps.google.com/?cid=N/A
N/A,Al Tazij Bukhari Restaurant,26.3840491,50.14127,restaurant,3.7,263,OPERATIONAL,https://maps.google.com/?cid=N/A
N/A,Domino's Pizza,26.388213699999998,50.14939,restaurant,3.7,133,OPERATIONAL,https://maps.google.com/?cid=N/A
N/A,Herfy,26.387729200000003,50.149386299999996,restaurant,3.6,937,OPERATIONAL,https://maps.google.com/?cid=N/A
N/A,Barn's | بارنز,26.3878362,50.1493994,restaurant,4.1,19,OPERATIONAL,https://maps.google.com/?cid=N/A
N/A,بوفية فطور بيروت٢,26.3833116,50.1399871,restaurant,4.2,65,OPERATIONAL,https://maps.google.com/?cid=N/A
N/A,مطعم حصن الشام لتقديم الوجبات,26.388248200000003,50.1494497,restaurant,3.5,15,OPERATIONAL,https://maps.google.com/?cid=N/A
N/A,فول و تميس حسن يوسف,26.3839863,50.14121,restaurant,3.4,74,OPERATIONAL,https://maps.google.com/?cid=N/A
N/A,مخبر فوال حسن یوسف قصرالخلیج,26.3839746,50.1412039,restaurant,3.1,31,OPERATIONAL,https://maps.google.com/?cid=N/A
N/A,Belad Al-Sham Restaurant,26.372868800000003,50.178602299999994,restaurant,4.1,1838,OPERATIONAL,https://maps.google.com/?cid=N/A
N/A,Four Squares Café,26.379938,50.178208,restaurant,4.7,2098,OPERATIONAL,https://maps.google.com/?cid=N/A
N/A,KFC,26.382182699999998,50.1783078,restaurant,3.7,1926,OPERATIONAL,https://maps.google.com/?cid=N/A
N/A,Kebdat Hijazi,26.381605999999998,50.1782653,restaurant,4,1579,OPERATIONAL,https://maps.google.com/?cid=N/A
N/A,برغرايززر | Burgerizzr,26.3826099,50.1784354,restaurant,4.5,1835,OPERATIONAL,https://maps.google.com/?cid=N/A
N/A,Kudu - Al Safa - Dammam,26.3860893,50.1782225,restaurant,4.2,402,OPERATIONAL,https://maps.google.com/?cid=N/A
N/A,Popeyes,26.3859581,50.178224099999994,restaurant,4.4,805,OPERATIONAL,https://maps.google.com/?cid=N/A
N/A,Asyakh Alshawwaya Restaurant,26.388607999999998,50.1784058,restaurant,4.7,221,OPERATIONAL,https://maps.google.com/?cid=N/A
N/A,DOB Dining Hall,26.3837384,50.168321399999996,restaurant,3.5,57,OPERATIONAL,https://maps.google.com/?cid=N/A
N/A,Hardee's,26.3820277,50.1782694,restaurant,4,976,OPERATIONAL,https://maps.google.com/?cid=N/A
N/A,Tim Hortons,26.370908699999998,50.1747995,restaurant,4.8,209,OPERATIONAL,https://maps.google.com/?cid=N/A
N/A,Mezbaan Raka,26.3880633,50.178352999999994,restaurant,3.8,72,OPERATIONAL,https://maps.google.com/?cid=N/A
N/A,BURDOG,26.3884696,50.1784129,restaurant,4.8,832,OPERATIONAL,https://maps.google.com/?cid=N/A
N/A,Domino's Pizza,26.388038599999998,50.178152999999995,restaurant,3.4,295,OPERATIONAL,https://maps.google.com/?cid=N/A
N/A,SALATA | سلاته,26.3884375,50.1783125,restaurant,4.7,128,OPERATIONAL,https://maps.google.com/?cid=N/A
N/A,Costa Coffee,26.391662999999998,50.177547,restaurant,2.5,23,OPERATIONAL,https://maps.google.com/?cid=N/A
N/A,مطعم الذواق,26.3715089,50.174714099999996,restaurant,3.2,76,OPERATIONAL,https://maps.google.com/?cid=N/A
N/A,Diyafat Alhana Boofiya,26.371406399999998,50.1748511,restaurant,3.4,99,OPERATIONAL,https://maps.google.com/?cid=N/A
N/A,Al Youm Dining Hall,26.378736699999997,50.1709101,restaurant,4,16,OPERATIONAL,https://maps.google.com/?cid=N/A
N/A,بوفية دار اليوم,26.379392799999998,50.170372799999996,restaurant,3,2,OPERATIONAL,https://maps.google.com/?cid=N/A
N/A,Four Squares Café,26.379938,50.178208,restaurant,4.7,2098,OPERATIONAL,https://maps.google.com/?cid=N/A
N/A,KFC,26.382182699999998,50.1783078,restaurant,3.7,1926,OPERATIONAL,https://maps.google.com/?cid=N/A
N/A,Kebdat Hijazi,26.381605999999998,50.1782653,restaurant,4,1579,OPERATIONAL,https://maps.google.com/?cid=N/A
N/A,برغرايززر | Burgerizzr,26.3826099,50.1784354,restaurant,4.5,1835,OPERATIONAL,https://maps.google.com/?cid=N/A
N/A,Kudu - Al Safa - Dammam,26.3860893,50.1782225,restaurant,4.2,402,OPERATIONAL,https://maps.google.com/?cid=N/A
N/A,Popeyes,26.3859581,50.178224099999994,restaurant,4.4,805,OPERATIONAL,https://maps.google.com/?cid=N/A
N/A,Asyakh Alshawwaya Restaurant,26.388607999999998,50.1784058,restaurant,4.7,221,OPERATIONAL,https://maps.google.com/?cid=N/A
N/A,Hardee's,26.3820277,50.1782694,restaurant,4,976,OPERATIONAL,https://maps.google.com/?cid=N/A
N/A,Mezbaan Raka,26.3880633,50.178352999999994,restaurant,3.8,72,OPERATIONAL,https://maps.google.com/?cid=N/A
N/A,BURDOG,26.3884696,50.1784129,restaurant,4.8,832,OPERATIONAL,https://maps.google.com/?cid=N/A
N/A,Domino's Pizza,26.388038599999998,50.178152999999995,restaurant,3.4,295,OPERATIONAL,https://maps.google.com/?cid=N/A
N/A,SALATA | سلاته,26.3884375,50.1783125,restaurant,4.7,128,OPERATIONAL,https://maps.google.com/?cid=N/A
N/A,بوفية طاولة السعادة لتقديم الوجبات,26.3788496,50.196565199999995,restaurant,4.2,35,OPERATIONAL,https://maps.google.com/?cid=N/A
N/A,Popeyes - Orange Gas Station - King Faisal Rd.,26.379669,50.195747999999995,restaurant,4.9,56,OPERATIONAL,https://maps.google.com/?cid=N/A
N/A,فود ترك low and slow,26.381306199999997,50.1827778,restaurant,4.9,45,OPERATIONAL,https://maps.google.com/?cid=N/A
N/A,Boys Ground Cafeteria,26.381836500000002,50.183340199999996,restaurant,2.3,7,OPERATIONAL,https://maps.google.com/?cid=N/A
N/A,مطاعم مقلوبة جهاد,26.383256499999998,50.1926936,restaurant,5,2,OPERATIONAL,https://maps.google.com/?cid=N/A
N/A,مطعم لدنا الجبيل,26.383265800000004,50.1927161,restaurant,No rating,No reviews,OPERATIONAL,https://maps.google.com/?cid=N/A
N/A,لذة,26.3807509,50.183624099999996,restaurant,No rating,No reviews,OPERATIONAL,https://maps.google.com/?cid=N/A
N/A,بوفية طاولة السعادة لتقديم الوجبات,26.3788496,50.196565199999995,restaurant,4.2,35,OPERATIONAL,https://maps.google.com/?cid=N/A
N/A,Popeyes - Orange Gas Station - King Faisal Rd.,26.379669,50.195747999999995,restaurant,4.9,56,OPERATIONAL,https://maps.google.com/?cid=N/A
N/A,MY DOMI - ماي دومي - بحر الراكة,26.3880625,50.2353125,restaurant,4.2,146,OPERATIONAL,https://maps.google.com/?cid=N/A
N/A,Lazona albahar | لازونا البحر,26.3718391,50.228595,restaurant,4.5,134,OPERATIONAL,https://maps.google.com/?cid=N/A
N/A,مطاعم البلدي البخاري,26.3721125,50.2283906,restaurant,4.1,57,OPERATIONAL,https://maps.google.com/?cid=N/A
N/A,Win Burger | وين برجر,26.3752734,50.2351532,restaurant,4.3,62,OPERATIONAL,https://maps.google.com/?cid=N/A
N/A,Pastron Pasta,26.3872125,50.235953099999996,restaurant,4.4,41,OPERATIONAL,https://maps.google.com/?cid=N/A
N/A,ذرتي,26.3852571,50.235446,restaurant,4.5,17,OPERATIONAL,https://maps.google.com/?cid=N/A
N/A,فوال وتمیس نورالصباح,26.3717114,50.2268656,restaurant,4,54,OPERATIONAL,https://maps.google.com/?cid=N/A
N/A,بطاطس ابو موضي ٢,26.3917549,50.2336734,restaurant,4,9,OPERATIONAL,https://maps.google.com/?cid=N/A
N/A,مطعم مندي المزاج الحضرمي,26.3716875,50.227937499999996,restaurant,4.1,14,OPERATIONAL,https://maps.google.com/?cid=N/A
N/A,3 يناير,26.386242199999998,50.2360019,restaurant,4.2,51,OPERATIONAL,https://maps.google.com/?cid=N/A
N/A,مطعم كشته ارت,26.371872200000002,50.227169599999996,restaurant,4.8,39,OPERATIONAL,https://maps.google.com/?cid=N/A
N/A,باستا وايز,26.3907338,50.234352699999995,restaurant,4.7,99,OPERATIONAL,https://maps.google.com/?cid=N/A
N/A,إندوفرايز Endofries,26.391004499999998,50.2341799,restaurant,4.5,34,OPERATIONAL,https://maps.google.com/?cid=N/A
N/A,مطعم واحة كبسه البخاري - WAHAD KABSA AL BUKHARI RESTAURANT,26.3724971,50.228611,restaurant,4.5,6,OPERATIONAL,https://maps.google.com/?cid=N/A
N/A,OTARO,26.387418999999998,50.2359667,restaurant,5,19,OPERATIONAL,https://maps.google.com/?cid=N/A
N/A,عربة وفود ترك ام تركي,26.3918679,50.2338291,restaurant,5,16,OPERATIONAL,https://maps.google.com/?cid=N/A
N/A,مطعم حواء,26.388355699999998,50.2356202,restaurant,5,3,OPERATIONAL,https://maps.google.com/?cid=N/A
N/A,pasta wise,26.390454499999997,50.234492499999995,restaurant,5,27,OPERATIONAL,https://maps.google.com/?cid=N/A
N/A,MY DOMI - ماي دومي - بحر الراكة,26.3880625,50.2353125,restaurant,4.2,146,OPERATIONAL,https://maps.google.com/?cid=N/A
N/A,Win Burger | وين برجر,26.3752734,50.2351532,restaurant,4.3,62,OPERATIONAL,https://maps.google.com/?cid=N/A
N/A,Pastron Pasta,26.3872125,50.235953099999996,restaurant,4.4,41,OPERATIONAL,https://maps.google.com/?cid=N/A
N/A,ذرتي,26.3852571,50.235446,restaurant,4.5,17,OPERATIONAL,https://maps.google.com/?cid=N/A
N/A,3 يناير,26.386242199999998,50.2360019,restaurant,4.2,51,OPERATIONAL,https://maps.google.com/?cid=N/A
N/A,بطاطس ابو موضي ٢,26.3917549,50.2336734,restaurant,4,9,OPERATIONAL,https://maps.google.com/?cid=N/A
N/A,باستا وايز,26.3907338,50.234352699999995,restaurant,4.7,99,OPERATIONAL,https://maps.google.com/?cid=N/A
N/A,إندوفرايز Endofries,26.391004499999998,50.2341799,restaurant,4.5,34,OPERATIONAL,https://maps.google.com/?cid=N/A
N/A,OTARO,26.387418999999998,50.2359667,restaurant,5,19,OPERATIONAL,https://maps.google.com/?cid=N/A
N/A,مطعم حواء,26.388355699999998,50.2356202,restaurant,5,3,OPERATIONAL,https://maps.google.com/?cid=N/A
N/A,عربة وفود ترك ام تركي,26.3918679,50.2338291,restaurant,5,16,OPERATIONAL,https://maps.google.com/?cid=N/A
N/A,pasta wise,26.390454499999997,50.234492499999995,restaurant,5,27,OPERATIONAL,https://maps.google.com/?cid=N/A
N/A,Shokah,26.391237500000003,50.2333906,restaurant,5,4,OPERATIONAL,https://maps.google.com/?cid=N/A
N/A,Triple H,26.388178,50.235240999999995,restaurant,4.5,2,OPERATIONAL,https://maps.google.com/?cid=N/A
N/A,ابوراشد ام راشد اللاكلات الشعبية,26.3924454,50.2333033,restaurant,5,5,OPERATIONAL,https://maps.google.com/?cid=N/A
N/A,BUN RUN BURGER 🍔 بان ران برقر,26.391895599999998,50.2336935,restaurant,4.8,25,OPERATIONAL,https://maps.google.com/?cid=N/A
N/A,Mama Noura,26.4052713,50.056545299999996,restaurant,3.9,4118,OPERATIONAL,https://maps.google.com/?cid=N/A
N/A,AlRomansiah Restaurant,26.4058688,50.0615876,restaurant,4.1,16820,OPERATIONAL,https://maps.google.com/?cid=N/A
N/A,Al Tazaj,26.404679899999998,50.0550038,restaurant,3.6,5088,OPERATIONAL,https://maps.google.com/?cid=N/A
N/A,Cocktail Mazza,26.402488899999998,50.0512902,restaurant,4.1,4004,OPERATIONAL,https://maps.google.com/?cid=N/A
N/A,Zad Al Sultan - Uhud,26.4054052,50.0568531,restaurant,4.4,1290,OPERATIONAL,https://maps.google.com/?cid=N/A
N/A,بوفية عمر الفيصلية,26.401582899999998,50.064097800000006,restaurant,4.1,1600,OPERATIONAL,https://maps.google.com/?cid=N/A
N/A,alyahya bakeries,26.4050485,50.062115,restaurant,4.5,2306,OPERATIONAL,https://maps.google.com/?cid=N/A
N/A,Q EAT,26.3912423,50.073927399999995,restaurant,4.7,1466,OPERATIONAL,https://maps.google.com/?cid=N/A
N/A,McDonald's,26.404125,50.057959,restaurant,3.8,7742,OPERATIONAL,https://maps.google.com/?cid=N/A
N/A,Kufa,26.402570899999997,50.051403199999996,restaurant,4.1,6842,OPERATIONAL,https://maps.google.com/?cid=N/A
N/A,Falafel Pie | فطيرة الفلافل,26.4113704,50.0567253,restaurant,3.9,2359,OPERATIONAL,https://maps.google.com/?cid=N/A
N/A,Casapasta | كازاباستا,26.4037829,50.0575103,restaurant,3.8,2419,OPERATIONAL,https://maps.google.com/?cid=N/A
N/A,مطعم الرواق الشعبي فرع القادسية,26.4140357,50.0687078,restaurant,4,3146,OPERATIONAL,https://maps.google.com/?cid=N/A
N/A,GRAV CAFE قراف كافيه,26.3937614,50.0723649,restaurant,4.4,1269,OPERATIONAL,https://maps.google.com/?cid=N/A
N/A,ALKOOT Restaurant,26.411673999999998,50.0554835,restaurant,3.9,1010,OPERATIONAL,https://maps.google.com/?cid=N/A
N/A,مطعم رايق,26.409348700000002,50.057556299999995,restaurant,3.8,537,OPERATIONAL,https://maps.google.com/?cid=N/A
N/A,Past | باست,26.4002342,50.0748132,restaurant,4.4,421,OPERATIONAL,https://maps.google.com/?cid=N/A
N/A,فطور الطيبين الدمام,26.3936584,50.07245760000001,restaurant,4.3,1637,OPERATIONAL,https://maps.google.com/?cid=N/A
N/A,Nathri Restaurant,26.3899305,50.0654713,restaurant,4,1053,OPERATIONAL,https://maps.google.com/?cid=N/A
N/A,McDonald's,26.399303,50.075584,restaurant,3.2,466,OPERATIONAL,https://maps.google.com/?cid=N/A
N/A,Q EAT,26.3912423,50.073927399999995,restaurant,4.7,1466,OPERATIONAL,https://maps.google.com/?cid=N/A
N/A,GRAV CAFE قراف كافيه,26.3937614,50.0723649,restaurant,4.4,1269,OPERATIONAL,https://maps.google.com/?cid=N/A
N/A,Chapati & Karak,26.395509,50.078162999999996,restaurant,3.8,573,OPERATIONAL,https://maps.google.com/?cid=N/A
N/A,Past | باست,26.4002342,50.0748132,restaurant,4.4,421,OPERATIONAL,https://maps.google.com/?cid=N/A
N/A,فطور الطيبين الدمام,26.3936584,50.07245760000001,restaurant,4.3,1637,OPERATIONAL,https://maps.google.com/?cid=N/A
N/A,McDonald's,26.399303,50.075584,restaurant,3.2,466,OPERATIONAL,https://maps.google.com/?cid=N/A
N/A,Lute,26.391267199999998,50.0729058,restaurant,4.2,2195,OPERATIONAL,https://maps.google.com/?cid=N/A
N/A,bin aqoul,26.3936566,50.072373400000004,restaurant,3.9,1538,OPERATIONAL,https://maps.google.com/?cid=N/A
N/A,Burger Hub,26.395353300000004,50.0782324,restaurant,4.7,1338,OPERATIONAL,https://maps.google.com/?cid=N/A
N/A,smoke arts - سموك أرتس,26.391392399999997,50.072815899999995,restaurant,4.5,498,OPERATIONAL,https://maps.google.com/?cid=N/A
N/A,Clean Protein | كلين بروتين,26.405052299999998,50.0694884,restaurant,4,1263,OPERATIONAL,https://maps.google.com/?cid=N/A
N/A,Shrimp Caption,26.3913702,50.0728237,restaurant,4.5,1764,OPERATIONAL,https://maps.google.com/?cid=N/A
N/A,Al lahib,26.405403399999997,50.0831703,restaurant,3.9,287,OPERATIONAL,https://maps.google.com/?cid=N/A
N/A,Riocha,26.3956178,50.0779305,restaurant,4.4,584,OPERATIONAL,https://maps.google.com/?cid=N/A
N/A,كيتشن بارك,26.3947327,50.0861871,restaurant,2.4,80,OPERATIONAL,https://maps.google.com/?cid=N/A
N/A,KFC,26.3950165,50.078230999999995,restaurant,4,183,OPERATIONAL,https://maps.google.com/?cid=N/A
N/A,Kishna Restaurant,26.3911481,50.073037299999996,restaurant,4.2,1612,OPERATIONAL,https://maps.google.com/?cid=N/A
N/A,Zad AlSultan,26.392751699999998,50.104758700000005,restaurant,4.1,6119,OPERATIONAL,https://maps.google.com/?cid=N/A
N/A,ARCHI,26.411773600000004,50.093381699999995,restaurant,4.1,1148,OPERATIONAL,https://maps.google.com/?cid=N/A
N/A,Pickup Burger,26.4111653,50.109001299999996,restaurant,4.5,1512,OPERATIONAL,https://maps.google.com/?cid=N/A
N/A,Al Tazaj,26.4007081,50.1144646,restaurant,3.6,2341,OPERATIONAL,https://maps.google.com/?cid=N/A
N/A,And salad,26.410954099999998,50.108980599999995,restaurant,4.1,941,OPERATIONAL,https://maps.google.com/?cid=N/A
N/A,Sofret fayzah,26.4047564,50.102257099999996,restaurant,4.3,4147,OPERATIONAL,https://maps.google.com/?cid=N/A
N/A,All Day,26.4048886,50.1021526,restaurant,4.4,1954,OPERATIONAL,https://maps.google.com/?cid=N/A
N/A,KOKORO (Dammam),26.4112361,50.1091324,restaurant,4.6,459,OPERATIONAL,https://maps.google.com/?cid=N/A
N/A,Weber Burger,26.401653699999997,50.1051323,restaurant,4.6,2034,OPERATIONAL,https://maps.google.com/?cid=N/A
N/A,AL Shallal Pastry,26.401105899999997,50.0989602,restaurant,4.3,551,OPERATIONAL,https://maps.google.com/?cid=N/A
N/A,بيلا سويت | Billa sweet,26.4120529,50.096745999999996,restaurant,4.1,1554,OPERATIONAL,https://maps.google.com/?cid=N/A
N/A,Maoon Restarunt,26.4018511,50.105152,restaurant,4.5,943,OPERATIONAL,https://maps.google.com/?cid=N/A
N/A,Lazona,26.4044312,50.106699199999994,restaurant,4.1,446,OPERATIONAL,https://maps.google.com/?cid=N/A
N/A,Lghawees | لغاويص,26.401492299999997,50.1050336,restaurant,3.8,1095,OPERATIONAL,https://maps.google.com/?cid=N/A
N/A,مطعم ميدار للمأكولات البحرية medar,26.4006375,50.098066200000005,restaurant,4.2,1168,OPERATIONAL,https://maps.google.com/?cid=N/A
N/A,مطعم المضياف (النزهه),26.401363399999997,50.1050062,restaurant,4,791,OPERATIONAL,https://maps.google.com/?cid=N/A
N/A,Romansi Al Sharqiya,26.4067433,50.1077222,restaurant,4.3,594,OPERATIONAL,https://maps.google.com/?cid=N/A
N/A,KFC,26.4097229,50.1088424,restaurant,3.4,1647,OPERATIONAL,https://maps.google.com/?cid=N/A
N/A,lahza,26.393858400000003,50.104715999999996,restaurant,4,297,OPERATIONAL,https://maps.google.com/?cid=N/A
N/A,Madeleine Boutique,26.4063195,50.101053799999995,restaurant,4,188,OPERATIONAL,https://maps.google.com/?cid=N/A
N/A,AlBaik,26.412871,50.110655,restaurant,4.1,12966,OPERATIONAL,https://maps.google.com/?cid=N/A
N/A,Pickup Burger,26.4111653,50.109001299999996,restaurant,4.5,1512,OPERATIONAL,https://maps.google.com/?cid=N/A
N/A,Al Tazaj,26.4007081,50.1144646,restaurant,3.6,2341,OPERATIONAL,https://maps.google.com/?cid=N/A
N/A,And salad,26.410954099999998,50.108980599999995,restaurant,4.1,941,OPERATIONAL,https://maps.google.com/?cid=N/A
N/A,KOKORO (Dammam),26.4112361,50.1091324,restaurant,4.6,459,OPERATIONAL,https://maps.google.com/?cid=N/A
N/A,Weber Burger,26.401653699999997,50.1051323,restaurant,4.6,2034,OPERATIONAL,https://maps.google.com/?cid=N/A
N/A,Madghout Thahamah MT Restuarant,26.414629899999998,50.117655799999994,restaurant,4.2,3030,OPERATIONAL,https://maps.google.com/?cid=N/A
N/A,Maoon Restarunt,26.4018511,50.105152,restaurant,4.5,943,OPERATIONAL,https://maps.google.com/?cid=N/A
N/A,Lazona,26.4044312,50.106699199999994,restaurant,4.1,446,OPERATIONAL,https://maps.google.com/?cid=N/A
N/A,Abu Hilal Restaurant,26.4141479,50.1197464,restaurant,4.2,2159,OPERATIONAL,https://maps.google.com/?cid=N/A
N/A,Lghawees | لغاويص,26.401492299999997,50.1050336,restaurant,3.8,1095,OPERATIONAL,https://maps.google.com/?cid=N/A
N/A,Damascus Gardens Pastries Restaurant,26.412203299999998,50.1222866,restaurant,4.2,2845,OPERATIONAL,https://maps.google.com/?cid=N/A
N/A,مطعم المضياف (النزهه),26.401363399999997,50.1050062,restaurant,4,791,OPERATIONAL,https://maps.google.com/?cid=N/A
N/A,Romansi Al Sharqiya,26.4067433,50.1077222,restaurant,4.3,594,OPERATIONAL,https://maps.google.com/?cid=N/A
N/A,McDonald's,26.400232,50.117458,restaurant,3.6,981,OPERATIONAL,https://maps.google.com/?cid=N/A
N/A,KFC,26.4097229,50.1088424,restaurant,3.4,1647,OPERATIONAL,https://maps.google.com/?cid=N/A
N/A,ALKARAK,26.4142373,50.1196409,restaurant,4.2,1328,OPERATIONAL,https://maps.google.com/?cid=N/A
N/A,EL TACORIA | ال تاكوريا,26.4072304,50.108123,restaurant,4.1,178,OPERATIONAL,https://maps.google.com/?cid=N/A
N/A,Kebdat Hijazi,26.406444000000004,50.107556,restaurant,4,459,OPERATIONAL,https://maps.google.com/?cid=N/A
N/A,Maestro Pizza,26.409441299999997,50.1098284,restaurant,3.9,791,OPERATIONAL,https://maps.google.com/?cid=N/A
N/A,ADNOC Service Station | King Fahad Rd. (2016),26.409939299999998,50.133268199999996,restaurant,4.1,196,OPERATIONAL,https://maps.google.com/?cid=N/A
N/A,Rakah Modern Restaurant,26.4021421,50.1396291,restaurant,3.8,699,OPERATIONAL,https://maps.google.com/?cid=N/A
N/A,Khalidiya Restaurant,26.405712599999998,50.1453692,restaurant,3.8,145,OPERATIONAL,https://maps.google.com/?cid=N/A
N/A,زهور الفاو,26.414015,50.135323299999996,restaurant,3.8,27,OPERATIONAL,https://maps.google.com/?cid=N/A
N/A,مطعم شباب خلیجی بخاري shabab khaleeji restaurant,26.402070000000002,50.139716,restaurant,3.9,20,OPERATIONAL,https://maps.google.com/?cid=N/A
N/A,Mix Meals,26.4095978,50.1329786,restaurant,4.4,20,OPERATIONAL,https://maps.google.com/?cid=N/A
N/A,The Square Restaurant,26.407518,50.138687999999995,restaurant,3.6,35,OPERATIONAL,https://maps.google.com/?cid=N/A
N/A,مطعم سكبة الاولى,26.401957,50.1397628,restaurant,3.3,15,OPERATIONAL,https://maps.google.com/?cid=N/A
N/A,Shabab khaleeji Restaurant مطعم شباب خلیجی,26.402102199999998,50.1396599,restaurant,No rating,No reviews,OPERATIONAL,https://maps.google.com/?cid=N/A
N/A,Rakah Modern Restaurant,26.4021421,50.1396291,restaurant,3.8,699,OPERATIONAL,https://maps.google.com/?cid=N/A
N/A,Khalidiya Restaurant,26.405712599999998,50.1453692,restaurant,3.8,145,OPERATIONAL,https://maps.google.com/?cid=N/A
N/A,Saihati restaurant,26.4032083,50.159605299999996,restaurant,4.3,43,OPERATIONAL,https://maps.google.com/?cid=N/A
N/A,مطعم شباب خلیجی بخاري shabab khaleeji restaurant,26.402070000000002,50.139716,restaurant,3.9,20,OPERATIONAL,https://maps.google.com/?cid=N/A
N/A,Al Gosaibi Foods Company,26.400909799999997,50.1679095,restaurant,4,113,OPERATIONAL,https://maps.google.com/?cid=N/A
N/A,SAHEL AL MENA RESTAURANT مطعم سهل الميناء,26.4101961,50.1559733,restaurant,2.6,11,OPERATIONAL,https://maps.google.com/?cid=N/A
N/A,مطعم سكبة الاولى,26.401957,50.1397628,restaurant,3.3,15,OPERATIONAL,https://maps.google.com/?cid=N/A
N/A,Zahid Tractor Staff Cafeteria,26.4075994,50.155880599999996,restaurant,5,3,OPERATIONAL,https://maps.google.com/?cid=N/A
N/A,Shabab khaleeji Restaurant مطعم شباب خلیجی,26.402102199999998,50.1396599,restaurant,No rating,No reviews,OPERATIONAL,https://maps.google.com/?cid=N/A
N/A,Diwan Lounge,26.412550799999998,50.1733147,restaurant,4,2118,OPERATIONAL,https://maps.google.com/?cid=N/A
N/A,مطعم دروازة البيت للأكلات الشعبية,26.4140212,50.1745253,restaurant,4.5,610,OPERATIONAL,https://maps.google.com/?cid=N/A
N/A,Zaman Awal,26.4147484,50.170135300000005,restaurant,4.4,130,OPERATIONAL,https://maps.google.com/?cid=N/A
N/A,Costa Coffee,26.391662999999998,50.177547,restaurant,2.5,23,OPERATIONAL,https://maps.google.com/?cid=N/A
N/A,Thamees Dhukkan,26.410928799999997,50.1802071,restaurant,4.1,122,OPERATIONAL,https://maps.google.com/?cid=N/A
N/A,فوال ومخبز جود النخيل,26.414748499999998,50.1699103,restaurant,4.1,23,OPERATIONAL,https://maps.google.com/?cid=N/A
N/A,Saihati restaurant,26.4032083,50.159605299999996,restaurant,4.3,43,OPERATIONAL,https://maps.google.com/?cid=N/A
N/A,بوفية النورس الأولى,26.4107941,50.180295099999995,restaurant,3.9,14,OPERATIONAL,https://maps.google.com/?cid=N/A
N/A,Al Gosaibi Foods Company,26.400909799999997,50.1679095,restaurant,4,113,OPERATIONAL,https://maps.google.com/?cid=N/A
N/A,مطبخ شغف للحفلات والولائم Passion of Catering,26.410515099999998,50.1809327,restaurant,3.8,24,OPERATIONAL,https://maps.google.com/?cid=N/A
N/A,Tasty Elements عناصر الذيذه,26.405062899999997,50.1844517,restaurant,3.8,8,OPERATIONAL,https://maps.google.com/?cid=N/A
N/A,Food Savvy KSA,26.412639199999997,50.169787299999996,restaurant,4.1,9,OPERATIONAL,https://maps.google.com/?cid=N/A
N/A,الميز,26.3952565,50.18209050000001,restaurant,3.7,6,OPERATIONAL,https://maps.google.com/?cid=N/A
N/A,وعلیکم,26.4133574,50.165239199999995,restaurant,No rating,No reviews,OPERATIONAL,https://maps.google.com/?cid=N/A
N/A,ANJIK Restaurant,26.4076406,50.188668299999996,restaurant,4.3,2779,OPERATIONAL,https://maps.google.com/?cid=N/A
N/A,Main Restaurant,26.3975536,50.1904432,restaurant,3.7,309,OPERATIONAL,https://maps.google.com/?cid=N/A
N/A,بوفية سور المذاق,26.4064332,50.1867269,restaurant,4.5,72,OPERATIONAL,https://maps.google.com/?cid=N/A
N/A,Thamees Dhukkan,26.410928799999997,50.1802071,restaurant,4.1,122,OPERATIONAL,https://maps.google.com/?cid=N/A
N/A,Bomboloni بومبولوني,26.4078067,50.188981399999996,restaurant,4.4,109,OPERATIONAL,https://maps.google.com/?cid=N/A
N/A,بوفية النورس الأولى,26.4107941,50.180295099999995,restaurant,3.9,14,OPERATIONAL,https://maps.google.com/?cid=N/A
N/A,مطبخ شغف للحفلات والولائم Passion of Catering,26.410515099999998,50.1809327,restaurant,3.8,24,OPERATIONAL,https://maps.google.com/?cid=N/A
N/A,Tasty Elements عناصر الذيذه,26.405062899999997,50.1844517,restaurant,3.8,8,OPERATIONAL,https://maps.google.com/?cid=N/A
N/A,اقبال للمأكولات الشعبية,26.4077225,50.189848999999995,restaurant,5,23,OPERATIONAL,https://maps.google.com/?cid=N/A
N/A,Students' Canteen,26.3975518,50.1904597,restaurant,3.5,24,OPERATIONAL,https://maps.google.com/?cid=N/A
N/A,فود ترك عصيرات,26.4060027,50.1870912,restaurant,No rating,No reviews,OPERATIONAL,https://maps.google.com/?cid=N/A
N/A,الميز,26.3952565,50.18209050000001,restaurant,3.7,6,OPERATIONAL,https://maps.google.com/?cid=N/A
N/A,مطعم - تحت الإنشاء,26.3958901,50.2008368,restaurant,No rating,No reviews,OPERATIONAL,https://maps.google.com/?cid=N/A
N/A,مطعم - تحت الإنشاء,26.3958901,50.2008368,restaurant,No rating,No reviews,OPERATIONAL,https://maps.google.com/?cid=N/A
N/A,بطاطس جيزاني cruella,26.412885499999998,50.2203733,restaurant,4.8,868,OPERATIONAL,https://maps.google.com/?cid=N/A
N/A,متعة الجليد _ FUN ICE,26.412523099999998,50.2205681,restaurant,4.3,193,OPERATIONAL,https://maps.google.com/?cid=N/A
N/A,طفران - TAFRAN,26.4125601,50.2202047,restaurant,4.2,124,OPERATIONAL,https://maps.google.com/?cid=N/A
N/A,بلوفات BLUFAT,26.412187499999998,50.2207656,restaurant,4.3,209,OPERATIONAL,https://maps.google.com/?cid=N/A
N/A,Um Hanan Local Food,26.4032262,50.2260596,restaurant,4.9,23,OPERATIONAL,https://maps.google.com/?cid=N/A
N/A,بطاطس ابو موضي ٢,26.3917549,50.2336734,restaurant,4,9,OPERATIONAL,https://maps.google.com/?cid=N/A
N/A,باستا وايز,26.3907338,50.234352699999995,restaurant,4.7,99,OPERATIONAL,https://maps.google.com/?cid=N/A
N/A,إندوفرايز Endofries,26.391004499999998,50.2341799,restaurant,4.5,34,OPERATIONAL,https://maps.google.com/?cid=N/A
N/A,كوري كورن - الكباب الكوري المقرمش - فرع الخبر,26.4088912,50.2226163,restaurant,4.8,30,OPERATIONAL,https://maps.google.com/?cid=N/A
N/A,فود تردك جداويه,26.4109311,50.221451599999995,restaurant,3.9,34,OPERATIONAL,https://maps.google.com/?cid=N/A
N/A,Chico تشيكو,26.409098099999998,50.222445699999994,restaurant,4.6,9,OPERATIONAL,https://maps.google.com/?cid=N/A
N/A,عربة وفود ترك ام تركي,26.3918679,50.2338291,restaurant,5,16,OPERATIONAL,https://maps.google.com/?cid=N/A
N/A,تاوة الطيبين بحر الراكة,26.4088881,50.2226736,restaurant,4.6,17,OPERATIONAL,https://maps.google.com/?cid=N/A
N/A,بوتيروس باشا,26.405177,50.2255663,restaurant,No rating,No reviews,OPERATIONAL,https://maps.google.com/?cid=N/A
N/A,انا غير,26.409445899999998,50.222156299999995,restaurant,4,1,OPERATIONAL,https://maps.google.com/?cid=N/A
N/A,Zoz Kitchen,26.4108375,50.2215469,restaurant,5,4,OPERATIONAL,https://maps.google.com/?cid=N/A
N/A,BiSoeet,26.392774,50.2324309,restaurant,5,7,OPERATIONAL,https://maps.google.com/?cid=N/A
N/A,pasta wise,26.390454499999997,50.234492499999995,restaurant,5,27,OPERATIONAL,https://maps.google.com/?cid=N/A
N/A,عربة وفود ترك ام تركي,26.3918679,50.2338291,restaurant,5,16,OPERATIONAL,https://maps.google.com/?cid=N/A
N/A,ابوراشد ام راشد اللاكلات الشعبية,26.3924454,50.2333033,restaurant,5,5,OPERATIONAL,https://maps.google.com/?cid=N/A
N/A,PMU Cafeteria,26.146202,50.0913487,restaurant,3.1,57,OPERATIONAL,https://maps.google.com/?cid=N/A
N/A,Al Lahib Restaurant,26.157035,50.121644599999996,restaurant,3.9,588,OPERATIONAL,https://maps.google.com/?cid=N/A
N/A,Rawan Bukhari Restaurant,26.1576198,50.119678199999996,restaurant,4,490,OPERATIONAL,https://maps.google.com/?cid=N/A
N/A,بوفيه بحر المزاج ٢,26.1583091,50.119137099999996,restaurant,4.7,14,OPERATIONAL,https://maps.google.com/?cid=N/A
N/A,فوال حسن يوسف,26.1566077,50.127451199999996,restaurant,3.4,25,OPERATIONAL,https://maps.google.com/?cid=N/A
N/A,بوفية جبن و كبدة,26.1633968,50.1149136,restaurant,4.3,32,OPERATIONAL,https://maps.google.com/?cid=N/A
N/A,بوفية كيان السعادة,26.167569699999998,50.117123299999996,restaurant,5,19,OPERATIONAL,https://maps.google.com/?cid=N/A
N/A,Al Lahib Restaurant,26.157035,50.121644599999996,restaurant,3.9,588,OPERATIONAL,https://maps.google.com/?cid=N/A
N/A,منتو صح,26.1536875,50.144687499999996,restaurant,4.6,446,OPERATIONAL,https://maps.google.com/?cid=N/A
N/A,Rawan Bukhari Restaurant,26.1576198,50.119678199999996,restaurant,4,490,OPERATIONAL,https://maps.google.com/?cid=N/A
N/A,حاشي بن عواض,26.1540406,50.1463235,restaurant,4,172,OPERATIONAL,https://maps.google.com/?cid=N/A
N/A,أيقونة الشاورما,26.153728899999997,50.1446998,restaurant,4,239,OPERATIONAL,https://maps.google.com/?cid=N/A
N/A,فوال فطور الفجر,26.1539869,50.143436,restaurant,3.8,609,OPERATIONAL,https://maps.google.com/?cid=N/A
N/A,لقيمات مال أول,26.1536793,50.1447511,restaurant,4.2,313,OPERATIONAL,https://maps.google.com/?cid=N/A
N/A,كوثر العزيزية,26.1544375,50.1406875,restaurant,3.6,224,OPERATIONAL,https://maps.google.com/?cid=N/A
N/A,مطعم تثليث البخاري الهالیا مطعم کروان الاشراق البخاری,26.1546973,50.1431535,restaurant,3.9,198,OPERATIONAL,https://maps.google.com/?cid=N/A
N/A,مطعم طيف الشام,26.154376799999998,50.144895,restaurant,3.9,211,OPERATIONAL,https://maps.google.com/?cid=N/A
N/A,مطاعم ربع خروف,26.155380800000003,50.1389478,restaurant,3.5,131,OPERATIONAL,https://maps.google.com/?cid=N/A
N/A,ورق عنب دولمه فاكتوري,26.1537831,50.1443631,restaurant,4.5,66,OPERATIONAL,https://maps.google.com/?cid=N/A
N/A,مطعم ورود الشام,26.153639499999997,50.144323,restaurant,4,54,OPERATIONAL,https://maps.google.com/?cid=N/A
N/A,مطعم الصحن الذهبي فرع العزيزية,26.153700699999998,50.1446068,restaurant,4,63,OPERATIONAL,https://maps.google.com/?cid=N/A
N/A,بوفية أكرك النداوي الوجبات السريعة فرع العزيزية,26.155289,50.13945950000001,restaurant,4.1,34,OPERATIONAL,https://maps.google.com/?cid=N/A
N/A,بوفيه بحر المزاج ٢,26.1583091,50.119137099999996,restaurant,4.7,14,OPERATIONAL,https://maps.google.com/?cid=N/A
N/A,بوفيه شموخ القناعه,26.154411999999997,50.138407099999995,restaurant,4.8,74,OPERATIONAL,https://maps.google.com/?cid=N/A
N/A,فوال حسن يوسف,26.1566077,50.127451199999996,restaurant,3.4,25,OPERATIONAL,https://maps.google.com/?cid=N/A
N/A,SHAEBIAT SANA'A RESTAURANT,26.153907399999998,50.1438932,restaurant,4.1,42,OPERATIONAL,https://maps.google.com/?cid=N/A
N/A,بوفية سهل المسيلة لتقديم الوجبات والأكلات الشعبية,26.1549935,50.140921399999996,restaurant,4.9,13,OPERATIONAL,https://maps.google.com/?cid=N/A
N/A,McDonald's,26.154764999999998,50.161443,restaurant,3.6,1788,OPERATIONAL,https://maps.google.com/?cid=N/A
N/A,88PORT | ٨٨ بورت,26.1520409,50.160781899999996,restaurant,4.6,674,OPERATIONAL,https://maps.google.com/?cid=N/A
N/A,شرنبي,26.1552412,50.1613517,restaurant,4.4,845,OPERATIONAL,https://maps.google.com/?cid=N/A
N/A,حاشيكم,26.1550625,50.1613125,restaurant,3.9,685,OPERATIONAL,https://maps.google.com/?cid=N/A
N/A,KFC,26.1573324,50.161497499999996,restaurant,4,798,OPERATIONAL,https://maps.google.com/?cid=N/A
N/A,منتو صح,26.1536875,50.144687499999996,restaurant,4.6,446,OPERATIONAL,https://maps.google.com/?cid=N/A
N/A,Gate falafel,26.1526596,50.156326199999995,restaurant,3.9,398,OPERATIONAL,https://maps.google.com/?cid=N/A
N/A,حاشي بن عواض,26.1540406,50.1463235,restaurant,4,172,OPERATIONAL,https://maps.google.com/?cid=N/A
N/A,Domino's دومينوز,26.155096399999998,50.1613737,restaurant,3.3,69,OPERATIONAL,https://maps.google.com/?cid=N/A
N/A,أيقونة الشاورما,26.153728899999997,50.1446998,restaurant,4,239,OPERATIONAL,https://maps.google.com/?cid=N/A
N/A,لقيمات مال أول,26.1536793,50.1447511,restaurant,4.2,313,OPERATIONAL,https://maps.google.com/?cid=N/A
N/A,فوال فطور الفجر,26.1539869,50.143436,restaurant,3.8,609,OPERATIONAL,https://maps.google.com/?cid=N/A
N/A,المشوى العنابي | Ennabi Grill,26.1551441,50.161397199999996,restaurant,3.2,134,OPERATIONAL,https://maps.google.com/?cid=N/A
N/A,Burger King - Azizia View,26.1542724,50.1614546,restaurant,4.4,286,OPERATIONAL,https://maps.google.com/?cid=N/A
N/A,Restaurant Miamis مطاعم مياميس,26.1534931,50.151269899999996,restaurant,4.5,180,OPERATIONAL,https://maps.google.com/?cid=N/A
N/A,معجنات أبو ماهر,26.1523595,50.1582258,restaurant,3.5,354,OPERATIONAL,https://maps.google.com/?cid=N/A
N/A,كوثر العزيزية,26.1544375,50.1406875,restaurant,3.6,224,OPERATIONAL,https://maps.google.com/?cid=N/A
N/A,مطعم طيف الشام,26.154376799999998,50.144895,restaurant,3.9,211,OPERATIONAL,https://maps.google.com/?cid=N/A
N/A,مطعم تثليث البخاري الهالیا مطعم کروان الاشراق البخاری,26.1546973,50.1431535,restaurant,3.9,198,OPERATIONAL,https://maps.google.com/?cid=N/A
N/A,إستراحة صالح العلياني,26.1648146,50.1546978,restaurant,4.2,101,OPERATIONAL,https://maps.google.com/?cid=N/A
N/A,McDonald's,26.154764999999998,50.161443,restaurant,3.6,1788,OPERATIONAL,https://maps.google.com/?cid=N/A
N/A,88PORT | ٨٨ بورت,26.1520409,50.160781899999996,restaurant,4.6,674,OPERATIONAL,https://maps.google.com/?cid=N/A
N/A,شرنبي,26.1552412,50.1613517,restaurant,4.4,845,OPERATIONAL,https://maps.google.com/?cid=N/A
N/A,The Coffee Address | عنوان القهوة,26.168681199999998,50.162199099999995,restaurant,4.3,160,OPERATIONAL,https://maps.google.com/?cid=N/A
N/A,حاشيكم,26.1550625,50.1613125,restaurant,3.9,685,OPERATIONAL,https://maps.google.com/?cid=N/A
N/A,KFC,26.1573324,50.161497499999996,restaurant,4,798,OPERATIONAL,https://maps.google.com/?cid=N/A
N/A,Domino's دومينوز,26.155096399999998,50.1613737,restaurant,3.3,69,OPERATIONAL,https://maps.google.com/?cid=N/A
N/A,Gate falafel,26.1526596,50.156326199999995,restaurant,3.9,398,OPERATIONAL,https://maps.google.com/?cid=N/A
N/A,المشوى العنابي | Ennabi Grill,26.1551441,50.161397199999996,restaurant,3.2,134,OPERATIONAL,https://maps.google.com/?cid=N/A
N/A,Burger King - Azizia View,26.1542724,50.1614546,restaurant,4.4,286,OPERATIONAL,https://maps.google.com/?cid=N/A
N/A,معجنات أبو ماهر,26.1523595,50.1582258,restaurant,3.5,354,OPERATIONAL,https://maps.google.com/?cid=N/A
N/A,بوفيه الدببة الثلاثة للفلافل,26.1571657,50.161640899999995,restaurant,3.9,67,OPERATIONAL,https://maps.google.com/?cid=N/A
N/A,مطعم ويفز,26.1504825,50.1643018,restaurant,4.5,71,OPERATIONAL,https://maps.google.com/?cid=N/A
N/A,بيت المرسة,26.157088899999998,50.1616849,restaurant,4.8,45,OPERATIONAL,https://maps.google.com/?cid=N/A
N/A,برجر المشوي,26.1527177,50.1560443,restaurant,3.8,32,OPERATIONAL,https://maps.google.com/?cid=N/A
N/A,مطاعم التركستاني البخاري 10,26.152633599999998,50.1567332,restaurant,3.6,37,OPERATIONAL,https://maps.google.com/?cid=N/A
N/A,فن برجر الطازج,26.1573314,50.1615186,restaurant,4.2,60,OPERATIONAL,https://maps.google.com/?cid=N/A
N/A,كوب لذه,26.1571404,50.161678599999995,restaurant,4.9,40,OPERATIONAL,https://maps.google.com/?cid=N/A
N/A,فوال افغاني,26.152601299999997,50.1569297,restaurant,3.6,68,OPERATIONAL,https://maps.google.com/?cid=N/A
N/A,La Terrace,26.1572359,50.1940239,restaurant,3.9,17,OPERATIONAL,https://maps.google.com/?cid=N/A
N/A,Deli Bakery,26.1573648,50.1940873,restaurant,4,21,OPERATIONAL,https://maps.google.com/?cid=N/A
N/A,La Terrace,26.1572359,50.1940239,restaurant,3.9,17,OPERATIONAL,https://maps.google.com/?cid=N/A
N/A,Deli Bakery,26.1573648,50.1940873,restaurant,4,21,OPERATIONAL,https://maps.google.com/?cid=N/A
N/A,بوفية جبن و كبدة,26.1633968,50.1149136,restaurant,4.3,32,OPERATIONAL,https://maps.google.com/?cid=N/A
N/A,بوفية كيان السعادة,26.167569699999998,50.117123299999996,restaurant,5,19,OPERATIONAL,https://maps.google.com/?cid=N/A
N/A,مطعم سفير الجنوب للاكلات الشعبية,26.175026,50.1459809,restaurant,4,1242,OPERATIONAL,https://maps.google.com/?cid=N/A
N/A,مطعم الكبسة الدمامية (الخبر) | Al-Kabsah Al-Dammamiah,26.175716599999998,50.1416198,restaurant,3.9,186,OPERATIONAL,https://maps.google.com/?cid=N/A
N/A,معجنات جوري الشام,26.1749434,50.1456838,restaurant,4.8,142,OPERATIONAL,https://maps.google.com/?cid=N/A
N/A,Shaam Al Falafel Restaurant مطعم شام الفلفل,26.1747999,50.1457791,restaurant,4.3,28,OPERATIONAL,https://maps.google.com/?cid=N/A
N/A,UFO | البرجر الطائر,26.1747528,50.1478742,restaurant,4.3,84,OPERATIONAL,https://maps.google.com/?cid=N/A
N/A,مطاعم البخاري,26.179381400000004,50.137379499999994,restaurant,3.7,21,OPERATIONAL,https://maps.google.com/?cid=N/A
N/A,فوال نور الصباح,26.1751641,50.145564199999995,restaurant,2.9,10,OPERATIONAL,https://maps.google.com/?cid=N/A
N/A,Madinah Hotel Pakistani,26.1755306,50.1426285,restaurant,4.3,7,OPERATIONAL,https://maps.google.com/?cid=N/A
N/A,.برجر مشوي على الفحم العزيزية,26.1751494,50.1456896,restaurant,4,18,OPERATIONAL,https://maps.google.com/?cid=N/A
N/A,لقيمات ماضينا,26.175624799999998,50.1423695,restaurant,4.6,91,OPERATIONAL,https://maps.google.com/?cid=N/A
N/A,Al-Omran Restaurant,26.176325499999997,50.1375605,restaurant,4.2,28,OPERATIONAL,https://maps.google.com/?cid=N/A
N/A,مطعم شواية الأطلال البخاري,26.1758956,50.1448299,restaurant,3.9,15,OPERATIONAL,https://maps.google.com/?cid=N/A
N/A,بوفيه نكهات الجنوب,26.1749519,50.145643199999995,restaurant,4.6,10,OPERATIONAL,https://maps.google.com/?cid=N/A
N/A,بوفية سماء العزيزية,26.175535099999998,50.1427026,restaurant,5,3,OPERATIONAL,https://maps.google.com/?cid=N/A
N/A,مطعم وضحى الجنوب للأكلات الشعبية,26.175486,50.142939399999996,restaurant,4.9,18,OPERATIONAL,https://maps.google.com/?cid=N/A
N/A,The Great Grill,26.1750582,50.1457647,restaurant,3.5,31,OPERATIONAL,https://maps.google.com/?cid=N/A
N/A,مندي الشراع,26.175625699999998,50.142338699999996,restaurant,4.3,49,OPERATIONAL,https://maps.google.com/?cid=N/A
N/A,مطعم سفير الجنوب للاكلات الشعبية,26.175026,50.1459809,restaurant,4,1242,OPERATIONAL,https://maps.google.com/?cid=N/A
N/A,عصيدة ومرق,26.184269099999998,50.158415000000005,restaurant,4.1,1191,OPERATIONAL,https://maps.google.com/?cid=N/A
N/A,Belad Al-Sham,26.1738862,50.153679,restaurant,4,1042,OPERATIONAL,https://maps.google.com/?cid=N/A
N/A,AL Shallal Pastry,26.173464199999998,50.1561933,restaurant,3.9,587,OPERATIONAL,https://maps.google.com/?cid=N/A
N/A,Shawati Alkhaleej,26.1734971,50.1561009,restaurant,4.2,585,OPERATIONAL,https://maps.google.com/?cid=N/A
N/A,مطعم الصاج اللبناني,26.174001399999998,50.152660499999996,restaurant,4.1,545,OPERATIONAL,https://maps.google.com/?cid=N/A
N/A,حلا نحلة,26.1731456,50.1583255,restaurant,4.9,722,OPERATIONAL,https://maps.google.com/?cid=N/A
N/A,ورق عنب سوما | Soma Grape Leaves,26.1732783,50.162124999999996,restaurant,4.6,1166,OPERATIONAL,https://maps.google.com/?cid=N/A
N/A,The Coffee Address | عنوان القهوة,26.168681199999998,50.162199099999995,restaurant,4.3,160,OPERATIONAL,https://maps.google.com/?cid=N/A
N/A,Kudu - Al-Shiraa - Al Khobar,26.172158399999997,50.1621235,restaurant,3.9,515,OPERATIONAL,https://maps.google.com/?cid=N/A
N/A,فوال ابو عزوز,26.172665199999997,50.1617302,restaurant,4.2,294,OPERATIONAL,https://maps.google.com/?cid=N/A
N/A,Different bukhari restaurant,26.1734923,50.1606394,restaurant,4.1,194,OPERATIONAL,https://maps.google.com/?cid=N/A
N/A,Lahza,26.175044099999997,50.150316600000004,restaurant,4.4,338,OPERATIONAL,https://maps.google.com/?cid=N/A
N/A,فلافل ياسمين الشام,26.1746424,50.1486263,restaurant,4.7,595,OPERATIONAL,https://maps.google.com/?cid=N/A
N/A,مطعم مالح حلو | العزيزية,26.173441,50.1564629,restaurant,4.5,339,OPERATIONAL,https://maps.google.com/?cid=N/A
N/A,Jody Kitchen,26.1736127,50.1543905,restaurant,4.2,350,OPERATIONAL,https://maps.google.com/?cid=N/A
N/A,فلافل وشاورما على كيفك - فرع العزيزية,26.1869141,50.15964710000001,restaurant,3.8,445,OPERATIONAL,https://maps.google.com/?cid=N/A
N/A,شاورمجي | SHAWERMAGY,26.1750062,50.1505331,restaurant,4.2,1170,OPERATIONAL,https://maps.google.com/?cid=N/A
N/A,Maza Broasted,26.1711414,50.1621141,restaurant,3.9,278,OPERATIONAL,https://maps.google.com/?cid=N/A
N/A,اي بلس | A PLUS,26.1867062,50.1596883,restaurant,4.4,238,OPERATIONAL,https://maps.google.com/?cid=N/A
N/A,عصيدة ومرق,26.184269099999998,50.158415000000005,restaurant,4.1,1191,OPERATIONAL,https://maps.google.com/?cid=N/A
N/A,AL Shallal Pastry,26.173464199999998,50.1561933,restaurant,3.9,587,OPERATIONAL,https://maps.google.com/?cid=N/A
N/A,Shawati Alkhaleej,26.1734971,50.1561009,restaurant,4.2,585,OPERATIONAL,https://maps.google.com/?cid=N/A
N/A,ورق عنب سوما | Soma Grape Leaves,26.1732783,50.162124999999996,restaurant,4.6,1166,OPERATIONAL,https://maps.google.com/?cid=N/A
N/A,حلا نحلة,26.1731456,50.1583255,restaurant,4.9,722,OPERATIONAL,https://maps.google.com/?cid=N/A
N/A,The Coffee Address | عنوان القهوة,26.168681199999998,50.162199099999995,restaurant,4.3,160,OPERATIONAL,https://maps.google.com/?cid=N/A
N/A,Kudu - Al-Shiraa - Al Khobar,26.172158399999997,50.1621235,restaurant,3.9,515,OPERATIONAL,https://maps.google.com/?cid=N/A
N/A,فوال ابو عزوز,26.172665199999997,50.1617302,restaurant,4.2,294,OPERATIONAL,https://maps.google.com/?cid=N/A
N/A,Different bukhari restaurant,26.1734923,50.1606394,restaurant,4.1,194,OPERATIONAL,https://maps.google.com/?cid=N/A
N/A,مطعم مالح حلو | العزيزية,26.173441,50.1564629,restaurant,4.5,339,OPERATIONAL,https://maps.google.com/?cid=N/A
N/A,Maza Broasted,26.1711414,50.1621141,restaurant,3.9,278,OPERATIONAL,https://maps.google.com/?cid=N/A
N/A,سناعة امي لطيفة العزيزيه,26.1791491,50.1638783,restaurant,3.9,291,OPERATIONAL,https://maps.google.com/?cid=N/A
N/A,مطاعم ولائم الطاهي,26.176482,50.162490899999995,restaurant,4.2,294,OPERATIONAL,https://maps.google.com/?cid=N/A
N/A,مطعم و بروستد الشام - العزيزية,26.1737228,50.1596431,restaurant,4.7,838,OPERATIONAL,https://maps.google.com/?cid=N/A
N/A,shabab Al Bukhari Azizia Restaurant,26.173481499999998,50.1563641,restaurant,3.8,336,OPERATIONAL,https://maps.google.com/?cid=N/A
N/A,Maestro Pizza,26.1789852,50.163895700000005,restaurant,3.4,130,OPERATIONAL,https://maps.google.com/?cid=N/A
N/A,راعى البروستد - Rayealbroasted,26.178955,50.1573621,restaurant,4.1,165,OPERATIONAL,https://maps.google.com/?cid=N/A
N/A,مطاعم وقت المندي,26.1743809,50.1546733,restaurant,3.6,259,OPERATIONAL,https://maps.google.com/?cid=N/A
N/A,Barn's | بارنز,26.1762145,50.162633799999995,restaurant,4.3,96,OPERATIONAL,https://maps.google.com/?cid=N/A
N/A,الشروق للأكلات الشعبية,26.1734711,50.1607725,restaurant,3.4,267,OPERATIONAL,https://maps.google.com/?cid=N/A
N/A,مطعم الرواق الشعبي/ فرع العزيزية,26.183333599999997,50.184665599999995,restaurant,4.1,3412,OPERATIONAL,https://maps.google.com/?cid=N/A
N/A,Jareed restaurant,26.1844018,50.1851657,restaurant,4.4,1486,OPERATIONAL,https://maps.google.com/?cid=N/A
N/A,Shwaiat Al-Khalij,26.1874351,50.185932099999995,restaurant,4.1,492,OPERATIONAL,https://maps.google.com/?cid=N/A
N/A,The Coffee Address | عنوان القهوة,26.1861537,50.1864056,restaurant,4.5,332,OPERATIONAL,https://maps.google.com/?cid=N/A
N/A,Fatoor AlTaibeen,26.1861915,50.1864358,restaurant,4.1,4174,OPERATIONAL,https://maps.google.com/?cid=N/A
N/A,مطعم مشوار العزيزية,26.189740099999998,50.1874914,restaurant,3.5,1330,OPERATIONAL,https://maps.google.com/?cid=N/A
N/A,فروج ابو العبد,26.1883531,50.1879218,restaurant,4,880,OPERATIONAL,https://maps.google.com/?cid=N/A
N/A,Leen Reasturant,26.1794893,50.1851706,restaurant,4.1,1841,OPERATIONAL,https://maps.google.com/?cid=N/A
N/A,مطعم صياديه شعيب للمأكولات البحريه sayadieh shuaib,26.1867244,50.1867824,restaurant,4.7,802,OPERATIONAL,https://maps.google.com/?cid=N/A
N/A,Masterpiece of Seas,26.1884087,50.187937899999994,restaurant,4.5,3355,OPERATIONAL,https://maps.google.com/?cid=N/A
N/A,KFC,26.184980499999998,50.1858073,restaurant,3.7,1532,OPERATIONAL,https://maps.google.com/?cid=N/A
N/A,مطعم غزال فرع العزيزيه,26.187932099999998,50.1874975,restaurant,4.1,362,OPERATIONAL,https://maps.google.com/?cid=N/A
N/A,افران الحطب,26.1887135,50.1880792,restaurant,4.1,220,OPERATIONAL,https://maps.google.com/?cid=N/A
N/A,Sama Deeraty,26.186362,50.185188800000006,restaurant,3.8,4937,OPERATIONAL,https://maps.google.com/?cid=N/A
N/A,السيف كافية العزيزية,26.1829221,50.1844135,restaurant,4.2,396,OPERATIONAL,https://maps.google.com/?cid=N/A
N/A,Falafel Pie,26.1868168,50.186833299999996,restaurant,4,338,OPERATIONAL,https://maps.google.com/?cid=N/A
N/A,Hardee's,26.185062499999997,50.1858125,restaurant,3.9,1399,OPERATIONAL,https://maps.google.com/?cid=N/A
N/A,مطعم عريكة ماضينا,26.1844789,50.1839787,restaurant,4.3,1450,OPERATIONAL,https://maps.google.com/?cid=N/A
N/A,مندي الأحساء,26.180785,50.1836744,restaurant,4.3,230,OPERATIONAL,https://maps.google.com/?cid=N/A
N/A,Kudu - Tahlia District - Al Khobar,26.183802000000004,50.1853042,restaurant,3.8,189,OPERATIONAL,https://maps.google.com/?cid=N/A
N/A,مطاعم ومعجنات الناعورة,26.1776128,50.194923499999994,restaurant,3.6,72,OPERATIONAL,https://maps.google.com/?cid=N/A
N/A,Qafsha,26.1806179,50.2030506,restaurant,4.2,153,OPERATIONAL,https://maps.google.com/?cid=N/A
N/A,مطعم المرجان الماسي,26.1776768,50.1949872,restaurant,3.9,15,OPERATIONAL,https://maps.google.com/?cid=N/A
N/A,Leros Restaurant,26.1891841,50.020598299999996,restaurant,4.2,231,OPERATIONAL,https://maps.google.com/?cid=N/A
N/A,Half Moon Restaurant,26.200829000000002,50.027458499999995,restaurant,3.8,2119,OPERATIONAL,https://maps.google.com/?cid=N/A
N/A,مطاعم أليان البخاري,26.202124299999998,50.0248722,restaurant,3.2,100,OPERATIONAL,https://maps.google.com/?cid=N/A
N/A,Leros Restaurant,26.1891841,50.020598299999996,restaurant,4.2,231,OPERATIONAL,https://maps.google.com/?cid=N/A
N/A,فوال نور الصباح,26.202603600000003,50.025188299999996,restaurant,3.8,34,OPERATIONAL,https://maps.google.com/?cid=N/A
N/A,BROASTED ZIYAD,26.202157399999997,50.0248715,restaurant,3.9,95,OPERATIONAL,https://maps.google.com/?cid=N/A
N/A,بوفية جزيرة الشواطئ,26.1945049,50.0240362,restaurant,3.1,112,OPERATIONAL,https://maps.google.com/?cid=N/A
N/A,مفنتك / فرع بنانا بيتش,26.2049609,50.027997799999994,restaurant,4.3,9,OPERATIONAL,https://maps.google.com/?cid=N/A
N/A,Titus food truck,26.200735899999998,50.02963270000001,restaurant,5,5,OPERATIONAL,https://maps.google.com/?cid=N/A
N/A,Anchor burger,26.2060723,50.0279155,restaurant,2.3,3,OPERATIONAL,https://maps.google.com/?cid=N/A
N/A,مطعم جزيرة الشواطئ,26.194751,50.0466215,restaurant,3.3,24,OPERATIONAL,https://maps.google.com/?cid=N/A
N/A,مطعم وجه القمر,26.198176,50.046485399999995,restaurant,2.3,3,OPERATIONAL,https://maps.google.com/?cid=N/A
N/A,مطبخ ام فايز,26.1914025,50.0568247,restaurant,4.6,88,OPERATIONAL,https://maps.google.com/?cid=N/A
N/A,بوفيه يمني,26.1982722,50.046675799999996,restaurant,4,8,OPERATIONAL,https://maps.google.com/?cid=N/A
N/A,تعوبي,26.191781199999998,50.056061299999996,restaurant,4,2,OPERATIONAL,https://maps.google.com/?cid=N/A
N/A,رشفه,26.192422500000003,50.055755,restaurant,No rating,No reviews,OPERATIONAL,https://maps.google.com/?cid=N/A
N/A,مطعم زعيله عبدالهادي,26.198159399999998,50.046917199999996,restaurant,No rating,No reviews,OPERATIONAL,https://maps.google.com/?cid=N/A
N/A,مطبخ ام فايز,26.1914025,50.0568247,restaurant,4.6,88,OPERATIONAL,https://maps.google.com/?cid=N/A
N/A,مطعم جزيرة الشواطئ,26.194751,50.0466215,restaurant,3.3,24,OPERATIONAL,https://maps.google.com/?cid=N/A
N/A,تعوبي,26.191781199999998,50.056061299999996,restaurant,4,2,OPERATIONAL,https://maps.google.com/?cid=N/A
N/A,رشفه,26.192422500000003,50.055755,restaurant,No rating,No reviews,OPERATIONAL,https://maps.google.com/?cid=N/A
N/A,مطعم زعيله عبدالهادي,26.198159399999998,50.046917199999996,restaurant,No rating,No reviews,OPERATIONAL,https://maps.google.com/?cid=N/A
N/A,حياة الصحة لتقديم الوجبات,26.1966783,50.1458825,restaurant,5,1,OPERATIONAL,https://maps.google.com/?cid=N/A
N/A,عصيدة ومرق,26.184269099999998,50.158415000000005,restaurant,4.1,1191,OPERATIONAL,https://maps.google.com/?cid=N/A
N/A,فلافل وشاورما على كيفك - فرع العزيزية,26.1869141,50.15964710000001,restaurant,3.8,445,OPERATIONAL,https://maps.google.com/?cid=N/A
N/A,اي بلس | A PLUS,26.1867062,50.1596883,restaurant,4.4,238,OPERATIONAL,https://maps.google.com/?cid=N/A
N/A,كنافة الارجوان,26.1870065,50.15897880000001,restaurant,4.5,287,OPERATIONAL,https://maps.google.com/?cid=N/A
N/A,مندي شيف الخليج,26.187591899999997,50.1597507,restaurant,4,181,OPERATIONAL,https://maps.google.com/?cid=N/A
N/A,Barn's | بارنز,26.1864189,50.159590699999995,restaurant,4,53,OPERATIONAL,https://maps.google.com/?cid=N/A
N/A,فوال و مخبز نور الصباح,26.1951467,50.1611774,restaurant,3.7,98,OPERATIONAL,https://maps.google.com/?cid=N/A
N/A,مطعم شاشليك,26.1874763,50.159771199999994,restaurant,4.1,130,OPERATIONAL,https://maps.google.com/?cid=N/A
N/A,برجرالمشوي Burger al Mashwi,26.186997899999998,50.1596518,restaurant,4,27,OPERATIONAL,https://maps.google.com/?cid=N/A
N/A,بروستد بسام | Bassam Broasted,26.1953066,50.1612203,restaurant,4.3,17,OPERATIONAL,https://maps.google.com/?cid=N/A
N/A,بوفيه دراقة لتقديم الوجبات,26.1906398,50.159240499999996,restaurant,4.4,15,OPERATIONAL,https://maps.google.com/?cid=N/A
N/A,بوفية كنز القناعة للوجبات السريعة,26.186661700000002,50.1598056,restaurant,3.9,12,OPERATIONAL,https://maps.google.com/?cid=N/A
N/A,Guest Welcome Bukhari Restaurant,26.1874897,50.159828499999996,restaurant,3.5,2,OPERATIONAL,https://maps.google.com/?cid=N/A
N/A,كرم البحر,26.1874339,50.1597454,restaurant,4.7,28,OPERATIONAL,https://maps.google.com/?cid=N/A
N/A,بوفية جبل اب لتقديم الوجبات,26.1906504,50.159332,restaurant,4.9,16,OPERATIONAL,https://maps.google.com/?cid=N/A
N/A,كفتريا المذاق اليمني,26.186653099999997,50.1598605,restaurant,3.1,7,OPERATIONAL,https://maps.google.com/?cid=N/A
N/A,حياة الصحة لتقديم الوجبات,26.1966783,50.1458825,restaurant,5,1,OPERATIONAL,https://maps.google.com/?cid=N/A
N/A,فلافل وشاورما على كيفك - فرع العزيزية,26.1869141,50.15964710000001,restaurant,3.8,445,OPERATIONAL,https://maps.google.com/?cid=N/A
N/A,اي بلس | A PLUS,26.1867062,50.1596883,restaurant,4.4,238,OPERATIONAL,https://maps.google.com/?cid=N/A
N/A,كنافة الارجوان,26.1870065,50.15897880000001,restaurant,4.5,287,OPERATIONAL,https://maps.google.com/?cid=N/A
N/A,مندي شيف الخليج,26.187591899999997,50.1597507,restaurant,4,181,OPERATIONAL,https://maps.google.com/?cid=N/A
N/A,Barn's | بارنز,26.1864189,50.159590699999995,restaurant,4,53,OPERATIONAL,https://maps.google.com/?cid=N/A
N/A,مطعم عشق البحر,26.185203299999998,50.164677399999995,restaurant,3.5,192,OPERATIONAL,https://maps.google.com/?cid=N/A
N/A,فوال و مخبز نور الصباح,26.1951467,50.1611774,restaurant,3.7,98,OPERATIONAL,https://maps.google.com/?cid=N/A
N/A,مطعم شاشليك,26.1874763,50.159771199999994,restaurant,4.1,130,OPERATIONAL,https://maps.google.com/?cid=N/A
N/A,برجرالمشوي Burger al Mashwi,26.186997899999998,50.1596518,restaurant,4,27,OPERATIONAL,https://maps.google.com/?cid=N/A
N/A,بوفية زمن السعادة,26.191880800000003,50.176901199999996,restaurant,3.8,10,OPERATIONAL,https://maps.google.com/?cid=N/A
N/A,لمسات لذاذة,26.1915251,50.1771075,restaurant,4,58,OPERATIONAL,https://maps.google.com/?cid=N/A
N/A,مطابخ الفال والعقال,26.188258599999998,50.1826112,restaurant,4.7,44,OPERATIONAL,https://maps.google.com/?cid=N/A
N/A,bunchies restaurant,26.184662499999998,50.1647134,restaurant,4.5,19,OPERATIONAL,https://maps.google.com/?cid=N/A
N/A,بروستد بسام | Bassam Broasted,26.1953066,50.1612203,restaurant,4.3,17,OPERATIONAL,https://maps.google.com/?cid=N/A
N/A,بوفيه دراقة لتقديم الوجبات,26.1906398,50.159240499999996,restaurant,4.4,15,OPERATIONAL,https://maps.google.com/?cid=N/A
N/A,بوفية كنز القناعة للوجبات السريعة,26.186661700000002,50.1598056,restaurant,3.9,12,OPERATIONAL,https://maps.google.com/?cid=N/A
N/A,مطعم نقطة لذيذة,26.1840662,50.164732799999996,restaurant,4.3,62,OPERATIONAL,https://maps.google.com/?cid=N/A
N/A,مطعم جفرا,26.1919188,50.1769786,restaurant,3,7,OPERATIONAL,https://maps.google.com/?cid=N/A
N/A,شاورما تلال الخبر,26.1839081,50.164805699999995,restaurant,3,8,OPERATIONAL,https://maps.google.com/?cid=N/A
N/A,مطعم الرواق الشعبي/ فرع العزيزية,26.183333599999997,50.184665599999995,restaurant,4.1,3412,OPERATIONAL,https://maps.google.com/?cid=N/A
N/A,Jareed restaurant,26.1844018,50.1851657,restaurant,4.4,1486,OPERATIONAL,https://maps.google.com/?cid=N/A
N/A,Shrimp Nation,26.2022889,50.195311499999995,restaurant,4.3,3817,OPERATIONAL,https://maps.google.com/?cid=N/A
N/A,Shwaiat Al-Khalij,26.1874351,50.185932099999995,restaurant,4.1,492,OPERATIONAL,https://maps.google.com/?cid=N/A
N/A,McDonald's,26.191461,50.190053999999996,restaurant,3.8,4092,OPERATIONAL,https://maps.google.com/?cid=N/A
N/A,مشويات ملتقى الرافدين - الخبر,26.1926934,50.1894669,restaurant,4.2,2524,OPERATIONAL,https://maps.google.com/?cid=N/A
N/A,Modawar | كافتريا مدور,26.1983011,50.194527900000004,restaurant,4.2,527,OPERATIONAL,https://maps.google.com/?cid=N/A
N/A,The Coffee Address | عنوان القهوة,26.1861537,50.1864056,restaurant,4.5,332,OPERATIONAL,https://maps.google.com/?cid=N/A
N/A,Fatoor AlTaibeen,26.1861915,50.1864358,restaurant,4.1,4174,OPERATIONAL,https://maps.google.com/?cid=N/A
N/A,مطعم المضياف (العزيزية),26.2026391,50.1954018,restaurant,4.3,779,OPERATIONAL,https://maps.google.com/?cid=N/A
N/A,مطعم مشوار العزيزية,26.189740099999998,50.1874914,restaurant,3.5,1330,OPERATIONAL,https://maps.google.com/?cid=N/A
N/A,فروج ابو العبد,26.1883531,50.1879218,restaurant,4,880,OPERATIONAL,https://maps.google.com/?cid=N/A
N/A,مطعم ومطبخ جمرة الجنوب,26.195844299999997,50.1928017,restaurant,3.3,3364,OPERATIONAL,https://maps.google.com/?cid=N/A
N/A,مطعم صياديه شعيب للمأكولات البحريه sayadieh shuaib,26.1867244,50.1867824,restaurant,4.7,802,OPERATIONAL,https://maps.google.com/?cid=N/A
N/A,Masterpiece of Seas,26.1884087,50.187937899999994,restaurant,4.5,3355,OPERATIONAL,https://maps.google.com/?cid=N/A
N/A,KFC,26.184980499999998,50.1858073,restaurant,3.7,1532,OPERATIONAL,https://maps.google.com/?cid=N/A
N/A,افران الحطب,26.1887135,50.1880792,restaurant,4.1,220,OPERATIONAL,https://maps.google.com/?cid=N/A
N/A,مطعم غزال فرع العزيزيه,26.187932099999998,50.1874975,restaurant,4.1,362,OPERATIONAL,https://maps.google.com/?cid=N/A
N/A,الطازج,26.195565900000002,50.1927216,restaurant,2.2,371,OPERATIONAL,https://maps.google.com/?cid=N/A
N/A,برغرايززر | Burgerizzr,26.200628,50.194689999999994,restaurant,4.2,923,OPERATIONAL,https://maps.google.com/?cid=N/A
N/A,Shrimp Nation,26.2022889,50.195311499999995,restaurant,4.3,3817,OPERATIONAL,https://maps.google.com/?cid=N/A
N/A,Modawar | كافتريا مدور,26.1983011,50.194527900000004,restaurant,4.2,527,OPERATIONAL,https://maps.google.com/?cid=N/A
N/A,مطعم المضياف (العزيزية),26.2026391,50.1954018,restaurant,4.3,779,OPERATIONAL,https://maps.google.com/?cid=N/A
N/A,مطعم ومطبخ جمرة الجنوب,26.195844299999997,50.1928017,restaurant,3.3,3364,OPERATIONAL,https://maps.google.com/?cid=N/A
N/A,Spices Lounge Restaurant,26.2024083,50.212524599999995,restaurant,4.2,2277,OPERATIONAL,https://maps.google.com/?cid=N/A
N/A,IVY Restaurant & Cafè مطعم و مقهى ايفي,26.1993445,50.2122387,restaurant,4.6,489,OPERATIONAL,https://maps.google.com/?cid=N/A
N/A,مطعم مذاق الفخار,26.206257599999997,50.208379799999996,restaurant,4,1030,OPERATIONAL,https://maps.google.com/?cid=N/A
N/A,الطازج,26.195565900000002,50.1927216,restaurant,2.2,371,OPERATIONAL,https://maps.google.com/?cid=N/A
N/A,برغرايززر | Burgerizzr,26.200628,50.194689999999994,restaurant,4.2,923,OPERATIONAL,https://maps.google.com/?cid=N/A
N/A,راعي البروستد فرع العزيزيه الخبر,26.1966224,50.1932256,restaurant,4.2,1177,OPERATIONAL,https://maps.google.com/?cid=N/A
N/A,Thai House,26.2022329,50.1952226,restaurant,4.7,1828,OPERATIONAL,https://maps.google.com/?cid=N/A
N/A,معصوب التحلية | masoub altahlya,26.2059933,50.2089232,restaurant,4.4,324,OPERATIONAL,https://maps.google.com/?cid=N/A
N/A,MEDAR SEAFOOD RESTAURANT,26.202678799999997,50.195419099999995,restaurant,4.1,266,OPERATIONAL,https://maps.google.com/?cid=N/A
N/A,Broast Rukun Al-Tazaj,26.2017703,50.209486899999995,restaurant,4.3,768,OPERATIONAL,https://maps.google.com/?cid=N/A
N/A,هوبا |Hoba|,26.2009287,50.1944069,restaurant,3.5,181,OPERATIONAL,https://maps.google.com/?cid=N/A
N/A,شاورما أسطا غازي,26.1965632,50.193159699999995,restaurant,4.5,220,OPERATIONAL,https://maps.google.com/?cid=N/A
N/A,Kebda Hejazi,26.199385399999997,50.1951833,restaurant,4.2,384,OPERATIONAL,https://maps.google.com/?cid=N/A
N/A,لقيمات بنت القاضي الخبر - فرع الجسر,26.2014255,50.2077975,restaurant,4.2,954,OPERATIONAL,https://maps.google.com/?cid=N/A
N/A,فلافل لبنان,26.200629199999998,50.2048993,restaurant,3.9,381,OPERATIONAL,https://maps.google.com/?cid=N/A
N/A,Spices Lounge Restaurant,26.2024083,50.212524599999995,restaurant,4.2,2277,OPERATIONAL,https://maps.google.com/?cid=N/A
N/A,IVY Restaurant & Cafè مطعم و مقهى ايفي,26.1993445,50.2122387,restaurant,4.6,489,OPERATIONAL,https://maps.google.com/?cid=N/A
N/A,FISHPY Seafood restaurant .مطعم فيشبي للمأكولات البحرية,26.2009041,50.210404000000004,restaurant,4.3,426,OPERATIONAL,https://maps.google.com/?cid=N/A
N/A,Ahla Bokhari Guests Restaurant,26.2008591,50.2105628,restaurant,3.7,333,OPERATIONAL,https://maps.google.com/?cid=N/A
N/A,مطعم مرنان,26.200882399999998,50.2102453,restaurant,4,104,OPERATIONAL,https://maps.google.com/?cid=N/A
N/A,Dan Rose Restaurant,26.199075999999998,50.212170799999996,restaurant,5,2,OPERATIONAL,https://maps.google.com/?cid=N/A
N/A,Half Moon Restaurant,26.200829000000002,50.027458499999995,restaurant,3.8,2119,OPERATIONAL,https://maps.google.com/?cid=N/A
N/A,مطاعم أليان البخاري,26.202124299999998,50.0248722,restaurant,3.2,100,OPERATIONAL,https://maps.google.com/?cid=N/A
N/A,فوال نور الصباح,26.202603600000003,50.025188299999996,restaurant,3.8,34,OPERATIONAL,https://maps.google.com/?cid=N/A
N/A,BROASTED ZIYAD,26.202157399999997,50.0248715,restaurant,3.9,95,OPERATIONAL,https://maps.google.com/?cid=N/A
N/A,مفنتك / فرع بنانا بيتش,26.2049609,50.027997799999994,restaurant,4.3,9,OPERATIONAL,https://maps.google.com/?cid=N/A
N/A,Titus food truck,26.200735899999998,50.02963270000001,restaurant,5,5,OPERATIONAL,https://maps.google.com/?cid=N/A
N/A,Anchor burger,26.2060723,50.0279155,restaurant,2.3,3,OPERATIONAL,https://maps.google.com/?cid=N/A
N/A,بوفية عبدالله العتيبي الفرع الثاني,26.216045899999997,50.179522,restaurant,2.7,52,OPERATIONAL,https://maps.google.com/?cid=N/A
N/A,تكا الاصلي,26.2081563,50.170384999999996,restaurant,4.5,2,OPERATIONAL,https://maps.google.com/?cid=N/A
N/A,AlBaik,26.207780999999997,50.19643,restaurant,3.8,3805,OPERATIONAL,https://maps.google.com/?cid=N/A
N/A,Shrimp Nation,26.2022889,50.195311499999995,restaurant,4.3,3817,OPERATIONAL,https://maps.google.com/?cid=N/A
N/A,مطعم المضياف (العزيزية),26.2026391,50.1954018,restaurant,4.3,779,OPERATIONAL,https://maps.google.com/?cid=N/A
N/A,Lghawees | لغاويص,26.2081524,50.1967376,restaurant,3.8,1592,OPERATIONAL,https://maps.google.com/?cid=N/A
N/A,مطعم اللذة المغربية .,26.2090189,50.1954244,restaurant,4.1,609,OPERATIONAL,https://maps.google.com/?cid=N/A
N/A,برغرايززر | Burgerizzr,26.200628,50.194689999999994,restaurant,4.2,923,OPERATIONAL,https://maps.google.com/?cid=N/A
N/A,Casa Pasta | كازا باستا,26.208985,50.1959108,restaurant,3.6,898,OPERATIONAL,https://maps.google.com/?cid=N/A
N/A,Kufa,26.205364199999998,50.1962617,restaurant,4,417,OPERATIONAL,https://maps.google.com/?cid=N/A
N/A,New Al Madina Al Bukhair Restaurant / مطاعم البخاري,26.2085224,50.1876839,restaurant,4,1007,OPERATIONAL,https://maps.google.com/?cid=N/A
N/A,Thai House,26.2022329,50.1952226,restaurant,4.7,1828,OPERATIONAL,https://maps.google.com/?cid=N/A
N/A,MEDAR SEAFOOD RESTAURANT,26.202678799999997,50.195419099999995,restaurant,4.1,266,OPERATIONAL,https://maps.google.com/?cid=N/A
N/A,هوبا |Hoba|,26.2009287,50.1944069,restaurant,3.5,181,OPERATIONAL,https://maps.google.com/?cid=N/A
N/A,Subway,26.2019375,50.195187499999996,restaurant,4.3,399,OPERATIONAL,https://maps.google.com/?cid=N/A
N/A,Batotta Restaurant,26.208876399999998,50.1893314,restaurant,3.5,481,OPERATIONAL,https://maps.google.com/?cid=N/A
N/A,Manoosha Alreef,26.200982099999997,50.194418600000006,restaurant,3.9,894,OPERATIONAL,https://maps.google.com/?cid=N/A
N/A,الماعون الشرقي,26.209141799999998,50.1909351,restaurant,4.4,240,OPERATIONAL,https://maps.google.com/?cid=N/A
N/A,خلية الرابعه,26.208321599999998,50.1926774,restaurant,4.2,124,OPERATIONAL,https://maps.google.com/?cid=N/A
N/A,اصل البرجر TBO,26.200709099999997,50.1944492,restaurant,4.9,1676,OPERATIONAL,https://maps.google.com/?cid=N/A
N/A,مطعم سلة السمك Fish basket restaurant,26.208926899999998,50.188205499999995,restaurant,4.4,169,OPERATIONAL,https://maps.google.com/?cid=N/A
N/A,Little Caesars Pizza! Pizza! !ليتل سيزرز بيتزا! بيتزا,26.2090192,50.1954724,restaurant,3.8,118,OPERATIONAL,https://maps.google.com/?cid=N/A
N/A,AlBaik,26.207780999999997,50.19643,restaurant,3.8,3805,OPERATIONAL,https://maps.google.com/?cid=N/A
N/A,Shrimp Nation,26.2022889,50.195311499999995,restaurant,4.3,3817,OPERATIONAL,https://maps.google.com/?cid=N/A
N/A,Burger King - Al Jisr,26.218267,50.208152000000005,restaurant,3.8,1966,OPERATIONAL,https://maps.google.com/?cid=N/A
N/A,مطعم المضياف (العزيزية),26.2026391,50.1954018,restaurant,4.3,779,OPERATIONAL,https://maps.google.com/?cid=N/A
N/A,Mandi Sunset Restaurant,26.217644,50.207305299999994,restaurant,4,1811,OPERATIONAL,https://maps.google.com/?cid=N/A
N/A,Lghawees | لغاويص,26.2081524,50.1967376,restaurant,3.8,1592,OPERATIONAL,https://maps.google.com/?cid=N/A
N/A,Spices Lounge Restaurant,26.2024083,50.212524599999995,restaurant,4.2,2277,OPERATIONAL,https://maps.google.com/?cid=N/A
N/A,مطعم مذاق الفخار,26.206257599999997,50.208379799999996,restaurant,4,1030,OPERATIONAL,https://maps.google.com/?cid=N/A
N/A,Herfy,26.2146232,50.2071021,restaurant,3.7,1064,OPERATIONAL,https://maps.google.com/?cid=N/A
N/A,Ala Kaifak,26.2087976,50.2080492,restaurant,4.1,493,OPERATIONAL,https://maps.google.com/?cid=N/A
N/A,سكَّة كرك - Sikkat Karak,26.2174999,50.2073113,restaurant,4.6,784,OPERATIONAL,https://maps.google.com/?cid=N/A
N/A,مطعم اللذة المغربية .,26.2090189,50.1954244,restaurant,4.1,609,OPERATIONAL,https://maps.google.com/?cid=N/A
N/A,Casa Pasta | كازا باستا,26.208985,50.1959108,restaurant,3.6,898,OPERATIONAL,https://maps.google.com/?cid=N/A
N/A,Kufa,26.205364199999998,50.1962617,restaurant,4,417,OPERATIONAL,https://maps.google.com/?cid=N/A
N/A,Saudi Burger Al jisr,26.218288200000003,50.206743499999995,restaurant,4.1,645,OPERATIONAL,https://maps.google.com/?cid=N/A
N/A,شاورما ثواني,26.2170281,50.2069069,restaurant,4.2,599,OPERATIONAL,https://maps.google.com/?cid=N/A
N/A,معصوب التحلية | masoub altahlya,26.2059933,50.2089232,restaurant,4.4,324,OPERATIONAL,https://maps.google.com/?cid=N/A
N/A,Broast Rukun Al-Tazaj,26.2017703,50.209486899999995,restaurant,4.3,768,OPERATIONAL,https://maps.google.com/?cid=N/A
N/A,MEDAR SEAFOOD RESTAURANT,26.202678799999997,50.195419099999995,restaurant,4.1,266,OPERATIONAL,https://maps.google.com/?cid=N/A
N/A,مخبز زمان أول للخبز الحساوي والفطاير,26.2163315,50.2069797,restaurant,4.1,311,OPERATIONAL,https://maps.google.com/?cid=N/A
N/A,Enab w teen near Bahrain Bridge,26.2229389,50.2158783,restaurant,3.5,1464,OPERATIONAL,https://maps.google.com/?cid=N/A
N/A,Koshary El Tahrir (كشري التحرير),26.216138899999997,50.212928899999994,restaurant,4.4,250,OPERATIONAL,https://maps.google.com/?cid=N/A
N/A,مطعم ولاونج فونتون VONTONE LOUNGE,26.2230711,50.2166728,restaurant,4,136,OPERATIONAL,https://maps.google.com/?cid=N/A
N/A,Kimchi Lounge Palace,26.2200669,50.2129554,restaurant,4.5,86,OPERATIONAL,https://maps.google.com/?cid=N/A
N/A,Barn's | بارنز,26.215178599999998,50.21302490000001,restaurant,3.9,31,OPERATIONAL,https://maps.google.com/?cid=N/A
N/A,بوفية صلاح للوجبات السريعة,26.215165199999998,50.2129597,restaurant,4.1,23,OPERATIONAL,https://maps.google.com/?cid=N/A
N/A,Palmette Restaurant and Café,26.2213669,50.2129822,restaurant,4.8,48,OPERATIONAL,https://maps.google.com/?cid=N/A
N/A,مطعم عرب المندي,26.2196018,50.2118915,restaurant,No rating,No reviews,OPERATIONAL,https://maps.google.com/?cid=N/A
N/A,بوفيه بدر اللامع للوجبات السريعة,26.2301096,49.997563199999995,restaurant,3.8,5,OPERATIONAL,https://maps.google.com/?cid=N/A
N/A,مطعم أبو حدرية,26.230880499999998,49.9976037,restaurant,3.3,14,OPERATIONAL,https://maps.google.com/?cid=N/A
N/A,برج القاهره,26.2361248,50.039301699999996,restaurant,No rating,No reviews,OPERATIONAL,https://maps.google.com/?cid=N/A
N/A,استراحة زواية المدينة,26.2361248,50.039301699999996,restaurant,4.3,4,OPERATIONAL,https://maps.google.com/?cid=N/A
N/A,Bnbns bites,26.2361248,50.039301699999996,restaurant,No rating,No reviews,OPERATIONAL,https://maps.google.com/?cid=N/A
N/A,مطبخ سجى البوادي,26.2277694,50.1837751,restaurant,3.1,104,OPERATIONAL,https://maps.google.com/?cid=N/A
N/A,بوفيه مئه للوجبات السريعه,26.2278573,50.183434299999995,restaurant,5,1,OPERATIONAL,https://maps.google.com/?cid=N/A
N/A,Chittwan,26.225370899999998,50.1820707,restaurant,No rating,No reviews,OPERATIONAL,https://maps.google.com/?cid=N/A
N/A,مطعم النوخذة الشرقي للاكلات البحرية,26.2325391,50.1952632,restaurant,4,729,OPERATIONAL,https://maps.google.com/?cid=N/A
N/A,Tim Hortons,26.231441399999998,50.1939287,restaurant,4.2,122,OPERATIONAL,https://maps.google.com/?cid=N/A
N/A,Barn's | بارنز,26.231664199999997,50.194111199999995,restaurant,4.5,99,OPERATIONAL,https://maps.google.com/?cid=N/A
N/A,بوفية على اللفة,26.2317303,50.19364,restaurant,4.3,169,OPERATIONAL,https://maps.google.com/?cid=N/A
N/A,INDIAN RESTAURANT,26.2213083,50.183925099999996,restaurant,3.9,134,OPERATIONAL,https://maps.google.com/?cid=N/A
N/A,مطعم خـط البحـرين,26.2302477,50.1957094,restaurant,3.9,95,OPERATIONAL,https://maps.google.com/?cid=N/A
N/A,بوفيه بحر السعادة,26.224015599999998,50.1965946,restaurant,4.1,110,OPERATIONAL,https://maps.google.com/?cid=N/A
N/A,Barn's | بارنز,26.216987300000003,50.184948399999996,restaurant,3.3,27,OPERATIONAL,https://maps.google.com/?cid=N/A
N/A,مطعم شروق الوادي,26.220245199999997,50.1838057,restaurant,4.4,17,OPERATIONAL,https://maps.google.com/?cid=N/A
N/A,مطعم شواية كيف,26.2170991,50.1848518,restaurant,3.8,38,OPERATIONAL,https://maps.google.com/?cid=N/A
N/A,Bangali restaurant,26.226070699999998,50.1840033,restaurant,4.1,34,OPERATIONAL,https://maps.google.com/?cid=N/A
N/A,Restaurants,26.220690899999997,50.183816199999995,restaurant,4.7,3,OPERATIONAL,https://maps.google.com/?cid=N/A
N/A,Kobhar,26.2173818,50.1843508,restaurant,3.5,106,OPERATIONAL,https://maps.google.com/?cid=N/A
N/A,Tim Hortons,26.2298433,50.195532899999996,restaurant,4.4,17,OPERATIONAL,https://maps.google.com/?cid=N/A
N/A,مطبخ سجى البوادي,26.2277694,50.1837751,restaurant,3.1,104,OPERATIONAL,https://maps.google.com/?cid=N/A
N/A,O Burger,26.238694600000002,50.1984013,restaurant,3.9,24,OPERATIONAL,https://maps.google.com/?cid=N/A
N/A,আল-মদিনা হোটেল এন্ড রেস্টুরেন্ট,26.2214341,50.183926799999995,restaurant,5,2,OPERATIONAL,https://maps.google.com/?cid=N/A
N/A,Rainbow restaurant (Bufiya),26.2222546,50.1839194,restaurant,3,3,OPERATIONAL,https://maps.google.com/?cid=N/A
N/A,Burger King - Al Jisr,26.218267,50.208152000000005,restaurant,3.8,1966,OPERATIONAL,https://maps.google.com/?cid=N/A
N/A,Mandi Sunset Restaurant,26.217644,50.207305299999994,restaurant,4,1811,OPERATIONAL,https://maps.google.com/?cid=N/A
N/A,مطعم النوخذة الشرقي للاكلات البحرية,26.2325391,50.1952632,restaurant,4,729,OPERATIONAL,https://maps.google.com/?cid=N/A
N/A,Enab w teen near Bahrain Bridge,26.2229389,50.2158783,restaurant,3.5,1464,OPERATIONAL,https://maps.google.com/?cid=N/A
N/A,سكَّة كرك - Sikkat Karak,26.2174999,50.2073113,restaurant,4.6,784,OPERATIONAL,https://maps.google.com/?cid=N/A
N/A,Saudi Burger Al jisr,26.218288200000003,50.206743499999995,restaurant,4.1,645,OPERATIONAL,https://maps.google.com/?cid=N/A
N/A,شاورما ثواني,26.2170281,50.2069069,restaurant,4.2,599,OPERATIONAL,https://maps.google.com/?cid=N/A
N/A,مطعم رولان الايطالي. Rolan Restaurant,26.2333192,50.2153001,restaurant,4.7,548,OPERATIONAL,https://maps.google.com/?cid=N/A
N/A,Tim Hortons,26.231441399999998,50.1939287,restaurant,4.2,122,OPERATIONAL,https://maps.google.com/?cid=N/A
N/A,Barn's | بارنز,26.231664199999997,50.194111199999995,restaurant,4.5,99,OPERATIONAL,https://maps.google.com/?cid=N/A
N/A,Siran express سيران اكسبرس,26.218898799999998,50.202353699999996,restaurant,4.5,244,OPERATIONAL,https://maps.google.com/?cid=N/A
N/A,بوفية على اللفة,26.2317303,50.19364,restaurant,4.3,169,OPERATIONAL,https://maps.google.com/?cid=N/A
N/A,TAWA,26.217925899999997,50.20679,restaurant,4.2,824,OPERATIONAL,https://maps.google.com/?cid=N/A
N/A,Restaurant Madghut Basamati,26.217862099999998,50.207302299999995,restaurant,3.8,357,OPERATIONAL,https://maps.google.com/?cid=N/A
N/A,مطعم نكهات التكة,26.2173876,50.2034994,restaurant,4,259,OPERATIONAL,https://maps.google.com/?cid=N/A
N/A,مطعم ولاونج فونتون VONTONE LOUNGE,26.2230711,50.2166728,restaurant,4,136,OPERATIONAL,https://maps.google.com/?cid=N/A
N/A,Modon Alam Pakistani Restaurant,26.2398736,50.199346899999995,restaurant,4.3,97,OPERATIONAL,https://maps.google.com/?cid=N/A
N/A,مطاعم ومطابخ اهل الجنوب,26.217153099999997,50.207296199999995,restaurant,3.8,129,OPERATIONAL,https://maps.google.com/?cid=N/A
N/A,Kimchi Lounge Palace,26.2200669,50.2129554,restaurant,4.5,86,OPERATIONAL,https://maps.google.com/?cid=N/A
N/A,Enab w teen near Bahrain Bridge,26.2229389,50.2158783,restaurant,3.5,1464,OPERATIONAL,https://maps.google.com/?cid=N/A
N/A,مطعم رولان الايطالي. Rolan Restaurant,26.2333192,50.2153001,restaurant,4.7,548,OPERATIONAL,https://maps.google.com/?cid=N/A
N/A,مطعم ولاونج فونتون VONTONE LOUNGE,26.2230711,50.2166728,restaurant,4,136,OPERATIONAL,https://maps.google.com/?cid=N/A
N/A,Tim Hortons,26.240678799999998,50.21445250000001,restaurant,4,239,OPERATIONAL,https://maps.google.com/?cid=N/A
N/A,بوفية الاسطوره,26.2350659,50.2129859,restaurant,4,12,OPERATIONAL,https://maps.google.com/?cid=N/A
N/A,Palmette Restaurant and Café,26.2213669,50.2129822,restaurant,4.8,48,OPERATIONAL,https://maps.google.com/?cid=N/A
N/A,food & drinks,26.2413034,49.9983703,restaurant,4.7,15,OPERATIONAL,https://maps.google.com/?cid=N/A
N/A,بوفية سفرة اليوم للوجبات السريعة,26.2411674,49.99804710000001,restaurant,5,4,OPERATIONAL,https://maps.google.com/?cid=N/A
N/A,برج القاهره,26.2361248,50.039301699999996,restaurant,No rating,No reviews,OPERATIONAL,https://maps.google.com/?cid=N/A
N/A,استراحة زواية المدينة,26.2361248,50.039301699999996,restaurant,4.3,4,OPERATIONAL,https://maps.google.com/?cid=N/A
N/A,Bnbns bites,26.2361248,50.039301699999996,restaurant,No rating,No reviews,OPERATIONAL,https://maps.google.com/?cid=N/A
N/A,Ghaim Kitchen,26.2559965,50.0702991,restaurant,5,34,OPERATIONAL,https://maps.google.com/?cid=N/A
N/A,Ghaim Kitchen,26.2559965,50.0702991,restaurant,5,34,OPERATIONAL,https://maps.google.com/?cid=N/A
N/A,Madhghoot Tehamah(MT),26.2498583,50.1987685,restaurant,4.2,1172,OPERATIONAL,https://maps.google.com/?cid=N/A
N/A,بوفيه نورالشرق,26.2614509,50.1905729,restaurant,4,10,OPERATIONAL,https://maps.google.com/?cid=N/A
N/A,مطعم المضغوط الناضج,26.2500382,50.2016596,restaurant,4,652,OPERATIONAL,https://maps.google.com/?cid=N/A
N/A,مطاعم البراري البخاري,26.2500547,50.2015969,restaurant,4,259,OPERATIONAL,https://maps.google.com/?cid=N/A
N/A,مطعم الشام القديمة,26.2493295,50.1986567,restaurant,4.1,96,OPERATIONAL,https://maps.google.com/?cid=N/A
N/A,Silver Tower Restaurant,26.2493309,50.1996867,restaurant,3.9,215,OPERATIONAL,https://maps.google.com/?cid=N/A
N/A,مطعم وبروستد الشام الاسكان,26.2495795,50.2007978,restaurant,3.8,172,OPERATIONAL,https://maps.google.com/?cid=N/A
N/A,Buffet AlSaada,26.250128,50.201623999999995,restaurant,3.8,127,OPERATIONAL,https://maps.google.com/?cid=N/A
N/A,Cafeteria Nalukettu,26.2495788,50.2007182,restaurant,3.8,135,OPERATIONAL,https://maps.google.com/?cid=N/A
N/A,Snackhouse Central Kitchen,26.2443565,50.199714099999994,restaurant,4.5,39,OPERATIONAL,https://maps.google.com/?cid=N/A
N/A,كافتيريا ساندوتش غير - Different Sandwiches,26.246015399999997,50.2001056,restaurant,3.6,152,OPERATIONAL,https://maps.google.com/?cid=N/A
N/A,بوفية سعد,26.2562335,50.1939566,restaurant,3.7,36,OPERATIONAL,https://maps.google.com/?cid=N/A
N/A,فوال و مخبز نور الصباح,26.249463799999997,50.1997563,restaurant,4.5,11,OPERATIONAL,https://maps.google.com/?cid=N/A
N/A,Noodlez Commissary,26.2452845,50.2010169,restaurant,4.5,4,OPERATIONAL,https://maps.google.com/?cid=N/A
N/A,بوفية ركن المتخصصون لتقديم الوجبات,26.249426699999997,50.1992261,restaurant,3.8,13,OPERATIONAL,https://maps.google.com/?cid=N/A
N/A,بوفيه ريناد,26.2590593,50.1915911,restaurant,5,2,OPERATIONAL,https://maps.google.com/?cid=N/A
N/A,مطعم روحان,26.2592487,50.192411299999996,restaurant,5,1,OPERATIONAL,https://maps.google.com/?cid=N/A
N/A,مطعم تلال البهارات,26.2575333,50.1979751,restaurant,No rating,No reviews,OPERATIONAL,https://maps.google.com/?cid=N/A
N/A,Bait AlRobyan,26.2509153,50.2151533,restaurant,4.5,2146,OPERATIONAL,https://maps.google.com/?cid=N/A
N/A,Madhghoot Tehamah(MT),26.2498583,50.1987685,restaurant,4.2,1172,OPERATIONAL,https://maps.google.com/?cid=N/A
N/A,مطعم لارتيستوLartisto,26.250819,50.2152641,restaurant,4.6,315,OPERATIONAL,https://maps.google.com/?cid=N/A
N/A,مطعم المضغوط الناضج,26.2500382,50.2016596,restaurant,4,652,OPERATIONAL,https://maps.google.com/?cid=N/A
N/A,مطاعم البراري البخاري,26.2500547,50.2015969,restaurant,4,259,OPERATIONAL,https://maps.google.com/?cid=N/A
N/A,Modon Alam Pakistani Restaurant,26.2398736,50.199346899999995,restaurant,4.3,97,OPERATIONAL,https://maps.google.com/?cid=N/A
N/A,Herfy,26.257799400000003,50.2037926,restaurant,3.6,621,OPERATIONAL,https://maps.google.com/?cid=N/A
N/A,نكهة أماسينا للولائم والحفلات الخارجية,26.2601191,50.2041041,restaurant,4.2,286,OPERATIONAL,https://maps.google.com/?cid=N/A
N/A,Reem AlKhobar Sweets,26.2507019,50.211849199999996,restaurant,4.3,279,OPERATIONAL,https://maps.google.com/?cid=N/A
N/A,SHAWARMA & FALAFEL MUHALHIL,26.2568406,50.2037006,restaurant,3.5,273,OPERATIONAL,https://maps.google.com/?cid=N/A
N/A,Tim Hortons,26.240678799999998,50.21445250000001,restaurant,4,239,OPERATIONAL,https://maps.google.com/?cid=N/A
N/A,Barn's | بارنز,26.2502376,50.202686899999996,restaurant,3.9,19,OPERATIONAL,https://maps.google.com/?cid=N/A
N/A,Voile Nour Al-Sabah,26.257583500000003,50.2037409,restaurant,3.5,106,OPERATIONAL,https://maps.google.com/?cid=N/A
N/A,Silver Tower Restaurant,26.2493309,50.1996867,restaurant,3.9,215,OPERATIONAL,https://maps.google.com/?cid=N/A
N/A,مطعم الشام القديمة,26.2493295,50.1986567,restaurant,4.1,96,OPERATIONAL,https://maps.google.com/?cid=N/A
N/A,مطعم وبروستد الشام الاسكان,26.2495795,50.2007978,restaurant,3.8,172,OPERATIONAL,https://maps.google.com/?cid=N/A
N/A,Buffet AlSaada,26.250128,50.201623999999995,restaurant,3.8,127,OPERATIONAL,https://maps.google.com/?cid=N/A
N/A,مطعم أصيل الشام,26.255574799999998,50.212986199999996,restaurant,4.4,70,OPERATIONAL,https://maps.google.com/?cid=N/A
N/A,Cafeteria Nalukettu,26.2495788,50.2007182,restaurant,3.8,135,OPERATIONAL,https://maps.google.com/?cid=N/A
N/A,Sagar Restaurant,26.254437,50.201758,restaurant,3.7,30,OPERATIONAL,https://maps.google.com/?cid=N/A
N/A,Oriya,26.2558523,50.2210788,restaurant,4,3711,OPERATIONAL,https://maps.google.com/?cid=N/A
N/A,Blue Garden Restaurant Khobar,26.2551003,50.221004,restaurant,4.1,11005,OPERATIONAL,https://maps.google.com/?cid=N/A
N/A,Bait AlRobyan,26.2509153,50.2151533,restaurant,4.5,2146,OPERATIONAL,https://maps.google.com/?cid=N/A
N/A,Chef Eyad Khobar,26.255573199999997,50.2210499,restaurant,4.6,3674,OPERATIONAL,https://maps.google.com/?cid=N/A
N/A,ceasario,26.255441599999997,50.220722599999995,restaurant,4,875,OPERATIONAL,https://maps.google.com/?cid=N/A
N/A,مطعم لارتيستوLartisto,26.250819,50.2152641,restaurant,4.6,315,OPERATIONAL,https://maps.google.com/?cid=N/A
N/A,Reem AlKhobar Sweets,26.2507019,50.211849199999996,restaurant,4.3,279,OPERATIONAL,https://maps.google.com/?cid=N/A
N/A,Tim Hortons,26.240678799999998,50.21445250000001,restaurant,4,239,OPERATIONAL,https://maps.google.com/?cid=N/A
N/A,Ocean,26.2557565,50.221144599999995,restaurant,3.5,1864,OPERATIONAL,https://maps.google.com/?cid=N/A
N/A,مطعم أصيل الشام,26.255574799999998,50.212986199999996,restaurant,4.4,70,OPERATIONAL,https://maps.google.com/?cid=N/A
N/A,Tasty Burger البرقر اللذيذ,26.2506786,50.212265699999996,restaurant,4.4,52,OPERATIONAL,https://maps.google.com/?cid=N/A
N/A,فوال الخبزة الساخنة,26.2506599,50.212018799999996,restaurant,4,12,OPERATIONAL,https://maps.google.com/?cid=N/A
N/A,مطعم كروان الشرق,26.2506243,50.2116068,restaurant,4.8,6,OPERATIONAL,https://maps.google.com/?cid=N/A
N/A,بوفيه حسن خواجي لتقديم الوجبات,26.2507324,50.2115345,restaurant,4.5,6,OPERATIONAL,https://maps.google.com/?cid=N/A
N/A,فوال أحلى عدس لتقديم الوجبات,26.2507417,50.2128708,restaurant,5,4,OPERATIONAL,https://maps.google.com/?cid=N/A
N/A,McDonald's,26.2654423,50.0705652,restaurant,3,247,OPERATIONAL,https://maps.google.com/?cid=N/A
N/A,معجنات أفران أجيال,26.2658848,50.07091930000001,restaurant,4.5,146,OPERATIONAL,https://maps.google.com/?cid=N/A
N/A,Anjar Restaurant مطعم عنجر للمعجنات والشاورما,26.265894199999998,50.070705100000005,restaurant,4,274,OPERATIONAL,https://maps.google.com/?cid=N/A
N/A,شواية اجيال,26.2659904,50.072078,restaurant,4.1,198,OPERATIONAL,https://maps.google.com/?cid=N/A
N/A,Ovlo,26.2658845,50.0705512,restaurant,4.5,110,OPERATIONAL,https://maps.google.com/?cid=N/A
N/A,Subway,26.2655225,50.0712506,restaurant,4.8,146,OPERATIONAL,https://maps.google.com/?cid=N/A
N/A,مطعم زنبق الشام (شاورما_برجر) عالفحم,26.2658843,50.0705618,restaurant,4.3,99,OPERATIONAL,https://maps.google.com/?cid=N/A
N/A,ورق عنب سوما | Soma Grape Leaves,26.2661043,50.0715299,restaurant,4.9,86,OPERATIONAL,https://maps.google.com/?cid=N/A
N/A,Ghaim Kitchen,26.2559965,50.0702991,restaurant,5,34,OPERATIONAL,https://maps.google.com/?cid=N/A
N/A,قصر لبدة,26.2654347,50.0707795,restaurant,5,2,OPERATIONAL,https://maps.google.com/?cid=N/A
N/A,باستا واندومي اسرع لقمه,26.265754299999998,50.0708663,restaurant,4.1,34,OPERATIONAL,https://maps.google.com/?cid=N/A
N/A,مطعم رشتة,26.265749200000002,50.0715265,restaurant,4.3,14,OPERATIONAL,https://maps.google.com/?cid=N/A
N/A,McDonald's,26.2654423,50.0705652,restaurant,3,247,OPERATIONAL,https://maps.google.com/?cid=N/A
N/A,معجنات أفران أجيال,26.2658848,50.07091930000001,restaurant,4.5,146,OPERATIONAL,https://maps.google.com/?cid=N/A
N/A,Anjar Restaurant مطعم عنجر للمعجنات والشاورما,26.265894199999998,50.070705100000005,restaurant,4,274,OPERATIONAL,https://maps.google.com/?cid=N/A
N/A,شواية اجيال,26.2659904,50.072078,restaurant,4.1,198,OPERATIONAL,https://maps.google.com/?cid=N/A
N/A,Ovlo,26.2658845,50.0705512,restaurant,4.5,110,OPERATIONAL,https://maps.google.com/?cid=N/A
N/A,Subway,26.2655225,50.0712506,restaurant,4.8,146,OPERATIONAL,https://maps.google.com/?cid=N/A
N/A,مطعم زنبق الشام (شاورما_برجر) عالفحم,26.2658843,50.0705618,restaurant,4.3,99,OPERATIONAL,https://maps.google.com/?cid=N/A
N/A,ورق عنب سوما | Soma Grape Leaves,26.2661043,50.0715299,restaurant,4.9,86,OPERATIONAL,https://maps.google.com/?cid=N/A
N/A,Ghaim Kitchen,26.2559965,50.0702991,restaurant,5,34,OPERATIONAL,https://maps.google.com/?cid=N/A
N/A,قصر لبدة,26.2654347,50.0707795,restaurant,5,2,OPERATIONAL,https://maps.google.com/?cid=N/A
N/A,باستا واندومي اسرع لقمه,26.265754299999998,50.0708663,restaurant,4.1,34,OPERATIONAL,https://maps.google.com/?cid=N/A
N/A,مطعم رشتة,26.265749200000002,50.0715265,restaurant,4.3,14,OPERATIONAL,https://maps.google.com/?cid=N/A
N/A,مطعم رايق,26.270410599999998,50.1928548,restaurant,4.1,2395,OPERATIONAL,https://maps.google.com/?cid=N/A
N/A,Belad Al Sham Grills & Resturant,26.274692599999998,50.190011399999996,restaurant,4.2,6155,OPERATIONAL,https://maps.google.com/?cid=N/A
N/A,Peshawari Kabab House,26.272206699999998,50.194554499999995,restaurant,4.2,5120,OPERATIONAL,https://maps.google.com/?cid=N/A
N/A,Shwaiat Al-Khalij,26.269423099999997,50.1899172,restaurant,4.1,4995,OPERATIONAL,https://maps.google.com/?cid=N/A
N/A,Abu Hilal Resturant .,26.270738899999998,50.1937917,restaurant,4.3,4506,OPERATIONAL,https://maps.google.com/?cid=N/A
N/A,RAYG Restaurant,26.2768731,50.195347299999995,restaurant,4.2,2316,OPERATIONAL,https://maps.google.com/?cid=N/A
N/A,مطعم عيال بحر,26.268876,50.187277699999996,restaurant,4.2,2178,OPERATIONAL,https://maps.google.com/?cid=N/A
N/A,Shawaya House,26.272347,50.1951582,restaurant,3.8,1809,OPERATIONAL,https://maps.google.com/?cid=N/A
N/A,‏سمبوسة الشرق الاوسط الثقبة الخبر,26.2782168,50.1908089,restaurant,4.1,351,OPERATIONAL,https://maps.google.com/?cid=N/A
N/A,مطعم مورغي,26.278467,50.1831141,restaurant,4.2,277,OPERATIONAL,https://maps.google.com/?cid=N/A
N/A,Fillfilah فلفلة,26.269261999999998,50.189322999999995,restaurant,3.4,1925,OPERATIONAL,https://maps.google.com/?cid=N/A
N/A,GRILL MEAL RESTAURANT THOUQBHA,26.274615299999997,50.1921146,restaurant,3.8,427,OPERATIONAL,https://maps.google.com/?cid=N/A
N/A,Rummaan Hyderabadi Restaurant - Thoqba,26.277554100000003,50.1932628,restaurant,3.8,221,OPERATIONAL,https://maps.google.com/?cid=N/A
N/A,Al HABIB RESTAURANT,26.271912999999998,50.1932652,restaurant,4.1,222,OPERATIONAL,https://maps.google.com/?cid=N/A
N/A,Lahza shawarma,26.269518200000004,50.191093699999996,restaurant,3.9,970,OPERATIONAL,https://maps.google.com/?cid=N/A
N/A,Al Rukun Al Tazaj,26.270007399999997,50.1916164,restaurant,4.3,1076,OPERATIONAL,https://maps.google.com/?cid=N/A
N/A,Shwaiat Al-Khalij,26.2783119,50.190163,restaurant,4.2,73,OPERATIONAL,https://maps.google.com/?cid=N/A
N/A,مطعم الرغيف مصرى,26.2752283,50.190508099999995,restaurant,3.8,164,OPERATIONAL,https://maps.google.com/?cid=N/A
N/A,KFC,26.2682627,50.187553799999996,restaurant,3.7,1178,OPERATIONAL,https://maps.google.com/?cid=N/A
N/A,Aleppo Castle Restaurant,26.272636,50.199097099999996,restaurant,4.1,1296,OPERATIONAL,https://maps.google.com/?cid=N/A
N/A,مطعم رايق,26.270410599999998,50.1928548,restaurant,4.1,2395,OPERATIONAL,https://maps.google.com/?cid=N/A
N/A,Golden Gate Restaurant Alkhobar Corniche مطعم جولدن جيت الخبر كورنيش,26.2722142,50.2155474,restaurant,4.3,3327,OPERATIONAL,https://maps.google.com/?cid=N/A
N/A,Palm Grove Restaurant,26.2771936,50.2121219,restaurant,3.9,1652,OPERATIONAL,https://maps.google.com/?cid=N/A
N/A,Peshawari Kabab House,26.272206699999998,50.194554499999995,restaurant,4.2,5120,OPERATIONAL,https://maps.google.com/?cid=N/A
N/A,Raising Cane's,26.268501500000003,50.2162229,restaurant,4.6,2422,OPERATIONAL,https://maps.google.com/?cid=N/A
N/A,Abu Hilal Resturant .,26.270738899999998,50.1937917,restaurant,4.3,4506,OPERATIONAL,https://maps.google.com/?cid=N/A
N/A,Salkara Family Restaurant,26.278311,50.203666899999995,restaurant,4,3257,OPERATIONAL,https://maps.google.com/?cid=N/A
N/A,Shalimar Restaurant,26.2760473,50.210731700000004,restaurant,4.1,4180,OPERATIONAL,https://maps.google.com/?cid=N/A
N/A,Shekhdar,26.2724916,50.2161857,restaurant,4.6,1333,OPERATIONAL,https://maps.google.com/?cid=N/A
N/A,Shawaya House,26.272347,50.1951582,restaurant,3.8,1809,OPERATIONAL,https://maps.google.com/?cid=N/A
N/A,Raye Mashwyat / Grill Patron,26.2693907,50.2068115,restaurant,4.4,5161,OPERATIONAL,https://maps.google.com/?cid=N/A
N/A,مطعم باجه وكباب عراقي الخبر,26.271172699999997,50.210924000000006,restaurant,3.9,580,OPERATIONAL,https://maps.google.com/?cid=N/A
N/A,McDonald's,26.266576999999998,50.212969,restaurant,3.8,2118,OPERATIONAL,https://maps.google.com/?cid=N/A
N/A,South Street Restaurant,26.274314999999998,50.2155031,restaurant,4.3,386,OPERATIONAL,https://maps.google.com/?cid=N/A
N/A,Taj al Hind Bollywood Kitchen,26.2668778,50.2127616,restaurant,4.8,4593,OPERATIONAL,https://maps.google.com/?cid=N/A
N/A,Anjappar Indian Restaurant - Khobar,26.2698125,50.2163125,restaurant,3.7,1375,OPERATIONAL,https://maps.google.com/?cid=N/A
N/A,Thaza Restaurant,26.2696199,50.206366499999994,restaurant,3.9,761,OPERATIONAL,https://maps.google.com/?cid=N/A
N/A,Kudu - Dhahran Center,26.2792681,50.20806400000001,restaurant,3.9,1094,OPERATIONAL,https://maps.google.com/?cid=N/A
N/A,Golden Juice,26.2700575,50.212534899999994,restaurant,4,2110,OPERATIONAL,https://maps.google.com/?cid=N/A
N/A,Hala Fish's Restaurant,26.27017,50.2125912,restaurant,4.7,1732,OPERATIONAL,https://maps.google.com/?cid=N/A
N/A,Oriya,26.2558523,50.2210788,restaurant,4,3711,OPERATIONAL,https://maps.google.com/?cid=N/A
N/A,Dugheither Leisure Island,26.2724065,50.2206811,restaurant,4.4,3316,OPERATIONAL,https://maps.google.com/?cid=N/A
N/A,Blue Garden Restaurant Khobar,26.2551003,50.221004,restaurant,4.1,11005,OPERATIONAL,https://maps.google.com/?cid=N/A
N/A,Golden Gate Restaurant Alkhobar Corniche مطعم جولدن جيت الخبر كورنيش,26.2722142,50.2155474,restaurant,4.3,3327,OPERATIONAL,https://maps.google.com/?cid=N/A
N/A,Sun Room Cafe & Restaurant,26.272147699999998,50.2211776,restaurant,3.7,4253,OPERATIONAL,https://maps.google.com/?cid=N/A
N/A,Raising Cane's,26.268501500000003,50.2162229,restaurant,4.6,2422,OPERATIONAL,https://maps.google.com/?cid=N/A
N/A,Karam Beirut - Al Khobar,26.2723521,50.2211958,restaurant,4.2,6236,OPERATIONAL,https://maps.google.com/?cid=N/A
N/A,Chef Eyad Khobar,26.255573199999997,50.2210499,restaurant,4.6,3674,OPERATIONAL,https://maps.google.com/?cid=N/A
N/A,Shekhdar,26.2724916,50.2161857,restaurant,4.6,1333,OPERATIONAL,https://maps.google.com/?cid=N/A
N/A,مطعم باجه وكباب عراقي الخبر,26.271172699999997,50.210924000000006,restaurant,3.9,580,OPERATIONAL,https://maps.google.com/?cid=N/A
N/A,McDonald's,26.266576999999998,50.212969,restaurant,3.8,2118,OPERATIONAL,https://maps.google.com/?cid=N/A
N/A,Brasa De Brazil Khobar,26.272020299999998,50.2205671,restaurant,4.2,5165,OPERATIONAL,https://maps.google.com/?cid=N/A
N/A,Melrose Lounge,26.276768699999998,50.2199774,restaurant,4.6,1667,OPERATIONAL,https://maps.google.com/?cid=N/A
N/A,Como Seafood Restaurant,26.278237299999997,50.218970899999995,restaurant,4.1,3898,OPERATIONAL,https://maps.google.com/?cid=N/A
N/A,South Street Restaurant,26.274314999999998,50.2155031,restaurant,4.3,386,OPERATIONAL,https://maps.google.com/?cid=N/A
N/A,Sanbok Restaurant,26.2718302,50.2207358,restaurant,3.7,3637,OPERATIONAL,https://maps.google.com/?cid=N/A
N/A,Egah Restaurant & Cafe - مطعم ايجه,26.2717584,50.2209392,restaurant,4.1,593,OPERATIONAL,https://maps.google.com/?cid=N/A
N/A,ceasario,26.255441599999997,50.220722599999995,restaurant,4,875,OPERATIONAL,https://maps.google.com/?cid=N/A
N/A,Taj al Hind Bollywood Kitchen,26.2668778,50.2127616,restaurant,4.8,4593,OPERATIONAL,https://maps.google.com/?cid=N/A
N/A,Anjappar Indian Restaurant - Khobar,26.2698125,50.2163125,restaurant,3.7,1375,OPERATIONAL,https://maps.google.com/?cid=N/A
N/A,ميز وحدات المنطقة والقاعدة,26.292811999999998,50.017777699999996,restaurant,4.3,4,OPERATIONAL,https://maps.google.com/?cid=N/A
N/A,مطعم أبو الطيب ( فرع جبرين) Abu Tayeb Restaurant ( branch of Gabrin),26.2950627,50.034230699999995,restaurant,3.8,427,OPERATIONAL,https://maps.google.com/?cid=N/A
N/A,بخاري بالخمس,26.2950129,50.0344185,restaurant,3.8,48,OPERATIONAL,https://maps.google.com/?cid=N/A
N/A,ميز وحدات المنطقة والقاعدة,26.292811999999998,50.017777699999996,restaurant,4.3,4,OPERATIONAL,https://maps.google.com/?cid=N/A
N/A,مطعم أبو الطيب ( فرع جبرين) Abu Tayeb Restaurant ( branch of Gabrin),26.2950627,50.034230699999995,restaurant,3.8,427,OPERATIONAL,https://maps.google.com/?cid=N/A
N/A,Herfy,26.2949657,50.0346039,restaurant,2.8,264,OPERATIONAL,https://maps.google.com/?cid=N/A
N/A,Barn's | بارنز,26.2954097,50.0356568,restaurant,3.6,26,OPERATIONAL,https://maps.google.com/?cid=N/A
N/A,بخاري بالخمس,26.2950129,50.0344185,restaurant,3.8,48,OPERATIONAL,https://maps.google.com/?cid=N/A
N/A,TastiestDish,26.284738599999997,50.060786900000004,restaurant,4.3,314,OPERATIONAL,https://maps.google.com/?cid=N/A
N/A,شركة ألذ طبق لتقديم الوجبات شركة شخص واحد,26.2847334,50.0607544,restaurant,4.6,84,OPERATIONAL,https://maps.google.com/?cid=N/A
N/A,بوفية عبدالله مطيلق العتيبي,26.2843805,50.0603129,restaurant,3.5,46,OPERATIONAL,https://maps.google.com/?cid=N/A
N/A,مطعم احلا الايام لتقديم الوجبات,26.284519799999998,50.0611819,restaurant,3.3,9,OPERATIONAL,https://maps.google.com/?cid=N/A
N/A,Casapasta | كازاباستا,26.289813499999998,50.100793200000005,restaurant,4.5,137,OPERATIONAL,https://maps.google.com/?cid=N/A
N/A,The Club Club ذا كلوب كلوب,26.2897538,50.100772299999996,restaurant,4.3,60,OPERATIONAL,https://maps.google.com/?cid=N/A
N/A,Ronaldo’s Pizza رونالدوز بيتزا,26.289870099999998,50.100784999999995,restaurant,4.1,40,OPERATIONAL,https://maps.google.com/?cid=N/A
N/A,Dhahran Hills Snack Bar,26.2910605,50.1057303,restaurant,3.8,72,OPERATIONAL,https://maps.google.com/?cid=N/A
N/A,Jebel Heights Food Court,26.289821099999998,50.100757599999994,restaurant,3.7,7,OPERATIONAL,https://maps.google.com/?cid=N/A
N/A,Dhahran Hills Snack Bar,26.2910605,50.1057303,restaurant,3.8,72,OPERATIONAL,https://maps.google.com/?cid=N/A
N/A,عريكة أركان الديرة,26.284765399999998,50.1329898,restaurant,4.1,131,OPERATIONAL,https://maps.google.com/?cid=N/A
N/A,بوفيه البنوك,26.284483899999998,50.133044,restaurant,3.8,18,OPERATIONAL,https://maps.google.com/?cid=N/A
N/A,مطعم ومطبخ فارس الفرسان,26.2844972,50.13306980000001,restaurant,3,151,OPERATIONAL,https://maps.google.com/?cid=N/A
N/A,مطاعم أرض البركة,26.2844508,50.1329718,restaurant,3.4,49,OPERATIONAL,https://maps.google.com/?cid=N/A
N/A,Al Rashid Mall,26.2908311,50.1805653,restaurant,4.3,50912,OPERATIONAL,https://maps.google.com/?cid=N/A
N/A,Mandi King Restaurant,26.2812475,50.1819547,restaurant,3.8,5200,OPERATIONAL,https://maps.google.com/?cid=N/A
N/A,Dar Mubarak,26.2837098,50.1810086,restaurant,4.5,4780,OPERATIONAL,https://maps.google.com/?cid=N/A
N/A,McDonald's,26.290136,50.181503,restaurant,3.7,1726,OPERATIONAL,https://maps.google.com/?cid=N/A
N/A,Domino's,26.294371599999998,50.1706371,restaurant,3.8,541,OPERATIONAL,https://maps.google.com/?cid=N/A
N/A,Asmahan Restaurant,26.2905919,50.178427,restaurant,4.5,505,OPERATIONAL,https://maps.google.com/?cid=N/A
N/A,KFC,26.2898125,50.1809375,restaurant,3.5,315,OPERATIONAL,https://maps.google.com/?cid=N/A
N/A,Barn's | بارنز,26.2935069,50.1720541,restaurant,4.1,55,OPERATIONAL,https://maps.google.com/?cid=N/A
N/A,Fuddruckers,26.2908311,50.1805653,restaurant,4.1,2449,OPERATIONAL,https://maps.google.com/?cid=N/A
N/A,مطعم الرواق الشعبي / الراشد مول,26.291059699999998,50.180273199999995,restaurant,4,769,OPERATIONAL,https://maps.google.com/?cid=N/A
N/A,Kudu - Venicia Mall,26.2870979,50.183746799999994,restaurant,4,358,OPERATIONAL,https://maps.google.com/?cid=N/A
N/A,Hardee’s,26.2903117,50.1805573,restaurant,4.1,410,OPERATIONAL,https://maps.google.com/?cid=N/A
N/A,Noodlez,26.289734,50.181078899999996,restaurant,4,590,OPERATIONAL,https://maps.google.com/?cid=N/A
N/A,La Casa Pasta,26.2918602,50.180953599999995,restaurant,4.2,264,OPERATIONAL,https://maps.google.com/?cid=N/A
N/A,Domino’s Pizza,26.2908311,50.1805653,restaurant,3.7,260,OPERATIONAL,https://maps.google.com/?cid=N/A
N/A,Royal Gulf Chinese Restaurant,26.290600599999998,50.1798432,restaurant,4.1,965,OPERATIONAL,https://maps.google.com/?cid=N/A
N/A,Canton | كانتون,26.2897863,50.1811964,restaurant,4.2,605,OPERATIONAL,https://maps.google.com/?cid=N/A
N/A,Costa Coffee,26.289806,50.181025999999996,restaurant,4.6,366,OPERATIONAL,https://maps.google.com/?cid=N/A
N/A,بوفية مزاج,26.2838487,50.1816684,restaurant,4.3,87,OPERATIONAL,https://maps.google.com/?cid=N/A
N/A,Al Rashid Mall,26.2908311,50.1805653,restaurant,4.3,50912,OPERATIONAL,https://maps.google.com/?cid=N/A
N/A,الرومانسية -الخبر | Al romansiah,26.283026,50.201789999999995,restaurant,4,8523,OPERATIONAL,https://maps.google.com/?cid=N/A
N/A,Shwaiat Al-Khalij,26.290148799999997,50.1941407,restaurant,4.2,4256,OPERATIONAL,https://maps.google.com/?cid=N/A
N/A,Ninar restaurant,26.2883845,50.1887743,restaurant,4.5,9607,OPERATIONAL,https://maps.google.com/?cid=N/A
N/A,Modawar,26.2961365,50.1915905,restaurant,4.2,1907,OPERATIONAL,https://maps.google.com/?cid=N/A
N/A,Madina Restaurant,26.288042299999997,50.188332599999995,restaurant,3.9,9057,OPERATIONAL,https://maps.google.com/?cid=N/A
N/A,Belad Al Sham Grills & Resturant,26.274692599999998,50.190011399999996,restaurant,4.2,6155,OPERATIONAL,https://maps.google.com/?cid=N/A
N/A,Mandi King Restaurant,26.2812475,50.1819547,restaurant,3.8,5200,OPERATIONAL,https://maps.google.com/?cid=N/A
N/A,RAYG Restaurant,26.2768731,50.195347299999995,restaurant,4.2,2316,OPERATIONAL,https://maps.google.com/?cid=N/A
N/A,Fawwal Abu Azooz,26.2888535,50.1880004,restaurant,3.9,3462,OPERATIONAL,https://maps.google.com/?cid=N/A
N/A,Kufa,26.2800573,50.191848099999994,restaurant,4.1,2847,OPERATIONAL,https://maps.google.com/?cid=N/A
N/A,مطعم حارة ورد |فرع الخبر,26.2846974,50.196128300000005,restaurant,4.7,10269,OPERATIONAL,https://maps.google.com/?cid=N/A
N/A,Curry House,26.2833048,50.1922953,restaurant,4.2,924,OPERATIONAL,https://maps.google.com/?cid=N/A
N/A,ركن وردة - Rokn Warda,26.2922467,50.185113199999996,restaurant,4.5,2605,OPERATIONAL,https://maps.google.com/?cid=N/A
N/A,Dar Mubarak,26.2837098,50.1810086,restaurant,4.5,4780,OPERATIONAL,https://maps.google.com/?cid=N/A
N/A,Shawatee alshawaya Restaurant,26.2895467,50.1920059,restaurant,4.2,4090,OPERATIONAL,https://maps.google.com/?cid=N/A
N/A,مطعم كماله kimalah restaurant,26.2811854,50.192626399999995,restaurant,4.2,3608,OPERATIONAL,https://maps.google.com/?cid=N/A
N/A,Marboha Restauarnt,26.282135099999998,50.2017177,restaurant,4.8,7411,OPERATIONAL,https://maps.google.com/?cid=N/A
N/A,Layali Zaman,26.283477899999998,50.1959454,restaurant,4.5,3480,OPERATIONAL,https://maps.google.com/?cid=N/A
N/A,McDonald's,26.28333,50.197962999999994,restaurant,4,5109,OPERATIONAL,https://maps.google.com/?cid=N/A
N/A,الرومانسية -الخبر | Al romansiah,26.283026,50.201789999999995,restaurant,4,8523,OPERATIONAL,https://maps.google.com/?cid=N/A
N/A,Al Shallal Pastries,26.2910763,50.202858899999995,restaurant,4.4,7833,OPERATIONAL,https://maps.google.com/?cid=N/A
N/A,Shwaiat Al-Khalij,26.290148799999997,50.1941407,restaurant,4.2,4256,OPERATIONAL,https://maps.google.com/?cid=N/A
N/A,Shawayyat AlKhaleej,26.2896321,50.2101543,restaurant,4.2,750,OPERATIONAL,https://maps.google.com/?cid=N/A
N/A,مطعم بكي,26.287230599999997,50.2119418,restaurant,4.1,4851,OPERATIONAL,https://maps.google.com/?cid=N/A
N/A,Palm Grove Restaurant,26.2771936,50.2121219,restaurant,3.9,1652,OPERATIONAL,https://maps.google.com/?cid=N/A
N/A,Al Marsah Seafood Restaurant,26.2886109,50.217419199999995,restaurant,4.1,9569,OPERATIONAL,https://maps.google.com/?cid=N/A
N/A,Kebba Khobar House,26.2895866,50.2117812,restaurant,4.4,1038,OPERATIONAL,https://maps.google.com/?cid=N/A
N/A,Waha Al Rehab Restaurant,26.2887602,50.2146128,restaurant,4.1,4341,OPERATIONAL,https://maps.google.com/?cid=N/A
N/A,Green Flag Restaurant,26.2864303,50.213176,restaurant,4.1,3457,OPERATIONAL,https://maps.google.com/?cid=N/A
N/A,مطعم العروبة,26.2881751,50.2076844,restaurant,4,1108,OPERATIONAL,https://maps.google.com/?cid=N/A
N/A,RAYG Restaurant,26.2768731,50.195347299999995,restaurant,4.2,2316,OPERATIONAL,https://maps.google.com/?cid=N/A
N/A,The Cheesecake Factory,26.283033,50.219888999999995,restaurant,4.4,6731,OPERATIONAL,https://maps.google.com/?cid=N/A
N/A,Salkara Family Restaurant,26.278311,50.203666899999995,restaurant,4,3257,OPERATIONAL,https://maps.google.com/?cid=N/A
N/A,مطعم حارة ورد |فرع الخبر,26.2846974,50.196128300000005,restaurant,4.7,10269,OPERATIONAL,https://maps.google.com/?cid=N/A
N/A,Kufa,26.2800573,50.191848099999994,restaurant,4.1,2847,OPERATIONAL,https://maps.google.com/?cid=N/A
N/A,Abu Hilal Restaurants,26.286215799999997,50.2125177,restaurant,4.2,2446,OPERATIONAL,https://maps.google.com/?cid=N/A
N/A,McDonald's,26.294236,50.207408,restaurant,3.9,4012,OPERATIONAL,https://maps.google.com/?cid=N/A
N/A,Curry House,26.2833048,50.1922953,restaurant,4.2,924,OPERATIONAL,https://maps.google.com/?cid=N/A
N/A,Shalimar Restaurant,26.2760473,50.210731700000004,restaurant,4.1,4180,OPERATIONAL,https://maps.google.com/?cid=N/A
N/A,Mama Noura,26.2920753,50.220149,restaurant,4,2475,OPERATIONAL,https://maps.google.com/?cid=N/A
N/A,Shajarat AlDurr,26.2933374,50.217887,restaurant,4.6,20328,OPERATIONAL,https://maps.google.com/?cid=N/A
N/A,Azmy,26.295335599999998,50.2184702,restaurant,4.5,2498,OPERATIONAL,https://maps.google.com/?cid=N/A
N/A,Off white,26.2929686,50.2228698,restaurant,4.4,13707,OPERATIONAL,https://maps.google.com/?cid=N/A
N/A,Ayyash,26.2964827,50.218742999999996,restaurant,4.3,2514,OPERATIONAL,https://maps.google.com/?cid=N/A
N/A,Dugheither Leisure Island,26.2724065,50.2206811,restaurant,4.4,3316,OPERATIONAL,https://maps.google.com/?cid=N/A
N/A,مطعم بكي,26.287230599999997,50.2119418,restaurant,4.1,4851,OPERATIONAL,https://maps.google.com/?cid=N/A
N/A,Shawayyat AlKhaleej,26.2896321,50.2101543,restaurant,4.2,750,OPERATIONAL,https://maps.google.com/?cid=N/A
N/A,Palm Grove Restaurant,26.2771936,50.2121219,restaurant,3.9,1652,OPERATIONAL,https://maps.google.com/?cid=N/A
N/A,Al Marsah Seafood Restaurant,26.2886109,50.217419199999995,restaurant,4.1,9569,OPERATIONAL,https://maps.google.com/?cid=N/A
N/A,Sun Room Cafe & Restaurant,26.272147699999998,50.2211776,restaurant,3.7,4253,OPERATIONAL,https://maps.google.com/?cid=N/A
N/A,Waha Al Rehab Restaurant,26.2887602,50.2146128,restaurant,4.1,4341,OPERATIONAL,https://maps.google.com/?cid=N/A
N/A,Green Flag Restaurant,26.2864303,50.213176,restaurant,4.1,3457,OPERATIONAL,https://maps.google.com/?cid=N/A
N/A,The Cheesecake Factory,26.283033,50.219888999999995,restaurant,4.4,6731,OPERATIONAL,https://maps.google.com/?cid=N/A
N/A,Kebba Khobar House,26.2895866,50.2117812,restaurant,4.4,1038,OPERATIONAL,https://maps.google.com/?cid=N/A
N/A,Hellenika,26.2818345,50.2220069,restaurant,4.3,1161,OPERATIONAL,https://maps.google.com/?cid=N/A
N/A,Macéo,26.282050599999998,50.2222717,restaurant,4.2,2892,OPERATIONAL,https://maps.google.com/?cid=N/A
N/A,Karam Beirut - Al Khobar,26.2723521,50.2211958,restaurant,4.2,6236,OPERATIONAL,https://maps.google.com/?cid=N/A
N/A,SULTAN LOUNGE & CAFE,26.2940795,50.2203355,restaurant,4,1221,OPERATIONAL,https://maps.google.com/?cid=N/A
N/A,McDonald's,26.286029,50.22036800000001,restaurant,3.8,4616,OPERATIONAL,https://maps.google.com/?cid=N/A
N/A,ميز وحدات المنطقة والقاعدة,26.292811999999998,50.017777699999996,restaurant,4.3,4,OPERATIONAL,https://maps.google.com/?cid=N/A
N/A,Restaurant and Mandi Rehab,26.296407,50.034987699999995,restaurant,3.8,1725,OPERATIONAL,https://maps.google.com/?cid=N/A
N/A,ALKARAK,26.2958212,50.03428840000001,restaurant,3.9,649,OPERATIONAL,https://maps.google.com/?cid=N/A
N/A,مطعم أبو الطيب ( فرع جبرين) Abu Tayeb Restaurant ( branch of Gabrin),26.2950627,50.034230699999995,restaurant,3.8,427,OPERATIONAL,https://maps.google.com/?cid=N/A
N/A,Herfy,26.2949657,50.0346039,restaurant,2.8,264,OPERATIONAL,https://maps.google.com/?cid=N/A
N/A,كبدة عزام,26.295360700000003,50.0341051,restaurant,4.1,121,OPERATIONAL,https://maps.google.com/?cid=N/A
N/A,Barn's | بارنز,26.2954097,50.0356568,restaurant,3.6,26,OPERATIONAL,https://maps.google.com/?cid=N/A
N/A,البيتزا الحاره Pizza hot,26.2953886,50.0341117,restaurant,4.4,149,OPERATIONAL,https://maps.google.com/?cid=N/A
N/A,Wasam Buffet,26.2957172,50.034253199999995,restaurant,3.7,86,OPERATIONAL,https://maps.google.com/?cid=N/A
N/A,بخاري بالخمس,26.2950129,50.0344185,restaurant,3.8,48,OPERATIONAL,https://maps.google.com/?cid=N/A
N/A,فوال تمیس Breakfast Center,26.2953166,50.034098199999995,restaurant,3.7,48,OPERATIONAL,https://maps.google.com/?cid=N/A
N/A,ميز وحدات المنطقة والقاعدة,26.292811999999998,50.017777699999996,restaurant,4.3,4,OPERATIONAL,https://maps.google.com/?cid=N/A
N/A,ًءءء,26.3013825,50.026339199999995,restaurant,No rating,No reviews,OPERATIONAL,https://maps.google.com/?cid=N/A
N/A,Restaurant and Mandi Rehab,26.296407,50.034987699999995,restaurant,3.8,1725,OPERATIONAL,https://maps.google.com/?cid=N/A
N/A,ALKARAK,26.2958212,50.03428840000001,restaurant,3.9,649,OPERATIONAL,https://maps.google.com/?cid=N/A
N/A,مطعم أبو الطيب ( فرع جبرين) Abu Tayeb Restaurant ( branch of Gabrin),26.2950627,50.034230699999995,restaurant,3.8,427,OPERATIONAL,https://maps.google.com/?cid=N/A
N/A,Herfy,26.2949657,50.0346039,restaurant,2.8,264,OPERATIONAL,https://maps.google.com/?cid=N/A
N/A,كبدة عزام,26.295360700000003,50.0341051,restaurant,4.1,121,OPERATIONAL,https://maps.google.com/?cid=N/A
N/A,Barn's | بارنز,26.2954097,50.0356568,restaurant,3.6,26,OPERATIONAL,https://maps.google.com/?cid=N/A
N/A,البيتزا الحاره Pizza hot,26.2953886,50.0341117,restaurant,4.4,149,OPERATIONAL,https://maps.google.com/?cid=N/A
N/A,Wasam Buffet,26.2957172,50.034253199999995,restaurant,3.7,86,OPERATIONAL,https://maps.google.com/?cid=N/A
N/A,بخاري بالخمس,26.2950129,50.0344185,restaurant,3.8,48,OPERATIONAL,https://maps.google.com/?cid=N/A
N/A,فوال تمیس Breakfast Center,26.2953166,50.034098199999995,restaurant,3.7,48,OPERATIONAL,https://maps.google.com/?cid=N/A
N/A,Casapasta | كازاباستا,26.289813499999998,50.100793200000005,restaurant,4.5,137,OPERATIONAL,https://maps.google.com/?cid=N/A
N/A,The Club Club ذا كلوب كلوب,26.2897538,50.100772299999996,restaurant,4.3,60,OPERATIONAL,https://maps.google.com/?cid=N/A
N/A,Ronaldo’s Pizza رونالدوز بيتزا,26.289870099999998,50.100784999999995,restaurant,4.1,40,OPERATIONAL,https://maps.google.com/?cid=N/A
N/A,Jebel Heights Food Court,26.289821099999998,50.100757599999994,restaurant,3.7,7,OPERATIONAL,https://maps.google.com/?cid=N/A
N/A,فيلا ماماز Villamamas,26.2977109,50.107614999999996,restaurant,4,11,OPERATIONAL,https://maps.google.com/?cid=N/A
N/A,eat’sy Golf,26.3025023,50.1218702,restaurant,4,265,OPERATIONAL,https://maps.google.com/?cid=N/A
N/A,Tandoori House,26.3039249,50.1297697,restaurant,4,1381,OPERATIONAL,https://maps.google.com/?cid=N/A
N/A,Subway,26.305258799999997,50.129315999999996,restaurant,4.4,112,OPERATIONAL,https://maps.google.com/?cid=N/A
N/A,Lucas Pastaria -Aramco,26.3045933,50.1287253,restaurant,4.7,10,OPERATIONAL,https://maps.google.com/?cid=N/A
N/A,Zafi Chicken,26.3042201,50.129474699999996,restaurant,3.9,21,OPERATIONAL,https://maps.google.com/?cid=N/A
N/A,فيلا ماماز Villamamas,26.2977109,50.107614999999996,restaurant,4,11,OPERATIONAL,https://maps.google.com/?cid=N/A
N/A,Cafeteria,26.305087500000003,50.1181406,restaurant,No rating,No reviews,OPERATIONAL,https://maps.google.com/?cid=N/A
N/A,Dhahran Dining Hall,26.3082371,50.1289825,restaurant,3.9,1650,OPERATIONAL,https://maps.google.com/?cid=N/A
N/A,eat’sy Golf,26.3025023,50.1218702,restaurant,4,265,OPERATIONAL,https://maps.google.com/?cid=N/A
N/A,Tandoori House,26.3039249,50.1297697,restaurant,4,1381,OPERATIONAL,https://maps.google.com/?cid=N/A
N/A,Freshhouse فريش هاوس,26.3091004,50.12839100000001,restaurant,4.5,236,OPERATIONAL,https://maps.google.com/?cid=N/A
N/A,Subway,26.305258799999997,50.129315999999996,restaurant,4.4,112,OPERATIONAL,https://maps.google.com/?cid=N/A
N/A,Operation Falafel Aramco,26.308739799999998,50.129581900000005,restaurant,4.6,341,OPERATIONAL,https://maps.google.com/?cid=N/A
N/A,Students Restaurant,26.3104931,50.1446043,restaurant,3.9,860,OPERATIONAL,https://maps.google.com/?cid=N/A
N/A,Tim Hortons,26.309983300000003,50.1366531,restaurant,4.4,125,OPERATIONAL,https://maps.google.com/?cid=N/A
N/A,CHICO | تشيكو,26.3088506,50.1295439,restaurant,4,42,OPERATIONAL,https://maps.google.com/?cid=N/A
N/A,Freshhouse فريش هاوس,26.311577999999997,50.1362658,restaurant,4.4,57,OPERATIONAL,https://maps.google.com/?cid=N/A
N/A,TAKE Steak Burger (Aramco Camp),26.308607499999997,50.1289375,restaurant,4.4,30,OPERATIONAL,https://maps.google.com/?cid=N/A
N/A,Saadeddin Pastry,26.309104299999998,50.128979799999996,restaurant,3.8,41,OPERATIONAL,https://maps.google.com/?cid=N/A
N/A,Malama,26.3109887,50.1316888,restaurant,4.4,5,OPERATIONAL,https://maps.google.com/?cid=N/A
N/A,Lucas Pastaria -Aramco,26.3045933,50.1287253,restaurant,4.7,10,OPERATIONAL,https://maps.google.com/?cid=N/A
N/A,Zafi Chicken,26.3042201,50.129474699999996,restaurant,3.9,21,OPERATIONAL,https://maps.google.com/?cid=N/A
N/A,"Greens Restaurant ,Aramco Lulu",26.3089959,50.1285332,restaurant,5,1,OPERATIONAL,https://maps.google.com/?cid=N/A
N/A,سلم ان لايت Slim ‘n Lite,26.315451799999998,50.1315606,restaurant,5,16,OPERATIONAL,https://maps.google.com/?cid=N/A
N/A,Al Jabal Restaurant,26.306490399999998,50.1447235,restaurant,4.7,7,OPERATIONAL,https://maps.google.com/?cid=N/A
N/A,Petro,26.3020587,50.1375605,restaurant,3.7,6,OPERATIONAL,https://maps.google.com/?cid=N/A
N/A,Kufa,26.3003292,50.1484667,restaurant,4.2,3233,OPERATIONAL,https://maps.google.com/?cid=N/A
N/A,McDonald’s,26.314404,50.147499,restaurant,2.9,93,OPERATIONAL,https://maps.google.com/?cid=N/A
N/A,Students Restaurant,26.3104931,50.1446043,restaurant,3.9,860,OPERATIONAL,https://maps.google.com/?cid=N/A
N/A,Shatiraty,26.313814299999997,50.1477411,restaurant,4,176,OPERATIONAL,https://maps.google.com/?cid=N/A
N/A,منؤشة الريف,26.314077500000003,50.148084100000005,restaurant,3.9,246,OPERATIONAL,https://maps.google.com/?cid=N/A
N/A,Burger King - KFU,26.31411,50.14794,restaurant,3.6,183,OPERATIONAL,https://maps.google.com/?cid=N/A
N/A,Shawarma Guys,26.3139373,50.1476231,restaurant,3.8,265,OPERATIONAL,https://maps.google.com/?cid=N/A
N/A,Pua Pua,26.300504099999998,50.1488063,restaurant,4.4,14,OPERATIONAL,https://maps.google.com/?cid=N/A
N/A,مطعم شاشليك,26.300269999999998,50.148488,restaurant,4,84,OPERATIONAL,https://maps.google.com/?cid=N/A
N/A,Al Jabal Restaurant,26.306490399999998,50.1447235,restaurant,4.7,7,OPERATIONAL,https://maps.google.com/?cid=N/A
N/A,Best Falafel,26.314024,50.147507,restaurant,3.2,108,OPERATIONAL,https://maps.google.com/?cid=N/A
N/A,Petro,26.3020587,50.1375605,restaurant,3.7,6,OPERATIONAL,https://maps.google.com/?cid=N/A
N/A,Imza,26.3139093,50.1476965,restaurant,3.8,24,OPERATIONAL,https://maps.google.com/?cid=N/A
N/A,مطعم الطالبات,26.3002887,50.148330599999994,restaurant,No rating,No reviews,OPERATIONAL,https://maps.google.com/?cid=N/A
N/A,Bait Tunur,26.3003376,50.148296699999996,restaurant,4,5,OPERATIONAL,https://maps.google.com/?cid=N/A
N/A,لقمة زاد,26.3136472,50.148443,restaurant,3.2,23,OPERATIONAL,https://maps.google.com/?cid=N/A
N/A,This your time - هذا وقتك,26.3005231,50.148579,restaurant,4.9,7,OPERATIONAL,https://maps.google.com/?cid=N/A
N/A,Mr. Chicken,26.314208700000002,50.148016399999996,restaurant,3.4,20,OPERATIONAL,https://maps.google.com/?cid=N/A
N/A,Albaik,26.3088308,50.1738323,restaurant,3.7,1680,OPERATIONAL,https://maps.google.com/?cid=N/A
N/A,Parker's,26.307287799999997,50.1782967,restaurant,4,8824,OPERATIONAL,https://maps.google.com/?cid=N/A
N/A,BLANCA بلانكا,26.3059251,50.1832442,restaurant,4.5,4393,OPERATIONAL,https://maps.google.com/?cid=N/A
N/A,Al Rafidain,26.2992785,50.1755372,restaurant,4.5,2812,OPERATIONAL,https://maps.google.com/?cid=N/A
N/A,Zad al sultan,26.298194499999997,50.1799635,restaurant,4.5,1633,OPERATIONAL,https://maps.google.com/?cid=N/A
N/A,Naranj Damascus Restaurant,26.299179799999997,50.1808875,restaurant,4.2,6648,OPERATIONAL,https://maps.google.com/?cid=N/A
N/A,Fatte w Snobar,26.304639899999998,50.180399699999995,restaurant,4.2,15307,OPERATIONAL,https://maps.google.com/?cid=N/A
N/A,Burger Site,26.2991541,50.175814599999995,restaurant,4.3,7191,OPERATIONAL,https://maps.google.com/?cid=N/A
N/A,Kokoro,26.3050826,50.1783032,restaurant,4.6,2242,OPERATIONAL,https://maps.google.com/?cid=N/A
N/A,The Peak,26.307668999999997,50.1806854,restaurant,4.5,7562,OPERATIONAL,https://maps.google.com/?cid=N/A
N/A,PICKUP Burger,26.2981886,50.17803920000001,restaurant,4.6,1017,OPERATIONAL,https://maps.google.com/?cid=N/A
N/A,قصدير | Qasder,26.2990274,50.179080000000006,restaurant,4.2,661,OPERATIONAL,https://maps.google.com/?cid=N/A
N/A,Boofiya Omar,26.303219,50.1761646,restaurant,4.4,589,OPERATIONAL,https://maps.google.com/?cid=N/A
N/A,Public,26.3082444,50.1780493,restaurant,4.7,1677,OPERATIONAL,https://maps.google.com/?cid=N/A
N/A,ILFIGO,26.305891,50.1836176,restaurant,4.1,2400,OPERATIONAL,https://maps.google.com/?cid=N/A
N/A,كاس جبن,26.2988103,50.1792869,restaurant,4.4,948,OPERATIONAL,https://maps.google.com/?cid=N/A
N/A,مطعم بخاري نص سفري الخبر,26.2992754,50.1790671,restaurant,4.6,877,OPERATIONAL,https://maps.google.com/?cid=N/A
N/A,Farrouj Abu Alabed,26.2992347,50.179080199999994,restaurant,4,745,OPERATIONAL,https://maps.google.com/?cid=N/A
N/A,Al Rashid Mall,26.2908311,50.1805653,restaurant,4.3,50912,OPERATIONAL,https://maps.google.com/?cid=N/A
N/A,Parker's,26.307287799999997,50.1782967,restaurant,4,8824,OPERATIONAL,https://maps.google.com/?cid=N/A
N/A,BLANCA بلانكا,26.3059251,50.1832442,restaurant,4.5,4393,OPERATIONAL,https://maps.google.com/?cid=N/A
N/A,Modawar,26.2961365,50.1915905,restaurant,4.2,1907,OPERATIONAL,https://maps.google.com/?cid=N/A
N/A,Zad al sultan,26.298194499999997,50.1799635,restaurant,4.5,1633,OPERATIONAL,https://maps.google.com/?cid=N/A
N/A,Naranj Damascus Restaurant,26.299179799999997,50.1808875,restaurant,4.2,6648,OPERATIONAL,https://maps.google.com/?cid=N/A
N/A,Al Rafidain,26.2992785,50.1755372,restaurant,4.5,2812,OPERATIONAL,https://maps.google.com/?cid=N/A
N/A,Fatte w Snobar,26.304639899999998,50.180399699999995,restaurant,4.2,15307,OPERATIONAL,https://maps.google.com/?cid=N/A
N/A,McDonald's,26.305235,50.196318999999995,restaurant,3.8,3797,OPERATIONAL,https://maps.google.com/?cid=N/A
N/A,Burger Site,26.2991541,50.175814599999995,restaurant,4.3,7191,OPERATIONAL,https://maps.google.com/?cid=N/A
N/A,The Peak,26.307668999999997,50.1806854,restaurant,4.5,7562,OPERATIONAL,https://maps.google.com/?cid=N/A
N/A,Kokoro,26.3050826,50.1783032,restaurant,4.6,2242,OPERATIONAL,https://maps.google.com/?cid=N/A
N/A,And Salad,26.3030911,50.2017035,restaurant,4.3,2480,OPERATIONAL,https://maps.google.com/?cid=N/A
N/A,PICKUP Burger,26.2981886,50.17803920000001,restaurant,4.6,1017,OPERATIONAL,https://maps.google.com/?cid=N/A
N/A,قصدير | Qasder,26.2990274,50.179080000000006,restaurant,4.2,661,OPERATIONAL,https://maps.google.com/?cid=N/A
N/A,Boofiya Omar,26.303219,50.1761646,restaurant,4.4,589,OPERATIONAL,https://maps.google.com/?cid=N/A
N/A,ILFIGO,26.305891,50.1836176,restaurant,4.1,2400,OPERATIONAL,https://maps.google.com/?cid=N/A
N/A,Fawwal Abu Azooz,26.2888535,50.1880004,restaurant,3.9,3462,OPERATIONAL,https://maps.google.com/?cid=N/A
N/A,Wdh Tea,26.2986807,50.219212299999995,restaurant,4.3,1487,OPERATIONAL,https://maps.google.com/?cid=N/A
N/A,Al Shallal Pastries,26.2910763,50.202858899999995,restaurant,4.4,7833,OPERATIONAL,https://maps.google.com/?cid=N/A
N/A,KOY & BAKERY HOUSE,26.3041815,50.21124770000001,restaurant,4.4,3017,OPERATIONAL,https://maps.google.com/?cid=N/A
N/A,Belad Al-Sham,26.2971167,50.215826299999996,restaurant,4.3,8424,OPERATIONAL,https://maps.google.com/?cid=N/A
N/A,The Pantry Restaurant,26.3090409,50.2148706,restaurant,4.4,3515,OPERATIONAL,https://maps.google.com/?cid=N/A
N/A,Moma’s Garden,26.2994615,50.215795799999995,restaurant,4.7,1381,OPERATIONAL,https://maps.google.com/?cid=N/A
N/A,باست,26.297347499999997,50.214583499999996,restaurant,4.5,1097,OPERATIONAL,https://maps.google.com/?cid=N/A
N/A,Ayyash,26.2964827,50.218742999999996,restaurant,4.3,2514,OPERATIONAL,https://maps.google.com/?cid=N/A
N/A,Oi,26.3003454,50.2199405,restaurant,4,2339,OPERATIONAL,https://maps.google.com/?cid=N/A
N/A,Shawayyat AlKhaleej,26.2896321,50.2101543,restaurant,4.2,750,OPERATIONAL,https://maps.google.com/?cid=N/A
N/A,McDonald's,26.305235,50.196318999999995,restaurant,3.8,3797,OPERATIONAL,https://maps.google.com/?cid=N/A
N/A,And Salad,26.3030911,50.2017035,restaurant,4.3,2480,OPERATIONAL,https://maps.google.com/?cid=N/A
N/A,OMYO BURGER اوميو همبرجر,26.2987212,50.2101751,restaurant,4.5,863,OPERATIONAL,https://maps.google.com/?cid=N/A
N/A,Damascus Gate Restaurant,26.297071,50.215250999999995,restaurant,4.1,4147,OPERATIONAL,https://maps.google.com/?cid=N/A
N/A,Nakhat Alsharq,26.302198699999998,50.21111930000001,restaurant,4.1,3972,OPERATIONAL,https://maps.google.com/?cid=N/A
N/A,مطعم ماما رباب للمأكولات البحرية,26.2953412,50.214615699999996,restaurant,4.4,5006,OPERATIONAL,https://maps.google.com/?cid=N/A
N/A,First Flavor Restaurant,26.2997305,50.2149144,restaurant,4.1,906,OPERATIONAL,https://maps.google.com/?cid=N/A
N/A,Sikka Karak,26.300733200000003,50.2149289,restaurant,4.3,1136,OPERATIONAL,https://maps.google.com/?cid=N/A
N/A,McDonald's,26.294236,50.207408,restaurant,3.9,4012,OPERATIONAL,https://maps.google.com/?cid=N/A
N/A,Baytoti | بيتوتي,26.30359,50.205507,restaurant,4.6,3968,OPERATIONAL,https://maps.google.com/?cid=N/A
N/A,Mama Noura,26.2920753,50.220149,restaurant,4,2475,OPERATIONAL,https://maps.google.com/?cid=N/A
N/A,Wdh Tea,26.2986807,50.219212299999995,restaurant,4.3,1487,OPERATIONAL,https://maps.google.com/?cid=N/A
N/A,Shajarat AlDurr,26.2933374,50.217887,restaurant,4.6,20328,OPERATIONAL,https://maps.google.com/?cid=N/A
N/A,Azmy,26.295335599999998,50.2184702,restaurant,4.5,2498,OPERATIONAL,https://maps.google.com/?cid=N/A
N/A,Belad Al-Sham,26.2971167,50.215826299999996,restaurant,4.3,8424,OPERATIONAL,https://maps.google.com/?cid=N/A
N/A,PlCKUP Burger,26.3078981,50.2240548,restaurant,4.6,1978,OPERATIONAL,https://maps.google.com/?cid=N/A
N/A,KOY & BAKERY HOUSE,26.3041815,50.21124770000001,restaurant,4.4,3017,OPERATIONAL,https://maps.google.com/?cid=N/A
N/A,Lumee,26.30706,50.225012199999995,restaurant,4.6,3324,OPERATIONAL,https://maps.google.com/?cid=N/A
N/A,Off white,26.2929686,50.2228698,restaurant,4.4,13707,OPERATIONAL,https://maps.google.com/?cid=N/A
N/A,The Pantry Restaurant,26.3090409,50.2148706,restaurant,4.4,3515,OPERATIONAL,https://maps.google.com/?cid=N/A
N/A,Ayyash,26.2964827,50.218742999999996,restaurant,4.3,2514,OPERATIONAL,https://maps.google.com/?cid=N/A
N/A,Oi,26.3003454,50.2199405,restaurant,4,2339,OPERATIONAL,https://maps.google.com/?cid=N/A
N/A,Moma’s Garden,26.2994615,50.215795799999995,restaurant,4.7,1381,OPERATIONAL,https://maps.google.com/?cid=N/A
N/A,OffTheEarth,26.3119351,50.2171357,restaurant,4.5,968,OPERATIONAL,https://maps.google.com/?cid=N/A
N/A,Sandwich Faqeer,26.312128700000002,50.21759360000001,restaurant,3.5,1451,OPERATIONAL,https://maps.google.com/?cid=N/A
N/A,باست,26.297347499999997,50.214583499999996,restaurant,4.5,1097,OPERATIONAL,https://maps.google.com/?cid=N/A
N/A,Wahmy Burger,26.304724399999998,50.2233204,restaurant,4.4,3170,OPERATIONAL,https://maps.google.com/?cid=N/A
N/A,Swiss Butter - Corniche Park,26.3072859,50.2249457,restaurant,4.6,2048,OPERATIONAL,https://maps.google.com/?cid=N/A
N/A,ARCHI,26.309453599999998,50.222403199999995,restaurant,4,1415,OPERATIONAL,https://maps.google.com/?cid=N/A
N/A,She Station,26.303204400000002,50.227030899999995,restaurant,4.3,6,OPERATIONAL,https://maps.google.com/?cid=N/A
N/A,مطعم المضغوط الماسي,26.3292747,50.004177899999995,restaurant,4,211,OPERATIONAL,https://maps.google.com/?cid=N/A
N/A,مطعم فجر الشام,26.329400999999997,50.0044975,restaurant,3.9,248,OPERATIONAL,https://maps.google.com/?cid=N/A
N/A,بروستد ركن الدوك,26.3292861,50.0042383,restaurant,4.3,110,OPERATIONAL,https://maps.google.com/?cid=N/A
N/A,مناقيش وفلافل العروبة لتقديم الوجبات,26.333384799999997,50.0099192,restaurant,4.4,65,OPERATIONAL,https://maps.google.com/?cid=N/A
N/A,مطعم برندة الخليج,26.333298199999998,50.010160199999994,restaurant,4.3,36,OPERATIONAL,https://maps.google.com/?cid=N/A
N/A,مطاعم موج الشرقية البخاري,26.3333075,50.0095611,restaurant,3.2,61,OPERATIONAL,https://maps.google.com/?cid=N/A
N/A,Tim Hortons,26.3209034,50.021542399999994,restaurant,4.2,91,OPERATIONAL,https://maps.google.com/?cid=N/A
N/A,فوال نور الصباح,26.3329362,50.0091422,restaurant,3,43,OPERATIONAL,https://maps.google.com/?cid=N/A
N/A,مطعم ملتقى الأسطوره للاكلات الشعبية,26.329272,50.004578599999995,restaurant,4.1,31,OPERATIONAL,https://maps.google.com/?cid=N/A
N/A,Hospital Restaurant,26.3216058,50.021766199999995,restaurant,3.5,19,OPERATIONAL,https://maps.google.com/?cid=N/A
N/A,كاسبن Kasbon,26.3210339,50.0222064,restaurant,2.5,28,OPERATIONAL,https://maps.google.com/?cid=N/A
N/A,بوفيه أنوار دمشق للفلافل وعصائر,26.3319771,50.0023394,restaurant,4.5,30,OPERATIONAL,https://maps.google.com/?cid=N/A
N/A,Anjar Restaurant مطعم عنجر للمعجنات والشاورما,26.321659800000003,50.0186865,restaurant,3.8,20,OPERATIONAL,https://maps.google.com/?cid=N/A
N/A,مطعم فرن الشباب البخاري,26.331862200000003,50.0024194,restaurant,2.6,28,OPERATIONAL,https://maps.google.com/?cid=N/A
N/A,الميز,26.3232932,50.019751199999995,restaurant,3.2,20,OPERATIONAL,https://maps.google.com/?cid=N/A
N/A,مطعم ملوح ومعصوب,26.3333589,50.0099437,restaurant,4.4,25,OPERATIONAL,https://maps.google.com/?cid=N/A
N/A,Mess Hall - صالة الطعام,26.323218800000003,50.0151744,restaurant,5,1,OPERATIONAL,https://maps.google.com/?cid=N/A
N/A,بلوفات 2 BLUFAT,26.3213021,50.01825900000001,restaurant,No rating,No reviews,OPERATIONAL,https://maps.google.com/?cid=N/A
N/A,Tim Hortons,26.3209034,50.021542399999994,restaurant,4.2,91,OPERATIONAL,https://maps.google.com/?cid=N/A
N/A,Hospital Restaurant,26.3216058,50.021766199999995,restaurant,3.5,19,OPERATIONAL,https://maps.google.com/?cid=N/A
N/A,كاسبن Kasbon,26.3210339,50.0222064,restaurant,2.5,28,OPERATIONAL,https://maps.google.com/?cid=N/A
N/A,Anjar Restaurant مطعم عنجر للمعجنات والشاورما,26.321659800000003,50.0186865,restaurant,3.8,20,OPERATIONAL,https://maps.google.com/?cid=N/A
N/A,الميز,26.3232932,50.019751199999995,restaurant,3.2,20,OPERATIONAL,https://maps.google.com/?cid=N/A
N/A,Mess Hall - صالة الطعام,26.323218800000003,50.0151744,restaurant,5,1,OPERATIONAL,https://maps.google.com/?cid=N/A
N/A,بلوفات 2 BLUFAT,26.3213021,50.01825900000001,restaurant,No rating,No reviews,OPERATIONAL,https://maps.google.com/?cid=N/A
N/A,باست ارامكو,26.327547799999998,50.109365999999994,restaurant,5,1,OPERATIONAL,https://maps.google.com/?cid=N/A
N/A,Munirah Dining Hall,26.316127599999998,50.129307999999995,restaurant,3,4,OPERATIONAL,https://maps.google.com/?cid=N/A
N/A,Blue Zone,26.316223400000002,50.1193235,restaurant,4,2,OPERATIONAL,https://maps.google.com/?cid=N/A
N/A,باست ارامكو,26.327547799999998,50.109365999999994,restaurant,5,1,OPERATIONAL,https://maps.google.com/?cid=N/A
N/A,Dhahran Dining Hall,26.3082371,50.1289825,restaurant,3.9,1650,OPERATIONAL,https://maps.google.com/?cid=N/A
N/A,Freshhouse فريش هاوس,26.3091004,50.12839100000001,restaurant,4.5,236,OPERATIONAL,https://maps.google.com/?cid=N/A
N/A,Operation Falafel Aramco,26.308739799999998,50.129581900000005,restaurant,4.6,341,OPERATIONAL,https://maps.google.com/?cid=N/A
N/A,Tim Hortons,26.309983300000003,50.1366531,restaurant,4.4,125,OPERATIONAL,https://maps.google.com/?cid=N/A
N/A,CHICO | تشيكو,26.3088506,50.1295439,restaurant,4,42,OPERATIONAL,https://maps.google.com/?cid=N/A
N/A,Freshhouse فريش هاوس,26.311577999999997,50.1362658,restaurant,4.4,57,OPERATIONAL,https://maps.google.com/?cid=N/A
N/A,Abo Azoz بوعزوز,26.3159286,50.131614,restaurant,3.1,49,OPERATIONAL,https://maps.google.com/?cid=N/A
N/A,TAKE Steak Burger (Aramco Camp),26.308607499999997,50.1289375,restaurant,4.4,30,OPERATIONAL,https://maps.google.com/?cid=N/A
N/A,Saadeddin Pastry,26.309104299999998,50.128979799999996,restaurant,3.8,41,OPERATIONAL,https://maps.google.com/?cid=N/A
N/A,Malama,26.3109887,50.1316888,restaurant,4.4,5,OPERATIONAL,https://maps.google.com/?cid=N/A
N/A,Munirah Dining Hall,26.316127599999998,50.129307999999995,restaurant,3,4,OPERATIONAL,https://maps.google.com/?cid=N/A
N/A,Aramco's Dining Hall,26.328165,50.138017999999995,restaurant,4,4,OPERATIONAL,https://maps.google.com/?cid=N/A
N/A,"Greens Restaurant ,Aramco Lulu",26.3089959,50.1285332,restaurant,5,1,OPERATIONAL,https://maps.google.com/?cid=N/A
N/A,سلم ان لايت Slim ‘n Lite,26.315451799999998,50.1315606,restaurant,5,16,OPERATIONAL,https://maps.google.com/?cid=N/A
N/A,واحد فلافل المنيرة Wahed Falafel Muneera,26.315842999999997,50.1316499,restaurant,4.6,25,OPERATIONAL,https://maps.google.com/?cid=N/A
N/A,EXPEC & Engineering Dining Hall,26.312317099999998,50.1302216,restaurant,2.3,3,OPERATIONAL,https://maps.google.com/?cid=N/A
N/A,Snackbar,26.327082299999997,50.1369003,restaurant,5,2,OPERATIONAL,https://maps.google.com/?cid=N/A
N/A,Blue Zone,26.316223400000002,50.1193235,restaurant,4,2,OPERATIONAL,https://maps.google.com/?cid=N/A
N/A,Rayg,26.323335099999998,50.1618637,restaurant,4.1,3922,OPERATIONAL,https://maps.google.com/?cid=N/A
N/A,Mozon Restaurant,26.323583199999998,50.1634999,restaurant,3.9,4458,OPERATIONAL,https://maps.google.com/?cid=N/A
N/A,McDonald's,26.33201,50.151145,restaurant,3.8,4272,OPERATIONAL,https://maps.google.com/?cid=N/A
N/A,بخاري روشاز,26.322230299999998,50.1570198,restaurant,4.3,704,OPERATIONAL,https://maps.google.com/?cid=N/A
N/A,Falafel Dam,26.3224435,50.155479299999996,restaurant,3.7,778,OPERATIONAL,https://maps.google.com/?cid=N/A
N/A,Makbous Express,26.3232213,50.160258999999996,restaurant,4,2484,OPERATIONAL,https://maps.google.com/?cid=N/A
N/A,Al Jeddawi Restaurant,26.3234909,50.162791299999995,restaurant,3.9,2580,OPERATIONAL,https://maps.google.com/?cid=N/A
N/A,Shabab Albukhari Restaurant,26.3229544,50.1620875,restaurant,4.1,907,OPERATIONAL,https://maps.google.com/?cid=N/A
N/A,المطعم الصومالي,26.3331561,50.1483688,restaurant,4.3,929,OPERATIONAL,https://maps.google.com/?cid=N/A
N/A,Moalem Alshami Barbecue,26.322893800000003,50.1588183,restaurant,4.2,609,OPERATIONAL,https://maps.google.com/?cid=N/A
N/A,برغرايززر | Burgerizzr,26.322488,50.155812,restaurant,4.3,1024,OPERATIONAL,https://maps.google.com/?cid=N/A
N/A,Manoosha Alreef,26.322222800000002,50.1568149,restaurant,4.1,1332,OPERATIONAL,https://maps.google.com/?cid=N/A
N/A,Eastern Wall Restaurant | 达曼中餐馆 مطعم السور الشرقي,26.333299099999998,50.149716299999994,restaurant,4.1,417,OPERATIONAL,https://maps.google.com/?cid=N/A
N/A,Lahza,26.3232352,50.1612021,restaurant,4.1,291,OPERATIONAL,https://maps.google.com/?cid=N/A
N/A,Kudu - Doha Center,26.323722099999998,50.1648165,restaurant,3.7,1218,OPERATIONAL,https://maps.google.com/?cid=N/A
N/A,كراي Cry,26.322488699999997,50.1555846,restaurant,3.6,125,OPERATIONAL,https://maps.google.com/?cid=N/A
N/A,The Specialist,26.3229082,50.158876299999996,restaurant,4.3,563,OPERATIONAL,https://maps.google.com/?cid=N/A
N/A,Falafel Pie,26.3222792,50.157525199999995,restaurant,4,225,OPERATIONAL,https://maps.google.com/?cid=N/A
N/A,Days Burger,26.322439400000004,50.155547999999996,restaurant,4.7,1745,OPERATIONAL,https://maps.google.com/?cid=N/A
N/A,Villaggio Restaurants Village,26.3279391,50.179853699999995,restaurant,4.4,9231,OPERATIONAL,https://maps.google.com/?cid=N/A
N/A,Albaik,26.3088308,50.1738323,restaurant,3.7,1680,OPERATIONAL,https://maps.google.com/?cid=N/A
N/A,Rayg,26.323335099999998,50.1618637,restaurant,4.1,3922,OPERATIONAL,https://maps.google.com/?cid=N/A
N/A,Mozon Restaurant,26.323583199999998,50.1634999,restaurant,3.9,4458,OPERATIONAL,https://maps.google.com/?cid=N/A
N/A,Goat Diner,26.331380799999998,50.1618614,restaurant,4.3,2536,OPERATIONAL,https://maps.google.com/?cid=N/A
N/A,Applebee's,26.3103874,50.168752,restaurant,4.2,2122,OPERATIONAL,https://maps.google.com/?cid=N/A
N/A,Medar Gulf Seafood,26.325449700000004,50.1665662,restaurant,4.1,2408,OPERATIONAL,https://maps.google.com/?cid=N/A
N/A,بخاري روشاز,26.322230299999998,50.1570198,restaurant,4.3,704,OPERATIONAL,https://maps.google.com/?cid=N/A
N/A,Makbous Express,26.3232213,50.160258999999996,restaurant,4,2484,OPERATIONAL,https://maps.google.com/?cid=N/A
N/A,Al Jeddawi Restaurant,26.3234909,50.162791299999995,restaurant,3.9,2580,OPERATIONAL,https://maps.google.com/?cid=N/A
N/A,Falafel Dam,26.3224435,50.155479299999996,restaurant,3.7,778,OPERATIONAL,https://maps.google.com/?cid=N/A
N/A,Shabab Albukhari Restaurant,26.3229544,50.1620875,restaurant,4.1,907,OPERATIONAL,https://maps.google.com/?cid=N/A
N/A,Queen of India,26.3281733,50.1800457,restaurant,4.2,3307,OPERATIONAL,https://maps.google.com/?cid=N/A
N/A,IKEA Restaurant,26.3097799,50.1680257,restaurant,4.1,3130,OPERATIONAL,https://maps.google.com/?cid=N/A
N/A,Burger King - Doha,26.330621999999998,50.163213,restaurant,4,1188,OPERATIONAL,https://maps.google.com/?cid=N/A
N/A,Barn's | بارنز,26.3227222,50.1797506,restaurant,4.3,702,OPERATIONAL,https://maps.google.com/?cid=N/A
N/A,Thermo Steakhouse,26.3281094,50.1798352,restaurant,4.4,2298,OPERATIONAL,https://maps.google.com/?cid=N/A
N/A,60 Grams,26.3314359,50.162262999999996,restaurant,4.6,606,OPERATIONAL,https://maps.google.com/?cid=N/A
N/A,Moalem Alshami Barbecue,26.322893800000003,50.1588183,restaurant,4.2,609,OPERATIONAL,https://maps.google.com/?cid=N/A
N/A,Villaggio Restaurants Village,26.3279391,50.179853699999995,restaurant,4.4,9231,OPERATIONAL,https://maps.google.com/?cid=N/A
N/A,OVVIO,26.3183859,50.194120999999996,restaurant,4.4,127,OPERATIONAL,https://maps.google.com/?cid=N/A
N/A,Queen of India,26.3281733,50.1800457,restaurant,4.2,3307,OPERATIONAL,https://maps.google.com/?cid=N/A
N/A,Thermo Steakhouse,26.3281094,50.1798352,restaurant,4.4,2298,OPERATIONAL,https://maps.google.com/?cid=N/A
N/A,Barn's | بارنز,26.3227222,50.1797506,restaurant,4.3,702,OPERATIONAL,https://maps.google.com/?cid=N/A
N/A,Caesar 7,26.328836499999998,50.1807881,restaurant,4.8,474,OPERATIONAL,https://maps.google.com/?cid=N/A
N/A,Crazy Pizza,26.328431199999997,50.1819346,restaurant,4.6,610,OPERATIONAL,https://maps.google.com/?cid=N/A
N/A,Puro Salad,26.3183392,50.1941373,restaurant,4.6,119,OPERATIONAL,https://maps.google.com/?cid=N/A
N/A,Set Kafa,26.3281071,50.180371799999996,restaurant,3.7,1004,OPERATIONAL,https://maps.google.com/?cid=N/A
N/A,هارديز,26.3240215,50.1798295,restaurant,4,214,OPERATIONAL,https://maps.google.com/?cid=N/A
N/A,Wallflower,26.3279516,50.1801667,restaurant,No rating,No reviews,OPERATIONAL,https://maps.google.com/?cid=N/A
N/A,Merge Restaurant,26.3284234,50.180507299999995,restaurant,4,777,OPERATIONAL,https://maps.google.com/?cid=N/A
N/A,Flamin' (Pickup and Delivery),26.3280462,50.179847099999996,restaurant,3.6,28,OPERATIONAL,https://maps.google.com/?cid=N/A
N/A,بوفية تسالي العربية لتقديم الوجبات,26.323165399999997,50.17994600000001,restaurant,3.4,5,OPERATIONAL,https://maps.google.com/?cid=N/A
N/A,بوفية زينب,26.3232,50.1802673,restaurant,3.7,24,OPERATIONAL,https://maps.google.com/?cid=N/A
N/A,Gulf Chef Restaurant,26.328114900000003,50.180796699999995,restaurant,3.2,6,OPERATIONAL,https://maps.google.com/?cid=N/A
N/A,Golden belt alkhobar,26.318228899999998,50.193942,restaurant,3,1,OPERATIONAL,https://maps.google.com/?cid=N/A
N/A,Almangour mall 1- LAKATOR DHAHRAN,26.3117959,50.1769682,restaurant,No rating,No reviews,OPERATIONAL,https://maps.google.com/?cid=N/A
N/A,Urth Caffe,26.3174247,50.203582,restaurant,4.2,3132,OPERATIONAL,https://maps.google.com/?cid=N/A
N/A,Sucre de Nada - سكر الندى,26.314968399999998,50.212457799999996,restaurant,4,931,OPERATIONAL,https://maps.google.com/?cid=N/A
N/A,San Carlo Cicchetti - سان كارلو,26.317356999999998,50.2038298,restaurant,4,1827,OPERATIONAL,https://maps.google.com/?cid=N/A
N/A,Aghatti Restaurant,26.3181527,50.2034148,restaurant,4.4,3204,OPERATIONAL,https://maps.google.com/?cid=N/A
N/A,Doro Pizzeria,26.3169984,50.2034685,restaurant,4,1956,OPERATIONAL,https://maps.google.com/?cid=N/A
N/A,McDonald's,26.329109,50.213575999999996,restaurant,3.9,2734,OPERATIONAL,https://maps.google.com/?cid=N/A
N/A,Takara Restaurant ® مطعم تاكارا,26.321277,50.2200522,restaurant,4.7,4808,OPERATIONAL,https://maps.google.com/?cid=N/A
N/A,Evoo,26.3175785,50.204001,restaurant,4.2,2183,OPERATIONAL,https://maps.google.com/?cid=N/A
N/A,OVVIO,26.3183859,50.194120999999996,restaurant,4.4,127,OPERATIONAL,https://maps.google.com/?cid=N/A
N/A,Meat at Tony's,26.3167648,50.203629799999995,restaurant,4,1081,OPERATIONAL,https://maps.google.com/?cid=N/A
N/A,Seven,26.3264377,50.2127401,restaurant,4.2,3212,OPERATIONAL,https://maps.google.com/?cid=N/A
N/A,SALATA | سلاته,26.3190225,50.2079728,restaurant,4.2,1043,OPERATIONAL,https://maps.google.com/?cid=N/A
N/A,HOUSE OF AGAPI,26.3177053,50.203983699999995,restaurant,4.7,1872,OPERATIONAL,https://maps.google.com/?cid=N/A
N/A,KORK,26.3199623,50.216707,restaurant,4.5,1592,OPERATIONAL,https://maps.google.com/?cid=N/A
N/A,Lucca Steak House,26.314488200000003,50.2163839,restaurant,4.3,3816,OPERATIONAL,https://maps.google.com/?cid=N/A
N/A,ARCHI,26.328346699999997,50.2138995,restaurant,4.3,209,OPERATIONAL,https://maps.google.com/?cid=N/A
N/A,The Breakfast Club,26.3301064,50.212715599999996,restaurant,4.1,2283,OPERATIONAL,https://maps.google.com/?cid=N/A
N/A,Barn's | بارنز,26.32004,50.216398,restaurant,4.3,103,OPERATIONAL,https://maps.google.com/?cid=N/A
N/A,ثندر THNDR l,26.3193618,50.207308999999995,restaurant,4.1,506,OPERATIONAL,https://maps.google.com/?cid=N/A
N/A,Pikniq,26.317961,50.2039049,restaurant,4.5,3106,OPERATIONAL,https://maps.google.com/?cid=N/A
N/A,مقهى ومحمصة اودن | OUDEN,26.321353799999997,50.2216774,restaurant,4.3,1397,OPERATIONAL,https://maps.google.com/?cid=N/A
N/A,PlCKUP Burger,26.3078981,50.2240548,restaurant,4.6,1978,OPERATIONAL,https://maps.google.com/?cid=N/A
N/A,Sucre de Nada - سكر الندى,26.314968399999998,50.212457799999996,restaurant,4,931,OPERATIONAL,https://maps.google.com/?cid=N/A
N/A,Lumee,26.30706,50.225012199999995,restaurant,4.6,3324,OPERATIONAL,https://maps.google.com/?cid=N/A
N/A,Tazaj,26.3185802,50.223019699999995,restaurant,3.5,1051,OPERATIONAL,https://maps.google.com/?cid=N/A
N/A,OffTheEarth,26.3119351,50.2171357,restaurant,4.5,968,OPERATIONAL,https://maps.google.com/?cid=N/A
N/A,Sandwich Faqeer,26.312128700000002,50.21759360000001,restaurant,3.5,1451,OPERATIONAL,https://maps.google.com/?cid=N/A
N/A,ARCHI,26.309453599999998,50.222403199999995,restaurant,4,1415,OPERATIONAL,https://maps.google.com/?cid=N/A
N/A,Swiss Butter - Corniche Park,26.3072859,50.2249457,restaurant,4.6,2048,OPERATIONAL,https://maps.google.com/?cid=N/A
N/A,مطعم بيراديز الهندي Peradiz Indian Restaurant,26.3196707,50.221830999999995,restaurant,4.8,3014,OPERATIONAL,https://maps.google.com/?cid=N/A
N/A,Meat Moot Khobar,26.321809800000004,50.221050299999995,restaurant,4.7,2395,OPERATIONAL,https://maps.google.com/?cid=N/A
N/A,La Gioia Restaurant | مطعم لاجويا,26.309310099999998,50.2210517,restaurant,4.2,1259,OPERATIONAL,https://maps.google.com/?cid=N/A
N/A,AL DENTE,26.316677499999997,50.2230284,restaurant,4.5,2385,OPERATIONAL,https://maps.google.com/?cid=N/A
N/A,Fatto,26.3072794,50.2250488,restaurant,4.6,4527,OPERATIONAL,https://maps.google.com/?cid=N/A
N/A,Burger Site,26.3076672,50.224112999999996,restaurant,4.6,2193,OPERATIONAL,https://maps.google.com/?cid=N/A
N/A,Takara Restaurant ® مطعم تاكارا,26.321277,50.2200522,restaurant,4.7,4808,OPERATIONAL,https://maps.google.com/?cid=N/A
N/A,Doka Bakery House Al Khobar دوكة الخبر,26.3103448,50.2242349,restaurant,4.5,1854,OPERATIONAL,https://maps.google.com/?cid=N/A
N/A,مقهى و محمصة وودز | WOODS Specialty Café & Roastery‎,26.3130416,50.22370480000001,restaurant,4.4,3168,OPERATIONAL,https://maps.google.com/?cid=N/A
N/A,Fattah & Snober Restaurant,26.3200118,50.222648199999995,restaurant,4.4,4664,OPERATIONAL,https://maps.google.com/?cid=N/A
N/A,McDonald's,26.329109,50.213575999999996,restaurant,3.9,2734,OPERATIONAL,https://maps.google.com/?cid=N/A
N/A,Ola Amor اولا امور,26.3231921,50.2286257,restaurant,3.7,1335,OPERATIONAL,https://maps.google.com/?cid=N/A
N/A,McDonald's,26.343225,50.000093,restaurant,3.5,426,OPERATIONAL,https://maps.google.com/?cid=N/A
N/A,Golden Grill Restaurant,26.3359375,50.0000625,restaurant,3.8,904,OPERATIONAL,https://maps.google.com/?cid=N/A
N/A,مطعم المضغوط الماسي,26.3292747,50.004177899999995,restaurant,4,211,OPERATIONAL,https://maps.google.com/?cid=N/A
N/A,Kudu - Dammam - Tamimi Complex,26.3425579,49.995624,restaurant,3.9,287,OPERATIONAL,https://maps.google.com/?cid=N/A
N/A,مطعم فطيرة وكباب,26.335009499999998,50.012315099999995,restaurant,4.5,187,OPERATIONAL,https://maps.google.com/?cid=N/A
N/A,مطعم فجر الشام,26.329400999999997,50.0044975,restaurant,3.9,248,OPERATIONAL,https://maps.google.com/?cid=N/A
N/A,بوفية تسالي الاسطوره,26.3479459,49.999281599999996,restaurant,3.7,65,OPERATIONAL,https://maps.google.com/?cid=N/A
N/A,مطعم درة البخاري,26.3347984,50.0131088,restaurant,3.9,74,OPERATIONAL,https://maps.google.com/?cid=N/A
N/A,بروستد ركن الدوك,26.3292861,50.0042383,restaurant,4.3,110,OPERATIONAL,https://maps.google.com/?cid=N/A
N/A,مطعم نخبه المشاوي لتقديم الوجبات,26.340789599999997,49.996598000000006,restaurant,4.2,114,OPERATIONAL,https://maps.google.com/?cid=N/A
N/A,مناقيش وفلافل العروبة لتقديم الوجبات,26.333384799999997,50.0099192,restaurant,4.4,65,OPERATIONAL,https://maps.google.com/?cid=N/A
N/A,بيتزا فطيرة واي,26.336192999999998,49.9999306,restaurant,4.2,99,OPERATIONAL,https://maps.google.com/?cid=N/A
N/A,مطعم برندة الخليج,26.333298199999998,50.010160199999994,restaurant,4.3,36,OPERATIONAL,https://maps.google.com/?cid=N/A
N/A,مطاعم موج الشرقية البخاري,26.3333075,50.0095611,restaurant,3.2,61,OPERATIONAL,https://maps.google.com/?cid=N/A
N/A,مطعم البوادي للأكلات الشعبية,26.3361654,50.0000849,restaurant,3.8,85,OPERATIONAL,https://maps.google.com/?cid=N/A
N/A,فوال نور الصباح,26.3329362,50.0091422,restaurant,3,43,OPERATIONAL,https://maps.google.com/?cid=N/A
N/A,بوفية اذواق العروبه لتقديم الوجبات,26.333788199999997,50.000958399999995,restaurant,3.8,35,OPERATIONAL,https://maps.google.com/?cid=N/A
N/A,مطعم سكبة الثانية,26.3409203,49.9964636,restaurant,4.5,94,OPERATIONAL,https://maps.google.com/?cid=N/A
N/A,1M بروستد هلا,26.3351065,50.012616099999995,restaurant,3.8,73,OPERATIONAL,https://maps.google.com/?cid=N/A
N/A,بوفيه دنيا العروبة,26.3362066,50.0000034,restaurant,3,36,OPERATIONAL,https://maps.google.com/?cid=N/A
N/A,مطعم فطيرة وكباب,26.335009499999998,50.012315099999995,restaurant,4.5,187,OPERATIONAL,https://maps.google.com/?cid=N/A
N/A,سناعة أمي لطيفه الفاخريه,26.340363399999998,50.0375593,restaurant,4.6,108,OPERATIONAL,https://maps.google.com/?cid=N/A
N/A,مطعم درة البخاري,26.3347984,50.0131088,restaurant,3.9,74,OPERATIONAL,https://maps.google.com/?cid=N/A
N/A,1M بروستد هلا,26.3351065,50.012616099999995,restaurant,3.8,73,OPERATIONAL,https://maps.google.com/?cid=N/A
N/A,مدلل للاكلات الشعبية,26.3402572,50.0373065,restaurant,4.5,74,OPERATIONAL,https://maps.google.com/?cid=N/A
N/A,لذيذ برجر مشوي,26.3421012,50.037431299999994,restaurant,3.8,21,OPERATIONAL,https://maps.google.com/?cid=N/A
N/A,عصائر عنب ايس,26.3410412,50.0350721,restaurant,4.6,8,OPERATIONAL,https://maps.google.com/?cid=N/A
N/A,مطعم القرش الأسود BlackShark,26.335088199999998,50.012400899999996,restaurant,4.9,23,OPERATIONAL,https://maps.google.com/?cid=N/A
N/A,Chemistry Coffee كيمستري كوفي,26.3458802,50.0463409,restaurant,4.1,1379,OPERATIONAL,https://maps.google.com/?cid=N/A
N/A,Soldout Restaurant® مطعم سولد اوت,26.3456411,50.045944399999996,restaurant,4.8,2057,OPERATIONAL,https://maps.google.com/?cid=N/A
N/A,حاشي باشا| فرع طيبة,26.34827,50.047021,restaurant,3.9,1401,OPERATIONAL,https://maps.google.com/?cid=N/A
N/A,شرار,26.346984499999998,50.0486265,restaurant,3.1,234,OPERATIONAL,https://maps.google.com/?cid=N/A
N/A,Qasser Al-Madhbi,26.3482897,50.0497094,restaurant,3.8,714,OPERATIONAL,https://maps.google.com/?cid=N/A
N/A,فلافل عكار,26.348667,50.0504487,restaurant,4.4,413,OPERATIONAL,https://maps.google.com/?cid=N/A
N/A,المشوى العنابي | Ennabi Grill,26.3469278,50.048522,restaurant,3.7,617,OPERATIONAL,https://maps.google.com/?cid=N/A
N/A,Lazona,26.3491504,50.0507183,restaurant,4,189,OPERATIONAL,https://maps.google.com/?cid=N/A
N/A,جباتي وكرك (هبشة),26.348855,50.0507893,restaurant,4.6,232,OPERATIONAL,https://maps.google.com/?cid=N/A
N/A,Low Calories,26.3460257,50.0469923,restaurant,4.6,141,OPERATIONAL,https://maps.google.com/?cid=N/A
N/A,دعج Daaj,26.347621699999998,50.046189899999995,restaurant,4.7,130,OPERATIONAL,https://maps.google.com/?cid=N/A
N/A,بوفية ترويقة,26.346296,50.047665099999996,restaurant,3.9,276,OPERATIONAL,https://maps.google.com/?cid=N/A
N/A,شاورما الاستاذ - حي طيبة,26.3493705,50.048845899999996,restaurant,4,76,OPERATIONAL,https://maps.google.com/?cid=N/A
N/A,Faqsah,26.3448928,50.051294399999996,restaurant,4.4,505,OPERATIONAL,https://maps.google.com/?cid=N/A
N/A,Maestro Pizza,26.349515999999998,50.0513865,restaurant,4,136,OPERATIONAL,https://maps.google.com/?cid=N/A
N/A,مطعم الشيف زوز,26.3488425,50.0479395,restaurant,4.7,142,OPERATIONAL,https://maps.google.com/?cid=N/A
N/A,برج التوت,26.3484283,50.049929600000006,restaurant,4.7,118,OPERATIONAL,https://maps.google.com/?cid=N/A
N/A,مطعم ظبي الجنوب,26.3458595,50.0431518,restaurant,4.1,331,OPERATIONAL,https://maps.google.com/?cid=N/A
N/A,Faqsah,26.3448928,50.051294399999996,restaurant,4.4,505,OPERATIONAL,https://maps.google.com/?cid=N/A
N/A,Barn's | بارنز,26.349278299999998,50.0533813,restaurant,4.4,54,OPERATIONAL,https://maps.google.com/?cid=N/A
N/A,بخاري,26.3469232,50.0540459,restaurant,4.2,72,OPERATIONAL,https://maps.google.com/?cid=N/A
N/A,Ruwai Fried 5 village 2 بروستد روي,26.3466922,50.0542276,restaurant,4.6,25,OPERATIONAL,https://maps.google.com/?cid=N/A
N/A,مضغوط دكه,26.339008699999997,50.051164899999996,restaurant,No rating,No reviews,OPERATIONAL,https://maps.google.com/?cid=N/A
N/A,معجنات الوصيد الشعله Alwaseed Restaurant Alshala,26.3426883,50.0790038,restaurant,4,412,OPERATIONAL,https://maps.google.com/?cid=N/A
N/A,دواجن الفاخرية,26.349946799999998,50.0738315,restaurant,4.1,35,OPERATIONAL,https://maps.google.com/?cid=N/A
N/A,WAOBAO,26.3442293,50.0897411,restaurant,3.1,22,OPERATIONAL,https://maps.google.com/?cid=N/A
N/A,بوفية أكله هنية,26.344120699999998,50.0776901,restaurant,3.3,47,OPERATIONAL,https://maps.google.com/?cid=N/A
N/A,Leen Kitchen,26.3442967,50.089876200000006,restaurant,3.8,4,OPERATIONAL,https://maps.google.com/?cid=N/A
N/A,"পদ্মা সেতু রেস্টুরেন্ট, দাম্মাম, সৌদি আরব।",26.344984699999998,50.0771576,restaurant,4,3,OPERATIONAL,https://maps.google.com/?cid=N/A
N/A,بوفية عنتر,26.3428938,50.078846299999995,restaurant,3.5,10,OPERATIONAL,https://maps.google.com/?cid=N/A
N/A,Mo3allem shawarma,26.344256299999998,50.0898243,restaurant,2.7,6,OPERATIONAL,https://maps.google.com/?cid=N/A
N/A,مطعم هندي,26.3449435,50.077085399999994,restaurant,5,1,OPERATIONAL,https://maps.google.com/?cid=N/A
N/A,مطعم أكلات شرقية,26.344936699999998,50.07715830000001,restaurant,3,3,OPERATIONAL,https://maps.google.com/?cid=N/A
N/A,شاورمجي الادارة,26.341466399999998,50.085060299999995,restaurant,No rating,No reviews,OPERATIONAL,https://maps.google.com/?cid=N/A
N/A,Mofattah Afandi Restaurant,26.351097300000003,50.0942903,restaurant,4.3,270,OPERATIONAL,https://maps.google.com/?cid=N/A
N/A,مطاعم شعبيات القوافل,26.350982199999997,50.093665099999996,restaurant,4.3,277,OPERATIONAL,https://maps.google.com/?cid=N/A
N/A,بيت شرق,26.3510189,50.0934795,restaurant,4.5,242,OPERATIONAL,https://maps.google.com/?cid=N/A
N/A,مطعم فايف للمشويات الشعله,26.351022399999998,50.0938443,restaurant,4.2,129,OPERATIONAL,https://maps.google.com/?cid=N/A
N/A,Gezzar Grills Restourant مطعم مشويات الجزار,26.3512161,50.0941666,restaurant,4.3,114,OPERATIONAL,https://maps.google.com/?cid=N/A
N/A,WAOBAO,26.3442293,50.0897411,restaurant,3.1,22,OPERATIONAL,https://maps.google.com/?cid=N/A
N/A,فوال صباح الخير الأفغاني,26.350960699999998,50.0935997,restaurant,3.4,23,OPERATIONAL,https://maps.google.com/?cid=N/A
N/A,Leen Kitchen,26.3442967,50.089876200000006,restaurant,3.8,4,OPERATIONAL,https://maps.google.com/?cid=N/A
N/A,Mo3allem shawarma,26.344256299999998,50.0898243,restaurant,2.7,6,OPERATIONAL,https://maps.google.com/?cid=N/A
N/A,بوفية الويبز,26.349981099999997,50.0926439,restaurant,5,1,OPERATIONAL,https://maps.google.com/?cid=N/A
N/A,شاورمجي الادارة,26.341466399999998,50.085060299999995,restaurant,No rating,No reviews,OPERATIONAL,https://maps.google.com/?cid=N/A
N/A,Jon & Vinny's Ithra,26.3345393,50.1218606,restaurant,4.4,345,OPERATIONAL,https://maps.google.com/?cid=N/A
N/A,Pizza Bar By IOI,26.3389375,50.120062499999996,restaurant,4.2,401,OPERATIONAL,https://maps.google.com/?cid=N/A
N/A,Cantina by pattis,26.334987299999998,50.1199711,restaurant,2.9,16,OPERATIONAL,https://maps.google.com/?cid=N/A
N/A,Pattis Ithra Library,26.3356875,50.120437499999994,restaurant,2.9,17,OPERATIONAL,https://maps.google.com/?cid=N/A
N/A,باست ارامكو,26.327547799999998,50.109365999999994,restaurant,5,1,OPERATIONAL,https://maps.google.com/?cid=N/A
N/A,فراي إن قو إثراء أرامكو,26.3351569,50.1220681,restaurant,5,1,OPERATIONAL,https://maps.google.com/?cid=N/A
N/A,Al Mumtaz Restaurant,26.346219899999998,50.1362835,restaurant,4,1941,OPERATIONAL,https://maps.google.com/?cid=N/A
N/A,Shawarma Teef,26.344683,50.1383715,restaurant,4.2,951,OPERATIONAL,https://maps.google.com/?cid=N/A
N/A,Qurb cafe,26.348195600000004,50.1411429,restaurant,4.8,340,OPERATIONAL,https://maps.google.com/?cid=N/A
N/A,Beit Misk Restaurant,26.346280399999998,50.145006300000006,restaurant,3.8,4511,OPERATIONAL,https://maps.google.com/?cid=N/A
N/A,Tasty Toast,26.347089099999998,50.1444268,restaurant,4.1,463,OPERATIONAL,https://maps.google.com/?cid=N/A
N/A,Party Box,26.3445212,50.1450469,restaurant,4.3,934,OPERATIONAL,https://maps.google.com/?cid=N/A
N/A,Al Lahib,26.3445005,50.1450556,restaurant,4,1535,OPERATIONAL,https://maps.google.com/?cid=N/A
N/A,Shawarmer | شاورمر,26.3479813,50.1432989,restaurant,4.6,1463,OPERATIONAL,https://maps.google.com/?cid=N/A
N/A,KFC,26.347421299999997,50.143959599999995,restaurant,3.7,1217,OPERATIONAL,https://maps.google.com/?cid=N/A
N/A,مطعم بخاري غير,26.345477,50.1370642,restaurant,4.2,132,OPERATIONAL,https://maps.google.com/?cid=N/A
N/A,Bawan Broasted,26.3463137,50.1368418,restaurant,4,965,OPERATIONAL,https://maps.google.com/?cid=N/A
N/A,شاورمجي | SHAWERMAGY,26.3482313,50.1433567,restaurant,4.1,1171,OPERATIONAL,https://maps.google.com/?cid=N/A
N/A,KILO KABAB,26.3473561,50.1441734,restaurant,4.1,881,OPERATIONAL,https://maps.google.com/?cid=N/A
N/A,Jon & Vinny's Ithra,26.3345393,50.1218606,restaurant,4.4,345,OPERATIONAL,https://maps.google.com/?cid=N/A
N/A,مطعم ومطبخ دانه - Dana Catering,26.337405699999998,50.1463738,restaurant,4.1,771,OPERATIONAL,https://maps.google.com/?cid=N/A
N/A,Hamburgini هامبرغيني - Al Qusur,26.348366199999997,50.1431921,restaurant,3.9,308,OPERATIONAL,https://maps.google.com/?cid=N/A
N/A,Tokuzo,26.3458788,50.1455749,restaurant,4.1,1053,OPERATIONAL,https://maps.google.com/?cid=N/A
N/A,جاوي سريع Jawi Express,26.348763899999998,50.1336739,restaurant,4.4,420,OPERATIONAL,https://maps.google.com/?cid=N/A
N/A,Pizza Bar By IOI,26.3389375,50.120062499999996,restaurant,4.2,401,OPERATIONAL,https://maps.google.com/?cid=N/A
N/A,8 Portions Pizza,26.3436412,50.147852099999994,restaurant,4.6,8960,OPERATIONAL,https://maps.google.com/?cid=N/A
N/A,McDonald's,26.33201,50.151145,restaurant,3.8,4272,OPERATIONAL,https://maps.google.com/?cid=N/A
N/A,McDonald's,26.348571999999997,50.143153999999996,restaurant,3.8,2805,OPERATIONAL,https://maps.google.com/?cid=N/A
N/A,Goat Diner,26.331380799999998,50.1618614,restaurant,4.3,2536,OPERATIONAL,https://maps.google.com/?cid=N/A
N/A,Yasumi Ramen Shop Dhahran -‎ يسومي رامن الظهران,26.3394574,50.152420899999996,restaurant,4.3,1215,OPERATIONAL,https://maps.google.com/?cid=N/A
N/A,Five Guys,26.3390886,50.152854,restaurant,4,596,OPERATIONAL,https://maps.google.com/?cid=N/A
N/A,Shawarma Teef,26.344683,50.1383715,restaurant,4.2,951,OPERATIONAL,https://maps.google.com/?cid=N/A
N/A,Qurb cafe,26.348195600000004,50.1411429,restaurant,4.8,340,OPERATIONAL,https://maps.google.com/?cid=N/A
N/A,Beit Misk Restaurant,26.346280399999998,50.145006300000006,restaurant,3.8,4511,OPERATIONAL,https://maps.google.com/?cid=N/A
N/A,Tasty Toast,26.347089099999998,50.1444268,restaurant,4.1,463,OPERATIONAL,https://maps.google.com/?cid=N/A
N/A,المطعم الصومالي,26.3331561,50.1483688,restaurant,4.3,929,OPERATIONAL,https://maps.google.com/?cid=N/A
N/A,60 Grams,26.3314359,50.162262999999996,restaurant,4.6,606,OPERATIONAL,https://maps.google.com/?cid=N/A
N/A,Burger King - Doha,26.330621999999998,50.163213,restaurant,4,1188,OPERATIONAL,https://maps.google.com/?cid=N/A
N/A,Party Box,26.3445212,50.1450469,restaurant,4.3,934,OPERATIONAL,https://maps.google.com/?cid=N/A
N/A,Eastern Wall Restaurant | 达曼中餐馆 مطعم السور الشرقي,26.333299099999998,50.149716299999994,restaurant,4.1,417,OPERATIONAL,https://maps.google.com/?cid=N/A
N/A,سالدوتش | Saldwich,26.3390567,50.152676500000005,restaurant,4.2,377,OPERATIONAL,https://maps.google.com/?cid=N/A
N/A,Al Lahib,26.3445005,50.1450556,restaurant,4,1535,OPERATIONAL,https://maps.google.com/?cid=N/A
N/A,Shawarmer | شاورمر,26.3479813,50.1432989,restaurant,4.6,1463,OPERATIONAL,https://maps.google.com/?cid=N/A
N/A,KFC,26.347421299999997,50.143959599999995,restaurant,3.7,1217,OPERATIONAL,https://maps.google.com/?cid=N/A
N/A,شاورمجي | SHAWERMAGY,26.3482313,50.1433567,restaurant,4.1,1171,OPERATIONAL,https://maps.google.com/?cid=N/A
N/A,Goat Diner,26.331380799999998,50.1618614,restaurant,4.3,2536,OPERATIONAL,https://maps.google.com/?cid=N/A
N/A,Medar Gulf Seafood,26.325449700000004,50.1665662,restaurant,4.1,2408,OPERATIONAL,https://maps.google.com/?cid=N/A
N/A,60 Grams,26.3314359,50.162262999999996,restaurant,4.6,606,OPERATIONAL,https://maps.google.com/?cid=N/A
N/A,Burger King - Doha,26.330621999999998,50.163213,restaurant,4,1188,OPERATIONAL,https://maps.google.com/?cid=N/A
N/A,هندسة المعصوب,26.3266152,50.1670899,restaurant,4.6,1013,OPERATIONAL,https://maps.google.com/?cid=N/A
N/A,Oasis Cafe & Lounge,26.3331992,50.1808413,restaurant,3.7,210,OPERATIONAL,https://maps.google.com/?cid=N/A
N/A,KFC,26.330446799999997,50.1627988,restaurant,3.9,765,OPERATIONAL,https://maps.google.com/?cid=N/A
N/A,Sala Pizza,26.3426774,50.181902799999996,restaurant,4.1,1188,OPERATIONAL,https://maps.google.com/?cid=N/A
N/A,Herfy,26.334194,50.1798311,restaurant,3.7,748,OPERATIONAL,https://maps.google.com/?cid=N/A
N/A,Al Mokhtar Pastry & Restaurant,26.3272288,50.1679343,restaurant,4.1,269,OPERATIONAL,https://maps.google.com/?cid=N/A
N/A,نمط Namat Health Kitchen,26.342651,50.1818716,restaurant,4.2,263,OPERATIONAL,https://maps.google.com/?cid=N/A
N/A,Snack House,26.3273422,50.1674799,restaurant,4,1017,OPERATIONAL,https://maps.google.com/?cid=N/A
N/A,Noodlez,26.3301263,50.1625115,restaurant,4,182,OPERATIONAL,https://maps.google.com/?cid=N/A
N/A,Green Apple Pie,26.3440238,50.1628151,restaurant,4.1,250,OPERATIONAL,https://maps.google.com/?cid=N/A
N/A,Domino's,26.330669900000004,50.162276,restaurant,3.9,437,OPERATIONAL,https://maps.google.com/?cid=N/A
N/A,Hala Marib Buffet,26.3319384,50.161118599999995,restaurant,4.4,70,OPERATIONAL,https://maps.google.com/?cid=N/A
N/A,المشوى العنابي | Ennabi Grill,26.331342300000003,50.1622421,restaurant,3.1,209,OPERATIONAL,https://maps.google.com/?cid=N/A
N/A,The Sushi Bar,26.3301815,50.162570099999996,restaurant,4.4,454,OPERATIONAL,https://maps.google.com/?cid=N/A
N/A,Mishwar,26.3269155,50.1678091,restaurant,3.4,462,OPERATIONAL,https://maps.google.com/?cid=N/A
N/A,Hardee's,26.3307492,50.1624031,restaurant,3.9,332,OPERATIONAL,https://maps.google.com/?cid=N/A
N/A,Villaggio Restaurants Village,26.3279391,50.179853699999995,restaurant,4.4,9231,OPERATIONAL,https://maps.google.com/?cid=N/A
N/A,Bell’evento,26.3437308,50.1845061,restaurant,4.8,3641,OPERATIONAL,https://maps.google.com/?cid=N/A
N/A,MALAMA | مالاما,26.3372958,50.201901,restaurant,4.5,1531,OPERATIONAL,https://maps.google.com/?cid=N/A
N/A,Biscotti,26.3386689,50.1918866,restaurant,4.2,2338,OPERATIONAL,https://maps.google.com/?cid=N/A
N/A,Raising Cane's,26.3454318,50.1961674,restaurant,4.4,4188,OPERATIONAL,https://maps.google.com/?cid=N/A
N/A,Madame Banquet,26.334127799999997,50.188708299999995,restaurant,3.9,1117,OPERATIONAL,https://maps.google.com/?cid=N/A
N/A,Munch Bakery,26.3437347,50.1845035,restaurant,4.1,301,OPERATIONAL,https://maps.google.com/?cid=N/A
N/A,"Popeyes - Adnoc, King Fahad Rd.",26.338487999999998,50.198448000000006,restaurant,4.6,720,OPERATIONAL,https://maps.google.com/?cid=N/A
N/A,Queen of India,26.3281733,50.1800457,restaurant,4.2,3307,OPERATIONAL,https://maps.google.com/?cid=N/A
N/A,Thermo Steakhouse,26.3281094,50.1798352,restaurant,4.4,2298,OPERATIONAL,https://maps.google.com/?cid=N/A
N/A,Spread,26.3372286,50.2016595,restaurant,4.2,737,OPERATIONAL,https://maps.google.com/?cid=N/A
N/A,Los Chavos Tacos,26.3373943,50.2014953,restaurant,4.4,942,OPERATIONAL,https://maps.google.com/?cid=N/A
N/A,Oasis Cafe & Lounge,26.3331992,50.1808413,restaurant,3.7,210,OPERATIONAL,https://maps.google.com/?cid=N/A
N/A,Sala Pizza,26.3426774,50.181902799999996,restaurant,4.1,1188,OPERATIONAL,https://maps.google.com/?cid=N/A
N/A,Caesar 7,26.328836499999998,50.1807881,restaurant,4.8,474,OPERATIONAL,https://maps.google.com/?cid=N/A
N/A,Herfy,26.334194,50.1798311,restaurant,3.7,748,OPERATIONAL,https://maps.google.com/?cid=N/A
N/A,نمط Namat Health Kitchen,26.342651,50.1818716,restaurant,4.2,263,OPERATIONAL,https://maps.google.com/?cid=N/A
N/A,ADNOC Service Station | Qurtuba District 1 (2019),26.3383637,50.198210599999996,restaurant,4.5,60,OPERATIONAL,https://maps.google.com/?cid=N/A
N/A,Crazy Pizza,26.328431199999997,50.1819346,restaurant,4.6,610,OPERATIONAL,https://maps.google.com/?cid=N/A
N/A,Saturn Bakery,26.3444282,50.1854185,restaurant,4.8,164,OPERATIONAL,https://maps.google.com/?cid=N/A
N/A,Soldout Restaurant® مطعم سولد اوت,26.338647299999998,50.20875600000001,restaurant,4.7,7043,OPERATIONAL,https://maps.google.com/?cid=N/A
N/A,Joe's Bakery,26.343711600000002,50.2033132,restaurant,4.3,3943,OPERATIONAL,https://maps.google.com/?cid=N/A
N/A,Webrew Coffee Roasters,26.343417199999998,50.2031579,restaurant,4.4,1729,OPERATIONAL,https://maps.google.com/?cid=N/A
N/A,MALAMA | مالاما,26.3372958,50.201901,restaurant,4.5,1531,OPERATIONAL,https://maps.google.com/?cid=N/A
N/A,Biscotti,26.3386689,50.1918866,restaurant,4.2,2338,OPERATIONAL,https://maps.google.com/?cid=N/A
N/A,Raising Cane's,26.3454318,50.1961674,restaurant,4.4,4188,OPERATIONAL,https://maps.google.com/?cid=N/A
N/A,AL Shallal Pastry,26.3438834,50.2036318,restaurant,4,572,OPERATIONAL,https://maps.google.com/?cid=N/A
N/A,Nice Bun,26.343879299999998,50.2042712,restaurant,4.3,705,OPERATIONAL,https://maps.google.com/?cid=N/A
N/A,McDonald's,26.329109,50.213575999999996,restaurant,3.9,2734,OPERATIONAL,https://maps.google.com/?cid=N/A
N/A,The Wings Club,26.3439512,50.2037604,restaurant,4.4,633,OPERATIONAL,https://maps.google.com/?cid=N/A
N/A,Lghawees,26.3439204,50.2036447,restaurant,3.8,5412,OPERATIONAL,https://maps.google.com/?cid=N/A
N/A,Scatola,26.343883500000004,50.2036319,restaurant,4.3,887,OPERATIONAL,https://maps.google.com/?cid=N/A
N/A,UPSTAIRS,26.3433775,50.2032281,restaurant,4.3,442,OPERATIONAL,https://maps.google.com/?cid=N/A
N/A,"Popeyes - Adnoc, King Fahad Rd.",26.338487999999998,50.198448000000006,restaurant,4.6,720,OPERATIONAL,https://maps.google.com/?cid=N/A
N/A,The Breakfast Club,26.3301064,50.212715599999996,restaurant,4.1,2283,OPERATIONAL,https://maps.google.com/?cid=N/A
N/A,Abs Kitchen أبز كيتشن الراكة,26.343895,50.2036575,restaurant,4.3,875,OPERATIONAL,https://maps.google.com/?cid=N/A
N/A,ARCHI,26.328346699999997,50.2138995,restaurant,4.3,209,OPERATIONAL,https://maps.google.com/?cid=N/A
N/A,Spread,26.3372286,50.2016595,restaurant,4.2,737,OPERATIONAL,https://maps.google.com/?cid=N/A
N/A,Los Chavos Tacos,26.3373943,50.2014953,restaurant,4.4,942,OPERATIONAL,https://maps.google.com/?cid=N/A
N/A,The Bowl,26.325203799999997,50.207935600000006,restaurant,4.2,407,OPERATIONAL,https://maps.google.com/?cid=N/A
N/A,SALT,26.335142299999998,50.2257871,restaurant,3.9,9538,OPERATIONAL,https://maps.google.com/?cid=N/A
N/A,Soldout Restaurant® مطعم سولد اوت,26.338647299999998,50.20875600000001,restaurant,4.7,7043,OPERATIONAL,https://maps.google.com/?cid=N/A
N/A,McDonald's,26.329109,50.213575999999996,restaurant,3.9,2734,OPERATIONAL,https://maps.google.com/?cid=N/A
N/A,The Breakfast Club,26.3301064,50.212715599999996,restaurant,4.1,2283,OPERATIONAL,https://maps.google.com/?cid=N/A
N/A,ARCHI,26.328346699999997,50.2138995,restaurant,4.3,209,OPERATIONAL,https://maps.google.com/?cid=N/A
N/A,Joe & The Juice,26.3347287,50.2260543,restaurant,4.7,159,OPERATIONAL,https://maps.google.com/?cid=N/A
N/A,Pizza Hut,26.328062799999998,50.2135293,restaurant,3.8,57,OPERATIONAL,https://maps.google.com/?cid=N/A
N/A,Ole Lounge - Pavilion,26.330700699999998,50.213005499999994,restaurant,4.7,110,OPERATIONAL,https://maps.google.com/?cid=N/A
N/A,Almagles,26.332667999999998,50.214512299999996,restaurant,3.9,124,OPERATIONAL,https://maps.google.com/?cid=N/A
N/A,ستيك هاوس,26.325653199999998,50.221852899999995,restaurant,No rating,No reviews,OPERATIONAL,https://maps.google.com/?cid=N/A
N/A,McDonald's,26.350703,50.017973,restaurant,3.6,1125,OPERATIONAL,https://maps.google.com/?cid=N/A
N/A,Falafel Themar - فلافل ثمار,26.3513125,50.0183125,restaurant,4.2,396,OPERATIONAL,https://maps.google.com/?cid=N/A
N/A,بوفية تسالي الاسطوره,26.3479459,49.999281599999996,restaurant,3.7,65,OPERATIONAL,https://maps.google.com/?cid=N/A
N/A,بيتزا اكسبريس,26.351594499999997,50.0183302,restaurant,3.9,67,OPERATIONAL,https://maps.google.com/?cid=N/A
N/A,pakistani restaurant,26.351565299999997,50.0175694,restaurant,3.2,9,OPERATIONAL,https://maps.google.com/?cid=N/A
N/A,بوفية أفضل وجبة,26.351577199999998,50.018285999999996,restaurant,3.5,38,OPERATIONAL,https://maps.google.com/?cid=N/A
N/A,Chabati-Karak,26.351541599999997,50.018293,restaurant,2.5,34,OPERATIONAL,https://maps.google.com/?cid=N/A
N/A,Spice Source Restaurant | مطعم مصدر التوابل,26.351260399999997,50.0178428,restaurant,4.5,15,OPERATIONAL,https://maps.google.com/?cid=N/A
N/A,فوال وشعبيات الشيوخ,26.3514671,50.0181334,restaurant,3.5,16,OPERATIONAL,https://maps.google.com/?cid=N/A
N/A,حلويات ام دانه,26.347159899999998,49.997641699999996,restaurant,5,7,OPERATIONAL,https://maps.google.com/?cid=N/A
N/A,91 dammaam Fifa game,26.3627905,50.0093909,restaurant,No rating,No reviews,OPERATIONAL,https://maps.google.com/?cid=N/A
N/A,বাংলাদেশী হোটেল,26.362372999999998,50.013858,restaurant,No rating,No reviews,OPERATIONAL,https://maps.google.com/?cid=N/A
N/A,بوفية واجهة العروبة,26.351715199999997,49.994520599999994,restaurant,No rating,No reviews,OPERATIONAL,https://maps.google.com/?cid=N/A
N/A,حنيذ الروشن | Haneeth Alroshen,26.367558799999998,50.0275701,restaurant,4,1045,OPERATIONAL,https://maps.google.com/?cid=N/A
N/A,McDonald's,26.350703,50.017973,restaurant,3.6,1125,OPERATIONAL,https://maps.google.com/?cid=N/A
N/A,Falafel Themar - فلافل ثمار,26.3513125,50.0183125,restaurant,4.2,396,OPERATIONAL,https://maps.google.com/?cid=N/A
N/A,فوال الأفراح,26.365133399999998,50.030911200000006,restaurant,3.8,115,OPERATIONAL,https://maps.google.com/?cid=N/A
N/A,Pakistani Restaurant,26.363705399999997,50.0290615,restaurant,3.9,173,OPERATIONAL,https://maps.google.com/?cid=N/A
N/A,مطعم مقرن النيلين,26.365836599999998,50.0311044,restaurant,4.2,58,OPERATIONAL,https://maps.google.com/?cid=N/A
N/A,بيتزا اكسبريس,26.351594499999997,50.0183302,restaurant,3.9,67,OPERATIONAL,https://maps.google.com/?cid=N/A
N/A,بوفية امتياز الفنار للسندويشات والعصيرات الطازجة,26.3661887,50.032650999999994,restaurant,3.9,162,OPERATIONAL,https://maps.google.com/?cid=N/A
N/A,شاورما ريف,26.366618,50.033084599999995,restaurant,3.3,59,OPERATIONAL,https://maps.google.com/?cid=N/A
N/A,Zam Zam Restaurant,26.366002100000003,50.031506,restaurant,4.1,18,OPERATIONAL,https://maps.google.com/?cid=N/A
N/A,مطعم التنين الأخضر,26.363847999999997,50.0297772,restaurant,4,144,OPERATIONAL,https://maps.google.com/?cid=N/A
N/A,pakistani restaurant,26.351565299999997,50.0175694,restaurant,3.2,9,OPERATIONAL,https://maps.google.com/?cid=N/A
N/A,مطعم روزانا,26.3637645,50.0297748,restaurant,4.2,106,OPERATIONAL,https://maps.google.com/?cid=N/A
N/A,مطعم ومقهى مساءات Masaat Restaurants and Coffee,26.3671629,50.0332005,restaurant,4.8,53,OPERATIONAL,https://maps.google.com/?cid=N/A
N/A,مطعم خيرات الدهناء للأكلات الشعبية,26.3660032,50.032204199999995,restaurant,4.4,38,OPERATIONAL,https://maps.google.com/?cid=N/A
N/A,مطعم تثليث البخاري,26.3664255,50.0320955,restaurant,3,16,OPERATIONAL,https://maps.google.com/?cid=N/A
N/A,مطعم لؤلؤة ذهبيه,26.363987100000003,50.0295717,restaurant,4.7,18,OPERATIONAL,https://maps.google.com/?cid=N/A
N/A,مطعم أصول الشام,26.362986799999998,50.0365991,restaurant,4.2,35,OPERATIONAL,https://maps.google.com/?cid=N/A
N/A,بوفية يوم و كرك للتقديم الوجبات,26.364461,50.029321599999996,restaurant,3.7,6,OPERATIONAL,https://maps.google.com/?cid=N/A
N/A,Shekhdar Restaurants,26.364430799999997,50.046116999999995,restaurant,4.3,2699,OPERATIONAL,https://maps.google.com/?cid=N/A
N/A,مطاعم ومحانذ بن عواض,26.367810499999997,50.036772899999995,restaurant,4,2317,OPERATIONAL,https://maps.google.com/?cid=N/A
N/A,Chemistry Coffee كيمستري كوفي,26.3458802,50.0463409,restaurant,4.1,1379,OPERATIONAL,https://maps.google.com/?cid=N/A
N/A,Soldout Restaurant® مطعم سولد اوت,26.3456411,50.045944399999996,restaurant,4.8,2057,OPERATIONAL,https://maps.google.com/?cid=N/A
N/A,حاشي باشا| فرع طيبة,26.34827,50.047021,restaurant,3.9,1401,OPERATIONAL,https://maps.google.com/?cid=N/A
N/A,Fillfilah Restaurant فلفلة,26.350672499999998,50.0509438,restaurant,3.5,2675,OPERATIONAL,https://maps.google.com/?cid=N/A
N/A,بوفية مدوّر,26.367404099999998,50.036527,restaurant,3.4,356,OPERATIONAL,https://maps.google.com/?cid=N/A
N/A,مندي الجزيرة,26.3675911,50.036908399999994,restaurant,3.9,410,OPERATIONAL,https://maps.google.com/?cid=N/A
N/A,شرار,26.346984499999998,50.0486265,restaurant,3.1,234,OPERATIONAL,https://maps.google.com/?cid=N/A
N/A,معصوبي,26.3605786,50.041654099999995,restaurant,4.5,570,OPERATIONAL,https://maps.google.com/?cid=N/A
N/A,Qasser Al-Madhbi,26.3482897,50.0497094,restaurant,3.8,714,OPERATIONAL,https://maps.google.com/?cid=N/A
N/A,McDonald's,26.349902,50.051781999999996,restaurant,3.1,1079,OPERATIONAL,https://maps.google.com/?cid=N/A
N/A,مطاعم حنيذ الجنوب - طيبة,26.3590688,50.0437814,restaurant,3.6,915,OPERATIONAL,https://maps.google.com/?cid=N/A
N/A,The Coffee Address | عنوان القهوة,26.361708999999998,50.045417,restaurant,4.1,148,OPERATIONAL,https://maps.google.com/?cid=N/A
N/A,فلافل عكار,26.348667,50.0504487,restaurant,4.4,413,OPERATIONAL,https://maps.google.com/?cid=N/A
N/A,Concept Burger كونسبت برجر,26.3554584,50.0467845,restaurant,4.2,249,OPERATIONAL,https://maps.google.com/?cid=N/A
N/A,McDonald's,26.365381,50.0472143,restaurant,3.8,287,OPERATIONAL,https://maps.google.com/?cid=N/A
N/A,المشوى العنابي | Ennabi Grill,26.3469278,50.048522,restaurant,3.7,617,OPERATIONAL,https://maps.google.com/?cid=N/A
N/A,ريف العرب,26.3642962,50.0458018,restaurant,4.1,272,OPERATIONAL,https://maps.google.com/?cid=N/A
N/A,Shwaiat Al-Khalij,26.366772899999997,50.068476600000004,restaurant,4.2,5350,OPERATIONAL,https://maps.google.com/?cid=N/A
N/A,مشويات ملتقي الرافدين - حي طيبة,26.3620907,50.0689742,restaurant,4.7,8166,OPERATIONAL,https://maps.google.com/?cid=N/A
N/A,Al Maluh Restaurants,26.3556189,50.061169299999996,restaurant,3.8,1335,OPERATIONAL,https://maps.google.com/?cid=N/A
N/A,McDonald's,26.366403,50.069747,restaurant,3.5,3415,OPERATIONAL,https://maps.google.com/?cid=N/A
N/A,Abu Hilal Restaurants,26.3586027,50.0634284,restaurant,4,1794,OPERATIONAL,https://maps.google.com/?cid=N/A
N/A,Broasted Karam,26.362676699999998,50.069976999999994,restaurant,4,3263,OPERATIONAL,https://maps.google.com/?cid=N/A
N/A,King Maktoom' Restaurant,26.3539784,50.071345099999995,restaurant,4.3,679,OPERATIONAL,https://maps.google.com/?cid=N/A
N/A,Sandwich Faqeer,26.358737299999998,50.0635701,restaurant,3.1,346,OPERATIONAL,https://maps.google.com/?cid=N/A
N/A,AlAsr AlHadith Restaurant,26.3589222,50.064051199999994,restaurant,4.2,1697,OPERATIONAL,https://maps.google.com/?cid=N/A
N/A,Fillfilah Restaurant فلفلة,26.350672499999998,50.0509438,restaurant,3.5,2675,OPERATIONAL,https://maps.google.com/?cid=N/A
N/A,Mathghout Hashikum,26.3599981,50.0657832,restaurant,3.9,1479,OPERATIONAL,https://maps.google.com/?cid=N/A
N/A,Masterpieces Sea Waves,26.363332999999997,50.0710335,restaurant,4.5,4286,OPERATIONAL,https://maps.google.com/?cid=N/A
N/A,مطعم بيت الباشوات ‏الفاخرية,26.359379999999998,50.0671384,restaurant,4.1,1008,OPERATIONAL,https://maps.google.com/?cid=N/A
N/A,Curve Burger,26.3684235,50.067058499999995,restaurant,4.1,1700,OPERATIONAL,https://maps.google.com/?cid=N/A
N/A,Qasser Al-Madhbi,26.3482897,50.0497094,restaurant,3.8,714,OPERATIONAL,https://maps.google.com/?cid=N/A
N/A,Falafel Amo Basil,26.363856100000003,50.071018099999996,restaurant,4.1,1852,OPERATIONAL,https://maps.google.com/?cid=N/A
N/A,McDonald's,26.349902,50.051781999999996,restaurant,3.1,1079,OPERATIONAL,https://maps.google.com/?cid=N/A
N/A,مطعم جازلي,26.3653817,50.0613159,restaurant,4.6,2238,OPERATIONAL,https://maps.google.com/?cid=N/A
N/A,مطبق ومعصوب اركان الديرة فرع حي طيبه,26.368709700000004,50.0667763,restaurant,4,1977,OPERATIONAL,https://maps.google.com/?cid=N/A
N/A,Herfy,26.359989,50.074004099999996,restaurant,3.5,1059,OPERATIONAL,https://maps.google.com/?cid=N/A
N/A,مشويات ملتقي الرافدين - حي طيبة,26.3620907,50.0689742,restaurant,4.7,8166,OPERATIONAL,https://maps.google.com/?cid=N/A
N/A,McDonald's,26.366403,50.069747,restaurant,3.5,3415,OPERATIONAL,https://maps.google.com/?cid=N/A
N/A,AL Shallal Pastry,26.366140899999998,50.0755249,restaurant,4.3,641,OPERATIONAL,https://maps.google.com/?cid=N/A
N/A,Qasr Al Ratem,26.3650247,50.0736248,restaurant,4,4795,OPERATIONAL,https://maps.google.com/?cid=N/A
N/A,King Maktoom' Restaurant,26.3539784,50.071345099999995,restaurant,4.3,679,OPERATIONAL,https://maps.google.com/?cid=N/A
N/A,Broasted Karam,26.362676699999998,50.069976999999994,restaurant,4,3263,OPERATIONAL,https://maps.google.com/?cid=N/A
N/A,Biryani Athawaqa Restaurant (Al Shula District) مطعم برياني الذواقة - حي الشعلة,26.365190899999998,50.076249499999996,restaurant,4.1,1398,OPERATIONAL,https://maps.google.com/?cid=N/A
N/A,Masterpieces Sea Waves,26.363332999999997,50.0710335,restaurant,4.5,4286,OPERATIONAL,https://maps.google.com/?cid=N/A
N/A,Mathghout Hashikum,26.3599981,50.0657832,restaurant,3.9,1479,OPERATIONAL,https://maps.google.com/?cid=N/A
N/A,مطعم بيت الباشوات ‏الفاخرية,26.359379999999998,50.0671384,restaurant,4.1,1008,OPERATIONAL,https://maps.google.com/?cid=N/A
N/A,Sikkat Karak,26.366277699999998,50.075632999999996,restaurant,4.3,1095,OPERATIONAL,https://maps.google.com/?cid=N/A
N/A,Falafel Amo Basil,26.363856100000003,50.071018099999996,restaurant,4.1,1852,OPERATIONAL,https://maps.google.com/?cid=N/A
N/A,Herfy,26.359989,50.074004099999996,restaurant,3.5,1059,OPERATIONAL,https://maps.google.com/?cid=N/A
N/A,الروشنة للمأكولات الخليجية,26.3637654,50.0737349,restaurant,4.4,756,OPERATIONAL,https://maps.google.com/?cid=N/A
N/A,Domino's Pizza,26.3661665,50.0705941,restaurant,3.8,268,OPERATIONAL,https://maps.google.com/?cid=N/A
N/A,Rice & Saffron Restaurant,26.3682824,50.0788108,restaurant,4.3,569,OPERATIONAL,https://maps.google.com/?cid=N/A
N/A,فوال نور الصباح,26.3560625,50.0701875,restaurant,3.8,964,OPERATIONAL,https://maps.google.com/?cid=N/A
N/A,فطيرة الفلافل الفاخرية,26.3633603,50.0735494,restaurant,4.3,219,OPERATIONAL,https://maps.google.com/?cid=N/A
N/A,Mishwar,26.3645452,50.070427099999996,restaurant,3.5,1547,OPERATIONAL,https://maps.google.com/?cid=N/A
N/A,دكان فلافل,26.362530699999997,50.069668,restaurant,4.4,783,OPERATIONAL,https://maps.google.com/?cid=N/A
N/A,LLAMA,26.3665579,50.0939111,restaurant,4.5,3287,OPERATIONAL,https://maps.google.com/?cid=N/A
N/A,حنيذ عمر | Hanith Omar,26.3654022,50.0948944,restaurant,3.8,1295,OPERATIONAL,https://maps.google.com/?cid=N/A
N/A,Milan Way Cafe and Restaurant,26.366882999999998,50.093657099999994,restaurant,4.2,2332,OPERATIONAL,https://maps.google.com/?cid=N/A
N/A,بوفية طعمية بدر,26.353746899999997,50.0982468,restaurant,4.3,607,OPERATIONAL,https://maps.google.com/?cid=N/A
N/A,Zwarah Restaurant,26.366435000000003,50.0940113,restaurant,4.5,703,OPERATIONAL,https://maps.google.com/?cid=N/A
N/A,Tikka n’ Go,26.3685337,50.0922663,restaurant,4.5,1482,OPERATIONAL,https://maps.google.com/?cid=N/A
N/A,مطاعم شواية سماء الخليج,26.353398,50.097332,restaurant,3.9,672,OPERATIONAL,https://maps.google.com/?cid=N/A
N/A,Mofattah Afandi Restaurant,26.351097300000003,50.0942903,restaurant,4.3,270,OPERATIONAL,https://maps.google.com/?cid=N/A
N/A,بوفيه جاز,26.3537441,50.0982671,restaurant,4.4,290,OPERATIONAL,https://maps.google.com/?cid=N/A
N/A,ماي دومي - MY DOMI حي الفاخرية - الشعلة,26.3526688,50.0963906,restaurant,4.6,74,OPERATIONAL,https://maps.google.com/?cid=N/A
N/A,مطاعم شعبيات القوافل,26.350982199999997,50.093665099999996,restaurant,4.3,277,OPERATIONAL,https://maps.google.com/?cid=N/A
N/A,Qamosh قَموش,26.365309500000002,50.0950059,restaurant,3.4,91,OPERATIONAL,https://maps.google.com/?cid=N/A
N/A,بيت شرق,26.3510189,50.0934795,restaurant,4.5,242,OPERATIONAL,https://maps.google.com/?cid=N/A
N/A,Barn's | بارنز,26.354257399999998,50.0996351,restaurant,4.5,180,OPERATIONAL,https://maps.google.com/?cid=N/A
N/A,Chef & Beef,26.365429799999998,50.0947561,restaurant,4.7,354,OPERATIONAL,https://maps.google.com/?cid=N/A
N/A,بوفية سد الفاخرية1,26.354138199999998,50.0992294,restaurant,4.1,316,OPERATIONAL,https://maps.google.com/?cid=N/A
N/A,مطعم فايف للمشويات الشعله,26.351022399999998,50.0938443,restaurant,4.2,129,OPERATIONAL,https://maps.google.com/?cid=N/A
N/A,بروستد زاد الأسطورة Legendary Broasted,26.355547299999998,50.099209599999995,restaurant,4.4,155,OPERATIONAL,https://maps.google.com/?cid=N/A
N/A,Gezzar Grills Restourant مطعم مشويات الجزار,26.3512161,50.0941666,restaurant,4.3,114,OPERATIONAL,https://maps.google.com/?cid=N/A
N/A,Al Mumtaz Restaurant,26.346219899999998,50.1362835,restaurant,4,1941,OPERATIONAL,https://maps.google.com/?cid=N/A
N/A,McDonald's,26.348571999999997,50.143153999999996,restaurant,3.8,2805,OPERATIONAL,https://maps.google.com/?cid=N/A
N/A,Shawarma Teef,26.344683,50.1383715,restaurant,4.2,951,OPERATIONAL,https://maps.google.com/?cid=N/A
N/A,Qurb cafe,26.348195600000004,50.1411429,restaurant,4.8,340,OPERATIONAL,https://maps.google.com/?cid=N/A
N/A,Shawarmer | شاورمر,26.3479813,50.1432989,restaurant,4.6,1463,OPERATIONAL,https://maps.google.com/?cid=N/A
N/A,شاورمجي | SHAWERMAGY,26.3482313,50.1433567,restaurant,4.1,1171,OPERATIONAL,https://maps.google.com/?cid=N/A
N/A,KFC,26.347421299999997,50.143959599999995,restaurant,3.7,1217,OPERATIONAL,https://maps.google.com/?cid=N/A
N/A,مطعم بخاري غير,26.345477,50.1370642,restaurant,4.2,132,OPERATIONAL,https://maps.google.com/?cid=N/A
N/A,Bawan Broasted,26.3463137,50.1368418,restaurant,4,965,OPERATIONAL,https://maps.google.com/?cid=N/A
N/A,KILO KABAB,26.3473561,50.1441734,restaurant,4.1,881,OPERATIONAL,https://maps.google.com/?cid=N/A
N/A,Hamburgini هامبرغيني - Al Qusur,26.348366199999997,50.1431921,restaurant,3.9,308,OPERATIONAL,https://maps.google.com/?cid=N/A
N/A,Casapasta | كازاباستا,26.348161899999997,50.14342380000001,restaurant,4,360,OPERATIONAL,https://maps.google.com/?cid=N/A
N/A,جاوي سريع Jawi Express,26.348763899999998,50.1336739,restaurant,4.4,420,OPERATIONAL,https://maps.google.com/?cid=N/A
N/A,Falafel Tim,26.3450269,50.1375064,restaurant,4.3,592,OPERATIONAL,https://maps.google.com/?cid=N/A
N/A,Luqaymat Bint Al Qadi,26.344946200000003,50.1375045,restaurant,4.1,688,OPERATIONAL,https://maps.google.com/?cid=N/A
N/A,Waleemat Al Sharqiah,26.3452803,50.1372413,restaurant,3.5,464,OPERATIONAL,https://maps.google.com/?cid=N/A
N/A,Lataif Altaif,26.345009899999997,50.1375719,restaurant,4.1,261,OPERATIONAL,https://maps.google.com/?cid=N/A
N/A,كرك بلال,26.3474249,50.141622999999996,restaurant,3.7,286,OPERATIONAL,https://maps.google.com/?cid=N/A
N/A,Eastern People Seafood,26.3473844,50.1441373,restaurant,3.9,792,OPERATIONAL,https://maps.google.com/?cid=N/A
N/A,Maestro Pizza,26.3483353,50.143281699999996,restaurant,4.1,506,OPERATIONAL,https://maps.google.com/?cid=N/A
N/A,8 Portions Pizza,26.3436412,50.147852099999994,restaurant,4.6,8960,OPERATIONAL,https://maps.google.com/?cid=N/A
N/A,McDonald's,26.348571999999997,50.143153999999996,restaurant,3.8,2805,OPERATIONAL,https://maps.google.com/?cid=N/A
N/A,Qurb cafe,26.348195600000004,50.1411429,restaurant,4.8,340,OPERATIONAL,https://maps.google.com/?cid=N/A
N/A,Tasty Toast,26.347089099999998,50.1444268,restaurant,4.1,463,OPERATIONAL,https://maps.google.com/?cid=N/A
N/A,Beit Misk Restaurant,26.346280399999998,50.145006300000006,restaurant,3.8,4511,OPERATIONAL,https://maps.google.com/?cid=N/A
N/A,Shawarmer | شاورمر,26.3479813,50.1432989,restaurant,4.6,1463,OPERATIONAL,https://maps.google.com/?cid=N/A
N/A,Party Box,26.3445212,50.1450469,restaurant,4.3,934,OPERATIONAL,https://maps.google.com/?cid=N/A
N/A,KFC,26.347421299999997,50.143959599999995,restaurant,3.7,1217,OPERATIONAL,https://maps.google.com/?cid=N/A
N/A,شاورمجي | SHAWERMAGY,26.3482313,50.1433567,restaurant,4.1,1171,OPERATIONAL,https://maps.google.com/?cid=N/A
N/A,Al Lahib,26.3445005,50.1450556,restaurant,4,1535,OPERATIONAL,https://maps.google.com/?cid=N/A
N/A,KILO KABAB,26.3473561,50.1441734,restaurant,4.1,881,OPERATIONAL,https://maps.google.com/?cid=N/A
N/A,Hamburgini هامبرغيني - Al Qusur,26.348366199999997,50.1431921,restaurant,3.9,308,OPERATIONAL,https://maps.google.com/?cid=N/A
N/A,Tokuzo,26.3458788,50.1455749,restaurant,4.1,1053,OPERATIONAL,https://maps.google.com/?cid=N/A
N/A,Mishwar Express,26.344902500000003,50.146580199999995,restaurant,3.4,738,OPERATIONAL,https://maps.google.com/?cid=N/A
N/A,Casapasta | كازاباستا,26.348161899999997,50.14342380000001,restaurant,4,360,OPERATIONAL,https://maps.google.com/?cid=N/A
N/A,Eastern People Seafood,26.3473844,50.1441373,restaurant,3.9,792,OPERATIONAL,https://maps.google.com/?cid=N/A
N/A,Maestro Pizza,26.3483353,50.143281699999996,restaurant,4.1,506,OPERATIONAL,https://maps.google.com/?cid=N/A
N/A,Domino's Pizza,26.348197,50.143355899999996,restaurant,3.6,337,OPERATIONAL,https://maps.google.com/?cid=N/A
N/A,كرك بلال,26.3474249,50.141622999999996,restaurant,3.7,286,OPERATIONAL,https://maps.google.com/?cid=N/A
N/A,POSHAK Doha Plaza - Khobar| بوشاك,26.3480629,50.143353,restaurant,4.3,491,OPERATIONAL,https://maps.google.com/?cid=N/A
N/A,ADNOC Service Station | Al Qashlah (2007),26.3630838,50.1779371,restaurant,4.4,400,OPERATIONAL,https://maps.google.com/?cid=N/A
N/A,Enab Beirut عنب بيروت,26.366633999999998,50.1772759,restaurant,4,773,OPERATIONAL,https://maps.google.com/?cid=N/A
N/A,Sigdang Adnoc,26.3632383,50.1771033,restaurant,4,57,OPERATIONAL,https://maps.google.com/?cid=N/A
N/A,Sandwich Faqeer | ساندوتش فقير,26.3631571,50.1772907,restaurant,3.4,118,OPERATIONAL,https://maps.google.com/?cid=N/A
N/A,Il Vero,26.3670642,50.1779619,restaurant,4.1,111,OPERATIONAL,https://maps.google.com/?cid=N/A
N/A,Al Diwan,26.3672927,50.1775886,restaurant,4.1,77,OPERATIONAL,https://maps.google.com/?cid=N/A
N/A,مطعم,26.3634202,50.1683045,restaurant,2.6,12,OPERATIONAL,https://maps.google.com/?cid=N/A
N/A,Bell’evento,26.3437308,50.1845061,restaurant,4.8,3641,OPERATIONAL,https://maps.google.com/?cid=N/A
N/A,AlBaik,26.361876799999997,50.197102400000006,restaurant,3.1,652,OPERATIONAL,https://maps.google.com/?cid=N/A
N/A,McDonald's,26.359828000000004,50.189654000000004,restaurant,3.9,3654,OPERATIONAL,https://maps.google.com/?cid=N/A
N/A,ليوباردو Leopardo,26.350304599999998,50.1952891,restaurant,4.4,4025,OPERATIONAL,https://maps.google.com/?cid=N/A
N/A,Raising Cane's,26.3454318,50.1961674,restaurant,4.4,4188,OPERATIONAL,https://maps.google.com/?cid=N/A
N/A,مطعم المضياف (الراكة),26.3612422,50.1938171,restaurant,4.3,2449,OPERATIONAL,https://maps.google.com/?cid=N/A
N/A,حدائق حمص,26.363225999999997,50.1995125,restaurant,4.2,1104,OPERATIONAL,https://maps.google.com/?cid=N/A
N/A,بوفية عمر الراكة,26.3625312,50.1966153,restaurant,4.3,196,OPERATIONAL,https://maps.google.com/?cid=N/A
N/A,Ashaz Modern Indian Restaurant,26.3627275,50.196479599999996,restaurant,4.7,1304,OPERATIONAL,https://maps.google.com/?cid=N/A
N/A,ADNOC Service Station | Al Qashlah (2007),26.3630838,50.1779371,restaurant,4.4,400,OPERATIONAL,https://maps.google.com/?cid=N/A
N/A,Munch Bakery,26.3437347,50.1845035,restaurant,4.1,301,OPERATIONAL,https://maps.google.com/?cid=N/A
N/A,SMOKIT | سموكيت,26.3613564,50.194067,restaurant,4.1,650,OPERATIONAL,https://maps.google.com/?cid=N/A
N/A,Green Bukhari الاخضر البخاري,26.3620102,50.1958142,restaurant,3.9,1711,OPERATIONAL,https://maps.google.com/?cid=N/A
N/A,Shawarmer | شاورمر,26.359553299999998,50.1882801,restaurant,4,3187,OPERATIONAL,https://maps.google.com/?cid=N/A
N/A,مطعم هاشم,26.3617612,50.1968399,restaurant,3.5,817,OPERATIONAL,https://maps.google.com/?cid=N/A
N/A,Al Lahib Broasted,26.362045199999997,50.197350899999996,restaurant,3.7,592,OPERATIONAL,https://maps.google.com/?cid=N/A
N/A,Dunkin' Donuts,26.359581499999997,50.1883863,restaurant,4.1,435,OPERATIONAL,https://maps.google.com/?cid=N/A
N/A,Casapasta | كازاباستا,26.3599203,50.1892631,restaurant,4,664,OPERATIONAL,https://maps.google.com/?cid=N/A
N/A,Salad & Tacos سالد أند تاكوز,26.3619807,50.195008699999995,restaurant,4.3,413,OPERATIONAL,https://maps.google.com/?cid=N/A
N/A,مطعم نمط صحي لتقديم الوجبات الصحية,26.3629215,50.198867199999995,restaurant,4.7,455,OPERATIONAL,https://maps.google.com/?cid=N/A
N/A,Joe's Bakery,26.343711600000002,50.2033132,restaurant,4.3,3943,OPERATIONAL,https://maps.google.com/?cid=N/A
N/A,Webrew Coffee Roasters,26.343417199999998,50.2031579,restaurant,4.4,1729,OPERATIONAL,https://maps.google.com/?cid=N/A
N/A,Ziba Restaurant ® مطعم زيبا,26.3507422,50.2113997,restaurant,4.6,5079,OPERATIONAL,https://maps.google.com/?cid=N/A
N/A,AlBaik,26.361876799999997,50.197102400000006,restaurant,3.1,652,OPERATIONAL,https://maps.google.com/?cid=N/A
N/A,ليوباردو Leopardo,26.350304599999998,50.1952891,restaurant,4.4,4025,OPERATIONAL,https://maps.google.com/?cid=N/A
N/A,AL Shallal Pastry,26.3438834,50.2036318,restaurant,4,572,OPERATIONAL,https://maps.google.com/?cid=N/A
N/A,تشكي تشيز | Chuck E Cheese,26.356091,50.20865,restaurant,4.3,3337,OPERATIONAL,https://maps.google.com/?cid=N/A
N/A,Nice Bun,26.343879299999998,50.2042712,restaurant,4.3,705,OPERATIONAL,https://maps.google.com/?cid=N/A
N/A,مطعم المضياف (الراكة),26.3612422,50.1938171,restaurant,4.3,2449,OPERATIONAL,https://maps.google.com/?cid=N/A
N/A,Qasr AlMadhbi,26.3636043,50.2008331,restaurant,4.1,4534,OPERATIONAL,https://maps.google.com/?cid=N/A
N/A,Uplift,26.3518871,50.210944999999995,restaurant,4.2,1313,OPERATIONAL,https://maps.google.com/?cid=N/A
N/A,YAAS,26.360678999999998,50.2067803,restaurant,4.5,1196,OPERATIONAL,https://maps.google.com/?cid=N/A
N/A,The Wings Club,26.3439512,50.2037604,restaurant,4.4,633,OPERATIONAL,https://maps.google.com/?cid=N/A
N/A,Lghawees,26.3439204,50.2036447,restaurant,3.8,5412,OPERATIONAL,https://maps.google.com/?cid=N/A
N/A,Scatola,26.343883500000004,50.2036319,restaurant,4.3,887,OPERATIONAL,https://maps.google.com/?cid=N/A
N/A,Jam’d,26.360903399999998,50.206576899999995,restaurant,4.6,1500,OPERATIONAL,https://maps.google.com/?cid=N/A
N/A,UPSTAIRS,26.3433775,50.2032281,restaurant,4.3,442,OPERATIONAL,https://maps.google.com/?cid=N/A
N/A,TEA TIME RAKAH (وقت الشاي),26.3661908,50.2041242,restaurant,4.1,662,OPERATIONAL,https://maps.google.com/?cid=N/A
N/A,F6or Faris,26.3528761,50.2111199,restaurant,4,1373,OPERATIONAL,https://maps.google.com/?cid=N/A
N/A,Maya,26.3507906,50.2116355,restaurant,4.6,913,OPERATIONAL,https://maps.google.com/?cid=N/A
N/A,Ziba Restaurant ® مطعم زيبا,26.3507422,50.2113997,restaurant,4.6,5079,OPERATIONAL,https://maps.google.com/?cid=N/A
N/A,تشكي تشيز | Chuck E Cheese,26.356091,50.20865,restaurant,4.3,3337,OPERATIONAL,https://maps.google.com/?cid=N/A
N/A,Uplift,26.3518871,50.210944999999995,restaurant,4.2,1313,OPERATIONAL,https://maps.google.com/?cid=N/A
N/A,F6or Faris,26.3528761,50.2111199,restaurant,4,1373,OPERATIONAL,https://maps.google.com/?cid=N/A
N/A,Maya,26.3507906,50.2116355,restaurant,4.6,913,OPERATIONAL,https://maps.google.com/?cid=N/A
N/A,Bistro,26.351026899999997,50.2119086,restaurant,4,409,OPERATIONAL,https://maps.google.com/?cid=N/A
N/A,El Panero Restaurant,26.352779599999998,50.2113641,restaurant,4.7,371,OPERATIONAL,https://maps.google.com/?cid=N/A
N/A,مطعم ولاونج زينيا | Zinnia Resto Cafe,26.3513122,50.211311699999996,restaurant,4.6,388,OPERATIONAL,https://maps.google.com/?cid=N/A
N/A,Carpet Cafe & Brunch,26.351466499999997,50.211524399999995,restaurant,4.6,552,OPERATIONAL,https://maps.google.com/?cid=N/A
N/A,كاريبو كوفي - Caribou Coffee,26.354589999999998,50.209157,restaurant,4.1,211,OPERATIONAL,https://maps.google.com/?cid=N/A
N/A,متكتك | شرفات بارك MTKTK,26.3511751,50.2110656,restaurant,4.3,317,OPERATIONAL,https://maps.google.com/?cid=N/A
N/A,ستيج برجر Stage Burger,26.3511441,50.2119686,restaurant,4.4,399,OPERATIONAL,https://maps.google.com/?cid=N/A
N/A,EZCONE إيزيكون,26.351993,50.211566,restaurant,4.4,401,OPERATIONAL,https://maps.google.com/?cid=N/A
N/A,Masami Sushi,26.3512025,50.2109514,restaurant,4.3,157,OPERATIONAL,https://maps.google.com/?cid=N/A
N/A,Crepeaffaire,26.351327599999998,50.2113076,restaurant,3.6,58,OPERATIONAL,https://maps.google.com/?cid=N/A
N/A,مطعم فوال حسن یوسف آل طریف,26.361335999999998,50.2157563,restaurant,4.2,5,OPERATIONAL,https://maps.google.com/?cid=N/A
N/A,مطاعم سنابل ربوع لتقديم الوجبات,26.3612996,50.2155859,restaurant,4,4,OPERATIONAL,https://maps.google.com/?cid=N/A
N/A,Sub’ze,26.361584,50.2156027,restaurant,5,2,OPERATIONAL,https://maps.google.com/?cid=N/A
N/A,Just Sandwich KSA,26.3527909,50.211336499999994,restaurant,No rating,No reviews,OPERATIONAL,https://maps.google.com/?cid=N/A
N/A,McDonald's,26.380277000000003,50.011601999999996,restaurant,3.8,979,OPERATIONAL,https://maps.google.com/?cid=N/A
N/A,Shawarmer | شاورمر,26.3806823,50.011999499999995,restaurant,4.8,1129,OPERATIONAL,https://maps.google.com/?cid=N/A
N/A,KFC,26.380162499999997,50.0112132,restaurant,4.3,103,OPERATIONAL,https://maps.google.com/?cid=N/A
N/A,بوفيه ليان السعادة الفرع (3),26.3822734,49.9999598,restaurant,4.2,201,OPERATIONAL,https://maps.google.com/?cid=N/A
N/A,Hardees,26.380129099999998,50.011083299999996,restaurant,4.1,92,OPERATIONAL,https://maps.google.com/?cid=N/A
N/A,مطعم ماما ليونه,26.3822771,49.9999769,restaurant,4.3,64,OPERATIONAL,https://maps.google.com/?cid=N/A
N/A,فلافل يخضور,26.3824127,50.000215999999995,restaurant,3.7,39,OPERATIONAL,https://maps.google.com/?cid=N/A
N/A,مطعم هاني ابوعبدالله البخاري ( فوال نورالصباح ),26.382453299999998,50.0002937,restaurant,3.5,42,OPERATIONAL,https://maps.google.com/?cid=N/A
N/A,ع,26.3804601,50.0113371,restaurant,2.3,63,OPERATIONAL,https://maps.google.com/?cid=N/A
N/A,افضل وجبه Best meal,26.3805667,50.0113649,restaurant,4,4,OPERATIONAL,https://maps.google.com/?cid=N/A
N/A,فود تراك طبطبه,26.3829381,50.0012228,restaurant,4.8,22,OPERATIONAL,https://maps.google.com/?cid=N/A
N/A,LAZONA ALDAHYA | لازونا الضاحية,26.3801138,50.0035768,restaurant,3.8,4,OPERATIONAL,https://maps.google.com/?cid=N/A
N/A,91 dammaam Fifa game,26.3627905,50.0093909,restaurant,No rating,No reviews,OPERATIONAL,https://maps.google.com/?cid=N/A
N/A,বাংলাদেশী হোটেল,26.362372999999998,50.013858,restaurant,No rating,No reviews,OPERATIONAL,https://maps.google.com/?cid=N/A
N/A,Tea Time وقت الشاي,26.3825941,50.000726199999995,restaurant,No rating,No reviews,OPERATIONAL,https://maps.google.com/?cid=N/A
N/A,اندومي ستايشن | Indomi Station,26.3828972,50.0010792,restaurant,5,8,OPERATIONAL,https://maps.google.com/?cid=N/A
N/A,مطاعم ومحانذ بن عواض,26.367810499999997,50.036772899999995,restaurant,4,2317,OPERATIONAL,https://maps.google.com/?cid=N/A
N/A,حنيذ الروشن | Haneeth Alroshen,26.367558799999998,50.0275701,restaurant,4,1045,OPERATIONAL,https://maps.google.com/?cid=N/A
N/A,بوفية مدوّر,26.367404099999998,50.036527,restaurant,3.4,356,OPERATIONAL,https://maps.google.com/?cid=N/A
N/A,مندي الجزيرة,26.3675911,50.036908399999994,restaurant,3.9,410,OPERATIONAL,https://maps.google.com/?cid=N/A
N/A,مطاعم حنيذ الجنوب - المنار,26.3700591,50.0347763,restaurant,3.8,654,OPERATIONAL,https://maps.google.com/?cid=N/A
N/A,Bab Bukhokha Restaurants & Kitchens,26.3753326,50.030232,restaurant,3.9,1323,OPERATIONAL,https://maps.google.com/?cid=N/A
N/A,مطبخ المنار,26.378577099999998,50.037993199999995,restaurant,4.5,224,OPERATIONAL,https://maps.google.com/?cid=N/A
N/A,Barn's | بارنز,26.369684200000002,50.027310899999996,restaurant,2.8,24,OPERATIONAL,https://maps.google.com/?cid=N/A
N/A,مطعم ريف الشرقية البخاري,26.372682899999997,50.0239937,restaurant,4,300,OPERATIONAL,https://maps.google.com/?cid=N/A
N/A,فوال الأفراح,26.365133399999998,50.030911200000006,restaurant,3.8,115,OPERATIONAL,https://maps.google.com/?cid=N/A
N/A,مطعم نصف مخصوص,26.370507699999997,50.0381539,restaurant,4.5,339,OPERATIONAL,https://maps.google.com/?cid=N/A
N/A,مطعم مقرن النيلين,26.365836599999998,50.0311044,restaurant,4.2,58,OPERATIONAL,https://maps.google.com/?cid=N/A
N/A,Pakistani Restaurant,26.363705399999997,50.0290615,restaurant,3.9,173,OPERATIONAL,https://maps.google.com/?cid=N/A
N/A,Green Chillies Restaurant,26.370521999999998,50.037303900000005,restaurant,3.7,242,OPERATIONAL,https://maps.google.com/?cid=N/A
N/A,برجر جمان OUT LAW BURGER,26.3709122,50.033995,restaurant,4.5,81,OPERATIONAL,https://maps.google.com/?cid=N/A
N/A,بوفيه المنار,26.381073299999997,50.0248455,restaurant,4.6,48,OPERATIONAL,https://maps.google.com/?cid=N/A
N/A,بوفية امتياز الفنار للسندويشات والعصيرات الطازجة,26.3661887,50.032650999999994,restaurant,3.9,162,OPERATIONAL,https://maps.google.com/?cid=N/A
N/A,شاورما ريف,26.366618,50.033084599999995,restaurant,3.3,59,OPERATIONAL,https://maps.google.com/?cid=N/A
N/A,فوال حسن يوسف,26.3673297,50.034314599999995,restaurant,3.5,57,OPERATIONAL,https://maps.google.com/?cid=N/A
N/A,نص محمر,26.366547999999998,50.0373709,restaurant,4.7,135,OPERATIONAL,https://maps.google.com/?cid=N/A
N/A,Shekhdar Restaurants,26.364430799999997,50.046116999999995,restaurant,4.3,2699,OPERATIONAL,https://maps.google.com/?cid=N/A
N/A,مطاعم ومحانذ بن عواض,26.367810499999997,50.036772899999995,restaurant,4,2317,OPERATIONAL,https://maps.google.com/?cid=N/A
N/A,88PORT | ٨٨ بورت,26.3699172,50.0574764,restaurant,4.4,2444,OPERATIONAL,https://maps.google.com/?cid=N/A
N/A,عجيّل,26.3818725,50.0473727,restaurant,3.9,1005,OPERATIONAL,https://maps.google.com/?cid=N/A
N/A,بوفية مدوّر,26.367404099999998,50.036527,restaurant,3.4,356,OPERATIONAL,https://maps.google.com/?cid=N/A
N/A,Sama Deeraty Restaurant Taybah,26.370489499999998,50.0566278,restaurant,3.8,3113,OPERATIONAL,https://maps.google.com/?cid=N/A
N/A,مندي الجزيرة,26.3675911,50.036908399999994,restaurant,3.9,410,OPERATIONAL,https://maps.google.com/?cid=N/A
N/A,مطعم طعمية علي الحطب,26.377909,50.0489756,restaurant,3.6,406,OPERATIONAL,https://maps.google.com/?cid=N/A
N/A,Kudu - Taiba District,26.3687859,50.053895399999995,restaurant,4,828,OPERATIONAL,https://maps.google.com/?cid=N/A
N/A,دكان فلافل,26.375110799999998,50.0439837,restaurant,4.5,1274,OPERATIONAL,https://maps.google.com/?cid=N/A
N/A,The Coffee Address | عنوان القهوة,26.361708999999998,50.045417,restaurant,4.1,148,OPERATIONAL,https://maps.google.com/?cid=N/A
N/A,McDonald's,26.365381,50.0472143,restaurant,3.8,287,OPERATIONAL,https://maps.google.com/?cid=N/A
N/A,مطاعم حنيذ الجنوب - المنار,26.3700591,50.0347763,restaurant,3.8,654,OPERATIONAL,https://maps.google.com/?cid=N/A
N/A,مطعم الأرز الذهبي,26.3699175,50.0574271,restaurant,4.4,403,OPERATIONAL,https://maps.google.com/?cid=N/A
N/A,BURGER SITE FAISALIYA,26.3818783,50.0473773,restaurant,3.9,213,OPERATIONAL,https://maps.google.com/?cid=N/A
N/A,Bab Bukhokha Restaurants & Kitchens,26.3753326,50.030232,restaurant,3.9,1323,OPERATIONAL,https://maps.google.com/?cid=N/A
N/A,مطعم خاشوقه khashoga Restaurant,26.3765318,50.0468597,restaurant,4.4,558,OPERATIONAL,https://maps.google.com/?cid=N/A
N/A,ريف العرب,26.3642962,50.0458018,restaurant,4.1,272,OPERATIONAL,https://maps.google.com/?cid=N/A
N/A,مطاعم بحريات خليجي للأسماك الطازجة,26.3820946,50.055093899999996,restaurant,4.1,917,OPERATIONAL,https://maps.google.com/?cid=N/A
N/A,مطعم رايق,26.378369400000004,50.0595102,restaurant,4.1,5554,OPERATIONAL,https://maps.google.com/?cid=N/A
N/A,Shwaiat Al-Khalij,26.366772899999997,50.068476600000004,restaurant,4.2,5350,OPERATIONAL,https://maps.google.com/?cid=N/A
N/A,Cart Restaurant مطعم كارت,26.376441099999997,50.0611651,restaurant,4.6,2879,OPERATIONAL,https://maps.google.com/?cid=N/A
N/A,88PORT | ٨٨ بورت,26.3699172,50.0574764,restaurant,4.4,2444,OPERATIONAL,https://maps.google.com/?cid=N/A
N/A,Sinjar,26.3788874,50.058491599999996,restaurant,4,8593,OPERATIONAL,https://maps.google.com/?cid=N/A
N/A,Deep Fries,26.380268299999997,50.0574398,restaurant,4.5,2324,OPERATIONAL,https://maps.google.com/?cid=N/A
N/A,McDonald's,26.366403,50.069747,restaurant,3.5,3415,OPERATIONAL,https://maps.google.com/?cid=N/A
N/A,فروج ابوالعبد,26.3768206,50.0608731,restaurant,3.8,1661,OPERATIONAL,https://maps.google.com/?cid=N/A
N/A,Fareej Al Mubarakia,26.3764211,50.0612687,restaurant,4.1,5491,OPERATIONAL,https://maps.google.com/?cid=N/A
N/A,Bukhari Hut,26.378401099999998,50.059501,restaurant,4.1,897,OPERATIONAL,https://maps.google.com/?cid=N/A
N/A,TAG Restaurant KSA- مطعم تاغ,26.381182199999998,50.0564622,restaurant,4.2,1415,OPERATIONAL,https://maps.google.com/?cid=N/A
N/A,Tashbia'a,26.3698214,50.0575555,restaurant,4.7,3428,OPERATIONAL,https://maps.google.com/?cid=N/A
N/A,بخاري روشاز,26.3842029,50.053892399999995,restaurant,4.2,585,OPERATIONAL,https://maps.google.com/?cid=N/A
N/A,Tea Time FAISALIYA,26.376551100000004,50.0610947,restaurant,4.2,2067,OPERATIONAL,https://maps.google.com/?cid=N/A
N/A,Sama Deeraty Restaurant Taybah,26.370489499999998,50.0566278,restaurant,3.8,3113,OPERATIONAL,https://maps.google.com/?cid=N/A
N/A,فوال ابو عزوز,26.378261,50.059625499999996,restaurant,4,1021,OPERATIONAL,https://maps.google.com/?cid=N/A
N/A,House of spices مطعم بيت التوابل,26.378328000000003,50.0584454,restaurant,4.1,1226,OPERATIONAL,https://maps.google.com/?cid=N/A
N/A,اصل البرجر TBO,26.3792334,50.058196099999996,restaurant,4.6,3680,OPERATIONAL,https://maps.google.com/?cid=N/A
N/A,KFC,26.3819336,50.0557308,restaurant,3.6,1983,OPERATIONAL,https://maps.google.com/?cid=N/A
N/A,Modawar | مدور,26.381077500000004,50.0565202,restaurant,4.3,527,OPERATIONAL,https://maps.google.com/?cid=N/A
N/A,Shwaiat Al-Khalij,26.366772899999997,50.068476600000004,restaurant,4.2,5350,OPERATIONAL,https://maps.google.com/?cid=N/A
N/A,مطعم عصيدة و مرق,26.3719327,50.0868433,restaurant,4.2,1780,OPERATIONAL,https://maps.google.com/?cid=N/A
N/A,McDonald's,26.366403,50.069747,restaurant,3.5,3415,OPERATIONAL,https://maps.google.com/?cid=N/A
N/A,AL Shallal Pastry,26.366140899999998,50.0755249,restaurant,4.3,641,OPERATIONAL,https://maps.google.com/?cid=N/A
N/A,Umbrella - Dammam,26.376071999999997,50.088830099999996,restaurant,4.3,2332,OPERATIONAL,https://maps.google.com/?cid=N/A
N/A,Qasr Al Ratem,26.3650247,50.0736248,restaurant,4,4795,OPERATIONAL,https://maps.google.com/?cid=N/A
N/A,Al Mumtaz Restaurant,26.3717352,50.0865201,restaurant,4.1,2621,OPERATIONAL,https://maps.google.com/?cid=N/A
N/A,Nabil's Maqlooba,26.3714203,50.0859168,restaurant,4.3,1387,OPERATIONAL,https://maps.google.com/?cid=N/A
N/A,Biryani Athawaqa Restaurant (Al Shula District) مطعم برياني الذواقة - حي الشعلة,26.365190899999998,50.076249499999996,restaurant,4.1,1398,OPERATIONAL,https://maps.google.com/?cid=N/A
N/A,شاورما سنع الدمام,26.3708822,50.0851452,restaurant,4.2,673,OPERATIONAL,https://maps.google.com/?cid=N/A
N/A,Masterpieces Sea Waves,26.363332999999997,50.0710335,restaurant,4.5,4286,OPERATIONAL,https://maps.google.com/?cid=N/A
N/A,Curve Burger,26.3684235,50.067058499999995,restaurant,4.1,1700,OPERATIONAL,https://maps.google.com/?cid=N/A
N/A,Sikkat Karak,26.366277699999998,50.075632999999996,restaurant,4.3,1095,OPERATIONAL,https://maps.google.com/?cid=N/A
N/A,PAKKA RESTAURANT (Indian Food),26.376023399999998,50.088758999999996,restaurant,4.4,445,OPERATIONAL,https://maps.google.com/?cid=N/A
N/A,مضغوط تهامه,26.3726789,50.086042500000005,restaurant,4,170,OPERATIONAL,https://maps.google.com/?cid=N/A
N/A,Tikka n’ Go,26.3685337,50.0922663,restaurant,4.5,1482,OPERATIONAL,https://maps.google.com/?cid=N/A
N/A,٦ رجب | الندى,26.3712822,50.08578,restaurant,4.1,546,OPERATIONAL,https://maps.google.com/?cid=N/A
N/A,The Peak,26.371358599999997,50.0896446,restaurant,4.5,687,OPERATIONAL,https://maps.google.com/?cid=N/A
N/A,Tim Hortons Mazaya Gas Station,26.379904999999997,50.086740999999996,restaurant,4.2,1873,OPERATIONAL,https://maps.google.com/?cid=N/A
N/A,Herfy,26.370308599999998,50.0654456,restaurant,3.7,1514,OPERATIONAL,https://maps.google.com/?cid=N/A
N/A,LLAMA,26.3665579,50.0939111,restaurant,4.5,3287,OPERATIONAL,https://maps.google.com/?cid=N/A
N/A,مطعم عصيدة و مرق,26.3719327,50.0868433,restaurant,4.2,1780,OPERATIONAL,https://maps.google.com/?cid=N/A
N/A,Umbrella - Dammam,26.376071999999997,50.088830099999996,restaurant,4.3,2332,OPERATIONAL,https://maps.google.com/?cid=N/A
N/A,Al Mumtaz Restaurant,26.3717352,50.0865201,restaurant,4.1,2621,OPERATIONAL,https://maps.google.com/?cid=N/A
N/A,حنيذ عمر | Hanith Omar,26.3654022,50.0948944,restaurant,3.8,1295,OPERATIONAL,https://maps.google.com/?cid=N/A
N/A,Milan Way Cafe and Restaurant,26.366882999999998,50.093657099999994,restaurant,4.2,2332,OPERATIONAL,https://maps.google.com/?cid=N/A
N/A,Nabil's Maqlooba,26.3714203,50.0859168,restaurant,4.3,1387,OPERATIONAL,https://maps.google.com/?cid=N/A
N/A,Freshhouse فريش هاوس,26.3824036,50.104395399999994,restaurant,3.9,1006,OPERATIONAL,https://maps.google.com/?cid=N/A
N/A,منؤشة الريف,26.3819353,50.1034881,restaurant,4.2,1112,OPERATIONAL,https://maps.google.com/?cid=N/A
N/A,Modawar | كافتريا مدور,26.3708693,50.0945634,restaurant,4.3,673,OPERATIONAL,https://maps.google.com/?cid=N/A
N/A,Hassawiyah Restaurant,26.379191499999997,50.0995772,restaurant,4.1,907,OPERATIONAL,https://maps.google.com/?cid=N/A
N/A,Zwarah Restaurant,26.366435000000003,50.0940113,restaurant,4.5,703,OPERATIONAL,https://maps.google.com/?cid=N/A
N/A,شاورما سنع الدمام,26.3708822,50.0851452,restaurant,4.2,673,OPERATIONAL,https://maps.google.com/?cid=N/A
N/A,Tikka n’ Go,26.3685337,50.0922663,restaurant,4.5,1482,OPERATIONAL,https://maps.google.com/?cid=N/A
N/A,PAKKA RESTAURANT (Indian Food),26.376023399999998,50.088758999999996,restaurant,4.4,445,OPERATIONAL,https://maps.google.com/?cid=N/A
N/A,Masmakat Al Fareej,26.3836081,50.1034753,restaurant,4,2177,OPERATIONAL,https://maps.google.com/?cid=N/A
N/A,مضغوط تهامه,26.3726789,50.086042500000005,restaurant,4,170,OPERATIONAL,https://maps.google.com/?cid=N/A
N/A,٦ رجب | الندى,26.3712822,50.08578,restaurant,4.1,546,OPERATIONAL,https://maps.google.com/?cid=N/A
N/A,The Peak,26.371358599999997,50.0896446,restaurant,4.5,687,OPERATIONAL,https://maps.google.com/?cid=N/A
N/A,Tim Hortons Mazaya Gas Station,26.379904999999997,50.086740999999996,restaurant,4.2,1873,OPERATIONAL,https://maps.google.com/?cid=N/A
N/A,Freshhouse فريش هاوس,26.3824036,50.104395399999994,restaurant,3.9,1006,OPERATIONAL,https://maps.google.com/?cid=N/A
N/A,منؤشة الريف,26.3819353,50.1034881,restaurant,4.2,1112,OPERATIONAL,https://maps.google.com/?cid=N/A
N/A,MALAMA | مالاما,26.3729829,50.120540899999995,restaurant,4.3,193,OPERATIONAL,https://maps.google.com/?cid=N/A
N/A,مطعم فوال تراث مأرب,26.3738328,50.1029036,restaurant,4.4,732,OPERATIONAL,https://maps.google.com/?cid=N/A
N/A,Turkistachio,26.3815126,50.1034264,restaurant,4,1345,OPERATIONAL,https://maps.google.com/?cid=N/A
N/A,Saladay سالاداي,26.376045899999998,50.1224546,restaurant,4.2,329,OPERATIONAL,https://maps.google.com/?cid=N/A
N/A,Kudu - Hajer District - Dammam,26.3745291,50.1194941,restaurant,3.9,353,OPERATIONAL,https://maps.google.com/?cid=N/A
N/A,Ronaldo’s Pizza رونالدوز بيتزا,26.376328899999997,50.122990099999996,restaurant,3.9,347,OPERATIONAL,https://maps.google.com/?cid=N/A
N/A,خلية فوز,26.3820451,50.104354099999995,restaurant,4.4,235,OPERATIONAL,https://maps.google.com/?cid=N/A
N/A,Domino's Pizza,26.381630899999998,50.1034545,restaurant,3.7,285,OPERATIONAL,https://maps.google.com/?cid=N/A
N/A,كيتو اكسبرس Keto Express,26.3821208,50.1043555,restaurant,4.5,130,OPERATIONAL,https://maps.google.com/?cid=N/A
N/A,pep & co,26.3818229,50.1034885,restaurant,4.2,329,OPERATIONAL,https://maps.google.com/?cid=N/A
N/A,دولمة | Dolma,26.382624099999997,50.104326900000004,restaurant,3.7,50,OPERATIONAL,https://maps.google.com/?cid=N/A
N/A,Harmony Food,26.381653699999998,50.1034528,restaurant,4.1,474,OPERATIONAL,https://maps.google.com/?cid=N/A
N/A,مطعم الرواق الشامي للمشويات والمعجنات,26.3723775,50.123807,restaurant,3.7,336,OPERATIONAL,https://maps.google.com/?cid=N/A
N/A,مطعم بوابه البخاري,26.3730422,50.1004377,restaurant,3.3,266,OPERATIONAL,https://maps.google.com/?cid=N/A
N/A,Wafflelicious وافليشز,26.382656899999997,50.104306099999995,restaurant,4,485,OPERATIONAL,https://maps.google.com/?cid=N/A
N/A,Griddle - جريدل,26.3762987,50.122353499999996,restaurant,3.9,82,OPERATIONAL,https://maps.google.com/?cid=N/A
N/A,Friends Burger فريندز برجر,26.3730893,50.126309,restaurant,4.8,335,OPERATIONAL,https://maps.google.com/?cid=N/A
N/A,Come to Momma,26.3712449,50.1395786,restaurant,4.5,4402,OPERATIONAL,https://maps.google.com/?cid=N/A
N/A,MALAMA | مالاما,26.3729829,50.120540899999995,restaurant,4.3,193,OPERATIONAL,https://maps.google.com/?cid=N/A
N/A,Saladay سالاداي,26.376045899999998,50.1224546,restaurant,4.2,329,OPERATIONAL,https://maps.google.com/?cid=N/A
N/A,Wood Pizza,26.3837129,50.1408951,restaurant,4.7,547,OPERATIONAL,https://maps.google.com/?cid=N/A
N/A,Kudu - Hajer District - Dammam,26.3745291,50.1194941,restaurant,3.9,353,OPERATIONAL,https://maps.google.com/?cid=N/A
N/A,Ronaldo’s Pizza رونالدوز بيتزا,26.376328899999997,50.122990099999996,restaurant,3.9,347,OPERATIONAL,https://maps.google.com/?cid=N/A
N/A,LEVANTINE LOUNG & RESTAURANT ليفانتين لاونج,26.3740489,50.1480464,restaurant,4.8,135,OPERATIONAL,https://maps.google.com/?cid=N/A
N/A,Al Tazij Bukhari Restaurant,26.3840491,50.14127,restaurant,3.7,263,OPERATIONAL,https://maps.google.com/?cid=N/A
N/A,مطعم الرواق الشامي للمشويات والمعجنات,26.3723775,50.123807,restaurant,3.7,336,OPERATIONAL,https://maps.google.com/?cid=N/A
N/A,بوفية فطور بيروت٢,26.3833116,50.1399871,restaurant,4.2,65,OPERATIONAL,https://maps.google.com/?cid=N/A
N/A,Griddle - جريدل,26.3762987,50.122353499999996,restaurant,3.9,82,OPERATIONAL,https://maps.google.com/?cid=N/A
N/A,Friends Burger فريندز برجر,26.3730893,50.126309,restaurant,4.8,335,OPERATIONAL,https://maps.google.com/?cid=N/A
N/A,شاورما على المزاج,26.375994799999997,50.1231399,restaurant,3.4,80,OPERATIONAL,https://maps.google.com/?cid=N/A
N/A,بوفية لذيذ واطعم,26.3756209,50.1228901,restaurant,4.2,44,OPERATIONAL,https://maps.google.com/?cid=N/A
N/A,بوفية الخير الطازج,26.3752052,50.1185681,restaurant,3.9,110,OPERATIONAL,https://maps.google.com/?cid=N/A
N/A,Gaslamp restaurant,26.3712449,50.1395872,restaurant,3.5,17,OPERATIONAL,https://maps.google.com/?cid=N/A
N/A,مطعم النمس,26.383938200000003,50.125346099999994,restaurant,4.4,97,OPERATIONAL,https://maps.google.com/?cid=N/A
N/A,فول و تميس حسن يوسف,26.3839863,50.14121,restaurant,3.4,74,OPERATIONAL,https://maps.google.com/?cid=N/A
N/A,مطعم كواتم النزهة البخاري,26.372496899999998,50.123436299999995,restaurant,2.4,49,OPERATIONAL,https://maps.google.com/?cid=N/A
N/A,Come to Momma,26.3712449,50.1395786,restaurant,4.5,4402,OPERATIONAL,https://maps.google.com/?cid=N/A
N/A,Wood Pizza,26.3837129,50.1408951,restaurant,4.7,547,OPERATIONAL,https://maps.google.com/?cid=N/A
N/A,Falafel pie,26.3816655,50.1482008,restaurant,4.6,184,OPERATIONAL,https://maps.google.com/?cid=N/A
N/A,KFC,26.3810972,50.148139799999996,restaurant,4.4,368,OPERATIONAL,https://maps.google.com/?cid=N/A
N/A,LEVANTINE LOUNG & RESTAURANT ليفانتين لاونج,26.3740489,50.1480464,restaurant,4.8,135,OPERATIONAL,https://maps.google.com/?cid=N/A
N/A,Al Tazij Bukhari Restaurant,26.3840491,50.14127,restaurant,3.7,263,OPERATIONAL,https://maps.google.com/?cid=N/A
N/A,Gaslamp restaurant,26.3712449,50.1395872,restaurant,3.5,17,OPERATIONAL,https://maps.google.com/?cid=N/A
N/A,فول و تميس حسن يوسف,26.3839863,50.14121,restaurant,3.4,74,OPERATIONAL,https://maps.google.com/?cid=N/A
N/A,مخبر فوال حسن یوسف قصرالخلیج,26.3839746,50.1412039,restaurant,3.1,31,OPERATIONAL,https://maps.google.com/?cid=N/A
N/A,Belad Al-Sham Restaurant,26.372868800000003,50.178602299999994,restaurant,4.1,1838,OPERATIONAL,https://maps.google.com/?cid=N/A
N/A,SKY By Archi,26.369928599999998,50.176820299999996,restaurant,4,1006,OPERATIONAL,https://maps.google.com/?cid=N/A
N/A,Four Squares Café,26.379938,50.178208,restaurant,4.7,2098,OPERATIONAL,https://maps.google.com/?cid=N/A
N/A,KFC,26.382182699999998,50.1783078,restaurant,3.7,1926,OPERATIONAL,https://maps.google.com/?cid=N/A
N/A,Kebdat Hijazi,26.381605999999998,50.1782653,restaurant,4,1579,OPERATIONAL,https://maps.google.com/?cid=N/A
N/A,Enab Beirut عنب بيروت,26.366633999999998,50.1772759,restaurant,4,773,OPERATIONAL,https://maps.google.com/?cid=N/A
N/A,برغرايززر | Burgerizzr,26.3826099,50.1784354,restaurant,4.5,1835,OPERATIONAL,https://maps.google.com/?cid=N/A
N/A,DOB Dining Hall,26.3837384,50.168321399999996,restaurant,3.5,57,OPERATIONAL,https://maps.google.com/?cid=N/A
N/A,Tim Hortons,26.370908699999998,50.1747995,restaurant,4.8,209,OPERATIONAL,https://maps.google.com/?cid=N/A
N/A,Hardee's,26.3820277,50.1782694,restaurant,4,976,OPERATIONAL,https://maps.google.com/?cid=N/A
N/A,Sigdang Adnoc,26.3632383,50.1771033,restaurant,4,57,OPERATIONAL,https://maps.google.com/?cid=N/A
N/A,Sandwich Faqeer | ساندوتش فقير,26.3631571,50.1772907,restaurant,3.4,118,OPERATIONAL,https://maps.google.com/?cid=N/A
N/A,Il Vero,26.3670642,50.1779619,restaurant,4.1,111,OPERATIONAL,https://maps.google.com/?cid=N/A
N/A,مطعم الذواق,26.3715089,50.174714099999996,restaurant,3.2,76,OPERATIONAL,https://maps.google.com/?cid=N/A
N/A,Diyafat Alhana Boofiya,26.371406399999998,50.1748511,restaurant,3.4,99,OPERATIONAL,https://maps.google.com/?cid=N/A
N/A,Al Youm Dining Hall,26.378736699999997,50.1709101,restaurant,4,16,OPERATIONAL,https://maps.google.com/?cid=N/A
N/A,Al Diwan,26.3672927,50.1775886,restaurant,4.1,77,OPERATIONAL,https://maps.google.com/?cid=N/A
N/A,Belad Al-Sham Restaurant,26.372868800000003,50.178602299999994,restaurant,4.1,1838,OPERATIONAL,https://maps.google.com/?cid=N/A
N/A,SKY By Archi,26.369928599999998,50.176820299999996,restaurant,4,1006,OPERATIONAL,https://maps.google.com/?cid=N/A
N/A,Four Squares Café,26.379938,50.178208,restaurant,4.7,2098,OPERATIONAL,https://maps.google.com/?cid=N/A
N/A,KFC,26.382182699999998,50.1783078,restaurant,3.7,1926,OPERATIONAL,https://maps.google.com/?cid=N/A
N/A,Kebdat Hijazi,26.381605999999998,50.1782653,restaurant,4,1579,OPERATIONAL,https://maps.google.com/?cid=N/A
N/A,Enab Beirut عنب بيروت,26.366633999999998,50.1772759,restaurant,4,773,OPERATIONAL,https://maps.google.com/?cid=N/A
N/A,برغرايززر | Burgerizzr,26.3826099,50.1784354,restaurant,4.5,1835,OPERATIONAL,https://maps.google.com/?cid=N/A
N/A,Hardee's,26.3820277,50.1782694,restaurant,4,976,OPERATIONAL,https://maps.google.com/?cid=N/A
N/A,Tim Hortons,26.370908699999998,50.1747995,restaurant,4.8,209,OPERATIONAL,https://maps.google.com/?cid=N/A
N/A,Marassi Al Shouq Restaurant,26.363936,50.1920412,restaurant,4.4,105,OPERATIONAL,https://maps.google.com/?cid=N/A
N/A,Roshm alsharq,26.3698187,50.190545799999995,restaurant,4.4,629,OPERATIONAL,https://maps.google.com/?cid=N/A
N/A,Habak,26.3670339,50.1862376,restaurant,4.2,665,OPERATIONAL,https://maps.google.com/?cid=N/A
N/A,بوفية طاولة السعادة لتقديم الوجبات,26.3788496,50.196565199999995,restaurant,4.2,35,OPERATIONAL,https://maps.google.com/?cid=N/A
N/A,Il Vero,26.3670642,50.1779619,restaurant,4.1,111,OPERATIONAL,https://maps.google.com/?cid=N/A
N/A,مطعم الذواق,26.3715089,50.174714099999996,restaurant,3.2,76,OPERATIONAL,https://maps.google.com/?cid=N/A
N/A,Diyafat Alhana Boofiya,26.371406399999998,50.1748511,restaurant,3.4,99,OPERATIONAL,https://maps.google.com/?cid=N/A
N/A,Al Diwan,26.3672927,50.1775886,restaurant,4.1,77,OPERATIONAL,https://maps.google.com/?cid=N/A
N/A,Popeyes - Orange Gas Station - King Faisal Rd.,26.379669,50.195747999999995,restaurant,4.9,56,OPERATIONAL,https://maps.google.com/?cid=N/A
N/A,Qasr AlMadhbi,26.3636043,50.2008331,restaurant,4.1,4534,OPERATIONAL,https://maps.google.com/?cid=N/A
N/A,TEA TIME RAKAH (وقت الشاي),26.3661908,50.2041242,restaurant,4.1,662,OPERATIONAL,https://maps.google.com/?cid=N/A
N/A,Jam’d,26.360903399999998,50.206576899999995,restaurant,4.6,1500,OPERATIONAL,https://maps.google.com/?cid=N/A
N/A,مطعم راكة الحديث,26.3656409,50.203900399999995,restaurant,3.8,1855,OPERATIONAL,https://maps.google.com/?cid=N/A
N/A,Hashi Basha - South Rakkah Branch,26.366246999999998,50.204961,restaurant,4.1,1612,OPERATIONAL,https://maps.google.com/?cid=N/A
N/A,مطعم عنجر للمعجنات والشاورما Anjar Restaurant,26.365509,50.2038103,restaurant,4,1736,OPERATIONAL,https://maps.google.com/?cid=N/A
N/A,حدائق حمص,26.363225999999997,50.1995125,restaurant,4.2,1104,OPERATIONAL,https://maps.google.com/?cid=N/A
N/A,Golden Juice,26.3624504,50.2062228,restaurant,3.9,679,OPERATIONAL,https://maps.google.com/?cid=N/A
N/A,Kudu - Al Rakah Al Shamaliyah,26.364225100000002,50.2002842,restaurant,3.9,1680,OPERATIONAL,https://maps.google.com/?cid=N/A
N/A,KFC,26.3628692,50.206012699999995,restaurant,3.6,1420,OPERATIONAL,https://maps.google.com/?cid=N/A
N/A,Makbous Express,26.362880099999998,50.205855199999995,restaurant,4.3,1301,OPERATIONAL,https://maps.google.com/?cid=N/A
N/A,Maiz Restaurant,26.3656875,50.2030625,restaurant,3.9,1455,OPERATIONAL,https://maps.google.com/?cid=N/A
N/A,مطعم نمط صحي لتقديم الوجبات الصحية,26.3629215,50.198867199999995,restaurant,4.7,455,OPERATIONAL,https://maps.google.com/?cid=N/A
N/A,مطعم رزة وأكثر,26.3631004,50.1993973,restaurant,4.4,300,OPERATIONAL,https://maps.google.com/?cid=N/A
N/A,University Towers Restaurant,26.3667992,50.204802099999995,restaurant,4.2,736,OPERATIONAL,https://maps.google.com/?cid=N/A
N/A,عريكة ماضينا,26.3628516,50.1976373,restaurant,4.5,711,OPERATIONAL,https://maps.google.com/?cid=N/A
N/A,ورق عنب ليليا,26.3638643,50.199367599999995,restaurant,4.7,603,OPERATIONAL,https://maps.google.com/?cid=N/A
N/A,Hardee's,26.3671875,50.204562499999994,restaurant,3.9,1067,OPERATIONAL,https://maps.google.com/?cid=N/A
N/A,معجنات روز الشام,26.363813800000003,50.1995648,restaurant,4.9,318,OPERATIONAL,https://maps.google.com/?cid=N/A
N/A,Greatza Restaurant | مطعم قريتزا,26.3630602,50.1993635,restaurant,4.7,1003,OPERATIONAL,https://maps.google.com/?cid=N/A
N/A,Lazona albahar | لازونا البحر,26.3718391,50.228595,restaurant,4.5,134,OPERATIONAL,https://maps.google.com/?cid=N/A
N/A,مطاعم البلدي البخاري,26.3721125,50.2283906,restaurant,4.1,57,OPERATIONAL,https://maps.google.com/?cid=N/A
N/A,Win Burger | وين برجر,26.3752734,50.2351532,restaurant,4.3,62,OPERATIONAL,https://maps.google.com/?cid=N/A
N/A,فوال وتمیس نورالصباح,26.3717114,50.2268656,restaurant,4,54,OPERATIONAL,https://maps.google.com/?cid=N/A
N/A,مطعم مندي المزاج الحضرمي,26.3716875,50.227937499999996,restaurant,4.1,14,OPERATIONAL,https://maps.google.com/?cid=N/A
N/A,مطعم كشته ارت,26.371872200000002,50.227169599999996,restaurant,4.8,39,OPERATIONAL,https://maps.google.com/?cid=N/A
N/A,مطعم واحة كبسه البخاري - WAHAD KABSA AL BUKHARI RESTAURANT,26.3724971,50.228611,restaurant,4.5,6,OPERATIONAL,https://maps.google.com/?cid=N/A
N/A,Lazona albahar | لازونا البحر,26.3718391,50.228595,restaurant,4.5,134,OPERATIONAL,https://maps.google.com/?cid=N/A
N/A,مطاعم البلدي البخاري,26.3721125,50.2283906,restaurant,4.1,57,OPERATIONAL,https://maps.google.com/?cid=N/A
N/A,Win Burger | وين برجر,26.3752734,50.2351532,restaurant,4.3,62,OPERATIONAL,https://maps.google.com/?cid=N/A
N/A,ذرتي,26.3852571,50.235446,restaurant,4.5,17,OPERATIONAL,https://maps.google.com/?cid=N/A
N/A,فوال وتمیس نورالصباح,26.3717114,50.2268656,restaurant,4,54,OPERATIONAL,https://maps.google.com/?cid=N/A
N/A,مطعم مندي المزاج الحضرمي,26.3716875,50.227937499999996,restaurant,4.1,14,OPERATIONAL,https://maps.google.com/?cid=N/A
N/A,3 يناير,26.386242199999998,50.2360019,restaurant,4.2,51,OPERATIONAL,https://maps.google.com/?cid=N/A
N/A,مطعم كشته ارت,26.371872200000002,50.227169599999996,restaurant,4.8,39,OPERATIONAL,https://maps.google.com/?cid=N/A
N/A,مطعم واحة كبسه البخاري - WAHAD KABSA AL BUKHARI RESTAURANT,26.3724971,50.228611,restaurant,4.5,6,OPERATIONAL,https://maps.google.com/?cid=N/A
N/A,Shobrah Al Bukhari Restaurant,26.399040199999998,50.017959000000005,restaurant,4,1235,OPERATIONAL,https://maps.google.com/?cid=N/A
N/A,McDonald's,26.380277000000003,50.011601999999996,restaurant,3.8,979,OPERATIONAL,https://maps.google.com/?cid=N/A
N/A,Shawarmer | شاورمر,26.3806823,50.011999499999995,restaurant,4.8,1129,OPERATIONAL,https://maps.google.com/?cid=N/A
N/A,KFC,26.380162499999997,50.0112132,restaurant,4.3,103,OPERATIONAL,https://maps.google.com/?cid=N/A
N/A,بوفيه المذاق المذهل,26.393379,49.993701099999996,restaurant,4,234,OPERATIONAL,https://maps.google.com/?cid=N/A
N/A,حلا الين للحلويات,26.391324400000002,49.995335,restaurant,4,39,OPERATIONAL,https://maps.google.com/?cid=N/A
N/A,مطعم رمال اوس,26.3957631,50.0176832,restaurant,4.4,125,OPERATIONAL,https://maps.google.com/?cid=N/A
N/A,مشويات و معجنات جياد دمشق,26.391792199999998,49.995191500000004,restaurant,3.7,123,OPERATIONAL,https://maps.google.com/?cid=N/A
N/A,بوفيه ليان السعادة الفرع (3),26.3822734,49.9999598,restaurant,4.2,201,OPERATIONAL,https://maps.google.com/?cid=N/A
N/A,بوفية لمار الضاحيه,26.4036036,50.003153499999996,restaurant,3.9,47,OPERATIONAL,https://maps.google.com/?cid=N/A
N/A,فوال الرباط,26.3987771,50.017852500000004,restaurant,3.4,114,OPERATIONAL,https://maps.google.com/?cid=N/A
N/A,مطعم ماما ليونه,26.3822771,49.9999769,restaurant,4.3,64,OPERATIONAL,https://maps.google.com/?cid=N/A
N/A,Hardees,26.380129099999998,50.011083299999996,restaurant,4.1,92,OPERATIONAL,https://maps.google.com/?cid=N/A
N/A,مطاعم طلة الخير البخاري,26.4038038,50.003057,restaurant,3.9,82,OPERATIONAL,https://maps.google.com/?cid=N/A
N/A,بوفية فن تاج الضاحية,26.3922688,49.9922937,restaurant,4.4,39,OPERATIONAL,https://maps.google.com/?cid=N/A
N/A,Simplest Burger,26.393299199999998,49.993076599999995,restaurant,4.7,69,OPERATIONAL,https://maps.google.com/?cid=N/A
N/A,فلافل يخضور,26.3824127,50.000215999999995,restaurant,3.7,39,OPERATIONAL,https://maps.google.com/?cid=N/A
N/A,بوفية سحب سبأ للوجبات السريعة,26.3960273,50.0185823,restaurant,3.3,63,OPERATIONAL,https://maps.google.com/?cid=N/A
N/A,بروستد الجود الشرقي,26.3955168,50.0191464,restaurant,4.6,118,OPERATIONAL,https://maps.google.com/?cid=N/A
N/A,بطاطس حاتم جيزاني,26.393345699999998,49.994230699999996,restaurant,4.2,5,OPERATIONAL,https://maps.google.com/?cid=N/A
N/A,Shobrah Al Bukhari Restaurant,26.399040199999998,50.017959000000005,restaurant,4,1235,OPERATIONAL,https://maps.google.com/?cid=N/A
N/A,Baith Al Karak,26.3925826,50.0314809,restaurant,4,1553,OPERATIONAL,https://maps.google.com/?cid=N/A
N/A,بوفية عهود,26.4019363,50.0351621,restaurant,4,715,OPERATIONAL,https://maps.google.com/?cid=N/A
N/A,تكا سيندوج,26.392710299999997,50.031414999999996,restaurant,3.8,99,OPERATIONAL,https://maps.google.com/?cid=N/A
N/A,SALT,26.391664799999997,50.036403299999996,restaurant,4.7,1091,OPERATIONAL,https://maps.google.com/?cid=N/A
N/A,مطبخ نجد,26.3983979,50.037338399999996,restaurant,3.8,332,OPERATIONAL,https://maps.google.com/?cid=N/A
N/A,Nando's - Nakheel Mall Damamm,26.390826800000003,50.0375892,restaurant,4.4,1436,OPERATIONAL,https://maps.google.com/?cid=N/A
N/A,Sushi Library,26.391537,50.037119999999994,restaurant,4.4,1960,OPERATIONAL,https://maps.google.com/?cid=N/A
N/A,Jamie's Italian Nakheel Mall Dammam,26.391735999999998,50.037040700000006,restaurant,4.5,2344,OPERATIONAL,https://maps.google.com/?cid=N/A
N/A,مطبخ ومطعم ديار العز,26.4035798,50.0184858,restaurant,4.6,124,OPERATIONAL,https://maps.google.com/?cid=N/A
N/A,"L'ETO caffe - Nakheel Mall, Dammam",26.3902152,50.037044599999994,restaurant,4.6,3635,OPERATIONAL,https://maps.google.com/?cid=N/A
N/A,DAZZLING CAFE,26.3911823,50.0382165,restaurant,4.6,648,OPERATIONAL,https://maps.google.com/?cid=N/A
N/A,لمة كرك,26.392700899999998,50.0314145,restaurant,4.1,138,OPERATIONAL,https://maps.google.com/?cid=N/A
N/A,بوفية تسالي الشرقية,26.404057299999998,50.0185307,restaurant,4,364,OPERATIONAL,https://maps.google.com/?cid=N/A
N/A,Poshak,26.3908119,50.0393829,restaurant,4,476,OPERATIONAL,https://maps.google.com/?cid=N/A
N/A,بوفية مزن المطار,26.3951827,50.0367204,restaurant,4.3,109,OPERATIONAL,https://maps.google.com/?cid=N/A
N/A,Paul Bakery & Restaurant,26.390136199999997,50.0374805,restaurant,4.5,1108,OPERATIONAL,https://maps.google.com/?cid=N/A
N/A,Adukkala Restaurant,26.3938079,50.03400870000001,restaurant,4.6,56,OPERATIONAL,https://maps.google.com/?cid=N/A
N/A,Herfy,26.391367199999998,50.0374279,restaurant,2.4,37,OPERATIONAL,https://maps.google.com/?cid=N/A
N/A,Popeyes,26.3903395,50.0376398,restaurant,4.5,285,OPERATIONAL,https://maps.google.com/?cid=N/A
N/A,AlBaik,26.395705699999997,50.041034499999995,restaurant,4,10794,OPERATIONAL,https://maps.google.com/?cid=N/A
N/A,Cocktail Mazza,26.402488899999998,50.0512902,restaurant,4.1,4004,OPERATIONAL,https://maps.google.com/?cid=N/A
N/A,Tikkaway,26.401554899999997,50.049242799999995,restaurant,4.4,1490,OPERATIONAL,https://maps.google.com/?cid=N/A
N/A,Madghout Touhama,26.3992424,50.0447803,restaurant,4.2,4844,OPERATIONAL,https://maps.google.com/?cid=N/A
N/A,مقلط الفريج الفيصلية,26.3981946,50.046638599999994,restaurant,4.5,6648,OPERATIONAL,https://maps.google.com/?cid=N/A
N/A,شواية الخليج‎,26.401562499999997,50.040437499999996,restaurant,4.1,4166,OPERATIONAL,https://maps.google.com/?cid=N/A
N/A,McDonald's,26.404439999999997,50.03745,restaurant,3.7,4265,OPERATIONAL,https://maps.google.com/?cid=N/A
N/A,Kufa,26.402570899999997,50.051403199999996,restaurant,4.1,6842,OPERATIONAL,https://maps.google.com/?cid=N/A
N/A,مظبيكم,26.3995006,50.0454307,restaurant,4.1,1308,OPERATIONAL,https://maps.google.com/?cid=N/A
N/A,عجيّل,26.3818725,50.0473727,restaurant,3.9,1005,OPERATIONAL,https://maps.google.com/?cid=N/A
N/A,Mozon,26.3979738,50.046833199999995,restaurant,3.6,627,OPERATIONAL,https://maps.google.com/?cid=N/A
N/A,فول خلوفة الدمام,26.3952499,50.0412276,restaurant,3.7,1975,OPERATIONAL,https://maps.google.com/?cid=N/A
N/A,بخاري روشاز,26.3842029,50.053892399999995,restaurant,4.2,585,OPERATIONAL,https://maps.google.com/?cid=N/A
N/A,WOOD GRILL,26.3992325,50.0447608,restaurant,4.2,941,OPERATIONAL,https://maps.google.com/?cid=N/A
N/A,Abuzaid restaurant,26.399436299999998,50.0451021,restaurant,3.9,1333,OPERATIONAL,https://maps.google.com/?cid=N/A
N/A,مطعم قصر لبدة,26.389548200000004,50.0413614,restaurant,4.2,879,OPERATIONAL,https://maps.google.com/?cid=N/A
N/A,YA Mal AlTeeb مطعم يامال الطيب,26.4019092,50.050196199999995,restaurant,4.2,3889,OPERATIONAL,https://maps.google.com/?cid=N/A
N/A,بيت الشواية Shawaya House,26.4018706,50.0399509,restaurant,3.8,899,OPERATIONAL,https://maps.google.com/?cid=N/A
N/A,Baith Al Karak,26.3925826,50.0314809,restaurant,4,1553,OPERATIONAL,https://maps.google.com/?cid=N/A
N/A,ورق عنب سوما | Soma Grape Leaves,26.3969378,50.044418799999995,restaurant,4.7,931,OPERATIONAL,https://maps.google.com/?cid=N/A
N/A,بوفية عمر الفيصلية,26.401582899999998,50.064097800000006,restaurant,4.1,1600,OPERATIONAL,https://maps.google.com/?cid=N/A
N/A,alyahya bakeries,26.4050485,50.062115,restaurant,4.5,2306,OPERATIONAL,https://maps.google.com/?cid=N/A
N/A,Deep Fries,26.380268299999997,50.0574398,restaurant,4.5,2324,OPERATIONAL,https://maps.google.com/?cid=N/A
N/A,Q EAT,26.3912423,50.073927399999995,restaurant,4.7,1466,OPERATIONAL,https://maps.google.com/?cid=N/A
N/A,McDonald's,26.404125,50.057959,restaurant,3.8,7742,OPERATIONAL,https://maps.google.com/?cid=N/A
N/A,Casapasta | كازاباستا,26.4037829,50.0575103,restaurant,3.8,2419,OPERATIONAL,https://maps.google.com/?cid=N/A
N/A,بخاري روشاز,26.3842029,50.053892399999995,restaurant,4.2,585,OPERATIONAL,https://maps.google.com/?cid=N/A
N/A,GRAV CAFE قراف كافيه,26.3937614,50.0723649,restaurant,4.4,1269,OPERATIONAL,https://maps.google.com/?cid=N/A
N/A,TAG Restaurant KSA- مطعم تاغ,26.381182199999998,50.0564622,restaurant,4.2,1415,OPERATIONAL,https://maps.google.com/?cid=N/A
N/A,فطور الطيبين الدمام,26.3936584,50.07245760000001,restaurant,4.3,1637,OPERATIONAL,https://maps.google.com/?cid=N/A
N/A,Nathri Restaurant,26.3899305,50.0654713,restaurant,4,1053,OPERATIONAL,https://maps.google.com/?cid=N/A
N/A,Lute,26.391267199999998,50.0729058,restaurant,4.2,2195,OPERATIONAL,https://maps.google.com/?cid=N/A
N/A,KFC,26.3819336,50.0557308,restaurant,3.6,1983,OPERATIONAL,https://maps.google.com/?cid=N/A
N/A,Modawar | مدور,26.381077500000004,50.0565202,restaurant,4.3,527,OPERATIONAL,https://maps.google.com/?cid=N/A
N/A,برغرايززر | Burgerizzr,26.403568,50.063466999999996,restaurant,4.1,1653,OPERATIONAL,https://maps.google.com/?cid=N/A
N/A,دوار السعادة,26.3814834,50.0563771,restaurant,4,200,OPERATIONAL,https://maps.google.com/?cid=N/A
N/A,اصل البرجر TBO,26.3792334,50.058196099999996,restaurant,4.6,3680,OPERATIONAL,https://maps.google.com/?cid=N/A
N/A,باست,26.403861,50.0541254,restaurant,4.3,379,OPERATIONAL,https://maps.google.com/?cid=N/A
N/A,bin aqoul,26.3936566,50.072373400000004,restaurant,3.9,1538,OPERATIONAL,https://maps.google.com/?cid=N/A
N/A,Awake,26.390048999999998,50.065643599999994,restaurant,4.2,785,OPERATIONAL,https://maps.google.com/?cid=N/A
N/A,Q EAT,26.3912423,50.073927399999995,restaurant,4.7,1466,OPERATIONAL,https://maps.google.com/?cid=N/A
N/A,GRAV CAFE قراف كافيه,26.3937614,50.0723649,restaurant,4.4,1269,OPERATIONAL,https://maps.google.com/?cid=N/A
N/A,Chapati & Karak,26.395509,50.078162999999996,restaurant,3.8,573,OPERATIONAL,https://maps.google.com/?cid=N/A
N/A,Past | باست,26.4002342,50.0748132,restaurant,4.4,421,OPERATIONAL,https://maps.google.com/?cid=N/A
N/A,فطور الطيبين الدمام,26.3936584,50.07245760000001,restaurant,4.3,1637,OPERATIONAL,https://maps.google.com/?cid=N/A
N/A,McDonald's,26.399303,50.075584,restaurant,3.2,466,OPERATIONAL,https://maps.google.com/?cid=N/A
N/A,Nathri Restaurant,26.3899305,50.0654713,restaurant,4,1053,OPERATIONAL,https://maps.google.com/?cid=N/A
N/A,Lute,26.391267199999998,50.0729058,restaurant,4.2,2195,OPERATIONAL,https://maps.google.com/?cid=N/A
N/A,bin aqoul,26.3936566,50.072373400000004,restaurant,3.9,1538,OPERATIONAL,https://maps.google.com/?cid=N/A
N/A,Baba Khabbaz,26.396890400000004,50.068089,restaurant,4.3,2025,OPERATIONAL,https://maps.google.com/?cid=N/A
N/A,لقيمات بنت القاضي - فرع الفيصلية,26.392169000000003,50.0687401,restaurant,4.1,1408,OPERATIONAL,https://maps.google.com/?cid=N/A
N/A,Burger Hub,26.395353300000004,50.0782324,restaurant,4.7,1338,OPERATIONAL,https://maps.google.com/?cid=N/A
N/A,Awake,26.390048999999998,50.065643599999994,restaurant,4.2,785,OPERATIONAL,https://maps.google.com/?cid=N/A
N/A,Ennabi Grill,26.390597,50.066722999999996,restaurant,3.8,2993,OPERATIONAL,https://maps.google.com/?cid=N/A
N/A,smoke arts - سموك أرتس,26.391392399999997,50.072815899999995,restaurant,4.5,498,OPERATIONAL,https://maps.google.com/?cid=N/A
N/A,Shrimp Caption,26.3913702,50.0728237,restaurant,4.5,1764,OPERATIONAL,https://maps.google.com/?cid=N/A
N/A,Kishna Restaurant,26.3911481,50.073037299999996,restaurant,4.2,1612,OPERATIONAL,https://maps.google.com/?cid=N/A
N/A,Riocha,26.3956178,50.0779305,restaurant,4.4,584,OPERATIONAL,https://maps.google.com/?cid=N/A
N/A,Zad AlSultan,26.392751699999998,50.104758700000005,restaurant,4.1,6119,OPERATIONAL,https://maps.google.com/?cid=N/A
N/A,Sofret fayzah,26.4047564,50.102257099999996,restaurant,4.3,4147,OPERATIONAL,https://maps.google.com/?cid=N/A
N/A,All Day,26.4048886,50.1021526,restaurant,4.4,1954,OPERATIONAL,https://maps.google.com/?cid=N/A
N/A,Weber Burger,26.401653699999997,50.1051323,restaurant,4.6,2034,OPERATIONAL,https://maps.google.com/?cid=N/A
N/A,AL Shallal Pastry,26.401105899999997,50.0989602,restaurant,4.3,551,OPERATIONAL,https://maps.google.com/?cid=N/A
N/A,Freshhouse فريش هاوس,26.3824036,50.104395399999994,restaurant,3.9,1006,OPERATIONAL,https://maps.google.com/?cid=N/A
N/A,منؤشة الريف,26.3819353,50.1034881,restaurant,4.2,1112,OPERATIONAL,https://maps.google.com/?cid=N/A
N/A,Hassawiyah Restaurant,26.379191499999997,50.0995772,restaurant,4.1,907,OPERATIONAL,https://maps.google.com/?cid=N/A
N/A,Maoon Restarunt,26.4018511,50.105152,restaurant,4.5,943,OPERATIONAL,https://maps.google.com/?cid=N/A
N/A,Lghawees | لغاويص,26.401492299999997,50.1050336,restaurant,3.8,1095,OPERATIONAL,https://maps.google.com/?cid=N/A
N/A,Masmakat Al Fareej,26.3836081,50.1034753,restaurant,4,2177,OPERATIONAL,https://maps.google.com/?cid=N/A
N/A,مطعم ميدار للمأكولات البحرية medar,26.4006375,50.098066200000005,restaurant,4.2,1168,OPERATIONAL,https://maps.google.com/?cid=N/A
N/A,مطعم المضياف (النزهه),26.401363399999997,50.1050062,restaurant,4,791,OPERATIONAL,https://maps.google.com/?cid=N/A
N/A,lahza,26.393858400000003,50.104715999999996,restaurant,4,297,OPERATIONAL,https://maps.google.com/?cid=N/A
N/A,Turkistachio,26.3815126,50.1034264,restaurant,4,1345,OPERATIONAL,https://maps.google.com/?cid=N/A
N/A,Shawarmer | شاورمر,26.3950192,50.104735999999995,restaurant,4.5,895,OPERATIONAL,https://maps.google.com/?cid=N/A
N/A,Coffee Warehouse,26.3947582,50.104745699999995,restaurant,4.2,1682,OPERATIONAL,https://maps.google.com/?cid=N/A
N/A,Barn's | بارنز,26.4026991,50.101131099999996,restaurant,4.2,621,OPERATIONAL,https://maps.google.com/?cid=N/A
N/A,كيتشن بارك,26.3947327,50.0861871,restaurant,2.4,80,OPERATIONAL,https://maps.google.com/?cid=N/A
N/A,Kudu - Al Imam Ali Ibn Abi Talib St,26.402847299999998,50.1009764,restaurant,3.8,1403,OPERATIONAL,https://maps.google.com/?cid=N/A
N/A,Zad AlSultan,26.392751699999998,50.104758700000005,restaurant,4.1,6119,OPERATIONAL,https://maps.google.com/?cid=N/A
N/A,Al Tazaj,26.4007081,50.1144646,restaurant,3.6,2341,OPERATIONAL,https://maps.google.com/?cid=N/A
N/A,Weber Burger,26.401653699999997,50.1051323,restaurant,4.6,2034,OPERATIONAL,https://maps.google.com/?cid=N/A
N/A,Maoon Restarunt,26.4018511,50.105152,restaurant,4.5,943,OPERATIONAL,https://maps.google.com/?cid=N/A
N/A,Lghawees | لغاويص,26.401492299999997,50.1050336,restaurant,3.8,1095,OPERATIONAL,https://maps.google.com/?cid=N/A
N/A,McDonald's,26.400232,50.117458,restaurant,3.6,981,OPERATIONAL,https://maps.google.com/?cid=N/A
N/A,مطعم المضياف (النزهه),26.401363399999997,50.1050062,restaurant,4,791,OPERATIONAL,https://maps.google.com/?cid=N/A
N/A,lahza,26.393858400000003,50.104715999999996,restaurant,4,297,OPERATIONAL,https://maps.google.com/?cid=N/A
N/A,Shawarmer | شاورمر,26.3950192,50.104735999999995,restaurant,4.5,895,OPERATIONAL,https://maps.google.com/?cid=N/A
N/A,Coffee Warehouse,26.3947582,50.104745699999995,restaurant,4.2,1682,OPERATIONAL,https://maps.google.com/?cid=N/A
N/A,Zaman Awwal,26.393726599999997,50.1047215,restaurant,4.2,512,OPERATIONAL,https://maps.google.com/?cid=N/A
N/A,Burger King - Othaim Dammam,26.400530000000003,50.114816999999995,restaurant,3.8,1214,OPERATIONAL,https://maps.google.com/?cid=N/A
N/A,Herfy,26.4007883,50.105036999999996,restaurant,3.5,899,OPERATIONAL,https://maps.google.com/?cid=N/A
N/A,Lorenzo Pizza | لورينزو بيتزا,26.3970625,50.1048286,restaurant,3.8,203,OPERATIONAL,https://maps.google.com/?cid=N/A
N/A,90'S BROASTED بروستد٩٠,26.3852187,50.1044419,restaurant,4,472,OPERATIONAL,https://maps.google.com/?cid=N/A
N/A,فوال حي الجامعيين,26.4018022,50.1051468,restaurant,4,443,OPERATIONAL,https://maps.google.com/?cid=N/A
N/A,KFC,26.400097900000002,50.1170614,restaurant,4,711,OPERATIONAL,https://maps.google.com/?cid=N/A
N/A,معجنات نور الياسمين,26.3932076,50.1046555,restaurant,4.2,315,OPERATIONAL,https://maps.google.com/?cid=N/A
N/A,Nuzha Marvels Snacks,26.385120399999998,50.1044374,restaurant,4.2,290,OPERATIONAL,https://maps.google.com/?cid=N/A
N/A,ALFREEJ ALAWAL | الفريج الأول,26.400610999999998,50.104219099999995,restaurant,3.8,1369,OPERATIONAL,https://maps.google.com/?cid=N/A
N/A,Wood Pizza,26.3837129,50.1408951,restaurant,4.7,547,OPERATIONAL,https://maps.google.com/?cid=N/A
N/A,Al Tazij Bukhari Restaurant,26.3840491,50.14127,restaurant,3.7,263,OPERATIONAL,https://maps.google.com/?cid=N/A
N/A,Rakah Modern Restaurant,26.4021421,50.1396291,restaurant,3.8,699,OPERATIONAL,https://maps.google.com/?cid=N/A
N/A,بوفية فطور بيروت٢,26.3833116,50.1399871,restaurant,4.2,65,OPERATIONAL,https://maps.google.com/?cid=N/A
N/A,مطعم شباب خلیجی بخاري shabab khaleeji restaurant,26.402070000000002,50.139716,restaurant,3.9,20,OPERATIONAL,https://maps.google.com/?cid=N/A
N/A,مطعم النمس,26.383938200000003,50.125346099999994,restaurant,4.4,97,OPERATIONAL,https://maps.google.com/?cid=N/A
N/A,فول و تميس حسن يوسف,26.3839863,50.14121,restaurant,3.4,74,OPERATIONAL,https://maps.google.com/?cid=N/A
N/A,مطعم سكبة الاولى,26.401957,50.1397628,restaurant,3.3,15,OPERATIONAL,https://maps.google.com/?cid=N/A
N/A,مخبر فوال حسن یوسف قصرالخلیج,26.3839746,50.1412039,restaurant,3.1,31,OPERATIONAL,https://maps.google.com/?cid=N/A
N/A,Crust Station,26.3861293,50.1261138,restaurant,4.5,4,OPERATIONAL,https://maps.google.com/?cid=N/A
N/A,Amiantit Indian Canteen,26.388198199999998,50.130204299999995,restaurant,3,2,OPERATIONAL,https://maps.google.com/?cid=N/A
N/A,Shabab khaleeji Restaurant مطعم شباب خلیجی,26.402102199999998,50.1396599,restaurant,No rating,No reviews,OPERATIONAL,https://maps.google.com/?cid=N/A
N/A,Wood Pizza,26.3837129,50.1408951,restaurant,4.7,547,OPERATIONAL,https://maps.google.com/?cid=N/A
N/A,Falafel pie,26.3816655,50.1482008,restaurant,4.6,184,OPERATIONAL,https://maps.google.com/?cid=N/A
N/A,KFC,26.3810972,50.148139799999996,restaurant,4.4,368,OPERATIONAL,https://maps.google.com/?cid=N/A
N/A,Al Tazij Bukhari Restaurant,26.3840491,50.14127,restaurant,3.7,263,OPERATIONAL,https://maps.google.com/?cid=N/A
N/A,Domino's Pizza,26.388213699999998,50.14939,restaurant,3.7,133,OPERATIONAL,https://maps.google.com/?cid=N/A
N/A,Herfy,26.387729200000003,50.149386299999996,restaurant,3.6,937,OPERATIONAL,https://maps.google.com/?cid=N/A
N/A,Barn's | بارنز,26.3878362,50.1493994,restaurant,4.1,19,OPERATIONAL,https://maps.google.com/?cid=N/A
N/A,Saihati restaurant,26.4032083,50.159605299999996,restaurant,4.3,43,OPERATIONAL,https://maps.google.com/?cid=N/A
N/A,مطعم حصن الشام لتقديم الوجبات,26.388248200000003,50.1494497,restaurant,3.5,15,OPERATIONAL,https://maps.google.com/?cid=N/A
N/A,فول و تميس حسن يوسف,26.3839863,50.14121,restaurant,3.4,74,OPERATIONAL,https://maps.google.com/?cid=N/A
N/A,مخبر فوال حسن یوسف قصرالخلیج,26.3839746,50.1412039,restaurant,3.1,31,OPERATIONAL,https://maps.google.com/?cid=N/A
N/A,KFC,26.382182699999998,50.1783078,restaurant,3.7,1926,OPERATIONAL,https://maps.google.com/?cid=N/A
N/A,Kebdat Hijazi,26.381605999999998,50.1782653,restaurant,4,1579,OPERATIONAL,https://maps.google.com/?cid=N/A
N/A,برغرايززر | Burgerizzr,26.3826099,50.1784354,restaurant,4.5,1835,OPERATIONAL,https://maps.google.com/?cid=N/A
N/A,Kudu - Al Safa - Dammam,26.3860893,50.1782225,restaurant,4.2,402,OPERATIONAL,https://maps.google.com/?cid=N/A
N/A,Popeyes,26.3859581,50.178224099999994,restaurant,4.4,805,OPERATIONAL,https://maps.google.com/?cid=N/A
N/A,Asyakh Alshawwaya Restaurant,26.388607999999998,50.1784058,restaurant,4.7,221,OPERATIONAL,https://maps.google.com/?cid=N/A
N/A,DOB Dining Hall,26.3837384,50.168321399999996,restaurant,3.5,57,OPERATIONAL,https://maps.google.com/?cid=N/A
N/A,Hardee's,26.3820277,50.1782694,restaurant,4,976,OPERATIONAL,https://maps.google.com/?cid=N/A
N/A,Mezbaan Raka,26.3880633,50.178352999999994,restaurant,3.8,72,OPERATIONAL,https://maps.google.com/?cid=N/A
N/A,BURDOG,26.3884696,50.1784129,restaurant,4.8,832,OPERATIONAL,https://maps.google.com/?cid=N/A
N/A,Domino's Pizza,26.388038599999998,50.178152999999995,restaurant,3.4,295,OPERATIONAL,https://maps.google.com/?cid=N/A
N/A,SALATA | سلاته,26.3884375,50.1783125,restaurant,4.7,128,OPERATIONAL,https://maps.google.com/?cid=N/A
N/A,Costa Coffee,26.391662999999998,50.177547,restaurant,2.5,23,OPERATIONAL,https://maps.google.com/?cid=N/A
N/A,Al Gosaibi Foods Company,26.400909799999997,50.1679095,restaurant,4,113,OPERATIONAL,https://maps.google.com/?cid=N/A
N/A,بوفية دار اليوم,26.379392799999998,50.170372799999996,restaurant,3,2,OPERATIONAL,https://maps.google.com/?cid=N/A
N/A,الميز,26.3952565,50.18209050000001,restaurant,3.7,6,OPERATIONAL,https://maps.google.com/?cid=N/A
N/A,KFC,26.382182699999998,50.1783078,restaurant,3.7,1926,OPERATIONAL,https://maps.google.com/?cid=N/A
N/A,Kebdat Hijazi,26.381605999999998,50.1782653,restaurant,4,1579,OPERATIONAL,https://maps.google.com/?cid=N/A
N/A,برغرايززر | Burgerizzr,26.3826099,50.1784354,restaurant,4.5,1835,OPERATIONAL,https://maps.google.com/?cid=N/A
N/A,Kudu - Al Safa - Dammam,26.3860893,50.1782225,restaurant,4.2,402,OPERATIONAL,https://maps.google.com/?cid=N/A
N/A,Popeyes,26.3859581,50.178224099999994,restaurant,4.4,805,OPERATIONAL,https://maps.google.com/?cid=N/A
N/A,Asyakh Alshawwaya Restaurant,26.388607999999998,50.1784058,restaurant,4.7,221,OPERATIONAL,https://maps.google.com/?cid=N/A
N/A,Hardee's,26.3820277,50.1782694,restaurant,4,976,OPERATIONAL,https://maps.google.com/?cid=N/A
N/A,Mezbaan Raka,26.3880633,50.178352999999994,restaurant,3.8,72,OPERATIONAL,https://maps.google.com/?cid=N/A
N/A,Main Restaurant,26.3975536,50.1904432,restaurant,3.7,309,OPERATIONAL,https://maps.google.com/?cid=N/A
N/A,BURDOG,26.3884696,50.1784129,restaurant,4.8,832,OPERATIONAL,https://maps.google.com/?cid=N/A
N/A,Domino's Pizza,26.388038599999998,50.178152999999995,restaurant,3.4,295,OPERATIONAL,https://maps.google.com/?cid=N/A
N/A,SALATA | سلاته,26.3884375,50.1783125,restaurant,4.7,128,OPERATIONAL,https://maps.google.com/?cid=N/A
N/A,Costa Coffee,26.391662999999998,50.177547,restaurant,2.5,23,OPERATIONAL,https://maps.google.com/?cid=N/A
N/A,فود ترك low and slow,26.381306199999997,50.1827778,restaurant,4.9,45,OPERATIONAL,https://maps.google.com/?cid=N/A
N/A,Tasty Elements عناصر الذيذه,26.405062899999997,50.1844517,restaurant,3.8,8,OPERATIONAL,https://maps.google.com/?cid=N/A
N/A,Students' Canteen,26.3975518,50.1904597,restaurant,3.5,24,OPERATIONAL,https://maps.google.com/?cid=N/A
N/A,الميز,26.3952565,50.18209050000001,restaurant,3.7,6,OPERATIONAL,https://maps.google.com/?cid=N/A
N/A,Boys Ground Cafeteria,26.381836500000002,50.183340199999996,restaurant,2.3,7,OPERATIONAL,https://maps.google.com/?cid=N/A
N/A,مطاعم مقلوبة جهاد,26.383256499999998,50.1926936,restaurant,5,2,OPERATIONAL,https://maps.google.com/?cid=N/A
N/A,مطعم لدنا الجبيل,26.383265800000004,50.1927161,restaurant,No rating,No reviews,OPERATIONAL,https://maps.google.com/?cid=N/A
N/A,مطعم - تحت الإنشاء,26.3958901,50.2008368,restaurant,No rating,No reviews,OPERATIONAL,https://maps.google.com/?cid=N/A
N/A,MY DOMI - ماي دومي - بحر الراكة,26.3880625,50.2353125,restaurant,4.2,146,OPERATIONAL,https://maps.google.com/?cid=N/A
N/A,Pastron Pasta,26.3872125,50.235953099999996,restaurant,4.4,41,OPERATIONAL,https://maps.google.com/?cid=N/A
N/A,ذرتي,26.3852571,50.235446,restaurant,4.5,17,OPERATIONAL,https://maps.google.com/?cid=N/A
N/A,بطاطس ابو موضي ٢,26.3917549,50.2336734,restaurant,4,9,OPERATIONAL,https://maps.google.com/?cid=N/A
N/A,Um Hanan Local Food,26.4032262,50.2260596,restaurant,4.9,23,OPERATIONAL,https://maps.google.com/?cid=N/A
N/A,3 يناير,26.386242199999998,50.2360019,restaurant,4.2,51,OPERATIONAL,https://maps.google.com/?cid=N/A
N/A,باستا وايز,26.3907338,50.234352699999995,restaurant,4.7,99,OPERATIONAL,https://maps.google.com/?cid=N/A
N/A,إندوفرايز Endofries,26.391004499999998,50.2341799,restaurant,4.5,34,OPERATIONAL,https://maps.google.com/?cid=N/A
N/A,عربة وفود ترك ام تركي,26.3918679,50.2338291,restaurant,5,16,OPERATIONAL,https://maps.google.com/?cid=N/A
N/A,OTARO,26.387418999999998,50.2359667,restaurant,5,19,OPERATIONAL,https://maps.google.com/?cid=N/A
N/A,مطعم حواء,26.388355699999998,50.2356202,restaurant,5,3,OPERATIONAL,https://maps.google.com/?cid=N/A
N/A,pasta wise,26.390454499999997,50.234492499999995,restaurant,5,27,OPERATIONAL,https://maps.google.com/?cid=N/A
N/A,بوتيروس باشا,26.405177,50.2255663,restaurant,No rating,No reviews,OPERATIONAL,https://maps.google.com/?cid=N/A
N/A,BiSoeet,26.392774,50.2324309,restaurant,5,7,OPERATIONAL,https://maps.google.com/?cid=N/A
N/A,Shokah,26.391237500000003,50.2333906,restaurant,5,4,OPERATIONAL,https://maps.google.com/?cid=N/A
N/A,ابوراشد ام راشد اللاكلات الشعبية,26.3924454,50.2333033,restaurant,5,5,OPERATIONAL,https://maps.google.com/?cid=N/A
N/A,شاي جمر,26.4011775,50.227481499999996,restaurant,5,1,OPERATIONAL,https://maps.google.com/?cid=N/A
N/A,BUN RUN BURGER 🍔 بان ران برقر,26.391895599999998,50.2336935,restaurant,4.8,25,OPERATIONAL,https://maps.google.com/?cid=N/A
N/A,MY DOMI - ماي دومي - بحر الراكة,26.3880625,50.2353125,restaurant,4.2,146,OPERATIONAL,https://maps.google.com/?cid=N/A
N/A,Pastron Pasta,26.3872125,50.235953099999996,restaurant,4.4,41,OPERATIONAL,https://maps.google.com/?cid=N/A
N/A,ذرتي,26.3852571,50.235446,restaurant,4.5,17,OPERATIONAL,https://maps.google.com/?cid=N/A
N/A,بطاطس ابو موضي ٢,26.3917549,50.2336734,restaurant,4,9,OPERATIONAL,https://maps.google.com/?cid=N/A
N/A,3 يناير,26.386242199999998,50.2360019,restaurant,4.2,51,OPERATIONAL,https://maps.google.com/?cid=N/A
N/A,باستا وايز,26.3907338,50.234352699999995,restaurant,4.7,99,OPERATIONAL,https://maps.google.com/?cid=N/A
N/A,إندوفرايز Endofries,26.391004499999998,50.2341799,restaurant,4.5,34,OPERATIONAL,https://maps.google.com/?cid=N/A
N/A,OTARO,26.387418999999998,50.2359667,restaurant,5,19,OPERATIONAL,https://maps.google.com/?cid=N/A
N/A,عربة وفود ترك ام تركي,26.3918679,50.2338291,restaurant,5,16,OPERATIONAL,https://maps.google.com/?cid=N/A
N/A,مطعم حواء,26.388355699999998,50.2356202,restaurant,5,3,OPERATIONAL,https://maps.google.com/?cid=N/A
N/A,pasta wise,26.390454499999997,50.234492499999995,restaurant,5,27,OPERATIONAL,https://maps.google.com/?cid=N/A
N/A,BiSoeet,26.392774,50.2324309,restaurant,5,7,OPERATIONAL,https://maps.google.com/?cid=N/A
N/A,Shokah,26.391237500000003,50.2333906,restaurant,5,4,OPERATIONAL,https://maps.google.com/?cid=N/A
N/A,ابوراشد ام راشد اللاكلات الشعبية,26.3924454,50.2333033,restaurant,5,5,OPERATIONAL,https://maps.google.com/?cid=N/A
N/A,BUN RUN BURGER 🍔 بان ران برقر,26.391895599999998,50.2336935,restaurant,4.8,25,OPERATIONAL,https://maps.google.com/?cid=N/A
N/A,Triple H,26.388178,50.235240999999995,restaurant,4.5,2,OPERATIONAL,https://maps.google.com/?cid=N/A
N/A,واقــف برجـر ( الضاحية ) - BURGER WAQF,26.417573599999997,50.0051693,restaurant,4.2,649,OPERATIONAL,https://maps.google.com/?cid=N/A
N/A,مطعم ولائم الطاهي,26.405355699999998,50.01583180000001,restaurant,3.9,1070,OPERATIONAL,https://maps.google.com/?cid=N/A
N/A,مطعم نواف البخاري,26.420411599999998,50.003658699999995,restaurant,4.3,868,OPERATIONAL,https://maps.google.com/?cid=N/A
N/A,شاورمجي | SHAWERMAGY,26.419882899999998,50.003618800000005,restaurant,4.1,2913,OPERATIONAL,https://maps.google.com/?cid=N/A
N/A,مطعم تكتكة المضغوط,26.4185251,50.0192074,restaurant,4.3,197,OPERATIONAL,https://maps.google.com/?cid=N/A
N/A,Kebdat Hijazi,26.4168791,50.004756199999996,restaurant,4,1767,OPERATIONAL,https://maps.google.com/?cid=N/A
N/A,Barn's | بارنز,26.4071547,50.014049799999995,restaurant,4,207,OPERATIONAL,https://maps.google.com/?cid=N/A
N/A,Falafel Jasmine Sham,26.411769399999997,50.0173485,restaurant,4.3,791,OPERATIONAL,https://maps.google.com/?cid=N/A
N/A,Bashvot restaurant,26.421678399999998,50.0026954,restaurant,3.6,441,OPERATIONAL,https://maps.google.com/?cid=N/A
N/A,Classico Diet,26.418571399999998,50.017965,restaurant,4.5,164,OPERATIONAL,https://maps.google.com/?cid=N/A
N/A,Fawal Al Taif,26.4114139,50.0165717,restaurant,3.8,940,OPERATIONAL,https://maps.google.com/?cid=N/A
N/A,مطبخ ومطعم ديار العز,26.4035798,50.0184858,restaurant,4.6,124,OPERATIONAL,https://maps.google.com/?cid=N/A
N/A,مطعم حدائق طابا,26.411279699999998,50.0153094,restaurant,3.8,667,OPERATIONAL,https://maps.google.com/?cid=N/A
N/A,بوفية تسالي الشرقية,26.404057299999998,50.0185307,restaurant,4,364,OPERATIONAL,https://maps.google.com/?cid=N/A
N/A,مطعم صقور البادية,26.4036511,50.0164348,restaurant,4.3,177,OPERATIONAL,https://maps.google.com/?cid=N/A
N/A,ورق عنب الشرقية grape leaves,26.417744499999998,50.004378700000004,restaurant,4.2,148,OPERATIONAL,https://maps.google.com/?cid=N/A
N/A,دايزر | DAIZER,26.4185547,50.0179419,restaurant,4.5,371,OPERATIONAL,https://maps.google.com/?cid=N/A
N/A,بروستد كوخ الكتكوت,26.419871399999998,49.9967778,restaurant,4.5,100,OPERATIONAL,https://maps.google.com/?cid=N/A
N/A,معجنات نور الشام فرع2 الضاحية,26.4156651,50.0007947,restaurant,4.6,82,OPERATIONAL,https://maps.google.com/?cid=N/A
N/A,الرواق الشعبي - حي بدر,26.4120705,50.0322183,restaurant,4,1847,OPERATIONAL,https://maps.google.com/?cid=N/A
N/A,McDonald's,26.404439999999997,50.03745,restaurant,3.7,4265,OPERATIONAL,https://maps.google.com/?cid=N/A
N/A,Vitamin Palace,26.4182518,50.0286222,restaurant,4,4113,OPERATIONAL,https://maps.google.com/?cid=N/A
N/A,عريكة عم قاسم الأصلية,26.4157565,50.0239696,restaurant,4.1,497,OPERATIONAL,https://maps.google.com/?cid=N/A
N/A,AlRafidain Restaurant,26.415902199999998,50.0253607,restaurant,4.3,3472,OPERATIONAL,https://maps.google.com/?cid=N/A
N/A,Baba Khabbaz,26.4075284,50.036011099999996,restaurant,4.2,2354,OPERATIONAL,https://maps.google.com/?cid=N/A
N/A,Restaurants Abu Hilal,26.411363100000003,50.0333091,restaurant,4.2,3776,OPERATIONAL,https://maps.google.com/?cid=N/A
N/A,Alghamdi Beans and Bread,26.418751099999998,50.030907799999994,restaurant,4.2,1589,OPERATIONAL,https://maps.google.com/?cid=N/A
N/A,مطاعم أبو هلال,26.421022500000003,50.0236829,restaurant,4.1,858,OPERATIONAL,https://maps.google.com/?cid=N/A
N/A,Shobrah Al Bukhari Restaurant,26.399040199999998,50.017959000000005,restaurant,4,1235,OPERATIONAL,https://maps.google.com/?cid=N/A
N/A,Samadeeraty Restaurant,26.4098518,50.0343595,restaurant,3.9,3153,OPERATIONAL,https://maps.google.com/?cid=N/A
N/A,Al Rafidain Grills,26.4218497,50.0256031,restaurant,4.5,2637,OPERATIONAL,https://maps.google.com/?cid=N/A
N/A,مطعم سمك ورز للمأكولات البحرية (Fish & Rice Seafood Restaurant),26.4167295,50.026851799999996,restaurant,4.6,1164,OPERATIONAL,https://maps.google.com/?cid=N/A
N/A,فلافي كلاود﻿س,26.422902099999998,50.027547999999996,restaurant,4.1,646,OPERATIONAL,https://maps.google.com/?cid=N/A
N/A,Qasr Al Ratem,26.4214172,50.0250718,restaurant,3.9,1290,OPERATIONAL,https://maps.google.com/?cid=N/A
N/A,Rahal,26.416156299999997,50.0299153,restaurant,4.1,1431,OPERATIONAL,https://maps.google.com/?cid=N/A
N/A,Herfy,26.419625099999998,50.0200807,restaurant,3.7,3402,OPERATIONAL,https://maps.google.com/?cid=N/A
N/A,مطعم ولائم الطاهي,26.405355699999998,50.01583180000001,restaurant,3.9,1070,OPERATIONAL,https://maps.google.com/?cid=N/A
N/A,KFC,26.4207455,50.0231237,restaurant,3.6,1856,OPERATIONAL,https://maps.google.com/?cid=N/A
N/A,Mama Noura,26.4052713,50.056545299999996,restaurant,3.9,4118,OPERATIONAL,https://maps.google.com/?cid=N/A
N/A,Al Tazaj,26.404679899999998,50.0550038,restaurant,3.6,5088,OPERATIONAL,https://maps.google.com/?cid=N/A
N/A,Cocktail Mazza,26.402488899999998,50.0512902,restaurant,4.1,4004,OPERATIONAL,https://maps.google.com/?cid=N/A
N/A,Zad Al Sultan - Uhud,26.4054052,50.0568531,restaurant,4.4,1290,OPERATIONAL,https://maps.google.com/?cid=N/A
N/A,Tikkaway,26.401554899999997,50.049242799999995,restaurant,4.4,1490,OPERATIONAL,https://maps.google.com/?cid=N/A
N/A,Madghout Touhama,26.3992424,50.0447803,restaurant,4.2,4844,OPERATIONAL,https://maps.google.com/?cid=N/A
N/A,الرواق الشعبي - حي بدر,26.4120705,50.0322183,restaurant,4,1847,OPERATIONAL,https://maps.google.com/?cid=N/A
N/A,مقلط الفريج الفيصلية,26.3981946,50.046638599999994,restaurant,4.5,6648,OPERATIONAL,https://maps.google.com/?cid=N/A
N/A,McDonald's,26.404439999999997,50.03745,restaurant,3.7,4265,OPERATIONAL,https://maps.google.com/?cid=N/A
N/A,شواية الخليج‎,26.401562499999997,50.040437499999996,restaurant,4.1,4166,OPERATIONAL,https://maps.google.com/?cid=N/A
N/A,Kufa,26.402570899999997,50.051403199999996,restaurant,4.1,6842,OPERATIONAL,https://maps.google.com/?cid=N/A
N/A,Falafel Pie | فطيرة الفلافل,26.4113704,50.0567253,restaurant,3.9,2359,OPERATIONAL,https://maps.google.com/?cid=N/A
N/A,مظبيكم,26.3995006,50.0454307,restaurant,4.1,1308,OPERATIONAL,https://maps.google.com/?cid=N/A
N/A,ALKOOT Restaurant,26.411673999999998,50.0554835,restaurant,3.9,1010,OPERATIONAL,https://maps.google.com/?cid=N/A
N/A,Mozon,26.3979738,50.046833199999995,restaurant,3.6,627,OPERATIONAL,https://maps.google.com/?cid=N/A
N/A,Baba Khabbaz,26.4075284,50.036011099999996,restaurant,4.2,2354,OPERATIONAL,https://maps.google.com/?cid=N/A
N/A,WOOD GRILL,26.3992325,50.0447608,restaurant,4.2,941,OPERATIONAL,https://maps.google.com/?cid=N/A
N/A,Abuzaid restaurant,26.399436299999998,50.0451021,restaurant,3.9,1333,OPERATIONAL,https://maps.google.com/?cid=N/A
N/A,Romansi Al Sharqiya,26.4143017,50.0543379,restaurant,3.9,2234,OPERATIONAL,https://maps.google.com/?cid=N/A
N/A,مطعم رايق,26.409348700000002,50.057556299999995,restaurant,3.8,537,OPERATIONAL,https://maps.google.com/?cid=N/A
N/A,Mama Noura,26.4052713,50.056545299999996,restaurant,3.9,4118,OPERATIONAL,https://maps.google.com/?cid=N/A
N/A,AlRomansiah Restaurant,26.4058688,50.0615876,restaurant,4.1,16820,OPERATIONAL,https://maps.google.com/?cid=N/A
N/A,Al Tazaj,26.404679899999998,50.0550038,restaurant,3.6,5088,OPERATIONAL,https://maps.google.com/?cid=N/A
N/A,Cocktail Mazza,26.402488899999998,50.0512902,restaurant,4.1,4004,OPERATIONAL,https://maps.google.com/?cid=N/A
N/A,Zad Al Sultan - Uhud,26.4054052,50.0568531,restaurant,4.4,1290,OPERATIONAL,https://maps.google.com/?cid=N/A
N/A,بوفية عمر الفيصلية,26.401582899999998,50.064097800000006,restaurant,4.1,1600,OPERATIONAL,https://maps.google.com/?cid=N/A
N/A,alyahya bakeries,26.4050485,50.062115,restaurant,4.5,2306,OPERATIONAL,https://maps.google.com/?cid=N/A
N/A,McDonald's,26.404125,50.057959,restaurant,3.8,7742,OPERATIONAL,https://maps.google.com/?cid=N/A
N/A,Kufa,26.402570899999997,50.051403199999996,restaurant,4.1,6842,OPERATIONAL,https://maps.google.com/?cid=N/A
N/A,Falafel Pie | فطيرة الفلافل,26.4113704,50.0567253,restaurant,3.9,2359,OPERATIONAL,https://maps.google.com/?cid=N/A
N/A,مطعم الرواق الشعبي فرع القادسية,26.4140357,50.0687078,restaurant,4,3146,OPERATIONAL,https://maps.google.com/?cid=N/A
N/A,Casapasta | كازاباستا,26.4037829,50.0575103,restaurant,3.8,2419,OPERATIONAL,https://maps.google.com/?cid=N/A
N/A,ALKOOT Restaurant,26.411673999999998,50.0554835,restaurant,3.9,1010,OPERATIONAL,https://maps.google.com/?cid=N/A
N/A,مطعم رايق,26.409348700000002,50.057556299999995,restaurant,3.8,537,OPERATIONAL,https://maps.google.com/?cid=N/A
N/A,Romansi Al Sharqiya,26.4143017,50.0543379,restaurant,3.9,2234,OPERATIONAL,https://maps.google.com/?cid=N/A
N/A,Alkabsa Alhasawiya Restaurant,26.4166141,50.0514388,restaurant,3.9,3249,OPERATIONAL,https://maps.google.com/?cid=N/A
N/A,Barn's | بارنز,26.4134936,50.073779599999995,restaurant,4.2,968,OPERATIONAL,https://maps.google.com/?cid=N/A
N/A,Ghawi Falafel | غاوي فلافل,26.407071799999997,50.0676667,restaurant,4.3,852,OPERATIONAL,https://maps.google.com/?cid=N/A
N/A,MAZA RESTAURANT,26.412959999999998,50.0543596,restaurant,3.9,1930,OPERATIONAL,https://maps.google.com/?cid=N/A
N/A,باست,26.403861,50.0541254,restaurant,4.3,379,OPERATIONAL,https://maps.google.com/?cid=N/A
N/A,ARCHI,26.411773600000004,50.093381699999995,restaurant,4.1,1148,OPERATIONAL,https://maps.google.com/?cid=N/A
N/A,Kufa,26.417508299999998,50.0818185,restaurant,4.1,6008,OPERATIONAL,https://maps.google.com/?cid=N/A
N/A,بوفية عمر القادسية,26.4216981,50.0730791,restaurant,4.2,3962,OPERATIONAL,https://maps.google.com/?cid=N/A
N/A,مطعم الرواق الشعبي فرع القادسية,26.4140357,50.0687078,restaurant,4,3146,OPERATIONAL,https://maps.google.com/?cid=N/A
N/A,مشويات البراحة,26.422694099999998,50.0788727,restaurant,4.2,2875,OPERATIONAL,https://maps.google.com/?cid=N/A
N/A,Past | باست,26.4002342,50.0748132,restaurant,4.4,421,OPERATIONAL,https://maps.google.com/?cid=N/A
N/A,Kabana Restaurants,26.421773599999998,50.085260899999994,restaurant,4.1,1425,OPERATIONAL,https://maps.google.com/?cid=N/A
N/A,McDonald's,26.399303,50.075584,restaurant,3.2,466,OPERATIONAL,https://maps.google.com/?cid=N/A
N/A,Barn's | بارنز,26.4134936,50.073779599999995,restaurant,4.2,968,OPERATIONAL,https://maps.google.com/?cid=N/A
N/A,Ghawi Falafel | غاوي فلافل,26.407071799999997,50.0676667,restaurant,4.3,852,OPERATIONAL,https://maps.google.com/?cid=N/A
N/A,Falafel Rabieh,26.423748699999997,50.0799643,restaurant,4.2,3603,OPERATIONAL,https://maps.google.com/?cid=N/A
N/A,McDonald's,26.415105999999998,50.076997999999996,restaurant,3.7,4646,OPERATIONAL,https://maps.google.com/?cid=N/A
N/A,بوفية شيربا,26.4070042,50.0678178,restaurant,4.1,1020,OPERATIONAL,https://maps.google.com/?cid=N/A
N/A,Clean Protein | كلين بروتين,26.405052299999998,50.0694884,restaurant,4,1263,OPERATIONAL,https://maps.google.com/?cid=N/A
N/A,بوفية الرزق للأكلات الشعبية,26.420043399999997,50.0892542,restaurant,4.2,1638,OPERATIONAL,https://maps.google.com/?cid=N/A
N/A,Al lahib,26.405403399999997,50.0831703,restaurant,3.9,287,OPERATIONAL,https://maps.google.com/?cid=N/A
N/A,فاي phi,26.399930299999998,50.0753476,restaurant,4.3,255,OPERATIONAL,https://maps.google.com/?cid=N/A
N/A,Little Caesars Pizza! Pizza! !ليتل سيزرز بيتزا! بيتزا,26.4027645,50.084797699999996,restaurant,4,1070,OPERATIONAL,https://maps.google.com/?cid=N/A
N/A,Abha Modern Restaurant,26.4151436,50.0781972,restaurant,4.1,1275,OPERATIONAL,https://maps.google.com/?cid=N/A
N/A,AlBaik,26.412871,50.110655,restaurant,4.1,12966,OPERATIONAL,https://maps.google.com/?cid=N/A
N/A,ARCHI,26.411773600000004,50.093381699999995,restaurant,4.1,1148,OPERATIONAL,https://maps.google.com/?cid=N/A
N/A,Pickup Burger,26.4111653,50.109001299999996,restaurant,4.5,1512,OPERATIONAL,https://maps.google.com/?cid=N/A
N/A,And salad,26.410954099999998,50.108980599999995,restaurant,4.1,941,OPERATIONAL,https://maps.google.com/?cid=N/A
N/A,McDonald's,26.41561,50.108993,restaurant,3.8,4375,OPERATIONAL,https://maps.google.com/?cid=N/A
N/A,KOKORO (Dammam),26.4112361,50.1091324,restaurant,4.6,459,OPERATIONAL,https://maps.google.com/?cid=N/A
N/A,Sofret fayzah,26.4047564,50.102257099999996,restaurant,4.3,4147,OPERATIONAL,https://maps.google.com/?cid=N/A
N/A,All Day,26.4048886,50.1021526,restaurant,4.4,1954,OPERATIONAL,https://maps.google.com/?cid=N/A
N/A,Weber Burger,26.401653699999997,50.1051323,restaurant,4.6,2034,OPERATIONAL,https://maps.google.com/?cid=N/A
N/A,بيلا سويت | Billa sweet,26.4120529,50.096745999999996,restaurant,4.1,1554,OPERATIONAL,https://maps.google.com/?cid=N/A
N/A,AL Shallal Pastry,26.401105899999997,50.0989602,restaurant,4.3,551,OPERATIONAL,https://maps.google.com/?cid=N/A
N/A,Maoon Restarunt,26.4018511,50.105152,restaurant,4.5,943,OPERATIONAL,https://maps.google.com/?cid=N/A
N/A,Lazona,26.4044312,50.106699199999994,restaurant,4.1,446,OPERATIONAL,https://maps.google.com/?cid=N/A
N/A,Lghawees | لغاويص,26.401492299999997,50.1050336,restaurant,3.8,1095,OPERATIONAL,https://maps.google.com/?cid=N/A
N/A,مطعم ميدار للمأكولات البحرية medar,26.4006375,50.098066200000005,restaurant,4.2,1168,OPERATIONAL,https://maps.google.com/?cid=N/A
N/A,KFC,26.4226422,50.0919921,restaurant,3.7,2548,OPERATIONAL,https://maps.google.com/?cid=N/A
N/A,مطعم المضياف (النزهه),26.401363399999997,50.1050062,restaurant,4,791,OPERATIONAL,https://maps.google.com/?cid=N/A
N/A,Romansi Al Sharqiya,26.4067433,50.1077222,restaurant,4.3,594,OPERATIONAL,https://maps.google.com/?cid=N/A
N/A,بوفية الرزق للأكلات الشعبية,26.420043399999997,50.0892542,restaurant,4.2,1638,OPERATIONAL,https://maps.google.com/?cid=N/A
N/A,KFC,26.4097229,50.1088424,restaurant,3.4,1647,OPERATIONAL,https://maps.google.com/?cid=N/A
N/A,AlBaik,26.412871,50.110655,restaurant,4.1,12966,OPERATIONAL,https://maps.google.com/?cid=N/A
N/A,Pickup Burger,26.4111653,50.109001299999996,restaurant,4.5,1512,OPERATIONAL,https://maps.google.com/?cid=N/A
N/A,Al Tazaj,26.4007081,50.1144646,restaurant,3.6,2341,OPERATIONAL,https://maps.google.com/?cid=N/A
N/A,And salad,26.410954099999998,50.108980599999995,restaurant,4.1,941,OPERATIONAL,https://maps.google.com/?cid=N/A
N/A,McDonald's,26.41561,50.108993,restaurant,3.8,4375,OPERATIONAL,https://maps.google.com/?cid=N/A
N/A,KOKORO (Dammam),26.4112361,50.1091324,restaurant,4.6,459,OPERATIONAL,https://maps.google.com/?cid=N/A
N/A,Sofret fayzah,26.4047564,50.102257099999996,restaurant,4.3,4147,OPERATIONAL,https://maps.google.com/?cid=N/A
N/A,All Day,26.4048886,50.1021526,restaurant,4.4,1954,OPERATIONAL,https://maps.google.com/?cid=N/A
N/A,Weber Burger,26.401653699999997,50.1051323,restaurant,4.6,2034,OPERATIONAL,https://maps.google.com/?cid=N/A
N/A,Eastern Coast - Seafood,26.417952,50.112148,restaurant,4.2,2371,OPERATIONAL,https://maps.google.com/?cid=N/A
N/A,Madghout Thahamah MT Restuarant,26.414629899999998,50.117655799999994,restaurant,4.2,3030,OPERATIONAL,https://maps.google.com/?cid=N/A
N/A,Abu Hilal Restaurant,26.4141479,50.1197464,restaurant,4.2,2159,OPERATIONAL,https://maps.google.com/?cid=N/A
N/A,Maoon Restarunt,26.4018511,50.105152,restaurant,4.5,943,OPERATIONAL,https://maps.google.com/?cid=N/A
N/A,Lazona,26.4044312,50.106699199999994,restaurant,4.1,446,OPERATIONAL,https://maps.google.com/?cid=N/A
N/A,Lghawees | لغاويص,26.401492299999997,50.1050336,restaurant,3.8,1095,OPERATIONAL,https://maps.google.com/?cid=N/A
N/A,Damascus Gardens Pastries Restaurant,26.412203299999998,50.1222866,restaurant,4.2,2845,OPERATIONAL,https://maps.google.com/?cid=N/A
N/A,"Red Table Restaurant, Abdullah Fouad Branch",26.4224581,50.1136254,restaurant,3.9,2115,OPERATIONAL,https://maps.google.com/?cid=N/A
N/A,Romansi Al Sharqiya,26.4067433,50.1077222,restaurant,4.3,594,OPERATIONAL,https://maps.google.com/?cid=N/A
N/A,مطعم المضياف (النزهه),26.401363399999997,50.1050062,restaurant,4,791,OPERATIONAL,https://maps.google.com/?cid=N/A
N/A,KFC,26.4097229,50.1088424,restaurant,3.4,1647,OPERATIONAL,https://maps.google.com/?cid=N/A
N/A,ADNOC Service Station | King Fahad Rd. (2016),26.409939299999998,50.133268199999996,restaurant,4.1,196,OPERATIONAL,https://maps.google.com/?cid=N/A
N/A,Abu Hilal Restaurant,26.4141479,50.1197464,restaurant,4.2,2159,OPERATIONAL,https://maps.google.com/?cid=N/A
N/A,Damascus Gardens Pastries Restaurant,26.412203299999998,50.1222866,restaurant,4.2,2845,OPERATIONAL,https://maps.google.com/?cid=N/A
N/A,ALKARAK,26.4142373,50.1196409,restaurant,4.2,1328,OPERATIONAL,https://maps.google.com/?cid=N/A
N/A,معجنات رحاب دمشق,26.413824299999998,50.1203152,restaurant,4.4,221,OPERATIONAL,https://maps.google.com/?cid=N/A
N/A,Alfawar Restaurant شاورما مطعم الفوار,26.413952499999997,50.1202176,restaurant,4.1,1128,OPERATIONAL,https://maps.google.com/?cid=N/A
N/A,شاورما الأستاذ,26.414181499999998,50.120005299999995,restaurant,4,282,OPERATIONAL,https://maps.google.com/?cid=N/A
N/A,Domino's,26.411339800000004,50.123994700000004,restaurant,4.1,589,OPERATIONAL,https://maps.google.com/?cid=N/A
N/A,Maestro Pizza,26.4132933,50.120102499999994,restaurant,4,601,OPERATIONAL,https://maps.google.com/?cid=N/A
N/A,مطعم شعبيات المعلم,26.4141014,50.1200985,restaurant,4,698,OPERATIONAL,https://maps.google.com/?cid=N/A
N/A,Rakah Modern Restaurant,26.4021421,50.1396291,restaurant,3.8,699,OPERATIONAL,https://maps.google.com/?cid=N/A
N/A,Hashi Taste Cafeteria - Kibdah,26.4164545,50.12032,restaurant,4.1,505,OPERATIONAL,https://maps.google.com/?cid=N/A
N/A,Al-Hijaz Rice Al-Bukhari Restaurant,26.4141272,50.1200188,restaurant,3.9,196,OPERATIONAL,https://maps.google.com/?cid=N/A
N/A,Khalidiya Restaurant,26.405712599999998,50.1453692,restaurant,3.8,145,OPERATIONAL,https://maps.google.com/?cid=N/A
N/A,عنب واو,26.4138363,50.120345099999994,restaurant,4.8,71,OPERATIONAL,https://maps.google.com/?cid=N/A
N/A,Karak's outdoor session,26.4142682,50.119611299999995,restaurant,4.1,215,OPERATIONAL,https://maps.google.com/?cid=N/A
N/A,مطعم أبو النور,26.414187499999997,50.120062499999996,restaurant,4.1,74,OPERATIONAL,https://maps.google.com/?cid=N/A
N/A,زهور الفاو,26.414015,50.135323299999996,restaurant,3.8,27,OPERATIONAL,https://maps.google.com/?cid=N/A
N/A,Shawrma King,26.4142047,50.119978599999996,restaurant,4.1,60,OPERATIONAL,https://maps.google.com/?cid=N/A
N/A,Srilankan Kandy Restaurant,26.4171732,50.1606929,restaurant,4,396,OPERATIONAL,https://maps.google.com/?cid=N/A
N/A,Modon Alam Pakistani Restaurant,26.4154268,50.150340199999995,restaurant,4.2,129,OPERATIONAL,https://maps.google.com/?cid=N/A
N/A,Rakah Modern Restaurant,26.4021421,50.1396291,restaurant,3.8,699,OPERATIONAL,https://maps.google.com/?cid=N/A
N/A,Khalidiya Restaurant,26.405712599999998,50.1453692,restaurant,3.8,145,OPERATIONAL,https://maps.google.com/?cid=N/A
N/A,"فرايزون Frizone (الخالديه الجنوبيه , الميناء)",26.4189669,50.1615371,restaurant,3.9,68,OPERATIONAL,https://maps.google.com/?cid=N/A
N/A,Madina Restaurant,26.417883200000002,50.160958199999996,restaurant,3.8,120,OPERATIONAL,https://maps.google.com/?cid=N/A
N/A,Mehran Restaurant | مطعم مهران,26.415923799999998,50.1480724,restaurant,4.4,58,OPERATIONAL,https://maps.google.com/?cid=N/A
N/A,مطعم يحيى الذهبي البخاري,26.418487,50.161302,restaurant,4,110,OPERATIONAL,https://maps.google.com/?cid=N/A
N/A,Saihati restaurant,26.4032083,50.159605299999996,restaurant,4.3,43,OPERATIONAL,https://maps.google.com/?cid=N/A
N/A,Mina hotel,26.4157247,50.1617684,restaurant,4.4,8,OPERATIONAL,https://maps.google.com/?cid=N/A
N/A,مطعم شباب خلیجی بخاري shabab khaleeji restaurant,26.402070000000002,50.139716,restaurant,3.9,20,OPERATIONAL,https://maps.google.com/?cid=N/A
N/A,Furooj Delicious Taste فروج الطعم اللذيذ,26.4174212,50.160742,restaurant,3.6,14,OPERATIONAL,https://maps.google.com/?cid=N/A
N/A,The Square Restaurant,26.407518,50.138687999999995,restaurant,3.6,35,OPERATIONAL,https://maps.google.com/?cid=N/A
N/A,Kashmir Cafe مطعم سفرة الأرز,26.416314399999997,50.1601505,restaurant,4,36,OPERATIONAL,https://maps.google.com/?cid=N/A
N/A,Maimona Restaurant,26.417117899999997,50.160564199999996,restaurant,3.9,46,OPERATIONAL,https://maps.google.com/?cid=N/A
N/A,SAHEL AL MENA RESTAURANT مطعم سهل الميناء,26.4101961,50.1559733,restaurant,2.6,11,OPERATIONAL,https://maps.google.com/?cid=N/A
N/A,3star Indian hotel (Tamil),26.416475600000002,50.1603941,restaurant,2.8,4,OPERATIONAL,https://maps.google.com/?cid=N/A
N/A,مطعم غوري البخاري باكستاني,26.4172096,50.1607073,restaurant,3.7,41,OPERATIONAL,https://maps.google.com/?cid=N/A
N/A,مطعم سكبة الاولى,26.401957,50.1397628,restaurant,3.3,15,OPERATIONAL,https://maps.google.com/?cid=N/A
N/A,فوال نور الصباح,26.418498099999997,50.1612699,restaurant,3.5,26,OPERATIONAL,https://maps.google.com/?cid=N/A
N/A,Diwan Lounge,26.412550799999998,50.1733147,restaurant,4,2118,OPERATIONAL,https://maps.google.com/?cid=N/A
N/A,مطعم شوايه صحاري,26.414975,50.170525999999995,restaurant,4.1,760,OPERATIONAL,https://maps.google.com/?cid=N/A
N/A,باكستاني مطعم تاج الامتياز Pakistani restaurant,26.4167575,50.173523499999995,restaurant,4.3,81,OPERATIONAL,https://maps.google.com/?cid=N/A
N/A,مطعم دروازة البيت للأكلات الشعبية,26.4140212,50.1745253,restaurant,4.5,610,OPERATIONAL,https://maps.google.com/?cid=N/A
N/A,Malabar restaurant,26.4157208,50.1655859,restaurant,3.8,265,OPERATIONAL,https://maps.google.com/?cid=N/A
N/A,Srilankan Kandy Restaurant,26.4171732,50.1606929,restaurant,4,396,OPERATIONAL,https://maps.google.com/?cid=N/A
N/A,Zaman Awal,26.4147484,50.170135300000005,restaurant,4.4,130,OPERATIONAL,https://maps.google.com/?cid=N/A
N/A,مطعم شباب عنك البخاري,26.4166076,50.172435,restaurant,3.9,266,OPERATIONAL,https://maps.google.com/?cid=N/A
N/A,Herfy,26.4151028,50.170287099999996,restaurant,3.5,789,OPERATIONAL,https://maps.google.com/?cid=N/A
N/A,Mumtaz restaurant pakistani,26.415255,50.174959799999996,restaurant,4.8,18,OPERATIONAL,https://maps.google.com/?cid=N/A
N/A,"فرايزون Frizone (الخالديه الجنوبيه , الميناء)",26.4189669,50.1615371,restaurant,3.9,68,OPERATIONAL,https://maps.google.com/?cid=N/A
N/A,Madina Restaurant,26.417883200000002,50.160958199999996,restaurant,3.8,120,OPERATIONAL,https://maps.google.com/?cid=N/A
N/A,Meena,26.4181724,50.164603899999996,restaurant,4.3,71,OPERATIONAL,https://maps.google.com/?cid=N/A
N/A,Boofia Almakhtas بوفيه يد المختص,26.4155697,50.1695184,restaurant,4.3,31,OPERATIONAL,https://maps.google.com/?cid=N/A
N/A,مطعم يحيى الذهبي البخاري,26.418487,50.161302,restaurant,4,110,OPERATIONAL,https://maps.google.com/?cid=N/A
N/A,Rummaan Hyderabadi Restaurant - Dammam Seaport,26.416840099999998,50.1731699,restaurant,3.6,9,OPERATIONAL,https://maps.google.com/?cid=N/A
N/A,مطعم قلعه السعادة,26.4147529,50.1753682,restaurant,3.9,19,OPERATIONAL,https://maps.google.com/?cid=N/A
N/A,فوال ومخبز جود النخيل,26.414748499999998,50.1699103,restaurant,4.1,23,OPERATIONAL,https://maps.google.com/?cid=N/A
N/A,Thamees Dhukkan,26.410928799999997,50.1802071,restaurant,4.1,122,OPERATIONAL,https://maps.google.com/?cid=N/A
N/A,Diwan Lounge,26.412550799999998,50.1733147,restaurant,4,2118,OPERATIONAL,https://maps.google.com/?cid=N/A
N/A,ANJIK Restaurant,26.4076406,50.188668299999996,restaurant,4.3,2779,OPERATIONAL,https://maps.google.com/?cid=N/A
N/A,مطعم دروازة البيت للأكلات الشعبية,26.4140212,50.1745253,restaurant,4.5,610,OPERATIONAL,https://maps.google.com/?cid=N/A
N/A,Main Restaurant,26.3975536,50.1904432,restaurant,3.7,309,OPERATIONAL,https://maps.google.com/?cid=N/A
N/A,بوفية سور المذاق,26.4064332,50.1867269,restaurant,4.5,72,OPERATIONAL,https://maps.google.com/?cid=N/A
N/A,Mumtaz restaurant pakistani,26.415255,50.174959799999996,restaurant,4.8,18,OPERATIONAL,https://maps.google.com/?cid=N/A
N/A,مطعم قلعه السعادة,26.4147529,50.1753682,restaurant,3.9,19,OPERATIONAL,https://maps.google.com/?cid=N/A
N/A,Thamees Dhukkan,26.410928799999997,50.1802071,restaurant,4.1,122,OPERATIONAL,https://maps.google.com/?cid=N/A
N/A,Bomboloni بومبولوني,26.4078067,50.188981399999996,restaurant,4.4,109,OPERATIONAL,https://maps.google.com/?cid=N/A
N/A,بوفية النورس الأولى,26.4107941,50.180295099999995,restaurant,3.9,14,OPERATIONAL,https://maps.google.com/?cid=N/A
N/A,مطعم عنوان المذاق البخاری,26.415555599999998,50.1756861,restaurant,No rating,No reviews,OPERATIONAL,https://maps.google.com/?cid=N/A
N/A,مطبخ شغف للحفلات والولائم Passion of Catering,26.410515099999998,50.1809327,restaurant,3.8,24,OPERATIONAL,https://maps.google.com/?cid=N/A
N/A,Tasty Elements عناصر الذيذه,26.405062899999997,50.1844517,restaurant,3.8,8,OPERATIONAL,https://maps.google.com/?cid=N/A
N/A,اقبال للمأكولات الشعبية,26.4077225,50.189848999999995,restaurant,5,23,OPERATIONAL,https://maps.google.com/?cid=N/A
N/A,Students' Canteen,26.3975518,50.1904597,restaurant,3.5,24,OPERATIONAL,https://maps.google.com/?cid=N/A
N/A,فود ترك عصيرات,26.4060027,50.1870912,restaurant,No rating,No reviews,OPERATIONAL,https://maps.google.com/?cid=N/A
N/A,بطاطس جيزاني cruella,26.412885499999998,50.2203733,restaurant,4.8,868,OPERATIONAL,https://maps.google.com/?cid=N/A
N/A,متعة الجليد _ FUN ICE,26.412523099999998,50.2205681,restaurant,4.3,193,OPERATIONAL,https://maps.google.com/?cid=N/A
N/A,طفران - TAFRAN,26.4125601,50.2202047,restaurant,4.2,124,OPERATIONAL,https://maps.google.com/?cid=N/A
N/A,بلوفات BLUFAT,26.412187499999998,50.2207656,restaurant,4.3,209,OPERATIONAL,https://maps.google.com/?cid=N/A
N/A,Um Hanan Local Food,26.4032262,50.2260596,restaurant,4.9,23,OPERATIONAL,https://maps.google.com/?cid=N/A
N/A,كوري كورن - الكباب الكوري المقرمش - فرع الخبر,26.4088912,50.2226163,restaurant,4.8,30,OPERATIONAL,https://maps.google.com/?cid=N/A
N/A,فود تردك جداويه,26.4109311,50.221451599999995,restaurant,3.9,34,OPERATIONAL,https://maps.google.com/?cid=N/A
N/A,Chico تشيكو,26.409098099999998,50.222445699999994,restaurant,4.6,9,OPERATIONAL,https://maps.google.com/?cid=N/A
N/A,تاوة الطيبين بحر الراكة,26.4088881,50.2226736,restaurant,4.6,17,OPERATIONAL,https://maps.google.com/?cid=N/A
N/A,بوتيروس باشا,26.405177,50.2255663,restaurant,No rating,No reviews,OPERATIONAL,https://maps.google.com/?cid=N/A
N/A,انا غير,26.409445899999998,50.222156299999995,restaurant,4,1,OPERATIONAL,https://maps.google.com/?cid=N/A
N/A,Zoz Kitchen,26.4108375,50.2215469,restaurant,5,4,OPERATIONAL,https://maps.google.com/?cid=N/A
N/A,فود ترك اي ار سفن,26.4069243,50.2237667,restaurant,No rating,No reviews,OPERATIONAL,https://maps.google.com/?cid=N/A
N/A,شاي جمر,26.4011775,50.227481499999996,restaurant,5,1,OPERATIONAL,https://maps.google.com/?cid=N/A
N/A,فود ترك حوسة,26.4067625,50.2239844,restaurant,No rating,No reviews,OPERATIONAL,https://maps.google.com/?cid=N/A
N/A,SNAX.966,26.4100581,50.221913099999995,restaurant,No rating,No reviews,OPERATIONAL,https://maps.google.com/?cid=N/A
N/A,كبدة ريف,26.4111494,50.2212769,restaurant,4,4,OPERATIONAL,https://maps.google.com/?cid=N/A
N/A,هيلة,26.4069342,50.2237965,restaurant,5,17,OPERATIONAL,https://maps.google.com/?cid=N/A
N/A,INNOVATION Pizza - اينوفيشن بيتزا,26.413051300000003,50.2203931,restaurant,5,52,OPERATIONAL,https://maps.google.com/?cid=N/A
N/A,كبده حساويه,26.4050187,50.2249237,restaurant,3,2,OPERATIONAL,https://maps.google.com/?cid=N/A
