{
"type": "FeatureCollection",
"name": "districts",
"crs": { "type": "name", "properties": { "name": "urn:ogc:def:crs:OGC:1.3:CRS84" } },
"features": [
{ "type": "Feature", "properties": { "district_id": 10500013001, "city_id": 13, "region_id": 5, "name_ar": "حي الخالدية الشمالية", "name_en": "Al Khalidiyah Ash Shamaliyah Dist." }, "geometry": { "type": "Polygon", "coordinates": [ [ [ 50.13178, 26.42027 ], [ 50.131761, 26.420274 ], [ 50.131758, 26.420243 ], [ 50.131715, 26.418931 ], [ 50.131673, 26.417636 ], [ 50.131279, 26.412351 ], [ 50.132231, 26.411469 ], [ 50.133335, 26.410508 ], [ 50.133848, 26.410059 ], [ 50.134112, 26.409828 ], [ 50.134362, 26.409609 ], [ 50.134492, 26.409495 ], [ 50.134601, 26.4094 ], [ 50.134738, 26.409288 ], [ 50.134739, 26.409288 ], [ 50.135309, 26.40878 ], [ 50.135896, 26.408266 ], [ 50.136051, 26.408131 ], [ 50.136096, 26.408091 ], [ 50.136167, 26.408029 ], [ 50.136971, 26.407326 ], [ 50.137947, 26.406455 ], [ 50.138577, 26.405892 ], [ 50.141042, 26.403692 ], [ 50.141334, 26.403431 ], [ 50.141402, 26.40337 ], [ 50.141795, 26.40302 ], [ 50.141796, 26.403019 ], [ 50.142345, 26.402523 ], [ 50.142345, 26.402523 ], [ 50.143258, 26.401699 ], [ 50.143509, 26.401487 ], [ 50.144696, 26.400488 ], [ 50.144947, 26.400278 ], [ 50.145227, 26.400043 ], [ 50.146404, 26.398948 ], [ 50.146805, 26.398575 ], [ 50.14682, 26.398561 ], [ 50.146832, 26.39855 ], [ 50.148409, 26.397142 ], [ 50.148631, 26.396925 ], [ 50.149286, 26.396361 ], [ 50.149362, 26.396296 ], [ 50.149637, 26.396065 ], [ 50.151296, 26.399854 ], [ 50.151314, 26.399889 ], [ 50.153313, 26.403774 ], [ 50.153374, 26.40394 ], [ 50.153609, 26.404358 ], [ 50.154081, 26.405274 ], [ 50.154615, 26.40631 ], [ 50.15486, 26.406813 ], [ 50.155043, 26.407191 ], [ 50.155312, 26.407762 ], [ 50.15609, 26.409416 ], [ 50.156384, 26.410051 ], [ 50.156696, 26.410618 ], [ 50.157363, 26.411866 ], [ 50.158171, 26.413454 ], [ 50.158653, 26.414375 ], [ 50.158653, 26.414376 ], [ 50.159672, 26.416317 ], [ 50.160326, 26.417661 ], [ 50.160978, 26.41892 ], [ 50.161226, 26.4194 ], [ 50.16154, 26.420005 ], [ 50.161558, 26.420039 ], [ 50.161198, 26.42017 ], [ 50.160771, 26.420325 ], [ 50.160771, 26.420326 ], [ 50.16049, 26.420428 ], [ 50.159443, 26.420666 ], [ 50.158817, 26.420845 ], [ 50.157869, 26.421127 ], [ 50.156451, 26.421544 ], [ 50.155373, 26.421886 ], [ 50.154025, 26.422237 ], [ 50.153351, 26.422412 ], [ 50.153226, 26.422444 ], [ 50.153205, 26.42245 ], [ 50.153197, 26.422452 ], [ 50.153194, 26.422452 ], [ 50.152419, 26.422654 ], [ 50.151397, 26.422924 ], [ 50.151075, 26.423003 ], [ 50.15076, 26.423089 ], [ 50.148997, 26.42357 ], [ 50.146411, 26.424264 ], [ 50.144388, 26.425101 ], [ 50.142472, 26.425973 ], [ 50.141872, 26.426223 ], [ 50.140572, 26.426808 ], [ 50.140187, 26.42699 ], [ 50.139297, 26.427403 ], [ 50.138595, 26.427745 ], [ 50.137732, 26.428258 ], [ 50.135796, 26.429543 ], [ 50.133209, 26.431185 ], [ 50.132607, 26.431572 ], [ 50.132052, 26.423996 ], [ 50.13178, 26.42027 ] ] ] } },
{ "type": "Feature", "properties": { "district_id": 10500013002, "city_id": 13, "region_id": 5, "name_ar": "حي الناصرية", "name_en": "An Nasriyah Dist." }, "geometry": { "type": "Polygon", "coordinates": [ [ [ 50.130038, 26.424735 ], [ 50.129378, 26.424984 ], [ 50.128984, 26.425223 ], [ 50.128701, 26.425441 ], [ 50.128434, 26.425656 ], [ 50.12828, 26.425781 ], [ 50.126775, 26.427406 ], [ 50.126042, 26.427828 ], [ 50.125531, 26.428096 ], [ 50.124797, 26.428387 ], [ 50.124266, 26.428594 ], [ 50.123092, 26.429325 ], [ 50.119789, 26.429623 ], [ 50.119447, 26.429654 ], [ 50.118002, 26.430387 ], [ 50.117992, 26.430144 ], [ 50.117972, 26.42995 ], [ 50.117939, 26.429759 ], [ 50.117863, 26.429546 ], [ 50.117761, 26.429299 ], [ 50.117643, 26.429056 ], [ 50.117349, 26.428616 ], [ 50.117064, 26.428176 ], [ 50.116037, 26.426592 ], [ 50.115962, 26.426476 ], [ 50.115317, 26.425482 ], [ 50.115081, 26.425104 ], [ 50.115204, 26.42504 ], [ 50.116264, 26.4245 ], [ 50.116626, 26.424315 ], [ 50.116684, 26.424286 ], [ 50.117971, 26.423629 ], [ 50.118071, 26.423574 ], [ 50.118698, 26.423232 ], [ 50.119013, 26.423029 ], [ 50.119223, 26.422889 ], [ 50.119257, 26.422866 ], [ 50.119663, 26.422561 ], [ 50.120171, 26.422196 ], [ 50.12074, 26.421688 ], [ 50.121699, 26.420856 ], [ 50.121959, 26.420632 ], [ 50.123269, 26.419462 ], [ 50.123279, 26.419453 ], [ 50.123704, 26.419073 ], [ 50.124315, 26.418519 ], [ 50.124981, 26.417914 ], [ 50.125475, 26.41749 ], [ 50.126783, 26.41637 ], [ 50.128225, 26.415159 ], [ 50.12853, 26.414903 ], [ 50.12888, 26.414582 ], [ 50.129043, 26.414431 ], [ 50.129269, 26.414222 ], [ 50.130038, 26.424735 ] ] ] } },
{ "type": "Feature", "properties": { "district_id": 10500013003, "city_id": 13, "region_id": 5, "name_ar": "حي الصناعية الاولى", "name_en": "1st Industrial Dist." }, "geometry": { "type": "Polygon", "coordinates": [ [ [ 50.151056, 26.391815 ], [ 50.151155, 26.392188 ], [ 50.151184, 26.392295 ], [ 50.151459, 26.39308 ], [ 50.151466, 26.393101 ], [ 50.1515, 26.3932 ], [ 50.151833, 26.394157 ], [ 50.149637, 26.396065 ], [ 50.149362, 26.396296 ], [ 50.149286, 26.396361 ], [ 50.148631, 26.396925 ], [ 50.148409, 26.397142 ], [ 50.146832, 26.39855 ], [ 50.14682, 26.398561 ], [ 50.146805, 26.398575 ], [ 50.146404, 26.398948 ], [ 50.145227, 26.400043 ], [ 50.144947, 26.400278 ], [ 50.144696, 26.400488 ], [ 50.143509, 26.401487 ], [ 50.143258, 26.401699 ], [ 50.142345, 26.402523 ], [ 50.142345, 26.402523 ], [ 50.141796, 26.403019 ], [ 50.141795, 26.40302 ], [ 50.141402, 26.40337 ], [ 50.141334, 26.403431 ], [ 50.141042, 26.403692 ], [ 50.138577, 26.405892 ], [ 50.137947, 26.406455 ], [ 50.136971, 26.407326 ], [ 50.136167, 26.408029 ], [ 50.136096, 26.408091 ], [ 50.136051, 26.408131 ], [ 50.135896, 26.408266 ], [ 50.135309, 26.40878 ], [ 50.134739, 26.409288 ], [ 50.134738, 26.409288 ], [ 50.134601, 26.4094 ], [ 50.134492, 26.409495 ], [ 50.134362, 26.409609 ], [ 50.134112, 26.409828 ], [ 50.133848, 26.410059 ], [ 50.133335, 26.410508 ], [ 50.132231, 26.411469 ], [ 50.131279, 26.412351 ], [ 50.131157, 26.412467 ], [ 50.129145, 26.384317 ], [ 50.130554, 26.384572 ], [ 50.131725, 26.385338 ], [ 50.134353, 26.387057 ], [ 50.140152, 26.391111 ], [ 50.140316, 26.390814 ], [ 50.140766, 26.39006 ], [ 50.140846, 26.389961 ], [ 50.140941, 26.389864 ], [ 50.141117, 26.389761 ], [ 50.141704, 26.389523 ], [ 50.142471, 26.389194 ], [ 50.144443, 26.388496 ], [ 50.145996, 26.387947 ], [ 50.147007, 26.387589 ], [ 50.149676, 26.386508 ], [ 50.149687, 26.386583 ], [ 50.149693, 26.386618 ], [ 50.149745, 26.38682 ], [ 50.149755, 26.386858 ], [ 50.14978, 26.386957 ], [ 50.149802, 26.387039 ], [ 50.150111, 26.38824 ], [ 50.150152, 26.388388 ], [ 50.150234, 26.388686 ], [ 50.150255, 26.388761 ], [ 50.150321, 26.388999 ], [ 50.15053, 26.389914 ], [ 50.15074, 26.390647 ], [ 50.15087, 26.391118 ], [ 50.151056, 26.391815 ] ] ] } },
{ "type": "Feature", "properties": { "district_id": 10500013004, "city_id": 13, "region_id": 5, "name_ar": "حي الفنار", "name_en": "Al Fanar Dist." }, "geometry": { "type": "Polygon", "coordinates": [ [ [ 50.218424, 26.41224 ], [ 50.220392, 26.413222 ], [ 50.214066, 26.422389 ], [ 50.193916, 26.410307 ], [ 50.193915, 26.410307 ], [ 50.192203, 26.409325 ], [ 50.190223, 26.408141 ], [ 50.183889, 26.40435 ], [ 50.182112, 26.403294 ], [ 50.181722, 26.403062 ], [ 50.181028, 26.402666 ], [ 50.183047, 26.399418 ], [ 50.183251, 26.399084 ], [ 50.183783, 26.398214 ], [ 50.185159, 26.395989 ], [ 50.185322, 26.395727 ], [ 50.218424, 26.41224 ] ] ] } },
{ "type": "Feature", "properties": { "district_id": 10500013005, "city_id": 13, "region_id": 5, "name_ar": "حي الأثير", "name_en": "Al Athir Dist." }, "geometry": { "type": "Polygon", "coordinates": [ [ [ 50.061848, 26.422255 ], [ 50.062143, 26.422406 ], [ 50.062762, 26.422724 ], [ 50.063328, 26.423015 ], [ 50.065506, 26.424161 ], [ 50.066954, 26.424922 ], [ 50.069944, 26.426495 ], [ 50.070308, 26.426673 ], [ 50.069163, 26.428418 ], [ 50.0682, 26.429927 ], [ 50.068124, 26.43005 ], [ 50.068033, 26.4302 ], [ 50.067995, 26.430257 ], [ 50.067418, 26.431286 ], [ 50.067226, 26.431691 ], [ 50.067169, 26.431812 ], [ 50.066875, 26.432606 ], [ 50.066854, 26.432673 ], [ 50.066801, 26.432855 ], [ 50.066559, 26.433683 ], [ 50.066424, 26.434206 ], [ 50.066409, 26.434264 ], [ 50.066294, 26.434735 ], [ 50.066251, 26.434914 ], [ 50.066219, 26.435046 ], [ 50.066081, 26.435543 ], [ 50.065865, 26.436321 ], [ 50.06585, 26.436378 ], [ 50.065639, 26.43718 ], [ 50.065498, 26.437759 ], [ 50.065478, 26.437826 ], [ 50.065149, 26.439157 ], [ 50.065129, 26.439232 ], [ 50.064937, 26.439969 ], [ 50.064713, 26.440788 ], [ 50.064681, 26.440939 ], [ 50.064121, 26.440886 ], [ 50.061776, 26.44068 ], [ 50.06172, 26.440673 ], [ 50.060969, 26.4406 ], [ 50.060879, 26.440591 ], [ 50.06035, 26.440545 ], [ 50.059482, 26.440474 ], [ 50.059373, 26.440468 ], [ 50.058367, 26.440383 ], [ 50.058339, 26.440381 ], [ 50.058277, 26.440378 ], [ 50.05812, 26.44037 ], [ 50.057674, 26.440348 ], [ 50.057605, 26.440346 ], [ 50.057519, 26.440343 ], [ 50.056419, 26.440247 ], [ 50.056189, 26.440228 ], [ 50.055473, 26.440169 ], [ 50.054999, 26.440129 ], [ 50.054792, 26.44011 ], [ 50.054569, 26.440081 ], [ 50.054371, 26.440053 ], [ 50.05408, 26.439986 ], [ 50.053624, 26.439862 ], [ 50.053039, 26.439656 ], [ 50.052255, 26.43927 ], [ 50.051737, 26.438925 ], [ 50.051179, 26.43853 ], [ 50.051005, 26.438383 ], [ 50.050912, 26.438298 ], [ 50.050837, 26.438231 ], [ 50.050397, 26.437833 ], [ 50.050275, 26.437732 ], [ 50.051353, 26.436288 ], [ 50.051566, 26.435992 ], [ 50.053047, 26.433933 ], [ 50.053069, 26.433903 ], [ 50.053388, 26.433459 ], [ 50.053676, 26.433058 ], [ 50.055005, 26.431319 ], [ 50.055627, 26.430487 ], [ 50.056789, 26.428883 ], [ 50.057292, 26.42823 ], [ 50.057756, 26.427603 ], [ 50.058162, 26.427076 ], [ 50.058448, 26.426688 ], [ 50.059187, 26.425584 ], [ 50.059553, 26.425029 ], [ 50.059919, 26.424473 ], [ 50.060359, 26.423729 ], [ 50.060708, 26.423119 ], [ 50.061318, 26.421974 ], [ 50.061848, 26.422255 ] ] ] } },
{ "type": "Feature", "properties": { "district_id": 10500013006, "city_id": 13, "region_id": 5, "name_ar": "حي الجلوية", "name_en": "Al Jalawiyah Dist." }, "geometry": { "type": "Polygon", "coordinates": [ [ [ 50.081772, 26.442148 ], [ 50.081711, 26.442277 ], [ 50.081693, 26.442314 ], [ 50.080609, 26.442223 ], [ 50.07917, 26.44209 ], [ 50.078857, 26.442068 ], [ 50.076857, 26.441933 ], [ 50.076115, 26.441867 ], [ 50.075812, 26.441842 ], [ 50.075748, 26.441842 ], [ 50.07384, 26.441687 ], [ 50.0735, 26.441655 ], [ 50.073436, 26.441655 ], [ 50.07239, 26.441549 ], [ 50.072355, 26.441546 ], [ 50.070914, 26.441441 ], [ 50.07085, 26.441436 ], [ 50.069955, 26.44137 ], [ 50.069711, 26.441342 ], [ 50.068686, 26.441258 ], [ 50.06816, 26.441215 ], [ 50.068121, 26.441212 ], [ 50.06778, 26.441184 ], [ 50.066787, 26.441103 ], [ 50.065917, 26.441031 ], [ 50.064681, 26.440939 ], [ 50.064713, 26.440788 ], [ 50.064937, 26.439969 ], [ 50.065129, 26.439232 ], [ 50.065149, 26.439157 ], [ 50.065478, 26.437826 ], [ 50.065498, 26.437759 ], [ 50.065639, 26.43718 ], [ 50.06585, 26.436378 ], [ 50.065865, 26.436321 ], [ 50.066081, 26.435543 ], [ 50.066219, 26.435046 ], [ 50.066251, 26.434914 ], [ 50.066294, 26.434735 ], [ 50.066409, 26.434264 ], [ 50.066424, 26.434206 ], [ 50.066559, 26.433683 ], [ 50.066801, 26.432855 ], [ 50.066854, 26.432673 ], [ 50.066875, 26.432606 ], [ 50.067169, 26.431812 ], [ 50.067226, 26.431691 ], [ 50.067418, 26.431286 ], [ 50.067995, 26.430257 ], [ 50.068033, 26.4302 ], [ 50.068124, 26.43005 ], [ 50.0682, 26.429927 ], [ 50.069163, 26.428418 ], [ 50.070308, 26.426673 ], [ 50.071619, 26.427312 ], [ 50.072806, 26.427892 ], [ 50.073251, 26.428107 ], [ 50.073849, 26.428395 ], [ 50.074558, 26.428736 ], [ 50.075145, 26.429014 ], [ 50.075177, 26.42903 ], [ 50.075822, 26.429359 ], [ 50.076451, 26.429704 ], [ 50.077512, 26.430292 ], [ 50.07892, 26.430995 ], [ 50.080336, 26.431702 ], [ 50.080992, 26.43203 ], [ 50.081254, 26.43216 ], [ 50.081441, 26.43225 ], [ 50.081779, 26.432411 ], [ 50.081874, 26.432456 ], [ 50.082327, 26.432672 ], [ 50.082641, 26.432821 ], [ 50.082865, 26.432928 ], [ 50.083394, 26.43318 ], [ 50.08401, 26.433473 ], [ 50.08509, 26.433987 ], [ 50.085165, 26.434026 ], [ 50.084942, 26.434557 ], [ 50.084726, 26.435071 ], [ 50.084661, 26.435218 ], [ 50.084579, 26.435415 ], [ 50.084517, 26.435582 ], [ 50.084426, 26.435815 ], [ 50.084326, 26.436078 ], [ 50.083829, 26.437348 ], [ 50.083814, 26.437384 ], [ 50.083554, 26.437961 ], [ 50.083394, 26.438332 ], [ 50.083338, 26.438458 ], [ 50.082831, 26.439605 ], [ 50.082815, 26.439646 ], [ 50.082779, 26.439734 ], [ 50.082662, 26.440025 ], [ 50.082611, 26.440153 ], [ 50.082585, 26.440216 ], [ 50.082561, 26.440272 ], [ 50.082542, 26.440317 ], [ 50.082523, 26.440363 ], [ 50.082302, 26.440887 ], [ 50.082277, 26.440946 ], [ 50.082014, 26.441572 ], [ 50.081996, 26.441597 ], [ 50.081937, 26.441755 ], [ 50.081918, 26.441801 ], [ 50.081772, 26.442148 ] ] ] } },
{ "type": "Feature", "properties": { "district_id": 10500013007, "city_id": 13, "region_id": 5, "name_ar": "حي النخيل", "name_en": "Al Nakhil Dist." }, "geometry": { "type": "Polygon", "coordinates": [ [ [ 50.086452, 26.43471 ], [ 50.08695, 26.434979 ], [ 50.087618, 26.435329 ], [ 50.08774, 26.435394 ], [ 50.088194, 26.435635 ], [ 50.088499, 26.435797 ], [ 50.088601, 26.435849 ], [ 50.088672, 26.435887 ], [ 50.089248, 26.436185 ], [ 50.089647, 26.436393 ], [ 50.090147, 26.436652 ], [ 50.091476, 26.437341 ], [ 50.091547, 26.437378 ], [ 50.092045, 26.437625 ], [ 50.09248, 26.437841 ], [ 50.092908, 26.438053 ], [ 50.093007, 26.438102 ], [ 50.093159, 26.438168 ], [ 50.093844, 26.438467 ], [ 50.093975, 26.438514 ], [ 50.094118, 26.438545 ], [ 50.094307, 26.438557 ], [ 50.094336, 26.438557 ], [ 50.094878, 26.438561 ], [ 50.095438, 26.438565 ], [ 50.095889, 26.438569 ], [ 50.09599, 26.438569 ], [ 50.096564, 26.438574 ], [ 50.096571, 26.443399 ], [ 50.095216, 26.443372 ], [ 50.094232, 26.443341 ], [ 50.081711, 26.442277 ], [ 50.081772, 26.442148 ], [ 50.081918, 26.441801 ], [ 50.081937, 26.441755 ], [ 50.081996, 26.441597 ], [ 50.082014, 26.441572 ], [ 50.082277, 26.440946 ], [ 50.082302, 26.440887 ], [ 50.082523, 26.440363 ], [ 50.082542, 26.440317 ], [ 50.082561, 26.440272 ], [ 50.082585, 26.440216 ], [ 50.082611, 26.440153 ], [ 50.082662, 26.440025 ], [ 50.082779, 26.439734 ], [ 50.082815, 26.439646 ], [ 50.082831, 26.439605 ], [ 50.083338, 26.438458 ], [ 50.083394, 26.438332 ], [ 50.083554, 26.437961 ], [ 50.083814, 26.437384 ], [ 50.083829, 26.437348 ], [ 50.084326, 26.436078 ], [ 50.084426, 26.435815 ], [ 50.084517, 26.435582 ], [ 50.084579, 26.435415 ], [ 50.084661, 26.435218 ], [ 50.084726, 26.435071 ], [ 50.084942, 26.434557 ], [ 50.085165, 26.434026 ], [ 50.086452, 26.43471 ] ] ] } },
{ "type": "Feature", "properties": { "district_id": 10500013008, "city_id": 13, "region_id": 5, "name_ar": "حي القزاز", "name_en": "Al Qazaz Dist." }, "geometry": { "type": "Polygon", "coordinates": [ [ [ 50.096564, 26.438574 ], [ 50.09599, 26.438569 ], [ 50.095889, 26.438569 ], [ 50.095438, 26.438565 ], [ 50.094878, 26.438561 ], [ 50.094336, 26.438557 ], [ 50.094307, 26.438557 ], [ 50.094118, 26.438545 ], [ 50.093975, 26.438514 ], [ 50.093844, 26.438467 ], [ 50.093159, 26.438168 ], [ 50.093007, 26.438102 ], [ 50.092908, 26.438053 ], [ 50.09248, 26.437841 ], [ 50.092045, 26.437625 ], [ 50.091547, 26.437378 ], [ 50.091476, 26.437341 ], [ 50.090147, 26.436652 ], [ 50.089647, 26.436393 ], [ 50.089248, 26.436185 ], [ 50.088672, 26.435887 ], [ 50.088601, 26.435849 ], [ 50.088499, 26.435797 ], [ 50.088194, 26.435635 ], [ 50.08774, 26.435394 ], [ 50.087618, 26.435329 ], [ 50.08695, 26.434979 ], [ 50.086452, 26.43471 ], [ 50.085165, 26.434026 ], [ 50.085211, 26.433916 ], [ 50.085442, 26.433275 ], [ 50.085458, 26.433207 ], [ 50.085478, 26.433099 ], [ 50.085492, 26.432988 ], [ 50.089136, 26.432952 ], [ 50.089763, 26.432956 ], [ 50.090344, 26.432959 ], [ 50.090987, 26.432963 ], [ 50.09142, 26.432966 ], [ 50.092027, 26.432968 ], [ 50.092582, 26.43297 ], [ 50.093701, 26.432974 ], [ 50.094277, 26.432976 ], [ 50.094877, 26.432978 ], [ 50.095972, 26.432981 ], [ 50.096557, 26.432983 ], [ 50.096564, 26.438574 ] ] ] } },
{ "type": "Feature", "properties": { "district_id": 10500013009, "city_id": 13, "region_id": 5, "name_ar": "حي البادية", "name_en": "Al Badiyah Dist." }, "geometry": { "type": "Polygon", "coordinates": [ [ [ 50.096557, 26.432983 ], [ 50.095972, 26.432981 ], [ 50.094877, 26.432978 ], [ 50.094277, 26.432976 ], [ 50.093701, 26.432974 ], [ 50.092582, 26.43297 ], [ 50.092027, 26.432968 ], [ 50.09142, 26.432966 ], [ 50.090987, 26.432963 ], [ 50.090344, 26.432959 ], [ 50.089763, 26.432956 ], [ 50.089136, 26.432952 ], [ 50.085492, 26.432988 ], [ 50.085491, 26.432929 ], [ 50.085481, 26.432214 ], [ 50.085474, 26.431692 ], [ 50.085473, 26.43162 ], [ 50.085466, 26.431106 ], [ 50.085465, 26.430986 ], [ 50.085461, 26.430763 ], [ 50.085451, 26.429965 ], [ 50.085436, 26.428869 ], [ 50.085415, 26.427387 ], [ 50.085412, 26.426636 ], [ 50.085597, 26.426337 ], [ 50.086025, 26.425637 ], [ 50.086301, 26.425182 ], [ 50.086361, 26.425087 ], [ 50.086716, 26.424523 ], [ 50.08693, 26.424185 ], [ 50.087609, 26.423089 ], [ 50.087929, 26.422599 ], [ 50.088632, 26.42143 ], [ 50.088897, 26.42084 ], [ 50.089763, 26.421274 ], [ 50.090381, 26.4216 ], [ 50.093027, 26.422948 ], [ 50.094311, 26.423589 ], [ 50.094736, 26.423801 ], [ 50.096009, 26.424416 ], [ 50.096547, 26.424701 ], [ 50.096557, 26.432983 ] ] ] } },
{ "type": "Feature", "properties": { "district_id": 10500013010, "city_id": 13, "region_id": 5, "name_ar": "حي الدواسر", "name_en": "Ad Dawasir Dist." }, "geometry": { "type": "Polygon", "coordinates": [ [ [ 50.10776, 26.443193 ], [ 50.10787, 26.443872 ], [ 50.107969, 26.444572 ], [ 50.108234, 26.446546 ], [ 50.105622, 26.446652 ], [ 50.098852, 26.448384 ], [ 50.098573, 26.448434 ], [ 50.09655, 26.448693 ], [ 50.096571, 26.443399 ], [ 50.098278, 26.443105 ], [ 50.100722, 26.442623 ], [ 50.101205, 26.442573 ], [ 50.105214, 26.442495 ], [ 50.106586, 26.442289 ], [ 50.107747, 26.442277 ], [ 50.10776, 26.443193 ] ] ] } },
{ "type": "Feature", "properties": { "district_id": 10500013011, "city_id": 13, "region_id": 5, "name_ar": "حي العنود", "name_en": "Al Anud Dist." }, "geometry": { "type": "Polygon", "coordinates": [ [ [ 50.076115, 26.441867 ], [ 50.076857, 26.441933 ], [ 50.078857, 26.442068 ], [ 50.07917, 26.44209 ], [ 50.080609, 26.442223 ], [ 50.081693, 26.442314 ], [ 50.081669, 26.442366 ], [ 50.081563, 26.442554 ], [ 50.081396, 26.4428 ], [ 50.081208, 26.443107 ], [ 50.080978, 26.443517 ], [ 50.080879, 26.443704 ], [ 50.08079, 26.443923 ], [ 50.080719, 26.444115 ], [ 50.080671, 26.444277 ], [ 50.080647, 26.444454 ], [ 50.080634, 26.444626 ], [ 50.080609, 26.444881 ], [ 50.080574, 26.445135 ], [ 50.080548, 26.445281 ], [ 50.080585, 26.445736 ], [ 50.080586, 26.447067 ], [ 50.080586, 26.447068 ], [ 50.08059, 26.449481 ], [ 50.080598, 26.449589 ], [ 50.080613, 26.449689 ], [ 50.080633, 26.449808 ], [ 50.080649, 26.449868 ], [ 50.080667, 26.449921 ], [ 50.080702, 26.449997 ], [ 50.080701, 26.449997 ], [ 50.080704, 26.449999 ], [ 50.080752, 26.450205 ], [ 50.079974, 26.450495 ], [ 50.079803, 26.450563 ], [ 50.079206, 26.450841 ], [ 50.078387, 26.451225 ], [ 50.078064, 26.451344 ], [ 50.078007, 26.451365 ], [ 50.077963, 26.451378 ], [ 50.077959, 26.451379 ], [ 50.077959, 26.451379 ], [ 50.077861, 26.451402 ], [ 50.077645, 26.451442 ], [ 50.077291, 26.451488 ], [ 50.076937, 26.451533 ], [ 50.076176, 26.451655 ], [ 50.075864, 26.451705 ], [ 50.075558, 26.451746 ], [ 50.074281, 26.451918 ], [ 50.073513, 26.452022 ], [ 50.073267, 26.452055 ], [ 50.072279, 26.452188 ], [ 50.071575, 26.452283 ], [ 50.070903, 26.452374 ], [ 50.070613, 26.452413 ], [ 50.069721, 26.452533 ], [ 50.068974, 26.452634 ], [ 50.068469, 26.452702 ], [ 50.068317, 26.452722 ], [ 50.067629, 26.452815 ], [ 50.067591, 26.45282 ], [ 50.067095, 26.452887 ], [ 50.066776, 26.452927 ], [ 50.065962, 26.453027 ], [ 50.065092, 26.453134 ], [ 50.064509, 26.453222 ], [ 50.064386, 26.453242 ], [ 50.064178, 26.453276 ], [ 50.062583, 26.453533 ], [ 50.062742, 26.452622 ], [ 50.06277, 26.452406 ], [ 50.062787, 26.452298 ], [ 50.062821, 26.452068 ], [ 50.062935, 26.451455 ], [ 50.062964, 26.451299 ], [ 50.063135, 26.450382 ], [ 50.063257, 26.449715 ], [ 50.063524, 26.448187 ], [ 50.063675, 26.447325 ], [ 50.063972, 26.445654 ], [ 50.063986, 26.445575 ], [ 50.064042, 26.445262 ], [ 50.064085, 26.445028 ], [ 50.064098, 26.444955 ], [ 50.064347, 26.443592 ], [ 50.064363, 26.443508 ], [ 50.064428, 26.443148 ], [ 50.064503, 26.442561 ], [ 50.064514, 26.442481 ], [ 50.064549, 26.442201 ], [ 50.064569, 26.442047 ], [ 50.064617, 26.441519 ], [ 50.064638, 26.441237 ], [ 50.064666, 26.441036 ], [ 50.064681, 26.440939 ], [ 50.065917, 26.441031 ], [ 50.066787, 26.441103 ], [ 50.06778, 26.441184 ], [ 50.068121, 26.441212 ], [ 50.06816, 26.441215 ], [ 50.068686, 26.441258 ], [ 50.069711, 26.441342 ], [ 50.069955, 26.44137 ], [ 50.07085, 26.441436 ], [ 50.070914, 26.441441 ], [ 50.072355, 26.441546 ], [ 50.07239, 26.441549 ], [ 50.073436, 26.441655 ], [ 50.0735, 26.441655 ], [ 50.07384, 26.441687 ], [ 50.075748, 26.441842 ], [ 50.075812, 26.441842 ], [ 50.076115, 26.441867 ] ] ] } },
{ "type": "Feature", "properties": { "district_id": 10500013012, "city_id": 13, "region_id": 5, "name_ar": "حي الشاطئ الغربي", "name_en": "Ash Shati Al Gharbi Dist." }, "geometry": { "type": "Polygon", "coordinates": [ [ [ 50.114361, 26.454532 ], [ 50.114655, 26.45448 ], [ 50.115532, 26.454314 ], [ 50.11627, 26.454198 ], [ 50.116948, 26.45407 ], [ 50.11859, 26.453762 ], [ 50.118891, 26.453708 ], [ 50.119722, 26.453556 ], [ 50.120168, 26.455598 ], [ 50.12018, 26.455648 ], [ 50.120435, 26.456593 ], [ 50.120435, 26.456593 ], [ 50.120438, 26.456606 ], [ 50.120803, 26.458236 ], [ 50.121164, 26.459731 ], [ 50.121236, 26.460031 ], [ 50.121257, 26.46012 ], [ 50.121555, 26.461352 ], [ 50.121738, 26.462109 ], [ 50.121805, 26.462414 ], [ 50.121838, 26.462565 ], [ 50.121844, 26.462589 ], [ 50.122044, 26.463503 ], [ 50.122237, 26.464382 ], [ 50.122271, 26.464539 ], [ 50.122288, 26.464611 ], [ 50.12266, 26.466151 ], [ 50.122986, 26.467503 ], [ 50.123116, 26.468036 ], [ 50.12322, 26.468465 ], [ 50.123254, 26.468619 ], [ 50.123289, 26.468779 ], [ 50.123506, 26.469764 ], [ 50.124182, 26.472689 ], [ 50.124236, 26.472906 ], [ 50.124385, 26.4735 ], [ 50.12439, 26.473521 ], [ 50.124572, 26.474197 ], [ 50.125067, 26.476347 ], [ 50.125521, 26.478255 ], [ 50.126029, 26.480393 ], [ 50.126335, 26.481732 ], [ 50.126481, 26.482367 ], [ 50.126501, 26.482456 ], [ 50.126645, 26.483088 ], [ 50.127042, 26.484825 ], [ 50.127097, 26.485061 ], [ 50.127279, 26.485847 ], [ 50.127471, 26.486677 ], [ 50.127488, 26.486749 ], [ 50.127488, 26.48675 ], [ 50.127509, 26.486843 ], [ 50.128087, 26.489338 ], [ 50.128107, 26.489424 ], [ 50.128251, 26.490045 ], [ 50.128714, 26.492046 ], [ 50.129321, 26.4945 ], [ 50.130059, 26.497478 ], [ 50.128946, 26.497689 ], [ 50.128725, 26.497727 ], [ 50.128611, 26.497751 ], [ 50.128242, 26.497824 ], [ 50.128109, 26.497851 ], [ 50.126088, 26.498215 ], [ 50.125782, 26.49827 ], [ 50.125352, 26.498327 ], [ 50.125119, 26.498339 ], [ 50.12493, 26.498347 ], [ 50.124768, 26.498335 ], [ 50.124645, 26.498324 ], [ 50.124565, 26.498312 ], [ 50.124354, 26.498275 ], [ 50.12411, 26.498218 ], [ 50.123898, 26.498156 ], [ 50.123711, 26.498083 ], [ 50.123554, 26.498004 ], [ 50.12333, 26.497874 ], [ 50.123133, 26.49774 ], [ 50.122837, 26.497492 ], [ 50.12266, 26.497322 ], [ 50.122494, 26.497133 ], [ 50.122376, 26.496991 ], [ 50.122309, 26.496904 ], [ 50.122246, 26.496815 ], [ 50.122208, 26.496757 ], [ 50.122126, 26.496623 ], [ 50.122003, 26.496398 ], [ 50.121896, 26.496119 ], [ 50.121811, 26.495898 ], [ 50.121795, 26.495846 ], [ 50.121717, 26.495506 ], [ 50.121677, 26.49525 ], [ 50.121645, 26.494889 ], [ 50.121631, 26.494517 ], [ 50.121637, 26.494376 ], [ 50.121643, 26.494259 ], [ 50.121672, 26.493566 ], [ 50.121679, 26.492946 ], [ 50.121691, 26.491896 ], [ 50.121652, 26.491637 ], [ 50.121573, 26.491116 ], [ 50.121308, 26.489677 ], [ 50.121113, 26.488745 ], [ 50.120663, 26.487039 ], [ 50.120637, 26.48694 ], [ 50.120353, 26.485649 ], [ 50.120143, 26.484757 ], [ 50.12008, 26.484488 ], [ 50.120025, 26.484292 ], [ 50.119967, 26.484098 ], [ 50.119867, 26.483795 ], [ 50.119798, 26.483595 ], [ 50.119735, 26.483426 ], [ 50.119648, 26.483188 ], [ 50.119547, 26.482943 ], [ 50.119408, 26.482609 ], [ 50.118913, 26.481323 ], [ 50.11854, 26.480505 ], [ 50.118267, 26.479787 ], [ 50.117983, 26.47893 ], [ 50.117605, 26.477331 ], [ 50.117373, 26.476345 ], [ 50.117065, 26.475045 ], [ 50.117028, 26.474866 ], [ 50.116904, 26.474276 ], [ 50.116729, 26.473585 ], [ 50.116538, 26.472827 ], [ 50.11628, 26.471805 ], [ 50.116265, 26.471722 ], [ 50.116158, 26.471154 ], [ 50.116069, 26.470653 ], [ 50.116056, 26.470553 ], [ 50.116013, 26.470208 ], [ 50.11597, 26.468231 ], [ 50.115964, 26.468083 ], [ 50.11597, 26.467503 ], [ 50.11597, 26.467348 ], [ 50.115905, 26.466752 ], [ 50.115789, 26.465977 ], [ 50.115779, 26.465922 ], [ 50.115674, 26.46551 ], [ 50.115478, 26.464737 ], [ 50.115468, 26.464698 ], [ 50.115206, 26.463644 ], [ 50.115078, 26.463267 ], [ 50.114794, 26.462666 ], [ 50.114655, 26.462377 ], [ 50.11451, 26.462126 ], [ 50.114271, 26.461803 ], [ 50.114108, 26.461586 ], [ 50.113866, 26.461212 ], [ 50.113536, 26.460718 ], [ 50.113275, 26.460228 ], [ 50.113063, 26.459805 ], [ 50.112852, 26.459215 ], [ 50.112285, 26.456858 ], [ 50.112271, 26.456866 ], [ 50.112271, 26.456867 ], [ 50.112275, 26.456857 ], [ 50.111679, 26.4562 ], [ 50.112148, 26.455292 ], [ 50.112638, 26.454911 ], [ 50.113923, 26.454628 ], [ 50.114361, 26.454532 ] ] ] } },
{ "type": "Feature", "properties": { "district_id": 10500013013, "city_id": 13, "region_id": 5, "name_ar": "حي الضباب", "name_en": "Ad Dabab Dist." }, "geometry": { "type": "Polygon", "coordinates": [ [ [ 50.067743, 26.410149 ], [ 50.065455, 26.413869 ], [ 50.065167, 26.414326 ], [ 50.065029, 26.414575 ], [ 50.064633, 26.415295 ], [ 50.064272, 26.415953 ], [ 50.063403, 26.417704 ], [ 50.06298, 26.418574 ], [ 50.061825, 26.420934 ], [ 50.061527, 26.42158 ], [ 50.061318, 26.421974 ], [ 50.060708, 26.423119 ], [ 50.060359, 26.423729 ], [ 50.059919, 26.424473 ], [ 50.059553, 26.425029 ], [ 50.059187, 26.425584 ], [ 50.058448, 26.426688 ], [ 50.058162, 26.427076 ], [ 50.057756, 26.427603 ], [ 50.057292, 26.42823 ], [ 50.056789, 26.428883 ], [ 50.055627, 26.430487 ], [ 50.055005, 26.431319 ], [ 50.053676, 26.433058 ], [ 50.053388, 26.433459 ], [ 50.053069, 26.433903 ], [ 50.053047, 26.433933 ], [ 50.051566, 26.435992 ], [ 50.051353, 26.436288 ], [ 50.050275, 26.437732 ], [ 50.049884, 26.437409 ], [ 50.049767, 26.437312 ], [ 50.048469, 26.436234 ], [ 50.04717, 26.435155 ], [ 50.047068, 26.435072 ], [ 50.046275, 26.434427 ], [ 50.046064, 26.434245 ], [ 50.045823, 26.434054 ], [ 50.045579, 26.433862 ], [ 50.045254, 26.433603 ], [ 50.045143, 26.433511 ], [ 50.044516, 26.432987 ], [ 50.043784, 26.432376 ], [ 50.043237, 26.431931 ], [ 50.042209, 26.431061 ], [ 50.041779, 26.430729 ], [ 50.040583, 26.429806 ], [ 50.040472, 26.429718 ], [ 50.04204, 26.427851 ], [ 50.04374, 26.425849 ], [ 50.043905, 26.425663 ], [ 50.044398, 26.425109 ], [ 50.046281, 26.422918 ], [ 50.047057, 26.422059 ], [ 50.04862, 26.42027 ], [ 50.051165, 26.417297 ], [ 50.052171, 26.416129 ], [ 50.053397, 26.414729 ], [ 50.054126, 26.413873 ], [ 50.055055, 26.412842 ], [ 50.056504, 26.411134 ], [ 50.058096, 26.409291 ], [ 50.060364, 26.406634 ], [ 50.06053, 26.406455 ], [ 50.067743, 26.410149 ] ] ] } },
{ "type": "Feature", "properties": { "district_id": 10500013014, "city_id": 13, "region_id": 5, "name_ar": "حي المنار", "name_en": "Al Manar Dist." }, "geometry": { "type": "Polygon", "coordinates": [ [ [ 50.03801, 26.35822 ], [ 50.038392, 26.35836 ], [ 50.038772, 26.358507 ], [ 50.039149, 26.35866 ], [ 50.039523, 26.358819 ], [ 50.039894, 26.358985 ], [ 50.040263, 26.359158 ], [ 50.040628, 26.359336 ], [ 50.04099, 26.359522 ], [ 50.041349, 26.359713 ], [ 50.041705, 26.359911 ], [ 50.042057, 26.360115 ], [ 50.042405, 26.360325 ], [ 50.04275, 26.360541 ], [ 50.043091, 26.360763 ], [ 50.043428, 26.360991 ], [ 50.043761, 26.361225 ], [ 50.044089, 26.361464 ], [ 50.044414, 26.361709 ], [ 50.044734, 26.36196 ], [ 50.04505, 26.362217 ], [ 50.045361, 26.362478 ], [ 50.045668, 26.362746 ], [ 50.04597, 26.363018 ], [ 50.046267, 26.363296 ], [ 50.046941, 26.363898 ], [ 50.047619, 26.364495 ], [ 50.048301, 26.365087 ], [ 50.048743, 26.36548 ], [ 50.04919, 26.365867 ], [ 50.049642, 26.366249 ], [ 50.050098, 26.366625 ], [ 50.050558, 26.366996 ], [ 50.051023, 26.367361 ], [ 50.051493, 26.367721 ], [ 50.051966, 26.368075 ], [ 50.052444, 26.368423 ], [ 50.052926, 26.368765 ], [ 50.053412, 26.369102 ], [ 50.053903, 26.369432 ], [ 50.054397, 26.369757 ], [ 50.054895, 26.370076 ], [ 50.055397, 26.370389 ], [ 50.055902, 26.370696 ], [ 50.056411, 26.370996 ], [ 50.056924, 26.371291 ], [ 50.062097, 26.374816 ], [ 50.061205, 26.376043 ], [ 50.042826, 26.397494 ], [ 50.037795, 26.394913 ], [ 50.03643, 26.394188 ], [ 50.035801, 26.393858 ], [ 50.03511, 26.393494 ], [ 50.034332, 26.393036 ], [ 50.033664, 26.392643 ], [ 50.032997, 26.392193 ], [ 50.032325, 26.391764 ], [ 50.031974, 26.391529 ], [ 50.031528, 26.391197 ], [ 50.030986, 26.390776 ], [ 50.030555, 26.390425 ], [ 50.030056, 26.389971 ], [ 50.029579, 26.389589 ], [ 50.028846, 26.388977 ], [ 50.028076, 26.388374 ], [ 50.027435, 26.387892 ], [ 50.025632, 26.386743 ], [ 50.025093, 26.386386 ], [ 50.022689, 26.385101 ], [ 50.021551, 26.384531 ], [ 50.027963, 26.363319 ], [ 50.029202, 26.358986 ], [ 50.030251, 26.354898 ], [ 50.03801, 26.35822 ] ] ] } },
{ "type": "Feature", "properties": { "district_id": 10500013015, "city_id": 13, "region_id": 5, "name_ar": "حي النور", "name_en": "An Nur Dist." }, "geometry": { "type": "Polygon", "coordinates": [ [ [ 50.028895, 26.443142 ], [ 50.028879, 26.443131 ], [ 50.02716, 26.441921 ], [ 50.027121, 26.441892 ], [ 50.025715, 26.440881 ], [ 50.025577, 26.440776 ], [ 50.025478, 26.440701 ], [ 50.022757, 26.438847 ], [ 50.021912, 26.438243 ], [ 50.019102, 26.436232 ], [ 50.018931, 26.43611 ], [ 50.017262, 26.434928 ], [ 50.017127, 26.434821 ], [ 50.016257, 26.434203 ], [ 50.015186, 26.433457 ], [ 50.014784, 26.433226 ], [ 50.014406, 26.433063 ], [ 50.014089, 26.432981 ], [ 50.013876, 26.432964 ], [ 50.013431, 26.432969 ], [ 50.012892, 26.432982 ], [ 50.012624, 26.432999 ], [ 50.012418, 26.433038 ], [ 50.012341, 26.433053 ], [ 50.012087, 26.4331 ], [ 50.011872, 26.433156 ], [ 50.01135, 26.433382 ], [ 50.011073, 26.429427 ], [ 50.010974, 26.42752 ], [ 50.010974, 26.426142 ], [ 50.01104, 26.424896 ], [ 50.011128, 26.423043 ], [ 50.011261, 26.421621 ], [ 50.011437, 26.420176 ], [ 50.011702, 26.418434 ], [ 50.011792, 26.417944 ], [ 50.011831, 26.417734 ], [ 50.01211, 26.416339 ], [ 50.012139, 26.416215 ], [ 50.013679, 26.416676 ], [ 50.014419, 26.416897 ], [ 50.01474, 26.416993 ], [ 50.017954, 26.418226 ], [ 50.017988, 26.418239 ], [ 50.018854, 26.418566 ], [ 50.02047, 26.419197 ], [ 50.020512, 26.419215 ], [ 50.020613, 26.419259 ], [ 50.021703, 26.419729 ], [ 50.023571, 26.420484 ], [ 50.025093, 26.421109 ], [ 50.025136, 26.421127 ], [ 50.025922, 26.421449 ], [ 50.026121, 26.421531 ], [ 50.02697, 26.421857 ], [ 50.027786, 26.42217 ], [ 50.027848, 26.422193 ], [ 50.027912, 26.422217 ], [ 50.028511, 26.422449 ], [ 50.028672, 26.422511 ], [ 50.02919, 26.422723 ], [ 50.029808, 26.42298 ], [ 50.029877, 26.423008 ], [ 50.029953, 26.423043 ], [ 50.030086, 26.4231 ], [ 50.030269, 26.423183 ], [ 50.030532, 26.423309 ], [ 50.030722, 26.423401 ], [ 50.031361, 26.423702 ], [ 50.031547, 26.423789 ], [ 50.031825, 26.423934 ], [ 50.031965, 26.424007 ], [ 50.032819, 26.424461 ], [ 50.034, 26.425108 ], [ 50.035358, 26.425991 ], [ 50.036092, 26.426492 ], [ 50.036687, 26.426893 ], [ 50.038123, 26.427911 ], [ 50.039393, 26.428862 ], [ 50.040472, 26.429718 ], [ 50.039672, 26.43067 ], [ 50.038397, 26.43214 ], [ 50.038072, 26.43252 ], [ 50.035064, 26.436037 ], [ 50.034213, 26.437016 ], [ 50.032041, 26.439512 ], [ 50.03039, 26.441411 ], [ 50.030169, 26.441664 ], [ 50.029256, 26.442706 ], [ 50.02891, 26.443124 ], [ 50.028909, 26.443123 ], [ 50.028895, 26.443142 ] ] ] } },
{ "type": "Feature", "properties": { "district_id": 10500013016, "city_id": 13, "region_id": 5, "name_ar": "حي السلام", "name_en": "As Salam Dist." }, "geometry": { "type": "Polygon", "coordinates": [ [ [ 50.108267, 26.447172 ], [ 50.108297, 26.448013 ], [ 50.108672, 26.456235 ], [ 50.108424, 26.456247 ], [ 50.107472, 26.45625 ], [ 50.106015, 26.456256 ], [ 50.105243, 26.456273 ], [ 50.105072, 26.456294 ], [ 50.104668, 26.456345 ], [ 50.103947, 26.456437 ], [ 50.103334, 26.45653 ], [ 50.102728, 26.456657 ], [ 50.102283, 26.456792 ], [ 50.101876, 26.45692 ], [ 50.101415, 26.45711 ], [ 50.101064, 26.457275 ], [ 50.100739, 26.457416 ], [ 50.099995, 26.457775 ], [ 50.098884, 26.458401 ], [ 50.098013, 26.458712 ], [ 50.09736, 26.458864 ], [ 50.09662, 26.457808 ], [ 50.096567, 26.457517 ], [ 50.09655, 26.448693 ], [ 50.098573, 26.448434 ], [ 50.098852, 26.448384 ], [ 50.105622, 26.446652 ], [ 50.108234, 26.446546 ], [ 50.108267, 26.447172 ] ] ] } },
{ "type": "Feature", "properties": { "district_id": 10500013017, "city_id": 13, "region_id": 5, "name_ar": "حي الزهور", "name_en": "Az Zuhur Dist." }, "geometry": { "type": "Polygon", "coordinates": [ [ [ 50.096567, 26.457517 ], [ 50.09662, 26.457808 ], [ 50.09736, 26.458864 ], [ 50.09727, 26.45889 ], [ 50.096697, 26.458975 ], [ 50.096292, 26.458999 ], [ 50.085836, 26.459005 ], [ 50.083331, 26.459005 ], [ 50.082673, 26.459005 ], [ 50.082357, 26.459005 ], [ 50.082238, 26.459011 ], [ 50.08212, 26.459017 ], [ 50.082003, 26.459028 ], [ 50.081885, 26.459038 ], [ 50.081768, 26.459051 ], [ 50.081585, 26.459075 ], [ 50.081493, 26.459092 ], [ 50.081437, 26.459103 ], [ 50.081402, 26.45911 ], [ 50.081311, 26.459129 ], [ 50.08122, 26.459151 ], [ 50.081137, 26.459172 ], [ 50.081129, 26.458638 ], [ 50.081089, 26.456059 ], [ 50.081069, 26.454963 ], [ 50.08107, 26.454917 ], [ 50.081082, 26.453782 ], [ 50.081074, 26.452825 ], [ 50.081077, 26.45251 ], [ 50.081043, 26.451708 ], [ 50.080993, 26.451354 ], [ 50.080843, 26.450599 ], [ 50.080843, 26.450599 ], [ 50.080767, 26.450269 ], [ 50.080752, 26.450205 ], [ 50.081241, 26.449998 ], [ 50.081349, 26.449944 ], [ 50.081459, 26.449896 ], [ 50.081572, 26.449853 ], [ 50.081686, 26.449816 ], [ 50.081802, 26.449785 ], [ 50.08192, 26.44976 ], [ 50.082039, 26.449741 ], [ 50.082822, 26.449688 ], [ 50.083231, 26.449695 ], [ 50.088679, 26.449807 ], [ 50.089715, 26.449658 ], [ 50.09655, 26.448693 ], [ 50.096567, 26.457517 ] ] ] } },
{ "type": "Feature", "properties": { "district_id": 10500013018, "city_id": 13, "region_id": 5, "name_ar": "حي المريكبات", "name_en": "Al Muraikabat Dist." }, "geometry": { "type": "Polygon", "coordinates": [ [ [ 50.103752, 26.403717 ], [ 50.104071, 26.403856 ], [ 50.105331, 26.404571 ], [ 50.105412, 26.40461 ], [ 50.105886, 26.40487 ], [ 50.106391, 26.405201 ], [ 50.106414, 26.405216 ], [ 50.106671, 26.405463 ], [ 50.106887, 26.405763 ], [ 50.107323, 26.406475 ], [ 50.107347, 26.406514 ], [ 50.107649, 26.407007 ], [ 50.107669, 26.407039 ], [ 50.107996, 26.407573 ], [ 50.108011, 26.407597 ], [ 50.10861, 26.408559 ], [ 50.108642, 26.408611 ], [ 50.108734, 26.408759 ], [ 50.108825, 26.408907 ], [ 50.109385, 26.409804 ], [ 50.109569, 26.410099 ], [ 50.109619, 26.410189 ], [ 50.110318, 26.411268 ], [ 50.110319, 26.41127 ], [ 50.110298, 26.411308 ], [ 50.110005, 26.411847 ], [ 50.109711, 26.412434 ], [ 50.109565, 26.412861 ], [ 50.109433, 26.413265 ], [ 50.109371, 26.413527 ], [ 50.109332, 26.413745 ], [ 50.109299, 26.414018 ], [ 50.109287, 26.414191 ], [ 50.109271, 26.414531 ], [ 50.109283, 26.414763 ], [ 50.109349, 26.415229 ], [ 50.109382, 26.415452 ], [ 50.109416, 26.415653 ], [ 50.10946, 26.415861 ], [ 50.109487, 26.415936 ], [ 50.107992, 26.416613 ], [ 50.108344, 26.417679 ], [ 50.108356, 26.417815 ], [ 50.108391, 26.419833 ], [ 50.108374, 26.420127 ], [ 50.108261, 26.4205 ], [ 50.104914, 26.420498 ], [ 50.093905, 26.42049 ], [ 50.093788, 26.420491 ], [ 50.093672, 26.420485 ], [ 50.093557, 26.420473 ], [ 50.093442, 26.420454 ], [ 50.093328, 26.420429 ], [ 50.093216, 26.420397 ], [ 50.093106, 26.42036 ], [ 50.092999, 26.420316 ], [ 50.092894, 26.420266 ], [ 50.090174, 26.418888 ], [ 50.0903, 26.41875 ], [ 50.090432, 26.418617 ], [ 50.090568, 26.418489 ], [ 50.090708, 26.418366 ], [ 50.090854, 26.418248 ], [ 50.092288, 26.417064 ], [ 50.092528, 26.416882 ], [ 50.092771, 26.416703 ], [ 50.093017, 26.416529 ], [ 50.09429, 26.415703 ], [ 50.0944, 26.41562 ], [ 50.094505, 26.415531 ], [ 50.094606, 26.415437 ], [ 50.094703, 26.415338 ], [ 50.094794, 26.415235 ], [ 50.094881, 26.415128 ], [ 50.094962, 26.415016 ], [ 50.095844, 26.413933 ], [ 50.096792, 26.412468 ], [ 50.097777, 26.410848 ], [ 50.097924, 26.41063 ], [ 50.098076, 26.410415 ], [ 50.098232, 26.410203 ], [ 50.098394, 26.409996 ], [ 50.09856, 26.409792 ], [ 50.100145, 26.407872 ], [ 50.101623, 26.406176 ], [ 50.10325, 26.404299 ], [ 50.103749, 26.403716 ], [ 50.103752, 26.403717 ] ] ] } },
{ "type": "Feature", "properties": { "district_id": 10500013019, "city_id": 13, "region_id": 5, "name_ar": "حي النهضة", "name_en": "An Nahdah Dist." }, "geometry": { "type": "Polygon", "coordinates": [ [ [ 50.147055, 26.366116 ], [ 50.147064, 26.366136 ], [ 50.147236, 26.366545 ], [ 50.147411, 26.366962 ], [ 50.147625, 26.367472 ], [ 50.147757, 26.367857 ], [ 50.147879, 26.368216 ], [ 50.147998, 26.368625 ], [ 50.148094, 26.368959 ], [ 50.148323, 26.369762 ], [ 50.148349, 26.369855 ], [ 50.148349, 26.369856 ], [ 50.148565, 26.370763 ], [ 50.148673, 26.371373 ], [ 50.148863, 26.372777 ], [ 50.14894, 26.373663 ], [ 50.148971, 26.374022 ], [ 50.149021, 26.375254 ], [ 50.14904, 26.376303 ], [ 50.149047, 26.376843 ], [ 50.149051, 26.379713 ], [ 50.149078, 26.380758 ], [ 50.149085, 26.380886 ], [ 50.14913, 26.381674 ], [ 50.149189, 26.382361 ], [ 50.149269, 26.383308 ], [ 50.149421, 26.384617 ], [ 50.149536, 26.385599 ], [ 50.149654, 26.385906 ], [ 50.149649, 26.386333 ], [ 50.149675, 26.386507 ], [ 50.149676, 26.386508 ], [ 50.147007, 26.387589 ], [ 50.145996, 26.387947 ], [ 50.144443, 26.388496 ], [ 50.142471, 26.389194 ], [ 50.141704, 26.389523 ], [ 50.141117, 26.389761 ], [ 50.140941, 26.389864 ], [ 50.140846, 26.389961 ], [ 50.140766, 26.39006 ], [ 50.140316, 26.390814 ], [ 50.140152, 26.391111 ], [ 50.134353, 26.387057 ], [ 50.131725, 26.385338 ], [ 50.134831, 26.3819 ], [ 50.139089, 26.376976 ], [ 50.139311, 26.376577 ], [ 50.139311, 26.376222 ], [ 50.139134, 26.375734 ], [ 50.13586, 26.368869 ], [ 50.136367, 26.368618 ], [ 50.136798, 26.368404 ], [ 50.139087, 26.367325 ], [ 50.140159, 26.366734 ], [ 50.141086, 26.366297 ], [ 50.141262, 26.366224 ], [ 50.141456, 26.366148 ], [ 50.141685, 26.366079 ], [ 50.141906, 26.366032 ], [ 50.142177, 26.365978 ], [ 50.142376, 26.36595 ], [ 50.1427, 26.365898 ], [ 50.143146, 26.365894 ], [ 50.143512, 26.365904 ], [ 50.143703, 26.365942 ], [ 50.143928, 26.365967 ], [ 50.144146, 26.365967 ], [ 50.144397, 26.365927 ], [ 50.144495, 26.365877 ], [ 50.146498, 26.364867 ], [ 50.146652, 26.365187 ], [ 50.147055, 26.366116 ] ] ] } },
{ "type": "Feature", "properties": { "district_id": 10500013020, "city_id": 13, "region_id": 5, "name_ar": "حي ضاحية الملك فهد", "name_en": "Dahiyat Al Malik Fahd Dist." }, "geometry": { "type": "Polygon", "coordinates": [ [ [ 49.988191, 26.371302 ], [ 49.989575, 26.371542 ], [ 49.991584, 26.371999 ], [ 49.993322, 26.372499 ], [ 49.994929, 26.373056 ], [ 49.995868, 26.373419 ], [ 49.996626, 26.373705 ], [ 49.997447, 26.374033 ], [ 49.998653, 26.374495 ], [ 49.999227, 26.374718 ], [ 50.000399, 26.375166 ], [ 50.001242, 26.375491 ], [ 50.003025, 26.376187 ], [ 50.003504, 26.376369 ], [ 50.003525, 26.376378 ], [ 50.004688, 26.376819 ], [ 50.006507, 26.377523 ], [ 50.007659, 26.377968 ], [ 50.009537, 26.378683 ], [ 50.01076, 26.379179 ], [ 50.012231, 26.37984 ], [ 50.012861, 26.380131 ], [ 50.01397, 26.380682 ], [ 50.016654, 26.382037 ], [ 50.018687, 26.383078 ], [ 50.01921, 26.383345 ], [ 50.021318, 26.384418 ], [ 50.021551, 26.384531 ], [ 50.021228, 26.385854 ], [ 50.020931, 26.38684 ], [ 50.020868, 26.387049 ], [ 50.020349, 26.38877 ], [ 50.019411, 26.391817 ], [ 50.01731, 26.39866 ], [ 50.01533, 26.405069 ], [ 50.013945, 26.409721 ], [ 50.013761, 26.410328 ], [ 50.013681, 26.410589 ], [ 50.013406, 26.411496 ], [ 50.012692, 26.414042 ], [ 50.012232, 26.415822 ], [ 50.012139, 26.416215 ], [ 50.01211, 26.416339 ], [ 50.011831, 26.417734 ], [ 50.011792, 26.417944 ], [ 50.011702, 26.418434 ], [ 50.011437, 26.420176 ], [ 50.011261, 26.421621 ], [ 50.011128, 26.423043 ], [ 50.01104, 26.424896 ], [ 50.010974, 26.426142 ], [ 50.010974, 26.42752 ], [ 50.011073, 26.429427 ], [ 50.01135, 26.433382 ], [ 50.011503, 26.43558 ], [ 50.011603, 26.437234 ], [ 50.011713, 26.438778 ], [ 50.011779, 26.439671 ], [ 50.011812, 26.440487 ], [ 50.011845, 26.44116 ], [ 50.011845, 26.441626 ], [ 50.011845, 26.442593 ], [ 50.01179, 26.444831 ], [ 50.011745, 26.445439 ], [ 50.011724, 26.445733 ], [ 50.011691, 26.446177 ], [ 50.011603, 26.446816 ], [ 50.011545, 26.447256 ], [ 50.011492, 26.447654 ], [ 50.011338, 26.448779 ], [ 50.011117, 26.449948 ], [ 50.010938, 26.450831 ], [ 50.010787, 26.45158 ], [ 50.01039, 26.4532 ], [ 50.010125, 26.454204 ], [ 50.009855, 26.455035 ], [ 50.009816, 26.455152 ], [ 50.009607, 26.455748 ], [ 50.009599, 26.455792 ], [ 50.009342, 26.456542 ], [ 50.008978, 26.457446 ], [ 50.008704, 26.458157 ], [ 50.008681, 26.458218 ], [ 50.00835, 26.458978 ], [ 50.008138, 26.459445 ], [ 50.008075, 26.459584 ], [ 50.007892, 26.459991 ], [ 50.007788, 26.460205 ], [ 50.007503, 26.460769 ], [ 50.007138, 26.461469 ], [ 50.006741, 26.462188 ], [ 50.006411, 26.462789 ], [ 50.006157, 26.463257 ], [ 50.005865, 26.463794 ], [ 50.005841, 26.463847 ], [ 50.005397, 26.464521 ], [ 50.005242, 26.46474 ], [ 50.00507, 26.465023 ], [ 50.0049, 26.46528 ], [ 50.00469, 26.465604 ], [ 50.004259, 26.466252 ], [ 50.00402, 26.466597 ], [ 50.003843, 26.466853 ], [ 50.003717, 26.467034 ], [ 50.003445, 26.46739 ], [ 50.003244, 26.467653 ], [ 50.00307, 26.467881 ], [ 50.002838, 26.468179 ], [ 50.002694, 26.468371 ], [ 50.002407, 26.468745 ], [ 50.001823, 26.469426 ], [ 50.001461, 26.469858 ], [ 50.001295, 26.470062 ], [ 49.996818, 26.46843 ], [ 49.989544, 26.46583 ], [ 49.982128, 26.463047 ], [ 49.972179, 26.459579 ], [ 49.967751, 26.457973 ], [ 49.967934, 26.457237 ], [ 49.968031, 26.456842 ], [ 49.96847, 26.45506 ], [ 49.96856, 26.454686 ], [ 49.968692, 26.454149 ], [ 49.968831, 26.453597 ], [ 49.968892, 26.453353 ], [ 49.96899, 26.452952 ], [ 49.96906, 26.452685 ], [ 49.969121, 26.452443 ], [ 49.969168, 26.452247 ], [ 49.969233, 26.451989 ], [ 49.969285, 26.451775 ], [ 49.969389, 26.451363 ], [ 49.969505, 26.450902 ], [ 49.969716, 26.450059 ], [ 49.969844, 26.449547 ], [ 49.970001, 26.448917 ], [ 49.970398, 26.447191 ], [ 49.970708, 26.445828 ], [ 49.97085, 26.445212 ], [ 49.971168, 26.443821 ], [ 49.971431, 26.442705 ], [ 49.971662, 26.441723 ], [ 49.972127, 26.43976 ], [ 49.972256, 26.439217 ], [ 49.972912, 26.436318 ], [ 49.973482, 26.433785 ], [ 49.973795, 26.432402 ], [ 49.974469, 26.42941 ], [ 49.974626, 26.42871 ], [ 49.975578, 26.424706 ], [ 49.977015, 26.419634 ], [ 49.978411, 26.413193 ], [ 49.979537, 26.407608 ], [ 49.980596, 26.403171 ], [ 49.987967, 26.371269 ], [ 49.988191, 26.371302 ] ] ] } },
{ "type": "Feature", "properties": { "district_id": 10500013021, "city_id": 13, "region_id": 5, "name_ar": "حي السيف", "name_en": "As Saif Dist." }, "geometry": { "type": "Polygon", "coordinates": [ [ [ 50.234236, 26.385686 ], [ 50.222433, 26.405934 ], [ 50.206599, 26.398065 ], [ 50.189159, 26.389594 ], [ 50.18995, 26.388271 ], [ 50.190788, 26.386902 ], [ 50.192043, 26.384902 ], [ 50.193282, 26.382849 ], [ 50.194148, 26.381582 ], [ 50.195054, 26.380182 ], [ 50.19534, 26.379738 ], [ 50.196236, 26.378166 ], [ 50.197283, 26.376594 ], [ 50.198128, 26.375467 ], [ 50.19833, 26.375198 ], [ 50.234236, 26.385686 ] ] ] } },
{ "type": "Feature", "properties": { "district_id": 10500013022, "city_id": 13, "region_id": 5, "name_ar": "حي الصناعية", "name_en": "As Sinaiyah Dist." }, "geometry": { "type": "Polygon", "coordinates": [ [ [ 50.008227, 26.459249 ], [ 50.00835, 26.458978 ], [ 50.008681, 26.458218 ], [ 50.008704, 26.458157 ], [ 50.008978, 26.457446 ], [ 50.009342, 26.456542 ], [ 50.009599, 26.455792 ], [ 50.009607, 26.455748 ], [ 50.009816, 26.455152 ], [ 50.009855, 26.455035 ], [ 50.010125, 26.454204 ], [ 50.01039, 26.4532 ], [ 50.010787, 26.45158 ], [ 50.010938, 26.450831 ], [ 50.011117, 26.449948 ], [ 50.011338, 26.448779 ], [ 50.011492, 26.447654 ], [ 50.011545, 26.447256 ], [ 50.011603, 26.446816 ], [ 50.011691, 26.446177 ], [ 50.011724, 26.445733 ], [ 50.011745, 26.445439 ], [ 50.01179, 26.444831 ], [ 50.011845, 26.442593 ], [ 50.011845, 26.441626 ], [ 50.011845, 26.44116 ], [ 50.011812, 26.440487 ], [ 50.011779, 26.439671 ], [ 50.011713, 26.438778 ], [ 50.011603, 26.437234 ], [ 50.011503, 26.43558 ], [ 50.01135, 26.433382 ], [ 50.011872, 26.433156 ], [ 50.012087, 26.4331 ], [ 50.012341, 26.433053 ], [ 50.012418, 26.433038 ], [ 50.012624, 26.432999 ], [ 50.012892, 26.432982 ], [ 50.013431, 26.432969 ], [ 50.013876, 26.432964 ], [ 50.014089, 26.432981 ], [ 50.014406, 26.433063 ], [ 50.014784, 26.433226 ], [ 50.015186, 26.433457 ], [ 50.016257, 26.434203 ], [ 50.017127, 26.434821 ], [ 50.017262, 26.434928 ], [ 50.018931, 26.43611 ], [ 50.019102, 26.436232 ], [ 50.021912, 26.438243 ], [ 50.022757, 26.438847 ], [ 50.025478, 26.440701 ], [ 50.025577, 26.440776 ], [ 50.025715, 26.440881 ], [ 50.027121, 26.441892 ], [ 50.02716, 26.441921 ], [ 50.028879, 26.443131 ], [ 50.028895, 26.443142 ], [ 50.028909, 26.443123 ], [ 50.039796, 26.450573 ], [ 50.037055, 26.453052 ], [ 50.03664, 26.453428 ], [ 50.033897, 26.455919 ], [ 50.029745, 26.459653 ], [ 50.029474, 26.459899 ], [ 50.028978, 26.46034 ], [ 50.02839, 26.46088 ], [ 50.02835, 26.460919 ], [ 50.0282, 26.46106 ], [ 50.027658, 26.461539 ], [ 50.026939, 26.462195 ], [ 50.02636, 26.462722 ], [ 50.026344, 26.462738 ], [ 50.025732, 26.463291 ], [ 50.025214, 26.463755 ], [ 50.024614, 26.464308 ], [ 50.02426, 26.464628 ], [ 50.023643, 26.465184 ], [ 50.023504, 26.465312 ], [ 50.023474, 26.465339 ], [ 50.023005, 26.46576 ], [ 50.022533, 26.466185 ], [ 50.022284, 26.466411 ], [ 50.021781, 26.466866 ], [ 50.021373, 26.467238 ], [ 50.021032, 26.467543 ], [ 50.020454, 26.468063 ], [ 50.020431, 26.468045 ], [ 50.020437, 26.468078 ], [ 50.020436, 26.468079 ], [ 50.012787, 26.462335 ], [ 50.012488, 26.462155 ], [ 50.012045, 26.461967 ], [ 50.011835, 26.461882 ], [ 50.009044, 26.459784 ], [ 50.008227, 26.459249 ] ] ] } },
{ "type": "Feature", "properties": { "district_id": 10500013023, "city_id": 13, "region_id": 5, "name_ar": "حي احد", "name_en": "Uhud Dist." }, "geometry": { "type": "Polygon", "coordinates": [ [ [ 50.06053, 26.406455 ], [ 50.060364, 26.406634 ], [ 50.058096, 26.409291 ], [ 50.056504, 26.411134 ], [ 50.055055, 26.412842 ], [ 50.054126, 26.413873 ], [ 50.053397, 26.414729 ], [ 50.052171, 26.416129 ], [ 50.051165, 26.417297 ], [ 50.04862, 26.42027 ], [ 50.047057, 26.422059 ], [ 50.046281, 26.422918 ], [ 50.044398, 26.425109 ], [ 50.043905, 26.425663 ], [ 50.04374, 26.425849 ], [ 50.04204, 26.427851 ], [ 50.040472, 26.429718 ], [ 50.039393, 26.428862 ], [ 50.038123, 26.427911 ], [ 50.036687, 26.426893 ], [ 50.036092, 26.426492 ], [ 50.035358, 26.425991 ], [ 50.034, 26.425108 ], [ 50.032819, 26.424461 ], [ 50.031965, 26.424007 ], [ 50.031825, 26.423934 ], [ 50.031547, 26.423789 ], [ 50.031361, 26.423702 ], [ 50.030722, 26.423401 ], [ 50.030532, 26.423309 ], [ 50.030269, 26.423183 ], [ 50.030086, 26.4231 ], [ 50.029953, 26.423043 ], [ 50.029877, 26.423008 ], [ 50.029808, 26.42298 ], [ 50.02919, 26.422723 ], [ 50.028672, 26.422511 ], [ 50.028511, 26.422449 ], [ 50.027912, 26.422217 ], [ 50.027848, 26.422193 ], [ 50.027786, 26.42217 ], [ 50.02697, 26.421857 ], [ 50.026121, 26.421531 ], [ 50.025922, 26.421449 ], [ 50.027222, 26.419627 ], [ 50.028495, 26.417844 ], [ 50.028973, 26.417174 ], [ 50.029522, 26.41636 ], [ 50.02979, 26.415963 ], [ 50.030939, 26.414328 ], [ 50.031831, 26.413058 ], [ 50.031987, 26.412835 ], [ 50.032606, 26.41197 ], [ 50.033707, 26.410429 ], [ 50.034064, 26.409929 ], [ 50.035563, 26.407832 ], [ 50.035635, 26.407727 ], [ 50.03595, 26.407268 ], [ 50.035972, 26.407237 ], [ 50.036225, 26.406875 ], [ 50.037602, 26.404904 ], [ 50.037617, 26.404883 ], [ 50.037645, 26.404842 ], [ 50.038503, 26.403613 ], [ 50.038684, 26.403354 ], [ 50.038729, 26.40329 ], [ 50.039273, 26.402507 ], [ 50.039358, 26.402408 ], [ 50.039795, 26.401791 ], [ 50.039868, 26.401688 ], [ 50.040689, 26.40053 ], [ 50.040735, 26.400465 ], [ 50.040896, 26.400237 ], [ 50.041682, 26.399129 ], [ 50.042097, 26.398535 ], [ 50.04217, 26.39843 ], [ 50.042826, 26.397494 ], [ 50.06053, 26.406455 ] ] ] } },
{ "type": "Feature", "properties": { "district_id": 10500013024, "city_id": 13, "region_id": 5, "name_ar": "حي بدر", "name_en": "Badr Dist." }, "geometry": { "type": "Polygon", "coordinates": [ [ [ 50.022689, 26.385101 ], [ 50.025093, 26.386386 ], [ 50.025632, 26.386743 ], [ 50.027433, 26.387891 ], [ 50.028076, 26.388374 ], [ 50.028845, 26.388977 ], [ 50.029579, 26.38959 ], [ 50.030056, 26.389972 ], [ 50.030554, 26.390424 ], [ 50.030986, 26.390776 ], [ 50.031528, 26.391198 ], [ 50.031976, 26.391529 ], [ 50.032326, 26.391763 ], [ 50.032995, 26.392194 ], [ 50.033664, 26.392643 ], [ 50.034334, 26.393035 ], [ 50.035108, 26.393494 ], [ 50.0358, 26.393857 ], [ 50.036431, 26.394189 ], [ 50.037795, 26.394913 ], [ 50.042826, 26.397494 ], [ 50.04217, 26.39843 ], [ 50.042097, 26.398535 ], [ 50.041682, 26.399129 ], [ 50.040896, 26.400237 ], [ 50.040735, 26.400465 ], [ 50.040689, 26.40053 ], [ 50.039868, 26.401688 ], [ 50.039795, 26.401791 ], [ 50.039358, 26.402408 ], [ 50.039273, 26.402507 ], [ 50.038729, 26.40329 ], [ 50.038684, 26.403354 ], [ 50.038503, 26.403613 ], [ 50.037645, 26.404842 ], [ 50.037617, 26.404883 ], [ 50.037602, 26.404904 ], [ 50.036225, 26.406875 ], [ 50.035972, 26.407237 ], [ 50.03595, 26.407268 ], [ 50.035635, 26.407727 ], [ 50.035563, 26.407832 ], [ 50.034064, 26.409929 ], [ 50.033707, 26.410429 ], [ 50.032606, 26.41197 ], [ 50.031987, 26.412835 ], [ 50.031831, 26.413058 ], [ 50.030939, 26.414328 ], [ 50.02979, 26.415963 ], [ 50.029522, 26.41636 ], [ 50.028973, 26.417174 ], [ 50.028495, 26.417844 ], [ 50.027222, 26.419627 ], [ 50.025922, 26.421449 ], [ 50.025136, 26.421127 ], [ 50.025093, 26.421109 ], [ 50.023571, 26.420484 ], [ 50.021703, 26.419729 ], [ 50.020613, 26.419259 ], [ 50.020512, 26.419215 ], [ 50.02047, 26.419197 ], [ 50.018854, 26.418566 ], [ 50.017988, 26.418239 ], [ 50.017954, 26.418226 ], [ 50.01474, 26.416993 ], [ 50.014419, 26.416897 ], [ 50.013679, 26.416676 ], [ 50.012139, 26.416215 ], [ 50.012232, 26.415822 ], [ 50.012692, 26.414042 ], [ 50.013406, 26.411496 ], [ 50.013681, 26.410589 ], [ 50.013761, 26.410328 ], [ 50.013945, 26.409721 ], [ 50.01533, 26.405069 ], [ 50.01731, 26.39866 ], [ 50.019411, 26.391817 ], [ 50.020349, 26.38877 ], [ 50.020868, 26.387049 ], [ 50.020931, 26.38684 ], [ 50.021228, 26.385854 ], [ 50.021551, 26.384531 ], [ 50.022689, 26.385101 ] ] ] } },
{ "type": "Feature", "properties": { "district_id": 10500013025, "city_id": 13, "region_id": 5, "name_ar": "حي الخليج", "name_en": "Al Khalij Dist." }, "geometry": { "type": "Polygon", "coordinates": [ [ [ 50.082039, 26.449741 ], [ 50.08192, 26.44976 ], [ 50.081802, 26.449785 ], [ 50.081686, 26.449816 ], [ 50.081572, 26.449853 ], [ 50.081459, 26.449896 ], [ 50.081349, 26.449944 ], [ 50.081241, 26.449998 ], [ 50.080752, 26.450205 ], [ 50.080704, 26.449999 ], [ 50.080701, 26.449997 ], [ 50.080702, 26.449997 ], [ 50.080667, 26.449921 ], [ 50.080649, 26.449868 ], [ 50.080633, 26.449808 ], [ 50.080613, 26.449689 ], [ 50.080598, 26.449589 ], [ 50.08059, 26.449481 ], [ 50.080586, 26.447068 ], [ 50.080586, 26.447067 ], [ 50.080585, 26.445736 ], [ 50.080548, 26.445281 ], [ 50.080574, 26.445135 ], [ 50.080609, 26.444881 ], [ 50.080634, 26.444626 ], [ 50.080647, 26.444454 ], [ 50.080671, 26.444277 ], [ 50.080719, 26.444115 ], [ 50.08079, 26.443923 ], [ 50.080879, 26.443704 ], [ 50.080978, 26.443517 ], [ 50.081208, 26.443107 ], [ 50.081396, 26.4428 ], [ 50.081563, 26.442554 ], [ 50.081669, 26.442366 ], [ 50.081693, 26.442314 ], [ 50.081711, 26.442277 ], [ 50.094232, 26.443341 ], [ 50.095216, 26.443372 ], [ 50.096571, 26.443399 ], [ 50.09655, 26.448693 ], [ 50.089715, 26.449658 ], [ 50.088679, 26.449807 ], [ 50.083231, 26.449695 ], [ 50.082822, 26.449688 ], [ 50.082039, 26.449741 ] ] ] } },
{ "type": "Feature", "properties": { "district_id": 10500013026, "city_id": 13, "region_id": 5, "name_ar": "حي الروضة", "name_en": "Ar Rawdah Dist." }, "geometry": { "type": "Polygon", "coordinates": [ [ [ 50.093581, 26.389186 ], [ 50.092403, 26.391346 ], [ 50.092323, 26.391476 ], [ 50.091583, 26.392639 ], [ 50.091514, 26.392757 ], [ 50.091217, 26.393229 ], [ 50.091106, 26.393402 ], [ 50.090988, 26.393593 ], [ 50.090892, 26.393742 ], [ 50.090831, 26.393841 ], [ 50.089801, 26.395473 ], [ 50.089496, 26.395973 ], [ 50.08913, 26.396373 ], [ 50.082646, 26.406763 ], [ 50.082641, 26.40677 ], [ 50.077494, 26.415016 ], [ 50.07617, 26.414389 ], [ 50.076147, 26.414377 ], [ 50.075979, 26.414294 ], [ 50.075603, 26.414101 ], [ 50.07418, 26.413373 ], [ 50.073311, 26.412928 ], [ 50.072525, 26.412526 ], [ 50.071198, 26.411876 ], [ 50.069082, 26.41084 ], [ 50.068425, 26.410503 ], [ 50.068075, 26.41032 ], [ 50.0679, 26.410229 ], [ 50.067743, 26.410149 ], [ 50.081628, 26.3887 ], [ 50.081773, 26.388476 ], [ 50.08233, 26.388511 ], [ 50.084046, 26.388585 ], [ 50.084889, 26.388606 ], [ 50.085369, 26.388609 ], [ 50.08585, 26.388603 ], [ 50.08633, 26.38859 ], [ 50.08681, 26.388571 ], [ 50.087289, 26.388542 ], [ 50.087768, 26.388507 ], [ 50.088246, 26.388465 ], [ 50.088723, 26.388414 ], [ 50.089199, 26.388356 ], [ 50.089674, 26.388291 ], [ 50.090147, 26.388218 ], [ 50.090619, 26.388137 ], [ 50.09109, 26.38805 ], [ 50.091559, 26.387956 ], [ 50.092025, 26.387853 ], [ 50.09249, 26.387743 ], [ 50.092952, 26.387626 ], [ 50.093413, 26.387502 ], [ 50.09387, 26.38737 ], [ 50.094325, 26.387231 ], [ 50.094779, 26.387091 ], [ 50.094918, 26.387019 ], [ 50.093581, 26.389186 ] ] ] } },
{ "type": "Feature", "properties": { "district_id": 10500013027, "city_id": 13, "region_id": 5, "name_ar": "حي طيبة", "name_en": "Taibah Dist." }, "geometry": { "type": "Polygon", "coordinates": [ [ [ 50.071855, 26.363158 ], [ 50.07164, 26.363433 ], [ 50.063476, 26.372951 ], [ 50.063105, 26.373387 ], [ 50.062784, 26.373831 ], [ 50.062462, 26.374281 ], [ 50.062097, 26.374816 ], [ 50.056924, 26.371291 ], [ 50.056411, 26.370996 ], [ 50.055902, 26.370696 ], [ 50.055397, 26.370389 ], [ 50.054895, 26.370076 ], [ 50.054397, 26.369757 ], [ 50.053903, 26.369432 ], [ 50.053412, 26.369102 ], [ 50.052926, 26.368765 ], [ 50.052444, 26.368423 ], [ 50.051966, 26.368075 ], [ 50.051493, 26.367721 ], [ 50.051023, 26.367361 ], [ 50.050558, 26.366996 ], [ 50.050098, 26.366625 ], [ 50.049642, 26.366249 ], [ 50.04919, 26.365867 ], [ 50.048743, 26.36548 ], [ 50.048301, 26.365087 ], [ 50.047619, 26.364495 ], [ 50.046941, 26.363898 ], [ 50.046267, 26.363296 ], [ 50.04597, 26.363018 ], [ 50.045668, 26.362746 ], [ 50.045361, 26.362478 ], [ 50.04505, 26.362217 ], [ 50.044734, 26.36196 ], [ 50.044414, 26.361709 ], [ 50.044089, 26.361464 ], [ 50.043761, 26.361225 ], [ 50.043428, 26.360991 ], [ 50.043091, 26.360763 ], [ 50.04275, 26.360541 ], [ 50.042405, 26.360325 ], [ 50.042057, 26.360115 ], [ 50.041705, 26.359911 ], [ 50.041349, 26.359713 ], [ 50.04099, 26.359522 ], [ 50.040628, 26.359336 ], [ 50.040263, 26.359158 ], [ 50.039894, 26.358985 ], [ 50.039523, 26.358819 ], [ 50.039149, 26.35866 ], [ 50.038772, 26.358507 ], [ 50.038392, 26.35836 ], [ 50.03801, 26.35822 ], [ 50.030251, 26.354898 ], [ 50.031144, 26.351143 ], [ 50.031838, 26.347767 ], [ 50.033494, 26.339242 ], [ 50.033562, 26.339283 ], [ 50.043521, 26.345291 ], [ 50.052319, 26.350922 ], [ 50.071855, 26.363158 ] ] ] } },
{ "type": "Feature", "properties": { "district_id": 10500013028, "city_id": 13, "region_id": 5, "name_ar": "حي الجامعيين", "name_en": "Al Jamiyin Dist." }, "geometry": { "type": "Polygon", "coordinates": [ [ [ 50.104587, 26.400766 ], [ 50.10459, 26.400921 ], [ 50.104599, 26.401075 ], [ 50.104614, 26.401228 ], [ 50.104635, 26.401381 ], [ 50.104661, 26.401533 ], [ 50.104693, 26.401684 ], [ 50.104706, 26.401792 ], [ 50.104712, 26.4019 ], [ 50.104711, 26.402009 ], [ 50.104704, 26.402117 ], [ 50.10469, 26.402225 ], [ 50.10467, 26.402332 ], [ 50.104643, 26.402437 ], [ 50.10461, 26.40254 ], [ 50.10457, 26.402641 ], [ 50.104524, 26.40274 ], [ 50.104472, 26.402835 ], [ 50.104415, 26.402928 ], [ 50.104352, 26.403016 ], [ 50.103749, 26.403715 ], [ 50.102638, 26.403229 ], [ 50.102624, 26.403222 ], [ 50.102531, 26.403176 ], [ 50.102462, 26.403141 ], [ 50.101768, 26.40279 ], [ 50.101731, 26.402771 ], [ 50.096935, 26.400341 ], [ 50.096244, 26.39999 ], [ 50.09489, 26.399305 ], [ 50.091671, 26.397673 ], [ 50.090152, 26.396894 ], [ 50.08913, 26.396373 ], [ 50.089496, 26.395973 ], [ 50.089801, 26.395473 ], [ 50.090831, 26.393841 ], [ 50.090892, 26.393742 ], [ 50.090988, 26.393593 ], [ 50.091106, 26.393402 ], [ 50.091217, 26.393229 ], [ 50.091514, 26.392757 ], [ 50.091583, 26.392639 ], [ 50.092323, 26.391476 ], [ 50.092403, 26.391346 ], [ 50.093581, 26.389186 ], [ 50.094918, 26.387019 ], [ 50.096308, 26.386286 ], [ 50.096334, 26.386273 ], [ 50.096511, 26.386179 ], [ 50.096522, 26.386172 ], [ 50.096531, 26.386179 ], [ 50.096782, 26.386039 ], [ 50.097031, 26.385893 ], [ 50.097277, 26.385746 ], [ 50.097291, 26.385737 ], [ 50.097519, 26.385592 ], [ 50.097847, 26.385375 ], [ 50.097984, 26.385283 ], [ 50.098367, 26.385037 ], [ 50.09903, 26.384613 ], [ 50.099287, 26.38445 ], [ 50.099681, 26.384186 ], [ 50.099693, 26.384179 ], [ 50.099713, 26.384202 ], [ 50.100337, 26.383779 ], [ 50.100323, 26.383759 ], [ 50.100428, 26.383687 ], [ 50.100533, 26.383615 ], [ 50.100641, 26.383548 ], [ 50.100749, 26.383481 ], [ 50.100859, 26.383417 ], [ 50.10097, 26.383352 ], [ 50.101082, 26.383292 ], [ 50.101195, 26.383231 ], [ 50.10131, 26.383173 ], [ 50.101426, 26.383118 ], [ 50.101542, 26.383064 ], [ 50.10166, 26.383011 ], [ 50.101779, 26.38296 ], [ 50.101899, 26.382911 ], [ 50.102019, 26.382864 ], [ 50.102141, 26.38282 ], [ 50.102263, 26.382778 ], [ 50.102386, 26.382736 ], [ 50.10251, 26.382698 ], [ 50.102644, 26.382656 ], [ 50.10266, 26.382667 ], [ 50.103031, 26.382573 ], [ 50.103973, 26.382385 ], [ 50.104081, 26.385619 ], [ 50.104587, 26.400766 ] ] ] } },
{ "type": "Feature", "properties": { "district_id": 10500013029, "city_id": 13, "region_id": 5, "name_ar": "حي الريان", "name_en": "Ar Rayyan Dist." }, "geometry": { "type": "Polygon", "coordinates": [ [ [ 50.090152, 26.396894 ], [ 50.091671, 26.397673 ], [ 50.09489, 26.399305 ], [ 50.096244, 26.39999 ], [ 50.096935, 26.400341 ], [ 50.101731, 26.402771 ], [ 50.101768, 26.40279 ], [ 50.102462, 26.403141 ], [ 50.102531, 26.403176 ], [ 50.102624, 26.403222 ], [ 50.102638, 26.403229 ], [ 50.103749, 26.403716 ], [ 50.10325, 26.404299 ], [ 50.101623, 26.406176 ], [ 50.100145, 26.407872 ], [ 50.09856, 26.409792 ], [ 50.098394, 26.409996 ], [ 50.098232, 26.410203 ], [ 50.098076, 26.410415 ], [ 50.097924, 26.41063 ], [ 50.097777, 26.410848 ], [ 50.096792, 26.412468 ], [ 50.095844, 26.413933 ], [ 50.095292, 26.413299 ], [ 50.095219, 26.41322 ], [ 50.095141, 26.413146 ], [ 50.095059, 26.413076 ], [ 50.094974, 26.41301 ], [ 50.094885, 26.412949 ], [ 50.094793, 26.412894 ], [ 50.094698, 26.412843 ], [ 50.0946, 26.412797 ], [ 50.082646, 26.406763 ], [ 50.08913, 26.396373 ], [ 50.090152, 26.396894 ] ] ] } },
{ "type": "Feature", "properties": { "district_id": 10500013030, "city_id": 13, "region_id": 5, "name_ar": "حي القادسية", "name_en": "Al Qadisiyah Dist." }, "geometry": { "type": "Polygon", "coordinates": [ [ [ 50.0679, 26.410229 ], [ 50.068075, 26.41032 ], [ 50.068425, 26.410503 ], [ 50.069082, 26.41084 ], [ 50.071198, 26.411876 ], [ 50.072525, 26.412526 ], [ 50.073311, 26.412928 ], [ 50.07418, 26.413373 ], [ 50.075603, 26.414101 ], [ 50.075979, 26.414294 ], [ 50.076147, 26.414377 ], [ 50.07617, 26.414389 ], [ 50.077494, 26.415016 ], [ 50.077274, 26.415547 ], [ 50.077218, 26.41564 ], [ 50.076989, 26.416019 ], [ 50.076898, 26.41617 ], [ 50.076843, 26.416261 ], [ 50.076568, 26.416716 ], [ 50.07623, 26.417276 ], [ 50.076196, 26.417332 ], [ 50.075996, 26.417664 ], [ 50.075488, 26.418472 ], [ 50.075355, 26.418685 ], [ 50.07534, 26.418708 ], [ 50.075201, 26.418929 ], [ 50.074998, 26.419248 ], [ 50.074962, 26.419309 ], [ 50.074916, 26.419383 ], [ 50.074761, 26.419632 ], [ 50.074496, 26.42004 ], [ 50.07426, 26.420413 ], [ 50.074148, 26.420589 ], [ 50.07331, 26.421921 ], [ 50.073122, 26.42222 ], [ 50.072482, 26.423273 ], [ 50.072181, 26.423775 ], [ 50.072083, 26.423938 ], [ 50.071564, 26.424744 ], [ 50.071435, 26.424945 ], [ 50.071406, 26.424991 ], [ 50.070736, 26.426019 ], [ 50.070681, 26.426103 ], [ 50.070308, 26.426673 ], [ 50.069944, 26.426495 ], [ 50.066954, 26.424922 ], [ 50.065506, 26.424161 ], [ 50.063328, 26.423015 ], [ 50.062762, 26.422724 ], [ 50.062143, 26.422406 ], [ 50.061848, 26.422255 ], [ 50.061318, 26.421974 ], [ 50.061527, 26.42158 ], [ 50.061825, 26.420934 ], [ 50.06298, 26.418574 ], [ 50.063403, 26.417704 ], [ 50.064272, 26.415953 ], [ 50.064633, 26.415295 ], [ 50.065029, 26.414575 ], [ 50.065167, 26.414326 ], [ 50.065455, 26.413869 ], [ 50.067743, 26.410149 ], [ 50.0679, 26.410229 ] ] ] } },
{ "type": "Feature", "properties": { "district_id": 10500013031, "city_id": 13, "region_id": 5, "name_ar": "حي غرناطة", "name_en": "Ghirnatah Dist." }, "geometry": { "type": "Polygon", "coordinates": [ [ [ 50.088897, 26.42084 ], [ 50.088632, 26.42143 ], [ 50.087929, 26.422599 ], [ 50.087609, 26.423089 ], [ 50.08693, 26.424185 ], [ 50.086716, 26.424523 ], [ 50.086361, 26.425087 ], [ 50.086301, 26.425182 ], [ 50.086025, 26.425637 ], [ 50.085597, 26.426337 ], [ 50.085412, 26.426636 ], [ 50.085415, 26.427387 ], [ 50.085436, 26.428869 ], [ 50.085451, 26.429965 ], [ 50.085461, 26.430763 ], [ 50.085465, 26.430986 ], [ 50.085466, 26.431106 ], [ 50.085473, 26.43162 ], [ 50.085474, 26.431692 ], [ 50.085481, 26.432214 ], [ 50.085491, 26.432929 ], [ 50.085492, 26.432988 ], [ 50.085478, 26.433099 ], [ 50.085458, 26.433207 ], [ 50.085442, 26.433275 ], [ 50.085211, 26.433916 ], [ 50.085165, 26.434026 ], [ 50.08509, 26.433987 ], [ 50.08401, 26.433473 ], [ 50.083394, 26.43318 ], [ 50.082865, 26.432928 ], [ 50.082641, 26.432821 ], [ 50.082327, 26.432672 ], [ 50.081874, 26.432456 ], [ 50.081779, 26.432411 ], [ 50.081441, 26.43225 ], [ 50.081254, 26.43216 ], [ 50.080992, 26.43203 ], [ 50.080336, 26.431702 ], [ 50.07892, 26.430995 ], [ 50.077512, 26.430292 ], [ 50.076451, 26.429704 ], [ 50.075822, 26.429359 ], [ 50.075177, 26.42903 ], [ 50.075145, 26.429014 ], [ 50.074558, 26.428736 ], [ 50.073849, 26.428395 ], [ 50.073251, 26.428107 ], [ 50.072806, 26.427892 ], [ 50.071619, 26.427312 ], [ 50.070308, 26.426673 ], [ 50.070681, 26.426103 ], [ 50.070736, 26.426019 ], [ 50.071406, 26.424991 ], [ 50.071435, 26.424945 ], [ 50.071564, 26.424744 ], [ 50.072083, 26.423938 ], [ 50.072181, 26.423775 ], [ 50.072482, 26.423273 ], [ 50.073122, 26.42222 ], [ 50.07331, 26.421921 ], [ 50.074148, 26.420589 ], [ 50.07426, 26.420413 ], [ 50.074496, 26.42004 ], [ 50.074761, 26.419632 ], [ 50.074916, 26.419383 ], [ 50.074962, 26.419309 ], [ 50.074998, 26.419248 ], [ 50.075201, 26.418929 ], [ 50.07534, 26.418708 ], [ 50.075355, 26.418685 ], [ 50.075488, 26.418472 ], [ 50.075996, 26.417664 ], [ 50.076196, 26.417332 ], [ 50.07623, 26.417276 ], [ 50.076568, 26.416716 ], [ 50.076843, 26.416261 ], [ 50.076898, 26.41617 ], [ 50.076989, 26.416019 ], [ 50.077218, 26.41564 ], [ 50.077274, 26.415547 ], [ 50.077494, 26.415016 ], [ 50.088897, 26.42084 ] ] ] } },
{ "type": "Feature", "properties": { "district_id": 10500013032, "city_id": 13, "region_id": 5, "name_ar": "حي العدامة", "name_en": "Al Adamah Dist." }, "geometry": { "type": "Polygon", "coordinates": [ [ [ 50.096557, 26.432983 ], [ 50.096547, 26.424701 ], [ 50.097795, 26.425363 ], [ 50.098908, 26.425953 ], [ 50.099167, 26.426055 ], [ 50.100062, 26.426488 ], [ 50.1005, 26.426701 ], [ 50.101123, 26.427007 ], [ 50.101163, 26.427027 ], [ 50.101711, 26.427293 ], [ 50.102287, 26.427574 ], [ 50.103374, 26.428106 ], [ 50.104455, 26.428629 ], [ 50.104515, 26.428648 ], [ 50.104565, 26.428654 ], [ 50.10458, 26.428655 ], [ 50.105207, 26.428641 ], [ 50.105815, 26.428636 ], [ 50.106488, 26.428646 ], [ 50.107159, 26.428655 ], [ 50.107577, 26.428655 ], [ 50.107754, 26.428633 ], [ 50.107835, 26.428623 ], [ 50.107832, 26.428874 ], [ 50.107823, 26.429476 ], [ 50.107816, 26.429878 ], [ 50.107812, 26.430072 ], [ 50.107804, 26.430435 ], [ 50.107783, 26.431054 ], [ 50.107793, 26.43292 ], [ 50.107798, 26.433851 ], [ 50.107801, 26.434802 ], [ 50.107805, 26.436629 ], [ 50.10781, 26.438281 ], [ 50.10781, 26.438501 ], [ 50.100875, 26.438507 ], [ 50.096564, 26.438574 ], [ 50.096557, 26.432983 ] ] ] } },
{ "type": "Feature", "properties": { "district_id": 10500013033, "city_id": 13, "region_id": 5, "name_ar": "حي الامير محمد بن سعود", "name_en": "Prince Muhammed Ibn Saud Dist." }, "geometry": { "type": "Polygon", "coordinates": [ [ [ 50.115317, 26.425482 ], [ 50.115962, 26.426476 ], [ 50.116037, 26.426592 ], [ 50.117064, 26.428176 ], [ 50.117349, 26.428616 ], [ 50.117643, 26.429056 ], [ 50.117761, 26.429299 ], [ 50.117863, 26.429546 ], [ 50.117939, 26.429759 ], [ 50.117972, 26.42995 ], [ 50.117992, 26.430144 ], [ 50.118005, 26.430463 ], [ 50.118005, 26.430465 ], [ 50.11801, 26.430574 ], [ 50.118007, 26.431119 ], [ 50.118008, 26.431274 ], [ 50.11801, 26.431578 ], [ 50.118013, 26.432021 ], [ 50.118022, 26.433157 ], [ 50.118027, 26.433737 ], [ 50.118027, 26.433752 ], [ 50.118032, 26.434361 ], [ 50.118033, 26.434407 ], [ 50.118034, 26.43454 ], [ 50.118021, 26.435465 ], [ 50.118022, 26.43569 ], [ 50.11801, 26.436253 ], [ 50.118009, 26.436403 ], [ 50.118008, 26.436555 ], [ 50.118003, 26.437469 ], [ 50.118001, 26.43783 ], [ 50.117998, 26.438499 ], [ 50.108287, 26.438501 ], [ 50.10781, 26.438501 ], [ 50.10781, 26.438281 ], [ 50.107805, 26.436629 ], [ 50.107801, 26.434802 ], [ 50.107798, 26.433851 ], [ 50.107793, 26.43292 ], [ 50.107783, 26.431054 ], [ 50.107804, 26.430435 ], [ 50.107812, 26.430072 ], [ 50.107816, 26.429878 ], [ 50.107823, 26.429476 ], [ 50.107832, 26.428874 ], [ 50.107835, 26.428623 ], [ 50.107902, 26.428615 ], [ 50.108267, 26.428513 ], [ 50.108775, 26.42833 ], [ 50.108863, 26.428288 ], [ 50.108863, 26.428287 ], [ 50.109689, 26.427884 ], [ 50.109737, 26.427858 ], [ 50.110718, 26.427341 ], [ 50.111192, 26.427091 ], [ 50.112067, 26.426648 ], [ 50.112114, 26.426623 ], [ 50.112635, 26.42634 ], [ 50.114648, 26.425327 ], [ 50.115081, 26.425104 ], [ 50.115317, 26.425482 ] ] ] } },
{ "type": "Feature", "properties": { "district_id": 10500013034, "city_id": 13, "region_id": 5, "name_ar": "حي الطبيشي", "name_en": "At Tubayshi Dist." }, "geometry": { "type": "Polygon", "coordinates": [ [ [ 50.130051, 26.424914 ], [ 50.130628, 26.432789 ], [ 50.127802, 26.434607 ], [ 50.12736, 26.434891 ], [ 50.125953, 26.435795 ], [ 50.125907, 26.435824 ], [ 50.125323, 26.436188 ], [ 50.124852, 26.436482 ], [ 50.124763, 26.436537 ], [ 50.123447, 26.437358 ], [ 50.123032, 26.437616 ], [ 50.122992, 26.437642 ], [ 50.122869, 26.437718 ], [ 50.122529, 26.43793 ], [ 50.122072, 26.438215 ], [ 50.122056, 26.438225 ], [ 50.121736, 26.438418 ], [ 50.121598, 26.438501 ], [ 50.121447, 26.438593 ], [ 50.120042, 26.439442 ], [ 50.119814, 26.439603 ], [ 50.1195, 26.439825 ], [ 50.11941, 26.439888 ], [ 50.118889, 26.440256 ], [ 50.118752, 26.440352 ], [ 50.117987, 26.440896 ], [ 50.117985, 26.440831 ], [ 50.117987, 26.440422 ], [ 50.117994, 26.439276 ], [ 50.117997, 26.438575 ], [ 50.118001, 26.43783 ], [ 50.118003, 26.437469 ], [ 50.118008, 26.436555 ], [ 50.118009, 26.436403 ], [ 50.11801, 26.436253 ], [ 50.118022, 26.43569 ], [ 50.118021, 26.435465 ], [ 50.118034, 26.43454 ], [ 50.118033, 26.434407 ], [ 50.118032, 26.434361 ], [ 50.118027, 26.433752 ], [ 50.118027, 26.433737 ], [ 50.118022, 26.433157 ], [ 50.118013, 26.432021 ], [ 50.11801, 26.431578 ], [ 50.118008, 26.431274 ], [ 50.118007, 26.431119 ], [ 50.11801, 26.430574 ], [ 50.118005, 26.430465 ], [ 50.118005, 26.430463 ], [ 50.118002, 26.430387 ], [ 50.119447, 26.429654 ], [ 50.119789, 26.429623 ], [ 50.123092, 26.429325 ], [ 50.124266, 26.428594 ], [ 50.124797, 26.428387 ], [ 50.125531, 26.428096 ], [ 50.126042, 26.427828 ], [ 50.126775, 26.427406 ], [ 50.12828, 26.425781 ], [ 50.128434, 26.425656 ], [ 50.128701, 26.425441 ], [ 50.128984, 26.425223 ], [ 50.129378, 26.424984 ], [ 50.130038, 26.424735 ], [ 50.130051, 26.424914 ] ] ] } },
{ "type": "Feature", "properties": { "district_id": 10500013035, "city_id": 13, "region_id": 5, "name_ar": "حي المزروعية", "name_en": "Al Mazruiyah Dist." }, "geometry": { "type": "Polygon", "coordinates": [ [ [ 50.131917, 26.451247 ], [ 50.129803, 26.451654 ], [ 50.128752, 26.45183 ], [ 50.127071, 26.452137 ], [ 50.127043, 26.452141 ], [ 50.126339, 26.452284 ], [ 50.124046, 26.452751 ], [ 50.123016, 26.452961 ], [ 50.122955, 26.452973 ], [ 50.122721, 26.453015 ], [ 50.120926, 26.453336 ], [ 50.119722, 26.453556 ], [ 50.11942, 26.452174 ], [ 50.119185, 26.451113 ], [ 50.119081, 26.45064 ], [ 50.11896, 26.450093 ], [ 50.118915, 26.449889 ], [ 50.118779, 26.449397 ], [ 50.118475, 26.448298 ], [ 50.118472, 26.448284 ], [ 50.118255, 26.447392 ], [ 50.118233, 26.447296 ], [ 50.118157, 26.446951 ], [ 50.118094, 26.446593 ], [ 50.118068, 26.446363 ], [ 50.118059, 26.446187 ], [ 50.118059, 26.446045 ], [ 50.118064, 26.444355 ], [ 50.118064, 26.44434 ], [ 50.118059, 26.444087 ], [ 50.118043, 26.443408 ], [ 50.118035, 26.442334 ], [ 50.118029, 26.441604 ], [ 50.117991, 26.441107 ], [ 50.117991, 26.44108 ], [ 50.117987, 26.440896 ], [ 50.118752, 26.440352 ], [ 50.118889, 26.440256 ], [ 50.11941, 26.439888 ], [ 50.1195, 26.439825 ], [ 50.119814, 26.439603 ], [ 50.120042, 26.439442 ], [ 50.121447, 26.438593 ], [ 50.121598, 26.438501 ], [ 50.121736, 26.438418 ], [ 50.122056, 26.438225 ], [ 50.122072, 26.438215 ], [ 50.122529, 26.43793 ], [ 50.122869, 26.437718 ], [ 50.122992, 26.437642 ], [ 50.123032, 26.437616 ], [ 50.123447, 26.437358 ], [ 50.124763, 26.436537 ], [ 50.124852, 26.436482 ], [ 50.125323, 26.436188 ], [ 50.125907, 26.435824 ], [ 50.125953, 26.435795 ], [ 50.12736, 26.434891 ], [ 50.127802, 26.434607 ], [ 50.130629, 26.432789 ], [ 50.130631, 26.432836 ], [ 50.130666, 26.433385 ], [ 50.130739, 26.434507 ], [ 50.130742, 26.434515 ], [ 50.130783, 26.435138 ], [ 50.13082, 26.435684 ], [ 50.130871, 26.436449 ], [ 50.131089, 26.43969 ], [ 50.131131, 26.440298 ], [ 50.131184, 26.441074 ], [ 50.131393, 26.44409 ], [ 50.131409, 26.444315 ], [ 50.131446, 26.444844 ], [ 50.131632, 26.447444 ], [ 50.131845, 26.450437 ], [ 50.131854, 26.45056 ], [ 50.13191, 26.451067 ], [ 50.131917, 26.451247 ] ] ] } },
{ "type": "Feature", "properties": { "district_id": 10500013036, "city_id": 13, "region_id": 5, "name_ar": "حي الصفا", "name_en": "As Safa Dist." }, "geometry": { "type": "Polygon", "coordinates": [ [ [ 50.183018, 26.374042 ], [ 50.183232, 26.374065 ], [ 50.183445, 26.374094 ], [ 50.183658, 26.374131 ], [ 50.183869, 26.374175 ], [ 50.184078, 26.374226 ], [ 50.184286, 26.374283 ], [ 50.184491, 26.374347 ], [ 50.184695, 26.374418 ], [ 50.184896, 26.374495 ], [ 50.185094, 26.374579 ], [ 50.18529, 26.37467 ], [ 50.188694, 26.376591 ], [ 50.19037, 26.377538 ], [ 50.195054, 26.380182 ], [ 50.194148, 26.381582 ], [ 50.193282, 26.382849 ], [ 50.192043, 26.384902 ], [ 50.190788, 26.386902 ], [ 50.18995, 26.388271 ], [ 50.189159, 26.389594 ], [ 50.189063, 26.389756 ], [ 50.188926, 26.389985 ], [ 50.188636, 26.390435 ], [ 50.188441, 26.390738 ], [ 50.188086, 26.391291 ], [ 50.188058, 26.391333 ], [ 50.187613, 26.392072 ], [ 50.187327, 26.392548 ], [ 50.187202, 26.392754 ], [ 50.186885, 26.393265 ], [ 50.186784, 26.393428 ], [ 50.185907, 26.394809 ], [ 50.185767, 26.395029 ], [ 50.18541, 26.395584 ], [ 50.185322, 26.395727 ], [ 50.185159, 26.395989 ], [ 50.183783, 26.398214 ], [ 50.183251, 26.399084 ], [ 50.183047, 26.399418 ], [ 50.181028, 26.402666 ], [ 50.178722, 26.401329 ], [ 50.178085, 26.400921 ], [ 50.177711, 26.400669 ], [ 50.177349, 26.400415 ], [ 50.177009, 26.400164 ], [ 50.176769, 26.399963 ], [ 50.176452, 26.399687 ], [ 50.176136, 26.399349 ], [ 50.175895, 26.399033 ], [ 50.175739, 26.398775 ], [ 50.17556, 26.398357 ], [ 50.175491, 26.397932 ], [ 50.175483, 26.397831 ], [ 50.175468, 26.397585 ], [ 50.175468, 26.397388 ], [ 50.175483, 26.397141 ], [ 50.175514, 26.396982 ], [ 50.175579, 26.396744 ], [ 50.175643, 26.396557 ], [ 50.175739, 26.396336 ], [ 50.175785, 26.396242 ], [ 50.175914, 26.396017 ], [ 50.176044, 26.395813 ], [ 50.176464, 26.395193 ], [ 50.17662, 26.394926 ], [ 50.176754, 26.394705 ], [ 50.177074, 26.394205 ], [ 50.177234, 26.393913 ], [ 50.177314, 26.393738 ], [ 50.177375, 26.39357 ], [ 50.177429, 26.393393 ], [ 50.177482, 26.393154 ], [ 50.177551, 26.392685 ], [ 50.177596, 26.392087 ], [ 50.1776, 26.392033 ], [ 50.177661, 26.390937 ], [ 50.177681, 26.390593 ], [ 50.177738, 26.389351 ], [ 50.177738, 26.389227 ], [ 50.177745, 26.388908 ], [ 50.177757, 26.388165 ], [ 50.177761, 26.387896 ], [ 50.177772, 26.386997 ], [ 50.17778, 26.38673 ], [ 50.177791, 26.38586 ], [ 50.177799, 26.385525 ], [ 50.177799, 26.385353 ], [ 50.177887, 26.383106 ], [ 50.177906, 26.382771 ], [ 50.177921, 26.382362 ], [ 50.177936, 26.38204 ], [ 50.177974, 26.381096 ], [ 50.178005, 26.379169 ], [ 50.178009, 26.37887 ], [ 50.178039, 26.376886 ], [ 50.178047, 26.376566 ], [ 50.178058, 26.3762 ], [ 50.178133, 26.373423 ], [ 50.183018, 26.374042 ] ] ] } },
{ "type": "Feature", "properties": { "district_id": 10500013037, "city_id": 13, "region_id": 5, "name_ar": "حي المنتزه", "name_en": "Al Muntazah Dist." }, "geometry": { "type": "Polygon", "coordinates": [ [ [ 50.139134, 26.375734 ], [ 50.139311, 26.376222 ], [ 50.139311, 26.376577 ], [ 50.139089, 26.376976 ], [ 50.134831, 26.3819 ], [ 50.131725, 26.385338 ], [ 50.130554, 26.384572 ], [ 50.129145, 26.384317 ], [ 50.121474, 26.38293 ], [ 50.124339, 26.373262 ], [ 50.126798, 26.372867 ], [ 50.127025, 26.37283 ], [ 50.127252, 26.372786 ], [ 50.127477, 26.372735 ], [ 50.1277, 26.372677 ], [ 50.127922, 26.372613 ], [ 50.128141, 26.372541 ], [ 50.128358, 26.372463 ], [ 50.128573, 26.372378 ], [ 50.128785, 26.372287 ], [ 50.128891, 26.372238 ], [ 50.129795, 26.371822 ], [ 50.133678, 26.369947 ], [ 50.134079, 26.369751 ], [ 50.13586, 26.368869 ], [ 50.139134, 26.375734 ] ] ] } },
{ "type": "Feature", "properties": { "district_id": 10500013038, "city_id": 13, "region_id": 5, "name_ar": "حي النزهة", "name_en": "An Nuzhah Dist." }, "geometry": { "type": "Polygon", "coordinates": [ [ [ 50.112579, 26.381697 ], [ 50.112985, 26.382366 ], [ 50.113397, 26.383031 ], [ 50.113815, 26.383693 ], [ 50.114239, 26.38435 ], [ 50.114668, 26.385005 ], [ 50.115104, 26.385655 ], [ 50.115545, 26.386301 ], [ 50.115991, 26.386944 ], [ 50.116444, 26.387582 ], [ 50.116902, 26.388217 ], [ 50.117365, 26.388847 ], [ 50.117834, 26.389474 ], [ 50.118309, 26.390096 ], [ 50.118789, 26.390714 ], [ 50.119069, 26.391108 ], [ 50.118442, 26.393242 ], [ 50.118044, 26.394555 ], [ 50.117161, 26.39747 ], [ 50.117013, 26.397876 ], [ 50.116859, 26.39828 ], [ 50.1167, 26.398682 ], [ 50.116535, 26.399082 ], [ 50.116365, 26.399479 ], [ 50.116189, 26.399875 ], [ 50.116149, 26.399949 ], [ 50.114868, 26.402537 ], [ 50.114796, 26.402682 ], [ 50.114719, 26.402828 ], [ 50.114608, 26.403059 ], [ 50.114067, 26.404083 ], [ 50.113985, 26.404241 ], [ 50.113645, 26.404899 ], [ 50.112974, 26.406184 ], [ 50.112625, 26.406853 ], [ 50.112566, 26.406964 ], [ 50.112409, 26.407266 ], [ 50.112137, 26.407781 ], [ 50.111961, 26.408117 ], [ 50.111278, 26.409431 ], [ 50.110818, 26.410318 ], [ 50.110745, 26.410458 ], [ 50.110602, 26.410731 ], [ 50.110519, 26.410892 ], [ 50.110465, 26.410993 ], [ 50.110465, 26.410993 ], [ 50.110319, 26.41127 ], [ 50.110318, 26.411268 ], [ 50.109619, 26.410189 ], [ 50.109569, 26.410099 ], [ 50.109385, 26.409804 ], [ 50.108825, 26.408907 ], [ 50.108734, 26.408759 ], [ 50.108642, 26.408611 ], [ 50.10861, 26.408559 ], [ 50.108011, 26.407597 ], [ 50.107996, 26.407573 ], [ 50.107669, 26.407039 ], [ 50.107649, 26.407007 ], [ 50.107347, 26.406514 ], [ 50.107323, 26.406475 ], [ 50.106887, 26.405763 ], [ 50.106671, 26.405463 ], [ 50.106414, 26.405216 ], [ 50.106391, 26.405201 ], [ 50.105886, 26.40487 ], [ 50.105412, 26.40461 ], [ 50.105331, 26.404571 ], [ 50.104071, 26.403856 ], [ 50.103752, 26.403717 ], [ 50.103749, 26.403715 ], [ 50.104352, 26.403016 ], [ 50.104415, 26.402928 ], [ 50.104472, 26.402835 ], [ 50.104524, 26.40274 ], [ 50.10457, 26.402641 ], [ 50.10461, 26.40254 ], [ 50.104643, 26.402437 ], [ 50.10467, 26.402332 ], [ 50.10469, 26.402225 ], [ 50.104704, 26.402117 ], [ 50.104711, 26.402009 ], [ 50.104712, 26.4019 ], [ 50.104706, 26.401792 ], [ 50.104693, 26.401684 ], [ 50.104661, 26.401533 ], [ 50.104635, 26.401381 ], [ 50.104614, 26.401228 ], [ 50.104599, 26.401075 ], [ 50.10459, 26.400921 ], [ 50.104587, 26.400766 ], [ 50.104081, 26.385619 ], [ 50.103973, 26.382385 ], [ 50.103876, 26.37885 ], [ 50.103911, 26.378361 ], [ 50.104453, 26.376465 ], [ 50.104493, 26.375896 ], [ 50.104447, 26.375641 ], [ 50.104254, 26.375285 ], [ 50.104416, 26.375248 ], [ 50.104441, 26.375273 ], [ 50.105013, 26.375133 ], [ 50.105162, 26.375127 ], [ 50.105181, 26.375127 ], [ 50.105213, 26.375129 ], [ 50.105245, 26.375129 ], [ 50.105277, 26.375132 ], [ 50.105327, 26.375123 ], [ 50.105353, 26.375119 ], [ 50.10536, 26.375118 ], [ 50.105451, 26.375114 ], [ 50.105537, 26.375105 ], [ 50.105624, 26.375101 ], [ 50.105639, 26.375103 ], [ 50.105665, 26.375103 ], [ 50.105691, 26.375103 ], [ 50.105717, 26.375105 ], [ 50.105743, 26.375108 ], [ 50.105769, 26.37511 ], [ 50.105794, 26.375112 ], [ 50.10587, 26.375126 ], [ 50.105946, 26.375144 ], [ 50.10602, 26.375166 ], [ 50.106323, 26.375271 ], [ 50.106442, 26.375308 ], [ 50.106564, 26.375341 ], [ 50.106687, 26.375368 ], [ 50.10681, 26.37539 ], [ 50.106935, 26.375407 ], [ 50.10706, 26.375418 ], [ 50.107081, 26.375421 ], [ 50.107772, 26.375452 ], [ 50.108141, 26.375463 ], [ 50.108509, 26.375466 ], [ 50.109239, 26.375468 ], [ 50.109642, 26.375462 ], [ 50.110045, 26.375448 ], [ 50.110326, 26.375434 ], [ 50.110355, 26.375501 ], [ 50.110813, 26.376904 ], [ 50.1114, 26.3787 ], [ 50.111553, 26.379091 ], [ 50.11256, 26.381666 ], [ 50.112556, 26.381696 ], [ 50.112572, 26.381697 ], [ 50.112579, 26.381697 ] ] ] } },
{ "type": "Feature", "properties": { "district_id": 10500013039, "city_id": 13, "region_id": 5, "name_ar": "حي الفردوس", "name_en": "Al Firdaws Dist." }, "geometry": { "type": "Polygon", "coordinates": [ [ [ 50.121474, 26.38293 ], [ 50.119069, 26.391108 ], [ 50.118789, 26.390714 ], [ 50.118309, 26.390096 ], [ 50.117834, 26.389474 ], [ 50.117365, 26.388847 ], [ 50.116902, 26.388217 ], [ 50.116444, 26.387582 ], [ 50.115991, 26.386944 ], [ 50.115545, 26.386301 ], [ 50.115104, 26.385655 ], [ 50.114668, 26.385005 ], [ 50.114239, 26.38435 ], [ 50.113815, 26.383693 ], [ 50.113397, 26.383031 ], [ 50.112985, 26.382366 ], [ 50.112579, 26.381697 ], [ 50.11256, 26.381666 ], [ 50.111553, 26.379091 ], [ 50.1114, 26.3787 ], [ 50.110813, 26.376904 ], [ 50.110355, 26.375501 ], [ 50.110326, 26.375434 ], [ 50.110448, 26.375428 ], [ 50.110882, 26.375397 ], [ 50.111012, 26.375387 ], [ 50.111418, 26.375348 ], [ 50.111822, 26.375306 ], [ 50.112226, 26.375254 ], [ 50.113602, 26.37503 ], [ 50.115748, 26.374685 ], [ 50.116823, 26.374506 ], [ 50.117022, 26.374471 ], [ 50.122894, 26.37353 ], [ 50.124339, 26.373262 ], [ 50.124339, 26.373262 ], [ 50.121474, 26.38293 ] ] ] } },
{ "type": "Feature", "properties": { "district_id": 10500013040, "city_id": 13, "region_id": 5, "name_ar": "حي قصر الخليج", "name_en": "Qasr Al Khalij Dist." }, "geometry": { "type": "Polygon", "coordinates": [ [ [ 50.142376, 26.36595 ], [ 50.142177, 26.365978 ], [ 50.141906, 26.366032 ], [ 50.141685, 26.366079 ], [ 50.141456, 26.366148 ], [ 50.141262, 26.366224 ], [ 50.141086, 26.366297 ], [ 50.140159, 26.366734 ], [ 50.139087, 26.367325 ], [ 50.136798, 26.368404 ], [ 50.136367, 26.368618 ], [ 50.13586, 26.368869 ], [ 50.134079, 26.369751 ], [ 50.133678, 26.369947 ], [ 50.129795, 26.371822 ], [ 50.128891, 26.372238 ], [ 50.128785, 26.372287 ], [ 50.128573, 26.372378 ], [ 50.128358, 26.372463 ], [ 50.128141, 26.372541 ], [ 50.127922, 26.372613 ], [ 50.1277, 26.372677 ], [ 50.127477, 26.372735 ], [ 50.127252, 26.372786 ], [ 50.127025, 26.37283 ], [ 50.126798, 26.372867 ], [ 50.124339, 26.373262 ], [ 50.124339, 26.373262 ], [ 50.125776, 26.368359 ], [ 50.126358, 26.366458 ], [ 50.126444, 26.366198 ], [ 50.126536, 26.36594 ], [ 50.126631, 26.365684 ], [ 50.126732, 26.36543 ], [ 50.126837, 26.365177 ], [ 50.126949, 26.364908 ], [ 50.127068, 26.364641 ], [ 50.127193, 26.364378 ], [ 50.127324, 26.364117 ], [ 50.12745, 26.363864 ], [ 50.12758, 26.363614 ], [ 50.127715, 26.363366 ], [ 50.127855, 26.363121 ], [ 50.128, 26.362879 ], [ 50.12815, 26.362639 ], [ 50.12849, 26.362156 ], [ 50.128635, 26.361939 ], [ 50.128784, 26.361724 ], [ 50.128935, 26.361512 ], [ 50.129091, 26.361302 ], [ 50.129262, 26.361078 ], [ 50.129436, 26.360858 ], [ 50.131356, 26.358834 ], [ 50.136664, 26.353587 ], [ 50.136836, 26.353734 ], [ 50.136993, 26.353867 ], [ 50.137397, 26.354177 ], [ 50.137436, 26.354207 ], [ 50.137909, 26.354559 ], [ 50.138195, 26.354782 ], [ 50.139072, 26.355436 ], [ 50.139934, 26.356222 ], [ 50.140167, 26.356436 ], [ 50.140335, 26.35659 ], [ 50.140605, 26.356842 ], [ 50.140615, 26.356851 ], [ 50.141452, 26.35766 ], [ 50.142265, 26.358549 ], [ 50.14289, 26.359282 ], [ 50.143673, 26.360241 ], [ 50.144516, 26.361364 ], [ 50.144947, 26.362003 ], [ 50.14511, 26.362263 ], [ 50.14549, 26.362863 ], [ 50.145753, 26.363366 ], [ 50.145769, 26.363397 ], [ 50.145965, 26.363755 ], [ 50.146498, 26.364867 ], [ 50.144397, 26.365927 ], [ 50.144146, 26.365967 ], [ 50.143928, 26.365967 ], [ 50.143703, 26.365942 ], [ 50.143512, 26.365904 ], [ 50.143146, 26.365894 ], [ 50.1427, 26.365898 ], [ 50.142376, 26.36595 ] ] ] } },
{ "type": "Feature", "properties": { "district_id": 10500013041, "city_id": 13, "region_id": 5, "name_ar": "المدينة الصناعية الثانية", "name_en": "2nd Industrial City" }, "geometry": { "type": "Polygon", "coordinates": [ [ [ 50.002702, 26.249992 ], [ 50.00106, 26.252125 ], [ 49.998269, 26.255752 ], [ 49.996442, 26.258125 ], [ 49.994102, 26.261165 ], [ 49.992275, 26.263538 ], [ 49.98947, 26.267183 ], [ 49.988515, 26.268424 ], [ 49.987532, 26.267807 ], [ 49.984586, 26.265891 ], [ 49.982835, 26.264774 ], [ 49.978633, 26.262123 ], [ 49.976768, 26.26086 ], [ 49.975202, 26.259881 ], [ 49.971317, 26.257493 ], [ 49.966406, 26.254239 ], [ 49.965468, 26.253617 ], [ 49.969356, 26.248454 ], [ 49.971404, 26.245742 ], [ 49.971832, 26.245175 ], [ 49.971896, 26.245096 ], [ 49.972042, 26.244899 ], [ 49.972697, 26.24404 ], [ 49.973499, 26.24297 ], [ 49.974813, 26.241228 ], [ 49.975871, 26.239871 ], [ 49.976657, 26.23885 ], [ 49.978885, 26.235952 ], [ 49.980832, 26.233441 ], [ 49.98165, 26.232377 ], [ 49.982409, 26.231462 ], [ 49.983091, 26.230637 ], [ 49.985203, 26.228016 ], [ 49.988695, 26.231949 ], [ 49.991855, 26.235835 ], [ 49.994908, 26.239892 ], [ 49.998218, 26.244184 ], [ 50.002702, 26.249992 ] ] ] } },
{ "type": "Feature", "properties": { "district_id": 10500013042, "city_id": 13, "region_id": 5, "name_ar": "مطار الملك فهد الدولي", "name_en": "King Fahd International Airport" }, "geometry": { "type": "Polygon", "coordinates": [ [ [ 49.916062, 26.527317 ], [ 49.747627, 26.526899 ], [ 49.747627, 26.423505 ], [ 49.842945, 26.424258 ], [ 49.844165, 26.426136 ], [ 49.921694, 26.522999 ], [ 49.916062, 26.527317 ] ], [ [ 49.806194, 26.465894 ], [ 49.806123, 26.465847 ], [ 49.805839, 26.466839 ], [ 49.809147, 26.470242 ], [ 49.808486, 26.472723 ], [ 49.808367, 26.473195 ], [ 49.808391, 26.473337 ], [ 49.808438, 26.473479 ], [ 49.808557, 26.473597 ], [ 49.808816, 26.473691 ], [ 49.808982, 26.473691 ], [ 49.809194, 26.473597 ], [ 49.809336, 26.473408 ], [ 49.810116, 26.470525 ], [ 49.814653, 26.469226 ], [ 49.814912, 26.46821 ], [ 49.810659, 26.468422 ], [ 49.811226, 26.466367 ], [ 49.812266, 26.465918 ], [ 49.812479, 26.465114 ], [ 49.811037, 26.465185 ], [ 49.809785, 26.464358 ], [ 49.809573, 26.465162 ], [ 49.810258, 26.466083 ], [ 49.809714, 26.468186 ], [ 49.806194, 26.465894 ] ] ] } },
{ "type": "Feature", "properties": { "district_id": 10500013043, "city_id": 13, "region_id": 5, "name_ar": "حي الخضرية", "name_en": "Al Kuthriah Dist." }, "geometry": { "type": "Polygon", "coordinates": [ [ [ 50.050397, 26.437833 ], [ 50.050837, 26.438231 ], [ 50.050912, 26.438298 ], [ 50.051005, 26.438383 ], [ 50.051179, 26.43853 ], [ 50.051737, 26.438925 ], [ 50.052255, 26.43927 ], [ 50.053039, 26.439656 ], [ 50.053624, 26.439862 ], [ 50.05408, 26.439986 ], [ 50.054371, 26.440053 ], [ 50.054569, 26.440081 ], [ 50.054792, 26.44011 ], [ 50.054999, 26.440129 ], [ 50.055473, 26.440169 ], [ 50.056189, 26.440228 ], [ 50.056419, 26.440247 ], [ 50.057519, 26.440343 ], [ 50.057605, 26.440346 ], [ 50.057674, 26.440348 ], [ 50.05812, 26.44037 ], [ 50.057811, 26.441127 ], [ 50.05768, 26.44144 ], [ 50.057542, 26.441788 ], [ 50.05634, 26.444716 ], [ 50.056062, 26.445388 ], [ 50.055817, 26.44598 ], [ 50.055635, 26.446435 ], [ 50.054701, 26.448694 ], [ 50.054094, 26.450144 ], [ 50.054048, 26.450266 ], [ 50.053808, 26.450853 ], [ 50.053315, 26.452069 ], [ 50.053024, 26.452775 ], [ 50.052892, 26.453103 ], [ 50.052225, 26.454713 ], [ 50.052083, 26.455081 ], [ 50.051856, 26.455673 ], [ 50.051466, 26.456567 ], [ 50.051324, 26.456921 ], [ 50.051104, 26.457457 ], [ 50.050821, 26.458131 ], [ 50.050545, 26.458805 ], [ 50.050259, 26.459464 ], [ 50.049585, 26.461065 ], [ 50.049243, 26.461878 ], [ 50.048924, 26.462636 ], [ 50.047642, 26.465484 ], [ 50.039847, 26.462899 ], [ 50.029745, 26.459653 ], [ 50.033897, 26.455919 ], [ 50.03664, 26.453428 ], [ 50.037055, 26.453052 ], [ 50.039796, 26.450573 ], [ 50.040236, 26.450175 ], [ 50.040638, 26.44978 ], [ 50.040845, 26.449587 ], [ 50.041059, 26.44939 ], [ 50.041267, 26.449194 ], [ 50.041615, 26.448834 ], [ 50.0419, 26.448548 ], [ 50.042223, 26.4482 ], [ 50.042559, 26.44784 ], [ 50.042682, 26.447692 ], [ 50.043242, 26.44702 ], [ 50.043764, 26.446424 ], [ 50.044087, 26.446017 ], [ 50.044334, 26.445698 ], [ 50.044844, 26.44502 ], [ 50.04628, 26.443082 ], [ 50.048111, 26.440611 ], [ 50.04985, 26.4383 ], [ 50.05002, 26.438073 ], [ 50.050275, 26.437732 ], [ 50.050397, 26.437833 ] ] ] } },
{ "type": "Feature", "properties": { "district_id": 10500013044, "city_id": 13, "region_id": 5, "name_ar": "حي مدينة العمال", "name_en": "Madinat Al Ummal Dist." }, "geometry": { "type": "Polygon", "coordinates": [ [ [ 50.105207, 26.428641 ], [ 50.10458, 26.428655 ], [ 50.104565, 26.428654 ], [ 50.104515, 26.428648 ], [ 50.104455, 26.428629 ], [ 50.103374, 26.428106 ], [ 50.102287, 26.427574 ], [ 50.101711, 26.427293 ], [ 50.101163, 26.427027 ], [ 50.101123, 26.427007 ], [ 50.1005, 26.426701 ], [ 50.101022, 26.425993 ], [ 50.10111, 26.425872 ], [ 50.102086, 26.424528 ], [ 50.102477, 26.423991 ], [ 50.102488, 26.423975 ], [ 50.102849, 26.423514 ], [ 50.103095, 26.423201 ], [ 50.103295, 26.422945 ], [ 50.103431, 26.422751 ], [ 50.104004, 26.421934 ], [ 50.104059, 26.421855 ], [ 50.104914, 26.420498 ], [ 50.108261, 26.4205 ], [ 50.108374, 26.420127 ], [ 50.108391, 26.419833 ], [ 50.108356, 26.417815 ], [ 50.108344, 26.417679 ], [ 50.107992, 26.416613 ], [ 50.109487, 26.415936 ], [ 50.10954, 26.416082 ], [ 50.109851, 26.416679 ], [ 50.1102, 26.417324 ], [ 50.110527, 26.417852 ], [ 50.110921, 26.418488 ], [ 50.111239, 26.419001 ], [ 50.111835, 26.419963 ], [ 50.112016, 26.420255 ], [ 50.112281, 26.420684 ], [ 50.112567, 26.421132 ], [ 50.11276, 26.421433 ], [ 50.112901, 26.421655 ], [ 50.113261, 26.42222 ], [ 50.113283, 26.422254 ], [ 50.113762, 26.423008 ], [ 50.113982, 26.423346 ], [ 50.114019, 26.423401 ], [ 50.114559, 26.424267 ], [ 50.114708, 26.424505 ], [ 50.114731, 26.424542 ], [ 50.115081, 26.425104 ], [ 50.114648, 26.425327 ], [ 50.112635, 26.42634 ], [ 50.112114, 26.426623 ], [ 50.112067, 26.426648 ], [ 50.111192, 26.427091 ], [ 50.110718, 26.427341 ], [ 50.109737, 26.427858 ], [ 50.109689, 26.427884 ], [ 50.108863, 26.428287 ], [ 50.108863, 26.428288 ], [ 50.108775, 26.42833 ], [ 50.108267, 26.428513 ], [ 50.107902, 26.428615 ], [ 50.107835, 26.428623 ], [ 50.107754, 26.428633 ], [ 50.107577, 26.428655 ], [ 50.107159, 26.428655 ], [ 50.106488, 26.428646 ], [ 50.105815, 26.428637 ], [ 50.105207, 26.428641 ] ] ] } },
{ "type": "Feature", "properties": { "district_id": 10500013045, "city_id": 13, "region_id": 5, "name_ar": "حي العمامرة", "name_en": "Al Amamrah Dist." }, "geometry": { "type": "Polygon", "coordinates": [ [ [ 50.118034, 26.442264 ], [ 50.118043, 26.443408 ], [ 50.118059, 26.444087 ], [ 50.118064, 26.44434 ], [ 50.118064, 26.444355 ], [ 50.118059, 26.446045 ], [ 50.118059, 26.446187 ], [ 50.109238, 26.446516 ], [ 50.108234, 26.446546 ], [ 50.107969, 26.444572 ], [ 50.10787, 26.443872 ], [ 50.10776, 26.443193 ], [ 50.107747, 26.442277 ], [ 50.118034, 26.442264 ] ] ] } },
{ "type": "Feature", "properties": { "district_id": 10500013046, "city_id": 13, "region_id": 5, "name_ar": "حي البديع", "name_en": "Al Badi Dist." }, "geometry": { "type": "Polygon", "coordinates": [ [ [ 50.112638, 26.454911 ], [ 50.112148, 26.455292 ], [ 50.111679, 26.4562 ], [ 50.108672, 26.456235 ], [ 50.108297, 26.448013 ], [ 50.108267, 26.447172 ], [ 50.108234, 26.446546 ], [ 50.109238, 26.446516 ], [ 50.118059, 26.446187 ], [ 50.118068, 26.446363 ], [ 50.118094, 26.446593 ], [ 50.118157, 26.446951 ], [ 50.118233, 26.447296 ], [ 50.118255, 26.447392 ], [ 50.118472, 26.448284 ], [ 50.118475, 26.448298 ], [ 50.118779, 26.449397 ], [ 50.118915, 26.449889 ], [ 50.11896, 26.450093 ], [ 50.119081, 26.45064 ], [ 50.119185, 26.451113 ], [ 50.11942, 26.452174 ], [ 50.119722, 26.453556 ], [ 50.118891, 26.453708 ], [ 50.11859, 26.453762 ], [ 50.116948, 26.45407 ], [ 50.11627, 26.454198 ], [ 50.115532, 26.454314 ], [ 50.114655, 26.45448 ], [ 50.114361, 26.454532 ], [ 50.113941, 26.454623 ], [ 50.113923, 26.454628 ], [ 50.112638, 26.454911 ] ] ] } },
{ "type": "Feature", "properties": { "district_id": 10500013047, "city_id": 13, "region_id": 5, "name_ar": "حي الشاطئ الشرقي", "name_en": "Ash Shati Ash Sharqi Dist." }, "geometry": { "type": "Polygon", "coordinates": [ [ [ 50.12018, 26.455648 ], [ 50.120168, 26.455598 ], [ 50.119722, 26.453556 ], [ 50.120926, 26.453336 ], [ 50.122721, 26.453015 ], [ 50.122955, 26.452973 ], [ 50.123016, 26.452961 ], [ 50.124046, 26.452751 ], [ 50.126339, 26.452284 ], [ 50.127043, 26.452141 ], [ 50.127071, 26.452137 ], [ 50.128752, 26.45183 ], [ 50.129803, 26.451654 ], [ 50.131917, 26.451247 ], [ 50.132068, 26.455209 ], [ 50.132062, 26.455777 ], [ 50.132071, 26.455968 ], [ 50.132106, 26.456693 ], [ 50.13211, 26.456761 ], [ 50.13212, 26.456982 ], [ 50.132232, 26.457813 ], [ 50.132299, 26.459341 ], [ 50.13233, 26.459752 ], [ 50.132381, 26.460445 ], [ 50.132459, 26.461499 ], [ 50.132468, 26.461619 ], [ 50.132471, 26.462763 ], [ 50.132504, 26.463106 ], [ 50.132554, 26.463624 ], [ 50.132567, 26.464333 ], [ 50.132574, 26.464697 ], [ 50.132582, 26.465013 ], [ 50.132634, 26.467197 ], [ 50.132661, 26.467759 ], [ 50.132663, 26.46781 ], [ 50.132705, 26.468684 ], [ 50.132746, 26.469546 ], [ 50.132782, 26.47075 ], [ 50.132794, 26.471016 ], [ 50.132874, 26.472745 ], [ 50.132876, 26.472788 ], [ 50.132941, 26.474294 ], [ 50.132944, 26.474327 ], [ 50.13308, 26.475926 ], [ 50.133122, 26.47642 ], [ 50.133141, 26.47655 ], [ 50.133325, 26.477778 ], [ 50.133394, 26.479924 ], [ 50.133415, 26.480369 ], [ 50.133446, 26.481026 ], [ 50.13345, 26.481114 ], [ 50.133452, 26.481159 ], [ 50.133541, 26.483136 ], [ 50.133563, 26.483619 ], [ 50.133666, 26.484637 ], [ 50.133716, 26.486362 ], [ 50.133873, 26.488033 ], [ 50.133883, 26.488181 ], [ 50.133892, 26.488291 ], [ 50.133959, 26.489218 ], [ 50.134045, 26.490688 ], [ 50.134079, 26.491283 ], [ 50.134188, 26.492991 ], [ 50.134225, 26.493573 ], [ 50.134235, 26.493734 ], [ 50.134235, 26.493764 ], [ 50.134231, 26.494372 ], [ 50.13423, 26.494506 ], [ 50.134228, 26.49452 ], [ 50.134203, 26.494758 ], [ 50.13416, 26.49501 ], [ 50.134119, 26.495147 ], [ 50.134046, 26.495336 ], [ 50.133939, 26.495545 ], [ 50.133839, 26.495712 ], [ 50.133677, 26.495929 ], [ 50.133533, 26.496092 ], [ 50.133297, 26.496328 ], [ 50.133096, 26.496506 ], [ 50.132903, 26.496648 ], [ 50.132745, 26.496743 ], [ 50.132517, 26.496878 ], [ 50.132382, 26.496947 ], [ 50.132177, 26.497041 ], [ 50.131952, 26.497116 ], [ 50.131472, 26.497232 ], [ 50.131271, 26.497265 ], [ 50.131225, 26.497272 ], [ 50.131116, 26.497288 ], [ 50.130059, 26.497478 ], [ 50.129321, 26.4945 ], [ 50.128714, 26.492046 ], [ 50.128251, 26.490045 ], [ 50.128107, 26.489424 ], [ 50.128087, 26.489338 ], [ 50.127509, 26.486843 ], [ 50.127488, 26.48675 ], [ 50.127488, 26.486749 ], [ 50.127471, 26.486677 ], [ 50.127279, 26.485847 ], [ 50.127097, 26.485061 ], [ 50.127042, 26.484825 ], [ 50.126645, 26.483088 ], [ 50.126501, 26.482456 ], [ 50.126481, 26.482367 ], [ 50.126335, 26.481732 ], [ 50.126029, 26.480393 ], [ 50.125521, 26.478255 ], [ 50.125067, 26.476347 ], [ 50.124572, 26.474197 ], [ 50.12439, 26.473521 ], [ 50.124385, 26.4735 ], [ 50.124236, 26.472906 ], [ 50.124182, 26.472689 ], [ 50.123506, 26.469764 ], [ 50.123289, 26.468779 ], [ 50.123254, 26.468619 ], [ 50.12322, 26.468465 ], [ 50.123116, 26.468036 ], [ 50.122986, 26.467503 ], [ 50.12266, 26.466151 ], [ 50.122288, 26.464611 ], [ 50.122271, 26.464539 ], [ 50.122237, 26.464382 ], [ 50.122044, 26.463503 ], [ 50.121844, 26.462589 ], [ 50.121838, 26.462565 ], [ 50.121805, 26.462414 ], [ 50.121738, 26.462109 ], [ 50.121555, 26.461352 ], [ 50.121257, 26.46012 ], [ 50.121236, 26.460031 ], [ 50.121164, 26.459731 ], [ 50.120803, 26.458236 ], [ 50.120438, 26.456606 ], [ 50.120435, 26.456593 ], [ 50.120435, 26.456593 ], [ 50.12018, 26.455648 ] ] ] } },
{ "type": "Feature", "properties": { "district_id": 10500013048, "city_id": 13, "region_id": 5, "name_ar": "حي الفيحاء", "name_en": "Al Fayha Dist." }, "geometry": { "type": "Polygon", "coordinates": [ [ [ 50.040583, 26.429806 ], [ 50.041779, 26.430729 ], [ 50.042209, 26.431061 ], [ 50.043237, 26.431931 ], [ 50.043784, 26.432376 ], [ 50.044516, 26.432987 ], [ 50.045143, 26.433511 ], [ 50.045254, 26.433603 ], [ 50.045579, 26.433862 ], [ 50.045823, 26.434054 ], [ 50.046064, 26.434245 ], [ 50.046275, 26.434427 ], [ 50.047068, 26.435072 ], [ 50.04717, 26.435155 ], [ 50.048469, 26.436234 ], [ 50.049767, 26.437312 ], [ 50.049884, 26.437409 ], [ 50.050275, 26.437732 ], [ 50.05002, 26.438073 ], [ 50.04985, 26.4383 ], [ 50.048111, 26.440611 ], [ 50.04628, 26.443082 ], [ 50.044844, 26.44502 ], [ 50.044334, 26.445698 ], [ 50.044087, 26.446017 ], [ 50.043764, 26.446424 ], [ 50.043242, 26.44702 ], [ 50.042682, 26.447692 ], [ 50.042559, 26.44784 ], [ 50.042223, 26.4482 ], [ 50.0419, 26.448548 ], [ 50.041615, 26.448834 ], [ 50.041267, 26.449194 ], [ 50.041059, 26.44939 ], [ 50.040845, 26.449587 ], [ 50.040638, 26.44978 ], [ 50.040236, 26.450175 ], [ 50.039796, 26.450573 ], [ 50.028909, 26.443123 ], [ 50.029256, 26.442706 ], [ 50.030169, 26.441664 ], [ 50.03039, 26.441411 ], [ 50.032041, 26.439512 ], [ 50.034213, 26.437016 ], [ 50.035064, 26.436037 ], [ 50.038072, 26.43252 ], [ 50.038397, 26.43214 ], [ 50.039672, 26.43067 ], [ 50.040472, 26.429718 ], [ 50.040583, 26.429806 ] ] ] } },
{ "type": "Feature", "properties": { "district_id": 10500013049, "city_id": 13, "region_id": 5, "name_ar": "حي الشفاء", "name_en": "Ash Shifa Dist." }, "geometry": { "type": "Polygon", "coordinates": [ [ [ 50.118596, 26.41438 ], [ 50.123724, 26.419055 ], [ 50.123704, 26.419073 ], [ 50.123279, 26.419453 ], [ 50.123269, 26.419462 ], [ 50.121959, 26.420632 ], [ 50.121699, 26.420856 ], [ 50.12074, 26.421688 ], [ 50.120171, 26.422196 ], [ 50.119663, 26.422561 ], [ 50.119257, 26.422866 ], [ 50.119223, 26.422889 ], [ 50.119013, 26.423029 ], [ 50.118698, 26.423232 ], [ 50.118071, 26.423574 ], [ 50.117971, 26.423629 ], [ 50.116684, 26.424286 ], [ 50.116626, 26.424315 ], [ 50.116264, 26.4245 ], [ 50.115204, 26.42504 ], [ 50.115081, 26.425104 ], [ 50.114731, 26.424542 ], [ 50.114708, 26.424505 ], [ 50.114559, 26.424267 ], [ 50.114019, 26.423401 ], [ 50.113982, 26.423346 ], [ 50.113762, 26.423008 ], [ 50.113283, 26.422254 ], [ 50.113261, 26.42222 ], [ 50.112901, 26.421655 ], [ 50.11276, 26.421433 ], [ 50.112567, 26.421132 ], [ 50.112281, 26.420684 ], [ 50.112016, 26.420255 ], [ 50.111835, 26.419963 ], [ 50.111239, 26.419001 ], [ 50.110921, 26.418488 ], [ 50.110527, 26.417852 ], [ 50.1102, 26.417324 ], [ 50.109851, 26.416679 ], [ 50.10954, 26.416082 ], [ 50.109487, 26.415936 ], [ 50.10946, 26.415861 ], [ 50.109416, 26.415653 ], [ 50.109382, 26.415452 ], [ 50.109349, 26.415229 ], [ 50.109283, 26.414763 ], [ 50.109271, 26.414531 ], [ 50.109287, 26.414191 ], [ 50.109299, 26.414018 ], [ 50.109332, 26.413745 ], [ 50.109371, 26.413527 ], [ 50.109433, 26.413265 ], [ 50.109565, 26.412861 ], [ 50.109711, 26.412434 ], [ 50.110005, 26.411847 ], [ 50.110298, 26.411308 ], [ 50.110319, 26.41127 ], [ 50.110465, 26.410993 ], [ 50.110465, 26.410993 ], [ 50.110519, 26.410892 ], [ 50.110602, 26.410731 ], [ 50.110745, 26.410458 ], [ 50.110818, 26.410318 ], [ 50.111278, 26.409431 ], [ 50.111961, 26.408117 ], [ 50.112137, 26.407781 ], [ 50.112409, 26.407266 ], [ 50.112566, 26.406964 ], [ 50.112625, 26.406853 ], [ 50.112974, 26.406184 ], [ 50.113645, 26.404899 ], [ 50.113985, 26.404241 ], [ 50.114067, 26.404083 ], [ 50.114608, 26.403059 ], [ 50.114719, 26.402828 ], [ 50.114796, 26.402682 ], [ 50.114868, 26.402537 ], [ 50.116149, 26.399949 ], [ 50.116189, 26.399875 ], [ 50.116365, 26.399479 ], [ 50.116535, 26.399082 ], [ 50.1167, 26.398682 ], [ 50.116859, 26.39828 ], [ 50.117013, 26.397876 ], [ 50.117161, 26.39747 ], [ 50.118044, 26.394555 ], [ 50.118442, 26.393242 ], [ 50.123907, 26.400503 ], [ 50.125683, 26.403428 ], [ 50.127267, 26.409014 ], [ 50.128998, 26.414267 ], [ 50.129043, 26.414431 ], [ 50.12888, 26.414582 ], [ 50.12853, 26.414903 ], [ 50.128225, 26.415159 ], [ 50.126783, 26.41637 ], [ 50.12678, 26.416247 ], [ 50.126701, 26.415724 ], [ 50.126021, 26.412897 ], [ 50.125891, 26.412366 ], [ 50.12524, 26.410972 ], [ 50.118596, 26.41438 ] ] ] } },
{ "type": "Feature", "properties": { "district_id": 10500013050, "city_id": 13, "region_id": 5, "name_ar": "حي الراكة الشمالية", "name_en": "Ar Rakah Ash Shamaliyah Dist." }, "geometry": { "type": "Polygon", "coordinates": [ [ [ 50.191468, 26.360136 ], [ 50.192614, 26.360566 ], [ 50.192646, 26.360579 ], [ 50.193689, 26.360984 ], [ 50.195556, 26.361709 ], [ 50.196153, 26.36201 ], [ 50.197904, 26.362895 ], [ 50.199669, 26.363785 ], [ 50.201898, 26.364911 ], [ 50.203592, 26.365767 ], [ 50.204076, 26.366011 ], [ 50.204659, 26.366306 ], [ 50.205488, 26.366713 ], [ 50.205309, 26.366979 ], [ 50.20502, 26.367313 ], [ 50.204873, 26.367464 ], [ 50.204731, 26.367609 ], [ 50.204317, 26.368098 ], [ 50.203967, 26.36851 ], [ 50.203965, 26.368513 ], [ 50.203959, 26.368519 ], [ 50.203959, 26.368519 ], [ 50.203959, 26.368519 ], [ 50.203959, 26.368519 ], [ 50.203891, 26.368588 ], [ 50.203822, 26.368657 ], [ 50.203623, 26.368859 ], [ 50.203403, 26.369082 ], [ 50.203212, 26.369274 ], [ 50.202987, 26.369501 ], [ 50.202959, 26.369529 ], [ 50.202813, 26.369676 ], [ 50.202331, 26.370164 ], [ 50.20227, 26.370225 ], [ 50.202232, 26.370264 ], [ 50.202191, 26.370311 ], [ 50.202152, 26.370356 ], [ 50.20197, 26.370566 ], [ 50.200954, 26.371738 ], [ 50.199672, 26.373501 ], [ 50.198437, 26.375055 ], [ 50.19833, 26.375198 ], [ 50.198128, 26.375467 ], [ 50.197283, 26.376594 ], [ 50.196236, 26.378166 ], [ 50.19534, 26.379738 ], [ 50.195054, 26.380182 ], [ 50.19037, 26.377538 ], [ 50.188694, 26.376591 ], [ 50.18529, 26.37467 ], [ 50.185094, 26.374579 ], [ 50.184896, 26.374495 ], [ 50.184695, 26.374418 ], [ 50.184491, 26.374347 ], [ 50.184286, 26.374283 ], [ 50.184078, 26.374226 ], [ 50.183869, 26.374175 ], [ 50.183658, 26.374131 ], [ 50.183445, 26.374094 ], [ 50.183232, 26.374065 ], [ 50.183018, 26.374042 ], [ 50.178133, 26.373423 ], [ 50.178224, 26.37068 ], [ 50.179162, 26.369725 ], [ 50.179568, 26.369347 ], [ 50.180056, 26.368893 ], [ 50.180354, 26.36864 ], [ 50.180967, 26.368115 ], [ 50.183499, 26.365967 ], [ 50.18369, 26.365781 ], [ 50.183783, 26.365683 ], [ 50.184372, 26.365013 ], [ 50.184911, 26.364363 ], [ 50.185155, 26.364017 ], [ 50.18548, 26.36357 ], [ 50.18575, 26.363157 ], [ 50.185825, 26.363042 ], [ 50.186048, 26.362656 ], [ 50.186312, 26.36223 ], [ 50.186637, 26.361681 ], [ 50.187084, 26.360828 ], [ 50.187348, 26.360198 ], [ 50.187374, 26.360138 ], [ 50.187613, 26.35967 ], [ 50.188021, 26.358915 ], [ 50.188067, 26.358832 ], [ 50.191468, 26.360136 ] ] ] } },
{ "type": "Feature", "properties": { "district_id": 10500013051, "city_id": 13, "region_id": 5, "name_ar": "حي النورس", "name_en": "An Nawras Dist." }, "geometry": { "type": "Polygon", "coordinates": [ [ [ 50.214066, 26.422389 ], [ 50.197101, 26.444844 ], [ 50.196864, 26.444351 ], [ 50.187264, 26.424885 ], [ 50.184316, 26.418851 ], [ 50.183353, 26.41724 ], [ 50.183165, 26.417045 ], [ 50.181341, 26.414105 ], [ 50.180845, 26.414425 ], [ 50.178887, 26.415689 ], [ 50.178636, 26.4158 ], [ 50.178523, 26.415854 ], [ 50.178448, 26.415883 ], [ 50.178367, 26.415912 ], [ 50.178286, 26.415938 ], [ 50.178204, 26.415967 ], [ 50.178122, 26.415991 ], [ 50.177998, 26.416027 ], [ 50.176201, 26.416493 ], [ 50.175118, 26.41339 ], [ 50.174717, 26.412024 ], [ 50.176542, 26.409775 ], [ 50.181028, 26.402666 ], [ 50.181722, 26.403062 ], [ 50.182112, 26.403294 ], [ 50.183889, 26.40435 ], [ 50.190223, 26.408141 ], [ 50.192203, 26.409325 ], [ 50.193915, 26.410307 ], [ 50.193916, 26.410307 ], [ 50.214066, 26.422389 ] ] ] } },
{ "type": "Feature", "properties": { "district_id": 10500013052, "city_id": 13, "region_id": 5, "name_ar": "حي الفيصلية", "name_en": "Al Faisaliyah Dist." }, "geometry": { "type": "Polygon", "coordinates": [ [ [ 50.081628, 26.3887 ], [ 50.067743, 26.410149 ], [ 50.06053, 26.406455 ], [ 50.042826, 26.397494 ], [ 50.061205, 26.376043 ], [ 50.062097, 26.374816 ], [ 50.069688, 26.380379 ], [ 50.07006, 26.3807 ], [ 50.075944, 26.384795 ], [ 50.075971, 26.384759 ], [ 50.081628, 26.3887 ] ] ] } },
{ "type": "Feature", "properties": { "district_id": 10500013053, "city_id": 13, "region_id": 5, "name_ar": "حي الاتصالات", "name_en": "Al Itisalat Dist." }, "geometry": { "type": "Polygon", "coordinates": [ [ [ 50.0946, 26.412797 ], [ 50.094698, 26.412843 ], [ 50.094793, 26.412894 ], [ 50.094885, 26.412949 ], [ 50.094974, 26.41301 ], [ 50.095059, 26.413076 ], [ 50.095141, 26.413146 ], [ 50.095219, 26.41322 ], [ 50.095292, 26.413299 ], [ 50.095844, 26.413933 ], [ 50.094962, 26.415016 ], [ 50.094881, 26.415128 ], [ 50.094794, 26.415235 ], [ 50.094703, 26.415338 ], [ 50.094606, 26.415437 ], [ 50.094505, 26.415531 ], [ 50.0944, 26.41562 ], [ 50.09429, 26.415703 ], [ 50.093017, 26.416529 ], [ 50.092771, 26.416703 ], [ 50.092528, 26.416882 ], [ 50.092288, 26.417064 ], [ 50.090854, 26.418248 ], [ 50.090708, 26.418366 ], [ 50.090568, 26.418489 ], [ 50.090432, 26.418617 ], [ 50.0903, 26.41875 ], [ 50.090174, 26.418888 ], [ 50.090058, 26.419024 ], [ 50.089948, 26.419164 ], [ 50.089842, 26.419309 ], [ 50.088897, 26.42084 ], [ 50.077494, 26.415016 ], [ 50.082641, 26.40677 ], [ 50.082646, 26.406763 ], [ 50.0946, 26.412797 ] ] ] } },
{ "type": "Feature", "properties": { "district_id": 10500013054, "city_id": 13, "region_id": 5, "name_ar": "حي ابن خلدون", "name_en": "Ibn Khaldun Dist." }, "geometry": { "type": "Polygon", "coordinates": [ [ [ 50.104059, 26.421855 ], [ 50.104004, 26.421934 ], [ 50.103431, 26.422751 ], [ 50.103295, 26.422945 ], [ 50.103095, 26.423201 ], [ 50.102849, 26.423514 ], [ 50.102488, 26.423975 ], [ 50.102477, 26.423991 ], [ 50.102086, 26.424528 ], [ 50.10111, 26.425872 ], [ 50.101022, 26.425993 ], [ 50.1005, 26.426701 ], [ 50.100062, 26.426488 ], [ 50.099167, 26.426055 ], [ 50.098908, 26.425953 ], [ 50.097795, 26.425363 ], [ 50.096547, 26.424701 ], [ 50.096009, 26.424416 ], [ 50.094736, 26.423801 ], [ 50.094311, 26.423589 ], [ 50.093027, 26.422948 ], [ 50.090381, 26.4216 ], [ 50.089763, 26.421274 ], [ 50.08897, 26.420877 ], [ 50.088897, 26.42084 ], [ 50.089842, 26.419309 ], [ 50.089948, 26.419164 ], [ 50.090058, 26.419024 ], [ 50.090174, 26.418888 ], [ 50.092894, 26.420266 ], [ 50.092999, 26.420316 ], [ 50.093106, 26.42036 ], [ 50.093216, 26.420397 ], [ 50.093328, 26.420429 ], [ 50.093442, 26.420454 ], [ 50.093557, 26.420473 ], [ 50.093672, 26.420485 ], [ 50.093788, 26.420491 ], [ 50.093905, 26.42049 ], [ 50.104914, 26.420498 ], [ 50.104059, 26.421855 ] ] ] } },
{ "type": "Feature", "properties": { "district_id": 10500013055, "city_id": 13, "region_id": 5, "name_ar": "حي السوق", "name_en": "As Suq Dist." }, "geometry": { "type": "Polygon", "coordinates": [ [ [ 50.10781, 26.438545 ], [ 50.107747, 26.442277 ], [ 50.106586, 26.442289 ], [ 50.105214, 26.442495 ], [ 50.101205, 26.442573 ], [ 50.100722, 26.442623 ], [ 50.098278, 26.443105 ], [ 50.096571, 26.443399 ], [ 50.096564, 26.438574 ], [ 50.100875, 26.438507 ], [ 50.10781, 26.438501 ], [ 50.10781, 26.438545 ] ] ] } },
{ "type": "Feature", "properties": { "district_id": 10500013056, "city_id": 13, "region_id": 5, "name_ar": "حي الربيع", "name_en": "Ar Rabie Dist." }, "geometry": { "type": "Polygon", "coordinates": [ [ [ 50.118034, 26.442264 ], [ 50.107747, 26.442277 ], [ 50.10781, 26.438545 ], [ 50.10781, 26.438501 ], [ 50.108287, 26.438501 ], [ 50.117998, 26.438499 ], [ 50.117997, 26.438575 ], [ 50.117994, 26.439276 ], [ 50.117987, 26.440422 ], [ 50.117985, 26.440831 ], [ 50.117987, 26.440896 ], [ 50.117991, 26.44108 ], [ 50.117991, 26.441107 ], [ 50.118029, 26.441604 ], [ 50.118034, 26.442264 ] ] ] } },
{ "type": "Feature", "properties": { "district_id": 10500013057, "city_id": 13, "region_id": 5, "name_ar": "حي الحمراء", "name_en": "Al Hamra Dist." }, "geometry": { "type": "Polygon", "coordinates": [ [ [ 50.093805, 26.477602 ], [ 50.092412, 26.477607 ], [ 50.091065, 26.477605 ], [ 50.089877, 26.477604 ], [ 50.088762, 26.477602 ], [ 50.088761, 26.480222 ], [ 50.088743, 26.48091 ], [ 50.08875, 26.480933 ], [ 50.085948, 26.480904 ], [ 50.085967, 26.4785 ], [ 50.085936, 26.478405 ], [ 50.085878, 26.478342 ], [ 50.085698, 26.477916 ], [ 50.085609, 26.477724 ], [ 50.085563, 26.477599 ], [ 50.085541, 26.477538 ], [ 50.085496, 26.47733 ], [ 50.085492, 26.477292 ], [ 50.085491, 26.477267 ], [ 50.08549, 26.477244 ], [ 50.085489, 26.477222 ], [ 50.085489, 26.477199 ], [ 50.085489, 26.477174 ], [ 50.08549, 26.477152 ], [ 50.085491, 26.477129 ], [ 50.085493, 26.477107 ], [ 50.085495, 26.477084 ], [ 50.085498, 26.477059 ], [ 50.085501, 26.477037 ], [ 50.085504, 26.477014 ], [ 50.085508, 26.476992 ], [ 50.085513, 26.476969 ], [ 50.085517, 26.476947 ], [ 50.085522, 26.476924 ], [ 50.085528, 26.476902 ], [ 50.085534, 26.476879 ], [ 50.085541, 26.476857 ], [ 50.085675, 26.476415 ], [ 50.085711, 26.476293 ], [ 50.085764, 26.47612 ], [ 50.085793, 26.476014 ], [ 50.08582, 26.475906 ], [ 50.085846, 26.475798 ], [ 50.085869, 26.475689 ], [ 50.08589, 26.475581 ], [ 50.085902, 26.475491 ], [ 50.085908, 26.475437 ], [ 50.085913, 26.475383 ], [ 50.085917, 26.475329 ], [ 50.08592, 26.475277 ], [ 50.085921, 26.475223 ], [ 50.085922, 26.475168 ], [ 50.085922, 26.475114 ], [ 50.08592, 26.47506 ], [ 50.085928, 26.474446 ], [ 50.085925, 26.473722 ], [ 50.085924, 26.473582 ], [ 50.085923, 26.473049 ], [ 50.085922, 26.472422 ], [ 50.085921, 26.471771 ], [ 50.085918, 26.470142 ], [ 50.085917, 26.469659 ], [ 50.085917, 26.468828 ], [ 50.085917, 26.468338 ], [ 50.085836, 26.459005 ], [ 50.096292, 26.458999 ], [ 50.096697, 26.458975 ], [ 50.09727, 26.45889 ], [ 50.09736, 26.458864 ], [ 50.097436, 26.458975 ], [ 50.097487, 26.459095 ], [ 50.097496, 26.459235 ], [ 50.097475, 26.459438 ], [ 50.097463, 26.459517 ], [ 50.097456, 26.459625 ], [ 50.097446, 26.459695 ], [ 50.09743, 26.459751 ], [ 50.097405, 26.459832 ], [ 50.097371, 26.459916 ], [ 50.097339, 26.45999 ], [ 50.097288, 26.460089 ], [ 50.097251, 26.460145 ], [ 50.097096, 26.460349 ], [ 50.096943, 26.460556 ], [ 50.096923, 26.460583 ], [ 50.096904, 26.46061 ], [ 50.096885, 26.460635 ], [ 50.096867, 26.460662 ], [ 50.096849, 26.460689 ], [ 50.096832, 26.460718 ], [ 50.096815, 26.460745 ], [ 50.096799, 26.460772 ], [ 50.096783, 26.460801 ], [ 50.096768, 26.46083 ], [ 50.096754, 26.460857 ], [ 50.09674, 26.460887 ], [ 50.096727, 26.460916 ], [ 50.096714, 26.460945 ], [ 50.096701, 26.460974 ], [ 50.09669, 26.461006 ], [ 50.096679, 26.461035 ], [ 50.096668, 26.461064 ], [ 50.096658, 26.461098 ], [ 50.096649, 26.461123 ], [ 50.096641, 26.46115 ], [ 50.096633, 26.461175 ], [ 50.096625, 26.461202 ], [ 50.096619, 26.461229 ], [ 50.096612, 26.461256 ], [ 50.096607, 26.461281 ], [ 50.096601, 26.461308 ], [ 50.096597, 26.461335 ], [ 50.096592, 26.461362 ], [ 50.096589, 26.461389 ], [ 50.096586, 26.461416 ], [ 50.096582, 26.461454 ], [ 50.096579, 26.461477 ], [ 50.096577, 26.4615 ], [ 50.096575, 26.461522 ], [ 50.096574, 26.461545 ], [ 50.096573, 26.461567 ], [ 50.096572, 26.46159 ], [ 50.096572, 26.461612 ], [ 50.096573, 26.461653 ], [ 50.09657, 26.461917 ], [ 50.096569, 26.46205 ], [ 50.09657, 26.462526 ], [ 50.096571, 26.462732 ], [ 50.096565, 26.463617 ], [ 50.096566, 26.46442 ], [ 50.096569, 26.465422 ], [ 50.096571, 26.466257 ], [ 50.096572, 26.467014 ], [ 50.096572, 26.467302 ], [ 50.096572, 26.468512 ], [ 50.096572, 26.469101 ], [ 50.096573, 26.470557 ], [ 50.096573, 26.470871 ], [ 50.096573, 26.472345 ], [ 50.096573, 26.4729 ], [ 50.096572, 26.473731 ], [ 50.096572, 26.473857 ], [ 50.096573, 26.474379 ], [ 50.096576, 26.476349 ], [ 50.096577, 26.476484 ], [ 50.096576, 26.476516 ], [ 50.096576, 26.476545 ], [ 50.096577, 26.476577 ], [ 50.096579, 26.476606 ], [ 50.096581, 26.476638 ], [ 50.096584, 26.476667 ], [ 50.096587, 26.476699 ], [ 50.096591, 26.476728 ], [ 50.096597, 26.476769 ], [ 50.096615, 26.476844 ], [ 50.096632, 26.476918 ], [ 50.096647, 26.476993 ], [ 50.09666, 26.477067 ], [ 50.096674, 26.477153 ], [ 50.096674, 26.477167 ], [ 50.096674, 26.47718 ], [ 50.096673, 26.477194 ], [ 50.096672, 26.477207 ], [ 50.096671, 26.477221 ], [ 50.09667, 26.477234 ], [ 50.096668, 26.477248 ], [ 50.096666, 26.477261 ], [ 50.096664, 26.477275 ], [ 50.096661, 26.477288 ], [ 50.096658, 26.477307 ], [ 50.096655, 26.477318 ], [ 50.096652, 26.477329 ], [ 50.09665, 26.47734 ], [ 50.096559, 26.477586 ], [ 50.096567, 26.47759 ], [ 50.096577, 26.477595 ], [ 50.096585, 26.477599 ], [ 50.096595, 26.477604 ], [ 50.096603, 26.477611 ], [ 50.096611, 26.477615 ], [ 50.096615, 26.47762 ], [ 50.096623, 26.477625 ], [ 50.096631, 26.477631 ], [ 50.096639, 26.477638 ], [ 50.096646, 26.477645 ], [ 50.096653, 26.477652 ], [ 50.09666, 26.477659 ], [ 50.096663, 26.477663 ], [ 50.09667, 26.47767 ], [ 50.096676, 26.477679 ], [ 50.096681, 26.477686 ], [ 50.096687, 26.477695 ], [ 50.096692, 26.477704 ], [ 50.096696, 26.477711 ], [ 50.096701, 26.47772 ], [ 50.096705, 26.477729 ], [ 50.096709, 26.477738 ], [ 50.096713, 26.477747 ], [ 50.096717, 26.477754 ], [ 50.096721, 26.477763 ], [ 50.096725, 26.477772 ], [ 50.096728, 26.477779 ], [ 50.096731, 26.477788 ], [ 50.096734, 26.477797 ], [ 50.096737, 26.477804 ], [ 50.09674, 26.477813 ], [ 50.096743, 26.477822 ], [ 50.096745, 26.477831 ], [ 50.096747, 26.477837 ], [ 50.096749, 26.477847 ], [ 50.096751, 26.477856 ], [ 50.096753, 26.477865 ], [ 50.096755, 26.477874 ], [ 50.096756, 26.477883 ], [ 50.096757, 26.477892 ], [ 50.096759, 26.477899 ], [ 50.09676, 26.477908 ], [ 50.09676, 26.477917 ], [ 50.096761, 26.477926 ], [ 50.096762, 26.477935 ], [ 50.096762, 26.477944 ], [ 50.096762, 26.477953 ], [ 50.096762, 26.477962 ], [ 50.096762, 26.477971 ], [ 50.096761, 26.47798 ], [ 50.09676, 26.477987 ], [ 50.09676, 26.477996 ], [ 50.096759, 26.478005 ], [ 50.096758, 26.478014 ], [ 50.096756, 26.478023 ], [ 50.096755, 26.478032 ], [ 50.096753, 26.478041 ], [ 50.096752, 26.47805 ], [ 50.09675, 26.478056 ], [ 50.096747, 26.478065 ], [ 50.096745, 26.478074 ], [ 50.096743, 26.478084 ], [ 50.09674, 26.478093 ], [ 50.096737, 26.478099 ], [ 50.096734, 26.478108 ], [ 50.096731, 26.478117 ], [ 50.096728, 26.478126 ], [ 50.096725, 26.478133 ], [ 50.096721, 26.478142 ], [ 50.096717, 26.478149 ], [ 50.096713, 26.478158 ], [ 50.096709, 26.478167 ], [ 50.096705, 26.478174 ], [ 50.096701, 26.478183 ], [ 50.096696, 26.478189 ], [ 50.096691, 26.478198 ], [ 50.096687, 26.478205 ], [ 50.096682, 26.478212 ], [ 50.096677, 26.478221 ], [ 50.096671, 26.478227 ], [ 50.096666, 26.478234 ], [ 50.09666, 26.478243 ], [ 50.096655, 26.47825 ], [ 50.096649, 26.478257 ], [ 50.096643, 26.478263 ], [ 50.096637, 26.47827 ], [ 50.096624, 26.478284 ], [ 50.096619, 26.47829 ], [ 50.096613, 26.478295 ], [ 50.096607, 26.478299 ], [ 50.096601, 26.478306 ], [ 50.096594, 26.478311 ], [ 50.096588, 26.478315 ], [ 50.096581, 26.478319 ], [ 50.096574, 26.478324 ], [ 50.096567, 26.478328 ], [ 50.096559, 26.478331 ], [ 50.096552, 26.478335 ], [ 50.096544, 26.478337 ], [ 50.096537, 26.478342 ], [ 50.096529, 26.478344 ], [ 50.096521, 26.478346 ], [ 50.096513, 26.478348 ], [ 50.096505, 26.478351 ], [ 50.096497, 26.478353 ], [ 50.096489, 26.478355 ], [ 50.09648, 26.478355 ], [ 50.096472, 26.478357 ], [ 50.096464, 26.478357 ], [ 50.096455, 26.478357 ], [ 50.096447, 26.478359 ], [ 50.096438, 26.478359 ], [ 50.09643, 26.478359 ], [ 50.096422, 26.478357 ], [ 50.096413, 26.478357 ], [ 50.096405, 26.478357 ], [ 50.096392, 26.478354 ], [ 50.09638, 26.478352 ], [ 50.096372, 26.47835 ], [ 50.096364, 26.478347 ], [ 50.096356, 26.478345 ], [ 50.096345, 26.478341 ], [ 50.095817, 26.47803 ], [ 50.095685, 26.477935 ], [ 50.09568, 26.47793 ], [ 50.095674, 26.477926 ], [ 50.095668, 26.477921 ], [ 50.095663, 26.477916 ], [ 50.095658, 26.47791 ], [ 50.095653, 26.477905 ], [ 50.095648, 26.477901 ], [ 50.095643, 26.477894 ], [ 50.095639, 26.477887 ], [ 50.095634, 26.477882 ], [ 50.09563, 26.477876 ], [ 50.095627, 26.477869 ], [ 50.095623, 26.477864 ], [ 50.09562, 26.477857 ], [ 50.095617, 26.477851 ], [ 50.095614, 26.477844 ], [ 50.095611, 26.477837 ], [ 50.095609, 26.47783 ], [ 50.095607, 26.477824 ], [ 50.095606, 26.477817 ], [ 50.095604, 26.47781 ], [ 50.095603, 26.477803 ], [ 50.095602, 26.477794 ], [ 50.095601, 26.477787 ], [ 50.095601, 26.477781 ], [ 50.095601, 26.477774 ], [ 50.095601, 26.477767 ], [ 50.095602, 26.47776 ], [ 50.095603, 26.477754 ], [ 50.095604, 26.477744 ], [ 50.095605, 26.477738 ], [ 50.095607, 26.477731 ], [ 50.095609, 26.477724 ], [ 50.09561, 26.477717 ], [ 50.095613, 26.477711 ], [ 50.095576, 26.477699 ], [ 50.094918, 26.477609 ], [ 50.094705, 26.477606 ], [ 50.093805, 26.477602 ] ] ] } },
{ "type": "Feature", "properties": { "district_id": 10500013058, "city_id": 13, "region_id": 5, "name_ar": "حي البحيرة", "name_en": "Al Buhayrah Dist." }, "geometry": { "type": "Polygon", "coordinates": [ [ [ 50.068773, 26.462689 ], [ 50.068789, 26.46269 ], [ 50.068848, 26.462691 ], [ 50.068882, 26.462692 ], [ 50.068936, 26.462695 ], [ 50.068981, 26.462699 ], [ 50.069038, 26.462702 ], [ 50.069054, 26.462704 ], [ 50.06907, 26.462706 ], [ 50.069094, 26.462709 ], [ 50.06911, 26.462711 ], [ 50.069128, 26.462712 ], [ 50.06916, 26.462715 ], [ 50.069175, 26.462717 ], [ 50.069245, 26.462728 ], [ 50.069297, 26.462737 ], [ 50.069309, 26.462739 ], [ 50.069336, 26.462743 ], [ 50.069362, 26.462747 ], [ 50.069395, 26.462754 ], [ 50.069426, 26.462761 ], [ 50.069476, 26.46277 ], [ 50.0695, 26.462775 ], [ 50.06957, 26.462792 ], [ 50.069618, 26.462803 ], [ 50.069668, 26.462815 ], [ 50.069739, 26.462836 ], [ 50.069798, 26.462853 ], [ 50.070014, 26.462925 ], [ 50.070252, 26.463005 ], [ 50.070287, 26.463015 ], [ 50.070348, 26.463033 ], [ 50.070384, 26.463045 ], [ 50.070453, 26.463066 ], [ 50.070533, 26.463089 ], [ 50.07082, 26.463165 ], [ 50.071025, 26.463214 ], [ 50.071222, 26.463251 ], [ 50.072056, 26.463301 ], [ 50.072689, 26.46331 ], [ 50.072558, 26.464362 ], [ 50.07241, 26.464904 ], [ 50.072295, 26.465268 ], [ 50.072119, 26.465585 ], [ 50.07182, 26.466036 ], [ 50.071744, 26.466139 ], [ 50.071543, 26.466351 ], [ 50.071371, 26.466532 ], [ 50.071187, 26.466744 ], [ 50.070733, 26.46728 ], [ 50.070318, 26.467795 ], [ 50.07014, 26.46802 ], [ 50.069972, 26.468246 ], [ 50.069525, 26.468878 ], [ 50.069368, 26.469101 ], [ 50.069313, 26.469185 ], [ 50.069076, 26.469555 ], [ 50.068639, 26.470276 ], [ 50.068342, 26.470803 ], [ 50.068221, 26.471014 ], [ 50.067975, 26.471509 ], [ 50.067892, 26.471676 ], [ 50.067855, 26.471753 ], [ 50.067743, 26.471984 ], [ 50.067727, 26.47202 ], [ 50.067668, 26.472158 ], [ 50.067526, 26.472489 ], [ 50.067233, 26.473178 ], [ 50.067182, 26.473301 ], [ 50.066951, 26.473863 ], [ 50.066906, 26.473972 ], [ 50.066884, 26.474028 ], [ 50.066815, 26.474196 ], [ 50.065748, 26.473837 ], [ 50.063515, 26.473089 ], [ 50.062444, 26.47273 ], [ 50.059485, 26.471738 ], [ 50.05892, 26.471531 ], [ 50.058436, 26.471354 ], [ 50.05954, 26.468695 ], [ 50.060515, 26.466341 ], [ 50.060539, 26.466284 ], [ 50.060618, 26.466093 ], [ 50.060653, 26.466008 ], [ 50.0607, 26.465882 ], [ 50.060752, 26.465758 ], [ 50.06078, 26.465695 ], [ 50.060809, 26.465634 ], [ 50.060839, 26.465573 ], [ 50.06087, 26.465513 ], [ 50.060903, 26.465454 ], [ 50.060937, 26.465396 ], [ 50.060971, 26.465337 ], [ 50.061007, 26.465279 ], [ 50.061044, 26.46522 ], [ 50.061085, 26.465162 ], [ 50.061139, 26.465079 ], [ 50.061213, 26.464978 ], [ 50.061261, 26.464917 ], [ 50.061309, 26.464859 ], [ 50.061381, 26.464773 ], [ 50.061434, 26.464713 ], [ 50.061488, 26.464652 ], [ 50.06152, 26.464619 ], [ 50.061531, 26.464607 ], [ 50.061544, 26.464594 ], [ 50.06156, 26.464578 ], [ 50.06156, 26.464578 ], [ 50.061602, 26.464536 ], [ 50.061604, 26.464534 ], [ 50.061658, 26.464479 ], [ 50.061752, 26.464393 ], [ 50.061888, 26.464272 ], [ 50.061894, 26.464267 ], [ 50.061899, 26.464262 ], [ 50.061908, 26.464255 ], [ 50.061945, 26.464225 ], [ 50.061988, 26.464191 ], [ 50.062043, 26.46415 ], [ 50.062116, 26.464095 ], [ 50.062216, 26.464026 ], [ 50.062216, 26.464026 ], [ 50.062295, 26.463976 ], [ 50.062404, 26.463908 ], [ 50.062487, 26.463861 ], [ 50.062524, 26.463842 ], [ 50.06258, 26.463811 ], [ 50.062648, 26.463778 ], [ 50.062694, 26.463755 ], [ 50.062752, 26.463728 ], [ 50.062849, 26.463686 ], [ 50.062996, 26.463623 ], [ 50.063073, 26.46359 ], [ 50.063139, 26.463564 ], [ 50.063206, 26.463539 ], [ 50.063231, 26.46353 ], [ 50.063272, 26.463515 ], [ 50.063319, 26.4635 ], [ 50.06333, 26.463496 ], [ 50.06334, 26.463493 ], [ 50.063345, 26.463491 ], [ 50.063373, 26.463482 ], [ 50.063405, 26.463471 ], [ 50.063408, 26.463471 ], [ 50.063412, 26.463469 ], [ 50.063439, 26.463461 ], [ 50.06347, 26.463451 ], [ 50.063475, 26.463449 ], [ 50.063476, 26.463449 ], [ 50.063489, 26.463445 ], [ 50.063496, 26.463443 ], [ 50.063505, 26.463441 ], [ 50.063508, 26.46344 ], [ 50.063539, 26.463431 ], [ 50.063541, 26.463431 ], [ 50.063546, 26.463429 ], [ 50.063547, 26.463429 ], [ 50.063548, 26.463429 ], [ 50.063548, 26.463429 ], [ 50.063549, 26.463429 ], [ 50.06355, 26.463428 ], [ 50.063555, 26.463427 ], [ 50.063561, 26.463425 ], [ 50.063573, 26.463422 ], [ 50.063575, 26.463421 ], [ 50.063607, 26.463412 ], [ 50.063641, 26.463403 ], [ 50.063657, 26.463398 ], [ 50.063657, 26.463398 ], [ 50.06367, 26.463394 ], [ 50.063697, 26.463387 ], [ 50.063712, 26.463382 ], [ 50.063732, 26.463378 ], [ 50.063753, 26.463373 ], [ 50.063762, 26.463371 ], [ 50.063767, 26.463369 ], [ 50.063773, 26.463368 ], [ 50.063818, 26.463359 ], [ 50.063841, 26.463354 ], [ 50.063871, 26.463347 ], [ 50.063889, 26.463343 ], [ 50.063917, 26.463338 ], [ 50.063937, 26.463334 ], [ 50.064079, 26.463311 ], [ 50.06421, 26.46329 ], [ 50.064287, 26.463278 ], [ 50.064382, 26.463266 ], [ 50.064449, 26.463257 ], [ 50.064465, 26.463255 ], [ 50.064608, 26.463235 ], [ 50.064804, 26.463207 ], [ 50.064949, 26.463188 ], [ 50.065121, 26.463163 ], [ 50.065334, 26.463133 ], [ 50.065609, 26.463094 ], [ 50.066127, 26.46302 ], [ 50.066639, 26.462947 ], [ 50.066999, 26.462896 ], [ 50.067027, 26.462892 ], [ 50.06723, 26.462863 ], [ 50.067675, 26.4628 ], [ 50.067828, 26.462778 ], [ 50.068023, 26.46275 ], [ 50.068082, 26.462742 ], [ 50.068135, 26.462734 ], [ 50.068201, 26.462726 ], [ 50.068217, 26.462724 ], [ 50.068362, 26.462706 ], [ 50.068418, 26.462702 ], [ 50.068448, 26.4627 ], [ 50.068521, 26.462695 ], [ 50.068631, 26.462691 ], [ 50.068643, 26.46269 ], [ 50.068694, 26.462688 ], [ 50.068756, 26.462689 ], [ 50.068773, 26.462689 ] ] ] } },
{ "type": "Feature", "properties": { "district_id": 10500013059, "city_id": 13, "region_id": 5, "name_ar": "حي الجوهرة", "name_en": "Al Jawharah Dist." }, "geometry": { "type": "Polygon", "coordinates": [ [ [ 50.073802, 26.468727 ], [ 50.073301, 26.469555 ], [ 50.071734, 26.472134 ], [ 50.071626, 26.472308 ], [ 50.071234, 26.472982 ], [ 50.071124, 26.473232 ], [ 50.07038, 26.474948 ], [ 50.0703, 26.475128 ], [ 50.067525, 26.474243 ], [ 50.066884, 26.474028 ], [ 50.066906, 26.473972 ], [ 50.066951, 26.473863 ], [ 50.067182, 26.473301 ], [ 50.067233, 26.473178 ], [ 50.067526, 26.472489 ], [ 50.067668, 26.472158 ], [ 50.067727, 26.47202 ], [ 50.067743, 26.471984 ], [ 50.067855, 26.471753 ], [ 50.067892, 26.471676 ], [ 50.067975, 26.471509 ], [ 50.068221, 26.471014 ], [ 50.068342, 26.470803 ], [ 50.068639, 26.470276 ], [ 50.069076, 26.469555 ], [ 50.069313, 26.469185 ], [ 50.069368, 26.469101 ], [ 50.069525, 26.468878 ], [ 50.069972, 26.468246 ], [ 50.07014, 26.46802 ], [ 50.070318, 26.467795 ], [ 50.070733, 26.46728 ], [ 50.071187, 26.466744 ], [ 50.071371, 26.466532 ], [ 50.071543, 26.466351 ], [ 50.071744, 26.466139 ], [ 50.07182, 26.466036 ], [ 50.072119, 26.465585 ], [ 50.072295, 26.465268 ], [ 50.07241, 26.464904 ], [ 50.072558, 26.464362 ], [ 50.072689, 26.46331 ], [ 50.073709, 26.462725 ], [ 50.073918, 26.462594 ], [ 50.074096, 26.462509 ], [ 50.074279, 26.462431 ], [ 50.074467, 26.462362 ], [ 50.074657, 26.462298 ], [ 50.074848, 26.462232 ], [ 50.075038, 26.462167 ], [ 50.075229, 26.462101 ], [ 50.07542, 26.462037 ], [ 50.075538, 26.461995 ], [ 50.075609, 26.461968 ], [ 50.075797, 26.461899 ], [ 50.075985, 26.46183 ], [ 50.076169, 26.461755 ], [ 50.076351, 26.461677 ], [ 50.07653, 26.461595 ], [ 50.076707, 26.46151 ], [ 50.076885, 26.461426 ], [ 50.077057, 26.461332 ], [ 50.077336, 26.461178 ], [ 50.077374, 26.461156 ], [ 50.079425, 26.459925 ], [ 50.079719, 26.459749 ], [ 50.0799, 26.459646 ], [ 50.08002, 26.459581 ], [ 50.080173, 26.45951 ], [ 50.080257, 26.459472 ], [ 50.080341, 26.459437 ], [ 50.080426, 26.459401 ], [ 50.080512, 26.459368 ], [ 50.080599, 26.459337 ], [ 50.080686, 26.459306 ], [ 50.080774, 26.459277 ], [ 50.080862, 26.459248 ], [ 50.080951, 26.459222 ], [ 50.08104, 26.459197 ], [ 50.081074, 26.459189 ], [ 50.08113, 26.459173 ], [ 50.081137, 26.459172 ], [ 50.08122, 26.459151 ], [ 50.081311, 26.459129 ], [ 50.081402, 26.45911 ], [ 50.081437, 26.459103 ], [ 50.081493, 26.459092 ], [ 50.081585, 26.459075 ], [ 50.081768, 26.459051 ], [ 50.081885, 26.459038 ], [ 50.082003, 26.459028 ], [ 50.08212, 26.459017 ], [ 50.082238, 26.459011 ], [ 50.082357, 26.459005 ], [ 50.082673, 26.459005 ], [ 50.083331, 26.459005 ], [ 50.085836, 26.459005 ], [ 50.085917, 26.468338 ], [ 50.084288, 26.467642 ], [ 50.084244, 26.467626 ], [ 50.0842, 26.46761 ], [ 50.084168, 26.467598 ], [ 50.084136, 26.467589 ], [ 50.084104, 26.46758 ], [ 50.084072, 26.46757 ], [ 50.08404, 26.467561 ], [ 50.084007, 26.467554 ], [ 50.083975, 26.467547 ], [ 50.083942, 26.46754 ], [ 50.083909, 26.467533 ], [ 50.083876, 26.467529 ], [ 50.083837, 26.467522 ], [ 50.08377, 26.467514 ], [ 50.083703, 26.467509 ], [ 50.083636, 26.467504 ], [ 50.083557, 26.467499 ], [ 50.081439, 26.467495 ], [ 50.080876, 26.467494 ], [ 50.079943, 26.467499 ], [ 50.079663, 26.467499 ], [ 50.079297, 26.467499 ], [ 50.078931, 26.467499 ], [ 50.078565, 26.467499 ], [ 50.078199, 26.467499 ], [ 50.077833, 26.467499 ], [ 50.077818, 26.467499 ], [ 50.07745, 26.467492 ], [ 50.077091, 26.467449 ], [ 50.077082, 26.467449 ], [ 50.077027, 26.467437 ], [ 50.076973, 26.467425 ], [ 50.076919, 26.467414 ], [ 50.076882, 26.467405 ], [ 50.076865, 26.467402 ], [ 50.076812, 26.467388 ], [ 50.076759, 26.467372 ], [ 50.076721, 26.467363 ], [ 50.076215, 26.467163 ], [ 50.076182, 26.467147 ], [ 50.076135, 26.467122 ], [ 50.076089, 26.467097 ], [ 50.076043, 26.46707 ], [ 50.075997, 26.467044 ], [ 50.075952, 26.467017 ], [ 50.075538, 26.466753 ], [ 50.073802, 26.468727 ] ] ] } },
{ "type": "Feature", "properties": { "district_id": 10500013060, "city_id": 13, "region_id": 5, "name_ar": "حي الرابية", "name_en": "Ar Rabiyah Dist." }, "geometry": { "type": "Polygon", "coordinates": [ [ [ 50.039847, 26.462899 ], [ 50.03827, 26.466579 ], [ 50.035584, 26.46571 ], [ 50.034772, 26.465447 ], [ 50.032506, 26.464714 ], [ 50.03135, 26.464338 ], [ 50.030645, 26.46411 ], [ 50.029945, 26.463884 ], [ 50.027465, 26.463082 ], [ 50.02636, 26.462722 ], [ 50.026939, 26.462195 ], [ 50.027658, 26.461539 ], [ 50.0282, 26.46106 ], [ 50.02835, 26.460919 ], [ 50.02839, 26.46088 ], [ 50.028978, 26.46034 ], [ 50.029474, 26.459899 ], [ 50.029745, 26.459653 ], [ 50.039847, 26.462899 ] ] ] } },
{ "type": "Feature", "properties": { "district_id": 10500013061, "city_id": 13, "region_id": 5, "name_ar": "حي الدانة", "name_en": "Ad Danah Dist." }, "geometry": { "type": "Polygon", "coordinates": [ [ [ 50.047642, 26.465484 ], [ 50.047088, 26.466834 ], [ 50.046831, 26.467462 ], [ 50.04614, 26.469126 ], [ 50.042528, 26.467957 ], [ 50.041756, 26.467708 ], [ 50.04096, 26.46745 ], [ 50.04029, 26.467233 ], [ 50.039854, 26.467093 ], [ 50.03916, 26.466867 ], [ 50.038851, 26.466768 ], [ 50.038764, 26.46674 ], [ 50.03827, 26.466579 ], [ 50.039847, 26.462899 ], [ 50.047642, 26.465484 ] ] ] } },
{ "type": "Feature", "properties": { "district_id": 10500013062, "city_id": 13, "region_id": 5, "name_ar": "حي المحمدية", "name_en": "Al Muhammadiyah Dist." }, "geometry": { "type": "Polygon", "coordinates": [ [ [ 50.058277, 26.440378 ], [ 50.058339, 26.440381 ], [ 50.058367, 26.440383 ], [ 50.059373, 26.440468 ], [ 50.059482, 26.440474 ], [ 50.06035, 26.440545 ], [ 50.060879, 26.440591 ], [ 50.060969, 26.4406 ], [ 50.06172, 26.440673 ], [ 50.061776, 26.44068 ], [ 50.064121, 26.440886 ], [ 50.064681, 26.440939 ], [ 50.064666, 26.441036 ], [ 50.064638, 26.441237 ], [ 50.064617, 26.441519 ], [ 50.064569, 26.442047 ], [ 50.064549, 26.442201 ], [ 50.064514, 26.442481 ], [ 50.064503, 26.442561 ], [ 50.064428, 26.443148 ], [ 50.064363, 26.443508 ], [ 50.064347, 26.443592 ], [ 50.064098, 26.444955 ], [ 50.064085, 26.445028 ], [ 50.064042, 26.445262 ], [ 50.063986, 26.445575 ], [ 50.063972, 26.445654 ], [ 50.063675, 26.447325 ], [ 50.063524, 26.448187 ], [ 50.063257, 26.449715 ], [ 50.063135, 26.450382 ], [ 50.062964, 26.451299 ], [ 50.062935, 26.451455 ], [ 50.062821, 26.452068 ], [ 50.062787, 26.452298 ], [ 50.06277, 26.452406 ], [ 50.062742, 26.452622 ], [ 50.062583, 26.453533 ], [ 50.061256, 26.460489 ], [ 50.061267, 26.4608 ], [ 50.06173, 26.463772 ], [ 50.061811, 26.463913 ], [ 50.062043, 26.46415 ], [ 50.061988, 26.464191 ], [ 50.061945, 26.464225 ], [ 50.061908, 26.464255 ], [ 50.061899, 26.464262 ], [ 50.061894, 26.464267 ], [ 50.061888, 26.464272 ], [ 50.061752, 26.464393 ], [ 50.061658, 26.464479 ], [ 50.061604, 26.464534 ], [ 50.061602, 26.464536 ], [ 50.06156, 26.464578 ], [ 50.06156, 26.464578 ], [ 50.061544, 26.464594 ], [ 50.061531, 26.464607 ], [ 50.06152, 26.464619 ], [ 50.061488, 26.464652 ], [ 50.061434, 26.464713 ], [ 50.061381, 26.464773 ], [ 50.061309, 26.464859 ], [ 50.061261, 26.464917 ], [ 50.061213, 26.464978 ], [ 50.061139, 26.465079 ], [ 50.061085, 26.465162 ], [ 50.061044, 26.46522 ], [ 50.061007, 26.465279 ], [ 50.060971, 26.465337 ], [ 50.060937, 26.465396 ], [ 50.060903, 26.465454 ], [ 50.06087, 26.465513 ], [ 50.060839, 26.465573 ], [ 50.060809, 26.465634 ], [ 50.06078, 26.465695 ], [ 50.060752, 26.465758 ], [ 50.0607, 26.465882 ], [ 50.060653, 26.466008 ], [ 50.060618, 26.466093 ], [ 50.060539, 26.466284 ], [ 50.060515, 26.466341 ], [ 50.05954, 26.468695 ], [ 50.058436, 26.471354 ], [ 50.055744, 26.470451 ], [ 50.055139, 26.470248 ], [ 50.053789, 26.469795 ], [ 50.053138, 26.469578 ], [ 50.052498, 26.469362 ], [ 50.051923, 26.469171 ], [ 50.04995, 26.468508 ], [ 50.046831, 26.467462 ], [ 50.047088, 26.466834 ], [ 50.047642, 26.465484 ], [ 50.048924, 26.462636 ], [ 50.049243, 26.461878 ], [ 50.049585, 26.461065 ], [ 50.050259, 26.459464 ], [ 50.050545, 26.458805 ], [ 50.050821, 26.458131 ], [ 50.051104, 26.457457 ], [ 50.051324, 26.456921 ], [ 50.051466, 26.456567 ], [ 50.051856, 26.455673 ], [ 50.052083, 26.455081 ], [ 50.052225, 26.454713 ], [ 50.052892, 26.453103 ], [ 50.053024, 26.452775 ], [ 50.053315, 26.452069 ], [ 50.053808, 26.450853 ], [ 50.054048, 26.450266 ], [ 50.054094, 26.450144 ], [ 50.054701, 26.448694 ], [ 50.055635, 26.446435 ], [ 50.055817, 26.44598 ], [ 50.056062, 26.445388 ], [ 50.05634, 26.444716 ], [ 50.057542, 26.441788 ], [ 50.05768, 26.44144 ], [ 50.057811, 26.441127 ], [ 50.05812, 26.44037 ], [ 50.058277, 26.440378 ] ] ] } },
{ "type": "Feature", "properties": { "district_id": 10500013063, "city_id": 13, "region_id": 5, "name_ar": "حي العزيزية", "name_en": "Al Aziziyah Dist." }, "geometry": { "type": "Polygon", "coordinates": [ [ [ 50.068694, 26.462688 ], [ 50.068643, 26.46269 ], [ 50.068631, 26.462691 ], [ 50.068521, 26.462695 ], [ 50.068448, 26.4627 ], [ 50.068418, 26.462702 ], [ 50.068362, 26.462706 ], [ 50.068217, 26.462724 ], [ 50.068201, 26.462726 ], [ 50.068135, 26.462734 ], [ 50.068082, 26.462742 ], [ 50.068023, 26.46275 ], [ 50.067828, 26.462778 ], [ 50.067675, 26.4628 ], [ 50.06723, 26.462863 ], [ 50.067027, 26.462892 ], [ 50.066999, 26.462896 ], [ 50.066639, 26.462947 ], [ 50.066127, 26.46302 ], [ 50.065609, 26.463094 ], [ 50.065334, 26.463133 ], [ 50.065121, 26.463163 ], [ 50.064949, 26.463188 ], [ 50.064804, 26.463207 ], [ 50.064608, 26.463235 ], [ 50.064465, 26.463255 ], [ 50.064449, 26.463257 ], [ 50.064382, 26.463266 ], [ 50.064287, 26.463278 ], [ 50.06421, 26.46329 ], [ 50.064079, 26.463311 ], [ 50.063937, 26.463334 ], [ 50.063917, 26.463338 ], [ 50.063889, 26.463343 ], [ 50.063871, 26.463347 ], [ 50.063841, 26.463354 ], [ 50.063818, 26.463359 ], [ 50.063773, 26.463368 ], [ 50.063767, 26.463369 ], [ 50.063762, 26.463371 ], [ 50.063753, 26.463373 ], [ 50.063732, 26.463378 ], [ 50.063712, 26.463382 ], [ 50.063697, 26.463387 ], [ 50.06367, 26.463394 ], [ 50.063657, 26.463398 ], [ 50.063657, 26.463398 ], [ 50.063641, 26.463403 ], [ 50.063607, 26.463412 ], [ 50.063575, 26.463421 ], [ 50.063573, 26.463422 ], [ 50.063561, 26.463425 ], [ 50.063555, 26.463427 ], [ 50.06355, 26.463428 ], [ 50.063549, 26.463429 ], [ 50.063548, 26.463429 ], [ 50.063548, 26.463429 ], [ 50.063547, 26.463429 ], [ 50.063546, 26.463429 ], [ 50.063541, 26.463431 ], [ 50.063539, 26.463431 ], [ 50.063508, 26.46344 ], [ 50.063505, 26.463441 ], [ 50.063496, 26.463443 ], [ 50.063489, 26.463445 ], [ 50.063476, 26.463449 ], [ 50.063475, 26.463449 ], [ 50.06347, 26.463451 ], [ 50.063439, 26.463461 ], [ 50.063412, 26.463469 ], [ 50.063408, 26.463471 ], [ 50.063405, 26.463471 ], [ 50.063373, 26.463482 ], [ 50.063345, 26.463491 ], [ 50.06334, 26.463493 ], [ 50.06333, 26.463496 ], [ 50.063319, 26.4635 ], [ 50.063272, 26.463515 ], [ 50.063231, 26.46353 ], [ 50.063206, 26.463539 ], [ 50.063139, 26.463564 ], [ 50.063073, 26.46359 ], [ 50.062996, 26.463623 ], [ 50.062849, 26.463686 ], [ 50.062752, 26.463728 ], [ 50.062694, 26.463755 ], [ 50.062648, 26.463778 ], [ 50.06258, 26.463811 ], [ 50.062524, 26.463842 ], [ 50.062487, 26.463861 ], [ 50.062404, 26.463908 ], [ 50.062295, 26.463976 ], [ 50.062216, 26.464026 ], [ 50.062216, 26.464026 ], [ 50.062116, 26.464095 ], [ 50.062043, 26.46415 ], [ 50.061811, 26.463913 ], [ 50.06173, 26.463772 ], [ 50.061267, 26.4608 ], [ 50.061256, 26.460489 ], [ 50.062583, 26.453533 ], [ 50.064178, 26.453276 ], [ 50.064386, 26.453242 ], [ 50.064509, 26.453222 ], [ 50.065092, 26.453134 ], [ 50.065962, 26.453027 ], [ 50.066776, 26.452927 ], [ 50.067095, 26.452887 ], [ 50.067591, 26.45282 ], [ 50.067629, 26.452815 ], [ 50.068317, 26.452722 ], [ 50.068469, 26.452702 ], [ 50.068974, 26.452634 ], [ 50.069721, 26.452533 ], [ 50.070613, 26.452413 ], [ 50.070903, 26.452374 ], [ 50.071575, 26.452283 ], [ 50.072279, 26.452188 ], [ 50.073267, 26.452055 ], [ 50.073513, 26.452022 ], [ 50.074281, 26.451918 ], [ 50.075558, 26.451746 ], [ 50.075864, 26.451705 ], [ 50.076176, 26.451655 ], [ 50.076937, 26.451533 ], [ 50.077291, 26.451488 ], [ 50.077645, 26.451442 ], [ 50.077861, 26.451402 ], [ 50.077959, 26.451379 ], [ 50.077959, 26.451379 ], [ 50.077963, 26.451378 ], [ 50.078007, 26.451365 ], [ 50.078064, 26.451344 ], [ 50.078387, 26.451225 ], [ 50.079206, 26.450841 ], [ 50.079803, 26.450563 ], [ 50.079974, 26.450495 ], [ 50.080752, 26.450205 ], [ 50.080767, 26.450269 ], [ 50.080843, 26.450599 ], [ 50.080843, 26.450599 ], [ 50.080993, 26.451354 ], [ 50.081043, 26.451708 ], [ 50.081077, 26.45251 ], [ 50.081074, 26.452825 ], [ 50.081082, 26.453782 ], [ 50.08107, 26.454917 ], [ 50.081069, 26.454963 ], [ 50.081089, 26.456059 ], [ 50.081129, 26.458638 ], [ 50.081137, 26.459172 ], [ 50.08113, 26.459173 ], [ 50.081074, 26.459189 ], [ 50.08104, 26.459197 ], [ 50.080951, 26.459222 ], [ 50.080862, 26.459248 ], [ 50.080774, 26.459277 ], [ 50.080686, 26.459306 ], [ 50.080599, 26.459337 ], [ 50.080512, 26.459368 ], [ 50.080426, 26.459401 ], [ 50.080341, 26.459437 ], [ 50.080257, 26.459472 ], [ 50.080173, 26.45951 ], [ 50.08002, 26.459581 ], [ 50.0799, 26.459646 ], [ 50.079719, 26.459749 ], [ 50.079425, 26.459925 ], [ 50.077374, 26.461156 ], [ 50.077336, 26.461178 ], [ 50.077057, 26.461332 ], [ 50.076885, 26.461426 ], [ 50.076707, 26.46151 ], [ 50.07653, 26.461595 ], [ 50.076351, 26.461677 ], [ 50.076169, 26.461755 ], [ 50.075985, 26.46183 ], [ 50.075797, 26.461899 ], [ 50.075609, 26.461968 ], [ 50.075538, 26.461995 ], [ 50.07542, 26.462037 ], [ 50.075229, 26.462101 ], [ 50.075038, 26.462167 ], [ 50.074848, 26.462232 ], [ 50.074657, 26.462298 ], [ 50.074467, 26.462362 ], [ 50.074279, 26.462431 ], [ 50.074096, 26.462509 ], [ 50.073918, 26.462594 ], [ 50.073709, 26.462725 ], [ 50.072689, 26.46331 ], [ 50.072056, 26.463301 ], [ 50.071222, 26.463251 ], [ 50.071025, 26.463214 ], [ 50.07082, 26.463165 ], [ 50.070533, 26.463089 ], [ 50.070453, 26.463066 ], [ 50.070384, 26.463045 ], [ 50.070348, 26.463033 ], [ 50.070287, 26.463015 ], [ 50.070252, 26.463005 ], [ 50.070014, 26.462925 ], [ 50.069798, 26.462853 ], [ 50.069739, 26.462836 ], [ 50.069668, 26.462815 ], [ 50.069618, 26.462803 ], [ 50.06957, 26.462792 ], [ 50.0695, 26.462775 ], [ 50.069476, 26.46277 ], [ 50.069426, 26.462761 ], [ 50.069395, 26.462754 ], [ 50.069362, 26.462747 ], [ 50.069336, 26.462743 ], [ 50.069309, 26.462739 ], [ 50.069297, 26.462737 ], [ 50.069245, 26.462728 ], [ 50.069175, 26.462717 ], [ 50.06916, 26.462715 ], [ 50.069128, 26.462712 ], [ 50.06911, 26.462711 ], [ 50.069094, 26.462709 ], [ 50.06907, 26.462706 ], [ 50.069054, 26.462704 ], [ 50.069038, 26.462702 ], [ 50.068981, 26.462699 ], [ 50.068936, 26.462695 ], [ 50.068882, 26.462692 ], [ 50.068848, 26.462691 ], [ 50.068789, 26.46269 ], [ 50.068773, 26.462689 ], [ 50.068756, 26.462689 ], [ 50.068694, 26.462688 ] ] ] } },
{ "type": "Feature", "properties": { "district_id": 10500013064, "city_id": 13, "region_id": 5, "name_ar": "حي الواحة", "name_en": "Al Wahah Dist." }, "geometry": { "type": "Polygon", "coordinates": [ [ [ 50.096511, 26.386179 ], [ 50.096334, 26.386273 ], [ 50.096308, 26.386286 ], [ 50.094918, 26.387019 ], [ 50.094779, 26.387091 ], [ 50.094325, 26.387231 ], [ 50.09387, 26.38737 ], [ 50.093413, 26.387502 ], [ 50.092952, 26.387626 ], [ 50.09249, 26.387743 ], [ 50.092025, 26.387853 ], [ 50.091559, 26.387956 ], [ 50.09109, 26.38805 ], [ 50.090619, 26.388137 ], [ 50.090147, 26.388218 ], [ 50.089674, 26.388291 ], [ 50.089199, 26.388356 ], [ 50.088723, 26.388414 ], [ 50.088246, 26.388465 ], [ 50.087768, 26.388507 ], [ 50.087289, 26.388542 ], [ 50.08681, 26.388571 ], [ 50.08633, 26.38859 ], [ 50.08585, 26.388603 ], [ 50.085369, 26.388609 ], [ 50.084889, 26.388606 ], [ 50.084046, 26.388585 ], [ 50.08233, 26.388511 ], [ 50.081773, 26.388476 ], [ 50.090518, 26.374955 ], [ 50.090574, 26.374876 ], [ 50.093088, 26.370981 ], [ 50.093246, 26.371025 ], [ 50.095295, 26.371706 ], [ 50.097087, 26.372279 ], [ 50.098153, 26.37262 ], [ 50.098311, 26.372668 ], [ 50.099548, 26.373065 ], [ 50.100846, 26.373486 ], [ 50.101517, 26.373702 ], [ 50.102681, 26.374073 ], [ 50.10336, 26.374298 ], [ 50.103571, 26.374393 ], [ 50.103774, 26.374637 ], [ 50.103853, 26.37476 ], [ 50.104254, 26.375285 ], [ 50.104447, 26.375641 ], [ 50.104493, 26.375896 ], [ 50.104453, 26.376465 ], [ 50.103911, 26.378361 ], [ 50.103876, 26.37885 ], [ 50.103973, 26.382385 ], [ 50.103031, 26.382573 ], [ 50.10266, 26.382667 ], [ 50.102644, 26.382656 ], [ 50.10251, 26.382698 ], [ 50.102386, 26.382736 ], [ 50.102263, 26.382778 ], [ 50.102141, 26.38282 ], [ 50.102019, 26.382864 ], [ 50.101899, 26.382911 ], [ 50.101779, 26.38296 ], [ 50.10166, 26.383011 ], [ 50.101542, 26.383064 ], [ 50.101426, 26.383118 ], [ 50.10131, 26.383173 ], [ 50.101195, 26.383231 ], [ 50.101082, 26.383292 ], [ 50.10097, 26.383352 ], [ 50.100859, 26.383417 ], [ 50.100749, 26.383481 ], [ 50.100641, 26.383548 ], [ 50.100533, 26.383615 ], [ 50.100428, 26.383687 ], [ 50.100323, 26.383759 ], [ 50.100337, 26.383779 ], [ 50.099713, 26.384202 ], [ 50.099693, 26.384179 ], [ 50.099681, 26.384186 ], [ 50.099287, 26.38445 ], [ 50.09903, 26.384613 ], [ 50.098367, 26.385037 ], [ 50.097984, 26.385283 ], [ 50.097847, 26.385375 ], [ 50.097519, 26.385592 ], [ 50.097291, 26.385737 ], [ 50.097277, 26.385746 ], [ 50.097031, 26.385893 ], [ 50.096782, 26.386039 ], [ 50.096531, 26.386179 ], [ 50.096522, 26.386172 ], [ 50.096511, 26.386179 ] ] ] } },
{ "type": "Feature", "properties": { "district_id": 10500013065, "city_id": 13, "region_id": 5, "name_ar": "حي البساتين", "name_en": "Al Basatin Dist." }, "geometry": { "type": "Polygon", "coordinates": [ [ [ 50.129145, 26.384317 ], [ 50.131157, 26.412467 ], [ 50.130562, 26.413034 ], [ 50.130006, 26.413538 ], [ 50.129269, 26.414222 ], [ 50.129043, 26.414431 ], [ 50.128998, 26.414267 ], [ 50.127267, 26.409014 ], [ 50.125683, 26.403428 ], [ 50.123907, 26.400503 ], [ 50.118442, 26.393242 ], [ 50.119069, 26.391108 ], [ 50.121474, 26.38293 ], [ 50.129145, 26.384317 ] ] ] } },
{ "type": "Feature", "properties": { "district_id": 10500013066, "city_id": 13, "region_id": 5, "name_ar": "حي الاسكان", "name_en": "Al Iskan Dist." }, "geometry": { "type": "Polygon", "coordinates": [ [ [ 50.126783, 26.41637 ], [ 50.125475, 26.41749 ], [ 50.124981, 26.417914 ], [ 50.124315, 26.418519 ], [ 50.123724, 26.419055 ], [ 50.118596, 26.41438 ], [ 50.12524, 26.410972 ], [ 50.125891, 26.412366 ], [ 50.126021, 26.412897 ], [ 50.126701, 26.415724 ], [ 50.12678, 26.416247 ], [ 50.126783, 26.41637 ] ] ] } },
{ "type": "Feature", "properties": { "district_id": 10500013068, "city_id": 13, "region_id": 5, "name_ar": "مدينة الملك فيصل الجامعية", "name_en": "King Faisal University" }, "geometry": { "type": "Polygon", "coordinates": [ [ [ 50.206599, 26.398065 ], [ 50.222433, 26.405934 ], [ 50.218424, 26.41224 ], [ 50.185322, 26.395727 ], [ 50.18541, 26.395584 ], [ 50.185767, 26.395029 ], [ 50.185907, 26.394809 ], [ 50.186784, 26.393428 ], [ 50.186885, 26.393265 ], [ 50.187202, 26.392754 ], [ 50.187327, 26.392548 ], [ 50.187613, 26.392072 ], [ 50.188058, 26.391333 ], [ 50.188086, 26.391291 ], [ 50.188441, 26.390738 ], [ 50.188636, 26.390435 ], [ 50.188926, 26.389985 ], [ 50.189063, 26.389756 ], [ 50.189159, 26.389594 ], [ 50.206599, 26.398065 ] ] ] } },
{ "type": "Feature", "properties": { "district_id": 10500013069, "city_id": 13, "region_id": 5, "name_ar": "حي الحسام", "name_en": "Al Hussam Dist." }, "geometry": { "type": "Polygon", "coordinates": [ [ [ 50.178133, 26.373423 ], [ 50.178058, 26.3762 ], [ 50.178047, 26.376566 ], [ 50.178039, 26.376886 ], [ 50.178009, 26.37887 ], [ 50.178005, 26.379169 ], [ 50.177974, 26.381096 ], [ 50.177936, 26.38204 ], [ 50.177921, 26.382362 ], [ 50.177906, 26.382771 ], [ 50.177887, 26.383106 ], [ 50.177799, 26.385353 ], [ 50.177799, 26.385525 ], [ 50.177791, 26.38586 ], [ 50.17778, 26.38673 ], [ 50.177772, 26.386997 ], [ 50.177761, 26.387896 ], [ 50.177757, 26.388165 ], [ 50.177745, 26.388908 ], [ 50.177738, 26.389227 ], [ 50.177738, 26.389351 ], [ 50.177681, 26.390593 ], [ 50.177661, 26.390937 ], [ 50.1776, 26.392033 ], [ 50.177596, 26.392087 ], [ 50.177551, 26.392685 ], [ 50.177482, 26.393154 ], [ 50.177429, 26.393393 ], [ 50.177375, 26.39357 ], [ 50.177314, 26.393738 ], [ 50.177234, 26.393913 ], [ 50.177074, 26.394205 ], [ 50.176754, 26.394705 ], [ 50.17662, 26.394926 ], [ 50.176464, 26.395193 ], [ 50.176044, 26.395813 ], [ 50.175914, 26.396017 ], [ 50.175785, 26.396242 ], [ 50.175739, 26.396336 ], [ 50.175643, 26.396557 ], [ 50.175579, 26.396744 ], [ 50.175514, 26.396982 ], [ 50.175483, 26.397141 ], [ 50.175468, 26.397388 ], [ 50.175468, 26.397585 ], [ 50.175483, 26.397831 ], [ 50.175491, 26.397932 ], [ 50.17556, 26.398357 ], [ 50.175739, 26.398775 ], [ 50.175895, 26.399033 ], [ 50.176136, 26.399349 ], [ 50.176452, 26.399687 ], [ 50.176769, 26.399963 ], [ 50.177009, 26.400164 ], [ 50.177349, 26.400415 ], [ 50.177711, 26.400669 ], [ 50.178085, 26.400921 ], [ 50.178722, 26.401329 ], [ 50.181028, 26.402666 ], [ 50.176542, 26.409775 ], [ 50.174717, 26.412024 ], [ 50.173833, 26.409392 ], [ 50.172916, 26.406764 ], [ 50.172492, 26.405547 ], [ 50.172085, 26.40438 ], [ 50.171827, 26.403645 ], [ 50.171799, 26.403554 ], [ 50.17177, 26.403464 ], [ 50.171738, 26.403373 ], [ 50.171705, 26.403285 ], [ 50.17167, 26.403197 ], [ 50.171634, 26.403109 ], [ 50.171596, 26.40302 ], [ 50.171555, 26.402934 ], [ 50.171532, 26.402884 ], [ 50.171514, 26.402848 ], [ 50.171471, 26.402762 ], [ 50.171426, 26.402678 ], [ 50.171379, 26.402592 ], [ 50.171331, 26.402511 ], [ 50.171281, 26.402427 ], [ 50.171229, 26.402346 ], [ 50.171176, 26.402264 ], [ 50.171122, 26.402185 ], [ 50.171024, 26.402049 ], [ 50.170195, 26.400757 ], [ 50.169403, 26.399525 ], [ 50.169115, 26.399076 ], [ 50.169062, 26.398965 ], [ 50.169012, 26.398854 ], [ 50.168963, 26.398741 ], [ 50.168917, 26.398628 ], [ 50.168873, 26.398513 ], [ 50.168831, 26.3984 ], [ 50.168792, 26.398284 ], [ 50.168733, 26.398097 ], [ 50.168444, 26.397289 ], [ 50.16824, 26.396717 ], [ 50.168207, 26.39662 ], [ 50.168175, 26.396522 ], [ 50.168146, 26.396425 ], [ 50.168118, 26.396328 ], [ 50.168092, 26.396228 ], [ 50.168068, 26.396129 ], [ 50.168046, 26.396032 ], [ 50.168026, 26.395932 ], [ 50.168008, 26.395831 ], [ 50.167992, 26.395731 ], [ 50.167978, 26.395632 ], [ 50.167965, 26.39553 ], [ 50.167948, 26.395347 ], [ 50.167663, 26.392134 ], [ 50.167653, 26.392039 ], [ 50.167642, 26.391946 ], [ 50.167629, 26.391851 ], [ 50.167614, 26.391757 ], [ 50.167598, 26.391662 ], [ 50.16759, 26.391621 ], [ 50.167579, 26.391569 ], [ 50.167559, 26.391476 ], [ 50.167537, 26.391381 ], [ 50.167513, 26.391289 ], [ 50.167487, 26.391198 ], [ 50.167455, 26.39109 ], [ 50.167181, 26.390309 ], [ 50.165457, 26.385404 ], [ 50.164573, 26.382817 ], [ 50.165218, 26.382242 ], [ 50.166134, 26.381427 ], [ 50.168599, 26.379232 ], [ 50.170959, 26.377144 ], [ 50.170979, 26.377127 ], [ 50.171053, 26.377062 ], [ 50.173269, 26.3751 ], [ 50.173444, 26.374946 ], [ 50.174832, 26.373719 ], [ 50.17526, 26.373341 ], [ 50.175906, 26.37277 ], [ 50.176323, 26.372402 ], [ 50.176624, 26.372135 ], [ 50.176682, 26.372084 ], [ 50.177026, 26.37178 ], [ 50.177477, 26.371381 ], [ 50.177903, 26.371005 ], [ 50.178224, 26.37068 ], [ 50.178133, 26.373423 ] ] ] } },
{ "type": "Feature", "properties": { "district_id": 10500013070, "city_id": 13, "region_id": 5, "name_ar": "حي ميناء الملك عبدالعزيز", "name_en": "King Abdul Aziz Seaport Dist." }, "geometry": { "type": "Polygon", "coordinates": [ [ [ 50.192856, 26.525357 ], [ 50.192391, 26.525415 ], [ 50.191907, 26.525354 ], [ 50.19155, 26.525207 ], [ 50.19126, 26.524973 ], [ 50.191016, 26.524674 ], [ 50.186721, 26.505775 ], [ 50.18109, 26.480811 ], [ 50.180896, 26.48044 ], [ 50.180764, 26.480141 ], [ 50.18154, 26.479705 ], [ 50.19301, 26.47325 ], [ 50.1799, 26.45424 ], [ 50.179419, 26.453531 ], [ 50.179134, 26.453019 ], [ 50.178772, 26.452308 ], [ 50.178168, 26.451088 ], [ 50.17787, 26.450441 ], [ 50.177337, 26.449336 ], [ 50.176905, 26.448438 ], [ 50.176515, 26.447627 ], [ 50.176053, 26.44667 ], [ 50.174654, 26.443746 ], [ 50.174025, 26.442431 ], [ 50.173683, 26.441736 ], [ 50.173159, 26.440622 ], [ 50.172312, 26.438884 ], [ 50.171784, 26.437788 ], [ 50.171068, 26.436281 ], [ 50.170567, 26.435226 ], [ 50.170125, 26.434325 ], [ 50.169557, 26.433096 ], [ 50.169274, 26.432537 ], [ 50.169174, 26.432338 ], [ 50.168694, 26.43131 ], [ 50.168126, 26.430129 ], [ 50.167261, 26.42835 ], [ 50.166836, 26.427456 ], [ 50.166413, 26.426566 ], [ 50.1659, 26.425486 ], [ 50.16503, 26.424064 ], [ 50.165017, 26.424043 ], [ 50.164792, 26.423713 ], [ 50.164684, 26.423579 ], [ 50.164572, 26.423447 ], [ 50.164458, 26.423316 ], [ 50.164341, 26.423189 ], [ 50.164222, 26.423061 ], [ 50.164101, 26.422937 ], [ 50.163977, 26.422814 ], [ 50.163851, 26.422691 ], [ 50.163722, 26.422573 ], [ 50.163592, 26.422455 ], [ 50.163458, 26.422342 ], [ 50.163323, 26.422228 ], [ 50.163186, 26.422119 ], [ 50.163046, 26.42201 ], [ 50.162904, 26.421903 ], [ 50.162755, 26.421796 ], [ 50.162489, 26.421559 ], [ 50.162235, 26.421285 ], [ 50.162147, 26.421144 ], [ 50.162062, 26.421004 ], [ 50.16198, 26.420863 ], [ 50.1619, 26.420719 ], [ 50.161823, 26.420576 ], [ 50.161749, 26.420429 ], [ 50.161678, 26.420284 ], [ 50.161576, 26.420058 ], [ 50.163183, 26.419367 ], [ 50.164245, 26.418879 ], [ 50.165361, 26.418385 ], [ 50.167038, 26.417625 ], [ 50.167407, 26.417448 ], [ 50.167772, 26.417266 ], [ 50.168134, 26.41708 ], [ 50.168491, 26.416886 ], [ 50.168846, 26.416687 ], [ 50.169195, 26.416484 ], [ 50.169542, 26.416276 ], [ 50.169884, 26.416061 ], [ 50.17048, 26.415665 ], [ 50.170819, 26.415432 ], [ 50.171035, 26.415276 ], [ 50.171598, 26.414861 ], [ 50.172436, 26.414198 ], [ 50.173469, 26.413285 ], [ 50.173819, 26.412947 ], [ 50.174392, 26.41237 ], [ 50.174717, 26.412024 ], [ 50.175118, 26.41339 ], [ 50.176201, 26.416493 ], [ 50.177998, 26.416027 ], [ 50.178122, 26.415991 ], [ 50.178204, 26.415967 ], [ 50.178286, 26.415938 ], [ 50.178367, 26.415912 ], [ 50.178448, 26.415883 ], [ 50.178523, 26.415854 ], [ 50.178636, 26.4158 ], [ 50.178887, 26.415689 ], [ 50.180845, 26.414425 ], [ 50.181341, 26.414105 ], [ 50.183165, 26.417045 ], [ 50.183353, 26.41724 ], [ 50.184316, 26.418851 ], [ 50.187264, 26.424885 ], [ 50.196864, 26.444351 ], [ 50.197101, 26.444844 ], [ 50.19889, 26.448574 ], [ 50.187155, 26.455523 ], [ 50.185217, 26.456604 ], [ 50.188441, 26.461159 ], [ 50.192029, 26.459133 ], [ 50.195888, 26.464641 ], [ 50.194985, 26.465122 ], [ 50.194694, 26.465389 ], [ 50.196389, 26.467698 ], [ 50.197183, 26.468484 ], [ 50.197081, 26.468682 ], [ 50.197392, 26.468814 ], [ 50.19756, 26.468585 ], [ 50.198062, 26.468317 ], [ 50.198573, 26.468211 ], [ 50.199412, 26.467392 ], [ 50.199461, 26.467077 ], [ 50.199982, 26.466949 ], [ 50.200807, 26.466495 ], [ 50.201462, 26.466463 ], [ 50.201793, 26.466261 ], [ 50.20159, 26.465994 ], [ 50.201789, 26.465476 ], [ 50.201534, 26.465082 ], [ 50.201339, 26.464992 ], [ 50.201181, 26.464743 ], [ 50.201218, 26.46452 ], [ 50.202193, 26.464778 ], [ 50.202329, 26.464535 ], [ 50.202818, 26.464545 ], [ 50.20327, 26.464755 ], [ 50.203375, 26.465105 ], [ 50.203213, 26.465946 ], [ 50.20346, 26.46683 ], [ 50.203479, 26.468223 ], [ 50.204725, 26.468483 ], [ 50.205375, 26.469274 ], [ 50.20534, 26.46992 ], [ 50.206082, 26.470935 ], [ 50.20564, 26.471551 ], [ 50.206963, 26.474479 ], [ 50.213665, 26.472638 ], [ 50.219696, 26.499579 ], [ 50.21964, 26.502558 ], [ 50.219238, 26.504826 ], [ 50.215875, 26.50811 ], [ 50.213658, 26.508502 ], [ 50.213626, 26.50831 ], [ 50.214086, 26.508233 ], [ 50.214071, 26.508141 ], [ 50.214136, 26.508125 ], [ 50.214158, 26.50822 ], [ 50.215757, 26.507913 ], [ 50.218966, 26.504775 ], [ 50.219351, 26.502561 ], [ 50.219404, 26.499681 ], [ 50.219022, 26.497938 ], [ 50.215298, 26.498593 ], [ 50.215495, 26.499434 ], [ 50.21532, 26.499462 ], [ 50.214154, 26.494208 ], [ 50.215404, 26.493957 ], [ 50.215406, 26.493781 ], [ 50.215041, 26.493852 ], [ 50.21422, 26.49029 ], [ 50.216798, 26.489823 ], [ 50.213553, 26.475472 ], [ 50.21316, 26.474669 ], [ 50.21241, 26.474166 ], [ 50.211335, 26.473925 ], [ 50.210612, 26.474032 ], [ 50.210288, 26.474197 ], [ 50.210117, 26.474512 ], [ 50.210313, 26.475026 ], [ 50.210291, 26.476077 ], [ 50.210118, 26.476643 ], [ 50.209703, 26.476627 ], [ 50.209498, 26.477305 ], [ 50.210005, 26.477432 ], [ 50.210064, 26.477708 ], [ 50.209787, 26.477831 ], [ 50.209892, 26.47815 ], [ 50.210567, 26.478444 ], [ 50.210703, 26.478791 ], [ 50.207583, 26.478999 ], [ 50.207789, 26.479546 ], [ 50.207711, 26.479573 ], [ 50.207743, 26.479666 ], [ 50.207959, 26.479604 ], [ 50.207997, 26.479696 ], [ 50.207764, 26.479756 ], [ 50.207316, 26.480004 ], [ 50.207125, 26.480362 ], [ 50.205545, 26.480383 ], [ 50.20516, 26.480617 ], [ 50.204157, 26.480955 ], [ 50.203851, 26.480931 ], [ 50.20284, 26.477941 ], [ 50.200846, 26.478517 ], [ 50.200876, 26.478853 ], [ 50.20098, 26.478953 ], [ 50.201072, 26.478913 ], [ 50.201122, 26.479101 ], [ 50.201044, 26.479166 ], [ 50.20108, 26.4795 ], [ 50.201592, 26.481065 ], [ 50.201402, 26.481129 ], [ 50.201168, 26.481015 ], [ 50.200923, 26.481438 ], [ 50.20067, 26.481335 ], [ 50.19961, 26.481607 ], [ 50.198926, 26.479635 ], [ 50.197121, 26.480123 ], [ 50.197945, 26.482631 ], [ 50.200798, 26.482645 ], [ 50.200807, 26.483202 ], [ 50.198138, 26.483194 ], [ 50.198796, 26.485184 ], [ 50.20078, 26.485202 ], [ 50.200903, 26.484438 ], [ 50.201966, 26.484502 ], [ 50.202269, 26.483177 ], [ 50.208221, 26.483185 ], [ 50.208241, 26.483269 ], [ 50.207764, 26.483261 ], [ 50.208003, 26.483568 ], [ 50.208027, 26.483868 ], [ 50.20879, 26.48563 ], [ 50.208695, 26.485867 ], [ 50.208697, 26.486156 ], [ 50.208824, 26.486542 ], [ 50.208791, 26.486705 ], [ 50.208895, 26.486875 ], [ 50.209033, 26.486844 ], [ 50.209268, 26.48789 ], [ 50.208972, 26.488044 ], [ 50.209032, 26.488236 ], [ 50.209337, 26.488148 ], [ 50.209711, 26.489802 ], [ 50.209519, 26.490162 ], [ 50.209431, 26.490724 ], [ 50.209556, 26.491729 ], [ 50.209717, 26.491949 ], [ 50.210071, 26.493567 ], [ 50.210087, 26.493973 ], [ 50.210256, 26.494746 ], [ 50.21023, 26.495595 ], [ 50.210499, 26.496271 ], [ 50.210422, 26.496426 ], [ 50.210505, 26.496874 ], [ 50.211345, 26.500248 ], [ 50.211351, 26.500743 ], [ 50.211527, 26.501775 ], [ 50.211788, 26.502264 ], [ 50.211902, 26.502348 ], [ 50.212306, 26.50228 ], [ 50.212438, 26.502304 ], [ 50.212483, 26.502498 ], [ 50.212374, 26.502583 ], [ 50.208462, 26.503309 ], [ 50.208165, 26.503738 ], [ 50.208152, 26.504038 ], [ 50.207827, 26.504129 ], [ 50.207748, 26.503844 ], [ 50.208004, 26.50348 ], [ 50.207856, 26.502913 ], [ 50.208191, 26.502851 ], [ 50.204688, 26.487307 ], [ 50.204227, 26.487413 ], [ 50.204109, 26.487108 ], [ 50.200169, 26.487788 ], [ 50.205354, 26.510593 ], [ 50.206635, 26.510384 ], [ 50.206754, 26.510425 ], [ 50.206791, 26.510608 ], [ 50.206708, 26.510698 ], [ 50.204727, 26.511046 ], [ 50.199758, 26.514623 ], [ 50.199289, 26.515121 ], [ 50.19916, 26.515181 ], [ 50.198965, 26.515241 ], [ 50.198747, 26.515283 ], [ 50.198795, 26.5155 ], [ 50.198754, 26.515545 ], [ 50.198674, 26.515562 ], [ 50.198621, 26.515535 ], [ 50.198379, 26.514443 ], [ 50.198982, 26.514345 ], [ 50.193253, 26.488859 ], [ 50.192881, 26.488932 ], [ 50.19296, 26.489271 ], [ 50.192926, 26.489322 ], [ 50.192867, 26.489331 ], [ 50.192811, 26.489292 ], [ 50.192493, 26.487855 ], [ 50.191836, 26.487962 ], [ 50.192112, 26.489198 ], [ 50.188909, 26.489794 ], [ 50.188957, 26.490011 ], [ 50.188917, 26.490053 ], [ 50.188864, 26.490064 ], [ 50.188809, 26.49003 ], [ 50.188725, 26.489691 ], [ 50.18833, 26.489757 ], [ 50.189781, 26.496112 ], [ 50.189621, 26.496136 ], [ 50.189557, 26.49584 ], [ 50.189023, 26.495988 ], [ 50.188643, 26.49625 ], [ 50.188863, 26.496829 ], [ 50.189382, 26.49922 ], [ 50.189451, 26.499631 ], [ 50.189479, 26.499914 ], [ 50.189629, 26.500467 ], [ 50.189874, 26.500778 ], [ 50.19049, 26.501416 ], [ 50.190645, 26.501629 ], [ 50.190825, 26.501795 ], [ 50.190915, 26.501784 ], [ 50.190872, 26.501623 ], [ 50.191023, 26.501593 ], [ 50.191703, 26.504616 ], [ 50.191549, 26.504629 ], [ 50.191487, 26.504482 ], [ 50.190819, 26.504519 ], [ 50.190274, 26.504263 ], [ 50.189533, 26.504114 ], [ 50.188856, 26.504363 ], [ 50.188258, 26.504633 ], [ 50.187567, 26.505008 ], [ 50.186977, 26.505461 ], [ 50.191295, 26.524565 ], [ 50.191506, 26.52483 ], [ 50.191707, 26.525021 ], [ 50.192027, 26.52514 ], [ 50.192377, 26.525162 ], [ 50.192806, 26.525099 ], [ 50.197378, 26.524227 ], [ 50.197408, 26.524198 ], [ 50.197419, 26.524166 ], [ 50.197407, 26.524137 ], [ 50.197473, 26.524114 ], [ 50.197548, 26.524146 ], [ 50.19763, 26.524226 ], [ 50.19766, 26.524285 ], [ 50.197652, 26.524343 ], [ 50.197617, 26.524443 ], [ 50.197604, 26.524467 ], [ 50.197547, 26.524487 ], [ 50.192856, 26.525357 ] ] ] } },
{ "type": "Feature", "properties": { "district_id": 10500013071, "city_id": 13, "region_id": 5, "name_ar": "حي النسيم", "name_en": "Al Naseem Dist." }, "geometry": { "type": "Polygon", "coordinates": [ [ [ 50.1326, 26.431575 ], [ 50.132607, 26.431572 ], [ 50.133209, 26.431185 ], [ 50.135796, 26.429543 ], [ 50.137732, 26.428258 ], [ 50.138595, 26.427745 ], [ 50.139297, 26.427403 ], [ 50.140187, 26.42699 ], [ 50.140572, 26.426808 ], [ 50.141872, 26.426223 ], [ 50.142472, 26.425973 ], [ 50.144388, 26.425101 ], [ 50.146411, 26.424264 ], [ 50.148997, 26.42357 ], [ 50.15076, 26.423089 ], [ 50.151075, 26.423003 ], [ 50.151397, 26.422924 ], [ 50.152419, 26.422654 ], [ 50.153194, 26.422452 ], [ 50.153197, 26.422452 ], [ 50.153205, 26.42245 ], [ 50.153226, 26.422444 ], [ 50.153351, 26.422412 ], [ 50.154025, 26.422237 ], [ 50.155373, 26.421886 ], [ 50.156451, 26.421544 ], [ 50.157869, 26.421127 ], [ 50.158817, 26.420845 ], [ 50.159443, 26.420666 ], [ 50.16049, 26.420428 ], [ 50.160771, 26.420326 ], [ 50.160771, 26.420325 ], [ 50.161198, 26.42017 ], [ 50.161542, 26.420073 ], [ 50.161576, 26.420058 ], [ 50.161678, 26.420284 ], [ 50.161749, 26.420429 ], [ 50.161823, 26.420576 ], [ 50.1619, 26.420719 ], [ 50.16198, 26.420863 ], [ 50.162062, 26.421004 ], [ 50.162147, 26.421144 ], [ 50.162235, 26.421285 ], [ 50.162489, 26.421559 ], [ 50.162755, 26.421796 ], [ 50.162904, 26.421903 ], [ 50.163046, 26.42201 ], [ 50.163186, 26.422119 ], [ 50.163323, 26.422228 ], [ 50.163458, 26.422342 ], [ 50.163592, 26.422455 ], [ 50.163722, 26.422573 ], [ 50.163851, 26.422691 ], [ 50.163977, 26.422814 ], [ 50.164101, 26.422937 ], [ 50.164222, 26.423061 ], [ 50.164341, 26.423189 ], [ 50.164458, 26.423316 ], [ 50.164572, 26.423447 ], [ 50.164684, 26.423579 ], [ 50.164792, 26.423713 ], [ 50.165017, 26.424043 ], [ 50.16503, 26.424064 ], [ 50.1659, 26.425486 ], [ 50.166413, 26.426566 ], [ 50.166836, 26.427456 ], [ 50.167261, 26.42835 ], [ 50.168126, 26.430129 ], [ 50.168694, 26.43131 ], [ 50.169174, 26.432338 ], [ 50.169274, 26.432537 ], [ 50.169557, 26.433096 ], [ 50.170125, 26.434325 ], [ 50.170567, 26.435226 ], [ 50.171068, 26.436281 ], [ 50.171784, 26.437788 ], [ 50.172312, 26.438884 ], [ 50.173159, 26.440622 ], [ 50.173683, 26.441736 ], [ 50.174025, 26.442431 ], [ 50.174654, 26.443746 ], [ 50.176053, 26.44667 ], [ 50.176515, 26.447627 ], [ 50.176905, 26.448438 ], [ 50.177337, 26.449336 ], [ 50.17787, 26.450441 ], [ 50.178168, 26.451088 ], [ 50.178772, 26.452308 ], [ 50.179134, 26.453019 ], [ 50.179419, 26.453531 ], [ 50.1799, 26.45424 ], [ 50.19301, 26.47325 ], [ 50.18154, 26.479705 ], [ 50.180764, 26.480141 ], [ 50.180896, 26.48044 ], [ 50.179383, 26.481291 ], [ 50.178771, 26.48138 ], [ 50.178121, 26.481367 ], [ 50.17737, 26.481185 ], [ 50.176766, 26.480917 ], [ 50.176166, 26.480539 ], [ 50.175529, 26.479966 ], [ 50.175115, 26.479431 ], [ 50.174741, 26.47879 ], [ 50.174475, 26.478168 ], [ 50.174293, 26.477526 ], [ 50.1742, 26.476878 ], [ 50.174201, 26.476097 ], [ 50.174272, 26.475346 ], [ 50.174278, 26.474641 ], [ 50.174234, 26.473982 ], [ 50.174151, 26.473327 ], [ 50.173948, 26.472224 ], [ 50.173671, 26.471151 ], [ 50.173326, 26.470262 ], [ 50.172722, 26.469245 ], [ 50.172022, 26.468335 ], [ 50.171239, 26.467561 ], [ 50.170299, 26.466854 ], [ 50.169294, 26.466293 ], [ 50.167969, 26.46575 ], [ 50.166837, 26.465344 ], [ 50.165145, 26.464813 ], [ 50.163357, 26.464346 ], [ 50.16159, 26.463972 ], [ 50.160121, 26.463729 ], [ 50.15853, 26.463532 ], [ 50.158525, 26.465363 ], [ 50.159896, 26.465576 ], [ 50.16137, 26.465892 ], [ 50.162825, 26.46628 ], [ 50.162992, 26.466355 ], [ 50.163153, 26.466485 ], [ 50.163257, 26.466625 ], [ 50.163324, 26.466802 ], [ 50.163338, 26.466998 ], [ 50.163303, 26.467163 ], [ 50.163209, 26.467338 ], [ 50.163088, 26.467468 ], [ 50.16292, 26.467578 ], [ 50.162736, 26.46764 ], [ 50.16255, 26.467659 ], [ 50.162348, 26.46764 ], [ 50.161632, 26.467516 ], [ 50.16099, 26.467436 ], [ 50.160444, 26.467435 ], [ 50.160031, 26.467554 ], [ 50.159618, 26.467807 ], [ 50.159369, 26.468079 ], [ 50.159212, 26.468373 ], [ 50.159115, 26.468752 ], [ 50.159101, 26.469118 ], [ 50.159155, 26.469402 ], [ 50.159258, 26.469678 ], [ 50.159405, 26.469891 ], [ 50.159659, 26.470103 ], [ 50.16, 26.470297 ], [ 50.160448, 26.470464 ], [ 50.161145, 26.470671 ], [ 50.16184, 26.470836 ], [ 50.162559, 26.470957 ], [ 50.163308, 26.471038 ], [ 50.164054, 26.47107 ], [ 50.164798, 26.471054 ], [ 50.16554, 26.47099 ], [ 50.166249, 26.470884 ], [ 50.166948, 26.47073 ], [ 50.167402, 26.470586 ], [ 50.167719, 26.470434 ], [ 50.167865, 26.470302 ], [ 50.167963, 26.470077 ], [ 50.167932, 26.469835 ], [ 50.16786, 26.46969 ], [ 50.167668, 26.4695 ], [ 50.167185, 26.46921 ], [ 50.166561, 26.468969 ], [ 50.165921, 26.468736 ], [ 50.165766, 26.468676 ], [ 50.165625, 26.468598 ], [ 50.165493, 26.46848 ], [ 50.165393, 26.468337 ], [ 50.165329, 26.46817 ], [ 50.165311, 26.467994 ], [ 50.16534, 26.46782 ], [ 50.16543, 26.467633 ], [ 50.165557, 26.467492 ], [ 50.165721, 26.467378 ], [ 50.165911, 26.467307 ], [ 50.16613, 26.467279 ], [ 50.166329, 26.467302 ], [ 50.166494, 26.467355 ], [ 50.167661, 26.467793 ], [ 50.168835, 26.468358 ], [ 50.169475, 26.468799 ], [ 50.170044, 26.469304 ], [ 50.170524, 26.469855 ], [ 50.170947, 26.47044 ], [ 50.171322, 26.471071 ], [ 50.171569, 26.471761 ], [ 50.171746, 26.472435 ], [ 50.171881, 26.473115 ], [ 50.171972, 26.473782 ], [ 50.172015, 26.474491 ], [ 50.171998, 26.475192 ], [ 50.171926, 26.475883 ], [ 50.171824, 26.476552 ], [ 50.170499, 26.485169 ], [ 50.170467, 26.485365 ], [ 50.170405, 26.485528 ], [ 50.170288, 26.485685 ], [ 50.170177, 26.485781 ], [ 50.170012, 26.485873 ], [ 50.169856, 26.485919 ], [ 50.169675, 26.485936 ], [ 50.169493, 26.485915 ], [ 50.169321, 26.485858 ], [ 50.169183, 26.48578 ], [ 50.169054, 26.485664 ], [ 50.168949, 26.48551 ], [ 50.168898, 26.48537 ], [ 50.168879, 26.485178 ], [ 50.170298, 26.476024 ], [ 50.170394, 26.475361 ], [ 50.170429, 26.474716 ], [ 50.170409, 26.47407 ], [ 50.170329, 26.473409 ], [ 50.170305, 26.473314 ], [ 50.170257, 26.473198 ], [ 50.170148, 26.473037 ], [ 50.170049, 26.472942 ], [ 50.169958, 26.472885 ], [ 50.169813, 26.472823 ], [ 50.169659, 26.472784 ], [ 50.169537, 26.47277 ], [ 50.169414, 26.472771 ], [ 50.169202, 26.472808 ], [ 50.168987, 26.472893 ], [ 50.168821, 26.473021 ], [ 50.168728, 26.473124 ], [ 50.168657, 26.473236 ], [ 50.168603, 26.473358 ], [ 50.168569, 26.473495 ], [ 50.167323, 26.481515 ], [ 50.167277, 26.481695 ], [ 50.167208, 26.481825 ], [ 50.167112, 26.481944 ], [ 50.166969, 26.482059 ], [ 50.166802, 26.482141 ], [ 50.16667, 26.482179 ], [ 50.166486, 26.482198 ], [ 50.166329, 26.482181 ], [ 50.166172, 26.482131 ], [ 50.166002, 26.482028 ], [ 50.165896, 26.481926 ], [ 50.165812, 26.481806 ], [ 50.165745, 26.481645 ], [ 50.165721, 26.481505 ], [ 50.165732, 26.481327 ], [ 50.166772, 26.474625 ], [ 50.16679, 26.474408 ], [ 50.166757, 26.47425 ], [ 50.166705, 26.474114 ], [ 50.166661, 26.474035 ], [ 50.166589, 26.473935 ], [ 50.166504, 26.473847 ], [ 50.166314, 26.473728 ], [ 50.166088, 26.473662 ], [ 50.165851, 26.473649 ], [ 50.165627, 26.473686 ], [ 50.165402, 26.473777 ], [ 50.16524, 26.4739 ], [ 50.165116, 26.474046 ], [ 50.165052, 26.474163 ], [ 50.164999, 26.474312 ], [ 50.164968, 26.474506 ], [ 50.163406, 26.484541 ], [ 50.163361, 26.484726 ], [ 50.163292, 26.484856 ], [ 50.163191, 26.484978 ], [ 50.163066, 26.485076 ], [ 50.16293, 26.48515 ], [ 50.162773, 26.485203 ], [ 50.16259, 26.485225 ], [ 50.162415, 26.485208 ], [ 50.162266, 26.485162 ], [ 50.162123, 26.485084 ], [ 50.161998, 26.484973 ], [ 50.161894, 26.484828 ], [ 50.16183, 26.484674 ], [ 50.161806, 26.484527 ], [ 50.161817, 26.484353 ], [ 50.163292, 26.474738 ], [ 50.163317, 26.474521 ], [ 50.163316, 26.474318 ], [ 50.163278, 26.474171 ], [ 50.163214, 26.474037 ], [ 50.163113, 26.473906 ], [ 50.162999, 26.473808 ], [ 50.162851, 26.473731 ], [ 50.162642, 26.473673 ], [ 50.162415, 26.473658 ], [ 50.16219, 26.473695 ], [ 50.16204, 26.473748 ], [ 50.161888, 26.473833 ], [ 50.161746, 26.473961 ], [ 50.161649, 26.474092 ], [ 50.161592, 26.474206 ], [ 50.161548, 26.474348 ], [ 50.160509, 26.481034 ], [ 50.16047, 26.481197 ], [ 50.160409, 26.481323 ], [ 50.160298, 26.48146 ], [ 50.160147, 26.481581 ], [ 50.159997, 26.481654 ], [ 50.159856, 26.481699 ], [ 50.159691, 26.481716 ], [ 50.159534, 26.481701 ], [ 50.159366, 26.481653 ], [ 50.159232, 26.48158 ], [ 50.15911, 26.481475 ], [ 50.158999, 26.481319 ], [ 50.158936, 26.481163 ], [ 50.158909, 26.481 ], [ 50.158918, 26.480847 ], [ 50.159545, 26.47681 ], [ 50.15958, 26.476587 ], [ 50.159587, 26.476359 ], [ 50.15955, 26.476201 ], [ 50.159474, 26.476045 ], [ 50.159356, 26.4759 ], [ 50.159181, 26.475765 ], [ 50.158956, 26.475671 ], [ 50.158708, 26.475634 ], [ 50.15846, 26.475662 ], [ 50.158229, 26.475746 ], [ 50.158099, 26.475829 ], [ 50.157981, 26.475941 ], [ 50.157874, 26.476092 ], [ 50.157818, 26.476227 ], [ 50.157779, 26.476445 ], [ 50.15715, 26.480468 ], [ 50.157112, 26.480884 ], [ 50.157123, 26.481319 ], [ 50.157171, 26.481746 ], [ 50.157261, 26.482148 ], [ 50.157401, 26.482571 ], [ 50.158311, 26.484617 ], [ 50.158343, 26.484737 ], [ 50.158351, 26.484877 ], [ 50.158335, 26.484992 ], [ 50.158292, 26.485118 ], [ 50.158213, 26.485249 ], [ 50.158111, 26.485356 ], [ 50.157997, 26.485439 ], [ 50.15785, 26.485511 ], [ 50.157699, 26.48555 ], [ 50.157563, 26.485563 ], [ 50.157426, 26.485551 ], [ 50.157302, 26.485523 ], [ 50.157168, 26.485473 ], [ 50.157053, 26.485404 ], [ 50.156948, 26.485311 ], [ 50.156868, 26.485211 ], [ 50.155912, 26.483064 ], [ 50.155758, 26.48262 ], [ 50.155639, 26.48215 ], [ 50.155564, 26.481673 ], [ 50.155529, 26.481213 ], [ 50.155529, 26.480741 ], [ 50.155571, 26.480267 ], [ 50.156059, 26.47714 ], [ 50.156081, 26.477004 ], [ 50.156091, 26.476914 ], [ 50.15607, 26.476785 ], [ 50.156009, 26.476665 ], [ 50.155942, 26.476588 ], [ 50.155872, 26.476534 ], [ 50.155777, 26.476486 ], [ 50.155635, 26.476446 ], [ 50.155533, 26.476414 ], [ 50.155413, 26.476359 ], [ 50.155318, 26.476293 ], [ 50.155228, 26.476214 ], [ 50.155143, 26.476107 ], [ 50.155091, 26.476014 ], [ 50.155049, 26.475897 ], [ 50.155028, 26.475768 ], [ 50.155035, 26.475626 ], [ 50.15506, 26.475524 ], [ 50.155105, 26.475416 ], [ 50.155165, 26.475317 ], [ 50.155247, 26.475221 ], [ 50.155341, 26.47514 ], [ 50.155783, 26.474865 ], [ 50.156232, 26.474644 ], [ 50.156739, 26.474453 ], [ 50.157281, 26.474323 ], [ 50.157758, 26.474247 ], [ 50.157996, 26.474167 ], [ 50.158147, 26.474093 ], [ 50.158272, 26.474017 ], [ 50.158364, 26.47395 ], [ 50.15849, 26.47382 ], [ 50.15854, 26.473746 ], [ 50.158611, 26.473595 ], [ 50.158663, 26.473365 ], [ 50.158654, 26.473133 ], [ 50.158613, 26.472977 ], [ 50.158535, 26.472816 ], [ 50.158483, 26.472739 ], [ 50.158336, 26.47258 ], [ 50.158156, 26.472448 ], [ 50.15795, 26.472354 ], [ 50.157718, 26.472299 ], [ 50.157442, 26.472295 ], [ 50.15672, 26.472361 ], [ 50.156353, 26.472417 ], [ 50.156017, 26.472447 ], [ 50.155685, 26.472422 ], [ 50.155395, 26.472351 ], [ 50.155138, 26.472252 ], [ 50.154926, 26.472133 ], [ 50.154736, 26.47199 ], [ 50.154534, 26.47179 ], [ 50.154383, 26.471604 ], [ 50.153001, 26.472765 ], [ 50.153034, 26.472955 ], [ 50.153022, 26.473122 ], [ 50.152819, 26.474123 ], [ 50.152664, 26.475257 ], [ 50.152595, 26.476167 ], [ 50.152586, 26.477286 ], [ 50.152677, 26.47909 ], [ 50.152818, 26.480587 ], [ 50.15291, 26.481039 ], [ 50.153043, 26.481505 ], [ 50.154083, 26.484044 ], [ 50.154363, 26.484671 ], [ 50.154683, 26.485232 ], [ 50.154779, 26.485416 ], [ 50.154847, 26.485603 ], [ 50.154875, 26.485707 ], [ 50.154892, 26.485814 ], [ 50.154887, 26.485935 ], [ 50.154863, 26.486046 ], [ 50.154821, 26.486152 ], [ 50.15477, 26.486239 ], [ 50.1547, 26.486329 ], [ 50.154584, 26.486435 ], [ 50.154498, 26.486488 ], [ 50.154379, 26.486546 ], [ 50.154241, 26.486588 ], [ 50.154127, 26.486606 ], [ 50.153982, 26.486609 ], [ 50.153849, 26.486588 ], [ 50.153729, 26.486556 ], [ 50.153616, 26.486508 ], [ 50.153497, 26.486433 ], [ 50.153394, 26.486342 ], [ 50.153325, 26.486258 ], [ 50.153269, 26.486167 ], [ 50.153221, 26.486054 ], [ 50.152419, 26.484135 ], [ 50.152299, 26.483945 ], [ 50.152156, 26.483766 ], [ 50.152061, 26.483668 ], [ 50.151884, 26.483516 ], [ 50.151706, 26.483431 ], [ 50.15153, 26.483365 ], [ 50.151359, 26.483317 ], [ 50.151131, 26.483272 ], [ 50.150964, 26.483251 ], [ 50.150784, 26.483245 ], [ 50.150604, 26.483253 ], [ 50.150456, 26.483268 ], [ 50.150301, 26.483294 ], [ 50.150148, 26.483332 ], [ 50.149968, 26.483389 ], [ 50.149823, 26.483447 ], [ 50.149674, 26.483521 ], [ 50.149524, 26.483608 ], [ 50.149415, 26.483684 ], [ 50.149296, 26.48378 ], [ 50.149177, 26.483888 ], [ 50.149069, 26.484007 ], [ 50.148983, 26.484115 ], [ 50.14891, 26.484221 ], [ 50.148841, 26.484338 ], [ 50.14878, 26.484459 ], [ 50.14872, 26.484612 ], [ 50.148669, 26.484786 ], [ 50.148641, 26.484937 ], [ 50.148624, 26.485108 ], [ 50.148625, 26.485298 ], [ 50.14865, 26.485503 ], [ 50.148807, 26.485981 ], [ 50.149009, 26.486393 ], [ 50.149242, 26.486787 ], [ 50.149499, 26.487156 ], [ 50.149744, 26.487465 ], [ 50.150045, 26.487796 ], [ 50.150403, 26.488137 ], [ 50.150883, 26.488523 ], [ 50.1514, 26.488869 ], [ 50.151922, 26.489157 ], [ 50.152489, 26.489411 ], [ 50.15308, 26.489613 ], [ 50.153711, 26.489777 ], [ 50.154311, 26.48988 ], [ 50.154901, 26.489935 ], [ 50.155521, 26.489943 ], [ 50.156163, 26.489902 ], [ 50.156787, 26.489809 ], [ 50.157464, 26.489646 ], [ 50.158156, 26.489415 ], [ 50.158876, 26.489137 ], [ 50.159739, 26.488747 ], [ 50.160016, 26.488719 ], [ 50.160353, 26.488739 ], [ 50.160643, 26.488802 ], [ 50.160942, 26.488923 ], [ 50.161188, 26.489078 ], [ 50.161402, 26.489265 ], [ 50.161587, 26.489496 ], [ 50.161713, 26.489731 ], [ 50.161798, 26.489998 ], [ 50.16183, 26.490283 ], [ 50.161797, 26.490603 ], [ 50.161684, 26.490928 ], [ 50.161497, 26.491222 ], [ 50.161237, 26.491482 ], [ 50.160834, 26.491663 ], [ 50.160668, 26.491346 ], [ 50.160528, 26.491235 ], [ 50.160358, 26.491225 ], [ 50.160227, 26.491291 ], [ 50.16015, 26.491474 ], [ 50.159078, 26.491867 ], [ 50.158263, 26.492113 ], [ 50.157405, 26.492324 ], [ 50.156471, 26.492484 ], [ 50.155608, 26.492539 ], [ 50.154714, 26.492527 ], [ 50.153806, 26.492439 ], [ 50.152925, 26.492275 ], [ 50.152773, 26.492597 ], [ 50.151781, 26.492325 ], [ 50.150987, 26.492031 ], [ 50.150223, 26.491675 ], [ 50.149368, 26.491184 ], [ 50.148555, 26.490608 ], [ 50.147946, 26.49009 ], [ 50.147194, 26.489314 ], [ 50.146675, 26.488654 ], [ 50.146144, 26.487824 ], [ 50.145668, 26.486844 ], [ 50.145401, 26.486098 ], [ 50.145187, 26.485246 ], [ 50.145034, 26.483902 ], [ 50.14509, 26.482634 ], [ 50.145307, 26.481497 ], [ 50.145646, 26.480477 ], [ 50.146148, 26.479437 ], [ 50.146354, 26.479091 ], [ 50.14736, 26.479426 ], [ 50.148652, 26.476762 ], [ 50.147727, 26.476171 ], [ 50.148016, 26.475695 ], [ 50.148522, 26.475034 ], [ 50.149109, 26.474363 ], [ 50.149767, 26.473703 ], [ 50.150604, 26.472977 ], [ 50.151445, 26.47235 ], [ 50.151658, 26.472216 ], [ 50.151916, 26.472143 ], [ 50.152188, 26.472135 ], [ 50.152468, 26.472205 ], [ 50.15264, 26.472312 ], [ 50.152707, 26.472355 ], [ 50.154142, 26.471147 ], [ 50.15408, 26.470966 ], [ 50.154025, 26.470647 ], [ 50.154023, 26.470345 ], [ 50.154073, 26.470036 ], [ 50.154175, 26.469707 ], [ 50.154329, 26.469354 ], [ 50.154463, 26.468984 ], [ 50.154568, 26.468619 ], [ 50.154648, 26.468256 ], [ 50.154707, 26.467864 ], [ 50.154733, 26.467559 ], [ 50.154742, 26.467216 ], [ 50.15473, 26.466857 ], [ 50.154694, 26.466498 ], [ 50.154648, 26.466213 ], [ 50.154647, 26.466004 ], [ 50.154693, 26.465807 ], [ 50.154789, 26.465612 ], [ 50.15491, 26.465454 ], [ 50.155047, 26.465331 ], [ 50.155229, 26.465217 ], [ 50.155433, 26.465135 ], [ 50.155611, 26.4651 ], [ 50.157916, 26.465303 ], [ 50.157905, 26.463461 ], [ 50.156997, 26.463309 ], [ 50.156165, 26.463002 ], [ 50.155512, 26.462512 ], [ 50.155062, 26.461855 ], [ 50.154875, 26.461199 ], [ 50.154811, 26.460348 ], [ 50.154881, 26.459611 ], [ 50.152162, 26.458922 ], [ 50.151811, 26.45964 ], [ 50.151387, 26.460357 ], [ 50.151006, 26.460899 ], [ 50.150624, 26.461382 ], [ 50.15001, 26.461162 ], [ 50.149437, 26.460991 ], [ 50.148689, 26.46082 ], [ 50.148086, 26.460719 ], [ 50.147565, 26.460662 ], [ 50.147047, 26.460627 ], [ 50.146598, 26.460615 ], [ 50.145757, 26.460644 ], [ 50.145115, 26.460708 ], [ 50.144423, 26.460819 ], [ 50.143771, 26.460946 ], [ 50.143427, 26.460522 ], [ 50.143097, 26.460041 ], [ 50.142821, 26.459566 ], [ 50.142569, 26.459018 ], [ 50.139753, 26.458432 ], [ 50.140076, 26.460691 ], [ 50.140024, 26.461084 ], [ 50.139887, 26.461501 ], [ 50.139588, 26.462 ], [ 50.13897, 26.461481 ], [ 50.137054, 26.463278 ], [ 50.137857, 26.463962 ], [ 50.137146, 26.464644 ], [ 50.13686, 26.464979 ], [ 50.136749, 26.465174 ], [ 50.136661, 26.46542 ], [ 50.136649, 26.465668 ], [ 50.136723, 26.465899 ], [ 50.136878, 26.466096 ], [ 50.137041, 26.466192 ], [ 50.137258, 26.466236 ], [ 50.137419, 26.466235 ], [ 50.137561, 26.466211 ], [ 50.137689, 26.466169 ], [ 50.137834, 26.466081 ], [ 50.138006, 26.465918 ], [ 50.140384, 26.463661 ], [ 50.140474, 26.463576 ], [ 50.140574, 26.463491 ], [ 50.140676, 26.463426 ], [ 50.140817, 26.463368 ], [ 50.140957, 26.463335 ], [ 50.141078, 26.463327 ], [ 50.141236, 26.463341 ], [ 50.141357, 26.463371 ], [ 50.141463, 26.463413 ], [ 50.141592, 26.46349 ], [ 50.141695, 26.463581 ], [ 50.141778, 26.463688 ], [ 50.141835, 26.463799 ], [ 50.14187, 26.463907 ], [ 50.141885, 26.464045 ], [ 50.141872, 26.464176 ], [ 50.141834, 26.464302 ], [ 50.141785, 26.464397 ], [ 50.141711, 26.464498 ], [ 50.141634, 26.464576 ], [ 50.14155, 26.464655 ], [ 50.137514, 26.468477 ], [ 50.137316, 26.468687 ], [ 50.13713, 26.468912 ], [ 50.137011, 26.469119 ], [ 50.13693, 26.469337 ], [ 50.136909, 26.469565 ], [ 50.136953, 26.469764 ], [ 50.137048, 26.469943 ], [ 50.137124, 26.470032 ], [ 50.137217, 26.470104 ], [ 50.137324, 26.470159 ], [ 50.137432, 26.470191 ], [ 50.137581, 26.470204 ], [ 50.13773, 26.470195 ], [ 50.137845, 26.470167 ], [ 50.137958, 26.47012 ], [ 50.138063, 26.470058 ], [ 50.138141, 26.469988 ], [ 50.141033, 26.467243 ], [ 50.141173, 26.46711 ], [ 50.141329, 26.467008 ], [ 50.141535, 26.466934 ], [ 50.141717, 26.466913 ], [ 50.141918, 26.466937 ], [ 50.142124, 26.46701 ], [ 50.142293, 26.467124 ], [ 50.142417, 26.467267 ], [ 50.142495, 26.467428 ], [ 50.142529, 26.467624 ], [ 50.142507, 26.467805 ], [ 50.142426, 26.467991 ], [ 50.142331, 26.468113 ], [ 50.142198, 26.468238 ], [ 50.138006, 26.472217 ], [ 50.137659, 26.472547 ], [ 50.137467, 26.472729 ], [ 50.137343, 26.472886 ], [ 50.137245, 26.473073 ], [ 50.137188, 26.473266 ], [ 50.137183, 26.47347 ], [ 50.137237, 26.473677 ], [ 50.137349, 26.47387 ], [ 50.137447, 26.47397 ], [ 50.137528, 26.474029 ], [ 50.137597, 26.474072 ], [ 50.137687, 26.474111 ], [ 50.137762, 26.474132 ], [ 50.137873, 26.474146 ], [ 50.137966, 26.474142 ], [ 50.138067, 26.474125 ], [ 50.138179, 26.474083 ], [ 50.138383, 26.47396 ], [ 50.141274, 26.471214 ], [ 50.141439, 26.471067 ], [ 50.141576, 26.470986 ], [ 50.141776, 26.47092 ], [ 50.141968, 26.470905 ], [ 50.14214, 26.470924 ], [ 50.142347, 26.470993 ], [ 50.142494, 26.471095 ], [ 50.142635, 26.471254 ], [ 50.142716, 26.47142 ], [ 50.142748, 26.471582 ], [ 50.142729, 26.47179 ], [ 50.142659, 26.471961 ], [ 50.14258, 26.472071 ], [ 50.142439, 26.472208 ], [ 50.137749, 26.476653 ], [ 50.137562, 26.476846 ], [ 50.137489, 26.476952 ], [ 50.137401, 26.477139 ], [ 50.137347, 26.47736 ], [ 50.137367, 26.47759 ], [ 50.137455, 26.477812 ], [ 50.137556, 26.477952 ], [ 50.137701, 26.478066 ], [ 50.137785, 26.478114 ], [ 50.137888, 26.478155 ], [ 50.138023, 26.478176 ], [ 50.138226, 26.478159 ], [ 50.138353, 26.478113 ], [ 50.138469, 26.478048 ], [ 50.138606, 26.477945 ], [ 50.141009, 26.475664 ], [ 50.141155, 26.475529 ], [ 50.1413, 26.47544 ], [ 50.141496, 26.475371 ], [ 50.141712, 26.47535 ], [ 50.141909, 26.47538 ], [ 50.142081, 26.475445 ], [ 50.142248, 26.475559 ], [ 50.142373, 26.475701 ], [ 50.14245, 26.475851 ], [ 50.142488, 26.476038 ], [ 50.142472, 26.476221 ], [ 50.142401, 26.476404 ], [ 50.142312, 26.476527 ], [ 50.142174, 26.47666 ], [ 50.138495, 26.480161 ], [ 50.137994, 26.480636 ], [ 50.137801, 26.480829 ], [ 50.137679, 26.481034 ], [ 50.137624, 26.481261 ], [ 50.137639, 26.481485 ], [ 50.13772, 26.481698 ], [ 50.137821, 26.481838 ], [ 50.137905, 26.481913 ], [ 50.137997, 26.481975 ], [ 50.138093, 26.482018 ], [ 50.138206, 26.482053 ], [ 50.138351, 26.482069 ], [ 50.138497, 26.482059 ], [ 50.138651, 26.482019 ], [ 50.138853, 26.48191 ], [ 50.13903, 26.481843 ], [ 50.13922, 26.481815 ], [ 50.139411, 26.481825 ], [ 50.139606, 26.481881 ], [ 50.139761, 26.481965 ], [ 50.13988, 26.482065 ], [ 50.139979, 26.482194 ], [ 50.140056, 26.482366 ], [ 50.140081, 26.482576 ], [ 50.140049, 26.482757 ], [ 50.139979, 26.482908 ], [ 50.13986, 26.483056 ], [ 50.138327, 26.484509 ], [ 50.138153, 26.484673 ], [ 50.138002, 26.484875 ], [ 50.13792, 26.485118 ], [ 50.137918, 26.485346 ], [ 50.137981, 26.485554 ], [ 50.138086, 26.485724 ], [ 50.138183, 26.48582 ], [ 50.138282, 26.485886 ], [ 50.138392, 26.485936 ], [ 50.138509, 26.485968 ], [ 50.138687, 26.485981 ], [ 50.138832, 26.485964 ], [ 50.139014, 26.485899 ], [ 50.139256, 26.485756 ], [ 50.139411, 26.485703 ], [ 50.13957, 26.485681 ], [ 50.139759, 26.485689 ], [ 50.139919, 26.485729 ], [ 50.140083, 26.485806 ], [ 50.140235, 26.485927 ], [ 50.140345, 26.486074 ], [ 50.140414, 26.486239 ], [ 50.140437, 26.486422 ], [ 50.140409, 26.486605 ], [ 50.140332, 26.486774 ], [ 50.140197, 26.486933 ], [ 50.138591, 26.488452 ], [ 50.138447, 26.488609 ], [ 50.138315, 26.488791 ], [ 50.138196, 26.489011 ], [ 50.138145, 26.489255 ], [ 50.138176, 26.489515 ], [ 50.138268, 26.489721 ], [ 50.138399, 26.489879 ], [ 50.13851, 26.489984 ], [ 50.138702, 26.490078 ], [ 50.138888, 26.490124 ], [ 50.139139, 26.490107 ], [ 50.139318, 26.490036 ], [ 50.13955, 26.489974 ], [ 50.139781, 26.489978 ], [ 50.139975, 26.490031 ], [ 50.140139, 26.490125 ], [ 50.140248, 26.490225 ], [ 50.140341, 26.490358 ], [ 50.140399, 26.490501 ], [ 50.140418, 26.490652 ], [ 50.140399, 26.490808 ], [ 50.140338, 26.490963 ], [ 50.140239, 26.491096 ], [ 50.138878, 26.492383 ], [ 50.138692, 26.492572 ], [ 50.138577, 26.49276 ], [ 50.138506, 26.49299 ], [ 50.138498, 26.49322 ], [ 50.138541, 26.493431 ], [ 50.138627, 26.493598 ], [ 50.138705, 26.493687 ], [ 50.138804, 26.493766 ], [ 50.138944, 26.493835 ], [ 50.139065, 26.493867 ], [ 50.139248, 26.49388 ], [ 50.139423, 26.493849 ], [ 50.139618, 26.49376 ], [ 50.13974, 26.493688 ], [ 50.139892, 26.493635 ], [ 50.140054, 26.493607 ], [ 50.140211, 26.493605 ], [ 50.140377, 26.493645 ], [ 50.140518, 26.493702 ], [ 50.140673, 26.493805 ], [ 50.140775, 26.493907 ], [ 50.140866, 26.49405 ], [ 50.140913, 26.494181 ], [ 50.140932, 26.494339 ], [ 50.140912, 26.494501 ], [ 50.140848, 26.494666 ], [ 50.140737, 26.494816 ], [ 50.139161, 26.496249 ], [ 50.138982, 26.49644 ], [ 50.13888, 26.496629 ], [ 50.138822, 26.496836 ], [ 50.138816, 26.497055 ], [ 50.13886, 26.497265 ], [ 50.138938, 26.497421 ], [ 50.139055, 26.497546 ], [ 50.139173, 26.497628 ], [ 50.139327, 26.497685 ], [ 50.139443, 26.497707 ], [ 50.139639, 26.497703 ], [ 50.139839, 26.497643 ], [ 50.139966, 26.497567 ], [ 50.140114, 26.49748 ], [ 50.140254, 26.497432 ], [ 50.140423, 26.497405 ], [ 50.140613, 26.497413 ], [ 50.140796, 26.49746 ], [ 50.14095, 26.497537 ], [ 50.141089, 26.497646 ], [ 50.141201, 26.497789 ], [ 50.141272, 26.497952 ], [ 50.141298, 26.498126 ], [ 50.141275, 26.498311 ], [ 50.141207, 26.498476 ], [ 50.141104, 26.498615 ], [ 50.140987, 26.498727 ], [ 50.139875, 26.499788 ], [ 50.139552, 26.500097 ], [ 50.139461, 26.50021 ], [ 50.139397, 26.500318 ], [ 50.13934, 26.500491 ], [ 50.139324, 26.500667 ], [ 50.139339, 26.500794 ], [ 50.139366, 26.500893 ], [ 50.139405, 26.500986 ], [ 50.139457, 26.501079 ], [ 50.13954, 26.501183 ], [ 50.139656, 26.501288 ], [ 50.139777, 26.501365 ], [ 50.139898, 26.50142 ], [ 50.140012, 26.501454 ], [ 50.140195, 26.501483 ], [ 50.140377, 26.501477 ], [ 50.140564, 26.501451 ], [ 50.140729, 26.501461 ], [ 50.140914, 26.50151 ], [ 50.141074, 26.501587 ], [ 50.141196, 26.501681 ], [ 50.141305, 26.501803 ], [ 50.141377, 26.50193 ], [ 50.141425, 26.502084 ], [ 50.141438, 26.502219 ], [ 50.141421, 26.502368 ], [ 50.141373, 26.502508 ], [ 50.141285, 26.502652 ], [ 50.141179, 26.502764 ], [ 50.141018, 26.502871 ], [ 50.140879, 26.502952 ], [ 50.138402, 26.504345 ], [ 50.138229, 26.504403 ], [ 50.138071, 26.5044 ], [ 50.137912, 26.504338 ], [ 50.137803, 26.504244 ], [ 50.137728, 26.504113 ], [ 50.137707, 26.50395 ], [ 50.137556, 26.500934 ], [ 50.137207, 26.496833 ], [ 50.137313, 26.496822 ], [ 50.137194, 26.495607 ], [ 50.136759, 26.48965 ], [ 50.136594, 26.487406 ], [ 50.135877, 26.47764 ], [ 50.13578, 26.476021 ], [ 50.13554, 26.471846 ], [ 50.135357, 26.46882 ], [ 50.1345, 26.456561 ], [ 50.134485, 26.456437 ], [ 50.134444, 26.455816 ], [ 50.134071, 26.450805 ], [ 50.133259, 26.439855 ], [ 50.133173, 26.439297 ], [ 50.132972, 26.436806 ], [ 50.132981, 26.43642 ], [ 50.13264, 26.432123 ], [ 50.1326, 26.431575 ] ] ] } },
{ "type": "Feature", "properties": { "district_id": 10500013072, "city_id": 13, "region_id": 5, "name_ar": "حي الخالدية الجنوبية", "name_en": "Al Khalidiyah Al Janubiyah Dist." }, "geometry": { "type": "Polygon", "coordinates": [ [ [ 50.165457, 26.385404 ], [ 50.167181, 26.390309 ], [ 50.167455, 26.39109 ], [ 50.167487, 26.391198 ], [ 50.167513, 26.391289 ], [ 50.167537, 26.391381 ], [ 50.167559, 26.391476 ], [ 50.167579, 26.391569 ], [ 50.16759, 26.391621 ], [ 50.167598, 26.391662 ], [ 50.167614, 26.391757 ], [ 50.167629, 26.391851 ], [ 50.167642, 26.391946 ], [ 50.167653, 26.392039 ], [ 50.167663, 26.392134 ], [ 50.167948, 26.395347 ], [ 50.167965, 26.39553 ], [ 50.167978, 26.395632 ], [ 50.167992, 26.395731 ], [ 50.168008, 26.395831 ], [ 50.168026, 26.395932 ], [ 50.168046, 26.396032 ], [ 50.168068, 26.396129 ], [ 50.168092, 26.396228 ], [ 50.168118, 26.396328 ], [ 50.168146, 26.396425 ], [ 50.168175, 26.396522 ], [ 50.168207, 26.39662 ], [ 50.16824, 26.396717 ], [ 50.168444, 26.397289 ], [ 50.168733, 26.398097 ], [ 50.168792, 26.398284 ], [ 50.168831, 26.3984 ], [ 50.168873, 26.398513 ], [ 50.168917, 26.398628 ], [ 50.168963, 26.398741 ], [ 50.169012, 26.398854 ], [ 50.169062, 26.398965 ], [ 50.169115, 26.399076 ], [ 50.169403, 26.399525 ], [ 50.170195, 26.400757 ], [ 50.171024, 26.402049 ], [ 50.171122, 26.402185 ], [ 50.171176, 26.402264 ], [ 50.171229, 26.402346 ], [ 50.171281, 26.402427 ], [ 50.171331, 26.402511 ], [ 50.171379, 26.402592 ], [ 50.171426, 26.402678 ], [ 50.171471, 26.402762 ], [ 50.171514, 26.402848 ], [ 50.171532, 26.402884 ], [ 50.171555, 26.402934 ], [ 50.171596, 26.40302 ], [ 50.171634, 26.403109 ], [ 50.17167, 26.403197 ], [ 50.171705, 26.403285 ], [ 50.171738, 26.403373 ], [ 50.17177, 26.403464 ], [ 50.171799, 26.403554 ], [ 50.171827, 26.403645 ], [ 50.172085, 26.40438 ], [ 50.172492, 26.405547 ], [ 50.172916, 26.406764 ], [ 50.173833, 26.409392 ], [ 50.174717, 26.412024 ], [ 50.174392, 26.41237 ], [ 50.173819, 26.412947 ], [ 50.173469, 26.413285 ], [ 50.172436, 26.414198 ], [ 50.171598, 26.414861 ], [ 50.171035, 26.415276 ], [ 50.170819, 26.415432 ], [ 50.17048, 26.415665 ], [ 50.169884, 26.416061 ], [ 50.169542, 26.416276 ], [ 50.169195, 26.416484 ], [ 50.168846, 26.416687 ], [ 50.168491, 26.416886 ], [ 50.168134, 26.41708 ], [ 50.167772, 26.417266 ], [ 50.167407, 26.417448 ], [ 50.167038, 26.417625 ], [ 50.165361, 26.418385 ], [ 50.164245, 26.418879 ], [ 50.163183, 26.419367 ], [ 50.161576, 26.420058 ], [ 50.161507, 26.420057 ], [ 50.161558, 26.420039 ], [ 50.16154, 26.420005 ], [ 50.161226, 26.4194 ], [ 50.160978, 26.41892 ], [ 50.160326, 26.417661 ], [ 50.159672, 26.416317 ], [ 50.158653, 26.414376 ], [ 50.158653, 26.414375 ], [ 50.158171, 26.413454 ], [ 50.157363, 26.411866 ], [ 50.156696, 26.410618 ], [ 50.156384, 26.410051 ], [ 50.15609, 26.409416 ], [ 50.155312, 26.407762 ], [ 50.155043, 26.407191 ], [ 50.15486, 26.406813 ], [ 50.154615, 26.40631 ], [ 50.154081, 26.405274 ], [ 50.153609, 26.404358 ], [ 50.153374, 26.40394 ], [ 50.153313, 26.403774 ], [ 50.151314, 26.399889 ], [ 50.151296, 26.399854 ], [ 50.149637, 26.396065 ], [ 50.151833, 26.394157 ], [ 50.164573, 26.382817 ], [ 50.165457, 26.385404 ] ] ] } },
{ "type": "Feature", "properties": { "district_id": 10500013073, "city_id": 13, "region_id": 5, "name_ar": "حي الشعلة", "name_en": "Ash Shulah Dist." }, "geometry": { "type": "Polygon", "coordinates": [ [ [ 50.044979, 26.305883 ], [ 50.047337, 26.309029 ], [ 50.047682, 26.309468 ], [ 50.048032, 26.309902 ], [ 50.048387, 26.310332 ], [ 50.048747, 26.310758 ], [ 50.049112, 26.311179 ], [ 50.049483, 26.311596 ], [ 50.049859, 26.312009 ], [ 50.050239, 26.312416 ], [ 50.050624, 26.312819 ], [ 50.051015, 26.313218 ], [ 50.05141, 26.313612 ], [ 50.05181, 26.314 ], [ 50.052214, 26.314384 ], [ 50.052623, 26.314763 ], [ 50.053037, 26.315137 ], [ 50.053455, 26.315506 ], [ 50.053878, 26.31587 ], [ 50.054081, 26.316042 ], [ 50.054453, 26.316353 ], [ 50.054829, 26.31666 ], [ 50.055207, 26.316964 ], [ 50.055589, 26.317263 ], [ 50.055973, 26.317559 ], [ 50.056328, 26.317827 ], [ 50.056685, 26.318091 ], [ 50.057045, 26.318352 ], [ 50.057445, 26.318637 ], [ 50.057848, 26.318919 ], [ 50.058254, 26.319196 ], [ 50.058663, 26.319469 ], [ 50.059074, 26.319738 ], [ 50.059497, 26.320008 ], [ 50.059923, 26.320275 ], [ 50.060351, 26.320537 ], [ 50.060782, 26.320794 ], [ 50.061215, 26.321048 ], [ 50.0617, 26.321328 ], [ 50.062189, 26.321602 ], [ 50.062681, 26.32187 ], [ 50.063176, 26.322132 ], [ 50.063675, 26.322387 ], [ 50.064176, 26.322636 ], [ 50.064642, 26.322861 ], [ 50.06511, 26.32308 ], [ 50.065581, 26.323294 ], [ 50.066054, 26.323502 ], [ 50.066531, 26.323706 ], [ 50.067011, 26.323904 ], [ 50.067492, 26.324097 ], [ 50.067976, 26.324285 ], [ 50.068461, 26.324467 ], [ 50.068949, 26.324643 ], [ 50.069439, 26.324814 ], [ 50.06993, 26.32498 ], [ 50.070424, 26.32514 ], [ 50.072248, 26.325717 ], [ 50.074073, 26.326289 ], [ 50.0759, 26.326855 ], [ 50.077728, 26.327417 ], [ 50.079558, 26.327973 ], [ 50.08139, 26.328523 ], [ 50.083224, 26.329069 ], [ 50.083745, 26.329232 ], [ 50.095784, 26.333006 ], [ 50.096175, 26.333128 ], [ 50.097306, 26.333485 ], [ 50.102689, 26.335178 ], [ 50.104402, 26.335721 ], [ 50.105462, 26.336051 ], [ 50.10671, 26.336467 ], [ 50.107765, 26.336875 ], [ 50.10815, 26.337038 ], [ 50.108075, 26.337245 ], [ 50.107404, 26.339008 ], [ 50.107318, 26.339245 ], [ 50.106712, 26.340846 ], [ 50.10599, 26.342753 ], [ 50.105191, 26.344847 ], [ 50.104258, 26.347308 ], [ 50.103526, 26.34927 ], [ 50.102523, 26.351943 ], [ 50.101563, 26.354395 ], [ 50.101526, 26.354496 ], [ 50.101385, 26.354877 ], [ 50.09905, 26.360498 ], [ 50.098877, 26.36093 ], [ 50.098699, 26.36136 ], [ 50.098515, 26.361787 ], [ 50.098325, 26.362212 ], [ 50.098129, 26.362634 ], [ 50.097927, 26.363053 ], [ 50.09772, 26.36347 ], [ 50.097507, 26.363884 ], [ 50.097288, 26.364294 ], [ 50.097063, 26.364702 ], [ 50.096833, 26.365107 ], [ 50.096598, 26.365508 ], [ 50.093088, 26.370981 ], [ 50.090518, 26.374955 ], [ 50.071855, 26.363158 ], [ 50.052319, 26.350922 ], [ 50.043521, 26.345291 ], [ 50.033562, 26.339283 ], [ 50.033494, 26.339242 ], [ 50.034941, 26.331725 ], [ 50.035075, 26.331063 ], [ 50.035216, 26.330403 ], [ 50.035365, 26.329744 ], [ 50.03552, 26.329087 ], [ 50.035682, 26.328431 ], [ 50.035851, 26.327777 ], [ 50.036028, 26.327126 ], [ 50.036211, 26.326476 ], [ 50.036401, 26.325828 ], [ 50.036597, 26.325182 ], [ 50.036801, 26.324538 ], [ 50.037012, 26.323896 ], [ 50.037229, 26.323257 ], [ 50.037501, 26.32253 ], [ 50.03778, 26.321805 ], [ 50.038065, 26.321082 ], [ 50.038357, 26.320363 ], [ 50.038655, 26.319646 ], [ 50.03896, 26.318931 ], [ 50.039272, 26.31822 ], [ 50.03959, 26.317511 ], [ 50.039914, 26.316806 ], [ 50.040245, 26.316103 ], [ 50.040582, 26.315403 ], [ 50.04146, 26.313489 ], [ 50.042333, 26.311573 ], [ 50.043202, 26.309655 ], [ 50.044066, 26.307734 ], [ 50.044926, 26.305812 ], [ 50.044979, 26.305883 ] ] ] } },
{ "type": "Feature", "properties": { "district_id": 10500013074, "city_id": 13, "region_id": 5, "name_ar": "حي الأنوار", "name_en": "Al Anwar Dist." }, "geometry": { "type": "Polygon", "coordinates": [ [ [ 50.030251, 26.354898 ], [ 50.029202, 26.358986 ], [ 50.027963, 26.363319 ], [ 50.021551, 26.384531 ], [ 50.021318, 26.384418 ], [ 50.01921, 26.383345 ], [ 50.018687, 26.383078 ], [ 50.016654, 26.382037 ], [ 50.01397, 26.380682 ], [ 50.012861, 26.380131 ], [ 50.012231, 26.37984 ], [ 50.01076, 26.379179 ], [ 50.009537, 26.378683 ], [ 50.007659, 26.377968 ], [ 50.006507, 26.377523 ], [ 50.004688, 26.376819 ], [ 50.003525, 26.376378 ], [ 50.003504, 26.376369 ], [ 50.003025, 26.376187 ], [ 50.001242, 26.375491 ], [ 50.000399, 26.375166 ], [ 49.999227, 26.374718 ], [ 49.998653, 26.374495 ], [ 49.997447, 26.374033 ], [ 49.996626, 26.373705 ], [ 49.995868, 26.373419 ], [ 49.994929, 26.373056 ], [ 49.993322, 26.372499 ], [ 49.991584, 26.371999 ], [ 49.989575, 26.371542 ], [ 49.988191, 26.371302 ], [ 49.987967, 26.371269 ], [ 49.987977, 26.371166 ], [ 49.988104, 26.370478 ], [ 49.988189, 26.369968 ], [ 49.99169, 26.368044 ], [ 50.007676, 26.35312 ], [ 50.007822, 26.352978 ], [ 50.007811, 26.352966 ], [ 50.007796, 26.352948 ], [ 50.00778, 26.35293 ], [ 50.007765, 26.352911 ], [ 50.00775, 26.352892 ], [ 50.007736, 26.352873 ], [ 50.007721, 26.352854 ], [ 50.007708, 26.352834 ], [ 50.007694, 26.352815 ], [ 50.007682, 26.352795 ], [ 50.007669, 26.352775 ], [ 50.007657, 26.352754 ], [ 50.007645, 26.352734 ], [ 50.007634, 26.352713 ], [ 50.007623, 26.352692 ], [ 50.007612, 26.352671 ], [ 50.007602, 26.35265 ], [ 50.007592, 26.352628 ], [ 50.007591, 26.352598 ], [ 50.00759, 26.352583 ], [ 50.00759, 26.352567 ], [ 50.00759, 26.352552 ], [ 50.007591, 26.352536 ], [ 50.007591, 26.35252 ], [ 50.007592, 26.352505 ], [ 50.007594, 26.352489 ], [ 50.007595, 26.352474 ], [ 50.007597, 26.352458 ], [ 50.0076, 26.352443 ], [ 50.007602, 26.352427 ], [ 50.007605, 26.352412 ], [ 50.007608, 26.352397 ], [ 50.007612, 26.352381 ], [ 50.007615, 26.352366 ], [ 50.007619, 26.352351 ], [ 50.007624, 26.352336 ], [ 50.007628, 26.352321 ], [ 50.007633, 26.352306 ], [ 50.007638, 26.352291 ], [ 50.007644, 26.352276 ], [ 50.00765, 26.352262 ], [ 50.007656, 26.352247 ], [ 50.007662, 26.352232 ], [ 50.007669, 26.352218 ], [ 50.007676, 26.352204 ], [ 50.007683, 26.35219 ], [ 50.00769, 26.352176 ], [ 50.007698, 26.352162 ], [ 50.007706, 26.352148 ], [ 50.007714, 26.352134 ], [ 50.007723, 26.352121 ], [ 50.007731, 26.352107 ], [ 50.00774, 26.352094 ], [ 50.00775, 26.352081 ], [ 50.007759, 26.352068 ], [ 50.007769, 26.352055 ], [ 50.007779, 26.352042 ], [ 50.007789, 26.35203 ], [ 50.0078, 26.352017 ], [ 50.007811, 26.352005 ], [ 50.007822, 26.351993 ], [ 50.007849, 26.351954 ], [ 50.007875, 26.351916 ], [ 50.007919, 26.351852 ], [ 50.007961, 26.351787 ], [ 50.008001, 26.351721 ], [ 50.008041, 26.351655 ], [ 50.008079, 26.351588 ], [ 50.008116, 26.35152 ], [ 50.008151, 26.351452 ], [ 50.008185, 26.351384 ], [ 50.008218, 26.351314 ], [ 50.00825, 26.351245 ], [ 50.00828, 26.351175 ], [ 50.008309, 26.351104 ], [ 50.008336, 26.351033 ], [ 50.008362, 26.350961 ], [ 50.008387, 26.350889 ], [ 50.00841, 26.350817 ], [ 50.008432, 26.350745 ], [ 50.008452, 26.350672 ], [ 50.008471, 26.350598 ], [ 50.008726, 26.349768 ], [ 50.008828, 26.349454 ], [ 50.009462, 26.347507 ], [ 50.009536, 26.346998 ], [ 50.009693, 26.346468 ], [ 50.010793, 26.346812 ], [ 50.011801, 26.347153 ], [ 50.013356, 26.347713 ], [ 50.01497, 26.348339 ], [ 50.016584, 26.349008 ], [ 50.018915, 26.350024 ], [ 50.020882, 26.350874 ], [ 50.022068, 26.351419 ], [ 50.022881, 26.351742 ], [ 50.024141, 26.352308 ], [ 50.030251, 26.354898 ] ] ] } },
{ "type": "Feature", "properties": { "district_id": 10500013075, "city_id": 13, "region_id": 5, "name_ar": "حي الأمل", "name_en": "Al Amal Dist." }, "geometry": { "type": "Polygon", "coordinates": [ [ [ 50.033494, 26.339242 ], [ 50.031838, 26.347767 ], [ 50.031144, 26.351143 ], [ 50.030251, 26.354898 ], [ 50.024141, 26.352308 ], [ 50.022881, 26.351742 ], [ 50.022068, 26.351419 ], [ 50.020882, 26.350874 ], [ 50.018915, 26.350024 ], [ 50.016584, 26.349008 ], [ 50.01497, 26.348339 ], [ 50.013356, 26.347713 ], [ 50.011801, 26.347153 ], [ 50.010793, 26.346812 ], [ 50.009693, 26.346468 ], [ 50.0095, 26.346408 ], [ 50.009007, 26.346263 ], [ 50.009083, 26.346064 ], [ 50.009532, 26.344873 ], [ 50.009561, 26.344797 ], [ 50.009672, 26.344591 ], [ 50.009697, 26.344547 ], [ 50.009749, 26.344459 ], [ 50.009789, 26.344396 ], [ 50.009846, 26.344312 ], [ 50.009907, 26.344229 ], [ 50.009953, 26.344171 ], [ 50.01002, 26.344091 ], [ 50.010054, 26.344052 ], [ 50.010141, 26.34396 ], [ 50.010254, 26.343851 ], [ 50.011936, 26.342514 ], [ 50.012296, 26.342143 ], [ 50.012571, 26.341858 ], [ 50.012953, 26.341418 ], [ 50.013296, 26.340991 ], [ 50.013707, 26.340578 ], [ 50.014088, 26.340262 ], [ 50.014162, 26.340192 ], [ 50.014935, 26.339467 ], [ 50.015206, 26.339182 ], [ 50.015535, 26.338854 ], [ 50.016121, 26.33827 ], [ 50.016674, 26.337827 ], [ 50.017442, 26.337137 ], [ 50.017507, 26.337078 ], [ 50.018662, 26.336021 ], [ 50.019134, 26.335724 ], [ 50.019647, 26.335297 ], [ 50.020379, 26.33461 ], [ 50.020472, 26.333981 ], [ 50.021237, 26.333378 ], [ 50.023834, 26.332929 ], [ 50.033494, 26.339242 ] ] ] } },
{ "type": "Feature", "properties": { "district_id": 10500013076, "city_id": 13, "region_id": 5, "name_ar": "حي الشرق", "name_en": "Ash Sharq Dist." }, "geometry": { "type": "Polygon", "coordinates": [ [ [ 49.964269, 26.368583 ], [ 49.964649, 26.367344 ], [ 49.965888, 26.363279 ], [ 49.966923, 26.359931 ], [ 49.967164, 26.359102 ], [ 49.967826, 26.359434 ], [ 49.968726, 26.359889 ], [ 49.97004, 26.360556 ], [ 49.970917, 26.360998 ], [ 49.971783, 26.361439 ], [ 49.972144, 26.361629 ], [ 49.972578, 26.361847 ], [ 49.972866, 26.361971 ], [ 49.969374, 26.367478 ], [ 49.969263, 26.367651 ], [ 49.969155, 26.367822 ], [ 49.969045, 26.367995 ], [ 49.968936, 26.368165 ], [ 49.968826, 26.368338 ], [ 49.968716, 26.368511 ], [ 49.968601, 26.368691 ], [ 49.968486, 26.368871 ], [ 49.968372, 26.369051 ], [ 49.967581, 26.370293 ], [ 49.966777, 26.369881 ], [ 49.966577, 26.369778 ], [ 49.966376, 26.369675 ], [ 49.966177, 26.36957 ], [ 49.964269, 26.368583 ] ] ] } },
{ "type": "Feature", "properties": { "district_id": 10500013077, "city_id": 13, "region_id": 5, "name_ar": "حي الهضبة", "name_en": "Al Hadabah Dist." }, "geometry": { "type": "Polygon", "coordinates": [ [ [ 49.954282, 26.355033 ], [ 49.954142, 26.354986 ], [ 49.953999, 26.354945 ], [ 49.953855, 26.35491 ], [ 49.953709, 26.354882 ], [ 49.953563, 26.35486 ], [ 49.953415, 26.354844 ], [ 49.953267, 26.354835 ], [ 49.953119, 26.354832 ], [ 49.95297, 26.354836 ], [ 49.952822, 26.354846 ], [ 49.952675, 26.354862 ], [ 49.952528, 26.354885 ], [ 49.952383, 26.354914 ], [ 49.952239, 26.35495 ], [ 49.952096, 26.354992 ], [ 49.950998, 26.355333 ], [ 49.949572, 26.355776 ], [ 49.94778, 26.356313 ], [ 49.946008, 26.356844 ], [ 49.945916, 26.356872 ], [ 49.945609, 26.356958 ], [ 49.945519, 26.356984 ], [ 49.944652, 26.357229 ], [ 49.943614, 26.357545 ], [ 49.942577, 26.357863 ], [ 49.941632, 26.358158 ], [ 49.940688, 26.358456 ], [ 49.940445, 26.358504 ], [ 49.939447, 26.358816 ], [ 49.930059, 26.361804 ], [ 49.930033, 26.361813 ], [ 49.929652, 26.361934 ], [ 49.929272, 26.362053 ], [ 49.928892, 26.362175 ], [ 49.928511, 26.362296 ], [ 49.928131, 26.362417 ], [ 49.926675, 26.36288 ], [ 49.926536, 26.362835 ], [ 49.924035, 26.356547 ], [ 49.918629, 26.343899 ], [ 49.918994, 26.341787 ], [ 49.919003, 26.341747 ], [ 49.918966, 26.341646 ], [ 49.918867, 26.341379 ], [ 49.91886, 26.341354 ], [ 49.918854, 26.341327 ], [ 49.918848, 26.341302 ], [ 49.918843, 26.341275 ], [ 49.918838, 26.34125 ], [ 49.918834, 26.341223 ], [ 49.918831, 26.341199 ], [ 49.918827, 26.341171 ], [ 49.918819, 26.341013 ], [ 49.918819, 26.340989 ], [ 49.91882, 26.340961 ], [ 49.918821, 26.340937 ], [ 49.918823, 26.34091 ], [ 49.918826, 26.340882 ], [ 49.918832, 26.340831 ], [ 49.918836, 26.340804 ], [ 49.91884, 26.340779 ], [ 49.918845, 26.340752 ], [ 49.918856, 26.3407 ], [ 49.918863, 26.340675 ], [ 49.918869, 26.340649 ], [ 49.91887, 26.340645 ], [ 49.91887, 26.340642 ], [ 49.918871, 26.340638 ], [ 49.918872, 26.340634 ], [ 49.918873, 26.340631 ], [ 49.918873, 26.340627 ], [ 49.918874, 26.340624 ], [ 49.91889, 26.340551 ], [ 49.918891, 26.340547 ], [ 49.918891, 26.340543 ], [ 49.918892, 26.34054 ], [ 49.918893, 26.340536 ], [ 49.918893, 26.340533 ], [ 49.918894, 26.340529 ], [ 49.918895, 26.340526 ], [ 49.918896, 26.340523 ], [ 49.918896, 26.340519 ], [ 49.918897, 26.340516 ], [ 49.9189, 26.340501 ], [ 49.918901, 26.340498 ], [ 49.918905, 26.340481 ], [ 49.919742, 26.336524 ], [ 49.919782, 26.336336 ], [ 49.919784, 26.336324 ], [ 49.919789, 26.336301 ], [ 49.919792, 26.336289 ], [ 49.919794, 26.336277 ], [ 49.919799, 26.336254 ], [ 49.919817, 26.33617 ], [ 49.919839, 26.336065 ], [ 49.919846, 26.33603 ], [ 49.919851, 26.336006 ], [ 49.919856, 26.335983 ], [ 49.919862, 26.335957 ], [ 49.919864, 26.335946 ], [ 49.919872, 26.33591 ], [ 49.919874, 26.335899 ], [ 49.919891, 26.335819 ], [ 49.919909, 26.335735 ], [ 49.919914, 26.335711 ], [ 49.919916, 26.3357 ], [ 49.919921, 26.335674 ], [ 49.919924, 26.335663 ], [ 49.919924, 26.33566 ], [ 49.919929, 26.335637 ], [ 49.919932, 26.335625 ], [ 49.919934, 26.335614 ], [ 49.919939, 26.33559 ], [ 49.919942, 26.335576 ], [ 49.919947, 26.335553 ], [ 49.919967, 26.335461 ], [ 49.919984, 26.335379 ], [ 49.919986, 26.335367 ], [ 49.919989, 26.335355 ], [ 49.919989, 26.335353 ], [ 49.919992, 26.335341 ], [ 49.919994, 26.33533 ], [ 49.919997, 26.335318 ], [ 49.92, 26.335304 ], [ 49.920004, 26.335281 ], [ 49.920005, 26.335279 ], [ 49.920007, 26.335267 ], [ 49.920012, 26.335243 ], [ 49.920015, 26.335232 ], [ 49.920017, 26.33522 ], [ 49.920022, 26.335197 ], [ 49.920041, 26.335109 ], [ 49.92006, 26.335018 ], [ 49.920062, 26.335006 ], [ 49.920067, 26.334983 ], [ 49.920068, 26.334981 ], [ 49.92007, 26.334969 ], [ 49.920073, 26.334957 ], [ 49.920073, 26.334955 ], [ 49.920076, 26.334943 ], [ 49.920078, 26.334932 ], [ 49.92008, 26.33492 ], [ 49.920086, 26.334894 ], [ 49.920088, 26.334883 ], [ 49.920091, 26.334869 ], [ 49.920094, 26.334857 ], [ 49.920096, 26.334846 ], [ 49.920099, 26.334834 ], [ 49.920115, 26.334755 ], [ 49.920134, 26.334668 ], [ 49.920157, 26.334558 ], [ 49.920162, 26.334533 ], [ 49.920165, 26.334521 ], [ 49.92017, 26.334498 ], [ 49.920172, 26.334484 ], [ 49.92019, 26.334399 ], [ 49.920208, 26.334316 ], [ 49.92021, 26.334304 ], [ 49.920215, 26.334281 ], [ 49.920218, 26.334269 ], [ 49.92022, 26.334257 ], [ 49.920223, 26.334246 ], [ 49.920223, 26.334243 ], [ 49.920226, 26.334232 ], [ 49.920235, 26.334185 ], [ 49.920238, 26.334173 ], [ 49.92024, 26.334161 ], [ 49.920243, 26.33415 ], [ 49.920245, 26.334138 ], [ 49.920246, 26.334136 ], [ 49.920248, 26.334124 ], [ 49.920265, 26.334045 ], [ 49.92029, 26.333973 ], [ 49.920308, 26.333888 ], [ 49.920311, 26.333876 ], [ 49.920313, 26.333864 ], [ 49.920316, 26.333852 ], [ 49.920318, 26.333841 ], [ 49.920321, 26.333829 ], [ 49.920323, 26.333817 ], [ 49.920326, 26.333804 ], [ 49.920336, 26.333757 ], [ 49.920338, 26.333745 ], [ 49.920343, 26.333722 ], [ 49.920346, 26.33371 ], [ 49.920364, 26.333622 ], [ 49.920381, 26.333542 ], [ 49.920384, 26.33353 ], [ 49.920386, 26.333519 ], [ 49.920389, 26.333507 ], [ 49.920391, 26.333495 ], [ 49.920394, 26.333483 ], [ 49.920396, 26.333472 ], [ 49.920401, 26.333448 ], [ 49.920404, 26.333437 ], [ 49.920404, 26.333434 ], [ 49.920407, 26.333423 ], [ 49.920409, 26.333411 ], [ 49.920412, 26.333399 ], [ 49.920414, 26.333388 ], [ 49.920417, 26.333376 ], [ 49.920438, 26.333275 ], [ 49.920452, 26.333208 ], [ 49.920455, 26.333196 ], [ 49.920458, 26.333182 ], [ 49.92046, 26.333171 ], [ 49.920463, 26.333159 ], [ 49.920468, 26.333136 ], [ 49.92047, 26.333124 ], [ 49.920475, 26.333101 ], [ 49.920478, 26.333087 ], [ 49.920481, 26.333075 ], [ 49.920483, 26.333061 ], [ 49.920488, 26.333038 ], [ 49.920491, 26.333026 ], [ 49.920493, 26.333014 ], [ 49.920496, 26.333003 ], [ 49.920498, 26.332991 ], [ 49.920515, 26.332912 ], [ 49.920532, 26.332833 ], [ 49.920535, 26.332821 ], [ 49.920537, 26.332809 ], [ 49.92054, 26.332797 ], [ 49.92054, 26.332795 ], [ 49.920542, 26.332784 ], [ 49.920545, 26.332772 ], [ 49.920547, 26.33276 ], [ 49.92055, 26.332748 ], [ 49.920552, 26.332737 ], [ 49.920555, 26.332725 ], [ 49.920558, 26.332711 ], [ 49.92056, 26.3327 ], [ 49.920563, 26.332688 ], [ 49.920565, 26.332676 ], [ 49.92057, 26.332653 ], [ 49.920571, 26.332651 ], [ 49.920573, 26.332639 ], [ 49.920589, 26.332563 ], [ 49.920611, 26.332459 ], [ 49.920614, 26.332447 ], [ 49.920616, 26.332436 ], [ 49.920619, 26.332422 ], [ 49.920622, 26.33241 ], [ 49.920624, 26.332399 ], [ 49.920626, 26.332387 ], [ 49.920629, 26.332375 ], [ 49.920631, 26.332363 ], [ 49.920634, 26.332352 ], [ 49.920634, 26.33235 ], [ 49.920639, 26.332326 ], [ 49.920642, 26.332314 ], [ 49.920645, 26.332301 ], [ 49.92065, 26.332277 ], [ 49.920665, 26.332207 ], [ 49.920681, 26.332128 ], [ 49.920684, 26.332117 ], [ 49.920686, 26.332105 ], [ 49.920687, 26.332103 ], [ 49.920689, 26.332091 ], [ 49.920692, 26.332079 ], [ 49.92074, 26.331851 ], [ 49.920759, 26.331762 ], [ 49.920761, 26.331751 ], [ 49.920762, 26.331749 ], [ 49.920764, 26.331737 ], [ 49.920767, 26.331725 ], [ 49.920769, 26.331714 ], [ 49.920772, 26.331702 ], [ 49.920774, 26.33169 ], [ 49.920777, 26.331678 ], [ 49.920779, 26.331667 ], [ 49.920782, 26.331655 ], [ 49.920782, 26.331653 ], [ 49.920785, 26.331641 ], [ 49.920787, 26.33163 ], [ 49.92079, 26.331618 ], [ 49.920792, 26.331606 ], [ 49.920795, 26.331594 ], [ 49.920797, 26.331583 ], [ 49.920816, 26.331497 ], [ 49.920833, 26.331415 ], [ 49.920835, 26.331403 ], [ 49.920838, 26.331391 ], [ 49.920846, 26.331354 ], [ 49.920848, 26.331342 ], [ 49.920851, 26.331331 ], [ 49.920853, 26.331319 ], [ 49.920856, 26.331307 ], [ 49.920858, 26.331296 ], [ 49.920861, 26.331282 ], [ 49.920864, 26.33127 ], [ 49.920866, 26.331258 ], [ 49.920869, 26.331247 ], [ 49.920871, 26.331235 ], [ 49.92089, 26.331143 ], [ 49.920936, 26.33093 ], [ 49.920943, 26.330895 ], [ 49.920945, 26.330883 ], [ 49.920948, 26.330871 ], [ 49.920965, 26.330791 ], [ 49.920984, 26.330701 ], [ 49.920986, 26.330689 ], [ 49.920987, 26.330687 ], [ 49.920989, 26.330675 ], [ 49.920992, 26.330664 ], [ 49.920994, 26.330652 ], [ 49.920997, 26.33064 ], [ 49.920999, 26.330629 ], [ 49.921002, 26.330617 ], [ 49.921004, 26.330605 ], [ 49.921007, 26.330591 ], [ 49.92101, 26.33058 ], [ 49.921013, 26.330566 ], [ 49.921015, 26.330554 ], [ 49.921018, 26.330542 ], [ 49.92102, 26.330531 ], [ 49.921023, 26.330519 ], [ 49.921041, 26.330433 ], [ 49.921086, 26.330218 ], [ 49.921089, 26.330206 ], [ 49.921091, 26.330195 ], [ 49.921092, 26.330193 ], [ 49.921094, 26.330181 ], [ 49.921097, 26.330169 ], [ 49.921097, 26.330167 ], [ 49.9211, 26.330155 ], [ 49.921102, 26.330144 ], [ 49.921105, 26.330132 ], [ 49.921105, 26.33013 ], [ 49.921108, 26.330118 ], [ 49.921108, 26.330116 ], [ 49.921111, 26.330104 ], [ 49.921113, 26.330093 ], [ 49.921116, 26.330079 ], [ 49.921121, 26.330053 ], [ 49.921154, 26.329901 ], [ 49.921176, 26.32982 ], [ 49.921179, 26.329808 ], [ 49.921182, 26.329797 ], [ 49.921185, 26.329785 ], [ 49.921189, 26.329774 ], [ 49.921192, 26.329762 ], [ 49.921195, 26.329751 ], [ 49.921198, 26.32974 ], [ 49.921199, 26.329737 ], [ 49.921202, 26.329725 ], [ 49.921205, 26.329714 ], [ 49.921208, 26.329703 ], [ 49.921211, 26.329691 ], [ 49.921214, 26.32968 ], [ 49.921218, 26.329668 ], [ 49.921221, 26.329657 ], [ 49.921221, 26.329654 ], [ 49.921225, 26.329643 ], [ 49.921228, 26.329631 ], [ 49.921229, 26.329626 ], [ 49.92123, 26.329623 ], [ 49.921231, 26.32962 ], [ 49.921231, 26.32962 ], [ 49.921232, 26.329617 ], [ 49.921232, 26.329614 ], [ 49.921233, 26.329612 ], [ 49.921255, 26.329532 ], [ 49.921293, 26.329088 ], [ 49.921297, 26.329039 ], [ 49.921298, 26.329027 ], [ 49.921298, 26.329027 ], [ 49.921299, 26.329015 ], [ 49.9213, 26.329002 ], [ 49.921301, 26.32899 ], [ 49.921302, 26.328978 ], [ 49.921303, 26.328966 ], [ 49.921303, 26.328966 ], [ 49.921304, 26.328953 ], [ 49.921305, 26.328941 ], [ 49.921306, 26.328929 ], [ 49.921307, 26.328917 ], [ 49.921309, 26.328905 ], [ 49.92131, 26.328893 ], [ 49.921311, 26.328881 ], [ 49.921312, 26.328869 ], [ 49.921313, 26.328857 ], [ 49.921314, 26.328845 ], [ 49.921315, 26.328833 ], [ 49.921316, 26.328821 ], [ 49.921317, 26.328809 ], [ 49.921319, 26.328785 ], [ 49.921319, 26.328784 ], [ 49.92132, 26.328772 ], [ 49.921322, 26.328748 ], [ 49.921323, 26.328736 ], [ 49.921324, 26.328724 ], [ 49.921331, 26.328639 ], [ 49.921355, 26.328361 ], [ 49.921356, 26.328349 ], [ 49.921357, 26.328337 ], [ 49.921358, 26.328325 ], [ 49.921359, 26.328313 ], [ 49.92136, 26.328301 ], [ 49.921361, 26.328289 ], [ 49.921362, 26.328277 ], [ 49.921363, 26.328265 ], [ 49.921365, 26.328253 ], [ 49.921366, 26.32824 ], [ 49.921367, 26.328228 ], [ 49.921368, 26.328216 ], [ 49.921371, 26.32818 ], [ 49.921372, 26.328168 ], [ 49.921373, 26.328156 ], [ 49.921374, 26.328144 ], [ 49.921375, 26.328132 ], [ 49.921376, 26.32812 ], [ 49.921377, 26.328108 ], [ 49.921378, 26.328096 ], [ 49.921379, 26.328084 ], [ 49.92138, 26.328072 ], [ 49.921381, 26.32806 ], [ 49.921382, 26.328048 ], [ 49.921383, 26.328036 ], [ 49.921384, 26.328024 ], [ 49.921385, 26.328012 ], [ 49.921386, 26.328 ], [ 49.921387, 26.327988 ], [ 49.921388, 26.327976 ], [ 49.921389, 26.327964 ], [ 49.92139, 26.327951 ], [ 49.921391, 26.327939 ], [ 49.921392, 26.327927 ], [ 49.921393, 26.327915 ], [ 49.921395, 26.327903 ], [ 49.921402, 26.327813 ], [ 49.921506, 26.327764 ], [ 49.921597, 26.327795 ], [ 49.921609, 26.327799 ], [ 49.921621, 26.327803 ], [ 49.921633, 26.327807 ], [ 49.921637, 26.327808 ], [ 49.921653, 26.327814 ], [ 49.921657, 26.327815 ], [ 49.921669, 26.327819 ], [ 49.921709, 26.327833 ], [ 49.921721, 26.327837 ], [ 49.921744, 26.327845 ], [ 49.92176, 26.32785 ], [ 49.921784, 26.327858 ], [ 49.921808, 26.327866 ], [ 49.921831, 26.327874 ], [ 49.921843, 26.327878 ], [ 49.921871, 26.327887 ], [ 49.921883, 26.327891 ], [ 49.921887, 26.327893 ], [ 49.921899, 26.327897 ], [ 49.921911, 26.327901 ], [ 49.921915, 26.327902 ], [ 49.921927, 26.327906 ], [ 49.921931, 26.327908 ], [ 49.921943, 26.327912 ], [ 49.921955, 26.327916 ], [ 49.921967, 26.32792 ], [ 49.922117, 26.32797 ], [ 49.922133, 26.327976 ], [ 49.922169, 26.327988 ], [ 49.922193, 26.327996 ], [ 49.922228, 26.328008 ], [ 49.922244, 26.328013 ], [ 49.922256, 26.328017 ], [ 49.922268, 26.328021 ], [ 49.922314, 26.328037 ], [ 49.923118, 26.328342 ], [ 49.923174, 26.328363 ], [ 49.923178, 26.328365 ], [ 49.923201, 26.328374 ], [ 49.923217, 26.32838 ], [ 49.923229, 26.328384 ], [ 49.923245, 26.32839 ], [ 49.924248, 26.328772 ], [ 49.924769, 26.328971 ], [ 49.924824, 26.328992 ], [ 49.92484, 26.328998 ], [ 49.924863, 26.329007 ], [ 49.924879, 26.329013 ], [ 49.924891, 26.329017 ], [ 49.924907, 26.329023 ], [ 49.924923, 26.32903 ], [ 49.924946, 26.329038 ], [ 49.924951, 26.32904 ], [ 49.927153, 26.329879 ], [ 49.927169, 26.329885 ], [ 49.92718, 26.32989 ], [ 49.927197, 26.329896 ], [ 49.927224, 26.329906 ], [ 49.927236, 26.329911 ], [ 49.927275, 26.329926 ], [ 49.927361, 26.329959 ], [ 49.927451, 26.329988 ], [ 49.927467, 26.329993 ], [ 49.927491, 26.330001 ], [ 49.927514, 26.330009 ], [ 49.927531, 26.330014 ], [ 49.927542, 26.330018 ], [ 49.927554, 26.330022 ], [ 49.927559, 26.330023 ], [ 49.92757, 26.330027 ], [ 49.927575, 26.330029 ], [ 49.927587, 26.330032 ], [ 49.927615, 26.330042 ], [ 49.927627, 26.330045 ], [ 49.92765, 26.330053 ], [ 49.927666, 26.330058 ], [ 49.927683, 26.330064 ], [ 49.927706, 26.330071 ], [ 49.927718, 26.330075 ], [ 49.927746, 26.330085 ], [ 49.927763, 26.33009 ], [ 49.927814, 26.330107 ], [ 49.927826, 26.330111 ], [ 49.927838, 26.330114 ], [ 49.92785, 26.330118 ], [ 49.927854, 26.33012 ], [ 49.927866, 26.330124 ], [ 49.927882, 26.330129 ], [ 49.927894, 26.330133 ], [ 49.927906, 26.330137 ], [ 49.927918, 26.33014 ], [ 49.927942, 26.330148 ], [ 49.927954, 26.330152 ], [ 49.927966, 26.330156 ], [ 49.927978, 26.33016 ], [ 49.928002, 26.330168 ], [ 49.928013, 26.330171 ], [ 49.92803, 26.330177 ], [ 49.928053, 26.330184 ], [ 49.928065, 26.330188 ], [ 49.928081, 26.330194 ], [ 49.92811, 26.330203 ], [ 49.928121, 26.330207 ], [ 49.928138, 26.330212 ], [ 49.928161, 26.33022 ], [ 49.928173, 26.330223 ], [ 49.928189, 26.330229 ], [ 49.928201, 26.330233 ], [ 49.928769, 26.330418 ], [ 49.928781, 26.330421 ], [ 49.928793, 26.330425 ], [ 49.928821, 26.330434 ], [ 49.928877, 26.330453 ], [ 49.928945, 26.330475 ], [ 49.929013, 26.330497 ], [ 49.929041, 26.330506 ], [ 49.929057, 26.330511 ], [ 49.929069, 26.330515 ], [ 49.929085, 26.330521 ], [ 49.929097, 26.330524 ], [ 49.929109, 26.330528 ], [ 49.929121, 26.330532 ], [ 49.929125, 26.330534 ], [ 49.929137, 26.330537 ], [ 49.929141, 26.330539 ], [ 49.929153, 26.330543 ], [ 49.929165, 26.330547 ], [ 49.929876, 26.330779 ], [ 49.929932, 26.330797 ], [ 49.929944, 26.330801 ], [ 49.929956, 26.330805 ], [ 49.929972, 26.33081 ], [ 49.929984, 26.330814 ], [ 49.930008, 26.330822 ], [ 49.930024, 26.330827 ], [ 49.93004, 26.330832 ], [ 49.930052, 26.330836 ], [ 49.930068, 26.330842 ], [ 49.93008, 26.330846 ], [ 49.930092, 26.330849 ], [ 49.930096, 26.330851 ], [ 49.930108, 26.330855 ], [ 49.930124, 26.33086 ], [ 49.930919, 26.33112 ], [ 49.931015, 26.331151 ], [ 49.931043, 26.331161 ], [ 49.931071, 26.33117 ], [ 49.931083, 26.331174 ], [ 49.931682, 26.331368 ], [ 49.931706, 26.331376 ], [ 49.931722, 26.331381 ], [ 49.931734, 26.331385 ], [ 49.931746, 26.331389 ], [ 49.931758, 26.331393 ], [ 49.931762, 26.331394 ], [ 49.931774, 26.331398 ], [ 49.931786, 26.331402 ], [ 49.931802, 26.331407 ], [ 49.931814, 26.331411 ], [ 49.93183, 26.331416 ], [ 49.931842, 26.33142 ], [ 49.931846, 26.331422 ], [ 49.931858, 26.331426 ], [ 49.931874, 26.331431 ], [ 49.931886, 26.331435 ], [ 49.931898, 26.331439 ], [ 49.931902, 26.33144 ], [ 49.931914, 26.331444 ], [ 49.93193, 26.331449 ], [ 49.931934, 26.33145 ], [ 49.931946, 26.331454 ], [ 49.931962, 26.33146 ], [ 49.931974, 26.331463 ], [ 49.93199, 26.331469 ], [ 49.932002, 26.331473 ], [ 49.932018, 26.331478 ], [ 49.932034, 26.331483 ], [ 49.932741, 26.331714 ], [ 49.932805, 26.331735 ], [ 49.932817, 26.331739 ], [ 49.932833, 26.331744 ], [ 49.932845, 26.331748 ], [ 49.932857, 26.331752 ], [ 49.932861, 26.331754 ], [ 49.932873, 26.331757 ], [ 49.932885, 26.331761 ], [ 49.932897, 26.331765 ], [ 49.932913, 26.331771 ], [ 49.932925, 26.331774 ], [ 49.932937, 26.331778 ], [ 49.932953, 26.331784 ], [ 49.932965, 26.331788 ], [ 49.933493, 26.331953 ], [ 49.933604, 26.331985 ], [ 49.93362, 26.33199 ], [ 49.933633, 26.331993 ], [ 49.933649, 26.331998 ], [ 49.933661, 26.332001 ], [ 49.933673, 26.332005 ], [ 49.933685, 26.332008 ], [ 49.933701, 26.332013 ], [ 49.933714, 26.332016 ], [ 49.933726, 26.33202 ], [ 49.933738, 26.332023 ], [ 49.93375, 26.332027 ], [ 49.933766, 26.332032 ], [ 49.933791, 26.332039 ], [ 49.933807, 26.332043 ], [ 49.933819, 26.332047 ], [ 49.933843, 26.332054 ], [ 49.933856, 26.332057 ], [ 49.933872, 26.332062 ], [ 49.933884, 26.332066 ], [ 49.933896, 26.332069 ], [ 49.934605, 26.332273 ], [ 49.934698, 26.3323 ], [ 49.934714, 26.332305 ], [ 49.934742, 26.332313 ], [ 49.934754, 26.332316 ], [ 49.93477, 26.332321 ], [ 49.934782, 26.332324 ], [ 49.934795, 26.332328 ], [ 49.934807, 26.332331 ], [ 49.934831, 26.332338 ], [ 49.935254, 26.33246 ], [ 49.935389, 26.332499 ], [ 49.935402, 26.332503 ], [ 49.935426, 26.33251 ], [ 49.935438, 26.332513 ], [ 49.93545, 26.332517 ], [ 49.935466, 26.332521 ], [ 49.935479, 26.332525 ], [ 49.935491, 26.332528 ], [ 49.935503, 26.332532 ], [ 49.935507, 26.332533 ], [ 49.935531, 26.33254 ], [ 49.935544, 26.332544 ], [ 49.93556, 26.332548 ], [ 49.935572, 26.332552 ], [ 49.935596, 26.332559 ], [ 49.935625, 26.332567 ], [ 49.935713, 26.332592 ], [ 49.93651, 26.332798 ], [ 49.93656, 26.332811 ], [ 49.936572, 26.332814 ], [ 49.936584, 26.332817 ], [ 49.936597, 26.33282 ], [ 49.9366, 26.332821 ], [ 49.936613, 26.332825 ], [ 49.936625, 26.332828 ], [ 49.936638, 26.332831 ], [ 49.93665, 26.332834 ], [ 49.936662, 26.332837 ], [ 49.936666, 26.332838 ], [ 49.936678, 26.332842 ], [ 49.936682, 26.332843 ], [ 49.936694, 26.332846 ], [ 49.936707, 26.332849 ], [ 49.936719, 26.332852 ], [ 49.936735, 26.332856 ], [ 49.936748, 26.33286 ], [ 49.9372, 26.332973 ], [ 49.937495, 26.333044 ], [ 49.937514, 26.333048 ], [ 49.937526, 26.333051 ], [ 49.93753, 26.333052 ], [ 49.937561, 26.33306 ], [ 49.937574, 26.333063 ], [ 49.93759, 26.333066 ], [ 49.937602, 26.333069 ], [ 49.937646, 26.33308 ], [ 49.9377, 26.333093 ], [ 49.937753, 26.333106 ], [ 49.937794, 26.333115 ], [ 49.937835, 26.333125 ], [ 49.937889, 26.333138 ], [ 49.937999, 26.333164 ], [ 49.938033, 26.333174 ], [ 49.938172, 26.333208 ], [ 49.938175, 26.333208 ], [ 49.938188, 26.333212 ], [ 49.9382, 26.333215 ], [ 49.938216, 26.333218 ], [ 49.938229, 26.333222 ], [ 49.938241, 26.333225 ], [ 49.938257, 26.333228 ], [ 49.93827, 26.333231 ], [ 49.938282, 26.333235 ], [ 49.938295, 26.333238 ], [ 49.93832, 26.333244 ], [ 49.938332, 26.333247 ], [ 49.938348, 26.333251 ], [ 49.938386, 26.33326 ], [ 49.938411, 26.333266 ], [ 49.938424, 26.333269 ], [ 49.938449, 26.333275 ], [ 49.938477, 26.333282 ], [ 49.939441, 26.333525 ], [ 49.940382, 26.333739 ], [ 49.941115, 26.333906 ], [ 49.941169, 26.333919 ], [ 49.941184, 26.333922 ], [ 49.941197, 26.333925 ], [ 49.94121, 26.333928 ], [ 49.941222, 26.333931 ], [ 49.941302, 26.33395 ], [ 49.942227, 26.334162 ], [ 49.943015, 26.334302 ], [ 49.943121, 26.334322 ], [ 49.943149, 26.334327 ], [ 49.943162, 26.334329 ], [ 49.943175, 26.334332 ], [ 49.943188, 26.334334 ], [ 49.943191, 26.334334 ], [ 49.943203, 26.334337 ], [ 49.943216, 26.334339 ], [ 49.943229, 26.334342 ], [ 49.943993, 26.334483 ], [ 49.944073, 26.334498 ], [ 49.944086, 26.3345 ], [ 49.944112, 26.334505 ], [ 49.944125, 26.334507 ], [ 49.944138, 26.33451 ], [ 49.944151, 26.334512 ], [ 49.944164, 26.334515 ], [ 49.944768, 26.334626 ], [ 49.944809, 26.334634 ], [ 49.944822, 26.334636 ], [ 49.944837, 26.334639 ], [ 49.94485, 26.334642 ], [ 49.944866, 26.334644 ], [ 49.944879, 26.334647 ], [ 49.944905, 26.334651 ], [ 49.944917, 26.334654 ], [ 49.944933, 26.334657 ], [ 49.944946, 26.334659 ], [ 49.944959, 26.334661 ], [ 49.944972, 26.334664 ], [ 49.944985, 26.334666 ], [ 49.944998, 26.334669 ], [ 49.94501, 26.334671 ], [ 49.945023, 26.334673 ], [ 49.945036, 26.334676 ], [ 49.945049, 26.334678 ], [ 49.945062, 26.33468 ], [ 49.945075, 26.334683 ], [ 49.945088, 26.334685 ], [ 49.945101, 26.334687 ], [ 49.945455, 26.334752 ], [ 49.945509, 26.334762 ], [ 49.945522, 26.334765 ], [ 49.94562, 26.334783 ], [ 49.945707, 26.334799 ], [ 49.94572, 26.334801 ], [ 49.945733, 26.334804 ], [ 49.945746, 26.334806 ], [ 49.945759, 26.334809 ], [ 49.945772, 26.334811 ], [ 49.945785, 26.334813 ], [ 49.945798, 26.334816 ], [ 49.945824, 26.334821 ], [ 49.945837, 26.334823 ], [ 49.945849, 26.334825 ], [ 49.945862, 26.334828 ], [ 49.945865, 26.334828 ], [ 49.945878, 26.334831 ], [ 49.945891, 26.334833 ], [ 49.945917, 26.334838 ], [ 49.945932, 26.334841 ], [ 49.945986, 26.334851 ], [ 49.945999, 26.334853 ], [ 49.946012, 26.334856 ], [ 49.946015, 26.334856 ], [ 49.946027, 26.334859 ], [ 49.94604, 26.334861 ], [ 49.946528, 26.334952 ], [ 49.946663, 26.334975 ], [ 49.946676, 26.334978 ], [ 49.946689, 26.33498 ], [ 49.946702, 26.334982 ], [ 49.946715, 26.334984 ], [ 49.946717, 26.334985 ], [ 49.946743, 26.334989 ], [ 49.946756, 26.334992 ], [ 49.946769, 26.334994 ], [ 49.946782, 26.334996 ], [ 49.946795, 26.334998 ], [ 49.946808, 26.335001 ], [ 49.946821, 26.335003 ], [ 49.946834, 26.335005 ], [ 49.946849, 26.335008 ], [ 49.946947, 26.335025 ], [ 49.947308, 26.335086 ], [ 49.947574, 26.33513 ], [ 49.947589, 26.335133 ], [ 49.947602, 26.335135 ], [ 49.947615, 26.335137 ], [ 49.947628, 26.335139 ], [ 49.947654, 26.335144 ], [ 49.947696, 26.335151 ], [ 49.947735, 26.335157 ], [ 49.947761, 26.335162 ], [ 49.947789, 26.335166 ], [ 49.947815, 26.335171 ], [ 49.947828, 26.335173 ], [ 49.947867, 26.33518 ], [ 49.94788, 26.335182 ], [ 49.947895, 26.335184 ], [ 49.947908, 26.335187 ], [ 49.947924, 26.335189 ], [ 49.947937, 26.335191 ], [ 49.948042, 26.335209 ], [ 49.948141, 26.335227 ], [ 49.948154, 26.335229 ], [ 49.948167, 26.335231 ], [ 49.94818, 26.335234 ], [ 49.948193, 26.335236 ], [ 49.948206, 26.335238 ], [ 49.948232, 26.335243 ], [ 49.948247, 26.335246 ], [ 49.94826, 26.335248 ], [ 49.948273, 26.335251 ], [ 49.948288, 26.335253 ], [ 49.948314, 26.335258 ], [ 49.94834, 26.335263 ], [ 49.948353, 26.335265 ], [ 49.948368, 26.335268 ], [ 49.948394, 26.335272 ], [ 49.948423, 26.335277 ], [ 49.948448, 26.335282 ], [ 49.948474, 26.335287 ], [ 49.948503, 26.335292 ], [ 49.948542, 26.335299 ], [ 49.948583, 26.335306 ], [ 49.949721, 26.335519 ], [ 49.951266, 26.335832 ], [ 49.952742, 26.336157 ], [ 49.95407, 26.336454 ], [ 49.955045, 26.336673 ], [ 49.95704, 26.336719 ], [ 49.956935, 26.338077 ], [ 49.956842, 26.339327 ], [ 49.956698, 26.34122 ], [ 49.956644, 26.341847 ], [ 49.956594, 26.342483 ], [ 49.956546, 26.343101 ], [ 49.956501, 26.343733 ], [ 49.956418, 26.344723 ], [ 49.956405, 26.344994 ], [ 49.956171, 26.348125 ], [ 49.956121, 26.348754 ], [ 49.956071, 26.349381 ], [ 49.956023, 26.350013 ], [ 49.955971, 26.350642 ], [ 49.955926, 26.351274 ], [ 49.955876, 26.351899 ], [ 49.955826, 26.352533 ], [ 49.955781, 26.35316 ], [ 49.955747, 26.353624 ], [ 49.955737, 26.353753 ], [ 49.955691, 26.354382 ], [ 49.955647, 26.355007 ], [ 49.955616, 26.355415 ], [ 49.955223, 26.355292 ], [ 49.954911, 26.355201 ], [ 49.954597, 26.355115 ], [ 49.954282, 26.355033 ] ] ] } },
{ "type": "Feature", "properties": { "district_id": 10500013078, "city_id": 13, "region_id": 5, "name_ar": "حي المطار", "name_en": "Al Matar Dist." }, "geometry": { "type": "Polygon", "coordinates": [ [ [ 49.955616, 26.355415 ], [ 49.955553, 26.356262 ], [ 49.955498, 26.356893 ], [ 49.955413, 26.35815 ], [ 49.955365, 26.358777 ], [ 49.955316, 26.359406 ], [ 49.955268, 26.36004 ], [ 49.95522, 26.360667 ], [ 49.955186, 26.36106 ], [ 49.955171, 26.361312 ], [ 49.955188, 26.361931 ], [ 49.955215, 26.363197 ], [ 49.955309, 26.366972 ], [ 49.955354, 26.368868 ], [ 49.955407, 26.370746 ], [ 49.955541, 26.376449 ], [ 49.955163, 26.37655 ], [ 49.9543, 26.376783 ], [ 49.953867, 26.376902 ], [ 49.953532, 26.384523 ], [ 49.953522, 26.384787 ], [ 49.953512, 26.385027 ], [ 49.953504, 26.385282 ], [ 49.953493, 26.385541 ], [ 49.95292, 26.400682 ], [ 49.952918, 26.400734 ], [ 49.952916, 26.400783 ], [ 49.952915, 26.400826 ], [ 49.952914, 26.400862 ], [ 49.952911, 26.400914 ], [ 49.952909, 26.400991 ], [ 49.952908, 26.401 ], [ 49.952905, 26.40109 ], [ 49.952904, 26.40112 ], [ 49.952902, 26.401176 ], [ 49.952899, 26.401248 ], [ 49.952898, 26.401264 ], [ 49.952895, 26.40135 ], [ 49.952894, 26.401377 ], [ 49.952893, 26.401397 ], [ 49.952853, 26.402471 ], [ 49.952842, 26.402767 ], [ 49.95284, 26.402801 ], [ 49.95283, 26.402832 ], [ 49.952543, 26.403749 ], [ 49.952305, 26.404512 ], [ 49.952205, 26.404832 ], [ 49.952097, 26.405179 ], [ 49.951988, 26.405528 ], [ 49.95188, 26.405875 ], [ 49.951549, 26.406933 ], [ 49.951445, 26.407266 ], [ 49.951337, 26.407613 ], [ 49.951228, 26.407962 ], [ 49.95112, 26.408309 ], [ 49.95109, 26.408401 ], [ 49.950906, 26.408991 ], [ 49.950448, 26.410457 ], [ 49.950302, 26.410591 ], [ 49.949099, 26.410908 ], [ 49.947905, 26.411219 ], [ 49.946773, 26.411516 ], [ 49.945879, 26.411751 ], [ 49.944178, 26.412194 ], [ 49.943844, 26.410774 ], [ 49.942474, 26.404963 ], [ 49.942257, 26.404043 ], [ 49.942019, 26.403037 ], [ 49.942005, 26.402976 ], [ 49.941984, 26.402886 ], [ 49.94198, 26.40287 ], [ 49.941962, 26.402793 ], [ 49.941955, 26.402763 ], [ 49.94194, 26.402698 ], [ 49.941933, 26.402668 ], [ 49.94193, 26.402657 ], [ 49.941917, 26.402603 ], [ 49.941905, 26.402551 ], [ 49.941895, 26.402508 ], [ 49.94188, 26.402445 ], [ 49.941872, 26.402413 ], [ 49.94186, 26.402359 ], [ 49.941787, 26.402051 ], [ 49.941714, 26.401741 ], [ 49.941704, 26.401699 ], [ 49.941694, 26.401658 ], [ 49.941679, 26.401592 ], [ 49.941672, 26.401563 ], [ 49.941654, 26.401486 ], [ 49.94165, 26.401468 ], [ 49.941641, 26.401432 ], [ 49.941628, 26.401377 ], [ 49.941608, 26.401278 ], [ 49.941584, 26.40119 ], [ 49.941579, 26.401169 ], [ 49.941568, 26.401122 ], [ 49.941561, 26.40109 ], [ 49.941554, 26.401059 ], [ 49.941545, 26.401022 ], [ 49.940289, 26.395696 ], [ 49.939969, 26.394422 ], [ 49.939703, 26.393739 ], [ 49.939698, 26.393728 ], [ 49.939644, 26.393623 ], [ 49.939609, 26.393555 ], [ 49.939605, 26.393549 ], [ 49.939566, 26.393471 ], [ 49.939539, 26.393415 ], [ 49.939528, 26.393394 ], [ 49.939519, 26.393376 ], [ 49.93949, 26.39332 ], [ 49.93947, 26.393281 ], [ 49.939452, 26.393245 ], [ 49.939414, 26.39317 ], [ 49.939402, 26.393145 ], [ 49.939395, 26.393132 ], [ 49.939376, 26.393095 ], [ 49.939339, 26.393021 ], [ 49.939333, 26.393009 ], [ 49.939301, 26.392946 ], [ 49.93927, 26.392885 ], [ 49.939264, 26.392873 ], [ 49.939225, 26.392796 ], [ 49.939195, 26.392737 ], [ 49.939187, 26.392722 ], [ 49.93915, 26.392649 ], [ 49.939147, 26.392642 ], [ 49.939126, 26.392602 ], [ 49.939112, 26.392572 ], [ 49.939074, 26.392497 ], [ 49.939058, 26.392466 ], [ 49.939036, 26.392423 ], [ 49.939021, 26.392393 ], [ 49.938997, 26.392346 ], [ 49.938988, 26.392327 ], [ 49.93896, 26.392273 ], [ 49.93892, 26.392194 ], [ 49.938899, 26.392153 ], [ 49.938026, 26.390427 ], [ 49.937996, 26.390368 ], [ 49.937987, 26.39035 ], [ 49.937978, 26.390331 ], [ 49.937958, 26.390291 ], [ 49.93794, 26.390252 ], [ 49.937884, 26.390146 ], [ 49.937849, 26.390078 ], [ 49.937842, 26.390064 ], [ 49.937808, 26.389996 ], [ 49.937781, 26.389942 ], [ 49.937771, 26.389924 ], [ 49.937732, 26.389847 ], [ 49.937712, 26.389808 ], [ 49.937704, 26.389792 ], [ 49.937694, 26.389772 ], [ 49.937656, 26.389697 ], [ 49.937643, 26.389672 ], [ 49.937618, 26.389622 ], [ 49.937581, 26.389548 ], [ 49.937575, 26.389536 ], [ 49.937567, 26.38952 ], [ 49.937543, 26.389473 ], [ 49.937506, 26.3894 ], [ 49.937467, 26.389323 ], [ 49.937455, 26.389298 ], [ 49.937106, 26.38861 ], [ 49.937095, 26.388587 ], [ 49.937084, 26.388567 ], [ 49.937055, 26.38851 ], [ 49.937036, 26.388469 ], [ 49.936987, 26.388374 ], [ 49.93698, 26.388363 ], [ 49.936947, 26.388297 ], [ 49.936943, 26.38829 ], [ 49.936905, 26.388213 ], [ 49.936877, 26.388159 ], [ 49.936866, 26.388136 ], [ 49.936849, 26.388102 ], [ 49.936829, 26.388061 ], [ 49.936809, 26.388023 ], [ 49.936791, 26.387987 ], [ 49.936753, 26.387912 ], [ 49.93674, 26.387887 ], [ 49.936712, 26.387832 ], [ 49.936697, 26.387794 ], [ 49.936639, 26.387687 ], [ 49.936603, 26.387615 ], [ 49.936575, 26.387563 ], [ 49.936569, 26.387552 ], [ 49.935209, 26.38486 ], [ 49.93456, 26.383578 ], [ 49.934055, 26.382443 ], [ 49.933573, 26.381137 ], [ 49.932372, 26.378097 ], [ 49.93237, 26.37809 ], [ 49.932355, 26.378052 ], [ 49.932337, 26.378007 ], [ 49.932331, 26.377988 ], [ 49.932306, 26.377923 ], [ 49.932285, 26.377871 ], [ 49.932274, 26.377839 ], [ 49.93224, 26.377753 ], [ 49.932217, 26.377692 ], [ 49.932209, 26.377672 ], [ 49.932194, 26.377631 ], [ 49.932178, 26.37759 ], [ 49.932149, 26.377515 ], [ 49.932146, 26.377506 ], [ 49.932114, 26.377423 ], [ 49.932103, 26.377395 ], [ 49.932082, 26.377339 ], [ 49.932058, 26.377278 ], [ 49.932049, 26.377257 ], [ 49.932017, 26.377171 ], [ 49.932012, 26.377158 ], [ 49.931986, 26.37709 ], [ 49.931967, 26.37704 ], [ 49.931953, 26.377006 ], [ 49.931942, 26.376977 ], [ 49.931921, 26.376922 ], [ 49.93189, 26.376839 ], [ 49.931876, 26.376802 ], [ 49.931857, 26.376755 ], [ 49.931829, 26.376682 ], [ 49.931825, 26.376671 ], [ 49.931804, 26.376619 ], [ 49.931793, 26.376587 ], [ 49.931784, 26.376567 ], [ 49.931761, 26.376506 ], [ 49.931739, 26.376447 ], [ 49.931729, 26.376422 ], [ 49.931697, 26.376338 ], [ 49.931693, 26.376327 ], [ 49.931667, 26.376259 ], [ 49.931648, 26.376209 ], [ 49.931633, 26.376171 ], [ 49.931602, 26.376092 ], [ 49.931569, 26.376006 ], [ 49.931556, 26.375972 ], [ 49.931538, 26.375922 ], [ 49.93153, 26.375901 ], [ 49.931512, 26.375856 ], [ 49.931505, 26.375838 ], [ 49.930098, 26.372106 ], [ 49.930086, 26.372074 ], [ 49.930079, 26.372056 ], [ 49.930048, 26.371972 ], [ 49.930042, 26.371954 ], [ 49.930017, 26.371888 ], [ 49.929998, 26.371836 ], [ 49.929986, 26.371805 ], [ 49.929971, 26.371764 ], [ 49.929955, 26.371721 ], [ 49.929924, 26.371637 ], [ 49.929909, 26.371599 ], [ 49.929892, 26.371553 ], [ 49.929864, 26.371479 ], [ 49.929861, 26.37147 ], [ 49.929843, 26.37142 ], [ 49.92983, 26.371386 ], [ 49.92982, 26.371359 ], [ 49.929799, 26.371302 ], [ 49.929776, 26.371241 ], [ 49.929767, 26.371218 ], [ 49.929737, 26.371135 ], [ 49.929732, 26.371123 ], [ 49.929715, 26.371078 ], [ 49.929705, 26.371051 ], [ 49.929694, 26.371024 ], [ 49.929276, 26.369899 ], [ 49.929267, 26.369876 ], [ 49.929261, 26.36986 ], [ 49.929236, 26.369792 ], [ 49.929216, 26.36974 ], [ 49.929204, 26.369709 ], [ 49.929173, 26.369625 ], [ 49.929143, 26.369541 ], [ 49.929138, 26.36953 ], [ 49.929128, 26.369503 ], [ 49.929111, 26.369457 ], [ 49.929083, 26.369383 ], [ 49.92908, 26.369374 ], [ 49.929048, 26.36929 ], [ 49.929038, 26.369263 ], [ 49.929017, 26.369206 ], [ 49.929001, 26.369163 ], [ 49.928994, 26.369145 ], [ 49.928986, 26.369122 ], [ 49.928955, 26.369041 ], [ 49.92895, 26.369025 ], [ 49.928924, 26.368955 ], [ 49.928905, 26.368905 ], [ 49.928893, 26.368871 ], [ 49.928864, 26.368794 ], [ 49.928861, 26.368788 ], [ 49.92883, 26.368704 ], [ 49.928817, 26.36867 ], [ 49.928799, 26.368622 ], [ 49.928772, 26.36855 ], [ 49.928767, 26.368536 ], [ 49.928736, 26.368453 ], [ 49.928728, 26.36843 ], [ 49.928705, 26.368369 ], [ 49.928684, 26.36831 ], [ 49.928674, 26.368287 ], [ 49.928643, 26.368204 ], [ 49.92864, 26.368195 ], [ 49.928612, 26.36812 ], [ 49.928596, 26.368075 ], [ 49.92859, 26.368061 ], [ 49.928581, 26.368036 ], [ 49.928575, 26.368022 ], [ 49.927295, 26.364587 ], [ 49.927283, 26.364557 ], [ 49.927276, 26.364539 ], [ 49.927245, 26.364455 ], [ 49.927238, 26.364437 ], [ 49.927214, 26.364372 ], [ 49.927194, 26.36432 ], [ 49.927183, 26.364288 ], [ 49.927167, 26.364247 ], [ 49.92715, 26.3642 ], [ 49.92712, 26.36412 ], [ 49.927105, 26.36408 ], [ 49.927089, 26.364037 ], [ 49.927061, 26.363962 ], [ 49.927058, 26.363953 ], [ 49.927039, 26.363903 ], [ 49.927027, 26.363869 ], [ 49.927017, 26.363842 ], [ 49.926996, 26.363785 ], [ 49.926972, 26.363722 ], [ 49.926964, 26.363702 ], [ 49.926933, 26.363618 ], [ 49.926928, 26.363604 ], [ 49.926912, 26.363561 ], [ 49.926902, 26.363534 ], [ 49.926883, 26.363484 ], [ 49.926871, 26.36345 ], [ 49.926661, 26.362885 ], [ 49.926675, 26.36288 ], [ 49.928131, 26.362417 ], [ 49.928511, 26.362296 ], [ 49.928892, 26.362175 ], [ 49.929272, 26.362053 ], [ 49.929652, 26.361934 ], [ 49.930033, 26.361813 ], [ 49.930059, 26.361804 ], [ 49.938514, 26.359113 ], [ 49.939447, 26.358816 ], [ 49.940445, 26.358504 ], [ 49.940688, 26.358456 ], [ 49.941632, 26.358158 ], [ 49.942577, 26.357863 ], [ 49.943614, 26.357545 ], [ 49.944652, 26.357229 ], [ 49.945519, 26.356984 ], [ 49.945609, 26.356958 ], [ 49.945916, 26.356872 ], [ 49.946008, 26.356844 ], [ 49.94778, 26.356313 ], [ 49.949572, 26.355776 ], [ 49.950998, 26.355333 ], [ 49.952096, 26.354992 ], [ 49.952239, 26.35495 ], [ 49.952383, 26.354914 ], [ 49.952528, 26.354885 ], [ 49.952675, 26.354862 ], [ 49.952822, 26.354846 ], [ 49.95297, 26.354836 ], [ 49.953119, 26.354832 ], [ 49.953267, 26.354835 ], [ 49.953415, 26.354844 ], [ 49.953563, 26.35486 ], [ 49.953709, 26.354882 ], [ 49.953855, 26.35491 ], [ 49.953999, 26.354945 ], [ 49.954142, 26.354986 ], [ 49.954282, 26.355033 ], [ 49.954597, 26.355115 ], [ 49.954911, 26.355201 ], [ 49.955223, 26.355292 ], [ 49.955616, 26.355415 ] ] ] } },
{ "type": "Feature", "properties": { "district_id": 10500013079, "city_id": 13, "region_id": 5, "name_ar": "حي الأمانة", "name_en": "Al Amanah Dist." }, "geometry": { "type": "Polygon", "coordinates": [ [ [ 49.976677, 26.375597 ], [ 49.972572, 26.39339 ], [ 49.972172, 26.394529 ], [ 49.971827, 26.394921 ], [ 49.95786, 26.39245 ], [ 49.957281, 26.391875 ], [ 49.962302, 26.375406 ], [ 49.962379, 26.374713 ], [ 49.962636, 26.374652 ], [ 49.964964, 26.374107 ], [ 49.966405, 26.373781 ], [ 49.967885, 26.373457 ], [ 49.970131, 26.372975 ], [ 49.970984, 26.372794 ], [ 49.972928, 26.372397 ], [ 49.973499, 26.372272 ], [ 49.975163, 26.371921 ], [ 49.976809, 26.371571 ], [ 49.977507, 26.371448 ], [ 49.97809, 26.37135 ], [ 49.976677, 26.375597 ] ] ] } },
{ "type": "Feature", "properties": { "district_id": 10500013080, "city_id": 13, "region_id": 5, "name_ar": "حي الفرسان", "name_en": "Al Fursan Dist." }, "geometry": { "type": "Polygon", "coordinates": [ [ [ 49.95704, 26.336719 ], [ 49.957047, 26.336627 ], [ 49.957104, 26.336641 ], [ 49.958859, 26.337123 ], [ 49.961331, 26.33785 ], [ 49.963311, 26.338476 ], [ 49.964195, 26.338773 ], [ 49.96614, 26.339451 ], [ 49.967454, 26.339928 ], [ 49.968247, 26.340191 ], [ 49.969304, 26.340539 ], [ 49.970292, 26.340851 ], [ 49.971091, 26.341084 ], [ 49.972157, 26.341377 ], [ 49.97189, 26.342241 ], [ 49.971706, 26.342881 ], [ 49.971361, 26.344131 ], [ 49.971183, 26.344762 ], [ 49.97105, 26.345269 ], [ 49.970563, 26.346942 ], [ 49.969865, 26.349409 ], [ 49.969206, 26.351803 ], [ 49.968603, 26.354031 ], [ 49.96809, 26.355811 ], [ 49.967549, 26.35778 ], [ 49.967168, 26.359088 ], [ 49.967164, 26.359102 ], [ 49.966923, 26.359931 ], [ 49.965888, 26.363279 ], [ 49.964649, 26.367344 ], [ 49.964269, 26.368583 ], [ 49.963751, 26.370274 ], [ 49.962994, 26.3727 ], [ 49.962379, 26.374713 ], [ 49.96231, 26.374731 ], [ 49.960911, 26.37507 ], [ 49.958782, 26.375606 ], [ 49.95643, 26.376214 ], [ 49.955541, 26.376449 ], [ 49.955407, 26.370746 ], [ 49.955354, 26.368868 ], [ 49.955309, 26.366972 ], [ 49.955215, 26.363197 ], [ 49.955188, 26.361931 ], [ 49.955171, 26.361312 ], [ 49.955186, 26.36106 ], [ 49.95522, 26.360667 ], [ 49.955268, 26.36004 ], [ 49.955316, 26.359406 ], [ 49.955365, 26.358777 ], [ 49.955413, 26.35815 ], [ 49.955498, 26.356893 ], [ 49.955553, 26.356262 ], [ 49.955647, 26.355007 ], [ 49.955691, 26.354382 ], [ 49.955737, 26.353753 ], [ 49.955747, 26.353624 ], [ 49.955781, 26.35316 ], [ 49.955826, 26.352533 ], [ 49.955876, 26.351899 ], [ 49.955926, 26.351274 ], [ 49.955971, 26.350642 ], [ 49.956023, 26.350013 ], [ 49.956071, 26.349381 ], [ 49.956121, 26.348754 ], [ 49.956171, 26.348125 ], [ 49.956405, 26.344994 ], [ 49.956418, 26.344723 ], [ 49.956501, 26.343733 ], [ 49.956546, 26.343101 ], [ 49.956594, 26.342483 ], [ 49.956644, 26.341847 ], [ 49.956698, 26.34122 ], [ 49.956842, 26.339327 ], [ 49.956935, 26.338077 ], [ 49.95704, 26.336719 ] ] ] } },
{ "type": "Feature", "properties": { "district_id": 10500013081, "city_id": 13, "region_id": 5, "name_ar": "حي المها", "name_en": "Al Maha Dist." }, "geometry": { "type": "Polygon", "coordinates": [ [ [ 49.944465, 26.500117 ], [ 49.944204, 26.500274 ], [ 49.943238, 26.500903 ], [ 49.942047, 26.501732 ], [ 49.940875, 26.502614 ], [ 49.939827, 26.503463 ], [ 49.938843, 26.504312 ], [ 49.937706, 26.50538 ], [ 49.936714, 26.506379 ], [ 49.936162, 26.506982 ], [ 49.935158, 26.506397 ], [ 49.934527, 26.505617 ], [ 49.934424, 26.50547 ], [ 49.934374, 26.50536 ], [ 49.934337, 26.50528 ], [ 49.934299, 26.505198 ], [ 49.93426, 26.505112 ], [ 49.934226, 26.505033 ], [ 49.934077, 26.504711 ], [ 49.933931, 26.504396 ], [ 49.933786, 26.504081 ], [ 49.933656, 26.503798 ], [ 49.933358, 26.50315 ], [ 49.933166, 26.502733 ], [ 49.932973, 26.502314 ], [ 49.932782, 26.501898 ], [ 49.932594, 26.50149 ], [ 49.932472, 26.501223 ], [ 49.932288, 26.500822 ], [ 49.932165, 26.500555 ], [ 49.932044, 26.500292 ], [ 49.931923, 26.500032 ], [ 49.9318, 26.499764 ], [ 49.931594, 26.499314 ], [ 49.931392, 26.498877 ], [ 49.93119, 26.498437 ], [ 49.930984, 26.497986 ], [ 49.930842, 26.497678 ], [ 49.930673, 26.497311 ], [ 49.930504, 26.496945 ], [ 49.930362, 26.496637 ], [ 49.930232, 26.496353 ], [ 49.930101, 26.496068 ], [ 49.929979, 26.495803 ], [ 49.929791, 26.495393 ], [ 49.92958, 26.494936 ], [ 49.929369, 26.494476 ], [ 49.929162, 26.494025 ], [ 49.929039, 26.493758 ], [ 49.928855, 26.493359 ], [ 49.928733, 26.493092 ], [ 49.928602, 26.492809 ], [ 49.928472, 26.492524 ], [ 49.928349, 26.492259 ], [ 49.928036, 26.491579 ], [ 49.927816, 26.491098 ], [ 49.927716, 26.490877 ], [ 49.927531, 26.490479 ], [ 49.927505, 26.490422 ], [ 49.927433, 26.490266 ], [ 49.927371, 26.490132 ], [ 49.927206, 26.489772 ], [ 49.927042, 26.489414 ], [ 49.9269, 26.489106 ], [ 49.926777, 26.488839 ], [ 49.926631, 26.488521 ], [ 49.926509, 26.488254 ], [ 49.92634, 26.487887 ], [ 49.926171, 26.48752 ], [ 49.926049, 26.487253 ], [ 49.925909, 26.48695 ], [ 49.925745, 26.486594 ], [ 49.925582, 26.486241 ], [ 49.925442, 26.485937 ], [ 49.92532, 26.48567 ], [ 49.925174, 26.485353 ], [ 49.925032, 26.485045 ], [ 49.924695, 26.484309 ], [ 49.924553, 26.484001 ], [ 49.924395, 26.483659 ], [ 49.924242, 26.483326 ], [ 49.924089, 26.482993 ], [ 49.923935, 26.482658 ], [ 49.923782, 26.482325 ], [ 49.923629, 26.481992 ], [ 49.923487, 26.481684 ], [ 49.923364, 26.481417 ], [ 49.923188, 26.481032 ], [ 49.922996, 26.480615 ], [ 49.922805, 26.480199 ], [ 49.922774, 26.480133 ], [ 49.922678, 26.479924 ], [ 49.922295, 26.479088 ], [ 49.922008, 26.478464 ], [ 49.921977, 26.478399 ], [ 49.921785, 26.477981 ], [ 49.921593, 26.477564 ], [ 49.921401, 26.477145 ], [ 49.921209, 26.476728 ], [ 49.920826, 26.475895 ], [ 49.92063, 26.475469 ], [ 49.920435, 26.475046 ], [ 49.92024, 26.47462 ], [ 49.920044, 26.474194 ], [ 49.919832, 26.473734 ], [ 49.9198, 26.473663 ], [ 49.919431, 26.472859 ], [ 49.919646, 26.472117 ], [ 49.920118, 26.471783 ], [ 49.920511, 26.471505 ], [ 49.920906, 26.471223 ], [ 49.9213, 26.470944 ], [ 49.921694, 26.470664 ], [ 49.92229, 26.470243 ], [ 49.922573, 26.47004 ], [ 49.922934, 26.469784 ], [ 49.923293, 26.46953 ], [ 49.923585, 26.469322 ], [ 49.923926, 26.469081 ], [ 49.924335, 26.468791 ], [ 49.9244, 26.468745 ], [ 49.924834, 26.468436 ], [ 49.925622, 26.467877 ], [ 49.926315, 26.467387 ], [ 49.926381, 26.46734 ], [ 49.926791, 26.467049 ], [ 49.92714, 26.466801 ], [ 49.927423, 26.4666 ], [ 49.927782, 26.466346 ], [ 49.928142, 26.466089 ], [ 49.928427, 26.465887 ], [ 49.928781, 26.465637 ], [ 49.929174, 26.465358 ], [ 49.929568, 26.465077 ], [ 49.930356, 26.464518 ], [ 49.931122, 26.463976 ], [ 49.931935, 26.464168 ], [ 49.932318, 26.465017 ], [ 49.932354, 26.465081 ], [ 49.932732, 26.465903 ], [ 49.932926, 26.466324 ], [ 49.93312, 26.466745 ], [ 49.933313, 26.467167 ], [ 49.933507, 26.467588 ], [ 49.9337, 26.468009 ], [ 49.933894, 26.46843 ], [ 49.934088, 26.468852 ], [ 49.934281, 26.469273 ], [ 49.934474, 26.469694 ], [ 49.934669, 26.470115 ], [ 49.934862, 26.470536 ], [ 49.935056, 26.470958 ], [ 49.93525, 26.471379 ], [ 49.935443, 26.4718 ], [ 49.935636, 26.472219 ], [ 49.93583, 26.47264 ], [ 49.936061, 26.473142 ], [ 49.936091, 26.47321 ], [ 49.936353, 26.473778 ], [ 49.936445, 26.473977 ], [ 49.936444, 26.473977 ], [ 49.936762, 26.474667 ], [ 49.936777, 26.4747 ], [ 49.936823, 26.474801 ], [ 49.936987, 26.475159 ], [ 49.937153, 26.475519 ], [ 49.937295, 26.475827 ], [ 49.937418, 26.476094 ], [ 49.937563, 26.476411 ], [ 49.937686, 26.476679 ], [ 49.937855, 26.477045 ], [ 49.938024, 26.477412 ], [ 49.938147, 26.47768 ], [ 49.938288, 26.477988 ], [ 49.938617, 26.478703 ], [ 49.938772, 26.479039 ], [ 49.938894, 26.479305 ], [ 49.93904, 26.47962 ], [ 49.939182, 26.479931 ], [ 49.939519, 26.480665 ], [ 49.939661, 26.480973 ], [ 49.9398, 26.481274 ], [ 49.939955, 26.481611 ], [ 49.94011, 26.481949 ], [ 49.940265, 26.482286 ], [ 49.94042, 26.482623 ], [ 49.940576, 26.482961 ], [ 49.940708, 26.483249 ], [ 49.940831, 26.483516 ], [ 49.941007, 26.483899 ], [ 49.941199, 26.484318 ], [ 49.941391, 26.484733 ], [ 49.941422, 26.484799 ], [ 49.941517, 26.485009 ], [ 49.94159, 26.485167 ], [ 49.941599, 26.485187 ], [ 49.941614, 26.485219 ], [ 49.941821, 26.48567 ], [ 49.941901, 26.485841 ], [ 49.941997, 26.48605 ], [ 49.942208, 26.48651 ], [ 49.942419, 26.48697 ], [ 49.942607, 26.487377 ], [ 49.942729, 26.487645 ], [ 49.942913, 26.488045 ], [ 49.943036, 26.48831 ], [ 49.943167, 26.488596 ], [ 49.943297, 26.488879 ], [ 49.94342, 26.489146 ], [ 49.943626, 26.489594 ], [ 49.943857, 26.490095 ], [ 49.944064, 26.490546 ], [ 49.944206, 26.490854 ], [ 49.944375, 26.491221 ], [ 49.944544, 26.491588 ], [ 49.944686, 26.491898 ], [ 49.944864, 26.492285 ], [ 49.945055, 26.492702 ], [ 49.945247, 26.493118 ], [ 49.94542, 26.493494 ], [ 49.945543, 26.493761 ], [ 49.945727, 26.49416 ], [ 49.94585, 26.494428 ], [ 49.946019, 26.494794 ], [ 49.946174, 26.495132 ], [ 49.946309, 26.495426 ], [ 49.94765, 26.498349 ], [ 49.947305, 26.498514 ], [ 49.946996, 26.498675 ], [ 49.946727, 26.49882 ], [ 49.946529, 26.498925 ], [ 49.946137, 26.499133 ], [ 49.94579, 26.499327 ], [ 49.945514, 26.499489 ], [ 49.945335, 26.499594 ], [ 49.945153, 26.499701 ], [ 49.944894, 26.499852 ], [ 49.944672, 26.499987 ], [ 49.944548, 26.500064 ], [ 49.944465, 26.500114 ], [ 49.944465, 26.500117 ] ] ] } },
{ "type": "Feature", "properties": { "district_id": 10500013082, "city_id": 13, "region_id": 5, "name_ar": "حي الندى", "name_en": "An Nada Dist." }, "geometry": { "type": "Polygon", "coordinates": [ [ [ 50.090518, 26.374955 ], [ 50.081773, 26.388476 ], [ 50.081628, 26.3887 ], [ 50.075971, 26.384759 ], [ 50.075944, 26.384795 ], [ 50.07006, 26.3807 ], [ 50.069688, 26.380379 ], [ 50.062097, 26.374816 ], [ 50.062462, 26.374281 ], [ 50.062784, 26.373831 ], [ 50.063105, 26.373387 ], [ 50.063476, 26.372951 ], [ 50.07164, 26.363433 ], [ 50.071855, 26.363158 ], [ 50.090518, 26.374955 ] ] ] } },
{ "type": "Feature", "properties": { "district_id": 10500013083, "city_id": 13, "region_id": 5, "name_ar": "المدينة الصناعية الثالثة", "name_en": "3rd Industrial City" }, "geometry": { "type": "Polygon", "coordinates": [ [ [ 50.015067, 25.916771 ], [ 50.007816, 25.934762 ], [ 50.007816, 25.934762 ], [ 50.004317, 25.943444 ], [ 50.001827, 25.949794 ], [ 49.998448, 25.958413 ], [ 49.998256, 25.95891 ], [ 49.99807, 25.959408 ], [ 49.99789, 25.959909 ], [ 49.997716, 25.960412 ], [ 49.997548, 25.960917 ], [ 49.997387, 25.961424 ], [ 49.997231, 25.961932 ], [ 49.997081, 25.962443 ], [ 49.996938, 25.962955 ], [ 49.9968, 25.963469 ], [ 49.996669, 25.963985 ], [ 49.996544, 25.964502 ], [ 49.996425, 25.965021 ], [ 49.996416, 25.96506 ], [ 49.996328, 25.965462 ], [ 49.996288, 25.965652 ], [ 49.996218, 25.965996 ], [ 49.996151, 25.96634 ], [ 49.993721, 25.965807 ], [ 49.99129, 25.96528 ], [ 49.988857, 25.964759 ], [ 49.988486, 25.96465 ], [ 49.988117, 25.964536 ], [ 49.98775, 25.964414 ], [ 49.987386, 25.964287 ], [ 49.987023, 25.964153 ], [ 49.986663, 25.964013 ], [ 49.986306, 25.963866 ], [ 49.985951, 25.963714 ], [ 49.985598, 25.963555 ], [ 49.980219, 25.961133 ], [ 49.974838, 25.958714 ], [ 49.974576, 25.958607 ], [ 49.974312, 25.958506 ], [ 49.974045, 25.958411 ], [ 49.973776, 25.958322 ], [ 49.973505, 25.958239 ], [ 49.973233, 25.958162 ], [ 49.972959, 25.958091 ], [ 49.972683, 25.958027 ], [ 49.972406, 25.957968 ], [ 49.972404, 25.957968 ], [ 49.972218, 25.957932 ], [ 49.971957, 25.957886 ], [ 49.971694, 25.957846 ], [ 49.971431, 25.957811 ], [ 49.971166, 25.957782 ], [ 49.970902, 25.957758 ], [ 49.970637, 25.95774 ], [ 49.970371, 25.957727 ], [ 49.970106, 25.95772 ], [ 49.967501, 25.957672 ], [ 49.952905, 25.957339 ], [ 49.946169, 25.957186 ], [ 49.937418, 25.956987 ], [ 49.928234, 25.95674 ], [ 49.899591, 25.95597 ], [ 49.898583, 25.955959 ], [ 49.898583, 25.951899 ], [ 49.898559, 25.951198 ], [ 49.898541, 25.950497 ], [ 49.898529, 25.949796 ], [ 49.898524, 25.949094 ], [ 49.898524, 25.948393 ], [ 49.898529, 25.947692 ], [ 49.898541, 25.946991 ], [ 49.898559, 25.94629 ], [ 49.898583, 25.945589 ], [ 49.898565, 25.945422 ], [ 49.898553, 25.945254 ], [ 49.898548, 25.945087 ], [ 49.898549, 25.944919 ], [ 49.898556, 25.944751 ], [ 49.89857, 25.944584 ], [ 49.898591, 25.944417 ], [ 49.898618, 25.944251 ], [ 49.898651, 25.944087 ], [ 49.89869, 25.943923 ], [ 49.898736, 25.943762 ], [ 49.898788, 25.943602 ], [ 49.898846, 25.943445 ], [ 49.89891, 25.943289 ], [ 49.901025, 25.936269 ], [ 49.901459, 25.934827 ], [ 49.901705, 25.934011 ], [ 49.907385, 25.915371 ], [ 49.910279, 25.905838 ], [ 49.91039, 25.905813 ], [ 49.910569, 25.90577 ], [ 49.910748, 25.905734 ], [ 49.910929, 25.905703 ], [ 49.911111, 25.905679 ], [ 49.911293, 25.90566 ], [ 49.911476, 25.905649 ], [ 49.91166, 25.905643 ], [ 49.911843, 25.905644 ], [ 49.912026, 25.905651 ], [ 49.912209, 25.905664 ], [ 49.912392, 25.905684 ], [ 49.912573, 25.90571 ], [ 49.912754, 25.905742 ], [ 49.912933, 25.90578 ], [ 49.913727, 25.905872 ], [ 49.914521, 25.905969 ], [ 49.915314, 25.906072 ], [ 49.916106, 25.906179 ], [ 49.916897, 25.906292 ], [ 49.917688, 25.90641 ], [ 49.917977, 25.906443 ], [ 49.918265, 25.906482 ], [ 49.918553, 25.906527 ], [ 49.918839, 25.906578 ], [ 49.919125, 25.906635 ], [ 49.919409, 25.906698 ], [ 49.919692, 25.906766 ], [ 49.919973, 25.906841 ], [ 49.920803, 25.907036 ], [ 49.921632, 25.907234 ], [ 49.922461, 25.907437 ], [ 49.923451, 25.907686 ], [ 49.92444, 25.90794 ], [ 49.925428, 25.9082 ], [ 49.925517, 25.90822 ], [ 49.925606, 25.908239 ], [ 49.926024, 25.908323 ], [ 49.926442, 25.908401 ], [ 49.926862, 25.908471 ], [ 49.927283, 25.908535 ], [ 49.927705, 25.908591 ], [ 49.928128, 25.908641 ], [ 49.928219, 25.908651 ], [ 49.92831, 25.90866 ], [ 49.928461, 25.908675 ], [ 49.928545, 25.908683 ], [ 49.928852, 25.90871 ], [ 49.92916, 25.908732 ], [ 49.929467, 25.908752 ], [ 49.929551, 25.908756 ], [ 49.929703, 25.908764 ], [ 49.933353, 25.90906 ], [ 49.937002, 25.909363 ], [ 49.94065, 25.909673 ], [ 49.944298, 25.909991 ], [ 49.945034, 25.910069 ], [ 49.94577, 25.910141 ], [ 49.946507, 25.910207 ], [ 49.947244, 25.910267 ], [ 49.947982, 25.91032 ], [ 49.94872, 25.910367 ], [ 49.949459, 25.910408 ], [ 49.950198, 25.910443 ], [ 49.950937, 25.910472 ], [ 49.951677, 25.910494 ], [ 49.952416, 25.91051 ], [ 49.953156, 25.91052 ], [ 49.953254, 25.910521 ], [ 49.954812, 25.910583 ], [ 49.95643, 25.910644 ], [ 49.958049, 25.9107 ], [ 49.959667, 25.910753 ], [ 49.960052, 25.910773 ], [ 49.960437, 25.910787 ], [ 49.960821, 25.910794 ], [ 49.961206, 25.910794 ], [ 49.961591, 25.910787 ], [ 49.961976, 25.910774 ], [ 49.962361, 25.910754 ], [ 49.962745, 25.910727 ], [ 49.963128, 25.910694 ], [ 49.963511, 25.910654 ], [ 49.963893, 25.910607 ], [ 49.964274, 25.910554 ], [ 49.966398, 25.91028 ], [ 49.968522, 25.91001 ], [ 49.970646, 25.909745 ], [ 49.972771, 25.909485 ], [ 49.974897, 25.90923 ], [ 49.977124, 25.908968 ], [ 49.979351, 25.908711 ], [ 49.98158, 25.908459 ], [ 49.983809, 25.908213 ], [ 49.986038, 25.907972 ], [ 49.988268, 25.907736 ], [ 49.989795, 25.907589 ], [ 49.992619, 25.907322 ], [ 49.995443, 25.907061 ], [ 49.998267, 25.906806 ], [ 50.001092, 25.906557 ], [ 50.003918, 25.906314 ], [ 50.006744, 25.906077 ], [ 50.009571, 25.905847 ], [ 50.019808, 25.904992 ], [ 50.018595, 25.908016 ], [ 50.015067, 25.916771 ] ] ] } },
{ "type": "Feature", "properties": { "district_id": 10500013084, "city_id": 13, "region_id": 5, "name_ar": "مدينة الملك سلمان للطاقة", "name_en": "King Salman Energy Park" }, "geometry": { "type": "Polygon", "coordinates": [ [ [ 49.840177, 25.996235 ], [ 49.830873, 25.954152 ], [ 49.83019, 25.917904 ], [ 49.849084, 25.918724 ], [ 49.858667, 25.918916 ], [ 49.866396, 25.917713 ], [ 49.879507, 25.913264 ], [ 49.889069, 25.90915 ], [ 49.889711, 25.95911 ], [ 49.889404, 25.995981 ], [ 49.840177, 25.996235 ] ] ] } },
{ "type": "Feature", "properties": { "district_id": 10500013085, "city_id": 13, "region_id": 5, "name_ar": "حي الإسكان الجنوبي", "name_en": "Al Iskan Al Janubi Dist." }, "geometry": { "type": "Polygon", "coordinates": [ [ [ 50.007908, 26.322869 ], [ 50.006157, 26.325569 ], [ 50.00163, 26.332585 ], [ 49.99857, 26.337314 ], [ 49.994807, 26.343085 ], [ 49.9943, 26.343868 ], [ 49.993425, 26.343844 ], [ 49.992132, 26.343807 ], [ 49.989455, 26.343738 ], [ 49.986854, 26.343671 ], [ 49.984822, 26.343618 ], [ 49.982529, 26.343394 ], [ 49.980501, 26.34316 ], [ 49.9787, 26.342864 ], [ 49.976792, 26.342551 ], [ 49.974982, 26.342135 ], [ 49.972753, 26.341556 ], [ 49.972566, 26.341508 ], [ 49.973078, 26.340702 ], [ 49.973189, 26.340527 ], [ 49.973225, 26.34047 ], [ 49.974714, 26.338121 ], [ 49.974881, 26.337857 ], [ 49.974931, 26.337778 ], [ 49.976678, 26.33502 ], [ 49.976737, 26.334926 ], [ 49.977817, 26.33322 ], [ 49.978478, 26.332176 ], [ 49.978671, 26.331872 ], [ 49.978838, 26.331607 ], [ 49.978907, 26.331498 ], [ 49.979067, 26.331245 ], [ 49.979191, 26.331049 ], [ 49.980355, 26.329209 ], [ 49.980462, 26.32904 ], [ 49.980621, 26.328789 ], [ 49.980695, 26.328672 ], [ 49.980889, 26.328366 ], [ 49.981493, 26.32741 ], [ 49.981634, 26.327188 ], [ 49.981705, 26.327076 ], [ 49.981873, 26.326809 ], [ 49.982209, 26.326279 ], [ 49.983478, 26.324304 ], [ 49.983735, 26.323891 ], [ 49.983879, 26.32368 ], [ 49.984722, 26.322369 ], [ 49.985816, 26.320667 ], [ 49.985922, 26.320502 ], [ 49.986122, 26.320191 ], [ 49.987339, 26.318274 ], [ 49.988223, 26.316882 ], [ 49.988468, 26.316495 ], [ 49.989301, 26.315185 ], [ 49.990139, 26.313837 ], [ 49.99015, 26.31382 ], [ 49.990168, 26.313791 ], [ 49.990862, 26.312692 ], [ 49.991083, 26.312341 ], [ 50.007908, 26.322869 ] ] ] } },
{ "type": "Feature", "properties": { "district_id": 10500013086, "city_id": 13, "region_id": 5, "name_ar": "حي العروبة", "name_en": "Al Urubah Dist." }, "geometry": { "type": "Polygon", "coordinates": [ [ [ 49.981061, 26.36541 ], [ 49.980514, 26.365089 ], [ 49.981101, 26.364185 ], [ 49.982362, 26.362244 ], [ 49.9943, 26.343868 ], [ 49.994405, 26.343706 ], [ 49.994526, 26.343519 ], [ 49.994807, 26.343085 ], [ 49.995618, 26.341842 ], [ 49.996145, 26.341033 ], [ 49.996667, 26.340232 ], [ 49.99857, 26.337314 ], [ 49.998635, 26.337214 ], [ 49.998789, 26.336976 ], [ 49.998843, 26.336892 ], [ 49.999772, 26.335457 ], [ 49.999818, 26.335386 ], [ 50.00163, 26.332585 ], [ 50.001791, 26.332336 ], [ 50.002248, 26.331627 ], [ 50.003188, 26.33017 ], [ 50.005386, 26.326764 ], [ 50.005825, 26.326084 ], [ 50.006157, 26.325569 ], [ 50.00681, 26.324563 ], [ 50.00801, 26.325104 ], [ 50.017353, 26.331001 ], [ 50.01727, 26.33108 ], [ 49.981061, 26.36541 ] ] ] } },
{ "type": "Feature", "properties": { "district_id": 10500013087, "city_id": 13, "region_id": 5, "name_ar": "حي الاسكان الشمالي", "name_en": "Al Iskan Northren Dist." }, "geometry": { "type": "Polygon", "coordinates": [ [ [ 49.972135, 26.341447 ], [ 49.972157, 26.341377 ], [ 49.972566, 26.341508 ], [ 49.972622, 26.341522 ], [ 49.972663, 26.341533 ], [ 49.972753, 26.341556 ], [ 49.973009, 26.341623 ], [ 49.973138, 26.341656 ], [ 49.974337, 26.341968 ], [ 49.974474, 26.342003 ], [ 49.974891, 26.342111 ], [ 49.974982, 26.342135 ], [ 49.976792, 26.342551 ], [ 49.9787, 26.342864 ], [ 49.979461, 26.34299 ], [ 49.979887, 26.34306 ], [ 49.980501, 26.34316 ], [ 49.98109, 26.343228 ], [ 49.982529, 26.343394 ], [ 49.983296, 26.343469 ], [ 49.983447, 26.343484 ], [ 49.983495, 26.343489 ], [ 49.984822, 26.343618 ], [ 49.985805, 26.343643 ], [ 49.986373, 26.343658 ], [ 49.986854, 26.343671 ], [ 49.989455, 26.343738 ], [ 49.990966, 26.343777 ], [ 49.991002, 26.343778 ], [ 49.991088, 26.34378 ], [ 49.99115, 26.343782 ], [ 49.992132, 26.343807 ], [ 49.992686, 26.343823 ], [ 49.992701, 26.343823 ], [ 49.993132, 26.343835 ], [ 49.993425, 26.343844 ], [ 49.994083, 26.343862 ], [ 49.994145, 26.343864 ], [ 49.994163, 26.343864 ], [ 49.9943, 26.343868 ], [ 49.993674, 26.344832 ], [ 49.993165, 26.345615 ], [ 49.986994, 26.355114 ], [ 49.982834, 26.361518 ], [ 49.982362, 26.362244 ], [ 49.981101, 26.364185 ], [ 49.980757, 26.364714 ], [ 49.98057, 26.365002 ], [ 49.980514, 26.365089 ], [ 49.980004, 26.36491 ], [ 49.972866, 26.361971 ], [ 49.972578, 26.361847 ], [ 49.972144, 26.361629 ], [ 49.971783, 26.361439 ], [ 49.970917, 26.360998 ], [ 49.97004, 26.360556 ], [ 49.968726, 26.359889 ], [ 49.968299, 26.359673 ], [ 49.968166, 26.359606 ], [ 49.967826, 26.359434 ], [ 49.967563, 26.359302 ], [ 49.967164, 26.359102 ], [ 49.967168, 26.359088 ], [ 49.967549, 26.35778 ], [ 49.96809, 26.355811 ], [ 49.968596, 26.354058 ], [ 49.968603, 26.354031 ], [ 49.969206, 26.351803 ], [ 49.969865, 26.349409 ], [ 49.969977, 26.349012 ], [ 49.970229, 26.348121 ], [ 49.970563, 26.346942 ], [ 49.97105, 26.345269 ], [ 49.971079, 26.345159 ], [ 49.971183, 26.344762 ], [ 49.971361, 26.344131 ], [ 49.971706, 26.342881 ], [ 49.97189, 26.342241 ], [ 49.972135, 26.341447 ] ] ] } },
{ "type": "Feature", "properties": { "district_id": 10500013088, "city_id": 13, "region_id": 5, "name_ar": "حي الجود", "name_en": "Al Jud Dist." }, "geometry": { "type": "Polygon", "coordinates": [ [ [ 49.977339, 26.303883 ], [ 49.977625, 26.303551 ], [ 50.012471, 26.263045 ], [ 50.015446, 26.266973 ], [ 50.016388, 26.268213 ], [ 50.016457, 26.268305 ], [ 50.018268, 26.270691 ], [ 50.020777, 26.273993 ], [ 50.020942, 26.274206 ], [ 50.02185, 26.275412 ], [ 50.024089, 26.278372 ], [ 50.027758, 26.283238 ], [ 50.028709, 26.284524 ], [ 50.029898, 26.286134 ], [ 50.031031, 26.287635 ], [ 50.031145, 26.287786 ], [ 50.032597, 26.289709 ], [ 50.034211, 26.291799 ], [ 50.036047, 26.294181 ], [ 50.036484, 26.294747 ], [ 50.036685, 26.295006 ], [ 50.037853, 26.296533 ], [ 50.038424, 26.297281 ], [ 50.040444, 26.299963 ], [ 50.042634, 26.302962 ], [ 50.044891, 26.305889 ], [ 50.044834, 26.306018 ], [ 50.043787, 26.308355 ], [ 50.042734, 26.310688 ], [ 50.041674, 26.313019 ], [ 50.041483, 26.313438 ], [ 50.040582, 26.315403 ], [ 50.040245, 26.316103 ], [ 50.039914, 26.316806 ], [ 50.03959, 26.317511 ], [ 50.039272, 26.31822 ], [ 50.03896, 26.318931 ], [ 50.038655, 26.319645 ], [ 50.038357, 26.320362 ], [ 50.038131, 26.320918 ], [ 50.037899, 26.321501 ], [ 50.037671, 26.322084 ], [ 50.037448, 26.32267 ], [ 50.037229, 26.323257 ], [ 50.03704, 26.323811 ], [ 50.036857, 26.324366 ], [ 50.036678, 26.324924 ], [ 50.036505, 26.325482 ], [ 50.036337, 26.326043 ], [ 50.036307, 26.326139 ], [ 50.036119, 26.326777 ], [ 50.036042, 26.327048 ], [ 50.035973, 26.327291 ], [ 50.035937, 26.327417 ], [ 50.035857, 26.327754 ], [ 50.035711, 26.328318 ], [ 50.035569, 26.328883 ], [ 50.035433, 26.329449 ], [ 50.035302, 26.330016 ], [ 50.035177, 26.330584 ], [ 50.035056, 26.331154 ], [ 50.034941, 26.331725 ], [ 50.034529, 26.333866 ], [ 50.034459, 26.33423 ], [ 50.03351, 26.339156 ], [ 50.033494, 26.339242 ], [ 50.023834, 26.332929 ], [ 50.023804, 26.332909 ], [ 50.023862, 26.332892 ], [ 50.023781, 26.33284 ], [ 50.008008, 26.322892 ], [ 50.00799, 26.32292 ], [ 50.007908, 26.322869 ], [ 49.991083, 26.312341 ], [ 49.990961, 26.312534 ], [ 49.990887, 26.312487 ], [ 49.986651, 26.30982 ], [ 49.98583, 26.309303 ], [ 49.984845, 26.308683 ], [ 49.982979, 26.307489 ], [ 49.982107, 26.306932 ], [ 49.981497, 26.306542 ], [ 49.979419, 26.305214 ], [ 49.977339, 26.303883 ] ] ] } },
{ "type": "Feature", "properties": { "district_id": 10500031001, "city_id": 31, "region_id": 5, "name_ar": "حي التحلية", "name_en": "At Tahliyah Dist." }, "geometry": { "type": "Polygon", "coordinates": [ [ [ 50.216383, 26.182095 ], [ 50.216426, 26.182254 ], [ 50.216063, 26.182388 ], [ 50.215698, 26.182524 ], [ 50.215332, 26.18266 ], [ 50.214966, 26.182795 ], [ 50.214764, 26.182871 ], [ 50.214559, 26.182947 ], [ 50.21436, 26.18302 ], [ 50.214158, 26.183093 ], [ 50.213956, 26.183169 ], [ 50.213757, 26.183242 ], [ 50.213556, 26.183318 ], [ 50.21335, 26.183394 ], [ 50.213, 26.183523 ], [ 50.212982, 26.183527 ], [ 50.212972, 26.183532 ], [ 50.212963, 26.183534 ], [ 50.212941, 26.183545 ], [ 50.212931, 26.183549 ], [ 50.212922, 26.183556 ], [ 50.212913, 26.183561 ], [ 50.212904, 26.183565 ], [ 50.212895, 26.18357 ], [ 50.212876, 26.183583 ], [ 50.212868, 26.18359 ], [ 50.212852, 26.183599 ], [ 50.212847, 26.183605 ], [ 50.212832, 26.183621 ], [ 50.212821, 26.18363 ], [ 50.212811, 26.183641 ], [ 50.212804, 26.18365 ], [ 50.212793, 26.183664 ], [ 50.212786, 26.183677 ], [ 50.212783, 26.183682 ], [ 50.212774, 26.183695 ], [ 50.212768, 26.183707 ], [ 50.212762, 26.183716 ], [ 50.212757, 26.183729 ], [ 50.212753, 26.183738 ], [ 50.212749, 26.183749 ], [ 50.212744, 26.183761 ], [ 50.21274, 26.183776 ], [ 50.212737, 26.18379 ], [ 50.212735, 26.183801 ], [ 50.212733, 26.18381 ], [ 50.21273, 26.183828 ], [ 50.212744, 26.184253 ], [ 50.212763, 26.18484 ], [ 50.212954, 26.190678 ], [ 50.212952, 26.190795 ], [ 50.212451, 26.190807 ], [ 50.212434, 26.190807 ], [ 50.212533, 26.193704 ], [ 50.212655, 26.197709 ], [ 50.212738, 26.200112 ], [ 50.212746, 26.200502 ], [ 50.212764, 26.201066 ], [ 50.212757, 26.201066 ], [ 50.195793, 26.201529 ], [ 50.195491, 26.200972 ], [ 50.195175, 26.200481 ], [ 50.193516, 26.197889 ], [ 50.19186, 26.195398 ], [ 50.186649, 26.187561 ], [ 50.182919, 26.181951 ], [ 50.182128, 26.180759 ], [ 50.182115, 26.180739 ], [ 50.182113, 26.180732 ], [ 50.182108, 26.18072 ], [ 50.182106, 26.180714 ], [ 50.182102, 26.180702 ], [ 50.1821, 26.180696 ], [ 50.182095, 26.180684 ], [ 50.182092, 26.180678 ], [ 50.182087, 26.180666 ], [ 50.182081, 26.180655 ], [ 50.182079, 26.180648 ], [ 50.182073, 26.180637 ], [ 50.182067, 26.180625 ], [ 50.182061, 26.180614 ], [ 50.182054, 26.180603 ], [ 50.182051, 26.180598 ], [ 50.182048, 26.180591 ], [ 50.182044, 26.180587 ], [ 50.182041, 26.18058 ], [ 50.182037, 26.180576 ], [ 50.182034, 26.180571 ], [ 50.18203, 26.180564 ], [ 50.182026, 26.18056 ], [ 50.182023, 26.180553 ], [ 50.182019, 26.180548 ], [ 50.182015, 26.180544 ], [ 50.182011, 26.180537 ], [ 50.182007, 26.180533 ], [ 50.182003, 26.180528 ], [ 50.181999, 26.180521 ], [ 50.181995, 26.180517 ], [ 50.181991, 26.180512 ], [ 50.181987, 26.180508 ], [ 50.181983, 26.180501 ], [ 50.181979, 26.180496 ], [ 50.181974, 26.180492 ], [ 50.18197, 26.180487 ], [ 50.181966, 26.180483 ], [ 50.181961, 26.180476 ], [ 50.181957, 26.180471 ], [ 50.181952, 26.180467 ], [ 50.181948, 26.180462 ], [ 50.181943, 26.180458 ], [ 50.181938, 26.180453 ], [ 50.181933, 26.180449 ], [ 50.181929, 26.180444 ], [ 50.181924, 26.18044 ], [ 50.181919, 26.180435 ], [ 50.181914, 26.18043 ], [ 50.181909, 26.180426 ], [ 50.181904, 26.180421 ], [ 50.181899, 26.180417 ], [ 50.181894, 26.180412 ], [ 50.181889, 26.180408 ], [ 50.181884, 26.180403 ], [ 50.181879, 26.180399 ], [ 50.181873, 26.180394 ], [ 50.181863, 26.180387 ], [ 50.181857, 26.180383 ], [ 50.181852, 26.180378 ], [ 50.181847, 26.180374 ], [ 50.181841, 26.180371 ], [ 50.181836, 26.180367 ], [ 50.18183, 26.180362 ], [ 50.181825, 26.180358 ], [ 50.181819, 26.180355 ], [ 50.181813, 26.180351 ], [ 50.181807, 26.180349 ], [ 50.181802, 26.180344 ], [ 50.181796, 26.18034 ], [ 50.18179, 26.180337 ], [ 50.181784, 26.180333 ], [ 50.181778, 26.18033 ], [ 50.181773, 26.180326 ], [ 50.181767, 26.180324 ], [ 50.181761, 26.180319 ], [ 50.181755, 26.180317 ], [ 50.181749, 26.180312 ], [ 50.181743, 26.18031 ], [ 50.181737, 26.180308 ], [ 50.18173, 26.180303 ], [ 50.181724, 26.180301 ], [ 50.181718, 26.180296 ], [ 50.181712, 26.180294 ], [ 50.181706, 26.180292 ], [ 50.1817, 26.180289 ], [ 50.181693, 26.180285 ], [ 50.181687, 26.180282 ], [ 50.181681, 26.18028 ], [ 50.181674, 26.180278 ], [ 50.181668, 26.180276 ], [ 50.181661, 26.180273 ], [ 50.181655, 26.180269 ], [ 50.181648, 26.180266 ], [ 50.181642, 26.180264 ], [ 50.181635, 26.180262 ], [ 50.181629, 26.18026 ], [ 50.181622, 26.180257 ], [ 50.181616, 26.180255 ], [ 50.181613, 26.180254 ], [ 50.176969, 26.180123 ], [ 50.17727, 26.176813 ], [ 50.179484, 26.177202 ], [ 50.179566, 26.176192 ], [ 50.182807, 26.174337 ], [ 50.189999, 26.167197 ], [ 50.193226, 26.161992 ], [ 50.192443, 26.161619 ], [ 50.193165, 26.160414 ], [ 50.192254, 26.159244 ], [ 50.192179, 26.158729 ], [ 50.191681, 26.158049 ], [ 50.190493, 26.157174 ], [ 50.189923, 26.156755 ], [ 50.18906, 26.156461 ], [ 50.187468, 26.15479 ], [ 50.186015, 26.154198 ], [ 50.184602, 26.153147 ], [ 50.184246, 26.152883 ], [ 50.183802, 26.152552 ], [ 50.18328, 26.152164 ], [ 50.183084, 26.151822 ], [ 50.183282, 26.151503 ], [ 50.184538, 26.151266 ], [ 50.187224, 26.151429 ], [ 50.187912, 26.151453 ], [ 50.188407, 26.1515 ], [ 50.189752, 26.152806 ], [ 50.19041, 26.153751 ], [ 50.190698, 26.154164 ], [ 50.190944, 26.154517 ], [ 50.191938, 26.155268 ], [ 50.192921, 26.15601 ], [ 50.19333, 26.156319 ], [ 50.194727, 26.157375 ], [ 50.195184, 26.15803 ], [ 50.195401, 26.158372 ], [ 50.195517, 26.158544 ], [ 50.195749, 26.158887 ], [ 50.196107, 26.159417 ], [ 50.196507, 26.160008 ], [ 50.197956, 26.16228 ], [ 50.200239, 26.164397 ], [ 50.201219, 26.166481 ], [ 50.204621, 26.170861 ], [ 50.205448, 26.17124 ], [ 50.206199, 26.170569 ], [ 50.208618, 26.172779 ], [ 50.207594, 26.17362 ], [ 50.211449, 26.177322 ], [ 50.21182, 26.17804 ], [ 50.213524, 26.17972 ], [ 50.213929, 26.179706 ], [ 50.215698, 26.181404 ], [ 50.216114, 26.181183 ], [ 50.216383, 26.182095 ] ] ] } },
{ "type": "Feature", "properties": { "district_id": 10500031002, "city_id": 31, "region_id": 5, "name_ar": "حي ابن سيناء", "name_en": "Ibn Sina Dist." }, "geometry": { "type": "Polygon", "coordinates": [ [ [ 50.21139, 26.250777 ], [ 50.202887, 26.24997 ], [ 50.198557, 26.249558 ], [ 50.197197, 26.249407 ], [ 50.197257, 26.249142 ], [ 50.197311, 26.248876 ], [ 50.197359, 26.248608 ], [ 50.1974, 26.24834 ], [ 50.197434, 26.24807 ], [ 50.197462, 26.2478 ], [ 50.197479, 26.247509 ], [ 50.19749, 26.247219 ], [ 50.197494, 26.246928 ], [ 50.197493, 26.246637 ], [ 50.197484, 26.246346 ], [ 50.19747, 26.246056 ], [ 50.197449, 26.245766 ], [ 50.197422, 26.245476 ], [ 50.197388, 26.245188 ], [ 50.19731, 26.244844 ], [ 50.197225, 26.244502 ], [ 50.197135, 26.244162 ], [ 50.197038, 26.243824 ], [ 50.196934, 26.243487 ], [ 50.196825, 26.243153 ], [ 50.196709, 26.24282 ], [ 50.196587, 26.24249 ], [ 50.195323, 26.239279 ], [ 50.195049, 26.238582 ], [ 50.194882, 26.238011 ], [ 50.194822, 26.237749 ], [ 50.194767, 26.237487 ], [ 50.194718, 26.237223 ], [ 50.194674, 26.236958 ], [ 50.194633, 26.236679 ], [ 50.194598, 26.236399 ], [ 50.19457, 26.236118 ], [ 50.194547, 26.235836 ], [ 50.19453, 26.235554 ], [ 50.194519, 26.235272 ], [ 50.194514, 26.234989 ], [ 50.194515, 26.234707 ], [ 50.194523, 26.234425 ], [ 50.194536, 26.234142 ], [ 50.194551, 26.233903 ], [ 50.213885, 26.235607 ], [ 50.2139, 26.235782 ], [ 50.213912, 26.235915 ], [ 50.213913, 26.235928 ], [ 50.213915, 26.235955 ], [ 50.213952, 26.236326 ], [ 50.213992, 26.236724 ], [ 50.213995, 26.236745 ], [ 50.214034, 26.237024 ], [ 50.214094, 26.237359 ], [ 50.214108, 26.237464 ], [ 50.214128, 26.237568 ], [ 50.214154, 26.237671 ], [ 50.214186, 26.237772 ], [ 50.214062, 26.237765 ], [ 50.213888, 26.237756 ], [ 50.213627, 26.237735 ], [ 50.212881, 26.237675 ], [ 50.21139, 26.250777 ] ] ] } },
{ "type": "Feature", "properties": { "district_id": 10500031003, "city_id": 31, "region_id": 5, "name_ar": "حي الحزام الاخضر", "name_en": "Al Hizam Al Akhdar Dist." }, "geometry": { "type": "Polygon", "coordinates": [ [ [ 50.1906, 26.30891 ], [ 50.190279, 26.307198 ], [ 50.190039, 26.305877 ], [ 50.19026, 26.30584 ], [ 50.19063, 26.305779 ], [ 50.192861, 26.305408 ], [ 50.193107, 26.305367 ], [ 50.195944, 26.304896 ], [ 50.196229, 26.304849 ], [ 50.19764, 26.304619 ], [ 50.198273, 26.304513 ], [ 50.199954, 26.304233 ], [ 50.201713, 26.303938 ], [ 50.203436, 26.303663 ], [ 50.204012, 26.303571 ], [ 50.20453, 26.303488 ], [ 50.205462, 26.30334 ], [ 50.205868, 26.303275 ], [ 50.206444, 26.303183 ], [ 50.206517, 26.303171 ], [ 50.207087, 26.30308 ], [ 50.207664, 26.302988 ], [ 50.208001, 26.302934 ], [ 50.208208, 26.302901 ], [ 50.208797, 26.302807 ], [ 50.208939, 26.302788 ], [ 50.209757, 26.302655 ], [ 50.209795, 26.302857 ], [ 50.20996, 26.303755 ], [ 50.210048, 26.304233 ], [ 50.210137, 26.304714 ], [ 50.210236, 26.305255 ], [ 50.210341, 26.305822 ], [ 50.210451, 26.30639 ], [ 50.210486, 26.306611 ], [ 50.210545, 26.306916 ], [ 50.210641, 26.30738 ], [ 50.211122, 26.309891 ], [ 50.20322, 26.311177 ], [ 50.191455, 26.313142 ], [ 50.1906, 26.30891 ] ] ] } },
{ "type": "Feature", "properties": { "district_id": 10500031004, "city_id": 31, "region_id": 5, "name_ar": "حي صناعية الثقبة", "name_en": "Sinaiyah Ath Thuqbah Dist." }, "geometry": { "type": "Polygon", "coordinates": [ [ [ 50.197498, 26.249442 ], [ 50.198557, 26.249558 ], [ 50.202887, 26.24997 ], [ 50.203471, 26.253949 ], [ 50.204838, 26.263265 ], [ 50.204795, 26.263365 ], [ 50.199948, 26.261674 ], [ 50.191305, 26.258659 ], [ 50.191505, 26.258352 ], [ 50.191869, 26.257799 ], [ 50.192159, 26.257392 ], [ 50.192452, 26.256993 ], [ 50.192606, 26.256771 ], [ 50.193064, 26.25617 ], [ 50.19312, 26.256095 ], [ 50.193652, 26.255424 ], [ 50.194982, 26.253818 ], [ 50.195153, 26.253602 ], [ 50.19532, 26.253382 ], [ 50.195481, 26.253158 ], [ 50.195636, 26.252931 ], [ 50.195787, 26.2527 ], [ 50.195932, 26.252465 ], [ 50.196071, 26.252228 ], [ 50.196205, 26.251987 ], [ 50.196334, 26.251743 ], [ 50.196456, 26.251496 ], [ 50.196573, 26.251246 ], [ 50.196684, 26.250994 ], [ 50.196789, 26.250739 ], [ 50.196883, 26.250477 ], [ 50.196972, 26.250213 ], [ 50.197053, 26.249946 ], [ 50.197128, 26.249678 ], [ 50.197197, 26.249408 ], [ 50.197498, 26.249442 ] ] ] } },
{ "type": "Feature", "properties": { "district_id": 10500031005, "city_id": 31, "region_id": 5, "name_ar": "حي التعاون", "name_en": "At Taawun Dist." }, "geometry": { "type": "Polygon", "coordinates": [ [ [ 50.194583, 26.233543 ], [ 50.194556, 26.233843 ], [ 50.194536, 26.234142 ], [ 50.194523, 26.234425 ], [ 50.194515, 26.234707 ], [ 50.194514, 26.234989 ], [ 50.194519, 26.235272 ], [ 50.19453, 26.235554 ], [ 50.194547, 26.235836 ], [ 50.19457, 26.236118 ], [ 50.194598, 26.236399 ], [ 50.194633, 26.236679 ], [ 50.194674, 26.236958 ], [ 50.194718, 26.237223 ], [ 50.194767, 26.237487 ], [ 50.194822, 26.237749 ], [ 50.194882, 26.238011 ], [ 50.195049, 26.238582 ], [ 50.195257, 26.239125 ], [ 50.195323, 26.239279 ], [ 50.196587, 26.24249 ], [ 50.196065, 26.242046 ], [ 50.195253, 26.241296 ], [ 50.19444, 26.240547 ], [ 50.191885, 26.237656 ], [ 50.190893, 26.236577 ], [ 50.189902, 26.235498 ], [ 50.189556, 26.235123 ], [ 50.18921, 26.234748 ], [ 50.188425, 26.233905 ], [ 50.18764, 26.233063 ], [ 50.187592, 26.23301 ], [ 50.187557, 26.232972 ], [ 50.187521, 26.232934 ], [ 50.187424, 26.232827 ], [ 50.187327, 26.232719 ], [ 50.187271, 26.232658 ], [ 50.186927, 26.232275 ], [ 50.186583, 26.231892 ], [ 50.184437, 26.229531 ], [ 50.183654, 26.228666 ], [ 50.183568, 26.228572 ], [ 50.182921, 26.227874 ], [ 50.180061, 26.224835 ], [ 50.178524, 26.223211 ], [ 50.172545, 26.216835 ], [ 50.172482, 26.216768 ], [ 50.172408, 26.216682 ], [ 50.172339, 26.216592 ], [ 50.172275, 26.216499 ], [ 50.172216, 26.216402 ], [ 50.172163, 26.216302 ], [ 50.172116, 26.2162 ], [ 50.172075, 26.216094 ], [ 50.17204, 26.215987 ], [ 50.17201, 26.215878 ], [ 50.171987, 26.215767 ], [ 50.171971, 26.215655 ], [ 50.17196, 26.215543 ], [ 50.171973, 26.215188 ], [ 50.172014, 26.214031 ], [ 50.173294, 26.2141 ], [ 50.174717, 26.214217 ], [ 50.175814, 26.214343 ], [ 50.177283, 26.214558 ], [ 50.178628, 26.214812 ], [ 50.179622, 26.215039 ], [ 50.181569, 26.215527 ], [ 50.182792, 26.21585 ], [ 50.185282, 26.216478 ], [ 50.186475, 26.216738 ], [ 50.186875, 26.21682 ], [ 50.187275, 26.216896 ], [ 50.187677, 26.216967 ], [ 50.18808, 26.217033 ], [ 50.188483, 26.217093 ], [ 50.188888, 26.217147 ], [ 50.189293, 26.217196 ], [ 50.191467, 26.217422 ], [ 50.194177, 26.217666 ], [ 50.196367, 26.217862 ], [ 50.196351, 26.217992 ], [ 50.196349, 26.217992 ], [ 50.194583, 26.233543 ] ] ] } },
{ "type": "Feature", "properties": { "district_id": 10500031006, "city_id": 31, "region_id": 5, "name_ar": "حي الراكة الجنوبية", "name_en": "Ar Rakah Al Janubiyah Dist." }, "geometry": { "type": "Polygon", "coordinates": [ [ [ 50.200357, 26.336747 ], [ 50.201412, 26.336934 ], [ 50.204354, 26.337499 ], [ 50.204816, 26.337587 ], [ 50.208371, 26.33827 ], [ 50.208617, 26.338317 ], [ 50.208856, 26.338363 ], [ 50.209022, 26.338395 ], [ 50.209329, 26.338454 ], [ 50.209651, 26.338515 ], [ 50.21, 26.338582 ], [ 50.210027, 26.338588 ], [ 50.210173, 26.338615 ], [ 50.210404, 26.33866 ], [ 50.210449, 26.338668 ], [ 50.210811, 26.338738 ], [ 50.210941, 26.338758 ], [ 50.211651, 26.33892 ], [ 50.211455, 26.33968 ], [ 50.211455, 26.33968 ], [ 50.21128, 26.340269 ], [ 50.210836, 26.34237 ], [ 50.210333, 26.344685 ], [ 50.210329, 26.344701 ], [ 50.210328, 26.344713 ], [ 50.210229, 26.345421 ], [ 50.210179, 26.345779 ], [ 50.210117, 26.347018 ], [ 50.210147, 26.347936 ], [ 50.210272, 26.349256 ], [ 50.210313, 26.350498 ], [ 50.210331, 26.351027 ], [ 50.210298, 26.351484 ], [ 50.210236, 26.351944 ], [ 50.209887, 26.353229 ], [ 50.209748, 26.353663 ], [ 50.209649, 26.35397 ], [ 50.209313, 26.355013 ], [ 50.208817, 26.356303 ], [ 50.208701, 26.356606 ], [ 50.208646, 26.356747 ], [ 50.208443, 26.357277 ], [ 50.208258, 26.357759 ], [ 50.207501, 26.360057 ], [ 50.207337, 26.360551 ], [ 50.207225, 26.360887 ], [ 50.206707, 26.362448 ], [ 50.20668, 26.362531 ], [ 50.20657, 26.362951 ], [ 50.206221, 26.364721 ], [ 50.206076, 26.365398 ], [ 50.205985, 26.365694 ], [ 50.205818, 26.366105 ], [ 50.205704, 26.366325 ], [ 50.205529, 26.366652 ], [ 50.205488, 26.366713 ], [ 50.204659, 26.366306 ], [ 50.204076, 26.366011 ], [ 50.203592, 26.365767 ], [ 50.201898, 26.364911 ], [ 50.199669, 26.363785 ], [ 50.197904, 26.362895 ], [ 50.196153, 26.36201 ], [ 50.195556, 26.361709 ], [ 50.193689, 26.360984 ], [ 50.192646, 26.360579 ], [ 50.192614, 26.360566 ], [ 50.191468, 26.360136 ], [ 50.188067, 26.358832 ], [ 50.189593, 26.356014 ], [ 50.189657, 26.355887 ], [ 50.190482, 26.354261 ], [ 50.190507, 26.354206 ], [ 50.193282, 26.349222 ], [ 50.193355, 26.34909 ], [ 50.193402, 26.349005 ], [ 50.193757, 26.348349 ], [ 50.19401, 26.347882 ], [ 50.19409, 26.347733 ], [ 50.194095, 26.347724 ], [ 50.194492, 26.34699 ], [ 50.194626, 26.346744 ], [ 50.195177, 26.345725 ], [ 50.195824, 26.344529 ], [ 50.196479, 26.343318 ], [ 50.197629, 26.341028 ], [ 50.199009, 26.33828 ], [ 50.199865, 26.33666 ], [ 50.200357, 26.336747 ] ] ] } },
{ "type": "Feature", "properties": { "district_id": 10500031007, "city_id": 31, "region_id": 5, "name_ar": "حي الخبر الشمالية", "name_en": "Al Khubar Ash Shamaliyah Dist." }, "geometry": { "type": "Polygon", "coordinates": [ [ [ 50.218111, 26.280451 ], [ 50.21831, 26.2814 ], [ 50.21832, 26.281456 ], [ 50.218509, 26.282355 ], [ 50.218657, 26.283063 ], [ 50.218738, 26.28345 ], [ 50.218747, 26.283496 ], [ 50.218898, 26.284217 ], [ 50.218917, 26.284307 ], [ 50.219044, 26.284913 ], [ 50.219178, 26.285557 ], [ 50.219307, 26.286171 ], [ 50.219314, 26.286208 ], [ 50.219318, 26.286226 ], [ 50.219571, 26.28753 ], [ 50.219705, 26.288212 ], [ 50.219943, 26.28944 ], [ 50.219966, 26.289555 ], [ 50.220093, 26.290208 ], [ 50.220246, 26.290993 ], [ 50.22048, 26.292199 ], [ 50.220573, 26.292673 ], [ 50.220639, 26.293031 ], [ 50.220739, 26.293568 ], [ 50.220756, 26.293657 ], [ 50.220864, 26.294237 ], [ 50.220978, 26.294851 ], [ 50.221246, 26.296292 ], [ 50.221614, 26.298266 ], [ 50.221622, 26.298298 ], [ 50.222177, 26.300572 ], [ 50.22218, 26.300581 ], [ 50.220558, 26.300893 ], [ 50.22005, 26.300981 ], [ 50.219994, 26.300991 ], [ 50.219587, 26.301064 ], [ 50.218835, 26.3012 ], [ 50.218771, 26.301211 ], [ 50.21834, 26.301282 ], [ 50.218286, 26.30129 ], [ 50.21814, 26.301314 ], [ 50.218041, 26.30133 ], [ 50.217829, 26.301365 ], [ 50.217765, 26.301375 ], [ 50.21773, 26.301381 ], [ 50.217539, 26.301412 ], [ 50.217371, 26.301438 ], [ 50.217354, 26.301441 ], [ 50.216813, 26.301528 ], [ 50.216327, 26.301605 ], [ 50.215817, 26.301686 ], [ 50.215258, 26.301776 ], [ 50.215257, 26.301776 ], [ 50.215172, 26.30179 ], [ 50.214701, 26.301865 ], [ 50.21462, 26.301878 ], [ 50.214215, 26.301942 ], [ 50.213649, 26.302033 ], [ 50.213598, 26.302041 ], [ 50.213107, 26.302119 ], [ 50.212619, 26.302197 ], [ 50.212063, 26.302286 ], [ 50.211549, 26.302368 ], [ 50.210985, 26.302458 ], [ 50.210579, 26.302523 ], [ 50.210515, 26.302533 ], [ 50.209757, 26.302655 ], [ 50.209622, 26.301918 ], [ 50.209554, 26.301585 ], [ 50.209501, 26.301323 ], [ 50.209431, 26.300984 ], [ 50.209283, 26.300261 ], [ 50.209143, 26.299573 ], [ 50.209092, 26.29932 ], [ 50.209019, 26.298962 ], [ 50.208889, 26.298323 ], [ 50.208727, 26.297563 ], [ 50.208678, 26.297307 ], [ 50.208652, 26.297179 ], [ 50.208604, 26.296933 ], [ 50.208469, 26.296271 ], [ 50.208343, 26.295639 ], [ 50.208278, 26.295316 ], [ 50.208098, 26.294369 ], [ 50.208073, 26.294233 ], [ 50.207835, 26.29298 ], [ 50.207681, 26.292218 ], [ 50.20753, 26.291552 ], [ 50.207407, 26.290975 ], [ 50.207257, 26.290236 ], [ 50.206971, 26.288938 ], [ 50.206843, 26.288325 ], [ 50.206826, 26.288242 ], [ 50.206685, 26.287594 ], [ 50.206622, 26.287273 ], [ 50.206581, 26.287075 ], [ 50.206433, 26.286373 ], [ 50.206426, 26.28634 ], [ 50.206297, 26.285724 ], [ 50.206285, 26.285668 ], [ 50.205871, 26.284632 ], [ 50.205593, 26.283915 ], [ 50.205251, 26.282879 ], [ 50.204879, 26.281815 ], [ 50.204836, 26.28169 ], [ 50.207819, 26.280798 ], [ 50.215978, 26.27945 ], [ 50.217836, 26.279133 ], [ 50.218111, 26.280451 ] ] ] } },
{ "type": "Feature", "properties": { "district_id": 10500031008, "city_id": 31, "region_id": 5, "name_ar": "حي مدينة العمال", "name_en": "Madinat Al Ummal Dist." }, "geometry": { "type": "Polygon", "coordinates": [ [ [ 50.204879, 26.281815 ], [ 50.205251, 26.282879 ], [ 50.205593, 26.283915 ], [ 50.205871, 26.284632 ], [ 50.206285, 26.285668 ], [ 50.206297, 26.285724 ], [ 50.206426, 26.28634 ], [ 50.206433, 26.286373 ], [ 50.206581, 26.287075 ], [ 50.206622, 26.287273 ], [ 50.206685, 26.287594 ], [ 50.206826, 26.288242 ], [ 50.206843, 26.288325 ], [ 50.206971, 26.288938 ], [ 50.207257, 26.290236 ], [ 50.207407, 26.290975 ], [ 50.20753, 26.291552 ], [ 50.207681, 26.292218 ], [ 50.207835, 26.29298 ], [ 50.208073, 26.294233 ], [ 50.208098, 26.294369 ], [ 50.208278, 26.295316 ], [ 50.208343, 26.295639 ], [ 50.208469, 26.296271 ], [ 50.208604, 26.296933 ], [ 50.208652, 26.297179 ], [ 50.208678, 26.297307 ], [ 50.208727, 26.297563 ], [ 50.208889, 26.298323 ], [ 50.209019, 26.298962 ], [ 50.209092, 26.29932 ], [ 50.209143, 26.299573 ], [ 50.209283, 26.300261 ], [ 50.209431, 26.300984 ], [ 50.209501, 26.301323 ], [ 50.209554, 26.301585 ], [ 50.209622, 26.301918 ], [ 50.209757, 26.302655 ], [ 50.208939, 26.302788 ], [ 50.208797, 26.302807 ], [ 50.208208, 26.302901 ], [ 50.208001, 26.302934 ], [ 50.207664, 26.302988 ], [ 50.207087, 26.30308 ], [ 50.206517, 26.303171 ], [ 50.206444, 26.303183 ], [ 50.205868, 26.303275 ], [ 50.205462, 26.30334 ], [ 50.20453, 26.303488 ], [ 50.204012, 26.303571 ], [ 50.203436, 26.303663 ], [ 50.201713, 26.303938 ], [ 50.201533, 26.303068 ], [ 50.20128, 26.301753 ], [ 50.200533, 26.298232 ], [ 50.200014, 26.29563 ], [ 50.199994, 26.29553 ], [ 50.199555, 26.293391 ], [ 50.19917, 26.291577 ], [ 50.198576, 26.288781 ], [ 50.198358, 26.287703 ], [ 50.198081, 26.286333 ], [ 50.197596, 26.283939 ], [ 50.197597, 26.283939 ], [ 50.197598, 26.283939 ], [ 50.19758, 26.283848 ], [ 50.200428, 26.28301 ], [ 50.204836, 26.28169 ], [ 50.204879, 26.281815 ] ] ] } },
{ "type": "Feature", "properties": { "district_id": 10500031009, "city_id": 31, "region_id": 5, "name_ar": "حي العقربية", "name_en": "Al Aqrabiyah Dist." }, "geometry": { "type": "Polygon", "coordinates": [ [ [ 50.197598, 26.283939 ], [ 50.197597, 26.283939 ], [ 50.197596, 26.283939 ], [ 50.198081, 26.286333 ], [ 50.198358, 26.287703 ], [ 50.198576, 26.288781 ], [ 50.19917, 26.291577 ], [ 50.199555, 26.293391 ], [ 50.199994, 26.29553 ], [ 50.200014, 26.29563 ], [ 50.200533, 26.298232 ], [ 50.20128, 26.301753 ], [ 50.201533, 26.303068 ], [ 50.201713, 26.303938 ], [ 50.199954, 26.304233 ], [ 50.198273, 26.304513 ], [ 50.19764, 26.304619 ], [ 50.196229, 26.304849 ], [ 50.195944, 26.304896 ], [ 50.193107, 26.305367 ], [ 50.192861, 26.305408 ], [ 50.19063, 26.305779 ], [ 50.19026, 26.30584 ], [ 50.190039, 26.305877 ], [ 50.189545, 26.305959 ], [ 50.187545, 26.306291 ], [ 50.185807, 26.306507 ], [ 50.185419, 26.306555 ], [ 50.18501, 26.306626 ], [ 50.184818, 26.30666 ], [ 50.184681, 26.306074 ], [ 50.18446, 26.304972 ], [ 50.184218, 26.303761 ], [ 50.184115, 26.303247 ], [ 50.183852, 26.301932 ], [ 50.183551, 26.300409 ], [ 50.183532, 26.300282 ], [ 50.183519, 26.300119 ], [ 50.183533, 26.299952 ], [ 50.183592, 26.299751 ], [ 50.183667, 26.299582 ], [ 50.183759, 26.299374 ], [ 50.183832, 26.299201 ], [ 50.183982, 26.29885 ], [ 50.18405, 26.298689 ], [ 50.184421, 26.297816 ], [ 50.184458, 26.297731 ], [ 50.184567, 26.297473 ], [ 50.18474, 26.297066 ], [ 50.184822, 26.296875 ], [ 50.184869, 26.296764 ], [ 50.184961, 26.296552 ], [ 50.185073, 26.296294 ], [ 50.185133, 26.296156 ], [ 50.185164, 26.296085 ], [ 50.185242, 26.295905 ], [ 50.18527, 26.295841 ], [ 50.185685, 26.294885 ], [ 50.185779, 26.294669 ], [ 50.185926, 26.294336 ], [ 50.185941, 26.294296 ], [ 50.186, 26.294164 ], [ 50.186281, 26.293529 ], [ 50.187055, 26.291783 ], [ 50.187157, 26.291545 ], [ 50.189343, 26.286358 ], [ 50.189383, 26.286262 ], [ 50.19758, 26.283848 ], [ 50.197598, 26.283939 ] ] ] } },
{ "type": "Feature", "properties": { "district_id": 10500031010, "city_id": 31, "region_id": 5, "name_ar": "حي الخبر الجنوبية", "name_en": "Al Khubar Al Janubiyah Dist." }, "geometry": { "type": "Polygon", "coordinates": [ [ [ 50.215981, 26.269977 ], [ 50.216001, 26.27008 ], [ 50.216066, 26.270418 ], [ 50.216075, 26.270466 ], [ 50.216241, 26.27133 ], [ 50.216444, 26.272369 ], [ 50.216531, 26.272813 ], [ 50.216775, 26.274014 ], [ 50.216923, 26.274756 ], [ 50.217049, 26.275363 ], [ 50.217277, 26.276462 ], [ 50.217382, 26.276964 ], [ 50.217516, 26.277603 ], [ 50.217668, 26.278299 ], [ 50.217802, 26.278961 ], [ 50.217808, 26.278993 ], [ 50.217836, 26.279133 ], [ 50.215978, 26.27945 ], [ 50.207819, 26.280798 ], [ 50.204836, 26.28169 ], [ 50.200428, 26.28301 ], [ 50.19758, 26.283848 ], [ 50.19716, 26.281762 ], [ 50.197094, 26.28147 ], [ 50.197079, 26.281373 ], [ 50.197077, 26.28135 ], [ 50.197078, 26.281313 ], [ 50.197103, 26.281236 ], [ 50.197137, 26.281158 ], [ 50.197357, 26.280769 ], [ 50.197437, 26.280587 ], [ 50.197767, 26.279842 ], [ 50.198082, 26.279137 ], [ 50.198211, 26.278836 ], [ 50.198325, 26.27857 ], [ 50.198587, 26.277958 ], [ 50.199018, 26.276949 ], [ 50.199196, 26.276532 ], [ 50.199805, 26.275073 ], [ 50.200062, 26.274456 ], [ 50.200229, 26.274081 ], [ 50.200355, 26.273795 ], [ 50.200668, 26.273106 ], [ 50.200992, 26.272391 ], [ 50.20109, 26.272162 ], [ 50.201933, 26.270191 ], [ 50.202298, 26.269296 ], [ 50.202638, 26.268458 ], [ 50.202706, 26.268303 ], [ 50.20327, 26.267005 ], [ 50.20354, 26.266382 ], [ 50.203569, 26.266316 ], [ 50.203662, 26.266095 ], [ 50.203934, 26.265456 ], [ 50.203959, 26.265396 ], [ 50.204053, 26.265174 ], [ 50.204055, 26.26517 ], [ 50.204353, 26.264461 ], [ 50.204457, 26.264222 ], [ 50.20451, 26.264098 ], [ 50.204531, 26.264052 ], [ 50.204753, 26.263562 ], [ 50.204772, 26.263519 ], [ 50.204835, 26.263379 ], [ 50.213314, 26.266336 ], [ 50.213314, 26.266337 ], [ 50.213779, 26.266424 ], [ 50.215219, 26.266207 ], [ 50.215981, 26.269977 ] ] ] } },
{ "type": "Feature", "properties": { "district_id": 10500031011, "city_id": 31, "region_id": 5, "name_ar": "حي الروابي", "name_en": "Ar Rawabi Dist." }, "geometry": { "type": "Polygon", "coordinates": [ [ [ 50.206001, 26.325118 ], [ 50.208457, 26.325594 ], [ 50.210531, 26.325939 ], [ 50.211327, 26.326115 ], [ 50.214749, 26.326836 ], [ 50.214038, 26.329243 ], [ 50.213616, 26.330753 ], [ 50.213256, 26.331985 ], [ 50.212824, 26.333621 ], [ 50.211651, 26.33892 ], [ 50.210941, 26.338758 ], [ 50.210811, 26.338738 ], [ 50.210449, 26.338668 ], [ 50.210404, 26.33866 ], [ 50.210173, 26.338615 ], [ 50.210027, 26.338588 ], [ 50.21, 26.338582 ], [ 50.209651, 26.338515 ], [ 50.209329, 26.338454 ], [ 50.209022, 26.338395 ], [ 50.208856, 26.338363 ], [ 50.208617, 26.338317 ], [ 50.208371, 26.33827 ], [ 50.204816, 26.337587 ], [ 50.204354, 26.337499 ], [ 50.201412, 26.336934 ], [ 50.200357, 26.336747 ], [ 50.199865, 26.33666 ], [ 50.200079, 26.336256 ], [ 50.201602, 26.333378 ], [ 50.201623, 26.333337 ], [ 50.201781, 26.333039 ], [ 50.202045, 26.332553 ], [ 50.202381, 26.331935 ], [ 50.202618, 26.331499 ], [ 50.202812, 26.331141 ], [ 50.202925, 26.330933 ], [ 50.202966, 26.330858 ], [ 50.203736, 26.329441 ], [ 50.204402, 26.328215 ], [ 50.204446, 26.328135 ], [ 50.204839, 26.327412 ], [ 50.205966, 26.325169 ], [ 50.205993, 26.325116 ], [ 50.206001, 26.325118 ] ] ] } },
{ "type": "Feature", "properties": { "district_id": 10500031012, "city_id": 31, "region_id": 5, "name_ar": "حي اليرموك", "name_en": "Al Yarmok Dist." }, "geometry": { "type": "Polygon", "coordinates": [ [ [ 50.223231, 26.314177 ], [ 50.22242, 26.319107 ], [ 50.222395, 26.319248 ], [ 50.222363, 26.319388 ], [ 50.222325, 26.319526 ], [ 50.222281, 26.319662 ], [ 50.222231, 26.319796 ], [ 50.222175, 26.319927 ], [ 50.222113, 26.320056 ], [ 50.222045, 26.320183 ], [ 50.221972, 26.320305 ], [ 50.221893, 26.320425 ], [ 50.221809, 26.320541 ], [ 50.22172, 26.320653 ], [ 50.221625, 26.32076 ], [ 50.221527, 26.320864 ], [ 50.221423, 26.320963 ], [ 50.221315, 26.321057 ], [ 50.221203, 26.321146 ], [ 50.221087, 26.32123 ], [ 50.22093, 26.321323 ], [ 50.220769, 26.32141 ], [ 50.220605, 26.321492 ], [ 50.220439, 26.321567 ], [ 50.22027, 26.321637 ], [ 50.216661, 26.322939 ], [ 50.215886, 26.323031 ], [ 50.215679, 26.322397 ], [ 50.215692, 26.322156 ], [ 50.215718, 26.321967 ], [ 50.215751, 26.32178 ], [ 50.215789, 26.321594 ], [ 50.215834, 26.321409 ], [ 50.215885, 26.321226 ], [ 50.215941, 26.321045 ], [ 50.216004, 26.320865 ], [ 50.216287, 26.319509 ], [ 50.216434, 26.318781 ], [ 50.216619, 26.317977 ], [ 50.216654, 26.317819 ], [ 50.2167, 26.317612 ], [ 50.216755, 26.317213 ], [ 50.216821, 26.316734 ], [ 50.216851, 26.316311 ], [ 50.216888, 26.315899 ], [ 50.216889, 26.315897 ], [ 50.216901, 26.315466 ], [ 50.216943, 26.314604 ], [ 50.216972, 26.31401 ], [ 50.217214, 26.310136 ], [ 50.217255, 26.309499 ], [ 50.2173, 26.308797 ], [ 50.217411, 26.307064 ], [ 50.217421, 26.306888 ], [ 50.217532, 26.30487 ], [ 50.217619, 26.303737 ], [ 50.217639, 26.303283 ], [ 50.217639, 26.302879 ], [ 50.217639, 26.302417 ], [ 50.217539, 26.301412 ], [ 50.21773, 26.301381 ], [ 50.217765, 26.301375 ], [ 50.217829, 26.301365 ], [ 50.218041, 26.30133 ], [ 50.21814, 26.301314 ], [ 50.218286, 26.30129 ], [ 50.21834, 26.301282 ], [ 50.218771, 26.301211 ], [ 50.218835, 26.3012 ], [ 50.219587, 26.301064 ], [ 50.219994, 26.300991 ], [ 50.22005, 26.300981 ], [ 50.220558, 26.300893 ], [ 50.22218, 26.300581 ], [ 50.222183, 26.300596 ], [ 50.222197, 26.300652 ], [ 50.222716, 26.303234 ], [ 50.22285, 26.303898 ], [ 50.222995, 26.304619 ], [ 50.223072, 26.305002 ], [ 50.223151, 26.305403 ], [ 50.223561, 26.307481 ], [ 50.223694, 26.308163 ], [ 50.22382, 26.308644 ], [ 50.223904, 26.309246 ], [ 50.223905, 26.30933 ], [ 50.223918, 26.309918 ], [ 50.223834, 26.310761 ], [ 50.223679, 26.311894 ], [ 50.223231, 26.314177 ] ] ] } },
{ "type": "Feature", "properties": { "district_id": 10500031013, "city_id": 31, "region_id": 5, "name_ar": "حي قرطبة", "name_en": "Qurtubah Dist." }, "geometry": { "type": "Polygon", "coordinates": [ [ [ 50.179814, 26.332769 ], [ 50.180347, 26.332866 ], [ 50.180366, 26.33287 ], [ 50.180385, 26.332873 ], [ 50.180873, 26.332955 ], [ 50.181992, 26.333143 ], [ 50.183299, 26.333363 ], [ 50.183464, 26.333395 ], [ 50.188156, 26.334296 ], [ 50.188186, 26.334302 ], [ 50.188708, 26.334409 ], [ 50.18879, 26.334422 ], [ 50.189098, 26.334486 ], [ 50.189136, 26.334494 ], [ 50.189964, 26.334664 ], [ 50.190224, 26.334718 ], [ 50.190256, 26.334725 ], [ 50.190916, 26.334861 ], [ 50.19096, 26.33487 ], [ 50.190967, 26.334871 ], [ 50.191211, 26.334922 ], [ 50.191245, 26.334929 ], [ 50.193361, 26.335365 ], [ 50.194323, 26.335557 ], [ 50.195005, 26.335694 ], [ 50.195052, 26.335704 ], [ 50.19733, 26.33617 ], [ 50.197367, 26.336178 ], [ 50.198364, 26.336395 ], [ 50.198411, 26.336403 ], [ 50.199865, 26.33666 ], [ 50.199009, 26.33828 ], [ 50.197629, 26.341028 ], [ 50.196479, 26.343318 ], [ 50.195824, 26.344529 ], [ 50.195177, 26.345725 ], [ 50.194626, 26.346744 ], [ 50.194492, 26.34699 ], [ 50.194095, 26.347724 ], [ 50.19409, 26.347733 ], [ 50.19401, 26.347882 ], [ 50.193757, 26.348349 ], [ 50.193402, 26.349005 ], [ 50.193355, 26.34909 ], [ 50.193282, 26.349222 ], [ 50.190507, 26.354206 ], [ 50.190482, 26.354261 ], [ 50.190106, 26.353917 ], [ 50.189709, 26.353616 ], [ 50.189365, 26.35338 ], [ 50.189268, 26.353315 ], [ 50.188462, 26.352853 ], [ 50.188172, 26.352713 ], [ 50.187118, 26.352197 ], [ 50.18624, 26.351767 ], [ 50.185133, 26.351364 ], [ 50.184868, 26.351251 ], [ 50.18213, 26.350052 ], [ 50.180796, 26.349442 ], [ 50.178788, 26.348646 ], [ 50.178884, 26.343958 ], [ 50.178973, 26.341871 ], [ 50.178974, 26.341838 ], [ 50.178991, 26.341193 ], [ 50.179028, 26.339809 ], [ 50.179039, 26.339407 ], [ 50.179056, 26.338242 ], [ 50.179057, 26.338219 ], [ 50.179074, 26.336996 ], [ 50.179082, 26.336267 ], [ 50.179084, 26.336144 ], [ 50.179086, 26.334451 ], [ 50.17912, 26.333197 ], [ 50.179146, 26.332646 ], [ 50.179814, 26.332769 ] ] ] } },
{ "type": "Feature", "properties": { "district_id": 10500031014, "city_id": 31, "region_id": 5, "name_ar": "حي الجوهرة", "name_en": "Al Jawharah Dist." }, "geometry": { "type": "Polygon", "coordinates": [ [ [ 50.189833, 26.321833 ], [ 50.190501, 26.321953 ], [ 50.191806, 26.322175 ], [ 50.192715, 26.322364 ], [ 50.193659, 26.322568 ], [ 50.194751, 26.322787 ], [ 50.195465, 26.322938 ], [ 50.197279, 26.323321 ], [ 50.198629, 26.32361 ], [ 50.199568, 26.323804 ], [ 50.199821, 26.323858 ], [ 50.203359, 26.324584 ], [ 50.204025, 26.324721 ], [ 50.204194, 26.32476 ], [ 50.204288, 26.32477 ], [ 50.205993, 26.325116 ], [ 50.205966, 26.325169 ], [ 50.204839, 26.327412 ], [ 50.204446, 26.328135 ], [ 50.204402, 26.328215 ], [ 50.203736, 26.329441 ], [ 50.202966, 26.330858 ], [ 50.202925, 26.330933 ], [ 50.202812, 26.331141 ], [ 50.202618, 26.331499 ], [ 50.202381, 26.331935 ], [ 50.202045, 26.332553 ], [ 50.201781, 26.333039 ], [ 50.201623, 26.333337 ], [ 50.201602, 26.333378 ], [ 50.200079, 26.336256 ], [ 50.199865, 26.33666 ], [ 50.198411, 26.336403 ], [ 50.198364, 26.336395 ], [ 50.197367, 26.336178 ], [ 50.19733, 26.33617 ], [ 50.195052, 26.335704 ], [ 50.195005, 26.335694 ], [ 50.194323, 26.335557 ], [ 50.193361, 26.335365 ], [ 50.191245, 26.334929 ], [ 50.191211, 26.334922 ], [ 50.190967, 26.334871 ], [ 50.19096, 26.33487 ], [ 50.190916, 26.334861 ], [ 50.190256, 26.334725 ], [ 50.190224, 26.334718 ], [ 50.189964, 26.334664 ], [ 50.189136, 26.334494 ], [ 50.189098, 26.334486 ], [ 50.18879, 26.334422 ], [ 50.188708, 26.334409 ], [ 50.188186, 26.334302 ], [ 50.188213, 26.334059 ], [ 50.188341, 26.332789 ], [ 50.188476, 26.33146 ], [ 50.188557, 26.330658 ], [ 50.18861, 26.330137 ], [ 50.188713, 26.329088 ], [ 50.188922, 26.326924 ], [ 50.188949, 26.326727 ], [ 50.189445, 26.322304 ], [ 50.189517, 26.321777 ], [ 50.189833, 26.321833 ] ] ] } },
{ "type": "Feature", "properties": { "district_id": 10500031015, "city_id": 31, "region_id": 5, "name_ar": "حي الحزام الذهبي", "name_en": "Al Hizam Adh Dhahabi Dist." }, "geometry": { "type": "Polygon", "coordinates": [ [ [ 50.191455, 26.313142 ], [ 50.20322, 26.311177 ], [ 50.211122, 26.309891 ], [ 50.211128, 26.30992 ], [ 50.211369, 26.311181 ], [ 50.211451, 26.311791 ], [ 50.211532, 26.312563 ], [ 50.211577, 26.313008 ], [ 50.211596, 26.313416 ], [ 50.211559, 26.313954 ], [ 50.211523, 26.314167 ], [ 50.211484, 26.314343 ], [ 50.211312, 26.314811 ], [ 50.211166, 26.315183 ], [ 50.211109, 26.315312 ], [ 50.211108, 26.315313 ], [ 50.211004, 26.315549 ], [ 50.21095, 26.315644 ], [ 50.210729, 26.316036 ], [ 50.210092, 26.31723 ], [ 50.209691, 26.317981 ], [ 50.20842, 26.320361 ], [ 50.208396, 26.320405 ], [ 50.207854, 26.321419 ], [ 50.207713, 26.321684 ], [ 50.20725, 26.32261 ], [ 50.206738, 26.323634 ], [ 50.205993, 26.325116 ], [ 50.204288, 26.32477 ], [ 50.204194, 26.32476 ], [ 50.204025, 26.324721 ], [ 50.203359, 26.324584 ], [ 50.199821, 26.323858 ], [ 50.199568, 26.323804 ], [ 50.198629, 26.32361 ], [ 50.197279, 26.323321 ], [ 50.195465, 26.322938 ], [ 50.194751, 26.322787 ], [ 50.193659, 26.322568 ], [ 50.192715, 26.322364 ], [ 50.191806, 26.322175 ], [ 50.190501, 26.321953 ], [ 50.189833, 26.321833 ], [ 50.189517, 26.321777 ], [ 50.190225, 26.320008 ], [ 50.191433, 26.3138 ], [ 50.191511, 26.313411 ], [ 50.191455, 26.313142 ] ] ] } },
{ "type": "Feature", "properties": { "district_id": 10500031016, "city_id": 31, "region_id": 5, "name_ar": "حي الاندلس", "name_en": "Al Andalus Dist." }, "geometry": { "type": "Polygon", "coordinates": [ [ [ 50.191511, 26.313411 ], [ 50.191433, 26.3138 ], [ 50.190225, 26.320008 ], [ 50.189517, 26.321777 ], [ 50.189445, 26.322304 ], [ 50.188949, 26.326727 ], [ 50.188922, 26.326924 ], [ 50.188713, 26.329088 ], [ 50.18861, 26.330137 ], [ 50.188557, 26.330658 ], [ 50.188476, 26.33146 ], [ 50.188341, 26.332789 ], [ 50.188213, 26.334059 ], [ 50.188186, 26.334302 ], [ 50.188156, 26.334296 ], [ 50.183464, 26.333395 ], [ 50.183299, 26.333363 ], [ 50.181992, 26.333143 ], [ 50.180873, 26.332955 ], [ 50.180385, 26.332873 ], [ 50.180366, 26.33287 ], [ 50.180347, 26.332866 ], [ 50.179814, 26.332769 ], [ 50.179146, 26.332646 ], [ 50.179261, 26.330195 ], [ 50.179261, 26.328792 ], [ 50.179261, 26.328422 ], [ 50.179261, 26.328285 ], [ 50.17928, 26.327704 ], [ 50.179319, 26.326462 ], [ 50.17935, 26.32546 ], [ 50.179375, 26.324679 ], [ 50.179379, 26.32457 ], [ 50.179394, 26.324068 ], [ 50.179447, 26.321465 ], [ 50.179464, 26.320589 ], [ 50.179482, 26.319742 ], [ 50.179483, 26.319697 ], [ 50.179485, 26.319559 ], [ 50.17952, 26.317911 ], [ 50.179543, 26.316658 ], [ 50.17955, 26.316298 ], [ 50.179505, 26.315343 ], [ 50.179473, 26.315037 ], [ 50.191455, 26.313142 ], [ 50.191511, 26.313411 ] ] ] } },
{ "type": "Feature", "properties": { "district_id": 10500031017, "city_id": 31, "region_id": 5, "name_ar": "حي الهدا", "name_en": "Al Hada Dist." }, "geometry": { "type": "Polygon", "coordinates": [ [ [ 50.190279, 26.307198 ], [ 50.1906, 26.30891 ], [ 50.191455, 26.313142 ], [ 50.179473, 26.315037 ], [ 50.179464, 26.314951 ], [ 50.179417, 26.3145 ], [ 50.179369, 26.314204 ], [ 50.179316, 26.313939 ], [ 50.179255, 26.313707 ], [ 50.179198, 26.313548 ], [ 50.179106, 26.313323 ], [ 50.178728, 26.312702 ], [ 50.177552, 26.310837 ], [ 50.175823, 26.308227 ], [ 50.175858, 26.308221 ], [ 50.177777, 26.307884 ], [ 50.178663, 26.307729 ], [ 50.180059, 26.307487 ], [ 50.180116, 26.307477 ], [ 50.180188, 26.307464 ], [ 50.182395, 26.307081 ], [ 50.183306, 26.306922 ], [ 50.184818, 26.30666 ], [ 50.18501, 26.306626 ], [ 50.185419, 26.306555 ], [ 50.185807, 26.306507 ], [ 50.187545, 26.306291 ], [ 50.189545, 26.305959 ], [ 50.190039, 26.305877 ], [ 50.190279, 26.307198 ] ] ] } },
{ "type": "Feature", "properties": { "district_id": 10500031018, "city_id": 31, "region_id": 5, "name_ar": "حي البندرية", "name_en": "Al Bandariyah Dist." }, "geometry": { "type": "Polygon", "coordinates": [ [ [ 50.217639, 26.302417 ], [ 50.217639, 26.302879 ], [ 50.217639, 26.303283 ], [ 50.217619, 26.303737 ], [ 50.217532, 26.30487 ], [ 50.217421, 26.306888 ], [ 50.217411, 26.307064 ], [ 50.2173, 26.308797 ], [ 50.217255, 26.309499 ], [ 50.217214, 26.310136 ], [ 50.216972, 26.31401 ], [ 50.216943, 26.314604 ], [ 50.216901, 26.315466 ], [ 50.216889, 26.315897 ], [ 50.216888, 26.315899 ], [ 50.216851, 26.316311 ], [ 50.216821, 26.316734 ], [ 50.216755, 26.317213 ], [ 50.2167, 26.317612 ], [ 50.216678, 26.317709 ], [ 50.210158, 26.317106 ], [ 50.210729, 26.316036 ], [ 50.21095, 26.315644 ], [ 50.211004, 26.315549 ], [ 50.211108, 26.315313 ], [ 50.211109, 26.315312 ], [ 50.211166, 26.315183 ], [ 50.211312, 26.314811 ], [ 50.211484, 26.314343 ], [ 50.211523, 26.314167 ], [ 50.211559, 26.313954 ], [ 50.211596, 26.313416 ], [ 50.211577, 26.313008 ], [ 50.211532, 26.312563 ], [ 50.211451, 26.311791 ], [ 50.211369, 26.311181 ], [ 50.211128, 26.30992 ], [ 50.210641, 26.30738 ], [ 50.210545, 26.306916 ], [ 50.210486, 26.306611 ], [ 50.210451, 26.30639 ], [ 50.210341, 26.305822 ], [ 50.210236, 26.305255 ], [ 50.210137, 26.304714 ], [ 50.210048, 26.304233 ], [ 50.20996, 26.303755 ], [ 50.209795, 26.302857 ], [ 50.209757, 26.302655 ], [ 50.210515, 26.302533 ], [ 50.210579, 26.302523 ], [ 50.210985, 26.302458 ], [ 50.211549, 26.302368 ], [ 50.212063, 26.302286 ], [ 50.212619, 26.302197 ], [ 50.213107, 26.302119 ], [ 50.213598, 26.302041 ], [ 50.213649, 26.302033 ], [ 50.214215, 26.301942 ], [ 50.21462, 26.301878 ], [ 50.214701, 26.301865 ], [ 50.215172, 26.30179 ], [ 50.215257, 26.301776 ], [ 50.215258, 26.301776 ], [ 50.215817, 26.301686 ], [ 50.216327, 26.301605 ], [ 50.216813, 26.301528 ], [ 50.217354, 26.301441 ], [ 50.217371, 26.301438 ], [ 50.217539, 26.301412 ], [ 50.217639, 26.302417 ] ] ] } },
{ "type": "Feature", "properties": { "district_id": 10500031019, "city_id": 31, "region_id": 5, "name_ar": "حي البستان", "name_en": "Al Bustan Dist." }, "geometry": { "type": "Polygon", "coordinates": [ [ [ 50.216678, 26.317709 ], [ 50.216654, 26.317819 ], [ 50.216619, 26.317977 ], [ 50.216434, 26.318781 ], [ 50.216287, 26.319509 ], [ 50.216004, 26.320865 ], [ 50.215941, 26.321045 ], [ 50.215885, 26.321226 ], [ 50.215834, 26.321409 ], [ 50.215789, 26.321594 ], [ 50.215751, 26.32178 ], [ 50.215718, 26.321967 ], [ 50.215692, 26.322156 ], [ 50.215679, 26.322397 ], [ 50.215886, 26.323031 ], [ 50.215504, 26.323622 ], [ 50.215402, 26.323803 ], [ 50.215378, 26.323864 ], [ 50.215358, 26.323927 ], [ 50.215344, 26.323992 ], [ 50.215335, 26.324057 ], [ 50.21533, 26.324123 ], [ 50.215262, 26.32483 ], [ 50.214875, 26.326409 ], [ 50.214749, 26.326836 ], [ 50.211327, 26.326115 ], [ 50.210531, 26.325939 ], [ 50.208457, 26.325594 ], [ 50.206001, 26.325118 ], [ 50.205993, 26.325116 ], [ 50.206738, 26.323634 ], [ 50.20725, 26.32261 ], [ 50.207713, 26.321684 ], [ 50.207854, 26.321419 ], [ 50.208396, 26.320405 ], [ 50.20842, 26.320361 ], [ 50.209691, 26.317981 ], [ 50.210092, 26.31723 ], [ 50.210158, 26.317106 ], [ 50.216678, 26.317709 ] ] ] } },
{ "type": "Feature", "properties": { "district_id": 10500031020, "city_id": 31, "region_id": 5, "name_ar": "حي الثقبة", "name_en": "Ath Thuqbah Dist." }, "geometry": { "type": "Polygon", "coordinates": [ [ [ 50.199948, 26.261674 ], [ 50.204835, 26.263379 ], [ 50.204772, 26.263519 ], [ 50.204753, 26.263562 ], [ 50.204531, 26.264052 ], [ 50.20451, 26.264098 ], [ 50.204457, 26.264222 ], [ 50.204353, 26.264461 ], [ 50.204055, 26.26517 ], [ 50.204053, 26.265174 ], [ 50.203959, 26.265396 ], [ 50.203934, 26.265456 ], [ 50.203662, 26.266095 ], [ 50.203569, 26.266316 ], [ 50.20354, 26.266382 ], [ 50.20327, 26.267005 ], [ 50.202706, 26.268303 ], [ 50.202638, 26.268458 ], [ 50.202298, 26.269296 ], [ 50.201933, 26.270191 ], [ 50.20109, 26.272162 ], [ 50.200992, 26.272391 ], [ 50.200668, 26.273106 ], [ 50.200355, 26.273795 ], [ 50.200229, 26.274081 ], [ 50.200062, 26.274456 ], [ 50.199805, 26.275073 ], [ 50.199196, 26.276532 ], [ 50.199018, 26.276949 ], [ 50.198587, 26.277958 ], [ 50.198325, 26.27857 ], [ 50.198211, 26.278836 ], [ 50.198082, 26.279137 ], [ 50.197767, 26.279842 ], [ 50.197437, 26.280587 ], [ 50.197357, 26.280769 ], [ 50.197137, 26.281158 ], [ 50.197103, 26.281236 ], [ 50.197078, 26.281313 ], [ 50.197077, 26.28135 ], [ 50.197079, 26.281373 ], [ 50.197094, 26.28147 ], [ 50.19716, 26.281762 ], [ 50.19758, 26.283848 ], [ 50.189383, 26.286262 ], [ 50.183658, 26.287947 ], [ 50.18152, 26.288552 ], [ 50.178982, 26.289322 ], [ 50.177682, 26.289766 ], [ 50.176334, 26.290256 ], [ 50.178117, 26.28823 ], [ 50.179583, 26.28582 ], [ 50.179923, 26.285059 ], [ 50.180232, 26.284344 ], [ 50.180496, 26.283767 ], [ 50.180629, 26.283484 ], [ 50.180945, 26.282792 ], [ 50.181078, 26.282509 ], [ 50.181371, 26.281871 ], [ 50.181503, 26.281588 ], [ 50.18164, 26.281292 ], [ 50.181814, 26.280882 ], [ 50.181948, 26.280554 ], [ 50.182207, 26.279933 ], [ 50.182326, 26.279646 ], [ 50.183008, 26.278012 ], [ 50.183129, 26.277721 ], [ 50.183425, 26.277012 ], [ 50.183544, 26.276725 ], [ 50.183822, 26.276056 ], [ 50.183979, 26.275681 ], [ 50.184207, 26.275135 ], [ 50.184366, 26.274754 ], [ 50.184633, 26.274114 ], [ 50.184751, 26.273831 ], [ 50.185045, 26.273125 ], [ 50.185166, 26.272834 ], [ 50.185184, 26.272793 ], [ 50.185448, 26.272156 ], [ 50.185495, 26.272045 ], [ 50.185612, 26.271762 ], [ 50.186227, 26.270279 ], [ 50.18637, 26.269941 ], [ 50.186651, 26.269308 ], [ 50.186675, 26.269255 ], [ 50.186801, 26.268972 ], [ 50.187073, 26.268361 ], [ 50.187236, 26.267995 ], [ 50.187528, 26.267341 ], [ 50.18768, 26.266997 ], [ 50.187938, 26.2664 ], [ 50.188103, 26.266047 ], [ 50.188373, 26.265442 ], [ 50.18838, 26.265425 ], [ 50.188502, 26.265135 ], [ 50.188755, 26.26453 ], [ 50.188779, 26.264473 ], [ 50.188897, 26.264191 ], [ 50.189162, 26.263559 ], [ 50.189329, 26.263158 ], [ 50.189597, 26.262519 ], [ 50.189738, 26.262182 ], [ 50.189912, 26.261766 ], [ 50.19, 26.261557 ], [ 50.190375, 26.260655 ], [ 50.190788, 26.259664 ], [ 50.190937, 26.259305 ], [ 50.190951, 26.259272 ], [ 50.191119, 26.258961 ], [ 50.191305, 26.258659 ], [ 50.199948, 26.261674 ] ] ] } },
{ "type": "Feature", "properties": { "district_id": 10500031021, "city_id": 31, "region_id": 5, "name_ar": "حي العليا", "name_en": "Al Olaya Dist." }, "geometry": { "type": "Polygon", "coordinates": [ [ [ 50.177682, 26.289766 ], [ 50.178982, 26.289322 ], [ 50.18152, 26.288552 ], [ 50.183658, 26.287947 ], [ 50.189383, 26.286262 ], [ 50.189343, 26.286358 ], [ 50.187157, 26.291545 ], [ 50.187055, 26.291783 ], [ 50.186281, 26.293529 ], [ 50.186, 26.294164 ], [ 50.185941, 26.294296 ], [ 50.185926, 26.294336 ], [ 50.185779, 26.294669 ], [ 50.185685, 26.294885 ], [ 50.18527, 26.295841 ], [ 50.185242, 26.295905 ], [ 50.185164, 26.296085 ], [ 50.185133, 26.296156 ], [ 50.185073, 26.296294 ], [ 50.184961, 26.296552 ], [ 50.184869, 26.296764 ], [ 50.184822, 26.296875 ], [ 50.18474, 26.297066 ], [ 50.184567, 26.297473 ], [ 50.184458, 26.297731 ], [ 50.184421, 26.297816 ], [ 50.18405, 26.298689 ], [ 50.183982, 26.29885 ], [ 50.183832, 26.299201 ], [ 50.183759, 26.299374 ], [ 50.183667, 26.299582 ], [ 50.183592, 26.299751 ], [ 50.183533, 26.299952 ], [ 50.183519, 26.300119 ], [ 50.183532, 26.300282 ], [ 50.183551, 26.300409 ], [ 50.183852, 26.301932 ], [ 50.184115, 26.303247 ], [ 50.184218, 26.303761 ], [ 50.18446, 26.304972 ], [ 50.184681, 26.306074 ], [ 50.184818, 26.30666 ], [ 50.183306, 26.306922 ], [ 50.182395, 26.307081 ], [ 50.180188, 26.307464 ], [ 50.180116, 26.307477 ], [ 50.180059, 26.307487 ], [ 50.178663, 26.307729 ], [ 50.177777, 26.307884 ], [ 50.175858, 26.308221 ], [ 50.175823, 26.308227 ], [ 50.175319, 26.307467 ], [ 50.175243, 26.307352 ], [ 50.173099, 26.304124 ], [ 50.172389, 26.303306 ], [ 50.171529, 26.302403 ], [ 50.170926, 26.301865 ], [ 50.170087, 26.301263 ], [ 50.168926, 26.300467 ], [ 50.168609, 26.300253 ], [ 50.168195, 26.299972 ], [ 50.165698, 26.298432 ], [ 50.165175, 26.298106 ], [ 50.165192, 26.298089 ], [ 50.165695, 26.297639 ], [ 50.165758, 26.29758 ], [ 50.166144, 26.297168 ], [ 50.166851, 26.29659 ], [ 50.167536, 26.296034 ], [ 50.168072, 26.295663 ], [ 50.168243, 26.295536 ], [ 50.168264, 26.29552 ], [ 50.169141, 26.294899 ], [ 50.169465, 26.29469 ], [ 50.176334, 26.290256 ], [ 50.177682, 26.289766 ] ] ] } },
{ "type": "Feature", "properties": { "district_id": 10500031022, "city_id": 31, "region_id": 5, "name_ar": "حي الاسكان", "name_en": "Al Iskan Dist." }, "geometry": { "type": "Polygon", "coordinates": [ [ [ 50.2154, 26.251158 ], [ 50.215397, 26.251181 ], [ 50.215363, 26.251425 ], [ 50.213314, 26.266336 ], [ 50.204835, 26.263379 ], [ 50.204795, 26.263365 ], [ 50.204838, 26.263265 ], [ 50.203471, 26.253949 ], [ 50.202887, 26.24997 ], [ 50.2154, 26.251158 ] ] ] } },
{ "type": "Feature", "properties": { "district_id": 10500031023, "city_id": 31, "region_id": 5, "name_ar": "حي الحمراء", "name_en": "Al Hamra Dist." }, "geometry": { "type": "Polygon", "coordinates": [ [ [ 50.21332, 26.219351 ], [ 50.213423, 26.221524 ], [ 50.213452, 26.222575 ], [ 50.213524, 26.224668 ], [ 50.213613, 26.227494 ], [ 50.213685, 26.22957 ], [ 50.213773, 26.232548 ], [ 50.213791, 26.233008 ], [ 50.213848, 26.234785 ], [ 50.213878, 26.235523 ], [ 50.213885, 26.235607 ], [ 50.194551, 26.233903 ], [ 50.194566, 26.233723 ], [ 50.194583, 26.233543 ], [ 50.196349, 26.217992 ], [ 50.196351, 26.217992 ], [ 50.196367, 26.217862 ], [ 50.207038, 26.218799 ], [ 50.21332, 26.219351 ] ] ] } },
{ "type": "Feature", "properties": { "district_id": 10500031024, "city_id": 31, "region_id": 5, "name_ar": "حي الجسر", "name_en": "Al Jisr Dist." }, "geometry": { "type": "Polygon", "coordinates": [ [ [ 50.212776, 26.20143 ], [ 50.212817, 26.202554 ], [ 50.212863, 26.20374 ], [ 50.212903, 26.204973 ], [ 50.212939, 26.206197 ], [ 50.212971, 26.207362 ], [ 50.21302, 26.208702 ], [ 50.213045, 26.209852 ], [ 50.213091, 26.211223 ], [ 50.213131, 26.212538 ], [ 50.213172, 26.213711 ], [ 50.21321, 26.214984 ], [ 50.213247, 26.216089 ], [ 50.213282, 26.217329 ], [ 50.213328, 26.218895 ], [ 50.21332, 26.219351 ], [ 50.207038, 26.218799 ], [ 50.196367, 26.217862 ], [ 50.197331, 26.20997 ], [ 50.197361, 26.209555 ], [ 50.197383, 26.20914 ], [ 50.197399, 26.208724 ], [ 50.197407, 26.208308 ], [ 50.197408, 26.207892 ], [ 50.197403, 26.207476 ], [ 50.19739, 26.20706 ], [ 50.197359, 26.20676 ], [ 50.197323, 26.206459 ], [ 50.197282, 26.20616 ], [ 50.197234, 26.205861 ], [ 50.197181, 26.205564 ], [ 50.197123, 26.205267 ], [ 50.197059, 26.204972 ], [ 50.19699, 26.204677 ], [ 50.196971, 26.204607 ], [ 50.196882, 26.204289 ], [ 50.196787, 26.203973 ], [ 50.196685, 26.203659 ], [ 50.196576, 26.203348 ], [ 50.196461, 26.203038 ], [ 50.19634, 26.202731 ], [ 50.196213, 26.202426 ], [ 50.196079, 26.202124 ], [ 50.195939, 26.201825 ], [ 50.195793, 26.201529 ], [ 50.212757, 26.201066 ], [ 50.212764, 26.201066 ], [ 50.212776, 26.20143 ] ] ] } },
{ "type": "Feature", "properties": { "district_id": 10500031025, "city_id": 31, "region_id": 5, "name_ar": "حي الخزامى", "name_en": "Al Khuzama Dist." }, "geometry": { "type": "Polygon", "coordinates": [ [ [ 50.193516, 26.197889 ], [ 50.195175, 26.200481 ], [ 50.195491, 26.200972 ], [ 50.195793, 26.201529 ], [ 50.195875, 26.20168 ], [ 50.196009, 26.201962 ], [ 50.196139, 26.202248 ], [ 50.196262, 26.202535 ], [ 50.196381, 26.202825 ], [ 50.196493, 26.203117 ], [ 50.1966, 26.203412 ], [ 50.196701, 26.203708 ], [ 50.196797, 26.204006 ], [ 50.196887, 26.204306 ], [ 50.196971, 26.204607 ], [ 50.19699, 26.204677 ], [ 50.197059, 26.204972 ], [ 50.197123, 26.205267 ], [ 50.197181, 26.205564 ], [ 50.197234, 26.205861 ], [ 50.197282, 26.20616 ], [ 50.197323, 26.206459 ], [ 50.197359, 26.20676 ], [ 50.19739, 26.20706 ], [ 50.197403, 26.207476 ], [ 50.197408, 26.207892 ], [ 50.197407, 26.208308 ], [ 50.197399, 26.208724 ], [ 50.197383, 26.20914 ], [ 50.197361, 26.209555 ], [ 50.197331, 26.20997 ], [ 50.196367, 26.217862 ], [ 50.194177, 26.217666 ], [ 50.191467, 26.217422 ], [ 50.189293, 26.217196 ], [ 50.188888, 26.217147 ], [ 50.188483, 26.217093 ], [ 50.18808, 26.217033 ], [ 50.187677, 26.216967 ], [ 50.187275, 26.216896 ], [ 50.186875, 26.21682 ], [ 50.186475, 26.216738 ], [ 50.185282, 26.216478 ], [ 50.182792, 26.21585 ], [ 50.181569, 26.215527 ], [ 50.179622, 26.215039 ], [ 50.178628, 26.214812 ], [ 50.177283, 26.214558 ], [ 50.175814, 26.214343 ], [ 50.174717, 26.214217 ], [ 50.173294, 26.2141 ], [ 50.172014, 26.214031 ], [ 50.172147, 26.210317 ], [ 50.187275, 26.198869 ], [ 50.188206, 26.198164 ], [ 50.191828, 26.195423 ], [ 50.19186, 26.195398 ], [ 50.193516, 26.197889 ] ] ] } },
{ "type": "Feature", "properties": { "district_id": 10500031026, "city_id": 31, "region_id": 5, "name_ar": "المدينة الرياضية", "name_en": "Sports City" }, "geometry": { "type": "Polygon", "coordinates": [ [ [ 50.180796, 26.349442 ], [ 50.18213, 26.350052 ], [ 50.184868, 26.351251 ], [ 50.185133, 26.351364 ], [ 50.18624, 26.351767 ], [ 50.187118, 26.352197 ], [ 50.188172, 26.352713 ], [ 50.188462, 26.352853 ], [ 50.189268, 26.353315 ], [ 50.189365, 26.35338 ], [ 50.189709, 26.353616 ], [ 50.190106, 26.353917 ], [ 50.190482, 26.354261 ], [ 50.189657, 26.355887 ], [ 50.189593, 26.356014 ], [ 50.188067, 26.358832 ], [ 50.188021, 26.358915 ], [ 50.187613, 26.35967 ], [ 50.187374, 26.360138 ], [ 50.187348, 26.360198 ], [ 50.187084, 26.360828 ], [ 50.186637, 26.361681 ], [ 50.186312, 26.36223 ], [ 50.186048, 26.362656 ], [ 50.185825, 26.363042 ], [ 50.18575, 26.363157 ], [ 50.18548, 26.36357 ], [ 50.185155, 26.364017 ], [ 50.184911, 26.364363 ], [ 50.184372, 26.365013 ], [ 50.183783, 26.365683 ], [ 50.18369, 26.365781 ], [ 50.183499, 26.365967 ], [ 50.180967, 26.368115 ], [ 50.180354, 26.36864 ], [ 50.180056, 26.368893 ], [ 50.179568, 26.369347 ], [ 50.179162, 26.369725 ], [ 50.178224, 26.37068 ], [ 50.178278, 26.369124 ], [ 50.178284, 26.368953 ], [ 50.178306, 26.368319 ], [ 50.178415, 26.363984 ], [ 50.178473, 26.361646 ], [ 50.178498, 26.360647 ], [ 50.178551, 26.358543 ], [ 50.178552, 26.358511 ], [ 50.178618, 26.355679 ], [ 50.178738, 26.350968 ], [ 50.178751, 26.350462 ], [ 50.178788, 26.348646 ], [ 50.180796, 26.349442 ] ] ] } },
{ "type": "Feature", "properties": { "district_id": 10500031027, "city_id": 31, "region_id": 5, "name_ar": "حي البحر", "name_en": "Al Bahar Dist." }, "geometry": { "type": "Polygon", "coordinates": [ [ [ 50.239034, 26.370998 ], [ 50.221721, 26.366962 ], [ 50.210184, 26.364271 ], [ 50.210115, 26.364367 ], [ 50.209421, 26.364212 ], [ 50.20885, 26.364067 ], [ 50.208455, 26.364004 ], [ 50.208233, 26.363973 ], [ 50.208011, 26.363945 ], [ 50.206405, 26.36379 ], [ 50.20657, 26.362951 ], [ 50.20668, 26.362531 ], [ 50.206707, 26.362448 ], [ 50.207225, 26.360887 ], [ 50.207337, 26.360551 ], [ 50.207501, 26.360057 ], [ 50.208258, 26.357759 ], [ 50.208443, 26.357277 ], [ 50.208646, 26.356747 ], [ 50.208701, 26.356606 ], [ 50.208817, 26.356303 ], [ 50.209313, 26.355013 ], [ 50.209649, 26.35397 ], [ 50.209748, 26.353663 ], [ 50.209887, 26.353229 ], [ 50.210236, 26.351944 ], [ 50.210298, 26.351484 ], [ 50.210331, 26.351027 ], [ 50.210313, 26.350498 ], [ 50.210272, 26.349256 ], [ 50.210147, 26.347936 ], [ 50.210117, 26.347018 ], [ 50.210179, 26.345779 ], [ 50.210229, 26.345421 ], [ 50.210328, 26.344713 ], [ 50.210329, 26.344701 ], [ 50.210333, 26.344685 ], [ 50.210836, 26.34237 ], [ 50.21128, 26.340269 ], [ 50.211455, 26.33968 ], [ 50.211455, 26.33968 ], [ 50.211651, 26.33892 ], [ 50.212264, 26.339309 ], [ 50.212313, 26.339329 ], [ 50.212362, 26.33935 ], [ 50.21241, 26.339373 ], [ 50.212458, 26.339396 ], [ 50.212505, 26.339418 ], [ 50.212552, 26.339443 ], [ 50.212599, 26.339466 ], [ 50.212645, 26.339494 ], [ 50.212711, 26.339532 ], [ 50.212723, 26.339539 ], [ 50.212735, 26.339546 ], [ 50.212747, 26.339551 ], [ 50.212759, 26.339557 ], [ 50.212772, 26.339564 ], [ 50.212784, 26.339571 ], [ 50.212796, 26.339576 ], [ 50.212809, 26.33958 ], [ 50.212822, 26.339587 ], [ 50.212835, 26.339592 ], [ 50.212848, 26.339596 ], [ 50.212861, 26.339601 ], [ 50.212874, 26.339606 ], [ 50.212887, 26.33961 ], [ 50.212901, 26.339615 ], [ 50.212914, 26.339619 ], [ 50.212928, 26.339622 ], [ 50.212941, 26.339626 ], [ 50.212955, 26.339629 ], [ 50.212968, 26.339631 ], [ 50.212988, 26.339635 ], [ 50.213268, 26.339689 ], [ 50.217755, 26.340544 ], [ 50.217858, 26.340491 ], [ 50.217962, 26.340439 ], [ 50.218067, 26.34039 ], [ 50.218174, 26.340343 ], [ 50.218281, 26.340299 ], [ 50.218389, 26.340254 ], [ 50.218497, 26.340212 ], [ 50.218607, 26.340172 ], [ 50.218718, 26.340132 ], [ 50.218829, 26.340094 ], [ 50.218964, 26.340052 ], [ 50.220608, 26.339361 ], [ 50.22119, 26.339105 ], [ 50.22131, 26.339044 ], [ 50.221429, 26.338984 ], [ 50.221548, 26.338922 ], [ 50.221664, 26.338859 ], [ 50.22178, 26.338792 ], [ 50.221894, 26.338725 ], [ 50.222007, 26.338655 ], [ 50.222119, 26.338584 ], [ 50.222229, 26.33851 ], [ 50.222337, 26.338436 ], [ 50.222445, 26.338358 ], [ 50.222551, 26.338279 ], [ 50.222655, 26.338201 ], [ 50.222682, 26.338179 ], [ 50.223383, 26.338387 ], [ 50.224362, 26.33906 ], [ 50.225369, 26.339234 ], [ 50.225259, 26.339746 ], [ 50.225126, 26.340373 ], [ 50.224078, 26.340191 ], [ 50.223755, 26.341702 ], [ 50.226806, 26.342088 ], [ 50.227411, 26.339708 ], [ 50.227848, 26.340038 ], [ 50.227502, 26.341949 ], [ 50.22856, 26.342469 ], [ 50.233566, 26.343472 ], [ 50.23329, 26.342654 ], [ 50.233357, 26.342066 ], [ 50.233527, 26.341858 ], [ 50.233684, 26.342001 ], [ 50.23384, 26.342382 ], [ 50.234025, 26.343737 ], [ 50.233689, 26.344185 ], [ 50.233188, 26.344564 ], [ 50.229577, 26.347148 ], [ 50.229929, 26.347909 ], [ 50.230031, 26.34819 ], [ 50.230127, 26.348473 ], [ 50.230217, 26.348758 ], [ 50.230301, 26.349045 ], [ 50.230379, 26.349334 ], [ 50.23045, 26.349624 ], [ 50.230515, 26.349916 ], [ 50.230573, 26.350209 ], [ 50.230625, 26.350503 ], [ 50.23067, 26.350798 ], [ 50.230709, 26.351095 ], [ 50.230742, 26.351392 ], [ 50.230768, 26.351689 ], [ 50.230788, 26.351987 ], [ 50.230801, 26.352286 ], [ 50.230812, 26.352668 ], [ 50.230829, 26.35305 ], [ 50.230854, 26.353432 ], [ 50.230885, 26.353813 ], [ 50.230922, 26.354194 ], [ 50.230967, 26.354574 ], [ 50.231018, 26.354953 ], [ 50.231075, 26.355331 ], [ 50.231139, 26.355708 ], [ 50.23121, 26.356084 ], [ 50.231233, 26.356142 ], [ 50.231261, 26.356198 ], [ 50.231295, 26.356252 ], [ 50.231333, 26.356301 ], [ 50.231376, 26.356347 ], [ 50.231423, 26.356388 ], [ 50.231474, 26.356425 ], [ 50.231528, 26.356457 ], [ 50.231586, 26.356483 ], [ 50.231645, 26.356504 ], [ 50.231706, 26.356518 ], [ 50.231815, 26.356562 ], [ 50.231921, 26.356613 ], [ 50.232024, 26.356669 ], [ 50.232123, 26.356731 ], [ 50.232219, 26.356799 ], [ 50.232311, 26.356872 ], [ 50.232398, 26.35695 ], [ 50.232481, 26.357033 ], [ 50.232559, 26.357121 ], [ 50.232632, 26.357213 ], [ 50.232699, 26.35731 ], [ 50.23276, 26.35741 ], [ 50.232816, 26.357513 ], [ 50.232866, 26.357619 ], [ 50.232909, 26.357728 ], [ 50.232946, 26.35784 ], [ 50.232977, 26.357953 ], [ 50.233001, 26.358068 ], [ 50.233018, 26.358184 ], [ 50.233029, 26.358301 ], [ 50.233033, 26.358418 ], [ 50.23303, 26.358535 ], [ 50.233021, 26.358652 ], [ 50.233004, 26.358769 ], [ 50.232981, 26.358884 ], [ 50.232952, 26.358997 ], [ 50.232916, 26.359109 ], [ 50.232873, 26.359218 ], [ 50.232824, 26.359325 ], [ 50.232737, 26.359444 ], [ 50.232654, 26.359566 ], [ 50.232576, 26.359692 ], [ 50.232569, 26.35976 ], [ 50.232568, 26.359829 ], [ 50.232574, 26.359897 ], [ 50.232587, 26.359965 ], [ 50.232607, 26.360031 ], [ 50.232634, 26.360094 ], [ 50.232667, 26.360154 ], [ 50.232706, 26.360211 ], [ 50.232869, 26.360478 ], [ 50.233037, 26.360741 ], [ 50.233211, 26.361001 ], [ 50.23339, 26.361257 ], [ 50.233575, 26.361509 ], [ 50.233765, 26.361758 ], [ 50.23396, 26.362002 ], [ 50.23416, 26.362242 ], [ 50.234366, 26.362478 ], [ 50.234576, 26.362709 ], [ 50.234791, 26.362936 ], [ 50.235011, 26.363159 ], [ 50.235235, 26.363376 ], [ 50.235464, 26.363589 ], [ 50.235682, 26.363764 ], [ 50.235896, 26.363944 ], [ 50.236105, 26.36413 ], [ 50.23631, 26.36432 ], [ 50.23651, 26.364516 ], [ 50.236705, 26.364716 ], [ 50.236895, 26.364921 ], [ 50.237081, 26.365131 ], [ 50.23726, 26.365345 ], [ 50.237435, 26.365563 ], [ 50.237604, 26.365786 ], [ 50.237768, 26.366013 ], [ 50.237925, 26.366244 ], [ 50.238078, 26.366479 ], [ 50.238224, 26.366717 ], [ 50.238358, 26.366968 ], [ 50.238487, 26.367221 ], [ 50.238611, 26.367476 ], [ 50.238731, 26.367734 ], [ 50.238845, 26.367995 ], [ 50.238955, 26.368257 ], [ 50.239059, 26.368521 ], [ 50.239424, 26.368984 ], [ 50.239666, 26.369282 ], [ 50.23991, 26.369576 ], [ 50.240159, 26.369867 ], [ 50.240411, 26.370155 ], [ 50.240667, 26.37044 ], [ 50.240698, 26.370508 ], [ 50.240723, 26.370578 ], [ 50.240743, 26.37065 ], [ 50.240757, 26.370723 ], [ 50.240764, 26.370797 ], [ 50.240766, 26.370872 ], [ 50.240762, 26.370946 ], [ 50.240752, 26.37102 ], [ 50.240737, 26.371093 ], [ 50.240606, 26.371364 ], [ 50.239034, 26.370998 ] ] ] } },
{ "type": "Feature", "properties": { "district_id": 10500031028, "city_id": 31, "region_id": 5, "name_ar": "حي الكورنيش", "name_en": "Al Kurnaish Dist." }, "geometry": { "type": "Polygon", "coordinates": [ [ [ 50.226347, 26.304139 ], [ 50.22632, 26.304408 ], [ 50.226298, 26.30464 ], [ 50.226279, 26.304947 ], [ 50.226266, 26.305186 ], [ 50.226262, 26.30545 ], [ 50.226268, 26.305733 ], [ 50.226282, 26.305963 ], [ 50.226299, 26.306191 ], [ 50.226322, 26.306399 ], [ 50.22635, 26.306611 ], [ 50.226374, 26.306756 ], [ 50.226383, 26.306821 ], [ 50.226423, 26.307047 ], [ 50.226473, 26.307282 ], [ 50.226516, 26.307485 ], [ 50.226621, 26.307886 ], [ 50.226829, 26.308692 ], [ 50.226909, 26.308993 ], [ 50.227793, 26.312318 ], [ 50.227973, 26.312994 ], [ 50.228824, 26.316244 ], [ 50.228975, 26.316819 ], [ 50.228993, 26.316891 ], [ 50.229004, 26.316943 ], [ 50.229015, 26.316997 ], [ 50.229024, 26.317049 ], [ 50.229029, 26.317076 ], [ 50.229033, 26.317103 ], [ 50.22904, 26.317155 ], [ 50.229047, 26.31721 ], [ 50.229052, 26.317264 ], [ 50.229057, 26.317318 ], [ 50.22906, 26.31737 ], [ 50.229062, 26.317424 ], [ 50.229064, 26.317478 ], [ 50.229064, 26.317532 ], [ 50.229063, 26.317587 ], [ 50.229061, 26.317641 ], [ 50.229058, 26.317693 ], [ 50.229054, 26.317747 ], [ 50.229049, 26.317801 ], [ 50.229043, 26.317855 ], [ 50.229036, 26.317907 ], [ 50.229028, 26.317961 ], [ 50.229019, 26.318015 ], [ 50.229009, 26.318067 ], [ 50.228998, 26.318121 ], [ 50.228985, 26.318173 ], [ 50.228972, 26.318225 ], [ 50.228805, 26.318962 ], [ 50.22849, 26.320299 ], [ 50.22831, 26.321063 ], [ 50.227676, 26.323755 ], [ 50.227648, 26.323872 ], [ 50.227102, 26.326185 ], [ 50.226597, 26.328324 ], [ 50.226582, 26.32839 ], [ 50.226071, 26.330572 ], [ 50.225223, 26.334197 ], [ 50.225188, 26.334348 ], [ 50.225158, 26.33447 ], [ 50.225125, 26.334589 ], [ 50.22509, 26.334709 ], [ 50.225053, 26.334828 ], [ 50.225013, 26.334947 ], [ 50.224971, 26.335065 ], [ 50.224927, 26.335182 ], [ 50.224881, 26.335299 ], [ 50.224832, 26.335416 ], [ 50.224781, 26.335531 ], [ 50.224728, 26.335643 ], [ 50.224673, 26.335758 ], [ 50.224615, 26.335871 ], [ 50.224555, 26.335981 ], [ 50.224494, 26.336093 ], [ 50.224373, 26.336296 ], [ 50.224305, 26.336404 ], [ 50.224235, 26.33651 ], [ 50.224164, 26.336615 ], [ 50.22409, 26.336719 ], [ 50.224014, 26.33682 ], [ 50.223936, 26.336923 ], [ 50.223857, 26.337022 ], [ 50.223775, 26.337121 ], [ 50.223692, 26.33722 ], [ 50.223606, 26.337317 ], [ 50.223519, 26.337411 ], [ 50.22343, 26.337505 ], [ 50.223339, 26.337597 ], [ 50.223246, 26.337687 ], [ 50.223152, 26.337777 ], [ 50.223056, 26.337864 ], [ 50.222958, 26.337952 ], [ 50.222859, 26.338035 ], [ 50.222758, 26.338118 ], [ 50.222682, 26.338179 ], [ 50.222655, 26.338201 ], [ 50.222551, 26.338279 ], [ 50.222445, 26.338358 ], [ 50.222337, 26.338436 ], [ 50.222229, 26.33851 ], [ 50.222119, 26.338584 ], [ 50.222007, 26.338655 ], [ 50.221894, 26.338725 ], [ 50.22178, 26.338792 ], [ 50.221664, 26.338859 ], [ 50.221548, 26.338922 ], [ 50.221429, 26.338984 ], [ 50.22131, 26.339044 ], [ 50.22119, 26.339105 ], [ 50.220608, 26.339361 ], [ 50.218964, 26.340052 ], [ 50.218829, 26.340094 ], [ 50.218718, 26.340132 ], [ 50.218607, 26.340172 ], [ 50.218497, 26.340212 ], [ 50.218389, 26.340254 ], [ 50.218281, 26.340299 ], [ 50.218174, 26.340343 ], [ 50.218067, 26.34039 ], [ 50.217962, 26.340439 ], [ 50.217858, 26.340491 ], [ 50.217755, 26.340544 ], [ 50.213268, 26.339689 ], [ 50.212988, 26.339635 ], [ 50.212968, 26.339631 ], [ 50.212955, 26.339629 ], [ 50.212941, 26.339626 ], [ 50.212928, 26.339622 ], [ 50.212914, 26.339619 ], [ 50.212901, 26.339615 ], [ 50.212887, 26.33961 ], [ 50.212874, 26.339606 ], [ 50.212861, 26.339601 ], [ 50.212848, 26.339596 ], [ 50.212835, 26.339592 ], [ 50.212822, 26.339587 ], [ 50.212809, 26.33958 ], [ 50.212796, 26.339576 ], [ 50.212784, 26.339571 ], [ 50.212772, 26.339564 ], [ 50.212759, 26.339557 ], [ 50.212747, 26.339551 ], [ 50.212735, 26.339546 ], [ 50.212723, 26.339539 ], [ 50.212711, 26.339532 ], [ 50.212645, 26.339494 ], [ 50.212599, 26.339466 ], [ 50.212552, 26.339443 ], [ 50.212505, 26.339418 ], [ 50.212458, 26.339396 ], [ 50.21241, 26.339373 ], [ 50.212362, 26.33935 ], [ 50.212313, 26.339329 ], [ 50.212264, 26.339309 ], [ 50.211651, 26.33892 ], [ 50.212824, 26.333621 ], [ 50.213256, 26.331985 ], [ 50.213616, 26.330753 ], [ 50.214038, 26.329243 ], [ 50.214749, 26.326836 ], [ 50.214875, 26.326409 ], [ 50.215262, 26.32483 ], [ 50.21533, 26.324123 ], [ 50.215335, 26.324057 ], [ 50.215344, 26.323992 ], [ 50.215358, 26.323927 ], [ 50.215378, 26.323864 ], [ 50.215402, 26.323803 ], [ 50.215504, 26.323622 ], [ 50.215886, 26.323031 ], [ 50.216661, 26.322939 ], [ 50.22027, 26.321637 ], [ 50.220439, 26.321567 ], [ 50.220605, 26.321492 ], [ 50.220769, 26.32141 ], [ 50.22093, 26.321323 ], [ 50.221087, 26.32123 ], [ 50.221203, 26.321146 ], [ 50.221315, 26.321057 ], [ 50.221423, 26.320963 ], [ 50.221527, 26.320864 ], [ 50.221625, 26.32076 ], [ 50.22172, 26.320653 ], [ 50.221809, 26.320541 ], [ 50.221893, 26.320425 ], [ 50.221972, 26.320305 ], [ 50.222045, 26.320183 ], [ 50.222113, 26.320056 ], [ 50.222175, 26.319927 ], [ 50.222231, 26.319796 ], [ 50.222281, 26.319662 ], [ 50.222325, 26.319526 ], [ 50.222363, 26.319388 ], [ 50.222395, 26.319248 ], [ 50.22242, 26.319107 ], [ 50.223231, 26.314177 ], [ 50.223679, 26.311894 ], [ 50.223834, 26.310761 ], [ 50.223918, 26.309918 ], [ 50.223905, 26.30933 ], [ 50.223904, 26.309246 ], [ 50.22382, 26.308644 ], [ 50.223694, 26.308163 ], [ 50.223561, 26.307481 ], [ 50.223151, 26.305403 ], [ 50.223072, 26.305002 ], [ 50.222995, 26.304619 ], [ 50.22285, 26.303898 ], [ 50.222716, 26.303234 ], [ 50.222197, 26.300652 ], [ 50.222183, 26.300596 ], [ 50.22218, 26.300581 ], [ 50.222177, 26.300572 ], [ 50.221622, 26.298298 ], [ 50.221614, 26.298266 ], [ 50.221246, 26.296292 ], [ 50.220978, 26.294851 ], [ 50.220864, 26.294237 ], [ 50.220756, 26.293657 ], [ 50.220739, 26.293568 ], [ 50.220639, 26.293031 ], [ 50.220573, 26.292673 ], [ 50.22048, 26.292199 ], [ 50.220246, 26.290993 ], [ 50.220093, 26.290208 ], [ 50.219966, 26.289555 ], [ 50.219943, 26.28944 ], [ 50.219705, 26.288212 ], [ 50.219571, 26.28753 ], [ 50.219318, 26.286226 ], [ 50.219314, 26.286208 ], [ 50.219307, 26.286171 ], [ 50.219178, 26.285557 ], [ 50.219044, 26.284913 ], [ 50.218917, 26.284307 ], [ 50.218898, 26.284217 ], [ 50.218747, 26.283496 ], [ 50.218738, 26.28345 ], [ 50.218657, 26.283063 ], [ 50.218509, 26.282355 ], [ 50.21832, 26.281456 ], [ 50.21831, 26.2814 ], [ 50.218111, 26.280451 ], [ 50.217836, 26.279133 ], [ 50.217808, 26.278993 ], [ 50.218659, 26.278841 ], [ 50.218761, 26.27881 ], [ 50.218877, 26.278743 ], [ 50.218993, 26.27866 ], [ 50.219061, 26.278597 ], [ 50.219074, 26.278584 ], [ 50.219119, 26.278534 ], [ 50.219166, 26.278453 ], [ 50.219238, 26.278329 ], [ 50.219285, 26.278206 ], [ 50.219305, 26.278127 ], [ 50.219325, 26.278046 ], [ 50.219736, 26.275308 ], [ 50.221134, 26.275061 ], [ 50.221162, 26.275188 ], [ 50.220884, 26.275237 ], [ 50.22136, 26.277433 ], [ 50.221459, 26.277415 ], [ 50.221778, 26.277599 ], [ 50.222057, 26.27755 ], [ 50.222099, 26.277335 ], [ 50.222028, 26.277169 ], [ 50.222158, 26.277124 ], [ 50.222212, 26.277252 ], [ 50.222145, 26.277565 ], [ 50.222251, 26.277584 ], [ 50.222325, 26.278011 ], [ 50.222507, 26.279064 ], [ 50.22301, 26.279123 ], [ 50.222991, 26.279259 ], [ 50.222341, 26.279182 ], [ 50.22226, 26.279335 ], [ 50.222005, 26.279398 ], [ 50.222422, 26.281453 ], [ 50.22282, 26.281388 ], [ 50.222848, 26.281527 ], [ 50.22336, 26.284057 ], [ 50.223556, 26.284025 ], [ 50.223678, 26.284075 ], [ 50.22387, 26.284011 ], [ 50.223919, 26.284024 ], [ 50.223967, 26.284044 ], [ 50.224012, 26.28407 ], [ 50.224052, 26.284102 ], [ 50.224085, 26.28414 ], [ 50.224112, 26.284181 ], [ 50.224132, 26.284226 ], [ 50.224144, 26.284273 ], [ 50.224147, 26.284321 ], [ 50.224143, 26.284368 ], [ 50.224131, 26.284415 ], [ 50.22411, 26.28446 ], [ 50.224083, 26.284501 ], [ 50.224049, 26.284538 ], [ 50.224009, 26.284569 ], [ 50.223964, 26.284595 ], [ 50.223915, 26.284615 ], [ 50.223863, 26.284627 ], [ 50.22381, 26.284632 ], [ 50.223757, 26.28463 ], [ 50.223705, 26.284621 ], [ 50.223655, 26.284604 ], [ 50.223627, 26.284592 ], [ 50.223597, 26.284584 ], [ 50.223514, 26.284569 ], [ 50.223429, 26.284562 ], [ 50.223343, 26.284561 ], [ 50.223258, 26.284568 ], [ 50.223174, 26.284582 ], [ 50.223092, 26.284603 ], [ 50.223013, 26.284632 ], [ 50.222937, 26.284666 ], [ 50.222865, 26.284708 ], [ 50.222797, 26.284755 ], [ 50.222735, 26.284808 ], [ 50.222679, 26.284865 ], [ 50.222629, 26.284928 ], [ 50.222586, 26.284994 ], [ 50.22255, 26.285064 ], [ 50.222521, 26.285137 ], [ 50.222501, 26.285211 ], [ 50.222488, 26.285288 ], [ 50.222484, 26.285364 ], [ 50.222487, 26.285441 ], [ 50.222499, 26.285518 ], [ 50.222518, 26.285592 ], [ 50.222546, 26.285665 ], [ 50.222581, 26.285736 ], [ 50.222623, 26.285802 ], [ 50.222672, 26.285865 ], [ 50.222728, 26.285924 ], [ 50.222789, 26.285977 ], [ 50.222856, 26.286025 ], [ 50.222927, 26.286067 ], [ 50.222996, 26.2861 ], [ 50.22301, 26.286111 ], [ 50.223079, 26.28617 ], [ 50.223142, 26.286234 ], [ 50.223199, 26.286303 ], [ 50.223249, 26.286376 ], [ 50.223292, 26.286452 ], [ 50.223327, 26.286532 ], [ 50.223355, 26.286614 ], [ 50.223375, 26.286698 ], [ 50.223387, 26.286783 ], [ 50.22339, 26.286869 ], [ 50.223385, 26.286955 ], [ 50.223373, 26.28704 ], [ 50.223352, 26.287124 ], [ 50.223323, 26.287206 ], [ 50.223286, 26.287285 ], [ 50.223242, 26.287361 ], [ 50.223191, 26.287433 ], [ 50.223134, 26.287502 ], [ 50.22307, 26.287565 ], [ 50.223, 26.287624 ], [ 50.222954, 26.287657 ], [ 50.222894, 26.287709 ], [ 50.222812, 26.287788 ], [ 50.222736, 26.287872 ], [ 50.222667, 26.287961 ], [ 50.222604, 26.288054 ], [ 50.22256, 26.288129 ], [ 50.222553, 26.288146 ], [ 50.222513, 26.288262 ], [ 50.22248, 26.28838 ], [ 50.222455, 26.2885 ], [ 50.222438, 26.288621 ], [ 50.222429, 26.288742 ], [ 50.222428, 26.288839 ], [ 50.222443, 26.288925 ], [ 50.222466, 26.289016 ], [ 50.222497, 26.289105 ], [ 50.222535, 26.289191 ], [ 50.222581, 26.289275 ], [ 50.222634, 26.289355 ], [ 50.222671, 26.289404 ], [ 50.2227, 26.289434 ], [ 50.222787, 26.289521 ], [ 50.22288, 26.289602 ], [ 50.222979, 26.289678 ], [ 50.223083, 26.289748 ], [ 50.223099, 26.289758 ], [ 50.22315, 26.289778 ], [ 50.223263, 26.289828 ], [ 50.223373, 26.289884 ], [ 50.223479, 26.289947 ], [ 50.22358, 26.290016 ], [ 50.223675, 26.29009 ], [ 50.223694, 26.290106 ], [ 50.223703, 26.290113 ], [ 50.223765, 26.290173 ], [ 50.223822, 26.290238 ], [ 50.223872, 26.290307 ], [ 50.223915, 26.29038 ], [ 50.22395, 26.290456 ], [ 50.223978, 26.290534 ], [ 50.223998, 26.290614 ], [ 50.224009, 26.290696 ], [ 50.224013, 26.290778 ], [ 50.224008, 26.290861 ], [ 50.224007, 26.290868 ], [ 50.224007, 26.290878 ], [ 50.223994, 26.290983 ], [ 50.223973, 26.291086 ], [ 50.223944, 26.291188 ], [ 50.223907, 26.291287 ], [ 50.223863, 26.291385 ], [ 50.223844, 26.29142 ], [ 50.223835, 26.291465 ], [ 50.223826, 26.291539 ], [ 50.223826, 26.291613 ], [ 50.223834, 26.291687 ], [ 50.22385, 26.29176 ], [ 50.223873, 26.291832 ], [ 50.223905, 26.2919 ], [ 50.223944, 26.291966 ], [ 50.22399, 26.292028 ], [ 50.224043, 26.292085 ], [ 50.224047, 26.292089 ], [ 50.224084, 26.292133 ], [ 50.224142, 26.292193 ], [ 50.224207, 26.292248 ], [ 50.224276, 26.292297 ], [ 50.22435, 26.29234 ], [ 50.224429, 26.292377 ], [ 50.22451, 26.292408 ], [ 50.224511, 26.292408 ], [ 50.224528, 26.29241 ], [ 50.224622, 26.292414 ], [ 50.224717, 26.292411 ], [ 50.22481, 26.2924 ], [ 50.224902, 26.292382 ], [ 50.224933, 26.292375 ], [ 50.224947, 26.292375 ], [ 50.225056, 26.292379 ], [ 50.225164, 26.29239 ], [ 50.225271, 26.292409 ], [ 50.225376, 26.292435 ], [ 50.225479, 26.292468 ], [ 50.225578, 26.292508 ], [ 50.225674, 26.292554 ], [ 50.225766, 26.292607 ], [ 50.225853, 26.292666 ], [ 50.225935, 26.29273 ], [ 50.226012, 26.2928 ], [ 50.226083, 26.292875 ], [ 50.226147, 26.292954 ], [ 50.226204, 26.293038 ], [ 50.226254, 26.293125 ], [ 50.226297, 26.293215 ], [ 50.226333, 26.293308 ], [ 50.22636, 26.293403 ], [ 50.22638, 26.293499 ], [ 50.226391, 26.293597 ], [ 50.226395, 26.293695 ], [ 50.22639, 26.293793 ], [ 50.226377, 26.293891 ], [ 50.226356, 26.293987 ], [ 50.226328, 26.294082 ], [ 50.226291, 26.294174 ], [ 50.226247, 26.294264 ], [ 50.226195, 26.294351 ], [ 50.226137, 26.294433 ], [ 50.226072, 26.294512 ], [ 50.226, 26.294586 ], [ 50.225923, 26.294655 ], [ 50.22584, 26.294719 ], [ 50.225752, 26.294776 ], [ 50.225659, 26.294828 ], [ 50.225563, 26.294874 ], [ 50.225462, 26.294912 ], [ 50.225359, 26.294944 ], [ 50.225258, 26.294968 ], [ 50.225224, 26.294981 ], [ 50.225147, 26.295016 ], [ 50.225074, 26.295058 ], [ 50.225006, 26.295106 ], [ 50.224944, 26.295159 ], [ 50.224887, 26.295217 ], [ 50.224837, 26.29528 ], [ 50.224793, 26.295347 ], [ 50.224757, 26.295418 ], [ 50.224728, 26.295491 ], [ 50.224707, 26.295566 ], [ 50.224695, 26.295643 ], [ 50.22469, 26.29572 ], [ 50.224694, 26.295798 ], [ 50.224705, 26.295875 ], [ 50.224725, 26.29595 ], [ 50.224753, 26.296024 ], [ 50.224788, 26.296095 ], [ 50.224831, 26.296162 ], [ 50.22488, 26.296226 ], [ 50.224936, 26.296285 ], [ 50.224998, 26.296338 ], [ 50.225026, 26.29636 ], [ 50.225057, 26.296394 ], [ 50.225113, 26.296466 ], [ 50.225163, 26.296542 ], [ 50.225205, 26.296622 ], [ 50.22524, 26.296704 ], [ 50.225268, 26.296789 ], [ 50.225287, 26.296875 ], [ 50.225299, 26.296963 ], [ 50.225302, 26.297051 ], [ 50.225297, 26.297139 ], [ 50.225285, 26.297226 ], [ 50.225264, 26.297313 ], [ 50.225236, 26.297397 ], [ 50.225199, 26.297479 ], [ 50.225156, 26.297558 ], [ 50.225105, 26.297634 ], [ 50.225048, 26.297705 ], [ 50.224984, 26.297772 ], [ 50.224915, 26.297834 ], [ 50.224849, 26.297884 ], [ 50.224827, 26.2979 ], [ 50.224783, 26.297938 ], [ 50.224745, 26.297981 ], [ 50.224713, 26.298028 ], [ 50.224689, 26.298079 ], [ 50.224673, 26.298132 ], [ 50.224664, 26.298186 ], [ 50.224663, 26.298235 ], [ 50.224654, 26.298371 ], [ 50.224717, 26.298523 ], [ 50.224785, 26.298687 ], [ 50.224938, 26.298811 ], [ 50.225103, 26.298944 ], [ 50.225319, 26.298971 ], [ 50.225581, 26.299094 ], [ 50.225582, 26.299054 ], [ 50.22559, 26.299012 ], [ 50.225606, 26.298972 ], [ 50.22563, 26.298934 ], [ 50.22566, 26.298901 ], [ 50.225695, 26.298873 ], [ 50.225736, 26.298851 ], [ 50.22578, 26.298836 ], [ 50.225826, 26.298827 ], [ 50.225874, 26.298825 ], [ 50.225921, 26.298831 ], [ 50.225966, 26.298844 ], [ 50.226008, 26.298863 ], [ 50.226046, 26.298889 ], [ 50.226078, 26.29892 ], [ 50.226105, 26.298955 ], [ 50.226124, 26.298994 ], [ 50.226136, 26.299036 ], [ 50.226139, 26.299069 ], [ 50.226147, 26.299198 ], [ 50.22617, 26.299189 ], [ 50.226219, 26.299176 ], [ 50.226269, 26.299171 ], [ 50.226319, 26.299173 ], [ 50.226368, 26.299183 ], [ 50.226415, 26.299199 ], [ 50.226459, 26.299222 ], [ 50.226498, 26.299251 ], [ 50.226531, 26.299285 ], [ 50.226558, 26.299324 ], [ 50.226577, 26.299365 ], [ 50.226589, 26.29941 ], [ 50.226593, 26.299455 ], [ 50.226588, 26.2995 ], [ 50.226576, 26.299544 ], [ 50.226556, 26.299586 ], [ 50.226529, 26.299624 ], [ 50.226495, 26.299658 ], [ 50.226456, 26.299686 ], [ 50.226454, 26.299688 ], [ 50.226467, 26.299685 ], [ 50.226492, 26.299683 ], [ 50.226518, 26.299685 ], [ 50.226542, 26.299692 ], [ 50.226565, 26.299701 ], [ 50.226586, 26.299715 ], [ 50.226604, 26.299731 ], [ 50.226618, 26.29975 ], [ 50.226629, 26.299771 ], [ 50.226636, 26.299793 ], [ 50.226636, 26.299796 ], [ 50.22664, 26.299815 ], [ 50.226668, 26.299914 ], [ 50.226703, 26.300011 ], [ 50.226745, 26.300106 ], [ 50.226796, 26.300197 ], [ 50.226853, 26.300285 ], [ 50.226917, 26.300369 ], [ 50.226987, 26.300449 ], [ 50.227064, 26.300524 ], [ 50.227146, 26.300594 ], [ 50.227234, 26.300658 ], [ 50.227326, 26.300717 ], [ 50.227423, 26.30077 ], [ 50.227524, 26.300816 ], [ 50.227628, 26.300855 ], [ 50.227735, 26.300888 ], [ 50.227845, 26.300914 ], [ 50.227956, 26.300933 ], [ 50.228068, 26.300944 ], [ 50.228181, 26.300948 ], [ 50.228226, 26.300948 ], [ 50.228393, 26.30093 ], [ 50.228635, 26.300909 ], [ 50.228664, 26.300907 ], [ 50.228676, 26.300909 ], [ 50.228721, 26.300918 ], [ 50.228763, 26.300935 ], [ 50.228801, 26.300957 ], [ 50.228834, 26.300986 ], [ 50.228861, 26.30102 ], [ 50.228881, 26.301057 ], [ 50.228893, 26.301097 ], [ 50.228896, 26.301138 ], [ 50.228892, 26.30118 ], [ 50.22888, 26.301219 ], [ 50.228859, 26.301257 ], [ 50.228832, 26.30129 ], [ 50.228799, 26.301318 ], [ 50.22876, 26.301341 ], [ 50.228718, 26.301357 ], [ 50.228715, 26.301358 ], [ 50.227808, 26.30152 ], [ 50.227799, 26.301524 ], [ 50.227788, 26.30153 ], [ 50.227779, 26.301539 ], [ 50.227772, 26.301548 ], [ 50.227766, 26.301558 ], [ 50.227763, 26.301569 ], [ 50.227762, 26.301581 ], [ 50.227763, 26.301593 ], [ 50.227766, 26.301604 ], [ 50.227771, 26.301614 ], [ 50.227779, 26.301624 ], [ 50.227788, 26.301632 ], [ 50.227798, 26.301639 ], [ 50.22781, 26.301643 ], [ 50.227822, 26.301647 ], [ 50.227835, 26.301648 ], [ 50.227836, 26.301648 ], [ 50.228514, 26.301876 ], [ 50.228544, 26.301901 ], [ 50.228572, 26.301934 ], [ 50.228592, 26.301971 ], [ 50.228604, 26.30201 ], [ 50.228608, 26.302051 ], [ 50.228603, 26.302092 ], [ 50.22859, 26.302131 ], [ 50.22857, 26.302168 ], [ 50.228542, 26.3022 ], [ 50.228509, 26.302227 ], [ 50.22847, 26.302249 ], [ 50.228427, 26.302263 ], [ 50.228383, 26.302271 ], [ 50.228337, 26.30227 ], [ 50.228293, 26.302263 ], [ 50.228251, 26.302248 ], [ 50.228212, 26.302226 ], [ 50.228193, 26.302211 ], [ 50.227669, 26.302029 ], [ 50.227665, 26.302025 ], [ 50.227658, 26.302018 ], [ 50.227649, 26.302013 ], [ 50.22764, 26.302009 ], [ 50.22763, 26.302006 ], [ 50.22762, 26.302005 ], [ 50.22761, 26.302006 ], [ 50.2276, 26.302009 ], [ 50.22759, 26.302012 ], [ 50.227582, 26.302018 ], [ 50.227574, 26.302024 ], [ 50.227568, 26.302032 ], [ 50.227564, 26.30204 ], [ 50.227561, 26.302049 ], [ 50.22756, 26.302058 ], [ 50.227561, 26.302068 ], [ 50.227564, 26.302077 ], [ 50.227568, 26.302085 ], [ 50.227574, 26.302093 ], [ 50.227581, 26.302099 ], [ 50.22759, 26.302105 ], [ 50.227599, 26.302109 ], [ 50.227609, 26.302111 ], [ 50.227619, 26.302112 ], [ 50.227629, 26.302111 ], [ 50.227634, 26.302111 ], [ 50.228072, 26.302455 ], [ 50.228073, 26.302456 ], [ 50.228094, 26.302483 ], [ 50.228109, 26.302513 ], [ 50.228118, 26.302544 ], [ 50.228121, 26.302577 ], [ 50.228118, 26.302609 ], [ 50.228108, 26.302641 ], [ 50.228093, 26.30267 ], [ 50.228072, 26.302697 ], [ 50.228046, 26.30272 ], [ 50.228016, 26.302739 ], [ 50.227983, 26.302752 ], [ 50.227948, 26.302761 ], [ 50.227912, 26.302763 ], [ 50.227876, 26.30276 ], [ 50.227841, 26.302751 ], [ 50.227808, 26.302737 ], [ 50.227802, 26.302734 ], [ 50.227325, 26.302359 ], [ 50.227283, 26.302402 ], [ 50.227457, 26.302681 ], [ 50.227458, 26.302684 ], [ 50.22746, 26.302712 ], [ 50.227458, 26.302739 ], [ 50.227449, 26.302766 ], [ 50.227436, 26.302791 ], [ 50.227419, 26.302813 ], [ 50.227397, 26.302833 ], [ 50.227371, 26.302849 ], [ 50.227344, 26.30286 ], [ 50.227314, 26.302867 ], [ 50.227283, 26.302869 ], [ 50.227253, 26.302867 ], [ 50.227223, 26.30286 ], [ 50.227195, 26.302848 ], [ 50.22717, 26.302832 ], [ 50.227149, 26.302812 ], [ 50.227131, 26.302789 ], [ 50.22713, 26.302787 ], [ 50.226773, 26.302573 ], [ 50.226347, 26.304139 ] ] ] } },
{ "type": "Feature", "properties": { "district_id": 10500031029, "city_id": 31, "region_id": 5, "name_ar": "حي صناعية الفوازية", "name_en": "Sinaiyah Al Fawaziyah Dist." }, "geometry": { "type": "Polygon", "coordinates": [ [ [ 50.214286, 26.238012 ], [ 50.214319, 26.23808 ], [ 50.214355, 26.238146 ], [ 50.214395, 26.23821 ], [ 50.21444, 26.238271 ], [ 50.214492, 26.238334 ], [ 50.214549, 26.238395 ], [ 50.21461, 26.238451 ], [ 50.214674, 26.238504 ], [ 50.214741, 26.238552 ], [ 50.21481, 26.238596 ], [ 50.214719, 26.239065 ], [ 50.214615, 26.239613 ], [ 50.214605, 26.239677 ], [ 50.214586, 26.239778 ], [ 50.214561, 26.239913 ], [ 50.214517, 26.240139 ], [ 50.214504, 26.240228 ], [ 50.214496, 26.240266 ], [ 50.214496, 26.24028 ], [ 50.214486, 26.240367 ], [ 50.214477, 26.240473 ], [ 50.214477, 26.24057 ], [ 50.214476, 26.240674 ], [ 50.21528, 26.246848 ], [ 50.215322, 26.247145 ], [ 50.215422, 26.24792 ], [ 50.215505, 26.248735 ], [ 50.215524, 26.249263 ], [ 50.215523, 26.24981 ], [ 50.215508, 26.250105 ], [ 50.215483, 26.250478 ], [ 50.215457, 26.250735 ], [ 50.215436, 26.250897 ], [ 50.2154, 26.251158 ], [ 50.21139, 26.250777 ], [ 50.212881, 26.237675 ], [ 50.213627, 26.237735 ], [ 50.213888, 26.237756 ], [ 50.214186, 26.237772 ], [ 50.214216, 26.237854 ], [ 50.214249, 26.237934 ], [ 50.214286, 26.238012 ] ] ] } },
{ "type": "Feature", "properties": { "district_id": 10500031030, "city_id": 31, "region_id": 5, "name_ar": "حي الساحل", "name_en": "As Sahil Dist." }, "geometry": { "type": "Polygon", "coordinates": [ [ [ 50.218354, 26.266296 ], [ 50.21837, 26.266495 ], [ 50.218395, 26.266689 ], [ 50.218422, 26.266863 ], [ 50.218463, 26.267118 ], [ 50.218683, 26.268219 ], [ 50.219711, 26.273271 ], [ 50.219767, 26.273558 ], [ 50.219799, 26.273739 ], [ 50.219828, 26.27406 ], [ 50.219839, 26.27434 ], [ 50.219836, 26.274529 ], [ 50.21982, 26.274721 ], [ 50.219797, 26.274888 ], [ 50.21977, 26.275075 ], [ 50.219325, 26.278046 ], [ 50.219305, 26.278127 ], [ 50.219285, 26.278206 ], [ 50.219238, 26.278329 ], [ 50.219166, 26.278453 ], [ 50.219119, 26.278534 ], [ 50.219074, 26.278584 ], [ 50.219061, 26.278597 ], [ 50.218993, 26.27866 ], [ 50.218877, 26.278743 ], [ 50.218761, 26.27881 ], [ 50.218659, 26.278841 ], [ 50.217808, 26.278993 ], [ 50.217802, 26.278961 ], [ 50.217668, 26.278299 ], [ 50.217516, 26.277603 ], [ 50.217382, 26.276964 ], [ 50.217277, 26.276462 ], [ 50.217049, 26.275363 ], [ 50.216923, 26.274756 ], [ 50.216775, 26.274014 ], [ 50.216531, 26.272813 ], [ 50.216444, 26.272369 ], [ 50.216241, 26.27133 ], [ 50.216075, 26.270466 ], [ 50.216066, 26.270418 ], [ 50.216001, 26.27008 ], [ 50.215981, 26.269977 ], [ 50.215219, 26.266207 ], [ 50.213779, 26.266424 ], [ 50.213314, 26.266337 ], [ 50.213314, 26.266336 ], [ 50.215363, 26.251425 ], [ 50.215397, 26.251181 ], [ 50.215436, 26.250897 ], [ 50.215457, 26.250735 ], [ 50.215483, 26.250478 ], [ 50.215508, 26.250105 ], [ 50.215523, 26.24981 ], [ 50.215524, 26.249263 ], [ 50.215505, 26.248735 ], [ 50.215422, 26.24792 ], [ 50.215322, 26.247145 ], [ 50.21528, 26.246829 ], [ 50.214476, 26.240674 ], [ 50.214477, 26.24057 ], [ 50.214477, 26.240473 ], [ 50.214486, 26.240367 ], [ 50.214498, 26.240263 ], [ 50.214517, 26.240139 ], [ 50.214561, 26.239913 ], [ 50.214586, 26.239778 ], [ 50.214605, 26.239677 ], [ 50.214615, 26.239613 ], [ 50.214719, 26.239065 ], [ 50.21481, 26.238596 ], [ 50.215232, 26.23849 ], [ 50.215238, 26.238488 ], [ 50.215243, 26.238486 ], [ 50.215249, 26.238484 ], [ 50.215255, 26.238482 ], [ 50.215261, 26.238479 ], [ 50.215267, 26.238477 ], [ 50.215273, 26.238475 ], [ 50.215279, 26.238473 ], [ 50.215285, 26.238473 ], [ 50.215302, 26.238466 ], [ 50.215319, 26.238462 ], [ 50.215336, 26.238459 ], [ 50.215353, 26.238455 ], [ 50.21537, 26.238451 ], [ 50.215388, 26.238448 ], [ 50.215405, 26.238444 ], [ 50.215423, 26.238442 ], [ 50.21544, 26.23844 ], [ 50.215458, 26.238437 ], [ 50.215475, 26.238435 ], [ 50.215504, 26.238433 ], [ 50.21564, 26.23842 ], [ 50.21571, 26.238412 ], [ 50.21578, 26.238403 ], [ 50.215849, 26.238394 ], [ 50.215918, 26.238384 ], [ 50.215987, 26.23837 ], [ 50.216056, 26.238357 ], [ 50.216315, 26.238289 ], [ 50.216674, 26.238212 ], [ 50.216837, 26.238192 ], [ 50.217, 26.23818 ], [ 50.217181, 26.238181 ], [ 50.217349, 26.23819 ], [ 50.21755, 26.238212 ], [ 50.217742, 26.238247 ], [ 50.217926, 26.238295 ], [ 50.218188, 26.238387 ], [ 50.218368, 26.238467 ], [ 50.218583, 26.238581 ], [ 50.21876, 26.238704 ], [ 50.218969, 26.238874 ], [ 50.21919, 26.23911 ], [ 50.219297, 26.239244 ], [ 50.219454, 26.239486 ], [ 50.219545, 26.239676 ], [ 50.219628, 26.239905 ], [ 50.219685, 26.240117 ], [ 50.219716, 26.240296 ], [ 50.219736, 26.240431 ], [ 50.220141, 26.243537 ], [ 50.220547, 26.246699 ], [ 50.220598, 26.247153 ], [ 50.220622, 26.247729 ], [ 50.220618, 26.248104 ], [ 50.220597, 26.248393 ], [ 50.220566, 26.248706 ], [ 50.219968, 26.253105 ], [ 50.21958, 26.255906 ], [ 50.219193, 26.258712 ], [ 50.218757, 26.261908 ], [ 50.218465, 26.264073 ], [ 50.218376, 26.264723 ], [ 50.21835, 26.264989 ], [ 50.218333, 26.265298 ], [ 50.21833, 26.26572 ], [ 50.218329, 26.265887 ], [ 50.218339, 26.266115 ], [ 50.218354, 26.266296 ] ] ] } },
{ "type": "Feature", "properties": { "district_id": 10500031031, "city_id": 31, "region_id": 5, "name_ar": "حي الخور", "name_en": "Al Khawr Dist." }, "geometry": { "type": "Polygon", "coordinates": [ [ [ 50.2139, 26.235782 ], [ 50.213885, 26.235607 ], [ 50.213878, 26.235523 ], [ 50.213848, 26.234785 ], [ 50.213791, 26.233008 ], [ 50.213773, 26.232548 ], [ 50.213685, 26.22957 ], [ 50.213613, 26.227494 ], [ 50.213524, 26.224668 ], [ 50.213452, 26.222575 ], [ 50.213423, 26.221524 ], [ 50.21332, 26.219351 ], [ 50.215352, 26.219527 ], [ 50.216597, 26.219631 ], [ 50.220718, 26.219917 ], [ 50.21988, 26.236302 ], [ 50.216821, 26.236033 ], [ 50.216237, 26.235985 ], [ 50.214987, 26.235883 ], [ 50.2139, 26.235782 ] ] ] } },
{ "type": "Feature", "properties": { "district_id": 10500031032, "city_id": 31, "region_id": 5, "name_ar": "حي اشبيليا", "name_en": "Ishbiliya Dist." }, "geometry": { "type": "Polygon", "coordinates": [ [ [ 50.220538, 26.190029 ], [ 50.220554, 26.19011 ], [ 50.220533, 26.190263 ], [ 50.22045, 26.190378 ], [ 50.220484, 26.191407 ], [ 50.220512, 26.19229 ], [ 50.220541, 26.193202 ], [ 50.22057, 26.194078 ], [ 50.220598, 26.194959 ], [ 50.220627, 26.195857 ], [ 50.220656, 26.19676 ], [ 50.220685, 26.19765 ], [ 50.220714, 26.198551 ], [ 50.220743, 26.199445 ], [ 50.220778, 26.20051 ], [ 50.220652, 26.200735 ], [ 50.220545, 26.200748 ], [ 50.220145, 26.200771 ], [ 50.220418, 26.207133 ], [ 50.220489, 26.209817 ], [ 50.220637, 26.216035 ], [ 50.220718, 26.219917 ], [ 50.216597, 26.219631 ], [ 50.215352, 26.219527 ], [ 50.21332, 26.219351 ], [ 50.213328, 26.218895 ], [ 50.213282, 26.217329 ], [ 50.213247, 26.216089 ], [ 50.21321, 26.214984 ], [ 50.213172, 26.213711 ], [ 50.213131, 26.212538 ], [ 50.213091, 26.211223 ], [ 50.213045, 26.209852 ], [ 50.21302, 26.208702 ], [ 50.212971, 26.207362 ], [ 50.212939, 26.206197 ], [ 50.212903, 26.204973 ], [ 50.212863, 26.20374 ], [ 50.212817, 26.202554 ], [ 50.212776, 26.20143 ], [ 50.212764, 26.201066 ], [ 50.212746, 26.200502 ], [ 50.212738, 26.200112 ], [ 50.212655, 26.197709 ], [ 50.212533, 26.193704 ], [ 50.212434, 26.190807 ], [ 50.212451, 26.190807 ], [ 50.212952, 26.190795 ], [ 50.212954, 26.190678 ], [ 50.212763, 26.18484 ], [ 50.212744, 26.184253 ], [ 50.21273, 26.183828 ], [ 50.212733, 26.18381 ], [ 50.212735, 26.183801 ], [ 50.212737, 26.18379 ], [ 50.21274, 26.183776 ], [ 50.212744, 26.183761 ], [ 50.212749, 26.183749 ], [ 50.212753, 26.183738 ], [ 50.212757, 26.183729 ], [ 50.212762, 26.183716 ], [ 50.212768, 26.183707 ], [ 50.212774, 26.183695 ], [ 50.212783, 26.183682 ], [ 50.212786, 26.183677 ], [ 50.212793, 26.183664 ], [ 50.212804, 26.18365 ], [ 50.212811, 26.183641 ], [ 50.212821, 26.18363 ], [ 50.212832, 26.183621 ], [ 50.212847, 26.183605 ], [ 50.212852, 26.183599 ], [ 50.212868, 26.18359 ], [ 50.212876, 26.183583 ], [ 50.212895, 26.18357 ], [ 50.212904, 26.183565 ], [ 50.212913, 26.183561 ], [ 50.212922, 26.183556 ], [ 50.212931, 26.183549 ], [ 50.212941, 26.183545 ], [ 50.212963, 26.183534 ], [ 50.212972, 26.183532 ], [ 50.212982, 26.183527 ], [ 50.213, 26.183523 ], [ 50.21335, 26.183394 ], [ 50.213556, 26.183318 ], [ 50.213757, 26.183242 ], [ 50.213956, 26.183169 ], [ 50.214158, 26.183093 ], [ 50.21436, 26.18302 ], [ 50.214559, 26.182947 ], [ 50.214764, 26.182871 ], [ 50.214966, 26.182795 ], [ 50.215332, 26.18266 ], [ 50.215698, 26.182524 ], [ 50.216063, 26.182388 ], [ 50.216426, 26.182254 ], [ 50.216435, 26.18225 ], [ 50.216799, 26.182117 ], [ 50.217166, 26.181981 ], [ 50.217529, 26.181848 ], [ 50.217897, 26.181712 ], [ 50.21826, 26.181579 ], [ 50.218622, 26.181445 ], [ 50.218996, 26.181305 ], [ 50.219598, 26.181085 ], [ 50.219536, 26.181057 ], [ 50.219505, 26.181053 ], [ 50.2195, 26.181044 ], [ 50.220409, 26.180712 ], [ 50.220538, 26.190029 ] ] ] } },
{ "type": "Feature", "properties": { "district_id": 10500031033, "city_id": 31, "region_id": 5, "name_ar": "حي البحيرة", "name_en": "Al Buhayrah Dist." }, "geometry": { "type": "Polygon", "coordinates": [ [ [ 50.172147, 26.210317 ], [ 50.169819, 26.212083 ], [ 50.164218, 26.212699 ], [ 50.162802, 26.205273 ], [ 50.164023, 26.205295 ], [ 50.165244, 26.205321 ], [ 50.166465, 26.205353 ], [ 50.167686, 26.20539 ], [ 50.167868, 26.205392 ], [ 50.168049, 26.205389 ], [ 50.16823, 26.205382 ], [ 50.168411, 26.20537 ], [ 50.168994, 26.205267 ], [ 50.169577, 26.205166 ], [ 50.169495, 26.205021 ], [ 50.169418, 26.204873 ], [ 50.169347, 26.204722 ], [ 50.16928, 26.204569 ], [ 50.16922, 26.204414 ], [ 50.169127, 26.204446 ], [ 50.168749, 26.204404 ], [ 50.168356, 26.203807 ], [ 50.168386, 26.203787 ], [ 50.168413, 26.203763 ], [ 50.168436, 26.203735 ], [ 50.168455, 26.203704 ], [ 50.168494, 26.203648 ], [ 50.168529, 26.203588 ], [ 50.168558, 26.203526 ], [ 50.168559, 26.20346 ], [ 50.168555, 26.203395 ], [ 50.168546, 26.20333 ], [ 50.168531, 26.203267 ], [ 50.16851, 26.203205 ], [ 50.168485, 26.203145 ], [ 50.168454, 26.203087 ], [ 50.168418, 26.203032 ], [ 50.168403, 26.202993 ], [ 50.168395, 26.202952 ], [ 50.168394, 26.20291 ], [ 50.168399, 26.202868 ], [ 50.168411, 26.202828 ], [ 50.16843, 26.20279 ], [ 50.168454, 26.202756 ], [ 50.16848, 26.202739 ], [ 50.168502, 26.202718 ], [ 50.16852, 26.202694 ], [ 50.168533, 26.202666 ], [ 50.168537, 26.202575 ], [ 50.168546, 26.202485 ], [ 50.16857, 26.202429 ], [ 50.168589, 26.202371 ], [ 50.168603, 26.202312 ], [ 50.168612, 26.202252 ], [ 50.168612, 26.202113 ], [ 50.168606, 26.201974 ], [ 50.168593, 26.201836 ], [ 50.168574, 26.201698 ], [ 50.168584, 26.201654 ], [ 50.168602, 26.201612 ], [ 50.168625, 26.201573 ], [ 50.168655, 26.201538 ], [ 50.16869, 26.201508 ], [ 50.168729, 26.201484 ], [ 50.168771, 26.201467 ], [ 50.168869, 26.201416 ], [ 50.168965, 26.20136 ], [ 50.169058, 26.2013 ], [ 50.169147, 26.201235 ], [ 50.169193, 26.201162 ], [ 50.169245, 26.201093 ], [ 50.169301, 26.201028 ], [ 50.169362, 26.200967 ], [ 50.169428, 26.200912 ], [ 50.169497, 26.200861 ], [ 50.169541, 26.200835 ], [ 50.169581, 26.200803 ], [ 50.169617, 26.200768 ], [ 50.169648, 26.200728 ], [ 50.169675, 26.200685 ], [ 50.169697, 26.200639 ], [ 50.169713, 26.200591 ], [ 50.169901, 26.200148 ], [ 50.169909, 26.200111 ], [ 50.169923, 26.200077 ], [ 50.169942, 26.200044 ], [ 50.169966, 26.200015 ], [ 50.169993, 26.19999 ], [ 50.170024, 26.199969 ], [ 50.170046, 26.199961 ], [ 50.170067, 26.19995 ], [ 50.170085, 26.199935 ], [ 50.170101, 26.199918 ], [ 50.170114, 26.199899 ], [ 50.170124, 26.199878 ], [ 50.170124, 26.19983 ], [ 50.17012, 26.199782 ], [ 50.170111, 26.199734 ], [ 50.170097, 26.199688 ], [ 50.170079, 26.199643 ], [ 50.170065, 26.199625 ], [ 50.170054, 26.199606 ], [ 50.170047, 26.199585 ], [ 50.170043, 26.199563 ], [ 50.170042, 26.199541 ], [ 50.170046, 26.199519 ], [ 50.170074, 26.199456 ], [ 50.170108, 26.199396 ], [ 50.170148, 26.19934 ], [ 50.170192, 26.199287 ], [ 50.170241, 26.199238 ], [ 50.17026, 26.199218 ], [ 50.170283, 26.199201 ], [ 50.170308, 26.199189 ], [ 50.170335, 26.199181 ], [ 50.170363, 26.199177 ], [ 50.170368, 26.199179 ], [ 50.170374, 26.19918 ], [ 50.17038, 26.19918 ], [ 50.170386, 26.199179 ], [ 50.170392, 26.199177 ], [ 50.170397, 26.199174 ], [ 50.170402, 26.19917 ], [ 50.170406, 26.199166 ], [ 50.170409, 26.199161 ], [ 50.170411, 26.199155 ], [ 50.170412, 26.199149 ], [ 50.170412, 26.199143 ], [ 50.170411, 26.199137 ], [ 50.170409, 26.199131 ], [ 50.170406, 26.199126 ], [ 50.170403, 26.199121 ], [ 50.170398, 26.199117 ], [ 50.170219, 26.198924 ], [ 50.170318, 26.198749 ], [ 50.170583, 26.198279 ], [ 50.170811, 26.197876 ], [ 50.171039, 26.197476 ], [ 50.171267, 26.197073 ], [ 50.171495, 26.19667 ], [ 50.171631, 26.196432 ], [ 50.171722, 26.19627 ], [ 50.171808, 26.196119 ], [ 50.172183, 26.195458 ], [ 50.172269, 26.195305 ], [ 50.172497, 26.194902 ], [ 50.172725, 26.194501 ], [ 50.172952, 26.194099 ], [ 50.17318, 26.193698 ], [ 50.173258, 26.193561 ], [ 50.173546, 26.193055 ], [ 50.17369, 26.192798 ], [ 50.174503, 26.191424 ], [ 50.174856, 26.190938 ], [ 50.174904, 26.190873 ], [ 50.175116, 26.19059 ], [ 50.175459, 26.190129 ], [ 50.175715, 26.189785 ], [ 50.175994, 26.189412 ], [ 50.176182, 26.18916 ], [ 50.176574, 26.188634 ], [ 50.176904, 26.188194 ], [ 50.177372, 26.187653 ], [ 50.177532, 26.187475 ], [ 50.177849, 26.187125 ], [ 50.178164, 26.186777 ], [ 50.17848, 26.186426 ], [ 50.178616, 26.186274 ], [ 50.179034, 26.185811 ], [ 50.179263, 26.185557 ], [ 50.17945, 26.185238 ], [ 50.179579, 26.184999 ], [ 50.17986, 26.18473 ], [ 50.180089, 26.184483 ], [ 50.180939, 26.183474 ], [ 50.181282, 26.183224 ], [ 50.182919, 26.181951 ], [ 50.186649, 26.187561 ], [ 50.19186, 26.195398 ], [ 50.191828, 26.195423 ], [ 50.188206, 26.198164 ], [ 50.187275, 26.198869 ], [ 50.172147, 26.210317 ] ] ] } },
{ "type": "Feature", "properties": { "district_id": 10500031034, "city_id": 31, "region_id": 5, "name_ar": "حي الشراع", "name_en": "Ash Sheraa Dist." }, "geometry": { "type": "Polygon", "coordinates": [ [ [ 50.162853, 26.172886 ], [ 50.161951, 26.172946 ], [ 50.161762, 26.172958 ], [ 50.160972, 26.173057 ], [ 50.160793, 26.173084 ], [ 50.160497, 26.173129 ], [ 50.160201, 26.173175 ], [ 50.159905, 26.173221 ], [ 50.159609, 26.173266 ], [ 50.159313, 26.173312 ], [ 50.159219, 26.173327 ], [ 50.156194, 26.173795 ], [ 50.156153, 26.173801 ], [ 50.155857, 26.173847 ], [ 50.155561, 26.173893 ], [ 50.155265, 26.173938 ], [ 50.154969, 26.173984 ], [ 50.154673, 26.17403 ], [ 50.154378, 26.174075 ], [ 50.154357, 26.174077 ], [ 50.145569, 26.175432 ], [ 50.145553, 26.175434 ], [ 50.145258, 26.17548 ], [ 50.144962, 26.175525 ], [ 50.144666, 26.175571 ], [ 50.14437, 26.175616 ], [ 50.144074, 26.175662 ], [ 50.143778, 26.175708 ], [ 50.143553, 26.175743 ], [ 50.140304, 26.176242 ], [ 50.140247, 26.176251 ], [ 50.139939, 26.176299 ], [ 50.139633, 26.176347 ], [ 50.139325, 26.176392 ], [ 50.139016, 26.17644 ], [ 50.138708, 26.176488 ], [ 50.1384, 26.176536 ], [ 50.138093, 26.176583 ], [ 50.13646, 26.176827 ], [ 50.136423, 26.176632 ], [ 50.136394, 26.176478 ], [ 50.136352, 26.176255 ], [ 50.13631, 26.176033 ], [ 50.136268, 26.17581 ], [ 50.136226, 26.175588 ], [ 50.136184, 26.175364 ], [ 50.134399, 26.165912 ], [ 50.134012, 26.163862 ], [ 50.133961, 26.163591 ], [ 50.133077, 26.158904 ], [ 50.133042, 26.158717 ], [ 50.133, 26.158493 ], [ 50.132958, 26.158271 ], [ 50.132916, 26.158048 ], [ 50.1329, 26.157964 ], [ 50.132519, 26.15598 ], [ 50.133898, 26.155767 ], [ 50.134143, 26.155732 ], [ 50.13439, 26.155693 ], [ 50.134638, 26.155654 ], [ 50.134883, 26.15562 ], [ 50.135129, 26.15558 ], [ 50.135376, 26.155544 ], [ 50.135622, 26.155504 ], [ 50.135649, 26.1555 ], [ 50.14181, 26.154553 ], [ 50.141994, 26.154524 ], [ 50.142241, 26.154488 ], [ 50.142487, 26.154448 ], [ 50.142733, 26.154411 ], [ 50.14298, 26.154372 ], [ 50.143228, 26.154333 ], [ 50.143414, 26.154307 ], [ 50.15581, 26.152399 ], [ 50.155824, 26.152396 ], [ 50.156072, 26.152359 ], [ 50.156318, 26.15232 ], [ 50.156565, 26.152283 ], [ 50.156811, 26.152244 ], [ 50.157059, 26.152205 ], [ 50.157304, 26.15217 ], [ 50.157517, 26.152135 ], [ 50.158217, 26.152029 ], [ 50.158369, 26.152005 ], [ 50.158616, 26.151968 ], [ 50.158863, 26.151929 ], [ 50.159099, 26.151892 ], [ 50.159298, 26.151861 ], [ 50.159362, 26.151853 ], [ 50.159615, 26.151823 ], [ 50.159862, 26.151792 ], [ 50.16208, 26.151523 ], [ 50.162083, 26.151598 ], [ 50.162238, 26.155817 ], [ 50.162269, 26.156682 ], [ 50.162291, 26.157321 ], [ 50.162414, 26.160766 ], [ 50.162431, 26.161243 ], [ 50.162556, 26.164713 ], [ 50.16258, 26.165363 ], [ 50.162853, 26.172886 ] ] ] } },
{ "type": "Feature", "properties": { "district_id": 10500031035, "city_id": 31, "region_id": 5, "name_ar": "حي الكوثر", "name_en": "Al Kawthar Dist." }, "geometry": { "type": "Polygon", "coordinates": [ [ [ 50.111948, 26.159125 ], [ 50.110566, 26.15665 ], [ 50.10687, 26.149997 ], [ 50.105268, 26.147116 ], [ 50.103971, 26.144772 ], [ 50.102255, 26.141714 ], [ 50.101014, 26.139501 ], [ 50.129656, 26.139677 ], [ 50.12994, 26.140961 ], [ 50.129965, 26.141114 ], [ 50.129994, 26.141295 ], [ 50.13048, 26.144311 ], [ 50.130504, 26.144454 ], [ 50.130539, 26.144678 ], [ 50.130576, 26.144906 ], [ 50.130584, 26.144955 ], [ 50.131228, 26.148778 ], [ 50.131234, 26.148812 ], [ 50.131268, 26.149009 ], [ 50.131302, 26.149206 ], [ 50.131337, 26.149402 ], [ 50.131371, 26.149599 ], [ 50.131405, 26.149793 ], [ 50.131976, 26.153069 ], [ 50.132004, 26.153228 ], [ 50.132038, 26.153424 ], [ 50.132072, 26.153621 ], [ 50.132107, 26.153817 ], [ 50.132125, 26.153921 ], [ 50.132519, 26.15598 ], [ 50.130184, 26.156334 ], [ 50.129979, 26.156366 ], [ 50.129733, 26.156403 ], [ 50.129486, 26.156443 ], [ 50.12924, 26.156479 ], [ 50.128993, 26.156519 ], [ 50.128784, 26.156551 ], [ 50.126117, 26.156959 ], [ 50.125967, 26.156983 ], [ 50.125721, 26.15702 ], [ 50.125474, 26.157059 ], [ 50.125227, 26.157096 ], [ 50.124981, 26.157135 ], [ 50.124734, 26.157172 ], [ 50.124488, 26.157211 ], [ 50.124434, 26.15722 ], [ 50.116142, 26.158492 ], [ 50.115937, 26.158525 ], [ 50.11569, 26.158561 ], [ 50.115444, 26.158601 ], [ 50.115197, 26.158637 ], [ 50.114951, 26.158677 ], [ 50.114706, 26.158713 ], [ 50.111948, 26.159125 ] ] ] } },
{ "type": "Feature", "properties": { "district_id": 10500031036, "city_id": 31, "region_id": 5, "name_ar": "حي الرجاء", "name_en": "Ar Raja Dist." }, "geometry": { "type": "Polygon", "coordinates": [ [ [ 50.123925, 26.179523 ], [ 50.123859, 26.179432 ], [ 50.123557, 26.179012 ], [ 50.123244, 26.178573 ], [ 50.122836, 26.178006 ], [ 50.122447, 26.177462 ], [ 50.122021, 26.17687 ], [ 50.121642, 26.176342 ], [ 50.121184, 26.175707 ], [ 50.120115, 26.174254 ], [ 50.119797, 26.173475 ], [ 50.119417, 26.172631 ], [ 50.11902, 26.171854 ], [ 50.118738, 26.171331 ], [ 50.118047, 26.170067 ], [ 50.117435, 26.168991 ], [ 50.116847, 26.167947 ], [ 50.116249, 26.166856 ], [ 50.115597, 26.165678 ], [ 50.114964, 26.164545 ], [ 50.114683, 26.164043 ], [ 50.113831, 26.162518 ], [ 50.11321, 26.161386 ], [ 50.111948, 26.159125 ], [ 50.114706, 26.158713 ], [ 50.114951, 26.158677 ], [ 50.115197, 26.158637 ], [ 50.115444, 26.158601 ], [ 50.11569, 26.158561 ], [ 50.115937, 26.158525 ], [ 50.116142, 26.158492 ], [ 50.124434, 26.15722 ], [ 50.124488, 26.157211 ], [ 50.124734, 26.157172 ], [ 50.124981, 26.157135 ], [ 50.125227, 26.157096 ], [ 50.125474, 26.157059 ], [ 50.125721, 26.15702 ], [ 50.125967, 26.156983 ], [ 50.126117, 26.156959 ], [ 50.128784, 26.156551 ], [ 50.128993, 26.156519 ], [ 50.12924, 26.156479 ], [ 50.129486, 26.156443 ], [ 50.129733, 26.156403 ], [ 50.129979, 26.156366 ], [ 50.130184, 26.156334 ], [ 50.132519, 26.15598 ], [ 50.1329, 26.157964 ], [ 50.132916, 26.158048 ], [ 50.132958, 26.158271 ], [ 50.133, 26.158493 ], [ 50.133042, 26.158717 ], [ 50.133077, 26.158904 ], [ 50.133961, 26.163591 ], [ 50.134012, 26.163862 ], [ 50.134399, 26.165912 ], [ 50.136184, 26.175364 ], [ 50.136226, 26.175588 ], [ 50.136268, 26.17581 ], [ 50.13631, 26.176033 ], [ 50.136352, 26.176255 ], [ 50.136394, 26.176478 ], [ 50.136423, 26.176632 ], [ 50.13646, 26.176827 ], [ 50.136495, 26.177012 ], [ 50.135903, 26.177103 ], [ 50.135793, 26.17712 ], [ 50.132179, 26.177674 ], [ 50.132007, 26.177703 ], [ 50.131876, 26.177722 ], [ 50.130609, 26.177859 ], [ 50.130393, 26.177912 ], [ 50.130225, 26.177954 ], [ 50.126508, 26.178879 ], [ 50.126362, 26.178917 ], [ 50.123925, 26.179523 ] ] ] } },
{ "type": "Feature", "properties": { "district_id": 10500031037, "city_id": 31, "region_id": 5, "name_ar": "حي الصواري", "name_en": "As Sawari Dist." }, "geometry": { "type": "Polygon", "coordinates": [ [ [ 50.16293, 26.174994 ], [ 50.162982, 26.175642 ], [ 50.163058, 26.175957 ], [ 50.163168, 26.176334 ], [ 50.163298, 26.176674 ], [ 50.163439, 26.176963 ], [ 50.16365, 26.177326 ], [ 50.163895, 26.177686 ], [ 50.164195, 26.178017 ], [ 50.16438, 26.17819 ], [ 50.16438, 26.178191 ], [ 50.164408, 26.178217 ], [ 50.164483, 26.178491 ], [ 50.164532, 26.178678 ], [ 50.164616, 26.178984 ], [ 50.164682, 26.179266 ], [ 50.164738, 26.179558 ], [ 50.164789, 26.179935 ], [ 50.164938, 26.180947 ], [ 50.164975, 26.181256 ], [ 50.165028, 26.181814 ], [ 50.16508, 26.18218 ], [ 50.16509, 26.182273 ], [ 50.165088, 26.182462 ], [ 50.164898, 26.185177 ], [ 50.164909, 26.18545 ], [ 50.164922, 26.18568 ], [ 50.164934, 26.185836 ], [ 50.164955, 26.186107 ], [ 50.164962, 26.186206 ], [ 50.164975, 26.186378 ], [ 50.164996, 26.186651 ], [ 50.165017, 26.186922 ], [ 50.165149, 26.18867 ], [ 50.165155, 26.18874 ], [ 50.165175, 26.189013 ], [ 50.165196, 26.189284 ], [ 50.165272, 26.190054 ], [ 50.165288, 26.190163 ], [ 50.165292, 26.19019 ], [ 50.165335, 26.190459 ], [ 50.165382, 26.190753 ], [ 50.165552, 26.191882 ], [ 50.165563, 26.19195 ], [ 50.165611, 26.192244 ], [ 50.165659, 26.19254 ], [ 50.165769, 26.193215 ], [ 50.165801, 26.193414 ], [ 50.165849, 26.19371 ], [ 50.165897, 26.194006 ], [ 50.166011, 26.194704 ], [ 50.163499, 26.195096 ], [ 50.16308, 26.195161 ], [ 50.163195, 26.195778 ], [ 50.163247, 26.196056 ], [ 50.161586, 26.196313 ], [ 50.145193, 26.198839 ], [ 50.145023, 26.198865 ], [ 50.144727, 26.198911 ], [ 50.144431, 26.198956 ], [ 50.144135, 26.199002 ], [ 50.140747, 26.199501 ], [ 50.140466, 26.198007 ], [ 50.140399, 26.197653 ], [ 50.140332, 26.197295 ], [ 50.140264, 26.196941 ], [ 50.140197, 26.196584 ], [ 50.140129, 26.196229 ], [ 50.140062, 26.195872 ], [ 50.139995, 26.195517 ], [ 50.13993, 26.195169 ], [ 50.139182, 26.191242 ], [ 50.138963, 26.190085 ], [ 50.138725, 26.188824 ], [ 50.138465, 26.187423 ], [ 50.138402, 26.187084 ], [ 50.138334, 26.186727 ], [ 50.138267, 26.186372 ], [ 50.1382, 26.186015 ], [ 50.138133, 26.18566 ], [ 50.138113, 26.185556 ], [ 50.136781, 26.178526 ], [ 50.136764, 26.178435 ], [ 50.136721, 26.178214 ], [ 50.13668, 26.17799 ], [ 50.136637, 26.177769 ], [ 50.136596, 26.177545 ], [ 50.136553, 26.177324 ], [ 50.136547, 26.177287 ], [ 50.136495, 26.177012 ], [ 50.13646, 26.176827 ], [ 50.138093, 26.176583 ], [ 50.1384, 26.176536 ], [ 50.138708, 26.176488 ], [ 50.139016, 26.17644 ], [ 50.139325, 26.176392 ], [ 50.139633, 26.176347 ], [ 50.139939, 26.176299 ], [ 50.140247, 26.176251 ], [ 50.140304, 26.176242 ], [ 50.143553, 26.175743 ], [ 50.143778, 26.175708 ], [ 50.144074, 26.175662 ], [ 50.14437, 26.175616 ], [ 50.144666, 26.175571 ], [ 50.144962, 26.175525 ], [ 50.145258, 26.17548 ], [ 50.145553, 26.175434 ], [ 50.145569, 26.175432 ], [ 50.154357, 26.174077 ], [ 50.154378, 26.174075 ], [ 50.154673, 26.17403 ], [ 50.154969, 26.173984 ], [ 50.155265, 26.173938 ], [ 50.155561, 26.173893 ], [ 50.155857, 26.173847 ], [ 50.156153, 26.173801 ], [ 50.156194, 26.173795 ], [ 50.159219, 26.173327 ], [ 50.159313, 26.173312 ], [ 50.159609, 26.173266 ], [ 50.159905, 26.173221 ], [ 50.160201, 26.173175 ], [ 50.160497, 26.173129 ], [ 50.160793, 26.173084 ], [ 50.160972, 26.173057 ], [ 50.161762, 26.172958 ], [ 50.161951, 26.172946 ], [ 50.162853, 26.172886 ], [ 50.16293, 26.174994 ] ] ] } },
{ "type": "Feature", "properties": { "district_id": 10500031038, "city_id": 31, "region_id": 5, "name_ar": "حي العقيق", "name_en": "Al Aqiq Dist." }, "geometry": { "type": "Polygon", "coordinates": [ [ [ 50.157309, 26.104303 ], [ 50.140808, 26.108842 ], [ 50.140424, 26.108949 ], [ 50.140042, 26.109052 ], [ 50.139657, 26.109158 ], [ 50.139271, 26.109264 ], [ 50.138888, 26.10937 ], [ 50.138503, 26.109477 ], [ 50.13812, 26.109583 ], [ 50.137734, 26.109689 ], [ 50.137045, 26.109879 ], [ 50.13689, 26.109921 ], [ 50.136505, 26.110027 ], [ 50.13612, 26.110133 ], [ 50.135736, 26.110239 ], [ 50.135352, 26.110343 ], [ 50.134969, 26.110449 ], [ 50.134237, 26.110591 ], [ 50.133391, 26.110647 ], [ 50.132516, 26.110657 ], [ 50.12802, 26.110635 ], [ 50.128041, 26.109827 ], [ 50.128085, 26.10822 ], [ 50.128469, 26.09376 ], [ 50.128617, 26.088267 ], [ 50.130341, 26.08772 ], [ 50.135352, 26.086134 ], [ 50.136864, 26.085671 ], [ 50.137161, 26.085589 ], [ 50.13746, 26.08551 ], [ 50.13776, 26.085437 ], [ 50.138062, 26.085369 ], [ 50.138565, 26.085266 ], [ 50.138795, 26.085224 ], [ 50.139026, 26.085187 ], [ 50.139258, 26.085153 ], [ 50.13949, 26.085122 ], [ 50.139853, 26.085082 ], [ 50.140121, 26.085054 ], [ 50.14039, 26.085033 ], [ 50.140659, 26.085014 ], [ 50.140929, 26.085 ], [ 50.141198, 26.08499 ], [ 50.141468, 26.084985 ], [ 50.141786, 26.084985 ], [ 50.142089, 26.084996 ], [ 50.142391, 26.085009 ], [ 50.142694, 26.085029 ], [ 50.142996, 26.085051 ], [ 50.143298, 26.08508 ], [ 50.143599, 26.085113 ], [ 50.144126, 26.085184 ], [ 50.144412, 26.085233 ], [ 50.144697, 26.085284 ], [ 50.14498, 26.085342 ], [ 50.145049, 26.085359 ], [ 50.145077, 26.084411 ], [ 50.153044, 26.081632 ], [ 50.155264, 26.086843 ], [ 50.156712, 26.090244 ], [ 50.157124, 26.091211 ], [ 50.157136, 26.09124 ], [ 50.157119, 26.091404 ], [ 50.15711, 26.091574 ], [ 50.157106, 26.091732 ], [ 50.157103, 26.09228 ], [ 50.157099, 26.092946 ], [ 50.157094, 26.093533 ], [ 50.157105, 26.093786 ], [ 50.157102, 26.09389 ], [ 50.156892, 26.094263 ], [ 50.156763, 26.094481 ], [ 50.156707, 26.094569 ], [ 50.156649, 26.094636 ], [ 50.156599, 26.094677 ], [ 50.156535, 26.094715 ], [ 50.15642, 26.094759 ], [ 50.156053, 26.094883 ], [ 50.156176, 26.095331 ], [ 50.156239, 26.095582 ], [ 50.156297, 26.095831 ], [ 50.15635, 26.096082 ], [ 50.156398, 26.096335 ], [ 50.156447, 26.096622 ], [ 50.156511, 26.097035 ], [ 50.156607, 26.097753 ], [ 50.156729, 26.098874 ], [ 50.156789, 26.099427 ], [ 50.156892, 26.100373 ], [ 50.157017, 26.101577 ], [ 50.157079, 26.102146 ], [ 50.157123, 26.102549 ], [ 50.157154, 26.102826 ], [ 50.157309, 26.104303 ] ] ] } },
{ "type": "Feature", "properties": { "district_id": 10500031039, "city_id": 31, "region_id": 5, "name_ar": "حي المها", "name_en": "Al Maha Dist." }, "geometry": { "type": "Polygon", "coordinates": [ [ [ 50.123925, 26.179523 ], [ 50.126362, 26.178917 ], [ 50.126508, 26.178879 ], [ 50.130225, 26.177954 ], [ 50.130393, 26.177912 ], [ 50.130609, 26.177859 ], [ 50.131876, 26.177722 ], [ 50.132007, 26.177703 ], [ 50.132179, 26.177674 ], [ 50.135793, 26.17712 ], [ 50.135903, 26.177103 ], [ 50.136495, 26.177012 ], [ 50.136547, 26.177287 ], [ 50.136553, 26.177324 ], [ 50.136596, 26.177545 ], [ 50.136637, 26.177769 ], [ 50.13668, 26.17799 ], [ 50.136721, 26.178214 ], [ 50.136764, 26.178435 ], [ 50.136781, 26.178526 ], [ 50.138113, 26.185556 ], [ 50.138133, 26.18566 ], [ 50.1382, 26.186015 ], [ 50.138267, 26.186372 ], [ 50.138334, 26.186727 ], [ 50.138402, 26.187084 ], [ 50.138465, 26.187423 ], [ 50.138725, 26.188824 ], [ 50.138963, 26.190085 ], [ 50.139182, 26.191242 ], [ 50.13993, 26.195169 ], [ 50.139995, 26.195517 ], [ 50.140062, 26.195872 ], [ 50.140129, 26.196229 ], [ 50.140197, 26.196584 ], [ 50.140264, 26.196941 ], [ 50.140332, 26.197295 ], [ 50.140399, 26.197653 ], [ 50.140466, 26.198007 ], [ 50.140747, 26.199501 ], [ 50.136653, 26.200102 ], [ 50.135316, 26.195611 ], [ 50.135086, 26.19512 ], [ 50.134853, 26.194784 ], [ 50.134377, 26.19412 ], [ 50.13389, 26.193438 ], [ 50.133446, 26.192821 ], [ 50.13291, 26.192064 ], [ 50.132425, 26.1914 ], [ 50.131871, 26.19062 ], [ 50.131334, 26.189876 ], [ 50.130821, 26.189162 ], [ 50.130263, 26.188371 ], [ 50.129746, 26.187657 ], [ 50.129251, 26.186959 ], [ 50.128684, 26.186165 ], [ 50.128173, 26.185453 ], [ 50.127663, 26.184737 ], [ 50.126982, 26.183787 ], [ 50.126468, 26.183071 ], [ 50.126194, 26.182692 ], [ 50.125929, 26.182322 ], [ 50.125646, 26.181926 ], [ 50.125361, 26.181529 ], [ 50.124992, 26.181014 ], [ 50.124713, 26.180622 ], [ 50.124286, 26.180024 ], [ 50.123925, 26.179523 ] ] ] } },
{ "type": "Feature", "properties": { "district_id": 10500031040, "city_id": 31, "region_id": 5, "name_ar": "حي الامواج", "name_en": "Al Amwaj Dist." }, "geometry": { "type": "Polygon", "coordinates": [ [ [ 50.16208, 26.151523 ], [ 50.159862, 26.151792 ], [ 50.159615, 26.151823 ], [ 50.159362, 26.151853 ], [ 50.159298, 26.151861 ], [ 50.159099, 26.151892 ], [ 50.158863, 26.151929 ], [ 50.158616, 26.151968 ], [ 50.158369, 26.152005 ], [ 50.158217, 26.152029 ], [ 50.157517, 26.152135 ], [ 50.157304, 26.15217 ], [ 50.157059, 26.152205 ], [ 50.156811, 26.152244 ], [ 50.156565, 26.152283 ], [ 50.156318, 26.15232 ], [ 50.156072, 26.152359 ], [ 50.155824, 26.152396 ], [ 50.15581, 26.152399 ], [ 50.143414, 26.154307 ], [ 50.143228, 26.154333 ], [ 50.14298, 26.154372 ], [ 50.142733, 26.154411 ], [ 50.142487, 26.154448 ], [ 50.142241, 26.154488 ], [ 50.141994, 26.154524 ], [ 50.14181, 26.154553 ], [ 50.135649, 26.1555 ], [ 50.135622, 26.155504 ], [ 50.135376, 26.155544 ], [ 50.135129, 26.15558 ], [ 50.134883, 26.15562 ], [ 50.134638, 26.155654 ], [ 50.13439, 26.155693 ], [ 50.134143, 26.155732 ], [ 50.133898, 26.155767 ], [ 50.132519, 26.15598 ], [ 50.132125, 26.153921 ], [ 50.132107, 26.153817 ], [ 50.132072, 26.153621 ], [ 50.132038, 26.153424 ], [ 50.132004, 26.153228 ], [ 50.131976, 26.153069 ], [ 50.131405, 26.149793 ], [ 50.131371, 26.149599 ], [ 50.131337, 26.149402 ], [ 50.131302, 26.149206 ], [ 50.131268, 26.149009 ], [ 50.131234, 26.148812 ], [ 50.131228, 26.148778 ], [ 50.130584, 26.144955 ], [ 50.130576, 26.144906 ], [ 50.130539, 26.144678 ], [ 50.130504, 26.144454 ], [ 50.13048, 26.144311 ], [ 50.129994, 26.141295 ], [ 50.129965, 26.141114 ], [ 50.12994, 26.140961 ], [ 50.129656, 26.139677 ], [ 50.129308, 26.138106 ], [ 50.129269, 26.137885 ], [ 50.129243, 26.137733 ], [ 50.128716, 26.134728 ], [ 50.128689, 26.134577 ], [ 50.12865, 26.134355 ], [ 50.128635, 26.134267 ], [ 50.128514, 26.133585 ], [ 50.136162, 26.132412 ], [ 50.136416, 26.132373 ], [ 50.13666, 26.132336 ], [ 50.136915, 26.132297 ], [ 50.137154, 26.13226 ], [ 50.137412, 26.132221 ], [ 50.137624, 26.132188 ], [ 50.140108, 26.131801 ], [ 50.140363, 26.131762 ], [ 50.140609, 26.131725 ], [ 50.140859, 26.131686 ], [ 50.141096, 26.131649 ], [ 50.141361, 26.13161 ], [ 50.141606, 26.131571 ], [ 50.14185, 26.131534 ], [ 50.142104, 26.131495 ], [ 50.150945, 26.130118 ], [ 50.151134, 26.130088 ], [ 50.151424, 26.130044 ], [ 50.151712, 26.129999 ], [ 50.153123, 26.12968 ], [ 50.152889, 26.128746 ], [ 50.156988, 26.127872 ], [ 50.156997, 26.1281 ], [ 50.157021, 26.128481 ], [ 50.157056, 26.128908 ], [ 50.157098, 26.129256 ], [ 50.157146, 26.129604 ], [ 50.157201, 26.12995 ], [ 50.157263, 26.130295 ], [ 50.157332, 26.130639 ], [ 50.157407, 26.130982 ], [ 50.157524, 26.131466 ], [ 50.157705, 26.132108 ], [ 50.158008, 26.133092 ], [ 50.158401, 26.134365 ], [ 50.159118, 26.13671 ], [ 50.159242, 26.137119 ], [ 50.159364, 26.137524 ], [ 50.159972, 26.139367 ], [ 50.160517, 26.141095 ], [ 50.16074, 26.141809 ], [ 50.160931, 26.14242 ], [ 50.161328, 26.143745 ], [ 50.161589, 26.144762 ], [ 50.161615, 26.144909 ], [ 50.161661, 26.145119 ], [ 50.161709, 26.14539 ], [ 50.161726, 26.145501 ], [ 50.161813, 26.14603 ], [ 50.161862, 26.146448 ], [ 50.1619, 26.146784 ], [ 50.161942, 26.147344 ], [ 50.16208, 26.151523 ] ] ] } },
{ "type": "Feature", "properties": { "district_id": 10500031041, "city_id": 31, "region_id": 5, "name_ar": "حي اللؤلؤ", "name_en": "Al Lulu Dist." }, "geometry": { "type": "Polygon", "coordinates": [ [ [ 50.156988, 26.127872 ], [ 50.152889, 26.128746 ], [ 50.153123, 26.12968 ], [ 50.151712, 26.129999 ], [ 50.151424, 26.130044 ], [ 50.151134, 26.130088 ], [ 50.150945, 26.130118 ], [ 50.142104, 26.131495 ], [ 50.14185, 26.131534 ], [ 50.141606, 26.131571 ], [ 50.141361, 26.13161 ], [ 50.141096, 26.131649 ], [ 50.140859, 26.131686 ], [ 50.140609, 26.131725 ], [ 50.140363, 26.131762 ], [ 50.140108, 26.131801 ], [ 50.137624, 26.132188 ], [ 50.137412, 26.132221 ], [ 50.137154, 26.13226 ], [ 50.136915, 26.132297 ], [ 50.13666, 26.132336 ], [ 50.136416, 26.132373 ], [ 50.136162, 26.132412 ], [ 50.128514, 26.133585 ], [ 50.128088, 26.131162 ], [ 50.128056, 26.130981 ], [ 50.128017, 26.13076 ], [ 50.127977, 26.130536 ], [ 50.127938, 26.130313 ], [ 50.12791, 26.130154 ], [ 50.127852, 26.129827 ], [ 50.127775, 26.129391 ], [ 50.127741, 26.129194 ], [ 50.127642, 26.128593 ], [ 50.127641, 26.128586 ], [ 50.12764, 26.128577 ], [ 50.127639, 26.128568 ], [ 50.127637, 26.128555 ], [ 50.127636, 26.128539 ], [ 50.127635, 26.128532 ], [ 50.127633, 26.128519 ], [ 50.127631, 26.128505 ], [ 50.12763, 26.128491 ], [ 50.127629, 26.128482 ], [ 50.127627, 26.128469 ], [ 50.127626, 26.128462 ], [ 50.127624, 26.128449 ], [ 50.127623, 26.12843 ], [ 50.127621, 26.128421 ], [ 50.12762, 26.128403 ], [ 50.127619, 26.128394 ], [ 50.127617, 26.128381 ], [ 50.127617, 26.128372 ], [ 50.127616, 26.128363 ], [ 50.127615, 26.128354 ], [ 50.127614, 26.128345 ], [ 50.127612, 26.128331 ], [ 50.127612, 26.12832 ], [ 50.12761, 26.128306 ], [ 50.127609, 26.128293 ], [ 50.127608, 26.128284 ], [ 50.127607, 26.12827 ], [ 50.127605, 26.128257 ], [ 50.127605, 26.128248 ], [ 50.127603, 26.128234 ], [ 50.127603, 26.128225 ], [ 50.127602, 26.128216 ], [ 50.127601, 26.128207 ], [ 50.127601, 26.128198 ], [ 50.1276, 26.128189 ], [ 50.127599, 26.12818 ], [ 50.127598, 26.128171 ], [ 50.127598, 26.128162 ], [ 50.127597, 26.128153 ], [ 50.127596, 26.128135 ], [ 50.127595, 26.128123 ], [ 50.127594, 26.128117 ], [ 50.127594, 26.128108 ], [ 50.127593, 26.128094 ], [ 50.127592, 26.128087 ], [ 50.127592, 26.128078 ], [ 50.127591, 26.128069 ], [ 50.127591, 26.12806 ], [ 50.12759, 26.128051 ], [ 50.12759, 26.128042 ], [ 50.127589, 26.128033 ], [ 50.127588, 26.128024 ], [ 50.127588, 26.128015 ], [ 50.127587, 26.128006 ], [ 50.127587, 26.127999 ], [ 50.127587, 26.12799 ], [ 50.127586, 26.127979 ], [ 50.127585, 26.12797 ], [ 50.127585, 26.127963 ], [ 50.127585, 26.127954 ], [ 50.127584, 26.127945 ], [ 50.127584, 26.127936 ], [ 50.127584, 26.127927 ], [ 50.127583, 26.12792 ], [ 50.127583, 26.127911 ], [ 50.127583, 26.127902 ], [ 50.127582, 26.127893 ], [ 50.127582, 26.127884 ], [ 50.127581, 26.127875 ], [ 50.127581, 26.127861 ], [ 50.12758, 26.127848 ], [ 50.12758, 26.127839 ], [ 50.12758, 26.127825 ], [ 50.127579, 26.127816 ], [ 50.127576, 26.127464 ], [ 50.127576, 26.127457 ], [ 50.127576, 26.127444 ], [ 50.127576, 26.127433 ], [ 50.127577, 26.127419 ], [ 50.127577, 26.127405 ], [ 50.127577, 26.127392 ], [ 50.127577, 26.127383 ], [ 50.127578, 26.127374 ], [ 50.127578, 26.127365 ], [ 50.127578, 26.127358 ], [ 50.127579, 26.127331 ], [ 50.127586, 26.127058 ], [ 50.127591, 26.126855 ], [ 50.127592, 26.12683 ], [ 50.127593, 26.126805 ], [ 50.127594, 26.126744 ], [ 50.127594, 26.126735 ], [ 50.127594, 26.126726 ], [ 50.127594, 26.126719 ], [ 50.127659, 26.124316 ], [ 50.127662, 26.124201 ], [ 50.127667, 26.124022 ], [ 50.127686, 26.123567 ], [ 50.12769, 26.123406 ], [ 50.127695, 26.123181 ], [ 50.127701, 26.122955 ], [ 50.127707, 26.122729 ], [ 50.127708, 26.122691 ], [ 50.127941, 26.113643 ], [ 50.127946, 26.113453 ], [ 50.127952, 26.113228 ], [ 50.127958, 26.113002 ], [ 50.127963, 26.112819 ], [ 50.12802, 26.110635 ], [ 50.132516, 26.110657 ], [ 50.133391, 26.110647 ], [ 50.134237, 26.110591 ], [ 50.134969, 26.110449 ], [ 50.135352, 26.110343 ], [ 50.135736, 26.110239 ], [ 50.13612, 26.110133 ], [ 50.136505, 26.110027 ], [ 50.13689, 26.109921 ], [ 50.137045, 26.109879 ], [ 50.137734, 26.109689 ], [ 50.13812, 26.109583 ], [ 50.138503, 26.109477 ], [ 50.138888, 26.10937 ], [ 50.139271, 26.109264 ], [ 50.139657, 26.109158 ], [ 50.140042, 26.109052 ], [ 50.140424, 26.108949 ], [ 50.140808, 26.108842 ], [ 50.157309, 26.104303 ], [ 50.15733, 26.104495 ], [ 50.157669, 26.107635 ], [ 50.15808, 26.111497 ], [ 50.158215, 26.112721 ], [ 50.158355, 26.114045 ], [ 50.158381, 26.114366 ], [ 50.1584, 26.114689 ], [ 50.158408, 26.114878 ], [ 50.158413, 26.115009 ], [ 50.15842, 26.115332 ], [ 50.158417, 26.115885 ], [ 50.158409, 26.116183 ], [ 50.158394, 26.116483 ], [ 50.158375, 26.116781 ], [ 50.158349, 26.117081 ], [ 50.158289, 26.117604 ], [ 50.158223, 26.118069 ], [ 50.158136, 26.118608 ], [ 50.157943, 26.119823 ], [ 50.15786, 26.120342 ], [ 50.157848, 26.120417 ], [ 50.157618, 26.121873 ], [ 50.157433, 26.123032 ], [ 50.157182, 26.124629 ], [ 50.157106, 26.125143 ], [ 50.15707, 26.125437 ], [ 50.157039, 26.12573 ], [ 50.157014, 26.126023 ], [ 50.156995, 26.126319 ], [ 50.156981, 26.126612 ], [ 50.156974, 26.126908 ], [ 50.156972, 26.127339 ], [ 50.156981, 26.12772 ], [ 50.156988, 26.127872 ] ] ] } },
{ "type": "Feature", "properties": { "district_id": 10500031042, "city_id": 31, "region_id": 5, "name_ar": "حي المرجان", "name_en": "Al Murjan Dist." }, "geometry": { "type": "Polygon", "coordinates": [ [ [ 50.129656, 26.139677 ], [ 50.101014, 26.139501 ], [ 50.100453, 26.138513 ], [ 50.098988, 26.135931 ], [ 50.097389, 26.133176 ], [ 50.097408, 26.133145 ], [ 50.097542, 26.132913 ], [ 50.098965, 26.130482 ], [ 50.099764, 26.129128 ], [ 50.101126, 26.126819 ], [ 50.102778, 26.123996 ], [ 50.103983, 26.12197 ], [ 50.104204, 26.121599 ], [ 50.105532, 26.11958 ], [ 50.106443, 26.118308 ], [ 50.106569, 26.118135 ], [ 50.107682, 26.116621 ], [ 50.108697, 26.115239 ], [ 50.11103, 26.112048 ], [ 50.111202, 26.111814 ], [ 50.11153, 26.111371 ], [ 50.112707, 26.109767 ], [ 50.113176, 26.109115 ], [ 50.113226, 26.109046 ], [ 50.113396, 26.108798 ], [ 50.113561, 26.108549 ], [ 50.113722, 26.108295 ], [ 50.113878, 26.108038 ], [ 50.114028, 26.10778 ], [ 50.114174, 26.107521 ], [ 50.114344, 26.107202 ], [ 50.114507, 26.106878 ], [ 50.114663, 26.106551 ], [ 50.114813, 26.10622 ], [ 50.114956, 26.105889 ], [ 50.115205, 26.10527 ], [ 50.11531, 26.104982 ], [ 50.11541, 26.104694 ], [ 50.115504, 26.104401 ], [ 50.115592, 26.104108 ], [ 50.115674, 26.103815 ], [ 50.115751, 26.103517 ], [ 50.115822, 26.103222 ], [ 50.115919, 26.102769 ], [ 50.116176, 26.101373 ], [ 50.116416, 26.099975 ], [ 50.116598, 26.098949 ], [ 50.116788, 26.097926 ], [ 50.116834, 26.097721 ], [ 50.116882, 26.097518 ], [ 50.116936, 26.097315 ], [ 50.116992, 26.097112 ], [ 50.117053, 26.096912 ], [ 50.117118, 26.096713 ], [ 50.117244, 26.096353 ], [ 50.117308, 26.09618 ], [ 50.117375, 26.096009 ], [ 50.117446, 26.095837 ], [ 50.11752, 26.095669 ], [ 50.117597, 26.0955 ], [ 50.117678, 26.095333 ], [ 50.117761, 26.095167 ], [ 50.117848, 26.095002 ], [ 50.117938, 26.094838 ], [ 50.118031, 26.094676 ], [ 50.118127, 26.094517 ], [ 50.118227, 26.094357 ], [ 50.118329, 26.0942 ], [ 50.118435, 26.094044 ], [ 50.118543, 26.093889 ], [ 50.118654, 26.093739 ], [ 50.118769, 26.093588 ], [ 50.119002, 26.093299 ], [ 50.119125, 26.09315 ], [ 50.119251, 26.093002 ], [ 50.11938, 26.092858 ], [ 50.119512, 26.092717 ], [ 50.119647, 26.092576 ], [ 50.119784, 26.092439 ], [ 50.119924, 26.092302 ], [ 50.120066, 26.09217 ], [ 50.120211, 26.092037 ], [ 50.120359, 26.09191 ], [ 50.120509, 26.091782 ], [ 50.120791, 26.091556 ], [ 50.120984, 26.091412 ], [ 50.121181, 26.091274 ], [ 50.12138, 26.091135 ], [ 50.121581, 26.091003 ], [ 50.121785, 26.090871 ], [ 50.121992, 26.090744 ], [ 50.122201, 26.090621 ], [ 50.122613, 26.090388 ], [ 50.122822, 26.090284 ], [ 50.123032, 26.090181 ], [ 50.123244, 26.090083 ], [ 50.123458, 26.089987 ], [ 50.123674, 26.089894 ], [ 50.123892, 26.089805 ], [ 50.124112, 26.08972 ], [ 50.124333, 26.089638 ], [ 50.124627, 26.089534 ], [ 50.127686, 26.088564 ], [ 50.128577, 26.08828 ], [ 50.128617, 26.088267 ], [ 50.128469, 26.09376 ], [ 50.128085, 26.10822 ], [ 50.128041, 26.109827 ], [ 50.12802, 26.110635 ], [ 50.127963, 26.112819 ], [ 50.127958, 26.113002 ], [ 50.127952, 26.113228 ], [ 50.127946, 26.113453 ], [ 50.127941, 26.113643 ], [ 50.127708, 26.122691 ], [ 50.127707, 26.122729 ], [ 50.127701, 26.122955 ], [ 50.127695, 26.123181 ], [ 50.12769, 26.123406 ], [ 50.127686, 26.123567 ], [ 50.127667, 26.124022 ], [ 50.127662, 26.124201 ], [ 50.127659, 26.124316 ], [ 50.127594, 26.126719 ], [ 50.127594, 26.126726 ], [ 50.127594, 26.126735 ], [ 50.127594, 26.126744 ], [ 50.127593, 26.126805 ], [ 50.127592, 26.12683 ], [ 50.127591, 26.126855 ], [ 50.127586, 26.127058 ], [ 50.127579, 26.127331 ], [ 50.127578, 26.127358 ], [ 50.127578, 26.127365 ], [ 50.127578, 26.127374 ], [ 50.127577, 26.127383 ], [ 50.127577, 26.127392 ], [ 50.127577, 26.127405 ], [ 50.127577, 26.127419 ], [ 50.127576, 26.127433 ], [ 50.127576, 26.127444 ], [ 50.127576, 26.127457 ], [ 50.127576, 26.127464 ], [ 50.127579, 26.127816 ], [ 50.12758, 26.127825 ], [ 50.12758, 26.127839 ], [ 50.12758, 26.127848 ], [ 50.127581, 26.127861 ], [ 50.127581, 26.127875 ], [ 50.127582, 26.127884 ], [ 50.127582, 26.127893 ], [ 50.127583, 26.127902 ], [ 50.127583, 26.127911 ], [ 50.127583, 26.12792 ], [ 50.127584, 26.127927 ], [ 50.127584, 26.127936 ], [ 50.127584, 26.127945 ], [ 50.127585, 26.127954 ], [ 50.127585, 26.127963 ], [ 50.127585, 26.12797 ], [ 50.127586, 26.127979 ], [ 50.127587, 26.12799 ], [ 50.127587, 26.127999 ], [ 50.127587, 26.128006 ], [ 50.127588, 26.128015 ], [ 50.127588, 26.128024 ], [ 50.127589, 26.128033 ], [ 50.12759, 26.128042 ], [ 50.12759, 26.128051 ], [ 50.127591, 26.12806 ], [ 50.127591, 26.128069 ], [ 50.127592, 26.128078 ], [ 50.127592, 26.128087 ], [ 50.127593, 26.128094 ], [ 50.127594, 26.128108 ], [ 50.127594, 26.128117 ], [ 50.127595, 26.128123 ], [ 50.127596, 26.128135 ], [ 50.127597, 26.128153 ], [ 50.127598, 26.128162 ], [ 50.127598, 26.128171 ], [ 50.127599, 26.12818 ], [ 50.1276, 26.128189 ], [ 50.127601, 26.128198 ], [ 50.127601, 26.128207 ], [ 50.127602, 26.128216 ], [ 50.127603, 26.128225 ], [ 50.127603, 26.128234 ], [ 50.127605, 26.128248 ], [ 50.127605, 26.128257 ], [ 50.127607, 26.12827 ], [ 50.127608, 26.128284 ], [ 50.127609, 26.128293 ], [ 50.12761, 26.128306 ], [ 50.127612, 26.12832 ], [ 50.127612, 26.128331 ], [ 50.127614, 26.128345 ], [ 50.127615, 26.128354 ], [ 50.127616, 26.128363 ], [ 50.127617, 26.128372 ], [ 50.127617, 26.128381 ], [ 50.127619, 26.128394 ], [ 50.12762, 26.128403 ], [ 50.127621, 26.128421 ], [ 50.127623, 26.12843 ], [ 50.127624, 26.128449 ], [ 50.127626, 26.128462 ], [ 50.127627, 26.128469 ], [ 50.127629, 26.128482 ], [ 50.12763, 26.128491 ], [ 50.127631, 26.128505 ], [ 50.127633, 26.128519 ], [ 50.127635, 26.128532 ], [ 50.127636, 26.128539 ], [ 50.127637, 26.128555 ], [ 50.127639, 26.128568 ], [ 50.12764, 26.128577 ], [ 50.127641, 26.128586 ], [ 50.127642, 26.128593 ], [ 50.127741, 26.129194 ], [ 50.127775, 26.129391 ], [ 50.127852, 26.129827 ], [ 50.12791, 26.130154 ], [ 50.127938, 26.130313 ], [ 50.127977, 26.130536 ], [ 50.128017, 26.13076 ], [ 50.128056, 26.130981 ], [ 50.128088, 26.131162 ], [ 50.128514, 26.133585 ], [ 50.128635, 26.134267 ], [ 50.12865, 26.134355 ], [ 50.128689, 26.134577 ], [ 50.128716, 26.134728 ], [ 50.129243, 26.137733 ], [ 50.129269, 26.137885 ], [ 50.129308, 26.138106 ], [ 50.129656, 26.139677 ] ] ] } },
{ "type": "Feature", "properties": { "district_id": 10500031043, "city_id": 31, "region_id": 5, "name_ar": "حي السفن", "name_en": "As Sufun Dist." }, "geometry": { "type": "Polygon", "coordinates": [ [ [ 50.156053, 26.094883 ], [ 50.15642, 26.094759 ], [ 50.156535, 26.094715 ], [ 50.156599, 26.094677 ], [ 50.156649, 26.094636 ], [ 50.156707, 26.094569 ], [ 50.156763, 26.094481 ], [ 50.156892, 26.094263 ], [ 50.157102, 26.09389 ], [ 50.157105, 26.093786 ], [ 50.157094, 26.093533 ], [ 50.157099, 26.092946 ], [ 50.157103, 26.09228 ], [ 50.157106, 26.091732 ], [ 50.15711, 26.091574 ], [ 50.157119, 26.091404 ], [ 50.157136, 26.09124 ], [ 50.157132, 26.091212 ], [ 50.157029, 26.090987 ], [ 50.160437, 26.090758 ], [ 50.160598, 26.092535 ], [ 50.161223, 26.092859 ], [ 50.160998, 26.093456 ], [ 50.161161, 26.093906 ], [ 50.162153, 26.094337 ], [ 50.162315, 26.094888 ], [ 50.162108, 26.096783 ], [ 50.160334, 26.097473 ], [ 50.159825, 26.098941 ], [ 50.159683, 26.104035 ], [ 50.16013, 26.111544 ], [ 50.160382, 26.112267 ], [ 50.160839, 26.113572 ], [ 50.162611, 26.118637 ], [ 50.162338, 26.119281 ], [ 50.162713, 26.120638 ], [ 50.163851, 26.124752 ], [ 50.165157, 26.126705 ], [ 50.165505, 26.12661 ], [ 50.165337, 26.126794 ], [ 50.165154, 26.126999 ], [ 50.16518, 26.127139 ], [ 50.165292, 26.12737 ], [ 50.16579, 26.127282 ], [ 50.165876, 26.127416 ], [ 50.165466, 26.127528 ], [ 50.165155, 26.127799 ], [ 50.165306, 26.128267 ], [ 50.165788, 26.128494 ], [ 50.166353, 26.128346 ], [ 50.166406, 26.128425 ], [ 50.166097, 26.128514 ], [ 50.166418, 26.129606 ], [ 50.166872, 26.130912 ], [ 50.166998, 26.131058 ], [ 50.167506, 26.131413 ], [ 50.16772, 26.131529 ], [ 50.168028, 26.131622 ], [ 50.168822, 26.131378 ], [ 50.168913, 26.130881 ], [ 50.169157, 26.130537 ], [ 50.169332, 26.130496 ], [ 50.16948, 26.130515 ], [ 50.169998, 26.132172 ], [ 50.169863, 26.132257 ], [ 50.169689, 26.132292 ], [ 50.169514, 26.132267 ], [ 50.16926, 26.13212 ], [ 50.168981, 26.131773 ], [ 50.168887, 26.131772 ], [ 50.168705, 26.131777 ], [ 50.167676, 26.13202 ], [ 50.167453, 26.132297 ], [ 50.167817, 26.133626 ], [ 50.168198, 26.134603 ], [ 50.168459, 26.135823 ], [ 50.170725, 26.135191 ], [ 50.170783, 26.135403 ], [ 50.168686, 26.136086 ], [ 50.168762, 26.13696 ], [ 50.169574, 26.138165 ], [ 50.16993, 26.137973 ], [ 50.170229, 26.13798 ], [ 50.170206, 26.138095 ], [ 50.169929, 26.138109 ], [ 50.169556, 26.138396 ], [ 50.169757, 26.138878 ], [ 50.170142, 26.1393 ], [ 50.170585, 26.139426 ], [ 50.170895, 26.138708 ], [ 50.170848, 26.138272 ], [ 50.170994, 26.138147 ], [ 50.1711, 26.138745 ], [ 50.170574, 26.140124 ], [ 50.17163, 26.141969 ], [ 50.172374, 26.142423 ], [ 50.174274, 26.139637 ], [ 50.174317, 26.13915 ], [ 50.174918, 26.138569 ], [ 50.175358, 26.138894 ], [ 50.174883, 26.139516 ], [ 50.174439, 26.139737 ], [ 50.173266, 26.141453 ], [ 50.17367, 26.142467 ], [ 50.173755, 26.142679 ], [ 50.173831, 26.14368 ], [ 50.173523, 26.144201 ], [ 50.172471, 26.14432 ], [ 50.171672, 26.143965 ], [ 50.168685, 26.144025 ], [ 50.166578, 26.144735 ], [ 50.164821, 26.146372 ], [ 50.164492, 26.149564 ], [ 50.164984, 26.151116 ], [ 50.165465, 26.154511 ], [ 50.164954, 26.154551 ], [ 50.165911, 26.168545 ], [ 50.166753, 26.171403 ], [ 50.167082, 26.171392 ], [ 50.166824, 26.171979 ], [ 50.167411, 26.174688 ], [ 50.169695, 26.174978 ], [ 50.172282, 26.175046 ], [ 50.172607, 26.175102 ], [ 50.177326, 26.175894 ], [ 50.17727, 26.176813 ], [ 50.176969, 26.180123 ], [ 50.167872, 26.17961 ], [ 50.167863, 26.17961 ], [ 50.167661, 26.1796 ], [ 50.16746, 26.179582 ], [ 50.16726, 26.179557 ], [ 50.167061, 26.179525 ], [ 50.166863, 26.179486 ], [ 50.166667, 26.17944 ], [ 50.166474, 26.179386 ], [ 50.166283, 26.179326 ], [ 50.166095, 26.179259 ], [ 50.16591, 26.179185 ], [ 50.165729, 26.179105 ], [ 50.165551, 26.179018 ], [ 50.165377, 26.178925 ], [ 50.165208, 26.178825 ], [ 50.165043, 26.17872 ], [ 50.164883, 26.178608 ], [ 50.164728, 26.178491 ], [ 50.164578, 26.178369 ], [ 50.164434, 26.178241 ], [ 50.164408, 26.178217 ], [ 50.164378, 26.178191 ], [ 50.16438, 26.17819 ], [ 50.164195, 26.178017 ], [ 50.163895, 26.177686 ], [ 50.16365, 26.177326 ], [ 50.163439, 26.176963 ], [ 50.163298, 26.176674 ], [ 50.163168, 26.176334 ], [ 50.163058, 26.175957 ], [ 50.162982, 26.175642 ], [ 50.16293, 26.174994 ], [ 50.162853, 26.172886 ], [ 50.16258, 26.165363 ], [ 50.162556, 26.164713 ], [ 50.162431, 26.161243 ], [ 50.162414, 26.160766 ], [ 50.162291, 26.157321 ], [ 50.162269, 26.156682 ], [ 50.162238, 26.155817 ], [ 50.162083, 26.151598 ], [ 50.16208, 26.151523 ], [ 50.161942, 26.147344 ], [ 50.1619, 26.146784 ], [ 50.161862, 26.146448 ], [ 50.161813, 26.14603 ], [ 50.161726, 26.145501 ], [ 50.161709, 26.14539 ], [ 50.161661, 26.145119 ], [ 50.161615, 26.144909 ], [ 50.161589, 26.144762 ], [ 50.161328, 26.143745 ], [ 50.160931, 26.14242 ], [ 50.16074, 26.141809 ], [ 50.160517, 26.141095 ], [ 50.159972, 26.139367 ], [ 50.159364, 26.137524 ], [ 50.159242, 26.137119 ], [ 50.159118, 26.13671 ], [ 50.158401, 26.134365 ], [ 50.158008, 26.133092 ], [ 50.157705, 26.132108 ], [ 50.157524, 26.131466 ], [ 50.157407, 26.130982 ], [ 50.157332, 26.130639 ], [ 50.157263, 26.130295 ], [ 50.157201, 26.12995 ], [ 50.157146, 26.129604 ], [ 50.157098, 26.129256 ], [ 50.157056, 26.128908 ], [ 50.157021, 26.128481 ], [ 50.156997, 26.1281 ], [ 50.156988, 26.127872 ], [ 50.156981, 26.12772 ], [ 50.156972, 26.127339 ], [ 50.156974, 26.126908 ], [ 50.156981, 26.126612 ], [ 50.156995, 26.126319 ], [ 50.157014, 26.126023 ], [ 50.157039, 26.12573 ], [ 50.15707, 26.125437 ], [ 50.157106, 26.125143 ], [ 50.157182, 26.124629 ], [ 50.157433, 26.123032 ], [ 50.157618, 26.121873 ], [ 50.157848, 26.120417 ], [ 50.15786, 26.120342 ], [ 50.157943, 26.119823 ], [ 50.158136, 26.118608 ], [ 50.158223, 26.118069 ], [ 50.158289, 26.117604 ], [ 50.158349, 26.117081 ], [ 50.158375, 26.116781 ], [ 50.158394, 26.116483 ], [ 50.158409, 26.116183 ], [ 50.158417, 26.115885 ], [ 50.15842, 26.115332 ], [ 50.158413, 26.115009 ], [ 50.158408, 26.114878 ], [ 50.1584, 26.114689 ], [ 50.158381, 26.114366 ], [ 50.158355, 26.114045 ], [ 50.158215, 26.112721 ], [ 50.15808, 26.111497 ], [ 50.157669, 26.107635 ], [ 50.15733, 26.104495 ], [ 50.157309, 26.104303 ], [ 50.157154, 26.102826 ], [ 50.157123, 26.102549 ], [ 50.157079, 26.102146 ], [ 50.157017, 26.101577 ], [ 50.156892, 26.100373 ], [ 50.156789, 26.099427 ], [ 50.156729, 26.098874 ], [ 50.156607, 26.097753 ], [ 50.156511, 26.097035 ], [ 50.156447, 26.096622 ], [ 50.156398, 26.096335 ], [ 50.15635, 26.096082 ], [ 50.156297, 26.095831 ], [ 50.156239, 26.095582 ], [ 50.156176, 26.095331 ], [ 50.156053, 26.094883 ] ] ] } },
{ "type": "Feature", "properties": { "district_id": 10500031044, "city_id": 31, "region_id": 5, "name_ar": "حي الصدفة", "name_en": "As Sadafah Dist." }, "geometry": { "type": "Polygon", "coordinates": [ [ [ 50.221721, 26.366962 ], [ 50.239034, 26.370998 ], [ 50.240606, 26.371364 ], [ 50.240482, 26.37161 ], [ 50.240353, 26.371855 ], [ 50.240219, 26.372096 ], [ 50.240081, 26.372335 ], [ 50.240773, 26.373219 ], [ 50.234236, 26.385686 ], [ 50.19833, 26.375198 ], [ 50.198437, 26.375055 ], [ 50.199672, 26.373501 ], [ 50.200954, 26.371738 ], [ 50.20197, 26.370566 ], [ 50.202152, 26.370356 ], [ 50.202191, 26.370311 ], [ 50.202232, 26.370264 ], [ 50.20227, 26.370225 ], [ 50.202331, 26.370164 ], [ 50.202813, 26.369676 ], [ 50.202959, 26.369529 ], [ 50.202987, 26.369501 ], [ 50.203212, 26.369274 ], [ 50.203403, 26.369082 ], [ 50.203623, 26.368859 ], [ 50.203822, 26.368657 ], [ 50.203891, 26.368588 ], [ 50.203959, 26.368519 ], [ 50.203959, 26.368519 ], [ 50.203959, 26.368519 ], [ 50.203959, 26.368519 ], [ 50.203965, 26.368513 ], [ 50.203967, 26.36851 ], [ 50.204317, 26.368098 ], [ 50.204731, 26.367609 ], [ 50.204873, 26.367464 ], [ 50.20502, 26.367313 ], [ 50.205309, 26.366979 ], [ 50.205488, 26.366713 ], [ 50.205529, 26.366652 ], [ 50.205704, 26.366325 ], [ 50.205818, 26.366105 ], [ 50.205985, 26.365694 ], [ 50.206076, 26.365398 ], [ 50.206221, 26.364721 ], [ 50.206405, 26.36379 ], [ 50.208011, 26.363945 ], [ 50.208233, 26.363973 ], [ 50.208455, 26.364004 ], [ 50.20885, 26.364067 ], [ 50.209421, 26.364212 ], [ 50.210115, 26.364367 ], [ 50.210184, 26.364271 ], [ 50.221721, 26.366962 ] ] ] } },
{ "type": "Feature", "properties": { "district_id": 10500227001, "city_id": 227, "region_id": 5, "name_ar": "حي الدوحة الجنوبية", "name_en": "Ad Dawhah Al Janubiyah Dist." }, "geometry": { "type": "Polygon", "coordinates": [ [ [ 50.165176, 26.298105 ], [ 50.165175, 26.298106 ], [ 50.165698, 26.298432 ], [ 50.168195, 26.299972 ], [ 50.168609, 26.300253 ], [ 50.168926, 26.300467 ], [ 50.170087, 26.301263 ], [ 50.170926, 26.301865 ], [ 50.171529, 26.302403 ], [ 50.172389, 26.303306 ], [ 50.173099, 26.304124 ], [ 50.175243, 26.307352 ], [ 50.175319, 26.307467 ], [ 50.175823, 26.308227 ], [ 50.177552, 26.310837 ], [ 50.178728, 26.312702 ], [ 50.179106, 26.313323 ], [ 50.179198, 26.313548 ], [ 50.179255, 26.313707 ], [ 50.179316, 26.313939 ], [ 50.179369, 26.314204 ], [ 50.179417, 26.3145 ], [ 50.179464, 26.314951 ], [ 50.179505, 26.315343 ], [ 50.17955, 26.316298 ], [ 50.179543, 26.316658 ], [ 50.17952, 26.317911 ], [ 50.179485, 26.319559 ], [ 50.179483, 26.319697 ], [ 50.179482, 26.319742 ], [ 50.179464, 26.320589 ], [ 50.179447, 26.321465 ], [ 50.179394, 26.324068 ], [ 50.179379, 26.32457 ], [ 50.179375, 26.324679 ], [ 50.17935, 26.32546 ], [ 50.179319, 26.326462 ], [ 50.17928, 26.327704 ], [ 50.179261, 26.328285 ], [ 50.179261, 26.328422 ], [ 50.179261, 26.328792 ], [ 50.179261, 26.330195 ], [ 50.179146, 26.332646 ], [ 50.178508, 26.332529 ], [ 50.178379, 26.332506 ], [ 50.177913, 26.332426 ], [ 50.177127, 26.332293 ], [ 50.176654, 26.332212 ], [ 50.176372, 26.332163 ], [ 50.175785, 26.331968 ], [ 50.17522, 26.331747 ], [ 50.174633, 26.331429 ], [ 50.174118, 26.331163 ], [ 50.173774, 26.330988 ], [ 50.172191, 26.330374 ], [ 50.171081, 26.329975 ], [ 50.170772, 26.329865 ], [ 50.17052, 26.329802 ], [ 50.170276, 26.329737 ], [ 50.169986, 26.329685 ], [ 50.169754, 26.329653 ], [ 50.16949, 26.329613 ], [ 50.168968, 26.329603 ], [ 50.16856, 26.329596 ], [ 50.168075, 26.329611 ], [ 50.16735, 26.32963 ], [ 50.167095, 26.329657 ], [ 50.166885, 26.329676 ], [ 50.166652, 26.329716 ], [ 50.166061, 26.329851 ], [ 50.165878, 26.32992 ], [ 50.165271, 26.330189 ], [ 50.165, 26.330326 ], [ 50.164642, 26.330538 ], [ 50.164394, 26.330688 ], [ 50.164138, 26.330885 ], [ 50.163986, 26.331009 ], [ 50.163833, 26.331131 ], [ 50.163063, 26.331797 ], [ 50.162483, 26.332256 ], [ 50.162212, 26.332483 ], [ 50.162082, 26.332607 ], [ 50.161632, 26.332947 ], [ 50.161022, 26.333412 ], [ 50.160663, 26.33366 ], [ 50.160385, 26.333853 ], [ 50.159984, 26.334112 ], [ 50.159896, 26.334171 ], [ 50.159532, 26.334331 ], [ 50.159359, 26.334394 ], [ 50.159184, 26.33445 ], [ 50.159007, 26.334499 ], [ 50.158828, 26.334542 ], [ 50.158648, 26.334577 ], [ 50.158466, 26.334605 ], [ 50.158284, 26.334627 ], [ 50.158101, 26.334641 ], [ 50.157917, 26.334648 ], [ 50.157733, 26.334648 ], [ 50.15755, 26.334641 ], [ 50.157367, 26.334627 ], [ 50.157184, 26.334606 ], [ 50.157001, 26.334564 ], [ 50.156765, 26.334507 ], [ 50.156539, 26.334448 ], [ 50.156246, 26.334377 ], [ 50.156032, 26.334318 ], [ 50.155811, 26.334259 ], [ 50.154384, 26.333817 ], [ 50.154672, 26.332987 ], [ 50.154814, 26.332508 ], [ 50.154993, 26.33182 ], [ 50.155135, 26.331208 ], [ 50.155277, 26.330322 ], [ 50.155314, 26.329974 ], [ 50.155385, 26.329086 ], [ 50.155416, 26.328081 ], [ 50.155414, 26.327812 ], [ 50.155408, 26.327542 ], [ 50.155396, 26.327273 ], [ 50.155392, 26.32713 ], [ 50.155382, 26.326989 ], [ 50.155368, 26.326847 ], [ 50.155346, 26.326683 ], [ 50.155318, 26.32652 ], [ 50.155284, 26.326359 ], [ 50.155244, 26.326198 ], [ 50.155198, 26.32604 ], [ 50.155146, 26.325883 ], [ 50.155088, 26.325728 ], [ 50.155025, 26.325575 ], [ 50.154956, 26.325425 ], [ 50.154882, 26.325277 ], [ 50.154802, 26.325132 ], [ 50.154693, 26.324961 ], [ 50.154578, 26.324794 ], [ 50.154457, 26.324631 ], [ 50.154331, 26.324471 ], [ 50.1542, 26.324317 ], [ 50.154063, 26.324166 ], [ 50.153922, 26.32402 ], [ 50.153776, 26.32388 ], [ 50.153625, 26.323744 ], [ 50.15347, 26.323613 ], [ 50.15331, 26.323487 ], [ 50.153147, 26.323367 ], [ 50.152979, 26.323253 ], [ 50.152808, 26.323144 ], [ 50.149835, 26.321346 ], [ 50.155971, 26.313383 ], [ 50.156175, 26.313115 ], [ 50.156373, 26.312843 ], [ 50.156565, 26.312567 ], [ 50.156752, 26.312287 ], [ 50.156933, 26.312003 ], [ 50.157107, 26.311715 ], [ 50.157276, 26.311424 ], [ 50.157438, 26.311129 ], [ 50.157594, 26.310831 ], [ 50.157744, 26.310529 ], [ 50.157888, 26.310225 ], [ 50.158025, 26.309918 ], [ 50.158155, 26.309607 ], [ 50.158279, 26.309294 ], [ 50.160424, 26.304428 ], [ 50.160913, 26.303539 ], [ 50.161475, 26.302624 ], [ 50.162096, 26.301681 ], [ 50.162291, 26.301403 ], [ 50.162667, 26.300899 ], [ 50.16302, 26.300427 ], [ 50.163383, 26.299978 ], [ 50.163914, 26.299378 ], [ 50.164322, 26.298916 ], [ 50.164886, 26.298346 ], [ 50.165136, 26.29811 ], [ 50.165176, 26.298105 ] ] ] } },
{ "type": "Feature", "properties": { "district_id": 10500227002, "city_id": 227, "region_id": 5, "name_ar": "حي الدانة الشمالية", "name_en": "Ad Danah Ash Shamaliyah Dist." }, "geometry": { "type": "Polygon", "coordinates": [ [ [ 50.150936, 26.339409 ], [ 50.150629, 26.339742 ], [ 50.145511, 26.344839 ], [ 50.143648, 26.343718 ], [ 50.143227, 26.343792 ], [ 50.142929, 26.343842 ], [ 50.142657, 26.343668 ], [ 50.140478, 26.341935 ], [ 50.138249, 26.340276 ], [ 50.137258, 26.339459 ], [ 50.136565, 26.338839 ], [ 50.136565, 26.338773 ], [ 50.135715, 26.338072 ], [ 50.135112, 26.337461 ], [ 50.134735, 26.336899 ], [ 50.134601, 26.336622 ], [ 50.134468, 26.336449 ], [ 50.134086, 26.335821 ], [ 50.133743, 26.335339 ], [ 50.133384, 26.334913 ], [ 50.133117, 26.33468 ], [ 50.132432, 26.334028 ], [ 50.132629, 26.333918 ], [ 50.137026, 26.331394 ], [ 50.138756, 26.330386 ], [ 50.139419, 26.330019 ], [ 50.140087, 26.329594 ], [ 50.140549, 26.329283 ], [ 50.141308, 26.32874 ], [ 50.141574, 26.328532 ], [ 50.141799, 26.328814 ], [ 50.142086, 26.329096 ], [ 50.143531, 26.33053 ], [ 50.143993, 26.330971 ], [ 50.144283, 26.331177 ], [ 50.144535, 26.331354 ], [ 50.144683, 26.331469 ], [ 50.144851, 26.33157 ], [ 50.145053, 26.331671 ], [ 50.145259, 26.331739 ], [ 50.14553, 26.331829 ], [ 50.14624, 26.331999 ], [ 50.146762, 26.332079 ], [ 50.147079, 26.332111 ], [ 50.147846, 26.332169 ], [ 50.149067, 26.332111 ], [ 50.149604, 26.332123 ], [ 50.149898, 26.332148 ], [ 50.150348, 26.332207 ], [ 50.150596, 26.3323 ], [ 50.151279, 26.332603 ], [ 50.151416, 26.332664 ], [ 50.15324, 26.333462 ], [ 50.154384, 26.333817 ], [ 50.154108, 26.334528 ], [ 50.153954, 26.334868 ], [ 50.153795, 26.335206 ], [ 50.15363, 26.335541 ], [ 50.153459, 26.335873 ], [ 50.153279, 26.336188 ], [ 50.153093, 26.3365 ], [ 50.152902, 26.336808 ], [ 50.152705, 26.337113 ], [ 50.152503, 26.337414 ], [ 50.152295, 26.337711 ], [ 50.152082, 26.338004 ], [ 50.151863, 26.338294 ], [ 50.151639, 26.338579 ], [ 50.15141, 26.33886 ], [ 50.151175, 26.339137 ], [ 50.150936, 26.339409 ] ] ] } },
{ "type": "Feature", "properties": { "district_id": 10500227003, "city_id": 227, "region_id": 5, "name_ar": "حي القصور", "name_en": "Al Qusur Dist." }, "geometry": { "type": "Polygon", "coordinates": [ [ [ 50.153499, 26.335901 ], [ 50.155052, 26.337019 ], [ 50.155246, 26.33716 ], [ 50.158245, 26.339289 ], [ 50.159919, 26.340509 ], [ 50.160499, 26.340933 ], [ 50.162395, 26.342314 ], [ 50.162971, 26.342833 ], [ 50.163681, 26.343384 ], [ 50.164417, 26.343922 ], [ 50.164753, 26.344164 ], [ 50.165452, 26.344689 ], [ 50.164887, 26.345202 ], [ 50.164802, 26.345278 ], [ 50.163261, 26.346632 ], [ 50.162502, 26.3473 ], [ 50.16106, 26.34853 ], [ 50.159832, 26.349575 ], [ 50.156353, 26.3526 ], [ 50.156223, 26.352705 ], [ 50.155654, 26.353195 ], [ 50.147983, 26.35978 ], [ 50.147968, 26.359793 ], [ 50.145131, 26.362235 ], [ 50.14511, 26.362263 ], [ 50.144947, 26.362003 ], [ 50.144516, 26.361364 ], [ 50.143673, 26.360241 ], [ 50.14289, 26.359282 ], [ 50.142265, 26.358549 ], [ 50.141452, 26.35766 ], [ 50.140615, 26.356851 ], [ 50.140605, 26.356842 ], [ 50.140335, 26.35659 ], [ 50.140167, 26.356436 ], [ 50.139934, 26.356222 ], [ 50.139072, 26.355436 ], [ 50.138195, 26.354782 ], [ 50.137909, 26.354559 ], [ 50.137436, 26.354207 ], [ 50.137397, 26.354177 ], [ 50.136993, 26.353867 ], [ 50.136836, 26.353734 ], [ 50.136664, 26.353587 ], [ 50.145511, 26.344839 ], [ 50.150629, 26.339742 ], [ 50.150936, 26.339409 ], [ 50.151175, 26.339137 ], [ 50.15141, 26.33886 ], [ 50.151639, 26.338579 ], [ 50.151863, 26.338294 ], [ 50.152082, 26.338004 ], [ 50.152295, 26.337711 ], [ 50.152503, 26.337414 ], [ 50.152705, 26.337113 ], [ 50.152902, 26.336808 ], [ 50.153093, 26.3365 ], [ 50.153279, 26.336188 ], [ 50.153459, 26.335873 ], [ 50.153459, 26.335872 ], [ 50.153499, 26.335901 ] ] ] } },
{ "type": "Feature", "properties": { "district_id": 10500227004, "city_id": 227, "region_id": 5, "name_ar": "حي الدوحة الشمالية", "name_en": "Ad Dawhah Ash Shamaliyah Dist." }, "geometry": { "type": "Polygon", "coordinates": [ [ [ 50.172455, 26.337934 ], [ 50.172048, 26.338612 ], [ 50.171829, 26.338979 ], [ 50.171639, 26.339211 ], [ 50.171425, 26.339427 ], [ 50.17027, 26.340541 ], [ 50.168771, 26.341782 ], [ 50.168603, 26.341929 ], [ 50.168483, 26.342034 ], [ 50.167902, 26.342521 ], [ 50.1675, 26.34286 ], [ 50.167485, 26.342874 ], [ 50.166324, 26.343851 ], [ 50.166132, 26.344018 ], [ 50.166115, 26.344034 ], [ 50.165464, 26.344677 ], [ 50.165452, 26.344689 ], [ 50.164753, 26.344164 ], [ 50.164417, 26.343922 ], [ 50.163681, 26.343384 ], [ 50.162971, 26.342833 ], [ 50.162395, 26.342314 ], [ 50.160499, 26.340933 ], [ 50.159919, 26.340509 ], [ 50.158245, 26.339289 ], [ 50.155246, 26.33716 ], [ 50.155052, 26.337019 ], [ 50.153499, 26.335901 ], [ 50.153459, 26.335872 ], [ 50.15363, 26.335541 ], [ 50.153795, 26.335206 ], [ 50.153954, 26.334868 ], [ 50.154108, 26.334528 ], [ 50.154384, 26.333817 ], [ 50.155811, 26.334259 ], [ 50.156032, 26.334318 ], [ 50.156246, 26.334377 ], [ 50.156539, 26.334448 ], [ 50.156765, 26.334507 ], [ 50.157001, 26.334564 ], [ 50.157184, 26.334606 ], [ 50.157367, 26.334627 ], [ 50.15755, 26.334641 ], [ 50.157733, 26.334648 ], [ 50.157917, 26.334648 ], [ 50.158101, 26.334641 ], [ 50.158284, 26.334627 ], [ 50.158466, 26.334605 ], [ 50.158648, 26.334577 ], [ 50.158828, 26.334542 ], [ 50.159007, 26.334499 ], [ 50.159184, 26.33445 ], [ 50.159359, 26.334394 ], [ 50.159532, 26.334331 ], [ 50.159896, 26.334171 ], [ 50.159984, 26.334112 ], [ 50.160385, 26.333853 ], [ 50.160663, 26.33366 ], [ 50.161022, 26.333412 ], [ 50.161632, 26.332947 ], [ 50.162082, 26.332607 ], [ 50.162212, 26.332483 ], [ 50.162483, 26.332256 ], [ 50.163063, 26.331797 ], [ 50.163833, 26.331131 ], [ 50.163986, 26.331009 ], [ 50.164138, 26.330885 ], [ 50.164394, 26.330688 ], [ 50.164642, 26.330538 ], [ 50.165, 26.330326 ], [ 50.165271, 26.330189 ], [ 50.165878, 26.32992 ], [ 50.166061, 26.329851 ], [ 50.166652, 26.329716 ], [ 50.166885, 26.329676 ], [ 50.167095, 26.329657 ], [ 50.16735, 26.32963 ], [ 50.168075, 26.329611 ], [ 50.16856, 26.329596 ], [ 50.168968, 26.329603 ], [ 50.16949, 26.329613 ], [ 50.169754, 26.329653 ], [ 50.169986, 26.329685 ], [ 50.170276, 26.329737 ], [ 50.17052, 26.329802 ], [ 50.170772, 26.329865 ], [ 50.171081, 26.329975 ], [ 50.172191, 26.330374 ], [ 50.173774, 26.330988 ], [ 50.174118, 26.331163 ], [ 50.174633, 26.331429 ], [ 50.17522, 26.331747 ], [ 50.175785, 26.331968 ], [ 50.176372, 26.332163 ], [ 50.176654, 26.332212 ], [ 50.177127, 26.332293 ], [ 50.177913, 26.332426 ], [ 50.178379, 26.332506 ], [ 50.178508, 26.332529 ], [ 50.179146, 26.332646 ], [ 50.17912, 26.333197 ], [ 50.179086, 26.334451 ], [ 50.179084, 26.336031 ], [ 50.179084, 26.336144 ], [ 50.179082, 26.336267 ], [ 50.179074, 26.336996 ], [ 50.179057, 26.338219 ], [ 50.179056, 26.338242 ], [ 50.178652, 26.338214 ], [ 50.173519, 26.338148 ], [ 50.173391, 26.338143 ], [ 50.173282, 26.33811 ], [ 50.172585, 26.337719 ], [ 50.172455, 26.337934 ] ] ] } },
{ "type": "Feature", "properties": { "district_id": 10500227005, "city_id": 227, "region_id": 5, "name_ar": "حي الدانة الجنوبية", "name_en": "Ad Danah Al Janubiyah Dist." }, "geometry": { "type": "Polygon", "coordinates": [ [ [ 50.154814, 26.332508 ], [ 50.154672, 26.332987 ], [ 50.154384, 26.333817 ], [ 50.15324, 26.333462 ], [ 50.151416, 26.332664 ], [ 50.151279, 26.332603 ], [ 50.150596, 26.3323 ], [ 50.150348, 26.332207 ], [ 50.149898, 26.332148 ], [ 50.149604, 26.332123 ], [ 50.149067, 26.332111 ], [ 50.147846, 26.332169 ], [ 50.147079, 26.332111 ], [ 50.146762, 26.332079 ], [ 50.14624, 26.331999 ], [ 50.14553, 26.331829 ], [ 50.145259, 26.331739 ], [ 50.145053, 26.331671 ], [ 50.144851, 26.33157 ], [ 50.144683, 26.331469 ], [ 50.144535, 26.331354 ], [ 50.144283, 26.331177 ], [ 50.143993, 26.330971 ], [ 50.143531, 26.33053 ], [ 50.142086, 26.329096 ], [ 50.141799, 26.328814 ], [ 50.141574, 26.328532 ], [ 50.144825, 26.325987 ], [ 50.145988, 26.325085 ], [ 50.146946, 26.324345 ], [ 50.147544, 26.323862 ], [ 50.148051, 26.323422 ], [ 50.148442, 26.323049 ], [ 50.148835, 26.322618 ], [ 50.149045, 26.322362 ], [ 50.149555, 26.321709 ], [ 50.149835, 26.321346 ], [ 50.152808, 26.323144 ], [ 50.152979, 26.323253 ], [ 50.153147, 26.323367 ], [ 50.15331, 26.323487 ], [ 50.15347, 26.323613 ], [ 50.153625, 26.323744 ], [ 50.153776, 26.32388 ], [ 50.153922, 26.32402 ], [ 50.154063, 26.324166 ], [ 50.1542, 26.324317 ], [ 50.154331, 26.324471 ], [ 50.154457, 26.324631 ], [ 50.154578, 26.324794 ], [ 50.154693, 26.324961 ], [ 50.154802, 26.325132 ], [ 50.154882, 26.325277 ], [ 50.154956, 26.325425 ], [ 50.155025, 26.325575 ], [ 50.155088, 26.325728 ], [ 50.155146, 26.325883 ], [ 50.155198, 26.32604 ], [ 50.155244, 26.326198 ], [ 50.155284, 26.326359 ], [ 50.155318, 26.32652 ], [ 50.155346, 26.326683 ], [ 50.155368, 26.326847 ], [ 50.155382, 26.326989 ], [ 50.155392, 26.32713 ], [ 50.155396, 26.327273 ], [ 50.155408, 26.327542 ], [ 50.155414, 26.327812 ], [ 50.155416, 26.328081 ], [ 50.155385, 26.329086 ], [ 50.155314, 26.329974 ], [ 50.155277, 26.330322 ], [ 50.155135, 26.331208 ], [ 50.154993, 26.33182 ], [ 50.154814, 26.332508 ] ] ] } },
{ "type": "Feature", "properties": { "district_id": 10500227006, "city_id": 227, "region_id": 5, "name_ar": "حي الجامعة", "name_en": "Al Jamiah Dist." }, "geometry": { "type": "Polygon", "coordinates": [ [ [ 50.145511, 26.344839 ], [ 50.136664, 26.353587 ], [ 50.136103, 26.353109 ], [ 50.13571, 26.352824 ], [ 50.134874, 26.352219 ], [ 50.133827, 26.351513 ], [ 50.133008, 26.351073 ], [ 50.133005, 26.351072 ], [ 50.132755, 26.350937 ], [ 50.132672, 26.350896 ], [ 50.132318, 26.350719 ], [ 50.132216, 26.350664 ], [ 50.132179, 26.35065 ], [ 50.131735, 26.35044 ], [ 50.131185, 26.350205 ], [ 50.13006, 26.349786 ], [ 50.129511, 26.349603 ], [ 50.127195, 26.348892 ], [ 50.126232, 26.348566 ], [ 50.125412, 26.348264 ], [ 50.125361, 26.348241 ], [ 50.124973, 26.3481 ], [ 50.123842, 26.347633 ], [ 50.122938, 26.347169 ], [ 50.122025, 26.346678 ], [ 50.121106, 26.346108 ], [ 50.120907, 26.345972 ], [ 50.120196, 26.345462 ], [ 50.12016, 26.345434 ], [ 50.12012, 26.345402 ], [ 50.119024, 26.344536 ], [ 50.118192, 26.343867 ], [ 50.116962, 26.342869 ], [ 50.116227, 26.342274 ], [ 50.115328, 26.341512 ], [ 50.114059, 26.340508 ], [ 50.114369, 26.340551 ], [ 50.11468, 26.340588 ], [ 50.114991, 26.340619 ], [ 50.115303, 26.340643 ], [ 50.115615, 26.34066 ], [ 50.115928, 26.340671 ], [ 50.116241, 26.340676 ], [ 50.116553, 26.340674 ], [ 50.116866, 26.340665 ], [ 50.117179, 26.34065 ], [ 50.117491, 26.340628 ], [ 50.117802, 26.3406 ], [ 50.118113, 26.340565 ], [ 50.118423, 26.340524 ], [ 50.118678, 26.340472 ], [ 50.118931, 26.340414 ], [ 50.119183, 26.340349 ], [ 50.119433, 26.340277 ], [ 50.119681, 26.340199 ], [ 50.119926, 26.340115 ], [ 50.12017, 26.340025 ], [ 50.120411, 26.339928 ], [ 50.12065, 26.339825 ], [ 50.120885, 26.339715 ], [ 50.121639, 26.339311 ], [ 50.122137, 26.339009 ], [ 50.123034, 26.338434 ], [ 50.124372, 26.337643 ], [ 50.125406, 26.337102 ], [ 50.126328, 26.336669 ], [ 50.129125, 26.335525 ], [ 50.130455, 26.335005 ], [ 50.131399, 26.334568 ], [ 50.132019, 26.334253 ], [ 50.132342, 26.334079 ], [ 50.132432, 26.334028 ], [ 50.133117, 26.33468 ], [ 50.133384, 26.334913 ], [ 50.133743, 26.335339 ], [ 50.134086, 26.335821 ], [ 50.134468, 26.336449 ], [ 50.134601, 26.336622 ], [ 50.134735, 26.336899 ], [ 50.135112, 26.337461 ], [ 50.135715, 26.338072 ], [ 50.136565, 26.338773 ], [ 50.136565, 26.338839 ], [ 50.137258, 26.339459 ], [ 50.138249, 26.340276 ], [ 50.140478, 26.341935 ], [ 50.142657, 26.343668 ], [ 50.142929, 26.343842 ], [ 50.143227, 26.343792 ], [ 50.143648, 26.343718 ], [ 50.145511, 26.344839 ] ] ] } },
{ "type": "Feature", "properties": { "district_id": 10500227007, "city_id": 227, "region_id": 5, "name_ar": "حي الحرس الوطني", "name_en": "Al Haras Al Watani Dist." }, "geometry": { "type": "Polygon", "coordinates": [ [ [ 50.173013, 26.368239 ], [ 50.17301, 26.368318 ], [ 50.173, 26.368397 ], [ 50.172985, 26.368475 ], [ 50.172962, 26.368551 ], [ 50.172934, 26.368626 ], [ 50.1729, 26.368697 ], [ 50.172859, 26.368766 ], [ 50.172814, 26.368831 ], [ 50.172763, 26.368892 ], [ 50.172707, 26.368948 ], [ 50.167266, 26.373779 ], [ 50.171053, 26.377062 ], [ 50.170979, 26.377127 ], [ 50.170959, 26.377144 ], [ 50.168599, 26.379232 ], [ 50.166134, 26.381427 ], [ 50.165218, 26.382242 ], [ 50.164573, 26.382817 ], [ 50.151833, 26.394157 ], [ 50.1515, 26.3932 ], [ 50.151466, 26.393101 ], [ 50.151459, 26.39308 ], [ 50.151184, 26.392295 ], [ 50.151155, 26.392188 ], [ 50.151056, 26.391815 ], [ 50.15087, 26.391118 ], [ 50.15074, 26.390647 ], [ 50.15053, 26.389914 ], [ 50.150321, 26.388999 ], [ 50.150255, 26.388761 ], [ 50.150234, 26.388686 ], [ 50.150152, 26.388388 ], [ 50.150111, 26.38824 ], [ 50.149802, 26.387039 ], [ 50.14978, 26.386957 ], [ 50.149755, 26.386858 ], [ 50.149745, 26.38682 ], [ 50.149693, 26.386618 ], [ 50.149687, 26.386583 ], [ 50.149676, 26.386508 ], [ 50.149675, 26.386507 ], [ 50.149649, 26.386333 ], [ 50.149654, 26.385906 ], [ 50.149536, 26.385599 ], [ 50.149421, 26.384617 ], [ 50.149269, 26.383308 ], [ 50.149189, 26.382361 ], [ 50.14913, 26.381674 ], [ 50.149085, 26.380886 ], [ 50.149078, 26.380758 ], [ 50.149051, 26.379713 ], [ 50.149047, 26.376843 ], [ 50.14904, 26.376303 ], [ 50.149021, 26.375254 ], [ 50.148971, 26.374022 ], [ 50.14894, 26.373663 ], [ 50.148863, 26.372777 ], [ 50.148673, 26.371373 ], [ 50.148565, 26.370763 ], [ 50.148349, 26.369856 ], [ 50.148349, 26.369855 ], [ 50.148323, 26.369762 ], [ 50.148094, 26.368959 ], [ 50.147998, 26.368625 ], [ 50.147879, 26.368216 ], [ 50.147757, 26.367857 ], [ 50.147625, 26.367472 ], [ 50.147411, 26.366962 ], [ 50.147236, 26.366545 ], [ 50.147064, 26.366136 ], [ 50.147055, 26.366116 ], [ 50.146652, 26.365187 ], [ 50.146498, 26.364867 ], [ 50.145965, 26.363755 ], [ 50.145769, 26.363397 ], [ 50.145753, 26.363366 ], [ 50.14549, 26.362863 ], [ 50.14511, 26.362263 ], [ 50.145131, 26.362235 ], [ 50.147968, 26.359793 ], [ 50.147983, 26.35978 ], [ 50.155654, 26.353195 ], [ 50.156223, 26.352705 ], [ 50.156353, 26.3526 ], [ 50.159832, 26.349575 ], [ 50.16106, 26.34853 ], [ 50.162502, 26.3473 ], [ 50.163261, 26.346632 ], [ 50.164802, 26.345278 ], [ 50.164887, 26.345202 ], [ 50.165452, 26.344689 ], [ 50.165464, 26.344677 ], [ 50.166115, 26.344034 ], [ 50.166132, 26.344018 ], [ 50.166324, 26.343851 ], [ 50.167485, 26.342874 ], [ 50.1675, 26.34286 ], [ 50.167902, 26.342521 ], [ 50.168483, 26.342034 ], [ 50.168603, 26.341929 ], [ 50.168771, 26.341782 ], [ 50.17027, 26.340541 ], [ 50.171425, 26.339427 ], [ 50.171639, 26.339211 ], [ 50.171829, 26.338979 ], [ 50.172048, 26.338612 ], [ 50.172455, 26.337934 ], [ 50.172585, 26.337719 ], [ 50.173282, 26.33811 ], [ 50.173391, 26.338143 ], [ 50.173519, 26.338148 ], [ 50.178652, 26.338214 ], [ 50.179056, 26.338242 ], [ 50.179039, 26.339407 ], [ 50.179028, 26.339809 ], [ 50.178991, 26.341193 ], [ 50.178974, 26.341838 ], [ 50.178973, 26.341871 ], [ 50.178884, 26.343958 ], [ 50.178788, 26.348646 ], [ 50.178751, 26.350462 ], [ 50.178738, 26.350968 ], [ 50.178618, 26.355679 ], [ 50.178552, 26.358511 ], [ 50.173222, 26.358397 ], [ 50.173013, 26.368239 ] ] ] } },
{ "type": "Feature", "properties": { "district_id": 10500227008, "city_id": 227, "region_id": 5, "name_ar": "حي تهامة", "name_en": "Tihamah Dist." }, "geometry": { "type": "Polygon", "coordinates": [ [ [ 50.129511, 26.349603 ], [ 50.13006, 26.349786 ], [ 50.131185, 26.350205 ], [ 50.131735, 26.35044 ], [ 50.132179, 26.35065 ], [ 50.132216, 26.350664 ], [ 50.132318, 26.350719 ], [ 50.132672, 26.350896 ], [ 50.132755, 26.350937 ], [ 50.133005, 26.351072 ], [ 50.133008, 26.351073 ], [ 50.133827, 26.351513 ], [ 50.134874, 26.352219 ], [ 50.13571, 26.352824 ], [ 50.136103, 26.353109 ], [ 50.136664, 26.353587 ], [ 50.131356, 26.358834 ], [ 50.129436, 26.360858 ], [ 50.128219, 26.359859 ], [ 50.128079, 26.359743 ], [ 50.128072, 26.359739 ], [ 50.128067, 26.359734 ], [ 50.128061, 26.35973 ], [ 50.128056, 26.359723 ], [ 50.128051, 26.359718 ], [ 50.128046, 26.359712 ], [ 50.128041, 26.359707 ], [ 50.128037, 26.3597 ], [ 50.128033, 26.359696 ], [ 50.128029, 26.359689 ], [ 50.128025, 26.359682 ], [ 50.128021, 26.359678 ], [ 50.128018, 26.359671 ], [ 50.128015, 26.359664 ], [ 50.128013, 26.359657 ], [ 50.12801, 26.35965 ], [ 50.128008, 26.359644 ], [ 50.128006, 26.359637 ], [ 50.128004, 26.35963 ], [ 50.128003, 26.359623 ], [ 50.128002, 26.359616 ], [ 50.128001, 26.359607 ], [ 50.128, 26.359601 ], [ 50.128, 26.359594 ], [ 50.128, 26.359587 ], [ 50.12796, 26.359133 ], [ 50.127945, 26.358955 ], [ 50.127841, 26.357701 ], [ 50.127825, 26.357512 ], [ 50.127735, 26.356484 ], [ 50.127705, 26.356125 ], [ 50.127437, 26.352686 ], [ 50.127331, 26.35111 ], [ 50.127294, 26.350403 ], [ 50.127283, 26.350268 ], [ 50.127235, 26.349671 ], [ 50.127195, 26.348892 ], [ 50.129511, 26.349603 ] ] ] } },
{ "type": "Feature", "properties": { "district_id": 10500227009, "city_id": 227, "region_id": 5, "name_ar": "حي القشلة", "name_en": "Al Qashlah Dist." }, "geometry": { "type": "Polygon", "coordinates": [ [ [ 50.178552, 26.358511 ], [ 50.178551, 26.358543 ], [ 50.178498, 26.360647 ], [ 50.178473, 26.361646 ], [ 50.178415, 26.363984 ], [ 50.178306, 26.368319 ], [ 50.178284, 26.368953 ], [ 50.178278, 26.369124 ], [ 50.178224, 26.37068 ], [ 50.177903, 26.371005 ], [ 50.177477, 26.371381 ], [ 50.177026, 26.37178 ], [ 50.176682, 26.372084 ], [ 50.176624, 26.372135 ], [ 50.176323, 26.372402 ], [ 50.175906, 26.37277 ], [ 50.17526, 26.373341 ], [ 50.174832, 26.373719 ], [ 50.173444, 26.374946 ], [ 50.173269, 26.3751 ], [ 50.171053, 26.377062 ], [ 50.167266, 26.373779 ], [ 50.172707, 26.368948 ], [ 50.172763, 26.368892 ], [ 50.172814, 26.368831 ], [ 50.172859, 26.368766 ], [ 50.1729, 26.368697 ], [ 50.172934, 26.368626 ], [ 50.172962, 26.368551 ], [ 50.172985, 26.368475 ], [ 50.173, 26.368397 ], [ 50.17301, 26.368318 ], [ 50.173013, 26.368239 ], [ 50.173222, 26.358397 ], [ 50.178552, 26.358511 ] ] ] } },
{ "type": "Feature", "properties": { "district_id": 10500227010, "city_id": 227, "region_id": 5, "name_ar": "حي هجر", "name_en": "Hajr Dist." }, "geometry": { "type": "Polygon", "coordinates": [ [ [ 50.112226, 26.375254 ], [ 50.111822, 26.375306 ], [ 50.111418, 26.375348 ], [ 50.111012, 26.375387 ], [ 50.110882, 26.375397 ], [ 50.110448, 26.375428 ], [ 50.110326, 26.375434 ], [ 50.110045, 26.375448 ], [ 50.109642, 26.375462 ], [ 50.109239, 26.375468 ], [ 50.108509, 26.375466 ], [ 50.108141, 26.375463 ], [ 50.107772, 26.375452 ], [ 50.107081, 26.375421 ], [ 50.10706, 26.375418 ], [ 50.106935, 26.375407 ], [ 50.10681, 26.37539 ], [ 50.106687, 26.375368 ], [ 50.106564, 26.375341 ], [ 50.106442, 26.375308 ], [ 50.106323, 26.375271 ], [ 50.10602, 26.375166 ], [ 50.105946, 26.375144 ], [ 50.10587, 26.375126 ], [ 50.105794, 26.375112 ], [ 50.105769, 26.37511 ], [ 50.105743, 26.375108 ], [ 50.105717, 26.375105 ], [ 50.105691, 26.375103 ], [ 50.105665, 26.375103 ], [ 50.105639, 26.375103 ], [ 50.105624, 26.375101 ], [ 50.105537, 26.375105 ], [ 50.105451, 26.375114 ], [ 50.10536, 26.375118 ], [ 50.105353, 26.375119 ], [ 50.105327, 26.375123 ], [ 50.105277, 26.375132 ], [ 50.105245, 26.375129 ], [ 50.105213, 26.375129 ], [ 50.105181, 26.375127 ], [ 50.105162, 26.375127 ], [ 50.105013, 26.375133 ], [ 50.104441, 26.375273 ], [ 50.104416, 26.375248 ], [ 50.104254, 26.375285 ], [ 50.103853, 26.37476 ], [ 50.103774, 26.374637 ], [ 50.103571, 26.374393 ], [ 50.10336, 26.374298 ], [ 50.102681, 26.374073 ], [ 50.101517, 26.373702 ], [ 50.100846, 26.373486 ], [ 50.099548, 26.373065 ], [ 50.098311, 26.372668 ], [ 50.098153, 26.37262 ], [ 50.097087, 26.372279 ], [ 50.095295, 26.371706 ], [ 50.093246, 26.371025 ], [ 50.093088, 26.370981 ], [ 50.096598, 26.365508 ], [ 50.096833, 26.365107 ], [ 50.097063, 26.364702 ], [ 50.097288, 26.364294 ], [ 50.097507, 26.363884 ], [ 50.09772, 26.36347 ], [ 50.097927, 26.363053 ], [ 50.098129, 26.362634 ], [ 50.098325, 26.362212 ], [ 50.098515, 26.361787 ], [ 50.098699, 26.36136 ], [ 50.098877, 26.36093 ], [ 50.09905, 26.360498 ], [ 50.101385, 26.354877 ], [ 50.101526, 26.354496 ], [ 50.101563, 26.354395 ], [ 50.102523, 26.351943 ], [ 50.103526, 26.34927 ], [ 50.104258, 26.347308 ], [ 50.105191, 26.344847 ], [ 50.10599, 26.342753 ], [ 50.106712, 26.340846 ], [ 50.107318, 26.339245 ], [ 50.107404, 26.339008 ], [ 50.108075, 26.337245 ], [ 50.10815, 26.337038 ], [ 50.108397, 26.337143 ], [ 50.109793, 26.337816 ], [ 50.110442, 26.338149 ], [ 50.11109, 26.338517 ], [ 50.111498, 26.338763 ], [ 50.112516, 26.33941 ], [ 50.113332, 26.339984 ], [ 50.114059, 26.340508 ], [ 50.115328, 26.341512 ], [ 50.115977, 26.34207 ], [ 50.116962, 26.342869 ], [ 50.118192, 26.343867 ], [ 50.119024, 26.344536 ], [ 50.12012, 26.345402 ], [ 50.12016, 26.345434 ], [ 50.120196, 26.345462 ], [ 50.121033, 26.346063 ], [ 50.122025, 26.346678 ], [ 50.122938, 26.347169 ], [ 50.123842, 26.347633 ], [ 50.124973, 26.3481 ], [ 50.125361, 26.348241 ], [ 50.125412, 26.348264 ], [ 50.126232, 26.348566 ], [ 50.127195, 26.348892 ], [ 50.127235, 26.349671 ], [ 50.127283, 26.350268 ], [ 50.127294, 26.350403 ], [ 50.127331, 26.35111 ], [ 50.127437, 26.352686 ], [ 50.127705, 26.356125 ], [ 50.127735, 26.356484 ], [ 50.127825, 26.357512 ], [ 50.127841, 26.357701 ], [ 50.127945, 26.358955 ], [ 50.12796, 26.359133 ], [ 50.128, 26.359587 ], [ 50.128, 26.359594 ], [ 50.128, 26.359601 ], [ 50.128001, 26.359607 ], [ 50.128002, 26.359616 ], [ 50.128003, 26.359623 ], [ 50.128004, 26.35963 ], [ 50.128006, 26.359637 ], [ 50.128008, 26.359644 ], [ 50.12801, 26.35965 ], [ 50.128013, 26.359657 ], [ 50.128015, 26.359664 ], [ 50.128018, 26.359671 ], [ 50.128021, 26.359678 ], [ 50.128025, 26.359682 ], [ 50.128029, 26.359689 ], [ 50.128033, 26.359696 ], [ 50.128037, 26.3597 ], [ 50.128041, 26.359707 ], [ 50.128046, 26.359712 ], [ 50.128051, 26.359718 ], [ 50.128056, 26.359723 ], [ 50.128061, 26.35973 ], [ 50.128067, 26.359734 ], [ 50.128072, 26.359739 ], [ 50.128079, 26.359743 ], [ 50.128219, 26.359859 ], [ 50.129436, 26.360858 ], [ 50.129262, 26.361078 ], [ 50.129091, 26.361302 ], [ 50.128935, 26.361512 ], [ 50.128784, 26.361724 ], [ 50.128635, 26.361939 ], [ 50.12849, 26.362156 ], [ 50.12815, 26.362639 ], [ 50.128, 26.362879 ], [ 50.127855, 26.363121 ], [ 50.127715, 26.363366 ], [ 50.12758, 26.363614 ], [ 50.12745, 26.363864 ], [ 50.127324, 26.364117 ], [ 50.127193, 26.364378 ], [ 50.127068, 26.364641 ], [ 50.126949, 26.364908 ], [ 50.126837, 26.365177 ], [ 50.126732, 26.36543 ], [ 50.126631, 26.365684 ], [ 50.126536, 26.36594 ], [ 50.126444, 26.366198 ], [ 50.126358, 26.366458 ], [ 50.125776, 26.368359 ], [ 50.124339, 26.373262 ], [ 50.122894, 26.37353 ], [ 50.117022, 26.374471 ], [ 50.116823, 26.374506 ], [ 50.115748, 26.374685 ], [ 50.113602, 26.37503 ], [ 50.112226, 26.375254 ] ] ] } },
{ "type": "Feature", "properties": { "district_id": 10500227011, "city_id": 227, "region_id": 5, "name_ar": "حي غرب الظهران", "name_en": "Gharb Adh Dhahran Dist." }, "geometry": { "type": "Polygon", "coordinates": [ [ [ 50.134889, 26.313257 ], [ 50.134879, 26.313259 ], [ 50.134868, 26.313262 ], [ 50.134858, 26.313264 ], [ 50.134848, 26.313266 ], [ 50.134837, 26.313268 ], [ 50.134827, 26.31327 ], [ 50.134817, 26.313273 ], [ 50.134807, 26.313277 ], [ 50.134797, 26.313279 ], [ 50.134787, 26.313281 ], [ 50.134777, 26.313286 ], [ 50.134767, 26.31329 ], [ 50.134758, 26.313293 ], [ 50.134748, 26.313297 ], [ 50.134738, 26.313302 ], [ 50.134729, 26.313306 ], [ 50.134719, 26.31331 ], [ 50.13471, 26.313315 ], [ 50.1347, 26.313319 ], [ 50.134691, 26.313324 ], [ 50.134563, 26.313379 ], [ 50.134874, 26.313961 ], [ 50.135377, 26.314901 ], [ 50.135604, 26.315329 ], [ 50.13629, 26.315629 ], [ 50.137525, 26.316162 ], [ 50.137555, 26.316174 ], [ 50.138133, 26.316376 ], [ 50.138305, 26.316433 ], [ 50.138478, 26.316486 ], [ 50.138652, 26.316537 ], [ 50.138827, 26.316585 ], [ 50.139003, 26.316629 ], [ 50.139155, 26.316666 ], [ 50.13918, 26.316673 ], [ 50.139357, 26.316713 ], [ 50.141126, 26.317188 ], [ 50.141643, 26.317329 ], [ 50.142124, 26.317456 ], [ 50.142604, 26.317585 ], [ 50.142823, 26.317645 ], [ 50.142966, 26.317689 ], [ 50.143107, 26.317735 ], [ 50.143248, 26.317781 ], [ 50.143387, 26.317832 ], [ 50.143526, 26.317884 ], [ 50.143664, 26.317937 ], [ 50.1438, 26.317994 ], [ 50.143936, 26.318052 ], [ 50.14407, 26.318113 ], [ 50.144712, 26.318408 ], [ 50.14544, 26.318778 ], [ 50.146253, 26.319241 ], [ 50.148494, 26.320521 ], [ 50.149835, 26.321346 ], [ 50.149555, 26.321709 ], [ 50.149045, 26.322362 ], [ 50.148835, 26.322618 ], [ 50.148442, 26.323049 ], [ 50.148051, 26.323422 ], [ 50.147544, 26.323862 ], [ 50.146946, 26.324345 ], [ 50.145988, 26.325085 ], [ 50.144825, 26.325987 ], [ 50.141574, 26.328532 ], [ 50.141308, 26.32874 ], [ 50.140549, 26.329283 ], [ 50.140087, 26.329594 ], [ 50.139419, 26.330019 ], [ 50.138756, 26.330386 ], [ 50.137026, 26.331394 ], [ 50.132629, 26.333918 ], [ 50.132342, 26.334079 ], [ 50.132019, 26.334253 ], [ 50.131399, 26.334568 ], [ 50.130455, 26.335005 ], [ 50.129125, 26.335525 ], [ 50.126328, 26.336669 ], [ 50.125406, 26.337102 ], [ 50.124372, 26.337643 ], [ 50.123034, 26.338434 ], [ 50.122137, 26.339009 ], [ 50.121639, 26.339311 ], [ 50.120885, 26.339715 ], [ 50.12065, 26.339825 ], [ 50.120411, 26.339928 ], [ 50.12017, 26.340025 ], [ 50.119926, 26.340115 ], [ 50.119681, 26.340199 ], [ 50.119433, 26.340277 ], [ 50.119183, 26.340349 ], [ 50.118931, 26.340414 ], [ 50.118678, 26.340472 ], [ 50.118423, 26.340524 ], [ 50.118113, 26.340565 ], [ 50.117802, 26.3406 ], [ 50.117491, 26.340628 ], [ 50.117179, 26.34065 ], [ 50.116866, 26.340665 ], [ 50.116553, 26.340674 ], [ 50.116241, 26.340676 ], [ 50.115928, 26.340671 ], [ 50.115615, 26.34066 ], [ 50.115303, 26.340643 ], [ 50.114991, 26.340619 ], [ 50.11468, 26.340588 ], [ 50.114369, 26.340551 ], [ 50.114059, 26.340508 ], [ 50.113332, 26.339984 ], [ 50.112516, 26.33941 ], [ 50.111498, 26.338763 ], [ 50.11109, 26.338517 ], [ 50.110442, 26.338149 ], [ 50.109793, 26.337816 ], [ 50.108397, 26.337143 ], [ 50.10815, 26.337038 ], [ 50.113424, 26.322825 ], [ 50.111625, 26.321824 ], [ 50.110991, 26.321512 ], [ 50.110321, 26.321231 ], [ 50.109575, 26.320881 ], [ 50.108286, 26.320263 ], [ 50.107437, 26.31977 ], [ 50.10596, 26.31881 ], [ 50.103715, 26.317363 ], [ 50.101392, 26.31587 ], [ 50.10016, 26.315045 ], [ 50.099709, 26.314792 ], [ 50.098137, 26.313758 ], [ 50.096869, 26.31289 ], [ 50.096297, 26.312432 ], [ 50.095844, 26.311991 ], [ 50.095126, 26.311285 ], [ 50.094146, 26.310273 ], [ 50.093106, 26.309101 ], [ 50.092375, 26.308243 ], [ 50.093598, 26.307059 ], [ 50.094363, 26.306319 ], [ 50.094476, 26.306214 ], [ 50.094542, 26.306153 ], [ 50.09461, 26.306097 ], [ 50.094679, 26.306039 ], [ 50.094749, 26.305983 ], [ 50.09482, 26.305929 ], [ 50.094892, 26.305873 ], [ 50.094965, 26.305822 ], [ 50.09504, 26.30577 ], [ 50.095115, 26.305719 ], [ 50.095191, 26.305672 ], [ 50.095691, 26.305386 ], [ 50.095749, 26.305357 ], [ 50.095797, 26.305331 ], [ 50.095843, 26.305306 ], [ 50.09589, 26.305279 ], [ 50.095935, 26.305252 ], [ 50.09598, 26.305223 ], [ 50.096025, 26.305194 ], [ 50.096069, 26.305165 ], [ 50.096113, 26.305136 ], [ 50.096156, 26.305105 ], [ 50.096198, 26.305073 ], [ 50.09624, 26.305042 ], [ 50.096281, 26.305009 ], [ 50.096321, 26.304975 ], [ 50.096361, 26.304941 ], [ 50.0964, 26.304905 ], [ 50.096439, 26.304872 ], [ 50.096476, 26.304836 ], [ 50.096513, 26.304798 ], [ 50.09655, 26.304762 ], [ 50.096585, 26.304724 ], [ 50.09662, 26.304686 ], [ 50.096654, 26.304647 ], [ 50.096688, 26.304607 ], [ 50.09672, 26.304569 ], [ 50.096752, 26.304528 ], [ 50.096783, 26.304488 ], [ 50.096814, 26.304445 ], [ 50.096843, 26.304405 ], [ 50.096871, 26.304362 ], [ 50.096899, 26.304319 ], [ 50.096926, 26.304277 ], [ 50.096953, 26.304232 ], [ 50.096978, 26.304189 ], [ 50.097002, 26.304144 ], [ 50.097026, 26.304099 ], [ 50.097049, 26.304054 ], [ 50.09707, 26.304009 ], [ 50.097217, 26.303606 ], [ 50.097177, 26.303592 ], [ 50.097112, 26.303571 ], [ 50.097047, 26.303548 ], [ 50.096983, 26.303525 ], [ 50.09692, 26.303503 ], [ 50.096857, 26.303475 ], [ 50.096794, 26.30345 ], [ 50.096732, 26.303422 ], [ 50.096671, 26.303395 ], [ 50.09661, 26.303365 ], [ 50.096549, 26.303335 ], [ 50.09649, 26.303303 ], [ 50.096431, 26.303271 ], [ 50.096372, 26.303237 ], [ 50.096314, 26.303205 ], [ 50.096257, 26.303169 ], [ 50.0962, 26.303135 ], [ 50.096145, 26.303098 ], [ 50.09609, 26.303059 ], [ 50.096035, 26.303021 ], [ 50.095944, 26.302955 ], [ 50.095892, 26.302914 ], [ 50.095841, 26.302873 ], [ 50.095791, 26.30283 ], [ 50.095742, 26.302789 ], [ 50.095693, 26.302745 ], [ 50.095646, 26.3027 ], [ 50.095599, 26.302655 ], [ 50.095553, 26.302609 ], [ 50.095508, 26.302564 ], [ 50.095464, 26.302516 ], [ 50.09542, 26.302468 ], [ 50.095378, 26.302421 ], [ 50.095337, 26.302371 ], [ 50.095296, 26.302321 ], [ 50.095257, 26.302271 ], [ 50.095218, 26.302221 ], [ 50.095181, 26.302169 ], [ 50.095145, 26.302117 ], [ 50.095109, 26.302065 ], [ 50.095075, 26.30201 ], [ 50.095041, 26.301958 ], [ 50.095009, 26.301904 ], [ 50.094978, 26.301847 ], [ 50.094947, 26.301793 ], [ 50.094918, 26.301736 ], [ 50.09489, 26.301682 ], [ 50.094863, 26.301625 ], [ 50.094838, 26.301566 ], [ 50.094813, 26.30151 ], [ 50.094789, 26.301453 ], [ 50.094767, 26.301394 ], [ 50.094745, 26.301335 ], [ 50.094725, 26.301277 ], [ 50.094706, 26.301218 ], [ 50.094688, 26.301157 ], [ 50.094671, 26.301098 ], [ 50.094655, 26.301039 ], [ 50.094641, 26.300978 ], [ 50.094628, 26.300917 ], [ 50.094615, 26.300856 ], [ 50.094605, 26.300795 ], [ 50.094595, 26.300734 ], [ 50.094586, 26.300673 ], [ 50.094579, 26.300612 ], [ 50.094572, 26.300551 ], [ 50.094568, 26.30049 ], [ 50.094562, 26.3004 ], [ 50.094548, 26.29905 ], [ 50.094548, 26.298973 ], [ 50.094549, 26.298894 ], [ 50.094552, 26.298815 ], [ 50.094557, 26.298736 ], [ 50.094563, 26.298657 ], [ 50.09457, 26.298578 ], [ 50.094579, 26.298499 ], [ 50.09459, 26.298421 ], [ 50.094602, 26.298344 ], [ 50.094616, 26.298265 ], [ 50.094631, 26.298188 ], [ 50.094647, 26.298109 ], [ 50.094666, 26.298033 ], [ 50.094685, 26.297956 ], [ 50.094706, 26.29788 ], [ 50.094729, 26.297803 ], [ 50.094753, 26.297726 ], [ 50.094778, 26.297652 ], [ 50.094806, 26.297575 ], [ 50.094834, 26.297501 ], [ 50.094864, 26.297427 ], [ 50.094895, 26.297355 ], [ 50.094928, 26.297281 ], [ 50.094962, 26.297209 ], [ 50.094997, 26.297137 ], [ 50.095035, 26.297065 ], [ 50.095073, 26.296993 ], [ 50.095112, 26.296923 ], [ 50.095154, 26.296853 ], [ 50.095196, 26.296783 ], [ 50.09524, 26.296716 ], [ 50.095285, 26.296649 ], [ 50.095331, 26.296581 ], [ 50.095379, 26.296514 ], [ 50.095428, 26.296449 ], [ 50.095478, 26.296386 ], [ 50.095529, 26.296321 ], [ 50.095582, 26.296258 ], [ 50.095635, 26.296195 ], [ 50.095691, 26.296134 ], [ 50.095747, 26.296074 ], [ 50.095804, 26.296013 ], [ 50.095863, 26.295955 ], [ 50.095923, 26.295896 ], [ 50.095983, 26.29584 ], [ 50.096045, 26.295784 ], [ 50.096108, 26.295731 ], [ 50.096172, 26.295677 ], [ 50.096237, 26.295623 ], [ 50.096303, 26.295571 ], [ 50.09637, 26.29552 ], [ 50.096438, 26.295471 ], [ 50.096507, 26.295422 ], [ 50.096577, 26.295375 ], [ 50.096663, 26.295319 ], [ 50.09746, 26.294802 ], [ 50.098251, 26.294281 ], [ 50.098302, 26.294246 ], [ 50.098353, 26.29421 ], [ 50.098403, 26.294174 ], [ 50.098452, 26.294136 ], [ 50.098501, 26.294098 ], [ 50.098549, 26.29406 ], [ 50.098596, 26.294019 ], [ 50.098642, 26.293979 ], [ 50.098688, 26.293939 ], [ 50.098732, 26.293896 ], [ 50.098776, 26.293854 ], [ 50.098819, 26.293811 ], [ 50.098861, 26.293768 ], [ 50.098903, 26.293723 ], [ 50.098943, 26.293679 ], [ 50.098983, 26.293631 ], [ 50.099021, 26.293586 ], [ 50.099059, 26.293539 ], [ 50.099096, 26.293492 ], [ 50.099132, 26.293443 ], [ 50.099167, 26.293396 ], [ 50.099201, 26.293346 ], [ 50.099234, 26.293297 ], [ 50.099267, 26.293245 ], [ 50.099298, 26.293195 ], [ 50.099328, 26.293144 ], [ 50.099357, 26.293092 ], [ 50.099385, 26.29304 ], [ 50.099412, 26.292986 ], [ 50.099439, 26.292935 ], [ 50.099464, 26.292881 ], [ 50.099488, 26.292827 ], [ 50.099511, 26.292772 ], [ 50.099533, 26.292718 ], [ 50.099554, 26.292664 ], [ 50.099574, 26.292608 ], [ 50.099592, 26.292554 ], [ 50.099618, 26.292468 ], [ 50.099634, 26.292412 ], [ 50.09965, 26.292354 ], [ 50.099667, 26.292297 ], [ 50.099686, 26.292239 ], [ 50.099705, 26.292182 ], [ 50.099726, 26.292126 ], [ 50.099748, 26.29207 ], [ 50.09977, 26.292013 ], [ 50.099794, 26.291959 ], [ 50.099819, 26.291903 ], [ 50.099846, 26.291849 ], [ 50.099873, 26.291795 ], [ 50.099901, 26.291741 ], [ 50.09993, 26.291687 ], [ 50.09996, 26.291635 ], [ 50.099991, 26.291581 ], [ 50.100024, 26.29153 ], [ 50.100057, 26.291478 ], [ 50.100091, 26.291429 ], [ 50.100126, 26.291377 ], [ 50.100163, 26.291327 ], [ 50.1002, 26.291278 ], [ 50.100237, 26.291231 ], [ 50.100277, 26.291181 ], [ 50.100316, 26.291134 ], [ 50.100357, 26.291087 ], [ 50.100399, 26.291042 ], [ 50.100442, 26.290997 ], [ 50.100485, 26.290953 ], [ 50.10053, 26.290908 ], [ 50.100575, 26.290865 ], [ 50.100621, 26.290822 ], [ 50.100668, 26.29078 ], [ 50.100715, 26.29074 ], [ 50.100764, 26.290699 ], [ 50.100813, 26.290659 ], [ 50.100863, 26.290621 ], [ 50.100914, 26.290583 ], [ 50.100965, 26.290545 ], [ 50.101017, 26.290509 ], [ 50.10107, 26.290473 ], [ 50.101124, 26.290437 ], [ 50.101178, 26.290404 ], [ 50.10128, 26.290344 ], [ 50.10154, 26.290208 ], [ 50.102733, 26.289581 ], [ 50.103535, 26.289159 ], [ 50.103574, 26.289139 ], [ 50.103612, 26.289119 ], [ 50.10365, 26.289097 ], [ 50.103688, 26.289074 ], [ 50.103725, 26.28905 ], [ 50.103761, 26.289027 ], [ 50.103797, 26.289003 ], [ 50.103833, 26.288978 ], [ 50.103868, 26.288954 ], [ 50.103902, 26.288927 ], [ 50.103937, 26.2889 ], [ 50.10397, 26.288873 ], [ 50.104003, 26.288846 ], [ 50.104035, 26.288817 ], [ 50.104068, 26.28879 ], [ 50.104099, 26.288761 ], [ 50.10413, 26.288732 ], [ 50.10416, 26.2887 ], [ 50.10419, 26.288671 ], [ 50.104219, 26.28864 ], [ 50.104247, 26.288608 ], [ 50.104275, 26.288577 ], [ 50.104302, 26.288543 ], [ 50.104329, 26.288512 ], [ 50.104355, 26.288478 ], [ 50.10438, 26.288444 ], [ 50.104405, 26.288411 ], [ 50.104429, 26.288377 ], [ 50.104452, 26.288343 ], [ 50.104475, 26.288307 ], [ 50.104497, 26.288271 ], [ 50.104518, 26.288235 ], [ 50.104539, 26.288199 ], [ 50.104559, 26.288163 ], [ 50.104578, 26.288127 ], [ 50.104596, 26.288091 ], [ 50.104614, 26.288053 ], [ 50.104631, 26.288015 ], [ 50.104647, 26.287979 ], [ 50.104663, 26.287941 ], [ 50.104678, 26.287902 ], [ 50.104692, 26.287864 ], [ 50.104718, 26.287787 ], [ 50.104993, 26.286911 ], [ 50.105325, 26.285857 ], [ 50.105343, 26.285803 ], [ 50.105361, 26.285749 ], [ 50.105381, 26.285697 ], [ 50.105402, 26.285643 ], [ 50.105423, 26.285591 ], [ 50.105446, 26.285537 ], [ 50.10547, 26.285485 ], [ 50.105495, 26.285433 ], [ 50.10552, 26.285382 ], [ 50.105547, 26.285332 ], [ 50.105575, 26.285281 ], [ 50.105603, 26.285231 ], [ 50.105633, 26.285182 ], [ 50.105663, 26.285132 ], [ 50.105695, 26.285085 ], [ 50.105727, 26.285038 ], [ 50.105761, 26.284988 ], [ 50.105795, 26.284941 ], [ 50.10583, 26.284896 ], [ 50.105866, 26.284849 ], [ 50.105903, 26.284804 ], [ 50.105941, 26.284759 ], [ 50.10598, 26.284716 ], [ 50.106019, 26.284672 ], [ 50.10606, 26.284629 ], [ 50.106101, 26.284586 ], [ 50.106143, 26.284546 ], [ 50.106186, 26.284506 ], [ 50.106229, 26.284465 ], [ 50.106274, 26.284425 ], [ 50.106319, 26.284387 ], [ 50.106365, 26.284349 ], [ 50.106411, 26.284311 ], [ 50.106459, 26.284275 ], [ 50.106507, 26.284239 ], [ 50.106555, 26.284203 ], [ 50.106605, 26.28417 ], [ 50.106655, 26.284134 ], [ 50.106706, 26.284103 ], [ 50.106757, 26.284071 ], [ 50.106809, 26.28404 ], [ 50.106861, 26.284009 ], [ 50.106914, 26.28398 ], [ 50.106968, 26.283951 ], [ 50.107022, 26.283922 ], [ 50.107077, 26.283895 ], [ 50.107132, 26.28387 ], [ 50.107188, 26.283844 ], [ 50.107244, 26.283819 ], [ 50.107301, 26.283797 ], [ 50.107358, 26.283775 ], [ 50.107416, 26.283753 ], [ 50.107474, 26.283733 ], [ 50.107532, 26.283713 ], [ 50.107591, 26.283693 ], [ 50.10765, 26.283675 ], [ 50.107709, 26.283657 ], [ 50.107769, 26.283642 ], [ 50.107829, 26.283627 ], [ 50.107915, 26.283607 ], [ 50.10897, 26.283309 ], [ 50.109893, 26.283048 ], [ 50.109919, 26.283041 ], [ 50.109945, 26.283035 ], [ 50.109972, 26.283028 ], [ 50.109998, 26.283022 ], [ 50.110025, 26.283017 ], [ 50.110052, 26.283011 ], [ 50.110078, 26.283006 ], [ 50.110105, 26.283002 ], [ 50.110132, 26.283 ], [ 50.110159, 26.282995 ], [ 50.110186, 26.282993 ], [ 50.110214, 26.282989 ], [ 50.110241, 26.282987 ], [ 50.110268, 26.282987 ], [ 50.110295, 26.282985 ], [ 50.110323, 26.282985 ], [ 50.11035, 26.282983 ], [ 50.110377, 26.282983 ], [ 50.110405, 26.282983 ], [ 50.110432, 26.282986 ], [ 50.110459, 26.282986 ], [ 50.110486, 26.282988 ], [ 50.110514, 26.282991 ], [ 50.110541, 26.282993 ], [ 50.110568, 26.282996 ], [ 50.110595, 26.283 ], [ 50.110622, 26.283003 ], [ 50.110649, 26.283007 ], [ 50.110676, 26.283012 ], [ 50.110703, 26.283017 ], [ 50.110729, 26.283024 ], [ 50.110756, 26.283028 ], [ 50.110782, 26.283035 ], [ 50.110808, 26.283042 ], [ 50.110834, 26.283049 ], [ 50.11086, 26.283058 ], [ 50.110911, 26.283075 ], [ 50.111879, 26.28327 ], [ 50.111926, 26.283279 ], [ 50.111974, 26.283289 ], [ 50.11202, 26.2833 ], [ 50.112067, 26.283314 ], [ 50.112114, 26.283326 ], [ 50.112159, 26.28334 ], [ 50.112205, 26.283353 ], [ 50.112251, 26.28337 ], [ 50.112296, 26.283386 ], [ 50.112341, 26.283402 ], [ 50.112386, 26.283418 ], [ 50.11243, 26.283436 ], [ 50.112474, 26.283454 ], [ 50.112517, 26.283475 ], [ 50.112561, 26.283493 ], [ 50.112604, 26.283514 ], [ 50.112646, 26.283537 ], [ 50.112688, 26.283557 ], [ 50.112729, 26.28358 ], [ 50.112771, 26.283603 ], [ 50.112811, 26.283628 ], [ 50.112851, 26.283653 ], [ 50.112891, 26.283678 ], [ 50.11293, 26.283703 ], [ 50.112969, 26.283731 ], [ 50.113007, 26.283758 ], [ 50.113045, 26.283785 ], [ 50.113082, 26.283813 ], [ 50.113118, 26.283842 ], [ 50.113154, 26.283872 ], [ 50.11319, 26.283901 ], [ 50.113225, 26.283931 ], [ 50.113259, 26.283963 ], [ 50.113292, 26.283994 ], [ 50.11334, 26.28404 ], [ 50.113554, 26.284219 ], [ 50.114283, 26.284838 ], [ 50.114308, 26.284861 ], [ 50.114334, 26.284883 ], [ 50.11436, 26.284906 ], [ 50.114387, 26.284927 ], [ 50.114414, 26.284949 ], [ 50.114442, 26.28497 ], [ 50.11447, 26.28499 ], [ 50.114499, 26.285011 ], [ 50.114528, 26.285031 ], [ 50.114557, 26.28505 ], [ 50.114587, 26.285068 ], [ 50.114617, 26.285086 ], [ 50.114647, 26.285104 ], [ 50.114677, 26.285123 ], [ 50.114708, 26.285139 ], [ 50.11474, 26.285157 ], [ 50.114771, 26.285173 ], [ 50.114803, 26.285186 ], [ 50.114836, 26.285203 ], [ 50.114868, 26.285216 ], [ 50.114901, 26.28523 ], [ 50.114934, 26.285244 ], [ 50.114967, 26.285257 ], [ 50.115001, 26.285269 ], [ 50.115034, 26.28528 ], [ 50.115068, 26.285292 ], [ 50.115103, 26.285303 ], [ 50.115137, 26.285313 ], [ 50.115172, 26.285322 ], [ 50.115207, 26.285331 ], [ 50.115242, 26.28534 ], [ 50.115277, 26.28535 ], [ 50.115312, 26.285357 ], [ 50.115347, 26.285364 ], [ 50.115383, 26.285368 ], [ 50.115419, 26.285375 ], [ 50.115454, 26.28538 ], [ 50.11549, 26.285385 ], [ 50.115526, 26.28539 ], [ 50.115562, 26.285392 ], [ 50.115599, 26.285397 ], [ 50.115634, 26.285399 ], [ 50.115671, 26.2854 ], [ 50.115707, 26.285402 ], [ 50.115755, 26.285402 ], [ 50.116715, 26.285485 ], [ 50.116747, 26.28549 ], [ 50.116779, 26.285492 ], [ 50.116811, 26.285497 ], [ 50.116844, 26.285502 ], [ 50.116876, 26.285506 ], [ 50.116908, 26.285511 ], [ 50.11694, 26.285518 ], [ 50.116972, 26.285525 ], [ 50.117003, 26.285532 ], [ 50.117035, 26.285539 ], [ 50.117066, 26.285548 ], [ 50.117097, 26.285555 ], [ 50.117128, 26.285564 ], [ 50.117159, 26.285576 ], [ 50.11719, 26.285585 ], [ 50.11722, 26.285596 ], [ 50.11725, 26.285606 ], [ 50.11728, 26.285617 ], [ 50.11731, 26.285631 ], [ 50.117339, 26.285642 ], [ 50.117369, 26.285656 ], [ 50.117398, 26.285667 ], [ 50.117426, 26.285681 ], [ 50.117455, 26.285697 ], [ 50.117483, 26.285711 ], [ 50.117511, 26.285727 ], [ 50.117539, 26.285743 ], [ 50.117566, 26.285759 ], [ 50.117593, 26.285775 ], [ 50.11762, 26.285791 ], [ 50.117646, 26.285809 ], [ 50.117672, 26.285827 ], [ 50.117698, 26.285845 ], [ 50.117723, 26.285864 ], [ 50.117748, 26.285882 ], [ 50.117772, 26.2859 ], [ 50.117797, 26.28592 ], [ 50.117821, 26.285941 ], [ 50.117844, 26.285961 ], [ 50.117867, 26.285982 ], [ 50.11789, 26.286002 ], [ 50.117912, 26.286025 ], [ 50.117934, 26.286045 ], [ 50.117955, 26.286068 ], [ 50.117976, 26.286091 ], [ 50.117996, 26.286114 ], [ 50.118016, 26.286136 ], [ 50.118036, 26.286161 ], [ 50.118061, 26.286191 ], [ 50.11808, 26.286218 ], [ 50.118099, 26.286243 ], [ 50.118118, 26.286268 ], [ 50.118136, 26.286295 ], [ 50.118153, 26.286322 ], [ 50.11817, 26.286347 ], [ 50.118187, 26.286374 ], [ 50.118202, 26.286401 ], [ 50.118218, 26.286431 ], [ 50.118233, 26.286458 ], [ 50.118247, 26.286485 ], [ 50.118261, 26.286515 ], [ 50.118274, 26.286542 ], [ 50.118287, 26.286571 ], [ 50.118299, 26.286601 ], [ 50.11831, 26.28663 ], [ 50.118321, 26.28666 ], [ 50.118331, 26.286689 ], [ 50.118341, 26.286718 ], [ 50.118351, 26.286748 ], [ 50.118359, 26.286777 ], [ 50.118367, 26.286807 ], [ 50.118375, 26.286838 ], [ 50.118382, 26.286868 ], [ 50.118388, 26.286897 ], [ 50.118394, 26.286929 ], [ 50.118399, 26.286958 ], [ 50.118404, 26.28699 ], [ 50.118408, 26.287019 ], [ 50.118413, 26.287071 ], [ 50.11855, 26.288446 ], [ 50.118703, 26.289991 ], [ 50.118812, 26.291032 ], [ 50.119875, 26.291025 ], [ 50.119993, 26.291026 ], [ 50.120101, 26.291029 ], [ 50.120208, 26.291034 ], [ 50.120315, 26.291042 ], [ 50.120423, 26.291049 ], [ 50.12053, 26.291059 ], [ 50.120636, 26.291071 ], [ 50.120743, 26.291085 ], [ 50.120849, 26.291099 ], [ 50.120955, 26.291116 ], [ 50.12106, 26.291134 ], [ 50.121166, 26.291153 ], [ 50.12127, 26.291176 ], [ 50.121375, 26.291199 ], [ 50.121479, 26.291223 ], [ 50.121582, 26.29125 ], [ 50.121685, 26.291278 ], [ 50.121787, 26.291308 ], [ 50.121889, 26.29134 ], [ 50.12199, 26.291372 ], [ 50.122091, 26.291407 ], [ 50.12219, 26.291444 ], [ 50.122289, 26.29148 ], [ 50.122387, 26.291519 ], [ 50.122485, 26.291561 ], [ 50.122582, 26.291604 ], [ 50.122677, 26.291647 ], [ 50.122773, 26.291693 ], [ 50.122867, 26.291739 ], [ 50.12296, 26.291787 ], [ 50.123052, 26.291837 ], [ 50.123143, 26.291887 ], [ 50.123234, 26.29194 ], [ 50.123466, 26.292083 ], [ 50.123614, 26.29217 ], [ 50.123764, 26.292255 ], [ 50.123916, 26.292337 ], [ 50.124069, 26.292417 ], [ 50.124224, 26.292494 ], [ 50.12438, 26.29257 ], [ 50.124627, 26.29268 ], [ 50.124784, 26.292744 ], [ 50.124941, 26.292808 ], [ 50.1251, 26.292868 ], [ 50.12526, 26.292925 ], [ 50.125421, 26.29298 ], [ 50.125583, 26.293033 ], [ 50.125746, 26.293084 ], [ 50.12591, 26.293132 ], [ 50.126075, 26.293176 ], [ 50.126241, 26.29322 ], [ 50.126407, 26.293259 ], [ 50.126575, 26.293296 ], [ 50.126743, 26.293331 ], [ 50.126911, 26.293364 ], [ 50.12708, 26.293392 ], [ 50.127302, 26.293432 ], [ 50.127456, 26.293462 ], [ 50.127609, 26.293495 ], [ 50.127761, 26.293529 ], [ 50.127912, 26.293566 ], [ 50.128063, 26.293606 ], [ 50.128213, 26.293649 ], [ 50.128362, 26.293693 ], [ 50.128511, 26.293739 ], [ 50.128658, 26.29379 ], [ 50.128804, 26.29384 ], [ 50.128949, 26.293893 ], [ 50.129094, 26.293951 ], [ 50.129237, 26.294008 ], [ 50.129379, 26.29407 ], [ 50.13076, 26.294705 ], [ 50.131165, 26.294053 ], [ 50.131182, 26.294024 ], [ 50.131191, 26.294008 ], [ 50.131199, 26.293993 ], [ 50.131207, 26.293977 ], [ 50.131215, 26.293961 ], [ 50.131222, 26.293943 ], [ 50.131229, 26.293927 ], [ 50.131236, 26.293909 ], [ 50.131243, 26.293894 ], [ 50.131249, 26.293876 ], [ 50.131255, 26.29386 ], [ 50.13126, 26.293842 ], [ 50.131266, 26.293824 ], [ 50.13127, 26.293808 ], [ 50.131275, 26.29379 ], [ 50.131279, 26.293772 ], [ 50.131283, 26.293754 ], [ 50.131286, 26.293736 ], [ 50.13129, 26.29372 ], [ 50.131292, 26.293702 ], [ 50.131295, 26.293684 ], [ 50.131297, 26.293666 ], [ 50.131298, 26.293648 ], [ 50.1313, 26.29363 ], [ 50.131301, 26.293612 ], [ 50.131302, 26.293594 ], [ 50.131302, 26.293576 ], [ 50.131302, 26.293558 ], [ 50.131302, 26.29354 ], [ 50.131301, 26.293521 ], [ 50.1313, 26.293506 ], [ 50.131303, 26.292601 ], [ 50.131304, 26.292219 ], [ 50.131308, 26.291068 ], [ 50.13131, 26.291027 ], [ 50.13131, 26.291 ], [ 50.13131, 26.290973 ], [ 50.13131, 26.290944 ], [ 50.131309, 26.290917 ], [ 50.131307, 26.29089 ], [ 50.131305, 26.29086 ], [ 50.131302, 26.290833 ], [ 50.131299, 26.290806 ], [ 50.131295, 26.290777 ], [ 50.131291, 26.29075 ], [ 50.131287, 26.290722 ], [ 50.131281, 26.290695 ], [ 50.131275, 26.290668 ], [ 50.131269, 26.290641 ], [ 50.131262, 26.290614 ], [ 50.131254, 26.290587 ], [ 50.131246, 26.29056 ], [ 50.131238, 26.290533 ], [ 50.131229, 26.290505 ], [ 50.131219, 26.290478 ], [ 50.131209, 26.290453 ], [ 50.131608, 26.290404 ], [ 50.131646, 26.290402 ], [ 50.131669, 26.2904 ], [ 50.131691, 26.2904 ], [ 50.131714, 26.2904 ], [ 50.131736, 26.2904 ], [ 50.131759, 26.2904 ], [ 50.131782, 26.2904 ], [ 50.131804, 26.290403 ], [ 50.131827, 26.290403 ], [ 50.131849, 26.290405 ], [ 50.131872, 26.290408 ], [ 50.131894, 26.29041 ], [ 50.131917, 26.290413 ], [ 50.131939, 26.290417 ], [ 50.131961, 26.29042 ], [ 50.131984, 26.290424 ], [ 50.132006, 26.290429 ], [ 50.132028, 26.290434 ], [ 50.13205, 26.290438 ], [ 50.132071, 26.290443 ], [ 50.132093, 26.29045 ], [ 50.132115, 26.290454 ], [ 50.132136, 26.290461 ], [ 50.132158, 26.290468 ], [ 50.132179, 26.290475 ], [ 50.1322, 26.290482 ], [ 50.132221, 26.290491 ], [ 50.132242, 26.290498 ], [ 50.132262, 26.290507 ], [ 50.132283, 26.290516 ], [ 50.132303, 26.290526 ], [ 50.132323, 26.290535 ], [ 50.132343, 26.290544 ], [ 50.132363, 26.290553 ], [ 50.132383, 26.290564 ], [ 50.132402, 26.290574 ], [ 50.132421, 26.290585 ], [ 50.132798, 26.290779 ], [ 50.13454, 26.291848 ], [ 50.134571, 26.291866 ], [ 50.134598, 26.291885 ], [ 50.134625, 26.291901 ], [ 50.134651, 26.291919 ], [ 50.134677, 26.291937 ], [ 50.134702, 26.291957 ], [ 50.134727, 26.291976 ], [ 50.134752, 26.291996 ], [ 50.134777, 26.292014 ], [ 50.1348, 26.292035 ], [ 50.134824, 26.292055 ], [ 50.134847, 26.292078 ], [ 50.13487, 26.292098 ], [ 50.134892, 26.292121 ], [ 50.134914, 26.292142 ], [ 50.134936, 26.292164 ], [ 50.134957, 26.292187 ], [ 50.137933, 26.295588 ], [ 50.139367, 26.297242 ], [ 50.139616, 26.297061 ], [ 50.139489, 26.296916 ], [ 50.139363, 26.296775 ], [ 50.139245, 26.296632 ], [ 50.139136, 26.296496 ], [ 50.139069, 26.29639 ], [ 50.138997, 26.296234 ], [ 50.138955, 26.296118 ], [ 50.138925, 26.296019 ], [ 50.138898, 26.295901 ], [ 50.138876, 26.295793 ], [ 50.138868, 26.295603 ], [ 50.138865, 26.295495 ], [ 50.138874, 26.295375 ], [ 50.138899, 26.295224 ], [ 50.138965, 26.295005 ], [ 50.139022, 26.294879 ], [ 50.139061, 26.294805 ], [ 50.139149, 26.294661 ], [ 50.139268, 26.294495 ], [ 50.139359, 26.294392 ], [ 50.139481, 26.29427 ], [ 50.13958, 26.294176 ], [ 50.139674, 26.294096 ], [ 50.140346, 26.293506 ], [ 50.140437, 26.293448 ], [ 50.140579, 26.293363 ], [ 50.140752, 26.293278 ], [ 50.140974, 26.293203 ], [ 50.141057, 26.293183 ], [ 50.141217, 26.293148 ], [ 50.141369, 26.293124 ], [ 50.141531, 26.293116 ], [ 50.141735, 26.293119 ], [ 50.141891, 26.293145 ], [ 50.142067, 26.293178 ], [ 50.142272, 26.293242 ], [ 50.142402, 26.293299 ], [ 50.14254, 26.293361 ], [ 50.142715, 26.293459 ], [ 50.144018, 26.294164 ], [ 50.144206, 26.294251 ], [ 50.144413, 26.294329 ], [ 50.144489, 26.294357 ], [ 50.144669, 26.294408 ], [ 50.144924, 26.294475 ], [ 50.145084, 26.294507 ], [ 50.14519, 26.294524 ], [ 50.145345, 26.294543 ], [ 50.145529, 26.294557 ], [ 50.145695, 26.294558 ], [ 50.145792, 26.29455 ], [ 50.145997, 26.29454 ], [ 50.146217, 26.294518 ], [ 50.146429, 26.294495 ], [ 50.146629, 26.294453 ], [ 50.146852, 26.294394 ], [ 50.147032, 26.294329 ], [ 50.147172, 26.294274 ], [ 50.147411, 26.294162 ], [ 50.147602, 26.294053 ], [ 50.14778, 26.293936 ], [ 50.147936, 26.293818 ], [ 50.148097, 26.293679 ], [ 50.148236, 26.293539 ], [ 50.148387, 26.293351 ], [ 50.148458, 26.293243 ], [ 50.148557, 26.293083 ], [ 50.148626, 26.292957 ], [ 50.148686, 26.292838 ], [ 50.148894, 26.292449 ], [ 50.148987, 26.292316 ], [ 50.149051, 26.29226 ], [ 50.149142, 26.292197 ], [ 50.149229, 26.292157 ], [ 50.149329, 26.292131 ], [ 50.149443, 26.292116 ], [ 50.149543, 26.292121 ], [ 50.14965, 26.292133 ], [ 50.149735, 26.292153 ], [ 50.149856, 26.292184 ], [ 50.150076, 26.292248 ], [ 50.15014, 26.292275 ], [ 50.150273, 26.292328 ], [ 50.150472, 26.292406 ], [ 50.150724, 26.292532 ], [ 50.150944, 26.292662 ], [ 50.151175, 26.292796 ], [ 50.151549, 26.293006 ], [ 50.151863, 26.293202 ], [ 50.152159, 26.293375 ], [ 50.152354, 26.293526 ], [ 50.152552, 26.29368 ], [ 50.153601, 26.294515 ], [ 50.153507, 26.294611 ], [ 50.153303, 26.294831 ], [ 50.153158, 26.294979 ], [ 50.153089, 26.29506 ], [ 50.152894, 26.295319 ], [ 50.152744, 26.29555 ], [ 50.152611, 26.295802 ], [ 50.152451, 26.296099 ], [ 50.152307, 26.296374 ], [ 50.152123, 26.296723 ], [ 50.152002, 26.296941 ], [ 50.152016, 26.296945 ], [ 50.151905, 26.297087 ], [ 50.151705, 26.297298 ], [ 50.151542, 26.297435 ], [ 50.1514, 26.297538 ], [ 50.151243, 26.297629 ], [ 50.150993, 26.29775 ], [ 50.150769, 26.297834 ], [ 50.150527, 26.297937 ], [ 50.150274, 26.298088 ], [ 50.150079, 26.29823 ], [ 50.149864, 26.298443 ], [ 50.149718, 26.298625 ], [ 50.149624, 26.298744 ], [ 50.149528, 26.298845 ], [ 50.149397, 26.298955 ], [ 50.1493, 26.299022 ], [ 50.149142, 26.299102 ], [ 50.14856, 26.299367 ], [ 50.148527, 26.299383 ], [ 50.14774, 26.299798 ], [ 50.147586, 26.299878 ], [ 50.147466, 26.299941 ], [ 50.147379, 26.299992 ], [ 50.147288, 26.300053 ], [ 50.147225, 26.300109 ], [ 50.147133, 26.300201 ], [ 50.147061, 26.300293 ], [ 50.146998, 26.300389 ], [ 50.146911, 26.300599 ], [ 50.146846, 26.300752 ], [ 50.146618, 26.30129 ], [ 50.146556, 26.301473 ], [ 50.146553, 26.301482 ], [ 50.146505, 26.3017 ], [ 50.146499, 26.3021 ], [ 50.146497, 26.302276 ], [ 50.146509, 26.302454 ], [ 50.146535, 26.302558 ], [ 50.146596, 26.302698 ], [ 50.146687, 26.302875 ], [ 50.146724, 26.302981 ], [ 50.146738, 26.303022 ], [ 50.146763, 26.303133 ], [ 50.146773, 26.303392 ], [ 50.146774, 26.303636 ], [ 50.1468, 26.304025 ], [ 50.146706, 26.304017 ], [ 50.14653, 26.304009 ], [ 50.145832, 26.304012 ], [ 50.14541, 26.304014 ], [ 50.144182, 26.304027 ], [ 50.143387, 26.304029 ], [ 50.143237, 26.304048 ], [ 50.143121, 26.304079 ], [ 50.143036, 26.304117 ], [ 50.142963, 26.304166 ], [ 50.142902, 26.304216 ], [ 50.14284, 26.30429 ], [ 50.142803, 26.304346 ], [ 50.142772, 26.304411 ], [ 50.142731, 26.304519 ], [ 50.142699, 26.304614 ], [ 50.142652, 26.304801 ], [ 50.142526, 26.305311 ], [ 50.14246, 26.305513 ], [ 50.142412, 26.305626 ], [ 50.14233, 26.305743 ], [ 50.142282, 26.30581 ], [ 50.142181, 26.305907 ], [ 50.141763, 26.306186 ], [ 50.141398, 26.306473 ], [ 50.141005, 26.306809 ], [ 50.140223, 26.307511 ], [ 50.13994, 26.307782 ], [ 50.139915, 26.307805 ], [ 50.139891, 26.307825 ], [ 50.139867, 26.307847 ], [ 50.139843, 26.307872 ], [ 50.139821, 26.307895 ], [ 50.139798, 26.307917 ], [ 50.139776, 26.307942 ], [ 50.139755, 26.307966 ], [ 50.139734, 26.307991 ], [ 50.139713, 26.308016 ], [ 50.139693, 26.308041 ], [ 50.139673, 26.308065 ], [ 50.139654, 26.308092 ], [ 50.139636, 26.308119 ], [ 50.139618, 26.308144 ], [ 50.139318, 26.308589 ], [ 50.138981, 26.309169 ], [ 50.138964, 26.309201 ], [ 50.138955, 26.309219 ], [ 50.138947, 26.309237 ], [ 50.138939, 26.309253 ], [ 50.138932, 26.309271 ], [ 50.138924, 26.309289 ], [ 50.138917, 26.309307 ], [ 50.138911, 26.309325 ], [ 50.138905, 26.309343 ], [ 50.138899, 26.309361 ], [ 50.138893, 26.309379 ], [ 50.138888, 26.309399 ], [ 50.138883, 26.309417 ], [ 50.138879, 26.309435 ], [ 50.138875, 26.309453 ], [ 50.138871, 26.309473 ], [ 50.138868, 26.309491 ], [ 50.138865, 26.309509 ], [ 50.138862, 26.30953 ], [ 50.13886, 26.309548 ], [ 50.138858, 26.309566 ], [ 50.138857, 26.309586 ], [ 50.138855, 26.309604 ], [ 50.138854, 26.309625 ], [ 50.138854, 26.309643 ], [ 50.138848, 26.310121 ], [ 50.138846, 26.310162 ], [ 50.138845, 26.310196 ], [ 50.138844, 26.310229 ], [ 50.138844, 26.310261 ], [ 50.138845, 26.310295 ], [ 50.138846, 26.310329 ], [ 50.138848, 26.310363 ], [ 50.138851, 26.310396 ], [ 50.138854, 26.31043 ], [ 50.138858, 26.310462 ], [ 50.138863, 26.310496 ], [ 50.138868, 26.31053 ], [ 50.138874, 26.310561 ], [ 50.138881, 26.310595 ], [ 50.138888, 26.310629 ], [ 50.138896, 26.310661 ], [ 50.138904, 26.310692 ], [ 50.138913, 26.310726 ], [ 50.138923, 26.310758 ], [ 50.138944, 26.310808 ], [ 50.138958, 26.310844 ], [ 50.138972, 26.310878 ], [ 50.138985, 26.310914 ], [ 50.138997, 26.31095 ], [ 50.139009, 26.310987 ], [ 50.139019, 26.311023 ], [ 50.139029, 26.311061 ], [ 50.139039, 26.311097 ], [ 50.139048, 26.311133 ], [ 50.139056, 26.311172 ], [ 50.139063, 26.311208 ], [ 50.139069, 26.311246 ], [ 50.139075, 26.311283 ], [ 50.13908, 26.311321 ], [ 50.139085, 26.311357 ], [ 50.139088, 26.311396 ], [ 50.139091, 26.311434 ], [ 50.139093, 26.31147 ], [ 50.139094, 26.311508 ], [ 50.139095, 26.311547 ], [ 50.139095, 26.311585 ], [ 50.139094, 26.311621 ], [ 50.139093, 26.31166 ], [ 50.13909, 26.311698 ], [ 50.139088, 26.311736 ], [ 50.139084, 26.311772 ], [ 50.139079, 26.311811 ], [ 50.139074, 26.311847 ], [ 50.139068, 26.311885 ], [ 50.139062, 26.311924 ], [ 50.139054, 26.31196 ], [ 50.139046, 26.311998 ], [ 50.13897, 26.312248 ], [ 50.138836, 26.312421 ], [ 50.138527, 26.312706 ], [ 50.138519, 26.312713 ], [ 50.138507, 26.312724 ], [ 50.138494, 26.312735 ], [ 50.138482, 26.312746 ], [ 50.138469, 26.312757 ], [ 50.138455, 26.312769 ], [ 50.138442, 26.312778 ], [ 50.138428, 26.312789 ], [ 50.138415, 26.312798 ], [ 50.138401, 26.312809 ], [ 50.138387, 26.312818 ], [ 50.138372, 26.312827 ], [ 50.138358, 26.312836 ], [ 50.138343, 26.312845 ], [ 50.138328, 26.312854 ], [ 50.138313, 26.312863 ], [ 50.138298, 26.312869 ], [ 50.138282, 26.312878 ], [ 50.138267, 26.312885 ], [ 50.138251, 26.312894 ], [ 50.137842, 26.313097 ], [ 50.137659, 26.313197 ], [ 50.13703, 26.313507 ], [ 50.136597, 26.313737 ], [ 50.136583, 26.313744 ], [ 50.136573, 26.313748 ], [ 50.136563, 26.313753 ], [ 50.136552, 26.313757 ], [ 50.136542, 26.313762 ], [ 50.136531, 26.313766 ], [ 50.13652, 26.31377 ], [ 50.13651, 26.313775 ], [ 50.136499, 26.313777 ], [ 50.136488, 26.313782 ], [ 50.136477, 26.313784 ], [ 50.136466, 26.313788 ], [ 50.136455, 26.31379 ], [ 50.136443, 26.313795 ], [ 50.136432, 26.313797 ], [ 50.136421, 26.313799 ], [ 50.13641, 26.313801 ], [ 50.136398, 26.313804 ], [ 50.136387, 26.313806 ], [ 50.136375, 26.313808 ], [ 50.136364, 26.313808 ], [ 50.136352, 26.31381 ], [ 50.136341, 26.313812 ], [ 50.136329, 26.313812 ], [ 50.136318, 26.313814 ], [ 50.136306, 26.313814 ], [ 50.136295, 26.313814 ], [ 50.136283, 26.313814 ], [ 50.136271, 26.313814 ], [ 50.13626, 26.313814 ], [ 50.136248, 26.313814 ], [ 50.136237, 26.313814 ], [ 50.136225, 26.313814 ], [ 50.136213, 26.313814 ], [ 50.136202, 26.313811 ], [ 50.13619, 26.313811 ], [ 50.136179, 26.313809 ], [ 50.136167, 26.313809 ], [ 50.136156, 26.313807 ], [ 50.136145, 26.313804 ], [ 50.136133, 26.313802 ], [ 50.136122, 26.3138 ], [ 50.136111, 26.313797 ], [ 50.136099, 26.313795 ], [ 50.136088, 26.313793 ], [ 50.136077, 26.31379 ], [ 50.136066, 26.313786 ], [ 50.136055, 26.313783 ], [ 50.136044, 26.313779 ], [ 50.136033, 26.313777 ], [ 50.136022, 26.313772 ], [ 50.136012, 26.313767 ], [ 50.136001, 26.313765 ], [ 50.13599, 26.31376 ], [ 50.13598, 26.313756 ], [ 50.135969, 26.313751 ], [ 50.135959, 26.313747 ], [ 50.135949, 26.31374 ], [ 50.135655, 26.313558 ], [ 50.135405, 26.313389 ], [ 50.135394, 26.31338 ], [ 50.135386, 26.313373 ], [ 50.135377, 26.313369 ], [ 50.135369, 26.313362 ], [ 50.135361, 26.313355 ], [ 50.135352, 26.31335 ], [ 50.135343, 26.313346 ], [ 50.135335, 26.313339 ], [ 50.135326, 26.313334 ], [ 50.135317, 26.31333 ], [ 50.135308, 26.313325 ], [ 50.135299, 26.313318 ], [ 50.135289, 26.313314 ], [ 50.13528, 26.313309 ], [ 50.135271, 26.313307 ], [ 50.135261, 26.313302 ], [ 50.135251, 26.313298 ], [ 50.135242, 26.313293 ], [ 50.135232, 26.313291 ], [ 50.135222, 26.313286 ], [ 50.135212, 26.313284 ], [ 50.135202, 26.313279 ], [ 50.135192, 26.313277 ], [ 50.135182, 26.313275 ], [ 50.135172, 26.31327 ], [ 50.135162, 26.313268 ], [ 50.135152, 26.313266 ], [ 50.135142, 26.313263 ], [ 50.135131, 26.313261 ], [ 50.135121, 26.313259 ], [ 50.13511, 26.313256 ], [ 50.1351, 26.313256 ], [ 50.135089, 26.313254 ], [ 50.135079, 26.313254 ], [ 50.135068, 26.313252 ], [ 50.135058, 26.313252 ], [ 50.135047, 26.313249 ], [ 50.135037, 26.313249 ], [ 50.135026, 26.313249 ], [ 50.135016, 26.313249 ], [ 50.135005, 26.313249 ], [ 50.134994, 26.313249 ], [ 50.134984, 26.313249 ], [ 50.134973, 26.313249 ], [ 50.134963, 26.313249 ], [ 50.134952, 26.313251 ], [ 50.134941, 26.313251 ], [ 50.134931, 26.313251 ], [ 50.13492, 26.313253 ], [ 50.13491, 26.313255 ], [ 50.134899, 26.313255 ], [ 50.134889, 26.313257 ] ] ] } },
{ "type": "Feature", "properties": { "district_id": 10500227012, "city_id": 227, "region_id": 5, "name_ar": "جامعة الملك فهد للبترول والمعادن", "name_en": "King Fahd University Of Petroleum And Minerals" }, "geometry": { "type": "Polygon", "coordinates": [ [ [ 50.149835, 26.321346 ], [ 50.148494, 26.320521 ], [ 50.146253, 26.319241 ], [ 50.14544, 26.318778 ], [ 50.144712, 26.318408 ], [ 50.14407, 26.318113 ], [ 50.143936, 26.318052 ], [ 50.1438, 26.317994 ], [ 50.143664, 26.317937 ], [ 50.143526, 26.317884 ], [ 50.143387, 26.317832 ], [ 50.143248, 26.317781 ], [ 50.143107, 26.317735 ], [ 50.142966, 26.317689 ], [ 50.142823, 26.317645 ], [ 50.142604, 26.317585 ], [ 50.142124, 26.317456 ], [ 50.141643, 26.317329 ], [ 50.141126, 26.317188 ], [ 50.139357, 26.316713 ], [ 50.13918, 26.316673 ], [ 50.139155, 26.316666 ], [ 50.139003, 26.316629 ], [ 50.138827, 26.316585 ], [ 50.138652, 26.316537 ], [ 50.138478, 26.316486 ], [ 50.138305, 26.316433 ], [ 50.138133, 26.316376 ], [ 50.137555, 26.316174 ], [ 50.137525, 26.316162 ], [ 50.13629, 26.315629 ], [ 50.135604, 26.315329 ], [ 50.135377, 26.314901 ], [ 50.134874, 26.313961 ], [ 50.134563, 26.313379 ], [ 50.134691, 26.313324 ], [ 50.1347, 26.313319 ], [ 50.13471, 26.313315 ], [ 50.134719, 26.31331 ], [ 50.134729, 26.313306 ], [ 50.134738, 26.313302 ], [ 50.134748, 26.313297 ], [ 50.134758, 26.313293 ], [ 50.134767, 26.31329 ], [ 50.134777, 26.313286 ], [ 50.134787, 26.313281 ], [ 50.134797, 26.313279 ], [ 50.134807, 26.313277 ], [ 50.134817, 26.313273 ], [ 50.134827, 26.31327 ], [ 50.134837, 26.313268 ], [ 50.134848, 26.313266 ], [ 50.134858, 26.313264 ], [ 50.134868, 26.313262 ], [ 50.134879, 26.313259 ], [ 50.134889, 26.313257 ], [ 50.134899, 26.313255 ], [ 50.13491, 26.313255 ], [ 50.13492, 26.313253 ], [ 50.134931, 26.313251 ], [ 50.134941, 26.313251 ], [ 50.134952, 26.313251 ], [ 50.134963, 26.313249 ], [ 50.134973, 26.313249 ], [ 50.134984, 26.313249 ], [ 50.134994, 26.313249 ], [ 50.135005, 26.313249 ], [ 50.135016, 26.313249 ], [ 50.135026, 26.313249 ], [ 50.135037, 26.313249 ], [ 50.135047, 26.313249 ], [ 50.135058, 26.313252 ], [ 50.135068, 26.313252 ], [ 50.135079, 26.313254 ], [ 50.135089, 26.313254 ], [ 50.1351, 26.313256 ], [ 50.13511, 26.313256 ], [ 50.135121, 26.313259 ], [ 50.135131, 26.313261 ], [ 50.135142, 26.313263 ], [ 50.135152, 26.313266 ], [ 50.135162, 26.313268 ], [ 50.135172, 26.31327 ], [ 50.135182, 26.313275 ], [ 50.135192, 26.313277 ], [ 50.135202, 26.313279 ], [ 50.135212, 26.313284 ], [ 50.135222, 26.313286 ], [ 50.135232, 26.313291 ], [ 50.135242, 26.313293 ], [ 50.135251, 26.313298 ], [ 50.135261, 26.313302 ], [ 50.135271, 26.313307 ], [ 50.13528, 26.313309 ], [ 50.135289, 26.313314 ], [ 50.135299, 26.313318 ], [ 50.135308, 26.313325 ], [ 50.135317, 26.31333 ], [ 50.135326, 26.313334 ], [ 50.135335, 26.313339 ], [ 50.135343, 26.313346 ], [ 50.135352, 26.31335 ], [ 50.135361, 26.313355 ], [ 50.135369, 26.313362 ], [ 50.135377, 26.313369 ], [ 50.135386, 26.313373 ], [ 50.135394, 26.31338 ], [ 50.135405, 26.313389 ], [ 50.135655, 26.313558 ], [ 50.135949, 26.31374 ], [ 50.135959, 26.313747 ], [ 50.135969, 26.313751 ], [ 50.13598, 26.313756 ], [ 50.13599, 26.31376 ], [ 50.136001, 26.313765 ], [ 50.136012, 26.313767 ], [ 50.136022, 26.313772 ], [ 50.136033, 26.313777 ], [ 50.136044, 26.313779 ], [ 50.136055, 26.313783 ], [ 50.136066, 26.313786 ], [ 50.136077, 26.31379 ], [ 50.136088, 26.313793 ], [ 50.136099, 26.313795 ], [ 50.136111, 26.313797 ], [ 50.136122, 26.3138 ], [ 50.136133, 26.313802 ], [ 50.136145, 26.313804 ], [ 50.136156, 26.313807 ], [ 50.136167, 26.313809 ], [ 50.136179, 26.313809 ], [ 50.13619, 26.313811 ], [ 50.136202, 26.313811 ], [ 50.136213, 26.313814 ], [ 50.136225, 26.313814 ], [ 50.136237, 26.313814 ], [ 50.136248, 26.313814 ], [ 50.13626, 26.313814 ], [ 50.136271, 26.313814 ], [ 50.136283, 26.313814 ], [ 50.136295, 26.313814 ], [ 50.136306, 26.313814 ], [ 50.136318, 26.313814 ], [ 50.136329, 26.313812 ], [ 50.136341, 26.313812 ], [ 50.136352, 26.31381 ], [ 50.136364, 26.313808 ], [ 50.136375, 26.313808 ], [ 50.136387, 26.313806 ], [ 50.136398, 26.313804 ], [ 50.13641, 26.313801 ], [ 50.136421, 26.313799 ], [ 50.136432, 26.313797 ], [ 50.136443, 26.313795 ], [ 50.136455, 26.31379 ], [ 50.136466, 26.313788 ], [ 50.136477, 26.313784 ], [ 50.136488, 26.313782 ], [ 50.136499, 26.313777 ], [ 50.13651, 26.313775 ], [ 50.13652, 26.31377 ], [ 50.136531, 26.313766 ], [ 50.136542, 26.313762 ], [ 50.136552, 26.313757 ], [ 50.136563, 26.313753 ], [ 50.136573, 26.313748 ], [ 50.136583, 26.313744 ], [ 50.136597, 26.313737 ], [ 50.13703, 26.313507 ], [ 50.137659, 26.313197 ], [ 50.137842, 26.313097 ], [ 50.138251, 26.312894 ], [ 50.138267, 26.312885 ], [ 50.138282, 26.312878 ], [ 50.138298, 26.312869 ], [ 50.138313, 26.312863 ], [ 50.138328, 26.312854 ], [ 50.138343, 26.312845 ], [ 50.138358, 26.312836 ], [ 50.138372, 26.312827 ], [ 50.138387, 26.312818 ], [ 50.138401, 26.312809 ], [ 50.138415, 26.312798 ], [ 50.138428, 26.312789 ], [ 50.138442, 26.312778 ], [ 50.138455, 26.312769 ], [ 50.138469, 26.312757 ], [ 50.138482, 26.312746 ], [ 50.138494, 26.312735 ], [ 50.138507, 26.312724 ], [ 50.138519, 26.312713 ], [ 50.138527, 26.312706 ], [ 50.138836, 26.312421 ], [ 50.13897, 26.312248 ], [ 50.139046, 26.311998 ], [ 50.139054, 26.31196 ], [ 50.139062, 26.311924 ], [ 50.139068, 26.311885 ], [ 50.139074, 26.311847 ], [ 50.139079, 26.311811 ], [ 50.139084, 26.311772 ], [ 50.139088, 26.311736 ], [ 50.13909, 26.311698 ], [ 50.139093, 26.31166 ], [ 50.139094, 26.311621 ], [ 50.139095, 26.311585 ], [ 50.139095, 26.311547 ], [ 50.139094, 26.311508 ], [ 50.139093, 26.31147 ], [ 50.139091, 26.311434 ], [ 50.139088, 26.311396 ], [ 50.139085, 26.311357 ], [ 50.13908, 26.311321 ], [ 50.139075, 26.311283 ], [ 50.139069, 26.311246 ], [ 50.139063, 26.311208 ], [ 50.139056, 26.311172 ], [ 50.139048, 26.311133 ], [ 50.139039, 26.311097 ], [ 50.139029, 26.311061 ], [ 50.139019, 26.311023 ], [ 50.139009, 26.310987 ], [ 50.138997, 26.31095 ], [ 50.138985, 26.310914 ], [ 50.138972, 26.310878 ], [ 50.138958, 26.310844 ], [ 50.138944, 26.310808 ], [ 50.138923, 26.310758 ], [ 50.138913, 26.310726 ], [ 50.138904, 26.310692 ], [ 50.138896, 26.310661 ], [ 50.138888, 26.310629 ], [ 50.138881, 26.310595 ], [ 50.138874, 26.310561 ], [ 50.138868, 26.31053 ], [ 50.138863, 26.310496 ], [ 50.138858, 26.310462 ], [ 50.138854, 26.31043 ], [ 50.138851, 26.310396 ], [ 50.138848, 26.310363 ], [ 50.138846, 26.310329 ], [ 50.138845, 26.310295 ], [ 50.138844, 26.310261 ], [ 50.138844, 26.310229 ], [ 50.138845, 26.310196 ], [ 50.138846, 26.310162 ], [ 50.138848, 26.310121 ], [ 50.138854, 26.309643 ], [ 50.138854, 26.309625 ], [ 50.138855, 26.309604 ], [ 50.138857, 26.309586 ], [ 50.138858, 26.309566 ], [ 50.13886, 26.309548 ], [ 50.138862, 26.30953 ], [ 50.138865, 26.309509 ], [ 50.138868, 26.309491 ], [ 50.138871, 26.309473 ], [ 50.138875, 26.309453 ], [ 50.138879, 26.309435 ], [ 50.138883, 26.309417 ], [ 50.138888, 26.309399 ], [ 50.138893, 26.309379 ], [ 50.138899, 26.309361 ], [ 50.138905, 26.309343 ], [ 50.138911, 26.309325 ], [ 50.138917, 26.309307 ], [ 50.138924, 26.309289 ], [ 50.138932, 26.309271 ], [ 50.138939, 26.309253 ], [ 50.138947, 26.309237 ], [ 50.138955, 26.309219 ], [ 50.138964, 26.309201 ], [ 50.138981, 26.309169 ], [ 50.139318, 26.308589 ], [ 50.139618, 26.308144 ], [ 50.139636, 26.308119 ], [ 50.139654, 26.308092 ], [ 50.139673, 26.308065 ], [ 50.139693, 26.308041 ], [ 50.139713, 26.308016 ], [ 50.139734, 26.307991 ], [ 50.139755, 26.307966 ], [ 50.139776, 26.307942 ], [ 50.139798, 26.307917 ], [ 50.139821, 26.307895 ], [ 50.139843, 26.307872 ], [ 50.139867, 26.307847 ], [ 50.139891, 26.307825 ], [ 50.139915, 26.307805 ], [ 50.13994, 26.307782 ], [ 50.140223, 26.307511 ], [ 50.141005, 26.306809 ], [ 50.141398, 26.306473 ], [ 50.141763, 26.306186 ], [ 50.142181, 26.305907 ], [ 50.142282, 26.30581 ], [ 50.14233, 26.305743 ], [ 50.142412, 26.305626 ], [ 50.14246, 26.305513 ], [ 50.142526, 26.305311 ], [ 50.142652, 26.304801 ], [ 50.142699, 26.304614 ], [ 50.142731, 26.304519 ], [ 50.142772, 26.304411 ], [ 50.142803, 26.304346 ], [ 50.14284, 26.30429 ], [ 50.142902, 26.304216 ], [ 50.142963, 26.304166 ], [ 50.143036, 26.304117 ], [ 50.143121, 26.304079 ], [ 50.143237, 26.304048 ], [ 50.143387, 26.304029 ], [ 50.144182, 26.304027 ], [ 50.14541, 26.304014 ], [ 50.145832, 26.304012 ], [ 50.14653, 26.304009 ], [ 50.146706, 26.304017 ], [ 50.1468, 26.304025 ], [ 50.146774, 26.303636 ], [ 50.146773, 26.303392 ], [ 50.146763, 26.303133 ], [ 50.146738, 26.303022 ], [ 50.146724, 26.302981 ], [ 50.146687, 26.302875 ], [ 50.146596, 26.302698 ], [ 50.146535, 26.302558 ], [ 50.146509, 26.302454 ], [ 50.146497, 26.302276 ], [ 50.146499, 26.3021 ], [ 50.146505, 26.3017 ], [ 50.146553, 26.301482 ], [ 50.146556, 26.301473 ], [ 50.146618, 26.30129 ], [ 50.146846, 26.300752 ], [ 50.146911, 26.300599 ], [ 50.146998, 26.300389 ], [ 50.147061, 26.300293 ], [ 50.147133, 26.300201 ], [ 50.147225, 26.300109 ], [ 50.147288, 26.300053 ], [ 50.147379, 26.299992 ], [ 50.147466, 26.299941 ], [ 50.147586, 26.299878 ], [ 50.14774, 26.299798 ], [ 50.148527, 26.299383 ], [ 50.14856, 26.299367 ], [ 50.149142, 26.299102 ], [ 50.1493, 26.299022 ], [ 50.149397, 26.298955 ], [ 50.149528, 26.298845 ], [ 50.149624, 26.298744 ], [ 50.149718, 26.298625 ], [ 50.149864, 26.298443 ], [ 50.150079, 26.29823 ], [ 50.150274, 26.298088 ], [ 50.150527, 26.297937 ], [ 50.150769, 26.297834 ], [ 50.150993, 26.29775 ], [ 50.151243, 26.297629 ], [ 50.1514, 26.297538 ], [ 50.151542, 26.297435 ], [ 50.151705, 26.297298 ], [ 50.151905, 26.297087 ], [ 50.152016, 26.296945 ], [ 50.152002, 26.296941 ], [ 50.152123, 26.296723 ], [ 50.152307, 26.296374 ], [ 50.152451, 26.296099 ], [ 50.152611, 26.295802 ], [ 50.152744, 26.29555 ], [ 50.152894, 26.295319 ], [ 50.153089, 26.29506 ], [ 50.153158, 26.294979 ], [ 50.153303, 26.294831 ], [ 50.153507, 26.294611 ], [ 50.153601, 26.294515 ], [ 50.153827, 26.294284 ], [ 50.154195, 26.293909 ], [ 50.154417, 26.293646 ], [ 50.154564, 26.293441 ], [ 50.154692, 26.293212 ], [ 50.154776, 26.293048 ], [ 50.15488, 26.292775 ], [ 50.154929, 26.292611 ], [ 50.155012, 26.29232 ], [ 50.155081, 26.292108 ], [ 50.154967, 26.291521 ], [ 50.155163, 26.291484 ], [ 50.155456, 26.291587 ], [ 50.155894, 26.291885 ], [ 50.156366, 26.29231 ], [ 50.156803, 26.292741 ], [ 50.156953, 26.292629 ], [ 50.157862, 26.293623 ], [ 50.158257, 26.293955 ], [ 50.158406, 26.294071 ], [ 50.158899, 26.294259 ], [ 50.158911, 26.294264 ], [ 50.158922, 26.294268 ], [ 50.158934, 26.294271 ], [ 50.158946, 26.294275 ], [ 50.158958, 26.294278 ], [ 50.15897, 26.294282 ], [ 50.158981, 26.294285 ], [ 50.158994, 26.294287 ], [ 50.159005, 26.294291 ], [ 50.159018, 26.294294 ], [ 50.15903, 26.294296 ], [ 50.159042, 26.294298 ], [ 50.159055, 26.294299 ], [ 50.159067, 26.294301 ], [ 50.159079, 26.294303 ], [ 50.159091, 26.294303 ], [ 50.159104, 26.294306 ], [ 50.159116, 26.294306 ], [ 50.159129, 26.294308 ], [ 50.159141, 26.294308 ], [ 50.159154, 26.294308 ], [ 50.159166, 26.294308 ], [ 50.159179, 26.294308 ], [ 50.159191, 26.294308 ], [ 50.159204, 26.294308 ], [ 50.159216, 26.294306 ], [ 50.159229, 26.294306 ], [ 50.159241, 26.294306 ], [ 50.159253, 26.294304 ], [ 50.159266, 26.294302 ], [ 50.159278, 26.294302 ], [ 50.159291, 26.2943 ], [ 50.159303, 26.294298 ], [ 50.159315, 26.294296 ], [ 50.159327, 26.294293 ], [ 50.159339, 26.294291 ], [ 50.159351, 26.294289 ], [ 50.159364, 26.294285 ], [ 50.159376, 26.294282 ], [ 50.159387, 26.294278 ], [ 50.159399, 26.294276 ], [ 50.159418, 26.294269 ], [ 50.15943, 26.294265 ], [ 50.159443, 26.294262 ], [ 50.159455, 26.294258 ], [ 50.159467, 26.294254 ], [ 50.159479, 26.294247 ], [ 50.159491, 26.294242 ], [ 50.159503, 26.294238 ], [ 50.159515, 26.294234 ], [ 50.159526, 26.294227 ], [ 50.159538, 26.294222 ], [ 50.159549, 26.294216 ], [ 50.159561, 26.294211 ], [ 50.159572, 26.294204 ], [ 50.159583, 26.294198 ], [ 50.159594, 26.294191 ], [ 50.159605, 26.294184 ], [ 50.159615, 26.294178 ], [ 50.159626, 26.294171 ], [ 50.159636, 26.294164 ], [ 50.159647, 26.294155 ], [ 50.159657, 26.294149 ], [ 50.159667, 26.294142 ], [ 50.159674, 26.294135 ], [ 50.160218, 26.29468 ], [ 50.160857, 26.295253 ], [ 50.161565, 26.295835 ], [ 50.162156, 26.296256 ], [ 50.162229, 26.296308 ], [ 50.162303, 26.296358 ], [ 50.162422, 26.296438 ], [ 50.162466, 26.296465 ], [ 50.16251, 26.296492 ], [ 50.162554, 26.296517 ], [ 50.162599, 26.296545 ], [ 50.162669, 26.296581 ], [ 50.163337, 26.297003 ], [ 50.164413, 26.297666 ], [ 50.165136, 26.29811 ], [ 50.164886, 26.298346 ], [ 50.164322, 26.298916 ], [ 50.163914, 26.299378 ], [ 50.163383, 26.299978 ], [ 50.16302, 26.300427 ], [ 50.162667, 26.300899 ], [ 50.162291, 26.301403 ], [ 50.162096, 26.301681 ], [ 50.161475, 26.302624 ], [ 50.160913, 26.303539 ], [ 50.160424, 26.304428 ], [ 50.158279, 26.309294 ], [ 50.158155, 26.309607 ], [ 50.158025, 26.309918 ], [ 50.157888, 26.310225 ], [ 50.157744, 26.310529 ], [ 50.157594, 26.310831 ], [ 50.157438, 26.311129 ], [ 50.157276, 26.311424 ], [ 50.157107, 26.311715 ], [ 50.156933, 26.312003 ], [ 50.156752, 26.312287 ], [ 50.156565, 26.312567 ], [ 50.156373, 26.312843 ], [ 50.156175, 26.313115 ], [ 50.155971, 26.313383 ], [ 50.149835, 26.321346 ] ] ] } },
{ "type": "Feature", "properties": { "district_id": 10500227013, "city_id": 227, "region_id": 5, "name_ar": "أجيال", "name_en": "Ajyal" }, "geometry": { "type": "Polygon", "coordinates": [ [ [ 50.065539, 26.2767 ], [ 50.065148, 26.276521 ], [ 50.06476, 26.276337 ], [ 50.064374, 26.276148 ], [ 50.06399, 26.275953 ], [ 50.063609, 26.275754 ], [ 50.063231, 26.275551 ], [ 50.062856, 26.275342 ], [ 50.062765, 26.275269 ], [ 50.06268, 26.275191 ], [ 50.062598, 26.275108 ], [ 50.062522, 26.275021 ], [ 50.062451, 26.27493 ], [ 50.062385, 26.274834 ], [ 50.062324, 26.274736 ], [ 50.06227, 26.274633 ], [ 50.061967, 26.274097 ], [ 50.061661, 26.273563 ], [ 50.06135, 26.273032 ], [ 50.061035, 26.272503 ], [ 50.059887, 26.270141 ], [ 50.058736, 26.26778 ], [ 50.058579, 26.267398 ], [ 50.058418, 26.267019 ], [ 50.058253, 26.266642 ], [ 50.058083, 26.266266 ], [ 50.057908, 26.265893 ], [ 50.057838, 26.265761 ], [ 50.057775, 26.265626 ], [ 50.057718, 26.265488 ], [ 50.057667, 26.265348 ], [ 50.057624, 26.265205 ], [ 50.057587, 26.26506 ], [ 50.057569, 26.264974 ], [ 50.057559, 26.264886 ], [ 50.057554, 26.264798 ], [ 50.057557, 26.26471 ], [ 50.057565, 26.264623 ], [ 50.057581, 26.264536 ], [ 50.057602, 26.26445 ], [ 50.05763, 26.264367 ], [ 50.057664, 26.264285 ], [ 50.057886, 26.263689 ], [ 50.058112, 26.263094 ], [ 50.058342, 26.2625 ], [ 50.058576, 26.261908 ], [ 50.058347, 26.261854 ], [ 50.05812, 26.261793 ], [ 50.057894, 26.261725 ], [ 50.057671, 26.26165 ], [ 50.05745, 26.261568 ], [ 50.057232, 26.26148 ], [ 50.057017, 26.261385 ], [ 50.056804, 26.261284 ], [ 50.056637, 26.261191 ], [ 50.056473, 26.261091 ], [ 50.056312, 26.260986 ], [ 50.056156, 26.260875 ], [ 50.056004, 26.260759 ], [ 50.055856, 26.260637 ], [ 50.055712, 26.260509 ], [ 50.055574, 26.260377 ], [ 50.05544, 26.26024 ], [ 50.055311, 26.260098 ], [ 50.055188, 26.259951 ], [ 50.055069, 26.2598 ], [ 50.054957, 26.259645 ], [ 50.05485, 26.259485 ], [ 50.054749, 26.259323 ], [ 50.054654, 26.259156 ], [ 50.054565, 26.258986 ], [ 50.054482, 26.258813 ], [ 50.054405, 26.258637 ], [ 50.047892, 26.241324 ], [ 50.047798, 26.241023 ], [ 50.047698, 26.240725 ], [ 50.047591, 26.240428 ], [ 50.047479, 26.240133 ], [ 50.04736, 26.239841 ], [ 50.047236, 26.239552 ], [ 50.047105, 26.239265 ], [ 50.046969, 26.23898 ], [ 50.046827, 26.238699 ], [ 50.046679, 26.238421 ], [ 50.046525, 26.238145 ], [ 50.046366, 26.237873 ], [ 50.046201, 26.237605 ], [ 50.04603, 26.23734 ], [ 50.045855, 26.237078 ], [ 50.045673, 26.23682 ], [ 50.045487, 26.236566 ], [ 50.045274, 26.236282 ], [ 50.045057, 26.236002 ], [ 50.044835, 26.235725 ], [ 50.044609, 26.235453 ], [ 50.044378, 26.235183 ], [ 50.044143, 26.234918 ], [ 50.043903, 26.234657 ], [ 50.043659, 26.234399 ], [ 50.043279, 26.234054 ], [ 50.042894, 26.233714 ], [ 50.042504, 26.233379 ], [ 50.042111, 26.233049 ], [ 50.041713, 26.232724 ], [ 50.041311, 26.232404 ], [ 50.037067, 26.229134 ], [ 50.032819, 26.22587 ], [ 50.03234, 26.225397 ], [ 50.038725, 26.219807 ], [ 50.038891, 26.219939 ], [ 50.039531, 26.220012 ], [ 50.040845, 26.220185 ], [ 50.041022, 26.220206 ], [ 50.041197, 26.220234 ], [ 50.041371, 26.220267 ], [ 50.041544, 26.220307 ], [ 50.041715, 26.220352 ], [ 50.041885, 26.220403 ], [ 50.042053, 26.22046 ], [ 50.042219, 26.220523 ], [ 50.042383, 26.220591 ], [ 50.042544, 26.220665 ], [ 50.042756, 26.220781 ], [ 50.042965, 26.220903 ], [ 50.04317, 26.22103 ], [ 50.043371, 26.221164 ], [ 50.043568, 26.221303 ], [ 50.043762, 26.221448 ], [ 50.043951, 26.221598 ], [ 50.044135, 26.221754 ], [ 50.044315, 26.221915 ], [ 50.04449, 26.222081 ], [ 50.044661, 26.222252 ], [ 50.044826, 26.222428 ], [ 50.050075, 26.226999 ], [ 50.052574, 26.229175 ], [ 50.052755, 26.229333 ], [ 50.057296, 26.233287 ], [ 50.057463, 26.233433 ], [ 50.058359, 26.234213 ], [ 50.058697, 26.234527 ], [ 50.059039, 26.234836 ], [ 50.059386, 26.23514 ], [ 50.059738, 26.235438 ], [ 50.060094, 26.235731 ], [ 50.060455, 26.236018 ], [ 50.06082, 26.2363 ], [ 50.061189, 26.236576 ], [ 50.061563, 26.236846 ], [ 50.06194, 26.237111 ], [ 50.062322, 26.237369 ], [ 50.062708, 26.237622 ], [ 50.062939, 26.237846 ], [ 50.063143, 26.238082 ], [ 50.064141, 26.238951 ], [ 50.065705, 26.240313 ], [ 50.067516, 26.241889 ], [ 50.070966, 26.244847 ], [ 50.071049, 26.244919 ], [ 50.071113, 26.24496 ], [ 50.071223, 26.245082 ], [ 50.071336, 26.245201 ], [ 50.071453, 26.245317 ], [ 50.071466, 26.24533 ], [ 50.071479, 26.245342 ], [ 50.071506, 26.245367 ], [ 50.071922, 26.245734 ], [ 50.072006, 26.245808 ], [ 50.0721, 26.24589 ], [ 50.072173, 26.245954 ], [ 50.072693, 26.246408 ], [ 50.073215, 26.24686 ], [ 50.073444, 26.247058 ], [ 50.074353, 26.247837 ], [ 50.075267, 26.24861 ], [ 50.075634, 26.248912 ], [ 50.075998, 26.249219 ], [ 50.076356, 26.249531 ], [ 50.07671, 26.249848 ], [ 50.07706, 26.25017 ], [ 50.077405, 26.250498 ], [ 50.079138, 26.252013 ], [ 50.080874, 26.253524 ], [ 50.081098, 26.253719 ], [ 50.083101, 26.255452 ], [ 50.083552, 26.255844 ], [ 50.084007, 26.256231 ], [ 50.084466, 26.256613 ], [ 50.084929, 26.25699 ], [ 50.085395, 26.257363 ], [ 50.085866, 26.257731 ], [ 50.085575, 26.258142 ], [ 50.085555, 26.258173 ], [ 50.085089, 26.258898 ], [ 50.083448, 26.26145 ], [ 50.083061, 26.26207 ], [ 50.082975, 26.262208 ], [ 50.081051, 26.265279 ], [ 50.080753, 26.265768 ], [ 50.08072, 26.265824 ], [ 50.080118, 26.266772 ], [ 50.079387, 26.267919 ], [ 50.077606, 26.270718 ], [ 50.076762, 26.271927 ], [ 50.076065, 26.272754 ], [ 50.076012, 26.272817 ], [ 50.07574, 26.27314 ], [ 50.075375, 26.27357 ], [ 50.074521, 26.274476 ], [ 50.074306, 26.274705 ], [ 50.074111, 26.274912 ], [ 50.073587, 26.275469 ], [ 50.072113, 26.276718 ], [ 50.071294, 26.277347 ], [ 50.070665, 26.277831 ], [ 50.069677, 26.278503 ], [ 50.065539, 26.2767 ] ] ] } }
]
}
