cell_id,Name,Place ID,Types,Vicinity,Business Status,Rating,User Ratings Total,Latitude,Longitude,Distance (m)
<<<<<<< HEAD
1,Energy Exhibit,ChIJN65pcT3kST4RMqg8grnXjIU,"museum, point_of_interest, establishment","84MF+Q2G, Dhahran",OPERATIONAL,4.6,2695,26.333333333333336,50.128,553.52
1,King Abdulaziz Center for World Culture - Ithra,ChIJW_eTFRbkST4RftSJXB76nhw,"tourist_attraction, movie_theater, museum, library, point_of_interest, establishment","8386 Ring Road, Dhahran",OPERATIONAL,4.6,6716,26.333333333333336,50.128,740.15
1,Ar-Rabiyah Community Center,ChIJz6zdVS_kST4RfZcO6Nh0jsM,"point_of_interest, establishment","84JJ+CQR, Dhahran",OPERATIONAL,4.3,133,26.333333333333336,50.128,459.73
1,SNB AlAhli ATM,ChIJE69hWi_kST4RZX3BJ8FLqgE,"atm, finance, point_of_interest, establishment","Jabal Street, 84JJ+MW, Dhahran",OPERATIONAL,2,3,26.333333333333336,50.128,469.75
1,Saudi Drill Company Ltd,ChIJZ9k5LXjoST4RLLZDCNWGW-8,"point_of_interest, establishment","،, شارع خادم الحرمين الشريفين،, Dhahran",OPERATIONAL,4.3,26,26.333333333333336,50.128,365.34
1,SNB,ChIJyZrpUSbkST4REaqfm_g1mDU,"bank, finance, point_of_interest, establishment","Nakheel Street, Dhahran",OPERATIONAL,3,1,26.333333333333336,50.128,607.56
1,Saudi Falcon Co,ChIJH2KYSaT9ST4RYLjPMdarRh8,"travel_agency, point_of_interest, establishment",Dhahran,OPERATIONAL,3.7,6,26.333333333333336,50.128,329.49
1,شارك Sharik,ChIJd_QKcFzlST4RFLcd1spFp7w,"point_of_interest, establishment","Custodian of The Two Holy Mosques Road, Dhahran",OPERATIONAL,N/A,N/A,26.333333333333336,50.128,333.51
1,Aluhaideb Law Firm,ChIJtThmQADlST4RwzwFjlQWe4I,"lawyer, point_of_interest, establishment","6868 3466, Dhahran",OPERATIONAL,5,30,26.333333333333336,50.128,338.07
1,FuelWay Station,ChIJe6xO-KblST4RmQdrbc31rlc,"point_of_interest, establishment","30741, الخبر",OPERATIONAL,5,2,26.333333333333336,50.128,339.53
1,Gutor Electronic Arabia,ChIJ7RuVBwDlST4RNOKTDs_-h28,"point_of_interest, establishment","برج الخالدي, Dhahran",OPERATIONAL,N/A,N/A,26.333333333333336,50.128,342.02
1,برج الخالدي Alkhaldi Tower,ChIJW6yTPfflST4R3FbyI0y7p7k,"point_of_interest, establishment","6868 3466, Dhahran",OPERATIONAL,4.3,67,26.333333333333336,50.128,342.14
1,Al Khaldi-Bertling Logistics Ltd.,ChIJI8oQzMPlST4Ru2LJI1d90Cc,"point_of_interest, establishment","Al Khaldi Tower, Al Jamiah District 6868, الظهران",OPERATIONAL,N/A,N/A,26.333333333333336,50.128,347.79
1,شركة الخالدي القابضة,ChIJZ7tHOnjoST4RqXxFlHYcxcA,"moving_company, point_of_interest, establishment","Custodian of The Two Holy Mosques Road, Dhahran",OPERATIONAL,4.3,84,26.333333333333336,50.128,364.69
1,RATIO Speciality Coffee,ChIJsdzKDhHlST4RmOmyVpKk9_g,"cafe, store, food, point_of_interest, establishment","Ibn Alhaitham Street, Al Khobar",OPERATIONAL,4.4,240,26.333333333333336,50.128,389.32
1,Starbucks,ChIJ8Rx6TSXkST4RNU9UT2bPpeY,"cafe, store, food, point_of_interest, establishment","Custodian of The Two Holy Mosques Road, Dhahran",OPERATIONAL,4,535,26.333333333333336,50.128,396.62
1,Mazaya,ChIJLYoXA__lST4Rm5-1Ecs9UWU,"supermarket, grocery_or_supermarket, store, food, point_of_interest, establishment","Custodian of The Two Holy Mosques Road, 84PJ+5H2, Dhahran",OPERATIONAL,4,109,26.333333333333336,50.128,406.98
1,Ithra visitor Parking 1,ChIJ2RqderblST4Rwrf3j8VyLfE,"parking, point_of_interest, establishment","Ring Road, Dhahran",OPERATIONAL,4.3,12,26.333333333333336,50.128,411.36
1,Orange Gas Station,ChIJw7bG4MblST4RuuiPuP8uE5M,"gas_station, point_of_interest, establishment","Custodian of The Two Holy Mosques Road, Dhahran",OPERATIONAL,4.2,466,26.333333333333336,50.128,412.68
1,Building B,ChIJh0_pGwDlST4RIuu9QVTxO_k,"point_of_interest, establishment","84PH+QM5, Dhahran",OPERATIONAL,N/A,N/A,26.333333333333336,50.128,412.1
1,TheCatBat,ChIJz97BTYzlST4RaPmelMWKukg,"pet_store, store, point_of_interest, establishment","Althurayya Street, Dhahran",OPERATIONAL,N/A,N/A,26.333333333333336,50.128,412.43
1,Building A,ChIJheTiPQDlST4R6MWtlrLo3Ug,"point_of_interest, establishment","طريق الملك فهد, 84PH+RG5, Dhahran",OPERATIONAL,5,1,26.333333333333336,50.128,417.84
1,Ghawar Building,ChIJv9za2CLkST4R4OFXCsJur5A,"point_of_interest, establishment","H.E Ali Naimi Street, 84JF+WH8, Dhahran",OPERATIONAL,4.5,38,26.333333333333336,50.128,419.31
1,وردة الظهران,ChIJ9dwVkYvlST4RW-y534Mqijc,"point_of_interest, establishment","6942 21ب, EAMB3446، 3446, الظهران",OPERATIONAL,N/A,N/A,26.333333333333336,50.128,428.66
1,Hailah Bint Ahmed Mosque,ChIJD39e6jrkST4RCfQfJbFE8gc,"mosque, place_of_worship, point_of_interest, establishment","84PJ+J4P, Dhahran",OPERATIONAL,4.6,76,26.333333333333336,50.128,430.35
1,سطحه الظهران الدمام,ChIJ3a1QbJLlST4REmrAkouLY_U,"point_of_interest, establishment","طريق بقيق القديم, Dhahran",OPERATIONAL,4.6,24,26.333333333333336,50.128,430.49
1,Shatiraty,ChIJGycsjmzlST4RPwQF9TJPP9U,"restaurant, food, point_of_interest, establishment","Ibn Alhaitham Street, Dhahran",OPERATIONAL,4.2,520,26.333333333333336,50.128,431.69
1,JUBAIL,ChIJr2TMbADlST4RRwKjuosw_D8,"point_of_interest, establishment","Jabal Street, 84JJ+7FP, Dhahran",OPERATIONAL,N/A,N/A,26.333333333333336,50.128,431.55
1,Mobil Service موبيل خدمه الزيوت,ChIJQSLPF7HlST4R_AkSsRTbNUQ,"point_of_interest, establishment","6833, الظهران",OPERATIONAL,3.8,110,26.333333333333336,50.128,438.56
1,Dhahran Views Building 5,ChIJt2sob8zlST4RjJQQ1JHsMBU,"point_of_interest, establishment","84PH+RQR, Dhahran",OPERATIONAL,5,1,26.333333333333336,50.128,440.18
1,Sparkling Shine,ChIJs_hm5wvlST4R8k-4KSoZJko,"car_wash, point_of_interest, establishment","3670 Custodian of The Two Holy Mosques Road, Dhahran",OPERATIONAL,3.8,334,26.333333333333336,50.128,442.56
1,"Workshop for car service,Tyres",ChIJrRcCdQTlST4RKu69yNuQcGQ,"car_repair, point_of_interest, establishment","3561Aljamiah District 6833, Dhahran",OPERATIONAL,4.1,13,26.333333333333336,50.128,445.54
1,كوفي بين | The Coffee Bean & Tea Leaf,ChIJN8QefADlST4Rq9tV9Py7yvc,"cafe, store, food, point_of_interest, establishment","6716 1 الجامعة, EAMC3764، 3764, Dhahran",OPERATIONAL,4.5,879,26.333333333333336,50.128,463.56
1,Dhahran Views Building 27,ChIJSdOLgwnlST4RPFnwpsG0wE8,"point_of_interest, establishment","84PH+WPR, Dhahran",OPERATIONAL,5,9,26.333333333333336,50.128,463.54
1,Ithra visitor Parking 9,ChIJoSNqtrTlST4RjSdnaymogMg,"parking, point_of_interest, establishment","Ring Road, Dhahran",OPERATIONAL,4.3,8,26.333333333333336,50.128,465.42
1,نيرفانا (3) - NIRVANA RESIDENCE (3),ChIJZxTXmG3lST4RkZ6Z4T4JXjU,"point_of_interest, establishment","6824, EAMB3705، 3705 الشهاده،, الظهران",OPERATIONAL,5,1,26.333333333333336,50.128,468.84
1,شركة العابسي للمحاماة والاستشارات القانونية,ChIJ3S93BADlST4RdtsYwACdzTg,"point_of_interest, establishment","EAMC3764, 6716 1 الجامعة، حي الجامعة, Dhahran",OPERATIONAL,N/A,N/A,26.333333333333336,50.128,469.59
1,Thermocup - Drive Thru,ChIJJ8faaQDlST4RDz1ak0p2RXc,"cafe, store, food, point_of_interest, establishment","6703 طريق خادم الحرمين الشريفين, EAMC3792, 3792, الظهران",OPERATIONAL,4.5,85,26.333333333333336,50.128,471.43
1,Dhahran Views Building 6,ChIJeRsYfSTlST4R0UBJBn_fSsA,"point_of_interest, establishment","84PH+WW3, Dhahran",OPERATIONAL,5,2,26.333333333333336,50.128,470.23
1,Lulu Minimarket,ChIJVcIJCADlST4RefgvbaNCps0,"convenience_store, store, food, point_of_interest, establishment","9028 Northern Rabiyah Street, Dammam",OPERATIONAL,1,1,26.333333333333336,50.128,475.17
1,Al Munira Commissary,ChIJNYOBRwDlST4RgQyQrcUFpoI,"grocery_or_supermarket, store, food, point_of_interest, establishment","Jabal Street, 84JJ+MW, Dhahran",OPERATIONAL,N/A,N/A,26.333333333333336,50.128,475.57
1,Starbucks,ChIJ6YtwuhHlST4RYVuYH1je6bQ,"cafe, store, food, point_of_interest, establishment","9028 Northern Rabiyah Street, Dammam",OPERATIONAL,4.4,27,26.333333333333336,50.128,479.08
1,Subway,ChIJ9VfDPQDlST4R0R0NeuVLtpk,"restaurant, food, point_of_interest, establishment","6716 1 الجامعة, EAMC3764، 3764, Dhahran",OPERATIONAL,3.4,16,26.333333333333336,50.128,483.09
1,Shally View شالي فيو,ChIJnUYtMwDlST4RpF4dxA-DO3E,"shopping_mall, point_of_interest, establishment","6703 طريق خادم الحرمين الشريفين, EAMC3792, 3792, الظهران",OPERATIONAL,5,6,26.333333333333336,50.128,485.24
1,Dhahran Views Building 2,ChIJ62pEjt_lST4R3UD0Bo-1p3A,"point_of_interest, establishment","84PH+XQW, Dhahran",OPERATIONAL,4.1,9,26.333333333333336,50.128,483.33
1,نيرفانا (١) - NIRVANA RESIDENCE (1),ChIJVxwuLrblST4RBfvXAxd3GFk,"point_of_interest, establishment","6878, EAMA3674، 3674 الشهاده،, الظهران",OPERATIONAL,5,1,26.333333333333336,50.128,486.42
1,Rawas 12 رواس ١٢,ChIJU3osLgDlST4Rest7Sid9_-c,"point_of_interest, establishment","613، 6808, EAMB3744, 3744, الظهران",OPERATIONAL,5,4,26.333333333333336,50.128,487.98
1,Rawas 17 | رواس ١٧,ChIJMY1LSADlST4RYEnZSJbZYOc,"point_of_interest, establishment","EAMA3551، 3551 19ب، 6969, الظهران",OPERATIONAL,5,1,26.333333333333336,50.128,487.82
1,Ithra Mosque,ChIJod3YBT3kST4R24y3XE-QFxU,"mosque, place_of_worship, point_of_interest, establishment","Ring Road, 84PF+3C7, Dhahran",OPERATIONAL,4.8,353,26.333333333333336,50.128,488.81
1,دورات مياه,ChIJscK4FwDlST4Ru6x9WjIMXQU,"point_of_interest, establishment","Ring Road, 84PF+3C7, Dhahran",OPERATIONAL,N/A,N/A,26.333333333333336,50.128,492.18
1,Othman Mosque,ChIJDSczIdDlST4RolTyMZWWr4g,"mosque, place_of_worship, point_of_interest, establishment","84JM+P3C, Dhahran",OPERATIONAL,5,1,26.333333333333336,50.128,493.5
1,Rabiyah Mosque,ChIJgXyfRS_kST4R6NoHiwMWZaU,"mosque, place_of_worship, point_of_interest, establishment","Rabiyah Mosque, Dhahran",OPERATIONAL,4.7,25,26.333333333333336,50.128,494.75
1,Lazy Koala Restaurant مطعم ليزي كوالا,ChIJJVWR4Z7lST4RUA8XaM_M7jM,"restaurant, bakery, store, food, point_of_interest, establishment","King Saud Road, Dhahran",OPERATIONAL,4.9,40,26.333333333333336,50.128,495.0
1,نيرفانا (2) - NIRVANA RESIDENCE,ChIJyyFYZO_lST4RmTL07ScPQO4,"point_of_interest, establishment","6844, EAMB3727، 3727 الشهاده،, الظهران",OPERATIONAL,N/A,N/A,26.333333333333336,50.128,504.25
1,Dhahran Views Building 7,ChIJt0WvFPLlST4R7mDgze5y93c,"local_government_office, point_of_interest, establishment","84QH+2X8, Dhahran",OPERATIONAL,5,3,26.333333333333336,50.128,504.06
1,Dhahran Views Building 3,ChIJjakmhMzlST4RdJRE-yGFhww,"point_of_interest, establishment","84QH+3RC, Dhahran",OPERATIONAL,4.7,7,26.333333333333336,50.128,506.26
1,Ithra Visitors Parking 8,ChIJQ1OHyiXlST4Ruoin6V5UJf8,"parking, point_of_interest, establishment","H.E Ali Naimi Street, 84JF+R45, Dhahran",OPERATIONAL,5,1,26.333333333333336,50.128,508.43
1,Energy Exhibit Loading Dock,ChIJcRbLBwDlST4RjeOzUDP6s3A,"parking, point_of_interest, establishment","84MF+J58, Dhahran",OPERATIONAL,N/A,N/A,26.333333333333336,50.128,508.93
2,SNB AlAhli ATM,ChIJI0tPPNblST4ReS9_cYye9EI,"atm, finance, point_of_interest, establishment","Prince Sultan Road, 84JX+WF, Dhahran",OPERATIONAL,3.5,38,26.333333333333336,50.14399999999999,482.9
2,Saudi Petro Gas Company,ChIJaWCCedblST4Rg4jaU_eYrhI,"point_of_interest, establishment","84MX+722, Dhahran",OPERATIONAL,2.9,14,26.333333333333336,50.14399999999999,352.5
2,Farm Superstore,ChIJU72cWtblST4RFrR8xmPyfB8,"supermarket, grocery_or_supermarket, store, food, point_of_interest, establishment","84MX+8M, Dhahran",OPERATIONAL,3.9,1122,26.333333333333336,50.14399999999999,516.55
2,McDonald's,ChIJnUqjDHjmST4RVAlxzP2RmrU,"restaurant, food, point_of_interest, establishment","Dhahran, الخبر",OPERATIONAL,3.8,4311,26.333333333333336,50.14399999999999,728.23
2,Dhahran City Municipality,ChIJP7FAz9flST4RCGy7kF7LXck,"point_of_interest, establishment","5552 Prince Sultan Road, Dhahran",OPERATIONAL,3,65,26.333333333333336,50.14399999999999,641.19
2,SAB الأول,ChIJ0T6TKdblST4R9tTWJvrhGn0,"atm, finance, point_of_interest, establishment","Prince Sultan Road, الدمام",OPERATIONAL,3.3,12,26.333333333333336,50.14399999999999,563.4
2,Little Geniuses الصغار العباقرة,ChIJvT6KDEnkST4RDOBphJJwQ18,"point_of_interest, establishment","البديعه, EAMA7166, الظهران",OPERATIONAL,4.7,23,26.333333333333336,50.14399999999999,813.9
2,Talal Al-Hajri Mosque,ChIJo0PhXNflST4RubKsIbn_nDc,"mosque, place_of_worship, point_of_interest, establishment","5690, Dhahran",OPERATIONAL,4.8,57,26.333333333333336,50.14399999999999,853.71
2,Industrial Training Center,ChIJJ1928oHmST4R-UUP3GNNERA,"point_of_interest, establishment","Munirah Road, Dhahran",OPERATIONAL,4.5,281,26.333333333333336,50.14399999999999,967.44
2,مصرف الراجحي,ChIJ5RYk7irkST4RqLVSyijZHDg,"bank, finance, point_of_interest, establishment","Custodian of The Two Holy Mosques Road, 84JR+43, Dhahran",OPERATIONAL,2.4,157,26.333333333333336,50.14399999999999,503.96
2,Baskin Robbins,ChIJS-GuadblST4RLZs0ZAXlgjo,"store, food, point_of_interest, establishment","Prince Sultan Road, 84MX+773, Dhahran",OPERATIONAL,4.1,112,26.333333333333336,50.14399999999999,416.28
2,AL Jahalan compound,ChIJ5WeDFwDlST4RwsdiVcFxc74,"point_of_interest, establishment","6443 عمر بن عبد العزيز, Dhahran",OPERATIONAL,5,1,26.333333333333336,50.14399999999999,115.05
2,Amazon Hub,ChIJKQGKL_rlST4RW9FhCzf5urg,"post_office, finance, point_of_interest, establishment","6396 طريق الأمير سلطان, حي, 5010, الظهران",OPERATIONAL,N/A,N/A,26.333333333333336,50.14399999999999,148.57
2,بوفيه زاويه الأمين,ChIJhwGrTkLlST4R3urNqnrg6_c,"meal_takeaway, restaurant, food, point_of_interest, establishment","طريق الأمير سلطان, حي, 5010 6396, الظهران",OPERATIONAL,3.5,35,26.333333333333336,50.14399999999999,157.32
2,Petroly,ChIJl4lGEh_lST4RoeqQqp_k4Mo,"gas_station, point_of_interest, establishment","5010 Prince Sultan Road, 6396, Dhahran",OPERATIONAL,4.1,255,26.333333333333336,50.14399999999999,166.77
2,Moon car wash مغسلة القمر للسيارات,ChIJT9SkJ-vlST4R9TXnJunMEO8,"car_wash, point_of_interest, establishment","84JW+V4H, Dhahran",OPERATIONAL,2.6,123,26.333333333333336,50.14399999999999,169.19
2,صراف بنك الجزيره,ChIJN4ElvKiVvRUR_pmsJef_nAg,"atm, finance, point_of_interest, establishment","84JV+RX9, Dhahran",OPERATIONAL,3.3,6,26.333333333333336,50.14399999999999,169.07
2,بيارق دبي bayariq dubai,ChIJlwns2X_lST4RN6zE5lcQFzY,"grocery_or_supermarket, store, food, point_of_interest, establishment","6396 طريق الأمير سلطان, حي, 5010, الظهران",OPERATIONAL,3,20,26.333333333333336,50.14399999999999,169.12
2,Petromin Express,ChIJp7QkMD7lST4R4ICS82jDu88,"car_wash, car_repair, store, point_of_interest, establishment","4940 Prince Sultan Road, Dhahran",OPERATIONAL,4.2,76,26.333333333333336,50.14399999999999,175.44
2,Dana Oil Change Service,ChIJvxG5qNXlST4RquLD5ITUtYM,"car_repair, point_of_interest, establishment","Prince Sultan Road, 84JW+V33, Dhahran",OPERATIONAL,4.2,20,26.333333333333336,50.14399999999999,177.63
2,Prince Mohammed Mosque,ChIJ9-UgD9XlST4RxdyLqqa7YEo,"mosque, place_of_worship, point_of_interest, establishment","Prince Mohammed Mosque, 4934 Prince Sultan Road, Dhahran",OPERATIONAL,4.6,70,26.333333333333336,50.14399999999999,181.03
2,Road Café,ChIJ0zxVEQXlST4R6ai2AgfLwZI,"cafe, food, store, point_of_interest, establishment","Prince Sultan Road, Dhahran",OPERATIONAL,4.2,50,26.333333333333336,50.14399999999999,184.73
2,Public Restroom,ChIJ1SrmutXlST4R080Bx5mJkOQ,"point_of_interest, establishment","84JW+V49, Dhahran",OPERATIONAL,1,3,26.333333333333336,50.14399999999999,186.28
2,Dhahran Traffic Police,ChIJq7G8ttXlST4RWu6Onc0AkjY,"police, point_of_interest, establishment","5086 Prince Sultan Road, Dhahran",OPERATIONAL,N/A,N/A,26.333333333333336,50.14399999999999,189.07
2,Parking Lot,ChIJ1xXJudXlST4RhnVj_jXVy9o,"parking, point_of_interest, establishment","84JW+W8J, Dhahran",OPERATIONAL,3.5,2,26.333333333333336,50.14399999999999,207.49
2,Iqra’a Childcare Center,ChIJL5nT46DlST4RuPoY4w3jsXs,"school, point_of_interest, establishment","4883 6309 Prince Sultan Road, Dhahran",OPERATIONAL,4.7,34,26.333333333333336,50.14399999999999,216.24
2,نقل السيارات المتعطلة Loading Broken Cars,ChIJqxN7lHTlST4RX6Xqg7s4VpM,"point_of_interest, establishment","Sinan Ibn Amro, Dhahran",OPERATIONAL,4.5,2,26.333333333333336,50.14399999999999,233.07
2,Agility logestic,ChIJTdi_EgDlST4Ry6DpbEidzEA,"real_estate_agency, point_of_interest, establishment","EAMA5098, 6724 Al Sahab Street, 5098, Dhahran",OPERATIONAL,N/A,N/A,26.333333333333336,50.14399999999999,257.85
2,SS Dana-2 115/13.8 KV Substation,ChIJ36TGPgDlST4R6_fzYJdSCo4,"point_of_interest, establishment","Doha Road, 84PW+397, Dhahran",OPERATIONAL,N/A,N/A,26.333333333333336,50.14399999999999,278.34
2,DANA Substation,ChIJOVDItY7lST4RdlcyYbBBqL0,"storage, point_of_interest, establishment","EAMA6782, 5105 Al Sahab Street, 6782, Dhahran",OPERATIONAL,3.5,2,26.333333333333336,50.14399999999999,309.84
2,مركز الورود الطبي,ChIJFzYyYADlST4RPwleiwW-xFI,"health, point_of_interest, establishment","84MX+722, Dhahran",OPERATIONAL,5,1,26.333333333333336,50.14399999999999,339.53
2,Naf Group Co,ChIJ2bevftblST4RVewXCFI3c34,"point_of_interest, establishment","84MW+8XG, Dhahran",OPERATIONAL,3,13,26.333333333333336,50.14399999999999,344.54
2,مكتب المحامي فهد العطيل العنزي,ChIJt5GnFyv9ST4RXbh5w52VdLI,"point_of_interest, establishment","84MW+9XP, Dhahran",OPERATIONAL,4.9,17,26.333333333333336,50.14399999999999,345.64
2,Building 1,ChIJQc7reADlST4Rty0Fe2pbr-k,"point_of_interest, establishment","6523 ابو ألعقيل الاسلمي, 4567, الظهران",OPERATIONAL,4,1,26.333333333333336,50.14399999999999,349.89
2,Elite Law Firm شركة نخبة للمحاماة والاستشارات القانونية,ChIJecqzg-zlST4RKQGTEj2TDKs,"point_of_interest, establishment","Prince Sultan Road, 84MX+82F, Dhahran",OPERATIONAL,5,26,26.333333333333336,50.14399999999999,354.43
2,جسر مشاة منتزه الدانة,ChIJ7T1ndwDlST4RqOWjjACSizs,"point_of_interest, establishment","6460 Rabihah Ibn Khouwailed, EAMA5086، 5086, Dhahran",OPERATIONAL,N/A,N/A,26.333333333333336,50.14399999999999,357.9
2,Pearl Park,ChIJTej1StXlST4Rt5D8J3nkX-Y,"park, point_of_interest, establishment","84JR+6V5, Dhahran",OPERATIONAL,4.3,43,26.333333333333336,50.14399999999999,357.26
2,Sabic Shift bus parking Al Danah North,ChIJD5MFPQDlST4R1Z-0YKNbWzg,"point_of_interest, establishment","Rabihah Ibn Khouwailed, 84MX+GGP, Dhahran",OPERATIONAL,3,2,26.333333333333336,50.14399999999999,368.27
2,Ibn Almuthaffar Middle School,ChIJ8RlvJdPlST4RW8lL5bWxQUg,"school, point_of_interest, establishment","84PV+J56, Dhahran",OPERATIONAL,3.6,82,26.333333333333336,50.14399999999999,371.94
2,Building 2,ChIJ-emrcgDlST4RBiDiZA_xH8Q,"point_of_interest, establishment","84MR+64C, Dhahran",OPERATIONAL,N/A,N/A,26.333333333333336,50.14399999999999,375.01
2,Mosque,ChIJu9M6lALlST4RROyjNWUBpcM,"mosque, place_of_worship, point_of_interest, establishment","84JR+P6W, Dhahran",OPERATIONAL,4.7,15,26.333333333333336,50.14399999999999,378.06
2,صيانه مكيفات سبليت شباك غساله عاديه اوتوماتيك,ChIJQQ21wxflST4RR5cWwLUcepc,"point_of_interest, establishment","Prince Sultan Road, Dhahran",OPERATIONAL,3.5,13,26.333333333333336,50.14399999999999,379.8
2,أو مطعم المنظره Foal Al Dana,ChIJbx1qY9blST4RGj-es9HGQk0,"restaurant, food, point_of_interest, establishment","Fawal al dana, Dammam",OPERATIONAL,3.9,831,26.333333333333336,50.14399999999999,409.41
2,Al Muntazah Bakery,ChIJUZXIQtblST4RTu_5a700mxw,"bakery, store, food, point_of_interest, establishment","طريق الأمير سلطان، الدانة, 84MX+C76, Dhahran",OPERATIONAL,3.9,9,26.333333333333336,50.14399999999999,413.26
2,Dunkin' - دانكن,ChIJgzsvadblST4RTSVSSmkXAP4,"cafe, store, food, point_of_interest, establishment","5365 Prince Sultan Road, Dhahran",OPERATIONAL,4.1,645,26.333333333333336,50.14399999999999,414.57
2,SiLVER & DASH,ChIJ-86QB_rlST4R4ITw_kVrRgE,"beauty_salon, point_of_interest, establishment","5365 6522 Prince Sultan Road, Dhahran",OPERATIONAL,4,141,26.333333333333336,50.14399999999999,421.39
2,Al Fajr Laundry,ChIJFWiEQYXlST4RkCJ2JutT0gs,"laundry, point_of_interest, establishment","84MX+C75, الدانة الشمالية،, Dhahran",OPERATIONAL,2.5,21,26.333333333333336,50.14399999999999,423.31
2,المطعم الصومالي,ChIJ3QcQ0erlST4RizquV34KqaA,"restaurant, food, point_of_interest, establishment","Prince Sultan Road, Al Khobar",OPERATIONAL,4.3,951,26.333333333333336,50.14399999999999,436.59
2,لينا ماركت 4 ( 24 ساعه ),ChIJ0bJLgAHlST4R4CQ1xPZrEiU,"supermarket, grocery_or_supermarket, store, food, point_of_interest, establishment","Salama Ibn Qais St, Dana Al Shamaliah, Adh, Dhahran",OPERATIONAL,3.4,16,26.333333333333336,50.14399999999999,435.51
2,Aljabr Laundry,ChIJaf4KSADlST4RxYioZtj5P8w,"laundry, point_of_interest, establishment","84MX+99J, Dhahran",OPERATIONAL,2,13,26.333333333333336,50.14399999999999,439.24
2,Al Dana Vegetables & Fruits,ChIJaWHeadblST4RmaqDZNcOL4w,"grocery_or_supermarket, store, food, point_of_interest, establishment","طريق الأمير سلطان Prince Sultan Road, Dhahran",OPERATIONAL,2.7,12,26.333333333333336,50.14399999999999,439.51
2,ممشى منتزه الدانة (تحت التنفيذ),ChIJZS-VCgDnST4RdVxRGRp2NnQ,"park, point_of_interest, establishment","EKMA2449، 2449 الطبري، 7790, Dhahran",OPERATIONAL,N/A,N/A,26.333333333333336,50.14399999999999,438.44
2,شركة الملبس الحديث (الادارة),ChIJ33-u4sPlST4RBU7GJbP08rQ,"point_of_interest, establishment","84MX+99X, 84MX+99F, Dhahran",OPERATIONAL,3,2,26.333333333333336,50.14399999999999,443.16
2,Al Fardous Meat,ChIJEaMBsXfpST4R8QPIieJkmv0,"store, food, point_of_interest, establishment","مجمع الدانة، Naf Shopping Center, الأمير سلطان بن عبدالعزيز, Dhahran",OPERATIONAL,3.8,11,26.333333333333336,50.14399999999999,447.16
2,Washbasins upscale Dana,ChIJa-fI4tLlST4RpoWP8h3ANVg,"laundry, point_of_interest, establishment","4910, Dhahran",OPERATIONAL,4,9,26.333333333333336,50.14399999999999,446.17
2,Shabab Tailoring | الشباب للخياطة,ChIJLb3Gz1jlST4R1z9YiIPkgaU,"point_of_interest, establishment","Dana, Dhahran",OPERATIONAL,3.3,30,26.333333333333336,50.14399999999999,449.08
2,Dana Park,ChIJn1e3o3jmST4R-Q_RG7h6HU8,"park, point_of_interest, establishment",2665 طريق الأمير سلطان الدانة الجنوبية الظهران 34453,OPERATIONAL,4.2,1412,26.333333333333336,50.14399999999999,448.78
2,خياط نسائي /khayaat nisayiyun,ChIJrReXy3flST4ROXmIoqydO-A,"point_of_interest, establishment","84MX+9CR, Dhahran",OPERATIONAL,3,2,26.333333333333336,50.14399999999999,450.89
3,KFC,ChIJ26wutAzmST4R41dkao9EaxA,"restaurant, food, point_of_interest, establishment","Naff Complex, Doha Road, doha",OPERATIONAL,3.9,770,26.333333333333336,50.16,424.68
3,Starbucks,ChIJP6RzUXPmST4RDyrUjJpFYDE,"cafe, store, food, point_of_interest, establishment","طريق الدوحة, Naaf, الظهران",CLOSED_TEMPORARILY,4,803,26.333333333333336,50.16,416.32
3,Saudi Autistic Society,ChIJsUI0RXbmST4RHEyS5DgKsvM,"point_of_interest, establishment","8065 Prince Mohammed Bin Fahd Road, Dhahran",OPERATIONAL,3.8,35,26.333333333333336,50.16,454.8
3,Dorrar,ChIJt9hyCXPmST4Rp6xT0li_5hg,"point_of_interest, establishment","Anas Ibn Malik Street, Dhahran",OPERATIONAL,4.9,79,26.333333333333336,50.16,647.82
3,جامع حمزة بن عبدالمطلب,ChIJr0XGKQzmST4RJ8kunR839fg,"mosque, place_of_worship, point_of_interest, establishment","3426 Imam Ahmad bin Hambal Street, Dhahran",OPERATIONAL,4.8,75,26.333333333333336,50.16,819.81
3,McDonald's,ChIJnUqjDHjmST4RVAlxzP2RmrU,"restaurant, food, point_of_interest, establishment","Dhahran, الخبر",OPERATIONAL,3.8,4311,26.333333333333336,50.16,896.11
3,Talal Al-Hajri Mosque,ChIJo0PhXNflST4RubKsIbn_nDc,"mosque, place_of_worship, point_of_interest, establishment","5690, Dhahran",OPERATIONAL,4.8,57,26.333333333333336,50.16,884.79
3,Alinma Bank,ChIJM7WS4Q3mST4RPGZker-4EVg,"bank, finance, point_of_interest, establishment",Dhahran,OPERATIONAL,3.2,149,26.333333333333336,50.16,909.71
3,AL-DULIMAN OPTICS الدليمان للبصريات,ChIJyfSNCNrlST4RVGYO-oHIlX8,"store, health, point_of_interest, establishment","Prince Mohammed Bin Fahd Road, Dhahran",OPERATIONAL,4.6,223,26.333333333333336,50.16,923.67
3,Dhahran City Municipality,ChIJP7FAz9flST4RCGy7kF7LXck,"point_of_interest, establishment","5552 Prince Sultan Road, Dhahran",OPERATIONAL,3,65,26.333333333333336,50.16,958.92
3,Domino's,ChIJI7UXtAzmST4Rn5Z9mNVgYjY,"meal_delivery, meal_takeaway, restaurant, food, point_of_interest, establishment","4059 Prince Sultan Road, Dhahran",OPERATIONAL,3.9,440,26.333333333333336,50.16,372.44
3,Farm 5 Superstores,ChIJg2qmVnPmST4ROciFyzaniGQ,"supermarket, grocery_or_supermarket, store, food, point_of_interest, establishment","Prince Sultan Road, Dhahran",OPERATIONAL,4.1,3384,26.333333333333336,50.16,353.33
3,Hardee's,ChIJpw0OtAzmST4REdmBeYCC21o,"restaurant, food, point_of_interest, establishment","Prince Sultan Road, Dhahran",OPERATIONAL,4,359,26.333333333333336,50.16,373.53
3,كهربائي سيارات,ChIJO0Ys1cPnST4REstdNP3ZQBI,"car_repair, point_of_interest, establishment",3943، الدوحة الجنوبية، الظهران 34452 8072،,OPERATIONAL,4,15,26.333333333333336,50.16,129.54
3,بنشر عبدالرحمن الراجحي,ChIJz5yQHAPnST4RbmMIxV4y954,"car_repair, point_of_interest, establishment","Prince Sultan Road, 85J6+V85, Dhahran",OPERATIONAL,3.2,41,26.333333333333336,50.16,158.6
3,صراف البلاد,ChIJFemGKLXnST4RG3hxQeeoLLQ,"atm, finance, point_of_interest, establishment","3975 Prince Sultan Road, 85J6+WC, Dhahran",OPERATIONAL,3,1,26.333333333333336,50.16,163.29
3,سبارك كافيه,ChIJrftVrCLnST4R29_0CS_2HtQ,"cafe, food, point_of_interest, establishment","8087 Prince Sultan Road, 3957, Dhahran",OPERATIONAL,4.3,101,26.333333333333336,50.16,163.39
3,بنشر اميال الجنوب لخدمة السيارات,ChIJRcNJVwDnST4Ro48GnMzZvfQ,"car_repair, point_of_interest, establishment","Prince Sultan Road, Dhahran",OPERATIONAL,N/A,N/A,26.333333333333336,50.16,163.39
3,Elmam Fuel,ChIJ__E7QcXnST4RNSjo0BEF6gc,"gas_station, point_of_interest, establishment","8106 Prince Sultan Road, 3975, Dhahran",OPERATIONAL,4.1,325,26.333333333333336,50.16,165.81
3,محطة ناف للوقود,ChIJWWKZrvXnST4R0uE42GtNKOo,"gas_station, point_of_interest, establishment","8106 Prince Sultan Road, حي, 3975, Dhahran",OPERATIONAL,4,3,26.333333333333336,50.16,170.97
3,صندوق تبرع ملابس,ChIJqznurCLnST4RTfjZ7-ywMWc,"park, point_of_interest, establishment","3867 شارع أبو ذر الغفاري, EKMA8045، 8045, الظهران",OPERATIONAL,5,1,26.333333333333336,50.16,171.22
3,Super Shine,ChIJqzA_uFLnST4R0Vdc6BUkd3A,"point_of_interest, establishment","Al Dawhah Al Janubiyah, 8072, Dhahran",OPERATIONAL,4.5,51,26.333333333333336,50.16,171.77
3,Musab Ibn Umair Mosque,ChIJMV14znXmST4RNOT6eMkdvyM,"mosque, place_of_worship, point_of_interest, establishment","3660 شارع عنيزة, 8129, الظهران",OPERATIONAL,4.5,25,26.333333333333336,50.16,179.49
3,محل زينة,ChIJKUh_TWrnST4Rd3Ngla20jig,"electronics_store, store, point_of_interest, establishment","3943, 8072, Saudi Arabia, الظهران",OPERATIONAL,3.1,8,26.333333333333336,50.16,178.91
3,شركة نخلة الدوحة للتجارة,ChIJ4aD4EpznST4RL6DQ9rkEVlM,"supermarket, grocery_or_supermarket, food, store, point_of_interest, establishment","8069 Prince Sultan Road, حي, 3985, Dhahran",OPERATIONAL,4.3,11,26.333333333333336,50.16,191.42
3,مركز ناف لزينة السيارات,ChIJrR6xlHTmST4ReEzH_TDCLkI,"car_repair, point_of_interest, establishment","طريق الأمير سلطان، حي الدوحة, 85J6+QC9, Dhahran",OPERATIONAL,3.7,12,26.333333333333336,50.16,191.62
3,Derby Coffee - دربي كافيه,ChIJ-0_awHTmST4RNj_LBMuKBZ4,"cafe, food, store, point_of_interest, establishment","Prince Sultan Road, Dhahran",OPERATIONAL,4,157,26.333333333333336,50.16,203.55
3,Newton’s Cafe & Restaurant,ChIJ-dATmCXnST4R_JtntepFtbo,"restaurant, food, point_of_interest, establishment","3967 Prince Sultan Road, 8019, Dhahran",OPERATIONAL,4.2,41,26.333333333333336,50.16,223.45
3,Gravity Khobar - قرافيتي الخبر,ChIJf4UyIPvnST4R80Pwilb3k38,"point_of_interest, establishment","3967 Prince Sultan Road, 8091, Dhahran",OPERATIONAL,4.3,2024,26.333333333333336,50.16,223.82
3,ادارة دوريات الظهران,ChIJCZ_6fkLnST4R7AjGg2y7dJA,"point_of_interest, establishment","3679 المحارة، الدوحة الجنوبية، 8036, Dhahran",OPERATIONAL,4.3,18,26.333333333333336,50.16,237.33
3,استاد الاتحاد,ChIJHUHe8HbnST4R1rncrFYbG2M,"point_of_interest, establishment","7932 سعيد بن عبادة, EKMB3812، 3812, Dhahran",OPERATIONAL,4,3,26.333333333333336,50.16,238.84
3,Prima Donna,ChIJRVByuXTmST4RTf9ojAFw8z8,"beauty_salon, point_of_interest, establishment","Unit 33, 7947 طريق الأمير سلطان, 4059, الظهران",OPERATIONAL,3.8,477,26.333333333333336,50.16,240.89
3,حديقة الجبل,ChIJdxelZ3XmST4RjdHStb1abVk,"park, point_of_interest, establishment","6673 Imam Ahmad bin Hambal Street, Dhahran",OPERATIONAL,4.1,9,26.333333333333336,50.16,242.63
3,Sariyat Aljabal Mosque,ChIJFQDjY3XmST4Rg43htZN1qNQ,"mosque, place_of_worship, point_of_interest, establishment","85P6+4CV, Dhahran",OPERATIONAL,4.7,9,26.333333333333336,50.16,248.19
3,Doha Football Ground,ChIJEwa0iHTmST4R1bJKg4y1854,"point_of_interest, establishment","Abu Thur Al Ghaffari St Abu Thur Al Ghaffari Street, Dhahran",OPERATIONAL,3.2,5,26.333333333333336,50.16,262.11
3,Tie | تاي (Dhahran),ChIJ8ybh_1PnST4RN307Rz1_5gY,"cafe, bakery, food, store, point_of_interest, establishment","Qaseem Street, Dhahran",OPERATIONAL,4,79,26.333333333333336,50.16,266.86
3,STREAT | ستريت (Dhahran),ChIJeR8bjqvnST4RV4ASjE5lJPY,"restaurant, food, point_of_interest, establishment","Qaseem Street, Dhahran",OPERATIONAL,4.1,329,26.333333333333336,50.16,271.75
3,Goat Diner,ChIJY3z4VdbnST4RJGUYDDwrEVI,"restaurant, food, point_of_interest, establishment","7975, الظهران",OPERATIONAL,4.3,2557,26.333333333333336,50.16,285.19
3,AlJabr Laundry,ChIJ9TKgeADnST4RIruJ1XMLK7U,"laundry, point_of_interest, establishment","7975, الظهران",OPERATIONAL,3,2,26.333333333333336,50.16,285.22
3,ركن المبدعين للتنجيد,ChIJ-zAFfQDnST4ReCCCwREImWA,"general_contractor, home_goods_store, store, point_of_interest, establishment","7975, الظهران",OPERATIONAL,4.7,15,26.333333333333336,50.16,286.31
3,Al Kanafany,ChIJzaCfqXTmST4RaMz8Ob07DS4,"store, food, point_of_interest, establishment","Prince Sultan Road, Dhahran",OPERATIONAL,4.1,304,26.333333333333336,50.16,291.21
3,Baskin Robins,ChIJjSSkWYfnST4Ra4rqf7UT8VE,"store, food, point_of_interest, establishment","85J6+HVJ, Dhahran",OPERATIONAL,3.6,95,26.333333333333336,50.16,297.71
3,مركز كوكب الإزدهار للديكور,ChIJ-217pnTmST4RIgJzSisGilY,"furniture_store, general_contractor, home_goods_store, store, point_of_interest, establishment","شارع الأمير سلطان، حي الدوحة, 85J6+GQ2, Dhahran",OPERATIONAL,2.7,9,26.333333333333336,50.16,297.61
3,Shabab Park,ChIJi_VTe3TmST4R7OGCAOLnS3k,"point_of_interest, establishment","3893 Anas Ibn Malik Street, Dhahran",OPERATIONAL,4,133,26.333333333333336,50.16,299.28
3,NAMOOS BARBER SHOP,ChIJtVG1kXnnST4RMGaQI14DIDc,"hair_care, health, point_of_interest, establishment","Prince Sultan Road, Dhahran",OPERATIONAL,5,1,26.333333333333336,50.16,300.3
3,60 Grams,ChIJEXtaw4bnST4RYm3VGG3cWOM,"restaurant, food, point_of_interest, establishment","Prince Sultan Road, Dhahran",OPERATIONAL,4.6,628,26.333333333333336,50.16,308.6
3,Basketball court at Shabab park,ChIJLRoy5c7nST4RWOxCYa_tn3U,"point_of_interest, establishment","85J6+658, Dhahran",OPERATIONAL,4.8,11,26.333333333333336,50.16,312.1
3,المشوى العنابي | Ennabi Grill,ChIJjx5UqornST4RKgi5KpUTHwQ,"restaurant, food, point_of_interest, establishment","Prince Sultan Road, Al Khobar",OPERATIONAL,3.1,212,26.333333333333336,50.16,314.27
3,هدف الرشاقة الظهران,ChIJWVMiBNXnST4RcLvIQ5eWlTM,"health, point_of_interest, establishment","بجواراسواق المزرعة 5, Abu Huraira Street, Dhahran",OPERATIONAL,4.9,138,26.333333333333336,50.16,325.84
3,Khafif,ChIJ6bJROlLnST4R8BVhpIPbQc8,"store, food, point_of_interest, establishment",Dhahran,OPERATIONAL,3.3,43,26.333333333333336,50.16,336.84
3,3791 Saeed Bin Ubada St Parking,ChIJxbiseHTmST4Red9psNTc1RQ,"parking, point_of_interest, establishment","3791 Saeed Bin Ubada Street, Dhahran",OPERATIONAL,N/A,N/A,26.333333333333336,50.16,337.08
3,ستوديو الخيام Al-Khayam Studio,ChIJ9bg-NW3nST4RYZuDJDTu7hg,"point_of_interest, establishment","بالقرب من خفيف Khafif, الدوحة الجنوبية، الظهران 34452, Al Khobar",OPERATIONAL,4.8,356,26.333333333333336,50.16,346.15
3,Cinnzeo,ChIJiwOfoSbnST4RgOM3lWQeP8E,"cafe, food, point_of_interest, establishment","85J6+9W3, Dhahran",OPERATIONAL,3.9,35,26.333333333333336,50.16,354.49
3,شراء معدات مطاعم مستعملة بيع وشراء مطاعم,ChIJA7SaZaPnST4RTeC8QFLuAqw,"furniture_store, home_goods_store, store, point_of_interest, establishment","Prince Sultan Road, Dhahran",OPERATIONAL,5,1,26.333333333333336,50.16,357.12
3,مطاعم صباح عمان,ChIJbY5bCgDnST4RDYv9DXo2rMY,"restaurant, food, point_of_interest, establishment","Prince Sultan Road, Dhahran",OPERATIONAL,4.4,31,26.333333333333336,50.16,358.33
3,Kyan Coffee,ChIJgfdB7t3nST4Rj4hFW13fPk8,"cafe, store, food, point_of_interest, establishment","Prince Sultan Road, Dhahran",OPERATIONAL,3.8,296,26.333333333333336,50.16,360.03
3,Tanadoh For Swimming Pool,ChIJz_H7VXPmST4RPx-rWiqbmhY,"general_contractor, point_of_interest, establishment","7947 Prince Sultan Road, 4059, Dhahran",OPERATIONAL,4.2,13,26.333333333333336,50.16,372.44
3,شاورما كنج | Shawarma King,ChIJM1rYTgznST4Rh882sNbOnAk,"meal_delivery, meal_takeaway, restaurant, food, point_of_interest, establishment","Prince Sultan Road, Al Khobar",OPERATIONAL,3.1,326,26.333333333333336,50.16,378.48
4,Holiday Inn al Khobar by IHG,ChIJYyF0x_TlST4R2r2cht9GgqA,"lodging, point_of_interest, establishment","King Saud Bin Abdulaziz Road, Al Khobar",OPERATIONAL,4,4467,26.333333333333336,50.176,904.08
4,Alasfour Furniture - Khobar,ChIJEW7v_6foST4RPShTfY1o8i4,"furniture_store, home_goods_store, store, point_of_interest, establishment","Prince Sultan Road, Al Khobar",OPERATIONAL,3.7,292,26.333333333333336,50.176,724.81
4,Calzedonia,ChIJIzB3ITHmST4R2DgVQbxmKFA,"clothing_store, store, point_of_interest, establishment","King Saud Branch Road, Dhahran",CLOSED_TEMPORARILY,4.7,3,26.333333333333336,50.176,426.78
4,Qasr Alawani,ChIJi3xLGQPmST4RQSGGpbxR3-Q,"home_goods_store, shopping_mall, furniture_store, store, point_of_interest, establishment","King Saud Branch Road, Al Khobar",OPERATIONAL,3.6,839,26.333333333333336,50.176,433.12
4,jzala trade and real estate invest,ChIJsXBdpAPmST4RqIlPiPwCwX0,"real_estate_agency, point_of_interest, establishment","Jzala compound 1,, الخبر",OPERATIONAL,4,4,26.333333333333336,50.176,548.93
4,Jazala Compound | مجمع جزالا السكني,ChIJsXBdpAPmST4R79g1dPaqsrA,"point_of_interest, establishment",Al Khobar,OPERATIONAL,3.9,167,26.333333333333336,50.176,555.96
4,Arabian Village Compound,ChIJMelwQQLmST4R0w4juAhSVYc,"point_of_interest, establishment","6410, Al Khobar",OPERATIONAL,4.3,102,26.333333333333336,50.176,624.1
4,Maram Mokhtar | Architecture & Interiors,ChIJR3zwO0boST4RAPTZ532AJRo,"general_contractor, point_of_interest, establishment","2893 Prince Sultan Road, Al Khobar",OPERATIONAL,3.8,16,26.333333333333336,50.176,818.45
4,Abu Bakr Alseddiq Mosque,ChIJewomwwnmST4RCd69mEy6WaE,"mosque, place_of_worship, point_of_interest, establishment","85Q9+3PC, Dhahran",OPERATIONAL,4.6,67,26.333333333333336,50.176,826.93
4,جامع حمزة بن عبدالمطلب,ChIJr0XGKQzmST4RJ8kunR839fg,"mosque, place_of_worship, point_of_interest, establishment","3426 Imam Ahmad bin Hambal Street, Dhahran",OPERATIONAL,4.8,75,26.333333333333336,50.176,868.06
4,Alinma Bank,ChIJM7WS4Q3mST4RPGZker-4EVg,"bank, finance, point_of_interest, establishment",Dhahran,OPERATIONAL,3.2,149,26.333333333333336,50.176,955.04
4,Saud Consultant,ChIJ2Wgx3QLmST4RDX41VT8KGZk,"point_of_interest, establishment","6158 Prince Sultan Road, Al Khobar",OPERATIONAL,4.3,57,26.333333333333336,50.176,523.44
4,Al Rabwah Village,ChIJOwUljwDmST4Rw2Z_YodNqUs,"lodging, point_of_interest, establishment","2805 طارق بن زياد, Al Khobar",OPERATIONAL,4.3,59,26.333333333333336,50.176,973.23
4,International Programs School,ChIJ5VdVCanoST4Re7ekN4cm3OI,"school, point_of_interest, establishment","Prince Sultan Road, Al Khobar",OPERATIONAL,3.4,157,26.333333333333336,50.176,734.23
4,Avenues Mall khobar,ChIJW0i1XwDlST4RShQV-Uq11co,"store, point_of_interest, establishment","The Avenues, Al Khobar",CLOSED_TEMPORARILY,5,2,26.333333333333336,50.176,52.6
4,Arener site office,ChIJ39wMWQDnST4RUCy4M66vlew,"general_contractor, point_of_interest, establishment","85MF+QCR, Al Khobar",OPERATIONAL,N/A,N/A,26.333333333333336,50.176,278.22
4,TCCT,ChIJ89xUKgDnST4RlZN4_Lzu7kM,"point_of_interest, establishment","Prince Sultan Road, 85JH+XFQ, Dhahran",OPERATIONAL,4.5,2,26.333333333333336,50.176,290.52
4,"Ahmadiah batching plant,dahran",ChIJO-7GFwDnST4RltT2at2OVwg,"general_contractor, point_of_interest, establishment","85PG+CW4, Dhahran",OPERATIONAL,4.4,5,26.333333333333336,50.176,324.69
4,شركة نبع الحداثة للابحاث والدراسات,ChIJ3aiKxB_pST4Rnep4WfxGFdM,"point_of_interest, establishment","Prince Sultan Road, Al Khobar",OPERATIONAL,N/A,N/A,26.333333333333336,50.176,331.66
4,Zahou Web,ChIJhTacPJ7nST4RT-Zw2yn5OxQ,"point_of_interest, establishment","Prince Sultan Road, Al Khobar",OPERATIONAL,5,7,26.333333333333336,50.176,331.68
4,Lebelle.io,ChIJF0yDW6DnST4RB5xM7m_CEy8,"point_of_interest, establishment","Prince Sultan Road, Al Khobar",OPERATIONAL,N/A,N/A,26.333333333333336,50.176,331.68
4,Herfy,ChIJW-vcDgPmST4RzWSu5Bb-ono,"restaurant, food, point_of_interest, establishment","6231 King Saud Bin Abdulaziz Road, Al Khobar",OPERATIONAL,3.7,757,26.333333333333336,50.176,394.18
4,عطورات اكسسوارات ساعات مكياج شنط هداياء,ChIJBVGhDDPnST4RYO5OjB9aA-o,"clothing_store, store, point_of_interest, establishment","الخبر الظهران الحزام الذهبي بالقرب من اسواق عبدالله العثيم الخبر, Dhahran",OPERATIONAL,4.8,4,26.333333333333336,50.176,398.26
4,Aldaar Garden حديقة الدار,ChIJx7P1u0jnST4RtFJ6GCm9s5Y,"cafe, store, food, point_of_interest, establishment","طريق الملك سعود الفرعي, Al Khobar",OPERATIONAL,4.3,126,26.333333333333336,50.176,400.35
4,عالم السرعة للجوالات World of Speed for mobile phones,ChIJp4GFXgfpST4RH0aVGpJ0y3o,"store, point_of_interest, establishment","Next to Al Othaim supermarkets entrance, شارع الملك سعود, King Saud Street, بجوار مدخل أسواق العثيم, Al Khobar",OPERATIONAL,4.6,47,26.333333333333336,50.176,415.93
4,Mantorose Cafe | مانتوروز كافيه,ChIJe8gXRNrnST4RN7c_Nk4A7oc,"cafe, store, food, point_of_interest, establishment","طريق الملك سعود, Dhahran",OPERATIONAL,4.4,49,26.333333333333336,50.176,416.9
4,10 petals,ChIJLY0t6nfpST4REoKa-el6fNI,"florist, store, point_of_interest, establishment","طريق الملك سعود الفرعي, Al Khobar",OPERATIONAL,4.8,106,26.333333333333336,50.176,418.81
4,Othaim Grocery,ChIJeWUJQgDnST4RaDUKpUFTIp8,"store, food, point_of_interest, establishment","حي, سعود، 2787, EAGA6143، 6143 الملك سعود ابن عبدالعزيز, الخبر",OPERATIONAL,1,1,26.333333333333336,50.176,421.72
4,قطوف وحلا,ChIJjRtsZ5fnST4RqCfgGBi1HQg,"store, food, point_of_interest, establishment",Al Khobar,OPERATIONAL,4.4,26,26.333333333333336,50.176,424.09
4,Mintakh Mosque,ChIJjcsWCWHnST4RaQUcGqPffWk,"mosque, place_of_worship, point_of_interest, establishment","85MC+MPV, Dhahran",OPERATIONAL,4.8,35,26.333333333333336,50.176,430.48
4,Saudi Electric Company,ChIJk5dsNAfmST4RgqUkFSfqB90,"point_of_interest, establishment","7124 King Saud Bin Abdulaziz Road, Dhahran",OPERATIONAL,5,3,26.333333333333336,50.176,428.09
4,اولدن Olden,ChIJY_NXOwDlST4RIYcOE-Zx64w,"cafe, store, food, point_of_interest, establishment","85VH+JP2, Al Khobar",CLOSED_TEMPORARILY,5,3,26.333333333333336,50.176,432.37
4,عمارة العيدروس Alaydarous buli,ChIJh7MrfADnST4R3tizZzs89rk,"point_of_interest, establishment","EKMB7783، 7783 الخلد، 5582, الظهران",OPERATIONAL,N/A,N/A,26.333333333333336,50.176,432.96
4,AUTOPIA اوتوبيا,ChIJJR9BKDDnST4R9SWYO-DhD1w,"car_repair, point_of_interest, establishment","King Saud Bin Abdelaziz Rd Aldoha Aljanoubia, AlThuraya Square, الظهران",OPERATIONAL,5,34,26.333333333333336,50.176,437.57
4,SLIC Khobar معرض سليك الصناعات الجلدية الخبر,ChIJExtOi1PnST4R2L2okI5D9bQ,"shoe_store, store, point_of_interest, establishment","King Saud Bin Abdulaziz Road, Al Khobar",OPERATIONAL,4.8,90,26.333333333333336,50.176,443.55
4,Raied,ChIJ1d64DnznST4RLQqnNuMqEq4,"point_of_interest, establishment","85JH+2C9, Unnamed Road, الظهران",OPERATIONAL,5,1,26.333333333333336,50.176,447.07
4,عمارة الثريا,ChIJz8Ue2oLnST4RolsYudgqBcA,"point_of_interest, establishment","5676 King Saud Bin Abdulaziz Road, حي, 7754, Dhahran",OPERATIONAL,N/A,N/A,26.333333333333336,50.176,449.71
4,Thuraya 2,ChIJt1tT0f3nST4RPujUalZIhcU,"lodging, point_of_interest, establishment","5521, 7844, Saudi Arabia, الظهران",OPERATIONAL,4.3,43,26.333333333333336,50.176,458.72
4,بحبوحة لمتعة التعليم بالترفيه,ChIJBQ7nPgDnST4RPKA0r1KNF14,"point_of_interest, establishment","5579 شارع البنفسج, EKMB7741, 7741, الظهران",OPERATIONAL,3,2,26.333333333333336,50.176,459.24
4,KI BC,ChIJWdow0xDnST4Rh-ES_cCaM4o,"point_of_interest, establishment","Imam Ahmad bin Hambal Street, Al Khobar",OPERATIONAL,N/A,N/A,26.333333333333336,50.176,462.01
4,PALAIS d'OR Galerie - باليه دور جاليري,ChIJ8xzH33PnST4R8LUOiFLgVeA,"furniture_store, general_contractor, home_goods_store, store, point_of_interest, establishment","Al-Othaim markets Building, Shop, no. 12, Prince Sultan Road / King Saud Road, الخبر",OPERATIONAL,5,3,26.333333333333336,50.176,469.94
4,شاي الفراتي,ChIJqW7IXwDnST4R_j8yhTaAyMY,"cafe, food, store, point_of_interest, establishment","مجمع العثيم, Prince Sultan Road, Al Khobar",OPERATIONAL,4.6,141,26.333333333333336,50.176,471.63
4,Oasis Cafe & Lounge,ChIJvWowWT3nST4R6aMs57ys7Kc,"cafe, restaurant, food, point_of_interest, establishment","Prince Sultan Street, Al Khobar",OPERATIONAL,3.7,226,26.333333333333336,50.176,483.55
4,Rofana Compund,ChIJ4Y0RJFznST4R_gF8rkfYJmM,"point_of_interest, establishment","Banafsaj Street, 85HH+Q7F, Dhahran",OPERATIONAL,N/A,N/A,26.333333333333336,50.176,482.61
4,Cervinia Sweet سيرڤينيا سويت,ChIJPzF2ZADnST4R7H4nyCWjuu0,"bakery, food, store, point_of_interest, establishment","EAJB3827، 3827 احمد بن حنبل، 6160, الظهران",OPERATIONAL,5,1,26.333333333333336,50.176,486.36
4,Tig compund,ChIJ7Wk1wRrmST4RBkcwZd7kiew,"point_of_interest, establishment","5288 Prince Sultan Road, 7818, Dhahran",OPERATIONAL,3.8,65,26.333333333333336,50.176,486.09
4,Building no.3 7724,ChIJwyPTYQDnST4R4OKd6jUs8PU,"point_of_interest, establishment","EKMB7704، 7704 الخلد، 5534, الظهران",OPERATIONAL,N/A,N/A,26.333333333333336,50.176,487.02
4,Sanam مغاسل سنام,ChIJEXfIWADnST4Rz9hPbrs2cyI,"laundry, point_of_interest, establishment","6158 Prince Sultan Road, Al Khobar",OPERATIONAL,N/A,N/A,26.333333333333336,50.176,490.45
4,Qurba Apartments,ChIJoT5wDhvmST4RfKm5hYD260s,"point_of_interest, establishment","Qurba Apartments Building, King Saud Bin Abdulaziz Road, Dhahran",OPERATIONAL,2.7,3,26.333333333333336,50.176,489.65
4,صالون المستحيل,ChIJm9QiIXXmST4Rd2scfcHx4ZI,"beauty_salon, health, point_of_interest, establishment","Prince Sultan Road, Dhahran",CLOSED_TEMPORARILY,3.9,104,26.333333333333336,50.176,495.4
4,عمارة الثريا ٤,ChIJS1Ne--fnST4R4yV4S2PLZKU,"point_of_interest, establishment","حي 7721 الاراك، 5580, Dhahran",OPERATIONAL,3,1,26.333333333333336,50.176,500.28
4,Imam Muhammad bin Sirin mosque,ChIJa1naow_mST4R6Th-1v9n1qo,"mosque, place_of_worship, point_of_interest, establishment","3789 اوس بن ثابت, 6200, Dhahran",OPERATIONAL,4.6,38,26.333333333333336,50.176,503.16
4,ديوانية الدوحة,ChIJ0RTaBADnST4RpQWXqrOYTlA,"point_of_interest, establishment","EKMC7702، 7702 السعدة، 5376, Dhahran",OPERATIONAL,N/A,N/A,26.333333333333336,50.176,503.77
4,محطة كهرباء الدوحة المركزية,ChIJjVpXTgHmST4Rna8C2DH8a08,"point_of_interest, establishment","6878 King Saud Bin Abdulaziz Road, Dhahran",OPERATIONAL,N/A,N/A,26.333333333333336,50.176,503.55
4,Saraya althuraya,ChIJ-6ZxDxvmST4Rud2671vj2KE,"lodging, point_of_interest, establishment","85HG+GF9, Dhahran",OPERATIONAL,3.8,33,26.333333333333336,50.176,505.52
4,مشاريع التطوير12,ChIJgc7rZ93nST4RxQTScro8yFI,"point_of_interest, establishment","7720 الاقحوان, EKMB7720، 7720 الاقحوان، 5610، حي الدوحة الجنوبية،, الظهران",OPERATIONAL,N/A,N/A,26.333333333333336,50.176,509.18
4,الدار كافيه,ChIJCYJOQADnST4RQAdpPBg2vIc,"cafe, food, store, point_of_interest, establishment","اسواق العثيم, Al Khobar",OPERATIONAL,5,2,26.333333333333336,50.176,511.84
4,مشروع مركز الرمال للاعمال - تحت الإنشاء,ChIJQRSGFQDnST4Rz2O77cUuIuw,"point_of_interest, establishment","سعود المحلي, King Fahd Road, Al Khobar",OPERATIONAL,5,3,26.333333333333336,50.176,522.14
5,Aldawaa Pharmacy 61,ChIJdV115KXoST4Rvikw8u2eVXA,"pharmacy, health, store, point_of_interest, establishment","Prince Sultan Road, Al Khobar",OPERATIONAL,4.2,83,26.333333333333336,50.19199999999999,213.91
5,Sanam Laundry مغاسل سنام,ChIJ6cdgcqXoST4RRMLRCKvh5mc,"laundry, point_of_interest, establishment","Prince Sultan Road Prince Sultan Road, الخبر",OPERATIONAL,3.4,76,26.333333333333336,50.19199999999999,167.22
5,Nahdi pharmacy | صيدليه النهدى,ChIJ4cC0nHDoST4RXUGRvbxlpjo,"pharmacy, health, store, point_of_interest, establishment","85PR+3FW, Al Khobar",OPERATIONAL,4.2,25,26.333333333333336,50.19199999999999,220.86
5,Petrojana Company,ChIJjzWwtAzoST4RLHDyXysdFag,"point_of_interest, establishment","Makkah Al Mukarramah Street, 85PV+86P, Al Khobar",OPERATIONAL,3.6,7,26.333333333333336,50.19199999999999,297.85
5,The Hut Burger,ChIJ9X54TKXoST4RP-3-a0xWx_E,"restaurant, food, point_of_interest, establishment","85PV+968, Al Khobar",CLOSED_TEMPORARILY,4,1160,26.333333333333336,50.19199999999999,304.81
5,COMPASS ARABIA CO.,ChIJ82F0QEHoST4Rerpd0AByMHA,"point_of_interest, establishment","Prince Sultan Road, 85PW+43H, Al Khobar",OPERATIONAL,3.8,58,26.333333333333336,50.19199999999999,389.18
5,Human Assets Training Institute,ChIJ29-APqboST4RaHWvvmaPY1M,"university, point_of_interest, establishment","Prince Sultan Road, Al Khobar",OPERATIONAL,4.4,213,26.333333333333336,50.19199999999999,500.66
5,SPIMACO Eastern Office,ChIJ5_75PKboST4RXONsbT0MV64,"health, point_of_interest, establishment","Prince Sultan Road, Al Khobar",OPERATIONAL,4.2,5,26.333333333333336,50.19199999999999,501.03
5,Standard Arabia Training Center Al Khobar,ChIJq6qqqg3oST4R1ACBGgaBK70,"point_of_interest, establishment","Taba Center, Prince Sultan Road, Al Khobar",OPERATIONAL,3,2,26.333333333333336,50.19199999999999,507.5
5,Creativity Consultant Training Center,ChIJ9XTVJKboST4RmFpWsMD2l6M,"point_of_interest, establishment","3055 Prince Sultan Road, Al Khobar",OPERATIONAL,4.5,2,26.333333333333336,50.19199999999999,536.84
5,ASH Group,ChIJ_T6q-VboST4R6PVlYeqpVhs,"point_of_interest, establishment","34235, Al Khobar",OPERATIONAL,4.4,11,26.333333333333336,50.19199999999999,539.32
5,Hasoub office,ChIJNaDnYLroST4RQWlDu1dsYMY,"point_of_interest, establishment","Prince Sultan Road Prince Sultan Road, Al Khobar",OPERATIONAL,3.5,6,26.333333333333336,50.19199999999999,549.87
5,Delmon Tower,ChIJrSDUYLroST4RtnNVrbI7xO0,"point_of_interest, establishment","Delmon Building, 4380 Prince Sultan Road, Qurtoba, 6800 31452,، Al Khobar 34235, Dammam",OPERATIONAL,4.3,82,26.333333333333336,50.19199999999999,557.62
5,AIMS-SMTC GLOBAL Training Center,ChIJVVXlnr7oST4RCRa3wA1ZS9g,"point_of_interest, establishment","King Fahd Road, 9261 Al-Sail Al-Kabeer Street, Al Khobar",OPERATIONAL,4.5,152,26.333333333333336,50.19199999999999,680.62
5,Sky Zone,ChIJ59pcO7roST4RKWxf7jQ_NdI,"amusement_park, point_of_interest, establishment","Prince Sultan Road, Al Khobar",OPERATIONAL,4,1739,26.333333333333336,50.19199999999999,688.53
5,Maram Mokhtar | Architecture & Interiors,ChIJR3zwO0boST4RAPTZ532AJRo,"general_contractor, point_of_interest, establishment","2893 Prince Sultan Road, Al Khobar",OPERATIONAL,3.8,16,26.333333333333336,50.19199999999999,778.93
5,Oasis Gardens Compound,ChIJXcXaLJboST4ROaxExsj3mBs,"point_of_interest, establishment","Salaheddin Al Ayoubi Street, 85GW+WFW, Al Khobar",OPERATIONAL,3.7,137,26.333333333333336,50.19199999999999,782.51
5,Sinopec Services Saudi Arabia,ChIJvzFaLqroST4RfJ6oTF24qeM,"point_of_interest, establishment","Eurovillage Compound, KSA, Prince Sultan Bin Fahd Street, Al Khobar",OPERATIONAL,4.2,191,26.333333333333336,50.19199999999999,824.06
5,DHL Service Point - DHL (QAHTANI BUILDING ),ChIJC3V2nrnoST4RjNRxrkru4hg,"point_of_interest, establishment","Al-Qahtani Building, King Fahd Road, Al Khobar",OPERATIONAL,3.9,1469,26.333333333333336,50.19199999999999,816.37
5,Q-Fisk,ChIJaz2I8ZfoST4RVoTkVDLEd44,"general_contractor, point_of_interest, establishment","Salaheddin Al Ayoubi Street, 85GV+9JQ, Al Khobar",OPERATIONAL,4.2,36,26.333333333333336,50.19199999999999,842.05
5,Alasfour Furniture - Khobar,ChIJEW7v_6foST4RPShTfY1o8i4,"furniture_store, home_goods_store, store, point_of_interest, establishment","Prince Sultan Road, Al Khobar",OPERATIONAL,3.7,292,26.333333333333336,50.19199999999999,873.2
5,مفروشات مجموعة العالمى معرض مودرن هوم للاثاث الخبر,ChIJQY3IxrDoST4RcxZa9TSSrkM,"furniture_store, home_goods_store, store, point_of_interest, establishment","King Fahd Road, Al Khobar",OPERATIONAL,3.3,184,26.333333333333336,50.19199999999999,890.85
5,جلوبال هوم كولكشن الخبر,ChIJPwIT3bDoST4R-j6RMCwQZew,"furniture_store, home_goods_store, store, point_of_interest, establishment","6754 King Fahd Road, Al Khobar",OPERATIONAL,3.5,104,26.333333333333336,50.19199999999999,903.17
5,Al Ansari 2,ChIJhYdHapjoST4REaNFhoYCgRk,"point_of_interest, establishment","3642 2, Al Khobar",OPERATIONAL,4.1,128,26.333333333333336,50.19199999999999,911.87
5,Hamad M. Al Rugaib & Sons Trading Co,ChIJNziDHLHoST4RAVE-IUUjOJ8,"point_of_interest, establishment","6389-6455 King Fahd Road, Al Khobar",OPERATIONAL,3.6,94,26.333333333333336,50.19199999999999,920.21
5,Al-Othman Business Park,ChIJXc0ipqXoST4RJ4GpVGMQTh8,"finance, point_of_interest, establishment","Prince Sultan Road, 85MR+GG7, Al Khobar",OPERATIONAL,4.4,23,26.333333333333336,50.19199999999999,84.46
5,Dhahran Tower Compound,ChIJ203muLnoST4RiFNZLTZNLjA,"point_of_interest, establishment","Abdul Aziz Rd, King Fahd, Al Khobar",OPERATIONAL,4.2,406,26.333333333333336,50.19199999999999,962.18
5,French School,ChIJEVPE9qLoST4Rhe3SXObxOQ0,"school, point_of_interest, establishment",Al Khobar,OPERATIONAL,3.6,52,26.333333333333336,50.19199999999999,642.66
5,EUROVILLAGE COMPOUND,ChIJpREfx6joST4R4VwuLGPiYow,"real_estate_agency, point_of_interest, establishment","Prince Sultan Road, Al Khobar",OPERATIONAL,4.2,1106,26.333333333333336,50.19199999999999,709.04
5,QuantumESCO,ChIJw2PXomnxST4RoRF2sjeXGp0,"point_of_interest, establishment","Al-othman Business Park, طريق الأمير سلطان, Loft no 10, الخبر",OPERATIONAL,5,1,26.333333333333336,50.19199999999999,77.06
5,ARO Drilling Training Center,ChIJBW8lC0TpST4RsYDGwdJnzVY,"point_of_interest, establishment","king Saud Road, Al-Othman Business Park Prince Sultan Road from, الخبر",OPERATIONAL,4.4,28,26.333333333333336,50.19199999999999,84.04
5,Over The Top,ChIJb2jvUSvpST4R6RfnSmnuOdA,"home_goods_store, store, point_of_interest, establishment","Prince Sultan Road, 85MR+GG7, Al Khobar",OPERATIONAL,N/A,N/A,26.333333333333336,50.19199999999999,85.4
5,HMISFOX,ChIJBbc-NpXDST4Rtye8lKs4c5w,"point_of_interest, establishment","Al-Othman Business Park, Prince Sultan Road, Al Khobar",OPERATIONAL,5,1,26.333333333333336,50.19199999999999,85.88
5,Clean Environment Technologies,ChIJex_iZpPpST4RcXzBe8kEizk,"point_of_interest, establishment","Prince Sultan Road, Al Khobar",OPERATIONAL,5,4,26.333333333333336,50.19199999999999,103.45
5,Al Othman Travel & Tours,ChIJZcVvHlPoST4R5q1wusA1XEE,"travel_agency, point_of_interest, establishment","Al Othman Business Park prince sultan road aljawhara alkhobar, 31952, Al Khobar",CLOSED_TEMPORARILY,4,14,26.333333333333336,50.19199999999999,105.34
5,Al Qantara Design & Interior,ChIJh2E-QY3pST4RbuwwZzoBwIk,"furniture_store, home_goods_store, store, point_of_interest, establishment","Qantara Loft، Al Othman Business Park, Prince Sultan Road, Al Khobar",OPERATIONAL,5,5,26.333333333333336,50.19199999999999,106.05
5,SSBS,ChIJV49Ij-npST4RhnBS_V7iWHo,"point_of_interest, establishment","Al-Othman Business Park, Prince Sultan Road, Al Khobar",OPERATIONAL,4.4,14,26.333333333333336,50.19199999999999,107.74
5,شركة صحراء الخليج للكيماويات GDC,ChIJ36X5K3PoST4RbkrpS_WzEYI,"point_of_interest, establishment","Prince Sultan Road, 85MR+FCR, Al Khobar",OPERATIONAL,4.3,3,26.333333333333336,50.19199999999999,108.82
5,Al Rushaid Village Package Delivery Office,ChIJQ1yxAgDpST4RKQJWIIUBCYs,"point_of_interest, establishment","85JR+VMQAl JawharahAl, 85JR+VPP, Al Khobar",OPERATIONAL,5,1,26.333333333333336,50.19199999999999,125.54
5,Al Rashid Village Office,ChIJd8fKq_DpST4RNvBM3PW05-c,"point_of_interest, establishment","85JR+VMQ, Al Khobar",OPERATIONAL,5,5,26.333333333333336,50.19199999999999,126.43
5,QMAM Altasheed Contracting,ChIJI3qShVbpST4RmIdJnpHdsts,"point_of_interest, establishment","85MR+PC4, Al Khobar",OPERATIONAL,4,3,26.333333333333336,50.19199999999999,125.41
5,Al-Rushaid Village,ChIJw-KmbqToST4RPAVK74zcNlQ,"point_of_interest, establishment","3710 المنصورية, Al Khobar",OPERATIONAL,4.4,132,26.333333333333336,50.19199999999999,159.61
5,U guard يوجارد,ChIJ09yshXLlST4R7C7jzGvOMaw,"car_repair, point_of_interest, establishment","طريق الامير سلطان بن عبدالعزيز, Al Khobar",OPERATIONAL,N/A,N/A,26.333333333333336,50.19199999999999,162.85
5,Alma Protection & polish ألما للحمايه والتلميع,ChIJafqyLon9ST4ROyFoi0bKlH0,"car_wash, car_repair, point_of_interest, establishment","Prince Sultan Road, Al Khobar",OPERATIONAL,4.6,411,26.333333333333336,50.19199999999999,169.3
5,Daar Cafe مقهى الدار,ChIJRSBEMRzpST4RRSoXZm84dtw,"cafe, food, point_of_interest, establishment","85JR+X6C, Al Khobar",OPERATIONAL,4,14,26.333333333333336,50.19199999999999,178.5
5,مجمع ندى الاعمال,ChIJb2yxgyLpST4R7GuinX0sANI,"point_of_interest, establishment","Prince Sultan Road, 85MV+V5R, Al Khobar",OPERATIONAL,5,1,26.333333333333336,50.19199999999999,177.9
5,Dynamic Cloud,ChIJ-cz2XFjoST4RWTcF6cjdpck,"point_of_interest, establishment","طريق الأمير سلطان, AlOthman Business Park-2nd Floor, الخبر",OPERATIONAL,3.9,10,26.333333333333336,50.19199999999999,178.71
5,Daar Residence,ChIJgfE2UKToST4RUm6ZFd1dSBo,"point_of_interest, establishment","3468, 9335, الخبر",OPERATIONAL,4,155,26.333333333333336,50.19199999999999,181.9
5,شركة سينوبك إنجرينج المحدودة,ChIJC0MwnqXoST4RWkfqewMvN7o,"point_of_interest, establishment","3511 Prince Sultan Road, Al Khobar",OPERATIONAL,2.5,28,26.333333333333336,50.19199999999999,179.49
5,IELTS Test Center,ChIJlZZkO87pST4Rxb2BfSmAQtg,"point_of_interest, establishment","9497 Prince Sultan Road, 3511, Al Khobar",OPERATIONAL,4.6,14,26.333333333333336,50.19199999999999,179.92
5,Al Rushed village,ChIJDbUzPUHpST4RHJqhfIAhrbk,"point_of_interest, establishment","3771, 9506, Saudi Arabia, الخبر",OPERATIONAL,N/A,N/A,26.333333333333336,50.19199999999999,192.56
5,Daar Main Entrance,ChIJ6YY2GADpST4Rakq2bFdVoSk,"point_of_interest, establishment","85JR+R6F, Al Khobar",OPERATIONAL,5,1,26.333333333333336,50.19199999999999,200.56
5,Nahdi pharmacy,ChIJKzQdAh3pST4RijLnbb0rwCs,"pharmacy, health, store, point_of_interest, establishment","3870 Prince Sultan Road, حي قرطبة، 6283, الخبر",OPERATIONAL,4.2,61,26.333333333333336,50.19199999999999,222.45
5,مجموعة سلمان الخالدي لخدمة السيارات,ChIJIdN5ZaXoST4RNCZpNlsfCYY,"car_repair, store, point_of_interest, establishment","طريق الامير سلطان- حي قرطبة, 85PR+5P2, Al Khobar",OPERATIONAL,3.3,12,26.333333333333336,50.19199999999999,227.61
5,ADC OFFICE,ChIJ92ayd0rpST4R_OBsNfd12F4,"point_of_interest, establishment","9526 Prince Sultan Road, 3395, Al Khobar",OPERATIONAL,4.6,16,26.333333333333336,50.19199999999999,236.76
5,سينو سبا,ChIJgTYMHQDpST4RObsmiELxJVA,"point_of_interest, establishment","EAGA3988, 6303 طريق الأمير سلطان, 3988, الخبر",OPERATIONAL,2,1,26.333333333333336,50.19199999999999,235.31
5,البخيت لزينة السيارات,ChIJqw1zZaXoST4RSOcSIX6tdMo,"car_repair, point_of_interest, establishment","حي, Prince Sultan Road, Al Khobar",OPERATIONAL,3.8,17,26.333333333333336,50.19199999999999,240.56
5,حماية وعناية,ChIJo_TKZTnvST4RV2xba1P_AB0,"point_of_interest, establishment","9685+2C3, Dammam",OPERATIONAL,3.7,137,26.333333333333336,50.19199999999999,242.38
6,Saudi Aramco Employment Center,ChIJzU1udoPmST4RLksN-Qd_7X4,"point_of_interest, establishment","8064 Munirah Road, Dhahran",OPERATIONAL,4.1,269,26.32,50.128,718.62
6,Munirah Camp,ChIJWfWikZrmST4RGTqFAG3AcJs,"point_of_interest, establishment","Dhahran Boulevard, 848J+76F, Dhahran",OPERATIONAL,3.9,857,26.32,50.128,542.64
6,Munirah Commissary,ChIJwTPKApDmST4RwdK9C0kigLQ,"grocery_or_supermarket, shopping_mall, store, food, point_of_interest, establishment","145 Dhahran Boulevard, Dhahran",OPERATIONAL,3.9,684,26.32,50.128,616.7
6,Aramco District Cooling Plant,ChIJG3DxpZnmST4RI1Ehj4IEDg4,"point_of_interest, establishment","District Cooling Plant, Dhahran Heights Road, Dhahran",OPERATIONAL,3.5,4,26.32,50.128,563.92
6,Sub DCP,ChIJQygz65jmST4R3OsQH7C5pDc,"point_of_interest, establishment","848F+JCG, Dhahran",OPERATIONAL,1,2,26.32,50.128,582.5
6,Munirah Post Office,ChIJqx0IiJDmST4Rszuwn3zpMzE,"post_office, finance, point_of_interest, establishment","847H+RPX, Dhahran",OPERATIONAL,1.7,3,26.32,50.128,612.45
6,Samba ATM,ChIJlRSPHJDmST4RtZdUzGpxKzw,"atm, finance, point_of_interest, establishment","Dhahran Boulevard, Dhahran",OPERATIONAL,5,1,26.32,50.128,631.32
6,Dhahran Heights Park (DHP1),ChIJwa0tppjmST4Rc_ab58d4AKQ,"point_of_interest, establishment","3253, Dhahran",OPERATIONAL,4.1,19,26.32,50.128,712.72
6,Upstream Professional Development Center (Bldg 9157),ChIJryUb75DmST4RrUVoodg0Um0,"point_of_interest, establishment","9157 Dhahran Boulevard, Dhahran",OPERATIONAL,4.5,32,26.32,50.128,749.47
6,EXPEC Advanced Research Center (Bldg 137),ChIJdwDk4ZDmST4RDW0NjJZtTtE,"point_of_interest, establishment","4143 Dhahran Boulevard, Dhahran",OPERATIONAL,4,61,26.32,50.128,818.6
6,Dhahran Heights Park (DHP5),ChIJc5sAeaLmST4RP4Q7Y1N9c7U,"point_of_interest, establishment","3221, Dhahran",OPERATIONAL,3.8,32,26.32,50.128,829.47
6,Expec Computer Center - Saudi Aramco,ChIJ8RR7rpHmST4RUe_7OwVqKZk,"point_of_interest, establishment","4327 طريق الامير محمد بن فهد, 8460, Dhahran",OPERATIONAL,4.4,10,26.32,50.128,834.77
6,EXPEC-1 (Bldg 729),ChIJ0-OlsZHmST4RQVKJIIzEqig,"point_of_interest, establishment","4327 طريق الامير محمد بن فهد, 8460, Dhahran",OPERATIONAL,4.1,164,26.32,50.128,844.71
6,Aramco Contractor ID Office,ChIJXZ0RAEPmST4RmH2EOuYY1YU,"point_of_interest, establishment","5124 Custodian of The Two Holy Mosques Road, Dhahran",OPERATIONAL,4.2,318,26.32,50.128,873.05
6,Visitors Center - Saudi Aramco,ChIJhzAG7IPmST4RPrwFia0y3Vg,"travel_agency, point_of_interest, establishment","Employment Center Access Road, 84FP+899, Dhahran",OPERATIONAL,4.2,1026,26.32,50.128,876.26
6,Parking of Saudi Aramco - Visitor center,ChIJncNd6IPmST4RRi-krk7iDig,"parking, point_of_interest, establishment","84FP+CFG, Dhahran",OPERATIONAL,3.7,10,26.32,50.128,910.13
6,SNB,ChIJyZrpUSbkST4REaqfm_g1mDU,"bank, finance, point_of_interest, establishment","Nakheel Street, Dhahran",OPERATIONAL,3,1,26.32,50.128,915.47
6,Exploration and Petroleum Engineering Center - EXPEC - Building II (Bldg 728),ChIJxfYJvZHmST4RsipJ-rEVL8Q,"point_of_interest, establishment","Core Area Perimeter Road, 846J+Q22, Dhahran",OPERATIONAL,4.4,132,26.32,50.128,921.51
6,Gharb Al Dhahran,ChIJDemYsU3hST4RmwaiDavDJsU,"sublocality_level_1, sublocality, political",Gharb Al Dhahran,UNKNOWN,N/A,N/A,26.32,50.128,707.98
6,Aramco Core Area Access Gate (formerly Gate #32),ChIJ0UTDH47mST4RsPTBJinKgrI,"point_of_interest, establishment","4519 طريق الامير محمد بن فهد, Dhahran",OPERATIONAL,4.3,37,26.32,50.128,935.36
6,JHAH Visitors Center,ChIJe6R_JY_mST4RTMXmeljXQ4E,"travel_agency, point_of_interest, establishment","6th Street, Dhahran",OPERATIONAL,4.3,333,26.32,50.128,948.13
6,West Park 3,ChIJrbqLopfmST4RU3F71mwdrg0,"point_of_interest, establishment","846F+RC8, Dhahran",OPERATIONAL,4.1,34,26.32,50.128,984.6
6,Tower Administration Building (Bldg 730),ChIJkQuO5pHmST4RAjdGljKLcB0,"point_of_interest, establishment","730 Core Area Access Road, Dhahran",OPERATIONAL,4.2,231,26.32,50.128,977.23
6,Al-Munirah Soccer Field,ChIJIRSqsxrnST4R6bfMprw-oRM,"point_of_interest, establishment","849G+VXW, Dhahran",CLOSED_TEMPORARILY,5,1,26.32,50.128,60.92
6,Oil Well 7,ChIJR2dwP5zmST4RfbCwPoYGmMg,"point_of_interest, establishment","Dallah Road, 84CH+C4R, Dhahran",OPERATIONAL,4.7,112,26.32,50.128,126.74
6,"Al Munirah, Building 129",ChIJfbeiYZDnST4RZ68bFo1cKqc,"lodging, point_of_interest, establishment","7567, 2480, Dhahran",OPERATIONAL,4,11,26.32,50.128,216.44
6,Umm Alroos Mountain of Dhahran,ChIJgbs1Sy3nST4R0Cumvib9ny8,"point_of_interest, establishment","84CJ+86J, Dhahran",OPERATIONAL,4.5,4,26.32,50.128,266.86
6,Al Munirah Building 130,ChIJUyumpNnnST4Ri5mUOsz40HM,"lodging, point_of_interest, establishment","848H+X8H, Dhahran",OPERATIONAL,3.9,56,26.32,50.128,286.97
6,ali Yousuf Trans,ChIJrXerNJrmST4RcDcYA4hBIC0,"point_of_interest, establishment","Dallah, 848H+V32, Jeddah",OPERATIONAL,N/A,N/A,26.32,50.128,318.64
6,Dammam,ChIJYcegcADnST4RKjG_MIYKxUM,"point_of_interest, establishment","848G+PW8, Dallah Road, Dhahran, Dammam",OPERATIONAL,N/A,N/A,26.32,50.128,361.97
6,ALAM AL KHALEEJ LALMUADN CO.,ChIJW_z8EwDnST4RvD6wX87jJYI,"point_of_interest, establishment","848G+PW8, Dallah Road, Dhahran, Dammam",OPERATIONAL,N/A,N/A,26.32,50.128,361.97
6,Munirah Recreation Center,ChIJJbgkWZrmST4RX4mScqrApkA,"point_of_interest, establishment","8th Street, 848H+PG8, Dhahran",OPERATIONAL,4.3,72,26.32,50.128,366.58
6,Nesma Al Munirah Dining,ChIJ-w6je9znST4ROS9B9oEjGSA,"restaurant, food, point_of_interest, establishment","848H+PH6, Dhahran",CLOSED_TEMPORARILY,3.3,73,26.32,50.128,367.45
6,Munirah Fitness Club,ChIJ754dRZrmST4RUoMBcLg-zHQ,"gym, health, point_of_interest, establishment","2487, Dhahran",OPERATIONAL,3.5,16,26.32,50.128,368.12
6,Al-Munirah library,ChIJvWZvX5rmST4RXuphPnzFphQ,"library, point_of_interest, establishment","2532, Dhahran",OPERATIONAL,4.3,12,26.32,50.128,374.03
6,بوبم ستيشن,ChIJG0bZclPnST4RNrtvLZSi_us,"point_of_interest, establishment",7092، غرب الظهران، الظهران 34461 3734،,OPERATIONAL,N/A,N/A,26.32,50.128,382.3
6,Dhahran Tank Farm,ChIJ8ySNZGnnST4Rt_A7vXpmkzM,"point_of_interest, establishment","7351, 2718, الظهران",OPERATIONAL,5,2,26.32,50.128,408.91
6,Almunirah Guest House (131),ChIJ8U21bsfnST4RMDKXaXzlHb4,"lodging, point_of_interest, establishment","EKPA7341، 7341 160 غرب الظهران، 2443، حي غرب الظهران،, الظهران",OPERATIONAL,3.1,48,26.32,50.128,434.37
6,مسجد مصلى مركز الترفيه حي المنيرة,ChIJ1w7AJADnST4RjwpZOONpKwI,"mosque, place_of_worship, point_of_interest, establishment","2532, 2532 7359, Dhahran",OPERATIONAL,N/A,N/A,26.32,50.128,435.98
6,Munirah Gym,ChIJgVOAaJrmST4RT-_89A0a3pg,"gym, health, point_of_interest, establishment","2509, 7346, Dhahran",OPERATIONAL,3.8,32,26.32,50.128,440.29
6,Munirah Dining Hall,ChIJSSR073_nST4Rnl9jgo-OpaE,"restaurant, food, point_of_interest, establishment","EKPA2580، 2580 167 غرب الظهران، 7357،, Dhahran",OPERATIONAL,3,4,26.32,50.128,448.47
6,Munirah Swimming Pool,ChIJbZ5DZJrmST4R9sApOv3YcIA,"point_of_interest, establishment","848H+9G6, Dhahran",OPERATIONAL,4,175,26.32,50.128,459.61
6,Munirah Guest House (Bldg.132),ChIJk1_wDJrmST4R_qgVXeco4Rs,"lodging, point_of_interest, establishment","848H+433, Dhahran",OPERATIONAL,3.6,55,26.32,50.128,526.82
6,Al Munirah Tennis Courts,ChIJZQLRgZrmST4RHbgF5zl0TsQ,"point_of_interest, establishment","848H+5Q2, Dhahran",OPERATIONAL,4.7,17,26.32,50.128,528.27
6,Old Al-Munirah Theater,ChIJucwqYADnST4RNi8k0VENT0k,"movie_theater, point_of_interest, establishment","2677 167 غرب الظهرانEKPA26777296, Dhahran",OPERATIONAL,2.3,7,26.32,50.128,538.42
6,Lucas Pastaria -Aramco,ChIJeb1tEwDnST4R1sGCs228F2s,"restaurant, food, point_of_interest, establishment","848J+8CJ, Dhahran",OPERATIONAL,4.7,10,26.32,50.128,551.39
6,Abo Azoz بوعزوز,ChIJeaz5dADnST4RVYmop5QQei4,"restaurant, food, point_of_interest, establishment","7336 169 غرب الظهران, EKPB2816، 2816, الظهران",OPERATIONAL,3.2,52,26.32,50.128,577.65
6,The Square,ChIJi3FuPRfnST4RFK7QvTRTM7g,"point_of_interest, establishment","7336 169 غرب الظهران, EKPB2816، 2816, الظهران",OPERATIONAL,4,2,26.32,50.128,577.74
6,Baba Khabbaz,ChIJF77MCobnST4RTzOFS5JcxQ0,"bakery, store, food, point_of_interest, establishment","2816, Dhahran",CLOSED_TEMPORARILY,4.1,52,26.32,50.128,585.11
6,Aramco Munirah Square,ChIJqcvkHADnST4RzTHesWAo-18,"restaurant, food, point_of_interest, establishment","Gharb Al Dhahran 2816, الظهران",OPERATIONAL,N/A,N/A,26.32,50.128,585.15
6,واحد فلافل المنيرة Wahed Falafel Muneera,ChIJHzFKOADnST4Rx4TO0fNU8T0,"restaurant, food, point_of_interest, establishment","حي, 2816 7336 169, EKPB2816, Dhahran",OPERATIONAL,4.5,27,26.32,50.128,587.31
6,Ada Laundry M10 - مغاسل أداء,ChIJ54DcfJDmST4RFv210xzsPg0,"laundry, point_of_interest, establishment","طريق المنيرة, غرب الظهران،, الظهران",OPERATIONAL,2.7,17,26.32,50.128,594.71
6,Barber shop,ChIJ5ZZHgxnnST4Rv24rMHFEx-c,"hair_care, health, point_of_interest, establishment","7201, Dhahran",OPERATIONAL,3.9,43,26.32,50.128,598.67
6,iPower,ChIJp3Fd6JvnST4Rwa_QxU0aqPk,"point_of_interest, establishment","3531, 6362, Saudi Arabia, الظهران",OPERATIONAL,4.6,5,26.32,50.128,599.73
6,SAB الأول,ChIJAWTeqb7nST4RmaxO0AoU_nI,"atm, finance, point_of_interest, establishment","حي, بولفار الظهران, Munirah Camp, الظهران",OPERATIONAL,N/A,N/A,26.32,50.128,611.73
6,سلم ان لايت Slim ‘n Lite,ChIJNyf11ULnST4Ru_IjlOeQoWk,"restaurant, food, point_of_interest, establishment","Inside Munirah Commissary, 145 Dhahran Boulevard, Dhahran",OPERATIONAL,5,16,26.32,50.128,616.7
6,My Office Dhahran Building #133,ChIJJUkdIWXnST4RSTi8jlOyMJM,"point_of_interest, establishment","7175, 2396 Saudi Arabia, الظهران",OPERATIONAL,4.5,241,26.32,50.128,626.14
6,Aldawaa Pharmacy,ChIJOeIEHZDmST4RQ3cSIiLkpdU,"pharmacy, store, health, point_of_interest, establishment","Dhahran Boulevard, Dhahran",OPERATIONAL,3.5,20,26.32,50.128,627.69
6,SNB AlAhli ATM,ChIJ39lZhPznST4RXsYOq8t1otI,"atm, finance, point_of_interest, establishment","Dhahran Boulevard, 848J+3J, Dhahran",CLOSED_TEMPORARILY,5,1,26.32,50.128,633.21
7,Saudi Aramco Employment Center,ChIJzU1udoPmST4RLksN-Qd_7X4,"point_of_interest, establishment","8064 Munirah Road, Dhahran",OPERATIONAL,4.1,269,26.32,50.14399999999999,972.21
7,Government Offices Complex,ChIJpfqF0obmST4RStTDC1TQZEg,"point_of_interest, establishment","Government Offices Road, 84FQ+FJP, Dhahran",OPERATIONAL,4,23,26.32,50.14399999999999,639.42
7,Spokes Hub,ChIJz_yuzWbmST4RkygkCrkbbc0,"bicycle_store, store, point_of_interest, establishment","KFUPM Mall, Dhahran",OPERATIONAL,5,44,26.32,50.14399999999999,683.09
7,Building 58 - Preparatory Year,ChIJJezX5WbmST4Rp7iFYEJPt0I,"point_of_interest, establishment","7199 Academic Belt Road, Dhahran",OPERATIONAL,4.3,62,26.32,50.14399999999999,754.93
7,Dorm 832,ChIJsx6mqGHmST4Rr3mQbU4xKjc,"point_of_interest, establishment","4084, Dhahran",OPERATIONAL,3.5,23,26.32,50.14399999999999,725.93
7,KFUPM Mall,ChIJG_oD12bmST4RedvALPeS1KU,"shopping_mall, point_of_interest, establishment","4401 Custodian of The Two Holy Mosques Road, 7146",OPERATIONAL,4,1481,26.32,50.14399999999999,738.89
7,Dorm 857,ChIJlaLVCIrmST4R7gqC0nv6ZRw,"point_of_interest, establishment","3816, Dhahran",OPERATIONAL,4.2,40,26.32,50.14399999999999,749.66
7,Subway,ChIJZ7Ma2WbmST4RCsoVvSCG-gg,"restaurant, food, point_of_interest, establishment","Student Housing Street, Dhahran",OPERATIONAL,3.9,155,26.32,50.14399999999999,752.48
7,Burger King - KFU,ChIJETKZ2WbmST4RDCg0r0Vqb14,"restaurant, food, point_of_interest, establishment","of Petroleum & Minerals, Academic Belt Road, Kfupm Mall, Dhahran",OPERATIONAL,3.8,208,26.32,50.14399999999999,761.98
7,Kudu - KFUPM Mall,ChIJVXbRIGfmST4R2Y47Mjx1cX4,"restaurant, meal_delivery, meal_takeaway, food, point_of_interest, establishment","Orientation Path, Dhahran",CLOSED_TEMPORARILY,2.8,78,26.32,50.14399999999999,772.55
7,Dunkin' - دانكن,ChIJTXRHKmfmST4RZg_8OFxxDGg,"cafe, store, food, point_of_interest, establishment","Academic Belt Road, Dhahran",OPERATIONAL,3.6,236,26.32,50.14399999999999,774.12
7,Bank Albilad ATM,ChIJKUOPKGfmST4R4bl_x6FuWZ0,"atm, finance, point_of_interest, establishment","847X+F5, Unnamed Road, الظهران",OPERATIONAL,3.7,9,26.32,50.14399999999999,795.41
7,Parking of Saudi Aramco - Visitor center,ChIJncNd6IPmST4RRi-krk7iDig,"parking, point_of_interest, establishment","84FP+CFG, Dhahran",OPERATIONAL,3.7,10,26.32,50.14399999999999,871.56
7,Visitors Center - Saudi Aramco,ChIJhzAG7IPmST4RPrwFia0y3Vg,"travel_agency, point_of_interest, establishment","Employment Center Access Road, 84FP+899, Dhahran",OPERATIONAL,4.2,1026,26.32,50.14399999999999,878.75
7,Aramco Contractor ID Office,ChIJXZ0RAEPmST4RmH2EOuYY1YU,"point_of_interest, establishment","5124 Custodian of The Two Holy Mosques Road, Dhahran",OPERATIONAL,4.2,318,26.32,50.14399999999999,882.59
7,Civil Affairs Office,ChIJK1WdAJb7ST4RiWRzFr5-dI0,"local_government_office, point_of_interest, establishment","F44C+4J, طريق الخليج،, Dammam",OPERATIONAL,3.9,402,26.32,50.14399999999999,652.0
7,JHAH Visitors Center,ChIJe6R_JY_mST4RTMXmeljXQ4E,"travel_agency, point_of_interest, establishment","6th Street, Dhahran",OPERATIONAL,4.3,333,26.32,50.14399999999999,931.0
7,Aramco Dhahran Passports Office,ChIJuc2PzYbmST4RvJF4OEpsJs0,"local_government_office, point_of_interest, establishment","Government Offices Road, 84FQ+GHQ, Dhahran",OPERATIONAL,3.4,38,26.32,50.14399999999999,656.8
7,New BPCC Building,ChIJJX-IQwDnST4R1rprHiw6YsI,"general_contractor, point_of_interest, establishment","4203, 7575, الظهران",OPERATIONAL,N/A,N/A,26.32,50.14399999999999,244.24
7,المبنى الجديد لوزارة الطاقة (تحت الانشاء),ChIJmdD2GSXnST4R6__gAMf-M1U,"point_of_interest, establishment","4029، 7477, Dhahran",OPERATIONAL,4.5,4,26.32,50.14399999999999,308.9
7,Bldg 91,ChIJ__-_h2PmST4RPJEzs8lm_OU,"point_of_interest, establishment","Градуейт Дормс Серкл, 4359, Dhahran",OPERATIONAL,N/A,N/A,26.32,50.14399999999999,374.8
7,Dhahran Emergency Forces,ChIJp1B4hYjmST4RxFDaNvcPI5s,"point_of_interest, establishment","Emergency Forces Drive, 849R+Q3M, Dhahran",OPERATIONAL,4.2,84,26.32,50.14399999999999,387.13
7,Business Park Complex Company,ChIJv5cNU6fnST4RwvIcHfOUrZw,"general_contractor, point_of_interest, establishment","Business Park Complex Company (Site Office), Room 3A, Academic Belt Road King Fahad University of Petroleum and Minerals (KFUPM Dhahran 34464 – 9068, الظهران",OPERATIONAL,4.5,6,26.32,50.14399999999999,390.39
7,Kifah Site offices BPCC PROJECT,ChIJJ9sS3bTnST4RuQvX4PQTrL0,"point_of_interest, establishment","4415, 7603, الظهران",OPERATIONAL,4.2,38,26.32,50.14399999999999,393.06
7,قيادة القوة الخاصة للأمن الدبلوماسي بالمنطقة الشرقية,ChIJkYTAFafnST4RTC4YqnM3-Ic,"local_government_office, point_of_interest, establishment","Emergency Forces Drive, 84CR+M4, Dhahran",OPERATIONAL,5,2,26.32,50.14399999999999,407.54
7,AMAAD Business Park,ChIJ_a7ei2LnST4RjmYsgb2cncg,"point_of_interest, establishment","9068 Academic Belt Road, Business Park Complex Company (Site Office), Room 3A, Dhahran",OPERATIONAL,4.5,15,26.32,50.14399999999999,434.27
7,Garha Contracting Office,ChIJpT0aLADnST4R2XiqCutcACA,"general_contractor, point_of_interest, establishment","849X+F8X, Dhahran",OPERATIONAL,N/A,N/A,26.32,50.14399999999999,456.13
7,Parking lot,ChIJ__8_0WPmST4RDAUApBD4i1A,"parking, point_of_interest, establishment","848W+92F, Dhahran",OPERATIONAL,N/A,N/A,26.32,50.14399999999999,463.22
7,إدارة دوريات الأمن بالظهران,ChIJV320TXXnST4R3y-u3MrCm3k,"point_of_interest, establishment","8129 Custodian of The Two Holy Mosques Road, حي, 4377, Dhahran",OPERATIONAL,5,1,26.32,50.14399999999999,487.13
7,الوردية6,ChIJIXdmXwDnST4RsBiWOeiqmQM,"point_of_interest, establishment","طريق الظهران الجبيل السريع, 84FW+8VR, Dammam",OPERATIONAL,N/A,N/A,26.32,50.14399999999999,487.33
7,Dorm 851,ChIJ75As83nnST4RuiZoLrtSCHg,"point_of_interest, establishment","Building 851, طريق الحزام الاكاديمي، جامعة الملك فهد للبترول, Dhahran",OPERATIONAL,N/A,N/A,26.32,50.14399999999999,491.75
7,Dorm 853,ChIJyyr54WPmST4RnWcu0iCaDk8,"point_of_interest, establishment","4275, Dhahran",OPERATIONAL,3.8,29,26.32,50.14399999999999,501.03
7,Al-Zubair Ibn Awam Mosque,ChIJVVWVKmLmST4RghFDCjQx2jw,"mosque, place_of_worship, point_of_interest, establishment","Academic Belt Road, 4098, Dhahran",OPERATIONAL,N/A,N/A,26.32,50.14399999999999,506.07
7,Leven Fashion Team,ChIJJyNgEiLnST4RcRcLaFQtzxo,"clothing_store, store, point_of_interest, establishment","Academic Belt Road, Dhahran",OPERATIONAL,N/A,N/A,26.32,50.14399999999999,523.73
7,Dorm 850,ChIJMf1y7-7nST4RbjXvON2nWFo,"point_of_interest, establishment","Building 850, Academic Belt Road, Dhahran",OPERATIONAL,4.3,15,26.32,50.14399999999999,528.72
7,Laundry Building KFUPM D,ChIJybK75SrnST4RWLAxIBkFDL0,"laundry, point_of_interest, establishment","Behind Al-Zubair Ibn Awam, 848V+3WR, Student Services Building, Academic Belt Rd, King Fahd University of Petroleum and Minerals, الظهران",OPERATIONAL,1,1,26.32,50.14399999999999,532.02
7,KFUPM Jawalah,ChIJO03ngWHmST4RQLEWoTj3JuY,"point_of_interest, establishment","4098, Dhahran",OPERATIONAL,5,15,26.32,50.14399999999999,538.25
7,مقر اللجنة الإعلامية لنادي عشائر الجوالة,ChIJPwIkRQDnST4RR6WG2sHvti4,"point_of_interest, establishment","Student Services Building, Academic Belt Road, 848V+3W6, Mosque, Behind Al-Zubair Ibn Awam, Dhahran",OPERATIONAL,5,1,26.32,50.14399999999999,538.27
7,Student housing,ChIJ77FPvFHnST4RZduynSa0kK4,"point_of_interest, establishment","Tree, Dhahran",OPERATIONAL,2.6,5,26.32,50.14399999999999,540.42
7,"Business park, KFUPM",ChIJ_Xxm-4LnST4RiOhyBHpmy7k,"point_of_interest, establishment","3677 7382, الظهران",OPERATIONAL,5,2,26.32,50.14399999999999,542.09
7,Al FAJAR LAUNDRY,ChIJb0QsrMXnST4RPSHwudBi5cA,"laundry, point_of_interest, establishment","Mosque, Behind Al-Zubair Ibn Awam, Student Services Building, Academic Belt Rd, الظهران",OPERATIONAL,3.7,3,26.32,50.14399999999999,541.19
7,إدارة العامة لاسكان الطلاب,ChIJbUxE1ubnST4RHORijbPaguU,"point_of_interest, establishment","4254 طريق الحزام الأكاديمي, EKPC7276, 7276, الظهران",OPERATIONAL,1.3,12,26.32,50.14399999999999,541.88
7,Laundry Building KFUPM E,ChIJUdrKosnnST4RuBJBnjrUuq4,"laundry, point_of_interest, establishment","Students Services Building, Academic Belt Road, Dhahran",OPERATIONAL,N/A,N/A,26.32,50.14399999999999,541.91
7,Area 54,ChIJaXo67cLnST4RVhgc64C4hqk,"point_of_interest, establishment","Building 854, Academic Belt Road, Dhahran",OPERATIONAL,5,12,26.32,50.14399999999999,545.23
7,Dorm 849,ChIJ42p-q3jnST4RLG0mFAGf7to,"point_of_interest, establishment",الظهران,OPERATIONAL,3.8,14,26.32,50.14399999999999,553.67
7,محطة الجامع,ChIJtWYpIdPnST4Ra8C2zVuJDYA,"point_of_interest, establishment","3849, 7226, Saudi Arabia, الظهران",OPERATIONAL,5,1,26.32,50.14399999999999,558.74
7,عمارة 848,ChIJ0YeyNwDnST4RkgfZileeMNg,"point_of_interest, establishment","3914، 7229, Dhahran",OPERATIONAL,4,2,26.32,50.14399999999999,570.42
7,Parking 72,ChIJGc0nr2bmST4RYjM8-X9gYkY,"parking, point_of_interest, establishment","Parking Building 72, Academic Belt Road, Dhahran",OPERATIONAL,3.8,12,26.32,50.14399999999999,571.8
7,NCC SUBSTATION - KFUPM SS#03,ChIJxymZQoLnST4RDJEpcXowY1Y,"point_of_interest, establishment","Unnamed Road, 849X+CRW, Dhahran",OPERATIONAL,5,2,26.32,50.14399999999999,576.06
7,دوار الشجرة,ChIJqVjhfA3nST4RLsmtXzkab4Y,"point_of_interest, establishment","7282, 4321, الظهران",OPERATIONAL,N/A,N/A,26.32,50.14399999999999,582.95
7,Building 45 - Central Kitchen & Food Services,ChIJ12hL9WTnST4RJsIitf_vpSM,"point_of_interest, establishment","4497, 7400, الظهران",OPERATIONAL,3,1,26.32,50.14399999999999,585.83
7,Dorm 843,ChIJYy4hpvrnST4RZoycyd34-4U,"point_of_interest, establishment","843 Student Housing Street, Dhahran",OPERATIONAL,4.3,6,26.32,50.14399999999999,594.62
7,EP Police Academy,ChIJpzZyOHzmST4Rl5hjFf6iXwM,"police, point_of_interest, establishment","4207 Custodian of The Two Holy Mosques Road, Dhahran",OPERATIONAL,N/A,N/A,26.32,50.14399999999999,596.18
7,مقلط ابو حواس,ChIJlQcvKUnnST4RW1rEwTTYjGM,"cafe, store, food, point_of_interest, establishment","4046, 7267, الظهران",CLOSED_TEMPORARILY,3.9,7,26.32,50.14399999999999,604.95
7,Dorm 844,ChIJX_nSQoXnST4RzivZ7qzfDUk,"point_of_interest, establishment","844 Student Housing Street, Dhahran",OPERATIONAL,4.4,10,26.32,50.14399999999999,608.91
7,Dorm 847,ChIJN0d-5NHnST4R7u_xMi_LTC8,"point_of_interest, establishment","847R+WPR, جامعة الملك فهد للبترول, Dhahran",OPERATIONAL,4.5,23,26.32,50.14399999999999,610.9
7,Dorm 845,ChIJ_82z8EbnST4RUh1S91m3kEI,"point_of_interest, establishment","Building 845, Student Housing Street, Dhahran",OPERATIONAL,5,2,26.32,50.14399999999999,611.96
7,Dorm 841,ChIJO4cHJgDnST4RY-Sy_DmImVE,"point_of_interest, establishment","7254 شارع اسكان الطلاب، EKPA7254، 4373, Dhahran",OPERATIONAL,N/A,N/A,26.32,50.14399999999999,615.03
8,Mobily Store,ChIJvbNirxPmST4RyAkEcraKWpg,"point_of_interest, establishment","Abdullah Ibn Al Abbas Street, Dhahran",OPERATIONAL,3.6,316,26.32,50.16,757.53
8,Laith Fitness Center,ChIJxxPhbBPmST4RVXmmlCUQfcU,"gym, health, point_of_interest, establishment","Laith Sport Center, Dhahran",OPERATIONAL,3.8,451,26.32,50.16,564.69
8,Herfy,ChIJuSN1BhPmST4R4JcV8k5Bh24,"restaurant, food, point_of_interest, establishment","Abdullah Ibn Al Abbas Street, 85F7+PX9, Dhahran",OPERATIONAL,3.5,938,26.32,50.16,687.85
8,Saadeddin Pastry,ChIJazv0sm3mST4RemnMRzEQes4,"cafe, store, restaurant, food, point_of_interest, establishment","Abdullah Ibn Al Abbas Street, Dhahran",OPERATIONAL,3.9,648,26.32,50.16,334.17
8,Dhahran Cultural Center - Seraj,ChIJw4bcNnHmST4R3_ERPiCsdB0,"place_of_worship, point_of_interest, establishment","قريب المركز الصحي, شارع بلال بن رباح - بجانب جامع صالح ابوعدلة الغامدي حي, Dhahran",OPERATIONAL,4.8,39,26.32,50.16,162.71
8,Future Makers Schools,ChIJjTlQLmvmST4RGEHJA9gQQ4g,"school, point_of_interest, establishment","4057 Rabee Street, Dhahran",OPERATIONAL,4.3,31,26.32,50.16,235.73
8,مركز صحي الدوحة,ChIJX8RG-2rmST4RpawLP0dTeMY,"health, point_of_interest, establishment","6529 ربيعة بن عبد الرحمن, Dhahran",OPERATIONAL,2.9,187,26.32,50.16,245.62
8,Ruya Schools,ChIJkfXwPhPmST4RAJw2vNgbRKM,"school, primary_school, point_of_interest, establishment","Abdullah Ibn Al Abbas Street, Dhahran",OPERATIONAL,4.5,123,26.32,50.16,274.54
8,Makbous Express,ChIJDaPSAW3mST4RRt1KWY-l_rA,"restaurant, food, point_of_interest, establishment","شارع عبد الله بن عباس،, Dhahran",OPERATIONAL,4,2522,26.32,50.16,357.83
8,Basma Compound,ChIJZ8WhZmnmST4R_U87jMpkyr4,"park, lodging, point_of_interest, establishment","6472 Zuhair Ibn Muawiyah Street, Dhahran",OPERATIONAL,4.3,21,26.32,50.16,396.67
8,Manoosha Alreef,ChIJ5SJGY27mST4RwSy21nqkIeA,"restaurant, food, point_of_interest, establishment","Abdullah Ibn Al Abbas Street, Dhahran",OPERATIONAL,4.1,1344,26.32,50.16,402.22
8,Pastel Al Doha - باستيل الدوحه الجنوبيه,ChIJreWm32zmST4RKtKaWEqAdTQ,"bakery, cafe, store, food, point_of_interest, establishment","3990 شارع عبد الله بن عباس، حي, Dhahran",OPERATIONAL,4.1,183,26.32,50.16,403.05
8,SMSA Service Center,ChIJP1v7pNclbRQRxca-sC_0DWs,"point_of_interest, establishment","Abdullah Ibn Al Abbas Street, Dhahran",OPERATIONAL,3.3,542,26.32,50.16,411.51
8,Dhahran Middle School,ChIJzaOokBTmST4RL-TZkWZBmJ8,"primary_school, school, point_of_interest, establishment","Kurtobah Street, 85C7+GP8, Dhahran",OPERATIONAL,4,13,26.32,50.16,454.04
8,Fillfilah فلفلة,ChIJjegEOhPmST4R7Kkn0gbWJbw,"restaurant, food, point_of_interest, establishment","Abdullah Ibn Al Abbas Street, Al kobar",OPERATIONAL,3.6,1100,26.32,50.16,469.59
8,Qais bin Hubaira Mosque,ChIJD6BD_hTmST4RDxNxp-_nscA,"mosque, place_of_worship, point_of_interest, establishment","8598+W2C, Dhahran",OPERATIONAL,4.6,56,26.32,50.16,500.98
8,Kudu - Doha Center,ChIJ077_ERPmST4RfRt6YPpQrUE,"restaurant, meal_delivery, meal_takeaway, food, point_of_interest, establishment","Near Al Doha Medical Clinic, شارع عبدالله بن العباس, Doha Center, الظهران",OPERATIONAL,3.7,1239,26.32,50.16,633.5
8,Maestro Pizza,ChIJK85XT27mST4RlJ_fjudi4b0,"meal_delivery, meal_takeaway, restaurant, food, point_of_interest, establishment","Abdullah Ibn Al Abbas Street, Dhahran",OPERATIONAL,4,742,26.32,50.16,523.95
8,Al Dawhah Al Janubiyah,ChIJCS1ZJj7mST4R71HYhcz5S6E,"sublocality_level_1, sublocality, political",Al Dawhah Al Janubiyah,UNKNOWN,N/A,N/A,26.32,50.16,459.06
8,Alinma ATM,ChIJUSLiIhPmST4RR21TeO02GII,"atm, finance, point_of_interest, establishment","85F7+FFP, Dhahran",OPERATIONAL,4.3,4,26.32,50.16,554.9
8,Dunkin' - دانكن,ChIJU6vUchPmST4Rt7l3BskIa1E,"cafe, store, food, point_of_interest, establishment","4310 Abdullah Ibn Al Abbas Street, Dhahran",OPERATIONAL,3.9,442,26.32,50.16,598.01
8,Seraj,ChIJBURvmD_mST4R0eE_bBb6aLY,"point_of_interest, establishment","Abu Ubaidah Aljarrah Street, 8587+3G7, Dhahran",OPERATIONAL,4.3,91,26.32,50.16,657.17
8,Subway,ChIJE6WODBPmST4R9N8neTMMdh8,"restaurant, food, point_of_interest, establishment","7093 Abdullah Ibn Al-Abbas Street, Al-Doha, الظهران",OPERATIONAL,4.2,888,26.32,50.16,738.74
8,SNB AlAhli,ChIJaaGK0mzmST4R7OxBAG1JxvE,"bank, finance, point_of_interest, establishment","شارع عبد الله بن العباس, 85F8+M9, Dhahran",OPERATIONAL,4.7,419,26.32,50.16,754.97
8,Altufail Aldawsi Mosque,ChIJoXvIZRbmST4RTs3QsZLl0fU,"mosque, place_of_worship, point_of_interest, establishment","6784 Tariq Bin Ziad Street, Dhahran",OPERATIONAL,4.8,65,26.32,50.16,870.41
8,عصيرات بالما || PALMA Juice,ChIJj2udOxLmST4RD48oiAVVW7k,"cafe, food, point_of_interest, establishment","7392 Abdullah Ibn Al Abbas Street, Dhahran",CLOSED_TEMPORARILY,4,116,26.32,50.16,951.07
8,الفئة الصحيحة مركز تدريب,ChIJz-gxOhLmST4RFBohGix9DMw,"store, point_of_interest, establishment","Abdullah Ibn Al Abbas St Abdullah Ibn Al Abbas Street, Dhahran",OPERATIONAL,3.6,35,26.32,50.16,955.82
8,Sehaty Center Al-Danah,ChIJRUbRgHDmST4R3SDPmHY9Y68,"health, point_of_interest, establishment","7365 Prince Mohammed Bin Fahd Road, Dhahran",OPERATIONAL,2.8,115,26.32,50.16,957.65
8,Panda,ChIJTURHdRPmST4RdWx8JE24F-I,"supermarket, grocery_or_supermarket, store, food, point_of_interest, establishment","4310 Abdullah Ibn Al Abbas Street, Dhahran",OPERATIONAL,3.8,1047,26.32,50.16,598.01
8,Aspire International Academy,ChIJh_Xsam7mST4RQgKelf_0bxE,"school, point_of_interest, establishment","Abdullah Ibn Al Abbas Street, Dhahran",OPERATIONAL,4.1,16,26.32,50.16,491.61
8,مخيّم سراج الدعوي ( افطار ودعوة ),ChIJ_bXHOrvnST4RJZBV9UIrjA0,"point_of_interest, establishment","بالقرب بن المكتب التعاوني للدعوة والارشاد وتوعية الجاليات, بلال بن رباح, Dhahran",OPERATIONAL,5,1,26.32,50.16,98.38
8,Farouq Mosque,ChIJcVedfGzmST4R4AZv69bpe8k,"mosque, place_of_worship, point_of_interest, establishment","6846 Mahd Althahab Street, Dhahran",OPERATIONAL,4.7,10,26.32,50.16,108.88
8,حديقه الأزهار,ChIJ62snNRnnST4R8ns_ebobjXg,"park, point_of_interest, establishment","3765 Al Misk, 6835, الظهران",OPERATIONAL,3.2,10,26.32,50.16,119.17
8,Aseel Park,ChIJ1-Zxo2vmST4RQ1ZiCLQXJ-0,"park, point_of_interest, establishment","8595+GRW, Dhahran",OPERATIONAL,3.7,12,26.32,50.16,132.04
8,مغاسل جورى,ChIJTdiBPgbnST4Reh009LRBwHQ,"laundry, point_of_interest, establishment","Bilal Ibn Rabah Street, Dhahran",OPERATIONAL,5,32,26.32,50.16,191.17
8,للحفلات والمناسابات,ChIJsQrxTgDnST4RGUlQOe5qFwI,"home_goods_store, store, point_of_interest, establishment","Rabeah Ibn Abdulrahman Street, 8596+839, Dhahran",OPERATIONAL,N/A,N/A,26.32,50.16,190.94
8,مطعم راكان و دحوم و علي,ChIJ97vARgDnST4RzvCxzLjA87E,"grocery_or_supermarket, store, food, point_of_interest, establishment","85C6+8P5, Dhahran",OPERATIONAL,5,1,26.32,50.16,203.23
8,SRCA station 7,ChIJu3PNhLDnST4RoxXKI7aMizs,"hospital, health, point_of_interest, establishment","3984 An Nur, 6547, Dhahran",OPERATIONAL,2,4,26.32,50.16,203.96
8,Saleh Abu Adallah Al-Ghamdi Mosque,ChIJCwCp6WvmST4RIBa_cJwIaBs,"mosque, place_of_worship, point_of_interest, establishment","Rabeah Ibn Abdulrahman Street, 8595+G8X, Dhahran",OPERATIONAL,4.6,107,26.32,50.16,206.72
8,اومك,ChIJyfcENQDnST4R9iLE-t4qW14,"furniture_store, home_goods_store, store, point_of_interest, establishment","مجمع الظهران, Prince Faisal Bin Fahd Road, Dhahran",OPERATIONAL,N/A,N/A,26.32,50.16,228.44
8,مظلات الدمام,ChIJ1e-5QFXnST4Rry1naTXdiiY,"point_of_interest, establishment","Saihat Street, Dammam",OPERATIONAL,N/A,N/A,26.32,50.16,226.41
8,Orbits pioneers international school,ChIJpdid-SPnST4RJksYAhBwQ1k,"school, point_of_interest, establishment","85C5+MC7, Dhahran",OPERATIONAL,4.4,21,26.32,50.16,232.79
8,An Nur Mosque,ChIJizKquOvnST4RTQduHPoN6kE,"mosque, place_of_worship, point_of_interest, establishment",6801 عتبة بن غزوان، الدوحة الجنوبية، الظهران 34454 4067،,OPERATIONAL,4.5,11,26.32,50.16,241.5
8,اسواق استهلاكية الدوحة المركزية,ChIJCyj_2oHnST4Rumy6Dj3a2iQ,"supermarket, grocery_or_supermarket, store, food, point_of_interest, establishment","Zuhair Ibn Muawiyah Street, شارع بلال بن رباح",OPERATIONAL,3.9,142,26.32,50.16,241.16
8,مكتبة حكاية حرف,ChIJl9a4wTr9ST4R5-QLh5M2V5A,"store, point_of_interest, establishment",Dhahran,OPERATIONAL,4.1,231,26.32,50.16,241.42
8,Berwaz Hall,ChIJhdhtU2rmST4Rsp6v1V8u1uk,"point_of_interest, establishment","Rabeah Ibn Abdulrahman Street, Dhahran",OPERATIONAL,4.3,736,26.32,50.16,241.89
8,Industrial Land Contracting Est (ILT),ChIJRyOC_xnoST4RGdj_k5YTge8,"point_of_interest, establishment","Bilal Ibn Rabah Street, Al Khobar",OPERATIONAL,5,3,26.32,50.16,244.79
8,مستوصف الدوحه,ChIJF-n28l_nST4RMv3zluAbuHE,"health, point_of_interest, establishment","EKMB6529, 3867 Tib Street, 6529, Dhahran",OPERATIONAL,1,1,26.32,50.16,244.22
8,مطعم S_N_K,ChIJg-vYVQDnST4RZLAEU5_P0_8,"food, point_of_interest, establishment","Abu Ubaidah Aljarrah Street, 85C7+72J, Dhahran",OPERATIONAL,1,1,26.32,50.16,264.29
8,الدفاع المدني حي الدوحه,ChIJ051SobbnST4RDxF8pHposho,"fire_station, point_of_interest, establishment","3621 Rabeah Ibn Abdulrahman Street, Dhahran",OPERATIONAL,5,3,26.32,50.16,287.47
8,Tgdeemat Doha,ChIJI5VkkmHnST4Rv0NlmQkL3zQ,"restaurant, food, point_of_interest, establishment","85F5+2P6, Dhahran",OPERATIONAL,3.6,254,26.32,50.16,291.31
8,مغسلة سماء الدوحة,ChIJh5YW8_XnST4Rk-VAO9KTEMI,"laundry, point_of_interest, establishment","85F5+2P6, Dhahran",OPERATIONAL,5,2,26.32,50.16,291.48
8,إستشارات المطاعم و الفنادق والكافيهات,ChIJUUmJ0b3nST4RHMIOqe1YSNA,"point_of_interest, establishment",3745 7006 شارع عبد الله بن العباس، المنطقة الجنوبية 34454 خميس مشيط 64312,OPERATIONAL,N/A,N/A,26.32,50.16,292.15
8,خياط سكبه المشاهير للخياطة الرجالية,ChIJ8Yd7TGzmST4RDWsMzCZUgHQ,"point_of_interest, establishment","حي, Abdullah Ibn Al Abbas Street, Dhahran",OPERATIONAL,4.1,29,26.32,50.16,292.27
8,Little Sicily Bakery - مخابز صقلية الصغيرة,ChIJyxND_6_nST4RgMwxPVh-YuI,"bakery, store, food, point_of_interest, establishment","Abdullah Ibn Al Abbas Street, Dhahran",OPERATIONAL,4.5,28,26.32,50.16,292.86
8,تمرات - Tamarat,ChIJu4qy3gLnST4Ra3nYMqVH5mQ,"store, point_of_interest, establishment","7006 حي, 3745 شارع عبد الله بن العباس, EKMA3745, الظهران",OPERATIONAL,3.7,3,26.32,50.16,294.03
8,مجمع التويجري للتمور والمنتجات الشعبية,ChIJ45J6TGzmST4R4gQxzqwpZZE,"grocery_or_supermarket, store, food, point_of_interest, establishment","حي, Abdullah Ibn Al Abbas Street, Dhahran",OPERATIONAL,3.8,110,26.32,50.16,294.06
8,مستلزمات وملابس رجالية حي الدوحه الجنوبيه مؤسسة مصطفى حسين,ChIJVS14AgDnST4RjyhTfAPcfMY,"clothing_store, store, point_of_interest, establishment","Abdullah Ibn Al Abbas Street, Dhahran",OPERATIONAL,5,1,26.32,50.16,295.98
8,Flowers Park,ChIJd0deVJfnST4RA-dKY_mFnUo,"park, point_of_interest, establishment","Rabeah Ibn Abdulrahman Street, 8595+3F2, Dhahran",OPERATIONAL,2.3,3,26.32,50.16,294.93
9,Munira AlZamil Masjid,ChIJ7z1syyLmST4RcveZ1raZLeo,"mosque, place_of_worship, point_of_interest, establishment","Abu Al Qasim Al Teby, 859F+C5H, Dhahran",OPERATIONAL,4.8,96,26.32,50.176,340.01
9,Barn's | بارنز,ChIJJ3qpZx_mST4RCRvOdntIZA0,"cafe, bakery, store, restaurant, food, point_of_interest, establishment","King Saud Bin Abdulaziz Road, Al Khobar",OPERATIONAL,4.3,708,26.32,50.176,480.83
9,صراف الإنماء | Alinma ATM,ChIJ3blMaR_mST4RKjx8krbIl5o,"atm, finance, point_of_interest, establishment","King Saud Bin Abdulaziz Road, Al Khobar",OPERATIONAL,4,18,26.32,50.176,495.91
9,Suwaidan Grand Mosque,ChIJ1ynsUyPmST4RbaEUPcWv_us,"mosque, place_of_worship, point_of_interest, establishment","Saad Bin Abi Waqas Street, 858F+588, Dhahran",OPERATIONAL,4.8,1566,26.32,50.176,573.11
9,Salahuddin Alayoubi Mosque,ChIJK3xqRSTmST4RaDLs6ayTo9Q,"mosque, place_of_worship, point_of_interest, establishment","4054 Ibn Abi Umairah, Dhahran",OPERATIONAL,4.8,47,26.32,50.176,634.47
9,Fawaz Bin Zaid Alkhathlan Mosque,ChIJe3Sb1hbmST4R0kJ_ecdGoIw,"mosque, place_of_worship, point_of_interest, establishment","Tariq Bin Ziad Street, 85FC+C37, Dhahran",OPERATIONAL,4.5,63,26.32,50.176,701.59
9,Altufail Aldawsi Mosque,ChIJoXvIZRbmST4RTs3QsZLl0fU,"mosque, place_of_worship, point_of_interest, establishment","6784 Tariq Bin Ziad Street, Dhahran",OPERATIONAL,4.8,65,26.32,50.176,729.89
9,Khaled Mohammed Al Raya Mosque,ChIJV4jZTjvmST4RLIbMWd_cjWU,"mosque, place_of_worship, point_of_interest, establishment","857C+GWH, Dhahran",OPERATIONAL,4.7,78,26.32,50.176,777.34
9,Khobar BSP,ChIJ29q8FiLmST4RN4efZwQI2O4,"local_government_office, point_of_interest, establishment","6749, 5550, الظهران",OPERATIONAL,4.5,2,26.32,50.176,122.13
9,Al Mohawis,ChIJM6zCfSHmST4RMTIAqmqEuoo,"point_of_interest, establishment","طريق الملك سعود, 85CF+CQP, Dhahran",OPERATIONAL,3.8,130,26.32,50.176,196.95
9,Almouha Mosque,ChIJbz4iR3bnST4RTp5Uij49Zbk,"mosque, place_of_worship, point_of_interest, establishment","85CF+CJ6, Dhahran",CLOSED_TEMPORARILY,2,2,26.32,50.176,229.3
9,Khobar Central Station,ChIJR4WUHSLmST4Ry8b7_tgK6aw,"point_of_interest, establishment","King Saud Branch Road, 85CH+9CC, Dhahran",OPERATIONAL,4.7,6,26.32,50.176,270.75
9,EKMA6971,ChIJyXI6QQDnST4RnZjAwDZTqWI,"point_of_interest, establishment","شارع ثنية البيضاد, 85CF+WV5, Dhahran",OPERATIONAL,N/A,N/A,26.32,50.176,279.28
9,Saudi Electricity Company Parking,ChIJ0flOScHnST4RzCpGecC9McI,"storage, point_of_interest, establishment","5647 طريق الملك سعود بن عبدالعزيز, 6576, الظهران",OPERATIONAL,5,1,26.32,50.176,289.22
9,Abeer Park,ChIJXy2u0yLmST4RQbpH96lcleM,"park, point_of_interest, establishment","859F+49R, Dhahran",OPERATIONAL,3.8,17,26.32,50.176,352.41
9,Al Mohawis Compound Villa 45,ChIJVcY1SyTnST4R07TXRK8Z3cs,"point_of_interest, establishment","859H+8J3, Dhahran",OPERATIONAL,3.6,14,26.32,50.176,361.25
9,Rakah al tejariya,ChIJ2c5BQgDnST4RfZCMmFjzkxQ,"car_wash, point_of_interest, establishment","5735 طريق الملك سعود بن عبدالعزيز, EKMA6637, 6637, الظهران",OPERATIONAL,N/A,N/A,26.32,50.176,364.6
9,مؤسسة همسة للصيانة والنظافة ( المنطقة الشرقية ),ChIJWS73MhvnST4RXK8uuO1rXCQ,"point_of_interest, establishment","EKMA7104، 5363, Dhahran",OPERATIONAL,N/A,N/A,26.32,50.176,380.69
9,Editing Hub,ChIJ-4xtrOjnST4RFt5dtUlS-SU,"point_of_interest, establishment","Salmani 44, Dhahran",OPERATIONAL,5,1,26.32,50.176,380.85
9,Oryx Compound,ChIJq6qqViHmST4RDIDIVZRBG0s,"point_of_interest, establishment","858H+R9F, Dhahran",OPERATIONAL,1,1,26.32,50.176,405.7
9,Big madarsha,ChIJKQrYl7bnST4RnEIHAy5VPfM,"school, point_of_interest, establishment","859C+9Q8, Dhahran",OPERATIONAL,N/A,N/A,26.32,50.176,441.98
9,مركز همَة للخدمات المساندة للتربية الخاصة بالخبر,ChIJExNnYlLnST4RxCTc-EgWngw,"health, point_of_interest, establishment","Unnamed Road, Dhahran",OPERATIONAL,4,76,26.32,50.176,446.64
9,Dhahran Eighth Elementary,ChIJS7FIQT3mST4RPx0a1cxY2CI,"school, point_of_interest, establishment","5038 Abu Al Qasim Al Teby, Dhahran",OPERATIONAL,3.3,6,26.32,50.176,450.57
9,مجمع المها,ChIJR1snm_LnST4RZIzJnlI3kxc,"point_of_interest, establishment","5738 طريق الملك سعود بن عبدالعزيز, حي, 6397, الظهران",OPERATIONAL,5,1,26.32,50.176,451.59
9,Al Jamea Villa,ChIJKwqKiCO7L2YRUDhaQm0dIJo,"point_of_interest, establishment","Saleh Ibn Kaisan, EKMA5499, الظهران",OPERATIONAL,5,17,26.32,50.176,465.0
9,متجر ملابس شركه ستايل التجاريه,ChIJH_Y9m1HnST4RDfWikald2wA,"clothing_store, store, point_of_interest, establishment","2411 طريق الملك سعود, 8387 الدمام SA, Al Khobar",OPERATIONAL,4.5,15,26.32,50.176,514.49
9,مؤسسة الازهار للمقاولات العامة,ChIJxXdL6RLnST4RWAxlcD2zz0k,"florist, store, point_of_interest, establishment","EKGA8225، 8225 الملك سعود، 2462، حي الاندلس،, Al Khobar",OPERATIONAL,5,9,26.32,50.176,518.21
9,Pets Houses,ChIJsY0jgh_mST4Rv1nYeRA6ix0,"pet_store, store, point_of_interest, establishment","طريق الملك سعود, Al Khobar",OPERATIONAL,4.4,216,26.32,50.176,518.18
9,حفره مالها داعي,ChIJcw_2AwDnST4RcgyxVcvb-7Y,"general_contractor, point_of_interest, establishment","7973 حي, EKMB4160، 4160 ابراهيم الدينوري, Dhahran",OPERATIONAL,N/A,N/A,26.32,50.176,520.23
9,‏صالون الفيصل VIP,ChIJv65aMsfnST4R1rbhLyqHOQc,"health, hair_care, point_of_interest, establishment","2411 King Saud Bin Abdulaziz Road, 8387, Al Khobar",OPERATIONAL,4.1,30,26.32,50.176,525.35
9,بوفية تسالي العربية لتقديم الوجبات,ChIJ7RkjfwDnST4RQHKnG0p_HLo,"restaurant, food, point_of_interest, establishment","شارع الملك سعود, Al Khobar",OPERATIONAL,3.4,5,26.32,50.176,527.46
9,عطارة ومحامص (أصل القهوة الراقية جملة وتجزئة),ChIJI1Jsfx_mST4RMZxi_KH60f8,"store, food, point_of_interest, establishment","King Saud Branch Road, طريق الملك سعود, الخبر",OPERATIONAL,4.2,62,26.32,50.176,532.77
9,Boston medical care,ChIJyVKMM7znST4RvOs67QyeMj4,"health, point_of_interest, establishment","حي, الملك سعود ابن عبدالعزيز سعود, الخبر",OPERATIONAL,4.5,25,26.32,50.176,533.62
9,5 Riyal Shop,ChIJWXb9OADnST4RNZd1wxuAE1o,"shopping_mall, point_of_interest, establishment","2411 King Saud Bin Abdulaziz Road, Al Khobar",OPERATIONAL,N/A,N/A,26.32,50.176,538.36
9,Amazon Ksa,ChIJnekjch_mST4RRGDFTqdvZdY,"home_goods_store, store, point_of_interest, establishment","8383 طريق الملك سعود، الأندلس الخبر 34437 2432 King Saud Bin Abdulaziz Road, Al Khobar",OPERATIONAL,4,1906,26.32,50.176,539.7
9,عطار اصل القهوة الراقية للمكسرات والحلويات,ChIJnQOHWVnnST4REq1zGzWTfbc,"store, point_of_interest, establishment","طريق الملك سعود،, King Saud Branch Rd, Al Khobar",OPERATIONAL,4.8,12,26.32,50.176,547.44
9,Serbal,ChIJHT8PcB_mST4RoEWpAa_E0o4,"clothing_store, shopping_mall, store, point_of_interest, establishment","King Saud Bin Abdulaziz Road, Al Khobar",OPERATIONAL,3.8,4166,26.32,50.176,554.19
9,بوفية زينب,ChIJrQn-cavnST4Rjqo2y2mVK1c,"restaurant, food, point_of_interest, establishment","85FJ+74C, Unnamed Road, Al Khobar",OPERATIONAL,3.7,24,26.32,50.176,554.28
9,Tamimi Geshla Residency,ChIJeT0tl5nnST4RjGyasEoUCAo,"point_of_interest, establishment","7907 شارع صلاح الدين الأيوبي, EKGA2621, 2621, الخبر",OPERATIONAL,4.2,59,26.32,50.176,554.63
9,Khalid Ibn Alwaleed Mosque,ChIJuf8jjxnmST4RG_ndzrEKc3c,"mosque, place_of_worship, point_of_interest, establishment","7196, 5278, الظهران",OPERATIONAL,4.7,40,26.32,50.176,570.38
9,.,ChIJxWjun-TnST4RBYijUkh-Lq4,"point_of_interest, establishment","Tariq Bin Ziad Street, Dhahran",OPERATIONAL,N/A,N/A,26.32,50.176,576.74
9,Dark German Garage,ChIJmT98pF_nST4RBXbu1F60a4w,"car_repair, point_of_interest, establishment","Almughira Ibn Shubah Street, Dhahran",OPERATIONAL,3.5,2,26.32,50.176,584.1
9,saf.hair.beauty,ChIJFYPdRjTnST4RuN7AdH5JhCM,"hair_care, point_of_interest, establishment","Tariq Bin Ziad Street, Dhahran",OPERATIONAL,N/A,N/A,26.32,50.176,584.1
9,بيكلي للحلويات و المخبوزات,ChIJD_FNyxHnST4R5EaLbuU2D2w,"bakery, store, food, point_of_interest, establishment",Dammam,OPERATIONAL,3.7,3,26.32,50.176,584.1
9,Science Update for Operation & Maintenance,ChIJm9-08gnnST4RHmThJMPv9Ls,"point_of_interest, establishment","abu Baker albasri, الدوحة",OPERATIONAL,2.8,4,26.32,50.176,584.1
9,هارديز,ChIJFVflfY_nST4RX-OoTBgzX68,"restaurant, food, point_of_interest, establishment","Drive thru, Al Khobar",OPERATIONAL,4,223,26.32,50.176,587.12
9,Aramco Station,ChIJ69EnKILnST4RqqnqNVvaF2M,"gas_station, point_of_interest, establishment","2411 King Saud Bin Abdulaziz Road, 85FH+JW, Al Khobar",OPERATIONAL,4.1,366,26.32,50.176,589.48
9,Marriage Shaikh,ChIJ3VitGQDnST4RVvDBq4_wa7M,"point_of_interest, establishment","5308 شارع البنفسج, EKMC7283، 7283, Dhahran",OPERATIONAL,5,32,26.32,50.176,595.37
9,مغسلة سيارات,ChIJyaodSJnnST4R2rPnk_nhgFw,"car_wash, point_of_interest, establishment","8383 King Saud Bin Abdulaziz Road, 2432, Al Khobar",OPERATIONAL,2.1,56,26.32,50.176,597.1
9,فيّ | Fai,ChIJHZbDJwDnST4RlI33TLsfBxY,"grocery_or_supermarket, store, food, point_of_interest, establishment","EKGA8411, 2420 طريق الملك سعود, 8411, Al Khobar",OPERATIONAL,5,7,26.32,50.176,602.82
9,Starbucks,ChIJ5fA2uAvnST4RWqSmejd1MbM,"cafe, store, food, point_of_interest, establishment","Drive thru, Al Khobar",OPERATIONAL,4.1,188,26.32,50.176,621.44
9,كاراجي - Caraagy,ChIJ58kmW7_nST4REaaPsjHSsDM,"car_repair, point_of_interest, establishment","EKGA8397، 8397 طريق الملك سعود، 2460, Al Khobar",OPERATIONAL,4.6,53,26.32,50.176,625.02
9,خدمات زيوت لوكاس | Lucas Oil Quick Service,ChIJue56fNjnST4ROhj4nfekggA,"car_repair, point_of_interest, establishment","طريقة الملك سعود, Dhahran",OPERATIONAL,4.9,29,26.32,50.176,632.58
9,Tamimi central kitchen,ChIJ2Y9MnOznST4Rojt11vQ4mlE,"food, point_of_interest, establishment","EKGA2728، 2728 23 الأندلس، 7919, الخبر",OPERATIONAL,4.9,7,26.32,50.176,634.53
9,فلل السلمانية,ChIJ0W5OUwDnST4RF27lq_OKBYM,"point_of_interest, establishment","7186 Rahimah, EKMA5017, 5017, الظهران",OPERATIONAL,5,1,26.32,50.176,639.59
9,THE GOLD - الذهبي,ChIJK2kdDwDnST4RDpSEpJiClfs,"point_of_interest, establishment","7488 King Salman Bin Abdulaziz Road, EKGA2478، 2478, Al Khobar",OPERATIONAL,5,1,26.32,50.176,638.24
9,AlSulaimanyah Family Park,ChIJgbiH-TzmST4RZperKImxArw,"park, point_of_interest, establishment","858C+F78, Dhahran",OPERATIONAL,4.2,402,26.32,50.176,678.87
9,Fatima Qahtani Mosque,ChIJY1Q2phDmST4Rmo9iKgzsXQA,"mosque, place_of_worship, point_of_interest, establishment","85GF+644, Dhahran",OPERATIONAL,4.6,25,26.32,50.176,687.4
10,Abdullah Ahmad Al-Dossary Company,ChIJ90WfYZfoST4RIk_PWMvwC7c,"general_contractor, point_of_interest, establishment","Salaheddin Al Ayoubi Street, Al Khobar",OPERATIONAL,3.9,106,26.32,50.19199999999999,296.54
10,Al Ansari 2,ChIJhYdHapjoST4REaNFhoYCgRk,"point_of_interest, establishment","3642 2, Al Khobar",OPERATIONAL,4.1,128,26.32,50.19199999999999,565.77
10,Q-Fisk,ChIJaz2I8ZfoST4RVoTkVDLEd44,"general_contractor, point_of_interest, establishment","Salaheddin Al Ayoubi Street, 85GV+9JQ, Al Khobar",OPERATIONAL,4.2,36,26.32,50.19199999999999,694.53
10,مركز صحي الحزام الذھبي,ChIJZ5GR2YroST4Rtx3whDk7o90,"hospital, health, point_of_interest, establishment","شارع القدس، الأندلس،, Al Khobar",OPERATIONAL,4.2,231,26.32,50.19199999999999,866.81
10,Oasis Gardens Compound,ChIJXcXaLJboST4ROaxExsj3mBs,"point_of_interest, establishment","Salaheddin Al Ayoubi Street, 85GW+WFW, Al Khobar",OPERATIONAL,3.7,137,26.32,50.19199999999999,916.91
10,Tamimi and Saihati Transport Co. Ltd.,ChIJOzhyqpboST4RQJwcJpOllxs,"point_of_interest, establishment","4264 Salaheddin Al Ayoubi Street, Al Khobar",OPERATIONAL,5,3,26.32,50.19199999999999,932.23
10,French School,ChIJEVPE9qLoST4Rhe3SXObxOQ0,"school, point_of_interest, establishment",Al Khobar,OPERATIONAL,3.6,52,26.32,50.19199999999999,844.87
10,Approved Direct Line Trading Est.,ChIJX38V3pLoST4RT8Df2_sADxg,"point_of_interest, establishment","شارع الزهور, 86C2+PP7, Near Silver Tower, Dammam - Khobar Highway, الخبر",OPERATIONAL,N/A,N/A,26.32,50.19199999999999,999.25
10,Oasis Resorts,ChIJPWOIkvvpST4RXlamrOtXL3A,"point_of_interest, establishment","Unnamed Road, 85CV+84R, Al Khobar",OPERATIONAL,4.1,14,26.32,50.19199999999999,122.05
10,khaol,ChIJr8iARADpST4RRyoSubVtEiQ,"book_store, store, point_of_interest, establishment","Al Quds Street, 85CR+32G, Al Khobar",OPERATIONAL,N/A,N/A,26.32,50.19199999999999,192.32
10,Ahmedia Housing Complex,ChIJX1fMDADpST4REUj1Idpi0I0,"point_of_interest, establishment","EKGA7753, 3675 ابن كثير, 7753, الخبر",OPERATIONAL,N/A,N/A,26.32,50.19199999999999,217.0
10,مسجد عبدالرحمن بن حسين العرفج (A. H. AL-ARFAJ),ChIJN3EkBU3pST4RbLYLsKXRQNs,"mosque, place_of_worship, point_of_interest, establishment","85CQ+6RF, Al Khobar",OPERATIONAL,4.8,33,26.32,50.19199999999999,252.49
10,foam,ChIJgdXudqnpST4RnKJFpeY-f_4,"cafe, food, point_of_interest, establishment","7822, 3752, Al Khobar",OPERATIONAL,N/A,N/A,26.32,50.19199999999999,262.53
10,قهوجيين الخبر صبابين قهوة الخبر,ChIJ4Q1n2rvpST4R98WEzb6Hvfk,"cafe, food, point_of_interest, establishment","حي, Bamboo Street, Al Khobar",OPERATIONAL,5,13,26.32,50.19199999999999,273.33
10,مقهى دلة الخليج,ChIJW-FCMA_pST4RcyG_adniW-w,"cafe, food, point_of_interest, establishment","مجمع الورود, شارع الخيرزان حي, Al Khobar",OPERATIONAL,5,13,26.32,50.19199999999999,275.07
10,Golden belt alkhobar,ChIJS3pkXwDpST4R-ra9qwBx_VI,"restaurant, food, point_of_interest, establishment","859V+7HW, Al Khobar",OPERATIONAL,3,1,26.32,50.19199999999999,275.87
10,مغسلة هندام,ChIJzS2ZgL3pST4RQ1qFBA1Lhbg,"laundry, point_of_interest, establishment","859V+7HW, Al Khobar",OPERATIONAL,3.7,38,26.32,50.19199999999999,276.4
10,OVVIO,ChIJQ2kMfwDpST4R6rZ1BLpAvqM,"cafe, restaurant, food, store, point_of_interest, establishment","Bamboo Street, Al Khobar",OPERATIONAL,4.4,155,26.32,50.19199999999999,277.18
10,Al Hizam Al Thahabi,ChIJ4RgXvI3oST4RnhL9d6OIwrA,"sublocality_level_1, sublocality, political",Al Hizam Al Thahabi,UNKNOWN,N/A,N/A,26.32,50.19199999999999,564.13
10,صالون البدلة السوداء,ChIJ1yMFibLpST4RDWFUq50a5Jc,"hair_care, health, point_of_interest, establishment",Al Khobar,OPERATIONAL,4.6,50,26.32,50.19199999999999,277.41
10,Dragon market,ChIJgZYPg8bpST4RpEr1Tb6YHz0,"supermarket, grocery_or_supermarket, store, food, point_of_interest, establishment","حي, EKGC7767، 7767 الخيزران، 3817, Al Khobar",OPERATIONAL,2,1,26.32,50.19199999999999,279.2
10,Have it burger,ChIJ1ywFarXpST4RyopuOHtOpew,"restaurant, food, point_of_interest, establishment","3817 الخيزران, EKGC7767، 7767, الخبر",CLOSED_TEMPORARILY,4.3,131,26.32,50.19199999999999,281.36
10,Puro Salad,ChIJPWqOxPnpST4RFJ7r0W4Znfk,"restaurant, food, point_of_interest, establishment","al khaizaranah, Al Khobar",OPERATIONAL,4.6,123,26.32,50.19199999999999,281.78
10,Mac Construction,ChIJTVpx25noST4RAOcdpNQCy2k,"point_of_interest, establishment","3634 صلاح الدين االايوبي, Al Khobar",OPERATIONAL,3.7,26,26.32,50.19199999999999,286.23
10,Lapa cafe,ChIJXSMUKlzpST4Rh2aqmJeKDCU,"cafe, store, food, point_of_interest, establishment","al khaizaran street, Al Khobar",OPERATIONAL,4,282,26.32,50.19199999999999,297.66
10,PUMP SERVICE CENTER (PSC),ChIJtUQFUM_pST4RSIJetGrHlLs,"point_of_interest, establishment","Salaheddin Al Ayoubi Street, Al Khobar",OPERATIONAL,5,2,26.32,50.19199999999999,298.46
10,Almana Mosque,ChIJndYya5DoST4RszOZOIAN_xE,"mosque, place_of_worship, point_of_interest, establishment","859V+9QH, Al Khobar",OPERATIONAL,4.7,91,26.32,50.19199999999999,303.87
10,حي الاندلس,ChIJ0ZtueADpST4RhVgykthsF9U,"point_of_interest, establishment","5، 8059, EKGA3320، 3320, الخبر",OPERATIONAL,N/A,N/A,26.32,50.19199999999999,306.15
10,Alaseel prayer gate,ChIJfclAKgDpST4RzoSYYTBd5xQ,"point_of_interest, establishment","EKGA3284، 3284 5، 8052, الخبر",OPERATIONAL,5,2,26.32,50.19199999999999,321.92
10,WeDesign - AlKhobar,ChIJn_88MjrpST4RsSfcPZG9ZnU,"general_contractor, point_of_interest, establishment","حي الجوهرة, 3626 صلاح الدين الايوبي, EKGA3626, 8280،, Al Khobar 34434",CLOSED_TEMPORARILY,4.3,6,26.32,50.19199999999999,324.86
10,حديقة الحزام الذهبي,ChIJlzrjjcjpST4RuuenUoSUFck,"park, point_of_interest, establishment","7707 Al Khaizran, 3856, الخبر",OPERATIONAL,4.4,11,26.32,50.19199999999999,326.73
10,حديقة الورود,ChIJK2cfEZDoST4R7o9IhAutgFQ,"park, point_of_interest, establishment","Bamboo Street, 859V+5P4, Al Khobar",OPERATIONAL,3.9,224,26.32,50.19199999999999,331.05
10,Red Sea Village,ChIJ_doEgCjpST4RF3bjusi5H1A,"point_of_interest, establishment","3728, 8280, Saudi Arabia, الخبر",OPERATIONAL,4.4,39,26.32,50.19199999999999,338.34
10,Alaseel Residential Compound,ChIJjXkr1efpST4RuXYO3Bal5CA,"point_of_interest, establishment","EKGA8102، 8102 القدس، 3349, الخبر",OPERATIONAL,3.9,19,26.32,50.19199999999999,379.09
10,Aurum | اوروم,ChIJj-a7aWzpST4RJvdvxGPxGcw,"point_of_interest, establishment","7960 Ibn Majid St, Al Khobar",OPERATIONAL,N/A,N/A,26.32,50.19199999999999,384.56
10,Ahmadiah contracting co.br.KSA ACCOMDATION,ChIJhRpBTgDpST4Rky9OY12Rs7g,"point_of_interest, establishment","حي, EKGA8302, 3851 القارة, 8302, Al Khobar",OPERATIONAL,N/A,N/A,26.32,50.19199999999999,424.33
10,Mas Alarabia,ChIJA0jLEADpST4RvP_kFly79wo,"general_contractor, point_of_interest, establishment","حي, EKGA8302, 3851 القارة, 8302, Al Khobar",OPERATIONAL,5,2,26.32,50.19199999999999,426.88
10,مجمع الاصيل,ChIJ84IhOgDpST4RdWMo-0G1axI,"point_of_interest, establishment","EKGA8081, 3239 عباد بن سهل الانصاري, 8081, Al Khobar",OPERATIONAL,N/A,N/A,26.32,50.19199999999999,429.6
10,Dhahran Buds International School,ChIJt_TchU_pST4RgbJ1gjHqf5k,"school, point_of_interest, establishment","Salah al-Din Street, Al Khobar",OPERATIONAL,3.3,9,26.32,50.19199999999999,450.04
10,Anas Alsuqair Masjid,ChIJcWlOcJzoST4R4Im5nlRMBkI,"mosque, place_of_worship, point_of_interest, establishment","Al Quds Street, 859Q+75P, Al Khobar",OPERATIONAL,4.7,144,26.32,50.19199999999999,449.93
10,Al-Jazari Qur’anic School,ChIJYd77cJzoST4RISiIQ6KlV_g,"point_of_interest, establishment","Anas Al-Suqair, 859q+75p Mosque Al Quds St, Al Khobar",OPERATIONAL,N/A,N/A,26.32,50.19199999999999,452.61
10,Sakan Alsayd - Al Andalus,ChIJfSSeqg_pST4RTNPWCJP6CZQ,"point_of_interest, establishment","5، 8033، حي, EKGB3140، 3140, الخبر",OPERATIONAL,4.5,35,26.32,50.19199999999999,480.95
10,Kshtaban,ChIJ8YRn13zpST4R_Ta_n1rmUoM,"clothing_store, store, point_of_interest, establishment","Ibn Majed Street, Al Khobar",OPERATIONAL,N/A,N/A,26.32,50.19199999999999,508.35
10,Untapped Gear,ChIJzQw2QgrpST4R2bzYbtdy-ns,"clothing_store, store, point_of_interest, establishment","2 3606, الخبر",OPERATIONAL,N/A,N/A,26.32,50.19199999999999,510.39
10,حديقة المسيعيد,ChIJe2aWKpfpST4RphM-tqzujTM,"park, point_of_interest, establishment","3135 3 ب, Al Khobar",OPERATIONAL,5,4,26.32,50.19199999999999,524.05
10,胜利Villa,ChIJpeLOd2XpST4RVPkxOROxeHE,"point_of_interest, establishment","3791, 8405沙特阿拉伯, Al Khobar",OPERATIONAL,5,1,26.32,50.19199999999999,538.34
10,National Pipe Company Ltd,ChIJd6U8apfoST4Ro72WjesGYGE,"store, point_of_interest, establishment","3880 صلاح الدين االايوبي, 8337, الخبر",OPERATIONAL,4.2,25,26.32,50.19199999999999,552.24
10,Bin Sultan Complex مجمع بن سلطان السكني الاندلس,ChIJDy_DOADpST4RjFKgGL--k3s,"point_of_interest, establishment","EKGB3060، 3060 5، 8021, الخبر",OPERATIONAL,5,1,26.32,50.19199999999999,557.02
10,Mini market,ChIJKbHiIeHpST4Rt1RGgNaQwgI,"grocery_or_supermarket, store, food, point_of_interest, establishment","Al Quds Street, Al Khobar",OPERATIONAL,4,2,26.32,50.19199999999999,554.21
10,Choco Lab Cafe,ChIJd5YZvwjpST4RdppHpdw3JhQ,"cafe, store, food, point_of_interest, establishment","Al Quds Street, 85GR+2Q5, Al Khobar",OPERATIONAL,3.9,8,26.32,50.19199999999999,555.97
10,AdBlue Ad Blue Urea def diesel bluetec ماء بيئة ادبلو يوريا,ChIJE_QtiaDDST4RsxpamqkL-kk,"car_repair, point_of_interest, establishment","2991, Al Khobar",OPERATIONAL,5,27,26.32,50.19199999999999,560.59
10,Al mashrik compund swimming pool entrance,ChIJJ1IkZQDpST4RMNUvumlJmas,"point_of_interest, establishment","858W+WPF, Al Khobar",OPERATIONAL,N/A,N/A,26.32,50.19199999999999,564.13
10,المتوسطه الرابعه,ChIJe0nUYQDpST4R8bDuESHmwhw,"school, point_of_interest, establishment","858W+WPF, Al Khobar",OPERATIONAL,N/A,N/A,26.32,50.19199999999999,564.13
10,Electrical shop,ChIJjQ_BnJzpST4RAFFhn9m1g0c,"point_of_interest, establishment","858W+WPF, Al Khobar",OPERATIONAL,5,2,26.32,50.19199999999999,564.13
10,GoodHost,ChIJYQC8agDpST4RAE8dQ1mJXek,"furniture_store, home_goods_store, store, point_of_interest, establishment","EKGB3060، 3060 5، 8021, Al Khobar",OPERATIONAL,N/A,N/A,26.32,50.19199999999999,571.75
10,Abu Adlah Ghamdi Mosque,ChIJ0aFQPMvpST4RUz7C7bf1TOM,"mosque, place_of_worship, point_of_interest, establishment","7377 شارع الأمير سعود بن فهد, حي, 3594, الخبر",OPERATIONAL,5,10,26.32,50.19199999999999,579.45
10,مكتب للخدمات العامة عقار مواصلات توصيل,ChIJITaCEADpST4RGDoZE4700iI,"point_of_interest, establishment","مقاطع 21, Saad Maan Alsane Street, Al Khobar",OPERATIONAL,N/A,N/A,26.32,50.19199999999999,586.05
10,Little World International School,ChIJJ2y6JI7oST4RAjFhi6TvJl8,"primary_school, school, point_of_interest, establishment","Al Khandaq Street, 859W+2WR, Al Khobar",OPERATIONAL,4.2,5,26.32,50.19199999999999,588.73
10,North-east company.,ChIJUeAFspjoST4Roz93m6jOvsA,"point_of_interest, establishment","Bashar Ibn Burd Street, 85FQ+QF8, الخبر",OPERATIONAL,N/A,N/A,26.32,50.19199999999999,589.07
11,Arabian Kennel Club,ChIJs4tryZXmST4RsXmT33UXsk4,"veterinary_care, store, point_of_interest, establishment","844F+XFF, Dhahran",OPERATIONAL,4.1,142,26.306666666666665,50.128,439.43
11,SNB AlAhli,ChIJr8CSNpLmST4RB_Ry_y7aTM8,"bank, finance, point_of_interest, establishment","145 Eastern Avenue, 845J+Q3, Dhahran",OPERATIONAL,4.3,235,26.306666666666665,50.128,371.1
11,Tandoori House,ChIJE1ZRGu3mST4RSuCp8_KaBGw,"restaurant, food, point_of_interest, establishment","Kings Street, 843H+HW6, Dhahran",OPERATIONAL,4,1386,26.306666666666665,50.128,351.43
11,Dhahran Recreation Library,ChIJn7BbIe3mST4RMLLt9ifb2Vc,"library, point_of_interest, establishment","1118 Ibis Avenue, Dhahran",OPERATIONAL,4.4,78,26.306666666666665,50.128,316.91
11,King's Street Recreation Center,ChIJ6ZpnFe3mST4RmcSuylVEzWc,"point_of_interest, establishment","King's Road, 843J+R53, Dhahran",OPERATIONAL,4.5,52,26.306666666666665,50.128,341.14
11,West Park 3,ChIJrbqLopfmST4RU3F71mwdrg0,"point_of_interest, establishment","846F+RC8, Dhahran",OPERATIONAL,4.1,34,26.306666666666665,50.128,741.18
11,Industrial Security Building,ChIJFUCHGJTmST4RAyJnUc9i2KM,"local_government_office, point_of_interest, establishment","Eastern Avenue, 845G+C54, Dhahran",OPERATIONAL,4.3,98,26.306666666666665,50.128,325.46
11,Dhahran Mail Center,ChIJSQsDN5LmST4RexfVUIpfA5c,"post_office, finance, point_of_interest, establishment","Eastern Avenue, 845H+JWG, Dhahran",OPERATIONAL,4.6,10,26.306666666666665,50.128,322.14
11,Professional Learning Center (Bldg. 1451),ChIJHZ9_opPmST4RmEFPPcFPP6c,"point_of_interest, establishment","Steineke Street, 845H+46V, Dhahran",OPERATIONAL,4.3,11,26.306666666666665,50.128,132.55
11,Salat Alkhaleej,ChIJ7XVNq5PmST4R2sMujvbnwtI,"point_of_interest, establishment","King's Road, 845H+6P3, Dhahran",OPERATIONAL,4.2,106,26.306666666666665,50.128,197.15
11,Dhahran Garden Group,ChIJxYlYn5TmST4RDBPkulaNqQg,"store, point_of_interest, establishment","844G+7H2, Dhahran",OPERATIONAL,5,10,26.306666666666665,50.128,195.81
11,Samara,ChIJy1cvx5XmST4Rb8f2h-JVnJ8,"car_rental, point_of_interest, establishment","845G+3F3, Dhahran",OPERATIONAL,3.3,155,26.306666666666665,50.128,210.04
11,SAB الأول,ChIJHU-7kJDmST4RiUhFCek1FXk,"bank, finance, point_of_interest, establishment","Saudi Aramco, Eastern Avenue, Dhahran",OPERATIONAL,2.9,19,26.306666666666665,50.128,320.52
11,SABB,ChIJyUPqHu3mST4RyBBfAWVR25k,"atm, finance, point_of_interest, establishment","King's Road, Dhahran",OPERATIONAL,5,1,26.306666666666665,50.128,330.01
11,Dhahran Movie Theatre,ChIJvQb4HO3mST4RND1pUfsfomE,"movie_theater, point_of_interest, establishment","King's Road, 843H+HRC, Dhahran",OPERATIONAL,3.5,255,26.306666666666665,50.128,338.62
11,King's Park,ChIJdU3t2OzmST4Ry3hY6mi81oM,"park, point_of_interest, establishment","843H+HR5, Dhahran",OPERATIONAL,4.5,539,26.306666666666665,50.128,347.01
11,Ad Diwan Hall,ChIJ49i8DO3mST4RMqpyB9sMKrU,"point_of_interest, establishment","1109 Karl Avenue, Dhahran",OPERATIONAL,4.1,175,26.306666666666665,50.128,406.22
11,Materials Supply Building 1965,ChIJw48dgJbmST4RTOYaQUD0PoE,"point_of_interest, establishment","8029, Dhahran",OPERATIONAL,3.9,55,26.306666666666665,50.128,442.33
11,Gharb Al Dhahran,ChIJDemYsU3hST4RmwaiDavDJsU,"sublocality_level_1, sublocality, political",Gharb Al Dhahran,UNKNOWN,N/A,N/A,26.306666666666665,50.128,781.95
11,Dhahran Toastmasters Club,ChIJccMXd-3mST4R7WCImIxf-iU,"point_of_interest, establishment","1007 10th Street, Dhahran",OPERATIONAL,4.6,42,26.306666666666665,50.128,444.84
11,Tower Administration Building (Bldg 730),ChIJkQuO5pHmST4RAjdGljKLcB0,"point_of_interest, establishment","730 Core Area Access Road, Dhahran",OPERATIONAL,4.2,231,26.306666666666665,50.128,656.22
11,Exploration and Petroleum Engineering Center - EXPEC - Building II (Bldg 728),ChIJxfYJvZHmST4RsipJ-rEVL8Q,"point_of_interest, establishment","Core Area Perimeter Road, 846J+Q22, Dhahran",OPERATIONAL,4.4,132,26.306666666666665,50.128,612.82
11,EXPEC Advanced Research Center (Bldg 137),ChIJdwDk4ZDmST4RDW0NjJZtTtE,"point_of_interest, establishment","4143 Dhahran Boulevard, Dhahran",OPERATIONAL,4,61,26.306666666666665,50.128,658.75
11,EXPEC-1 (Bldg 729),ChIJ0-OlsZHmST4RQVKJIIzEqig,"point_of_interest, establishment","4327 طريق الامير محمد بن فهد, 8460, Dhahran",OPERATIONAL,4.1,164,26.306666666666665,50.128,686.87
11,Expec Computer Center - Saudi Aramco,ChIJ8RR7rpHmST4RUe_7OwVqKZk,"point_of_interest, establishment","4327 طريق الامير محمد بن فهد, 8460, Dhahran",OPERATIONAL,4.4,10,26.306666666666665,50.128,694.64
11,anb ATM صراف البنك العربي الوطني - Aramco Dhahran,ChIJJ8qylpfmST4RXW4N2FAMcWk,"atm, finance, point_of_interest, establishment","West Park Access Road, 846F+R5, Dhahran",OPERATIONAL,2,4,26.306666666666665,50.128,786.34
11,Upstream Professional Development Center (Bldg 9157),ChIJryUb75DmST4RrUVoodg0Um0,"point_of_interest, establishment","9157 Dhahran Boulevard, Dhahran",OPERATIONAL,4.5,32,26.306666666666665,50.128,731.16
11,Aramco Core Area Access Gate (formerly Gate #32),ChIJ0UTDH47mST4RsPTBJinKgrI,"point_of_interest, establishment","4519 طريق الامير محمد بن فهد, Dhahran",OPERATIONAL,4.3,37,26.306666666666665,50.128,733.36
11,Munirah Post Office,ChIJqx0IiJDmST4Rszuwn3zpMzE,"post_office, finance, point_of_interest, establishment","847H+RPX, Dhahran",OPERATIONAL,1.7,3,26.306666666666665,50.128,890.15
11,Saudi Aramco Expatriate Schools,ChIJS_uO_vPmST4R9hE_5W7CvyU,"school, point_of_interest, establishment","843P+6MM, Dhahran",OPERATIONAL,4.3,41,26.306666666666665,50.128,952.44
11,Steineke Hall,ChIJqzQXnpPmST4RlmivtGKeO1s,"lodging, point_of_interest, establishment","1640 Gazelle Circle, Dhahran",OPERATIONAL,4,266,26.306666666666665,50.128,84.71
11,Dhahran Park of Lights,ChIJYecp1tHnST4R7A9vDoDql3Q,"park, point_of_interest, establishment","844H+WF8, Dhahran",OPERATIONAL,N/A,N/A,26.306666666666665,50.128,97.96
11,Cave Fountain,ChIJg_oPBpPmST4RPJBR8pqhRNg,"park, point_of_interest, establishment","King's Road, 844H+WFR, Dhahran",OPERATIONAL,4.5,11,26.306666666666665,50.128,99.21
11,مغزل | MIGHZEL أرامكو,ChIJNSQHdwDnST4RwPQeWKMgh2U,"cafe, store, food, point_of_interest, establishment","Steineke Street, 845H+24G, Dhahran",OPERATIONAL,4.9,7,26.306666666666665,50.128,100.14
11,Al Dawaa Pharmacy,ChIJVRN6AlznST4RsGKWiUGT81w,"pharmacy, store, health, point_of_interest, establishment","4183 Holmes Avenue, Dhahran",OPERATIONAL,4.5,17,26.306666666666665,50.128,105.87
11,Dhahran Women's Group Baker House,ChIJjzUXZpPmST4R6tKJU1nyj34,"point_of_interest, establishment","7750, Dhahran",OPERATIONAL,4.2,29,26.306666666666665,50.128,108.31
11,House of safety,ChIJa1MPTCXnST4RkWqxv0mCYaM,"point_of_interest, establishment","1618 Gazelle Circle, Dhahran",OPERATIONAL,4,3,26.306666666666665,50.128,128.9
11,Saudi Aramco Employees Association,ChIJa4mDMZPmST4R-A-z2sb-0Zk,"point_of_interest, establishment","King's Road, Dhahran",OPERATIONAL,4.3,30,26.306666666666665,50.128,133.12
11,Special Training Center (Building 1450),ChIJTfxfhZPmST4RwsKrQsr8p00,"point_of_interest, establishment","7949, Dhahran",OPERATIONAL,4.5,25,26.306666666666665,50.128,139.85
11,SAEA جماعة موظفي أرامكو السعودية,ChIJM1LurJLnST4R43u7ajsfSg4,"point_of_interest, establishment","مدارالغزال, EKPB7711، 7711, حي, الظهران",OPERATIONAL,2.5,2,26.306666666666665,50.128,140.96
11,Samara office parking,ChIJE2YaPwDnST4R2EXdMa3V_wc,"parking, point_of_interest, establishment","7926, 3949, الظهران",OPERATIONAL,N/A,N/A,26.306666666666665,50.128,183.43
11,جيلاتيسيمو Gelatissimo,ChIJMUbF6xnnST4RZ6Qx0Tb7eSs,"store, food, point_of_interest, establishment","Dhahran Camp, Dhahran",OPERATIONAL,4,12,26.306666666666665,50.128,185.26
11,Levels Board Games Cafe | ليفلز,ChIJK9PfQ7PnST4RTYcbacwUHjY,"cafe, food, point_of_interest, establishment","7725 Holmes Avenue, 4301, Dhahran",OPERATIONAL,3.7,6,26.306666666666665,50.128,192.22
11,Dhahran Dining Hall,ChIJe5kQrJPmST4RNZT2RWrbdDk,"restaurant, food, point_of_interest, establishment","King's Road, 845H+7HX, Dhahran",OPERATIONAL,3.9,1657,26.306666666666665,50.128,199.75
11,Building 1614,ChIJt0XfJVbnST4RQ9w39AHZoMo,"point_of_interest, establishment",7612، غرب الظهران، الظهران 34465 4083،,OPERATIONAL,N/A,N/A,26.306666666666665,50.128,200.93
11,Subway,ChIJ7Rzmk03nST4RKI3TRVioBEw,"restaurant, food, point_of_interest, establishment","غرب الظهران، 7652, الظهران",OPERATIONAL,4.4,113,26.306666666666665,50.128,203.96
11,Starbucks,ChIJi95YYbPnST4Ru3-6NGCY7QI,"cafe, store, food, point_of_interest, establishment","Dhahran Camp, Dhahran",OPERATIONAL,4.4,742,26.306666666666665,50.128,204.2
11,Dhahran Women’s Exchange,ChIJSQhbdY3nST4RB9ffpncH7Ao,"clothing_store, store, point_of_interest, establishment","3983, 7674, الظهران",OPERATIONAL,4.3,3,26.306666666666665,50.128,206.54
11,Building 1613,ChIJH620BADnST4RNNa4aLQYzdY,"point_of_interest, establishment","4130 154 غرب الظهران, EKPB7578، 7578, الظهران",OPERATIONAL,5,1,26.306666666666665,50.128,214.26
11,House #1127 Public Toilet,ChIJnzi-BgDnST4RLa4xg8oOUCc,"point_of_interest, establishment","4331 19 غرب الظهران, EKPB4331, 7729, الظهران",OPERATIONAL,N/A,N/A,26.306666666666665,50.128,217.84
11,Building 1616,ChIJnYgN-FjnST4RJwoyyZJlJag,"point_of_interest, establishment","EKPA7614، 7614 شارع الملك، 4012، حي غرب الظهران،, Dhahran",OPERATIONAL,4,2,26.306666666666665,50.128,218.95
11,Prayer Room | مصلى,ChIJlbhTGgDnST4RR66sq3Do6Lo,"place_of_worship, point_of_interest, establishment","7729 Holmes Avenue, EKPB4331، 4331, Dhahran",OPERATIONAL,N/A,N/A,26.306666666666665,50.128,223.65
11,Women Development & Diversity,ChIJbeNXppTmST4Rdtf7L-0nvnw,"point_of_interest, establishment","17th Loop, 844G+3HP, Dhahran",OPERATIONAL,4.4,5,26.306666666666665,50.128,222.23
11,Parcelat,ChIJKWM0un3nST4Rc5AZzBoa8mA,"point_of_interest, establishment","المجمع, Eastern Ave Street, الظهران",OPERATIONAL,N/A,N/A,26.306666666666665,50.128,225.06
11,Building 1612,ChIJ4057P5XnST4RCQ12UDeR-K4,"point_of_interest, establishment","4075 King's Road, EKPA7584، 7584, Dhahran",OPERATIONAL,5,2,26.306666666666665,50.128,230.8
11,TAKE Steak Burger (Aramco Camp),ChIJ-3r0ZQDnST4R7hU-elr0Qxg,"restaurant, food, point_of_interest, establishment","Community Plaza, 4194، غرب الظهران، 8033, الظهران",OPERATIONAL,4.4,32,26.306666666666665,50.128,234.52
11,Joliedame Salon - Aramco Branch,ChIJVS9SzsfnST4RNyTZtXEJojQ,"beauty_salon, point_of_interest, establishment","King's Court, 844G+798, Dhahran",OPERATIONAL,4.4,108,26.306666666666665,50.128,234.09
11,Community Heritage Gallery,ChIJZfTYLe3mST4ReT20cEqWVqg,"point_of_interest, establishment","7648, الظهران",OPERATIONAL,4.5,19,26.306666666666665,50.128,241.97
11,Prayer room next to dhahran commissary,ChIJ9aU8X5rnST4Rn9d1XvCPNfc,"mosque, place_of_worship, point_of_interest, establishment","EKPA4272, 8010 Gazelle Avenue, 4272, Dhahran",OPERATIONAL,N/A,N/A,26.306666666666665,50.128,253.97
12,Building 14 - Information & Technology Center (IT),ChIJPcQGZV_mST4Ra_VCpnFipQQ,"point_of_interest, establishment","Academic Belt Road, 844V+J4F, Dhahran",OPERATIONAL,4.5,45,26.306666666666665,50.14399999999999,119.22
12,Building 6 - Department of Physics,ChIJP8Cho1_mST4RP0oOl4RGt2U,"point_of_interest, establishment","Tower Drive, 845V+6CF, Dhahran",OPERATIONAL,4.2,44,26.306666666666665,50.14399999999999,161.22
12,Building 29 - Community Center,ChIJnRSmF1jmST4RlREYYrivSjc,"point_of_interest, establishment","8763 Doctor Bakr Bin Bakr Road, Dhahran",OPERATIONAL,4,198,26.306666666666665,50.14399999999999,594.46
12,Department of Global Studies,ChIJETMVaV_mST4RHCS47dEt788,"point_of_interest, establishment","Academic Belt Road, 844V+PF8, Dhahran",OPERATIONAL,5,2,26.306666666666665,50.14399999999999,33.96
12,Building 19 - College of Design & Built Environment,ChIJ0cvoN1_mST4Ru7YRQpg35nc,"university, point_of_interest, establishment","Building 19, Academic Belt Road, Dhahran",OPERATIONAL,4.4,26,26.306666666666665,50.14399999999999,120.12
12,Building 21 - Administration,ChIJEVnuz17mST4R9Wb1xluVwQk,"point_of_interest, establishment","University Boulevard, 844W+G3V, Dhahran",OPERATIONAL,4.3,60,26.306666666666665,50.14399999999999,120.96
12,King Fahd University of Petroleum and Minerals,ChIJ2RHCtVvmST4Rff9DdG-AWFI,"university, point_of_interest, establishment","Academic Belt Road, Dhahran",OPERATIONAL,4.5,1887,26.306666666666665,50.14399999999999,194.12
12,Building 11 - Gymnasium,ChIJ9TJlOlnmST4RdkvlDQrZ5So,"gym, health, point_of_interest, establishment","4186, Dhahran",OPERATIONAL,4.1,221,26.306666666666665,50.14399999999999,210.12
12,KFUPM Tower,ChIJvaWxk1_mST4RfaLebib0dgc,"point_of_interest, establishment","Tower Drive, 845V+944, Dhahran",OPERATIONAL,4.5,21,26.306666666666665,50.14399999999999,223.93
12,Building 5 - Department of Mathematics,ChIJdYeV7V_mST4R2XEEff1deE0,"point_of_interest, establishment","Tower Drive, 845V+G4X, Dhahran",OPERATIONAL,4,25,26.306666666666665,50.14399999999999,267.58
12,Deanship of Academic Development,ChIJPT7nzl_mST4Rs4sOoOoLKXU,"point_of_interest, establishment","6577, الظهران",OPERATIONAL,5,2,26.306666666666665,50.14399999999999,297.36
12,Building 68 - Deanships,ChIJv6VwxV_mST4RChxYmGGWYic,"point_of_interest, establishment","845V+RH7, Dhahran",OPERATIONAL,3.4,41,26.306666666666665,50.14399999999999,319.12
12,Building 24 - KFUPM Business School (KBS),ChIJBWBRZlnmST4R5TI4yEMdjdE,"point_of_interest, establishment","Academic Belt Road, KFUPM, Dhahran 34463, الظهران",OPERATIONAL,4.5,60,26.306666666666665,50.14399999999999,331.34
12,Building 4 - Department of Chemistry,ChIJweSu-V_mST4RzUvhX9BdVcc,"point_of_interest, establishment","Building 4, Administration Road, Dhahran",OPERATIONAL,4.5,21,26.306666666666665,50.14399999999999,331.52
12,Civil Engineering Department (Building 16),ChIJXZCiV_XmST4Rcs_UHfcJ0rk,"point_of_interest, establishment","3862, Dhahran",OPERATIONAL,4.4,7,26.306666666666665,50.14399999999999,406.58
12,Building 27 - The Medical Center,ChIJ1VBZqlvmST4RtyuNL32XaFk,"hospital, health, point_of_interest, establishment","844X+6XG, Dhahran",OPERATIONAL,2.2,98,26.306666666666665,50.14399999999999,607.12
12,Building 63 - Department of Mechanical Engineering,ChIJRcD-lormST4RTBU_M1y-cj0,"point_of_interest, establishment","Academic Belt Road, 846R+8C2, Dhahran",OPERATIONAL,3.8,62,26.306666666666665,50.14399999999999,543.51
12,Building 42 - Classrooms,ChIJCZj5lF3mST4RzFWWcV1ekM0,"point_of_interest, establishment","Academic Belt Road, 846X+8F9, Dhahran",OPERATIONAL,4.3,54,26.306666666666665,50.14399999999999,656.84
12,Energy Research Laboratory,ChIJ7UyARVrmST4R0Hls1v9q2k8,"point_of_interest, establishment","ERL Drive, 843X+GJW, Dhahran",OPERATIONAL,4,3,26.306666666666665,50.14399999999999,594.37
12,Female Student Dorm 855,ChIJYyJX-V3mST4RE3-EBApif8A,"point_of_interest, establishment","Academic Belt Road, 846X+F28, Dhahran",OPERATIONAL,3.8,17,26.306666666666665,50.14399999999999,613.56
12,Reception Center,ChIJ4xFy_1zmST4R0s_TrkV_L3M,"university, point_of_interest, establishment","4597 University Boulevard, Dhahran",OPERATIONAL,3.6,51,26.306666666666665,50.14399999999999,667.99
12,Dorm 832,ChIJsx6mqGHmST4Rr3mQbU4xKjc,"point_of_interest, establishment","4084, Dhahran",OPERATIONAL,3.5,23,26.306666666666665,50.14399999999999,753.25
12,Dorm 857,ChIJlaLVCIrmST4R7gqC0nv6ZRw,"point_of_interest, establishment","3816, Dhahran",OPERATIONAL,4.2,40,26.306666666666665,50.14399999999999,810.84
12,Saudi Aramco Expatriate Schools,ChIJS_uO_vPmST4R9hE_5W7CvyU,"school, point_of_interest, establishment","843P+6MM, Dhahran",OPERATIONAL,4.3,41,26.306666666666665,50.14399999999999,831.72
12,Dunkin' - دانكن,ChIJTXRHKmfmST4RZg_8OFxxDGg,"cafe, store, food, point_of_interest, establishment","Academic Belt Road, Dhahran",OPERATIONAL,3.6,236,26.306666666666665,50.14399999999999,870.59
12,Bank Albilad ATM,ChIJKUOPKGfmST4R4bl_x6FuWZ0,"atm, finance, point_of_interest, establishment","847X+F5, Unnamed Road, الظهران",OPERATIONAL,3.7,9,26.306666666666665,50.14399999999999,875.03
12,3rd Street Recreation Center,ChIJ-feKy_bmST4Rv5JshkW9bRU,"point_of_interest, establishment","3rd Street, 842P+JV7, Dhahran",OPERATIONAL,4.3,215,26.306666666666665,50.14399999999999,886.6
12,3rd Street Tennis Courts,ChIJQxyv0fbmST4R4ctnIQ6In_w,"point_of_interest, establishment","842P+FXC, Dhahran",OPERATIONAL,3.9,51,26.306666666666665,50.14399999999999,897.12
12,KFUPM Mall,ChIJG_oD12bmST4RedvALPeS1KU,"shopping_mall, point_of_interest, establishment","4401 Custodian of The Two Holy Mosques Road, 7146",OPERATIONAL,4,1481,26.306666666666665,50.14399999999999,903.37
12,Burger King - KFU,ChIJETKZ2WbmST4RDCg0r0Vqb14,"restaurant, food, point_of_interest, establishment","of Petroleum & Minerals, Academic Belt Road, Kfupm Mall, Dhahran",OPERATIONAL,3.8,208,26.306666666666665,50.14399999999999,913.71
12,Kudu - KFUPM Mall,ChIJVXbRIGfmST4R2Y47Mjx1cX4,"restaurant, meal_takeaway, meal_delivery, food, point_of_interest, establishment","Orientation Path, Dhahran",CLOSED_TEMPORARILY,2.8,78,26.306666666666665,50.14399999999999,925.85
12,Subway,ChIJZ7Ma2WbmST4RCsoVvSCG-gg,"restaurant, food, point_of_interest, establishment","Student Housing Street, Dhahran",OPERATIONAL,3.9,155,26.306666666666665,50.14399999999999,938.81
12,Spokes Hub,ChIJz_yuzWbmST4RkygkCrkbbc0,"bicycle_store, store, point_of_interest, establishment","KFUPM Mall, Dhahran",OPERATIONAL,5,44,26.306666666666665,50.14399999999999,948.21
12,Building 58 - Preparatory Year,ChIJJezX5WbmST4Rp7iFYEJPt0I,"point_of_interest, establishment","7199 Academic Belt Road, Dhahran",OPERATIONAL,4.3,62,26.306666666666665,50.14399999999999,992.75
12,Building 17 - College of General Studies,ChIJIyp-OyLnST4RpzmnXXlhNh0,"university, point_of_interest, establishment","4101, 6293, Saudi Arabia, الظهران",OPERATIONAL,5,1,26.306666666666665,50.14399999999999,22.21
12,The Press Department,ChIJx-o4ZJnnST4RpPl67p_i9XA,"point_of_interest, establishment",Dhahran,OPERATIONAL,N/A,N/A,26.306666666666665,50.14399999999999,30.83
12,قسم الدراسات الإسلامية والعربية | Department of Islamic & Arabic Studies,ChIJK1yhXwDnST4RrerVG24UPJE,"university, point_of_interest, establishment","6320 48 جامعة الملك فهد للبترول EKPA6320 4007, الظهران",OPERATIONAL,N/A,N/A,26.306666666666665,50.14399999999999,40.65
12,SMSA Service Center,ChIJIRmSx6vnST4R-_aCUTpGPEU,"point_of_interest, establishment","Building 9, The Square Road, Dhahran",OPERATIONAL,4.8,4,26.306666666666665,50.14399999999999,41.75
12,English Language Department,ChIJScQkYADnST4RIaT5RnZ7Ky8,"university, point_of_interest, establishment","6320 48 جامعة الملك فهد للبترول EKPA6320 4007, الظهران",OPERATIONAL,N/A,N/A,26.306666666666665,50.14399999999999,48.0
12,عمادة كلية الكيمائيات والمواد | College of Chemicals & Materials,ChIJT2JcIQDnST4Rz2Gy73I9ZrU,"university, point_of_interest, establishment","Building 7, Dhahran",OPERATIONAL,N/A,N/A,26.306666666666665,50.14399999999999,57.12
12,Faculty Lounge,ChIJHwBeAsjnST4RoyVt1QMlB5c,"cafe, store, food, point_of_interest, establishment","Faculty & Staff Center, Dhahran",OPERATIONAL,3.8,4,26.306666666666665,50.14399999999999,57.94
12,Building 9 - Faculty & Student Center,ChIJJXR8FQvnST4RiJFA75Br3Ms,"point_of_interest, establishment","4101, 6293, Dhahran",OPERATIONAL,4.9,16,26.306666666666665,50.14399999999999,60.23
12,صالون هلا النسائي,ChIJx4UXBgDnST4RUiMdadLE9jc,"beauty_salon, point_of_interest, establishment","The Square, Dhahran",OPERATIONAL,4.5,2,26.306666666666665,50.14399999999999,72.55
12,Al Jabal Restaurant,ChIJyxDkaADnST4Ro-KDFotyi9k,"restaurant, food, point_of_interest, establishment","King Fahd University of Petroleum and Minerals, Dhahran",OPERATIONAL,4.6,8,26.306666666666665,50.14399999999999,74.84
12,Building 8 - Main Library,ChIJt_3wHF_mST4RzgiPJ6tmlpE,"library, point_of_interest, establishment","Building 8, Dhahran",OPERATIONAL,4.1,67,26.306666666666665,50.14399999999999,77.14
12,Prayer Area,ChIJrcmUWcrnST4RtbT4rPe_rtw,"mosque, place_of_worship, point_of_interest, establishment","6360 48 جامعة الملك فهد للبترول, EKPA4077، 4077, الظهران",OPERATIONAL,5,1,26.306666666666665,50.14399999999999,79.86
12,building 820,ChIJUxBI4KfnST4R69PM714yJtU,"point_of_interest, establishment","Building 19, Academic Belt Road, Dhahran",OPERATIONAL,4,1,26.306666666666665,50.14399999999999,102.05
12,Building 10 - Prince Nayef Bin Abdul Aziz International Center for Cultrure & Science,ChIJFWrXKV_mST4RnM3ODHuOOq8,"point_of_interest, establishment","844V+9VJ, Dhahran",OPERATIONAL,4.2,78,26.306666666666665,50.14399999999999,102.16
12,Building 7 - Department of Bioengineering,ChIJdSJxCl_mST4R6C5J-A0NzJ0,"point_of_interest, establishment","3995, Dhahran",OPERATIONAL,3.5,11,26.306666666666665,50.14399999999999,104.58
12,Tower Dr Bus Stop,ChIJ3QOkwl7mST4RLFiHopJss4g,"transit_station, point_of_interest, establishment",Dhahran,OPERATIONAL,N/A,N/A,26.306666666666665,50.14399999999999,141.09
12,Building 20 - Conference Center,ChIJ8a57w6rnST4RtEAgLu4-mU8,"university, point_of_interest, establishment","The Square Road, 844V+7RV, Dhahran",OPERATIONAL,N/A,N/A,26.306666666666665,50.14399999999999,169.53
12,The University Lake,ChIJu0dQJ-fnST4RakY4eUF0-f4,"tourist_attraction, point_of_interest, establishment","The University Lake, Dhahran",OPERATIONAL,5,2,26.306666666666665,50.14399999999999,184.24
12,Universitas Riau,ChIJO7M5UaXnST4ROl67ddDLtbg,"point_of_interest, establishment","King Fahd University of Petroleum and Minerals, Dhahran",OPERATIONAL,N/A,N/A,26.306666666666665,50.14399999999999,184.75
12,استراحه البوبه,ChIJf0fCCADnST4RnwiMRuhNUrI,"lodging, point_of_interest, establishment","4142 Tower Drive, EKPA6471, 6471, الظهران",OPERATIONAL,N/A,N/A,26.306666666666665,50.14399999999999,184.9
12,The Lake Mosque,ChIJtxIMhF_mST4RT_PVigOhEoI,"mosque, place_of_worship, point_of_interest, establishment","The Lake Mosque, Dhahran",OPERATIONAL,4.8,34,26.306666666666665,50.14399999999999,188.48
12,كافتيريا 59,ChIJJeouJYLnST4R-pYnIfKDpIU,"cafe, store, food, point_of_interest, establishment","845V+7X8, جامعة الملك فهد للبترول, Dhahran",OPERATIONAL,4.8,4,26.306666666666665,50.14399999999999,192.16
12,Research Institute Parking,ChIJbZqzNKbnST4RZXtigIJ5rRI,"parking, point_of_interest, establishment","3806, 6319, الظهران",OPERATIONAL,3.5,4,26.306666666666665,50.14399999999999,201.89
12,Building 59 - Department of Electrical Engineering,ChIJl3ISVl7mST4RWPWHBnLLv9U,"point_of_interest, establishment","University Boulevard, 845W+72V, Dhahran",OPERATIONAL,4.1,73,26.306666666666665,50.14399999999999,203.9
13,Faheem Company,ChIJSQQSfEnmST4RGgfakXryofI,"point_of_interest, establishment","8783 Ibn Alhaitham Street, Dhahran",OPERATIONAL,5,2,26.306666666666665,50.16,575.42
13,KFUPM Innovation Cluster Building at DTV,ChIJq6qqqlvmST4RhsjF_rACcYg,"point_of_interest, establishment","8783 Ibn Alhaitham Street, Dhahran",OPERATIONAL,4.5,13,26.306666666666665,50.16,591.0
13,WAED Ventures,ChIJz6yJuw_kST4RazB1aM5xJak,"finance, point_of_interest, establishment","8783 Ibn Alhaitham Street, Dhahran",OPERATIONAL,4.8,29,26.306666666666665,50.16,613.29
13,Saco World,ChIJb7BdxTbmST4RfKT8jgKpH6g,"hardware_store, store, point_of_interest, establishment","Mall of Dhahran Boulevard, Dhahran",OPERATIONAL,4.2,11319,26.306666666666665,50.16,710.18
13,SAB الأول,ChIJM0rEzzbmST4RKBiqNY4SCb8,"atm, finance, point_of_interest, establishment","بوابة 8،, Mall of Dhahran Blvd, Gate 8, Al Dawhah Al Janubiyah الظهران مول،, AlDhahran",OPERATIONAL,3,1,26.306666666666665,50.16,752.36
13,Amiantit Reasearch & Development Center ATC,ChIJQw2fQErmST4RH43H9baULvM,"point_of_interest, establishment","Alkindi Street, 75X6+XF4, Dhahran",OPERATIONAL,3.9,20,26.306666666666665,50.16,761.77
13,Honeywell,ChIJXdKPs0vmST4RYf8SUbirvF8,"point_of_interest, establishment","Ibn Rushd Street, 75X6+Q4F, Dhahran",OPERATIONAL,4.6,89,26.306666666666665,50.16,802.33
13,Morelli's Gelato KSA,ChIJ_bXKyDDmST4RYNAkLVNLPe0,"cafe, food, point_of_interest, establishment","8549+Q8Q, Dhahran",OPERATIONAL,3.3,4,26.306666666666665,50.16,836.42
13,Guess,ChIJw00EwDHmST4R6h50dNHuf2k,"clothing_store, shoe_store, store, point_of_interest, establishment","Mall of Dhahran, شارع فيصل بن فهد، حي الدوحة الجنوبية, Dhahran",OPERATIONAL,3.6,20,26.306666666666665,50.16,842.96
13,IKEA Restaurant,ChIJ11u8ijnmST4RWacmW85G11M,"restaurant, furniture_store, home_goods_store, store, food, point_of_interest, establishment","Prince Faisal Bin Fahd Road, 8559+W66, Dhahran",OPERATIONAL,4.1,3146,26.306666666666665,50.16,872.48
13,Sipchem,ChIJ5YnCXkrmST4RhBt_pd7M708,"point_of_interest, establishment","Ibn Alhaitham Street, Dhahran",OPERATIONAL,4.7,86,26.306666666666665,50.16,881.61
13,Cool At Spring,ChIJaXuRPzHmST4R0PKxvgk2iUs,"shoe_store, store, point_of_interest, establishment","Mall of Dhahran, الدوحة, Dhahran",OPERATIONAL,3.7,15,26.306666666666665,50.16,911.03
13,Princes House of Jewelry & Watches,ChIJRVruWDHmST4RxJEpaP04K6M,"jewelry_store, shopping_mall, store, point_of_interest, establishment","الظهران مول, Dhahran",OPERATIONAL,3.7,18,26.306666666666665,50.16,918.08
13,Carolina Herrera,ChIJc7TWSTDmST4R_uzBqRd3P9o,"clothing_store, jewelry_store, shoe_store, store, point_of_interest, establishment","مجمع الظهران, GATE 13،, Ground Floor، Al Dawhah Al Janubiyah, الظهران",CLOSED_TEMPORARILY,3.3,92,26.306666666666665,50.16,935.99
13,ديسيجوآل,ChIJ91z9ajHmST4REC-YrX8l9mg,"clothing_store, store, point_of_interest, establishment","Mall of Dhahran, الدوحة, Dhahran",OPERATIONAL,N/A,N/A,26.306666666666665,50.16,943.21
13,Dune Mall of Dhahran,ChIJc6ZTFzHmST4RIvmPW0tIOXs,"shoe_store, store, point_of_interest, establishment","Mall of Dhahran Boulevard, Dhahran",OPERATIONAL,3.8,30,26.306666666666665,50.16,953.22
13,Casa Pasta,ChIJw928WDDmST4RhgWXFE0ETsE,"restaurant, food, point_of_interest, establishment","Prince Faisal Bin Fahd Road, Dhahran",OPERATIONAL,4.1,553,26.306666666666665,50.16,954.97
13,Indian Kitchen Express,ChIJ4wgtZTHmST4RGlFUaZUWfQo,"restaurant, food, point_of_interest, establishment","Mall of Dhahran, شارع الملك سعود، حي الجنوبية, Dhahran",OPERATIONAL,3.8,542,26.306666666666665,50.16,962.75
13,بلاك فاشن,ChIJ78qqTDDmST4RAsdfgUclaOs,"clothing_store, store, point_of_interest, establishment","8539+FJX, مجمع الظهران شارع فيصل بن فهد ،حي, Dhahran",OPERATIONAL,3,21,26.306666666666665,50.16,965.37
13,حسن النمر للمجوهرات الظهران مول,ChIJBWCoGjHmST4RFYu1NzgE3Zk,"jewelry_store, store, point_of_interest, establishment","8549+8VW, Dhahran",OPERATIONAL,4.5,20,26.306666666666665,50.16,973.28
13,Tommy Hilfiger,ChIJjV16SprnST4RpJLnJGlq2a8,"clothing_store, store, point_of_interest, establishment",Dhahran,OPERATIONAL,3.6,47,26.306666666666665,50.16,974.9
13,Burger King - Dhahran Mall,ChIJ0cwPbjHmST4R99zgKWzlmNs,"restaurant, food, point_of_interest, establishment","King Saud Branch Rd, Dahran Mall, Food Court, الظهران",OPERATIONAL,4.3,231,26.306666666666665,50.16,977.76
13,BurgerFuel Amwaj Mall,ChIJS5hdODrmST4RdoI8QzSTwhE,"restaurant, food, point_of_interest, establishment","Amwaj Mall (near IKEA, Prince Faisal Bin Fahd Road, Dhahran",OPERATIONAL,4.3,1761,26.306666666666665,50.16,989.48
13,Schlumberger Dhahran Center for Carbonate Research (SDCR),ChIJNWiFiEnmST4RirWqDo4S2dc,"point_of_interest, establishment","Ibn Alhaitham Street, 8526+F64, Dhahran",OPERATIONAL,4.4,174,26.306666666666665,50.16,614.94
13,Dhahran Techno Valley,ChIJiwnFp0vmST4Rh2BH0VA7Z0Q,"point_of_interest, establishment","University Boulevard, 8535+7Q6, Dhahran",OPERATIONAL,4.3,204,26.306666666666665,50.16,393.96
13,East Park,ChIJLyxNEUPmST4REyUtco7X2Cg,"point_of_interest, establishment","University Boulevard, 8553+MMR, Dhahran",OPERATIONAL,4.2,277,26.306666666666665,50.16,649.61
13,كشخه وسبحه,ChIJIzmRgtLnST4RoV7Xo2YFVco,"point_of_interest, establishment","Custodian of The Two Holy Mosques Road, Al Khobar",OPERATIONAL,N/A,N/A,26.306666666666665,50.16,93.47
13,EMMAY Associates Arabia for Engineering Consultancy,ChIJSz6eesHnST4R4Lth09sYd0I,"point_of_interest, establishment","طريق خادم الحرمين الشريفين, Al Jarbou Tower, 8th Floor, الخبر",OPERATIONAL,N/A,N/A,26.306666666666665,50.16,93.47
13,MISPL Consulting: Global Management Consulting Firm,ChIJe1i5SUznST4R1_8iSBbScII,"point_of_interest, establishment","Building Custodian of The Two Holy Mosques Road, Al Khobar",OPERATIONAL,N/A,N/A,26.306666666666665,50.16,93.47
13,SMART PLATFORMS,ChIJXx1BRUbmST4R1nJFbQqbRLs,"point_of_interest, establishment","Custodian of The Two Holy Mosques Road, Al Khobar",OPERATIONAL,N/A,N/A,26.306666666666665,50.16,93.47
13,Wadi Al Dhahran,ChIJ78AYWQDnST4RThEDkxf1YTA,"general_contractor, point_of_interest, establishment","US Consulate Lane, 8544+MRM, Dhahran",OPERATIONAL,N/A,N/A,26.306666666666665,50.16,296.24
13,Aramco Doha Water Plant,ChIJcYbLe0fmST4RCpMz1W7315U,"point_of_interest, establishment","8556+PV8, Dhahran",OPERATIONAL,2.3,3,26.306666666666665,50.16,363.17
13,Penta Cap,ChIJH15xcXnnST4RQqXLQpoAAYg,"point_of_interest, establishment","Golden road, Dhahran",OPERATIONAL,N/A,N/A,26.306666666666665,50.16,386.97
13,Kfupm #2 Substation,ChIJOUNl9BrnST4R-GLp2RGKzHk,"storage, point_of_interest, establishment","4827 طريق خادم الحرمين الشريفين, 8940, الظهران",OPERATIONAL,N/A,N/A,26.306666666666665,50.16,424.06
13,NSTP,ChIJ68uXHabnST4Ri17hIjJNoE4,"point_of_interest, establishment","Unnamed Road, 8557+P7C, Dhahran",OPERATIONAL,3.7,6,26.306666666666665,50.16,429.46
13,SS Wadi Al Dhahran 115/13.8 KV Substation,ChIJbck_EwDnST4R83RDApfG4QE,"point_of_interest, establishment","King Fahd University of Petroleum and Minerals, Dhahran",OPERATIONAL,N/A,N/A,26.306666666666665,50.16,442.69
13,Ministry of Energy,ChIJvzdNWTPnST4RPqVw9WzhPFs,"point_of_interest, establishment","University Boulevard, 8554+673, Dhahran",OPERATIONAL,4.2,32,26.306666666666665,50.16,456.2
13,مركز تدوير الصرف الصحيrumah للظهران,ChIJIZab18XnST4RY6k2sxKCHGI,"point_of_interest, establishment","2707 طريق خادم الحرمين الشريفين،, 7349, Dhahran",OPERATIONAL,3,4,26.306666666666665,50.16,486.67
13,Dhahran Sewage Treatment Plant,ChIJ____T0fmST4R_63zIXz_XaM,"point_of_interest, establishment","Dhahran Road, 8566+7RJ, Dhahran",OPERATIONAL,2.3,3,26.306666666666665,50.16,490.69
13,Riyad Bank ATM,ChIJoQVrjLLnST4RmpSRZy9xNdE,"atm, finance, point_of_interest, establishment","2333 شارع الملك عبدالله, Al Khobar",OPERATIONAL,N/A,N/A,26.306666666666665,50.16,501.79
13,Riyad Bank ATM,ChIJlenAmmvnST4R7BZ-u4aM5K4,"atm, finance, point_of_interest, establishment","8754 Hanthala Bin Al Rabie Street, Dhahran",OPERATIONAL,1,1,26.306666666666665,50.16,506.1
13,Riyad Bank,ChIJwfTq2sjnST4Rsyi20nzLOVw,"bank, finance, point_of_interest, establishment","9492 شارع الملك عبدالله, Al Khobar",OPERATIONAL,3.5,38,26.306666666666665,50.16,515.3
13,امكان الخبر,ChIJlZLKLQDnST4RFx7kM_UsDOI,"point_of_interest, establishment","4850 Custodian of The Two Holy Mosques Road, EKPA8886، 8886, Dhahran",OPERATIONAL,4,1,26.306666666666665,50.16,517.12
13,SHASHA,ChIJe4B-QIPnST4RMAuJn0p9Wtw,"point_of_interest, establishment","Techno-Valley, Dhahran",OPERATIONAL,5,2,26.306666666666665,50.16,554.12
13,Magic Fair,ChIJwcFaaNnnST4R9X2pKMzLnNE,"amusement_park, point_of_interest, establishment","Prince Faisal Bin Fahd Road, Dhahran",CLOSED_TEMPORARILY,3,275,26.306666666666665,50.16,562.53
13,Home Ownership Lots Site,ChIJ2bBlegDnST4RvO6OuaKMGz0,"real_estate_agency, point_of_interest, establishment","8565+JC6, Dhahran",OPERATIONAL,N/A,N/A,26.306666666666665,50.16,561.3
13,Exhibition Building - Building 54,ChIJaUOt7UTmST4RemTIwHajaeQ,"point_of_interest, establishment","University Boulevard, 8543+WP5, Dhahran",OPERATIONAL,3.9,463,26.306666666666665,50.16,567.25
13,Building 425 - KFUPM Quanser Lab,ChIJN4-SegDnST4RTLsqwqRcRxY,"point_of_interest, establishment","EKPB8909، 8909 16 جامعة الملك فهد للبترول، 4467, الظهران",OPERATIONAL,N/A,N/A,26.306666666666665,50.16,574.34
13,KFUPM/DTVC Venture Builder,ChIJyUp_SADnST4RqVEufqogQTg,"point_of_interest, establishment","4719 Ibn Alhaitham Street, 8783, Dhahran",OPERATIONAL,N/A,N/A,26.306666666666665,50.16,575.42
13,IR4LAB | مختبر الثورة الصناعية الرابعة,ChIJaY1vrRXnST4RKk8GI0c-kKo,"point_of_interest, establishment","8783 Ibn Alhaitham Street, Dhahran",OPERATIONAL,N/A,N/A,26.306666666666665,50.16,575.42
13,Entrepreneurship Institute (EI),ChIJu0qPe0nmST4RvoUJ0OiWbA4,"university, point_of_interest, establishment","8783 Ibn Alhaitham Street, 4719, Dhahran",OPERATIONAL,5,5,26.306666666666665,50.16,575.42
13,"Technology Transfer, Innovation & Entrepreneurship",ChIJf0LkcUnmST4RTwqp2tRmf2c,"point_of_interest, establishment","8783 Ibn Alhaitham Street, Dhahran",OPERATIONAL,4.7,6,26.306666666666665,50.16,575.42
13,KFUPM Ae,ChIJS5VlXADnST4RrF1MWukO8_c,"point_of_interest, establishment","4438 16 جامعة الملك فهد للبترول, EKPA8903، 8903, الظهران",OPERATIONAL,N/A,N/A,26.306666666666665,50.16,576.92
13,أكاديمية نور,ChIJL9X6AVfnST4RskmbCM1EOb8,"point_of_interest, establishment","مركز الابتكار - وادي الظهران للتقنية, الطابق الأول, Dhahran",OPERATIONAL,5,3,26.306666666666665,50.16,581.86
13,مسلخ جامعة البترول,ChIJdUqgTwDnST4RL67eZ4vuMrs,"general_contractor, point_of_interest, establishment","9445 طريق الامير فيصل بن فهد, EKPA4235، 4235, الظهران",OPERATIONAL,N/A,N/A,26.306666666666665,50.16,591.08
13,KFUPM Gate 4,ChIJV7Z9eQDnST4RfkWc_icd9Ag,"point_of_interest, establishment","34463, 6511 University Boulevard, Dhahran",OPERATIONAL,N/A,N/A,26.306666666666665,50.16,593.35
13,SAB الأول,ChIJUdsA9U_nST4Rn_fQCLvbXDM,"bank, finance, point_of_interest, establishment","Abu Ubaidah Aljarrah Street, Dhahran",OPERATIONAL,3.1,32,26.306666666666665,50.16,599.7
14,Zara Continental Hotel,ChIJc4pveC7mST4RcK9XQmZlCfY,"lodging, point_of_interest, establishment","2928 طريق الملك سعود بن عبدالعزيز، 7846، العليا،, Al Khobar",OPERATIONAL,3.8,2099,26.306666666666665,50.176,239.82
14,DoubleTree by Hilton Dhahran,ChIJZasYvxboST4RBKgUddd3LA0,"lodging, point_of_interest, establishment","King Saud Bin Abdulaziz Road Dhahran, Al Khobar",OPERATIONAL,4.1,5113,26.306666666666665,50.176,317.94
14,Al Olaya Suites,ChIJ16kmo3boST4R6udB12Rn-pc,"lodging, point_of_interest, establishment","852J+HF, Al Khobar",OPERATIONAL,3.9,25,26.306666666666665,50.176,777.17
14,ضيافة الشرق,ChIJrcXzqTLmST4R3rhQuXNHC1w,"lodging, point_of_interest, establishment","2787 Bashar Ibn Burd Street, Al Khobar",OPERATIONAL,3.9,182,26.306666666666665,50.176,725.84
14,Sahara El Sharq Apartments 5,ChIJKbi3_yzmST4RSbF27LwB5eY,"point_of_interest, establishment","2996 21 Street, Al Khobar",OPERATIONAL,3.7,9,26.306666666666665,50.176,313.69
14,بنك الجزيرة,ChIJR4r04y7mST4RhCcW9UL2dXc,"bank, finance, point_of_interest, establishment","855G+7P, Al Khobar",OPERATIONAL,2.6,89,26.306666666666665,50.176,201.45
14,Outback Steakhouse,ChIJnwg7xzDmST4RdECzTSvxDEI,"restaurant, food, point_of_interest, establishment","Mall of Dhahran Boulevard, Dhahran",OPERATIONAL,4.2,1954,26.306666666666665,50.176,563.13
14,مصرف الراجحي,ChIJcTzR3ivmST4R1NTrXHQvaVQ,"bank, finance, point_of_interest, establishment",Al Khobar,OPERATIONAL,3.7,250,26.306666666666665,50.176,368.88
14,فانيلا باتيسري,ChIJS6f26THoST4RwzCQSajQO0Y,"bakery, cafe, store, food, point_of_interest, establishment","Mall of Dhahran, Prince Faisal Bin Fahd Road, Dhahran",OPERATIONAL,4.3,98,26.306666666666665,50.176,489.27
14,McDonald's,ChIJ3fYPejHmST4R9VPoHZZpKxQ,"restaurant, food, point_of_interest, establishment","King Saud Bin Abdulaziz Road, Dhahran",OPERATIONAL,3.5,582,26.306666666666665,50.176,639.08
14,Eid Mosalla,ChIJlZb7OCvmST4R__rr9A7c85Q,"place_of_worship, point_of_interest, establishment","Firas Ibn Al Nudur Street, 853H+7R2, Al Khobar",OPERATIONAL,4.5,51,26.306666666666665,50.176,526.56
14,Hilton Garden Inn Al Khobar,ChIJFSvmiC7mST4RKx3i3rP0cZw,"lodging, point_of_interest, establishment","King Saud Bin Abdulaziz Road, Al Khobar",OPERATIONAL,4.2,3603,26.306666666666665,50.176,37.34
14,Danem Arabia Contg Co. Ltd,ChIJ3Wnkey7mST4RGRNCCHqmGD4,"point_of_interest, establishment","King Saud Branch Road, 854G+F32, Al Khobar",OPERATIONAL,1,1,26.306666666666665,50.176,101.91
14,Saudi Hofincons Company Limited,ChIJV4mZ1y3mST4RqHxeAqXY3Uw,"point_of_interest, establishment","King Saud Bin Abdulaziz Road, 2nd Floor, Mansouri Business Centre, Al Khobar",OPERATIONAL,4.5,11,26.306666666666665,50.176,151.54
14,The Boardwalk,ChIJ6UemxS7mST4R4N5iwPhNm8A,"shopping_mall, point_of_interest, establishment","Prince Faisal Bin Fahd Road, 855G+7V2, Al Khobar",OPERATIONAL,4.5,56,26.306666666666665,50.176,200.2
14,Ramada Encore by Wyndham Al Khobar Olaya,ChIJT9_BEdTnST4R7de3vIu4f4c,"lodging, point_of_interest, establishment","Zaid Bin Al Khatab Street, Al Khobar",OPERATIONAL,3.7,1306,26.306666666666665,50.176,226.73
14,Dunkin' - دانكن,ChIJ2bHf3S7mST4RgNLBNgNgFzw,"cafe, store, food, point_of_interest, establishment","6649 King Saud Branch Rd, Al Khobar",OPERATIONAL,4.2,976,26.306666666666665,50.176,245.69
14,Tawuniya Insurance | التعاونية للتأمين,ChIJ-ziwtAzmST4Ra1QGjxz3itM,"point_of_interest, establishment","Prince Faisal Bin Fahd Road, Al Khobar",OPERATIONAL,3.2,433,26.306666666666665,50.176,277.77
14,متجر نجمة الطبيعة للاتصالات وتقنية المعلومات,ChIJ8UBUVynmST4RiMOoQx6J4bk,"point_of_interest, establishment","854H+WF9, Al Khobar",OPERATIONAL,5,2,26.306666666666665,50.176,281.76
14,مسجد العمير,ChIJZ_0b1y7mST4Ruu4HIeLDzGU,"mosque, place_of_worship, point_of_interest, establishment","Alwadi Alakhdar Street, 855H+G3C, Al Khobar",OPERATIONAL,4.7,131,26.306666666666665,50.176,289.66
14,Retal Head Office رتال للتطوير العمراني,ChIJPaYmpy_mST4RXH1e25PHKtM,"local_government_office, point_of_interest, establishment","855G+M5R, Dhahran",OPERATIONAL,4.3,12,26.306666666666665,50.176,290.15
14,Alturki Holding,ChIJEbJIpy_mST4RnjHea_49zNo,"finance, point_of_interest, establishment","7244 King Saud Road, Alturki Business Park, 12th Floor, Dhahran",OPERATIONAL,4.3,23,26.306666666666665,50.176,293.57
14,Samara Limousine,ChIJhQ_Npi_mST4REU3R6Gfw92E,"point_of_interest, establishment","Alturki Business Park, Dhahran",OPERATIONAL,3.6,32,26.306666666666665,50.176,294.36
14,Aloft Dhahran,ChIJ0-tBwi3mST4R38E9UqFyICo,"lodging, point_of_interest, establishment","شارع 21, King Saud Branch Road Crossing, الخبر",OPERATIONAL,4.1,4561,26.306666666666665,50.176,303.09
14,Nesaj Real Estate Development - نساج,ChIJGbcPoS_mST4RRwxHliTPPj0,"finance, point_of_interest, establishment","Ibrahim Al Dinury Street, 855G+P4Q, Dhahran",OPERATIONAL,5,3,26.306666666666665,50.176,303.7
14,Mall of Dhahran,ChIJX5qqEDHmST4R1KXOYNQd36A,"shopping_mall, point_of_interest, establishment","Mall of Dhahran Boulevard, Dhahran",OPERATIONAL,4.4,49339,26.306666666666665,50.176,312.96
14,CAFFÈ VERGNANO 1882,ChIJw3mBFcFiQD4RPtCBVisI15g,"cafe, store, food, point_of_interest, establishment","854F+H4R, Dhahran",OPERATIONAL,4,58,26.306666666666665,50.176,322.55
14,صيدلية الدواء 124,ChIJESGXXSnmST4ROAd0Lbi5INs,"pharmacy, store, health, point_of_interest, establishment","Prince Faisal Bin Fahd Road, Al Khobar",OPERATIONAL,3.9,107,26.306666666666665,50.176,330.86
14,Al Rushaid Technologies,ChIJj9qCni_mST4RJQxCpBp7pAo,"point_of_interest, establishment","7244 Ibrahim Al Dinury Street, Office Villa #4, Alturki Business Park, Dhahran",OPERATIONAL,4.5,21,26.306666666666665,50.176,350.58
14,The Law Firm of Salah Al Hejailan مكتب صلاح الحجيلان للمحاماة,ChIJiQEDZzTDST4RO5NfplOKHrk,"point_of_interest, establishment","طريق الأمير فيصل بن فهد, loft No 6, Al Turki Business Park, الخبر",OPERATIONAL,4,6,26.306666666666665,50.176,351.4
14,"Toys ""R"" Us",ChIJG4lc5i_mST4RI_uvBIUW_H0,"bicycle_store, clothing_store, store, point_of_interest, establishment","3566 Prince Faisal Bin Fahd Road, Dhahran",OPERATIONAL,3.8,1229,26.306666666666665,50.176,357.84
14,اسوار العليا للاجنحه الفندقيه,ChIJsxD3cSvmST4RBK-9U0bgt3w,"lodging, point_of_interest, establishment","3392 Zaid Bin Al Khatab Street, 7768, Al Khobar",OPERATIONAL,3.9,896,26.306666666666665,50.176,386.05
14,Shoe Mart (Centrepoint Stores),ChIJ13IUCTHmST4ROUF4Yo_SM-U,"shoe_store, store, point_of_interest, establishment","Cityplaza Dhahran Mall, الظهران",OPERATIONAL,3,6,26.306666666666665,50.176,395.64
14,Discovery Toastmasters Club,ChIJ_fLZfTDoST4Rvnj-9MPX8Hg,"point_of_interest, establishment","شارع الأمير تركي, Jovia, الخبر",OPERATIONAL,4.6,14,26.306666666666665,50.176,398.38
14,Networks & System Integration S.A. Co. Ltd,ChIJhdRlmDLmST4RwMqjn_KFObM,"point_of_interest, establishment","854H+FX8, Al Khobar",OPERATIONAL,4.5,26,26.306666666666665,50.176,399.53
14,A. Battyour Engineering Consulting Company | شركة عبدالله بالطيور للاستشارات الهندسية,ChIJw_J0UD7oST4RHbVxS5NIG-E,"general_contractor, point_of_interest, establishment","Firas Ibn Al Nudur Street, Al Khobar",OPERATIONAL,4.3,68,26.306666666666665,50.176,404.77
14,Nestle Khobar Saudi Arabia L.L.C.,ChIJ7xEduCvmST4R7CeZHpRxuMI,"point_of_interest, establishment","7984 Firas Ibn Al Nudur Street, Al Khobar",OPERATIONAL,3.4,40,26.306666666666665,50.176,407.39
14,Dana Clinics,ChIJa9smWNTnST4RfZp-J4S7wRM,"hospital, health, point_of_interest, establishment","حي, شارع 21, شارع زيد بن الخطاب, الخبر",OPERATIONAL,3.8,183,26.306666666666665,50.176,419.54
14,جنيد للعطور,ChIJD4MbwDHmST4R_GJktxERQpE,"clothing_store, store, point_of_interest, establishment","Mall of Dhahran, شارع فيصل بن فهد، حي الدوحة الجنوبية, Dhahran",OPERATIONAL,4.1,52,26.306666666666665,50.176,434.78
14,Fred Perry,ChIJL4UsNzDmST4RIiX2Imigp3U,"clothing_store, store, point_of_interest, establishment","Mall of Dhahran, شارع فيصل بن فهد، حي الدوحة الجنوبية, Dhahran",CLOSED_TEMPORARILY,3.9,11,26.306666666666665,50.176,435.04
14,Heep Gulf General Contracting Est.,ChIJ25LYnyzmST4RR9Lsct8FfnE,"general_contractor, point_of_interest, establishment","Zaid Bin Al Khatab Street, Al Khobar",CLOSED_TEMPORARILY,4.2,6,26.306666666666665,50.176,435.4
14,stc store,ChIJdVkJljHmST4RGVxCZEugSGI,"point_of_interest, establishment","6864 طريق الملك سعود، الدوحة الجنوبية، الظهران 34457 3587، المملكة العربية السعو, Dhahran",OPERATIONAL,4.4,1477,26.306666666666665,50.176,438.02
14,مغاسل سنام Sanam Laundry,ChIJoylhvCzmST4R-ZxWP-iEHsE,"laundry, point_of_interest, establishment","ProCare Hospital, 21st Street, Opp, Al Khobar",OPERATIONAL,3.2,147,26.306666666666665,50.176,459.11
14,Aldo,ChIJhYCG0DDmST4RCea8he3r2Tg,"shoe_store, store, point_of_interest, establishment","Prince Faisal Bin Fahd Road, Al Khobar",OPERATIONAL,3.5,64,26.306666666666665,50.176,461.3
14,Ted Baker,ChIJCzSVH47mST4R5QwkR65Q64M,"clothing_store, store, point_of_interest, establishment","855C+4HQ, Dhahran",CLOSED_TEMPORARILY,4.1,47,26.306666666666665,50.176,468.93
14,Qaf Coffee Roasters محمصة ومقهى قاف,ChIJly_bpCzmST4RYXbjL527_lA,"cafe, food, point_of_interest, establishment","21 Street, Al Khobar",OPERATIONAL,4.4,6790,26.306666666666665,50.176,488.89
14,FACES,ChIJ09amVRXgST4RN4nbLeKTZEw,"clothing_store, store, point_of_interest, establishment","Mall of Dhahran, Prince Faisal Bin Fahd Road, Dhahran",OPERATIONAL,4.1,174,26.306666666666665,50.176,498.14
14,Bamboo Kitchen,ChIJUZuQ2zDmST4R4kaHCx_WsIA,"restaurant, food, point_of_interest, establishment","حي, Gate 11, طريق الأمير فيصل بن فهد, مجمع الظهران, الظهران",CLOSED_TEMPORARILY,4.2,1050,26.306666666666665,50.176,498.14
14,مشوار,ChIJy6xknzHmST4RizqG7I5ObOA,"restaurant, food, point_of_interest, establishment","854C+GC6, مجمع الظهران مول حي, Dhahran",OPERATIONAL,3.5,33,26.306666666666665,50.176,498.14
14,Okaidi,ChIJGWbdhTHmST4R9X2K-c27V40,"clothing_store, store, point_of_interest, establishment","Mall of Dhahran Boulevard, طريق الأمير فيصل بن فهد, الظهران",OPERATIONAL,3.6,19,26.306666666666665,50.176,498.14
14,ONTIME,ChIJ69UTvjHmST4Ru4Y3kCdj-VQ,"jewelry_store, store, point_of_interest, establishment","حي، Mall of Dhahran, Prince Faisal Bin Fahd Road, Dhahran",OPERATIONAL,3.3,75,26.306666666666665,50.176,498.14
14,الدهام للساعات,ChIJvxMZwDHmST4RdWuZQrUhBgM,"jewelry_store, clothing_store, store, point_of_interest, establishment","حي, 6864 شارع فيصل بن فهد, Dhahran",OPERATIONAL,4.1,38,26.306666666666665,50.176,498.14
14,Cinnabon,ChIJbRZUSjDmST4R-O7kAWRJ7yk,"cafe, food, point_of_interest, establishment","Mall of Dhahran, Prince Faisal Bin Fahd Road, Gate 3, Dhahran",OPERATIONAL,3.4,225,26.306666666666665,50.176,498.14
14,TUMI - Mall of Dhahran,ChIJvwqNRrLnST4RrRC4k_9lYnk,"store, point_of_interest, establishment","Ground Floor، Mall of Dhahran, Gate 13, Dhahran",OPERATIONAL,4.2,32,26.306666666666665,50.176,498.14
14,Sharqawi Co. Khobar,ChIJX6pNWCvmST4RPpjhF0bC2XU,"point_of_interest, establishment","Zaid Bin Al Khatab Street, 853H+382, Al Khobar",OPERATIONAL,1.4,8,26.306666666666665,50.176,499.76
14,Anfasic Dokhoon أنفاسك دخون,ChIJc-oBHzHmST4Rpt-iaoZFIZw,"clothing_store, store, point_of_interest, establishment","Mall of Dhahran Boulevard, 6864 Prince Faisal Bin Fahd Road, الظهران",OPERATIONAL,4.2,28,26.306666666666665,50.176,509.38
14,Smart Advisory for Financial Consulting,ChIJo2OJBVXoST4RyQp4JaQLoPc,"finance, point_of_interest, establishment","AlHayat Tower, شارع محمد اليوسف, Al Khobar",OPERATIONAL,5,3,26.306666666666665,50.176,518.18
14,مجوهرات روز دايموند من الماس بوكنان,ChIJM48DjDHmST4Rkb-jrYJNadk,"jewelry_store, store, point_of_interest, establishment","6864 King Saud Bin Abdulaziz Road, Dhahran",OPERATIONAL,3.5,43,26.306666666666665,50.176,522.48
15,Live Safari alkhabar عيش سفاري الخبر,ChIJ5WhO6WPoST4R3q1X_k3ufVE,"pet_store, veterinary_care, store, point_of_interest, establishment","Prince Faisal Bin Fahd Road, Al Khobar",OPERATIONAL,3.1,388,26.306666666666665,50.19199999999999,633.43
15,Kudu - Al Hizam Al Akhdar,ChIJt_OwumPoST4RbUFTKIjWYps,"restaurant, meal_takeaway, meal_delivery, food, point_of_interest, establishment","Tabari Street, Al Khobar",OPERATIONAL,3.9,1558,26.306666666666665,50.19199999999999,506.47
15,Baja - باجة,ChIJ32NTumPoST4R4Kfg4gstXl0,"store, food, point_of_interest, establishment","6267 Prince Faisal Bin Fahd Road, Al Khobar",OPERATIONAL,4.2,695,26.306666666666665,50.19199999999999,532.16
15,Deer&Dear,ChIJA2KKNH3oST4R2nEm-CmhoTc,"clothing_store, store, point_of_interest, establishment","3742 Prince Faisal Bin Fahd Road, Al Khobar",CLOSED_TEMPORARILY,4,101,26.306666666666665,50.19199999999999,192.96
15,The Cuts Urban Kitchen,ChIJPfr7zmLoST4RvGcJxr6Otqs,"restaurant, food, point_of_interest, establishment","Prince Faisal Bin Fahd Road, Al Khobar",OPERATIONAL,4.1,3121,26.306666666666665,50.19199999999999,238.19
15,Escape the Room,ChIJ3V9u22LoST4R-hxUhMskgCw,"point_of_interest, establishment","3857 Prince Faisal Bin Fahd Road, Al Khobar",OPERATIONAL,4.8,4328,26.306666666666665,50.19199999999999,285.4
15,Cambridge Weight Plan,ChIJdaa1W1voST4RTv2RxlrUrnU,"health, point_of_interest, establishment","Prince Faisal Bin Fahd Road, مجمع اوان جاليرى, Al Khobar",OPERATIONAL,3.4,72,26.306666666666665,50.19199999999999,354.54
15,Mom's Flavor,ChIJj2Z54mLoST4ReU9I7_BSACo,"restaurant, food, point_of_interest, establishment","854W+24V, Al Khobar",CLOSED_TEMPORARILY,3.8,118,26.306666666666665,50.19199999999999,370.61
15,آيلاش للبصريات,ChIJv79UrmPoST4RnLwZR1tNr9E,"store, health, point_of_interest, establishment","4054 6286 Prince Faisal Bin Fahd Road, وحده رقم 4, Al Khobar",OPERATIONAL,4.6,69,26.306666666666665,50.19199999999999,481.96
15,La Casa Pasta,ChIJB_yuumPoST4RhRuane9WWNQ,"restaurant, food, point_of_interest, establishment","Prince Faisal Bin Fahd Road, Al Khobar",OPERATIONAL,3.9,2110,26.306666666666665,50.19199999999999,493.36
15,Image Systems,ChIJb8zXh2ToST4Rpa2mpv0g9xk,"point_of_interest, establishment","P.O. Box 24, الخبر",OPERATIONAL,N/A,N/A,26.306666666666665,50.19199999999999,640.68
15,AlFARABI Middle School,ChIJIY4RlmToST4RN3wXndXNBIo,"school, point_of_interest, establishment","3431 23 ب, 8164, Al Khobar",OPERATIONAL,3.9,37,26.306666666666665,50.19199999999999,582.54
15,الفالح للعقار,ChIJK1zCwGPoST4RS8hFLV0Cc2Q,"point_of_interest, establishment","Prince Faisal Bin Fahd Road, Al Khobar",OPERATIONAL,4,24,26.306666666666665,50.19199999999999,586.84
15,Saudi Brokers Company For Insurance Brokerage,ChIJr-NZOHvoST4RaN5FFWhsI-k,"insurance_agency, point_of_interest, establishment","Prince Khalid Bin Abdullah St, Intersection 22-A, Al Khobar",OPERATIONAL,4.1,39,26.306666666666665,50.19199999999999,687.89
15,Dunkin' - دانكن,ChIJOax-4WPoST4R0XlLT7kbBN4,"cafe, store, food, point_of_interest, establishment","4258 Prince Faisal Bin Fahd Road, Al Khobar",OPERATIONAL,4.1,1104,26.306666666666665,50.19199999999999,692.64
15,The Palace Hotel Suites,ChIJW173S2HoST4RWGNFWFESIvo,"lodging, point_of_interest, establishment","853X+VGM, طريق الأمير فيصل بن فهد ( شارع البيبسي سابقاً حي الحزام الأخضر - مقابل مستشفى سعد التخصصي, Al Khobar",OPERATIONAL,4.3,278,26.306666666666665,50.19199999999999,710.88
15,Starbucks,ChIJZ-fYUWHoST4RI0P7ogkmgeg,"cafe, store, food, point_of_interest, establishment","Prince Faisal, Al Khobar",OPERATIONAL,4.2,1687,26.306666666666665,50.19199999999999,761.86
15,Cheveux | شڤو,ChIJrz9SUGHoST4RVUmbxB43zow,"point_of_interest, establishment","4312 Prince Faisal Bin Fahd Road, Al Khobar",OPERATIONAL,3.3,10,26.306666666666665,50.19199999999999,740.24
15,Petromin Express,ChIJQ7W6SWHoST4RX2zU0_udq38,"car_wash, car_repair, store, point_of_interest, establishment","Prince Faisal Bin Fahad Road, Al Khobar",OPERATIONAL,4.3,146,26.306666666666665,50.19199999999999,783.07
15,مكتب المحامي فهد بن حبيب بن عبدالمحسن الدغيلبي,ChIJOatrbmToST4RmzV58tAd0lY,"lawyer, point_of_interest, establishment","Prince Fahd Bin Salman Street, 852X+94M, Al Khobar",OPERATIONAL,4.2,21,26.306666666666665,50.19199999999999,856.13
15,Signature Juices,ChIJ08HdNGHoST4Rvm_ko5UmwWU,"food, point_of_interest, establishment","Prince Faisal Bin Fahd Road, Al Khobar",OPERATIONAL,4.4,2170,26.306666666666665,50.19199999999999,860.16
15,Charcoal,ChIJs59Hy2boST4R_DZE_gxGnjY,"restaurant, food, point_of_interest, establishment","Prince Faisal Bin Fahd Road, Al Khobar",CLOSED_TEMPORARILY,3.8,192,26.306666666666665,50.19199999999999,881.24
15,Savor Bakery (Al Khobar),ChIJu1gfzWboST4R9IIlkIpO5BQ,"bakery, cafe, food, store, point_of_interest, establishment","4519 Prince Faisal Bin Fahd Road, Al Khobar",OPERATIONAL,4.5,1128,26.306666666666665,50.19199999999999,887.59
15,Subway,ChIJ3cOxNGHoST4Rv8mJhHdfjDw,"restaurant, food, point_of_interest, establishment","حي, Prince Faisal Bin Fahd Road, Al Khobar",OPERATIONAL,4.1,1211,26.306666666666665,50.19199999999999,886.01
15,صيدلية الدواء,ChIJmSeRyXvoST4RfP4PPo-eYtg,"pharmacy, health, store, point_of_interest, establishment","22 Street, Al Khobar",OPERATIONAL,3.8,60,26.306666666666665,50.19199999999999,925.97
15,SNB AlAhli ATM,ChIJ60Yz2nvoST4RQR5WQPh_Vfo,"atm, finance, point_of_interest, establishment",Al Khobar,OPERATIONAL,5,4,26.306666666666665,50.19199999999999,932.5
15,King Fahad University Hospital,ChIJZ8cQl3voST4R6o5X6E8-gaM,"hospital, health, point_of_interest, establishment","Bashar Ibn Burd Street, Al Khobar",OPERATIONAL,3.2,1638,26.306666666666665,50.19199999999999,804.21
15,Talaween Advertising Agency,ChIJtQ__22XoST4RReefGIW8yV4,"point_of_interest, establishment","Prince Fahd Bin Salman Street, Al Khobar",OPERATIONAL,4.4,40,26.306666666666665,50.19199999999999,952.77
15,Bayan Gardens School,ChIJ2cnden3oST4Rr7Y0z17sZao,"school, point_of_interest, establishment","Prince Faisal Bin Fahd Road, Al Khobar",OPERATIONAL,3.8,19,26.306666666666665,50.19199999999999,98.53
15,McDonald's,ChIJS2c4qmPoST4RPuGbVUPRS9Y,"restaurant, food, point_of_interest, establishment","Prince Faisal Bin Fahd Road, Al Khobar",OPERATIONAL,3.8,3832,26.306666666666665,50.19199999999999,459.53
15,Haya Alshayib Mosque,ChIJEY5jgYfoST4RBV-pErkSejY,"mosque, place_of_worship, point_of_interest, establishment","Prince Khaled Bin Fahd Street, 854R+HFW, Al Khobar",OPERATIONAL,4.8,84,26.306666666666665,50.19199999999999,83.43
15,مهندس زراعى,ChIJ66W-vGfpST4RWw_45_X7Hf0,"point_of_interest, establishment","Prince Faisal Bin Fahd Road, 854R+9R6, Dammam",OPERATIONAL,5,1,26.306666666666665,50.19199999999999,83.58
15,بن شفلوت,ChIJ8xmAOgDpST4RrDVnzUUx9qA,"point_of_interest, establishment","EKGB3619, Al Khobar",OPERATIONAL,N/A,N/A,26.306666666666665,50.19199999999999,101.59
15,أروماتك,ChIJ66QNSADpST4RLaQoEqSdeu8,"store, point_of_interest, establishment","Prince Faisal Bin Fahd Road, 854R+6G7, Al Khobar",OPERATIONAL,N/A,N/A,26.306666666666665,50.19199999999999,143.47
15,شركةالبساطةلصناعة وتعبئةالمواد,ChIJMziHYwDpST4R_dDBFWW0G6k,"point_of_interest, establishment",Prince Faisal Bin Fahd Road,OPERATIONAL,N/A,N/A,26.306666666666665,50.19199999999999,143.47
15,مدرسة دار السلام,ChIJ9YegaADpST4RRvrWEbqx7h4,"university, point_of_interest, establishment",Prince Faisal Bin Fahd Road,OPERATIONAL,N/A,N/A,26.306666666666665,50.19199999999999,143.47
15,مدينه نصر,ChIJacXLa0npST4R2o1fVgvvgVA,"point_of_interest, establishment","عند المنطقة الحره, Prince Faisal Bin Fahd Road, اخر",OPERATIONAL,N/A,N/A,26.306666666666665,50.19199999999999,143.47
15,سطحه الخالدحة الدحة الادنه راكة ظهران مول ربوه موسسة إيمان يحيى محمد ال مضر للنقليات,ChIJr5-dy13pST4RHplaKZ_C2QE,"point_of_interest, establishment","Prince Faisal Bin Fahd Road, Al Khobar",OPERATIONAL,3.8,5,26.306666666666665,50.19199999999999,143.47
15,Hyundai Elevator - ESCCO Khobar office,ChIJfUAJ8QnpST4R4TAuWg0tvfk,"point_of_interest, establishment","Prince Faisal Bin Fahd Road, Al Khobar",OPERATIONAL,N/A,N/A,26.306666666666665,50.19199999999999,143.47
15,"Greenway Trading EST , for laboratory supplies",ChIJXbAucjHpST4RaruBwEmY6yw,"point_of_interest, establishment","Prince Faisal Bin Fahd Road, Al Khobar",OPERATIONAL,5,2,26.306666666666665,50.19199999999999,143.47
15,مدرسه المتوسطه الرابعه بالخبر بنات,ChIJeztOyb3pST4Raek9eazWFFY,"school, point_of_interest, establishment","Prince Faisal Bin Fahd Road, T، شارع المير مقرن،",OPERATIONAL,3.4,7,26.306666666666665,50.19199999999999,143.47
15,رام,ChIJN7LFdxzpST4RMiKBm9nKstw,"hospital, health, point_of_interest, establishment","Prince Faisal Bin Fahd Road, Al Khobar",OPERATIONAL,2.8,74,26.306666666666665,50.19199999999999,143.47
15,Nadia al bassam land for development,ChIJpccy4ivmST4RBq12014QkA4,"point_of_interest, establishment","Prince Faisal Bin Fahd Road, Al Khobar",OPERATIONAL,N/A,N/A,26.306666666666665,50.19199999999999,143.47
15,الشركة العزيزية للتعليم والتدريب,ChIJw9y9NH3oST4RRrNNJw_Q68M,"point_of_interest, establishment","3711 Prince Faisal Bin Fahd Road, Al Khobar",OPERATIONAL,2.6,10,26.306666666666665,50.19199999999999,147.16
15,Green Belt Residential Building,ChIJl4Nzg1rpST4RMWJxy7qyxQI,"point_of_interest, establishment","854R+Q5M, 6491 الملك سلمان بن عبدالعزيز، 3452، حي, الخبر",OPERATIONAL,N/A,N/A,26.306666666666665,50.19199999999999,158.88
15,Mon artناك هم ا.isan,ChIJ3fu_WTnpST4ROvMGQrg5ipQ,"art_gallery, point_of_interest, establishment","Al jadawil street, Al Khobar",OPERATIONAL,5,1,26.306666666666665,50.19199999999999,171.58
15,Waraq 3nb Station,ChIJkd0tOJjpST4RCSGr8wRqt8I,"restaurant, food, point_of_interest, establishment","Prince Faisal Bin Fahd Road, Al Khobar",OPERATIONAL,4.4,1203,26.306666666666665,50.19199999999999,173.45
15,زام | ZAM,ChIJDw8HYEDpST4R8kbf6Fa63iI,"point_of_interest, establishment","Prince Faisal Bin Fahd Road, 854R+94X, Dhahran",OPERATIONAL,4.4,19,26.306666666666665,50.19199999999999,178.47
15,نوتريا Nutria,ChIJNc2yKyzpST4RaHy9Gi0PTZ0,"restaurant, food, point_of_interest, establishment","3454 Prince Faisal Bin Fahd Road, 6386, Al Khobar",OPERATIONAL,3.9,140,26.306666666666665,50.19199999999999,180.95
15,Tasmeem Studio,ChIJd0Hz4NbkST4RYqFA2mNpH5c,"point_of_interest, establishment","زام | ZAM، 854R+94X،, طريق الأمير فيصل بن فهد،،, Dhahran",OPERATIONAL,4.3,21,26.306666666666665,50.19199999999999,185.33
15,وقد | Waqd,ChIJ10Mqu23pST4RFB1AfQjHFmo,"point_of_interest, establishment","Prince Faisal Bin Fahd Road, Al Khobar",OPERATIONAL,5,21,26.306666666666665,50.19199999999999,189.08
15,Tiara Beauty Studio,ChIJ214PMsnpST4RC7xnlB45hbg,"beauty_salon, point_of_interest, establishment","6386 Prince Faisal Bin Fahd Road, Al Khobar",OPERATIONAL,4.5,720,26.306666666666665,50.19199999999999,190.24
15,Mikano Cubex,ChIJKUF5RajpST4R-EWYBeDzoGM,"point_of_interest, establishment","Prince Bin Fahd Roud, Al Khobar",OPERATIONAL,5,9,26.306666666666665,50.19199999999999,190.68
15,Shades - Permanent Makeup by Ebtihal,ChIJx6LRa03pST4RfZiQm_SVEgA,"point_of_interest, establishment","Prince Faisal Bin Fahd Road, Al Khobar",OPERATIONAL,4.5,37,26.306666666666665,50.19199999999999,190.9
15,ATYPICAL,ChIJzTYSmmLpST4RJt1g8yJvdeM,"cafe, store, food, point_of_interest, establishment","6391 Prince Faisal Bin Fahd Road, Al Khobar",OPERATIONAL,4.2,758,26.306666666666665,50.19199999999999,193.04
15,السبل النظامية للترجمة القانونية المعتمدة,ChIJOaGaeL7pST4R_g8BeVS9H1U,"point_of_interest, establishment",Al Khobar,OPERATIONAL,5,1,26.306666666666665,50.19199999999999,201.63
15,ALAKER SWEETS | حلويات العكر,ChIJR7V6udHpST4R305AkObmVEg,"store, food, point_of_interest, establishment","3776 Prince Faisal Bin Fahd Road, 6330, Al Khobar",OPERATIONAL,4.2,1945,26.306666666666665,50.19199999999999,214.2
15,Ye Ye Burger,ChIJT6zQwyLpST4RW87cPaXUDMw,"restaurant, food, point_of_interest, establishment","854V+7GH, Al Khobar",OPERATIONAL,3.3,51,26.306666666666665,50.19199999999999,215.45
=======
1,محطة المياه المحلاة بالدمام,ChIJL-GzkZMDNj4RgZJaE10dKAo,"point_of_interest, establishment","CX39+85, Dammam",OPERATIONAL,2.7,10,26.403466665580545,49.96423504638672,370.38
1,لدیکور,ChIJf4B5kfwDNj4RLfzJQ4MC4lg,"point_of_interest, establishment","Ali bin Abi talib, Dammam",OPERATIONAL,N/A,N/A,26.403466665580545,49.96423504638672,509.68
1,مخيم الوناسة,ChIJg663egADNj4R8VRYtMlqD6s,"park, point_of_interest, establishment","CX58+79, Dammam",OPERATIONAL,3,3,26.403466665580545,49.96423504638672,556.11
1,السافسطائي لبيع التونه,ChIJ-aojUAADNj4RNoXJ3u2W_LM,"grocery_or_supermarket, store, food, point_of_interest, establishment","2667، 8741, Dammam",OPERATIONAL,N/A,N/A,26.403466665580545,49.96423504638672,578.98
1,ابو سعد لبيع الذبايح,ChIJ_W7f2pwHNj4Rl6T-kyz9oi4,"point_of_interest, establishment","CWMH+23, Dammam",OPERATIONAL,4.4,7,26.403466665580545,49.96423504638672,647.19
1,نقل الكهرباء,ChIJG0XSpuUDNj4Rx21TCcaIYcw,"point_of_interest, establishment","CX4C+W34, Unnamed Road, Dammam",CLOSED_TEMPORARILY,3,4,26.403466665580545,49.96423504638672,728.79
1,west dammam istp,ChIJQf3CFgADNj4RQkaV4x5rSG0,"point_of_interest, establishment","2958 اسماعيل البيهقي، EHDF2958، 7388, Dammam",OPERATIONAL,1,3,26.403466665580545,49.96423504638672,804.43
1,Dammam West Company For Water,ChIJo1wVXmQDNj4RMe3TJaN2N-U,"point_of_interest, establishment","9XW7+9FJ, Dammam",OPERATIONAL,1.4,8,26.403466665580545,49.96423504638672,834.25
1,ISTP-Dammam,ChIJ_9-SecgDNj4R9xpZ_F-wUSI,"point_of_interest, establishment","9XW6+M4, Dammam",OPERATIONAL,1,6,26.403466665580545,49.96423504638672,844.99
1,اوباما لبيع الفسيخ,ChIJBRFsBAADNj4RN-pdOz_o9gU,"car_dealer, store, point_of_interest, establishment","CX54+JVG, Dammam",OPERATIONAL,5,1,26.403466665580545,49.96423504638672,936.31
2,Deraah,ChIJ3dT0hU8CNj4RPs0dJtkAmTc,"clothing_store, store, point_of_interest, establishment","Cx4Q+W3X, 2996, Dammam",OPERATIONAL,4.2,35,26.403466665580545,49.98023504638672,862.44
2,Panda,ChIJl-BUj08CNj4Rqie5V_qSBHs,"supermarket, grocery_or_supermarket, store, food, point_of_interest, establishment","الحي السادس العاشر, CX5Q+33, Riyadh",OPERATIONAL,3.8,1310,26.403466665580545,49.98023504638672,872.32
2,Mosque Mohammad Ayub,ChIJg3Dltk8CNj4RhonWbfGViLY,"mosque, place_of_worship, point_of_interest, establishment","2648, Dammam",OPERATIONAL,4.6,54,26.403466665580545,49.98023504638672,420.39
2,متوسطة الليث بن سعد الحي السادس,ChIJqxqGXHcDNj4RwSuQSj0-O-8,"school, point_of_interest, establishment","CX3P+F4F, Unnamed Road, ضاحية الملك فهد،, Dammam",OPERATIONAL,3.2,32,26.403466665580545,49.98023504638672,504.93
2,مسجد يحتاج بناء من فاعل خير,ChIJ16GTZt8DNj4RFYxePtAxkQ8,"mosque, place_of_worship, point_of_interest, establishment","EHAF2488, 2488 الشهيله, Dammam",OPERATIONAL,4.4,5,26.403466665580545,49.98023504638672,527.46
2,فوازوووه,ChIJx5fqSgADNj4RoeD7QKCXxmg,"supermarket, grocery_or_supermarket, store, food, point_of_interest, establishment","EHAB7661، 7661 النبلاء، 2616, Dammam",OPERATIONAL,N/A,N/A,26.403466665580545,49.98023504638672,547.95
2,"Anas ibn Maalik, may Allah be pleased with him mosque",ChIJD9ibmE4CNj4RiTMBipGaCaM,"mosque, place_of_worship, point_of_interest, establishment","2403, Dammam",OPERATIONAL,4.5,82,26.403466665580545,49.98023504638672,588.12
2,مغاسل كوي الحديثة لغسيل الملابس,ChIJCRzfWwADNj4R5HkxaXu43GY,"laundry, point_of_interest, establishment","8135 King Saud Street, EHAA2201، 2201, Dammam",OPERATIONAL,5,5,26.403466665580545,49.98023504638672,592.0
2,مستوصف صحي,ChIJwYtJHQADNj4Reh_Pyg6y8cQ,"doctor, health, point_of_interest, establishment","EHAC2842، 2842 الوطن، 7746, Dammam",OPERATIONAL,N/A,N/A,26.403466665580545,49.98023504638672,605.74
2,مركز صحي الضاحیة 1,ChIJdfnssR0DNj4Rn0EwdXpHkW8,"hospital, health, point_of_interest, establishment","الحي ١٠/٦, Dammam",OPERATIONAL,2.6,281,26.403466665580545,49.98023504638672,607.43
2,مكتب أبراج الضاحية,ChIJCyuXQVACNj4REYkOStf-DjY,"real_estate_agency, point_of_interest, establishment","ضاحية الملك فهد- حي الضاحية, CX3P+HJW, Dammam",OPERATIONAL,4,6,26.403466665580545,49.98023504638672,635.68
2,استراحة الأثير,ChIJkdnOh5MDNj4RVxJXPEEeLLs,"lodging, point_of_interest, establishment","CX5J+JM9, Dammam",OPERATIONAL,4.5,95,26.403466665580545,49.98023504638672,634.62
2,شاليه تولين ضاحية الملك فهد,ChIJvdoyWwwDNj4RmqlKykTAZNY,"lodging, point_of_interest, establishment","King Saud Street, CX5M+H3H, Dammam",OPERATIONAL,4.4,122,26.403466665580545,49.98023504638672,654.56
2,مدرسة أميمة بنت الخطاب,ChIJCWi9TKsDNj4Rc-civAUitUw,"primary_school, school, point_of_interest, establishment",2437، ضاحية الملك فهد، الدمام 32314 7826،,OPERATIONAL,4.5,22,26.403466665580545,49.98023504638672,658.69
2,تموينات القلال الغذائية,ChIJDYPJk6UDNj4Rzgc35R6wtFs,"grocery_or_supermarket, store, food, point_of_interest, establishment","King Saud Street, حي, 2337 شارع الملك سعود بن عبدالعزيز، 8168، ضاحية الملك فهد، 2337, Dammam",OPERATIONAL,5,3,26.403466665580545,49.98023504638672,657.71
2,تموينات الصيعري للمواد الغذائية,ChIJ039iCpwDNj4R6ygTWZ45_q4,"supermarket, grocery_or_supermarket, store, food, point_of_interest, establishment","King Saud Street, CX5M+P3F, Dammam",OPERATIONAL,4.6,16,26.403466665580545,49.98023504638672,684.22
2,مركز خطوات طفلي ضيافة الاطفال الاهلية,ChIJf78u-fgDNj4RTey0-oD91Lw,"school, point_of_interest, establishment",Dammam,CLOSED_TEMPORARILY,4.8,41,26.403466665580545,49.98023504638672,699.43
2,عمارة سعيد السعدي,ChIJ5dEvcAADNj4Rr8ISnATzNkA,"point_of_interest, establishment","7955 الاستقامه, حي, EHAA2674, 2674, Dammam",OPERATIONAL,N/A,N/A,26.403466665580545,49.98023504638672,700.24
2,مسجد,ChIJDRZFDzMDNj4Rh5--F5V9Fos,"mosque, place_of_worship, point_of_interest, establishment","EHAB7575، 7575 الوطن، 2809، حي ضاحية الملك فهد،, Dammam",OPERATIONAL,3,2,26.403466665580545,49.98023504638672,717.77
2,طير طاهر,ChIJQQfg2Y0DNj4RKZq_LTNJ8nI,"point_of_interest, establishment","شارع الوطن, Dammam",OPERATIONAL,N/A,N/A,26.403466665580545,49.98023504638672,721.54
2,Noufah Kitchen,ChIJY7MNKjEDNj4RkI3_W-L6QRI,"food, point_of_interest, establishment","King Saud Street, Dammam",OPERATIONAL,5,2,26.403466665580545,49.98023504638672,769.81
2,قهوة أم وليد - أسر منتجة,ChIJYS8rfb8DNj4R4efaafDYCjc,"cafe, food, store, point_of_interest, establishment","6453 الخوارزمي، 4129, Saudi Arabia, الدمام",OPERATIONAL,4.9,14,26.403466665580545,49.98023504638672,786.6
2,خالد جندلي,ChIJmUaoAAADNj4RF7aVHBIvWSg,"point_of_interest, establishment","CX3Q+87Q, Dammam",OPERATIONAL,N/A,N/A,26.403466665580545,49.98023504638672,797.82
2,DETACON,ChIJY4WLU4IDNj4R6wKlZBzR5hE,"point_of_interest, establishment","2730 8095, الدمام",OPERATIONAL,1.5,2,26.403466665580545,49.98023504638672,822.81
2,مسجد,ChIJ4y940L4DNj4RK5osH2ZQ81c,"place_of_worship, point_of_interest, establishment",2514 ابا لفضل الخيمي، ضاحية الملك فهد، الدمام 32314 6872،,OPERATIONAL,5,6,26.403466665580545,49.98023504638672,829.63
2,مسجد حمد المهيدب ووالديه,ChIJkzbqnZEDNj4RIowGEIGQxOI,"mosque, place_of_worship, point_of_interest, establishment","6467 ضرار بن الخطاب،, حي 4415, Dammam",OPERATIONAL,5,5,26.403466665580545,49.98023504638672,830.96
2,حديقة ساحة الأمجاد,ChIJEUnJdsADNj4RcgP2Eh0g8Sc,"park, point_of_interest, establishment","CX4Q+973, Dammam",OPERATIONAL,3.5,77,26.403466665580545,49.98023504638672,834.51
2,مدرسة عبادة بن بشر الإبتدائية,ChIJSTIOb0wCNj4Rj5i8tD9bAZE,"school, point_of_interest, establishment","CX6J+8RR, Dammam",OPERATIONAL,3,36,26.403466665580545,49.98023504638672,839.62
2,شاليهات دار الضيافة,ChIJ4xUunLUDNj4R_cGbhN69EeA,"lodging, point_of_interest, establishment",Dammam,OPERATIONAL,3.7,6,26.403466665580545,49.98023504638672,851.9
2,SAB الأول,ChIJ5XfUFv4DNj4RsInP3ABaLSw,"atm, finance, point_of_interest, establishment","428, Panda 428 بندة, الدمام",OPERATIONAL,5,1,26.403466665580545,49.98023504638672,863.78
2,مسجد بر الوالدين,ChIJJ4A5ck8CNj4RzkFtKHEA_fE,"mosque, place_of_worship, point_of_interest, establishment","2765, Dammam",OPERATIONAL,4.4,15,26.403466665580545,49.98023504638672,869.5
2,مغسلة مسك,ChIJJ19lhbkDNj4Rznzm0S3bwok,"laundry, point_of_interest, establishment",2547، ضاحية الملك فهد، الدمام 32314 8195،,OPERATIONAL,4.8,8,26.403466665580545,49.98023504638672,869.49
2,Absher Self -Service Kiosk,ChIJL7eXegADNj4RrjTBe_eO4jI,"point_of_interest, establishment","8017 الأمان, EHAF2837، 2837, الدمام",OPERATIONAL,N/A,N/A,26.403466665580545,49.98023504638672,872.23
2,جهاز أبشر للخدمات الذاتية,ChIJHdSLRlMDNj4RkVb4lArH1ZM,"supermarket, grocery_or_supermarket, food, store, point_of_interest, establishment","CX5Q+332, Dammam",OPERATIONAL,4.2,60,26.403466665580545,49.98023504638672,872.28
2,العبدلي الالعاب والهدايا,ChIJQbYmik8CNj4R8o5ZjK3TDrc,"electronics_store, store, point_of_interest, establishment","2996, Dammam",OPERATIONAL,3.8,20,26.403466665580545,49.98023504638672,878.33
2,مطعم اطياف رنيم,ChIJgYwhik8CNj4RKdkILhY_WII,"restaurant, food, point_of_interest, establishment","طريق الملك سعود،, Dammam",OPERATIONAL,3,182,26.403466665580545,49.98023504638672,884.53
2,طلباتي,ChIJzdpITdsDNj4RClz9Uyc_C_8,"grocery_or_supermarket, food, store, point_of_interest, establishment","7007 34، 2786, Dammam",OPERATIONAL,4.4,27,26.403466665580545,49.98023504638672,890.99
2,مطعم ثمار الضاحية لتقديم الوجبات الشعبية والسندوتشات,ChIJ0_PITAADNj4R9yQlrlS90Sw,"food, point_of_interest, establishment","CX4Q+X6J, Dammam",OPERATIONAL,5,3,26.403466665580545,49.98023504638672,892.03
2,عذوق الشرقية,ChIJhcr7YUUCNj4RPbp8R5j81XE,"health, hair_care, point_of_interest, establishment","CX4Q+X6J, Dammam",CLOSED_TEMPORARILY,2.4,17,26.403466665580545,49.98023504638672,892.03
2,So1,ChIJdSKxCQADNj4RURC5rjnbKsA,"lodging, point_of_interest, establishment","2547، ضاحية الملك فهد، الدمام 32314 8195, Dammam",OPERATIONAL,4.8,21,26.403466665580545,49.98023504638672,891.21
2,مغاسل قمة الضاحية,ChIJWXJnGc8DNj4Rm-1NhQo-lwQ,"laundry, point_of_interest, establishment","CX4Q+X6J, Dammam",OPERATIONAL,3,6,26.403466665580545,49.98023504638672,893.66
2,مغسله ملابس,ChIJi6P14EUDNj4Rhtq9NCW-MGU,"laundry, point_of_interest, establishment","ضاحية الملك فهد،, 5420، 6698،, Dammam",OPERATIONAL,3.4,10,26.403466665580545,49.98023504638672,899.63
2,مسجد صغير,ChIJZcvvWQADNj4R3B93_6ppomg,"mosque, place_of_worship, point_of_interest, establishment","2878، 7145, Dammam",OPERATIONAL,5,1,26.403466665580545,49.98023504638672,899.65
2,InfoWay | متجر طريق المعرفة,ChIJvziL8b4DNj4Ri0R3fnnlgwM,"point_of_interest, establishment","Aldawa, 7877, الدمام",OPERATIONAL,N/A,N/A,26.403466665580545,49.98023504638672,907.2
2,ملعب,ChIJzzaXXgADNj4RRt3BHSXHeOw,"point_of_interest, establishment","2878، 7145, Dammam",OPERATIONAL,N/A,N/A,26.403466665580545,49.98023504638672,907.75
2,بيت القحطاني,ChIJI-N-OQADNj4R1URoEubvGWM,"point_of_interest, establishment","7098 الناصره, حي, EHAA2923, 2923, الدمام",OPERATIONAL,N/A,N/A,26.403466665580545,49.98023504638672,930.9
2,الغامدي,ChIJKa_IYQADNj4RRWKXME9Q8oE,"point_of_interest, establishment","EHAC7995، 7995 الدعوة، 2912, Dammam",OPERATIONAL,N/A,N/A,26.403466665580545,49.98023504638672,933.8
2,Dora,ChIJU2PpsE8DNj4R4mc0j6xxrxw,"school, point_of_interest, establishment","صفوان بن سليم, Dammam",OPERATIONAL,4.9,15,26.403466665580545,49.98023504638672,934.33
2,تموينات هدو للمواد الغذائية,ChIJJ0j2AgYDNj4R3AKVCR9itzI,"grocery_or_supermarket, store, food, point_of_interest, establishment","King Saud Street, الوقار, Dammam",OPERATIONAL,4.4,7,26.403466665580545,49.98023504638672,948.72
2,مغسلة C2 لغسيل الملابس,ChIJu75uLAADNj4R4w3p1q2tFyY,"laundry, point_of_interest, establishment","King Saud Street, Dammam",OPERATIONAL,5,1,26.403466665580545,49.98023504638672,950.72
2,خضار فواكه تمور,ChIJB86BbgADNj4RWC1nPNqrld8,"store, point_of_interest, establishment","CX6P+2H4, Dammam",OPERATIONAL,5,2,26.403466665580545,49.98023504638672,954.32
2,قهوة ام وليد - اسر منتجه🤍,ChIJDSjWaAADNj4RUMuDTD9RZeQ,"cafe, store, food, point_of_interest, establishment","EHAC6539، 6539 517 ضاحية الملك فهد، 4108, Dammam",OPERATIONAL,N/A,N/A,26.403466665580545,49.98023504638672,960.11
2,صالون جوله سريعه للحلاقه,ChIJ78ZN5BkDNj4RWvj7o77cR1s,"hair_care, point_of_interest, establishment","شارع الملك سعود بن عبدالعزيز، ضاحية الملك فهد، الدمام 01010, Dammam",OPERATIONAL,5,68,26.403466665580545,49.98023504638672,960.47
2,ابتدائية أم كلثوم بنت محمد,ChIJu3ZYBAADNj4RZjVNmIDHfLY,"primary_school, school, point_of_interest, establishment","4241 سلمان الفارسي، EHAC4241، 6647, Dammam",OPERATIONAL,5,1,26.403466665580545,49.98023504638672,977.65
2,مسجد عباد الرحمن,ChIJY368G3YDNj4R-oWkhwMzIbw,"mosque, place_of_worship, point_of_interest, establishment","CX3R+837, Dammam",OPERATIONAL,4.8,12,26.403466665580545,49.98023504638672,991.25
2,عطار,ChIJQchrNwADNj4RHhdmL_P4lE0,"point_of_interest, establishment","4368، 6639, Dammam",OPERATIONAL,N/A,N/A,26.403466665580545,49.98023504638672,987.98
2,مطعم ركن الشرقية البخاري,ChIJHb2_MvEDNj4R2yvf1GRc7M0,"restaurant, food, point_of_interest, establishment","King Saud Street, Dammam",OPERATIONAL,3,44,26.403466665580545,49.98023504638672,991.36
2,مشغل أناقة المرأة النسائي,ChIJCcm2Ld8DNj4R3ZtWRjFMZFU,"beauty_salon, point_of_interest, establishment","CX5Q+5H8, Dammam",OPERATIONAL,3.6,7,26.403466665580545,49.98023504638672,998.92
3,Deraah,ChIJ3dT0hU8CNj4RPs0dJtkAmTc,"clothing_store, store, point_of_interest, establishment","Cx4Q+W3X, 2996, Dammam",OPERATIONAL,4.2,35,26.403466665580545,49.99623504638673,951.81
3,Panda,ChIJl-BUj08CNj4Rqie5V_qSBHs,"supermarket, grocery_or_supermarket, store, food, point_of_interest, establishment","الحي السادس العاشر, CX5Q+33, Riyadh",OPERATIONAL,3.8,1310,26.403466665580545,49.99623504638673,973.23
3,SNB AlAhli ATM,ChIJb4Qtb0ICNj4R1TSnfaXLVjs,"atm, finance, point_of_interest, establishment","CX6W+WV, Dammam",OPERATIONAL,3.3,19,26.403466665580545,49.99623504638673,984.66
3,مركز اطفال المستقبل Future Kids,ChIJA0oedwsDNj4RgQkuxv7ojmc,"school, point_of_interest, establishment","الامه, Dammam",OPERATIONAL,4.6,53,26.403466665580545,49.99623504638673,206.59
3,تموينات ريانه للمواد الغذائية,ChIJg84FbgADNj4R6IwJPfHvuMc,"convenience_store, store, food, point_of_interest, establishment","3065, 7709, الدمام",OPERATIONAL,5,2,26.403466665580545,49.99623504638673,226.28
3,مأذون أنكحة شرعي,ChIJ3d_rPAADNj4RiCXODbaroWQ,"local_government_office, point_of_interest, establishment",Dammam,OPERATIONAL,5,15,26.403466665580545,49.99623504638673,289.23
3,Petromin Express,ChIJdyxMB1wCNj4RNrfzksw8q6U,"car_repair, point_of_interest, establishment","CX3V+776, Dammam",OPERATIONAL,N/A,N/A,26.403466665580545,49.99623504638673,311.36
3,Muhammad's repair,ChIJ_____1sCNj4RCtBTCYXPFeA,"point_of_interest, establishment","2954 Sharhabeel Bin Aws, 6275, Dammam",OPERATIONAL,N/A,N/A,26.403466665580545,49.99623504638673,322.85
3,شيخة الجنوب للقهوه,ChIJ88Vbu0gDNj4Rg3WiHEMfbEc,"point_of_interest, establishment",Dammam,OPERATIONAL,N/A,N/A,26.403466665580545,49.99623504638673,322.85
3,Saudi Red Crescent,ChIJfRGg0EoDNj4RK91EShQFdYk,"doctor, health, point_of_interest, establishment","Unnamed Road, CX3V+36X, Dammam",OPERATIONAL,N/A,N/A,26.403466665580545,49.99623504638673,322.85
3,نسيم القفشات,ChIJr-PSyggDNj4RinBZJkAQjs8,"point_of_interest, establishment","7959 ابراهيم طوقان، 3732, الدمام",OPERATIONAL,4.5,4,26.403466665580545,49.99623504638673,412.49
3,مجلس عيسى فهد العنزي,ChIJeYZfXgsDNj4RLyHLhhTWhaA,"point_of_interest, establishment","شارع الاصدقاء, Dammam",OPERATIONAL,4.9,12,26.403466665580545,49.99623504638673,495.13
3,مسجد الحي التاسع,ChIJD6Vt05YDNj4RdJa_1qHj5U4,"mosque, place_of_worship, point_of_interest, establishment","EHAB7361، 7361 20أ، 4170، حي ضاحية الملك فهد،, Dammam",OPERATIONAL,5,6,26.403466665580545,49.99623504638673,500.73
3,Mosque Hussein Abdulaziz Al Shammari,ChIJu64CRVsCNj4RQ8y67XVCRx0,"mosque, place_of_worship, point_of_interest, establishment","3347, Dammam",OPERATIONAL,4.6,101,26.403466665580545,49.99623504638673,522.7
3,مركز براعم الضاحية لضيافة الأطفال,ChIJEXdVuWEDNj4R52gYO__zZRM,"school, point_of_interest, establishment","King Saud Street, CX4R+GJ6, Dammam",OPERATIONAL,4.4,14,26.403466665580545,49.99623504638673,563.89
3,بقالة,ChIJk91uFgADNj4RhwBQAAzcPeg,"grocery_or_supermarket, store, food, point_of_interest, establishment","EHAC3399، 3399 سويد بن الصامت، 7045, Dammam",OPERATIONAL,N/A,N/A,26.403466665580545,49.99623504638673,565.33
3,تموينات زهرة,ChIJq244YwADNj4R_HxhDWPXt5E,"grocery_or_supermarket, store, food, point_of_interest, establishment","EHAC3399، 3399 سويد بن الصامت، 7045, Dammam",OPERATIONAL,N/A,N/A,26.403466665580545,49.99623504638673,567.06
3,مسجد عباد الرحمن,ChIJY368G3YDNj4R-oWkhwMzIbw,"mosque, place_of_worship, point_of_interest, establishment","CX3R+837, Dammam",OPERATIONAL,4.8,12,26.403466665580545,49.99623504638673,605.59
3,مزرعة ابو سفيان,ChIJH0u9ZwADNj4RP5RLmBfJe4I,"park, point_of_interest, establishment","EHAC7451، 7451 22، 4291, Dammam",OPERATIONAL,5,1,26.403466665580545,49.99623504638673,618.54
3,مسجد صالح صويع الجابري,ChIJK5JZaIADNj4Rpu1MtknHfXU,"mosque, place_of_worship, point_of_interest, establishment","7161 خريص, EHAC4220، 4220, Dammam",OPERATIONAL,4,6,26.403466665580545,49.99623504638673,637.36
3,مسجد ذهبه الشهري,ChIJrd0K4YEDNj4RyO6Xei53E7M,"mosque, place_of_worship, point_of_interest, establishment","Unnamed Road, ضاحية الملك فهد،, Dammam",OPERATIONAL,4.8,13,26.403466665580545,49.99623504638673,642.93
3,Al Ghufran Mosque,ChIJaYhfrmcCNj4RGJkWJS4gDKI,"mosque, place_of_worship, point_of_interest, establishment","4060, 7939, الدمام",OPERATIONAL,4.8,190,26.403466665580545,49.99623504638673,643.32
3,عمارة الخير,ChIJieOGX8YDNj4RGBo836a_nwU,"point_of_interest, establishment","EHAC8117, 4022 المواساة, 8117, Dammam",OPERATIONAL,2,1,26.403466665580545,49.99623504638673,660.24
3,مسجد سكان الحي,ChIJKSbfWO8DNj4RUTRjYlq9lqo,"mosque, place_of_worship, point_of_interest, establishment","C223+Q46, Dammam",OPERATIONAL,4.6,8,26.403466665580545,49.99623504638673,673.21
3,ثمار وأزهار للخضار و الفواكة والتمور,ChIJdUBgIxMDNj4RNaJnAPPJuCU,"point_of_interest, establishment","ابن ام مكتوم, Dammam",OPERATIONAL,3.4,5,26.403466665580545,49.99623504638673,677.03
3,كنافة بشرى,ChIJaVtHcQADNj4RLevo5Ts2Ou8,"store, food, point_of_interest, establishment",Dammam,OPERATIONAL,4.4,13,26.403466665580545,49.99623504638673,677.23
3,اجمل للدواجن,ChIJv0xFEAADNj4RlPw1m2lPL28,"store, food, point_of_interest, establishment","4498 ابن ام مكتوم, Dammam",OPERATIONAL,4.8,5,26.403466665580545,49.99623504638673,678.18
3,سلات القوافل التجاريه,ChIJ6f8CFQADNj4RBh-l1QaJV9E,"supermarket, grocery_or_supermarket, store, food, point_of_interest, establishment","EHAD7306، 7306 ابن ام مكتوم, 4498, Dammam",OPERATIONAL,N/A,N/A,26.403466665580545,49.99623504638673,678.53
3,برج الاتصلات,ChIJn7S8tdoDNj4RpIgwF0l_nos,"point_of_interest, establishment","4235 ابن عاشر، 7087، ضاحية الملك فهد،, Dammam",OPERATIONAL,N/A,N/A,26.403466665580545,49.99623504638673,678.77
3,مطاعم طلة الخير البخاري,ChIJE4isaGgDNj4RYzidgyu_uOI,"restaurant, food, point_of_interest, establishment","Dahia malik fahad, Restorant",OPERATIONAL,3.9,89,26.403466665580545,49.99623504638673,681.67
3,مركز وقت الابتسامة لضيافة الاطفال روضة,ChIJeS8RTmECNj4Roq4uGUvMO7I,"school, point_of_interest, establishment","C243+729, Unnamed Road, Dammam",OPERATIONAL,4.5,11,26.403466665580545,49.99623504638673,681.52
3,مدرسة جواثا الابتدائية,ChIJtVftgvMDNj4Rk5U8kNlvDo4,"primary_school, school, point_of_interest, establishment","3645, 6881, الدمام",OPERATIONAL,3.5,6,26.403466665580545,49.99623504638673,679.7
3,بوفية لمار الضاحيه,ChIJT6t23nkDNj4RLbNE3C5ekKw,"restaurant, food, point_of_interest, establishment","EHAD7546، 7546 ابن ام مكتوم، 4366, Dammam",OPERATIONAL,3.9,49,26.403466665580545,49.99623504638673,690.44
3,فوال - تميس,ChIJ-4rMaQADNj4RvcLJ3OBlIME,"bakery, store, food, point_of_interest, establishment","C233+C7F, Dammam",OPERATIONAL,3.1,10,26.403466665580545,49.99623504638673,692.56
3,صالون سما الضاحية للحلاقة الرجالية,ChIJ-bhPXwADNj4RUvFczXIWoEw,"hair_care, point_of_interest, establishment","الحي التاسع, Dammam",OPERATIONAL,5,3,26.403466665580545,49.99623504638673,694.5
3,مسجد الرمثي,ChIJ_9Rnj0YDNj4RyPcY--jkCBI,"mosque, place_of_worship, point_of_interest, establishment",4011، ضاحية الملك فهد، الدمام 32314 6806،,OPERATIONAL,5,5,26.403466665580545,49.99623504638673,713.33
3,مسجد عطية الزهراني(رحمه الله ),ChIJvT2FuN0DNj4RJtyAbteRTQI,"mosque, place_of_worship, point_of_interest, establishment","6883 الابطال،, 3372, الدمام",OPERATIONAL,4.9,26,26.403466665580545,49.99623504638673,729.08
3,newmax,ChIJJVaSGwgDNj4RPkV05idMl_I,"store, point_of_interest, establishment","8207 8ا, EHAD8207 4077, الدمام",OPERATIONAL,N/A,N/A,26.403466665580545,49.99623504638673,772.87
3,SAECO Saudi Arabian Elevator Co.,ChIJ5zYq_2MCNj4R1uzbA0wf2H8,"point_of_interest, establishment","C243+FC9, Dammam",OPERATIONAL,4,3,26.403466665580545,49.99623504638673,795.24
3,معرض بهجة المنامة,ChIJWxIHcgADNj4RKJvbPIkDzTs,"car_dealer, store, point_of_interest, establishment","7058 محايل, حي, EHAD3036, 3036, Dammam",OPERATIONAL,N/A,N/A,26.403466665580545,49.99623504638673,793.63
3,خالد جندلي,ChIJmUaoAAADNj4RF7aVHBIvWSg,"point_of_interest, establishment","CX3Q+87Q, Dammam",OPERATIONAL,N/A,N/A,26.403466665580545,49.99623504638673,798.79
3,InfoWay | متجر طريق المعرفة,ChIJvziL8b4DNj4Ri0R3fnnlgwM,"point_of_interest, establishment","Aldawa, 7877, الدمام",OPERATIONAL,N/A,N/A,26.403466665580545,49.99623504638673,812.01
3,ورشةالمري للتكييف والتبريد,ChIJMdT0VLADNj4R0HBKTXPtAS4,"point_of_interest, establishment","EHAC7358,7358 العطايف, حيي, Dammam",OPERATIONAL,N/A,N/A,26.403466665580545,49.99623504638673,816.53
3,عقارات الغزواني,ChIJR60dLtUDNj4RW1dq-3G_CzU,"point_of_interest, establishment","ضاحية الملك فهد،, 3084، 8085،, Dammam",OPERATIONAL,1,1,26.403466665580545,49.99623504638673,810.95
3,مكب نفايات,ChIJIQ4sE0QDNj4R1keTT1hzCo8,"point_of_interest, establishment","ضاحية الملك فهد،, 4011، 6806،, Dammam",OPERATIONAL,1.3,12,26.403466665580545,49.99623504638673,818.1
3,ملحمة دروب الجنوب,ChIJz5FjawADNj4RNXzZbQdbgSg,"store, food, point_of_interest, establishment","EHAC7358، 7358 العطايف، 4469, Dammam",OPERATIONAL,4.4,14,26.403466665580545,49.99623504638673,823.17
3,موسسه العمري التجاريه سباكه و الكهرباءا,ChIJjVi6ipcDNj4RJ-zrFil5Ac0,"electronics_store, store, point_of_interest, establishment","العطايف EHAC7358, 7358, حي ضاحية الملك فهد, Dammam",OPERATIONAL,N/A,N/A,26.403466665580545,49.99623504638673,828.51
3,حديقة الحي الأول,ChIJheO_JgADNj4R89chGLSWreY,"park, point_of_interest, establishment","4324، 8057, Dammam",OPERATIONAL,N/A,N/A,26.403466665580545,49.99623504638673,826.55
3,سواعد وافكار للمعدات,ChIJb7MoSwADNj4RPjYmRIvNd7Y,"point_of_interest, establishment","King Saud Street, CX6W+949, Dammam",OPERATIONAL,4.2,5,26.403466665580545,49.99623504638673,828.77
3,shezan,ChIJB_7FoA0DNj4RWgKmrABA9ew,"point_of_interest, establishment","8265 17, 3264, King Fahd Suburb, الدمام",OPERATIONAL,5,1,26.403466665580545,49.99623504638673,835.54
3,ماء سبيل,ChIJuXLCVgADNj4RzQRhBwn9fEY,"point_of_interest, establishment","22، 4451, EHAE7161، 7161, Dammam",OPERATIONAL,5,1,26.403466665580545,49.99623504638673,844.45
3,بقالة الحلم الواعد,ChIJjyvrDAADNj4R1s6Wumz1A3U,"grocery_or_supermarket, store, food, point_of_interest, establishment","King Saud Street, Dammam",OPERATIONAL,4.4,10,26.403466665580545,49.99623504638673,843.16
3,Noufah Kitchen,ChIJY7MNKjEDNj4RkI3_W-L6QRI,"food, point_of_interest, establishment","King Saud Street, Dammam",OPERATIONAL,5,2,26.403466665580545,49.99623504638673,846.17
3,حديقة ساحة الأمجاد,ChIJEUnJdsADNj4RcgP2Eh0g8Sc,"park, point_of_interest, establishment","CX4Q+973, Dammam",OPERATIONAL,3.5,77,26.403466665580545,49.99623504638673,848.82
3,تموينات الليلة للمواد الغذائية,ChIJu71TpikDNj4RrWgleB0-iBY,"grocery_or_supermarket, store, food, point_of_interest, establishment","King Saud Street, CX6V+67W, Dammam",OPERATIONAL,3,2,26.403466665580545,49.99623504638673,845.92
3,استراحة العويض,ChIJX02zbwADNj4RA9gaeweUqRE,"campground, park, lodging, point_of_interest, establishment","CX6V+632, Dammam",OPERATIONAL,5,1,26.403466665580545,49.99623504638673,858.79
3,مسجد الروقي,ChIJmc4RAO8DNj4RxAw-u5XGVDw,"mosque, place_of_worship, point_of_interest, establishment",3135، ضاحية الملك فهد، الدمام 32314 8230،,OPERATIONAL,4.3,10,26.403466665580545,49.99623504638673,873.15
3,ابتدائيه بنات تحت الانشاء,ChIJ4UUh2rYDNj4Roy0DcpD-gYA,"primary_school, school, point_of_interest, establishment","EHAB3059 6819, 3059 285 ضاحية الملك فهد, Dammam",OPERATIONAL,5,1,26.403466665580545,49.99623504638673,878.13
4,Karam House,ChIJnf7nJnkCNj4Rxzt_tg2pcnY,"lodging, point_of_interest, establishment","2483 Al Khawarazmi, Dammam",OPERATIONAL,3.7,161,26.403466665580545,50.01223504638672,936.36
4,Al Rajhi Bank ATM,ChIJ35ut54ACNj4RPPydZXSsf84,"atm, finance, point_of_interest, establishment","95, Dammam",OPERATIONAL,3.8,12,26.403466665580545,50.01223504638672,256.91
4,شركة عبدالوهاب اليحيى للسيارات,ChIJ56H3RoECNj4Rp81Ca9YNIqM,"car_dealer, store, point_of_interest, establishment","Showrooms Street, C227+GPP, Dammam",OPERATIONAL,3.5,50,26.403466665580545,50.01223504638672,316.09
4,صراف الإنماء | Alinma ATM,ChIJmQA_jIECNj4RPcAUJXmPDX4,"atm, finance, point_of_interest, establishment","Abu Hadriah, Dammam",OPERATIONAL,4,7,26.403466665580545,50.01223504638672,545.62
4,شركة الرسام المحدودة لصيانة السيارات,ChIJkZGJi4YCNj4RAf-z23SQEs4,"store, point_of_interest, establishment","Showrooms Street, Dammam",OPERATIONAL,3.5,57,26.403466665580545,50.01223504638672,543.61
4,المحطة الأنتقلية بغرب الدمام,ChIJX_fJFoYCNj4R31WlzSrgJzQ,"point_of_interest, establishment","Showrooms Street, 92X5+PQ6, Dammam",OPERATIONAL,5,1,26.403466665580545,50.01223504638672,544.82
4,Alzayyad Motors,ChIJE5VpkIgCNj4RrPSo1waO9yQ,"car_dealer, store, point_of_interest, establishment",Dammam,OPERATIONAL,3.5,64,26.403466665580545,50.01223504638672,619.08
4,مصرف الراجحي,ChIJQ5f1a4ICNj4RTfud6pKTN5g,"bank, finance, point_of_interest, establishment","7683 طريق ابو حدرية, 2110, 7683 طريق ابو حدرية 2110, الدمام",OPERATIONAL,2.6,223,26.403466665580545,50.01223504638672,696.42
4,مصرف الراجحي,ChIJr2JTY4ICNj4R4SLUORRTuE8,"bank, finance, point_of_interest, establishment","95, Dammam",OPERATIONAL,2.4,140,26.403466665580545,50.01223504638672,723.19
4,Vernier Gallery,ChIJv2X2vIUCNj4R0E4pBP7c02w,"car_dealer, store, point_of_interest, establishment","Near Toyota Dealer, Abhadriya St, Dammam",OPERATIONAL,3.6,41,26.403466665580545,50.01223504638672,791.43
4,Alsafa. Cars,ChIJQ_VrSY8CNj4RylCph0uggpQ,"car_dealer, store, point_of_interest, establishment","8760, Dammam",OPERATIONAL,3.6,73,26.403466665580545,50.01223504638672,806.75
4,البرية العربية لنقل السيارات,ChIJD7EliIUCNj4RHXpS2_Xn9sw,"point_of_interest, establishment","4340, Dammam",OPERATIONAL,3.6,557,26.403466665580545,50.01223504638672,878.77
4,Barn's | بارنز,ChIJZUT86JMISj4Rt4ETSRYf2WQ,"cafe, food, store, point_of_interest, establishment",Dammam,OPERATIONAL,3.6,56,26.403466665580545,50.01223504638672,894.6
4,SNB AlAhli ATM,ChIJsU2hfnkCNj4RfZNjKa2bZuY,"atm, finance, point_of_interest, establishment","95, C267+PH, Dammam",OPERATIONAL,1,1,26.403466665580545,50.01223504638672,951.01
4,Security Forces Hospital Dammam,ChIJG_hEr3sCNj4RZBL7_EYF0l8,"hospital, health, point_of_interest, establishment","البيضاء, Dammam",OPERATIONAL,2.5,1093,26.403466665580545,50.01223504638672,826.29
4,شركة مكارم التميز للسيارات,ChIJZ0mMf2sDNj4RG6wRPy2ggt4,"car_dealer, store, point_of_interest, establishment","شارع احمد بن مسلم, مبنى رقم 5311 حى, Dammam",OPERATIONAL,4.9,224,26.403466665580545,50.01223504638672,31.93
4,معرض أوتو باور للسيارات الدمام,ChIJWVBkAHEDNj4REMVtfBZWbUI,"car_dealer, store, point_of_interest, establishment","احمد بن مسلم, Dammam",OPERATIONAL,4.5,2,26.403466665580545,50.01223504638672,30.5
4,معرض ال حمزه للسيارات,ChIJh2qkZ4cCNj4RDjtOU7CwxPw,"car_dealer, store, point_of_interest, establishment","Showrooms Street, Dammam",OPERATIONAL,4.3,101,26.403466665580545,50.01223504638672,30.96
4,معرض هاني ال مدن للسيارات,ChIJ55S9Mr0DNj4RvEsYsd4yQYc,"car_dealer, store, point_of_interest, establishment","7491 الهفوف, EHAA5275، 5275, Dammam",OPERATIONAL,4.5,18,26.403466665580545,50.01223504638672,44.15
4,معرض كلاس للسيارات الدمام,ChIJxRlzMzEDNj4Rz-vsmk5HGNg,"car_dealer, store, point_of_interest, establishment","ابو حدريه, Dammam",OPERATIONAL,4.4,289,26.403466665580545,50.01223504638672,47.3
4,وسيط ولاء لتامين اسيارت وطبي,ChIJxa60FBgDNj4R1mykyZ2UHUw,"health, point_of_interest, establishment","C237+C46, Dammam",OPERATIONAL,N/A,N/A,26.403466665580545,50.01223504638672,52.55
4,معرض كل السيارات,ChIJC1pbCgADNj4RIp471gPtBqQ,"car_dealer, store, point_of_interest, establishment","7587 الهفوف, EHAA5254، 5254, Dammam",OPERATIONAL,N/A,N/A,26.403466665580545,50.01223504638672,62.19
4,معرض السفير للسيارات,ChIJIYeKYAADNj4RCsnRG1h3xtw,"car_dealer, store, point_of_interest, establishment","5239، ضاحية الملك فهد, Dammam",OPERATIONAL,N/A,N/A,26.403466665580545,50.01223504638672,69.88
4,معرض جمال الدهان للسيارات,ChIJxW11XnwDNj4RJlLhH3mxbGc,"car_dealer, store, point_of_interest, establishment","شارع ابوحدرية, Dammam",OPERATIONAL,5,22,26.403466665580545,50.01223504638672,77.88
4,Mohammad Ali Al Suhaimi Buses & Equipment Rentals,ChIJ-f2FywUDNj4R_AbHjGPBZzg,"point_of_interest, establishment","7379, Saudi Arabia 5198, الدمام",OPERATIONAL,4.4,8,26.403466665580545,50.01223504638672,88.91
4,شركة سارا للسيارات,ChIJN75S1e79ST4RRGYkL1kE_WQ,"point_of_interest, establishment","الامير نايف EHAA5322، 5322 الهفوف، 7622، حي ضاحية الملك فهد،, Dammam",OPERATIONAL,3.7,50,26.403466665580545,50.01223504638672,105.49
4,معرض النخبة الماسية للسيارات,ChIJ8e7nxu4DNj4RDKo-UFJE968,"car_dealer, store, point_of_interest, establishment","7473, الدمام",OPERATIONAL,4.2,233,26.403466665580545,50.01223504638672,112.4
4,معرض ديارالهناء,ChIJy572gYcCNj4RRnmNYSKDXTE,"car_dealer, store, point_of_interest, establishment","طريق الظهران, شارع المعارض, Dammam",OPERATIONAL,1.9,11,26.403466665580545,50.01223504638672,122.57
4,فلاح آل سفر,ChIJqVZhUIcCNj4R3GnlTTJoBZk,"car_dealer, store, point_of_interest, establishment","7546 5383, Dammam",OPERATIONAL,4.1,52,26.403466665580545,50.01223504638672,127.49
4,معرض رموز همدان,ChIJffg-eIcCNj4RLuX3C90qxNo,"car_dealer, store, point_of_interest, establishment","5144, Dammam",OPERATIONAL,3.8,113,26.403466665580545,50.01223504638672,127.11
4,Suhaimi cars,ChIJGYP5NYcCNj4RzJioMCTePYI,"car_dealer, store, point_of_interest, establishment","أبو حدرية, Dammam",OPERATIONAL,3.9,307,26.403466665580545,50.01223504638672,138.1
4,Eastern Merit for cars,ChIJH4aKIoMDNj4RxQBOoD514kY,"car_dealer, store, point_of_interest, establishment","Al Hafof street, Dammam",OPERATIONAL,4.2,51,26.403466665580545,50.01223504638672,144.54
4,الترا شيلد ULTRA SHIELD,ChIJoe_6iz8DNj4RQ-j7oAZYQ2w,"car_repair, point_of_interest, establishment","C226+VV4, Dammam",OPERATIONAL,4.7,9,26.403466665580545,50.01223504638672,146.93
4,معرض الظهران الشرقي للسياراتEASTERN DHAHRAN AUTO SHOWROOM,ChIJWwzYCocCNj4R0gR8zjXNeY0,"car_dealer, store, point_of_interest, establishment","5169, Dammam",OPERATIONAL,4.3,36,26.403466665580545,50.01223504638672,148.21
4,سهم الصناعية لفحص وصيانة جميع انواع السيارات بالكمبيوتر الدمام فرع 3,ChIJQxXlsoACNj4RuwCJATbHbyg,"car_repair, point_of_interest, establishment","شارع أبو حدرية, Dammam",OPERATIONAL,3.6,648,26.403466665580545,50.01223504638672,160.59
4,مسجد,ChIJySwIZPYDNj4RuWp3VszKbNs,"point_of_interest, establishment","C237+HG3, Dammam",OPERATIONAL,N/A,N/A,26.403466665580545,50.01223504638672,161.0
4,معرض محرك التسعين للسيارات,ChIJz5MnIQADNj4Rgl7rj_ZMrh8,"store, point_of_interest, establishment","C237+MH3, Dammam",OPERATIONAL,2.3,3,26.403466665580545,50.01223504638672,160.71
4,معرض الرؤيا الشرقية للسيارات,ChIJD__BL04DNj4RH0dcNSxKSLU,"car_dealer, store, point_of_interest, establishment","7689 الرقعي, Dammam",OPERATIONAL,3.1,14,26.403466665580545,50.01223504638672,163.05
4,معرض الورد الذهبي للسيارات,ChIJ-VtDSwADNj4RC-O1EWVapAg,"point_of_interest, establishment","5138، ضاحية الملك فهد، الدمام 32314 7635, Dammam",OPERATIONAL,5,6,26.403466665580545,50.01223504638672,170.09
4,شركة التموين الحديث للسيارات,ChIJ3TotjzoDNj4RQgR9id8ToJs,"car_dealer, store, point_of_interest, establishment","حي, احمد بن مسلم, Dammam",OPERATIONAL,3.6,20,26.403466665580545,50.01223504638672,176.67
4,معرض السعدي فرع 2,ChIJD0E6mYcCNj4RyzKwhMf5PQs,"car_dealer, store, point_of_interest, establishment","ضاحية الملك فهد،, الدمام",OPERATIONAL,3.9,39,26.403466665580545,50.01223504638672,177.65
4,مؤسسة سلاسل البيع التجارية,ChIJD2AAmsv9ST4RJTn9kdXaB9U,"store, point_of_interest, establishment","ابن مكتوم, Dammam",OPERATIONAL,N/A,N/A,26.403466665580545,50.01223504638672,181.55
4,تكافل الخليج,ChIJC9zTvj0DNj4Ruk3O9bWrdkY,"insurance_agency, point_of_interest, establishment",5449 احمد بن مسلم، ضاحية الملك فهد، الدمام 32314 7583،,OPERATIONAL,3.4,10,26.403466665580545,50.01223504638672,183.98
4,مركز المتميزون لفحص السيارات ضمان شامل على الفحص,ChIJvQcxg50DNj4RvVykGcxrfQg,"car_repair, point_of_interest, establishment","5449 7583 احمد بن مسلم،, Dammam",OPERATIONAL,4.8,411,26.403466665580545,50.01223504638672,184.74
4,معرض عبدالله العنزي,ChIJ0U4FRwADNj4RfV8Hv63OmGo,"store, point_of_interest, establishment","5344، 7360, Dammam",OPERATIONAL,N/A,N/A,26.403466665580545,50.01223504638672,186.76
4,تسديد قروض و تحصيل الديون,ChIJh0VOm_wDNj4RqVgzdlMO8bg,"point_of_interest, establishment","C237+MH3, Dammam",OPERATIONAL,4,4,26.403466665580545,50.01223504638672,187.7
4,مركز هويدي بلس لفحص السيارات بالكمبيوتر,ChIJJzwaZvUDNj4RSWtH0nx88vg,"car_repair, point_of_interest, establishment","مجمع الجوهرة, Dammam",OPERATIONAL,4.7,288,26.403466665580545,50.01223504638672,188.6
4,معرض اضواء التميز,ChIJb7Yiq4ACNj4RP22aUSd-n9A,"car_dealer, store, point_of_interest, establishment","Showrooms Street, C237+RF8, Dammam",OPERATIONAL,3.7,22,26.403466665580545,50.01223504638672,189.72
4,مركز الفحص المحترف لفحص السيارات بالكمبيوتر,ChIJY0Usvn8DNj4R53W-kJ1_FcQ,"car_repair, point_of_interest, establishment","Ahmad bin Muslaim st, Dammam",CLOSED_TEMPORARILY,4.2,257,26.403466665580545,50.01223504638672,191.61
4,Saadi Showroom #4,ChIJBSb21oYCNj4Ru4WUE5qdMAM,"car_dealer, store, point_of_interest, establishment","C227+Q78, Dammam",OPERATIONAL,4.1,15,26.403466665580545,50.01223504638672,197.26
4,معرض قوافل الخير للسيارات,ChIJS3Y04IYCNj4RgcrdAHzFte0,"store, point_of_interest, establishment","C226+MVG, Dammam",OPERATIONAL,4.6,17,26.403466665580545,50.01223504638672,198.33
4,Al Shamel Commercial Vehicles,ChIJXRpOZeMDNj4RdU_JRZlyOhE,"store, point_of_interest, establishment","313, Dahiyah King Fhad, الدمام",OPERATIONAL,N/A,N/A,26.403466665580545,50.01223504638672,200.54
4,Kayishha,ChIJcfEmcoYDNj4RT0rhoVCKdOk,"point_of_interest, establishment","7725, Dammam",OPERATIONAL,3.6,72,26.403466665580545,50.01223504638672,198.54
4,كاشف لفحص السيارات,ChIJgaJh-ogDNj4RemDFPvefGBc,"car_repair, point_of_interest, establishment",Dammam,OPERATIONAL,4.3,44,26.403466665580545,50.01223504638672,207.25
4,تقييم السيارة,ChIJh93b3VEDNj4RbOQO7AJMQhE,"car_rental, point_of_interest, establishment","7725, Saudi Arabia، ضاحية الملك فهد، الدمام 32314،،, الدمام",OPERATIONAL,4.3,3,26.403466665580545,50.01223504638672,205.55
4,Lumi Showroom - معرض لومي لمبيعات السيارات,ChIJ3Q_UdoUDNj4Rxjrl-9up-74,"car_rental, point_of_interest, establishment",Dammam,OPERATIONAL,4.4,8,26.403466665580545,50.01223504638672,208.94
4,معرض بيت العربة للسيارات الصينية,ChIJIQncCjEDNj4RP0RzOGIZIXc,"car_dealer, store, point_of_interest, establishment",5098، ضاحية الملك فهد، الدمام 32314 7508،,OPERATIONAL,4.1,15,26.403466665580545,50.01223504638672,208.37
4,Hada cars,ChIJp0vp24YCNj4RHAWjRgwPNic,"car_dealer, store, point_of_interest, establishment","5308, Dammam",OPERATIONAL,4.1,7,26.403466665580545,50.01223504638672,210.5
5,مدرسة رواد المدارات الاهلية - الابتدائية,ChIJp-oySmP9ST4Rw3sJ9iA_9_E,"primary_school, school, point_of_interest, establishment","7448 الامام مسلم, 2604, الدمام",OPERATIONAL,5,2,26.403466665580545,50.028235046386726,852.14
5,Digital Electronics,ChIJTz3G_HL9ST4RxgONm4D1RQo,"electronics_store, store, point_of_interest, establishment","Abu Bakr Alsiddiq Street, Dammam",OPERATIONAL,3.7,148,26.403466665580545,50.028235046386726,863.92
5,مغسلة الجبر Al Jabr Laundry,ChIJNzq6nXP9ST4ReCMOucivAvU,"laundry, point_of_interest, establishment","Abu Bakr Alsiddiq Street, C24P+MM2, Dammam",OPERATIONAL,3.2,128,26.403466665580545,50.028235046386726,908.53
5,صيدلية النهدي,ChIJ6YhVd3T9ST4REvYGu3Hdrfg,"pharmacy, store, health, point_of_interest, establishment","Abu Bakr Alsiddiq Street, Dammam",OPERATIONAL,4,130,26.403466665580545,50.028235046386726,914.64
5,McDonald's,ChIJMe-D5XL9ST4RP1CXzLWXgTc,"restaurant, food, point_of_interest, establishment","Abu Bakr Alsiddiq Street, Dammam",OPERATIONAL,3.7,4301,26.403466665580545,50.028235046386726,925.7
5,Samadeeraty Restaurant,ChIJlWSX2XX9ST4RUJi5GQUvuUU,"restaurant, food, point_of_interest, establishment","شارع أبو بكر الصديق، حي أحد،, Dammam",OPERATIONAL,3.9,3171,26.403466665580545,50.028235046386726,934.79
5,Global Turkish school in Dammam,ChIJlyZCgHT9ST4RdFqv8IXNsT0,"school, point_of_interest, establishment","C24P+XPC, Dammam",OPERATIONAL,4.5,37,26.403466665580545,50.028235046386726,958.91
5,اسواق العثيم | Othaim Markets,ChIJ0VZRzHX9ST4RUYQRZqaIMKI,"supermarket, grocery_or_supermarket, store, food, point_of_interest, establishment","طريق الملك فهد, شارع ابوبكر الصديق ( حي احد, الدمام",OPERATIONAL,4.1,2554,26.403466665580545,50.028235046386726,961.24
5,NCB,ChIJOXjsvXL9ST4RYprk7a3VlQE,"bank, finance, point_of_interest, establishment","Abu Bakr Alsiddiq Street, Dammam",OPERATIONAL,3.5,144,26.403466665580545,50.028235046386726,973.96
5,مدرسة عمرة الانصارية لتحفيظ القرآن,ChIJiU2ibGb9ST4RqBB2nl0xrVE,"school, point_of_interest, establishment","3099 24 و, 7010, الدمام",OPERATIONAL,3.4,10,26.403466665580545,50.028235046386726,975.76
5,Badr District Clinic,ChIJx06FP3D9ST4R1hhySJmpQDI,"health, point_of_interest, establishment","Zubair Ibn Alawwam Street, Dammam",OPERATIONAL,2.2,535,26.403466665580545,50.028235046386726,294.21
5,مراسي للخياطة الرجاليه,ChIJY4bcUAD9ST4Rglr56aETz6c,"point_of_interest, establishment","C23H+57M, Dammam",OPERATIONAL,5,1,26.403466665580545,50.028235046386726,56.35
5,السمو للملابس الرجالية,ChIJQ0tCSQD9ST4Rz8ESBgo0LSc,"clothing_store, store, point_of_interest, establishment","C23H+64J, Dammam",OPERATIONAL,5,3,26.403466665580545,50.028235046386726,61.8
5,اختبار الفوركلفت والكرين,ChIJs_3tJeD9ST4RrPSx5B9poGU,"car_rental, point_of_interest, establishment","8112 عبد الله النيسابوري, EDPB3077، 3077, الدمام",OPERATIONAL,1,1,26.403466665580545,50.028235046386726,62.58
5,كهرمان للمستلزمات الرجالية,ChIJc99cRQD9ST4R9Niy3mvJGXw,"clothing_store, store, point_of_interest, establishment","C23H+54Q, Dammam",OPERATIONAL,5,1,26.403466665580545,50.028235046386726,67.04
5,محل نهار الفخامة للملابس النسائية الجاهزة والأطفال والملابس الداخليه,ChIJEb5myZz9ST4R7g2sxmIUPLE,"clothing_store, store, point_of_interest, establishment","اسوق الشلوي ذوقك حلو, Dammam",OPERATIONAL,5,2,26.403466665580545,50.028235046386726,70.08
5,ذوقك حلو للأطفال,ChIJ-yfu61b9ST4Rkng0i-4w4PM,"shopping_mall, point_of_interest, establishment","مجمع اسواق الشلوي, Dammam",OPERATIONAL,5,1,26.403466665580545,50.028235046386726,70.13
5,معرض نجوم الرواسي للمستلزمات الرجالية,ChIJiQQYT2H9ST4RtS3iJhEsJew,"clothing_store, store, point_of_interest, establishment","بدر،, Dammam",OPERATIONAL,3.8,43,26.403466665580545,50.028235046386726,74.32
5,Badr,ChIJ60FOYnr9ST4R3c40_aXGgZU,"sublocality_level_1, sublocality, political",Badr,UNKNOWN,N/A,N/A,26.403466665580545,50.028235046386726,510.29
5,تفصيل عقال اناقة الخليج العرب,ChIJleJvKf_9ST4RQMsGHG-3eas,"point_of_interest, establishment",Dammam,OPERATIONAL,5,9,26.403466665580545,50.028235046386726,75.11
5,طريق الحلويات,ChIJX0xJ0yj9ST4Rkje4J_NCCR0,"bakery, store, food, point_of_interest, establishment","C23H+455, Dammam",OPERATIONAL,4.5,13,26.403466665580545,50.028235046386726,81.31
5,بديل الذهب للاكسسوارات,ChIJk7eNzyb9ST4R-r9RM20D23c,"store, point_of_interest, establishment","شارع الاشبيلي, Dammam",OPERATIONAL,4.8,4,26.403466665580545,50.028235046386726,81.49
5,مؤسسة روعة نسائم للمفروشات,ChIJ9WhelJ79ST4Rr6WHSI1ThhE,"furniture_store, home_goods_store, store, point_of_interest, establishment","C23H+43X, Dammam",OPERATIONAL,5,2,26.403466665580545,50.028235046386726,83.79
5,عبايات دفتي سوق الشلوي,ChIJi2rubgD9ST4RFLUfFnM3lQE,"clothing_store, store, point_of_interest, establishment","3090 الاشبيلي، 8022, Dammam",OPERATIONAL,4,3,26.403466665580545,50.028235046386726,84.17
5,91 shopping,ChIJq94oF7v9ST4RBIRtu-HXN1c,"shopping_mall, point_of_interest, establishment","C23H+36J, Unnamed Road, الدمام",OPERATIONAL,3.6,39,26.403466665580545,50.028235046386726,85.32
5,بوفية روابي الشلوي,ChIJecCNcXj9ST4RRDalQ5cfAxY,"restaurant, food, point_of_interest, establishment","الشلوي, Dammam",OPERATIONAL,3.9,17,26.403466665580545,50.028235046386726,86.87
5,مشتل بلدية غرب الدمام,ChIJD8YFKTj9ST4RtVLZRsWzsCA,"point_of_interest, establishment","8022 Al Ishbili, 3090, الدمام",OPERATIONAL,5,3,26.403466665580545,50.028235046386726,91.58
5,Exhibition Gulf look for perfumes and cosmetics,ChIJe2OiQ3r9ST4RXSoIjHL0U54,"clothing_store, store, point_of_interest, establishment","3090 الاشبيلي, Dammam",OPERATIONAL,4,49,26.403466665580545,50.028235046386726,92.9
5,بقالة الغافه,ChIJ8QunAQD9ST4RKQpv-B7T0Tk,"grocery_or_supermarket, store, food, point_of_interest, establishment","Imam Muslim Street, C23H+343, Dammam",OPERATIONAL,N/A,N/A,26.403466665580545,50.028235046386726,101.12
5,موسسة الركن المخفض التجارية,ChIJPy3ESEz9ST4R8TfX5WX7hMg,"department_store, store, point_of_interest, establishment","مجمع الشلوي التجاري, Dammam",OPERATIONAL,4.1,27,26.403466665580545,50.028235046386726,104.31
5,مسجد دحية الكلبي,ChIJ39cdb9L9ST4R0SJQ9bVlEes,"mosque, place_of_worship, point_of_interest, establishment","C23H+JJM, Dammam",OPERATIONAL,4.7,17,26.403466665580545,50.028235046386726,105.98
5,NASER SAEED MARIYOOL SOUQ SHELVI,ChIJiRP7xUL9ST4RC0A_AQ_hiPM,"clothing_store, store, point_of_interest, establishment",3090 الاشبيلي، بدر، الدمام 32265 8022،,OPERATIONAL,3.8,4,26.403466665580545,50.028235046386726,105.5
5,مركز الإختيار المناسب,ChIJEaUaZ3r9ST4RXHE2BRitveY,"clothing_store, store, point_of_interest, establishment","8022 3090 الاشبيلي, Dammam",OPERATIONAL,3.7,22,26.403466665580545,50.028235046386726,106.89
5,Supermarket spring,ChIJc4L0ZXr9ST4RqDGPqVfwzfs,"grocery_or_supermarket, store, food, point_of_interest, establishment","3090 الاشبيلي, Dammam",OPERATIONAL,3.8,149,26.403466665580545,50.028235046386726,106.89
5,مريول جلابيات ناصر,ChIJPxlD2NT9ST4RQd6y3uW_5xk,"clothing_store, store, point_of_interest, establishment",Dammam,OPERATIONAL,4.8,12,26.403466665580545,50.028235046386726,107.66
5,Bader,ChIJHUquAwD9ST4RWPTcIHmgSys,"school, point_of_interest, establishment","EDPB7503، 7503 29أ، 2528, Dammam",OPERATIONAL,N/A,N/A,26.403466665580545,50.028235046386726,112.29
5,لين لازياء مريول المدرسيه,ChIJDRdmQ3r9ST4R_qo0PDVmtFY,"clothing_store, store, point_of_interest, establishment",Dammam,OPERATIONAL,3.8,66,26.403466665580545,50.028235046386726,110.28
5,مجمع أسواق الشلوي,ChIJ355aqNH9ST4RXUp8eyywyvc,"shopping_mall, point_of_interest, establishment","3090 الاشبيلي، 8022, C23G+3RQ, Dammam",OPERATIONAL,4.1,949,26.403466665580545,50.028235046386726,113.23
5,زهرة الياقوت للذهب والمجوهرات,ChIJxRx5BK39ST4RhxJvHwpPobE,"jewelry_store, store, point_of_interest, establishment","3090 الاشبيلي, Dammam",OPERATIONAL,4.6,16,26.403466665580545,50.028235046386726,114.16
5,مؤسسة فائر عبد الله الأحمري التجارية,ChIJZwkZXQD9ST4RjeKaTvUsJFw,"clothing_store, store, point_of_interest, establishment","C23G+5W2, Dammam",OPERATIONAL,5,5,26.403466665580545,50.028235046386726,115.78
5,ليالي الورد,ChIJq9qH1O39ST4RbJMtOAos7Sg,"florist, store, point_of_interest, establishment",7970 15 د، بدر، الدمام 32265 3180،,OPERATIONAL,4.6,29,26.403466665580545,50.028235046386726,117.55
5,بوفيه البندري,ChIJ1dHXXHr9ST4RIdnNc_xpl5w,"restaurant, food, point_of_interest, establishment","C23H+229, Dammam",OPERATIONAL,4.1,37,26.403466665580545,50.028235046386726,119.72
5,الدفاع المدني بالحي بدر,ChIJcx2jVLH9ST4Rma1dNdeagf8,"fire_station, point_of_interest, establishment","EDPA8174، 8174 الزبير بن العوام، 3225، حي بدر،, Dammam",OPERATIONAL,5,2,26.403466665580545,50.028235046386726,122.74
5,Shalawi garden,ChIJOwwNgXD9ST4R-iAZ8ae_AiY,"park, point_of_interest, establishment","7958 Zubair Ibn Alawwam Street, Dammam",OPERATIONAL,3.8,1049,26.403466665580545,50.028235046386726,125.14
5,وان منت للساعات والشنط,ChIJM6lbBfr9ST4RJHIxZWtuSIs,"store, point_of_interest, establishment","الاشبيلي, Dammam",OPERATIONAL,5,2,26.403466665580545,50.028235046386726,126.95
5,Riyad Bank ATM,ChIJyYIFgzz9ST4RXb--L9bMyj0,"atm, finance, point_of_interest, establishment","9662 طريق الأمير محمد بن فهد, Dammam",OPERATIONAL,3.5,57,26.403466665580545,50.028235046386726,128.08
5,ماسة الاواني,ChIJ9_2kkl_9ST4RsNrVZrZLVmc,"home_goods_store, store, point_of_interest, establishment","7970 15 د، بدر، الدمام 32265 3180،, Dammam",OPERATIONAL,3.3,14,26.403466665580545,50.028235046386726,132.98
5,خياط فخر الفخامة للخياطة الرجاليه,ChIJNyJyXAD9ST4ROMttn_2oc08,"point_of_interest, establishment","C22H+W92, Dammam",OPERATIONAL,4.6,9,26.403466665580545,50.028235046386726,134.05
5,وطن ساس لتجاره والمقاولات,ChIJ40o_Qrb9ST4RMlieqyWPG-A,"point_of_interest, establishment","Zubair Ibn Alawwam Street, C22H+W4G, Dammam",OPERATIONAL,5,2,26.403466665580545,50.028235046386726,134.95
5,بن دوخي للذهب و المجوهرات,ChIJTTiZgtD9ST4R6Fat22ZTbIc,"jewelry_store, store, point_of_interest, establishment","8022 Al Ishbili, 3090, الدمام",OPERATIONAL,4.4,17,26.403466665580545,50.028235046386726,135.25
5,نـظـره الـعـود,ChIJQfmJTQD9ST4RuvPkpZi_5xA,"store, point_of_interest, establishment","C23G+3RQ, Dammam",OPERATIONAL,4.2,11,26.403466665580545,50.028235046386726,137.65
5,Shouq Ladies tailoring,ChIJkcSOaKn9ST4RZgtUN0a60mA,"shopping_mall, point_of_interest, establishment","C23G+3RQ, Dammam",OPERATIONAL,4.4,7,26.403466665580545,50.028235046386726,139.49
5,الإسكافي الشلوي لتصليح الاحذيه والشنط,ChIJva-UBwD9ST4R7JMUOdBtzo4,"shoe_store, store, point_of_interest, establishment",Dammam,OPERATIONAL,5,1,26.403466665580545,50.028235046386726,141.55
5,خراز الاسكافي اسواق الشلوي,ChIJrYyrLl_9ST4R9riDCTSaMt8,"point_of_interest, establishment","مجمع اسواق الشلوي, شارع عبدالله بن الزبير, Dammam",OPERATIONAL,5,5,26.403466665580545,50.028235046386726,142.75
5,محامص ومطاحن شافي,ChIJ3UQ7WST9ST4RUVunpI2WcoI,"shopping_mall, point_of_interest, establishment","اسواق الشلوي, الدمام حي بدر 91, Dammam",OPERATIONAL,4.4,47,26.403466665580545,50.028235046386726,144.87
5,Ali Hussein Al-Samain Jewelery,ChIJRUTrXHr9ST4RbccssBhyr78,"jewelry_store, store, point_of_interest, establishment","C22G+XX6, Dammam",OPERATIONAL,4.2,41,26.403466665580545,50.028235046386726,144.55
5,نكتار,ChIJzwHnRHr9ST4RvQbA5L7Obio,"shopping_mall, point_of_interest, establishment","C22G+XWJ, Dammam",OPERATIONAL,4.4,10,26.403466665580545,50.028235046386726,146.76
5,اشتياق الخليج للذهب والمجوهرات,ChIJ-0-lHc79ST4RbworXzt2OJ0,"jewelry_store, store, point_of_interest, establishment","مجمع الشلوي, الدمام - حي بدر, Dammam",OPERATIONAL,3.9,25,26.403466665580545,50.028235046386726,148.82
5,زهور الشاطئ,ChIJ21_uLAD9ST4RD0W_OqXyywY,"store, food, point_of_interest, establishment","C22G+XWJ, Dammam",OPERATIONAL,N/A,N/A,26.403466665580545,50.028235046386726,149.32
6,ً,ChIJM9xyeQADNj4RPp8A69Vh6o4,"hair_care, health, point_of_interest, establishment","حي, EHDA3244، 3244 بثينة بنت الضحاك، 6660, الدمام",OPERATIONAL,N/A,N/A,26.390141416482745,49.96423504638672,113.03
6,بئر مياه رقم 4 لحي الأمانة,ChIJQSIxDgADNj4R88dmSwYIb8k,"point_of_interest, establishment","3030 12أ, EHDA6738، 6738, Dammam",OPERATIONAL,N/A,N/A,26.390141416482745,49.96423504638672,234.03
6,جامع الأمانة,ChIJOY0nj_gDNj4RWg-_8fl-vfM,"mosque, place_of_worship, point_of_interest, establishment",Saudi Arabia,OPERATIONAL,4.7,125,26.390141416482745,49.96423504638672,233.92
6,برج اتصال شركة STC,ChIJTz0LHgADNj4RpbI-iJa5wY4,"point_of_interest, establishment","3010 13أ, EHDA6685، 6685, Dammam",OPERATIONAL,N/A,N/A,26.390141416482745,49.96423504638672,254.29
6,Pepper & Hot Restaurants,ChIJY796IwADNj4R-7eWabrc-f8,"restaurant, food, point_of_interest, establishment","حي, 3067 12أ, EHDB6556، 6556, Dammam",OPERATIONAL,4,21,26.390141416482745,49.96423504638672,263.55
6,مغسلة أمواج الشرق,ChIJ8_HK9OADNj4RjaDm1TrGanc,"laundry, point_of_interest, establishment",EHDB6556، 6556 12أ، 3067، حي الأمانة، الدمام 32325،,OPERATIONAL,4,4,26.390141416482745,49.96423504638672,275.84
6,مركز طفولة مرح لضيافة الأطفال,ChIJxfYEPxIDNj4RnT0ziRJd_6g,"school, point_of_interest, establishment","3249 شارع 9 أ, حي, 6870, Dammam",OPERATIONAL,4.7,44,26.390141416482745,49.96423504638672,274.29
6,مجمع أبراج الخليج التجاري,ChIJm0nphosDNj4RWYhZFFZ8tcc,"shopping_mall, point_of_interest, establishment","شارع آمنة بنت عفان، الأمانة، الدمام 32324،, Dammam",OPERATIONAL,4.2,42,26.390141416482745,49.96423504638672,279.48
6,خياط الغيوص النسائي,ChIJeeL-_HoDNj4R8ZmH_cEz4EI,"point_of_interest, establishment","EHDB6556، 6556 12أ، 3067، حي الأمانة، الدمام 32325،،, Dammam",OPERATIONAL,1,1,26.390141416482745,49.96423504638672,281.9
6,خياط الغيوض للنساء,ChIJpxjYSiIDNj4RunV7YkJoqm8,"point_of_interest, establishment","6526 12أ، الأمانة، الدمام 32325 3073،،, Dammam",OPERATIONAL,4.3,6,26.390141416482745,49.96423504638672,283.13
6,صالون أسوار,ChIJY0gibQADNj4Ru8T4FlK20Fo,"hair_care, point_of_interest, establishment","EHDB6556، 6556 12أ، 3067، حي الأمانة, Dammam",OPERATIONAL,3,1,26.390141416482745,49.96423504638672,283.82
6,غيمة شتاء للمياه,ChIJO_jxDkgDNj4RrCeJekQ-H58,"point_of_interest, establishment","12أ, Dammam",OPERATIONAL,5,34,26.390141416482745,49.96423504638672,285.97
6,مكتبة أمانة طريق المطار,ChIJeUDw_CwDNj4RP9tKsqNT7WY,"library, point_of_interest, establishment",EHDB6556، 6556 12أ، 3067، حي الأمانة، الدمام 32325،,OPERATIONAL,1.7,11,26.390141416482745,49.96423504638672,288.11
6,مغسلة القوه العالية,ChIJgQ_AbC0DNj4RSEQ4C_O-bdY,"laundry, point_of_interest, establishment","شارع 12 أ, Dammam",OPERATIONAL,5,2,26.390141416482745,49.96423504638672,289.95
6,تموينات لينا ماركت,ChIJ_7hvltYDNj4Rx0iO_LZs0HM,"supermarket, grocery_or_supermarket, food, store, point_of_interest, establishment","شارع عامر بن أمية, Dammam",OPERATIONAL,4,94,26.390141416482745,49.96423504638672,291.22
6,مؤسسة عالم أبيات لمواد البناء,ChIJlzsnBY0DNj4RWqQG9nba4cg,"store, point_of_interest, establishment",EHDC6526، 6526 12أ، 3073، حي الأمانة، الدمام 32325،,OPERATIONAL,5,1,26.390141416482745,49.96423504638672,300.05
6,فوال وتميس العنزي,ChIJKUo4jN8DNj4R_vZ2-EZiAoc,"restaurant, food, point_of_interest, establishment",EHDC6526، 6526 12أ، 3073، حي الأمانة، الدمام 32325،,OPERATIONAL,2.3,16,26.390141416482745,49.96423504638672,304.19
6,شاليه لمه,ChIJsfLhYMUDNj4R3rgcMjjKrEc,"lodging, point_of_interest, establishment",Dammam,OPERATIONAL,3.8,25,26.390141416482745,49.96423504638672,316.82
6,Al Amanah,ChIJ3ccH9wUDNj4RbhvPFXiiIHU,"sublocality_level_1, sublocality, political",Al Amanah,UNKNOWN,N/A,N/A,26.390141416482745,49.96423504638672,567.11
6,موسسہ عالم ابیات لمودا البناء,ChIJVd_dXwADNj4ROv8I4DwPako,"store, point_of_interest, establishment","3037 13أ, EHDA6549، 6549, الدمام",OPERATIONAL,N/A,N/A,26.390141416482745,49.96423504638672,325.51
6,مسجد محمد بن زهير القحطاني,ChIJzS8LqlADNj4RDAUSagvYmvI,"mosque, place_of_worship, point_of_interest, establishment","حي, 6942 شارع 7 أ، الأمانة، الدمام 32325 3526،",OPERATIONAL,4.9,25,26.390141416482745,49.96423504638672,325.91
6,عطور مطابقة للاصلي,ChIJYUGtrTgDNj4RHY8DbjaN5e0,"clothing_store, store, point_of_interest, establishment","Airport street, Dammam",OPERATIONAL,4.7,6,26.390141416482745,49.96423504638672,333.54
6,East Al Amanah Commercial Corporation,ChIJ-5EZQCP7ST4RJqrqHP0ALX0,"hardware_store, store, point_of_interest, establishment","Amar Bin Yeasir street, Dammam",OPERATIONAL,5,2,26.390141416482745,49.96423504638672,340.98
6,ابتدائية انس ابن الحارث (المكان الفعلي حاليا الى ان يفتتح المبنى الجديد),ChIJSRqAeQADNj4R0PLyOmXeTyY,"primary_school, school, point_of_interest, establishment","EHDB6731، 6731 14ا، 2916, Dammam",OPERATIONAL,N/A,N/A,26.390141416482745,49.96423504638672,351.02
6,ARMS,ChIJH2Ign7YDNj4RIUTXbyUkDAM,"point_of_interest, establishment","شارع كبشة بنت واقد, Dammam",OPERATIONAL,N/A,N/A,26.390141416482745,49.96423504638672,360.66
6,ناصر الحارثي,ChIJ43OaGgADNj4R7MvxvMlI80E,"cafe, food, store, point_of_interest, establishment","6345 شارع أم معقل الأسدية, EHDD3285، 3285, Dammam",OPERATIONAL,N/A,N/A,26.390141416482745,49.96423504638672,384.96
6,متجر مازن للانظمة الصوتيات للمساجد والجوامع والمدارس والمطاعم والكوفيهات,ChIJj3ixAHoDNj4R9T-Hpbfp3qU,"point_of_interest, establishment","https://maps.google.com/?q=26.390694,49.960381",OPERATIONAL,4.4,26,26.390141416482745,49.96423504638672,391.54
6,مسجد,ChIJZxeEGQADNj4R95fZsd2ox7w,"mosque, place_of_worship, point_of_interest, establishment","2854 شارع 15 أ, EHDA6792، 6792, Dammam",OPERATIONAL,N/A,N/A,26.390141416482745,49.96423504638672,407.85
6,جامع خالد بن الوليد (لصاحبه نايف محمد الهاجري),ChIJIfzkFAADNj4RzK5QUv64wDg,"mosque, place_of_worship, point_of_interest, establishment","3586 8ب, EHDB6485، 6485, الدمام",OPERATIONAL,5,11,26.390141416482745,49.96423504638672,428.43
6,استراحة الفارس,ChIJpTWnyKMDNj4R9QjWc0rbhOQ,"lodging, point_of_interest, establishment","9XR6+X5W, Dammam",CLOSED_TEMPORARILY,3.7,83,26.390141416482745,49.96423504638672,458.91
6,مدرسة عمارة بنت حمزة بن عبدالمطلب الابتدائية للبنات,ChIJ4Vyd5lIDNj4R_FemvMnhBdE,"school, point_of_interest, establishment","شارع 15 أ, 9XP6+FQC, Dammam",OPERATIONAL,2.8,30,26.390141416482745,49.96423504638672,497.29
6,تموينات أوسط الشرق للمواد الغذائية,ChIJT4pThfADNj4R62CydZydHUc,"supermarket, grocery_or_supermarket, food, store, point_of_interest, establishment",3190 عبد الله بن عباس، الأمانة، الدمام 32325 6214،,OPERATIONAL,4.2,75,26.390141416482745,49.96423504638672,534.16
6,مجمع الأمانة التعليمي للبنات,ChIJXe11ncYDNj4Re9IRbxiObSo,"school, point_of_interest, establishment","حي, 6300 شارع 13 أ، 2992،, Dammam",OPERATIONAL,3.9,9,26.390141416482745,49.96423504638672,535.95
6,Alaklil alsaghir EST,ChIJe_IlTwADNj4RrR6eI9zcZrw,"store, point_of_interest, establishment","9XP8+6M3, Dammam",OPERATIONAL,N/A,N/A,26.390141416482745,49.96423504638672,567.11
6,مطعم بخاري الأمانة,ChIJ58u9RQADNj4RfUkWbw7rUbA,"restaurant, food, point_of_interest, establishment","9XP8+6M3, Dammam",OPERATIONAL,N/A,N/A,26.390141416482745,49.96423504638672,567.11
6,بقاله اصيل العودي,ChIJ-YreC0QDNj4RH26czpP1gCQ,"grocery_or_supermarket, food, store, point_of_interest, establishment","9XP8+6M3, Dammam",OPERATIONAL,1,1,26.390141416482745,49.96423504638672,567.11
6,مؤسسة صفر الف واكثر التجارية,ChIJUca2XGMDNj4RvdE99RLGjJU,"car_repair, point_of_interest, establishment","شارع عمار بن ياسر, Dammam",OPERATIONAL,N/A,N/A,26.390141416482745,49.96423504638672,576.2
6,استار العروبة للخضار والفواكة,ChIJITQJ_j4DNj4RyxC5kuDCD0Q,"grocery_or_supermarket, food, store, point_of_interest, establishment","شارع عبدالله بن عباس, عبد الله, Dammam",OPERATIONAL,N/A,N/A,26.390141416482745,49.96423504638672,581.43
6,أموال للعقارات,ChIJcTULi9QDNj4R0-2HuWqSlII,"point_of_interest, establishment","شارع عبدالله بن عباس, Dammam",OPERATIONAL,5,4,26.390141416482745,49.96423504638672,589.28
6,قمم الشرق الاوسط للخدمات العقارية,ChIJTc8hi18DNj4RREXe0XaGAJM,"point_of_interest, establishment",Dammam,OPERATIONAL,4.7,19,26.390141416482745,49.96423504638672,599.55
6,شاليهات لافانا الدمام,ChIJg4YvDHoDNj4RefPBpG1izKw,"lodging, point_of_interest, establishment","حي, Dammam",OPERATIONAL,4,220,26.390141416482745,49.96423504638672,624.56
6,شاليهات دي لايت,ChIJD0-A1lEDNj4RlT-Y4lxmkVk,"lodging, point_of_interest, establishment","9XM8+R5Q, Al Amanah, Dammam 32324 9XM8+R5Q،, Dammam",OPERATIONAL,4.5,154,26.390141416482745,49.96423504638672,627.07
6,استراحة الشطيطي,ChIJv0EEGQADNj4RYLn8hR6pWkI,"point_of_interest, establishment","9XR5+H5C, Dammam",OPERATIONAL,5,6,26.390141416482745,49.96423504638672,649.35
6,Dammam West Company For Water,ChIJo1wVXmQDNj4RMe3TJaN2N-U,"point_of_interest, establishment","9XW7+9FJ, Dammam",OPERATIONAL,1.4,8,26.390141416482745,49.96423504638672,646.74
6,اسواق الفتح التجاريه,ChIJdQvWLAADNj4ROLpbQOIqoNs,"supermarket, grocery_or_supermarket, food, store, point_of_interest, establishment","6332 شارع فاطمة بنت أسد, EHDB3784، 3784, Dammam",OPERATIONAL,5,9,26.390141416482745,49.96423504638672,668.33
6,وجهة العمرانية للتطوير العقاري والمقاولات,ChIJ49XuFgADNj4RIn99qbeVuIA,"real_estate_agency, point_of_interest, establishment","6332 شارع فاطمة بنت أسد, EHDB3784، 3784, Dammam",OPERATIONAL,5,10,26.390141416482745,49.96423504638672,672.32
6,استراحة الخمة,ChIJh8IbRgADNj4RyOMG4tsH1sI,"campground, lodging, park, point_of_interest, establishment","2908 16ب, EHDC6165، 6165, Dammam",OPERATIONAL,1,1,26.390141416482745,49.96423504638672,675.15
6,استراحة بني مغيد,ChIJM48npX0DNj4RtsQWESOh0hY,"lodging, point_of_interest, establishment","EHDA2904، 2904 عبد الله بن عباس، 6156، حي الأمانة،, Dammam",OPERATIONAL,3.5,6,26.390141416482745,49.96423504638672,681.49
6,ابوفهد الغامدي للعقارات,ChIJn3E1j2cDNj4Rw6gja0UdOR0,"point_of_interest, establishment","9XM6+W86, Unnamed Road, Dammam",OPERATIONAL,4.7,6,26.390141416482745,49.96423504638672,686.78
6,مركز سرايا الطفل الأهلية لضيافة الأطفال,ChIJZVzhsssDNj4RBtg1z8OdZio,"school, point_of_interest, establishment","حي, ش9ج الدمام ٫",OPERATIONAL,4.9,16,26.390141416482745,49.96423504638672,686.54
6,Nogom Rahal,ChIJ7ZlWHvkDNj4RsoQCms8a1gY,"electronics_store, store, point_of_interest, establishment","9169 شارع عمار بن ياسر, Dammam",OPERATIONAL,N/A,N/A,26.390141416482745,49.96423504638672,694.51
6,أنشاء العقارية,ChIJRzdNTgADNj4RTBXq2frPKus,"real_estate_agency, point_of_interest, establishment","9XM6+V6H, Dammam",OPERATIONAL,5,1,26.390141416482745,49.96423504638672,705.19
6,مشروع شركة الاعمال المدنية المحدودة,ChIJVWYIuggDNj4RbpMjfC5H87g,"general_contractor, point_of_interest, establishment",Dammam,OPERATIONAL,3.7,3,26.390141416482745,49.96423504638672,716.3
6,مسجد,ChIJ2RAtGgADNj4RimBg4BoSD1U,"mosque, place_of_worship, point_of_interest, establishment","EHDA7064، 7064 2ا، 3911, Dammam",OPERATIONAL,N/A,N/A,26.390141416482745,49.96423504638672,727.08
6,مدرسة أنس بن الحارث الإبتدائية,ChIJabVADEcDNj4RZ6leJi_eXSk,"school, point_of_interest, establishment","Unnamed Road, 9XM7+C87, Dammam",OPERATIONAL,3.8,26,26.390141416482745,49.96423504638672,736.76
6,مجمع الامانة التعليمي للبنين,ChIJdaMXFTYDNj4RwqTapUmT33w,"school, point_of_interest, establishment","حي, EHDB8984، 8984 12ب، 2722, Dammam",OPERATIONAL,1,1,26.390141416482745,49.96423504638672,757.69
6,ا,ChIJg2Tb7C4DNj4RZOrUMLxJ_5A,"mosque, place_of_worship, point_of_interest, establishment","6556 2ب, EHDA6556، 4013, الدمام",OPERATIONAL,4.9,16,26.390141416482745,49.96423504638672,760.99
6,Abo Omer Masjid,ChIJIQembgADNj4R7KUVzNJ9zwU,"mosque, place_of_worship, point_of_interest, establishment","6556 2ب, EHDA6556، 4013, الدمام",OPERATIONAL,5,1,26.390141416482745,49.96423504638672,760.99
6,مسجد الرحمن,ChIJu4UyX78DNj4RJz6fiGzG6Iw,"mosque, place_of_worship, point_of_interest, establishment","2961 10ج, EHDB8960، 8960, الدمام",OPERATIONAL,N/A,N/A,26.390141416482745,49.96423504638672,774.81
7,BESCO Steel Industries,ChIJAQAAAAADNj4RpYuMgieD8Eo,"point_of_interest, establishment","Dikaik Street, Al Madina As Sanaiyyah, Dammam",OPERATIONAL,N/A,N/A,26.390141416482745,49.98023504638672,376.26
7,High Pressure Workshop,ChIJk2zNg-oDNj4RCgwB6vNig4A,"point_of_interest, establishment","Al khodariya, Dammam",OPERATIONAL,N/A,N/A,26.390141416482745,49.98023504638672,376.26
7,Aljazeera Tent Est,ChIJBQAAAAADNj4RiCKJ48DjLHk,"point_of_interest, establishment",Dammam,OPERATIONAL,N/A,N/A,26.390141416482745,49.98023504638672,376.26
7,خياط شمس الجزيره,ChIJBQAAAAADNj4RqJkXhjqPSYE,"clothing_store, store, point_of_interest, establishment","الدمام شارع لامير نايف بن عبدالعزيز، مقابل كلية البنات،, Dammam",OPERATIONAL,3.7,7,26.390141416482745,49.98023504638672,376.26
7,فوريفر الدمام,ChIJBQAAAAADNj4RUXrMrQ2LnJo,"pharmacy, health, store, point_of_interest, establishment",Dammam,OPERATIONAL,3.1,9,26.390141416482745,49.98023504638672,376.26
7,Al Ajinah Office,ChIJBQAAAAADNj4RYbnKmzI_j4o,"point_of_interest, establishment",Dammam,OPERATIONAL,5,1,26.390141416482745,49.98023504638672,376.26
7,Hyper Gmart,ChIJAQAAAAADNj4RQGcZbCnFXSM,"grocery_or_supermarket, food, store, point_of_interest, establishment",Dammam,OPERATIONAL,3.7,3,26.390141416482745,49.98023504638672,376.26
7,grandmart,ChIJAQAAAAADNj4RDY12WTE4Wns,"shopping_mall, point_of_interest, establishment",Dammam,OPERATIONAL,3.7,7,26.390141416482745,49.98023504638672,376.26
7,Nariyah university college,ChIJAQAAAAADNj4R9M6LmIvNEE0,"school, point_of_interest, establishment",Dammam,OPERATIONAL,3,1,26.390141416482745,49.98023504638672,376.26
7,Sorting Centre,ChIJAQAAAAADNj4Rv5zvTg0gRII,"doctor, health, point_of_interest, establishment",Dammam,OPERATIONAL,5,4,26.390141416482745,49.98023504638672,376.26
7,مستودع بابل العريقة,ChIJAQAAAAADNj4RGlom1iq1Xk0,"point_of_interest, establishment",Dammam,OPERATIONAL,N/A,N/A,26.390141416482745,49.98023504638672,376.26
7,لمسات المباني للسيراميك والأدوات الصحية,ChIJAQAAAAADNj4Rk9AsecH_Gn0,"point_of_interest, establishment",Dammam,OPERATIONAL,N/A,N/A,26.390141416482745,49.98023504638672,376.26
7,PSA BDP Dammam,ChIJ6ef128MDNj4RfGHORccZ5Ts,"finance, point_of_interest, establishment","Dammam 31411, Saudi Arabia, Dammam",OPERATIONAL,N/A,N/A,26.390141416482745,49.98023504638672,376.27
7,مسجد الحارة,ChIJS8keNwADNj4RzQ4sQmZ9f-4,"mosque, place_of_worship, point_of_interest, establishment","2444 المشعاب, EHAB6290، 6290, Dammam",OPERATIONAL,3.7,3,26.390141416482745,49.98023504638672,421.72
7,شاهي ابو نواف,ChIJL-NxdQADNj4RsS4tBIEdgTY,"cafe, food, store, point_of_interest, establishment","6136 المشعاب, EHAD2560، 2560, Dammam",OPERATIONAL,5,3,26.390141416482745,49.98023504638672,476.43
7,مؤسسة الحصن الازرق,ChIJ171FAAADNj4RPCz-m5aWVeg,"general_contractor, point_of_interest, establishment","تقاطع الستين, Dammam",OPERATIONAL,N/A,N/A,26.390141416482745,49.98023504638672,519.09
7,ورد مزهرية بلدي للزهور My vase,ChIJdbWTJQADNj4R-frEgKQI2Ls,"florist, store, point_of_interest, establishment","EHAC7679, EHAC7679، 7679 طريق اروي بنت ربيعة، 2207, Dammam",OPERATIONAL,5,6,26.390141416482745,49.98023504638672,530.85
7,لورد للخياطة الرجالية,ChIJE9wLSQADNj4ROJN-GL-ET6o,"store, point_of_interest, establishment","اروى بنت ربيعة, Dammam",OPERATIONAL,3.9,7,26.390141416482745,49.98023504638672,530.86
7,كوفي عذوق,ChIJ6T_gFQ3jST4RKwud0Jjzgok,"cafe, food, store, point_of_interest, establishment","سهل بن عدي, Dammam",OPERATIONAL,5,1,26.390141416482745,49.98023504638672,531.43
7,MY VASE,ChIJ14ZpDQADNj4RG8smZTncZg0,"furniture_store, home_goods_store, store, point_of_interest, establishment","EHAC7679, Dammam",OPERATIONAL,N/A,N/A,26.390141416482745,49.98023504638672,547.55
7,DP World Logistics,ChIJKcNANKsDNj4RY9972gHQLUw,"point_of_interest, establishment","9XVG+24V, Saudi Arabia",OPERATIONAL,N/A,N/A,26.390141416482745,49.98023504638672,562.76
7,مطعم ومطبخ طاهرة بخاري,ChIJr9Q3hJ8DNj4Rp0R2A6v_0sg,"restaurant, food, point_of_interest, establishment","9XRP+2CQ, Dammam",OPERATIONAL,3.5,91,26.390141416482745,49.98023504638672,585.63
7,حكاية توته لضيافة الاطفال الاهليه,ChIJx17_NfIDNj4ROx9GyZR9WXk,"school, point_of_interest, establishment","شارع النفوذ, Dammam",OPERATIONAL,5,2,26.390141416482745,49.98023504638672,591.73
7,مخبز وفوال نسيم الضاحية,ChIJp8utdwwDNj4ReJtsoP65gVc,"bakery, food, store, point_of_interest, establishment","9XRP+2CQ, Dammam",OPERATIONAL,3.3,54,26.390141416482745,49.98023504638672,593.75
7,دجاج وبيض,ChIJJ7arerADNj4RlzteO8e54V8,"restaurant, food, point_of_interest, establishment","9XRP+2CQ, Dammam",OPERATIONAL,4,21,26.390141416482745,49.98023504638672,599.21
7,شاي موروث | MOROOTH,ChIJrRsxMAADNj4RSpGLCauYSZE,"cafe, food, store, point_of_interest, establishment","شارع الستين, Dammam",OPERATIONAL,5,15,26.390141416482745,49.98023504638672,598.91
7,محامص البردان للقهوه,ChIJNyJe4BoDNj4RBdxdDM34FV0,"food, point_of_interest, establishment","9XRP+2CQ, Dammam",OPERATIONAL,4.2,5,26.390141416482745,49.98023504638672,606.19
7,خياط الريم للخياطة النسائيه,ChIJURE8APgDNj4RBuBRJPCYVS8,"clothing_store, store, point_of_interest, establishment","الحي العاشر, الرئيسي, Dammam",OPERATIONAL,4.1,11,26.390141416482745,49.98023504638672,626.93
7,مركز علم الطفولة,ChIJ9WutHWQDNj4R9wk94bALUDs,"school, point_of_interest, establishment","EHAC7842 I43 7842, Dammam",OPERATIONAL,4.6,34,26.390141416482745,49.98023504638672,628.4
7,مكتب الحي العاشر للعقار,ChIJUQUHFZwDNj4RKMr4Hq1DLgI,"real_estate_agency, point_of_interest, establishment",2252 ابو محجن الثقفي، ضاحية الملك فهد، الدمام 32313 7593،,OPERATIONAL,3.8,5,26.390141416482745,49.98023504638672,629.03
7,ضاحية الالكتروننيات,ChIJtQ8I2OoDNj4RdonNfgrnhPo,"point_of_interest, establishment","2292 ابو محجن الثقفي،, 7610, Dammam",OPERATIONAL,2,2,26.390141416482745,49.98023504638672,653.09
7,مغاسل حور,ChIJR4t5Ij8DNj4RfstHnVOcIMA,"laundry, point_of_interest, establishment",2292 ابو محجن الثقفي، ضاحية الملك فهد، الدمام 32313 7610،,OPERATIONAL,2.9,10,26.390141416482745,49.98023504638672,659.48
7,شركة عالم البحار لصناعة,ChIJe4SbMAADNj4RI-amftn7R4Y,"point_of_interest, establishment","9XVP+5GV, Dammam",OPERATIONAL,N/A,N/A,26.390141416482745,49.98023504638672,682.23
7,مسجد حارتنا,ChIJuwVLg08DNj4RMv79jTk4GSk,"mosque, place_of_worship, point_of_interest, establishment",2380 العميد، ضاحية الملك فهد، الدمام 32313 7779،,OPERATIONAL,N/A,N/A,26.390141416482745,49.98023504638672,685.69
7,مغسلة الخدمة الفاخرة,ChIJl_KfXwADNj4ResG4uhGauFs,"laundry, point_of_interest, establishment","9XPP+628, Dammam",OPERATIONAL,5,3,26.390141416482745,49.98023504638672,702.33
7,صالون كلاس سبا,ChIJT13CKQADNj4RtIXWpHVbtAk,"beauty_salon, point_of_interest, establishment","7463 سهل بن عدي, Dammam",OPERATIONAL,4.2,133,26.390141416482745,49.98023504638672,707.89
7,صالون زاوية الذوق,ChIJr_75BZwDNj4Rz8Y5BET5Q7Q,"hair_care, health, point_of_interest, establishment","الحي العاشر, شارع الستين, Dammam",OPERATIONAL,4,4,26.390141416482745,49.98023504638672,709.29
7,تموينات فواز الضاحيه,ChIJ6yjwalwDNj4Rw4S2_TRcBak,"supermarket, grocery_or_supermarket, food, store, point_of_interest, establishment","King Fahd Road, Dammam",OPERATIONAL,3.1,44,26.390141416482745,49.98023504638672,713.37
7,حلاق رجالي,ChIJMQ7B-CoDNj4RjrwlP_53-XU,"hair_care, point_of_interest, establishment",2353 ابو محجن الثقفي، ضاحية الملك فهد، الدمام 32313 7554،,OPERATIONAL,3.3,28,26.390141416482745,49.98023504638672,717.47
7,الخيّال شعبيات وأكثر,ChIJOQ71ZAADNj4RXpP6-OBiYO4,"restaurant, food, point_of_interest, establishment","سهل بن عدي, Dammam",OPERATIONAL,3.7,25,26.390141416482745,49.98023504638672,719.71
7,مكتب اصالة المعرفة العقاري,ChIJm7KoYAADNj4RHwVFHxPKEOw,"real_estate_agency, point_of_interest, establishment","الحي العاشر, Dammam",OPERATIONAL,N/A,N/A,26.390141416482745,49.98023504638672,720.63
7,استراحة تاج الجوهره,ChIJZ9Ts2Ab9ST4RsrMZ5SzMu48,"point_of_interest, establishment","خلف مستشفى السعودي الالماني, Dammam",OPERATIONAL,3.5,8,26.390141416482745,49.98023504638672,724.77
7,مطعم درة العاشر البخاري,ChIJyRHHDwADNj4RWNMn58aJSnI,"restaurant, food, point_of_interest, establishment","2254 طريق اروي بنت ربيعة, Dammam",OPERATIONAL,4.2,96,26.390141416482745,49.98023504638672,723.68
7,استراحة وشاليهات كتارا,ChIJlZ789WYDNj4RnIZTynFPElI,"lodging, point_of_interest, establishment","طريق الملك فهد, Dammam",OPERATIONAL,3.7,111,26.390141416482745,49.98023504638672,726.33
7,موادبناء وسباكه وكهرباء,ChIJu7VsJQADNj4Ro856fYRmOYs,"store, point_of_interest, establishment","2254 طريق اروي بنت ربيعة, EHAB7443، 7443, Dammam",OPERATIONAL,N/A,N/A,26.390141416482745,49.98023504638672,728.4
7,صالون الكرسي العصري للحلاقة الرجالية - THE MODERN CHAIR SALON,ChIJlQR32JIDNj4RW_cLju71ZDg,"hair_care, point_of_interest, establishment","طريق اروي بنت ربيعة, Dammam",OPERATIONAL,4.5,15,26.390141416482745,49.98023504638672,728.57
7,Mazj coffee,ChIJHSK6zkIDNj4RPVRJFZsoYGw,"cafe, store, food, point_of_interest, establishment","الحي العاشر, Dammam",OPERATIONAL,4.8,155,26.390141416482745,49.98023504638672,738.57
7,مكتب واجهة الضاحية للعقارات,ChIJI3SD-CcDNj4RaX90-IT4gpc,"real_estate_agency, point_of_interest, establishment","طريق الملك فهد, Dammam",OPERATIONAL,5,2,26.390141416482745,49.98023504638672,742.36
7,DIYAR AL EZZ SUPER MARKET,ChIJExO9HwADNj4RHe2wVzqQRes,"point_of_interest, establishment","الحي العاشر, 9XPP+222, Dammam",OPERATIONAL,3,4,26.390141416482745,49.98023504638672,742.8
7,مكتب ابو غيث المجرشي,ChIJkYjwTgADNj4RDVJLXZXcmAw,"real_estate_agency, point_of_interest, establishment","6213 شرحبيل بن اوس, EHAC2800، 2800, Dammam",OPERATIONAL,N/A,N/A,26.390141416482745,49.98023504638672,755.19
7,مسجد محماس ضيف الله العتيبي,ChIJJUQ7PK4DNj4RDA2QVds9bz0,"mosque, place_of_worship, point_of_interest, establishment",2580 ابو محمد المهذب، ضاحية الملك فهد، الدمام 32314 6643،,OPERATIONAL,4.6,39,26.390141416482745,49.98023504638672,756.85
7,ا,ChIJg2Tb7C4DNj4RZOrUMLxJ_5A,"mosque, place_of_worship, point_of_interest, establishment","6556 2ب, EHDA6556، 4013, الدمام",OPERATIONAL,4.9,16,26.390141416482745,49.98023504638672,877.54
7,Abo Omer Masjid,ChIJIQembgADNj4R7KUVzNJ9zwU,"mosque, place_of_worship, point_of_interest, establishment","6556 2ب, EHDA6556، 4013, الدمام",OPERATIONAL,5,1,26.390141416482745,49.98023504638672,877.54
7,الفهد للسباكة والكهرباء,ChIJTYwrSMQDNj4RtTY5J8iSTDs,"general_contractor, point_of_interest, establishment",2934 شرحبيل بن اوس، ضاحية الملك فهد، الدمام 32314 6267،,OPERATIONAL,3.4,10,26.390141416482745,49.98023504638672,880.28
7,أسواق نخلة الضاحية,ChIJb3PX3ScDNj4R-JRsJnA_g7E,"supermarket, grocery_or_supermarket, store, food, point_of_interest, establishment","شارع عبدالله بن عباس, Dammam",OPERATIONAL,4.8,12,26.390141416482745,49.98023504638672,891.19
7,Ghana Laundry,ChIJX5tlKhUDNj4RMH_SFWLdwWo,"laundry, point_of_interest, establishment",2954 شرحبيل بن اوس، ضاحية الملك فهد، الدمام 32314 6275،,OPERATIONAL,3.8,17,26.390141416482745,49.98023504638672,892.8
7,Electric and plumbing shop,ChIJ5ZIGzC0DNj4RsHYn46PTJqc,"store, point_of_interest, establishment",Dammam,OPERATIONAL,N/A,N/A,26.390141416482745,49.98023504638672,892.92
7,صيدلية جرعة 1 للأدوية,ChIJ5TfkDAADNj4RQWoE1tnMvCw,"pharmacy, store, health, point_of_interest, establishment","9355 عبد الله بن عباس, EHDB3726، 3726, Dammam",OPERATIONAL,4.6,7,26.390141416482745,49.98023504638672,898.11
8,منظفات وبلاستيك,ChIJg0GlphIDNj4RWJJJLUZQfws,"store, point_of_interest, establishment","شارع, Al Khobar",OPERATIONAL,N/A,N/A,26.390141416482745,49.99623504638673,55.95
8,مكتب المحيا للعقار,ChIJqdpQApMDNj4Rcx2X8fs876A,"real_estate_agency, point_of_interest, establishment","EHAE3301، 3301 الخبر، 7935، حي ضاحية الملك فهد،, Dammam",OPERATIONAL,4,4,26.390141416482745,49.99623504638673,60.63
8,البناي لتعبئة المياه المحلاه,ChIJn2qa_TEDNj4RvoE4nfiaZp4,"store, point_of_interest, establishment","7935،، ضاحية الملك فهد،, 3301 ابو محجن الثقفي، ضاحية الملك فهد، الدمام 32313, Dammam",OPERATIONAL,4.6,18,26.390141416482745,49.99623504638673,61.7
8,إبرة الخنساء للخياطه النسائيه,ChIJ7a64tVwDNj4R5e6KnEyvRMQ,"point_of_interest, establishment","ابو عبيده بن الجراح, Dammam",OPERATIONAL,1,1,26.390141416482745,49.99623504638673,104.91
8,مؤسسة سالم احمد بن عامر المهري للتجارة,ChIJjcrs-28DNj4RB-e802DxVeE,"store, point_of_interest, establishment","8034 3281 ابو عبيده بن الجراح،, Dammam",OPERATIONAL,5,2,26.390141416482745,49.99623504638673,105.17
8,العلياني ابونواف,ChIJYWy8LAADNj4RFg5xDaeBILY,"primary_school, school, point_of_interest, establishment","EHAB3230، 3230 حرض، 8034, Dammam",OPERATIONAL,N/A,N/A,26.390141416482745,49.99623504638673,129.21
8,حلا الين للحلويات,ChIJ4SH5pe4DNj4R8VPf1_bYxPM,"bakery, store, restaurant, food, point_of_interest, establishment","ابو عبيده بن الجراح, Dammam",OPERATIONAL,3.9,40,26.390141416482745,49.99623504638673,158.89
8,قهوةمخرج عشرين 20 الضاحية الحي العاشر,ChIJsyn1zlf9ST4RPGLZwNxLM9U,"store, food, point_of_interest, establishment","ابوعبيدة بن الجراح, Dammam",OPERATIONAL,4,4,26.390141416482745,49.99623504638673,159.27
8,غصن وردتي,ChIJb8wmLvQDNj4Rb38qTSq0W3w,"store, point_of_interest, establishment","ابو عبيده بن الجراح, Dammam",OPERATIONAL,5,4,26.390141416482745,49.99623504638673,165.89
8,مشويات و معجنات جياد دمشق,ChIJicn-Q_cDNj4ReQ-OUJt28G8,"restaurant, food, point_of_interest, establishment","ابو عبيده بن الجراح،, Dammam",OPERATIONAL,3.6,126,26.390141416482745,49.99623504638673,210.46
8,تموينات صفوة المحبة,ChIJJdLKpoYDNj4R1Okp1AoJkUg,"supermarket, grocery_or_supermarket, store, food, point_of_interest, establishment","9XRW+P3M, Dammam",OPERATIONAL,3.6,16,26.390141416482745,49.99623504638673,216.32
8,مطعم الشيف شعاع,ChIJsQ8HEwADNj4RMFl8gpuYMfs,"restaurant, food, point_of_interest, establishment",Dammam,OPERATIONAL,4.6,97,26.390141416482745,49.99623504638673,239.08
8,صفوه الريان للدواجن,ChIJDzYFVQADNj4Rw9DFOqveAkg,"store, food, point_of_interest, establishment","3213 ابو عبيده بن الجراح, EHAC8156، 8156, Dammam",OPERATIONAL,N/A,N/A,26.390141416482745,49.99623504638673,244.46
8,مزاد الخضري,ChIJKwoHrbcDNj4R1RYdDlOMekI,"car_dealer, store, point_of_interest, establishment","7912, 3462, الدمام",OPERATIONAL,3.7,6,26.390141416482745,49.99623504638673,246.4
8,مغاسل منال للملابس,ChIJN2HfUQADNj4RpWVV1ykDR4c,"laundry, point_of_interest, establishment","أبوعبيده بن الجراح, 9XRV+RW5, Dammam",OPERATIONAL,3.7,11,26.390141416482745,49.99623504638673,248.6
8,حلاق ربع القمر للحلاقة الرجالية والاطفال,ChIJD1bySAADNj4R1ODNsByX_Mo,"hair_care, point_of_interest, establishment","ممشى, Dammam",OPERATIONAL,4.8,106,26.390141416482745,49.99623504638673,249.13
8,مسجد الحاره,ChIJRZ6jwlkDNj4RINfBTokw2a8,"mosque, place_of_worship, point_of_interest, establishment",3160 الغيوم، ضاحية الملك فهد، الدمام 32313 8092،,OPERATIONAL,5,1,26.390141416482745,49.99623504638673,256.27
8,مكتبة ضاحية الملك فهد 2,ChIJuWpfJAADNj4RPxURXrHvQVs,"library, point_of_interest, establishment","9XQV+6GM, Dammam",OPERATIONAL,N/A,N/A,26.390141416482745,49.99623504638673,333.66
8,صالون علم الفخامة,ChIJybV3IQADNj4RseLCLw2qh4Y,"hair_care, point_of_interest, establishment","حي, EHAE7721, 7721 طريف، 3115, Dammam",OPERATIONAL,3,4,26.390141416482745,49.99623504638673,337.73
8,مكتبة ضاحية المستقبل للنسخ والتصوير,ChIJY707U5kDNj4RO-Oajwom3Tw,"library, point_of_interest, establishment","حي العاشر, Dammam",OPERATIONAL,2.7,9,26.390141416482745,49.99623504638673,355.36
8,غنى الورد,ChIJbyPfPwADNj4R24uAE0lZcLI,"store, point_of_interest, establishment","3123 طريف, EHAD7703، 7703, Dammam",OPERATIONAL,3.7,20,26.390141416482745,49.99623504638673,359.37
8,صالون7,ChIJNVpXRAADNj4RBhuBLDnjtk0,"hair_care, point_of_interest, establishment","3130 طريف, EHAF7685، 7685, Dammam",OPERATIONAL,4.4,10,26.390141416482745,49.99623504638673,364.14
8,وايت ماء حلو,ChIJFZ4UMQADNj4RxGZc5Wq8CXU,"point_of_interest, establishment","3159 ابو عبيده بن الجراح, EHAI8250، 8250, Dammam",OPERATIONAL,4.6,18,26.390141416482745,49.99623504638673,369.34
8,Fruits and vegetables,ChIJHaUGHAADNj4RidmaI_OqM9g,"store, food, point_of_interest, establishment","3130 طريف, EHAF7685، 7685, الدمام",OPERATIONAL,N/A,N/A,26.390141416482745,49.99623504638673,366.69
8,مغاسل غدير الصبايا,ChIJ__sZRAADNj4RgRHC30BdQDQ,"laundry, point_of_interest, establishment","3130 طريف, EHAF7685، 7685, Dammam",OPERATIONAL,3.2,5,26.390141416482745,49.99623504638673,368.06
8,مشغل وخياطة فن ملك,ChIJZVNbYgADNj4RaM0mJYutBxE,"clothing_store, store, point_of_interest, establishment","ممشى, Dammam",OPERATIONAL,4.4,7,26.390141416482745,49.99623504638673,371.27
8,مغاسل أبراج غنى,ChIJPZFwJQADNj4R2PGXOjOB-G8,"laundry, point_of_interest, establishment","3123 طريف, EHAD7703، 7703, Dammam",OPERATIONAL,5,2,26.390141416482745,49.99623504638673,371.6
8,اسواق سلال الغز التجارية,ChIJ_XGacAADNj4REp6JoUT6GoA,"store, point_of_interest, establishment","9XPV+WMR, Dammam",OPERATIONAL,N/A,N/A,26.390141416482745,49.99623504638673,371.94
8,أسواق سلال العز التجارية,ChIJYxLSHgADNj4R2knKDpcyRu4,"supermarket, grocery_or_supermarket, store, food, point_of_interest, establishment","3137 طريف, EHAF7667، 7667, Dammam",OPERATIONAL,1.7,14,26.390141416482745,49.99623504638673,373.22
8,محامص ومطاحن الوجار,ChIJU4TGegcDNj4Rz2HMFsJvJCE,"food, point_of_interest, establishment","9XQV+57H, Dammam",OPERATIONAL,4.8,19,26.390141416482745,49.99623504638673,385.22
8,الشكل الرفيع المتقدم للمستلزمات الرجالية والخياطة,ChIJnxeLUDEDNj4RDmpzSY_Yzik,"clothing_store, store, point_of_interest, establishment","طريف, Dammam",OPERATIONAL,3.7,9,26.390141416482745,49.99623504638673,385.8
8,تموينات سلة العاشر,ChIJKz016gUDNj4RcykSS47k0s4,"supermarket, grocery_or_supermarket, store, food, point_of_interest, establishment","7784 3009 عمرو بن الاسود, Dammam",OPERATIONAL,3.6,124,26.390141416482745,49.99623504638673,387.74
8,سكر مالح,ChIJVRgTP4QDNj4RQRoYBylE7so,"store, food, point_of_interest, establishment","عمرو بن الأسود, Dammam",OPERATIONAL,4.3,47,26.390141416482745,49.99623504638673,388.8
8,فريش طبيعي للعصائر,ChIJ2Zj7DQADNj4R4Xczzpml33Q,"food, point_of_interest, establishment","EHAA7690، 7690 طريف, 3047 حي, Dammam",OPERATIONAL,4.3,22,26.390141416482745,49.99623504638673,392.94
8,بطاطس حاتم جيزاني,ChIJk7fMJlEDNj4ReWMQH35XlSI,"restaurant, food, point_of_interest, establishment",الدمام,OPERATIONAL,4.2,5,26.390141416482745,49.99623504638673,407.48
8,مغسلة مسك,ChIJi8xu7goDNj4RutPlh14QERc,"laundry, point_of_interest, establishment","9XVV+6FQ, Dammam",OPERATIONAL,3.6,10,26.390141416482745,49.99623504638673,410.06
8,بقالة عمر الصيعري,ChIJ1dH1KIYDNj4R72wodyz2_UE,"store, point_of_interest, establishment","9XVV+6FQ, Dammam",OPERATIONAL,4.1,79,26.390141416482745,49.99623504638673,411.71
8,عصائر الجوري الضاحية الحي 9,ChIJXSouukUDNj4RKQn1dIbHgWk,"food, point_of_interest, establishment","شارع حرض, Dammam",OPERATIONAL,4,52,26.390141416482745,49.99623504638673,423.58
8,اسواق الرف الذهبي,ChIJ0zTrGNEDNj4RqTNCdgF_ZYk,"grocery_or_supermarket, food, store, point_of_interest, establishment","شرحبيل بن اوس, Dammam",OPERATIONAL,4.5,4,26.390141416482745,49.99623504638673,423.7
8,ALKHODARI AUCTION YARD,ChIJ-ZOHk9QDNj4RodRKrCsxPhQ,"general_contractor, point_of_interest, establishment","Unnamed Road, 92Q2+C39, Dammam",OPERATIONAL,3.9,8,26.390141416482745,49.99623504638673,436.99
8,بوفيه المذاق المذهل,ChIJjfZjKswDNj4ROQadx0g60as,"restaurant, food, point_of_interest, establishment",3131 شرحبيل بن اوس، ضاحية الملك فهد، الدمام 32313 8261،، ضاحية الملك فهد، الدمام 32313،,OPERATIONAL,3.9,244,26.390141416482745,49.99623504638673,438.86
8,مطبخ أم وسام أسر منتجة,ChIJP8xqWwADNj4Ra2q6Xv9aMgg,"restaurant, food, point_of_interest, establishment","EHAA3252، 3252 حقل الغوار، 7534, Dammam",CLOSED_TEMPORARILY,5,7,26.390141416482745,49.99623504638673,440.02
8,ثمار العابر,ChIJAzCfJgADNj4Rw9j0dDBEWiM,"grocery_or_supermarket, food, store, point_of_interest, establishment","6437 شرحبيل بن اوس, EHAB3358، 3358, Dammam",OPERATIONAL,3.9,7,26.390141416482745,49.99623504638673,451.51
8,Plumbing Electronics & Dish- سباك و كهربائي ودش 📡,ChIJ6TVVXwADNj4RvPsFg4XPkJI,"electronics_store, store, point_of_interest, establishment","DAHIYA 10,HAIL, الدمام",OPERATIONAL,3.3,6,26.390141416482745,49.99623504638673,455.23
8,simplest Burger ابسط برجر,ChIJeyyCHwADNj4RKmEEj-TU9c8,"restaurant, food, point_of_interest, establishment","King Fahad District, Dammam",OPERATIONAL,4.7,91,26.390141416482745,49.99623504638673,458.52
8,بوفية فن تاج الضاحية,ChIJo2UlWl0DNj4RWvqpSJ-ZAdY,"restaurant, food, point_of_interest, establishment",Dammam,OPERATIONAL,4.3,44,26.390141416482745,49.99623504638673,458.5
8,استراحه خولان,ChIJlbmeYwADNj4RSAqdcMcnwYE,"lodging, point_of_interest, establishment","6452 شرحبيل بن اوس, 3394, Dammam",OPERATIONAL,5,1,26.390141416482745,49.99623504638673,460.37
8,ديار يارا للخضار والفواكه,ChIJB9b7ZgADNj4R-E6QyUK0A5E,"food, store, point_of_interest, establishment","9XVV+99W, Dammam",OPERATIONAL,4.8,30,26.390141416482745,49.99623504638673,463.21
8,مطبق المختص,ChIJqxBrKQQDNj4RgjSPbCzkh44,"restaurant, food, point_of_interest, establishment","شرحبيل ابن اوس, Dammam",OPERATIONAL,4.3,6,26.390141416482745,49.99623504638673,467.43
8,بقاله زهره المصري الي فيها سيىء جدا ويرفض يوصل,ChIJOTThJHIDNj4RcXU2VAg4c7I,"supermarket, grocery_or_supermarket, food, store, point_of_interest, establishment","الضاحيه العاشر, Dammam",OPERATIONAL,3.7,13,26.390141416482745,49.99623504638673,487.69
8,مغاسل ثاني بريق,ChIJ97VZegADNj4Rdi-1h7uY7ss,"laundry, point_of_interest, establishment","6427 شرحبيل بن اوس, EHAA3332، 3332, Dammam",OPERATIONAL,4.4,45,26.390141416482745,49.99623504638673,490.53
8,صالون جوي بوي للحلاقة الرجالية,ChIJX_i-IB4DNj4RMthBjPjDJuo,"hair_care, point_of_interest, establishment","شرحبيل بن اوس, Dammam",OPERATIONAL,4.8,43,26.390141416482745,49.99623504638673,493.95
8,ابو اسراء للمياه العذبه,ChIJB4mVfQADNj4RKa_wshauikU,"point_of_interest, establishment","6475 السدود, EHAB3450، 3450, Dammam",OPERATIONAL,5,1,26.390141416482745,49.99623504638673,522.57
8,لقيمات ترشرش,ChIJ29T8MQADNj4RsyXSK0DhCSo,"restaurant, food, point_of_interest, establishment","ممشى, Dammam",OPERATIONAL,4,4,26.390141416482745,49.99623504638673,536.13
8,مسجد ابو عمر,ChIJLU5qXKEDNj4R6vuzxq8PlPQ,"mosque, place_of_worship, point_of_interest, establishment","9XPR+PQ7, Dammam",OPERATIONAL,5,2,26.390141416482745,49.99623504638673,569.89
8,Mosque,ChIJN9vvuFIDNj4RhLi4MtzgJpM,"mosque, place_of_worship, point_of_interest, establishment","9XPW+2VH, Dammam",OPERATIONAL,4.6,30,26.390141416482745,49.99623504638673,572.06
8,مسجد مزنه بنت سليمان السديري رحمها الله,ChIJ2_ucoz8DNj4RaM2iCiu0zLk,"mosque, place_of_worship, point_of_interest, establishment","EHAC6596، 6596 20أ، 3420، حي ضاحية الملك فهد،, Dammam",OPERATIONAL,4.9,31,26.390141416482745,49.99623504638673,584.14
8,مسجد الحي التاسع,ChIJPZMyDmkDNj4R11CVteSUZus,"mosque, place_of_worship, point_of_interest, establishment",3359 علي الزيات، ضاحية الملك فهد، الدمام 32314 6585،,OPERATIONAL,4.8,10,26.390141416482745,49.99623504638673,587.02
9,البرية العربية لنقل السيارات,ChIJD7EliIUCNj4RHXpS2_Xn9sw,"point_of_interest, establishment","4340, Dammam",OPERATIONAL,3.6,557,26.390141416482745,50.01223504638672,749.4
9,Vernier Gallery,ChIJv2X2vIUCNj4R0E4pBP7c02w,"car_dealer, store, point_of_interest, establishment","Near Toyota Dealer, Abhadriya St, Dammam",OPERATIONAL,3.6,41,26.390141416482745,50.01223504638672,751.5
9,آليات الصحراء للمولدات الكهربائية,ChIJfdseLJ0CNj4RSsakTMM4g_4,"store, point_of_interest, establishment",Dammam,OPERATIONAL,4,30,26.390141416482745,50.01223504638672,757.54
9,Barn's | بارنز,ChIJZUT86JMISj4Rt4ETSRYf2WQ,"cafe, food, store, point_of_interest, establishment",Dammam,OPERATIONAL,3.6,56,26.390141416482745,50.01223504638672,908.05
9,Alsafa. Cars,ChIJQ_VrSY8CNj4RylCph0uggpQ,"car_dealer, store, point_of_interest, establishment","8760, Dammam",OPERATIONAL,3.6,73,26.390141416482745,50.01223504638672,925.79
9,اعمال سكوير,ChIJs7SNs_EDNj4RVG0Zj7u3lVY,"storage, point_of_interest, establishment","شارع ابو حدريه, Dammam",OPERATIONAL,5,3,26.390141416482745,50.01223504638672,240.96
9,Burger mashwi,ChIJ3erV-MQDNj4RfVW-4Jk1VVU,"restaurant, food, point_of_interest, establishment","8866 خبيب بن عدي، 4885, حي EHAA8866, الدمام",OPERATIONAL,N/A,N/A,26.390141416482745,50.01223504638672,274.36
9,مستودع تاجير MG الدمام,ChIJBzddv4EDNj4RJLfhk62coyg,"storage, point_of_interest, establishment","92P7+P6J, Dammam",OPERATIONAL,3,6,26.390141416482745,50.01223504638672,375.17
9,شركه غازكو الدمام,ChIJH8FkFwADNj4R_zJ1tsbyc4U,"point_of_interest, establishment","92Q8+JMJ, Dammam",OPERATIONAL,2,4,26.390141416482745,50.01223504638672,455.99
9,شاهي ابو تركي,ChIJUbUrcAADNj4RMswbSrtJHmM,"cafe, food, store, point_of_interest, establishment","شارع المعارض, 92Q5+27H, Dammam",OPERATIONAL,N/A,N/A,26.390141416482745,50.01223504638672,489.87
9,ALSHAQRA Trading Est,ChIJ5-d3q5wCNj4RjBbRsOM3644,"point_of_interest, establishment","5039 طريق ابو حدرية, Dammam",OPERATIONAL,4.2,17,26.390141416482745,50.01223504638672,535.49
9,المصنع بحر الخليج للصناعات,ChIJP8n9Y7cDNj4RZblCu5qycck,"point_of_interest, establishment","92V7+X86, Dammam",OPERATIONAL,5,3,26.390141416482745,50.01223504638672,538.45
9,جافا مكس,ChIJ2-pss1UDNj4RSR0Pk57JTNM,"point_of_interest, establishment",5039 طريق ابو حدرية، ضاحية الملك فهد، الدمام 32313 8574،,OPERATIONAL,4.8,6,26.390141416482745,50.01223504638672,544.25
9,مقهى فجر الديوانية,ChIJX_fJFoYCNj4RBQjOZJWIrME,"cafe, food, point_of_interest, establishment","طريق المعارض, Dammam",OPERATIONAL,3.6,1520,26.390141416482745,50.01223504638672,548.82
9,مصنع الايرادات العالمية للصناعة,ChIJ4x0_G3YDNj4Rpg6A0PCraM8,"point_of_interest, establishment","4962 ام الهوشان, EHAA4962، 8483, Dammam",OPERATIONAL,N/A,N/A,26.390141416482745,50.01223504638672,561.5
9,Jb,ChIJJ4S5cAADNj4RHhvtZeK5Q84,"point_of_interest, establishment","EHAA4962، 4962 ام الهوشان، 8483, الدمام",OPERATIONAL,N/A,N/A,26.390141416482745,50.01223504638672,563.66
9,نظم إنتاج النخبه Premium Production Systems,ChIJV2jFJAADNj4RDQyu00-tC5U,"point_of_interest, establishment","4834, Dammam",OPERATIONAL,5,1,26.390141416482745,50.01223504638672,581.47
9,ايليت انجينيرنج العربيه لتأهيل اللحامين واعمال اللحام,ChIJOyHvzIgDNj4Rxypfbuuf4UE,"point_of_interest, establishment","4834, Dammam",OPERATIONAL,N/A,N/A,26.390141416482745,50.01223504638672,581.47
9,AL-Thobaiti Electrical Maintenance,ChIJrcPSjdH9ST4ReGdulIPAVgg,"point_of_interest, establishment","5039 Abu Hadriyyah Rd, Dammam",OPERATIONAL,4.6,18,26.390141416482745,50.01223504638672,588.02
9,PONT FOR ACRYLIC PRODUCTS,ChIJK80Az779ST4RtWoPjlNHDpY,"point_of_interest, establishment","ABO HIDRIAH, Dammam",OPERATIONAL,5,2,26.390141416482745,50.01223504638672,590.72
9,RedBox Warehouse,ChIJ1z4ooJkDNj4RutV1vM-MFU8,"point_of_interest, establishment","ABO HIDRIAH, Dammam",OPERATIONAL,3.7,3,26.390141416482745,50.01223504638672,594.63
9,معرض منارة العرين للسيارات,ChIJMdWtj8IDNj4RKH8csGLojcE,"store, point_of_interest, establishment",Dammam,OPERATIONAL,5,1,26.390141416482745,50.01223504638672,595.56
9,Arkaa Brothers Sweets Factory,ChIJ2xvOXUsDNj4R9_tx94xBGxk,"point_of_interest, establishment","Dist, 4886 Mousa Al Razi St, Dammam",OPERATIONAL,5,1,26.390141416482745,50.01223504638672,601.07
9,معرض حامد سالم الشمري للسيارات,ChIJ09pz9UsDNj4RiSvfEqCfV2s,"store, point_of_interest, establishment","4668، ضاحية الملك فهد، الدمام 32313 8629،, Dammam",OPERATIONAL,4.4,81,26.390141416482745,50.01223504638672,600.53
9,مصنع عمارة الشرق المحدثة للصناعة,ChIJW8Cj03EDNj4RtC-5vRXtqbg,"point_of_interest, establishment","طريق ابو حدرية, Dammam",OPERATIONAL,5,6,26.390141416482745,50.01223504638672,601.88
9,اليان لفحص السيارات بالكمبيوتر,ChIJl7WP8jYDNj4RNoSN_QV1lVY,"car_repair, point_of_interest, establishment","92W7+762, Dammam",OPERATIONAL,4.2,5,26.390141416482745,50.01223504638672,613.99
9,معرض صروح نجد للسيارات والشاحنات إستيراد وتصدير,ChIJP-wDE4MDNj4RV-KVNuPUyAM,"shopping_mall, point_of_interest, establishment","8640, Dammam",OPERATIONAL,4.1,72,26.390141416482745,50.01223504638672,615.05
9,مركز سهم 2 و 4 لفحص السيارات,ChIJH53llNgDNj4R24P8vtK1BVk,"car_repair, point_of_interest, establishment",Dammam,OPERATIONAL,3.8,25,26.390141416482745,50.01223504638672,617.7
9,شركة سيارات الفلاح,ChIJve4ddfYDNj4R1DSrZnzluOo,"car_dealer, store, point_of_interest, establishment","ضاحية الملك فهد،, Dammam",OPERATIONAL,3.9,17,26.390141416482745,50.01223504638672,618.05
9,Al Markez Al Tegni Tech check,ChIJTfQFHX4CNj4RJvEu3t9rO0Q,"car_repair, point_of_interest, establishment","معارض السيارات, 7750, Dammam",OPERATIONAL,3.7,541,26.390141416482745,50.01223504638672,630.09
9,معرض نجوم الشرقية للسيارات,ChIJv70KYdwDNj4R17IM3T1jNuI,"car_dealer, car_repair, store, point_of_interest, establishment","Showrooms Street, Dammam",OPERATIONAL,4.1,83,26.390141416482745,50.01223504638672,633.79
9,BOSS,ChIJJ1t2CO8DNj4RVZx24B4Z39Q,"point_of_interest, establishment","4835 الثميري، 8616, Saudi Arabia, الدمام",OPERATIONAL,4.1,78,26.390141416482745,50.01223504638672,636.09
9,كراج الشمالي,ChIJ4UppWoMCNj4R8MZN4o4klsI,"point_of_interest, establishment","92W7+7J7, Dammam",OPERATIONAL,4.1,60,26.390141416482745,50.01223504638672,636.93
9,معرض نية الخير للسيارات,ChIJdwBU9XMDNj4RpcDfHbgGv0I,"car_dealer, store, point_of_interest, establishment","ضاحية الملك فهد،, Dammam",OPERATIONAL,4.2,24,26.390141416482745,50.01223504638672,640.72
9,مركزكاشف,ChIJdStjZAADNj4RFGoJDcdMzrU,"point_of_interest, establishment","92W7+88P, Dammam",OPERATIONAL,N/A,N/A,26.390141416482745,50.01223504638672,641.52
9,مستودع شركة مدماك فرع الدمام,ChIJ8Q0hz_oDNj4ReHCJQ0dLHoA,"storage, point_of_interest, establishment","EHAB4940، 4940 جوده، 8616، ضاحية الملك فهد، الدمام 32313, Dammam",OPERATIONAL,N/A,N/A,26.390141416482745,50.01223504638672,653.42
9,مركز رحيل للتلميع,ChIJc5rcOAADNj4RLsGzTmT_2VA,"car_repair, point_of_interest, establishment","92W7+99M, Dammam",OPERATIONAL,N/A,N/A,26.390141416482745,50.01223504638672,656.3
9,AVI Car Showroom,ChIJowx66IQCNj4RVw7vm-FiPFU,"car_dealer, store, point_of_interest, establishment","92W6+CPM, Dammam",OPERATIONAL,3.8,62,26.390141416482745,50.01223504638672,658.95
9,abaqarabia,ChIJ25dc6woDNj4RU2QKFA37sOI,"clothing_store, store, point_of_interest, establishment","مركز العثيم, Dammam",OPERATIONAL,N/A,N/A,26.390141416482745,50.01223504638672,669.06
9,مركز معتمد 3M لتلميع السيارات,ChIJtfrcSgADNj4RPsy9Bf1sfj8,"car_repair, point_of_interest, establishment","8631 سكاكا, حي, EHAA4863, 4863, Dammam",OPERATIONAL,3.8,13,26.390141416482745,50.01223504638672,667.95
9,شركة رواج العربي للصناعة RAWAJ AL ARABI INDUSTRIAL COMPANY,ChIJcb5G0qMDNj4RmVenb21nbL8,"general_contractor, home_goods_store, store, point_of_interest, establishment","ام الهوشان, Dammam",OPERATIONAL,4.6,9,26.390141416482745,50.01223504638672,669.81
9,مركز افلاي امر للتلميع,ChIJFwwnXIMCNj4RIfvH8fh3u2k,"car_repair, point_of_interest, establishment","92W7+9HP, Dammam",OPERATIONAL,3,3,26.390141416482745,50.01223504638672,668.46
9,IKK Rubberlining Workshop,ChIJQ4RYbhoDNj4RLtYsyaAW9Is,"point_of_interest, establishment","EHAA5106، 5106 ام الهوشان، 8557، حي ضاحية الملك فهد،, الدمام",OPERATIONAL,4.3,3,26.390141416482745,50.01223504638672,674.12
9,Star Namu Service center,ChIJS7fsnV8DNj4RLPxQsGxqRSo,"point_of_interest, establishment","Near Abu Hadriyah Road, Dammam",OPERATIONAL,5,2,26.390141416482745,50.01223504638672,675.91
9,شركة مصنع المتميزون للصناعة,ChIJ_U9i09EDNj4RLGEPzJe3GPY,"point_of_interest, establishment","5029 جوده، EHAB5029، 8572، حي ضاحية الملك فهد،،, Dammam",OPERATIONAL,4.4,7,26.390141416482745,50.01223504638672,677.48
9,Car Tech,ChIJ2UdDq9gDNj4R-Q_Ewdtv2lI,"car_repair, point_of_interest, establishment","4863 الثميري، 8631, Saudi Arabia, الدمام",OPERATIONAL,3.9,16,26.390141416482745,50.01223504638672,677.16
9,شركة جواهر الورق التجارية,ChIJt69ZyzX9ST4RKsJulFGtFCQ,"point_of_interest, establishment",الدمام,OPERATIONAL,4.2,5,26.390141416482745,50.01223504638672,689.95
9,معرض بادي للسيارات BADI SHOWROOM,ChIJ-WD2jMUDNj4RUcLDzxELTIo,"car_dealer, store, point_of_interest, establishment","92W5+9RH, Unnamed Road, الدمام",OPERATIONAL,3.8,27,26.390141416482745,50.01223504638672,692.87
9,مستودع شركة فورهيد لمواد العنايه بالسيارات,ChIJgzEe0t0DNj4R6qKiVF_wZrU,"storage, point_of_interest, establishment",Dammam,OPERATIONAL,4,4,26.390141416482745,50.01223504638672,694.64
9,Abunayyan Trading co,ChIJV2WkKJ0CNj4RYbqXkIHiHcU,"point_of_interest, establishment","92W8+3HG, Dammam",OPERATIONAL,4.1,24,26.390141416482745,50.01223504638672,700.8
9,معرض جبل الرحمة للسيارات,ChIJAZ9dnYUCNj4RKQ3PfFpRR_0,"car_dealer, store, point_of_interest, establishment","92W5+8MP, Unnamed Road, Dammam",OPERATIONAL,3.2,19,26.390141416482745,50.01223504638672,700.34
9,شركة قوافل النخبة للسيارات,ChIJ7d_i2vkDNj4RZcE_kDupeN4,"store, point_of_interest, establishment","الدمام حي المعارض, Dammam",OPERATIONAL,4.3,21,26.390141416482745,50.01223504638672,700.46
9,مسجد فهد الرحماني,ChIJlUN4cwADNj4RmBA6bn4Bs-k,"mosque, place_of_worship, point_of_interest, establishment","92P9+P8W, Dammam",OPERATIONAL,5,1,26.390141416482745,50.01223504638672,708.58
9,معرض السبيعي للسيارات,ChIJl0FYqJkDNj4RDHPpD08iJlA,"store, point_of_interest, establishment","ضاحية الملك فهد،, 92W6+HMR, Unnamed Road, Dammam",OPERATIONAL,3.9,65,26.390141416482745,50.01223504638672,705.11
9,Speed care مؤسسة السرعة والعناية للسيارات,ChIJDzicbLn9ST4Rjp2fQ5c0cdg,"point_of_interest, establishment",Dammam,OPERATIONAL,4.3,97,26.390141416482745,50.01223504638672,707.64
9,معرض الساحل الشرقي للسيارات,ChIJBWdEQ_oDNj4RObwulB4y_Oc,"car_dealer, store, point_of_interest, establishment","ابو حدريه, Dammam",OPERATIONAL,4.5,11,26.390141416482745,50.01223504638672,708.07
9,Dammam Cementry,ChIJ41-4DAADNj4RO-C9-ribpZw,"mosque, place_of_worship, point_of_interest, establishment","92Q4+G3, Dammam",OPERATIONAL,N/A,N/A,26.390141416482745,50.01223504638672,713.9
9,معرض سمار للسيارات,ChIJXVulfigDNj4RdGwT1w2N6iI,"car_dealer, store, point_of_interest, establishment","4613، ضاحية الملك فهد، الدمام 32313 8679،, Dammam",OPERATIONAL,4,25,26.390141416482745,50.01223504638672,710.49
10,Aajad International School,ChIJU-AWMlv7ST4Rm907Z_8m14Y,"school, point_of_interest, establishment","Zeid Ibn Harethah, Dammam",OPERATIONAL,3.8,70,26.390141416482745,50.028235046386726,641.72
10,Ministry of Commerce,ChIJ7T1Qel39ST4RFMtsamXsVP0,"point_of_interest, establishment","Abu Bakr Alkhateeb Street, 92QG+JP, Dammam",OPERATIONAL,4.2,417,26.390141416482745,50.028235046386726,189.35
10,مدرسة عمرة الانصارية لتحفيظ القرآن,ChIJiU2ibGb9ST4RqBB2nl0xrVE,"school, point_of_interest, establishment","3099 24 و, 7010, الدمام",OPERATIONAL,3.4,10,26.390141416482745,50.028235046386726,593.32
10,Health & Life Polyclinic مجمع الصحة و الحياة الطبي,ChIJLYs4mWn9ST4RT13U66Ljgu4,"hospital, health, point_of_interest, establishment","3642 طريق الملك فهد بن عبد العزيز, Dammam",OPERATIONAL,2.9,1251,26.390141416482745,50.028235046386726,625.63
10,ملاعب المنافسة,ChIJF35d71r9ST4RTHcg1xVIRlk,"point_of_interest, establishment","Zeid Ibn Harethah, Dammam",OPERATIONAL,4.2,372,26.390141416482745,50.028235046386726,944.25
10,الهيئة السعودية للملكية الفكرية,ChIJebBdfSv9ST4REzXqumd7bfM,"point_of_interest, establishment","2889 شارع أبو بكر الخطيب، 6434، بدر،, Dammam",OPERATIONAL,5,1,26.390141416482745,50.028235046386726,144.96
10,Saudi Business Center,ChIJHX1YGP_9ST4RehXfYP23LIo,"point_of_interest, establishment","Abu Bakr Alkhateeb Street, Dammam",OPERATIONAL,4,11,26.390141416482745,50.028235046386726,196.35
10,Yousef bin Abdullah mosque peace,ChIJRQ5cTGb9ST4Rvb4wWnZsqmQ,"mosque, place_of_worship, point_of_interest, establishment","Abu Ar Rabi Al Munzer, 92RG+VWP, Dammam",OPERATIONAL,4.1,29,26.390141416482745,50.028235046386726,246.09
10,Madarsha Riyadul Zanna,ChIJTeGzRmf9ST4RxDANEi25heo,"school, point_of_interest, establishment","6571 عكرمة بن عامر, Dammam",OPERATIONAL,3.7,6,26.390141416482745,50.028235046386726,341.75
10,Children's paradise,ChIJHfotAS79ST4RfP3Hkk5x7do,"school, point_of_interest, establishment","6571 عكرمة بن عامر،, 2812, Dammam",OPERATIONAL,3.1,38,26.390141416482745,50.028235046386726,351.87
10,SAID BAWAZIR Trd Com. (SBTC) Warehouse,ChIJu3JWTkn9ST4RPnWTzIyRWNY,"food, point_of_interest, establishment","YASEEN AL KHATEEB KHALDIYA, Dammam",OPERATIONAL,N/A,N/A,26.390141416482745,50.028235046386726,357.54
10,Muhammad bin Khalaf bin Aloush Al-Mutairi,ChIJfQiUNwD9ST4RGFAKF5W3al4,"point_of_interest, establishment","EDPA6971، 6971 22د، 3278, الدمام",OPERATIONAL,N/A,N/A,26.390141416482745,50.028235046386726,375.44
10,اعراس الحجاذ محل خيام مع فرسه وجلسة 91,ChIJeff_GwD9ST4RL7KURv7V3GA,"point_of_interest, establishment","King Fahd Road, 92RJ+MQC, Dammam",OPERATIONAL,N/A,N/A,26.390141416482745,50.028235046386726,403.93
10,free parking,ChIJlY-7aAD9ST4R1dIHcpUHK2I,"parking, point_of_interest, establishment","8545 طريق الملك فهد بن عبد العزيز طريق, 2523, الدمام",OPERATIONAL,3.7,3,26.390141416482745,50.028235046386726,405.14
10,مكتب عبدالله البكر محامون ومستشارون,ChIJx_Dngtn9ST4RH4OfotDUqpw,"point_of_interest, establishment","3482 طريق الملك فهد بن عبد العزيز، 6889، بدر،, Dammam",OPERATIONAL,1,1,26.390141416482745,50.028235046386726,416.59
10,مكتب مرسال عقاري,ChIJe2TcAnf9ST4RSrQj1wu1OmU,"point_of_interest, establishment","Abu Al Farag Al Wakil, 92RF+WWX, Dammam",OPERATIONAL,3,1,26.390141416482745,50.028235046386726,417.79
10,Baith Al Karak,ChIJhT-JnNX9ST4RyOB68ne9IxY,"restaurant, cafe, store, food, point_of_interest, establishment","King Fahd Road, Dammam",OPERATIONAL,4,1588,26.390141416482745,50.028235046386726,421.96
10,مجمع العجمي,ChIJNfBbcR_9ST4RRnf78f_jmAk,"restaurant, food, point_of_interest, establishment","6889 طريق الملك فهد بن عبد العزيز, 3482, Dammam",OPERATIONAL,5,2,26.390141416482745,50.028235046386726,422.82
10,برجر مشوي على الفحم,ChIJz-93j3f9ST4RmuFsnEaVNIg,"restaurant, food, point_of_interest, establishment","3482 بن عبد العزيز, 6889 طريق الملك فهد, Dammam",OPERATIONAL,3.9,29,26.390141416482745,50.028235046386726,424.4
10,لمة كرك,ChIJ6Qz3OuH9ST4RUkv6CELw5DU,"restaurant, cafe, food, store, point_of_interest, establishment","بجانب كيان, طريق المطار, Dammam",OPERATIONAL,4.1,150,26.390141416482745,50.028235046386726,425.52
10,خياط نسائي,ChIJ84YpKQD9ST4RPdq9Fk8tZWM,"point_of_interest, establishment","Abu Al Farag Al Wakil, 92VG+HRF, Dammam",OPERATIONAL,2,2,26.390141416482745,50.028235046386726,423.1
10,تكا سيندوج,ChIJMU1-xLT9ST4R0hufzFI22dw,"restaurant, food, point_of_interest, establishment","King Fahd Road, Dammam",OPERATIONAL,3.9,107,26.390141416482745,50.028235046386726,426.25
10,اسواق سماء المستهلك المركزية,ChIJ199SrQf9ST4RdR3uxlOFeaY,"grocery_or_supermarket, food, store, point_of_interest, establishment","Abu Al Farag Al Wakil, Dammam",OPERATIONAL,5,4,26.390141416482745,50.028235046386726,424.95
10,شباك مطبق,ChIJz_QNO-r9ST4RxETqqa3qXTo,"restaurant, food, point_of_interest, establishment","بجانب كيان, طريق المطار, Dammam",OPERATIONAL,4.9,63,26.390141416482745,50.028235046386726,429.42
10,بستان فايز للخضار والفواكة,ChIJq4YbVwD9ST4RIJXamaQvAY8,"grocery_or_supermarket, food, store, point_of_interest, establishment","Abu Al Farag Al Wakil, 92VG+HRF, Dammam",OPERATIONAL,4.7,37,26.390141416482745,50.028235046386726,426.73
10,عصائر بنانا جوس,ChIJPymAbQD9ST4Rh-xlxVavBac,"food, point_of_interest, establishment",Dammam,OPERATIONAL,5,15,26.390141416482745,50.028235046386726,432.99
10,Bute salon,ChIJgVavVAD9ST4RUsjsCeqD8aI,"hair_care, point_of_interest, establishment","Abu Al Farag Al Wakil, 92VG+HRF, Dammam",OPERATIONAL,5,1,26.390141416482745,50.028235046386726,430.62
10,شقق نوير الفندقية,ChIJOw3nzGf9ST4RwnJeDO1iT3E,"lodging, point_of_interest, establishment","Ekrimah Ibn Amer Street, Dammam",OPERATIONAL,5,4,26.390141416482745,50.028235046386726,434.25
10,صالون لطيف,ChIJj5reMwD9ST4R74wAvmPZg_Y,"hair_care, point_of_interest, establishment","Abu Al Farag Al Wakil, 92VG+HRF, Dammam",OPERATIONAL,N/A,N/A,26.390141416482745,50.028235046386726,435.2
10,إدارة المجاهدين بالمنطقة الشرقية | Management of the Eastern Region Branch,ChIJA15WpSv9ST4Rqj832pXZWAg,"local_government_office, point_of_interest, establishment","نور الدين الحبلي،, 92PH+G2, Dammam",OPERATIONAL,4.3,12,26.390141416482745,50.028235046386726,437.87
10,Beauty salons,ChIJv5MdolX9ST4RI9QgwbKq0EM,"beauty_salon, point_of_interest, establishment","Abu Al Farag Al Wakil, 92VG+HRF, Dammam",OPERATIONAL,1,2,26.390141416482745,50.028235046386726,435.97
10,مطعم الجنوب المنزلي,ChIJpbSZFir9ST4RkzsPR_q4M7w,"restaurant, food, point_of_interest, establishment","ابو, Dammam",OPERATIONAL,3,1,26.390141416482745,50.028235046386726,437.87
10,قصة شاي,ChIJZ4RZH2j9ST4Re4uf49xxrP4,"restaurant, food, point_of_interest, establishment","6903 طريق الملك فهد بن عبد العزيز, 3508, Dammam",OPERATIONAL,4.6,18,26.390141416482745,50.028235046386726,441.77
10,تكة ليمون للمشويات,ChIJ52ccOQD9ST4RfJblX3ywU8Y,"restaurant, food, point_of_interest, establishment","92VJ+5H7, Dammam",OPERATIONAL,3.9,11,26.390141416482745,50.028235046386726,443.7
10,مطبخ أنصار الكرم لتقديم الوجبات,ChIJO1JOcmb9ST4RaLZ04sC91gw,"restaurant, food, point_of_interest, establishment","Abu Al Farag Al Wakil, Dammam",OPERATIONAL,4.1,71,26.390141416482745,50.028235046386726,441.06
10,نورة ودانا للدواجن,ChIJuYWnCwD9ST4RfvKOQCTTCE0,"food, store, point_of_interest, establishment","Abu Al Farag Al Wakil, 92VG+HRF, Dammam",OPERATIONAL,4.8,4,26.390141416482745,50.028235046386726,443.8
10,مكتب Game time,ChIJ711uKAD9ST4RCBOx-VhgI4k,"electronics_store, store, point_of_interest, establishment","A22, Dammam",OPERATIONAL,5,1,26.390141416482745,50.028235046386726,457.03
10,سنبوسة بيتنا,ChIJ3WIaYtz9ST4REmBYqd7glRg,"restaurant, food, point_of_interest, establishment","bin Abdulaziz street, King Fahad, الدمام",OPERATIONAL,4.8,23,26.390141416482745,50.028235046386726,459.16
10,مسجد رياض الاسلام,ChIJ1c1jy2b9ST4RhexR_xNudYo,"mosque, place_of_worship, point_of_interest, establishment","2727 31ا،, Dammam",OPERATIONAL,4.6,48,26.390141416482745,50.028235046386726,463.06
10,مشوي الجمرة,ChIJZSS0NwD9ST4RFy9nipOYO_U,"restaurant, food, point_of_interest, establishment","92VG+MP3, Dammam",OPERATIONAL,3,7,26.390141416482745,50.028235046386726,471.97
10,شركة مستورة للمقاولات المحدوده,ChIJB1A_x8T9ST4R65sH32H3KEk,"general_contractor, point_of_interest, establishment","3534 طريق الملك فهد بن عبد العزيز، 6917، بدر،, Dammam",OPERATIONAL,4.3,11,26.390141416482745,50.028235046386726,480.7
10,Mastoura Tower,ChIJqa9BawD9ST4R8T8ikKZixLM,"real_estate_agency, point_of_interest, establishment","92VJ+5RM, Dammam",OPERATIONAL,5,2,26.390141416482745,50.028235046386726,481.38
10,الروضة الثانية والعشرون الملحقة ب مدرسة السادسة لتحفيظ القران,ChIJk9d2PHz9ST4RDlSyZfDfiFE,"school, point_of_interest, establishment","EDPE2881، 2881 ابو الفرج الوكيل، 6970، حي بدر،, Dammam",OPERATIONAL,3.7,3,26.390141416482745,50.028235046386726,489.03
10,مدرسة تحفيظ القرآن السادسة للبنات بالدمام,ChIJU6eFn2b9ST4Rh5E2WisHW5M,"school, point_of_interest, establishment","2881 Abu Al Farag Al Wakil, Dammam",OPERATIONAL,4,42,26.390141416482745,50.028235046386726,494.81
10,مكتبة معرفة الاجيال,ChIJHXM9uO79ST4R0yB-jIbfHuA,"shopping_mall, point_of_interest, establishment","جوار مجمع الصحة والحياة, Dammam",OPERATIONAL,4.3,65,26.390141416482745,50.028235046386726,499.83
10,مسجد علي الدخيل,ChIJhYjGYXj9ST4RI-9wBBuwy04,"mosque, place_of_worship, point_of_interest, establishment",3111، المنار، الدمام 32274 8704،,OPERATIONAL,4.7,32,26.390141416482745,50.028235046386726,513.42
10,Arifi Mosque,ChIJ82dnU0P9ST4Rxik_JKA0_Jk,"mosque, place_of_worship, point_of_interest, establishment","Zeid Ibn Harethah, 92PH+6JQ, Dammam",OPERATIONAL,4.7,235,26.390141416482745,50.028235046386726,512.75
10,ولايف الجنوب للخيام والزل تفصيل وتأجير,ChIJAxoMzp39ST4RMySbFon2co8,"point_of_interest, establishment","King Fahd Road, Dammam",OPERATIONAL,4,30,26.390141416482745,50.028235046386726,513.92
10,عربه ابو بطين Abobteen,ChIJncQIhSn9ST4RjbnhZ1-iWqc,"restaurant, food, point_of_interest, establishment","3220 طريق الملك فهد بن عبد العزيز، المنار،, الدمام",OPERATIONAL,5,2,26.390141416482745,50.028235046386726,519.13
10,Alanwar park,ChIJLz0m0WX9ST4R_O3ZRLKOhq0,"park, point_of_interest, establishment","92VG+VQM, Dammam",OPERATIONAL,3.8,28,26.390141416482745,50.028235046386726,522.28
10,مدرسة عثمان بن عفان الابتدائية,ChIJTTdu_mX9ST4RBYIiPizxUm0,"school, point_of_interest, establishment","7209 21 د, Dammam",OPERATIONAL,3.6,45,26.390141416482745,50.028235046386726,538.43
10,سطحا الدمام,ChIJa-XF9z_9ST4RKolTN7nl3Bk,"point_of_interest, establishment","91 King Fahd Road, Dammam",OPERATIONAL,4.6,124,26.390141416482745,50.028235046386726,548.06
10,مسجد فهد بن شالح الرحماني,ChIJh6JZd3L9ST4RxUgyyfLZpS0,"mosque, place_of_worship, point_of_interest, establishment","92RF+739, Dammam",OPERATIONAL,4.7,28,26.390141416482745,50.028235046386726,550.36
10,مطعم الجنوب الحنيذ المنزلي,ChIJe5oeO4L9ST4ROqdpst0Lrsg,"restaurant, food, point_of_interest, establishment",Dammam,OPERATIONAL,3.5,11,26.390141416482745,50.028235046386726,549.77
10,ثانوية السابعه والعشرون بنات,ChIJPXPOTvX9ST4R4jHnW_bk2SA,"secondary_school, school, point_of_interest, establishment","2897 27 د, 7087, Dammam",OPERATIONAL,3.5,4,26.390141416482745,50.028235046386726,551.59
10,مغاسل سعد الاولى,ChIJp2YvND79ST4RzcHoL15aMx8,"laundry, point_of_interest, establishment",3588 طريق الملك فهد بن عبد العزيز، بدر، الدمام 32265 6947،,OPERATIONAL,4.4,12,26.390141416482745,50.028235046386726,561.03
10,Tariq bin Shihab Mosque,ChIJo3SOt2j9ST4RRJ4DX8ogvJk,"mosque, place_of_worship, point_of_interest, establishment","Abu Al Farag Al Wakil, 92VJ+W3W, Dammam",OPERATIONAL,4.6,31,26.390141416482745,50.028235046386726,560.22
10,Peerless,ChIJaS7wp5X9ST4RO1mKvjrfpzc,"furniture_store, home_goods_store, store, point_of_interest, establishment","92RM+PF9, الدمام",OPERATIONAL,N/A,N/A,26.390141416482745,50.028235046386726,577.87
11,SNB AlAhli ATM,ChIJp-Wsjj0DNj4RW8psqSXOT0U,"atm, finance, point_of_interest, establishment","9X97+6MJ, Al Fursan, Dammam 32324 9X97+6MJ،, Dammam",OPERATIONAL,4.5,4,26.37681616738494,49.96423504638672,969.86
11,شركة المنحات للتجاره,ChIJF9oEbGkDNj4R3jFvr0_QJug,"storage, point_of_interest, establishment","ابو حفصه بن برد, Dammam",OPERATIONAL,N/A,N/A,26.37681616738494,49.96423504638672,118.42
11,شتوية فرسان الجزيزة,ChIJ71WfcAADNj4RXiyjPk3HQx0,"park, point_of_interest, establishment","طريق المطار, 9XG7+6QQ, Dammam",OPERATIONAL,N/A,N/A,26.37681616738494,49.96423504638672,137.17
11,Bin Salem Camp,ChIJSbLBZuEDNj4RP_WayBjnjNs,"restaurant, food, point_of_interest, establishment",Dammam,CLOSED_TEMPORARILY,4.6,76,26.37681616738494,49.96423504638672,142.3
11,شتوية النور,ChIJjwZFAwADNj4RnwjLt6s1lgw,"night_club, point_of_interest, establishment","8157 طريق الملك فهد بن عبد العزيز طريق, 3032, Dammam",OPERATIONAL,5,1,26.37681616738494,49.96423504638672,192.62
11,رشفة صكه,ChIJZYRGKrsDNj4RktvqI8kHfLc,"point_of_interest, establishment","طريق, 9XG7+37X, Dammam",OPERATIONAL,4.1,13,26.37681616738494,49.96423504638672,201.98
11,فود ترك X2,ChIJOZRsCpgDNj4RWV4E9tIvUAc,"cafe, store, food, point_of_interest, establishment","طريق المطار القدبم, 9XG7+82F, Dammam",OPERATIONAL,5,2,26.37681616738494,49.96423504638672,202.47
11,شاهي ابو سعد,ChIJA4YQZAADNj4R1iVQfdX-YAU,"cafe, store, food, point_of_interest, establishment","8194 طريق الملك فهد بن عبد العزيز طريق, 2886, الدمام",OPERATIONAL,5,2,26.37681616738494,49.96423504638672,202.03
11,شاي وهج,ChIJb5t_GwADNj4RqXelTjnF45o,"cafe, store, food, point_of_interest, establishment","8169 طريق الملك فهد بن عبد العزيز طريق, 2982, Dammam",OPERATIONAL,4.9,34,26.37681616738494,49.96423504638672,204.49
11,Chai Qnad,ChIJY12zsagDNj4RRiqLdZjW1Uo,"point_of_interest, establishment","حي 704, طريق المطار حي, Dammam",OPERATIONAL,4.9,16,26.37681616738494,49.96423504638672,215.64
11,شاهي وسمرة,ChIJ8-52DxoDNj4R07RBgPEoKfQ,"cafe, store, food, point_of_interest, establishment","EHDA7652، 7652 2أ، 2659, Dammam",OPERATIONAL,4.4,15,26.37681616738494,49.96423504638672,217.86
11,شاي وزنه,ChIJLzw_yBADNj4R052nHNN1kgE,"cafe, store, food, point_of_interest, establishment","8211 طريق الملك فهد بن عبد العزيز طريق, 2834, Dammam",OPERATIONAL,4.7,13,26.37681616738494,49.96423504638672,222.34
11,شتوية ذرا,ChIJk9_FIQADNj4RdjN8C3vdpFM,"point_of_interest, establishment","8205 حي, EHDB3118، 3118 لبابة ابنت الحارث, Dammam",OPERATIONAL,5,6,26.37681616738494,49.96423504638672,221.8
11,شتوية هبوب,ChIJa7dSBWsDNj4RbeVqtFFl33k,"point_of_interest, establishment","طريق المطار بالقرب من الأمانة, الدمام",CLOSED_TEMPORARILY,4.8,17,26.37681616738494,49.96423504638672,223.84
11,مسجد,ChIJbZBZHgADNj4RHajQiAa22LY,"mosque, place_of_worship, point_of_interest, establishment","2843 شارع 13 ج, حي, 8506, Dammam",OPERATIONAL,N/A,N/A,26.37681616738494,49.96423504638672,240.87
11,كرك مخدر,ChIJMS35hb_9ST4RVXeynMIm8kk,"cafe, store, food, point_of_interest, establishment","بعد جامعة الاصالة, Dammam",CLOSED_TEMPORARILY,4.5,49,26.37681616738494,49.96423504638672,256.82
11,F16 للمشروبات الساخنه,ChIJM66ZOd0DNj4RGCgma3sZyvA,"cafe, store, food, point_of_interest, establishment","8130 طريق الملك فهد بن عبد العزيز طريق, 3136, Dammam",OPERATIONAL,4,4,26.37681616738494,49.96423504638672,286.49
11,كوفي لاين Coffeeline,ChIJBcgDL20DNj4Ry5VfIkjVUTs,"cafe, food, point_of_interest, establishment","King Fahd Road, Dammam",OPERATIONAL,4.8,229,26.37681616738494,49.96423504638672,326.19
11,حدائق النور لصناعة المساحات الخضراء,ChIJh9sklXsDNj4Ro-fIwN_UgyY,"car_dealer, store, point_of_interest, establishment","King Fahd Road, Dammam",OPERATIONAL,5,1,26.37681616738494,49.96423504638672,335.28
11,Masjed,ChIJGW8URBEDNj4RTA5welYNpQs,"mosque, place_of_worship, point_of_interest, establishment","9XF7+H7H, Dammam",OPERATIONAL,3.5,19,26.37681616738494,49.96423504638672,335.01
11,بلغلط سويته,ChIJsbMscgADNj4RzDAa8M5qAkA,"point_of_interest, establishment","2802 شارع بسيرة الأنصارية, EHDA8567، 8567, Dammam",OPERATIONAL,N/A,N/A,26.37681616738494,49.96423504638672,336.68
11,ديماركت للمواد الغذائيه,ChIJBeL-0U8DNj4RloM0ZljJYWE,"point_of_interest, establishment","King Fahd Road, 9XF7+FMV, Dammam",OPERATIONAL,5,2,26.37681616738494,49.96423504638672,340.84
11,Riyad Bank ATM,ChIJOaqss10DNj4Rz5WsXJdOjrM,"atm, finance, point_of_interest, establishment","2685 شارع 11 (ب), Dammam",OPERATIONAL,1,2,26.37681616738494,49.96423504638672,344.32
11,جامع ابناء شعوف العتيبي,ChIJKxR9Jv8DNj4RJhwqHFfuk9A,"mosque, place_of_worship, point_of_interest, establishment","حي, 8509 شارع 10 د، الأمانة، الدمام 32324 3177،",OPERATIONAL,4.7,43,26.37681616738494,49.96423504638672,344.73
11,مغاسل الأفضل,ChIJ6W7WS1YDNj4R93QTuhm5bgs,"point_of_interest, establishment","9XF7+G93, Dammam",OPERATIONAL,4.1,72,26.37681616738494,49.96423504638672,347.28
11,SASCO -ساسكو,ChIJ20EeNxEDNj4Rl-eo6K66Rao,"gas_station, point_of_interest, establishment","King Fahd Road, Dammam",OPERATIONAL,3.9,1605,26.37681616738494,49.96423504638672,355.52
11,بوفية واحة الابداع,ChIJmQz-F2oDNj4R3UFCIZ-XAG8,"restaurant, food, point_of_interest, establishment","9XF7+9JP, Dammam",OPERATIONAL,2.6,15,26.37681616738494,49.96423504638672,372.66
11,حاشي باشا| فرع الفرسان,ChIJNcCznV4DNj4RBBDFZAfAz-w,"restaurant, food, point_of_interest, establishment","حي, King Fahd Road, Dammam",CLOSED_TEMPORARILY,3.3,232,26.37681616738494,49.96423504638672,377.55
11,منسق حفلات,ChIJl0hKiKADNj4R7RQ_iUvEBig,"point_of_interest, establishment","حي, Dammam",OPERATIONAL,1,1,26.37681616738494,49.96423504638672,379.83
11,كهربائي سيارات,ChIJDyXurEQDNj4RVmvAAdTqvcA,"car_repair, point_of_interest, establishment","طريق المطار سريع, Dammam",OPERATIONAL,4.5,4,26.37681616738494,49.96423504638672,380.57
11,ليدر اكسبرس Leader express (طريق الملك فهد - الدمام),ChIJySm39D8DNj4R7Gjx-bdvIEg,"car_repair, point_of_interest, establishment","King Fahd Road, Dammam",OPERATIONAL,4.3,691,26.37681616738494,49.96423504638672,381.82
11,مطعم المسار الراقي لتقديم الوجبات,ChIJ8XhZBQADNj4Rt5qb5UOkqvs,"restaurant, food, point_of_interest, establishment","9XJ8+32C, Dammam",OPERATIONAL,3.8,4,26.37681616738494,49.96423504638672,381.16
11,مركز نوف لكهرباء السيارات,ChIJga8cpRMDNj4Rr2-fR77EXHk,"car_repair, point_of_interest, establishment","محطة ساسكو, طريق مطار الملك فهد, الدمام حي الفرسان, Dammam",OPERATIONAL,5,1,26.37681616738494,49.96423504638672,385.65
11,بوفية منبع السعادة لتقديم الوجبات السريعة,ChIJ58TBv90DNj4RNU29niuY_Xg,"restaurant, food, point_of_interest, establishment","ج11 حي, Dammam",OPERATIONAL,4.6,35,26.37681616738494,49.96423504638672,384.28
11,زينة سيارات,ChIJER76IfYDNj4RgsAtykUMuYo,"point_of_interest, establishment","محطة ساسكو, طريق المطار, Dammam",OPERATIONAL,1,1,26.37681616738494,49.96423504638672,388.25
11,محامص ومطاحن الكرامة,ChIJ_xy3VQADNj4R5dIg8jnyq2M,"food, point_of_interest, establishment","9XJ7+4XM, Dammam",OPERATIONAL,3.7,3,26.37681616738494,49.96423504638672,395.57
11,مغسلة اراما,ChIJowKcvhsDNj4R1meezRpFZrY,"laundry, point_of_interest, establishment","Unnamed Road, الأمانة، الدمام 32324،، الأمانة، الدمام 32324،، الأمانة، الدمام 32324،",OPERATIONAL,4.2,12,26.37681616738494,49.96423504638672,397.83
11,اسواق درع النخبة المحدودة Super Market,ChIJKXbIgyoDNj4R-AX5ShhlfY0,"supermarket, grocery_or_supermarket, store, food, point_of_interest, establishment","شارع 11 ج, Dammam",OPERATIONAL,4.4,48,26.37681616738494,49.96423504638672,418.9
11,سمرا وقمرا,ChIJlVcXFAADNj4R5X_ESnpg0qo,"night_club, point_of_interest, establishment","9XF9+W43, Dammam",OPERATIONAL,5,1,26.37681616738494,49.96423504638672,422.33
11,تكت المطارF16,ChIJ9ytfwMUDNj4RLIG1H_xDR-w,"park, point_of_interest, establishment",3276 طريق الملك فهد بن عبدالعزيز، الأمانة، الدمام 32324 8168،,OPERATIONAL,5,4,26.37681616738494,49.96423504638672,429.25
11,فود ترك سمبوسه زمان,ChIJIzKMdwMDNj4RKkwFjP7wDRA,"restaurant, food, point_of_interest, establishment","خلف محطة ساسكو, الدمام حي, Dammam",OPERATIONAL,5,27,26.37681616738494,49.96423504638672,465.78
11,كرك جمل,ChIJy5OVq8EDNj4RNaF8YoWlpN8,"point_of_interest, establishment","3424 طريق الملك فهد بن عبد العزيز طريق، 8057،, Dammam",OPERATIONAL,5,8,26.37681616738494,49.96423504638672,531.81
11,Palm lounge,ChIJR3T4ig8DNj4Ro1q2Q0pDbB4,"lodging, point_of_interest, establishment","شارع 4, 26°22'50.7""N 49°58'02., الدمام",OPERATIONAL,4,413,26.37681616738494,49.96423504638672,533.59
11,استراحة المدرا,ChIJw0ubYAADNj4R7GoL-UFabWQ,"point_of_interest, establishment","3477 شارع سلمى بنت عمرو, EHDA8284، 8284, Dammam",OPERATIONAL,N/A,N/A,26.37681616738494,49.96423504638672,537.65
11,استراحة العهد,ChIJU9c3WQADNj4R4frFGUGB9QM,"lodging, point_of_interest, establishment","3477 شارع سلمى بنت عمرو, EHDA8284، 8284, Dammam",OPERATIONAL,5,2,26.37681616738494,49.96423504638672,537.65
11,مؤسسة شمروخ المدينة للتمور,ChIJ8xjWf6gDNj4RN6EWac1ZdAc,"shopping_mall, point_of_interest, establishment","شارع آسية بنت الفرج, Dammam",OPERATIONAL,5,1,26.37681616738494,49.96423504638672,558.57
11,شاهي لقى,ChIJqZdirMYDNj4Rpwc87LHqZnE,"point_of_interest, establishment","8057، الأمانة،, 3424 طريق الملك فهد بن عبد العزيز, Dammam",OPERATIONAL,N/A,N/A,26.37681616738494,49.96423504638672,576.94
11,مركز أحلام الصغار لضيافة الأطفال,ChIJr39qW1MDNj4RWHuBFT4VS68,"school, point_of_interest, establishment","حي, Dammam",OPERATIONAL,5,7,26.37681616738494,49.96423504638672,618.35
11,Mosque,ChIJ97jVuTYDNj4R51CuxO2P4Go,"mosque, place_of_worship, point_of_interest, establishment","حي, 8465 شارع 7 د، الأمانة، الدمام 32324 3577،",OPERATIONAL,5,4,26.37681616738494,49.96423504638672,633.99
11,مركز قرية الطفولة لضيافة الأطفال,ChIJy3ynRboDNj4Rny2OpeigQCo,"school, point_of_interest, establishment","9XC6+HQ6, Dammam",OPERATIONAL,4.5,27,26.37681616738494,49.96423504638672,643.51
11,استراحة الجوهرة,ChIJwUe0QhcDNj4RynQ5wS74Lm8,"lodging, point_of_interest, establishment","حي, 3636 شارع سلمى بنت عمرو،, Dammam",OPERATIONAL,4.1,127,26.37681616738494,49.96423504638672,676.55
11,مسجد,ChIJPRU3ZQADNj4RmHQ-ls_0KtU,"mosque, place_of_worship, point_of_interest, establishment","حي, EHDA8872، 8872 14ج، 2644, Dammam",OPERATIONAL,N/A,N/A,26.37681616738494,49.96423504638672,675.84
11,مسجد علي الهران رحمه الله,ChIJ3ZkA44MDNj4RSqGeFu3nU2Q,"place_of_worship, point_of_interest, establishment","حي, EHDB8960، 8960 10ج، 2961, Dammam",OPERATIONAL,4,1,26.37681616738494,49.96423504638672,684.56
11,مركز البدر لضيافة الأطفال,ChIJT354mHIDNj4RU6Xoc0CDEOo,"point_of_interest, establishment","شارع خولة بنت عمرو, Dammam",OPERATIONAL,5,2,26.37681616738494,49.96423504638672,704.65
11,مسجد الرحمن,ChIJu4UyX78DNj4RJz6fiGzG6Iw,"mosque, place_of_worship, point_of_interest, establishment","2961 10ج, EHDB8960، 8960, الدمام",OPERATIONAL,N/A,N/A,26.37681616738494,49.96423504638672,708.05
11,AlTufail Ibn Amro AlDwsi Mousque,ChIJgas5awADNj4RAiJUBSBvijM,"place_of_worship, point_of_interest, establishment","3375 7ج, EHDB8860، 8860, الدمام",OPERATIONAL,5,12,26.37681616738494,49.96423504638672,718.52
11,مجمع الامانة التعليمي للبنين,ChIJdaMXFTYDNj4RwqTapUmT33w,"school, point_of_interest, establishment","حي, EHDB8984، 8984 12ب، 2722, Dammam",OPERATIONAL,1,1,26.37681616738494,49.96423504638672,740.69
11,مدرسة أنس بن الحارث الإبتدائية,ChIJabVADEcDNj4RZ6leJi_eXSk,"school, point_of_interest, establishment","Unnamed Road, 9XM7+C87, Dammam",OPERATIONAL,3.8,26,26.37681616738494,49.96423504638672,751.14
12,نادي التايكوندو الكوري الدمام,ChIJ2RG4fgADNj4R15O7hYzhGXg,"gym, health, point_of_interest, establishment","شارع سلمى بنت عمرو, 9XFG+PGH, Dammam",OPERATIONAL,N/A,N/A,26.37681616738494,49.98023504638672,476.51
12,ملعب كليات الأصالة,ChIJR_xnV6wDNj4Rtn6J0tyVeLY,"point_of_interest, establishment","9XFG+JC5, Dammam",OPERATIONAL,3.2,9,26.37681616738494,49.98023504638672,514.66
12,بوابة مواقف السيارات,ChIJ7-DxPRcDNj4Rx8wpFUU1hvg,"parking, point_of_interest, establishment","7364 King Fahd Ibn Abdul Aziz Rd, 4426, الدمام",OPERATIONAL,5,1,26.37681616738494,49.98023504638672,523.96
12,Costa Coffee,ChIJw4akKgADNj4RZhNEcm5CqGw,"cafe, store, food, point_of_interest, establishment","8026 King Fahd Road, Dammam",OPERATIONAL,N/A,N/A,26.37681616738494,49.98023504638672,561.1
12,Starbucks,ChIJMxh59RQDNj4RIbWoFZKLEws,"cafe, store, food, point_of_interest, establishment","8026 طريق الملك فهد, EHDC3792, 3792, الدمام",OPERATIONAL,4.2,5,26.37681616738494,49.98023504638672,567.55
12,ديوانية 38,ChIJKYZCEQADNj4RMAnkKZM5Ldw,"lodging, point_of_interest, establishment","9XGF+5V7, Dammam",OPERATIONAL,N/A,N/A,26.37681616738494,49.98023504638672,577.32
12,ديوانيات شبكة الإنجاز,ChIJy0ntlgwDNj4Rc6ABZxDIbwY,"lodging, point_of_interest, establishment","8191 حي, EHDA4004، 4004 شارع سلمى بنت عمرو, الدمام",OPERATIONAL,5,3,26.37681616738494,49.98023504638672,581.52
12,Repeat Coffee & Brunch,ChIJ4Ve2BnEDNj4RLYaEp2SsYGM,"cafe, store, food, point_of_interest, establishment","King Fahd Road, Dammam",OPERATIONAL,3.8,17,26.37681616738494,49.98023504638672,588.85
12,جامع فرحان محمد القحطاني,ChIJ84XAw_ADNj4R1E_SzWwbM_c,"mosque, place_of_worship, point_of_interest, establishment","شارع حفصة بنت سيرين, Dammam",OPERATIONAL,4.8,76,26.37681616738494,49.98023504638672,591.12
12,IN CASE SPECIALTY COFFEE,ChIJw7CJAQkDNj4Rmo98KdA7CGU,"cafe, store, food, point_of_interest, establishment","King Fahd Road, 9XFG+78X, Dammam",OPERATIONAL,4.4,8,26.37681616738494,49.98023504638672,590.42
12,Alasala Colleges,ChIJheQDmh8DNj4RAwReGNt-h0Q,"university, point_of_interest, establishment","King Fahd Road, Dammam",OPERATIONAL,3.6,533,26.37681616738494,49.98023504638672,590.93
12,ZOLIEA Alasala,ChIJ4TIrCQADNj4Rts_cCIz4_0o,"cafe, store, food, point_of_interest, establishment","King Fahd Road, Dammam",OPERATIONAL,5,1,26.37681616738494,49.98023504638672,591.41
12,dr.CAFE COFFEE | د. كيف‎,ChIJ1b2k0Z8DNj4RFS98i-10XeA,"cafe, store, food, point_of_interest, establishment","8026 طريق الملك فهد بن عبدالعزيز،, 3792, الدمام",OPERATIONAL,4.7,89,26.37681616738494,49.98023504638672,634.07
12,Sandwich Faqeer Al Asala,ChIJ618NE10DNj4RlqCUHk1nakQ,"restaurant, food, point_of_interest, establishment","King Fahd Road, Dammam",OPERATIONAL,3.3,6,26.37681616738494,49.98023504638672,638.21
12,موقف الطلاب,ChIJi1dHqmwDNj4R1Tvb6tNXnJw,"parking, point_of_interest, establishment","حي, 4015 شارع سلمى بنت عمرو، الأمانة، الدمام 32324 8098،",OPERATIONAL,3,5,26.37681616738494,49.98023504638672,649.89
12,فبراير,ChIJ3-7jLwADNj4RxFMqLjkoqW8,"point_of_interest, establishment","EHDA8735, 3988 1د, 8735, Dammam",OPERATIONAL,N/A,N/A,26.37681616738494,49.98023504638672,661.16
12,كلية الأصالة مبنى F1,ChIJNaKRjmcDNj4R9ruECFBcFNo,"university, point_of_interest, establishment","8026 حي, EHDC3792، 3792 طريق الملك فهد, Dammam",OPERATIONAL,3.7,3,26.37681616738494,49.98023504638672,667.31
12,استراحة يارين,ChIJJc87EzwDNj4RrFgkxFvc3WU,"lodging, point_of_interest, establishment","9XHP+WR3, Unnamed Road, الدمام",OPERATIONAL,4.3,85,26.37681616738494,49.98023504638672,753.39
12,مؤسسة خليل الفهد للسباكة والكهرباء والمواد الصحية,ChIJhzKiRKMDNj4RP0yzCkFZnU4,"store, point_of_interest, establishment","8427 5ب، حي الأمانة، الدمام 32324 3760،،, Dammam",OPERATIONAL,2.4,5,26.37681616738494,49.98023504638672,763.51
12,aldiyafah,ChIJo3nC8joDNj4RBUUL_zd39FA,"store, point_of_interest, establishment","3549 Amira Bint Sahl, 8741, Al Amana, الدمام",OPERATIONAL,N/A,N/A,26.37681616738494,49.98023504638672,766.55
12,بنشر وخدمة زيوت,ChIJHztiHAADNj4Rri0vlan1sDE,"point_of_interest, establishment","2878 الإسكـان, 7388الدمام",OPERATIONAL,N/A,N/A,26.37681616738494,49.98023504638672,766.55
12,Lilyline,ChIJ66BT5ZgDNj4RxgXEelZ-gaU,"point_of_interest, establishment","1, Dammam",OPERATIONAL,N/A,N/A,26.37681616738494,49.98023504638672,766.55
12,مدرسة عائشة بنت ابي بكر الإبتدائية,ChIJk3tBCAADNj4RoSMjkSBxBac,"primary_school, school, point_of_interest, establishment","9XGF+F2P, الدمام",OPERATIONAL,5,2,26.37681616738494,49.98023504638672,766.55
12,استاذ الفرسان,ChIJC-OGGSADNj4R8Vm_paV0XMc,"restaurant, food, point_of_interest, establishment","الكوكب, Dammam",OPERATIONAL,5,1,26.37681616738494,49.98023504638672,766.55
12,AFKAR,ChIJDy3YiTgDNj4RAGXfJjV5_oY,"store, point_of_interest, establishment","9XGF+F2P, Dammam",OPERATIONAL,N/A,N/A,26.37681616738494,49.98023504638672,766.55
12,SSA Contracting,ChIJ_____xsDNj4RjAeN4mfC9Pk,"general_contractor, point_of_interest, establishment","Building, 6106 No.: 2256, Al Dammam",OPERATIONAL,N/A,N/A,26.37681616738494,49.98023504638672,766.55
12,شاي دكة,ChIJJVPfdw8DNj4RdT9Pd13zfhc,"store, food, point_of_interest, establishment","بن عبد العزيز طريق, 3678 7993 طريق الملك فهد, الدمام",OPERATIONAL,4.1,7,26.37681616738494,49.98023504638672,766.55
12,Arundas m,ChIJgfVlDb4DNj4RjpzV8mp1nJI,"point_of_interest, establishment","Al Sateen Street, Dammam",OPERATIONAL,N/A,N/A,26.37681616738494,49.98023504638672,766.55
12,شاهي وسمرة,ChIJiSDcCPkDNj4REbFkiMaGj7U,"restaurant, food, point_of_interest, establishment","طريق, Dammam",OPERATIONAL,5,6,26.37681616738494,49.98023504638672,766.98
12,مؤسسه خليل للادوات الصحيه,ChIJ6-gv6asDNj4Rdsghfyogoho,"point_of_interest, establishment","شارع حوراء, شارع سعاد بنت رافع, Dammam",OPERATIONAL,4.2,6,26.37681616738494,49.98023504638672,767.21
12,صيدلية سما,ChIJHVG-ZrMDNj4R19Nu9DAIypk,"pharmacy, health, store, point_of_interest, establishment",Dammam,OPERATIONAL,3.2,25,26.37681616738494,49.98023504638672,770.68
12,ملحمة ريم الامانة,ChIJ0z0vHwYDNj4RVcCDgqi6-3Y,"store, food, point_of_interest, establishment","شارع 6 د, Dammam",OPERATIONAL,4.6,14,26.37681616738494,49.98023504638672,777.8
12,ملحمة نور يبرين للحوم,ChIJL-jCOAADNj4RnXAbBp3wqbo,"store, food, point_of_interest, establishment","3760 5ب, EHDA8427، 8427, Dammam",OPERATIONAL,5,4,26.37681616738494,49.98023504638672,778.71
12,دهانات الجزيرة - Jazeera Paints معرض حي 704 ( وكيل ),ChIJCfV_ITsDNj4Rl4UP7NztCTY,"home_goods_store, store, point_of_interest, establishment",Dammam,OPERATIONAL,4.7,40,26.37681616738494,49.98023504638672,783.32
12,Aljabr Laundry,ChIJ4V31qk0DNj4RPCxfbIElmdg,"laundry, point_of_interest, establishment","9XHC+2W3, 8427 5ب، حي الأمانة، الدمام 32324 3760،, Dammam",OPERATIONAL,3,21,26.37681616738494,49.98023504638672,784.18
12,أسواق السماكة Semaka Markets Amana,ChIJ_UKzE_UDNj4RVpNbUMvo3dk,"grocery_or_supermarket, store, food, point_of_interest, establishment","9XHC+3XM, Dammam",OPERATIONAL,3.5,42,26.37681616738494,49.98023504638672,786.1
12,مجمع الجابري التجاري,ChIJN6knQIEDNj4RU6MFrKx_Nag,"point_of_interest, establishment",EHDA8427، 8427 5ب، 3760، حي الأمانة، الدمام 32324،,OPERATIONAL,4.3,7,26.37681616738494,49.98023504638672,787.56
12,Najwa shopping,ChIJf4TX0mwDNj4REQ0c7T3cwec,"clothing_store, store, point_of_interest, establishment","No name, Dammam",OPERATIONAL,4,10,26.37681616738494,49.98023504638672,794.49
12,Salon Al salah,ChIJfShTiAwDNj4RC4CWtbJqybw,"hair_care, point_of_interest, establishment","704, Dammam",OPERATIONAL,4,1,26.37681616738494,49.98023504638672,795.0
12,Taraf alsham restaurant,ChIJ82DrGQADNj4RGBC4mg3AbQ8,"bakery, food, store, point_of_interest, establishment","مجمع الجابري التجاري, مجمع الجابري التجاري حي, Dammam",OPERATIONAL,4.3,71,26.37681616738494,49.98023504638672,795.5
12,خضار وفواكه,ChIJHTUkNJ8DNj4RgwDrpuBxMlM,"food, store, point_of_interest, establishment","9XHC+2W3, Dammam",OPERATIONAL,4.7,20,26.37681616738494,49.98023504638672,796.13
12,الاكليل للبلاستيك والمنظفات جملة,ChIJiR7RLwoDNj4R8c0KXFjhqrc,"point_of_interest, establishment","9XHC+4WG، الأمانة،, Dammam",OPERATIONAL,4.7,42,26.37681616738494,49.98023504638672,798.33
12,مغاسل كيان الريف,ChIJkRyY2gwDNj4RAET2Yh-yv10,"laundry, point_of_interest, establishment","9XHC+3WW, 9XHC+4W2, الدمام",OPERATIONAL,4,64,26.37681616738494,49.98023504638672,802.67
12,مكتب مبيعات مخطط الشروق,ChIJlc0mjYkDNj4RZbnxwNTjXJs,"real_estate_agency, point_of_interest, establishment","King Fahd Road, Dammam",OPERATIONAL,4.7,10,26.37681616738494,49.98023504638672,808.07
12,شاهي مطانيخ,ChIJ828nWwADNj4R98CAMDtY6uo,"food, store, point_of_interest, establishment","King Fahd Road, 9XFF+95H, Dammam",OPERATIONAL,5,1,26.37681616738494,49.98023504638672,813.33
12,بيت الشاي,ChIJrzCITwADNj4RBnESXmIL5Rk,"point_of_interest, establishment","طريق الملك فهد الفرعي, 9XFF+677, Dammam",OPERATIONAL,5,1,26.37681616738494,49.98023504638672,818.88
12,ممشى العبير,ChIJs_FD0jgDNj4RhCMkaf9IYGs,"park, point_of_interest, establishment","بن عبد العزيز طريق, 3794 7966 طريق الملك فهد, Dammam",OPERATIONAL,4.6,188,26.37681616738494,49.98023504638672,827.49
12,بغاله الآداء الاخضر,ChIJuZk6KwADNj4RhdQr6RPXIio,"supermarket, grocery_or_supermarket, food, store, point_of_interest, establishment","EHAB2448، 2448 المجمعة، 6940, Dammam",OPERATIONAL,N/A,N/A,26.37681616738494,49.98023504638672,844.24
12,COFFEE MAKER,ChIJUVOSJAADNj4RC6KNukuQWjI,"cafe, food, store, point_of_interest, establishment",Dammam,CLOSED_TEMPORARILY,4.7,13,26.37681616738494,49.98023504638672,855.75
12,خبز تنور,ChIJb2HCIj0DNj4RDgLBJck5OKc,"bakery, food, store, point_of_interest, establishment",3794 طريق الملك فهد بن عبد العزيز طريق، الأمانة، الدمام 32324 7966،,OPERATIONAL,4.2,15,26.37681616738494,49.98023504638672,905.27
12,مصلى,ChIJCZncEJ4DNj4RpAjFlQYZnh8,"mosque, place_of_worship, point_of_interest, establishment",EHDA3774، 3774 زينب بنت علي، 8952، حي الأمانة، الدمام 32324،,OPERATIONAL,5,3,26.37681616738494,49.98023504638672,921.66
12,استراحة الجوهرة,ChIJwUe0QhcDNj4RynQ5wS74Lm8,"lodging, point_of_interest, establishment","حي, 3636 شارع سلمى بنت عمرو،, Dammam",OPERATIONAL,4.1,127,26.37681616738494,49.98023504638672,926.38
12,تموينات عبير الصيعري للمواد الغذائية,ChIJfc8EZXgDNj4RBqa9jhrsaQE,"supermarket, grocery_or_supermarket, food, store, point_of_interest, establishment","حي, 8722 شارع 4 ب، 3774،, Dammam",OPERATIONAL,3.2,19,26.37681616738494,49.98023504638672,936.23
12,مسجد ربيعة بن كعب,ChIJHe7ezOIDNj4RIHXiZBnU0vQ,"mosque, place_of_worship, point_of_interest, establishment","2654 33ج, EHAD6796، 6796, Dammam",OPERATIONAL,5,8,26.37681616738494,49.98023504638672,935.58
12,عصائر خمس عنبات - 5Grapes,ChIJe9hwK9ADNj4Rg8gtTF2TSrM,"food, point_of_interest, establishment","شارع أ1, Dammam",OPERATIONAL,4.9,19,26.37681616738494,49.98023504638672,954.39
12,واحة الامانة للخضار والفواكة,ChIJ48zpONcDNj4RbJ3v1xsi4rw,"grocery_or_supermarket, food, store, point_of_interest, establishment","8785 5، الأمانة، الدمام 32324 3652،،, Dammam",OPERATIONAL,4.6,5,26.37681616738494,49.98023504638672,956.65
12,صالون زينا الرجالي للحلاقة,ChIJ-cUPUm0DNj4RWFwnLbuW-4M,"hair_care, point_of_interest, establishment",Dammam,OPERATIONAL,4.2,23,26.37681616738494,49.98023504638672,956.62
12,بوفية انوار الامانة,ChIJE-01vh4DNj4RORTnDrejIuI,"restaurant, food, point_of_interest, establishment","شارع خولة بنت عمرو, Dammam",OPERATIONAL,4.1,85,26.37681616738494,49.98023504638672,958.31
13,Saudi German Hospital Dammam,ChIJ1-976MACNj4Rs3wfDb-l564,"hospital, health, point_of_interest, establishment","King Fahd Road, Dammam",OPERATIONAL,3.6,2818,26.37681616738494,49.99623504638673,487.61
13,IHCC Camp Dammam,ChIJlaocFfwDNj4R622MxRRxQyU,"lodging, point_of_interest, establishment","Unnamed Road, 9XGV+987, Dammam",OPERATIONAL,3.5,11,26.37681616738494,49.99623504638673,310.08
13,كلية البترجي الطبية - الدمام,ChIJheiOxFcDNj4R62i4xCW-3ic,"university, point_of_interest, establishment","9XFV+VJ8, Dammam",OPERATIONAL,4.5,43,26.37681616738494,49.99623504638673,321.36
13,"IHCC Site Office, Dammam",ChIJZ4QRzDgDNj4RDZZ8Zh82VvA,"general_contractor, point_of_interest, establishment","9XGV+G6F, Unnamed Road, ضاحية الملك فهد،, الدمام",OPERATIONAL,4.6,8,26.37681616738494,49.99623504638673,323.22
13,Saudi German Residence,ChIJZ3V9PgADNj4R2Sjubm4icgA,"point_of_interest, establishment","9XGV+Q3J, Dammam",OPERATIONAL,5,1,26.37681616738494,49.99623504638673,359.5
13,جوهرة الشرقية عمارة 48,ChIJG8phdAADNj4RgoRpvp6yxy4,"point_of_interest, establishment","6558 الصداوي, EHAC3634، 3634, Dammam",OPERATIONAL,1,1,26.37681616738494,49.99623504638673,428.88
13,مركز فاستراك,ChIJOU11fuYDNj4RhseJx7seonw,"school, point_of_interest, establishment","حي, EHAD2897، 2897 الفضل بن العباس، 6596, Dammam",OPERATIONAL,3.7,3,26.37681616738494,49.99623504638673,427.08
13,Ward apartment,ChIJJRCZFQADNj4RGTxCMEDl388,"lodging, point_of_interest, establishment","6594 226 ضاحية الملك فهد, EHAF3611، 3611, Dammam",OPERATIONAL,5,3,26.37681616738494,49.99623504638673,433.48
13,برج سكاي تاور,ChIJZbEsMgADNj4RkfJIpA3B3OA,"point_of_interest, establishment","6594 226 ضاحية الملك فهد, EHAF3611، 3611, Dammam",OPERATIONAL,5,2,26.37681616738494,49.99623504638673,466.38
13,برج جوهرة الشرقية,ChIJzw4jfQADNj4ROYMJZPv73MU,"point_of_interest, establishment","92H2+97G, Dammam",OPERATIONAL,1,1,26.37681616738494,49.99623504638673,480.48
13,Spring apartment,ChIJl-MhRNwDNj4RXjckeevoxGc,"lodging, point_of_interest, establishment",Dammam,OPERATIONAL,N/A,N/A,26.37681616738494,49.99623504638673,486.95
13,Circle K - Saudi German Hospital,ChIJ0SR5g_IDNj4Rvq4gaaThq9A,"convenience_store, cafe, store, restaurant, food, point_of_interest, establishment","King Fahd Road, Dammam",OPERATIONAL,4,1,26.37681616738494,49.99623504638673,502.02
13,حكيم عيون,ChIJB4YS3Kb9ST4RiMknChguOGo,"health, store, point_of_interest, establishment","23313 King Fahd Road, Dammam",OPERATIONAL,3.9,11,26.37681616738494,49.99623504638673,518.31
13,تيم هورتينز Tim Hortons,ChIJAeLuj60DNj4RrBDQHY4EFYg,"bakery, cafe, store, restaurant, food, point_of_interest, establishment","Al Amanah, Dammam",OPERATIONAL,4.3,123,26.37681616738494,49.99623504638673,519.2
13,عيادة دكتور عمرو الشريف,ChIJK52tnQQDNj4RLe-OsMhA30Q,"health, point_of_interest, establishment","مستشفى السعودي الألماني الأمانة, King Fahd Road, Dammam",OPERATIONAL,4.3,3,26.37681616738494,49.99623504638673,544.31
13,Al Othaim Park,ChIJ2ameUQADNj4RuryLd22LA-0,"shopping_mall, point_of_interest, establishment","6318 طريق الملك فهد بن عبد العزيز طريق, 2480, Dammam",OPERATIONAL,4.5,23,26.37681616738494,49.99623504638673,587.15
13,جوهرة الشرقية 57,ChIJbdZ-RAADNj4RGbUMP31jQCY,"point_of_interest, establishment","الحي العاشر, Dammam",OPERATIONAL,N/A,N/A,26.37681616738494,49.99623504638673,610.09
13,مسجد الحاره,ChIJeeyuMRsDNj4RVSk9_6QEz9A,"mosque, place_of_worship, point_of_interest, establishment","7097 يكرب, EHAD3122، 3122, Dammam",OPERATIONAL,5,3,26.37681616738494,49.99623504638673,643.22
13,Alix,ChIJ_-P6sZEDNj4RoPifqw-ziAE,"point_of_interest, establishment","King Fahd Road, Dammam",OPERATIONAL,N/A,N/A,26.37681616738494,49.99623504638673,646.42
13,بوفيه ليان السعادة الفرع (3),ChIJZUSfHPUDNj4R_Ah65X2Nq7A,"meal_takeaway, meal_delivery, restaurant, food, point_of_interest, establishment","7119 الفضل بن العباس, EHAA3477، 3477, Dammam",OPERATIONAL,4.2,206,26.37681616738494,49.99623504638673,709.75
13,مطعم ماما ليونه,ChIJmcMUSFQDNj4Rzcemhhv9TAA,"restaurant, food, point_of_interest, establishment","3477 الفضل بن العباس، 7119, Dammam",OPERATIONAL,4.2,65,26.37681616738494,49.99623504638673,710.99
13,محل زينة للسيارات,ChIJG8LNUAADNj4RWmOtbnGCrvQ,"point_of_interest, establishment","King Fahd Road, 92J2+W2Q, Dammam",OPERATIONAL,4,4,26.37681616738494,49.99623504638673,724.49
13,المشوي اللاهب,ChIJKbKiznADNj4RTBRQ9g1DZfQ,"restaurant, food, point_of_interest, establishment","King Fahd Road, Dammam",CLOSED_TEMPORARILY,3.4,52,26.37681616738494,49.99623504638673,726.54
13,فلافل يخضور,ChIJy3nFprEDNj4RtQBjV2KgGXk,"restaurant, food, point_of_interest, establishment","7119 الفضل بن العباس, EHAA3477، 3477, Dammam",OPERATIONAL,3.6,42,26.37681616738494,49.99623504638673,736.41
13,بحر الضاحية,ChIJeZQJDQADNj4RoXhvNBC0d30,"point_of_interest, establishment","3227 582 ضاحية الملك فهد, EHAC7218، 7218, Dammam",OPERATIONAL,1,2,26.37681616738494,49.99623504638673,739.89
13,مطعم هاني ابوعبدالله البخاري ( فوال نورالصباح ),ChIJu731qsIDNj4R46VLB0P7UIk,"restaurant, food, point_of_interest, establishment","حي, EHAA3477، 3477 الفضل بن العباس، 7119, Dammam",OPERATIONAL,3.5,43,26.37681616738494,49.99623504638673,744.39
13,تموينات مزايا,ChIJo2lvh9oDNj4RAhZV-b1Z0tw,"grocery_or_supermarket, store, food, point_of_interest, establishment","92J2+X4G, Dammam",OPERATIONAL,4,23,26.37681616738494,49.99623504638673,745.72
13,محطة بترو سهم,ChIJxSOQb94DNj4RPhf_763LZ9k,"gas_station, point_of_interest, establishment","7119 الفضل بن العباس, EHAA3477، 3477, Dammam",OPERATIONAL,4,115,26.37681616738494,49.99623504638673,757.38
13,Barn's | بارنز,ChIJbwyNBAADNj4RSlHu0eGuJrI,"cafe, store, food, point_of_interest, establishment","7119 الفضل بن العباس, حي, الدمام",OPERATIONAL,3,7,26.37681616738494,49.99623504638673,764.34
13,مسجد ربيعة بن كعب,ChIJHe7ezOIDNj4RIHXiZBnU0vQ,"mosque, place_of_worship, point_of_interest, establishment","2654 33ج, EHAD6796، 6796, Dammam",OPERATIONAL,5,8,26.37681616738494,49.99623504638673,773.86
13,Tea Time وقت الشاي,ChIJlZovJQADNj4R9kGbNbupQio,"restaurant, food, point_of_interest, establishment","92J2+X4G, Dammam",OPERATIONAL,N/A,N/A,26.37681616738494,49.99623504638673,781.46
13,United Pharmacy - صيدلية المتحدة,ChIJ55NPHgADNj4RJ8nfpqz8ZyI,"pharmacy, store, health, point_of_interest, establishment","Street, Abu Obaidah Ibn Al-Jarah, Dammam",OPERATIONAL,N/A,N/A,26.37681616738494,49.99623504638673,785.52
13,ارت سويت - الضاحية,ChIJa6zjetwDNj4RU5zblLn97qE,"store, food, point_of_interest, establishment","92M2+H5H, Dammam",OPERATIONAL,4.3,76,26.37681616738494,49.99623504638673,794.71
13,لابيازا,ChIJI6N3ijwDNj4REgMC1mlbOB8,"point_of_interest, establishment","حي, ابو عبيده بن الجراح، 4067, EHAF6815، 6815, الدمام",OPERATIONAL,4.5,29,26.37681616738494,49.99623504638673,794.99
13,Andes Coffee Roasters,ChIJN2eyf0ADNj4R3eqNLNl4hW0,"cafe, store, food, point_of_interest, establishment",Dammam,OPERATIONAL,4.5,206,26.37681616738494,49.99623504638673,798.67
13,استراحه الزقرت,ChIJqSRjEgADNj4RbW0Dh9pCSc8,"point_of_interest, establishment","EHAD8763، 8763 23، 2550, Dammam",OPERATIONAL,N/A,N/A,26.37681616738494,49.99623504638673,798.05
13,كيان,ChIJ3aIiNG0DNj4Rs-MUfyG_Vas,"cafe, store, food, point_of_interest, establishment","حي, 3867 7187 الفضل بن العباس, Dammam",OPERATIONAL,3.8,119,26.37681616738494,49.99623504638673,805.32
13,معجنات الشلال,ChIJX_x9dgADNj4RkSktxpTR0Tc,"bakery, store, food, point_of_interest, establishment","92J3+2CW, Dammam",OPERATIONAL,N/A,N/A,26.37681616738494,49.99623504638673,812.04
13,LAZONA ALDAHYA | لازونا الضاحية,ChIJAWlFNQADNj4R8RRoJCgGbZw,"restaurant, food, point_of_interest, establishment","92J3+2CW, Dammam",OPERATIONAL,3.8,89,26.37681616738494,49.99623504638673,818.71
13,مكتب بن سفر للعقارات,ChIJbQ1ZIwADNj4RSjqy4_TYe6Y,"point_of_interest, establishment","EHAA8726، 8726 19، 3598, Dammam",OPERATIONAL,N/A,N/A,26.37681616738494,49.99623504638673,812.4
13,غريب,ChIJvdfhOAADNj4RmsIUXFcmsnc,"cafe, store, food, point_of_interest, establishment","7144 الحديثة, EHAF3890، 3890, Dammam",OPERATIONAL,5,1,26.37681616738494,49.99623504638673,822.88
13,شاي طبطبه,ChIJGczXlBoDNj4RY-m8QI8aQQA,"point_of_interest, establishment","شارع أبو عبيدة بن الجراح, Dammam",OPERATIONAL,N/A,N/A,26.37681616738494,49.99623504638673,828.38
13,مخيم الشاذلية,ChIJQRFOFMMDNj4Re0VRQUIEwmo,"point_of_interest, establishment","قريب من الجامعية العربية, King Fahd Road, Dammam",OPERATIONAL,4.5,6,26.37681616738494,49.99623504638673,823.08
13,اندومي ستايشن | Indomi Station,ChIJK3q_T40DNj4RIcUrQIG8k70,"restaurant, food, point_of_interest, establishment","الحي العاشر, Dammam",CLOSED_TEMPORARILY,5,8,26.37681616738494,49.99623504638673,829.23
13,حلا حمامة,ChIJL53mr6MDNj4RnO_ZsOnA97o,"cafe, store, food, point_of_interest, establishment","الحي العاشر, Dammam",OPERATIONAL,N/A,N/A,26.37681616738494,49.99623504638673,829.87
13,فحم وحطب مستورد بجميع انواعه,ChIJ80k-fTUDNj4R8KXY8Khl4cg,"point_of_interest, establishment",Dammam,OPERATIONAL,N/A,N/A,26.37681616738494,49.99623504638673,832.21
13,هول بين,ChIJ74aTOkwDNj4RGgSYE4focrs,"cafe, store, food, point_of_interest, establishment","شارع ابو عبيده بن الجراح, Dammam",OPERATIONAL,4.8,89,26.37681616738494,49.99623504638673,832.14
13,شتوية الفرس,ChIJJwjHCwADNj4RvNKFbvLCofg,"park, point_of_interest, establishment","6619 King Fahd Ibn Abd Al Aziz, EHAD3944, 3944, Dammam",OPERATIONAL,4.6,10,26.37681616738494,49.99623504638673,834.48
13,جلسات شتويه الصقر,ChIJrfnfGQADNj4RGL4TOmT7fv8,"point_of_interest, establishment","9244 عبدالوهاب الخفاف, EHAD3365، 3365, Dammam",OPERATIONAL,5,1,26.37681616738494,49.99623504638673,834.45
13,جلسات شتويه الصقر,ChIJ8eeURAADNj4Rp5Kp7a1Wuaw,"cafe, store, food, point_of_interest, establishment","9244 عبدالوهاب الخفاف, EHAD3365، 3365, Dammam",OPERATIONAL,4.5,4,26.37681616738494,49.99623504638673,834.45
13,From Here,ChIJFZb42DUDNj4Rmc2cbOcB5B0,"cafe, food, point_of_interest, establishment","شارع ابو عبيدة بن الجراح, Dammam",OPERATIONAL,5,5,26.37681616738494,49.99623504638673,835.67
13,مركز هيا نتعلم let’s learn,ChIJnYLl3SMDNj4RM3x5SfFldV8,"school, point_of_interest, establishment",Dammam,OPERATIONAL,4.1,33,26.37681616738494,49.99623504638673,838.91
13,فود تراك طبطبه,ChIJe5jTHgADNj4Rmw3LltayPlw,"restaurant, food, point_of_interest, establishment","92M2+5FH, Dammam",OPERATIONAL,4.8,21,26.37681616738494,49.99623504638673,841.31
13,حدائق الانجاز,ChIJwSeb0ykDNj4RY6ptKWHMznk,"general_contractor, point_of_interest, establishment","King Fahd Road, Dammam",OPERATIONAL,4.1,9,26.37681616738494,49.99623504638673,843.53
13,baby shark playground مركز القرش الصغير للترفيه,ChIJS4C-NXUDNj4RViFw1jfnupE,"point_of_interest, establishment","ابو عبيدة بن الجراح, Dammam",OPERATIONAL,4.8,10,26.37681616738494,49.99623504638673,851.79
13,Al-Ghadeer Pharmacy7 صيدلية الغدير,ChIJATSrOsL9ST4RVMAk5IvvWbc,"pharmacy, store, health, point_of_interest, establishment","الحي العاشر شارع الندوة, Dammam",OPERATIONAL,4,53,26.37681616738494,49.99623504638673,873.58
13,بطاطس وبليله نوره,ChIJ_aJDIUADNj4RuY8eHN33Y7M,"food, point_of_interest, establishment","92M2+H5H, Dammam",OPERATIONAL,5,44,26.37681616738494,49.99623504638673,895.78
13,برج Zain,ChIJ_6HNBAADNj4R5DOv7WZS_3Q,"point_of_interest, establishment","2971 حبيب الفهدي, 7333, Dammam",OPERATIONAL,3.7,3,26.37681616738494,49.99623504638673,898.43
14,Arab Open University,ChIJJ8uJlRX8ST4R_Xyadv_IiVc,"university, point_of_interest, establishment",Dammam,OPERATIONAL,3.4,365,26.37681616738494,50.01223504638672,80.48
14,The Grand ذا جراند | رتال‎,ChIJEbpfE-UDNj4Rxr9Nt5uXQvY,"general_contractor, point_of_interest, establishment","92G6+RG, Dammam",OPERATIONAL,N/A,N/A,26.37681616738494,50.01223504638672,96.03
14,ونتر بلو,ChIJN_8j6kgDNj4RFkFo8V3x6Zc,"point_of_interest, establishment","King Fahd Road, Dammam",CLOSED_TEMPORARILY,4.7,32,26.37681616738494,50.01223504638672,280.56
14,طعميه ٩٩,ChIJTWlzdwD9ST4R8WXK0q441yw,"restaurant, food, point_of_interest, establishment","Imam Mohammed Bin Saud Street, Dammam",OPERATIONAL,3.4,39,26.37681616738494,50.01223504638672,295.13
14,جوول ماركت,ChIJSxQIKQADNj4RRiAzoPYHy7w,"supermarket, grocery_or_supermarket, store, food, point_of_interest, establishment","92J6+2G2, Dammam",OPERATIONAL,3.9,15,26.37681616738494,50.01223504638672,353.49
14,Krispy kreme,ChIJq4FFfAADNj4Rqqmtm__UFak,"cafe, store, food, point_of_interest, establishment","92J6+2G2, Dammam",OPERATIONAL,3.9,11,26.37681616738494,50.01223504638672,367.3
14,صراف بنك البلاد,ChIJGU6A9uADNj4RJKBYtSwwjYA,"atm, finance, point_of_interest, establishment","92J6+4P, Dammam",OPERATIONAL,N/A,N/A,26.37681616738494,50.01223504638672,383.46
14,KFC,ChIJ0_86ZQADNj4R-_eT6RmCNWY,"restaurant, food, point_of_interest, establishment","King Fahd Road, Dammam",OPERATIONAL,4.2,110,26.37681616738494,50.01223504638672,384.52
14,Hardees,ChIJL8XwFQADNj4RVAkFB72eLGA,"restaurant, food, point_of_interest, establishment",Dammam,OPERATIONAL,4.1,98,26.37681616738494,50.01223504638672,384.63
14,McDonald's,ChIJC2up0ukDNj4RR_GsiVLH1-k,"restaurant, food, point_of_interest, establishment","Gas Station, Dammam",OPERATIONAL,3.8,1003,26.37681616738494,50.01223504638672,388.61
14,مزاج مغربي,ChIJUw5acQADNj4RPfV4dgaAmiM,"cafe, store, food, point_of_interest, establishment","طريق المطار, Dammam",OPERATIONAL,4.1,29,26.37681616738494,50.01223504638672,389.66
14,AUDI Charging Station,ChIJyTAwagADNj4R8XwEsnLDnUM,"point_of_interest, establishment","King Fahd Ibn Abdul Aziz Rd, 7001 King Fahd Road King Fahd Suburb, الدمام",OPERATIONAL,1,1,26.37681616738494,50.01223504638672,392.23
14,Jemuel the Barista.,ChIJodVxFsIDNj4RcTW1W7kL5AQ,"point_of_interest, establishment","King Fahd Road, Dammam",OPERATIONAL,4.5,53,26.37681616738494,50.01223504638672,397.31
14,GO Station,ChIJvUB-rBsDNj4RHNo_FEZtB_o,"gas_station, point_of_interest, establishment","King Fahd Road, Dammam",OPERATIONAL,4.3,1108,26.37681616738494,50.01223504638672,400.98
14,Petromin Express,ChIJ-RGK8-sDNj4RH5zTE9hV2Xo,"car_wash, car_repair, store, point_of_interest, establishment",Dammam,OPERATIONAL,4.6,105,26.37681616738494,50.01223504638672,409.14
14,Go mart سوبرماركت,ChIJx5jiDCMDNj4RmyXa-hTm0uQ,"supermarket, grocery_or_supermarket, store, food, point_of_interest, establishment",4545 ابو الفادية الجهني، ضاحية الملك فهد، الدمام 32313 7001،,OPERATIONAL,3.6,65,26.37681616738494,50.01223504638672,409.33
14,ع,ChIJl_e17K0DNj4RE-d4jU7IS7c,"meal_takeaway, restaurant, food, point_of_interest, establishment",4545 ابو الفادية الجهني، ضاحية الملك فهد، الدمام 32313 7001،,OPERATIONAL,2.3,64,26.37681616738494,50.01223504638672,413.55
14,Electromin Charging Station,ChIJA4hJ_HIDNj4RgC0s9_OBcks,"point_of_interest, establishment",Dammam,OPERATIONAL,3,2,26.37681616738494,50.01223504638672,415.18
14,Dunkin' - دانكن,ChIJqTtdhWsDNj4RkUROZ_oCrZg,"cafe, store, food, point_of_interest, establishment","4762, الدمام",OPERATIONAL,4,669,26.37681616738494,50.01223504638672,417.16
14,OVS Kids,ChIJj6NAg-sDNj4RiVes4dumLF0,"department_store, clothing_store, store, point_of_interest, establishment","King Fahd Road, Al Rashid Mall, F113 to F114 1st floor, أبهاAbha",OPERATIONAL,1,1,26.37681616738494,50.01223504638672,418.34
14,sasintl,ChIJ17Zq-6MCNj4RQoSxWI2tc14,"point_of_interest, establishment","3rd Floor, Office No.435, King Fahad Road, Al-Hezam Elthahabi District Al-Khobar Mall, Al Khobar",OPERATIONAL,N/A,N/A,26.37681616738494,50.01223504638672,418.34
14,النخبة الاولى للسيارات - Elite Car,ChIJMV62KIEDNj4Rlk_JbjZznQs,"car_rental, point_of_interest, establishment","King Fahd Road, Dammam",OPERATIONAL,2.2,5,26.37681616738494,50.01223504638672,418.34
14,FCA US LLC.,ChIJ17Zq-6MCNj4Req3GGNmv3fQ,"car_dealer, store, point_of_interest, establishment","South Raka, King Fahd Road, الخبر",OPERATIONAL,5,2,26.37681616738494,50.01223504638672,418.34
14,Business Gate Dammam,ChIJecuOUU4DNj4R0N7ZMirQoF8,"point_of_interest, establishment","King Fahd Road, 92J7+57X, Dammam",OPERATIONAL,N/A,N/A,26.37681616738494,50.01223504638672,418.34
14,Ratan Complex,ChIJGeQ0WQQDNj4RgvfAAu_lM3M,"point_of_interest, establishment","King Fahd Road, 92J7+57X, Al Khobar",OPERATIONAL,N/A,N/A,26.37681616738494,50.01223504638672,418.34
14,IMT IDRESS Trading Est,ChIJ1XuhKisDNj4RVIlQxbjXo60,"car_repair, store, point_of_interest, establishment","King Fahd Road, Ghirnatah,Dammam 32245 King Fahd Road, Ghirnatah, Dammam 32245",OPERATIONAL,1,1,26.37681616738494,50.01223504638672,418.34
14,بدجت المتحدة الدولية للمواصلات,ChIJIX6XvZL8ST4RsYfnAASda8k,"car_rental, point_of_interest, establishment","طريق الملك فهد، حي, Dammam",OPERATIONAL,3.6,71,26.37681616738494,50.01223504638672,418.34
14,UBSS,ChIJ4yx1KpQDNj4RBilqRnE29KQ,"point_of_interest, establishment","King Fahd Road, Dammam",OPERATIONAL,N/A,N/A,26.37681616738494,50.01223504638672,418.34
14,Gulf Sparrows Trading Est.,ChIJtXoO8JYDNj4ReEHw-EzzbCI,"store, point_of_interest, establishment","King Fahd Road, Aklam Bin Saifi Street, Al Khalidiya Besides, Dammam",OPERATIONAL,5,1,26.37681616738494,50.01223504638672,418.34
14,Bathroom,ChIJx0GEdAADNj4R-XzoAA4hM2U,"point_of_interest, establishment","7001 ابو الفادية الجهني, 4545, الدمام",OPERATIONAL,N/A,N/A,26.37681616738494,50.01223504638672,421.26
14,افضل وجبه Best meal,ChIJFz4cQwADNj4R9lcmpkrod3E,"restaurant, food, point_of_interest, establishment","7001 ابو الفادية الجهني, 4545, الدمام",OPERATIONAL,4,4,26.37681616738494,50.01223504638672,424.51
14,Shawarmer | شاورمر,ChIJ62Br1LwDNj4RCXl-Bq1qwrQ,"restaurant, food, point_of_interest, establishment",Dammam,OPERATIONAL,4.8,1209,26.37681616738494,50.01223504638672,428.99
14,بنشر رادس,ChIJYY9JOAsDNj4R6A6SeWWTRO4,"car_repair, point_of_interest, establishment",4545 ابو الفادية الجهني، ضاحية الملك فهد، الدمام 32313 7001،,OPERATIONAL,4.6,9,26.37681616738494,50.01223504638672,431.33
14,كهربائي سيارات وتعبئة فريون,ChIJrx5iHAADNj4RAPM3kqiLSds,"car_repair, point_of_interest, establishment","7001 ابو الفادية الجهني, 4545, Dammam",OPERATIONAL,2,2,26.37681616738494,50.01223504638672,433.41
14,كاركير فرع معارض السيارات - CarCare,ChIJE2QCS20DNj4RFQiUA9rUInE,"car_wash, point_of_interest, establishment","7001 ابو الفادية الجهني, 4545, Dammam",OPERATIONAL,4.3,32,26.37681616738494,50.01223504638672,444.3
14,ايس لاب,ChIJT1pzufcDNj4RmP_RQtHwsDs,"store, food, point_of_interest, establishment","7001 طريق الملك فهد بن عبد العزيز, 4762, Dammam",OPERATIONAL,5,70,26.37681616738494,50.01223504638672,453.64
14,استكانة كدم,ChIJk6T9_qcDNj4RljJj8ieFbhw,"cafe, store, food, point_of_interest, establishment",4180، ضاحية الملك فهد، الدمام 32313 6814،,OPERATIONAL,4.6,64,26.37681616738494,50.01223504638672,456.39
14,Mofarreh AlHarbi & Partners,ChIJV-QmbwADNj4Rg-Uv5MYKHWo,"general_contractor, point_of_interest, establishment","King Fahd Ibn Abd Al Aziz, EDDA6971, الدمام",OPERATIONAL,N/A,N/A,26.37681616738494,50.01223504638672,471.29
14,MotorFix Al khobar,ChIJ53IdsIoDNj4RYKVBrmW_akQ,"store, point_of_interest, establishment","King Fahd Road, Al Khobar",OPERATIONAL,N/A,N/A,26.37681616738494,50.01223504638672,477.9
14,المطعم الريفي,ChIJWQ48UwADNj4R48m5-SN3_S0,"night_club, point_of_interest, establishment","92H5+P7G, Dammam",OPERATIONAL,5,3,26.37681616738494,50.01223504638672,511.0
14,رواق,ChIJEQ63zBMDNj4R0nhcz6FypWU,"point_of_interest, establishment","بعد محطة قو, طريق المطار, Dammam",OPERATIONAL,4.5,31,26.37681616738494,50.01223504638672,511.02
14,شاي بارز,ChIJwaWu5NMDNj4R86yE1ruztws,"store, food, point_of_interest, establishment","طريق المطار, Dammam",CLOSED_TEMPORARILY,4.9,19,26.37681616738494,50.01223504638672,541.29
14,شاهي ابو يوسف,ChIJ4VXNOAADNj4R6kVie5siG08,"cafe, store, food, point_of_interest, establishment","King Fahd Road, 92H4+4MX, Dammam",OPERATIONAL,5,4,26.37681616738494,50.01223504638672,560.58
14,شاي الفخار,ChIJ38kNsogDNj4RD64xu9P_Z1g,"point_of_interest, establishment","الملك فهد, بالقرب من المستشفى الالماني, Dammam",OPERATIONAL,4.5,44,26.37681616738494,50.01223504638672,564.94
14,جلسات خالديات,ChIJQeurfQADNj4RNHA6WxnexA4,"cafe, store, food, point_of_interest, establishment","6701 King Fahd Road, EHAA4114، 4114, Dammam",CLOSED_TEMPORARILY,3.8,10,26.37681616738494,50.01223504638672,574.89
14,Sahayeb data center 2,ChIJJ6DZNwADNj4R6dHo6YvX_5s,"storage, point_of_interest, establishment","8673, 4077, الدمام",OPERATIONAL,5,1,26.37681616738494,50.01223504638672,574.48
14,فود ترك iris,ChIJuYcoQ8kDNj4RNl1_QB1MdPk,"cafe, store, food, point_of_interest, establishment","92H4+5F، ضاحية الملك فهد، الدمام 32313،, Dammam",CLOSED_TEMPORARILY,4.3,3,26.37681616738494,50.01223504638672,578.67
14,برحة السبيعات,ChIJgRACx08DNj4RXMwnBy34kUU,"car_repair, point_of_interest, establishment","6911 الخفجي, EHAA4381، 4381, Dammam",OPERATIONAL,5,4,26.37681616738494,50.01223504638672,580.14
14,لفائف الورق لاعادة تدوير الورق والمخلفات,ChIJ7RX0LQADNj4RkPc9xjBIkUc,"storage, point_of_interest, establishment","EHAC9242 3، 4658, Dammam",OPERATIONAL,5,5,26.37681616738494,50.01223504638672,583.02
14,وايت ليون ( white lion ),ChIJa21SslQDNj4RL9SwCgIvhqM,"cafe, store, food, point_of_interest, establishment","92H4+5GF, Dammam",OPERATIONAL,4.6,11,26.37681616738494,50.01223504638672,605.44
14,فود ترك سكر زيادة,ChIJPVtQYwYDNj4RVwRHBY9n4eY,"cafe, store, food, point_of_interest, establishment","92H4+5F, Dammam",OPERATIONAL,4.6,24,26.37681616738494,50.01223504638672,613.12
14,Quality Crown Est,ChIJ4TML4_kDNj4RRx9pfe8vZpQ,"storage, point_of_interest, establishment","92F9+V53, Dammam",OPERATIONAL,N/A,N/A,26.37681616738494,50.01223504638672,617.55
14,Ideal Development Services Contracting,ChIJ68tqYgADNj4RUGW38AykItw,"storage, point_of_interest, establishment","92F8+2W9, Dammam",OPERATIONAL,N/A,N/A,26.37681616738494,50.01223504638672,697.38
14,Oil Goods Well Services OGWS,ChIJ4afncwADNj4RopaxCQ6wOl8,"storage, point_of_interest, establishment","92C8+XWW, Dammam",OPERATIONAL,4.5,2,26.37681616738494,50.01223504638672,698.11
14,Ayana Luxury Villas فلل ايانا الفاخرة,ChIJ1TYICe0DNj4RNtCoRjIe9dE,"point_of_interest, establishment","Opposite Saudi German Hospital Near Arab Open University King Fahd Road (Airport Road Al Anwar, الدمام",OPERATIONAL,4.6,8,26.37681616738494,50.01223504638672,716.18
14,جلسات شتويه الصقر,ChIJ_TgfOQADNj4R5DJn0oedxe4,"point_of_interest, establishment","EHAA9113، 9113 14، 3456, Dammam",OPERATIONAL,N/A,N/A,26.37681616738494,50.01223504638672,717.41
14,ورشة تساوي,ChIJG-AMt_ADNj4RCMFPEPWkpuE,"general_contractor, point_of_interest, establishment","92F4+88P, Dammam",OPERATIONAL,5,6,26.37681616738494,50.01223504638672,756.11
14,حدائق الانجاز,ChIJwSeb0ykDNj4RY6ptKWHMznk,"general_contractor, point_of_interest, establishment","King Fahd Road, Dammam",OPERATIONAL,4.1,9,26.37681616738494,50.01223504638672,759.57
15,مدارس رياض المملكة الأهلية,ChIJzVSwalD9ST4RHZjFIHRPObc,"school, point_of_interest, establishment","7693 عامر بن امية, Dammam",OPERATIONAL,3.7,35,26.37681616738494,50.028235046386726,238.39
15,ملاعب المنافسة,ChIJF35d71r9ST4RTHcg1xVIRlk,"point_of_interest, establishment","Zeid Ibn Harethah, Dammam",OPERATIONAL,4.2,372,26.37681616738494,50.028235046386726,543.81
15,محطة الفحص الدوري للسيارات - Motor Vehicles Periodic Inspection,ChIJuVIKck39ST4RrGviLrXJjSA,"car_repair, point_of_interest, establishment","Abu Al Hasan Al Tawsy Street, Dammam",OPERATIONAL,3.5,18573,26.37681616738494,50.028235046386726,459.15
15,Tilal Alteen General contracting Eat.,ChIJcT4sY7LiST4RK0E2SI1K4HM,"real_estate_agency, point_of_interest, establishment","2792, Dammam",OPERATIONAL,4,4,26.37681616738494,50.028235046386726,982.21
15,بيلو للاغذية والتموين - Bello,ChIJ1boabST9ST4R0aUhBK1o56I,"restaurant, food, point_of_interest, establishment","Saad Ibn Malik Street, Dammam",OPERATIONAL,3.9,26,26.37681616738494,50.028235046386726,60.15
15,Smiles for the processing of concerts,ChIJy0s6IE79ST4RkcJ5Ihb0_W8,"point_of_interest, establishment","92GH+MMJ, Dammam",OPERATIONAL,5,2,26.37681616738494,50.028235046386726,91.54
15,مقصف سطام,ChIJH7oYKH79ST4Rc5nFGpeom9k,"point_of_interest, establishment","Abu Ubaidah Aljarrah Road, Dammam",OPERATIONAL,4.4,63,26.37681616738494,50.028235046386726,96.77
15,صالون الرجل المُلفت,ChIJz1dRHgD9ST4RXTcq7qyVlcs,"health, hair_care, point_of_interest, establishment","Abu Ubaidah Aljarrah Road, 92GH+JMP, Dammam",OPERATIONAL,3.5,11,26.37681616738494,50.028235046386726,99.15
15,Bin Sultan Hall,ChIJtX-PKU79ST4RSci3xCI2b8Q,"point_of_interest, establishment","Saad Ibn Malik Street, Dammam",OPERATIONAL,4.4,1897,26.37681616738494,50.028235046386726,114.8
15,Wedding Authenticator,ChIJwfa_vkr9ST4Rs5KhYM_rESs,"point_of_interest, establishment","33أ، 2560،, EDSF7575، 7575, Dammam",OPERATIONAL,5,3,26.37681616738494,50.028235046386726,130.2
15,JGB GROUND,ChIJd0ZYPgD9ST4Rm0Ia7eXvsLI,"point_of_interest, establishment","7499 أبو الوليد بن رشد, EDSD2510, 2510, الدمام",OPERATIONAL,N/A,N/A,26.37681616738494,50.028235046386726,160.94
15,صالون الزاوية المميزة,ChIJmwMX3Lj9ST4R0zB2AB21o2Q,"health, hair_care, point_of_interest, establishment","2794 Abu Ubaidah Amir Ibn Al Jarah, 7415, الدمام",OPERATIONAL,4.6,9,26.37681616738494,50.028235046386726,162.91
15,مؤسسة مواسم الخيرللمظلات والاشرعة,ChIJ24KES7v9ST4RrGAOKKy4-UY,"point_of_interest, establishment","ابوعبيدة بن عامر بن الجراح, Dammam",OPERATIONAL,N/A,N/A,26.37681616738494,50.028235046386726,166.74
15,اخيس صالون,ChIJUXV4tN39ST4RxPwg2UkIh6g,"point_of_interest, establishment","2806 ابو عبيدة عامر بن الجراح،, 7399, Dammam",OPERATIONAL,3,2,26.37681616738494,50.028235046386726,177.31
15,بقالة الطلاسي,ChIJ9WIJZAf9ST4RA3Avdx6ZGnU,"grocery_or_supermarket, store, food, point_of_interest, establishment","2806 ابو عبيدة عامر بن الجراح،, 7399, Dammam",OPERATIONAL,3.9,32,26.37681616738494,50.028235046386726,177.62
15,Bushra Palace for celebrations,ChIJ1fo4JVD9ST4RmuS0YOgZVDE,"point_of_interest, establishment","شاليهات بورتو, Dammam",OPERATIONAL,4,281,26.37681616738494,50.028235046386726,187.69
15,نظرة رائعة للحلاقة الرجالية,ChIJlTz6_Hz9ST4R6xTGbkKH678,"health, hair_care, point_of_interest, establishment","طريق ابو عبيدة بن الجراح, Dammam",OPERATIONAL,3,1,26.37681616738494,50.028235046386726,194.19
15,قاعة الملكية,ChIJrTjY1k_9ST4RLi3J2M9r-WA,"point_of_interest, establishment","2769 ابو عثمان بن غالب, 7664, Dammam",OPERATIONAL,3.9,38,26.37681616738494,50.028235046386726,203.66
15,بشرى ستايل للمستلزمات الأفراح,ChIJ8_d410_9ST4RMLincSxiG2A,"store, point_of_interest, establishment","92HH+9MW, Dammam",OPERATIONAL,5,4,26.37681616738494,50.028235046386726,208.69
15,شاليهات بورتو,ChIJdRgBcfX9ST4RmtBUbFg-hxo,"lodging, point_of_interest, establishment",2769 ابو عثمان بن غالب، المنار، الدمام 32274 7664،,OPERATIONAL,4.2,155,26.37681616738494,50.028235046386726,218.29
15,Nasem Al Sharq Food Stuff,ChIJZ6fTufr9ST4RJPeJKVBefwY,"grocery_or_supermarket, store, food, point_of_interest, establishment","7353 Abu Ubaidah Aljarrah Road, Dammam",OPERATIONAL,N/A,N/A,26.37681616738494,50.028235046386726,225.95
15,Best Energy Company - Al Manar Office,ChIJXZUc4U39ST4RqrE3p7OPW0I,"point_of_interest, establishment","7353 ابو عبيدة عامر بن الجراح, Dammam",OPERATIONAL,4.2,11,26.37681616738494,50.028235046386726,234.61
15,استراحة ابوعماد,ChIJp_xp2cX9ST4RmeE9eV1t-40,"point_of_interest, establishment","10, 92HH+GJG, Dammam",OPERATIONAL,N/A,N/A,26.37681616738494,50.028235046386726,237.27
15,Hafil Depot Dammam,ChIJo98QEgD9ST4ROFYMiNzquKM,"point_of_interest, establishment","92FG+XR8, Dammam",OPERATIONAL,N/A,N/A,26.37681616738494,50.028235046386726,239.3
15,Bab Bukhokha Restaurants & Kitchens,ChIJv_fw3U39ST4RnQaEap6VL3U,"restaurant, food, point_of_interest, establishment","طريق أبي عبيدة عامر بن الجراح, Dammam",OPERATIONAL,3.9,1332,26.37681616738494,50.028235046386726,258.33
15,حلاق الفضي,ChIJh0ScVgP9ST4RtTAE8l-pFH8,"health, hair_care, point_of_interest, establishment","2865 ابو عبيدة عامر بن الجراح, EDSC7321، 7321, Dammam",OPERATIONAL,5,5,26.37681616738494,50.028235046386726,259.07
15,مرعي لزينة السيارات,ChIJW6n4CAD9ST4RMbO5ih17Y3E,"car_repair, point_of_interest, establishment","حي, Dammam",OPERATIONAL,5,6,26.37681616738494,50.028235046386726,265.97
15,مؤسسة حيدر لزينة السيارات,ChIJY5m5DAD9ST4R6jndimYdrPM,"car_repair, point_of_interest, establishment","حي, Dammam",OPERATIONAL,5,8,26.37681616738494,50.028235046386726,265.97
15,بوفيه صباح المنار,ChIJGZj7k8z9ST4RUdv-sm_WWrI,"restaurant, food, point_of_interest, establishment","EDSC7321، 7321 ابو عبيدة عامر بن الجراح، 2865، حي المنار،, Dammam",OPERATIONAL,4.6,18,26.37681616738494,50.028235046386726,269.47
15,لمسات التميز للعنايه بالسيارات NBZ,ChIJlSpY86z9ST4R6b_xlePRH4g,"point_of_interest, establishment",الدمام,OPERATIONAL,5,6,26.37681616738494,50.028235046386726,289.95
15,قهوجيه الدمام الخبر الجبيل الظهران,ChIJs3fwu3j9ST4RZEHmeI4GKX0,"cafe, store, food, point_of_interest, establishment","92HG+HG5, Dammam",OPERATIONAL,N/A,N/A,26.37681616738494,50.028235046386726,296.56
15,قاعه المملكه,ChIJ10hnbVD9ST4RjuT8sE8-P7U,"point_of_interest, establishment",Dammam,OPERATIONAL,3.9,368,26.37681616738494,50.028235046386726,311.93
15,منتجع وشاليهات S5 البيوت الريفية,ChIJbZTWo939ST4RED12q5HtVrM,"lodging, point_of_interest, establishment","حي, EDSB2894، 2894 سعد بن مالك، 7681, Dammam",OPERATIONAL,4.4,715,26.37681616738494,50.028235046386726,313.73
15,نادي أفذاذ,ChIJN59w8vv9ST4RaykaSNTPoUU,"point_of_interest, establishment","92HH+QXX, Dammam",OPERATIONAL,N/A,N/A,26.37681616738494,50.028235046386726,326.45
15,الديمة للمناسبات,ChIJ2x6VhBT9ST4RIs2G8uvbvCU,"lodging, point_of_interest, establishment","2857 7730 Abu Uthman Ibn Ghalib, Dammam",OPERATIONAL,3.9,89,26.37681616738494,50.028235046386726,328.71
15,ميما,ChIJt5kQwqH9ST4R1dLzZwO6Ysw,"beauty_salon, point_of_interest, establishment","أبو عبيدة عامر بن الجراح, Dammam",OPERATIONAL,4.3,138,26.37681616738494,50.028235046386726,330.03
15,أكاديمية واثب,ChIJE1IyUfr9ST4R0G_BIh6yc70,"point_of_interest, establishment","7730 ابو عثمان بن غالب, EDSE2857، 2857, Dammam",OPERATIONAL,4.2,29,26.37681616738494,50.028235046386726,334.23
15,مغسلة تفاني,ChIJ09oyoBn9ST4R4LrkiVhVSYM,"laundry, point_of_interest, establishment","7811 Abu Ubaidah Aljarrah Road, Dammam",OPERATIONAL,3.8,17,26.37681616738494,50.028235046386726,338.0
15,غنى الورد 2 (sing roses ),ChIJ-7IXek37ST4RAC9E-_fQnls,"florist, store, point_of_interest, establishment","7811 Abu Ubaidah Aljarrah Road, Dammam",OPERATIONAL,4.2,32,26.37681616738494,50.028235046386726,338.0
15,استراحة ماس بارك,ChIJh2H26U_9ST4Rep_ihDEC6GE,"lodging, point_of_interest, establishment","92HH+QXX, Dammam",OPERATIONAL,4,328,26.37681616738494,50.028235046386726,342.25
15,عروق الورد,ChIJQfmKMgD9ST4RGjPgFk-8KY8,"florist, store, point_of_interest, establishment","Abu Ubaidah Aljarrah Road, Dammam",OPERATIONAL,4.9,33,26.37681616738494,50.028235046386726,347.28
15,ولاية زهران العناصي,ChIJvUQfIAD9ST4RSC1cYlrVDqs,"secondary_school, school, point_of_interest, establishment","2463 Abu Ubaidah Aljarrah Road, EDSD7752، 7752, Dammam",OPERATIONAL,N/A,N/A,26.37681616738494,50.028235046386726,352.01
15,شاي قرمز,ChIJqVtKStH9ST4R3FtFq3ec9g0,"cafe, store, food, point_of_interest, establishment","حي, Dammam",OPERATIONAL,4.4,308,26.37681616738494,50.028235046386726,359.91
15,vip plus,ChIJx12j1Qv9ST4RiMlJP_gSHz8,"cafe, store, food, point_of_interest, establishment","7761 ابو عبيدة عامر بن الجراح، EDSD7761، 2548, Dammam",OPERATIONAL,4.2,9,26.37681616738494,50.028235046386726,369.39
15,قاعة بن حمدان للمناسبات,ChIJf9vq54j9ST4RYbrFT5q1bDM,"point_of_interest, establishment",Dammam,OPERATIONAL,3.9,104,26.37681616738494,50.028235046386726,373.24
15,Amber Chocolate & Pastries حلويات آمبر,ChIJ_yxh8aT9ST4RM2_g6P6iQ_Q,"store, food, point_of_interest, establishment","شارع ابو عبيدة بن عامر الجراح, Dammam",OPERATIONAL,4.7,60,26.37681616738494,50.028235046386726,373.0
15,جامع المؤمنين بحي المنار بالدما / ابو ناصر فهد القرني,ChIJj5HLLyj9ST4RXNXOf5m3AgA,"school, point_of_interest, establishment",3047 30، المنار الدمام 32274,OPERATIONAL,4.6,13,26.37681616738494,50.028235046386726,394.27
15,إستراحة مدهال للمناسبات,ChIJq3Djmlr9ST4RwDccwQR-J4w,"point_of_interest, establishment",Dammam,OPERATIONAL,3.9,172,26.37681616738494,50.028235046386726,393.48
15,Haif Palace Convention Center,ChIJp2IClVH9ST4RW9lb2tIkD-s,"point_of_interest, establishment","2544 Abu Al Walid Ibn rushd, Dammam",OPERATIONAL,4.1,304,26.37681616738494,50.028235046386726,395.6
15,نادي المنطقة الشرقية لرياضة ذوي الاحتياجات الخاصة,ChIJO4isvVr9ST4RP_5F3YyO5yA,"gym, health, point_of_interest, establishment","2629 ثابت بن قمرة،, 7‏إشتراك نادي, Dammam",OPERATIONAL,4.2,100,26.37681616738494,50.028235046386726,406.74
15,لوبد نقل معدات ثقيلة,ChIJF92G2VP9ST4RRKvse-r9K5Y,"moving_company, point_of_interest, establishment","2544 Abu Al Walid Ibn rushd, Dammam",OPERATIONAL,4.3,31,26.37681616738494,50.028235046386726,404.71
15,تجاره عمار,ChIJ8_o7pQv9ST4RzSngHtuWUwU,"point_of_interest, establishment","92JH+4QP, Dammam",OPERATIONAL,N/A,N/A,26.37681616738494,50.028235046386726,409.05
15,Alshallaliah rest house استراحة الشلالية,ChIJc-a_k0_9ST4RfrGaAh_BkxE,"point_of_interest, establishment","2874 ابو عثمان بن غالب, Dammam",OPERATIONAL,4.9,10,26.37681616738494,50.028235046386726,412.08
15,شركة حافل للنقل المدرسي,ChIJyxgYQRP9ST4RIGlnBOvGuq8,"point_of_interest, establishment",2404 طريق ابو حدرية، المنار، الدمام 32274 7099،,OPERATIONAL,3.7,23,26.37681616738494,50.028235046386726,410.9
15,النادي الصيفي المدرسي,ChIJk_ekWAD9ST4Rr-IKmp1ftjg,"point_of_interest, establishment","7888 ثابت بن قمرة, 2629, Dammam",OPERATIONAL,2,2,26.37681616738494,50.028235046386726,415.46
15,Nepal passport renewal cente,ChIJee-p3Q39ST4RFH_ePG1TwCk,"local_government_office, point_of_interest, establishment","7852 شارع عامر بن أمية, EDSA2813, 2813, الدمام",OPERATIONAL,3.2,5,26.37681616738494,50.028235046386726,416.68
15,طالب,ChIJ-Zi0eQD9ST4RIvA95OmGd2w,"primary_school, school, point_of_interest, establishment","7099 طريق ابو حدرية, 2404, Dammam",OPERATIONAL,N/A,N/A,26.37681616738494,50.028235046386726,424.49
15,قاعة الرمال الذهبية,ChIJ7ehpsTX9ST4RZ7vLjWJJniI,"point_of_interest, establishment","حي, Dammam",OPERATIONAL,4.1,80,26.37681616738494,50.028235046386726,430.02
>>>>>>> 04323a617e62293df4b0b221de0cec368d16d561
